price,description,location,num_of_bedrooms,num_of_bathrooms,material_grade,structural_changes,type_of_renovation,sqft_renovated,sqft_to_add,property_size
735000.0,an impressive five bedroom three bathroom two ensuite detached property with elegant cheshire brick elevations stunning open plan family living kitchen beautifully landscaped gardens and picturesque open aspect views ideally positioned on chester road just a short distance to nearby hazel grove poynton and bramhall villages and the excellent section of amenities on offer good local primary and secondary schools are within easy reach and for any commuters the a555a34 and both hazel grove and poynton train stations are both within 12 miles contact mark buckley today to arrange your personal viewing  quote mb0874 with over 2000 sq ft of thoughtfully designed living space spread across three floors this home is ideal for family living at its heart lies a stunning open plan family living kitchen area featuring an exposed oak extension with a partial glass ceiling and bifolding doors that seamlessly connect the indoor and outdoor spaces the super stylish kitchen is equipped with fully integrated appliances a central island with seating space and ample room for dining and seating areas creating a warm and inviting atmosphere for everyday living the accommodation begins with a charming storm porch leading into a grand entrance hallway complete with a striking staircase the spacious dualaspect living room featuring a cozy multifuel burner opens through double doors to the beautifully landscaped garden an officeplayroom at the front of the house offers builtin storage while the magnificent family kitchen area is complemented by a separate utility room and a convenient downstairs cloakroomwc on the first floor you will find four generously proportioned bedrooms including bedroom two with its own ensuite shower room alongside a luxurious family bathroom suite that has been recently fitted the second floor leads to the master suite which features a spacious double bedroom with builtin wardrobes and breathtaking open countryside views the luxurious master bathroom includes a walkin shower separate bath and his and hers wash basins set well back from the road and screened by mature hedgerows the property boasts a sweeping driveway that provides parking for several vehicles the rear garden is small easy to maintain south facing garden designed by an rhs gold medal winner featuring multiple seating areas a lush lawn with a high degree of privacy and stunning viewstenure freehold council tax band e epc rating c location conveniently located on chester road this property is just a stones throw from hazel grove poynton and bramhall offering a fantastic selection of specialist shops restaurants bistros and gastro pubs within easy reach commuters will appreciate the proximity to the a555 and a34 with hazel grove train station just 076 miles away and poynton train station 12 miles away excellent local schools are easily accessible including norbury primary school at 044 miles and hazel grove high school within 05 miles,596428.5714285715,,,mid-range,1,,,,
400000.0,this threebedroom semidetached house is for sale and is situated at the end of a quiet culdesac on corbar road in the mile end area of stockport the property is in good condition and is arranged over two floors with a further room accessible by separate stairs that provides additional storage the large entrance hall connects to two reception rooms and a kitchen patio doors from the rear dining room open onto a large private garden which is mainly laid to lawnan ideal setting for outside activities and relaxing there is also a detached garage with electricity and offroad parking at the front of the property upstairs you will find three bedroomstwo doubles with the main bedroom including builtin wardrobes and one single the bathroom and a separate wc are also on the first floor offering convenience for a family local amenities are close at hand with stockport school and stockport grammar both within walking distance making this location excellent for families with children the property has a council tax band d for commuters or those seeking easy access to manchester city centre both davenport and woodsmoor train stations are nearby trains from these stations typically take just 1520 minutes into the city centre the popular stockport market merseyway shopping centre and a range of cafés and green spaces such as alexandra park are easily accessible on foot or by a short drive adding to the areas appeal,699166.6666666666,,,,0,,,,
235000.0,a 4 bedroom midterrace house located in bolton currently being occupied as a hmo there are various valuable amenities within walking distance of the property and it is able to generate fantastic rental returns for investors looking for a rewarding investment this is a brilliant opportunity the property features 4 bedrooms 1 bedroom with ensuite lounge kitchen bathroom garden ground space and street parking and has several tenants currently situated investment details it currently produces an annual gross income of 23100 with tenants currently situated considering the purchase price and the potential rental income that could be earned in future years this will make for a worthwhile addition to an investors property portfolio for greater detail on this propertys investment potential please see the let property pack linked below if you are interested please call us let property is committed to facilitating a smooth transaction process between buyer and seller to allow for maximum commitment to the sale from both parties a buyers premium will apply in order to secure a property,509999.1666666667,4.0,,high-end,0,,,,
799950.0,leyland mill farm is an incredible barn conversion set within a small leyland mill farm is an incredible barn conversion set within a small community of converted farm buildings in this wonderful location on the edge of haigh hall estate the property is the largest of the conversions offering an impressive square footage extending to a generous 3820 sq ft resting overlooking woodlands to the rear the stone built barn engages all of the characteristics of a barn conversion with stunning features including a huge vaulted lounge beamed ceilings and large barn windows overlooking both the courtyard to the front and the grounds to the rear with the plot extending to circa 06 of an acre if any client is looking for a home in both a rural setting and yet with a whole range of facilities close by including good schools transport links shops and leisure facilities this spacious home offers all of these features the stone property was converted approximately 28 years ago by our current clients with a sympathetic eye to this wonderful location and quite unique project and ensuring that there is not only privacy and peace but with the assurance that the property is not isolated either the accommodation briefly comprises of a welcoming entrance hallway and large arched window enhanced by stone lintels which leads into the reception area which features tiled floors and a stone fire surround the accommodation flows into a separate dining room and through into the impressive lounge extending to over 29 complete with vaulted ceiling impressive a frame beams the staircase rising to the first floor via a minstrel gallery and further two feature arched windows one with access in to the gardens moving to the other side of the property the further reception rooms include an additional and cosy living room set around a contemporary fire and with french doors leading on to the patio area and the lovely farmhouse style kitchen including space for a range cooker and central island there is a further dining area this room could equally be used as a home office and a handy laundry room and off lying cloak room completing the ground floor the first floor offers four very goodsized bedrooms the master bedroom enjoys a stunning vaulted ceiling and a walk in wardrobe with a smart modern shower room complete with double shower and vanity unit the three further bedrooms are all good doubles and are serviced by a family bathroom comprising of a freestanding bath separate shower wall hung wash hand basin and wc neutral tiling completes the room externally the home provides lots of outside space for any client with a love of the outdoors the property is approached via a small driveway off hall land end leading through to a shared cobbled and grassed courtyard wrought iron railings have been added to provide a private section of the front area and driveway parking is also available in this area the rear garden is of an exceptional size included within the grounds are several seating areas one finished with york stone flags to provide a perfect spot for outdoor entertaining there are several lawned areas too perfect for games and the site is bordered by mature woodlands viewings of this quite incredible home are now welcomed,336900.0,,,mid-range,0,,,,
1950000.0,a superb and once in a lifetime opportunity for many types of buyers highgate farm consists of two seperate large detached dwellings including original farmhouse and spectacular converted barn which are beautifully presented and must be viewed set on a 35 acre plot other features include stables and huge ancillary buildings containing workshops and garages overall spanning over 10000 sqft set in an exquisite semirural location in thornham with royton centre easily accessbile epc  c ryder  dutton are delighted to offer for sale highgate farm  barn an ideal opportunity for many types of buyers consisting of two large separate detached large dwellings on a 35 acre plot including original farmhouse and spectacular converted barn which are both beautifully presented and must be viewed highgate barn the barn conversion has been to the highest of standards with a stunning entrance hall with bespoke glass balustrade staircase leading up to the first floor living areas there is a large galleried landing with feature window currently used an office space a spacious lounge is just off with log burner first floor bathroom boiler room and stunning open plan living area with high specification kitchen complete with island and another log burner the first floor living areas are full of exposed beams and remote control and rain sensor skylight windows making the space bright and airy to the ground floor there are three large double bedrooms each with ensuite plus handy utility room with access to the garden and storage room overall the barn measures approximately 2987 sqft highgate farm the main farm house is equally impressive and large measuring approximately 2862 sqft this has a more traditional feel compared to the ultramodern barn conversion but is still completed to the highest of standards a porch leads to a lovely cosy sitting room there is a dining area with patio doors onto the garden opening to a large dual aspect lounge and an open plan kitchendiner complete with a timeless farmhouse kitchen a utility space is just off with a downstairs shower room with access to the large garage upstairs are four good sized bedrooms all with ensuite other features include stables and huge ancillary buildings containing workshops and garages ideal for buyers with large businesses or those with equestrian interests overall with both dwellings and the ancillary buildings the whole property spans over 10000 sqft the property has extensive gardens with stunning panoramic views and a summerhouse plus plenty of parking highgate farm is located in an exquisite semirural location in the ever sought after area of thornham it provides easy access to well regarded primary and secondary schools whilst just a short walk to tandle hill park this is perhaps a once in a generation opportunity to acquire such a special and unique property early viewing is essential,547500.0,,,high-end,0,,,,
220000.0,welcome to this stunning ultramodern upperfloor apartment situated in a stylish development at the heart of withington ideally located close to the library shops and convenient public transport links this apartment offers both luxury and practicality step inside to find a sleek openplan living space that seamlessly integrates the living room and kitchen creating a perfect environment for both relaxation and entertaining the contemporary design is complemented by highquality finishes and fixtures throughout the apartment features two spacious double bedrooms whilst the family bathroom ensures convenience for guests and family members alike enjoy the convenience of an internal lift that provides easy access to your home and take advantage of the gated allocated parking for added security the communal gardens offer a tranquil space to unwind while the private balcony provides a charming outdoor area ideal for a table and chairs where you can savor fabulous views of the surrounding area with no vendor chain this property is perfect for young professionals seeking a modern hasslefree living experience,485833.3333333333,,,high-end,0,,,,
1250000.0,occupying a substantial plot in one of sales most soughtafter residential settings an individually designed stylishly enhanced and substantial detached residence with four reception rooms and five bedrooms measuring circa 2500 sqft whilst being set in an exclusive gated position with an extensive secluded rear garden ideally located close to sale popular primary and secondary schools and key transport links description a substantial  majestic detached residence located on one of sales most sought after roads positioned on a generous plot this stunning five bedroom family home offers accommodation over 2500 sqft this wonderful detached residence is certain to offer a superb opportunity for any discerning buyer to create a forever home this exquisite residence is approached through a generous partwalled and gated entrance featuring a large gravel driveway which sets the tone for this magnificent home upon entering through the double doors you are greeted by a spacious hallway the expansive bayfronted living room boasts tasteful decor a feature fireplace and access to the rear garden complemented by a second versatile reception room currently utilized as a home office the attractive flooring leads to the heart of the home the kitchendining area which offers openplan living with a stunning kitchen featuring a breakfast bar quartz work surfaces and a bay window along with two additional large windows that allow an abundance of natural light to fill the space adjacent to the kitchen is another home office and a practical utility room that provides access to a generous integrated double garage with a vaulted ceiling for ample storage as well as a final reception room currently serving as a home gym with french doors leading to the garden a convenient ground floor wc is also available description on the first floor accessed via the spacious landing are five generously sized bedrooms with the master bedroom particularly spacious and featuring a dressing room and ensuite shower room in addition to a threepiece family bathroom the landing also offers plenty of storage cupboards externally the rear garden is wellsized and enjoys a high degree of privacy primarily laid to lawn with a patio seating area raised planters and fenced boundaries the front of the property is accessed through gates with a brick wall perimeter and mature hedging while a large gravel driveway accommodates parking for at least five or six vehicles,928571.4285714284,,,mid-range,0,,,,
1700000.0,welcome to this exquisite detached dwelling nestled in the peaceful surroundings of westhoughton this breath taking property boasts 2 kitchens 4 double bedrooms 3 modern bathrooms the property sits on approximately 6 acres of land offering 4 stables a barn with power and lighting split over 2 floors currently used as a conventional barn easily adaptable to suit its new purchasers requirements a peaceful pond creating an idyllic lifestyle for equestrian enthusiasts and nature lovers fully to a superior standard the property features a spectacular modern kitchen with an inviting island seamlessly connecting to a spacious dining area bar and living space the ultimate entertainment space awaits complete with bifold doors leading to the great outdoors the property also offers a modern 2nd kitchen ideal to cater separately when entertaining or utilised as a utility room step into the cosy lounge or enjoy the latest blockbuster in the state of the art entertainmentcinema room or retreat to the tranquil master bedroom suite with a builtin closet and a luxurious en suite featuring a standalone bath overlooking the picturesque fields and a walkin shower located on jacks lane in westhoughton this property provides easy access to local supermarkets while maintaining its rural tranquillity amidst stunning landscapes the area also boasts an array of local shops bars and restaurants ensuring a vibrant community for families and upsizers alike convenient motorway links via the m61 and close proximity to prestigious schools such as bolton school make this property an ideal haven for discerning buyers seeking the perfect blend of luxury and convenience dont miss the opportunity to explore this exceptional property  schedule a viewing today and step into a world of refined elegance and countryside charm,280999.28571428574,,,high-end,0,,,,
400000.0,spacious 4bedroom semidetached home in the heart of sale moor village nestled in the popular and vibrant community of sale moor village this wellpresented fourbedroom semidetached home offers the perfect blend of space functionality and convenience ideally situated just a short walk from local amenities shops and transport links its an excellent choice for families or professionals seeking a comfortable and versatile home step inside through the welcoming porch into a bright entrance hallway leading to a generously sized openplan living and dining roomideal for entertaining or relaxing with family the kitchen is fitted with a range of base and eye level units providing ample storage and workspace and opens into a side leanto offering additional utility or storage space and access to the lowmaintenance rear garden which is neatly paved for easy upkeep upstairs the first floor boasts two spacious double bedrooms both featuring fitted wardrobes a single bedroom ideal as a home office or nursery and a wellappointed threepiece family bathroom the second floor features a converted loft offering a bright double bedroom complete with a velux skylight providing plenty of natural light to the front of the property youll find a walled driveway with ample parking space for multiple vehicles adding to the practicality of this charming home this property offers a superb opportunity to settle in a soughtafter location with everything you need on your doorstep early viewing is highly recommended,975000.0,,,,0,,,,
1000000.0,a beautifully presented chain free fivebedroom family home on the soughtafter brackenwood estate tumblewood drive is perfectly positioned for schools parks and local amenities with a huge private garden and versatile living spaces that offer real potential situated on the everpopular tumblewood drive in cheadle this wellpresented tudorstyle property offers generous space modern updates and excellent potential for further enhancement the location is superb close to bruntwood park major motorway and bypass links and a wide range of amenities including john lewis sainsburys david lloyd leisure life leisure and the village hotel cheadle its also just a short drive or a pleasant walk into cheadle village and within walking distance of the soughtafter ladybarn house school with kingsway school close by the welcoming entrance hall sets the tone for the home with its woodlook flooring natural light from two frontfacing windows and stairs rising neatly to the right to the left sits a versatile study with a charming bay window and wooden laminate flooring an ideal home office or a comfortable fifth bedroom if needed with that in mind this space leads conveniently through to a downstairs wc that could be a shower room the dualaspect living room offers an attractive and flexible area for daytoday living featuring an electric fire untested double wooden doors opening into the conservatory further double doors leading out to the patio and another set connecting to the dining room where a window frames views of the rear garden creating a pleasant backdrop the dining room flows through to the kitchen which in turn opens into a practical utility room housing the boiler a back door and an additional sink a separate sitting room at the front of the home provides a warm inviting retreat complete with french doors opening onto the garden and a working electric fire perfect for cosy evenings upstairs the galleried landing enjoys a bright and spacious feel thanks to its high ceiling chandelierstyle light fitting feature window to the front and a small balcony area to the left a short door leads into useful eaves storage the main bedroom benefits from two windows overlooking the garden and opens through an archway into a generous dressing room with a large frontfacing window an ensuite completes this lovely suite and an airing cupboard housing the water tank sits nearby another bedroom with wooden laminate flooring overlooks the rear garden and currently holds a single bed though it would comfortably take a double a further double bedroom features fitted wardrobes and a builtin desk while the family bathroom serves these rooms equipped with a bath a final spacious double to the front also enjoys fitted wardrobes and a fitted desk outside the property includes a detached garage with an electric door and a raised decked pergola to the rear providing a pleasant outdoor seating area beyond this lies a truly exceptional feature of the home an extensive beautifully maintained rear garden that forms part of an impressive 06acre estate thoughtfully landscaped and wonderfully private it is one of the largest residential gardens in the cheadle area mature trees established hedging and carefully curated planting create a sense of tranquillity and seclusion while the sheer scale of the garden offers extraordinary potential for outdoor living family enjoyment or future development subject to planning it is a rare standout space that sets this property apart the current owners love the space and layout  the owners love how the generous room sizes and wellbalanced layout create a home that flows effortlessly for both everyday living and entertaining the peaceful and highquality location  they really value the calm prestigious setting of the brackenwood estate where mature surroundings and minimal traffic make it feel private secure and wonderfully serene the garden and outdoor privacy  the expansive 06acre garden is a standout favourite offering exceptional space mature greenery and total seclusion making it a truly private retreat rarely found in the cheadle area we have noticed generous and impressive plot size 06 acre familyfriendly culdesac setting a sizeable home ideal for family living epc rating c living room 445m x 645m conservatory 3m x 321m dining room 38m x 445m kitchen 293m x 601m utility room 247m x 34m sitting room 409m x 445m hallway 411m x 493m studybedroom 5 277m x 422m wc 112m x 158m bedroom 1 386m x 445m dressing room 243m x 279m ensuite 239m x 245m bedroom 2 345m x 447m bedroom 3 302m x 447m bedroom 4 338m x 351m bathroom 215m x 344m landing 335m x 493m double garage 496m x 551m garden large mature garden to the rear of the home parking  garage parking  driveway disclaimer all descriptions images and marketing materials are provided for general guidance only and are intended to highlight the lifestyle and features a property may offer they do not form part of any contract or warranty whilst we take care to ensure accuracy neither shrigley rose  co nor the seller accepts responsibility for any inaccuracy that may be contained herein prospective purchasers should not rely on the details as statements of fact and are strongly advised to verify all information through their own inspections searches and enquiries and to seek confirmation from their appointed conveyancer before proceeding with any purchase,412500.0,,,mid-range,0,,,,
325000.0,a detached true bungalow which has been very well maintained during its lengthy ownership and enjoying a good pedigree of garden maintenance which will no doubt be welcomed by those green fingered individuals for several years the front garden has been awarded horwich in bloom awards the accommodation includes a lounge and dining room to the front which enjoy distant views there is a kitchen bathroom with separate wc which could be connected should this be desired there are three bedrooms two of which are double with fitted wardrobes to the exterior there is a long driveway plus garage which has recently been fitted with an electric up and over door the rear garden includes a conservatory type structure providing a great leisure space for the garden the sellers inform us that the property is freehold council tax band d  229719 moor platt close is a high calibre address around a mile and a half from horwich town centre and around two miles from junction 6 of the m61 and horwich parkway train station this station is on the mainline to manchester and the airport the area manages to strike a lovely balance of these convenient amenities with superb access to the surrounding countryside and therefore the location tends to attract people who enjoy spending time outdoors there are footpaths leading immediately from the area with access towards high rid reservoir whilst the nearby georges lane is one of the main routes towards rivington pike and its associated moorland many locals consider manchester and the trafford centre an appropriate distance to shop and socialise and is therefore another great attribute to the area vestibule 4 1 x 3 6 124m x 107m entrance hallway 12 9 x 5 4 389m x 163m and 3 3 x 13 0 099m x 396m lshaped loft access fitted storage containing gas central heating combi boiler bathroom with separate wc separate wc with rear window bathroom comprises bath and hand basin with a gable window reception room 1 22 0 max x 13 1 max 671m x 399m through lounge diner type design floor level window together with arch window which has far reaching views gable window also gas fire in fireplace and surround kitchen 9 11 x 8 11 302m x 272m timber glass paneled side door side window tiled finish to the floor units in a medium oak bedroom 1 8 10 x 12 7 269m x 384m fitted furniture rear window to the garden bedroom 2 12 4 x 8 11 376m x 272m measured to the front of the fitted robes 272m x 323m rear window to the garden area bedroom 3 10 5 x 8 8 317m x 264m gable window viewing over nearby rooftops with far reaching view garage 9 4 x 19 4 284m x 589m two side windows electric roller door conservatory garden room 7 10 x 8 3 239m x 251m electric heater indian stone flag finish power blinds constructed at an angle to look into the garden,515332.5,,,,0,,,,
160000.0,offered with no onward chain introducing manor gardens which runs an extra care facility in harwood this recently fully beautifully presented two bedroom first floor apartment located on the hugely desirable manor gardens development in harwood the property is being offered immediately with no onward chain and is 95 owned neutrally and tastefully decorated throughout the property offers two bedrooms a large shower room plus a bright and airy lounge with access to a balcony overlooking communal gardens perfectly positioned within walking distance to a variety of amenities such as a medical centre supermarket shops cafes and bus routes externally theres plenty of parking to the front and a secure intercom system provides access to a welcoming lobby area either take the stairs or hop in the lift to the first floor where number 23 offers a fully fitted kitchen area with a combination of base and eye level units a bright and spacious lounge two bedrooms and a wet room ideal for those who are looking for extra care or retirement,534499.1666666666,,,,0,,,,
90000.0,our latest listing is a 2 bedroom flat located in rochdale it is in close proximity to valuable amenities is able to generate rewarding rental returns and has a tenant currently situated for investors looking to expand their portfolio this is a fantastic opportunity this wellkept home features 2 comfortable bedrooms a modern bathroom a welcoming reception room access to shared front and back gardens and the convenience of shared private parking investment details it currently produces an annual gross income of 6600 with tenants currently situated considering the purchase price and the potential rental income that could be earned in future years this will make for a worthwhile addition to an investors property portfolio for greater detail on this propertys investment potential please see the let property pack linked below if you are interested please call us tenancy details the current tenants have lived in the property for several years and have consistently paid their rent for the duration of their stay they do not have any intentions to move out so hope to remain in the property let property is committed to facilitating a smooth transaction process between buyer and seller to allow for maximum commitment to the sale from both parties a buyers premium will apply in order to secure a property,905999.0,2.0,,high-end,0,,,,
825000.0,a beautifully appointed six bedroom semidetached property situated offroad in a quiet leafy location within a generous plot fully and complete with a substantial extension it is arranged over three floors with versatile accommodation stretching to approximately 2500sqfeet holmleigh is a stunning family residence wellproportioned and finished to the highest of standards across all aspects of the property externally the front of the property benefits from an impressive aspect overlooking the treelined beech fields with a wrought iron gated access leading to generous plantshrub borders and an extensive driveway providing ample offroad parking the sideelevation walkway leads to a landscaped rear garden that profits from a south facing aspect wellapportioned the design incorporates a new garden room with bifold doors and attached bike store that is accessed by a porcelain walkway and framed by an array of mature trees and shrubs together with an extensive porcelain patio laid to lawn and wellstocked plant borders upanddownsecurity lighting and an outside water tap have also been installed internally the property has been completely remodelled to yield a significant space spanning three levels with the flexibility to accommodate a range of family sizes and setups the ground floor is made up of a sizeable entrance porch  hallway wc two reception rooms large open plan kitchen diner and associated utility with bifolds to access the rear patio the first floor includes four double bedrooms one with ensuite and a main bathroom the second floor has two further bedrooms a shower room velux roof lights and essential storage cupboards notable feature specification kitchen  utility high quality kitchen units and doors farrow  ball colours quartz worktops and splashbacks with stainless steel undermount sinks centre island with quartz worktop and waterfall end panels downdraft induction hob neff integrated microwave neff integrated oven x2 neff integrated dishwasher integrated full height fridge integrated full height freezer integrated pantry brushed steel pro 3 boiling water tap quooker preplumbed spaces provided for washing machine and dryer utility enclosed combiboiler and associated hot water tank utility high quality herringbone tiling ground floor zonal underfloor heating with wall mounted smart controls heat miser full length bay window overlooking garden planting to rear lounge fitted cupboards and shelving to rear lounge attractive hard flooring to reception rooms high quality tiling to hallway  wc first  second floors gas central heating system high quality carpets to all bedrooms and landings throughout property high quality decoration in farrow  ball colours high quality solid oak fire resistant doors with brushed brass door furniture attractive 7 skirting boards and deep moulded architraves to doors attractive timber framing to all internal windows and external doorways contemporary solid timber stairs  balustrades to open plan landings high quality contemporary black and white wcbathroomshower rooms mains powered smoke detectors hardwired wifi to all floors ready for connection high quality double glazed windows situated in a highly desirable and sought after location the property is ideally positioned within walking distance of timperley village and close to both altrincham and hale town centres that provide a wide range of fashionable bars restaurants and shopping facilities including the popular market quarter it is surrounded by a number of golf courses and gyms and shares a notably close proximity to the prestigious hale country club  spa the property also benefits from easy access to the surrounding countryside and lies within the catchment area of highly regarded primary and secondary schools communication links include easy access to the surrounding network of motorways and an extremely close proximity to timperley metrolink servicing manchester and beyond with both manchester international airport and wythenshawe hospital nearby services mains water gas electricity and drainage tenure freehold awaiting epc disclaimer whilst we make enquiries with the seller to ensure the information provided is accurate yopa makes no representations or warranties of any kind with respect to the statements contained in the particulars which should not be relied upon as representations of fact all representations contained in the particulars are based on details supplied by the seller your conveyancer is legally responsible for ensuring any purchase agreement fully protects your position please inform us if you become aware of any information being inaccurate money laundering regulations should a purchasers have an offer accepted on a property marketed by yopa they will need to undertake an identification check and asked to provide information on the source and proof of funds this is done to meet our obligation under anti money laundering regulations aml and is a legal requirement we use a specialist third party service together with an inhouse compliance team to verify your information the cost of these checks is 8250 vat per purchase which is paid in advance when an offer is agreed and prior to a sales memorandum being issued this charge is nonrefundable under any circumstances,2572857.1428571427,,,high-end,1,,,,
750000.0,nestled on the prestigious highgate road between altrincham and bowdon this charming and characterful cottage offers the perfect blend of luxury comfort and convenience tucked away in a highly soughtafter location the property has been completely throughout by the current owner and now boasts three beautifully presented bedrooms two modern bathrooms plus ensuite a garage and a stunning tranquil garden upon entry a bright and airy hallway greets you complete with a downstairs wc from here the home opens into its a spacious openplan kitchen dining and living area large patio doors flood the space with natural light and lead onto the sanctuary style garden creating a wonderful flow between indoor and outdoor living the contemporary kitchen features neff integrated appliances a generous central island with seating sleek large white floor tiles and the benefit of underfloor heating making it both practical and luxurious in addition the property offers a warm and inviting 2nd reception room with a feature window and attractive wooden flooring providing the perfect place to unwind from here there is access to a useful utility room with ample space for a washing machine dryer and additional storage a charming staircase with neutral hardwearing carpet leads to the first floor where a vaulted ceiling enhances the sense of space and character the impressive principal bedroom benefits from large windows and a stylish ensuite bathroom two further double bedrooms are well proportioned and served by a spacious family bathroom featuring a freestanding bath and separate corner shower externally the rear garden is a private sanctuary bordered by mature trees and offering a beautifully landscaped space with pebbled patio lawn and ample room for outdoor seating dining and or storage to the front of the property there is parking for 2 cars on the private driveway and access to a garage situated within walking distance of altrincham hale village bowdon and the scenic surrounds of dunham massey this home is perfectly positioned for access to excellent amenities including grammar schools green spaces and transport links ideal for families downsizers and young professionals alike this is a rare opportunity to secure an exceptional detached home in one of the areas finest locations,2680833.3333333335,,,high-end,0,,,,
190000.0,move in ready the ideal buytolet or family home situated on a very popular road for firsttime buyers and buy to let investors this two bedroom mid terrace house is sure to tick all the boxes entrance vestibule gives way to an open lounge dining room with extended kitchen beyond with utility room and downstairs bathroom with rear yard upstairs there are two double bedrooms and a fixed staircase giving access to a loft space with velux window ideal for a home office the property has recently undergone renovation and is move in ready best of all its chian free virtual viewing tour available,358571.4285714286,,,,1,,,,
495000.0,final home remaining larger than average plot south facing garden  dont miss out this is your last chanceviewing to start on this last plot is early january 2026 call the office to book your slot shores fold  an amazing and unique new development of 57 three and four bedroomed contemporary family homes positioned on the edge of 70 acres of woodland  highfield country park constructed by bespoke home builders towerhouse systems this brandnew housing estate boasts an enviable south manchester location close to levenshulme the heatons and the fallowfield loop  an amazing project that is sure to create a huge amount of attention the jackson  a striking fourbedroom semidetached contemporary home with wonderful elevations boasting many selling features including exquisite construction standards large windows a pleasing superstructure which many buyers desire and an internal décor to the highest of standards these unique properties are perfect for first time buyers and growing families alike in brief these units comprise entrance hallway with access to wc separate utility room off and a spacious living room to the front a striking open plan configuration to the rear which has a dining  living area with ample space for freestanding furniture plus a spacious kitchen with a feature breakfast bar modern units complimentary work surfaces and integral appliances patio doors lead conveniently to the rear gardens stairs leading to the firstfloor landing with doors to four wellproportioned bedrooms and a bathroom with a contemporary threepiece suite which includes hansgrohe brassware and a shower over the bath notably the principal bedroom boasts a private dressing area and a modern ensuite shower room externally the homes have block paved driveways providing off road parking and landscaping at the front ev charging point photovoltaics solar panels paved patio area and garden please note  the pictures displayed are of the detached show home rigby style house on the estate the floorplan is a replica of the jackson but is detached for further information on specifications and availability visit the website shoresfoldcouk and register your interest today,272000.0,,,high-end,0,,,,
375000.0,situated in a prominent position on the highly sought after st james road in the thriving village of orrell is this beautifully detached true bungalow it sits within walking distance of a great range of amenities which include independent shops bars and eateries alongside practical services like doctors dentists and pharmacies it is also within the catchment area for orrells well reputed schools and colleges and only a few minutes drive from the motorway networks of the north west if you want to leave the car at home there are regular public transport services into both wigan and st helens town centres and there is a village train station with links to manchester the property has been recently improved and now offers move in accommodation which comprises of a bright and welcoming entrance hall generous lounge three bedrooms modern fitted kitchen and stunning four piece bathroom suite the property has gas central heating and upvc double glazing and externally there is a driveway providing ample off road parking and leading to a double garage there is a generous lawned front garden and there is a tiled rear patio style garden the property is offered for sale with no chain involved and viewings are highly recommended so please call now to get your appointment booked epc grade d freehold council tax band c entrance hall door giving access to the front of the property central heating radiator cupboard housing meters lounge upvc double glazed picture window to front aspect central heating radiator decorative fireplace kitchen fitted with a range of wall and base units comprising cupboards drawers and work surfaces and incorporating a 15 bowl stainless steel sink and drainer with mixer tap built in bosch electric oven and microwave and induction hob with extractor over integrated fridge freezer integrated dishwasher door to rear aspect and upvc double glazed window to rear aspect bathroom fitted with a four piece suite comprising contemporary bath with central mixer tap and shower attachment quadrant shower enclosure with rainfall and flexible showers low flush wc and vanity wash hand basin with fitted storage cupboards two upvc double glazed windows to rear aspect part tiled elevations tiled to visible floor area towel radiator bedroom one upvc double glazed window to front aspect central heating radiator bedroom two upvc double glazed window to side aspect central heating radiator loft access bedroom three upvc double glazed window to rear aspect central heating radiator outside there is a driveway at the front providing ample off road parking for vehicles and leading to a double garage there is a generous front garden which is mainly lawned with shrub displays at the rear is a low maintenance tiled enclosed garden area a gate gives access to a shared passage at the side there is a brick built outbuilding which adjoins the garage garage double garage with two single up and over doors tenure freehold,336900.0,,,mid-range,0,,,,
750000.0,within walking distance to burton road this west disbury location is highly sought after enjoying this prime position a stunning fourbedroom semidetached home benefits from traditional proportions an extended open plan kitchen to the rear and an abundance of character traditional features can be seen throughout and with the opportunity to add value through refurbishment this property must be seen to appreciate the size and position of the accommodation on offer upon entering the property the entrance hall provides access to all principal rooms the front of the property benefits from two generous reception spaces with a traditional bay front to the rear the kitchen has been extended to create an open plan dining area with doors opening to the rear enclosed garden a convenient ground floor shower room is also located off the hallway stairs rising to the firstfloor lead to four wellproportioned bedrooms with ample space for storage the main bathroom is fully tiled and features a fourpiece suite comprising bath shower unit wash hand basin and wc externally there is an enclosed garden with patio area to the rear a separate garage is accessible via the side of the property see our virtual tour online and get in touch to arrange a viewing key details tenure  freehold epc  c council tax band  f rooms disclaimer these particulars are believed to be correct and have been verified by or on behalf of the vendor however any interested party will satisfy themselves as to their accuracy and as to any other matter regarding the property or its location or proximity to other features or facilities which is of specific importance to them distances and areas are only approximate and unless otherwise stated fixtures contents and fittings are not included in the sale prospective purchasers are always advised to commission a full inspection and structural survey of the property before deciding to proceed with a purchase,873000.0,,,,1,,,,
425000.0,nestled in the very heart of cheadle village this stunning period home exudes character and charm while offering generous living space and modern comforts discreet parking to the rear and a substantial garage provides excellent versatility whether for storage hobbies or workshop use the rear of the property also provides direct access to abney hall park perfect for long family walks or enjoying the green space cheadle has to offer a welcoming hallway sets the tone for the home leading into a spacious lounge and an inviting separate dining roomboth perfect for relaxing and entertaining the thoughtfully kitchen has been designed with both style and practicality in mind starting with a separate utility space perfect for storing large household goods leading onto the kitchen with sleek cabinetry and built in appliances to the rear of the kitchen it incorporates a cosy seating area set up as an integrated orangery  perfect for enjoying sunny garden views and cosying up in the colder evenings upstairs three wellsized double bedrooms await with the third currently arranged as a home office the family bathroom is a particular highlight combining a separate corner bath and shower with periodinspired details such as elegant coving and a beautiful glass ceiling featured above the bath throughout the property original features blend effortlessly with contemporary touches creating a warm and timeless home with it only being a short walk away to into the amenities of cheadle village and the prime location for excellent schools and transport links it offers the perfect balance for modern families and young professionals rarely does a property in such a soughtafter location come available  early viewing is highly recommended please call to arrange a viewing today,575000.0,,,mid-range,0,,,,
175000.0,this well presented two bedroom terraced property is located on a quiet road and within five minutes walk off the train station and all the local shops are amenities of levenshulme centre briefly the property comprises of double glazed door leading through to the lounge with the door leading through to dining kitchen with builtin appliances oven hob cooker and double glaze door leading to rear wall and enclosed yard to the first floor there are two double bedrooms a family bathroom the property is gas central heating and double glazed epc band d disclaimer whilst we make enquiries with the seller to ensure the information provided is accurate yopa makes no representations or warranties of any kind with respect to the statements contained in the particulars which should not be relied upon as representations of fact all representations contained in the particulars are based on details supplied by the seller your conveyancer is legally responsible for ensuring any purchase agreement fully protects your position please inform us if you become aware of any information being inaccurate money laundering regulations should a purchasers have an offer accepted on a property marketed by yopa they will need to undertake an identification check and asked to provide information on the source and proof of funds this is done to meet our obligation under anti money laundering regulations aml and is a legal requirement we use a specialist third party service together with an inhouse compliance team to verify your information the cost of these checks is 8250 vat per purchase which is paid in advance when an offer is agreed and prior to a sales memorandum being issued this charge is nonrefundable under any circumstances,365833.3333333333,,,mid-range,0,,,,
2738000.0,investment portfolio  the portfolio of 9 apartments consists of one and two bedroom apartments the apartments can be sold as a split portfolio subject to terms agreed affintiy living riverview manchester  investment portfolio a portfolio of 9 one and two bedroom apartments for sale currently let on ast tenanices all apartments on the 4th floor 33 storeysfloors in the block building completed october 2021 length of lease is 250 years from completion for each apartment ground rent each flatplot  1 beds  approx 395 per annum 2 beds  495 per annum service charges each flatplot  approx 460 per square foot per annum council tax band d affinity living is so much more than a building its a place where you can own exactly how you live and be part of an amazing community from all walks of life whether you choose to rent a studio or a threebed with affinity living youll get a stunning petfriendly apartment in a home that offers so much more if you want to live in the heart of things theres few other apartment buildings in manchester with locations quite like affinity living located just a short stroll from spinningfields our manchester apartments are right in the centre of the city yet set back from the hustle and bustle so you can relax in your downtime 188 purposebuilt apartments coworking space and private booths large contemporary living spaces award winning coffee  cake eatery shared amenity with riverview stateoftheart gymnasium resident lounge  tv area regular social events for residents cinema room bike storage petfriendly floortoceiling windows local information  manchester was most recently voted the most liveable city in the uk and was selected as one of lonely planets top travel destinations for 2023 the city has become a global destination for art music fashion and food  st johns is a 1 billion development which will become landmark area of the city consisting of variety of mixeduse developments for entertainment culture and technology  vista river garden sits in prominent position to key locations across the city and within easy proximity to transport links  approx 07 miles distance to st johns culture  enterprise quarter  approx 06 miles distance to soho house  approx 07 miles distance to deansgate  spinningfields  1 mile distance to deansgate station  21 minute drive to manchester airport,522571.4285714286,1.0,,mid-range,0,,,,
240000.0,situated in the highly desirable carrbrook area of stalybridge this wellmaintained threebedroom midterraced home offers spacious living and stunning countryside views perfectly positioned close to local amenities wellregarded schools excellent transport links stamford golf club and a variety of scenic walking routes this property provides both convenience and a tranquil retreat the ground floor welcomes you with a spacious entrance hall leading into a bright and inviting loungedining room ideal for relaxing or entertaining french doors open out to the rear garden seamlessly blending indoor and outdoor living the wellappointed kitchen boasts a stylish breakfast bar and ample storage making it a functional and sociable space upstairs the first floor comprises three wellproportioned bedrooms each offering comfort and versatility the contemporary bathroom features a luxurious twin vanity sink while a separate wc adds further convenience externally this home benefits from a gated tarmac double driveway at the front providing secure offroad parking the rear garden is a true highlight featuring a paved patio area covered by a charming pergolaperfect for outdoor dining and relaxation steps lead down to a wellmaintained lawn offering a peaceful setting with its generous living spaces and excellent location this property presents an outstanding opportunity for families and professionals seeking a stylish and wellconnected home viewing highly recommended ground floor entrance hall door to front two double glazed windows to front two radiators stairs leading to first floor open plan to storage space open plan to kitchen door leading to loungedining room 566m x 385m 187 x 128 double glazed window to front radiator double glazed french doors leading out to rear garden door leading to kitchen 432m x 425m 142 x 1311 fitted with a matching range of base and eye level units with worktop space over matching breakfast bar inset sink and drainer with mixer tap plumbing for washing machine space for fridgefreezer space for cooker two double glazed windows to rear two radiators door to pantry first floor landing door to storage cupboard doors leading to bedroom 1 356m x 394m 118 x 1211 double glazed window to front radiator bedroom 2 236m x 305m 79 x 100 double glazed window to rear radiator bedroom 3 372m x 344m 122 x 113 double glazed window to front radiator bathroom 204m x 200m 68 x 67 two piece suite comprising bath with shower over and twin vanity wash hand basin double glazed window to rear wc double glazed window to rear fitted with lowlevel wc radiator outside gated tarmac double driveway to the front enclosed garden to the rear with paved patio area covered with pergola and steps leading down to lawn the property also benefits from additional secure parking nearby disclaimer home estate agents believe all the particulars given to be accurate they have not tested or inspected any equipment apparatus fixtures or fittings and cannot therefore offer any proof or confirmation as to their condition or fitness for purpose thereof the purchaser is advised to obtain the necessary verification from the solicitor or the surveyor all measurements given are approximate and for guide purposes only and should not be relied upon as accurate for the purpose of buying fixtures floorcoverings etc the buyer should satisfy himher self of all measurements prior to purchase before we can accept an offer for any property we will need certain information from you which will enable us to qualify your offer if you are making a cash offer which is not dependent upon the sale of another property we will require proof of funds you should be advised that any approach to a bank building society or solicitor before we have qualified your offer may result in legal or survey fees being lost in addition any delay may result in the property being offered to someone else,600800.0,,,mid-range,0,,,,
210000.0,no chain a dream home for the first time buyer or young family  this stunning home has benefitted from a complete renovation throughout to a extremely  epc  c a dream home for the first time buyer or young family  we are delighted to bring to the market this beautifully presented bayfronted two bedroom end terrace a credit to the current owners the property is ready to move into and no expense has been spared and is the ideal ready done home this beautiful home has benefitted from a brand new kitchen and bathroom meaning all the new owner needs to do is move in and switch the kettle on internally the property comprises entrance hall open plan living to the ground floor upstairs are two good sized bedrooms and modern family bathroom externally there is a driveway to the front there is a good sized rear garden with patio overlooking playing fields early viewings come highly recommended,676000.0,,,mid-range,0,kitchen,,,
320000.0,this three bedroom semi detached family home offers excellent potential for those looking to impart their own taste and specification upon a property the property is situated in a well regarded residential location and benefits from off road parking and a good sized integral garage and is not overlooked to the rear offered for sale with no forward vendor chain we would recommend interested parties view at their earliest convenience the property occupies a pleasant no through road position and is situated within easy reach of all local amenities local junior and high schools are also in the vicinity and there are good commuter links contd the property briefly comprises entrance hallway lounge with upvc double glazed bow window dining kitchen with access to the brick built garage which runs to the side of the property to the first floor there are 3 well proportioned bedrooms bedroom 1 with fitted wardrobes bathroomwc with modern white suite externally there are lawned gardens to both front and rear and to the front of the property there is a driveway providing off road vehicular parking the accommodation in detail entrance hallway front door with feature stained glass inset central heating radiator lounge 455m x 338m 1411 x 111 upvc double glazed bow window central heating radiator dining kitchen 531m x 264m 175 x 88 one and a half bowl single drainer stainless steel sink unit range of wall and floor mounted units builtin oven four ring gas hob with filter unit over understairs storage area two upvc double glazed windows central heating radiator access to garage first floor landing loft access upvc double glazed window bulkhead storage cupboard bedroom 1 394m x 335m reducing to 302m 1211 x 110 redu builtin wardrobes upvc double glazed window central heating radiator bedroom 2 328m x 290m 109 x 96 upvc double glazed window central heating radiator bedroom 3 249m x 221m 82 x 73 upvc double glazed window central heating radiator bathroomwc 231m x 165m 77 x 55 white suite having tile panel bath with shower over half pedestal wash hand basin low level wc part tiled heated chrome towel railradiator two upvc double glazed windows tiled floor externally there is a driveway providing off road parking and this leads to an integral brick built garage 250 x 711 with power and lighting and rear personnel door onto the back garden the front and rear gardens are laid to lawn with a variety of mature border plants and shrubs,600800.0,,,mid-range,0,,,,
150000.0,ready to go buytolet boasting a 76 yield this fabulous one double bedroom top floor apartment is positioned in the highly desirable wellington house development and benefits from allocated parking and lift access the property is positioned within easy reach of withington village the areas most convenient transport links and all of the most impressive bars restaurants and shops we believe that a location such as this doesnt get much better the building is accessed via a secure communal entrance and a lift leading to the fourth floor will take you to the entrance of the apartment the accommodation in brief comprises a welcoming entrance hallway a fabulous open plan kitchenlivingdining room double bedrooms and the bathroom fitted with a fourpiece suite with separate shower unit and a shower over bath completes the internal accommodation externally the property sits within communal gardens and an allocated parking space concludes this superb home a viewing is highly recommended and this property is not to be missed,427000.0,,,,0,,,,
575000.0,are you seeking the ideal property to accommodate your growing family if so look no further than this fantastic home boasting an expansive layout with ample room for a family to enjoy this residence is defiantly one to see in person to appreciate its exciting potential the layout briefly comprises of two bay fronted reception rooms and an open plan kitchendining area comprising of two dining rooms and an attractively fitted kitchen furthermore the ground floor offers a convenient utility and two generous sized storage rooms the first floor contains six good sized bedrooms as well as two three piece bathroom suites and two wcs externally the residence sits on a vast plot boasting a large lawned garden to the rear with two patio areas and a delightful greenhouse bristol avenue is ideally situated for families with reputable schools nearby and a range of other amenities including shops fooddrink establishments and highfield nature reserve transport links into the centre of manchester and stockport are available via bus routes as well as levenshulme train station call today to register your interest and book a viewing,272000.0,,,,0,,,,
2950000.0,an outstanding detached family home offering over 7200 sq ft of accommodation across four generous floors beautifully blending timeless arts  crafts elegance with modern living situated behind electronically operated gates on an elevated plot between bowdon and altrincham this distinguished property commands privacy and farreaching views across mature landscaped gardens the entrance hall is truly breath taking featuring a parquet floor and a grand sweeping oak staircase framed by exquisite original wood panelling creating a dramatic and welcoming arrival space of exceptional proportions from this impressive central hall the principal reception rooms extend with a sense of scale the formal dining room benefits from a commanding front aspect and is complemented by a spacious adjacent study both enriched by striking wood panelling and high ceilings the magnificent drawing room offers a perfect blend of classical detail and contemporary design featuring generous dimensions that allow for versatile formal entertaining and panoramic views the spacious kitchenbreakfast room is designed for both entertaining and relaxed family living complemented by an informal dining area flowing seamlessly into a large livingfamily room forming a central hub for everyday life these spaces are thoughtfully arranged to balance practicality with style the lower ground floor is devoted to leisure boasting exceptionally high ceilings throughout it includes a large games room a fully equipped fitness suite a media room and a utilitylaundry area with direct access to a private sunken courtyard  ideal for versatile family use ascending to the first floor a magnificent galleried landing bathed in natural light leads to the principal bedroom suite featuring a generous box bay window a spacious dressing room and a luxurious limestoneclad en suite bathroom three further large en suite bedrooms complete this floor each offering privacy and comfort the second floor houses additional wellproportioned bedrooms with large family bathroom and access to a private roof terrace underfloor heating runs throughout powered by twin highefficiency gas boilers ensures comfort and energy efficiency throughout this substantial home externally the property is approached via an intercomcontrolled gated entrance with a blockpaved driveway providing ample parking and access to a detached triple garage the beautifully maintained lawned gardens extend to the side and rear gently undulating with the natural contours of the land enhanced by mature trees and shrubbery providing a private setting location the property is superbly placed with easy access to the many amenities of fashionable hale village and the popular town of altrincham with their impressive range of restaurants bistros and bars cinema specialist shops and markets easy access to the m56 m60 and m6 offer easy communication links to the north wests principal commercial centres altrincham metro link provides access to the city this is 01miles away along with trains from both altrincham and hale to manchester and chester manchester international airport is just 7 miles away the area abounds in golf courses leisure clubs and facilities for outdoor pursuits the national trusts dunham massey hall and park are close by and the bollin valley and cheshire countryside are on the doorstep stamford and john leigh parks are within easy reach just a short distance away the educational establishments available locally are considered among the best in the manchester area with altrincham grammar loreto st ambrose as well as outstanding preparatory and junior schools such as stamford park primary and st vincents primary many locally attend manchester grammar too square footage 7245 sq ft,2269285.714285714,,,mid-range,0,,,,
325000.0,welcome to filey road  an immaculately threebedroom semidetached family home tucked away on a quiet treelined street this beautifully threebedroom semidetached home offers the perfect blend of contemporary style and comfortable family living ideally located with excellent transport links nearby train stations highly regarded schools and a wide range of local amenities filey road is a superb choice for both professionals and families alike step inside and discover a bright inviting living room with generous proportions and a welcoming atmosphere perfect for relaxing or entertaining a second reception room ideal as a dining area or versatile family space flows seamlessly towards the rear the extended kitchen is a real highlight  thoughtfully designed with highquality finishes and ample storage making it the heart of the home the ground floor also benefits from internal access to the garage and easy access to the rear garden providing convenience and flexibility for modern living upstairs youll find three wellproportioned bedrooms all stylishly finished and filled with natural light the sleek contemporary family bathroom completes the firstfloor accommodation outside the property continues to impress a private driveway offers offroad parking while the enclosed rear garden provides a peaceful space for children to play or for hosting summer gatherings the attached garage adds further value with additional storage or potential for future conversion subject to planning this is a rare opportunity to secure a turnkey home in a highly soughtafter location early viewing is highly recommended  homes of this calibre dont stay on the market for long,655000.0,,,high-end,1,,,,
405000.0,the bemey is a popular four bedroom home with integral garage the hallway leads directly into the kitchen family diner with glazed french doors opening onto the garden downstairs also offers a bay fronted lounge a handy utility room and a wc upstairs the main bedroom featured an en suite shower room and there are three further double bedrooms and a family bathroom rooms bathroom 2911mm x 2227mm 96 x 73 bedroom 1 5271mm x 3954mm 173 x 1211 bedroom 2 4154mm x 2638mm 137 x 87 bedroom 3 3966mm x 3228mm 130 x 107 bedroom 4 3520mm x 2947mm 116 x 98 ensuite 1 2067mm x 1768mm 69 x 59 kitchen  family  dining 5271mm x 4925mm 173 x 161 lounge 5368mm x 3273mm 177 x 108 utility 2222mm x 1492mm 73 x 410,811427.8571428572,73.0,,,0,,,,
650000.0,lancashire properties are proud to present this excellent sixbedroom deceptively spacious detached house on upper chorlton road this beautifully maintained property spans three floors offering generous living space ideal for large families or investors located in a highly soughtafter yet peaceful residential area of m16 this home offers a perfect balance of convenience and comfort situated on off upper chorlton road the property benefits from an excellent location all local amenities are right at your doorstep including tesco extra post office local grocers subway and a variety of popular takeaways located on withington road centrally positioned within walking distance to several reputable schools such as manley park infants school manley park primary school and william hulmes grammar school among others surrounded by a diverse community with local mosques and churches nearby excellent transport links with frequent bus routes 85 86 etc providing easy access to manchester city centre and university campuses within walking distance to scenic green spaces including manley park and alexandra park perfect for family recreation and relaxation ground floor the main entrance opens into a welcoming communal hallway that provides access to two spacious and welllit reception rooms ideal for both relaxation and entertaining the ground floor also features a fully fitted modern kitchen equipped with highquality fixtures and ample storage space the property further benefits from a substantial double extension added at a later stage first floor comprises one expansive master bedroom complemented by three additional wellproportioned double bedrooms a well size family bathroom and a separate toilet offering ample space for comfortable and practical family living second floor features tow further exceptionally spacious bedroom and a wc ideal for use as a master suite or guest accommodation externally the property boasts a large rear garden perfect for outdoor gatherings and summer enjoyment along with a private driveway at the front providing convenient offroad parking for multiple cars basement multiple dry storage rooms in basement to store unwanted items council tax band e this is a rare opportunity to acquire a substantial family home which is under the ownership of same family since last many decades and in one of manchesters most desirable residential areas book your viewing today before this exceptional property is sold disclaimer the above property details are intended to serve as a general guide for prospective purchasers lancashire properties does not hold any authority to provide warranties or guarantees in relation to the property we would like to draw the attention of prospective buyers to the fact that while every effort has been made to provide an accurate and realistic description no specific survey or detailed inspection has been undertaken in respect of the property its services appliances fixtures fittings or equipment if double glazing has been mentioned within these particulars purchasers are advised to satisfy themselves as to the type quality and extent of double glazing installed all purchasers are strongly recommended to conduct their own independent surveys inspections and investigations prior to proceeding with any purchase the inclusion of any appliances or services within these particulars does not imply that they are in full working order or that they have been tested whilst we make every effort to ensure that the information provided is accurate and reliable if there is any aspect of particular importance to you please contact our office for verification council tax band e trafford metropolitan borough council tenure freehold,396069.5,,,mid-range,1,,,,
320000.0,video tour available an attractive  spacious four bedroom period midterrace property situated on a highly desirable and soughtafter treelined residential road off ayres road and within easy walking distance of the centre of old trafford both hullard and seymour park are positioned nearby as well as the metrolink station at trafford bar which gives you direct access into the city centre and media city bus routes also give access to chorlton and manchester city centre and seymour park primary school all being a tenminute walk away in brief the property consists of an entrance hallway a lounge to the front aspect a dining room a fitted kitchen with useful storage cupboard and a downstairs shower room stairs leading to the firstfloor landing reveal three good sized bedrooms and a white threepiece bathroom suite completing this floor additionally to the second floor there is a further large double bedroom the property benefits from gas fired central heating high ceilings an alarm system and a rear courtyard externally  to the front aspect there is a lowlevel brick boundary wall with a pedestrian gate opening onto a path leading to the front door to the rear aspect there is a low maintenance courtyard enclosed with brickbuilt walls to the neighbouring properties there is a timber gate allowing access into the communal service alley financial services  we believe that by introducing our clients to specialist advisors who provide simple sensible mortgage  protection advice we can help our clients make fully informed decisions giving them the confidence that they are getting the right deal from the start our partners are committed to offering a tailormade personal and professional service and aim to exceed expectations on every level specialising in finding the best mortgage  protection products to suit your particular needs if you wish to take the opportunity to speak with our partner advisors at bespoke mortgage bridget and mark can be reached onuse contact agent button or use contact agent button aml  antimoney laundering  we are required by law and hmrc guidelines to carry out antimoney laundering checks on all those selling or buying a property whilst we retain responsibility for ensuring checks and any ongoing monitoring are carried out correctly the initial checks are carried out on our behalf by lifetime legal who will contact you once you have agreed to instruct us in your sale or had an offer accepted on a property you wish to buy the cost of these checks is 60 incl vat which covers the cost of obtaining relevant data and any manual checks and monitoring which might be required this fee will need to be paid by you in advance of us publishing your property in the case of a vendor or issuing a memorandum of sale in the case of a buyer directly to lifetime legal and is nonrefundable we will receive some of the fee taken by lifetime legal to compensate for its role in the provision of these checks,443766.71428571426,,,high-end,0,,,,
265000.0,trading places are pleased to offer for sale this two bedroom period midterrace property occupying a desirable position and offering excellent potential for those looking to refurbish and create a home to their own taste in need of full modernisation throughout the accommodation is wellproportioned and provides a solid foundation for improvement the ground floor comprises a welcoming entrance hallway leading to two generously sized reception rooms both offering versatile space for living and dining to the rear a fairsized kitchen provides access to the outside and presents a fantastic opportunity for redesign or extension subject to the relevant permissions to the first floor there are two spacious double bedrooms with the main bedroom benefiting from dual windows allowing an abundance of natural light to fill the room a useful storage room offers additional flexibility while a wetroom style bathroom completes the upperfloor layout externally the property includes a private rear area which with some attention could be transformed into a lovely outdoor space for relaxing or entertaining ideally situated close to a range of amenities wellregarded schools and excellent transport links this property is perfectly suited to buyers seeking a project investors or anyone looking to add value in a soughtafter location contact trading places for further information or to arrange your viewing appointment disclaimer while every effort has been made to ensure the accuracy and completeness of the information trading places and the seller makes no representations or warranties of any kind express or implied about the completeness accuracy reliability or suitability of the information contained in this advertisement for any purpose and any reliance you place on such information is strictly at your own risk all information should be confirmed by your legal representative,815833.3333333334,,,mid-range,1,,,,
349995.0,the simply stunning three bedroom new ashbourne features a master bedroom with ensuite shower room as well as two other well proportioned bedrooms there is also a good sized family bathroom with a shower over the bath downstairs you will find the stunning open plan kitchendining room with large french doors opening out onto the private rear garden over this room are three large skylight windows which bring in natural light whatever the weather at the front of the house is a separate well proportioned living room featuring a large bay window with views to the side of the house adding to the convenience of this superb home is both a downstairs wc and under the stairs utility room with ample storage space adjoining the house is a very handy garage with full access to the rear garden the floorplan has been produced for illustrative purposes only room sizes shown are between arrow points as indicated on plan the dimensions have tolerances of  or 50mm and should not be used other than for general guidance if specific dimensions are required enquiries should be made to the sales consultant the floorplans shown are not to scale measurements are based on the original drawings slight variations may occur during construction rooms ground floor kitchendining room 533m x 345m 176 x 114 living room 319m x 454m 105 x 1411 first floor master bedroom 286m x 481m 95 x 159 bedroom 2 306m x 320m 10 x 106 bedroom 3 306m x 254m 10 x 84 about calico grove discover our stunning range of 3 and 4 bedroom homes in rochdale situated south of rochdale town centre this is a fantastic development of 96 highspecification 3 and 4 bedroom new build homes its excellently located with convenient transport links to surrounding cities such as manchester and leeds making this the perfect choice for professionals looking to commute as well as growing families and couples searching for the perfect new home,819285.7142857143,159.0,,,0,,,,
390000.0,aubrey lee  co are pleased to bring to the market this extended semi detached house offering three bedrooms along with extensive ground floor space coming from three thru reception rooms and an extended diner kitchen the property benefits from off street parking and easy access for amenities the accommodation briefly comprises of hall guest wc living roomdinig roomplayroom diner kitchen bedroom 1 bedroom 2 bedroom 3 bathroom gardens to the front and rear along with driveway running down the side of the property viewings can be arranged by calling the offices of aubrey lee  co location situated on the corner of parksway and hereford drive hall a welcoming hallway with the stairs leading upto the left oak doors open to all rooms with double doors opening to the living room guest wc consisting of a white suite of wc with matching washbasin frosted window tiled floor and splashbacks living room  98m 322 approx x 37m 122 approx a beautifully proportioned room which is the original two reception rooms along with an extended room to the rear all open to make one large area offering more than ample space for furniture door to the diner kitchen diner kitchen  72m 237 approx x 27m 810 approx accessed from either the hallway or the living room as you enter from the hallway there is a dining area which opens to the kitchen fitted with a range of cream gloss and wood effect wall and base units there are two inset sink units and mixer taps along with two integrated ovens and two integrated dishwashers there is space for a full size freestanding fridge and full size freezer if desired rear facing windows and door opening to the garden 3 bedrooms bedroom 1  35m 116 approx x 33m 1010 approx front facing double bedroom with a range of fitted robes bedroom 2  39m 1210 approx x 36m 1110 approx rear facing double bedroom which again has a wall of fitted robes bedroom 3  22m 73 approx x 22m 73 approx front facing single bedroom which again has fitted robes bathroom consisting of a modern white suite of bath with overhead shower matching washbasin and wc chrome towel radiator tiled walls and floor and a frosted window garden to the rear of the property is a paved patio seating area with side access gate steps lead upto an artificial lawned garden with fencing to the front of the property is small lawned garden with shrubbery borders steps to the front door heating gas central heating windows sealed unit double glazing in upvc frames council tax band c tenure we understand that the property is freehold notice please note we have not tested any apparatus fixtures fittings or services interested parties must undertake their own investigation into the working order of these items all measurements are approximate and photographs provided for guidance only,510825.0,1.0,3.0,mid-range,1,,,,
1025000.0,hibbert homes are delighted to bring to the market this incredible four bedroom detached residence located on mount road hyde this property boasts ample space throughout and offers views one could only dream of an inviting hallway with a stylish staircase greet you upon entrance with a spacious reception room and the inclusion of a wood burner located in this part of the property too one of the most impressive parts to this home is the kitchen presenting a bespoke openplan layout and featuring attractive bifold doors at the rear allowing the rare views this property holds to be shown off in the best way possible a large and cosy living room is also located downstairs with a wellpresented dining room included too this home benefits further through the inclusion of a cinema room creating a brilliant spot for enjoying some family time a downstairs wc and a practical laundry room are also found on this floor heading upstairs this home offers four double bedrooms with three of these bedrooms benefiting from the inclusion of an en suite bathroom the master suite presents brilliant space and holds an excellent walkin wardrobe along with its spacious en suite a contemporary main family bathroom features a large bath with a separate shower with stunning views of the landscape on display too this property boasts spectacular views from the rear garden overlooking marple and open fields a pleasant patio with a seating area allows for a relaxing spot to soak up the sun and enjoyed the incredible views or to also entertain guests a detached garage at the front of the property creates extra useful storage space with offroad parking is available for multiple vehicles too this rare property is not one to be missed so contact hibbert homes bramhall on to book your viewing,495000.0,,,high-end,0,,,,
950000.0,a wonderful victorian mansion terrace with impressive proportions throughout and a brand new stylish interior highlights include a spectacular openplan designer living kitchen four double bedrooms five beautifully appointed bathrooms two with en suites and fully converted cellars there is a stunning sun terrace and large south facing gardens 2425 sq ft set over four floors the accommodation consists of a reception hall with stairs rising to the first floor wc opening from the hallway is a living room with twin windows there is a stunning open plan living kitchen with bespoke fitted cabinetry solid worktops integrated appliances and a separate utility room there is a fully tanked basement which could be used as a home office with a shower room with useful storage the first floor reveals two double bedrooms with en suite shower rooms and access to a rear balcony there is a luxury family bathroom the top floor has two further double bedrooms served by an bathroom there is a  walk out  terrace which is directly south facing and is nearly 20ft in width the property is approached via a driveway allowing off road parking for two cars with deep lawned borders to the rear is a spectacular south westerly facing garden which is fenced and is not directly overlooked set over four floors the accommodation consists of a reception hall with stairs rising to the first floor wc opening from the hallway is a living room with twin windows there is a stunning open plan living kitchen with bespoke fitted cabinetry solid worktops integrated appliances and a separate utility room there is a fully tanked basement which could be used as a home office with a shower room with useful storage the first floor reveals two double bedrooms with en suite shower rooms and access to a rear balcony there is a luxury family bathroom the top floor has two further double bedrooms served by an bathroom there is a  walk out  terrace which is directly south facing and is nearly 20ft in width the property is approached via a driveway allowing off road parking for two cars with deep lawned borders to the rear is a spectacular south westerly facing garden which is fenced and is not directly overlooked,1038000.0,,,high-end,0,,,,
275000.0,located on the everpopular eskdale avenue this wellpresented threebedroom semidetached home is ideal for families looking for a moveinready property close to local amenities and green spaces with driveway parking for one car plus an onstreet permit space the home is both practical and conveniently situated within walking distance of wigan town center kenyon road shops woodfield primary school and local parks including mesnes park and haigh hall the property features a welcoming entrance hallway a bright lounge with a bay window and a separate dining area that flows into a spacious conservatory offering a flexible layout for everyday family living the kitchen is fitted with builtin appliances and is complemented by an extension which comprises a separate utility room and a convenient downstairs wc the rear garden is very private providing a peaceful outdoor space for relaxing or entertaining upstairs there are two double bedrooms one of which includes builtin wardrobes alongside a wellsized single bedroom a modern family bathroom completes the accommodation the property is in good condition throughout with new carpets recently fitted in the bedrooms making it a perfect option for those looking to move straight in without the need for renovation,599908.3333333334,,,mid-range,1,,,,
140000.0,attention investors currently achieving 995 per month a spacious and wellplanned two bedroom two bathroom apartment set within a well regarded purpose built development the property is ideally located for both chorlton and manchester city centre with excellent transport links amenities and parks the internal accommodation comprises communal hallway private hallway open plan loungedining room fitted kitchen with integrated appliances two good sized bedrooms with ensuite to the master and a main bathroom with white suite and over bath shower double glazing and electric heating are installed there is a gated and secure private residents car park to the rear of the development with an allocated parking space and communal gardens complete the specification lease information as advised from our vendor service charge 2087 per annum paid half yearly ground rent 125 per annum lease length of 125 years from 2005,909999.2857142856,,,,0,,,,
380000.0,bridgfords are delighted to introduce this 4bedroom semidetached home in the everpopular location of councillor lane cheadle this property offers versatile living in an ideal location perfect for families  professionals alike the property benefits from excellent access to cheadle village shops restaurants and amenities with lots of reputable local schools and convenient transport links nearby notably this property is within the catchment area for the outstanding laurus trust school making it a highly desirable choice for families upon entering you are welcomed by a generous hallway to the left the property has been thoughtfully extended to create a versatile fourth bedroom making it wellsuited for single level living a guest suite or additional reception space to the right a spacious and modern living area flows seamlessly into the extended kitchen providing an inviting space for everyday family life and entertaining upstairs the property boasts two wellproportioned double bedrooms and a third amplesized single bedroom offering flexibility for a growing family home office or nursery externally the home sits on the largest plot of land in the surrounding area with a hugely spacious rear garden that provides plenty of outdoor space for children to play gardening enthusiasts or summer entertaining the garden also offers significant potential for future extension without compromising the generous green space you will not want to miss out on a viewing on this stunning family home please call to arrange a viewing,527857.1428571428,,,mid-range,1,,,,
410000.0,an attractive victorian endofterrace home extending to approximately 1263sqft and benefitting from a generous rear garden enjoying a highly desirable position in the heart of chorlton typical of its era the property offers impressive ceiling heights and generous room proportions throughout the accommodation comprises a welcoming entrance hallway two wellproportioned reception rooms and a kitchen to the rear which provides access to the garden to the first floor are three goodsized bedrooms and a family bathroom externally there is a front garden enclosed by a low brick wall and a large rear garden predominantly laid to lawn  a real asset for a property of this type and location ideal for families and entertaining the home is well maintained and comfortably presented while offering excellent scope for cosmetic updating allowing a purchaser to refresh and personalise the space over time rather than undertake immediate works the location is a real highlight positioned within walking distance of the metrolink and the vibrant centre of chorlton with its wide range of independent shops bars and restaurants and within catchment for highly regarded local schools offered for sale with no onward chain this is a fantastic opportunity to acquire a substantial victorian home in a prime location ready to be enjoyed while offering the chance to add your own stamp in time,894999.1666666666,,,,0,,,,
650000.0,video tour available a spacious nine bedroom hmo this bayfronted victorian semidetached property is located on a prime residential road just off withington road in withington ideally positioned within walking distance of excellent transport links located in a central withington village location ideally located for students studying at the universities in manchester just a stones throw from withington centre and the main bus route through fallowfield into manchester city centre with old moat park directly opposite in brief the thoughtfully designed accommodation includes an entrance hall a front lounge with bay window a downstairs double bedroom with a threepiece jack  jill shower room and a sizable openplan fitted kitchendining room on the ground floor with direct access to the side leading to the enclosed rear garden to the first floor there are four generously sized double bedrooms a threepiece fitted bathroom and an additional separate wc whilst the second floor reveals a further four bedrooms to finish this fantastic accommodation the property showcases high ceilings picture railings and ceiling coving to the lounge and is warmed by gasfired central heating in addition there is a useful cellar offering two separate storage chambers internal inspection highly recommended externally  the property features both front and rear enclosed gardens behind brick boundary walls financial services  we believe that by introducing our clients to specialist advisors who provide simple sensible mortgage  protection advice we can help our clients make fully informed decisions giving them the confidence that they are getting the right deal from the start our partners are committed to offering a tailormade personal and professional service and aim to exceed expectations on every level specialising in finding the best mortgage  protection products to suit your particular needs if you wish to take the opportunity to speak with our partner advisors at bespoke mortgage bridget and mark can be reached onuse contact agent button or use contact agent button aml  antimoney laundering  we are required by law and hmrc guidelines to carry out antimoney laundering checks on all those selling or buying a property whilst we retain responsibility for ensuring checks and any ongoing monitoring are carried out correctly the initial checks are carried out on our behalf by lifetime legal who will contact you once you have agreed to instruct us in your sale or had an offer accepted on a property you wish to buy the cost of these checks is 60 incl vat which covers the cost of obtaining relevant data and any manual checks and monitoring which might be required this fee will need to be paid by you in advance of us publishing your property in the case of a vendor or issuing a memorandum of sale in the case of a buyer directly to lifetime legal and is nonrefundable we will receive some of the fee taken by lifetime legal to compensate for its role in the provision of these checks to sell hmo house in multiple occupation propert  using a specialist agent to sell hmo house in multiple occupation property in south manchester is the best approach for several compelling reasons 1expertise in hmo regulations hmo properties are subject to specific legal and regulatory requirements a specialist agent fully understands these intricacies ensuring that the property is compliant and that any potential issues are addressed before the sale 2targeted buyer screening specialist agents have the expertise to screen buyers effectively they can identify and qualify potential buyers ensuring that offers come from suitable individuals or companies with a genuine interest and capability to purchase hmo properties 3access to exclusive buyer networks david the specialist hmo agent has access to extensive lists of private hmo buyers including property funds this network provides a larger pool of potential buyers who are specifically interested in hmo investments increasing the chances of finding a dependable buyer 4market reach in addition to private buyers specialist agents like david also have strong access to the open market this dual approach ensures that the property is exposed to a broad audience maximizing the likelihood of a profitable sale 5smooth and efficient process selling hmo properties can be complex but a specialist agent can streamline the process their knowledge and experience help in managing the sale efficiently reducing stress and ensuring a smooth transaction 6higher sale prices specialist agents understand the true value of hmo properties and can negotiate effectively to secure the best possible price their market knowledge and negotiation skills are crucial in achieving a profitable sale to explore more about selling your hmo property you can contact one of our expert team members david is available for inquiries atuse contact agent button or via direct email use contact agent button,435000.0,,,high-end,0,,,,
365000.0,situated in the desirable caldershaw estate in norden this charming detached family home presents an excellent opportunity for those seeking a property to personalise and make their own with a neutral finish throughout this residence serves as a perfect blank canvas inviting you to infuse your unique style and vision the home boasts two wellproportioned reception rooms including a spacious living room that offers a warm and welcoming atmosphere for family gatherings and entertaining guests the openplan kitchen diner is designed for modern living providing a seamless flow between cooking and dining making it an ideal space for family meals and social occasions additionally the versatile second reception room can easily be transformed into an extra bedroom accommodating the needs of a growing family or providing a comfortable guest space the property features three bedrooms ensuring ample sleeping quarters for family members or visitors with two bathrooms morning routines can be managed with ease adding to the convenience of family life outside the generous rear garden offers a delightful outdoor space for children to play gardening enthusiasts to thrive or simply for enjoying the fresh air the driveway provides offroad parking for multiple vehicles a valuable asset in this popular location situated in a wellregarded area this home enjoys good access to local amenities and commuter routes making it an ideal choice for families and professionals alike this property is not just a house it is a place where you can create lasting memories and truly make it your own dont miss the chance to view this wonderful home and envision the possibilities it holds some images have been virtually staged to help you envision your dream home ground floor entrance composite double glazed frosted door to hall hall smoke alarm spotlights stairs to first floor doors to wc reception room one reception room twobedroom four and wood effect flooring wc 140m x 135m 47 x 45 upvc double glazed frosted window central heating radiator dual flush wc vanity top wash basin with mixer tap and wood effect flooring reception room twobedroom four 551m x 378m 181 x 125 upvc double glazed window central heating radiator and spotlights reception room one 551m x 371m 181 x 122 upvc double glazed window central heating radiator television point living flame gas fire with granite hearth and surround wooden mantle wood effect laminate flooring spotlights smoke alarm and open access to diningkitchen diningkitchen 726m x 249m 2310 x 82 open plan upvc double glazed window central heating radiator wood effect laminate flooring and spotlights the kitchen has a range of high gloss wall and base units compact laminate worktops in marble effect oven and microwave oven in a high rise unit four ring electric hob glass splash back extractor hood composite sink and drainer with mixer tap integrated dishwasher and fridge freezer upvc double glazed french doors to rear garden upvc double glazed door to rear and door leading to the inner hall inner hall 196m x 089m 65 x 211 wood effect laminate flooring and door to utility utility 229m x 119m 76 x 311 wood laminate flooring pluming for washing machine and access to a wall mounted ideal combination boiler first floor landing hardwood frosted window spotlights smoke alarm doors to three bedrooms bathroom and door leading to stairs to the second floor bedroom one 406m x 264m 134 x 88 upvc double glazed window central heating radiator spotlights and door to en suite en suite 262m x 086m 87 x 210 upvc double glazed frosted window central heating towel rail dual flush wc vanity top wash basin with mixer tap enclosed direct feed rainfall shower with rinse head pvc panel elevation extractor fan spotlights and tiled floor bedroom two 297m x 264m 99 x 88 upvc double glazed window central heating radiator and spotlights bedroom three 249m x 201m 82 x 67 upvc double glazed window central heating radiator television point and spotlights bathroom 196m x 170m 65 x 57 upvc double glazed frosted window central heating towel rail dual flush wc vanity top wash basin with mixer tap panel bath with mixer tap overhead direct feed rainfall shower with rinse head pvc panelling extractor fan spotlights tiled elevation and tiled floor second floor attic room 391m x 239m 1210 x 710 velux window spotlights and under eave storage areas external front drive for off road parking for numerous vehicles rear raised laid to lawn garden paving decking bedding areas with mature shrubbery,905999.0,,,mid-range,0,,,,
869000.0,philip ellis estate agents are proud to present this impressive family home on rutland drive one of broughton parks most sought after residential roads arranged over three floors the property offers generous and flexible living space making it ideal for growing families multi generational living or those who enjoy entertaining on entering the property you are welcomed into a wide and inviting entrance hall large enough to accommodate a piano with the added convenience of a downstairs wc the open plan lounge and dining room runs from the front to the rear of the house featuring a bay window to the front and pleasant garden views to the rear creating a bright and versatile space for both everyday living and hosting guests the modern kitchen is fitted with integrated appliances and centred around a breakfast island this flows into an additional dining area with large windows that allow natural light to pour in the kitchen extension benefits from a sukkah friendly roof ideal for those observing jewish festivals and beneath the extension there is a dedicated storage area enhancing the practicality of the home the lower ground floor provides excellent versatility comprising a second reception room an additional bedroom a separate pesach kitchen and the storage room previously mentioned this level is well suited for extended family guests or independent living accommodation to the upper floor there are four well proportioned double bedrooms including a principal bedroom with fitted wardrobes and en suite facilities along with a stylish family bathroom and a useful storage or utility cupboard altogether the property benefits from three toilets across the various floors a further staircase leads to a loft room currently used for storage which offers significant development potential similar neighbouring properties have converted their lofts to create up to three additional bedrooms allowing for the possibility of a total of eight bedrooms subject to the necessary consents externally the rear garden enjoys a raised decked terrace with steps leading down to a private lawned area perfect for summer entertaining or quiet relaxation the front of the property is hedged for privacy with on street parking available rutland drive is known for its strong sense of community and is ideally located close to local amenities highly regarded schools places of worship and excellent transport links into manchester city centre,1011600.0,,,mid-range,1,bedroom,,,
180000.0,this fully twobedroom home offers modern living throughout featuring a converted attic space spacious gardens and a range of recent upgrades all within a wellconnected and convenient oldham location epc  c ryder  dutton are delighted to bring to the market this beautifully presented twobedroom home which has been fully to a and offers an excellent opportunity for both firsttime buyers and investors alike the property has undergone a comprehensive renovation programme with a full refurbishment completed in 2020 improvements include the installation of a new logic boiler and radiators replastering throughout new rear windows and door a stylish new fitted kitchen and a modern bathroom with two shower units one gas one electric karndean flooring has been fitted to both the lounge and kitchendiner with new bathroom flooring and carpets throughout the attic has also been converted to create a versatile additional space complete with a velux window and pulldown ladder currently used as a home office this room also offers sufficient space for a double bed the rear brickwork of the property was also repointed during this refurbishment the ground floor comprises a welcoming entrance hallway a comfortable lounge and a contemporary wellequipped kitchendiner to the first floor are two double bedrooms and a modern family bathroom externally the property benefits from a lowmaintenance patio garden to the front while the generously sized rear garden extends to approximately 19 metres and is laid with a mix of stone and lawnmaking it ideal for relaxation entertaining or family use the property also offers potential for extension subject to the relevant planning permissions further improvements have been made in recent years including a new rear fence and updated gas and electricity consumer units in 2023 in 2024 individual water supply pipes were fitted along with a new front fence double gates and newly installed front windows and a upvc front door all finished in an attractive light oak colour the property was freshly redecorated in 2025 kestrel avenue is situated in the popular clarksfield area of oldham benefitting from excellent transport links with regular bus services along lees road just a twominute walk away oldham town centre is approximately a fiveminute drive while lees village centre is around a tenminute walk offering a wide range of shops supermarkets bars and restaurants as part of making an offer were required by law to complete antimoney laundering aml checks to confirm the identity of all purchasers to cover the cost of this process a fee of 48 inc vat per buyer is payable when your offer is accepted this is a standard requirement for all buyers and helps us ensure your offer can be progressed as quickly and smoothly as possible,547500.0,,,budget-friendly,1,bathroom,,,
650000.0,this extended detached property is for sale in the soughtafter residential area of gatley cheadle positioned in a culdesac setting it offers wellbalanced family accommodation with generous landscaped gardens and excellent outdoor patio areas ideal for family gatherings and childrens play the ground floor features a welcoming hallway two separate reception rooms including a formal dining room with good natural light and a spacious extended living room with fireplace garden views and bifold doors providing direct access to the garden the stunning openplan dining kitchen has been extended to create a versatile family space incorporating a kitchen island breakfast area builtin pantry storage and velux windows that enhance the natural light and provide a seamless transition between indoors and the gardens there is also a downstairs a separate wcwashroom for convience there are four generous bedrooms arranged over the upper floor the master double bedroom includes builtin wardrobes natural light and views over the gardens a further double bedroom offers builtin storage and neutral décor while another double bedroom enjoys good natural light a generous single bedroom is bright and airy the secondfloor gymhobbies room benefits from a velux window providing natural light the main family bathroom is impressive and provides a freestanding bath and separate rain shower to complement the first floor is a further wellpresented family shower room this beautiful resistance offers stunning landscaped gardens with a fantastic patio area ideal for social gathering and entertainment all of the accommodation is compliment with a good sized driveway and a convenient garage the property falls within council tax band f and is well placed for local amenities in gatley and cheadle including nearby schools and green spaces such as gatley carrs gatley railway station offers services towards manchester piccadilly and manchester airport with journey times to the city centre typically around 1520 minutes and there are regular bus links along nearby main routes important note to potential purchasers  tenants we endeavour to make our particulars accurate and reliable however they do not constitute or form part of an offer or any contract and none is to be relied upon as statements of representation or fact the services systems and appliances listed in this specification have not been tested by us and no guarantee as to their operating ability or efficiency is given all photographs and measurements have been taken as a guide only and are not precise floor plans where included are not to scale and accuracy is not guaranteed if you require clarification or further information on any points please contact us especially if you are traveling some distance to view potential purchasers fixtures and fittings other than those mentioned are to be agreed with the seller potential tenants all properties are available for a minimum length of time with the exception of short term accommodation please contact the branch for details a security deposit of at least one months rent is required rent is to be paid one month in advance it is the tenants responsibility to insure any personal possessions payment of all utilities including water rates or metered supply and council tax is the responsibility of the tenant in most cases,575000.0,,,,1,,,,
1700000.0,superb investment opportunity totally detached property made up of 2 adjoining semi detached houses offering a perfect hmo opportunity comprising 19 units ranging in size from 7sqm75sqft to 30sqm323sqft 2 fully fitted kitchens 13 shower roomwcs 7 ensuite 2 very large dry basements and parking for 15 cars and with a projected rental income of 159240 per annum the property offers brand new fully fitted kitchens and brand new shower roomswcs with luxury fixtures throughout and also benefits from stylish laminate flooring sensor lighting high ceilings and large windows all decorated to the highest of standards and sensor lighting the property has full hmo compliance and certification and full building regulations which can be seen on request the property is very well located in an area that offers a strong range of amenities that support consistent rental demand and longterm investment appeal the property benefits from good transport links with stockport and davenport railway stations nearby providing regular services into manchester and the wider region making it attractive to commuters a variety of local shops and supermarkets along with cafés and everyday services are within walking distance adding to tenant convenience the area is also served by primary schools gp practices pharmacies and fitness facilities appealing to families and professionals alike access to local green spaces and the close proximity of stockport town centre further enhance lifestyle appeal helping to underpin strong tenant demand and resale potential call us now on 0161 4420606 to arrange your private viewing of this wonderful investment opportunity,443750.0,,,high-end,0,,,,
270000.0,newly and chainfree this charming 3bedroom semidetached house is perfect for firsttime buyers enjoy a lightfilled interior a lovely garden and onstreet parking experience a peaceful and convenient lifestyle in this inviting home dont miss out on this fantastic chainfree opportunity to own a newly 3bedroom semidetached house perfect for firsttime buyers situated in a soughtafter neighbourhood this charming property offers a bright and airy interior ideal for creating a comfortable and welcoming home the spacious living room is perfect for relaxation and entertainment while the wellappointed kitchen provides a functional and stylish cooking space upstairs three generously sized bedrooms await making it ideal for a growing family or hosting guests outside a good sized rear yard is perfect for outdoor activities or relaxation onstreet parking adds to the convenience of this property contact us today to arrange a viewing and make this your new home ground floor porch wooden door to front elevation and ceiling light point hallway laminate flooring ceiling light point and radiator living room 374m x 318m upvc double glazed window to rear elevation laminate flooring radiator and ceiling light point rear reception room 29m x 281m upvc double glazed door to side elevation upvc double glazed window to rear elevation laminate flooring ceiling light point radiator base unit with roll top worksurface stainless steel sink with drainer two ring halogen hob and extractor hood kitchen 346m x 317m upvc double glazed window to rear elevation laminate flooring radiator ceiling light point a range of base and wall units with roll top worksurface tile splash back stainless steel sink with drainer and mixer tap four ring halogen hob integrated electric oven and wall mounted extractor hood first floor stairs  landing bedroom one 431m x 328m upvc double glazed windows to front elevation laminate flooring ceiling light point and radiator bedroom two 27m x 228m upvc double glazed windows to rear elevation laminate flooring ceiling light point and radiator bedroom three 288mx 286  upvc double glazed windows to rear elevation laminate flooring ceiling light point and radiator bathroom 27m x 114m upvc double glazed window to side elevation laminate flooring aqua board walls chrome heated towel rail low level wc cabinet mounted hand wash basin and corner shower with thermostatic mixer shower shower room laminate flooring ceiling light point aqua board wall low level wc wall mounted hand wash basin and shower cuibicile with thermostatic mixer shower externally enclosed yard to rear of property,272000.0,,,mid-range,0,,,,
1750000.0,a truly exceptional six bedroom family home in the heart of didsburys prestigious blackburn park conservation area set on one of didsburys most desirable roads just a short stroll from the village this outstanding family residence offers an impressive 3934 sq ft of accommodation across four expansive floors with lift access from the underground garage through to the first floor brimming with character original stainedglass and contemporary elegance this is undoubtedly one of the areas most stunning gems upon entering youre welcomed by a spacious entrance hallway the bayfronted lounge boasts a feature fireplace and bespoke builtin shelving with doors opening to a stunning garden room extension the elegant bayfronted dining room features another striking fireplace flowing seamlessly into a highspec family kitchendiner with granite worktops an array of integrated appliances and views over the rear garden there is underfloor heating to the ground floor hall lounge dining room and kitchendiner a useful wc completes the space the lowerground floor comprises the integrated garage with electric door hallway and cloakroom and stairs and elevator the garage incorporates the utility services for washing drying and sink unit there is a versatile apartment with a hallway sitting room kitchendiner generous double bedroom and sleek contemporary showerwc with underfloor heating the apartment has a door to the main residence and independent access the apartment could be used for a family member staff guest suite or be let out the sitting room could be a cinema room for the main residence the lowerground floor has a generous 24m ceiling height the first floor offers a bright and airy landing leading to the principal bedroom which includes a beautiful feature window there are two additional bedrooms and two spacious and wellappointed contemporary bathrooms on the second floor there are two further double bedrooms one with a charming sidefacing balcony and these rooms share a contemporary shower room all bedrooms at the property have extensive bespoke fitted wardrobes externally the home enjoys a thoughtfully landscaped frontage with a blockpaved driveway secured by electric gates steps lead to the welcoming front entrance enhanced by feature lighting and comprehensive cctv coverage to both front and rear the rear garden is a true highlight  a tranquil and private outdoor space with mature wellstocked borders a generous lawn atmospheric feature lighting a large patio area and accessible from both the garden room and internal hallway,865000.0,,,high-end,1,bedroom,,,
315000.0,located just moments from the vibrant levenshulme high street this well presented and readytomoveinto four bedroom terrace offers a unique opportunity for families seeking generous living space in a highly convenient setting boasting a versatile and thoughtfully designed layout the property opens with a welcoming entrance hall that leads into two spacious reception roomscomprising a bright lounge and a separate dining room with french doors opening out to the rear garden creating a perfect flow for everyday living and entertaining to the rear sits a modern fitted kitchen alongside a practical utility area and ground floor wc upstairs the first floor hosts four wellproportioned bedrooms offering flexible accommodation to suit a growing familys needs plus a threepiece family bathroom suite a standout feature of this home is the multichamber cellar beneath the property providing ample storage space and offering exciting potential for conversion subject to the necessary planning permissions externally the property benefits from a lawned garden to the front and a low maintenance paved garden to the rear complete with gated side accessideal for families and those who enjoy outdoor space with minimal upkeep perfectly positioned for access to a range of reputable schools this home is just a 12minute walk from levenshulme train station and offers excellent bus connections to both manchester city centre and stockport cringle park is also close by along with a host of local amenities including shops medical facilities leisure options and a wide selection of cafés bars and eateries a distinctive property offering space charm and convenienceearly viewing is highly recommended,340714.28571428574,,,mid-range,1,,,,
400000.0,a fantastic opportunity to acquire a firstfloor apartment occupying one of the finest positions within this prestigious and soughtafter development tucked away in a private setting off st margarets road beech lawn offers an exclusive and peaceful environment with a sweeping driveway leading to beautifully maintained communal gardens and a dedicated garage recently with a stylish new kitchen and bathroom this spacious apartment extends to almost 1200 sq ft providing wellplanned accommodation throughout the bright and airy living room features twopaned french doors opening onto a juliet balcony overlooking the delightful communal gardens an adjacent dining room which can also serve as a third bedroom adds to the homes versatility there are two additional generous double bedrooms including a superb master with fitted wardrobes a modern family bathroom a separate wc and two practical storage cupboards in the entrance hall complete the layout externally the development enjoys mature neatly landscaped gardens offering a tranquil setting for residents with its prime location elegant interiors and thoughtful design this property presents an exceptional opportunity for those seeking both comfort and convenience,1631250.0,,,mid-range,0,kitchen,,,
880000.0,stunning bayfronted detached residence on a generous private plot elegantly and beautifully presented throughout this bayfronted detached home occupies a substantial and secluded plot offering an exceptional blend of timeless character and contemporary style perfect for discerning buyers seeking a turnkey property the home delivers spacious balanced accommodation ideal for modern family living upon arrival a charming entrance porch welcomes you into an impressive reception hallway featuring a stylish cloakroom with access to the utility area integrated garage and a convenient downstairs wc the ground floor offers a variety of wellproportioned living spaces including a cosy sitting room and a bright expansive loungeboth perfect for relaxation and entertaining while the sleek contemporary open plan kitchen dining is fully fitted and designed for everyday functionality and family life upstairs the property continues to impress with five generously sized double bedrooms the fifth bedroom benefits from a chic ensuite shower room while a beautifully appointed family bathroom serves the remaining rooms a slingsby ladder provides access to a fully boarded loft room offering additional versatile space set well back from washway road the property enjoys a high degree of privacy a monoblocked driveway accommodates multiple vehicles and leads to a detached single garage to the rear the garden is a true highlightmeticulously maintained mainly laid to lawn and complemented by a paved patio area ideal for outdoor dining entertaining or simply unwinding in a tranquil setting,945000.0,,,high-end,0,,,,
340000.0,ss property group are pleased to bring to market this gorgeous family home with an impressive garden which has direct access onto prestwich clough this property would make the perfect family home and would be ideal to move straight into boasting extensive gardens and an abundance of living accommodation in the popular location of prestwich the property briefly comprises of an entrance porch entrance hallway lounge dining room area and kitchen to the ground floor the first floor features three bedrooms and a family bathroom it is well situated for public transport links and with easy access into prestwich village and onto the motorway networks properties in this location are in high demand and an early viewing is strongly advised,603000.0,,,,0,,,,
1250000.0,tucked away in one of prestwichs most historically revered enclaves beech tree bank is a residence of extraordinary stature and soul originally constructed in 1881 as part of a pair of italianate villas this magnificent home forms part of a terrace that has since been nationally recognised for its awardwinning and sensitive redevelopment grand in scale rich in provenance and meticulously restored by its current custodians this is a property that truly sets itself apart from the moment you arrive theres an understated elegance that immediately captivates set back along a leafy treelined approach the homes red brick façade arched sash windows and decorative ribbon brickwork nod gracefully to its 19thcentury origins a striking entrance with double doors beneath a portico hints at the grandeur within  a home with immense care where original features and contemporary finishes sit in perfect harmony inside the sense of scale and light is palpable a wide welcoming hallway with original staircase and banisters sets the scene leading to two beautifully proportioned reception rooms the principal lounge enjoys a dual aspect with three arched sash windows framing views of the gardens to the front and side high ceilings ornate coving and an elegant fireplace all add to the sense of refinement and flow opposite a formal dining room boasts three arched bay windows overlooking the approach flooding the space with natural light to the front of the property the family room offers another beautifully appointed living space  featuring double arched sash windows that overlook the top terrace and front gardens a fireplace adds a cosy focal point while the generous proportions and classic detailing create a room thats both welcoming and refined at the rear of the home a sleek handleless kitchen with gloss cabinetry and integrated neff appliances including a quooker tap offers a clean and refined contrast to the period charm a separate utility room guest wc and a charming morning room or home office complete the main floor the lower ground level offers remarkable versatility a generous family or games room opens directly onto the side garden creating a seamless connection between indoor and outdoor living alongside this is a home gym cloakroom wc and extensive storage  ideal for leisure use or conversion into selfcontained accommodation subject to any necessary consents adjoining brick outbuildings provide further scope with exciting potential for development the upper floors house eight bedrooms arranged over two levels each brimming with natural light and graceful proportions the principal suite features a walkin wardrobe and stylish en suite while several others boast garden views original fireplaces or builtin vanity units bathrooms are wellappointed throughout with a combination of en suites and shared facilities to meet the demands of modern family living the top floor is perfect for older children guests or multigenerational living with further bedrooms a bathroom and a tuckedaway study or creative space beneath the eaves every detail has been carefully considered the current owners have lovingly restored the home respecting its heritage while integrating contemporary upgrades  from full cctv and alarm systems to heating electrics and premium finishes throughout the result is a home that feels historic yet fresh and entirely fit for modern living externally the gardens are every bit as impressive wrapping around the front side and rear the grounds have been thoughtfully landscaped to complement the propertys grand architecture mature trees offer natural seclusion while lawns patios and planted borders provide the perfect backdrop for entertaining relaxing or family play a gated gravel driveway to the rear provides offstreet parking for up to six cars discreetly accessed via a leafy private road located moments from prestwich clough and the heart of prestwich village this setting blends convenience with charm independent shops restaurants cafés and excellent transport links  including the metrolink and m60  are all on your doorstep along with green spaces and a thriving community spirit that make prestwich one of greater manchesters most desirable addresses beech tree bank is not just a home  its a legacy a distinguished part of prestwichs architectural tapestry sensitively reimagined for todays lifestyle with its rare combination of heritage space and location this is a truly onceinageneration opportunity,510825.0,,,high-end,0,,,,
300000.0,located on a quiet culdesac just moments from prestwich village this stunning fully home offers contemporary living at its finest finished to an exceptional standard throughout the property is ideal for families professionals and anyone seeking modern comfort in a highly soughtafter location inside you find modern fittings with integrated usb ports a stylish wren kitchen with quartz worktops and highquality boschneff fitted appliances the bathroom showcases luxury with a lusso stone aura 900mm wallhung stone basin complemented by underfloor heating in the bathroom kitchen and hallway for yearround comfort the home also benefits from an elegant oak doors flow throughout complementing the sleek interior design a new central heating system ensures yearround comfort while bespoke modern window shutters provide a refined touch to every room outside the garden and driveway create a beautiful and practical entrance to the property this property also has brandnew worcester boiler and with new pipework throughout offering excellent efficiency and peace of mind externally the property boasts a large garden plotperfect for families or entertainingalong with a private driveway providing convenient offroad parking perfectly positioned the house is next to prestwich tram stop offering easy access to manchester city centre in around 15 minutes it also sits within a top catchment area for outstanding primary and secondary schools making it a superb choice for families with prestwich village just a short walk away and a host of parks shops bars and transport links on your doorstep this property combines luxury convenience and location effortlessly,668325.0,,,high-end,0,,,,
2750000.0,video tour available rare to the market is this outstanding six double bedroom period property hornsey villa sits proudly on a generous plot just moments away from the everpopular beech road and chorlton village spread over four floors this substantial property boasts over 4000 sqft of accommodation this picturesque residence offers an abundance of space and character while perfectly blending modern living with period charm externally a detached leisure complex housing an indoor heated 13m swimming pool secure gated offroad parking to the front and the rear aspect along with a double garage chorlton village is just a stone through away several outstanding primary and high schools are on your door step and fantastic transport links are just a short walk away giving direct access into manchester city centre and further afield in brief this imposing and remodelled home offers a porch a welcoming reception hall which has access down into the converted basement a large lounge to the front aspect complete with bay window and feature fireplace a fantastic open plan kitchenbreakfast family room benefitting from a central breakfast island and a sun room with views and access out into the rear enclosed garden the converted basement has been transformed by the current owners and benefits from a bedroomoffice cinemagames room a steam room useful storage space and a wc there is also access out into the rear garden stairs leading to the firstfloor landing reveal three large double bedrooms a stylish threepiece shower room complete with walk in shower a utility room and an inner hallway that allows access onto a rear balcony with sweeping views the second floor offers a truly stunning principal suite complete with a freestanding bath tub and access onto the balcony additionally there is a white threepiece shower room a large dressing room and a further double bedroom completing this beautiful family home externally  to the front the property is enclosed by a wellestablished yew hedgerow and a brickbuilt boundary wall with decorative railings double electric gates open onto a driveway providing secure offroad parking for several vehicles the garden is mainly laid to lawn with wellplanted and stocked flowerbeds offering both colour and privacy a paved pathway leads to steps ascending to the front entrance while a side path provides access to the rear of the property to the rear of this impressive and bespoke home is a beautifully landscaped garden featuring a paved patio area leading to artificial turf ideal for a childrens play area complete with climbing frame there are raised flowerbeds finished with wood bark chippings decorative lighting and steps leading up to a raised patio terrace which is perfect for outdoor entertaining additionally the property benefits from a detached leisure complex housing an indoor swimming pool and a detached garage with access from york road financial services  we believe that by introducing our clients to specialist advisors who provide simple sensible mortgage  protection advice we can help our clients make fully informed decisions giving them the confidence that they are getting the right deal from the start our partners are committed to offering a tailormade personal and professional service and aim to exceed expectations on every level specialising in finding the best mortgage  protection products to suit your particular needs if you wish to take the opportunity to speak with our partner advisors at bespoke mortgage bridget and mark can be reached onuse contact agent button or use contact agent button aml  antimoney laundering  we are required by law and hmrc guidelines to carry out antimoney laundering checks on all those selling or buying a property whilst we retain responsibility for ensuring checks and any ongoing monitoring are carried out correctly the initial checks are carried out on our behalf by lifetime legal who will contact you once you have agreed to instruct us in your sale or had an offer accepted on a property you wish to buy the cost of these checks is 60 incl vat which covers the cost of obtaining relevant data and any manual checks and monitoring which might be required this fee will need to be paid by you in advance of us publishing your property in the case of a vendor or issuing a memorandum of sale in the case of a buyer directly to lifetime legal and is nonrefundable we will receive some of the fee taken by lifetime legal to compensate for its role in the provision of these checks,537142.1428571428,,,high-end,0,,,,
400000.0,wow take a look at this significantly extended four bedroom semidetached property completely throughout to a  with bifolding doors a utility room and a hidden pantry if you are looking for a property that you can pack your bags and move into  this could be the one for you the current owners have thoughtfully extended and this fantastic property to make it into a stylish family home it really must be viewed to be appreciated but as you head into the property you go into a welcoming entrance hallway which features a wooden staircase that comes complete with a glass balustrade with a light feature from here on your right you will find the downstairs bedroom on your left you will find the bayfronted lounge  that benefits from a media wall the hallway leads straight on through to the large open plan living dining and kitchen area this is a beautifully presented space with bifolding doors and velux windows letting plenty of natural light in the kitchen benefits from contemporary fitted units and boasts a hidden pantry which is accessed through one of the kitchen cupboards complete with underfloor heating also accessed from this room is the utility room which leads to the stylish threepiece shower room upstairs from the landing you will find three further wellproportioned bedrooms along with an elegant threepiece bathroom complimented by a freestanding bath and feature wall and ceiling lights externally there is a double driveway to the front for offroad parking whilst to the rear there is a landscaped garden complete with artificial grass decking and paving situated in a popular location the property is within walking distance of salford royal hospital buile hill park and light oaks primary school making it ideal for professionals and families alike the property is also conveniently located within easy access of transport links into salford quays media city and manchester city centre,916000.0,,,mid-range,1,,,,
440000.0,a fantastic four bedroom semidetached home in a popular didsbury location this spacious property is sure to appeal to families the accommodation comprises entrance hallway attractive bay fronted lounge separate dining room overlooking the garden fitted kitchen utility room four wellproportioned bedrooms and family bathroom externally there are gardens to the front and rear the rear garden is fully enclosed with lawn area patio and planted borders the location is perfect for those who enjoy a vibrant community with didsbury village and fog lane park just a short distance away the area offers an excellent range of shops bars and restaurants as well as toprated schools and transport links additionally the proximity to local hospitals makes this an ideal location for families and professionals alike an early viewing of this stunning home comes highly recommended available chain free,865000.0,,,,0,,,,
1400000.0,cowell norford are delighted to introduce to the market an exciting brand new development of luxury detached family homes of rare availability in a prestigious location in bamford  key residence features   highest specification interiors with bespoke quality fixtures and fittings throughout  approximately 4000sqft of contemporary living space  prestigious bamford location  generous plots  private landscaped gardens  double garage  beautfiful open aspect panoramic countryside views secure private gated development  prices starting from 1400000  enquire now  early viewings are essential to appreciate the calibre of accommodation on offer ,669285.0,,,high-end,0,,,,
500000.0,we are proud present a spacious four bedroom home in the heart of heald green in condition this detached house offers an excellent opportunity for families and firsttime buyers seeking a comfortable and thoughtfully designed home situated on the corner of a quiet culdesac in a soughtafter location with convenient access to public transport links respected nearby schools both junior and senior local amenities and scenic routes the property provides an ideal blend of tranquillity and accessibility the welcoming porch enters into a openplan reception room that is a spacious lightfilled area featuring a character fireplace expansive wood floors and large windows that create a welcoming environment for relaxation and entertaining the adjoining family kitchendiner benefits from ample natural light builtin pantriesbuiltin highend kitchen appliances miele complimented by a fantastic family dining space making it equally practical for busy mornings and family gatherings the property comprises of four wellproportioned bedrooms the master bedroom is located on the ground floor and is a generous double complete with its own modern ensuite and builtin wardrobes for organised storage the second bedroom is also a double with builtin wardrobes  while the third and fourth bedrooms are small doubles both benefiting from builtin wardrobes as well the main bathroom features a modern suite with both bath and shower and also the benefit of a separate wc further highlights include a private garden a detached double garage additional parking and useful outbuildings that offer extra storage or workspace potential the property carries a council tax band d and an epc rating of c reflecting its considerate and efficient design a truly appealing home ready for immediate occupancy in an area renowned for its quality of life the property also benefits from a plethora of great transport links  a short drive away is the m56 and m60 motorways a34 and the airport bypass several green spaces are close by such as  bruntwood park abney hall park and east park avenue 2 roseacre drive is a property that cant be missed and we recommend viewing this property to fully appreciate all the benefits this property has to offer important note to potential purchasers  tenants we endeavour to make our particulars accurate and reliable however they do not constitute or form part of an offer or any contract and none is to be relied upon as statements of representation or fact the services systems and appliances listed in this specification have not been tested by us and no guarantee as to their operating ability or efficiency is given all photographs and measurements have been taken as a guide only and are not precise floor plans where included are not to scale and accuracy is not guaranteed if you require clarification or further information on any points please contact us especially if you are traveling some distance to view potential purchasers fixtures and fittings other than those mentioned are to be agreed with the seller potential tenants all properties are available for a minimum length of time with the exception of short term accommodation please contact the branch for details a security deposit of at least one months rent is required rent is to be paid one month in advance it is the tenants responsibility to insure any personal possessions payment of all utilities including water rates or metered supply and council tax is the responsibility of the tenant in most cases,530000.0,,,mid-range,0,,,,
1100000.0,set in generous grounds and boasting an impressive 330 square meters 3552 sqft of accommodation this bespoke detached residence is one of just six individually designed properties located in the grounds of the former harewood lodge enjoying an elevated position beautiful surroundings and far reaching views prospective buyers will be delighted with what they find at 7 harewood in further detail  the ground floor a spacious block paved driveway with parking for several vehicles approaches the main entrance doors and the twin doors belonging to the integral double garage once through the main entrance door you will be greeted by a grand reception hallway with its bespoke staircase and galleried landing above to the right of the hall is a spacious living room with dual aspect windows a fireplace with an inset inglenook log living flame gas fire and an open aspect to a formal dining area with double doors opening out into and overlooking the rear gardens whilst an internal door leads into the open plan dining kitchen a generous space enhanced by the present owners with modern floor to ceiling units and a central island unit with granite tops the dining kitchen boasts ample storage and a range of integrated appliances and opens into a modern orangery with a roof lantern a wood burner and trifold doors that open fully to reveal a spacious and private seating terrace behind the kitchen is a highly practical utility room styled to match the kitchen completing the ground floor accommodation is a formal study a cloakroomwc and the large integral double garage which provides genuine secure parking for vehicles and good storage space the accommodation  first floor  second floor there are five bedrooms including one with ensuite facilities plus a family bathroom off the galleried landing on the first floor with the sixth master bedroom located on the second floor and boasting a walkin dressing room and an ensuite bathroom four of the bedrooms are of almost identical proportions and sit two by two on opposite sides of the landing all four bedrooms feature builtin wardrobes and pleasant views these four bedrooms share the main family bathroom which comprises a freestanding bath with mixer tap a large shower cubicle with thermostatic shower over a pedestal wash hand basing and a close coupled wc the largest bedroom on the first floor sits above the double garage below and enjoys a pleasant aspect through the large window a range of fitted bedroom furniture providing ample storage and an ensuite shower room comprising a double shower a pedestal wash basin with mixer tap and a close coupled wc completing the accommodation is the main bedroom on the second floor enjoying superb floor space this master suite features dual aspect windows a large walkin dressing room with two banks of fitted wardrobes and space for a dressing table and an ensuite bathroom comprising a five piece suite that includes a sunken bath a double shower cubicle a bidet a close coupled wc and a pedestal wash basin grounds and location the property sits in generous grounds of approximately 035 of an acre there is ample parking on the block paved driveway for multiple vehicles in addition to the aforementioned secure garage parking twin pillars flank the entrance to the grounds with access at one side to the rear gardens and a pleasant grassed area with herbaceous bushes to the other side a laurel hedge extends down the left boundary for privacy the generous rear garden includes two seating areas at opposite ends of a sweeping grassed lawn there is a spacious and private stone paved patio immediately behind the property that can be accessed from the livingdining room the dining kitchen and the orangery you then step up onto the generous lawn before climbing ever so slightly again to an elevated patio and summerhouse with magnificent views this prestigious development sits elevated above harewood lodge now a stunning apartment complex and the old gatekeepers cottages now individual residences off mottram road in broadbottom a pleasant village broadbottom boasts a railway station just a comfortable walk from your front door that connects directly into manchester piccadilly the m67 motorway that links to the main m60 motorway network is just a short drive away as well making this a great property for those with a daily commute other notable amenities in the village include the highly regarded lymefield garden centre farm shop and tearoom and access to some scenic countryside walks,432714.28571428574,,,high-end,0,,,,
375000.0,this beautifully presented threebedroom townhouse is arranged across three spacious floors offering the perfect blend of contemporary design and functional living with an emphasis on both comfort and style the property has been thoughtfully updated throughout making it a moveinready haven for families or professionals looking for a modern lifestyle in a soughtafter residential area upon entering the home you are welcomed into a bright and openplan kitchen and dining area creating an inviting space for both everyday meals and entertaining guests the kitchen is a highlight featuring sleek contemporary cabinetry and topoftheline integrated appliances making it as stylish as it is functional the airy dining space is ideal for family gatherings or casual dinners while a convenient downstairs wc adds practicality to this level the first floor is home to two generously sized double bedrooms each offering ample space for furniture and personal touches between them a newly fitted modern family bathroom provides a clean and relaxing space to unwind the floor also features a small but incredibly useful office or study area perfect for remote workers or anyone in need of a quiet reading nook this thoughtful addition makes the home adaptable to the needs of the modern homeowner balancing work and relaxation with ease ascending to the second floor the master bedroom occupies its own private retreat offering a peaceful sanctuary away from the hustle and bustle of daily life the spacious room is beautifully designed with large windows that fill the space with natural light the attached ensuite shower room adds an extra layer of luxury and privacy making it the perfect spot to unwind at the end of the day outside the property continues to impress with a private rear garden a serene space where you can relax entertain or enjoy time with family whether youre hosting summer barbecues or simply enjoying a quiet moment in the sun the garden offers versatility and charm additionally the property benefits from offroad parking at the rear which eliminates the hassle of street parking and provides added convenience for residents location is one of the propertys key selling points situated next to the highly regarded whalley range 1118 high school this home is ideal for families with schoolage children for commuters firswood and trafford bar metrolink stations are just a short walk away providing direct access to manchester city centre mediacityuk and beyond the property is also wellserved by nearby bus routes and offers easy access to princess road a5103 and the m60 motorway making it an excellent choice for those who need to travel frequently in summary this home offers an exceptional combination of space style and practicality all within a prime location that is sure to appeal to a wide range of buyers whether youre looking for a family home a space to work from home or a tranquil retreat in a vibrant area this townhouse is the ideal choice,966000.0,,,high-end,0,,,,
2100000.0,adamsons barton kendal are delighted to market this fabulous residential detached bungalow situated on 17 acres of land in the heart of bamford accessed off bamford way in a wonderful location in one of rochdales premier locations key features a prestigious development site for sale planning consent for 5 luxury detached houses  2300280vrcon situated in the heart of bamford close to excellent primary and secondary schools easy access to the motorway network,618332.5,,,high-end,0,,,,
3000000.0,this is an extraordinary lifestyle opportunity for those seeking luxury privacy and timeless design in the heart of cheshire nestled in one of bowdons most coveted addresses the baths is a truly exceptional family residence blending architectural grandeur with modern luxury set within a private serene enclave this home sits on approximately one acre of landscaped gardens offering captivating views of rolling greenbelt countryside and the tranquil bollin valley beyond with its handcrafted dressed stone exterior and floortoceiling windows this property perfectly frames its picturesque surroundings creating an atmosphere of opulence and comfort tenure freehold  epc c  council tax band h services utilities  property information construction type standard stone utilities main water mains electric mains gas private drainage mobile phone coverage 4g and 5g mobile signal is available in the area we advise you to check with your provider broadband availability superfast broadband speed is available in the area with predicted highest available download speed 1000 mbps and highest available upload speed 220 mbps garage parking space 2 off road parking spaces 8 the maintained drive is a shared responsibility by 4 properties and is done annually by the residents and varies year to year please contact the agent for further information please click on the property brochure and the video tab for full details of this property or for more information or to arrange a viewing please contact arma kang rooms disclaimer all measurements are approximate and quoted in metric with imperial equivalents and for general guidance only and whilst every attempt has been made to ensure accuracy they must not be relied on the fixtures fittings and appliances referred to have not been tested and therefore no guarantee can be given and that they are in working order internal photographs are reproduced for general information and it must not be inferred that any item shown is included with the property whilst we carryout our due diligence on a property before it is launched to the market and we endeavour to provide accurate information buyers are advised to conduct their own due diligence our information is presented to the best of our knowledge and should not solely be relied upon when making purchasing decisions the responsibility for verifying aspects such as flood risk easements covenants and other property related details rests with the buyer,1631250.0,,,high-end,0,,,,
1300000.0,a substantial sixbedroom family home in the heart of broughton park positioned in one of broughton parks most soughtafter locations this impressive detached residence offers generous living space contemporary design features and wraparound gardens  all combining to create a truly special family home upon entering youre welcomed by a spacious hallway that sets the tone for the rest of the property at the heart of the home lies a stunning openplan kitchen dining and lounge area  an expansive lightfilled space designed for modern living and entertaining the kitchen features sleek white and grey cabinetry two central islands and even a small larder  ideal for additional pantry storage it flows effortlessly into the lounge where bifolding doors open out to the garden and velux windows bathe the space in natural light there is also ample room for a fullsized dining table making this a true hub of the home a guest wc is located just off this space for added convenience the ground floor continues with a second lounge area that leads into a fully equipped utility room  optional passover kitchen with direct internal access to the garage  ideal for busy family life additionally there is a separate openplan formal dining and sitting room at the front of the house framed by large windows that bring in plenty of natural light a second downstairs wc is also located off the main hallway upstairs the home offers six generously sized bedrooms including a principal suite with its own modern ensuite bathroom the remaining bedrooms are served by a contemporary family bathroom in addition there is a dedicated space on this floor that was previously used as a shower room with the original tiling and plumbing still in place this room currently serves as a linen store but offers the potential to reinstate a fully functioning shower room if desired externally the property is set on a generous plot with wellmaintained gardens to the front side and rear  perfect for outdoor entertaining family play or quiet relaxation the large driveway accessed via two gated entrances provides inandout access and ample parking for six or more vehicles a separate garage offers even more practical storage or secure parking this is a rare opportunity to acquire a substantial and versatile family home in a prime position early viewing is highly recommended to fully appreciate the space design and lifestyle on offer,829333.3333333334,,,mid-range,0,,,,
300000.0,welcome to tempest road a beautiful family home which has undergone an full renovationbuild throughout by the current owner internal viewing strongly advised to appreciate the standard of accommodation on offer located in a highly desirable and much sought after location of lostock the property is a short distance to the local train station which provides regular links to bolton manchester preston and beyond  ideal for those that need to commute the local motorway network is also only minutes away furthermore theres excellent local schools within easy reach plus local sports clubs pubs and bus routes accommodation briefly comprising entrance hallway which open to a light and airy lounge shower room bedroom 3sitting room contemporary fitted kitchen dining kitchen rising the first floor are two double bedrooms with an en suite shower room and family bathroom with roll top bath the property could easily be converted to a four bedroom property if required outside the property offers off street parking to the front with a low maintenance rear garden,534499.1666666666,,,mid-range,0,,,,
250000.0,elegantly nestled in a soughtafter location this stunning extended threebedroom semidetached house presents the epitome of modern living step inside and discover a brandnew kitchen boasting integrated appliances and sleek quartz worktops catering to both form and function the inviting living space features an orangery flooded with natural light creating a seamless transition between indoor and outdoor living lavish in the luxury of a modern threepiece bathroom suite complete with a chrome power shower over the bath adding a touch of indulgence to your daily routine each bedroom is a spacious double adorned with fitted wardrobes offering practical storage solutions without compromising on style the property boasts a turnkey condition ensuring a hasslefree move into your dream home outside the allure continues with a beautiful mature rear garden an idyllic sanctuary for relaxation and entertaining the exterior of the property is equally impressive featuring a blockpaved driveway with space for two vehicles ensuring convenient parking for residents and visitors alike enjoy the convenience of flagged side access leading to the rear garden bordered by flourishing bushes shrubs and a stately tree situated next to an excellent primary school and within close proximity to local amenities this residence offers a harmonious blend of comfort and convenience promising a lifestyle of ease and enjoyment welcome home to a property that embodies contemporary elegance and timeless charm entrance hallway 197m x 271m composite front door karndean flooring double panel radiator ceiling light smoke alarm and alarm box on the wall lounge 515m x 332m carpet flooring electric fire with marble surround double glazed bay window with two openers double panel radiator and two ceiling lights orangery 378m x 289m tiled flooring three column vertical radiator ceiling recess spotlights double glazed surround and french patio doors to the rear kitchen 643m x 258m karndean flooring cashmere fitted kitchen with quartz worktops matching upstand and splashback range cooker with five ring gas burner rangemaster black extractor undermount sink with matt black mixer tap and integrated appliances including washer dishwasher fridge freezer and freezer three feature led lights vertical black radiator and double glazed unit with two openers understairs laundry drying unit which could be repurposed first floor landing 146m x 237m new carpet flooring on the stairs and landing fixed frosted double glazed unit ceiling light loft hatch smoke alarm and boiler thermostat on the wall primary bedroom 547m x 261m carpet flooring fitted wardrobes two ceiling lights double panel radiator and double glazed unit with an opener secondary bedroom 314m x 291m carpet flooring fitted sliding wardrobes ceiling light double panel radiator and double glazed bay window with two openers bedroom three 267m x 288m carpet flooring fitted wardrobes ceiling light double panel radiator and double glazed window with an opener bathroom 185m x 244m fully tiled walls and flooring three piece bathroom suite white bath with chrome mixer tap chrome power shower and glass shower screen sink vanity unit with chrome mixer tap and white wc led wall mirror chrome heated towel radiator ceiling light frosted double glazed unit with two openers and extractor front garden block paved driveway for two vehicles flagged side access down the property leading to rear garden bushes shrubs and a tree rear garden flagged pathway steps leading up to lawned area patio area to the rear brick wall large shed outside security lighting outside hosepipe connection bushes shrubs planters and fence panel surround external power point at the side of the house brick wall with brick lighting parking  driveway block paved driveway for two vehicles,515332.5,,,high-end,1,kitchen,,,
1250000.0,nestled within one of stretfords most coveted residential streets this magnificent doublefronted edwardian semidetached property offers an exceptional blend of period elegance and contemporary family living this remarkable home extends to over 4000 square feet of beautifully appointed accommodation including converted cellars currently being used as two apartments the welcoming entrance porch opens into a grand reception hallway where original features immediately capture attention here beautiful tiled flooring complements an impressive period fireplace while the space flows seamlessly to connect all reception areas the impressive living room serves as the heart of family life featuring a magnificent mahogany fireplace and bay window that captures beautiful garden views with direct access through to the second reception room this could be utilised as a more formal dining space or even a play room or office space the ground floor accommodation unfolds to reveal a superbly fitted kitchen and breakfast room that opens through double doors into a bright family room currently being used as a dining room complete with juliet balcony overlooking the tranquil rear gardens practical family needs are expertly addressed through a wellappointed utility room and convenient ground floor cloakroom the first floor provides generous accommodation across four substantial double bedrooms and a contemporary threepiece shower room and separate family bathroom two bedrooms benefit from private ensuite facilities while the exceptional third bedroom creates a luxurious suite with integrated dressing room and access to private enclosed balcony the second floor completes this family home with two additional double bedrooms served by an elegant fourpiece family bathroom one bedroom features a particularly versatile ensuite dressing room perfectly suited to modern lifestyle demands this exceptional home sits within beautifully maintained grounds featuring a southfacing rear garden that provides complete privacy through mature planted borders the shared gravel driveway ensures excellent parking provision while the propertys prime location places the renowned stretford meadows literally on the doorstep outstanding educational facilities including stretford grammar school and moss park junior school are within easy walking distance alongside victoria park and stretford civic hall disclaimer while every effort has been made to ensure the accuracy and completeness of the information trading places and the seller makes no representations or warranties of any kind express or implied about the completeness accuracy reliability or suitability of the information contained in this advertisement for any purpose and any reliance you place on such information is strictly at your own risk all information should be confirmed by your legal representative,612000.0,,,mid-range,0,,,,
375000.0,well presented extended three bedroom property in east didsbury close to local schools amenities and metrolink and only a short distance from didsbury village and parrswood complex it is perfectly suited to families andor couples in brief the property comprises porch area leading to the entrance hall front lounge extended kitchendining area with integrated appliances downstairs wc and utility room and double french doors leading out onto rear garden to the first floor there are two double bedrooms one single bedroom and a family bathroom with three piece suite with shower over bath to the rear the garden is mainly laid to lawn the property also benefits from off road parking double glazing and gas central heating new carpets and redecorated throughout april 2025 no onward chain,1038000.0,,,mid-range,1,,,,
600000.0,enquire and book online quoting reference 20563 this beautiful and detached family home is a real must see located on oakdale drive heald green cheadle we have for sale this impressive and recently 3 bed detached family home that overlooks prospect vale park with open plan kitchen living dining area second living room snugoffice area playroom principal bedroom with walk in wardrobe and ensuite another two good sized bedrooms internal brief entrance into spacious hallway with wood flooring with downstairs wc and storage cupboard that gives you access front living room playroom officesnug and open plan living dining kitchen area kitchen  living  dining room kitchen area fully fitted with tiled flooring with window to the front and integrated appliances such as dishwasher microwave fridge freezer including 7 stove burner and oven range through the kitchen there is a door into the utility room there is a large kitchen island with a breakfast bar and all the worktops are granite the living area has wood flooring and beautiful bifold doors with integrated blinds into the garden utility room with tumble dryer and space for washing machine front living room  carpet flooring with large window to the front and a log burner with a fire surround office snug room  laminate flooring with window to the front door access that takes you to the storage room playroom with wood flooring and window to the front upstairs this home continues with a spacious landing providing access to principal bedroom generous space with carpet flooring walk in wardrobe window to the rear and en suite the en suite is fully tiled with corner shower cubicle wc wall hung sink and privacy window to the front bedroom 2  double room with carpet flooring fitted wardrobes and large window to the rear bedroom 3  double room with carpet flooring fitted wardrobes and window to the front main bathroom  fully tiled with free standing bath and shower sink unit wc and large window to the front the loft is boarded with ladders externally this home has a spacious private driveway and front garden and to the rear there is a generous private garden with grass and a patio area that overlooks prospect vale park there is also access to the storage room from the patio location in a great location close to heald green village john lewis handforth dean and stanley green convenient for transport in to manchester city centre stockport and the beautiful cheshire countryside styal mill country park is a stones throw from handforth in recent years neighbouring handforth deanstanley green has grown to become a thriving business hub offering a large variety of employment opportunities there is the popular wilmslow farmers market which is bustling with arts antiques crafts food and drink as well as a makers market in the neighbouring heald green locally there are many independent and state primary and secondary schools and access points to the north west motorway network system manchester international airport and some of cheshires finest countryside are close at hand the new manchester airport relief road is a short drive offering access to manchester hazel grove poynton bramhall heald green cheadle cheadle hulme to name a few disclaimer these particulars do not constitute or form part of an offer or contract nor may they be regarded as representations all dimensions are approximate for guidance only their accuracy cannot be confirmed reference to appliances andor services does not imply that they are necessarily in working order or fit for purpose or included in the sale buyers are advised to obtain verification from their solicitors as to the tenure if the property as well as fixtures and fittings and where the property has been extendedconverted as to planning approval and building regulations all interested parties must themselves verify their accuracy are you thinking of selling here at the good estate agent we offer free no obligation valuation appointments at a time that suits you best we are available for valuations and viewings all day and evenings and weekends we are open 6 days a week to provide the most flexible appointment times possible we are a proactive and friendly team all living in and around the wilmslow area and we have a wealth of knowledge of the local property market when you choose the good estate agent you will have one point of contact throughout the entire sales process finance we work very closely with an independent financial advisor who is based in our local office if you are looking for independent whole of market no obligation mortgage advice please call or come along to our office for a chat with one of their team,412500.0,3.0,,,1,,,,
259000.0,a superb 2 bedroom apartment in sovereign point balcony enjoying stunning water views 2 double bedrooms one with ensuite openplan living area with kitchen prestigious development with concierge exclusive use of a secure parking space rental charge applies located close to all the amenities of salford quays ews1 form available b1 rating leasehold epc rating c this superb 2 bedroom apartment forms part of the prestigious sovereign point development and enjoys stunning views of the waterfront from the private balcony presented to a throughout it offers buyers a fantastic opportunity to live in the heart of salford quays with secure parking included ews1 form available b1 rating epc rating c summary forming part of the prestigious sovereign point development complete with concierge facility this impressive apartment enjoys stunning open views of the waterfront and beyond from the private balcony further features include a superb openplan living space which incorporates the kitchen 2 double bedrooms the main with ensuite shower room along with a main bathroom exclusive use of a secure parking space is included in the sale subject to an ongoing rental payment the apartment is perfectly situated to enjoy all the amenities of salford quays including the virgin active health club quayside shopping complex kargo food hall and the lowry arts complex enjoy the relaxed ambience of the waterside walkways while being just a short tram journey from the buzz of manchester city centre we highly recommend an internal viewing to fully appreciate this superb apartment as well as its beautiful water views 10th floor secure communal entrance with concierge facility the apartment can be reached via lift or stairs entrance hall a spacious hallway featuring video door entry system recessed ceiling spotlights woodenstyle flooring electric heater cupboard housing water heater and further storage cupboard with rail living areakitchen 747m x 304m 24 6 x 10 0 a glasspanelled door leads to the bright openplan living room with dining area woodenstyle flooring electric heater recessed spotlights kitchen area with range of fitted base and wall units with granite effect worktops and matching splashback integral electric oven and hob with extractor hood stainless steel sink with mixer tap recessed spotlights tiled floor further built in appliances including fridge freezer dishwasher and washing machine balcony a fantastic decked balcony with stunning views over the salford quays waterfront and towards manchester city centre beyond bedroom 1 46m x 27m 15 1 x 8 10 a good size main bedroom with window having views towards manchester city centre and the water basin below carpeted floor and electric heater door to ensuite fitted with a vanity unit with concealed wc and inset wash basin with chrome mixer tap with large mirror above incorporating inset lighting heated towel rail tiled floor and walls bedroom 2 42m x 25m 13 9 x 8 2 a bright second double bedroom with rear aspect window having views towards salford quays and the erie basin carpeted floor and electric heater bathroom fitted with a vanity unit with concealed wc and inset basin with chrome mixer tap with large mirror above panelled bath with chrome mixer shower attachment heated towel rail tiled floor and walls parking the apartment has exclusive use of a secure parking space subject to an ongoing quarterly rental payment currently 260 for the period 251225240326 leaseholdcouncil tax lease term 125 years less 10 days from 1st january 2004 ground rent 230 per annum service charge 70227 for period 290925241225 equating to an annual figure of 280908 please verify lease details with your solicitor council tax band d salford city council,1011600.0,2.0,,,0,,,,
1500000.0,introducing to the market a rare and unique opportunity to purchase this substantial twelve bedroom eight reception room detached historic property standing within its own 175 acre private gated grounds nestled within the historic landscape of greenacres oldham it stands as a distinguished example of 19th century architecture in heritage and character meticulously and lovingly restored and maintained with many of the original features remaining in conjunction with contemporary modern family living a large versatile property representing a plethora of opportunities such as  combination of apartments carerespite home hospitality impressive family residence oozing charm and grandeur throughout this extraordinary property presents a rare opportunity to own a part of oldhams history with privacy luxury and substantial living space making it an exceptional find in todays market a glimpse into the past greenacres lodge rich history includes being a home for a prominent local mill owner james waring the lodges significance extends beyond its architectural charm during the first world war it became a recuperation site for soldiers reflecting its role in the communitys wartime efforts in 1927 the property transitioned into public ownership under oldham council and was later utilized as a residential home for people with learning difficulties until 2008 built in 1843 the stonebuilt villa was originally constructed as a home for james waring a local mill owner first world war recuperation site during world war i greenacres lodge was used as a recuperation site for soldiers residential home until april 2008 the lodge was a residential home for people with learning difficulties location and surroundings situated in the greenacres area the lodge benefits from its proximity to local amenities and transport links the surrounding neighborhood is steeped in history with landmarks such as the greenacres congregational church established in the 17th century and the grade ii listed greenacres cemetery opened in 1857 the area reflects oldhams rich tapestry of industrial heritage and community development a rare opportunity greenacres lodge presents a rare chance to own a piece of oldhams history its storied past and architectural distinction make it an ideal candidate for those seeking a residence that combines historical significance with the charm of period features,676000.0,,,high-end,0,,,,
275000.0,investment opportunity commercial unit to the ground floor  duplex apartment to the first floor a rare opportunity to purchase a large characterful detached property in the soughtafter area of firgrove ideally positioned between rochdale and milnrow with excellent access to local amenities neighbouring towns and villages and superb commuter links this versatile property currently comprises a commercial unit on the ground floor which is currently operating as an aesthetics salon the space includes three treatment rooms its own kitchen and washroom facilities making it wellequipped for continued business use or potential conversion subject to the relevant permissions currently achieving 800pcm rental income with potential of achieving approximately 1000pcm when all treatment rooms are at full occupancy to the first and second floors there is a twobedroom duplex apartment accessed via a private rear entrance the apartment is currently tenanted at 800pcm providing an immediate and stable rental income externally the property benefits from offroad parking to the front and side offering ample space for both residential and commercial use this is a fantastic investment opportunity with potential for dual income streams or flexible future use call us today to discuss the current rental figures for the salon and for any further details viewings are strictly by appointment only ground floor commercial use this versatile property currently comprises a commercial unit on the ground floor which is currently operating as an aesthetics salon the space includes three treatment rooms its own kitchen and washroom facilities making it wellequipped for continued business use or potential conversion subject to the relevant permissions currently achieving 800pcm rental income with potential of achieving approximately 1000pcm when all treatment rooms are at full occupancy first floor apartment a bright and spacious twobedroom duplex apartment set in a beautifully character building featuring its own private entrance modern openplan living space with a stylish kitchen and a contemporary bathroom includes private parking and is ideally located near milnrows shops schools and excellent transport links via the m62 and tramline currently achieving 800pm with a current contracted tenant material information  littleborough tenure type freehold council tax banding apartment  rochdale council band a,618332.5,,,mid-range,0,,,,
625000.0,description the opa are pleased to present an opportunity to acquire this fully semidetached house offering generous accommodation and highend finishes across three floors the property has undergone a comprehensive refurbishment including new kitchen bathrooms flooring carpets and full redecoration this spacious property offers versatile living space ideal for families or investors alike internally the ground floor comprises a bright and spacious reception room with a bay window and fireplace a second reception roombedroom and a sleek modern kitchen the first floor offers three generous bedrooms and a luxury family bathroom a further spacious attic bedroom is situated on the second floor complemented by skylight windows and contemporary design accommodation  lounge with feature fireplace  spacious kitchen  attic bedroom with velux skylight  three bedrooms to first floor  ground floor bedroom  two bathrooms location the property is situated on the west side of carlton road between its junctions with glebelands road and lansdowne road public transport links include sale tram stop humphrey park and trafford park mainline rail stations together with a network of local bus services serving the surrounding vicinity road links include the a56 m60 and m62 an extensive range of shopping amenities bars and restaurants can be found locally within the trafford centre with further amenities being found in manchester city centre recreational pursuits can be found locally at the open spaces of ashton park and stretford meadows the property is also well situated for manchester united football ground and old trafford cricket ground tenure the property is freehold and is being sold with vacant possession viewings please contact the opa for viewings material information the opa have taken reasonable precautions and exercised all reasonable due diligence by asking the seller of the property to provide us in writing a declaration of material information regarding a property to comply with the consumer protection from unfair trading regulations 2008 however certain information may be unavailableunknown any buyer must carry out their own due diligence and rely on their own searches investigations and enquiries in respect of all matters relating to their proposed purchase of this property to enable them to make an informed transactional decision before proceeding and entering into the exclusivity agreement on this property council tax band band  c epc epc c materialconstruction standard construction utilities mains electricity gas water sewage heating gas central heating broadband ask agent parking on street parking any restrictive covenants any easements servitudes wayleaves any public rights of way across property or boundaries refer to property pack any flooding in last 5 years not known is the property listed no property accessibility  any step free access inc rampslifts no any wet roomlevel access shower no is the property known to be on a coalfieldmining or directly impacted by effect of other mining activity no leasehold properties only lease length na leasehold properties only ground rent na leasehold properties only service charge na any other material information  information that may affect the average consumers decision making refer to pack agent notes draft details awaiting vendor approval buyers fee buyers fee of 2 of the purchase price subject to minimum fee 3999 whichever is greater all fees inclusive of vat tcs apply please request information pack buyers guide  faqs you will be required to enter an exclusivity agreement with the seller granting you the buyer the exclusive right to purchase the property within the exclusivity period please note the buyers fee is a nonrefundable unconditional exclusivity fee in addition to the purchase price payable to the agent upon offer acceptance the fee is not subject to a cooling off period and is nonrefundable save in accordance with the terms stated in the exclusivity agreement upon offer acceptance you will not be required to exchange contracts but will be granted an exclusivity period in order to exchange and complete on the transaction this timescale is generally eight weeks but this will be specified in the exclusivity agreement please note we may be able to negotiate the timeframe so please discuss with your opa representative this is a flexible and buyer friendly method of purchase by signing the exclusivity agreement and paying the buyers fee this secures the transaction and takes the property off the market by paying your fee that amount may be considered as part of the chargeable consideration for the property and be included in the calculation for stamp duty land tax liability the opas secure it now exclusivity package  this is a legally binding agreement between you and the seller when the offer is accepted the buyer pays the exclusivity fee to the agent and enters into an exclusivity agreement with the seller granting the buyer an exclusivity period which is usually up to 8 weeks to complete on the purchase of the property during the exclusivity period the buyer has the exclusive right to purchase the property no other offers can be accepted and during this period the buyer must complete the sale transaction if the buyer fails to complete in this period the fee is nonrefundable this property is being offered under the opas secure it now exclusivity package this is an innovative secure and straightforward way to purchase this property here are the benefits for you  secure your dream property straight away  similar to a normal or conventional sale with a few measures to protect the buyer and the seller  no competitive bidding  no risk of being gazumped  minimises risk of fall throughs secure it now exclusivity package  how does it work you can now secure the purchase with a buyers secure it now exclusivity agreement by entering into the exclusivity agreement and paying the exclusivity fee this buys  a legally binding contract granting the buyer exclusive rights to purchase the property within a given timeframe usually 56 days8 weeks however please confirm sellers required timescale  paying the exclusivity fee ensures that the seller takes their property off the market as soon as the sale is agreed and reserves it exclusively for you  this prevents the risk of gazumping  helps you avoid losing money and wasting time which most buyers like you may face with the traditional estate agents approach  you get a fixed exclusivity period approximately 8 weeks to complete safe in the knowledge that you will not be gazumped or outbid by another buyer steps to purchase step 1  register your interest step 2  arrange your finances carry out your due diligence ask questions get legalfinancial advice if required request and review the property pack you are advised to get legal advice prior to offering on the property step 3  arrange a viewing if you require a viewing if you do not require a viewing and offer without a viewing you are doing so at your own risk step 4  make an offer step 5  secure your purchase using our buy and secure it now exclusivity package step 6  exchange and completion next steps  do not miss out important notes buyers should carry out their own due diligenceinvestigations and if required seek independent legalfinancial advice the exclusivity fee is a nonrefundable fee and unless otherwise stated and agreed in the special conditions of the exclusivity agreement this is unconditional not subject to survey or valuation lending or anything else the fee is not subject to a cooling off period and is nonrefundable save in accordance with the terms stated in the exclusivity agreement buyers should carry out their own due diligenceinvestigations and if required seek independent legalfinancial advice prior to entering the exclusivity agreement please be advised that this property may have been owned by the current seller for under six months or the seller may have the exclusive right to sell the property if you require any further clarification please speak to a representative of the opa money laundering regulations 1 intending purchasers will be asked to produce identification documentation at a later stage and we would ask for your cooperation in order that there will be no delay in agreeing the sale 2 these particulars do not constitute part or all of an offer or contract 3 the measurements indicated are supplied for guidance only and as such must be considered incorrect 4 potential buyers are advised to recheck the measurements before committing to any expense 5 all descriptions dimensions references to condition and necessary permission for use and occupation and other details are given without responsibility and any intending purchasers or tenants should not rely on them as statements or representations of fact but must satisfy themselves by inspection or otherwise as to the correctness of each of them 6 no persons in the employment of the opa has any authority to make or give any representation or warranty whatever in relation to this property no services fixtures fittings or appliances including central heating have been tested by the agent at the time of writing all references to parts of the fabric material decoration external or internal features or grounds of the property are made without any warranty as to their conditions or effectiveness where definite checks have been made such results will be made clear at the appropriate place in the particulars of sale every effort has been made by the agents to obtain accurate information from the correct sources however intending purchasers and other readers are asked to make their own arrangements regarding verification of any statements expressed in these particulars of sale any reference to or use of any part of the property is not a statement that any necessary planning building regulations or other consent has been obtained all photographs shown are indicative and cannot be guaranteed to represent the complete interior scheme or items included in the sale no person in our employment has any authority to make or give any representation or warranty whatsoever in relation to this property misrepresentation act 1967 the opa for themselves and for the vendors or lessors of this property whose agents they are give notice that 1 these particulars do not amount to nor amount to any part of an offer or contract 2 none of the statements contained in these particulars should be relied on as statements or representations of fact therefore all prospective purchasers or tenants must satisfy themselves as to their accuracy,1017857.1428571428,,,high-end,0,kitchen,,,
425000.0,simply stunning home no chain 4 double bedrooms a stunning and substantially extended four bedroom semidetached family home offered to the market with no onward vendor chain and remodelled to an exceptional standard this impressive property features extensive side and rear extensions stylish open plan living and highquality finishes throughout perfectly located close to local amenities excellent transport links and reputable schools it offers the ideal blend of space style and convenience for modern family living the ground floor has been thoughtfully designed to create a seamless flow of living space a bright and welcoming living room sits to the front of the property featuring a beautiful fireplace and elegant décor providing a warm and inviting atmosphere to the rear the truly impressive open plan kitchen and dining space forms the heart of the home  a wonderful area for family life and entertaining the contemporary kitchen is fitted with modern cabinetry sleek fixtures and fittings quality work surfaces and a striking breakfast island while the adjoining dining area offers ample space for large dining furniture a separate utility room provides space for white goods and additional storage and a convenient downstairs wc completes the ground floor the first floor reveals four generous double bedrooms each and offering flexibility to suit the needs of the buyer  whether as family bedrooms a guest suite or a home office these rooms are served by a stylish family bathroom fitted with a walkin shower wc and hand wash basin externally the property occupies an impressive plot with a large driveway providing offroad parking for multiple vehicles and an attached garage for additional parking or storage to the rear the home enjoys a beautifully landscaped and expansive garden featuring a wellkept lawn and decorative stone areas  an ideal space for outdoor dining entertaining and relaxation this exceptional family home offers generous proportions stunning presentation and a turnkey finish making it an outstanding opportunity for those seeking a highquality chainfree property in a desirable location,529142.8571428572,,,mid-range,1,,,,
275000.0,this impressive two bedroom property has been thoughtfully with attention to detail creating a residence that offers a wonderful blend of character comfort and convenience this home is perfectly suited for firsttime buyers young professionals downsizers or investors looking to secure a property in a thriving and wellconnected community as you step inside you are greeted by a bright and airy living room featuring generous window space that floods the area with natural light the room offers a welcoming atmosphere perfect for both everyday relaxation and entertaining guests adjoining the living space is a wellequipped kitchen with worktop and storage space the ground floor layout has been thoughtfully designed to provide a natural flow between rooms while still maintaining a cosy and homely feel upstairs the property boasts two wellproportioned bedrooms both offering comfortable living space and versatility the main bedroom benefits from the propertys endterraced position receiving additional natural light and providing a peaceful retreat at the end of the day completing the upper floor is a neatly presented family bathroom fitted with a threepiece suit and finished in a clean modern style the courtyard offers excellent potential for outdoor décor potted plants or creating your own personal relaxation space located in a friendly neighbourhood the home sits within easy reach of local shops schools parks and public transport links including convenient routes into manchester city centre and nearby trafford amenities disclaimer while every effort has been made to ensure the accuracy and completeness of the information trading places and the seller makes no representations or warranties of any kind express or implied about the completeness accuracy reliability or suitability of the information contained in this advertisement for any purpose and any reliance you place on such information is strictly at your own risk all information should be confirmed by your legal representative,815833.3333333334,,,mid-range,0,,,,
950000.0,nestled on a generous plot in an excellent location this impressive fourbedroom detached home offers a wonderful balance of character space and versatile living  ideal for modern life and entertaining as you arrive at the home you will immediately notice the character features as you step into the entrance porch perfect for storing coats and shoes alongside a downstairs wc the entrance hall showcases curved walls  a distinctive feature throughout the home  parquet floor and the stunning 250yearold staircase imported from africa to the front of the home the first sitting room overlooks the front garden and benefits from an open fire and a large southfacing bay window creating a bright and inviting space to relax a second reception room with an open fire offers the perfect setting for cosy winter evenings and opens into the formal dining space or third reception room french doors lead out to the rear garden allowing for seamless indooroutdoor entertaining in warmer months the flow of the ground floor continues with a wellequipped kitchenbreakfast room offering plenty of storage a fivering hob integrated dishwasher and space for a dining table this space connects to a fourth reception room ideal as a snug or study with dual access to the rear garden from here the cellar is accessible and is currently in use as a utility room sewing room and playroom the cellar also benefits from a new central heating system making it practical and comfortable all year round upstairs are four generously sized bedrooms three with builtin wardrobes the modern bathroom features a sleek fourpiece suite including a separate bath and walkin shower a standout feature of this property is the exceptional outdoor space the side and rear gardens include a sunroomgreenhouse area thoughtfully designed with a builtin bbq a kitchenette and a commercialgrade extraction fan and canopy  ideal for yearround entertaining the garden boasts mature fruitbearing cherry apple pear and plum trees alongside a 40yearold grapevine that produces around 200 bunches annually making it a haven for gardeners and lovers of homegrown produce there is an office equipped with both heating and air conditioning providing an ideal workspace or creative retreat the property is also fully alarmed with electric roller shutters on the windows and additional enhanced security features externally you will find a driveway that comfortably parks six cars along with a carport and further offroad parking with further potential to extend into the loft or convert external buildings subject to usual permissions this home presents a rare opportunity to secure a spacious and highly adaptable property in a soughtafter setting disclaimer while every effort has been made to ensure the accuracy and completeness of the information trading places and the seller makes no representations or warranties of any kind express or implied about the completeness accuracy reliability or suitability of the information contained in this advertisement for any purpose and any reliance you place on such information is strictly at your own risk all information should be confirmed by your legal representative,694166.6666666666,,,mid-range,0,,,,
330000.0,rare opportunityextended family homeoutstanding southfacing landscaped gardenadditional plot of land currently used as secure parking cousins estate agents are delighted to bring to the market this outstanding threebedroom semidetached family home situated on the everpopular chamber hall road the property has been sympathetically extended and well maintained throughout offering a perfect balance of character and modern living one of its most impressive features is the stunning southfacing garden complemented by an additional plot of land currently used as secure offroad parking which presents further potential for alternative uses subject to planning consent upon entering the property welcomes you with an internal hallway leading to a spacious lounge and dining area featuring dual bay windows that flood the room with natural light to the rear a charming breakfast room with a corner woodburning stove and patio doors opens onto a delightful outdoor patioperfect for entertaining or relaxing the kitchen has modern units positioned to the very rear of the home offers ample storage and workspace upstairs the master bedroom benefits from an ensuite bathroom while the second bedroom has been extended to provide generous space the third bedroom serves well as a single or study completing the first floor is a family bathroom and a separate wc both showcasing original art deco features that add a touch of timeless charm externally the property boasts an exceptional southfacing garden that must be seen to be fully appreciated the space includes a landscaped lawn vegetable garden mature trees and wellmaintained planted borders creating a peaceful retreat ideal for families and garden enthusiasts alike a sizeable side utility area with garden sheds adds practicality while the additional adjoining plot provides secure private parking and easy loading access this home represents a rare opportunity for families seeking to upsize or for those wishing to enjoy a country atmosphere while remaining close to local amenities chamber hall road is ideally located within the soughtafter werneth area of oldham offering easy access to oldham town centre ashtonunderlyne and chadderton nearby attractions include the picturesque werneth park and the wellregarded oldham hulme grammar school making this property an exceptional choice for family living,739166.6666666666,,,mid-range,1,,,,
210000.0,apartment 301  one bedroom with balcony 527 sq ft modern city living with river views apartment 301 at ordsall house is a stylish onebedroom apartment offering 527 square feet of thoughtfully designed living space complete with a private balcony the apartments highend minimal finish creates a calming and contemporary atmosphere throughout the openplan living area features large windows that flood the space with natural light and provide views over salford and the river irwell the kitchen has been designed to the highest specification including integrated appliances such as an induction hob electric oven and fridgefreezer the bedroom is bright and airy while the bathroom is fitted with premium tiles and a modern walkin shower residents will benefit from landscaped communal gardens roof terraces and indoor shared spaces ideal for coworking fitness or socialising located on stanley street this development is perfectly positioned for access to both manchester city centre and mediacityuk with exchange quay tram stop a short walk away residents enjoy quick easy connections across the region key features one bedroom 527 sq ft private balcony with riverside views highspec integrated kitchen excellent transport links to city centre and mediacityuk salford a regeneration success story with longterm growth potential salford is undergoing one of the uks most ambitious regeneration programmes with billions invested into infrastructure housing and commercial developments from the 1 billion expansion of mediacityuk to the 2500home transformation of pomona island the city is rapidly evolving into a thriving hub for business culture and modern living with over 127000 people already employed in the borough and that number set to grow demand for highquality rental housing continues to rise  making salford a prime location for capital growth and strong rental yields for a full financial breakdown contact our team today,1011600.0,,,high-end,0,,,,
395000.0,occupying a soughtafter location close to popular schools excellent transport links and the open green spaces of bruntwood park this fully three double bedroom end terrace offers stylish movein ready accommodation with the added benefit of no vendor chain description the property has undergone an extensive refurbishment programme finished to an exceptional standard throughout a welcoming entrance hall sets the tone featuring understairs storage tiled flooring and a brand new front door the highquality tiling continues seamlessly through the ground floor into the contemporary fitted kitchen complete with integrated oven gas hob extractor fan and washing machine as well as ambient lighting and a new rear door the spacious loungediner provides a bright and modern living environment enhanced by new tripleglazed windows and french patio doors opening out to the private garden to the first floor are three generously sized double bedrooms including a convenient fully tiled ensuite shower room the main bathroom has also been beautifully appointed featuring a sleek walkin shower with a large rainfall shower head and stylish contemporary finishes this impressive renovation includes brand new triple glazing throughout a new central heating system with worcester combi boiler new radiators and a full electrical rewire with consumer unit externally the property continues to shine with a brand new expansive concrete printed driveway providing ample offroad parking for multiple vehicles to the rear is a newly landscaped fully enclosed garden with matching concrete printed patio freshly laid lawn and new fencingideal for relaxing or entertaining a superb turnkey home in a prime location offered with no chain early viewing is strongly recommended,530000.0,,,mid-range,0,,,,
401417.0,perfect for buytolet investors and owneroccupiers description located in the heart of manchester city centre just moments from oxford road train station this completed development presents an exceptional opportunity for investors boasting a selection of premium residential apartments with an impressive 6 rental return each apartment is thoughtfully designed and furnished to an impeccable standard featuring fully integrated kitchens expansive windows that welcome natural light and premium flooring these features seamlessly combine convenience comfort and investment appeal positioned close to key areas of the city such as the castlefield media city and the central shopping district this development is also ideal for professionals seeking a stylish and wellconnected home manchester continues to establish itself as a toptier investment destination with strong rental yields competitive pricing high tenant demand and abundant job opportunities this northern powerhouse attracts both domestic and international investors additionally with property values in the north west forecasted to rise by over 288 by 2028 this apartment offers not only exceptional rental returns but also significant potential for capital appreciation enquire today to receive floor plans an information pack and a full investment breakdown,432135.71428571426,,,high-end,0,,,,
270000.0,modern threebedroom detached townhouse with private garden and ensuite master suite set within a quiet and attractive modern development this beautifully presented threebedroom detached townhouse offers stylish and versatile accommodation across three spacious floors with a contemporary layout generous rooms and a private nonoverlooked rear garden this home is ideal for families and professionals seeking comfort convenience and quality living in a desirable location from the moment you step inside the sense of space and light is immediately apparent the entrance hall leads through to a modern fitted kitchen positioned at the front of the property featuring a range of sleek units integrated appliances and plenty of room for family dining between the kitchen and the lounge sits a convenient downstairs wc  a thoughtful addition for guests and everyday practicality to the rear the bright and welcoming lounge provides a perfect space for relaxing and entertaining large windows and patio doors allow natural light to fill the room while providing access to the private rear garden this open connection to the outdoors makes the space ideal for family life social gatherings or quiet evenings at home the first floor offers two generous double bedrooms both beautifully presented and offering excellent versatility these rooms are served by a modern family bathroom fitted with contemporary fixtures and a clean neutral finish whether used as bedrooms guest rooms or a home office each space is designed with comfort and functionality in mind occupying the entire top floor is the impressive main bedroom suite this private and tranquil retreat features a spacious double room with builtin wardrobes and a stylish ensuite shower room the thoughtful layout provides the perfect escape at the end of the day offering ample storage and a calm restful atmosphere outside the property continues to impress the rear garden is a real highlight  large private and not overlooked a blend of patio and astroturfed areas creates a lowmaintenance yet attractive outdoor space ideal for children to play summer barbecues or simply relaxing in the sun there is also an additional astroturfed side garden and a driveway provides convenient offroad parking to the side of the property located in a peaceful residential culdesac this home offers the best of both worlds  a quiet setting with easy access to excellent local amenities nearby are wellregarded schools local shops parks and leisure facilities along with convenient transport links connecting to oldham ashtonunderlyne and manchester the surrounding area provides a strong sense of community making it an ideal place to settle and call home this modern and beautifully maintained townhouse offers exceptional value for those seeking a stylish and spacious home in a prime location with its thoughtful layout private garden and attractive setting its a property that truly stands out  ready for its next owners to move straight in and enjoy important note to potential purchasers  tenants we endeavour to make our particulars accurate and reliable however they do not constitute or form part of an offer or any contract and none is to be relied upon as statements of representation or fact the services systems and appliances listed in this specification have not been tested by us and no guarantee as to their operating ability or efficiency is given all photographs and measurements have been taken as a guide only and are not precise floor plans where included are not to scale and accuracy is not guaranteed if you require clarification or further information on any points please contact us especially if you are traveling some distance to view potential purchasers fixtures and fittings other than those mentioned are to be agreed with the seller potential tenants all properties are available for a minimum length of time with the exception of short term accommodation please contact the branch for details a security deposit of at least one months rent is required rent is to be paid one month in advance it is the tenants responsibility to insure any personal possessions payment of all utilities including water rates or metered supply and council tax is the responsibility of the tenant in most cases sha2202348 kitchen 146 x 96  located at the front of the property the modern fitted kitchen offers both style and practicality it features a range of sleek wall and base units with ample worktop space integrated appliances and room for dining large windows allow plenty of natural light creating a bright and inviting space thats perfect for family meals or morning coffee a door from the kitchen provides access to the rear patio and garden ideal for outdoor dining and entertaining lounge 42m x 4m a spacious and comfortable reception room located at the rear of the property the lounge offers the perfect balance of warmth and light featuring large windows and patio doors that open directly to the private rear garden the layout provides ample space for both relaxation and entertaining making it a superb family living area downstairs wc 32 x 60  conveniently positioned between the kitchen and lounge the downstairs wc includes a wash basin and toilet finished with modern fittings its a practical addition for guests and family use alike bedroom 1 170 x 93  occupying the entire top floor the main bedroom suite is a standout feature of the home this spacious double room includes builtin wardrobes offering excellent storage while maintaining a clean and uncluttered feel the room enjoys a quiet and private position perfect for relaxation and is complemented by a modern ensuite shower room ensuite 56 x 53  a stylish and wellappointed ensuite serving the main bedroom it features a walkin shower wash basin and wc with modern tiling and a sleek finish  providing comfort and convenience in equal measure bedroom 2 85 x 132  a spacious double bedroom overlooking the rear garden offering a peaceful atmosphere and plenty of space for wardrobes and furnishings ideal as a main or guest bedroom it provides a calm and comfortable retreat bedroom 3 128 x 129  positioned at the front of the property this wellsized double bedroom offers excellent versatility perfect as a childs room guest bedroom or home office it benefits from a bright outlook and ample space for furniture bathroom 65 x 64  a modern and stylish family bathroom serving the firstfloor bedrooms fitted with a fullsized bath overhead shower wash basin and wc its finished in contemporary tiling with a clean neutral look that complements the rest of the property garden and driveway the property features a wellpresented garden that extends around the side and rear of the home offering a pleasant and private outdoor space designed for easy maintenance it includes a combination of astroturfed areas and a paved patio providing an ideal setting for relaxing dining or spending time outdoors the layout makes excellent use of the available space creating a comfortable area to enjoy throughout the year to the side of the property a private driveway offers convenient offroad parking and complements the attractive exterior of the home area and local amenities situated within the popular ol4 postcode district of oldham this home benefits from a location that blends suburban tranquillity with practical everyday access the neighbourhood is wellregarded for its strong sense of community and family friendly atmosphere according to recent demographic data the local area supports a balanced mix of households and age groups making it attractive for both young families and professionals school provision is a key strength of the locality parents will appreciate that several wellestablished primary and secondary schools are within easy reach providing quality educational options from early years through to further education for example highly accessible local primary schools and academies serve the catchment area ensuring that school runs are manageable and stressfree in terms of lifestyle and errands youll find that local amenities are well catered for there are supermarkets convenience stores and independent shops truncated,735000.0,,,mid-range,0,,,,
455000.0,investment opportunity  six bed hmo to a very  the property is located in the popular area of withington with its fantastic amenities and only a short stroll from west didsbury with great transport links to the city centre the property is currently let at 3784pcm in brief the property benefits from entrance hall living room 11 9 x 12 1 36m x 37m kitchen 10 2 x 12 1 31m x 37m bedroom one 10 5 x 11 5 32m x 35m ensuite first floor bedroom two 12 1 x 11 1 37m x 34m ensuite bedroom three 10 2 x 12 1 31m x 37m ensuite bedroom four 10 5 x 10 5 32m x 32m bathroom 6 2 x 5 10 19m x 18m second floor bedroom five 7 6 x 17 0 23m x 52m bedroom six 7 10 x 12 5 24m x 38m investment opportunity  six bed hmo to a very  the property is located in the popular area of withington with its fantastic amenities and only a short stroll from west didsbury with great transport links to the city centre the property is currently let at 3784pcm in brief the property benefits from and open plan livingkitchen dining area and bedroom one with an ensuite on the ground floor there are three bedrooms two with ensuites and the main bathroom on the first floor and two further bedrooms on the top floor the property also benefits from a laundry room in the basement gas central heating upvc double glazing and front and rear gardens,446666.6666666667,,,,0,,,,
199500.0,the cleverly designed abberton twobedroom home offers savvy first time buyers and downsizers a lot of home for their money from the hallway the lounge welcomes you into this home and is the perfect place to relax and catch up with family and friends another great social space is the modern kitchendiner with a glazed door onto the garden its a light and airy room youll love spending time in theres also a handy wc and storage downstairs too upstairs are two generous double bedrooms and stylish bathroom and if you dont need the second bedroom it makes a great dressing hobby games room or even a home office tenure freehold council tax determined by your local authority rooms kitchendiner 3280 x 4030 109 x 133 lounge 3687 x 3082 121 x 101 wc 1571 x 855 52 x 210 bedroom 1 3023 x 4030 911 x 133 bedroom 2 2560 x 4030 85 x 133 bathroom 2016 x 1978 67 x 66,593325.0,210.0,133.0,mid-range,0,,,,
1250000.0,nestled within one of stretfords most coveted residential streets this magnificent doublefronted edwardian semidetached property offers an exceptional blend of period elegance and contemporary family living this remarkable home extends to over 4000 square feet of beautifully appointed accommodation including converted cellars currently being used as two apartments the welcoming entrance porch opens into a grand reception hallway where original features immediately capture attention here beautiful tiled flooring complements an impressive period fireplace while the space flows seamlessly to connect all reception areas the impressive living room serves as the heart of family life featuring a magnificent mahogany fireplace and bay window that captures beautiful garden views with direct access through to the second reception room this could be utilised as a more formal dining space or even a play room or office space the ground floor accommodation unfolds to reveal a superbly fitted kitchen and breakfast room that opens through double doors into a bright family room currently being used as a dining room complete with juliet balcony overlooking the tranquil rear gardens practical family needs are expertly addressed through a wellappointed utility room and convenient ground floor cloakroom the first floor provides generous accommodation across four substantial double bedrooms and a contemporary threepiece shower room and separate family bathroom two bedrooms benefit from private ensuite facilities while the exceptional third bedroom creates a luxurious suite with integrated dressing room and access to private enclosed balcony the second floor completes this family home with two additional double bedrooms served by an elegant fourpiece family bathroom one bedroom features a particularly versatile ensuite dressing room perfectly suited to modern lifestyle demands this exceptional home sits within beautifully maintained grounds featuring a southfacing rear garden that provides complete privacy through mature planted borders the shared gravel driveway ensures excellent parking provision while the propertys prime location places the renowned stretford meadows literally on the doorstep outstanding educational facilities including stretford grammar school and moss park junior school are within easy walking distance alongside victoria park and stretford civic hall disclaimer while every effort has been made to ensure the accuracy and completeness of the information trading places and the seller makes no representations or warranties of any kind express or implied about the completeness accuracy reliability or suitability of the information contained in this advertisement for any purpose and any reliance you place on such information is strictly at your own risk all information should be confirmed by your legal representative,597857.1428571428,,,mid-range,0,,,,
500000.0,a fourbedroom semidetached home boasting over 1200 sq ft of living space occupying a corner plot in a prime salford location between manchester city centre and salford quaysmediacityuk with a flexible and modern layout this property is ideal for families professionals or investors looking to purchase a home with hmo potential the property has undergone extensive refurbishment over the last two years including a new roof new boiler modern kitchen and bathrooms presenting a stylish turnkeyready home accommodation comprises a separate lounge a spacious openplan kitchen and dining area and a utility room a groundfloor bedroom adjoins a jack  jillstyle shower roomwc providing flexible space for family use or potential hmo configuration upstairs are three double bedrooms including a master with ensuite alongside a modern family bathroom externally the property boasts front and rear gardens and a driveway with parking for multiple vehicles making it highly practical for family living held on a leasehold tenure the property also benefits from hmo planning approval offering excellent investment potential while remaining an outstanding home for owneroccupiers location  amenitiessituated in salford greater manchester the property is within walking distance of salford university ideal for students or staff and close to mediacityuk and salford quays local shops cafes restaurants parks and excellent transport links provide a perfect balance of residential tranquillity and urban convenience with easy access to manchester city centre and surrounding areas epc rating cfurther lease details available upon request,916000.0,,,mid-range,0,,,,
499950.0,we are delighted to present this exceptional property for sale on simister lane prestwich manchester m25 2suan  beautifully enhanced semidetached house dating back to the early 1900s recently extended and substantially to combine period charm with modern convenience this elegant family residence also features a separate selfcontained annexe offering superb flexibility and versatility all set within the verdant heart of soughtafter simister village occupying an extensive and welltended plot the property is approached through mature front gardens and benefits from an impressive nearly 200 ft plot of which over two thirds is dedicated to spectacular tiered rear gardens designed for both family living and entertaining the gardens provide a tranquil private haven with lush lawns established flowerbeds and thoughtfully curated landscaping at the far end of this remarkable outside space you will find a substantial detached double garage fully equipped with power lighting and water supply offering secure storage or workshop space as required the garage is complemented by generous driveway parking to the frontage accommodating up to three vehicles with ease main house  classical elegance meets modern comfort on entering the main house you are greeted by a beautifully presented and welcoming hallway laid with originalstyle victorian design flooringa detail epitomising the homes blend of retained period features and contemporary upgrades the hallway leads into the first of three spacious reception rooms which is distinguished by a statement fireplace and a striking bay window that bathes the room in natural light and frames gracious views over the front garden this room provides the perfect formal entertaining space or a peaceful retreat to enjoy evenings by the fire the second reception room flows seamlessly into a contemporary openplan dining kitchen enhanced by an additional feature victorian fireplace lighttoned wood flooring and stunning velux skylights overhead french doors open directly onto the rear garden encouraging effortless indooroutdoor living and an ideal venue for entertaining family and friends the kitchen itself is a centerpiece fitted with striking modern cabinetry a statement kitchen island ideal for informal breakfasts and practical workspace for home cooks or hosting gatherings with the added bonus of a seperate contained utility room which is plumbed and fitted with ample wall and floor units completing the downstairs is a stylish full ground floor bathroom elegantly tiled in marble and fitted with modern sanitaryware designed with both comfort and utility in mindperfect for guests or a busy family lifestyle rising to the first floor you will discover three generous double bedrooms each awash with natural light and offering ample space for relaxation and storage in keeping with the homes overall finish the family bathroom has been thoughtfully to include a chic freestanding bath and a quadrant shower ensuring both everyday convenience and a touch of luxury for residents annexe  flexibility and privacy particularly noteworthy is the completely selfcontained annexe independently accessed to the rear of the property and fully in 2023 this bonus accommodation offers extraordinary flexibility whether for multigenerational living guest arrangements or home office use the annexe features a reception roombedroom a full modern kitchen and a generously appointed bathroom wet room with electric and gas central heating its own electric consumer board and double glazing throughout it provides yearround comfort and a true sense of independence while remaining connected to the main house as needed outdoor living  summer house gardens  outbuildings the superbly landscaped rear gardens present multiple zones for enjoying the outdoors including a delightful summer houseperfect for relaxing during the warmer months or for use as a peaceful garden office or studio the wellmaintained tiered gardens offer ample level space for childrens play summer gatherings or simply relaxing in peaceful seclusion practicality abounds with outbuildings for storage and versatile use in addition to the primary double garage providing truly comprehensive accommodation suitable for modern family life modern conveniences  technical specifications the property has benefited from meticulous upgrades over recent years including new gas and electric installations throughout the majority of the walls have been taken back to brick and then entirely replastered or reskimmed providing a fresh finish to every space the house and annexe are double glazed in their entirety ensuring optimal energy efficiency and comfort the energy performance certificate rating is a strong c and the property falls within council tax band d setting  location positioned in a coveted village setting simister lane is perfectly situated for those seeking a serene yet connected lifestyle the property sits close to highly regarded local schools making it ideal for families and is within easy reach of a wide array of everyday amenities residents will delight in ready access to plentiful green spaces including scenic walking and cycling routesperfect for enjoying the fresh air and tranquil surrounds of this quintessential village location the area attracts those drawn to village life while desiring convenient links to central manchester and major transport routes conclusion this outstanding property on simister lane combines the enduring character of a period family home with stateoftheart updates and the bonus of a wholly selfcontained annexe the exceptional gardens double garage ample parking and a host of additional features such as fireplaces outbuildings and a garden office further enhance its unique proposition ideally suited for families who aspire to balance contemporary comfort with the pleasures of village living early viewing of this beautiful home is strongly recommended to fully appreciate the quality space and flexibility on offer contact our office today to arrange your private viewing of this home and exceptional groundsa rare opportunity in the heart of simister village,603000.0,,,high-end,1,,,,
525000.0,a superbly presented and significantly extended three bedroom semi detached 1930s property ideally situated within only a short stroll from all local amenities schools and parks this delightful property will prove an ideal family home nestled within a larger than average corner plot and benefitting from a gated driveway and detached garage providing off road parking the property is offered for sale in movein ready condition and is certainly not one to be overlooked the accommodation briefly comprises enclosed porch entrance hallway with original stained glass front door lounge with large bay window family room with bifolding doors opening to the 20ft open plan livingdiningkitchen with underfloor heating fitted with solid quartz countertops neff appliances quooker boiling water tap triple velux skylight windows and bifolding doors opening to the rear garden utility room shower room to the first floor there are three good sized double bedrooms and main family bathroom fitted with a four piece suite including freestanding bath double glazing and gas central heating have been installed throughout externally to the front of the property is a walled garden with gated path leading to the front door while to the siderear a good sized garden features artificial lawn and a large stone flagged patio area the gated driveway is positioned towards the end of the garden and leads to the detached garage an internal viewing is most highly recommended hmrc directive  to be able to sell or purchase a property in the united kingdom all agents have a legal requirement to conduct identity checks on all customers involved in the transaction to fulfil their obligations under anti money laundering regulations we outsource this check to a third party and a charge will apply ask the branch for further details,430273.4,,,,1,,,,
410000.0,this threebedroom semidetached property fulfil all the requirements for location schools local amenities transport links the location is convenient in this popular part of altrincham off sinderland road with waitrose supermarket and broadheath primary school on the doorstep altrincham retail park and metrolink station are both within reasonable walking distance having been extended the property offers a modern diningkitchen leading to the generous garden and an open plan living space to the first floor there are three bedrooms serviced by the modern family bathroomwc externally to the front of the property the block paved drive provides off road parking and there is gated access towards the rear the rear garden is of a fantastic size for this type of property potential for further extension with the space available subject to planning permission this is a superb family home which must be viewed  viewings are strictly by appointment please book your viewing preferably by email or through zoopla request fund proof is highly appreciated for booking of the viewings important note to potential purchasers we endeavour to make our particulars accurate and reliable however they do not constitute or form part of an offer or any contract and none is to be relied upon as statements of representation or fact the services systems and appliances listed in this specification have not been tested by us and no guarantee as to their operating ability or efficiency is given all photographs and measurements have been taken as a guide only and are not precise floor plans where included are not to scale and accuracy is not guaranteed,1631250.0,,,mid-range,1,,,,
850000.0,a spectacular and immaculately presented period extended semi detached property situated on a quiet culdesac location within easy reach of didsbury village with its excellent transport links independent shops bars and restaurants having been completely and by the current owners to offer superb modern family living and stunning accommodation over three floors measuring a highly impressive 1662 sq ft over three floors and located on one of didsburys most sought after roads atwood road is an attractive tree lined road and the property also benefits from off road parking a generous private southerly facing garden description stunning throughout and complemented by a large private attractive garden this property makes for an enviable family home and internally comprises welcoming entrance hallway with useful under stairs wc a large light and airy sitting room to the front of the property to the end of the hallway you are greeted by a simply spectacular modern open plan livingdining custom built kitchen which benefits from underfloor heating attractive bifolding doors three skylights and modern fitted units to the first floor there are three bedrooms with two large double bedrooms the principal bedroom has a leafy outlook and overlooks the rear garden a contemporary four piece bathroom suite with a roll top bath serves four of the bedrooms to the second floor there are a further two bedrooms bedroom two boasts a stylish fitted ensuite shower room and ample eaves storage externally to the front there is a block paved driveway a secure gate provides access to the rear south facing private garden the garden is landscaped with two patio areas fenced boundaries and mature plants directions m20 6gp location didsbury village is a vibrant hub offering a wide range of restaurants bars and shops manchester city centre is approx five miles away and is readily accessible via frequent bus services along kingsway a34 or wilmslow road a5145 the trafford shopping centre is a 15 minute drive away manchester airport is approx 12 minutes away and the property is wellplaced for access to the national motorway and rail networks local schooling is excellent didsbury has several primary schools including beaver rd primary school ofsted rated outstanding the property is close to the bus routes to the city centre independent schools and within the catchment area of parrs wood high school tenure freehold services not tested services have not been tested and you are advised to make your own enquiries andor inspections local authority manchester city council viewing viewing strictly by appointment through the agents,944166.6666666666,,,high-end,1,,,,
324995.0,a doublefronted 3bedroom home with exceptional curb appeal the thespian combines traditional elements with a distinctly contemporary design the home presents itself from the entrance hallway with the living room and the openplan kitchen and dining area situated opposite one another the dualaspect living room has an attractive feature bay window that fills the space with light while the kitchen and dining area boasts french doors that lead you out into the rear garden the kitchen itself has a ushaped layout that places everything within easy reach and there is plenty of space for a dining table to seat all the family  plus more in the hallway there is convenient access to the cloakroom and an understairs storage cupboard on the first floor of the thespian are the three bedrooms two of which are double in size the first bedroom benefits from an ensuite shower room and the second and third bedrooms are served by the family bathroom the third bedroom is the ideal size for a childrens bedroom or guest room or to use as a home office or hobby room,477428.5714285714,,,mid-range,0,,,,
575000.0,modern german kitchen with quartz worktops bosch appliances and tiled floors ensuites and family bathrooms with duravit wc and whb and grohe taps shower and bath filler full fibre internet connection ready ground source heat pump with underfloor heating at ground level 2 dedicated offroad parking spaces with electric car charging point 2 year minor defects period 10 year building warranty epc rating b minimum house built to the latest recently  building regulations meaning very high levels of insulation and so consequently low running costs floor area 1560 sqft  145 sqm completion december 2025 high specification energy efficient spacious and bright semidetached family home for sale viewings now being undertaken,443750.0,,,mid-range,0,,,,
850000.0,ss property group are proud to introduce this beautifully presented fourbedroom detached home offering elegant interiors generous proportions and a layout perfectly suited to modern family living the home from the moment you enter this impressive residence delivers a sense of space and comfort the principal lounge is warm and inviting featuring plush carpeting contemporary ceiling spotlights and large upvc windows that floods the room with natural light a second reception room opens seamlessly onto the rear garden through patio doors creating an ideal setting for relaxed family living or entertaining the heart of the home is the stylish eatin kitchen designed with both practicality and social living in mind natural light pours in through patio doors while the central islandincorporating an electric hoboffers a perfect space for food preparation and casual dining the kitchen is complemented by ample storage modern appliances and a designated dining area a separate utility room provides discreet and convenient everyday functionality ________________________________________ sleeping  bathing the first floor offers four wellappointed bedrooms each  the principal bedroom benefits from a luxurious ensuite bathroom complete with a bath separate shower cubicle wc and wash basin bedroom two enjoys a charming bay window and builtin storage cupboards while bedrooms three and four provide flexible space ideal for children guests or a home office a contemporary family bathroom serves the remaining bedrooms ________________________________________ key highlights  elegant detached family home  four bedrooms including a principal suite with ensuite  lightfilled reception rooms with garden access  modern eatin kitchen with island  separate utility room  three wcs  private rear garden  garage with lighting  upvc double glazing and gas central heating ________________________________________ location perfectly positioned close to local amenities highly regarded schools heaton park excellent public transport links and major motorway connections this home offers the ideal balance of lifestyle comfort and convenience ________________________________________ viewing homes of this quality and presentation are in high demand early viewing is strongly advised to fully appreciate the space style and setting on offer,603000.0,,,mid-range,0,,,,
565000.0,this detached house is now available for sale situated in a highly soughtafter location of acresbrook this propertys location is optimal with public transport links nearby schools and local amenities and cheethams park within easy reach the property showcases its sizeable nature with four spacious double bedrooms the master bedroom is a highlight boasting an ensuite bathroom and builtin wardrobes the remaining three bedrooms are equally impressive two of which come with builtin wardrobes providing ample storage space the house features two reception rooms both with large windows allowing natural light to flood in one room is currently purposed as a home office a perfect retreat for those who work from home the second reception room is distinguished by its fireplace adding a cozy and homely feel the kitchen is truly the heart of this home with an openplan layout an inviting kitchen island a utility room and a dedicated dining space bathed in natural light this kitchen is a dream for those who enjoy cooking extra features include a conservatory a conveniently located downstairs wc and a private garden to the rear the garden in particular is perfect for outdoor dining in the warmer months or simply enjoying the tranquillity of your own space a single garage and additional offstreet parking make this house even more appealing the large plot on which the house is situated also offers potential for extension or development subject to necessary permissions in summary this property offers an abundance of space comfort and functionality its unique features such as the fireplace and the private garden make it a family home with character and charm if you are on the hunt for a home that ticks all the boxes this wellmaintained property is definitely worth considering  detached property  exclusive location  corner plot  four double bedrooms  ensuite to master bedroom   office  conservatory  garage  chain free property  epc  c  entrance hall  the entrance hall benefits from a roc door carpet radiator and staircase to the second floor the entrance hall also provides access to the study at the front of the property downstairs wc utility and there is also a staircase that provides access to the garage living room  368 x 523  dining room  277 x 368  kitchen  33 x 401  conservatory  348 x 318  utility room  study  251 x 358  master bedroom  376 x 432  ensuite bathroom  bedroom 2  305 x 409  bedroom 3  277 x 378  bedroom 4  277 x 399  family bathroom  garage  368 x 531 ,600800.0,409.0,,,1,,,,
650000.0,welcome to this stunning detached house located on moordale avenue in oldham built in 2019 this modern property spans an impressive 1560 square feet and is designed to provide a bright and airy living environment thanks to its large windows that invite an abundance of natural light the home features two spacious reception rooms perfect for entertaining guests or enjoying family time with four wellproportioned bedrooms there is ample space for a growing family or for those who desire extra room for guests or a home office the property also boasts two contemporary bathrooms ensuring convenience and comfort for all residents one of the standout features of this property is its beautiful setting as it backs onto local countryside this not only offers stunning views but also provides a sense of privacy making it an ideal retreat from the hustle and bustle of everyday life the property is equipped with gas central heating and upvc double glazing ensuring warmth and energy efficiency throughout the year this delightful home is perfect for those seeking a modern lifestyle in a tranquil location while still being close to local amenities with its thoughtful design and appealing features this property is sure to attract interest from discerning buyers dont miss the opportunity to make this exceptional house your new home hallway  this bright hallway welcomes you with neutral floor tiles and clean white walls creating a fresh and airy first impression the oak staircase with white panelling and a glass balustrade adds a modern touch while recessed lighting illuminates the space a mirror and console unit provide practical and decorative elements enhancing the inviting atmosphere as you enter the home guest wc  this separate wc is finished with grey wall tiles halfway up matching the floor tiles and crisp white walls above it includes a compact rectangular sink with a modern mixer tap a closecoupled toilet and a chrome heated towel rail for added comfort and practicality small shelves above the wc add subtle space for decorative items or essentials lounge  139 x 1010  the lounge offer a bright and comfortable space with light tiled flooring a large window fills the room with natural light living room  155 x 1010  the living room offers a bright and comfortable space with light tiled flooring and soft grey walls a large window fills the room with natural light the room features a stylish wallmounted fireplace under a flatscreen tv with recessed ceiling lights providing a clean contemporary feel open plan to kitchendiner kitchen  dining room  2810 x 102  this spacious openplan kitchen and dining area is filled with plenty of natural light from large windows and sliding doors that open onto the rear garden the kitchen features sleek modern units with a central island topped with a stoneeffect surface incorporating an inset sink and a breakfast bar with seating high glass grey cabinets provide ample storage and integrated appliances including ovens and a hob add to the streamlined look pendant lights and recessed ceiling lighting enhance the contemporary style while the dining table provides a cosy spot for meals with views of the garden beyond utility room  the utility room is practical and well lit with floor tiles that match the rest of the ground floor and simple white walls there is a builtin cupboard for storage and space for appliances including a washing machine a door leads directly outside to the garden area making it easy to access the outdoors from this useful space landing  the firstfloor landing is light and open continuing with the oak flooring and white walls seen throughout the home a glass and wood balustrade lines the stairs adding a modern finish and allowing light to flow freely doors lead off to the bedrooms and bathrooms while a large window at the front provides pleasant natural light and views out to the street bedroom 1  184 max x 910  this bedroom has been finished with a soft neutral colour palette and carpeted flooring for added comfort it features a large window with a modern roller blind framing delightful views of the countryside beyond the room provides ample space for a large double bed and freestanding furniture making it a restful and inviting space ensuite  this bathroom offers a modern wet room style with tiled walls and floor in neutral tones it includes a walkin shower with glass screen a modern sink with storage below and a closecoupled toilet a window provides natural light while the contemporary fixtures and clean design create a sleek and practical space bedroom 2  139 x 1010  this bedroom offers neutral tones with light carpeting and white walls complemented by one feature wall with soft patterned wallpaper it provides ample space for a large double bed and additional furniture including a dressing table and storage units a large window fills the room with natural light while the decor creates a calm relaxing atmosphere bedroom 3  139 x 1010  this bedroom has been finished with a soft neutral colour palette and carpeted flooring for added comfort it features a large window with a modern roller blind framing delightful views of the countryside beyond the room provides ample space for a large double bed and freestanding furniture making it a restful and inviting space bedroom 4  122 x 1010  this bedroom features neutral carpeting and walls with soft furnishings to create a restful ambiance it offers space for a double bed alongside a chest of drawers and other storage a large window with curtains allows light to flood in while providing views over the surrounding area making this a welcoming and comfortable bedroom bathroom  the main bathroom is fitted with contemporary fixtures and neutral tiling on the walls and floor it includes a white bathtub a wallmounted rectangular sink with storage below and a closecoupled toilet a heated towel rail and a frosted window provide functionality and privacy while recessed lighting keeps the room bright and fresh rear garden  the rear garden is a spacious and private paved patio area enclosed by timber fencing and glass panels on one side it is thoughtfully designed with comfortable outdoor seating and swing chairs as well as a covered pergola area perfect for relaxing or entertaining the garden is lowmaintenance and enjoys views over the surrounding countryside creating a peaceful outdoor retreat front exterior  the front exterior of the property features a modern red brick façade with large doubleheight windows that flood the interior with light the pitched roof complements the contemporary design while a driveway provides ample offroad parking bordered by low brick wall pillars and small areas of lawn the front garden is neat and low maintenance creating a welcoming first impression,739166.6666666666,,,mid-range,0,,,,
600000.0,investment opportunity fully hmo with a potential gross return of 57000 this end of terrace house has 6 bedrooms a stylish garden and offstreet parking ideal for investors looking for a profitable property with modern amenities and a prime location council tax band c epc d an excellent investment opportunity awaits with this fully hmo boasting a potential gross return of 57000 this end of terrace house comprises six spacious bedrooms making it an ideal choice for those looking to maximise rental income the property features a blend of modern finishes and period features creating a stylish and comfortable living space the ground floor offers a bright living room contemporary kitchen with integrated appliances and a dining area leading out to a shared garden the generously sized bedrooms provide ample storage and are serviced by sleek bathrooms located in a desirable area close to amenities and reputable schools this property promises both convenience and high rental yield potential dont miss out on this lucrative investment opportunity  schedule a viewing today to secure this impressive hmo council tax band c,443750.0,6.0,,mid-range,0,,,,
320000.0,popular location locate estate agent are delighted to bring to the market this well presented three bedroom semidetached property on audley avenue stretford this spacious dwelling offers ample living accommodation throughout and is conveniently located on the stretfordurmston border close to great local amenities including good schools and transport links the accommodation comprises of hallway living room dining room and kitchen to the upstairs are the three bedrooms and bathroom outside to the front is a well maintained garden with off road parking whilst to the rear is a good sized mostly lawned garden with patio area to book your viewing contact the locate team at our urmston office title numbers la238253 tenure leasehold lease start date beta 05 apr 1938 lease end date beta 01 may 2935 lease term beta 999 years from 1 may 1936 lease term remaining beta 910 years last sold price 173500 last sold date 15052015 local authority trafford council tax band b annual price 1651 conservation area no flood risk very low floor area 818 ft 2  76 m 2 plot size 005 acres mobile coverage ee vodafone three o2 broadband basic 6 mbps superfast 31 mbps ultrafast 2000 mbps satellite  fibre tv availability bt sky virgin material information  disclaimers the information supplied in this listing is sourced from various third parties information is also requested from the vendor whilst every effort is made to verify the information locate estate agents assumes no responsibility or liability for any errors or omissions in the content provided in this listed the information contained in this site is provided on an as is basis with no guarantees of completeness accuracy usefulness or timeliness reasonable buyers should peruse trading standards guidance attached or linked and instruct both a conveyancer and surveyor at the earliest opportunity locate estate agent have not tested any appliances and services described in this property description and therefore take no legal responsibility for their function we would advise having an independent inspection of all services and appliances relating to the property all room sizes are approximate property misdescriptions act under the property misdescription act 1991 we endeavour to make our sales details accurate and reliable but they should not be relied upon as statements or representations of fact and they do not constitute any part of an offer or contract these particulars are thought to be materially correct though their accuracy is not guaranteed  they do not form part of any contract all links relating to services which include council tax banding and charges   tenure property type material info pack on property advert property construction locate estate agents have had sight of the property and made enquiries with the vendor however no warranty is made as to this fact and it is strongly recommended that a rics surveyor is instructed by a buyer to ascertain more details material info pack on property advert number and types of room utility suppliers material info pack on property advert sewerage heating material info pack on property advert broadband mobile signal coverage parking material info pack on property advert building safety locate estate agents is not qualified to comment on or give warranty regarding such matters and recommend that buyers read the guidance here and instruct an appropriate survey restrictions locate estate agents is not qualified to comment on or give warranty regarding such matters and recommend that a conveyancer is instructed at the earliest opportunity info to be obtained from conveyancer solicitors flood risk locate estate agents is not qualified to comment on or give warranty regarding such matters and recommend that buyers read the guidance here include link and instruct any searches require via their conveyancer at the earliest opportunity and recommend that buyers read the guidance here coastal erosion risk locate estate agents is not qualified to comment on or give warranty regarding such matters and recommend that buyers read the guidance here include link and instruct any searches require via their conveyancer at the earliest opportunity and recommend that buyers read the guidance here planning permission see the local authority planning portal found here accessibility adaptations accessibilityadaptations locate is not aware of any accessibility issues or adaptions relating to accessibility having been made at the property however the buyer should rely on their own inspection and should undertake this at the earliest opportunity see property description coalfield or mining area locate estate agents is not qualified to comment on or give warranty regarding such matters and recommend that buyers read the guidance here include link and instruct any searches require via their conveyancer at the earliest opportunity and recommend that buyers read the guidance  metres20of20a20property27s20boundaries energy performance ,694166.6666666666,,,budget-friendly,1,,,,
730000.0,no chain an immaculately presented and brand six double bedroom semi detached period property located on a well regarded road in the heart of chorlton village this superb property offers versatile family accommodation over four floors and has been totally to an excellent standard throughout creating a contemporary movein ready family home the property further benefits from a westerly facing rear garden and is located within only a short stroll from all local amenities and transport links in chorlton village the array of independent shops bars and restaurants on beech road as well as multiple local schools and parks the accommodation briefly comprises covered porch entrance hallway lounge with large bay window open to the dining room and stunning fitted kitchen beyond which features integrated appliances and large french patio doors opening to the rear garden the converted cellars provide a further reception room which would prove an ideal family or cinema room useful utility room and wc to the first floor there are three well proportioned bedrooms and main family bathroom fitted with a modern three piece suite plus tiled walls and flooring while the second floor reveals three further equally well proportioned bedrooms and shower room double glazing and gas central heating have been installed throughout externally to the front of the property is a walled garden with indian sandstone path leading to the front door to the rear a fenced and enclosed garden enjoys a sunny westerly aspect and features a raised decked area artificial lawn and indian sandstone patio area an internal viewing of this superb home is most strongly recommended hmrc directive to be able to sell or purchase a property in the united kingdom all agents have a legal requirement to conduct identity checks on all customers involved in the transaction to fulfil their obligations under anti money laundering regulations we outsource this check to a third party and a charge will apply ask the branch for further details,894999.1666666666,,,high-end,0,,,,
395000.0,aubrey lee  co are delighted to bring to the market this semi detached three bedroom house located on scholes lane near the junction with ostrich lane conveniently located for local shops schools transport links and places of worship along with heaton park being a short distance away the accommodation briefly comprises of porch hall lounge dining room kitchen utility room bedroom 1 bedroom 2 bedroom 3 bathroom loft room gardens front and rear driveway to front and attached garage viewings can be arranged by calling the office of aubrey lee  co location situated on scholes lane near the junction with ostrich lane porch useful space with door to hall a welcoming hallway with panelled doors to all rooms the stairs lead up to the left lounge  386m 128 approx x 338m 111 approx front facing room which offers ample space for furniture feature fireplace surround with marble inset and hearth along with electric fire ample space for furniture and measured into the bay window the room opens fully to dining room  366m 120 approx x 336m 110 approx rear facing room with a door opening to the garden again there is ample space for furniture door to the hall diner kitchen  466m 153 approx x 304m 100 approx rear facing room with door to the garden fitted with a collection of wall and base units inset sink unit and mixer tap integrated oven with 4 ring hob above there is space for a fridgefreezer along with space for a small dining set tiled splashbacks and two windows door to utility room  228m 76 approx x 17m 57 approx space and plumbing for a washing machine and dryer door to the rear and internal door to the garage 3 bedrooms bedroom 1  386m 128 approx x 358m 119 approx front facing double bedroom measured into the bay window and with a fitted wall of robes bedroom 2  336m 110 approx x 244m 80 approx rear facing double bedroom which again has fitted robes bedroom 3  304m 100 approx x 244m 80 approx rear facing single bedroom again having fitted robes bathroom consisting of a white suite of bath with overhead shower matching washbasin and wc tiled walls and floor two frosted windows chrome towel radiator loft room  637m 2011 approx x 28m 92 approx accessed via a staircase from the landing a useful extra room which can be utilised to suit benefits from a roof window garden to the rear of the property there is a paved patio seating area which opens to an enclosed lawned garden with shrubbery bed borders to the front of the property is a loose stone driveway and a smaller lawned area with shrubbery border garage  41m 135 approx x 228m 76 approx attached garage with upover door heating gas central heating from a wall mounted boiler windows sealed unit double glazing in upvc frames council tax band d tenure we understand that the property is freehold subject to a chief rent of 6 per annum notice please note we have not tested any apparatus fixtures fittings or services interested parties must undertake their own investigation into the working order of these items all measurements are approximate and photographs provided for guidance only,668325.0,1.0,3.0,,0,,,,
1500000.0,nestled on the prestigious brooklands road this remarkable detached residence offers over 4250 sq ft of luxurious living space set on just over a third of an acre designed for modern family life the property has been thoughtfully extended beyond its original structure to create an impressive and contemporary layout while retaining the character and warmth of a traditional home upon entering through the bespoke pivot front door youre greeted by a bright and spacious reception room with floortoceiling windows and a full wall of fitted cupboard space for storage setting the tone for the highquality finishes found throughout the home the entire ground floor benefits from underfloor heating ensuring warmth and comfort across its expansive footprint the original hallway offers a full line of sight through the kitchen dining room and family room extending all the way out to the beautifully landscaped garden at the heart of the home lies the dining area bathed in natural light from a striking overhead skylight an ideal setting for family meals and entertaining guests the family room formed from a substantial extension features soaring 15foot ceilings no christmas tree is too tall for this space making it a dream setting for festive celebrations and gatherings touch control mood lighting enhances the atmosphere at the touch of a button allowing you to set the perfect tone for any occasion set apart from the brightness of the rest of the home the living room provides a cozy retreat the perfect spot to unwind in the evening the ground floor also includes a wellappointed utility room and a convenient downstairs bathroom with shower thoughtfully designed to meet the needs of a busy household all five bedrooms are generously sized doubles the principal bedroom is a serene retreat complete with a luxurious ensuite bathroom the second bedroom also a spacious double benefits from its own ensuite offering comfort and privacy for family or guests the family bathroom is beautifully appointed with nickel hardware fittings and a stunning standalone bathtub on the second floor a thoughtfully designed dressing room with builtin wardrobes and generous storage space adds a touch of luxury and practicality to daily life the professionally landscaped garden has been crafted with both relaxation and entertaining in mind mature trees provide privacy and a natural sense of tranquillity while integrated garden lighting adds atmosphere in the evenings the garden is also equipped with water and electricity connections perfect for those looking to install an outdoor kitchen and enjoy al fresco dining with friends and family for secondary education the property lies within the trafford local authority renowned for its selective education system sale grammar school located nearby on marsland road is one of the regions leading grammar schools with entry determined by the 11plus entrance exam along with the soughtafter catchment area of altrincham grammar school for girls offering the opportunity to access the uks topperforming state schools renowned for its exceptional academic standards consistently achieves outstanding results brooklands metrolink station is just a short stroll away providing direct access to manchester city centre and the wider region making this an ideal location for both commuting and family life,975833.3333333334,,,high-end,1,,,,
125000.0,we are pleased to market this brilliant ground floor apartment with no vendor chain ready to be moved straight into on the highly sought quiet culdesac willow avenue in the centre of cheadle hulme this apartment is a great opportunity for all buyers and circumstances whether it be to get your foot on the property ladder an investment opportunity or looking to downsize with quiet surroundings this home features wellkept communal entrance bright open plan lounge and newly fitted modern kitchen with breakfast bar and fitted appliances large double bedroom and family bathroom the gardens to willow avenue are also well maintained and private with the additional benefit of a private parking space this desirable property is ideally situated close to cheadle hulme village offering a variety of shops cafes restaurants and local amenities excellent transport links including nearby bus routes train stations and motorway access m60m56 provide easy connections to manchester city centre manchester airport stockport and surrounding areas auctioneer comments this property is for sale by modern method of auction allowing the buyer and seller to complete within a 56 day reservation period interested parties personal data will be shared with the auctioneer iamsold ltd if considering a mortgage inspect and consider the property carefully with your lender before bidding a buyer information pack is provided the buyer is responsible for the pack fee for the most recent information on the buyer information pack fee please contact the iamsold team the buyer signs a reservation agreement and makes payment of a non refundable reservation fee of 45 of the purchase price including vat subject to a minimum of 6600 inc vat this fee is paid to reserve the property to the buyer during the reservation period and is paid in addition to the purchase price the fee is considered within calculations for stamp duty services may be recommended by the agentauctioneer in which they will receive payment from the service provider if the service is taken payment varies but will be no more than 960 inc vat these services are optional,575000.0,,,mid-range,0,,,,
500000.0,a fantastic investment opportunity to acquire this substantial seven bedroom victorian mansion terrace hmo with a yearly rental income of 4738364 resulting in a gross yield of 947 for 20252026 the property is conveniently located within striking distance of both withington  west didsbury villages with their array of shops café bars and restaurants as well as being close to the metrolink for sale with no onward chain 1768 sqft the accommodation consists of an entrance hallway with stairs rising to the first floor to the ground floor is he spacious bay fronted living room with an opening through to the kitchen which is fitted an ample selection of modern units double sinks double hobs and double oven a perfect area for socialising there is also a double bedroom shower room and utility cupboard with plumbing for two washing machines a door opens out from the hallway to the enclosed courtyard accessed from the hallway are the converted cellars with a double bedroom storage room and further room to the upper floors you will find six double bedrooms all with closet spaces and wash hand basins the upper floors are served by the three piece bathroom the property is approached via a hard landscaped frontage to the rear is the enclosed courtyard area,439166.6666666667,,,mid-range,0,,,,
325000.0,comfort practicality and flexibility in a soughtafter location this superb threebedroom detached family home offers a rare opportunity to acquire a property that truly delivers on space versatility and everyday practicality with three welldefined reception rooms two shower rooms generous parking and a thoughtfully arranged garden the home is perfectly suited to family life entertaining and flexible modern living all set within a popular and wellestablished residential location upon arrival you are greeted by offroad parking for two vehicles complemented by a garage providing secure parking for an additional car or excellent storage space entry is via the entrance porch providing a welcoming introduction to the home the lounge is positioned at the front of the property and serves as a comfortable and inviting main reception room this space is ideal for relaxing or entertaining offering plenty of room for a full range of living room furniture and benefiting from a bright frontfacing aspect to the rear of the home the kitchen enjoys views over the garden and forms a true hub for family life the kitchen is generously sized and easily accommodates its own dining table making it perfect for everyday meals and informal gatherings with ample worktop and cupboard space it is both practical and sociable allowing the separate dining room to be used in a variety of ways depending on lifestyle needs this room leads directly into the conservatory which provides a bright and relaxing additional reception space with views over the garden and direct access to the patio ideal for enjoying the warmer months the dining room located just off the kitchen offers excellent flexibility and can be used as a formal dining room second sitting room bedroom home office or snug this reception room is further enhanced by access to a modern shower room a highly desirable feature that adds everyday convenience for families and guests alike a separate utility room provides valuable space for laundry appliances and additional storage helping to keep the main living areas clutterfree from here there is internal access to the garage the main bedroom is a generously proportioned double room offering a calm and comfortable retreat with space for a full range of bedroom furniture the second bedroom is also a wellsized double room ideal for family members or guests the third bedroom is a neatly presented single room perfectly suited to a childs bedroom nursery or home office completing the first floor is a family shower room finished to a modern standard and designed to comfortably serve all three bedrooms the rear of the property features a patio area ideal for outdoor dining entertaining or relaxing this leads onto a wraparound side lawn providing a generous and versatile outdoor space suitable for children pets or keen gardeners while remaining manageable and private the property is located within a wellregarded and familyfriendly residential area known for its sense of community and convenient access to everyday amenities a range of local shops supermarkets and services are within easy reach catering to daytoday needs the area is also well served by reputable primary and secondary schools making it particularly attractive to families for leisure and recreation there are nearby parks green spaces and walking routes offering opportunities for outdoor activities and relaxation excellent transport links provide convenient access to surrounding towns and city centres with road and public transport connections making commuting straightforward this combination of accessibility amenities and green space makes the location highly desirable for a wide range of buyers with its spacious and adaptable layout three reception rooms two shower rooms and excellent indoor and outdoor features this detached family home offers outstanding flexibility to suit a variety of lifestyles early viewing is highly recommended to fully appreciate the space versatility and quality this property has to offer important note to potential purchasers  tenants we endeavour to make our particulars accurate and reliable however they do not constitute or form part of an offer or any contract and none is to be relied upon as statements of representation or fact the services systems and appliances listed in this specification have not been tested by us and no guarantee as to their operating ability or efficiency is given all photographs and measurements have been taken as a guide only and are not precise floor plans where included are not to scale and accuracy is not guaranteed if you require clarification or further information on any points please contact us especially if you are traveling some distance to view potential purchasers fixtures and fittings other than those mentioned are to be agreed with the seller potential tenants all properties are available for a minimum length of time with the exception of short term accommodation please contact the branch for details a security deposit of at least one months rent is required rent is to be paid one month in advance it is the tenants responsibility to insure any personal possessions payment of all utilities including water rates or metered supply and council tax is the responsibility of the tenant in most cases sha2504962 rooms lounge 536m x 43m positioned at the front of the property the lounge is a bright and inviting main reception room filled with natural light from the frontfacing windows its generous proportions make it an ideal space for both relaxed family living and formal entertaining the room easily accommodates a variety of furniture arrangements from large sofas to additional seating creating a versatile space where the whole family can unwind the warm and welcoming atmosphere of the lounge sets the tone for the rest of the home making it the perfect place to entertain friends or enjoy quiet evenings in comfort kitchen 53m x 287m to the rear the kitchen is a truly sociable and practical space forming the heart of the home its generous layout allows for a full range of appliances and features ample worktop and cupboard space ideal for preparing everyday meals or hosting casual family gatherings the room is large enough to accommodate its own dining table making it an ideal spot for breakfast family dinners or informal entertaining without needing to rely on the separate dining room with a rearfacing aspect the kitchen enjoys a pleasant view of the garden providing a light and airy environment that enhances the overall sense of space dining room 287m x 241m situated just off the kitchen the dining room offers remarkable versatility to suit a variety of lifestyles while it is perfectly suited as a formal dining area for entertaining it could equally serve as a second sitting room snug home office or even an additional bedroom if required this flexibility is further enhanced by its proximity to the ground floor shower room and direct access to the conservatory making it a highly adaptable space that can grow and change with the familys needs its connection to the main living areas allows for seamless entertaining and easy movement throughout the home utility room 234m x 206m the utility room is thoughtfully located to maintain the flow of the main living spaces while offering practical solutions for daytoday chores it provides ample room for laundry appliances and additional storage keeping clutter out of the kitchen and living areas internal access to the garage adds further practicality providing a seamless transition for storage household tasks or even a secondary workspace conservatory 251m x 234m the conservatory extends the living space providing a bright and airy room with views over the garden and direct access to the patio bathed in natural light it is ideal for use as a relaxing sitting area playroom or quiet retreat and creates a seamless link between indoor and outdoor living its positioning makes it the perfect space for enjoying the warmer months hosting guests or simply taking in the views of the rear garden while remaining sheltered downstairs shower room a modern ground floor shower room adds significant convenience especially for busy households or multigenerational living finished to a contemporary standard it provides a practical and easily accessible facility for guests children or anyone needing quick access without heading upstairs bedroom 1 386m x 335m the main bedroom is a generously proportioned double room offering a calm and comfortable retreat there is ample space for a full range of bedroom furniture including wardrobes and additional seating if desired the room is designed to maximize comfort and privacy making it an ideal sanctuary within the home bedroom 2 356m x 343m the second bedroom is another double room offering plenty of space for family members or guests its size and layout allow for flexible furniture arrangements and a comfortable environment for rest and relaxation bedroom 3 287m x 188m the third bedroom is a neatly presented single room suitable as a childs bedroom nursery or home office its versatile layout allows it to adapt to the households needs over time providing a functional yet comfortable space family bathroom 226m x 168m the family shower room on the first floor is finished to a modern standard designed to accommodate the needs of the household it complements the ground floor shower room providing both convenience and flexibility for busy mornings or guest use outdoor space the outdoor space is a standout feature of the property featuring a patio area ideal for outdoor dining entertaining or relaxing this flows onto a wraparound side lawn creating a generous and versatile outdoor space suitable for children pets or gardening enthusiasts the layout provides privacy while remaining easy to maintain and the combination of patio and lawn allows for flexible use depending on the familys needs garage the garage offers secure parking for an additional vehicle and can also serve as a storage area workshop or flexible space to suit a variety of household needs its positioning and internal access to the home make it particularly convenient for daytoday use areas and local amenities this property is located in a wellregarded and highly accessible residential neighbourhood that combines the convenience of everyday amenities with a strong community feel within a short walk you will find local convenience stores a post office and other daytoday services making weekly shopping and quick errands hasslefree larger supermarkets are also nearby reachable within a few minutes drive providing a wide choice of grocery options and making weekly food shopping simple and practical for family life the local high street only a few minutes from the home offers a selection of cafés eateries and independent retailers that help create a friendly villagelike atmosphere families will particularly appreciate the proximity to a number of wellregarded schools with several primary schools situated within a short walk and reputable secondary education options not far beyond these local schools are highly sought after and contribute to the strong appeal of the truncated,676000.0,,,mid-range,0,bedroom,,,
400000.0,welcome to this muchloved and wellpresented extended threebedroom semidetached family home located on the everpopular kings road ideal for growing families or those seeking additional living space the property offers a blend of traditional charm and modern convenience the accommodation comprises ground floor entrance porch upvc double glazed on three sides with entrance to hallway hallway welcoming space with glazed front door picture rail woodeffect flooring radiator and stairs to the first floor sitting room 390m x 350m bayfronted with upvc windows woodeffect flooring radiator and feature fireplace with living flame gas fire lounge 350m x 394m overlooks the rear garden through patio doors complete with coved ceiling radiator dado rail feature fireplace and gas fire extended breakfast kitchen 505m x 242m fitted with a range of wallbase units and breakfast bar includes a oneandahalf sink space for appliances splash tiling radiator and gas boiler dual aspect with upvc windows and side door access first floor shaped landing features open balustrade side window and loft access via pulldown ladder bedroom one 455m x 337m bay window to front woodeffect flooring radiator and fullwidth builtin wardrobes bedroom two 330m x 370m rear aspect matching builtin wardrobes woodeffect flooring and radiator bedroom three 295m x 202m front facing with fitted wardrobes and radiator bathroom modern threepiece suite with bath  shower over lowlevel wc basin full tiling ladder radiator and side window loft conversion a versatile space with eaves storage upvc window to rear and radiator  perfect for a home office hobby room or occasional guest area garage detached and fully plastered with lighting and power currently used for storage and utility purposes but with excellent potential for conversion into a home office gym or garden room includes fitted base units with sink outside gated paved driveway offering parking for multiple vehicles continuing along the side to the detached garage the rear garden enjoys a sunny aspect and features ornate paving privacy fencing and lowmaintenance landscaping tenure freehold council tax band c,430273.4,,,mid-range,1,,,,
1400000.0,an exceptional detached family home offering a remarkable 3181 sq ft of living space arranged over four thoughtfully designed floors presented to an outstanding standard with premium fixtures and fittings throughout this is a home that truly needs to be viewed to be fully appreciated the property is located on one of didsburys most prestigious private roads with central lawns and mature trees leading down to fog lane park step inside and youre greeted by an impressive reception hallway adorned with original stainedglass windows and a striking feature fireplace the bayfronted living room is generously proportioned enhanced by elegant plantation shutters and charming stainedglass details to the rear a magnificent openplan family and dining area opens through bifold doors to the landscaped private garden creating the ideal setting for seamless indooroutdoor living completing the ground floor is a sleek contemporary kitchen with integrated appliances a separate utility room and a stylish downstairs wc the first floor is home to a luxurious mmain suite complete with fitted wardrobes a private dressing room and a stunning ensuite featuring a large walkin shower two further double bedrooms are served by a chic family bathroom boasting both a freestanding bath and walkin shower on the second floor two additional double bedrooms and a modern shower room provide excellent flexibility all accessed from a spacious landing externally the property offers offroad parking via a private driveway the rear garden has been beautifully landscaped with an indian stone patio  perfect for al fresco dining and entertaining this outstanding home is truly unique on the market combining space elegance and practicality for modern family living call now to arrange your viewing,873000.0,,,high-end,0,,,,
380000.0,3 bedroom 3 bathroom 7th floor apartment in manchester waters block b with spacious balcony ews1 in place perefect for investors or a live in landlord stunning waterfront 3 bedroom  3 bathroom balcony property available now  viewings of this property are highly encouraged x1 sales  lettings are delighted to bring this stunning 3 bedroom apartment for sale situated on the 7th floor of the brand new development  x1 manchester waters tower b the 3 bedroom property enjoys a spacious balcony that offers stunning water views white goods are included suitable as an investmenet purchase or for a live in landlord residents at x1 manchester waters can enjoy exclusive access to an onsite cinema room and an onsite gym quick financials service charge 334850 ground rent 46983 5 year rpi 5 year rpi billing period  01 jan  31 dec estmated monthly rent achievable 150000 lettings management 8  vat council tax band d about x1 manchester waters manchester waters is the regeneration of the 26 acres of dockland on pomona island one of the last remaining largescale regeneration opportunities available this close to manchester city center x1 manchester waters tower b is the second tower in a 5 phase masterplan which is being delivered now in partnership with peel lp the development of manchester waters and the adjacent cornbrook hub is creating a brand new neighborhood offering the highestquality urban living conditions in one of the uks most exciting cities manchester is one of the leading regions for capital growth and also a top performer for rental growth connectivity to wider manchester the property is located a 2minute walk from pomona strand tram stop meaning residents can get to manchester city centre in a matter of minutes viewings of this property are highly encouraged and can be arranged by getting in touch with our team,435195.28571428574,3.0,3.0,,0,,,,
372000.0,spacious three bedroom semi detached stone cottage in need of updating  no upward chain panoramic rivington views  sought after horwich location  three reception rooms  gardens to rear  vacant possession regency estates are delighted to offer to the market lakeview a lovely stone built character semi detached cottage overlooking rural aspects situated within the breathtaking and highly sought after semi rural setting of montcliffe georges lane in horwich this impressive and well proportioned property offers accommodation comprising an entrance lobby hallway sitting room dining room studyreception room fitted kitchen three good sized bedrooms and a bathroomwc further features include double glazing and gas central heating the home is in need of updating allowing the new owners to put thier own stamp on it making it the perfect family home outside there are gardens to the front and rear offering unrivaled panoramic views over local countryside and beyond to the rear of the paorperty is a single detached garage to allow for off road parking the property is located on the doorstep of the rolling rivington countryside with views of the pike from the garden situated in a quiet idyllic semi rural location yet only a short drive or walk to the centre of horwich and numerous local amenities pubs and restaurants it has excellent access to the m61 motorway blackrod  horwich parkway train and middlebrook retail park there are also a number of highly regarded local schools within close proximity including bolton school rivington  blackrod and blackrod primary school ofsted rated excellent it really is the best of both worlds cottages in this area of horwich offering these views and potential rarely come on the market for sale please call the office to arrange a viewing,509999.1666666667,,,,0,,,,
350000.0,very large end of terrace property it requires updating but this is reflected in the keen asking price 3 storeys plus cellar it includes 2 reception rooms kitchen and utility rooms on the ground floor the 1st floor has 3 double bedrooms and bathroom and on the 2nd floor there is another large double bedroom via the landing which has a balcony overlooking the 1st floor landing there is a small garden to the front and a generous space to the rear great location being close to local amenities including a busy bus route plus it is only a couple of miles from the city centre rooms porch pvc door with upper light ornate quarry tiled floor hall door with upper light window laminate flooring radiator open spindle staircase to the 1st floor cupboard housing the central heating boiler cellar providing useful storage space reception 1 493m x 386m 16 02 x 12 08  pvc double glazed bay window to the front elevation laminate flooring and radiator kitchen 404m x 348m 13 03 x 11 05  pvc double glazed window to the rear a range of base and eye level units with roll edged worktops and tiled splash backs integrated ovenhob and extractor hood stainless steel sink unit with chrome mixer space and plumbing for washing machine and dishwasher laminate flooring and radiator uitility room 168m x 165m 5 06 x 5 05  pvc double glazed window to the side radiator reception 2 445m x 351m 14 07 x 11 06  pvc double glazed window to the rear laminate flooring and radiator landing open spindle banister and staircase to 2nd floor bedroom 1 541m x 470m max 17 09 x 15 05max max 2 x pvc double glazed windows to the front laminate flooring and radiator bedroom 2 378m x 353m 12 05 x 11 07  pvc double glazed window to the rear laminate flooring and radiator bedroom 3 386m x 351m 12 08 x 11 06  pvc double glazed window to the rear laminate flooring and radiator 2nd floor landing open spindle balcony overlooking the 1st floor landing skylight window bedroom 4 500m x 439m 16 05 x 14 05  pvc double glazed window to the front laminate flooring and radiator outside small front garden and generous one to the rear with high perimeter wall and gate,430273.4,,,,0,,,,
1500000.0,nestled on the prestigious brooklands road this remarkable detached residence offers over 4250 sq ft of luxurious living space set on just over a third of an acre designed for modern family life the property has been thoughtfully extended beyond its original structure to create an impressive and contemporary layout while retaining the character and warmth of a traditional home upon entering through the bespoke pivot front door youre greeted by a bright and spacious reception room with floortoceiling windows and a full wall of fitted cupboard space for storage setting the tone for the highquality finishes found throughout the home the entire ground floor benefits from underfloor heating ensuring warmth and comfort across its expansive footprint the original hallway offers a full line of sight through the kitchen dining room and family room extending all the way out to the beautifully landscaped garden at the heart of the home lies the dining area bathed in natural light from a striking overhead skylight an ideal setting for family meals and entertaining guests the family room formed from a substantial extension features soaring 15foot ceilings no christmas tree is too tall for this space making it a dream setting for festive celebrations and gatherings touch control mood lighting enhances the atmosphere at the touch of a button allowing you to set the perfect tone for any occasion set apart from the brightness of the rest of the home the living room provides a cozy retreat the perfect spot to unwind in the evening the ground floor also includes a wellappointed utility room and a convenient downstairs bathroom with shower thoughtfully designed to meet the needs of a busy household all five bedrooms are generously sized doubles the principal bedroom is a serene retreat complete with a luxurious ensuite bathroom the second bedroom also a spacious double benefits from its own ensuite offering comfort and privacy for family or guests the family bathroom is beautifully appointed with nickel hardware fittings and a stunning standalone bathtub on the second floor a thoughtfully designed dressing room with builtin wardrobes and generous storage space adds a touch of luxury and practicality to daily life the professionally landscaped garden has been crafted with both relaxation and entertaining in mind mature trees provide privacy and a natural sense of tranquillity while integrated garden lighting adds atmosphere in the evenings the garden is also equipped with water and electricity connections perfect for those looking to install an outdoor kitchen and enjoy al fresco dining with friends and family for secondary education the property lies within the trafford local authority renowned for its selective education system sale grammar school located nearby on marsland road is one of the regions leading grammar schools with entry determined by the 11plus entrance exam along with the soughtafter catchment area of altrincham grammar school for girls offering the opportunity to access the uks topperforming state schools renowned for its exceptional academic standards consistently achieves outstanding results brooklands metrolink station is just a short stroll away providing direct access to manchester city centre and the wider region making this an ideal location for both commuting and family life,975000.0,,,high-end,1,,,,
1100000.0,a charming detached farmhouse located in a scenic rural yet convenient position beside the pennines offering spacious family living with a swimming pool equestrian facilites and approximately 5 acres of land epc d we are delighted to bring to the market this stunning home set within a spectacular rural setting with an abundance high quality fittings this property oozes charm and character nestled in the pretty hamlet of syke on the outskirts of rochdale this substantial property has panoramic views over the pennines yet is within easy reach of the motorway and all amenities where old meets new in perfect harmony this unique farmhouse is breath taking inside and out the ground floor comprises of an entrance hall opening into a lounge with mezzanine staircase bespoke clive christian fitted kitchen with central island separate dining room utility room further to the ground floor are two bedrooms serviced by a private bathroom the first floor benefits from an enviable sized master bedroom with a range of fully fitted wardrobes and ensuite with separate steam shower also situated to the first floor are two good sized single rooms and the remaining family bathroom the current vendors have created a breath taking office with views across open countryside fitted with bespoke wood panelling and office storage the outdoor facilities continue the luxury feel with indoor swimming pool complex equestrian facilities comprising of 20 x 40 ménage four 10ft x 12ft loose boxes with the finest attention to detail syke farm must be viewed to appreciate the accommodation it has to offer the current owners have created a superb family home that takes full advantage of the stunning location syke farm dates back to the 16th century and is set within approximately 5 acres of rolling countryside,905999.0,,,high-end,0,,,,
350000.0,occupying a generous corner plot on the soughtafter bakewell drive this immaculately presented fourfivebedroom detached home offers an exceptional opportunity for a growing family in search of flexible and spacious living arranged over two floors the welldesigned accommodation begins with a welcoming entrance hallway leading to a reception room a modern shower room and a beautifully presented lounge the heart of the home is the openplan kitchen diner which provides access to two further rooms overlooking the rear garden depending on individual requirements these rooms can be used as bedrooms additional reception space or a home officestudyideal for modern family living to the first floor the landing gives access to three generously sized bedrooms including a master bedroom with its own ensuite shower room a contemporary family bathroom completes the upstairs accommodation externally the property continues to impress the rear garden has been thoughtfully landscaped featuring an artificial lawn and a luxury porcelaintiled patio perfect for outdoor entertaining and lowmaintenance enjoyment to the front a paved driveway provides offroad parking for several vehicles conveniently located close to local shops schools and transport links the property is also just a short drive from wigan town centre early viewing is highly recommended to fully appreciate the size quality and setting of this superb family home,593325.0,,,high-end,0,,,,
8500000.0,a truly exquisite residence built in the arts and crafts style which is widely seen throughout the area its footprint form scale and appearance have all been carefully considered to create a building which sits in harmony with its surroundings with an abundance of highquality materials throughout including natural slate roofing hardwood framing brick walls and natural stone detailing the results are of a timeless quality blending with and complementing the surrounding properties although a brand new build completed in 2023 and offering in excess of 11000 sqft the overall impression is of a house of character and architectural interest with a scale and massing that is proportional to the neighbouring properties and surrounding area design and layout the front porch serves as the gateway to a welllit and spacious hallway which connects to a variety of living spaces the primary family areas including the openconcept kitchen family dining room and sitting areas have been strategically placed to enjoy both the physical and visual access to the secluded southerly garden areas following the natural path of sunlight throughout the property additional living areas including a formal dining room study and games room are situated on the northern side of the property with a spacious central hallway seamlessly linking these rooms to the everyday family living spaces the garage block is situated in the north western corner of the property being linked to the main house by a oneandahalfstorey connection this link comprises of a secondary kitchen utility area and laundry facilities as well as a secondary staircase leading to the first floor the primary entrance to the first floor is defined by the spacious doubleheight entrance hall and an elegant bespoke stone staircase on this level youll find family bedroom accommodation including a luxurious master bedroom suite and three additional bedrooms as well as a gym above the garage the second floor is accessed by a separate staircase featuring a stunning hexagonal roof lantern from this area there are three further bedrooms two with sitting rooms and would make an ideal guest suite or accommodation for a livein housekeeper the site and surroundings the large scale of the house is entirely in keeping with the site and surrounding area with the pitch of the roof being one of the most distinctive features of this architectural style its scale is also appropriate to the size of the plot on which it sits being 07 of an acre the roof has been designed with distinctive hips and gables creating greater spacing and light between dwellings the property is provided with a generous floortoceiling height at the ground floor level to allow the correct proportions to be achieved within the large openplan living spaces this also increases the feeling of openness and spaciousness within these rooms the residence is nestled amidst expansive landscaped gardens bordered by mature hedgerows and trees which shield the property especially from broadway and its neighbouring southern boundary some of these trees reach impressive heights enhancing the charm and character of the mature green backdrop broadway itself is a lush suburban street adorned with fully grown trees lining the road and surrounding the properties these houses typically spacious and detached are set back from the road within generous gardens the architectural styles span different eras ranging from victorian and edwardian to contemporary designs the only cohesive feature which gives continuity to the immediate area is the rich greenery which often only permits a glimpse of the fabulous houses beyond there is no dominant vernacular style individuality is the style that defines the character of this neighbourhood some of these houses are the work of renowned architects such as edgar wood and henry goldsmith blending the epitome of authentic design meticulous spatial organisation and toptier construction broadway presents the pinnacle of elegant family living every conceivable luxury is seamlessly integrated into the homes design harnessing the latest technological advancements including smart underfloor heating comprehensive air conditioning fully customizable multimedia lighting and a cuttingedge securitycctv system it stands as a genuine timeless masterpiece in both design and construction an experience that must be witnessed to be truly appreciated sustainability and security special consideration has been given to high security and sustainability and includes the following high levels of natural daylight in principal rooms high levels of thermal insulation in excess of building regulations hitec heating systems thermostatically controlled and zoned air conditioning to the master bedroom and gym excellent levels of airtightness led and lowenergy lighting storage space for recyclable domestic waste nature and landscape visible from inside and out interesting and enjoyable spaces to live inclusive access space provided for cycles ample space is provided for working from home excellent communication links laminated glass windows and doors to the ground floor two sets of electric double gates highly secure interior courtyard parking extensive external lighting ev charger points on the drive and in the garage lutron lighting system control4 smart home,1631250.0,,,high-end,0,bedroom,,,
320000.0,dawsons are pleased to offer for sale this stunningly presented extended doubleheight bay windowed threebedroomed semidetached which comes onto the market in first class order and skillfully blends contemporary living with a character property the stunning open plan familykitchen room is worthy of particular note with bifolding doors onto the rear garden bringing the outside in  internal viewing is highly recommended to appreciate what this property has to offer  no vendor chain the accommodation briefly comprises open porch entrance hallway lounge with feature brick fireplace stunning living roomkitchen with bifolding doors onto the rear garden to the first floor there are three wellproportioned bedrooms family bathroom with contemporary white fourpiece suite externally to the front there is recently installed blockpaving whilst the good size rear garden plot has decked patio area with steps down to a good size lawned section the property is well place for stalybridge town centre which provides a range of shopping and recreational amenities as well as excellent commuter links via its bus and train stations local junior and high schools are all within easy reach making the property ideally suited to a growing family the accommodation in detail cormprises ground floor open porch entrance hallway doubleglazed composite style security door with doubleglazed side lights tiled floor understairs storage cupboard central heating radiator feature glass balustrade lounge 358m x 358m plus bay window 119 x 119 plus ba upvc doubleglazed bay window feature brick fireplace central heating radiator living roomkitchen 569m reducing to 361m x 508m reduciing to 419m inset stainlesssteel one and a half bow sink unit with granite work surfaces and a full range of wall and floor mounted contemporary units hotwater tap integrated fivering gas hob with extractor unit over integrated oven and grill integrated fridgefreezer integrated dishwasher plumbing for automatic washing machine central island with wine chiller and breakfast bar section doubleglazed bifolding doors onto the rear patio upvc doubleglazed window tiled floor recess spotlights two central heating radiators first floor landing loft access upvc doubleglazed window feature glass balustrade to the guardrail bedroom 1 343m x 340m 113 x 112 upvc doubleglazed window central heating radiator bedroom 2 358m x 348m plus bay window 119 x 115 plus ba upvc doubleglazed bay window central heating radiator bedroom 3 264m x 211m including bulkhead storage 88 x 6 upvc doubleglazed window central heating radiator family bathroomwc 264m reducing to 244m x 208m 88 reducing to 8 contemporary white suite having freestanding bath wash hand basin with vanity storage unit below walkin shower cubicle lowlevel wc fully tiled tiled floor upvc doubleglazed window recess spotlights external there is blockpaving to the front of the property whilst to the rear there is a pvc decked patio area with glass balustrade and guardrail having steps down to a good size further lawned garden area tenure freehold  solicitors to confirm council tax council tax band c viewings strictly by appointment with the agents,544142.8571428572,,,mid-range,1,,,,
395000.0,a refurbishment of a standard rarely seen  viewing is essential to appreciate this as new two double bedroom midterrace home this exceptional period property has undergone a comprehensive noexpensespared backtobrick refurbishment and now presents as a true turnkey home ready to be enjoyed immediately the specification is impressive throughout with highquality fixtures and fittings from respected brands including bosch and grohe herringbone lvt flooring runs across the ground floor and continues into the bathroom while the beautifully appointed kitchen features integrated appliances and contemporary cabinetry further benefits include a downstairs wc and thoughtfully landscaped gardens the property is situated in a highly convenient location within easy reach of a wide range of amenities excellent transport links including the m60 motorway network and the metrolink at sale water parkmaking it ideal for commuters and lifestyle buyers alike excellent schools are also nearby in brief the accommodation comprises open entrance porch with tiled flooring entrance hallway lounge open to the dining area and kitchen creating a superb openplan layout to the first floor are two generously proportioned double bedrooms with the principal bedroom benefiting from fitted wardrobes spanning the full depth of the room along with a luxurious bathroom the loft is fully boarded with lighting and accessed via a pulldown ladder externally there is a landscaped rear courtyard with further garden beyond and a driveway providing offroad parking to the front,975833.3333333334,,,mid-range,0,,,,
1250000.0,nestled along one of standishs most desirable yet littleknown private lanes this magnificent stone barn conversion offers over 3900 sq ft of beautifully handcrafted accommodation set within a generous plot of approximately 45 acres the property enjoys breathtaking panoramic views across open countryside towards ashurst beaconimpeccably and sympathetically converted the barn seamlessly blends traditional charm with modern luxury the accommodation is arranged over two floors centred around a striking galleried landing with an impressive oak front door glass and oak balustrade and stoneflagged flooringthe vast reception area is a true statement space featuring beamed ceilings and a doublesided multifuel burner that serves both the grand reception hall and the cosy family lounge leading off the hallway is a delightful snug enjoying peaceful garden views and a second contemporary multifuel burner creating a perfect space for relaxationa dedicated office provides an ideal working environment with direct outdoor accessthe kitchen forms the heart of this stunning home  a warm and welcoming space centred around a dark blue aga range cooker bespoke handcrafted shakerstyle units a walkin larder and a large central island make it the perfect hub for family gatherings and entertaining there is ample room for an americanstyle fridge freezer and the adjoining boot roomutility offers practical space for laundry and storage with a cloakroom conveniently nearby  ideal after walks through the surrounding countrysidethe first floor is arranged around the open gallery with roof lights flooding the space with natural light there are five generous double bedrooms each  the principal bedroom suite features a stylish en suite bathroom and a spacious dressing area one further bedroom benefits from its own en suite while a beautifully appointed family bathroom serves the remaining roomsapproached via electronically operated gates set within a stone boundary wall the property immediately impresses with its position and outlook a large gravelled driveway provides extensive parking and leads to a substantial stonebuilt garage workshop and store all constructed to the same exceptional standard as the main residencethe grounds extend to around 45 acres with manicured gardens and open southwesterly views across rolling countryside the setting is peaceful and private yet far from remote  local shops supermarkets and excellent commuter links are just a short drive awaya truly remarkable home offering exceptional craftsmanship generous living space and unrivalled views  all within one of standishs most exclusive and tranquil locations viewing is essential to fully appreciate the scale and quality of this magnificent propertyplease note access should be via willow road follow wn6 8qp to the furthest side of standish wood lane,336900.0,,,high-end,0,,,,
675000.0,video tour available situated in the heart of chorlton green this three bedroom semidetached home has been beautifully extended to offer spacious living throughout perfectly positioned on the quiet and leafy st clements road stepping through the front porch of this light and airy home into the entrance hallway youll find a dining room with a bay window to the front the lounge opens into a sunroom that leads onto a cosy secluded patio at the rear the extended modern kitchen is fully fitted and enjoys views and access to the garden a downstairs wc completes this floor walking upstairs the landing reveals three bedrooms the master benefitting from a bay window flooding the room with natural light a threepiece shower room can be also be found on this floor features throughout the property include ceiling coving picture railings high ceilings warmed by gas fired central heating a large driveway and a wooden workshop to the rear currently used as a glass studio with ample storage shelves and a work bench with chorlton nature reserve at the end of the road and both brookburn and chorlton c of e primary schools just a short stroll away this location is ideal for families the vibrant cafés and bars that make chorlton green so popular are only a fiveminute walk away on beech road an impressive home in a prime chorlton green location early viewing is highly recommended externally  to the front there is a garden enclosed by a low brick boundary wall featuring planted flower beds with a variety of shrubs bushes and a mature tree a paved driveway to the side provides offroad parking for up to three vehicles an iron gate leads to the rear where there is an enclosed paved garden ideal for outdoor seating the space is complemented by a useful wooden workshop filled with plentiful storage and a work bench financial services  we believe that by introducing our clients to specialist advisors who provide simple sensible mortgage  protection advice we can help our clients make fully informed decisions giving them the confidence that they are getting the right deal from the start our partners are committed to offering a tailormade personal and professional service and aim to exceed expectations on every level specialising in finding the best mortgage  protection products to suit your particular needs if you wish to take the opportunity to speak with our partner advisors at bespoke mortgage bridget and mark can be reached onuse contact agent button or use contact agent button aml  antimoney laundering  we are required by law and hmrc guidelines to carry out antimoney laundering checks on all those selling or buying a property whilst we retain responsibility for ensuring checks and any ongoing monitoring are carried out correctly the initial checks are carried out on our behalf by lifetime legal who will contact you once you have agreed to instruct us in your sale or had an offer accepted on a property you wish to buy the cost of these checks is 60 incl vat which covers the cost of obtaining relevant data and any manual checks and monitoring which might be required this fee will need to be paid by you in advance of us publishing your property in the case of a vendor or issuing a memorandum of sale in the case of a buyer directly to lifetime legal and is nonrefundable we will receive some of the fee taken by lifetime legal to compensate for its role in the provision of these checks,966000.0,,,high-end,1,,,,
2000000.0,exclusive open house ref kyna welcome to oakcroft a substantial and uniquely versatile 8bedroom 7bathroom detached residence offering over 5600 sq ft of accommodation set within approximately twothirds of an acre of private landscaped gardens while the property requires refurbishment and modernisation it presents an incredible opportunity to create a truly bespoke family home or explore commercial potential subject to necessary consents whether you wish to reconfigure extend or rebuild the scope here is truly endless key features approx 5600 sq ft of living space 8 bedrooms  7 bathrooms  4 reception rooms guest suites on ground floor potential for residential or commercial use stpp opportunity to extend renovate or redevelop detached double garage gated plot  circa 066 acres private landscaped gardens with mature trees excellent location close to altrincham airport  motorway links accommodation ground floor reception area  cloakroom spacious entrance hall  200 x 150 609m x 457m drawing room  219 x 203 662m x 617m sitting room  330 x 196 1005m x 594m dining room  213 x 169 647m x 510m conservatory  270 x 130 822m x 396m kitchen  170 x 169 518m x 510m laundry room  second kitchen guest suite 1  bedroom 6 180 x 120 548m x 365m  ensuite guest suite 2  bedroom 7 219 x 120 662m x 365m  ensuite first floor galleried landing master suite  bedroom 1 219 x 116 662m x 350m dressing room  ensuite bedroom 2  179 x 120 541m x 365m  ensuite bedroom 3  179 x 123 541m x 373m  ensuite bedroom 4  140 x 103 426m x 312m  ensuite bedroom 5  120 x 106 365m x 320m  ensuite family bathroom second floor bedroom 8  203 x 146 617m x 441m externally detached double garage  180 x 189 548m x 571m extensive private gardens surrounded by mature trees gated access with ample driveway parking location located on the desirable hasty lane the property is conveniently situated near altrincham offering a wealth of local amenities outstanding schools boutique shopping and dining just a short drive to manchester international airport major motorway links m56m6m60 and stunning countryside this location combines both connectivity and tranquillity,2680833.3333333335,8.0,7.0,high-end,0,,,,
600000.0,locate estate agent would like to welcome you to this unique and stunning sixbedroom semidetached property  a truly exceptional family home that seamlessly blends original charm with contemporary design spanning three beautifully designed floors this residence has been thoughtfully extended and to a  incorporating period features alongside sleek modern finishes from the moment you step inside its clear that every detail has been carefully considered to create a home that is both stylish and functional the property boasts several versatile reception rooms each offering its own character while maintaining a cohesive and elegant aesthetic throughout fixtures and fittings have been tastefully selected to reflect the homes heritage yet bring it firmly into the modern day making it ideal for both everyday living and entertaining at the heart of the home is the showpiece kitchen  a stunning openplan space that combines practicality with visual appeal fitted with highquality units and ample space for dining and relaxing its the perfect hub for family life and social gatherings across the three floors youll find six wellproportioned bedrooms and multiple contemporary bathrooms providing flexibility and space for growing families or visiting guests situated in a highly desirable location the home benefits from being within close proximity to both stretford and urmston offering access to excellent local amenities the wellregarded trafford schools and superb transport links including nearby metrolink and motorway connections externally the property is equally impressive the front offers ample offroad parking while the rear garden is a standout feature in its own right  a spacious and private outdoor haven ideal for relaxing playing or entertaining a substantial garden building provides a fantastic additional space perfect for use as a home office gym or simply a tranquil spot to enjoy views of the garden a rare opportunity to acquire a home of this calibre  early viewing is highly recommended to fully appreciate all that this remarkable property has to offer to book your viewing contact the locate team at our urmston office title numbers gm47722 2 tenure leasehold lease start date beta 23 oct 1929 lease end date beta 17 sep 2928 lease term beta 999 years less 3 days from 17 september 1929 lease term remaining beta 903 years last sold price 310000 last sold date 27032018 local authority trafford council tax band d annual price 2123 conservation area no flood risk very low floor area 2088 ft 2  194 m 2 plot size 010 acres mobile coverage ee vodafone three o2 broadband basic 29 mbps superfast 76 mbps ultrafast 2000 mbps satellite  fibre tv availability bt sky virgin material information  disclaimers the information supplied in this listing is sourced from various third parties information is also requested from the vendor whilst every effort is made to verify the information locate estate agents assumes no responsibility or liability for any errors or omissions in the content provided in this listed the information contained in this site is provided on an as is basis with no guarantees of completeness accuracy usefulness or timeliness reasonable buyers should peruse trading standards guidance attached or linked and instruct both a conveyancer and surveyor at the earliest opportunity locate estate agent have not tested any appliances and services described in this property description and therefore take no legal responsibility for their function we would advise having an independent inspection of all services and appliances relating to the property all room sizes are approximate property misdescriptions act under the property misdescription act 1991 we endeavour to make our sales details accurate and reliable but they should not be relied upon as statements or representations of fact and they do not constitute any part of an offer or contract these particulars are thought to be materially correct though their accuracy is not guaranteed  they do not form part of any contract all links relating to services which include council tax banding and charges can be found on the local government website tenure can be found by accessing the land registry website property type material info pack on property advert property construction locate estate agents have had sight of the property and made enquiries with the vendor however no warranty is made as to this fact and it is strongly recommended that a rics surveyor is instructed by a buyer to ascertain more details material info pack on property advert number and type of rooms see property description utility suppliers material info pack on property advert sewerage united utilities heating material info pack on property advert broadband check with local providers mobile signal coverage check with provider parking material info pack on property advert building safety  locate estate agents is not qualified to comment on or give warranty regarding such matters and recommend that buyers instruct a qualified surveyor restrictions locate estate agents is not qualified to comment on or give warranty regarding such matters and recommend that a conveyancer is instructed at the earliest opportunity info to be obtained from conveyancer solicitors flood risk locate estate agents is not qualified to comment on or give warranty regarding such matters and recommend that buyers read the guidance here include link and instruct any searches require via their conveyancer at the earliest opportunity and recommend that buyers read the guidance on the government website coastal erosion risk locate estate agents is not qualified to comment on or give warranty regarding such matters and recommend that buyers read the guidance here include link and instruct any searches require via their conveyancer at the earliest opportunity and recommend that buyers read any information relating to this on the government website planning permission see the local authority planning portal accessibility adaptations accessibilityadaptations locate is not aware of any accessibility issues or adaptions relating to accessibility having been made at the property however the buyer should rely on their own inspection and should undertake this at the earliest opportunity see property description coalfield or mining area locate estate agents is not qualified to comment on or give warranty regarding such matters and recommend that buyers read the guidance here include link and instruct any searches require via their conveyancer at the earliest opportunity and recommend that buyers read the guidance on the government website energy performance certificate can be found on the epc database or on the property advert,612000.0,,,budget-friendly,1,,,,
625000.0,brimming with kerb appeal and set within an impressively generous plot this exceptional newly residence occupies an enviable position in one of the areas most desirable leafy conservation settings a home of this calibre simply must be viewed to be fully appreciated extended and stunningly  this unique detached family home totals a very sizeable 1947 square feet of sleek and stylish living space that is the perfect purchase for any clients seeking a high spec turnkey home they can simply move straight into to an outstanding standard throughout the house showcases exceptional design craftsmanship and attention to detail with premium fixtures and fittings used both inside and out the accommodation is arranged across two floors and begins with a striking doubleheight entrance vestibule leading into a spacious reception hallway with wccloaks the ground floor includes a formal lounge with feature gas fire a dedicated studyhome office a superb cinemamedia room complete with smart tv and integrated surroundsound system and a truly stunning 23ft x 22ft openplan living dining and kitchen area the kitchen features quartz worktops a central island with sink and instant boilingwater tap and a full complement of highquality integrated appliances a large utility room and an internal garage with electric door complete the groundfloor layout to the first floor there are three excellent double bedrooms two of which benefit from quality fitted wardrobes along with a luxurious fourpiece principal bathroom finished to an exceptional standard further highlights include extensive spotlighting premium flooring with underfloor heating throughout the ground floor and designer radiators to the first floorall contributing to the homes refined and sophisticated feel externally the property has undergone a full transformation set well back from the road it is approached via a substantial blockpaved frontage with stone boundary wall offering generous offroad parking and access to the integral garage the rear garden is immaculately landscaped featuring a lawn and stonepaved terrace ideal for outdoor living and entertaining enjoying sunny westerly aspects and a wonderfully private outlook it provides the perfect retreat highquality black upvc windows newly installed doors including large bifolds to the rear and newly rendered external elevations enhance the homes striking appearance while reducing maintenance and improving energy efficiency a truly superb home of exceptional quality freehold no chain delay early viewing is highly recommended please note that we are advised that the tenure is freehold council tax band is e epc rating to be confirmed we are awaiting a new certificate since property has been  the house is being sold with vacant possession and does not include any furniture the photos are for illustration purposes only,497778.5714285714,,,high-end,1,,,,
525000.0,video tour available an attractive and extended five bedroom semidetached bay fronted property this period property is located in a prime location off chester road in stretford situated within walking distance to streford mall and local amenities fantastic primary schools and victoria park with its open space and childrens play area close by to stretford metrolink station on edge lane offering direct access into manchester city centre and altrincham in brief this wellplanned property consists of an entrance hall a good sized lounge to the front aspect complete with bay window and exposed brick feature wall a dining area which leads through to a conservatory which has views and access out into the rear garden there is a fitted kitchen which has access down into the useful chamber caller and out into the rear garden stairs leading to the first floor landing reveal three double bedrooms an additional bedroom and a white three piece family bathroom to the second floor you will find the large principal bedroom benefitting from a threepiece ensuite shower room completing this delightful home the property benefits from gas fired central heating an alarm system high ceilings throughout ceiling coving and picture rails and a rear enclosed garden externally  to the front aspect there is a lowlevel brick boundary wall with a pedestrian gate opening to a path leading to the front door to the side aspect there is a timber gate allowing access into the rear garden to the rear aspect there is a brick paved patio area a lawned garden and a selection of mature bushes plants trees and shrubs the garden is enclosed with timber fencing to the neighbouring properties financial services  we believe that by introducing our clients to specialist advisors who provide simple sensible mortgage  protection advice we can help our clients make fully informed decisions giving them the confidence that they are getting the right deal from the start our partners are committed to offering a tailormade personal and professional service and aim to exceed expectations on every level specialising in finding the best mortgage  protection products to suit your particular needs if you wish to take the opportunity to speak with our partner advisors at bespoke mortgage bridget and mark can be reached onuse contact agent button or use contact agent button aml  antimoney laundering  we are required by law and hmrc guidelines to carry out antimoney laundering checks on all those selling or buying a property whilst we retain responsibility for ensuring checks and any ongoing monitoring are carried out correctly the initial checks are carried out on our behalf by lifetime legal who will contact you once you have agreed to instruct us in your sale or had an offer accepted on a property you wish to buy the cost of these checks is 60 incl vat which covers the cost of obtaining relevant data and any manual checks and monitoring which might be required this fee will need to be paid by you in advance of us publishing your property in the case of a vendor or issuing a memorandum of sale in the case of a buyer directly to lifetime legal and is nonrefundable we will receive some of the fee taken by lifetime legal to compensate for its role in the provision of these checks,612000.0,,,high-end,1,bedroom,,,
260000.0,spacious three bedroom detached home on rostrevor road stockport  full of potential with scope to modernise located on the highly regarded rostrevor road in stockport this three bedroom detached property presents an exciting opportunity for buyers looking to create their ideal family home with a private driveway detached garage and generous living space throughout this wellbuilt property is in need of some cosmetic updating but offers a solid foundation and plenty of potential to add value key features  detached threebedroom property in a soughtafter residential location  driveway and detached garage providing ample offroad parking  two reception rooms with flexible layout  wellsized front and rear gardens  excellent opportunity for renovation extension or reconfiguration subject to planning permission  close to local schools shops and commuter links ground floor upon entering the property you are greeted by an entrance hallway leading to two generous reception rooms the front lounge benefits from a lovely bay window allowing for an abundance of natural light while the rear dining room overlooks the garden and offers a comfortable space for family meals or entertaining the kitchen offers a lot of opportunity to be updated and even knock through into the dining room to allow an open plan kitchendining experience to further enhance the living experience the kitchen also provides access to the rear garden first floor the first floor features three wellproportioned bedrooms including two doubles and a generous single each room offers plenty of natural light currently the two larger bedrooms comprise of built in storage and wardrobe space that could be taken out to have a more flexible layout the family shower room is functional but would benefit from refurbishment to suit modern tastes and needs exterior externally the property enjoys a private driveway leading to a detached single garage providing secure parking and useful storage space the front garden is laid to lawn while the rear garden is a good size and offers plenty of potential for landscaping outdoor living or future extension subject to planning location rostrevor road is a quiet and wellestablished street popular with families and professionals the area offers easy access to local amenities and excellent transport links including the m60 motorway and stockport train station for commuters nearby parks shops and cafes add to the appeal of this convenient and familyfriendly location summary this three bedroom detached home on rostrevor road offers the rare chance to acquire a property with plenty of potential in a prime stockport location while in need of modernisation the size layout and location make it ideal for buyers looking to renovate extend or simply create a home tailored to their own style viewing is highly recommended to appreciate the space potential and opportunity this home provides,443750.0,,,budget-friendly,1,,,,
315000.0,a stunning and completely unique period detached home at the very end of ellen street in heaton norris  the only property of its type locally and benefiting from a very recent refurbishment throughout leaving little to be desired the property boasts the bests of character and contemporary with generous proportions throughout as well as high ceilings and large windows that blend well with the modern conveniences and cosmetic installed by the current owner the exterior has also been cleared and improved to offer a wonderful space for families to enjoy internal viewings are considered essential to appreciate the rarity of home on offer ellen street is ideally located in the popular residential setting of heaton norris the property is within walking distance to an asda supermarket which is a mere ten minute walk away with further retail at the nearby merseyway shopping centre transport links are also excellent with the m60 ring road a mere five minute drive away and the a6 providing equally convenient access to the city centre local schools are in abundance making the area attractive to families entering through the front the property itself is briefly comprised of openplan living room to the left with dual aspect windows allowing for a light and airy feel the current vendors have opened up the ground floor floorplan into the breakfasting kitchen which features french doors leading out to the rear garden and modern units throughout including a range of integrated appliances  fridgefreezer ovenhob and dishwasher a useful downstairs wc featuring a brand new two piece suite can be found under the stairs the second reception room to the right completes the floor and could serve as a secondary lounge childs playroom or dining room single flight stairs to the first floor landing run through the middle of the property granting access to two large double bedrooms with the principal bedroom including a very large overtstairs cupboard which currently serves as a small internal dressing room a third bedroom to the rear offers an ideal space for a childrens bedroom the family wcbathroom is split between two rooms and comprises a threepiece suite externally there are small gardens to the front and side a raised deck area to the rear that enjoys the sun in the morning and afternoon the final garden to the side is the largest and has been largely cleared by the current owner to offer an open space and a blank canvass for the next owners to enjoy this space enjoys the sun throughout the day and has two external storage sheds,699166.6666666666,,,mid-range,0,,,,
399950.0,introducing x1 manchester waters where lakeside luxury meets city living in the heart of old trafford this stunning property offers spacious 3 bedroom 2 bathroom apartments perfect for those looking for a comfortable and stylish living space located in the vibrant manchester city centre residents can enjoy canalside and waterfront views that offer a sense of tranquility while still being just minutes away from the bustling city life with excellent transport links including the nearby metrolink station youll have easy access to manchesters trendiest bars restaurants and shops as part of peel lps strategic waters programme x1 manchester waters is at the forefront of rejuvenating industrial regions into attractive waterfront residential buildings the surrounding area has seen a huge amount of private investment making it one of the most soughtafter properties in manchester inside the property youll find stateoftheart amenities such as a gymnasium cinema room secure car parking and balconies with stunning waterside views the apartments are furnished to high standards providing a luxury living space that complements the waterfront location experience the best of city living with a touch of tranquility at x1 manchester waters schedule a viewing today to immerse yourself in luxury living by the waterfront in old trafford,396069.5,3.0,2.0,high-end,0,,,,
235000.0,a classically proportioned 82617 sq ft family home with lots of modern touches the derwent offers todays busy families the ideal place to call home the large kitchendiner with a wellequipped ushaped kitchen and lounge with french doors leading onto the garden provide great social spaces to get together upstairs three bedrooms give everyone the space and privacy they need plus with a master bedroom en suite stylish family bathroom and downstairs wc you can make the family morning rush a thing of the past tenure freehold council tax determined by your local authority estate management fee 22381 rooms kitchendining 3700 x 3588 12  2 x 11  9 lounge 3614 x 4536 11  10 x 14  11 wc 960 x 1548 3  2 x 5  1 bedroom 1 3390 x 3683 11  1 x 12  1 ensuite 2472 x 1492 8  1 x 4 11 bedroom 2 3211 x 2587 10  6 x 8  6 bedroom 3 2240 x 1856 7  4 x 6  1 bathroom 1661 x 2587 5  5 x 8  6,599908.3333333334,1.0,1.0,mid-range,0,,,,
1200000.0,a beautifully presented fourbedroom detached family home to an standard and situated in one of sales most desirable locations conveniently within walking distance of highly regarded schools including ashton mersey secondary school woodheys and firs primary school this impressive home offers generous living space throughout and occupies a substantial plot upon entering youre welcomed by a porch leading into a spacious entrance hall with a downstairs wc storage cupboard and staircase ascending to the first floor the main lounge is bright and inviting featuring a dru gas fireplace and opening into the dining area large rearfacing windows flood the space with natural light and offer great views of the private rear garden  a unique feature of this wonderful family home to the front of the property is a second lounge with a bellfire fireplace open to an adjoining study area  ideal for home working a charming garden room with a lantern skylight adds further versatility to the living space the contemporary kitchen is fitted with an extensive range of base and wall units with contrasting worktops builtin pantry cupboards and highspec integrated appliances a door leads through to the double garage which also provides a practical utility area upstairs there are four generously sized double bedrooms the impressive primary suite spans the full length of the house enjoying dualaspect views and a sleek ensuite shower room the remaining bedrooms are served by a stylish family bathroom outside the front of the property offers ample offroad parking and a lawned garden bordered by mature hedging for privacy the rear garden is a true highlight  significantly larger than average and beautifully landscaped with mature trees shrubs and plants providing a private and tranquil setting this is a truly exceptional family home that must be viewed to be fully appreciated,945000.0,,,mid-range,0,,,,
850000.0,a truly magnificent extended cheshire interlocking semidetached family home with extensive and versatile accommodation throughout with fully converted cellars 2770 sq ft the property boasts seven bedrooms four bathrooms and two reception rooms with a wealth of original period features throughout occupying an imposing corner plot the property is located on a much sought after road within striking distance of both withington and west didsbury villages offered for sale with no onward chain the property is in need of some cosmetic updating with the accommodation consisting of a welcoming entrance hallway with turning staircase rising to the first floor and a door leading out to the garden opening from the hallway are two elegantly proportioned reception rooms both with tall corniced ceilings and large bay windows flooding the rooms in natural light running alongside the rear reception is the extended openplan classic style breakfast kitchen with dual aspect windows looking out over the garden there is an ideal area for informal dining the turning staircase rises from the hallway up to the split level landing providing access to the family bathroom and a double bedroom with decorative feature fireplace the stairs continue to the first floor which reveals two generous double bedrooms with the principal bedroom benefitting boasting an original solid marble fireplace and an elegant ensuite shower room the second floor is occupied by a further double bedroom and a single bedroom ideal for use as a study further to the property is the converted lower ground floor offering a wellproportioned living room open plan dining kitchen bathroom and two double bedrooms with one benefitting from anensuite wet room occupying an imposing corner plot the property is approached via a double pillared stone wall with solid plinth laid atop opening up to flag stone pathway leading to the front door steps lead down to the lower ground floor a gate to the side opens into the rear garden which is laid to lawn with flag stone pathways and a large patio area ideal for entertaining in the warmer months and providing further access to the lower ground floor a vehicular gate provides access to the driveway and 913 sqft duplex annexe which benefits from electrics plumbing wc alarm system roof lights double doors and a courtesy door offering potential to be easily converted subject to relevant planning permissions,427000.0,,,,1,,,,
800000.0,beautifully fivebedroom semidetached home perfectly situated in the highly soughtafter area of chorltonwhalley range occupying a generous plot the property boasts an extensive driveway a spacious rear garden and a highspecification finish throughout this exceptional residence has been extensively  featuring new tripleglazed windows brandnew electrics and gas works a modern heating system with separate controls for upstairs and downstairs and new radiators throughout the property also benefits from new flooring soundproof plasterboards fresh paintwork and highquality internal and external doors please call our sales team to arrange your viewing today and make this delightful house your home,815713.5714285715,,,mid-range,0,,,,
120000.0,this generously sized and recently threebedroom apartment in the welllocated knights court canterbury gardens salford m5 5ab is ideal for firsttime buyers professionals sharers or small families seeking a modern and readytomovein home in a quiet yet connected setting this spacious apartment has undergone a comprehensive refresh featuring a brandnew kitchen bathroom and boiler and has been freshly painted throughout offered fully furnished unless otherwise requested the home is truly turnkey the layout includes a bright frontfacing lounge with a stylish sofa coffee and side tables and a reclaimed wood tv stand with tv the modern kitchen includes an integrated oven microwave fridgefreezer washerdryer and full crockery setideal for immediate occupation smart home features include philips hue lighting and a nestcontrolled boiler allowing easy voice or appbased control the master bedroom features a bed wardrobe bookshelf tv dresser and sofa the second bedroom also offers a bed wardrobe chair and ottomanperfect for guests or children a third bedroom is currently set up as a home office with a builtin storage cupboard part of the building structure shelves and a futon the bathroom is completely new with clean modern fittings and finishes throughout the décor leans warm and characterful with distinctive touches that are easily customised to suit your own taste externally the building has had recent window upgrades to upvc double glazing improving both energy efficiency and soundproofing just 100m from the nearest tram stop the property offers excellent access to mediacityuk and central manchester its also directly opposite west one retail park within walking distance to eccles town centre and situated in a quiet part of salford offering a peaceful retreat just moments from all essentials,829333.3333333334,,,mid-range,0,kitchen,,,
350000.0,located just a short distance from the heart of levenshulme with its superb range of amenities and mainline station into manchester city centre is this impressive fourbed period terrace home offered to the market with no onwards chain this is the perfect home for any young professionals or growing families looking to settle some roots into a vibrant community on the ground floor as you enter the hallway you are greeted with tall ceilings beautifully restored original hardwood flooring and original cornicings this theme runs seamlessly into a generous bay fronted reception room with a gorgeous victorian feature fireplace as you move to the centre of the property there is another spacious reception room with new carpets and a feature radiator the modern kitchen to the rear is a great open space and made bright by the french doors to the rear garden youll find plenty of matching base and wall units work top space and a breakfast bar off the middle reception room is access to the large cellar which has been waterproofed and updated with new walls ceilings and flooring there is also a drain and water supply making it perfect to be used as a utility room on the first floor there are two generously propertied double bedrooms and a large single room which could alternatively be used as a home office the threepiece family bathroom utilises the space perfectly down to the p shaped bath with double shower head or the modern unit with stylish hand basin and modern toilet the second floor showcases the main bedroom which benefits from the vast loft space there are two bright velux windows providing plenty of light and enough room for a seating or dressing area there is also an adjacent modern shower room with large shower and modern units hand basin and toilet externally to the front there is landscaped walled frontage with gate access to the rear there is a landscaped southwest facing garden complete with a paved york stone seating area and direct access to the two rear parking spaces accessed via hardicker street,335714.28571428574,,,budget-friendly,0,,,,
134000.0,our latest listing is a 2 bedroom terrace house in hyde it is in close proximity to valuable amenities it is able to generate rewarding rental returns and has a tenant currently situated for investors looking to expand their portfolio this is a fantastic opportunity this wellkept home features 2 bedrooms bathroom lounge diningkitchen and rear garden space investment details it currently produces an annual gross income of 9540 with tenants currently situated considering the purchase price and the potential rental income that could be earned in future years this will make for a worthwhile addition to an investors property portfolio tenancy details the current tenants have lived in the property for several years and have consistently paid their rent for the duration of their stay they do not have any intentions to move out so hope to remain in the property we are committed to facilitating a smooth transaction process between buyer and seller to allow for maximum commitment to the sale from both parties a buyers premium will apply in order to secure a property,495000.0,2.0,,high-end,0,,,,
310000.0,an appealing bay fronted three bedroom semi detached family home with a large south facing garden and convenient location being within easy reach of withington and didsbury villages fog lane park the a34 and burnage train station the well presented living space is warmed by gas fired central heating which is further complemented by double glazing and in outline comprises entrance hallway dual aspect kitchen with a range of fitted units bay fronted dining room and a separate living room with patio doors opening to the delightful south facing garden with paved sitting area the first floor landing gives way to the three good sized bedrooms family bathroom and separate wc in person viewing recommended,435000.0,,,mid-range,0,,,,
629995.0,comfort and convenience combine in this superbly designed threebedroom semidetached home attention to detail is a key feature of the birkdale from the stylish brick detailing that helps gives the home its appealing contemporary look to the handy storage and utility spaces that make everyday living such a breeze the birkdale delivers at every turn the spacious living room to the front is the perfect space to relax and unwind after a busy day while the combined kitchendiner to the rear makes the whole family feel welcome upstairs there are three comfortable bedrooms including a luxurious en suite with shower in bedroom one  and a beautifully appointed family bathroom dalton fields dalton fields is a stylish development of 65 three and fourbedroom homes for couples and families looking for a sustainable and communityoriented lifestyle the development sits in popular chorlton manchester with easy access to public transport shops and green spaces chorlton is known for its thriving community spirit diverse dining options and strong cultural scene whether you venture into manchester city centre just 15 to 20 minutes in the car or stay closer to home youll be spoilt for choice when it comes to food drink and cultural events meanwhile the highlyrated local schools provide the perfect place for education please note all floor plans and dimensions for this house type are indicative only please speak to the homes advisor for relevant information advertised incentive is only available on selected plots for a limited time only,966000.0,,,mid-range,0,,,,
680000.0,aubrey lee  co are delighted to bring to the market this generously proportioned attractive detached family home the property offers 45 bedrooms along with 3 reception rooms and a diner kitchen the property occupies a prominent corner plot and offers easy access to local shops schools places of worship and transport links along with heaton park being a short distance away the accommodation briefly comprises of porch hall guest wc dining room lounge play room diner kitchen utility room bedroom 1 en suite shower room bedroom 2 bedroom 3 bedroom 4 bedroom 5study bathroom gardens viewings can be arranged by calling the office of aubrey lee  co location situated on the corner of park road and castle hill road porch hall a welcoming wide hallway with the stairs leading upto the left useful understairs storage cupboard and panelled doors to all rooms guest wc consisting of a white suite of wc and washbasin frosted window tiled floor and part tiled walls dining room  46m 151 approx x 39m 1210 approx front facing room measured into the bay window there is also a side facing window and lovely high ceilings there is ample space for furniture lounge  54m 179 approx x 43m 141 approx another nicely proportioned room having side facing window and a door opening to the garden feature wooden fireplace surround playroom  47m 155 approx x 24m 710 approx accessed from the hall and can be utilised to suit currently used as a playroom rear facing window diner kitchen  71m 234 approx x 33m 1010 approx a generously proportioned room with the dining area to the left as you enter the room opens fully to the kitchen area which is fitted with a modern range of dark blue fronted wall and base units with contrasting light work surfaces inset 15 sink unit and mixer tap with integrated dishwasher there is space for a freestanding oven and hob with a fitted extractor hood above  two side facing windows and door to utility room  33m 1010 approx x 21m 611 approx fitted with a collection of wall and base units there is a door to the rear of the property along with a window overlooking the rear of the property has great potential to be used a pesach kitchen if required 4 bedrooms bedroom 1  46m 151 approx x 39m 1210 approx front facing double bedroom measured into the bay window fitted robes door to shower room consisting of a white suite of shower cubicle with matching washbasin tiled walls and extractor fan bedroom 2  43m 141 approx x 3m 910 approx rear facing double bedroom which again has fitted robes and dual aspect windows side and rear facing bedroom 3  36m 1110 approx x 33m 1010 approx another nicely proportioned double bedroom which again has rear and side facing windows and fitted robes bedroom 4  3m 910 approx x 29m 96 approx front facing larger single bedroom with a bow window again there is fitted furniture bedroom 5office  23m 77 approx x 21m 611 approx side facing single bedroom which is currently used as an officedressing room but if re orientated would be a good single room bathroom consisting of a white suite of bath with matching shower cubicle and wc there are two frosted windows tiled walls and tiled floor garden to the rear of the property from the utility room there is a paved patio area which opens at the rear to larger seating area a path continues around towards the side of the property where from the lounge door there is another paved patio seating area to the side and stretching around the rear is a lawned garden with established shrubbery borders providing privacy from the road a side access gate leads to the front of the house where there is a further lawned garden with shrubbery borders along with a driveway providing parking for numerous vehicles heating gas central heating windows sealed unit double glazing in upvc frames to most windows however the lounge windowdoor is double glazed in wooden frames council tax band f tenure we understand that the property is leasehold subject to a 999 year lease which commenced in 1929 and an annual ground rent of 10 what3words  shallmanybelow notice please note we have not tested any apparatus fixtures fittings or services interested parties must undertake their own investigation into the working order of these items all measurements are approximate and photographs provided for guidance only,574992.8571428572,45.0,,mid-range,0,,,,
330000.0,situated on the popular mayford road in levenshulme this large terraced home offers generous accommodation and is well suited to family living the property is conveniently located close to local schools shops and parks with excellent transport links providing easy access into manchester city centre the ground floor features an entrance hallway leading to a comfortable living room opening through to an openplan dining room to the rear there is an extended kitchen providing a wellproportioned and practical space on the first floor there are three bedrooms and a family bathroom the top floor offers a spacious loft room with the added benefit of a wc the property is presented in really nice condition throughout allowing a buyer to move straight in with its size layout and desirable location this is a great family home in a popular area of levenshulme,365833.3333333333,,,,1,,,,
