y_true,y_pred
1308572.6141249998,829982.3964064457
1308572.6141249998,1288536.686970241
616447.4852461539,913279.0520402151
616447.4852461539,779067.0278489848
616447.4852461539,1027587.1280378057
616447.4852461539,1111114.8141803162
616447.4852461539,1110414.6792772259
616447.4852461539,1031185.5260831697
616447.4852461539,1028682.185232928
616447.4852461539,1033014.5885598346
616447.4852461539,842845.7920096013
616447.4852461539,843038.3088329709
616447.4852461539,721039.2743410522
616447.4852461539,842459.8387661739
616447.4852461539,721486.5391471706
526454.5516,769893.4987187979
526454.5516,579784.3882444903
526454.5516,402092.30986883445
526454.5516,442543.48852259654
523064.843775,648604.4492061912
523064.843775,850031.7637236512
531280.8148500001,709284.0489205711
531280.8148500001,461400.80005363
619471.42979,836673.7701108386
619471.42979,642420.9350801668
619471.42979,643542.1546079413
619471.42979,786373.9660066923
619471.42979,650661.8717635769
474903.254575,750111.0950798206
474903.254575,750965.8543822462
474903.254575,520715.60929661954
474903.254575,708707.132340153
509804.81525,651686.4908862802
509804.81525,363352.7020721634
509804.81525,606238.0287486061
765082.86291,702836.8636052464
765082.86291,854740.6430272028
765082.86291,767044.6425879808
765082.86291,847339.6107603854
765082.86291,804869.2584062779
382040.31000000006,652513.3682942616
382040.31000000006,691468.2822640546
583078.4212499999,913233.163601774
1129433.3427,801846.9721362542
1129433.3427,1069391.0493774733
298042.8848,237205.2552337087
298042.8848,521436.4159905829
206951.4019,373718.0117645263
206951.4019,311701.67919395876
206951.4019,481578.00492168113
409176.57,525205.772518188
409176.57,526361.6006299577
409176.57,358811.6234639509
409176.57,624693.4894615349
456839.93533750006,492694.336922359
456839.93533750006,642062.8065705237
456839.93533750006,293488.27703497757
456839.93533750006,330027.25044057757
359154.0111499999,296199.4522850248
541893.435075,423543.32770184765
541893.435075,647081.1054667345
634151.895,840392.5596727383
634151.895,1089267.6426873722
634151.895,1014328.9075637681
634151.895,1085896.1992068756
634151.895,889642.8298893598
634151.895,973862.6511924879
634151.895,821969.9514437977
634151.895,938335.3103089537
634151.895,822295.2009832801
634151.895,699266.3582665151
634151.895,840411.5182653252
634151.895,824615.6188130134
545971.6334249999,722377.5664911331
545971.6334249999,622764.7517210821
705205.7221999998,929444.0432461917
705205.7221999998,628565.9075258868
520558.027675,592991.2455303923
520558.027675,685874.9703006165
310714.38769999996,337373.4580155553
310714.38769999996,346592.9415972031
310714.38769999996,467669.2510884131
319021.60755,520406.22669216385
319021.60755,372008.45433643705
211859.10984999995,228056.1191194179
406336.407525,549036.3348718393
406336.407525,747365.891020626
773163.6871699999,893665.9061953383
773163.6871699999,694734.3218724955
773163.6871699999,547792.8134924253
773163.6871699999,758156.7236060916
773163.6871699999,770883.9677215646
504076.5344999999,705120.9026617068
504076.5344999999,563044.741895705
504076.5344999999,605018.9192557309
504076.5344999999,417507.79679416097
649177.29085,709857.9240763151
649177.29085,502602.5514031842
649177.29085,801743.8361921259
649177.29085,744733.5967716931
649177.29085,744372.5300604318
247102.25100000005,409131.5332765036
247102.25100000005,397866.4705984415
247102.25100000005,518358.0501082965
755502.3263374999,798125.2676499903
755502.3263374999,987053.3168567641
755502.3263374999,981305.1351050973
755502.3263374999,718267.8976283584
755502.3263374999,795642.2174999875
755502.3263374999,1051738.1930018358
755502.3263374999,913299.4337275407
755502.3263374999,660397.0018763278
755502.3263374999,801141.4048560001
755502.3263374999,668915.2918544913
755502.3263374999,658626.8827564286
755502.3263374999,746276.5928828836
694461.3599825,812482.4940291471
694461.3599825,666996.374206522
694461.3599825,666310.7248247645
694461.3599825,947391.58192132
694461.3599825,667880.5040401827
694461.3599825,1016295.9530648878
694461.3599825,613233.8543687487
694461.3599825,748767.5945604773
694461.3599825,756391.146913445
694461.3599825,614975.5305691212
618016.6634788461,1031141.924228084
618016.6634788461,781563.3432657972
618016.6634788461,777022.9541623809
618016.6634788461,994582.6374869386
618016.6634788461,1032341.9366081925
618016.6634788461,993412.5453681344
618016.6634788461,910899.9547373649
618016.6634788461,1029747.680533258
618016.6634788461,863593.8007504741
618016.6634788461,956737.0110782504
618016.6634788461,741362.4183206764
618016.6634788461,955063.0290113512
618016.6634788461,851509.5482938007
210328.93925,231142.2343322368
210328.93925,438475.839321122
359183.34375000006,678767.4848525457
359183.34375000006,392285.1077763519
359183.34375000006,392798.9392249066
359183.34375000006,672249.9466937925
689117.39475,479345.8095453986
689117.39475,601677.5933499847
689117.39475,866412.4160400524
546139.69445,956692.0278440302
546139.69445,1083817.8528199045
908143.7746428573,623005.859183213
908143.7746428573,920755.6803091139
908143.7746428573,771042.0335102363
908143.7746428573,982195.0096581026
908143.7746428573,712244.5795267582
908143.7746428573,572558.009278395
908143.7746428573,651092.1862387512
313614.70930000005,401082.5139843615
313614.70930000005,335221.50381368166
313614.70930000005,236799.32452371373
291533.09285,430791.00303506874
291533.09285,414896.2047117154
291533.09285,402052.87536593946
552345.1300295455,848907.8144287015
552345.1300295455,798658.1773148848
552345.1300295455,712385.8705243304
552345.1300295455,716242.3841359009
552345.1300295455,981666.0509986692
552345.1300295455,975062.8929299738
552345.1300295455,909267.4545714892
552345.1300295455,923054.5285466095
552345.1300295455,908686.8376567285
552345.1300295455,910489.355558791
552345.1300295455,662661.2892587846
430714.313125,707558.3187483454
430714.313125,786419.0175060813
430714.313125,651614.3004850569
430714.313125,650302.9901765203
430714.313125,739362.218508857
430714.313125,480385.6132188584
430714.313125,515207.8207548129
732366.1211500001,620809.17563425
732366.1211500001,903285.3851445768
612060.55515,566900.0508014217
612060.55515,712555.5411808776
933935.837725,727728.1264126286
933935.837725,795267.6160897585
933935.837725,864367.1198505559
933935.837725,649957.0487565523
933935.837725,787987.7176392194
933935.837725,730264.3350887487
933935.837725,870067.4704096463
933935.837725,745306.8745711659
560564.400425,832620.1679686096
560564.400425,952734.1256665353
666295.2687545455,917111.2548654997
666295.2687545455,1124435.329405784
666295.2687545455,1004704.474883059
666295.2687545455,914268.7162924854
666295.2687545455,1124852.3131407865
666295.2687545455,875727.8478115477
666295.2687545455,1037978.3924653416
666295.2687545455,964544.0473452677
666295.2687545455,720927.0147992595
666295.2687545455,987091.3866515283
666295.2687545455,852176.390021221
1379520.1148500002,1045748.5098573354
1379520.1148500002,745148.3824199437
425143.61821250006,486900.7087640579
425143.61821250006,346849.6482897853
425143.61821250006,601531.5557451785
425143.61821250006,582730.0239318475
1140741.5315,932182.7251327432
1140741.5315,911311.1561819876
559074.09008,562055.1960918885
559074.09008,560486.5540349216
559074.09008,706630.9820191613
559074.09008,665201.8634372912
559074.09008,691675.9421898678
614978.4657500001,372011.4809664065
614978.4657500001,704291.8501058512
533513.7479,423071.28735451173
533513.7479,788617.4295483095
456293.986255,523895.98185744294
456293.986255,793334.8127561902
456293.986255,463153.2734521305
456293.986255,464962.0980545381
456293.986255,561102.4882190148
391361.6804999999,451085.32113356405
391361.6804999999,759784.6704437758
391361.6804999999,616361.7723739251
342063.22429999994,266657.15915889025
342063.22429999994,526970.2074065328
342063.22429999994,388809.4622710719
617370.7261,998858.3734765643
617370.7261,980055.0850997773
617370.7261,980370.2457939413
781993.3533999999,487324.10542873986
781993.3533999999,488979.7137859025
781993.3533999999,778550.3938828696
781993.3533999999,485610.477399073
781993.3533999999,766432.7806585637
855780.7550857143,829358.2607429561
855780.7550857143,830194.3816415732
855780.7550857143,761132.5362966415
855780.7550857143,684257.9271775028
855780.7550857143,845789.800511548
855780.7550857143,701259.7925533318
855780.7550857143,576531.5232293156
758392.403325,909311.2143082765
758392.403325,678215.2099431595
581976.5952,1029807.914635343
581976.5952,893683.1921642564
581976.5952,751866.0704635632
581976.5952,1025506.96664494
581976.5952,1031268.2761925308
581976.5952,750396.2300312382
581976.5952,896321.8174566735
581976.5952,1027227.370817784
581976.5952,794994.878407605
678260.7776249999,707324.016979673
678260.7776249999,947409.9350462069
667018.7695499999,596586.8872354527
667018.7695499999,594449.4781142807
911319.7874,798286.5626530511
676955.8558000001,614792.2067428547
676955.8558000001,618186.1951934901
648940.5222299999,501612.13468737237
648940.5222299999,501050.7074071953
648940.5222299999,797683.4013711313
648940.5222299999,797785.6480253871
648940.5222299999,805221.6984072137
880092.1386,853257.8715241904
880092.1386,948253.2738216037
571067.6203749999,788403.2097257968
571067.6203749999,671042.4383722909
279533.26185,633484.7163603802
279533.26185,361276.4542886877
408585.419375,550505.1109021284
408585.419375,752973.399167426
479558.1389000001,641237.0970930242
479558.1389000001,490735.57260977884
479558.1389000001,607512.6984675513
479558.1389000001,461493.774136649
480154.48259999993,637539.636365335
480154.48259999993,629969.2834345426
480154.48259999993,540965.5986486438
495849.8783875,675474.3127136137
495849.8783875,485606.1656309894
495849.8783875,544677.5273003266
495849.8783875,704046.2620727255
495849.8783875,582000.9896847142
495849.8783875,591238.251815818
269424.1169,617268.2329741044
269424.1169,353478.91659703373
570183.5173076923,745109.8134710597
570183.5173076923,875747.0019934666
570183.5173076923,995394.0068373012
570183.5173076923,998251.7609691266
570183.5173076923,743381.9985951332
570183.5173076923,876702.8885924774
570183.5173076923,994065.5070120915
570183.5173076923,875921.1641017017
570183.5173076923,941777.3231286061
570183.5173076923,925938.6089983501
570183.5173076923,925316.7675079766
570183.5173076923,925386.1081633517
570183.5173076923,884928.1497141737
548071.9634499999,722377.220521406
548071.9634499999,687605.4370830572
548071.9634499999,402002.22137565596
548071.9634499999,647916.6727453456
548071.9634499999,508365.29937184305
548071.9634499999,383975.26797230536
491262.3649,911014.3333793817
491262.3649,1027014.8143449791
879325.621794643,1090083.7929970082
879325.621794643,1017662.5207924155
879325.621794643,1014540.2782234722
879325.621794643,974203.7562268088
879325.621794643,769996.5498770768
879325.621794643,1012276.0220864103
879325.621794643,769132.0519647242
879325.621794643,724660.268079074
879325.621794643,830927.765172783
879325.621794643,708807.9802988415
879325.621794643,846624.4537733345
879325.621794643,829013.4979434644
879325.621794643,961930.3551059507
879325.621794643,905015.6023262633
552074.8833999999,944672.9453392873
552074.8833999999,939095.9999233056
552074.8833999999,916361.2476361598
663761.8115,515236.88933514775
663761.8115,515704.13461689453
663761.8115,801754.8110673691
663761.8115,804066.7131303757
663761.8115,467324.707822952
663761.8115,612917.0459637538
663761.8115,612533.8620727112
310743.015725,581510.1360930677
310743.015725,570221.5157929646
310743.015725,426276.5787671349
310743.015725,379637.58590634004
246589.13687500003,352445.5457654888
246589.13687500003,630564.5831702874
246589.13687500003,461905.89263640356
246589.13687500003,466051.66562454443
806290.59917,501455.4636555484
806290.59917,704773.164019391
806290.59917,793003.295933534
806290.59917,504028.759212724
806290.59917,605209.2897107936
377697.09285,397408.2518089394
306184.485475,302510.67817553924
306184.485475,406441.4788414504
165837.92939999996,479418.3072931082
165837.92939999996,191908.43918707524
165837.92939999996,329417.76791233144
2514910.2762,1209049.3717098134
2514910.2762,1352364.3883290407
420476.557575,500413.3484893264
420476.557575,675355.6088369329
384611.4309375,561150.0821410487
384611.4309375,424712.02752357814
384611.4309375,556408.7164817909
384611.4309375,524635.4030930873
384611.4309375,660249.1275907645
384611.4309375,664225.0197282841
528260.29355,929540.3665989867
528260.29355,1134007.064043453
167346.89449999997,499681.2507320937
167346.89449999997,428302.19397374167
1235963.3314,1036926.9654576345
1235963.3314,855773.186519572
657417.3061500001,903873.9644170015
657417.3061500001,832278.775673617
657417.3061500001,906829.5315228926
657417.3061500001,615110.5116230894
657417.3061500001,762638.7795444657
657417.3061500001,997565.9936719469
810956.7611357142,1007091.4572937107
810956.7611357142,1006902.3236818144
810956.7611357142,935820.1506478026
810956.7611357142,799916.3929351644
810956.7611357142,798973.9076690516
810956.7611357142,878543.6589806082
810956.7611357142,879672.2885317553
223939.69145,225642.52563737618
606041.0411,577784.9122295639
606041.0411,452679.01362531184
769558.1231,1009305.8412342241
769558.1231,1005491.8186679988
769558.1231,1004383.5023069191
769558.1231,1001577.5980050352
769558.1231,705768.3310450554
769558.1231,785001.7795188052
467500.83885,285512.9178274693
467500.83885,616460.5166738527
548652.4010000001,718910.398947361
548652.4010000001,464008.04677323444
468866.38914999994,448801.9235137674
468866.38914999994,323757.8274561451
451673.21455,449533.39556185907
451673.21455,446885.19462296314
451673.21455,641937.8766270905
742722.96035,919004.6030402558
742722.96035,780125.6944706211
742722.96035,775651.0064017762
742722.96035,631661.5660641148
742722.96035,780410.8209869848
742722.96035,914805.1392938492
742722.96035,653818.3072931641
702831.18997,899154.6196313337
702831.18997,751609.2848380733
702831.18997,750914.6825615284
702831.18997,897762.4557699631
702831.18997,616386.2640271633
647925.17195,711627.864019525
647925.17195,780326.9478830661
647925.17195,637811.5388219991
647925.17195,779539.4692991502
647925.17195,774315.6977194129
647925.17195,712233.8464251943
647925.17195,587477.9947733687
647925.17195,718941.8490957343
647925.17195,587477.9947733687
647925.17195,905710.208072055
483034.7959125,766777.7405848297
483034.7959125,479793.7593425405
483034.7959125,478558.45227640244
483034.7959125,579418.5954403812
483034.7959125,579478.6098945711
483034.7959125,626799.306670702
526904.70465,806211.711390919
526904.70465,1010986.5896636969
305997.51275,519838.24591451976
305997.51275,393458.8527521634
305997.51275,242006.29873922223
509838.6425,674854.437638325
528030.11785,692104.2721386255
528030.11785,601579.0628486956
528030.11785,537054.2291263851
528030.11785,493394.24195707217
410467.9351,404780.24264337035
410467.9351,546032.8897451065
410467.9351,286421.5892311446
382050.55905,353088.8236004444
382050.55905,352041.2435086178
382050.55905,465257.5086756014
382050.55905,472837.4667542744
554289.064,698466.2022965676
554289.064,712396.0545768037
360155.59864999994,431073.40491578705
360155.59864999994,431219.8431242419
360155.59864999994,270296.78471326974
488229.4219,663776.7024670657
643680.0221846154,1030041.34264211
643680.0221846154,1029399.6924834527
643680.0221846154,908428.1375690855
643680.0221846154,910838.2422958649
643680.0221846154,865901.8115585612
643680.0221846154,912511.4644894076
643680.0221846154,1029123.3180637875
643680.0221846154,777061.5779219079
643680.0221846154,841610.7667592234
643680.0221846154,957695.7850472913
643680.0221846154,719218.4713636875
643680.0221846154,719613.5653506585
643680.0221846154,1072279.913299518
632591.29505,870038.5847557182
632591.29505,590426.924947636
349356.99635000003,284044.517654305
349356.99635000003,534308.4084299627
382807.7502999999,286980.6234439587
382807.7502999999,292806.164754076
373456.5654,291213.4814866184
373456.5654,235641.2388411074
373456.5654,275240.0472785427
900370.6259749999,914727.0068583922
900370.6259749999,1322097.2750768478
278502.91349999997,538582.6064626181
278502.91349999997,495841.7189605839
634832.3776,541420.855359221
634832.3776,486969.9791520423
634832.3776,626423.8897328099
634832.3776,708326.0712619836
634832.3776,724430.4665788685
634832.3776,634120.318749938
564751.5032,479681.75936833833
564751.5032,363197.82957329735
811477.0619999999,821015.7806837148
698948.8566,888722.3000143745
698948.8566,684813.8273745644
700926.3893,825112.3300132608
700926.3893,959076.6118708616
700926.3893,821365.240257015
700926.3893,962568.1058653696
700926.3893,963299.4681527233
700926.3893,826459.5343973009
700926.3893,768724.3147667218
700926.3893,625034.8141237402
700926.3893,632244.6314917683
700926.3893,623796.0956257862
280393.85932499997,644668.4415586788
280393.85932499997,502923.7462241588
337506.88089999993,642414.0031106533
337506.88089999993,350889.39140043606
337506.88089999993,601979.5268743767
620792.7564500001,534574.8680291038
620792.7564500001,823778.505861002
270435.14294999995,262473.0596903215
270435.14294999995,534389.515041823
925753.9795,762539.8162015139
925753.9795,951256.3239052264
746636.15127,463915.02967996517
746636.15127,606094.8579456469
746636.15127,466895.8161784009
746636.15127,463297.49463296775
746636.15127,704163.160720463
827827.4546214286,773616.1116424714
827827.4546214286,979368.5243571515
827827.4546214286,620348.3819529276
827827.4546214286,922292.4112983922
827827.4546214286,568025.3869763026
827827.4546214286,850552.4051651892
827827.4546214286,852935.8252791084
554397.4492,811067.8911711524
554397.4492,811763.97246935
554397.4492,745207.5531684842
554397.4492,888132.1559925112
554397.4492,821050.8084253933
603782.9740499998,561895.6644202772
603782.9740499998,384948.9587998913
603782.9740499998,412016.4793222481
515126.72134999995,612950.7504548999
515126.72134999995,642799.3148510116
690071.1366999999,709313.313485789
690071.1366999999,682301.1261653816
347722.62480000005,552438.5972793924
347722.62480000005,531762.3355996858
446754.438925,534808.2768181687
446754.438925,422520.929813399
931281.8501,961864.3464063449
931281.8501,835705.4732844294
931281.8501,1043418.5799034899
931281.8501,1074369.75207943
931281.8501,1071581.4503855112
931281.8501,960314.847496237
931281.8501,1067755.3421159643
931281.8501,1068127.726740215
931281.8501,994520.724463685
931281.8501,995547.3458429785
931281.8501,995547.3458429785
931281.8501,794581.716600494
931281.8501,770835.9827833781
931281.8501,995692.6441030441
931281.8501,899491.8150357923
203651.3479,513429.09161713335
203651.3479,501041.4338686464
522175.45689999993,491024.89060445
590543.4293625,615438.8575984293
590543.4293625,465481.506751182
590543.4293625,524823.5648240498
590543.4293625,749840.5371011901
1186179.3133,1151118.5248802104
1186179.3133,980661.3017935876
783474.3189,554520.3482821947
783474.3189,553356.3824797438
389074.4243,586973.7752514363
389074.4243,320868.504369383
808869.1699562501,992557.9841766711
808869.1699562501,852942.3400874868
808869.1699562501,708701.8714859752
808869.1699562501,791839.3612475146
808869.1699562501,998074.3114581219
808869.1699562501,934151.3036611765
808869.1699562501,934591.7640966347
808869.1699562501,1031902.7476212496
529557.9038714286,853535.4766824705
529557.9038714286,994765.6280589965
529557.9038714286,940415.441222189
529557.9038714286,991871.6706426877
529557.9038714286,992776.981935355
529557.9038714286,936796.8165328573
529557.9038714286,976767.0192000669
576218.7807599999,587696.9672963637
576218.7807599999,735422.3807813494
576218.7807599999,588506.7806107826
576218.7807599999,587092.2000764735
576218.7807599999,822114.7583076522
614008.59925,741833.2517569503
614008.59925,887699.2315432406
614008.59925,1022261.8320259561
614008.59925,885141.2471718821
614008.59925,1022655.5780009276
614008.59925,1018552.4911488539
614008.59925,1025371.1772333083
614008.59925,890808.0654827817
614008.59925,828008.9908392581
2859681.221975,1168231.8367661857
2859681.221975,1233986.6917562806
454729.209675,423983.14959358517
454729.209675,616582.4510328085
1028836.1677,956296.2430191413
566642.663475,832359.6875219753
566642.663475,1054822.7369997066
299922.14284999995,591443.8127586811
299922.14284999995,309397.5933234059
299922.14284999995,377764.70619883284
357503.58450000006,306304.55953198794
357503.58450000006,374792.6160102672
357503.58450000006,412081.19462972553
444468.1582999999,492107.0720134444
444468.1582999999,469243.81088371726
233295.5958,536131.191705868
233295.5958,519533.3898267853
233295.5958,235488.89987201832
459324.37485,678287.3293592507
459324.37485,383941.2263379758
459324.37485,669839.901722818
459324.37485,493109.75473097886
459324.37485,624472.8588513418
269320.86579999997,260936.76949273882
269320.86579999997,516042.0546857974
414059.41734999995,442675.75883634604
414059.41734999995,552781.6013923557
364340.33062499994,605630.4526776916
364340.33062499994,653904.9680475057
364340.33062499994,742753.1197778559
364340.33062499994,422558.14421682653
364340.33062499994,564593.9377509002
364340.33062499994,573732.2156577088
654180.5851499999,833170.495472335
654180.5851499999,528490.1098977419
654180.5851499999,595442.6672654905
770427.2929199999,823774.075166723
770427.2929199999,779006.0710402324
770427.2929199999,780546.759088458
770427.2929199999,825561.8785478531
770427.2929199999,492238.1791704509
209244.69524999996,577036.6812639944
209244.69524999996,315185.8535411353
209244.69524999996,558992.6462352562
687930.9080875,699522.6127499574
687930.9080875,839657.7721711447
687930.9080875,837974.3104847728
687930.9080875,759737.39891891
687930.9080875,757605.2887956152
687930.9080875,775973.8950345517
687930.9080875,647552.8069061508
687930.9080875,562551.0860396072
341215.12020000006,406858.3792529376
341215.12020000006,681461.1649014762
490785.21407999995,768442.1088490366
490785.21407999995,765035.2149984252
490785.21407999995,621293.9946252555
490785.21407999995,767779.805539825
490785.21407999995,586895.4950221913
583952.9546749999,440926.1769666617
583952.9546749999,720779.2495219883
583952.9546749999,438245.88588672626
583952.9546749999,411255.81798213156
583952.9546749999,655519.5374308538
583952.9546749999,572750.2455139571
389963.720725,423195.6035128369
389963.720725,281766.67680372234
598859.185025,524347.4678000733
598859.185025,418568.0758168305
461629.6036624999,599104.8409462692
461629.6036624999,742242.7555488583
461629.6036624999,454469.77233683347
461629.6036624999,695869.0334903537
129687.0399,204925.69262028136
129687.0399,238733.15922573145
129687.0399,476102.22305213043
420136.0548,608698.4529566994
315166.39495,311142.2375229901
315166.39495,440281.0265621546
315166.39495,557427.5555529472
233426.3367,341459.3987095001
233426.3367,210778.69997735228
420260.9168999999,392691.0635260533
420260.9168999999,685318.3311459223
420260.9168999999,693442.6826202953
420260.9168999999,494464.5347341577
607572.654375,888320.3147861529
607572.654375,894402.6051489186
607572.654375,1019773.9004786634
607572.654375,890399.7382165864
607572.654375,845443.0092148373
607572.654375,889928.9517555506
607572.654375,1022196.1456698626
607572.654375,824041.7736625155
607572.654375,965171.5228307938
607572.654375,712064.9599423074
607572.654375,694941.8671513477
515863.58005,393802.29131442006
515863.58005,710595.0280381435
515863.58005,496854.2082779172
754069.7559250001,568107.6023637509
754069.7559250001,708792.8309243799
709065.18,822384.438435335
709065.18,956894.7761153026
709065.18,957191.6787767657
709065.18,679689.9537882251
709065.18,953285.6302095259
709065.18,958862.6212399043
709065.18,621653.7656686609
709065.18,622856.5954020363
709065.18,765120.7948664193
709065.18,621534.4774655274
209692.836225,311080.74949033523
209692.836225,457268.60733293835
296490.17124999996,398072.0984537371
296490.17124999996,363784.89089223905
660966.01125,413550.48532914266
660966.01125,696349.6136701934
515490.23425,875035.1202809575
515490.23425,892969.6032389719
571541.8578,451415.5641821539
571541.8578,371448.47284821194
355503.60079999996,414276.3025770377
355503.60079999996,399564.13347754395
648874.016875,776071.0828108932
648874.016875,908761.3968887846
884202.927725,899536.9662248772
651832.8402499999,391095.4926136552
651832.8402499999,716494.2498255235
644698.87255,729734.6198911263
644698.87255,867451.6912578202
644698.87255,827874.3908412382
381602.3383,358699.84813110577
381602.3383,379189.0332690537
555118.4643,697504.3704663804
555118.4643,698797.3800100856
555118.4643,652693.8588403002
480052.36615,557952.5191900374
480052.36615,720727.320020232
480052.36615,402789.5007063057
512880.4743,432285.2014912357
230169.55125,572776.8196268966
230169.55125,437782.7586953843
230169.55125,581566.9471919817
580838.3984250001,561183.280434085
580838.3984250001,753669.3189616237
893991.39095,807921.9010187973
893991.39095,657903.9053203491
893991.39095,958763.8563261817
893991.39095,736975.6953909299
893991.39095,949561.4691147658
306662.92104999995,301455.6237149057
306662.92104999995,539261.4978673131
621469.0346,736304.3809505659
621469.0346,732523.2867877167
621469.0346,729041.9434595575
621469.0346,731392.2736940157
621469.0346,417696.56624153745
621469.0346,400862.3738431784
1211971.7100999998,1013249.540511152
1211971.7100999998,879957.7359571368
548875.5834,549075.3357183787
548875.5834,550919.1174268798
548875.5834,551605.2459528898
548875.5834,630363.4619032193
548875.5834,380004.01110983867
359326.337,466580.9558281473
359326.337,458990.27778224915
359326.337,314507.33864276385
682573.1853000001,634489.7275313293
682573.1853000001,694864.071147714
682573.1853000001,691718.6523506076
682573.1853000001,581021.4332692882
682573.1853000001,730867.8468769355
682573.1853000001,739792.6475230313
637351.4662583333,760530.0280112968
637351.4662583333,686598.4138412466
637351.4662583333,899090.9075639405
637351.4662583333,761938.3248550978
637351.4662583333,899393.1476824422
637351.4662583333,567311.4901178852
637351.4662583333,701488.4439323589
637351.4662583333,565258.384530615
637351.4662583333,633193.6945615733
870001.4345999999,1047253.9927146703
870001.4345999999,1179651.5908482615
792816.8802499999,670820.4984280855
792816.8802499999,759088.7977079088
613557.7044,424201.70003226615
613557.7044,565449.5031703645
613557.7044,707828.4676685754
613557.7044,527738.6840699677
613557.7044,526230.3838590933
613557.7044,539028.0905406045
464183.37745,368158.0510859626
464183.37745,511566.08122555225
464183.37745,620325.9128783863
464183.37745,491383.85825948184
225581.20670000004,516426.7263645536
225581.20670000004,199882.07573979849
225581.20670000004,357105.2479062535
623278.1614625,659441.8018213226
623278.1614625,467467.9132616583
623278.1614625,465972.12660612166
623278.1614625,705740.1604630209
580582.667815625,993882.2315331204
580582.667815625,994176.8372004576
580582.667815625,990088.5905672475
580582.667815625,712432.3952383113
580582.667815625,995735.71385347
580582.667815625,991599.6656793538
580582.667815625,856553.4900362227
580582.667815625,913702.9899353894
617419.9465250002,843618.3634103385
617419.9465250002,972152.3941464311
1284259.98142,1055064.3098810788
1284259.98142,778631.6711944474
1284259.98142,921767.0116120778
1284259.98142,926187.3526792449
1284259.98142,1012019.138984342
1284259.98142,1055952.726850441
1284259.98142,976690.6177796961
1284259.98142,976690.6177796961
1284259.98142,866965.8456954046
1284259.98142,972002.7063808952
1229943.552125,866466.3023884315
1229943.552125,1149569.4564624147
490321.4736,645264.3059463934
490321.4736,675601.2554166117
2352365.3315764708,1034862.5232384533
2352365.3315764708,1248351.4833234139
2352365.3315764708,1183010.4388064698
2352365.3315764708,1181382.642515114
2352365.3315764708,1036204.352359544
2352365.3315764708,1121146.8510287106
2352365.3315764708,1185961.4848085602
2352365.3315764708,1039182.1220478169
2352365.3315764708,1185562.7724012644
2352365.3315764708,1116670.7631894706
2352365.3315764708,1148667.775650784
2352365.3315764708,1116682.378136765
2352365.3315764708,1054075.443516732
2352365.3315764708,1054380.027433625
2352365.3315764708,1052607.312714083
2352365.3315764708,1053615.6257732932
2352365.3315764708,1261118.9629080212
371763.1267,347908.6679460605
371763.1267,413359.95080232626
603966.0353999999,532046.5968498153
603966.0353999999,568671.4152840998
531378.2236250001,519789.4383112847
531378.2236250001,740857.1598038652
572888.2480499999,430412.4338688032
572888.2480499999,622468.4629385961
572888.2480499999,477162.6512703444
1411969.3010285716,1143562.4366631901
1411969.3010285716,913848.5111556218
1411969.3010285716,1255020.2064589828
1411969.3010285716,911465.1958712535
1411969.3010285716,1011916.5586465258
1411969.3010285716,915934.5708159325
1411969.3010285716,1154578.782645124
1411969.3010285716,912705.7210271355
1411969.3010285716,909855.61711065
1411969.3010285716,839771.3306048844
1411969.3010285716,961166.0043541581
1411969.3010285716,1069335.3471353026
1411969.3010285716,1070397.6548359534
1411969.3010285716,940416.527657436
892471.840355,630081.4983183788
892471.840355,901387.8319871187
892471.840355,766724.3863445589
892471.840355,959780.628902368
892471.840355,623550.1777542904
892471.840355,841188.2676969509
892471.840355,711901.2539468291
892471.840355,579432.1509599229
892471.840355,579831.8137935876
892471.840355,776535.045995774
416953.4089499999,426967.73258517106
416953.4089499999,667114.5402622801
416953.4089499999,365486.6027199864
167490.92270000002,255046.3164597812
167490.92270000002,319464.56150677503
167490.92270000002,357486.218281085
469159.66614999995,450289.6133108086
469159.66614999995,484263.4353615877
257437.0867,462290.3879393055
257437.0867,338981.4227737072
257437.0867,617528.053518414
435215.9535499999,427220.9108711348
435215.9535499999,779257.7573373521
239454.77764999997,351947.9635504552
239454.77764999997,366315.6933827025
630268.7074999999,900183.0974919917
630268.7074999999,739027.9834156693
848958.3288687499,1049210.4516859124
848958.3288687499,685313.6418200759
848958.3288687499,837571.8252796044
848958.3288687499,1047363.2856774115
848958.3288687499,982898.6295973088
848958.3288687499,629279.5824914245
848958.3288687499,629137.1761505563
848958.3288687499,898749.3823207438
810971.49,1013905.1353871713
810971.49,887099.4548233494
810971.49,1091079.800393241
810971.49,752274.6704728594
810971.49,750132.5260440282
810971.49,969247.9971004389
810971.49,748457.9350493554
810971.49,835436.7272649498
810971.49,818783.3851051393
810971.49,690864.9677866554
810971.49,943139.9443211085
810971.49,1010179.8786136417
772526.3161500001,720425.4689901987
772526.3161500001,455455.1464210568
298147.59418749996,529912.9878706252
298147.59418749996,669273.8796034271
298147.59418749996,530000.2377879663
298147.59418749996,662242.5220456761
931612.1136000002,810736.7110859808
931612.1136000002,676670.2463820882
931612.1136000002,882801.1719364867
931612.1136000002,671812.7723744183
931612.1136000002,747981.7555451973
931612.1136000002,806914.1064464084
931612.1136000002,622564.16127314
931612.1136000002,749964.7646739365
931612.1136000002,623469.931307673
931612.1136000002,748915.1485703938
931612.1136000002,873803.497018611
931612.1136000002,832230.7461378276
837154.1573999999,884474.0180266985
404874.4166,543177.2617091441
404874.4166,425006.5044898786
571457.70695,448826.2477301593
571457.70695,436110.176126536
434417.9785,429091.25343976
469767.1804,647501.5342519595
469767.1804,647317.1987872897
469767.1804,613155.8654785642
541333.1305499999,675378.1039026806
541333.1305499999,664502.2875796672
518901.4601249999,918422.6890594609
518901.4601249999,859139.7261676079
518901.4601249999,662896.899364113
518901.4601249999,726748.1713324764
518901.4601249999,859584.1453755276
518901.4601249999,858069.6877616412
518901.4601249999,872625.4364964863
743012.1152499999,730749.1964680674
1208270.9983,945314.1489496263
1208270.9983,1264275.176325373
524920.9537249999,654091.8452580279
524920.9537249999,574019.52583007
835188.1156499999,981444.0883889128
835188.1156499999,1028830.5112629314
835188.1156499999,737526.6861080902
835188.1156499999,1028156.5531770873
835188.1156499999,832773.9502117377
835188.1156499999,1114034.0999002464
835188.1156499999,688285.6520621747
249777.192,382817.7519700384
249777.192,375837.481164025
230089.95195,253489.95666741487
230089.95195,441564.3352329211
721379.8398571429,986021.4203918751
721379.8398571429,841075.1887746009
721379.8398571429,1060290.6802206016
721379.8398571429,690529.4466052634
721379.8398571429,841075.1887746009
721379.8398571429,1058769.0488632885
721379.8398571429,1104497.360522367
534517.69291,568180.6974015995
534517.69291,833798.2899134753
534517.69291,787773.2383964446
534517.69291,790704.2032877776
534517.69291,730763.8576729394
751610.0269999999,949767.8317096635
751610.0269999999,710393.1318572143
751610.0269999999,1001513.9360777226
751610.0269999999,706381.585575551
751610.0269999999,1005443.402566677
751610.0269999999,859703.4903867308
751610.0269999999,798559.6578758497
350041.38564999995,455889.99585076224
391527.5382,597729.0597478278
391527.5382,311113.36476227344
391527.5382,571965.0012960588
485894.15699999995,336908.96137869346
485894.15699999995,332259.48770794185
278297.50325,382311.85532005463
278297.50325,386220.5578907983
740082.612675,676018.0436820047
740082.612675,950662.7426093861
876946.879525,795607.8643201916
876946.879525,1004733.3179589988
876946.879525,1008053.3372444543
876946.879525,795197.8901698864
876946.879525,643696.0187200456
876946.879525,807862.5959441715
595056.6766,576728.195555999
595056.6766,881609.3071811699
608295.7539499999,563502.7463684797
608295.7539499999,608788.8484806188
608295.7539499999,389249.95003368123
541224.95845,691387.2378406683
541224.95845,677195.414991607
820631.0266,726431.8254563395
592258.703425,572215.1443977713
592258.703425,717661.5458713324
521026.94709999993,552534.9458600455
521026.94709999993,604552.6680406342
210805.4054,453757.9903896116
210805.4054,237369.5229764018
295753.8705375,549953.1499568146
295753.8705375,428130.6408406193
295753.8705375,412943.8447366864
295753.8705375,376523.2239944038
335184.00904999994,579538.0268042141
335184.00904999994,456349.42504763306
643285.2285999999,460253.3135542481
643285.2285999999,724551.2552570878
643285.2285999999,734091.9878661
542852.86895,654091.0239095608
542852.86895,801081.6808760607
622231.6751999999,744174.9791703192
622231.6751999999,589072.431159576
699473.6653999999,959919.9376582518
699473.6653999999,964595.8607776177
699473.6653999999,680060.2632867689
699473.6653999999,820045.7313836642
699473.6653999999,963755.3703837573
699473.6653999999,893286.6468341545
699473.6653999999,891650.9617823241
699473.6653999999,759393.8930499285
699473.6653999999,703191.6121680768
897051.6325749999,804604.0394744428
897051.6325749999,662551.4911436611
897051.6325749999,940799.3253730094
897051.6325749999,799575.6028717272
897051.6325749999,800641.90554039
897051.6325749999,877839.2933585164
897051.6325749999,870537.4776672447
897051.6325749999,871570.2782868507
897051.6325749999,610884.4280883761
897051.6325749999,694070.3300634279
465280.83665,450838.17308626557
465280.83665,625419.427394571
797597.2322499999,685955.6961340326
797597.2322499999,868129.9384605985
1128178.6412909091,1016979.5371695727
1128178.6412909091,933610.4786037509
1128178.6412909091,927104.4842054993
1128178.6412909091,879073.9581555359
1128178.6412909091,1015856.2201905274
1128178.6412909091,787884.6458167833
1128178.6412909091,782416.2993854358
1128178.6412909091,855251.9255948451
1128178.6412909091,722743.8336313429
1128178.6412909091,981708.5799713488
1128178.6412909091,943279.5443023443
597824.6782916667,1020468.8565042076
597824.6782916667,979926.1672705647
597824.6782916667,840922.6147593332
597824.6782916667,840000.6330532554
597824.6782916667,1025728.8210700927
597824.6782916667,890527.7763018527
597824.6782916667,887418.8654640934
597824.6782916667,839691.0057862666
597824.6782916667,784559.2370705123
610844.72811,410908.79114221764
610844.72811,550278.6498182123
610844.72811,693281.3628972581
610844.72811,384738.9289302169
610844.72811,384306.52856591484
441029.13195,660458.8364050328
441029.13195,634150.5649108264
301169.2113,512824.77980681707
301169.2113,256539.24678672187
438958.86509999994,531783.5210249096
438958.86509999994,576984.3414147695
569376.8224500001,781118.0628561671
569376.8224500001,716191.6189836818
569376.8224500001,640418.6247698364
569376.8224500001,639924.0169020968
569376.8224500001,802329.1972764479
569376.8224500001,519586.11583403347
520327.31260000006,400856.90200194943
520327.31260000006,526222.9492430687
520327.31260000006,386126.03084704466
520327.31260000006,495510.98463784566
520327.31260000006,635914.5785240997
520327.31260000006,370423.80424027174
843242.8839275,890482.6122961692
843242.8839275,743161.4353790184
843242.8839275,1023329.6482568521
843242.8839275,886296.6838253732
843242.8839275,890378.7620689493
843242.8839275,894294.5584474918
843242.8839275,819655.696864181
843242.8839275,965381.726968813
843242.8839275,820573.421031282
843242.8839275,820267.8835093661
483841.0978875,491335.82669856993
483841.0978875,643456.7461895699
483841.0978875,431630.8833457791
483841.0978875,750745.2791272909
310189.89295,447196.98590841994
310189.89295,446966.1990084703
310189.89295,561306.9212472704
310189.89295,254535.3291344315
737913.729275,492195.29432699026
737913.729275,695248.2261435267
445942.7796,421112.80926820944
445942.7796,487087.5441744883
391825.4357,542267.6133469231
391825.4357,410528.3935692678
1406629.6752076924,828899.3293538191
1406629.6752076924,827939.3789872822
1406629.6752076924,1089811.5381934457
1406629.6752076924,966449.0443085764
1406629.6752076924,960476.5909075045
1406629.6752076924,1090225.942435534
1406629.6752076924,962250.325889881
1406629.6752076924,824756.4583935679
1406629.6752076924,758197.8855672928
1406629.6752076924,1010443.9354602298
1406629.6752076924,760201.3378095311
1406629.6752076924,888508.288065726
1406629.6752076924,1086386.3911286402
644296.7095428571,782683.567834574
644296.7095428571,784465.5573943144
644296.7095428571,637255.3148325846
644296.7095428571,777923.5535893395
644296.7095428571,592765.4457452239
644296.7095428571,593537.07107817
644296.7095428571,786387.1830050035
1349978.22237,1213027.2468982372
1349978.22237,1057467.3782142461
1349978.22237,1212046.2872218164
1349978.22237,1088364.10044481
1349978.22237,1084013.5733533937
1349978.22237,1082026.4401224863
1349978.22237,1085452.573096062
1349978.22237,1319375.9581932398
1349978.22237,943140.0549794064
1349978.22237,1410698.3539258
375259.1130875,318069.86549231526
375259.1130875,303664.3527678006
375259.1130875,436911.39028314344
375259.1130875,548053.4595273924
423561.186,491573.22855639877
423561.186,571483.4952534212
423561.186,713629.615483165
423561.186,407140.63579164364
423561.186,389189.76896936
423561.186,596323.2624417141
574697.9102,442110.8408100874
574697.9102,445700.34098433104
407802.09085,563089.3662443524
407802.09085,561508.5634035312
407802.09085,742552.0483341072
407802.09085,411445.54774788866
424730.16114999994,647891.5571256779
424730.16114999994,648431.4466408081
424730.16114999994,631908.8432577881
167029.095,345158.45089521084
167029.095,325767.3984032322
1252313.9216,966709.5725830882
1252313.9216,818472.3923935513
1252313.9216,973544.4810871145
1252313.9216,1105758.21999243
1252313.9216,820159.480807573
1252313.9216,974749.3197771109
1252313.9216,974640.1507270043
1252313.9216,971776.552197612
1252313.9216,903131.5728979971
406105.9578750001,627674.961463477
406105.9578750001,628300.6863670333
406105.9578750001,553576.7629937128
406105.9578750001,321928.3244456417
259287.21525,256990.67509764392
259287.21525,511389.48533416865
476423.57829999994,642573.9620152488
476423.57829999994,640443.0209377795
294334.65179999993,435317.29983632325
294334.65179999993,579969.3508357406
294334.65179999993,273429.62010578695
501245.26459,490335.01476669125
501245.26459,628617.2519102115
501245.26459,688077.2538770374
501245.26459,489347.0426466479
501245.26459,727739.0334288024
295179.66915000003,568449.9411528796
295179.66915000003,412406.3018600455
295179.66915000003,290858.8539852475
746416.1365,995639.3716015967
746416.1365,994064.8416312195
746416.1365,1065619.4223139999
746416.1365,996782.6236791606
746416.1365,852724.1226027823
746416.1365,931413.4482605583
746416.1365,932861.6273736306
746416.1365,790854.826453194
473537.9564,546632.0040582876
473537.9564,410546.44402560475
441035.96282500005,568389.5304581627
441035.96282500005,716228.5270368834
224624.30985,328890.4194784955
224624.30985,606049.5548569597
224624.30985,579203.1953542025
520900.414875,474415.4924375929
520900.414875,342622.8850782373
443157.075625,408773.0221770906
443157.075625,557394.8707754691
376481.5495,755949.4662130337
376481.5495,754537.1597166711
376481.5495,479645.0263064675
376481.5495,801973.5027507913
376481.5495,710730.6098075787
376481.5495,437189.85356014885
318390.00139999995,286159.7761516964
318390.00139999995,546704.135085688
196782.47620000003,560326.3268056992
196782.47620000003,274771.2948020093
196782.47620000003,522716.1320215819
632228.8298156249,1147686.1434024696
632228.8298156249,1054759.5586436293
632228.8298156249,1053332.2197613253
632228.8298156249,1059117.2126816106
632228.8298156249,1017220.2970980359
632228.8298156249,1055465.9237106242
632228.8298156249,1060747.5470581944
632228.8298156249,725248.632509641
398022.893,292164.32271137525
398022.893,426490.1798828816
398022.893,432902.3249437267
291568.755425,393299.102908563
291568.755425,255127.77889533038
442468.61305,559403.0964606184
442468.61305,295621.07063923246
485522.757425,519370.79125791223
485522.757425,410577.61337084934
577778.9367249999,826004.2898428293
577778.9367249999,799627.8385383439
413110.2901,352280.97228515154
413110.2901,625963.2474831328
572926.3114000001,484113.16489522223
572926.3114000001,487813.91105646786
572926.3114000001,826961.7731833087
572926.3114000001,450979.8866945041
572926.3114000001,824427.6439499583
930859.9999357142,816385.8250566886
930859.9999357142,664271.7859040587
930859.9999357142,811989.8765541713
930859.9999357142,753955.7554856207
930859.9999357142,669744.2783350159
930859.9999357142,895709.2418205093
930859.9999357142,843906.0594592346
808263.1826499999,563191.2018791658
808263.1826499999,833726.9679761555
617061.247175,587534.7064007331
617061.247175,445348.4605473045
740894.3337,680170.4975974322
740894.3337,672605.719890346
418731.10305,386588.77358038805
602258.5545249999,585320.5057768981
602258.5545249999,727175.8793445403
427591.64699999994,588000.2236250705
427591.64699999994,321103.283296598
576337.0465499999,531156.8367645835
576337.0465499999,397179.1588094543
576337.0465499999,725651.7539360274
200612.64795,480318.8187799347
200612.64795,481498.9672048416
826836.9841357142,756659.5668916593
826836.9841357142,952385.6792739071
826836.9841357142,891727.6153043318
826836.9841357142,895302.7132949946
826836.9841357142,815117.1778211616
826836.9841357142,948784.1678226858
826836.9841357142,977413.1081755181
560172.7097,438582.9523103657
560172.7097,778374.503059738
306793.06955,568532.0873819349
306793.06955,529407.9631500626
369292.99255,396779.7884329731
369292.99255,532656.24740374
928493.8942,910484.3004547643
928493.8942,915068.6593894496
928493.8942,757840.837590497
928493.8942,1062533.834854123
928493.8942,1053700.6162166717
928493.8942,1056980.3794568605
928493.8942,1108836.4052118335
200004.26104999997,419070.54338080273
200004.26104999997,550953.2084585414
1132775.9318999995,949348.7153208479
1132775.9318999995,1149899.1002705847
667313.76405,758840.9515287982
667313.76405,908233.1939025837
761834.7430909091,800241.2688576245
761834.7430909091,860837.5318765516
761834.7430909091,992478.2755255497
761834.7430909091,862145.8277912799
761834.7430909091,989072.8105430879
761834.7430909091,863947.8939098147
761834.7430909091,919506.6691031042
761834.7430909091,921430.128945515
761834.7430909091,793650.7925647357
761834.7430909091,920151.487998124
761834.7430909091,784526.2938791512
691430.8363000001,460969.2390913503
691430.8363000001,601150.7934940807
691430.8363000001,601839.666226503
691430.8363000001,599976.3485320132
691430.8363000001,540185.2797100529
691430.8363000001,425482.36919283855
691430.8363000001,699990.0913608549
738505.2592,507578.84211586876
738505.2592,575910.9532305454
487948.8979875,758108.9531391301
487948.8979875,433110.9070179729
487948.8979875,761016.9190096272
487948.8979875,535493.0644912028
870804.3135249999,828701.0424563085
870804.3135249999,608082.6315292814
870804.3135249999,967041.4488576778
870804.3135249999,828223.4652605533
870804.3135249999,605823.2732523262
870804.3135249999,708835.5254638168
377941.4703,400668.7819715528
377941.4703,255391.11915089458
257601.7161,306712.5047933397
334813.442375,550640.3476393125
334813.442375,408838.90566398914
757802.47285,653955.1792877519
757802.47285,920816.782213285
2753735.11355,1083757.0489085484
2753735.11355,1154231.0222222107
2753735.11355,1258391.8746028799
896571.804792857,937920.0006405046
896571.804792857,945073.7230768703
896571.804792857,812119.5146988314
896571.804792857,1062242.0430655587
896571.804792857,1030860.3156739576
896571.804792857,809060.8728254177
896571.804792857,812467.7216981847
896571.804792857,941867.3479459176
896571.804792857,747645.9124918719
896571.804792857,870029.824373172
896571.804792857,985894.8784464429
896571.804792857,870870.3101762049
896571.804792857,1008558.0223630257
896571.804792857,745499.9011274232
679854.4795499999,467992.6849551448
679854.4795499999,616504.2213446037
575317.3573124999,770278.6187331334
575317.3573124999,813871.6094369396
575317.3573124999,767616.3501990674
575317.3573124999,623604.330942946
616879.6402625,745600.7664212452
616879.6402625,741741.567429749
616879.6402625,597956.7827066473
616879.6402625,424594.94615152536
630147.9891,788263.6175853446
630147.9891,836971.418707067
630147.9891,644150.7231120127
630147.9891,737406.9948946191
630147.9891,596772.1537616057
630147.9891,644281.6273566469
457930.8542,422751.48343923467
457930.8542,435978.73620685155
277408.38287499995,366030.2505667731
277408.38287499995,252120.2937704362
809891.5524799998,895633.3805775904
809891.5524799998,595037.4627061959
809891.5524799998,957049.3612873133
809891.5524799998,747940.0944886181
809891.5524799998,914425.4807613979
544720.4721899999,559894.9440648246
544720.4721899999,783494.3849128227
544720.4721899999,784448.5891464498
544720.4721899999,827231.9203226222
544720.4721899999,542896.1107932192
887480.9742227274,1152533.3618803876
887480.9742227274,801316.9248014509
887480.9742227274,940330.6238992884
887480.9742227274,1149339.1197240413
887480.9742227274,1066647.507817527
887480.9742227274,798902.0509927312
887480.9742227274,734282.3589407196
887480.9742227274,887684.1005320073
887480.9742227274,987253.6154470027
887480.9742227274,863241.0134596998
887480.9742227274,1011699.6650182907
583340.2982,446275.2260229289
583340.2982,725525.7691373775
387306.326425,443242.26545571646
387306.326425,308808.4951773384
490187.7066499999,580455.7187852435
490187.7066499999,712550.6430778849
490187.7066499999,461534.4523958717
766756.922425,760580.0632972872
766756.922425,572422.4639990733
333286.81539999996,251193.8640461737
333286.81539999996,534078.6943951151
573549.8543,385153.95824712765
573549.8543,666760.8573477513
704083.1334599999,819143.2754401793
704083.1334599999,513542.1034954947
704083.1334599999,816555.56724062
704083.1334599999,814500.3064066591
704083.1334599999,521686.93354945723
317551.11675,430414.7097740838
317551.11675,404996.1760039842
761379.5785,671107.1194466704
761379.5785,906788.4700902058
761379.5785,1025674.2679037005
540606.5118,572357.9513165465
540606.5118,727910.7106647973
416185.41656249994,561711.1085754139
416185.41656249994,421266.7913423188
416185.41656249994,703740.8619804304
416185.41656249994,524332.6986734194
416185.41656249994,523792.3337689964
416185.41656249994,662966.277180638
440625.7436000001,412272.78024571715
440625.7436000001,483427.03686201957
393442.86612500006,593103.6820704913
393442.86612500006,783449.7566443384
733549.4494500001,752990.6663157868
733549.4494500001,741998.8480291946
733549.4494500001,994045.8040722979
752007.4013999999,576081.4975718495
752007.4013999999,441602.3587560172
752007.4013999999,470587.42113535467
199927.51975,225968.79233973648
199927.51975,454963.3556350451
829130.7632999999,685143.9556860152
829130.7632999999,980015.5106097256
829130.7632999999,769203.0782220245
829130.7632999999,835595.3255830195
829130.7632999999,919305.9260647742
829130.7632999999,920048.0042768357
829130.7632999999,974337.138421784
566930.0543,842838.5153604388
566930.0543,1052007.487518379
686837.73355,850498.9114802318
686837.73355,712409.4035053106
686837.73355,851561.136826745
686837.73355,806337.4052928374
686837.73355,470453.07270267245
686837.73355,750442.0092335097
792269.24624375,1007344.2344705218
792269.24624375,746691.9405737907
792269.24624375,878240.0814869301
792269.24624375,1010169.312228256
792269.24624375,1006949.0136632399
792269.24624375,829846.962696812
792269.24624375,1082248.9728260273
792269.24624375,699221.1193554911
792269.24624375,935751.2267947507
792269.24624375,935673.7510943287
792269.24624375,935983.2719356618
792269.24624375,685215.8517376005
317038.74960000004,542252.0486426753
317038.74960000004,265859.04335552594
317038.74960000004,255107.76921452442
884331.94661875,1091210.3845594479
884331.94661875,1088361.0462301057
884331.94661875,950729.0407598128
884331.94661875,950091.878066444
884331.94661875,804673.6370789802
884331.94661875,947412.9030637661
884331.94661875,1091106.3239426934
884331.94661875,749519.239915724
603929.3804125,436681.2117268871
603929.3804125,624552.5475943693
603929.3804125,432796.1310021068
603929.3804125,720595.1124118504
809497.1440999999,1104906.4785779812
809497.1440999999,1102705.9042401998
809497.1440999999,730843.7739633975
809497.1440999999,734689.6853216582
809497.1440999999,884743.6318577016
809497.1440999999,738858.6781775334
809497.1440999999,881279.0223182049
809497.1440999999,813952.0772686888
797261.2566000001,669430.8517248002
797261.2566000001,684663.8194647412
551990.244375,756952.06375603
551990.244375,609354.8203696925
551990.244375,608656.2858827801
551990.244375,708711.2252144454
551990.244375,432318.841838575
551990.244375,470682.3670976103
370337.60815,356279.4877879434
370337.60815,654878.3379106676
548411.8541,525451.2529965059
548411.8541,670788.8002744782
548411.8541,670973.797567955
548411.8541,327972.0403396757
548411.8541,634023.4491792284
548411.8541,502823.40899239585
1302868.73274,979890.7963075077
1302868.73274,878555.8800540975
1302868.73274,874365.4247214304
1302868.73274,879839.029056781
1302868.73274,880035.8271081732
1302868.73274,1153409.4728736295
1302868.73274,1152439.7045568621
1302868.73274,1020481.7271173208
1302868.73274,1152331.2872287063
1302868.73274,1039858.3797330752
786980.10745,873384.2901182324
786980.10745,881576.4360551562
786980.10745,1022104.0187749761
786980.10745,1100027.6372507133
786980.10745,729786.9700379017
786980.10745,680214.618481007
786980.10745,820870.8371713326
786980.10745,926871.7814717276
820433.7842499999,1014640.1305026145
820433.7842499999,854838.8677345118
557528.33475,562265.2875540152
557528.33475,694433.3714334933
557528.33475,604645.0219442635
557177.32235,941927.854911256
557177.32235,1071596.1064271084
671854.7032964285,745006.9756422619
671854.7032964285,811535.8001157693
671854.7032964285,663708.348821085
671854.7032964285,886920.0170599963
671854.7032964285,657657.5398496725
671854.7032964285,746678.8699913649
671854.7032964285,885870.1553735934
1135275.66555,679865.8873976931
1135275.66555,986751.3996038622
632560.87295,835074.4815395107
632560.87295,829982.287403662
632560.87295,677293.5343969384
632560.87295,470599.10781480046
632560.87295,497026.0171780156
582344.62875,699995.3226244142
582344.62875,700526.1790954886
582344.62875,772486.9613488235
582344.62875,698007.4083294191
582344.62875,713069.3412961622
582344.62875,572688.7731661719
582344.62875,573790.3314931771
582344.62875,866418.3695376508
592294.6002999998,525215.5306918279
592294.6002999998,520234.9508379486
2856137.1766499993,1177532.9580058726
2856137.1766499993,1064369.516490374
2856137.1766499993,1368499.7031977486
911689.77,543540.9442579453
911689.77,550691.3331494625
911689.77,687147.6771556983
911689.77,884624.417746627
911689.77,770509.6265992018
911689.77,504852.0329220878
911689.77,844769.8891624659
343684.66714999994,270593.33287407906
662716.5816999999,775533.1082809807
662716.5816999999,855272.6646249029
638489.205,791091.6792792961
638489.205,883534.4157591125
638489.205,1039174.1097730494
638489.205,920312.5405138927
638489.205,882424.1113435009
638489.205,1039088.2232862394
638489.205,919617.7575157671
638489.205,1035842.6041483574
638489.205,733532.5486233104
638489.205,852070.1945776726
638489.205,965064.0084700072
638489.205,852261.6011020921
638489.205,732928.9136320582
638489.205,1081899.7266132825
445881.2400000001,347513.03171564883
445881.2400000001,342310.8025968202
425123.8420499999,458882.22266681114
425123.8420499999,582975.3486190138
425123.8420499999,775103.2203323517
583966.9837999999,681891.8834562781
583966.9837999999,740282.4806410808
496211.22185,384227.26295972243
496211.22185,389603.571695709
832426.0670499998,836593.2695719015
832426.0670499998,742211.3143984401
832426.0670499998,837153.9158004835
832426.0670499998,835321.8236815323
832426.0670499998,741301.9255025877
832426.0670499998,1118135.5453423734
832426.0670499998,895615.0143265354
832426.0670499998,827986.0548364711
644705.9351000001,755396.902630934
644705.9351000001,828481.302018934
549106.4233499999,630046.8476062316
549106.4233499999,524730.4097148367
245469.5388,186052.01803597983
245469.5388,346828.70429052354
712845.85595,898656.8801296883
712845.85595,601808.0807109869
712845.85595,753685.9914373467
712845.85595,671596.3038703447
712845.85595,828712.2382568807
712845.85595,693170.7744956074
712845.85595,689018.7239298793
555054.1747,673281.8389986109
555054.1747,543022.5169118054
555054.1747,420412.2382168542
217117.0375,316273.64668569976
217117.0375,447262.83212547755
217117.0375,571424.0000109412
217117.0375,414792.5353279665
242429.1691499999,505460.7309250852
242429.1691499999,506122.3478104857
242429.1691499999,307678.0401165129
509976.7063,619010.0203664494
509976.7063,571940.645312497
509976.7063,677103.8704419374
509976.7063,679919.9529427806
900886.17355,843360.9997027884
586714.4555,575267.2947233845
586714.4555,587408.2821418936
709828.02272,591102.0501473382
709828.02272,597213.1431409348
709828.02272,643565.195593835
709828.02272,420380.59420056926
709828.02272,547466.6830500767
803363.1031499999,821871.1642955195
803363.1031499999,663006.6827591292
589960.6132749999,417226.9269389731
589960.6132749999,473384.93660940515
589960.6132749999,708816.6654737485
589960.6132749999,400329.8656420981
560811.006525,706361.3362014373
560811.006525,933090.0925454648
894342.4953749997,597884.1635325782
894342.4953749997,850040.1820031664
683288.38495,610177.2657517293
683288.38495,610493.3080275705
683288.38495,775834.4069868383
1295854.3802000002,845716.4769984386
1295854.3802000002,1320443.3748364546
780127.3842999999,726150.3260169161
780127.3842999999,737495.4075275079
463911.55525,701144.9289303275
463911.55525,548405.2330724739
463911.55525,375166.7009661796
526034.289475,772289.8499968733
526034.289475,583968.2725534907
787546.9647,953751.7754974758
787546.9647,651291.3895508136
787546.9647,925840.2848185156
801938.6296500001,829555.9862415289
801938.6296500001,618726.4588342397
255811.78235,556213.7326641856
255811.78235,416984.54962518445
255811.78235,523739.2984299102
805060.2847954547,1012755.5571082619
805060.2847954547,878729.611485369
805060.2847954547,738433.0582301442
805060.2847954547,736490.0300497677
805060.2847954547,1014144.4095514909
805060.2847954547,734745.4563879736
805060.2847954547,812770.1369460612
805060.2847954547,811171.3438034628
805060.2847954547,677356.3914427834
805060.2847954547,813755.4546634057
805060.2847954547,812390.2528165805
625035.970375,725706.1133105152
625035.970375,580636.198896716
664299.2960999999,646317.818076796
502172.1154,660946.0125343946
502172.1154,438160.90663285175
689913.7599519232,1000230.035838854
689913.7599519232,996117.8260273337
689913.7599519232,1034327.1592297608
689913.7599519232,1029682.1006767201
689913.7599519232,995864.916938919
689913.7599519232,780123.9884739339
689913.7599519232,1033212.4916267237
689913.7599519232,842852.9206445115
689913.7599519232,843952.3972984676
689913.7599519232,843242.0699618807
689913.7599519232,844530.5289286718
689913.7599519232,722795.0371819453
689913.7599519232,950441.3208249632
417955.13239999994,746676.3564457224
417955.13239999994,517961.19381709385
351333.5359999999,269280.20448701654
351333.5359999999,480465.7837868399
533767.5445500001,416318.74121838936
533767.5445500001,552211.4266369445
743941.7768999999,887278.8000516349
674325.1360749999,774400.8857531361
674325.1360749999,639286.5498876203
211647.85,349056.964773165
211647.85,332272.9948724686
411844.14615,295678.0497171916
411844.14615,412437.6307959418
771412.8150000001,697341.7094847818
617352.6000750001,437225.4011554618
617352.6000750001,672961.6078054066
322007.56105,557562.3068206359
322007.56105,401655.5428063287
322007.56105,260283.98494756327
481862.08514999994,533033.5493143573
481862.08514999994,379787.28086161823
481862.08514999994,366566.36175445013
637721.91995,866011.4160437426
637721.91995,666744.9835949086
689661.1072000001,459582.9948722961
689661.1072000001,405137.1453840559
689661.1072000001,578957.4490048671
329440.86909999995,395858.1096818642
329440.86909999995,395864.0777825751
329440.86909999995,545442.2565217026
641342.247675,463803.2666431253
641342.247675,663836.8032180738
853214.5129999998,547082.7883066608
853214.5129999998,935754.6487663649
298935.27994999994,338741.0439045884
268751.66809999995,618925.7575405056
268751.66809999995,640841.4112716895
1166174.9240499998,741456.1194025009
1166174.9240499998,953738.71024338
980990.1626499998,939875.4701956864
494521.3757,501433.053628408
502442.23649999994,523009.29847362684
502442.23649999994,425931.2129032466
406687.41303125,605883.9967666472
406687.41303125,563952.8027607702
406687.41303125,561587.5776427591
406687.41303125,718563.0802929329
1248559.08955,900146.3055681956
1248559.08955,1059656.697044313
643068.1036999999,919683.7734341468
643068.1036999999,921449.3452881481
643068.1036999999,927055.6068120728
643068.1036999999,920931.6065889195
643068.1036999999,638763.7589620311
643068.1036999999,857777.9733843616
643068.1036999999,589484.4598872991
643068.1036999999,861425.571528718
237933.9711,549921.5518037158
237933.9711,278644.655475491
556072.7335999999,346954.6396151487
556072.7335999999,614103.6356885633
1241625.2358499998,879065.5790893467
1241625.2358499998,870682.3834374961
530990.79775,697226.3044519568
530990.79775,452993.4086590327
268408.85014999995,250331.7457207236
268408.85014999995,514595.9149628915
453531.6022000001,632078.3539574794
453531.6022000001,635763.1602071587
571384.2674928571,972985.0686694725
571384.2674928571,1017756.6962512934
571384.2674928571,1023260.3090268674
571384.2674928571,882654.6718287232
571384.2674928571,1018795.2383311075
571384.2674928571,732602.880981881
571384.2674928571,778480.1233982906
586082.5220000001,666324.0299152955
586082.5220000001,683042.9028027531
837561.009075,672774.8797245178
837561.009075,872823.3960744714
726230.5756249999,967966.592500555
726230.5756249999,961203.606550205
726230.5756249999,818670.879313277
726230.5756249999,671380.2418384966
726230.5756249999,819322.4898580981
726230.5756249999,622191.9317434441
726230.5756249999,757044.9518516208
726230.5756249999,857118.9490443453
649275.53736,638621.1981281408
649275.53736,789668.7508163765
649275.53736,786520.8245019366
649275.53736,734063.4548425061
649275.53736,497887.7384356406
382935.48715,660786.0700898839
382935.48715,392637.8806721377
601925.8292500001,695251.3099567031
601925.8292500001,591664.341314473
601925.8292500001,652592.9333172126
601925.8292500001,507526.93622325803
613201.8245999999,386836.57125718135
613201.8245999999,404742.80654258316
503557.2101,548342.0779618465
503557.2101,592633.6597825465
1245517.69205,1016766.722101528
1245517.69205,724529.0318487285
2209250.2270999993,1152425.5412170235
2209250.2270999993,1340901.1925998935
304445.9372499999,291076.29677417746
304445.9372499999,588519.4347210266
304445.9372499999,240153.44532223337
561902.1001500001,325318.9616311658
561902.1001500001,637686.0184451004
321616.385075,374514.0742128115
321616.385075,550915.8172719057
210699.84064999997,347224.5770835515
210699.84064999997,238344.18621663144
210699.84064999997,153111.0091027565
194802.46059999996,530637.0577447114
194802.46059999996,348819.8713139675
579409.3662874999,627418.8180801278
579409.3662874999,630199.5981499543
579409.3662874999,626092.5789253023
579409.3662874999,786020.8026632901
602165.965125,739048.4248509964
602165.965125,633095.6727351049
876850.485375,718723.4378274649
876850.485375,843982.7624993412
2675350.1583,1053423.1034389054
2675350.1583,1361902.8082814724
423343.0265999999,373403.95997541095
615747.2644749999,574278.329301169
615747.2644749999,788143.5989553557
406976.779925,501561.83071932266
406976.779925,364235.5544124163
406976.779925,344423.9020893862
406976.779925,480922.555282869
663220.5075,655726.3319940371
663220.5075,796791.3625295205
663220.5075,798385.2190090872
663220.5075,651493.083245643
663220.5075,875150.7900004436
663220.5075,876854.3248525052
663220.5075,878192.0965562479
663220.5075,736160.8551761421
774757.8792499999,724227.9303874774
774757.8792499999,1014374.614534063
774757.8792499999,723922.4293925489
774757.8792499999,872643.5860336348
774757.8792499999,810387.4223827843
774757.8792499999,725655.2725071739
774757.8792499999,722295.384486958
774757.8792499999,807357.8753326505
731886.4293499999,465022.1302524358
731886.4293499999,600590.5597451684
731886.4293499999,603704.5413204562
731886.4293499999,428529.2611187083
731886.4293499999,428287.9294665118
731886.4293499999,566592.6217996872
299516.11100000003,472564.2798377851
299516.11100000003,461798.8244263747
206192.97354999997,223951.10371309798
301515.25055000006,401507.89463316987
301515.25055000006,266370.650332101
301515.25055000006,510229.1756397323
496266.334175,748959.5168335688
496266.334175,683439.0060606598
496266.334175,617459.3101705972
496266.334175,824607.9306520367
496266.334175,685214.1969734471
496266.334175,514343.64623238787
353685.60865,539991.904771113
353685.60865,549291.8009216737
567878.2721875,738164.9805333362
567878.2721875,1015472.6840065497
567878.2721875,734632.9713739213
567878.2721875,877171.5911154908
567878.2721875,737513.4001718687
567878.2721875,1016772.7753092437
567878.2721875,1095664.6633911296
567878.2721875,1013862.9774124343
684415.7341076924,786991.1183254499
684415.7341076924,916617.5483131105
684415.7341076924,790009.6057099776
684415.7341076924,916181.5999581919
684415.7341076924,788950.599221315
684415.7341076924,1116464.6956216434
684415.7341076924,1037468.0050206478
684415.7341076924,916617.5483131105
684415.7341076924,984740.2964851565
684415.7341076924,847614.0837142805
684415.7341076924,959700.5191213312
684415.7341076924,984803.1891657428
684415.7341076924,960549.559429237
329896.2261,599130.060298065
329896.2261,521518.5072610825
329896.2261,291987.4091230481
848049.3257749999,743619.2620544495
848049.3257749999,973614.4423989719
583740.07895,593737.4461009818
583740.07895,633740.9028186726
768274.2358499999,889073.9432838938
768274.2358499999,736560.7382946019
573121.74155,497478.3102272159
573121.74155,383976.05246949085
284432.0749375,423303.4163207006
284432.0749375,423303.4163207006
284432.0749375,361294.61167006654
284432.0749375,273412.87650322466
541933.62775,783580.6976480205
541933.62775,680386.4598698859
541933.62775,840351.0233545178
477728.72795,711507.3124741191
477728.72795,678113.4144327225
477728.72795,520404.33050546504
230833.757,327075.256404941
355020.536725,367046.4536184556
355020.536725,521611.2758297273
210043.759125,274114.57651437493
210043.759125,393262.74124671746
441258.4474999999,544974.4409146556
441258.4474999999,683778.6477976352
441258.4474999999,577619.8177772516
600155.5678999999,770245.9518548383
600155.5678999999,625445.7625727426
600155.5678999999,833022.5278281887
600155.5678999999,765091.2902289534
600155.5678999999,769111.9500633449
600155.5678999999,840447.191853764
600155.5678999999,843114.6717849885
600155.5678999999,841657.3860418507
600155.5678999999,842174.2571033054
1305511.5944,984668.6905622114
1305511.5944,1004662.8427603394
1305511.5944,1335510.941292401
352282.4483,271711.1485415731
352282.4483,309948.3125601741
657823.0316,664752.2119809636
657823.0316,670138.1518127443
657823.0316,665072.671751486
657823.0316,517436.3014588542
657823.0316,523167.7082426811
677207.6116999999,784860.4089514542
677207.6116999999,996259.6106812257
677207.6116999999,783295.6721908333
677207.6116999999,925723.4123940933
677207.6116999999,788297.9053235649
677207.6116999999,867373.4362689756
165415.55109999998,552380.6703782245
165415.55109999998,520382.84603794676
467832.2373999999,327237.8422283964
467832.2373999999,478271.061770581
615486.3764,427305.6227736912
615486.3764,442470.05521083693
532880.416,478883.8656397754
532880.416,475045.47942718794
247745.02365,446380.4905003427
247745.02365,575778.5836159444
225020.11400000003,254071.80183572177
225020.11400000003,245765.9047478757
344050.794,332969.1284643546
376499.525825,371985.28957070713
376499.525825,250369.6918501283
390585.9555,493193.41102387663
390585.9555,362742.58731460007
390585.9555,424777.1519213906
739559.45175,1059727.9105964038
739559.45175,774080.0566729283
739559.45175,983189.88745179
739559.45175,921630.5011797211
739559.45175,841656.7263710533
739559.45175,686710.7087873673
739559.45175,852325.1338441405
588854.2993000001,849325.57124844
588854.2993000001,714030.6555087348
1234961.923825,1094423.534195889
1234961.923825,996121.1265142178
566051.2098125,761156.2553098135
566051.2098125,802560.4568470604
566051.2098125,615470.4955353462
566051.2098125,434066.08075706195
156890.98325,463989.60187957314
156890.98325,207803.68433918664
429737.28555,339149.452820304
429737.28555,473907.0269168009
429737.28555,317066.8912828003
616271.930746875,960238.9219147478
616271.930746875,610061.021290417
616271.930746875,609011.8115198511
616271.930746875,894875.3174723556
616271.930746875,613931.8824681113
616271.930746875,699117.0275334048
616271.930746875,834411.4575557048
616271.930746875,564214.8875554892
235577.70895,260022.2834916978
235577.70895,499387.96590775624
575725.939675,578915.413060853
575725.939675,709922.8587806558
543547.6873699999,791309.7259964036
543547.6873699999,792077.3351954144
543547.6873699999,786692.7457889722
543547.6873699999,786692.7457889722
543547.6873699999,594836.9455226543
2434956.4020058825,1062664.3151771277
2434956.4020058825,1060791.9737363989
2434956.4020058825,1210944.7345334769
2434956.4020058825,1062664.3151771277
2434956.4020058825,1144899.7960580543
2434956.4020058825,1057875.164936478
2434956.4020058825,1212521.2842866008
2434956.4020058825,1144201.1491355365
2434956.4020058825,1060633.3161388356
2434956.4020058825,1062124.2599195396
2434956.4020058825,997926.4591368272
2434956.4020058825,996148.7892655887
2434956.4020058825,1141872.8356893123
2434956.4020058825,995496.8222306854
2434956.4020058825,1110851.391331305
2434956.4020058825,1075620.2869161952
2434956.4020058825,988048.4505919373
319272.3856,236524.92072500358
319272.3856,520083.46048725175
664498.42408,628707.7909119223
664498.42408,769959.0392292556
664498.42408,773717.9852391018
664498.42408,584148.3656790626
664498.42408,723107.9730395214
691504.76405,860188.4819698799
691504.76405,711795.9671006325
516162.1640500001,545953.8590855615
516162.1640500001,537823.5949692491
557099.9051249999,439607.72287769464
557099.9051249999,649560.5561370297
833601.451875,907829.0562003658
833601.451875,1129955.9146689428
833601.451875,911504.4874281748
833601.451875,855474.4451546603
833601.451875,758975.8546551421
833601.451875,759074.9858973022
833601.451875,966174.5301450604
833601.451875,835891.3397517792
833601.451875,966596.5541158062
226825.06469999996,429412.36724447977
226825.06469999996,553279.5481208294
226825.06469999996,399197.1369247544
209629.38435,377531.40521561773
209629.38435,252219.08274198964
209629.38435,477171.677896729
343277.4414,535230.7707837707
343277.4414,229354.7008843253
343277.4414,253964.73395340267
855776.9781999999,710091.2573287806
985984.162015,1076654.4971049407
985984.162015,1072662.1104816766
985984.162015,973923.3682679803
985984.162015,1196378.99820601
985984.162015,974228.6629559246
985984.162015,1102255.4798315286
985984.162015,1105120.9945082762
985984.162015,979710.538930011
985984.162015,1198120.9795684582
985984.162015,1040184.5505510964
774805.3934999999,678162.5711194683
774805.3934999999,728054.7474428718
774805.3934999999,893872.3518410076
485018.54789999995,767790.5716942142
485018.54789999995,584666.1161575188
485018.54789999995,497227.20348361647
648077.95035,611497.6695164191
648077.95035,758915.0336958712
648077.95035,855607.041020243
576753.5751,950603.7246188201
576753.5751,766091.637693841
125322.800625,216266.07830437884
125322.800625,476839.19509462663
125322.800625,303869.6654630852
532631.3596999999,787276.2046313891
532631.3596999999,901239.2091575938
504331.8115,629058.8710369067
618419.5413,941661.3823095313
456929.56775,351137.25814092107
456929.56775,622323.0847860576
718006.33477,543983.8963687646
718006.33477,891878.2165279423
718006.33477,617039.3079324128
718006.33477,842454.3629164824
718006.33477,612347.5497142836
506454.5211,736177.4099571357
506454.5211,723376.5223284842
837493.92287,687524.7538253487
837493.92287,760578.4768884191
837493.92287,912954.5513711079
837493.92287,610097.1973890061
837493.92287,695522.6775969301
669526.1923749999,869768.9157404366
669526.1923749999,726744.0880205106
669526.1923749999,640987.0885832726
669526.1923749999,791227.5638348665
669526.1923749999,791122.8064513538
669526.1923749999,881780.9844216623
588613.7228,758853.9512872683
588613.7228,690930.8035519281
2733812.54985,1240229.634444796
2733812.54985,1087174.950375329
492967.3415,461481.6925152882
492967.3415,487103.00345054467
522366.352,336870.80512843124
522366.352,608361.0660890068
148008.57925,199860.02165115427
148008.57925,309449.57224715455
378665.08965,588319.6450261285
378665.08965,317729.07597464137
296201.831825,388493.89957242407
296201.831825,509505.8500594496
321984.93350000004,405693.5401473006
321984.93350000004,270438.12582999526
321984.93350000004,262532.1286219139
610886.19775,591251.1292152104
316472.9545,296084.36499416386
316472.9545,274832.213161314
715171.9839071428,828198.2436360492
715171.9839071428,670114.3886282867
715171.9839071428,970714.7534182686
715171.9839071428,969177.0105280306
715171.9839071428,823724.8208178129
715171.9839071428,822519.3890484729
715171.9839071428,839037.8705487777
698158.1394,885207.6355250126
698158.1394,1014843.7714736256
698158.1394,805522.1719530425
698158.1394,664487.7218563865
698158.1394,947238.1846122434
698158.1394,619811.0720251179
698158.1394,877630.283813546
698158.1394,876260.560074328
698158.1394,877625.3347575153
392946.921675,404831.0035476465
392946.921675,402753.46636958077
392946.921675,511464.1729753774
392946.921675,428603.4341134316
430551.800325,539340.1379382301
430551.800325,467811.3055567475
2373680.68465,1062641.1695689107
2373680.68465,1439405.4776716155
558329.8827,625890.532143812
558329.8827,715676.4744000171
2252481.2955,1224348.055554268
2252481.2955,1126458.5035567412
274635.3541,263153.16548682685
274635.3541,259150.72427320725
394103.3404,665017.7756686284
394103.3404,664926.0121309896
470862.3670899999,803298.3660741914
470862.3670899999,534678.5546031379
470862.3670899999,477256.2951780058
470862.3670899999,761771.0478113794
470862.3670899999,477917.60799880035
472785.5423,652081.4430737073
472785.5423,537497.1070839249
608612.9930499999,437416.07063771377
608612.9930499999,821021.4764229696
729280.8300750001,829082.5699293726
729280.8300750001,834031.2256056778
729280.8300750001,535320.2388029257
729280.8300750001,632884.0932094007
729280.8300750001,632169.2280545539
729280.8300750001,695540.2326933042
331414.95685,499859.7623337805
331414.95685,219944.58391531126
388726.36895,611681.8674236357
388726.36895,614001.0331647274
388726.36895,754679.7042045221
388726.36895,441809.6682927915
388726.36895,752018.8355321012
908666.94085,832790.9629780658
518160.81745,589528.8875054781
518160.81745,882815.8432172249
534543.63935,697880.7554607249
534543.63935,492235.9747730018
835622.730625,692593.5480751161
835622.730625,553897.8891824225
245977.71419999996,283081.2890299997
245977.71419999996,538180.8820900233
369525.1366,369933.8970695879
369525.1366,647169.6605570368
289418.22864999995,290308.5371722829
289418.22864999995,514104.3705837863
552498.53825,679197.4986783118
552498.53825,520529.8076219355
552498.53825,399433.60507892224
649980.33375625,794513.5460698485
649980.33375625,711263.3550334402
649980.33375625,793341.2568285234
649980.33375625,577469.6353264689
649980.33375625,468194.07592923613
649980.33375625,478092.18802881567
649980.33375625,743458.7258461388
649980.33375625,742429.3896190141
567006.8128999999,587772.3439171446
659497.7516,725241.4176486656
659497.7516,724360.2672516841
659497.7516,485300.4064675186
659497.7516,414524.56863261724
894039.4939,1053876.0841106935
894039.4939,765459.3464387978
894039.4939,1075074.9317083624
496641.4584999999,467724.0028904048
496641.4584999999,457924.60593622236
621800.5806999999,927444.3400920804
285984.6029,567786.6600281554
285984.6029,299842.0234562767
285984.6029,547362.1252959529
285984.6029,270537.3670076995
617157.10975,792976.3006611933
617157.10975,694874.5919628767
617157.10975,968552.7935401388
511919.56525,444053.8095301896
511919.56525,634906.9600760437
511919.56525,812870.9860613836
385291.964025,472372.9855552868
385291.964025,472873.83799460455
385291.964025,590589.6796250711
385291.964025,602148.512932539
353320.78394999995,368687.38340421754
353320.78394999995,270971.2308127236
353320.78394999995,211666.05046120228
355154.487475,505921.102593101
355154.487475,640196.2757510466
666441.305025,731436.7290725551
666441.305025,441704.888916161
666441.305025,499386.65957359213
666441.305025,682204.4573630515
666441.305025,393986.339899459
666441.305025,558111.7600666272
387306.8457,691898.9702268823
387306.8457,591826.5944319819
387306.8457,414174.5338973081
387306.8457,388675.3086967357
387306.8457,517359.0473374926
387306.8457,434794.1875300323
247116.23562499997,266671.9188463336
247116.23562499997,366473.8241615728
638227.3494874999,706835.7915328664
638227.3494874999,606465.9143742131
638227.3494874999,561085.3442635552
638227.3494874999,526968.125919933
737229.2979714286,598327.3357765777
737229.2979714286,535129.4006677702
737229.2979714286,595172.357516891
737229.2979714286,828337.6369521611
737229.2979714286,766678.5347728657
737229.2979714286,490971.9900708727
737229.2979714286,842734.729382634
461867.8152833333,798159.8986783716
461867.8152833333,800213.900051953
461867.8152833333,534391.7825427032
461867.8152833333,534153.4369189923
461867.8152833333,800384.7125438855
461867.8152833333,748916.6220451863
461867.8152833333,492372.5052911146
461867.8152833333,624082.7135908653
461867.8152833333,684393.762057522
344745.80797499995,458252.12075969554
344745.80797499995,302299.50533726596
276685.9138,340339.1556723797
276685.9138,478022.0473219388
540766.32855,380346.16014560184
540766.32855,379331.7165599834
540766.32855,673416.0533810856
540766.32855,490192.8641908914
540766.32855,622388.8316840363
503166.4980999999,493013.34842628945
503166.4980999999,489660.40657633916
503166.4980999999,489927.4040170921
503166.4980999999,500358.36999186815
568899.7035000001,454965.33085022523
568899.7035000001,597658.9105711716
568899.7035000001,455384.869660987
568899.7035000001,557282.5982165465
1154411.4288,953077.624710357
1154411.4288,1122377.0667052509
814787.8305499998,645508.8883580638
814787.8305499998,916972.3779650356
814787.8305499998,1011314.2837233309
1312059.5931999998,898363.9781604299
1312059.5931999998,890569.5272872415
538823.7249,790276.5345069434
538823.7249,877995.3416719964
748740.2047999998,731278.3492346184
748740.2047999998,827610.0512508211
748740.2047999998,973745.9946031517
748740.2047999998,1029987.2045488993
748740.2047999998,1108851.1389739416
748740.2047999998,1026015.2505298484
748740.2047999998,678877.5152235408
255627.04075,279312.82977050554
255627.04075,406923.641223527
255627.04075,267918.65274554933
547376.3244249999,689700.7101492687
547376.3244249999,921045.5127138958
2522493.196599999,1072267.3390088757
2522493.196599999,1358896.230369334
452805.0845499999,711470.089910803
452805.0845499999,508382.328047693
641998.698725,747786.281497895
641998.698725,938710.5167590237
1246396.0260999997,862568.2436299453
1246396.0260999997,1061506.4102023277
828384.9907,817291.467564706
828384.9907,673610.36598247
453774.72059999994,319471.5354007992
453774.72059999994,580667.2997864138
540910.8631593749,706566.7380963194
540910.8631593749,854447.6121751183
540910.8631593749,940992.3820828141
540910.8631593749,941496.7838102658
540910.8631593749,706658.8148460265
540910.8631593749,857393.6891712979
540910.8631593749,937043.107696755
540910.8631593749,988866.9413844378
257576.6419,384700.5310420101
257576.6419,367128.95633437816
1374268.9203600003,1227053.4852285576
1374268.9203600003,903061.1662754719
1374268.9203600003,898110.6308126994
1374268.9203600003,1133599.167939022
1374268.9203600003,1029473.7658415718
1374268.9203600003,1136922.3283203696
1374268.9203600003,1029911.7785588899
1374268.9203600003,901626.9499280172
1374268.9203600003,947257.8049237116
1374268.9203600003,980973.3143495967
1374268.9203600003,949268.8724638675
1374268.9203600003,830751.9176258105
1374268.9203600003,1089016.6651927
1374268.9203600003,1052423.4987358092
1374268.9203600003,1053137.6536235893
200491.766375,284251.5968251457
200491.766375,415937.79836742784
475326.34104999993,367650.1656513248
475326.34104999993,366966.4556062598
475326.34104999993,615786.7132777676
354872.9398,424824.74144271296
354872.9398,424968.28501206764
354872.9398,286379.52868423914
354872.9398,532087.0240025381
660503.7880000001,893547.2906123155
660503.7880000001,691058.1351019708
296130.1267,536264.0027898253
296130.1267,382867.6672084621
365894.6511,563664.9293700024
365894.6511,564766.6825581812
207855.71990000003,254901.498677401
207855.71990000003,253928.7844262616
207855.71990000003,467417.59053454944
512711.8216,645707.6258451488
512711.8216,650891.5879587198
462124.45785,479017.8311360199
462124.45785,648594.0654526837
690934.531225,746348.4864875069
690934.531225,615162.4151997848
719499.925775,660618.2331575433
719499.925775,805010.7943783237
719499.925775,805793.8015484995
719499.925775,657772.1214297279
719499.925775,658045.9215359626
719499.925775,1005105.3892361289
719499.925775,870361.9580355029
719499.925775,608880.6635125155
719499.925775,878047.2581257663
719499.925775,744834.2132842491
557398.4192374999,463189.35661795014
557398.4192374999,607328.6517258865
557398.4192374999,804339.9307141248
557398.4192374999,465142.9241809897
649179.1686999999,731181.0053664064
649179.1686999999,626655.3617961416
649179.1686999999,580587.8033596787
649179.1686999999,752705.8137833342
547197.88515,513201.7280633929
547197.88515,369907.8283404481
547197.88515,678164.0351217744
212774.07352500004,194800.41071467055
212774.07352500004,332308.8514057554
539837.4665249999,828236.3058778275
539837.4665249999,678156.4433474254
500683.9953499999,691945.000290158
500683.9953499999,732379.1896816242
787898.3025857143,871497.7635074392
787898.3025857143,809550.5796455175
787898.3025857143,871169.0158244786
787898.3025857143,812575.1342197957
787898.3025857143,1012849.6772108272
787898.3025857143,722864.130066119
787898.3025857143,914428.3759083464
985254.0378,774687.2858258038
985254.0378,892086.391741281
206953.69375,479372.23660947185
206953.69375,198378.9107591164
651160.9087333333,938901.3963256966
651160.9087333333,939007.2520277362
651160.9087333333,661651.892107744
651160.9087333333,799873.8801895779
651160.9087333333,738970.7824545638
651160.9087333333,872638.7955881834
651160.9087333333,879085.0581048214
651160.9087333333,872961.0709132366
651160.9087333333,872477.4187987791
439856.3324,713484.4172964423
439856.3324,415232.78707478906
439856.3324,573891.966461763
371655.283125,682135.1358605756
371655.283125,396707.4081266453
371655.283125,400151.3900020198
371655.283125,644231.5544928028
2377860.4281,1040975.4546962007
2377860.4281,1152114.8034651834
558334.3063749999,669559.2804797782
558334.3063749999,525756.049010931
551506.0084,602380.1625657185
551506.0084,806533.4497095795
551506.0084,592705.8911411273
576107.127475,696932.3352831563
576107.127475,906416.9530546749
697054.1024593749,889544.886691585
697054.1024593749,752454.8460936116
697054.1024593749,685028.1107354296
697054.1024593749,607135.9743925537
697054.1024593749,885967.9456795686
697054.1024593749,561594.8961143962
697054.1024593749,560728.3581216675
697054.1024593749,909951.7167466519
890616.6744000001,576618.7110893823
890616.6744000001,576256.127599927
591477.3456499999,714263.6763132764
591477.3456499999,427541.6578368333
591477.3456499999,399175.7494230732
547462.80235,750994.7718362518
547462.80235,456770.2599407533
547462.80235,511537.0317327782
547462.80235,422281.33130638674
547462.80235,552261.0739523849
376596.88648999995,757547.5631878704
376596.88648999995,613217.6029719441
376596.88648999995,614353.2137250345
376596.88648999995,760680.0866037189
376596.88648999995,752569.2117089183
368324.03075,647300.3927636158
368324.03075,371932.00201785564
309723.96624999994,266238.9626864549
309723.96624999994,247238.71153295605
635732.5021999999,1125412.761240304
635732.5021999999,1128199.2015878456
635732.5021999999,910633.4610445838
635732.5021999999,1042371.6449154
635732.5021999999,766765.8177632368
635732.5021999999,1000342.7329951568
635732.5021999999,1038349.4253444001
635732.5021999999,769015.4944786205
635732.5021999999,957596.1693288139
233837.3982,385259.85655715625
233837.3982,350117.45299748675
738635.3056999999,805477.6075347597
738635.3056999999,835122.6428175597
586668.8694999999,778944.6199832096
586668.8694999999,485309.34421378886
586668.8694999999,820908.7747095211
586668.8694999999,727157.836629203
586668.8694999999,452959.76767419314
586668.8694999999,764430.5546925431
638655.36905,884801.7393156106
638655.36905,601079.6916418782
881709.4119925,823000.8771340094
881709.4119925,893510.1396469576
881709.4119925,899875.2034450806
881709.4119925,687903.090771997
881709.4119925,891763.1701149098
881709.4119925,834474.9113897268
881709.4119925,571850.759528108
881709.4119925,571177.9032338528
881709.4119925,832872.3627671644
881709.4119925,641433.5768887345
582596.478825,402081.1838213429
582596.478825,401733.3326652109
582596.478825,377804.39129422867
582596.478825,651041.6296300446
312736.9447,256373.42761157476
968366.52625,792343.6288453247
968366.52625,1124257.5624657765
293556.77645,508997.1909201875
293556.77645,232921.1982669531
1296267.9383000005,919302.5113780475
1296267.9383000005,925395.3380221183
1296267.9383000005,1005897.0061907119
1296267.9383000005,1122556.5453914518
1296267.9383000005,1050050.9626427095
1296267.9383000005,925495.2333015237
1296267.9383000005,1122926.5136303266
1296267.9383000005,849767.5283474294
1296267.9383000005,849611.3745101474
1296267.9383000005,722001.461045836
1296267.9383000005,850001.5263472433
1296267.9383000005,739945.0049631171
1296267.9383000005,833384.6237598818
544885.5904500001,944932.7901663743
544885.5904500001,664424.2872208812
403113.40059999994,391494.9824449826
403113.40059999994,423138.1606577576
634562.7966499999,857538.4206024064
634562.7966499999,918336.3539116224
634562.7966499999,656206.6682745329
664538.680025,777277.2176465269
664538.680025,729772.8951822226
621263.2717,648420.4684823636
621263.2717,677474.6327504464
685863.9123874999,673779.5184037018
685863.9123874999,672364.7522076181
685863.9123874999,523528.40992925566
685863.9123874999,628933.2673113875
599358.5399875,752071.6489802445
599358.5399875,430002.1553745859
599358.5399875,573697.3684179961
599358.5399875,401336.29298920266
436456.4680875,733862.6441380234
436456.4680875,726779.5479254347
436456.4680875,585458.2472471937
436456.4680875,732990.4589871658
729463.763875,648178.0748287796
729463.763875,910476.3489714465
773456.1357925,998515.7777925537
773456.1357925,715154.0122902879
773456.1357925,803384.3281762172
773456.1357925,863098.2881243317
773456.1357925,720240.7431640279
773456.1357925,994914.8149187702
773456.1357925,795674.9711764688
773456.1357925,938529.3836831374
773456.1357925,658303.2958077285
773456.1357925,984322.5913982646
627465.4810500001,639940.1682751477
627465.4810500001,495625.8847420331
627465.4810500001,788137.1955073155
627465.4810500001,735942.4613200688
627465.4810500001,460547.272136662
269902.95765,413769.953688037
269902.95765,553229.4330910562
269902.95765,522609.39478762465
785287.0739999999,814966.6331260006
785287.0739999999,822098.8161716099
380800.59569999995,305849.15481353604
380800.59569999995,371609.373652948
294535.0683,284841.79947951395
294535.0683,533297.6793505063
294535.0683,545350.8164273099
1203781.1058454546,905094.4471846918
1203781.1058454546,1043033.6788466731
1203781.1058454546,1040003.7090104786
1203781.1058454546,1040550.1548943841
1203781.1058454546,902915.1195124588
1203781.1058454546,761791.017031527
1203781.1058454546,1040550.1548943841
1203781.1058454546,833922.6086486054
1203781.1058454546,964497.6441023288
1203781.1058454546,850423.4388205911
1203781.1058454546,812380.4794141025
237974.19303125,489544.95454700605
237974.19303125,633016.2677461904
237974.19303125,635098.7300168553
237974.19303125,612920.9191963016
442767.537025,620169.3620065887
442767.537025,763439.7516656641
347176.63405,643464.0959640974
347176.63405,643464.0959640974
347176.63405,331906.9831222385
347176.63405,332930.6162042025
266219.1273,401908.4229622333
266219.1273,386599.9386584196
570166.1717,963011.7191572263
570166.1717,774496.6986536734
570166.1717,784529.2184740492
567465.853,564523.1583575485
567465.853,646457.8891753812
557486.9454,797816.4548988575
557486.9454,752367.8805831902
557486.9454,866317.0656941128
609427.52255,732891.294589703
609427.52255,792747.0833179887
541992.3064100001,458260.76196342154
541992.3064100001,456796.36692064826
541992.3064100001,458655.3298138127
541992.3064100001,558655.1715975478
541992.3064100001,456444.11386951787
580085.6669250001,619975.9193518023
580085.6669250001,528151.9006145773
533006.5987249999,623069.1145636153
533006.5987249999,501053.7902335141
1166836.885025,722978.7482959916
1166836.885025,947797.8741856441
576813.95835,731148.3502586617
576813.95835,577315.026931328
787318.6522249999,716014.2672549377
787318.6522249999,645119.1960105416
333895.76340000005,534603.4304851042
333895.76340000005,539585.1068961783
333895.76340000005,528704.9333719725
733191.7295454546,930544.8831065546
733191.7295454546,872630.9884496969
733191.7295454546,747347.2590216846
733191.7295454546,617650.3276118317
733191.7295454546,877813.6661155074
733191.7295454546,931399.5514805997
733191.7295454546,817125.2797080493
733191.7295454546,698515.9634647756
733191.7295454546,698142.9286692962
733191.7295454546,817061.6245034273
733191.7295454546,870295.0126934975
292854.5633,297562.4370980878
292854.5633,288357.18989781535
292854.5633,270798.7254706195
750407.7337900001,1045374.8872651729
750407.7337900001,695197.5329369626
750407.7337900001,972731.6953180444
750407.7337900001,699530.1365033239
750407.7337900001,976392.8911324858
750407.7337900001,838772.3007128406
750407.7337900001,906077.8725068795
750407.7337900001,643715.8847954344
750407.7337900001,916283.4664789125
750407.7337900001,909548.8194909702
395992.56305,692364.3402980487
395992.56305,547884.624676088
395992.56305,424714.94806217216
411829.74704999995,400721.10581533
574778.48635,546876.5731313827
574778.48635,835926.2171248812
441514.42197500006,518641.80193288065
441514.42197500006,464252.162315648
771801.2289,987656.4108563942
771801.2289,928989.2505114274
404992.0757,653397.0952678123
404992.0757,506257.8970630625
404992.0757,615243.7739010734
1176120.3385937498,1010108.0066971951
1176120.3385937498,1243588.928437753
1176120.3385937498,1007233.1341205224
1176120.3385937498,1010217.4565072386
1176120.3385937498,1006785.922307342
1176120.3385937498,1007233.1341205224
1176120.3385937498,858946.5757184257
1176120.3385937498,916681.9735479642
419722.5027,667224.2336638754
419722.5027,578171.6289049584
419722.5027,556290.7677937999
391651.07965,493790.029363322
391651.07965,639174.6646269895
391651.07965,453766.41422235727
505148.161275,375290.802183533
505148.161275,506659.10336899094
559200.2176249999,578726.9057299849
559200.2176249999,625168.5482597396
559200.2176249999,624835.5031126939
559200.2176249999,411269.25076207356
530159.9061499999,641795.3402238765
530159.9061499999,774215.8871642211
530159.9061499999,1028474.9608565691
506463.69445,398431.4511356848
506463.69445,396832.2212261792
506463.69445,645227.638430268
506463.69445,670112.4024116778
358188.20399999997,423459.1965579215
358188.20399999997,584400.1032746201
616214.1738749999,819458.2186707803
616214.1738749999,686992.6586606911
277515.86337499996,664979.7335051349
277515.86337499996,667158.4463609874
277515.86337499996,366630.3891766049
277515.86337499996,652384.3399496531
629337.866875,648522.1860622424
629337.866875,642837.4918096407
629337.866875,642450.8690793948
629337.866875,646939.763067138
629337.866875,467740.0806091531
629337.866875,599670.7405946526
629337.866875,600873.7214554232
629337.866875,791610.806252418
635753.840125,396927.60379106924
635753.840125,536688.1206621797
543350.621275,973550.087361634
543350.621275,941953.8936658899
305415.2618,556755.0499636579
305415.2618,270550.7503869782
305415.2618,518614.81455543294
613543.0605499999,452077.50742703845
613543.0605499999,772970.742611491
613543.0605499999,784123.6820929566
444883.05645,549540.7171613021
444883.05645,318435.2205498595
602520.7902,596265.8547692013
602520.7902,671602.6527860323
370381.7797,296707.81093055144
458931.52975,536537.3084661397
458931.52975,456846.63065051084
586718.4180250001,419916.00325801957
586718.4180250001,582125.6168662469
784111.5020499999,861404.7495499252
784111.5020499999,858360.4670886407
784111.5020499999,706489.5947386518
784111.5020499999,556719.7036434079
784111.5020499999,786617.3835005729
579456.7766750001,640907.6335641957
579456.7766750001,503061.47126854863
605333.1724538462,1029592.9550677787
605333.1724538462,905671.8112829858
605333.1724538462,771761.1465498201
605333.1724538462,770836.2363104346
605333.1724538462,771256.6865019581
605333.1724538462,861870.5576681654
605333.1724538462,907617.7508455307
605333.1724538462,1026473.042637978
605333.1724538462,712819.072557282
605333.1724538462,836434.8561647335
605333.1724538462,836106.688929113
605333.1724538462,973527.933919291
605333.1724538462,943541.5608545219
547528.0817999999,417565.57721182064
547528.0817999999,681975.4519630255
551170.5226624999,1004192.3391840621
551170.5226624999,1081965.6397177367
551170.5226624999,1007068.1547573876
551170.5226624999,869160.5430386052
551170.5226624999,1003386.6911499798
551170.5226624999,818205.4408146328
551170.5226624999,871222.915534124
551170.5226624999,849769.0074866642
583666.492775,478129.66093902686
583666.492775,759958.8973030658
583666.492775,476201.9152182753
583666.492775,714474.2668787526
583666.492775,441154.16494773346
583666.492775,754915.9191383731
565248.6425,710785.6166066026
565248.6425,706045.2697225482
565248.6425,741295.4375303441
565248.6425,641972.7791286036
820271.5921749999,609789.2222159614
820271.5921749999,837249.4615145097
631400.8747,580875.9642947139
631400.8747,751569.793050372
241514.77195,499962.347385456
241514.77195,229296.31962526683
525365.22695,466767.2127906116
525365.22695,343310.56631426746
249986.57295,323114.828115664
249986.57295,582985.0848275551
249986.57295,598476.550822776
321503.30929999996,534602.6318099806
321503.30929999996,402591.98641021876
321503.30929999996,261861.54688545113
454859.039075,449754.73921153345
454859.039075,584524.6406699521
889886.1087000001,600077.7313894656
889886.1087000001,685739.8327227788
619324.9347,564517.6230663236
619324.9347,421087.35490181873
619324.9347,604230.973612117
619324.9347,527460.6754811574
339321.35085000005,431920.8376909044
339321.35085000005,577153.9568805245
339321.35085000005,416417.1633289231
339321.35085000005,265613.8893592558
805268.3499499998,717435.941022913
141603.02585,322943.047537211
141603.02585,240367.55094125535
894056.8262499998,814958.4102029186
894056.8262499998,819656.0999993185
894056.8262499998,967879.7871430601
894056.8262499998,918756.6692236195
894056.8262499998,968083.6348082777
894056.8262499998,1100669.656816067
894056.8262499998,1097723.2805641396
894056.8262499998,1102210.598511322
894056.8262499998,1023912.7555458755
604522.93535,573870.4064488176
604522.93535,705294.3421369954
604522.93535,502104.62592021236
711210.80695,921551.5691883315
711210.80695,773528.460578793
711210.80695,682186.7352993377
711210.80695,687514.0330396004
711210.80695,841667.7847331363
711210.80695,631803.2985897987
490330.63328750007,503898.9629910638
490330.63328750007,362661.4949493304
490330.63328750007,341335.1503941882
490330.63328750007,336311.9607824433
599361.9863,643497.7512314904
541433.523925,347992.40135264414
541433.523925,502336.6385938502
773656.7395857142,721709.8646255663
773656.7395857142,575577.4302577723
773656.7395857142,719063.8072072315
773656.7395857142,576450.7109374669
773656.7395857142,529618.4564183395
773656.7395857142,525759.2454290906
773656.7395857142,531511.3265810888
661868.8471,622708.8867511136
661868.8471,490984.43226059875
628048.7731,763206.661432823
628048.7731,541026.7090152155
370932.4317999999,335711.5930559306
370932.4317999999,350616.6353904723
987751.6495,1010377.120187846
987751.6495,1144468.129001039
1132284.2626,1163892.0923481402
1132284.2626,882549.7899480725
736136.6856999999,842242.3709823875
923719.65245,932963.2212243967
923719.65245,829912.9566108079
923719.65245,830111.7561574
923719.65245,833082.7732358825
923719.65245,1084087.4204862763
923719.65245,832490.2741123333
923719.65245,1117303.4644128727
923719.65245,755466.0842678121
348286.23549999995,504766.8952607309
348286.23549999995,530706.6727032855
209742.491875,538489.4062431268
209742.491875,384861.33111691143
225078.60085,276455.06486097665
225078.60085,528891.5432614698
420221.572725,337453.0769243178
420221.572725,463151.2839199384
175348.25235000002,493112.71031397115
175348.25235000002,254562.00358684862
660262.8954,605041.9796628257
660262.8954,694727.867478346
520011.1989,390823.4779194802
520011.1989,571204.6308453996
956437.7038,692475.4234265209
956437.7038,693660.9229116195
532028.72835,567645.9397254274
532028.72835,707197.6777594007
532028.72835,501048.35039336444
252719.2361,471751.9800801655
252719.2361,490966.6814257679
759212.907,725424.3364907416
565509.13885,444665.5638466915
565509.13885,732581.9723821532
565509.13885,632105.5200479124
565509.13885,664487.7656425535
565509.13885,394566.45499257394
686274.6741000002,643682.7250434274
686274.6741000002,773114.3496900592
604246.8555250001,514630.9574764699
604246.8555250001,433442.0207537894
791473.1605,918899.4817058772
267010.1508,552789.3367013738
267010.1508,231676.71718336403
450993.378,444361.4690382658
933474.22165,1080498.779454005
933474.22165,835101.2832673178
933474.22165,1117752.6469737934
933474.22165,979475.7455657432
933474.22165,1209134.2708937095
933474.22165,1110469.5371905253
933474.22165,986018.4831843734
933474.22165,1112610.5043685595
933474.22165,889261.1239263922
158393.49699999997,218453.81428028794
158393.49699999997,345995.83846299874
195639.2002,512221.4846173186
195639.2002,311817.0903854928
195639.2002,353656.6658403103
330082.10295,358077.68916394014
914002.7414,1019980.3962586669
914002.7414,881322.4493957967
914002.7414,724888.2534692109
914002.7414,726296.6065808648
914002.7414,723914.8140733765
914002.7414,1027222.4125719098
914002.7414,1076548.8427579617
2500083.29525,1243279.494938574
2500083.29525,1320886.320282648
2500083.29525,1249434.9748613774
514722.80655,481032.1144079358
514722.80655,539907.845162208
514722.80655,670658.1805507139
514722.80655,578563.6108040032
514722.80655,714393.9100183132
514722.80655,509344.240172581
562906.98745,794934.6497607502
562906.98745,799606.1620994238
234729.317725,256960.67658851697
234729.317725,358807.6711559149
1395913.5241236845,1001548.0308911526
1395913.5241236845,883743.2608106926
1395913.5241236845,885691.1336622871
1395913.5241236845,884056.7487986842
1395913.5241236845,1000484.37522787
1395913.5241236845,1103369.223149837
1395913.5241236845,1103532.271199314
1395913.5241236845,999406.5941143628
1395913.5241236845,1085624.9273875826
1395913.5241236845,996003.5525457019
1395913.5241236845,820729.5469471302
1395913.5241236845,956901.050214971
1395913.5241236845,819749.6449767849
1395913.5241236845,819691.7811374253
1395913.5241236845,819749.6449767849
1395913.5241236845,819633.8929238786
1395913.5241236845,820729.5469471302
1395913.5241236845,818762.6829224136
1395913.5241236845,1006835.0448614641
962078.25355,777992.8089233772
962078.25355,891205.8380473256
962078.25355,1020049.7158825053
557558.51215,663279.1902983286
557558.51215,796684.4449515247
557558.51215,761099.2948120962
678449.8690749999,822234.3724690522
678449.8690749999,628609.3339502522
678449.8690749999,481436.8912731948
678449.8690749999,786161.0442188502
618915.9427,563052.5489265637
335562.2721,353281.34149925463
584622.3467,730889.7791221194
584622.3467,538662.9954832837
828266.42193,1003048.7592103425
828266.42193,867993.489922803
828266.42193,717087.2815923825
828266.42193,864015.1410145008
828266.42193,862325.6987934061
828266.42193,657771.3190247198
828266.42193,670949.2334248129
828266.42193,794415.2911398637
828266.42193,669545.2359093627
828266.42193,785900.2390359812
592105.9023,911133.7751117551
592105.9023,943620.0598152917
259703.26432499997,384412.2904588039
259703.26432499997,465647.0413683971
627391.8799625,698159.9410482026
627391.8799625,496576.96231599024
627391.8799625,493661.8178269186
627391.8799625,738996.8395449843
1004462.9279,997328.8035353178
1004462.9279,997793.7436869651
1004462.9279,694098.3738387942
1004462.9279,928972.3925524079
1004462.9279,1067774.559395756
1004462.9279,731016.9316036899
508851.0968999999,471979.2698654582
549265.4127,598938.785231001
549265.4127,750006.5954349267
549265.4127,513807.3294827739
549265.4127,751543.4938196884
456080.082,524018.1994521278
456080.082,387938.1841847099
456080.082,700658.2543062796
812843.7621499998,808475.9974660395
812843.7621499998,665333.2464741075
812843.7621499998,747702.8642467461
812843.7621499998,941102.5191955438
812843.7621499998,662998.8120772324
812843.7621499998,947084.2473745495
812843.7621499998,883025.8506733328
375924.0756,326019.3092855742
375924.0756,448667.935216349
613315.5276,984127.6680233905
613315.5276,916435.5312230643
613315.5276,842581.5858580024
613315.5276,621640.2667818371
613315.5276,572184.6036625418
613315.5276,572905.1376180457
613315.5276,854153.8872419328
848730.6753999998,744190.0554887168
848730.6753999998,1015603.7217358253
556649.67765,544307.2781842917
442748.89435,627337.3192290866
442748.89435,364939.4690614519
481755.8856,749082.3391642547
692674.056475,664298.5764911269
692674.056475,496403.98568729503
693743.277825,792174.8739694962
693743.277825,604995.9319582022
693743.277825,608430.7540160856
693743.277825,414695.6012504247
693743.277825,684407.2531825524
693743.277825,566281.0545332362
555148.7192749999,710523.1924715363
555148.7192749999,607870.1649706097
395465.01729999995,334115.1110979514
395465.01729999995,335777.5659929959
395465.01729999995,304912.23426772805
593026.1698375001,793866.4613207126
593026.1698375001,644219.3731077363
593026.1698375001,645763.0626969548
593026.1698375001,659161.0065179672
349483.9761,526078.2161975317
349483.9761,543085.428665683
451516.2674,440696.0764422647
702887.2480499999,850434.6053045733
327226.99905000004,328270.6552753683
327226.99905000004,314372.3640301675
327226.99905000004,417856.16482992104
467821.1166,634329.4904398198
467821.1166,641256.8450412254
467821.1166,462653.50444344955
886354.3835833335,629265.6546656569
886354.3835833335,630012.7050838873
886354.3835833335,842090.9011718712
886354.3835833335,626859.104125332
886354.3835833335,770195.1140492889
886354.3835833335,846324.1776859103
886354.3835833335,715509.6819344901
886354.3835833335,713526.4484996136
886354.3835833335,709871.9441315562
653163.67565,727331.321440382
653163.67565,454430.93214147043
313990.82205,285887.6538224976
313990.82205,399778.73522055044
736560.1161999999,720557.0254079057
736560.1161999999,718516.6324270755
736560.1161999999,1089920.973609421
736560.1161999999,952646.1895175833
736560.1161999999,951833.1894953159
736560.1161999999,863185.4879052845
736560.1161999999,930168.0721099145
527407.61585,409567.73915814434
527407.61585,547900.6293254641
862875.2366,642797.7345115232
862875.2366,641343.1936065917
592512.5390999999,740436.0952703694
592512.5390999999,749988.3035685921
320303.9322,585636.813265631
320303.9322,573924.5076965872
320303.9322,561857.1968486194
320303.9322,424783.75866199954
567508.0325,723947.5884731981
567508.0325,730296.2275275105
239647.74749999997,589070.2548302935
239647.74749999997,282568.56644993374
271007.04339999997,531359.4217880681
271007.04339999997,507589.2554010608
738397.8009285714,953452.1189236921
738397.8009285714,894771.4361955929
738397.8009285714,956960.9527545589
738397.8009285714,752522.8419004299
738397.8009285714,689295.613787378
738397.8009285714,752804.8480190911
738397.8009285714,917989.0673069295
238039.37319999997,256035.34572331008
238039.37319999997,230175.52816030133
604182.2742999999,969587.8813232526
604182.2742999999,1101813.495043994
242166.02275000003,211427.5560458171
242166.02275000003,469608.7758667981
605233.2351,440683.6106191491
605233.2351,761869.9951019534
605233.2351,579499.5156816181
605233.2351,411876.9522149381
605233.2351,543944.2966857078
605233.2351,422830.53905321704
425742.5414125,613855.7912404
425742.5414125,428933.0314791492
425742.5414125,433646.49281694135
425742.5414125,403184.2386812941
425742.5414125,668748.8195044973
425742.5414125,407265.57378391415
339696.4047,611132.9597718614
339696.4047,442495.431420773
339696.4047,591570.9989474341
748424.8115214284,718437.3181937329
748424.8115214284,1008989.4338086853
748424.8115214284,718644.9945113346
748424.8115214284,951652.5030719464
748424.8115214284,866972.0503518905
748424.8115214284,954234.8924816698
748424.8115214284,659327.1530579826
283484.21715,540905.1060232254
283484.21715,388758.6573683838
283484.21715,511496.84920763643
1003826.35025,933743.8477655067
540642.2193300001,541422.3963905579
540642.2193300001,684828.5449227741
540642.2193300001,535777.4667757493
540642.2193300001,618494.2853205479
540642.2193300001,551028.29331332
713181.267375,934025.6058880646
713181.267375,789470.0259017149
713181.267375,727758.0343805657
713181.267375,789974.0922996051
713181.267375,650176.4580781938
713181.267375,601080.1769547397
713181.267375,866266.9521123033
713181.267375,601843.0315047678
713181.267375,724136.5664302607
750190.4175499998,997576.5161636393
750190.4175499998,859055.5562297988
750190.4175499998,703062.021700622
750190.4175499998,938802.2536251235
750190.4175499998,699771.0682474369
750190.4175499998,999352.7544353078
750190.4175499998,900035.663150583
465984.292575,674032.8285520491
465984.292575,571941.8086722743
816947.5721549998,947366.1040441502
816947.5721549998,682211.211973864
816947.5721549998,763729.1216403252
816947.5721549998,678557.1914143235
816947.5721549998,821356.6540461609
816947.5721549998,762770.673021517
816947.5721549998,628982.7672266823
816947.5721549998,883073.4610346331
816947.5721549998,758480.0965718708
816947.5721549998,766140.1722819416
733163.9564149999,987125.1931325818
733163.9564149999,710380.9020345246
733163.9564149999,929585.4685284931
733163.9564149999,988286.2349629105
733163.9564149999,847345.7001760119
733163.9564149999,708999.3453176721
733163.9564149999,647595.5225816588
733163.9564149999,783926.1725550398
733163.9564149999,649419.1468983011
733163.9564149999,736111.7032605394
298514.38539999997,297148.32206053915
523805.4652249999,450308.31219912396
523805.4652249999,401115.63329283905
523805.4652249999,545048.6373322944
523805.4652249999,392273.53086813766
392380.5241,457517.0964885961
392380.5241,444081.4054364716
392380.5241,299142.68634444964
657399.4413,859062.3622940839
657399.4413,822570.9496018784
607171.9983928573,592186.9576613618
607171.9983928573,935733.3608278163
607171.9983928573,882026.2292417416
607171.9983928573,588266.881123286
607171.9983928573,816253.484486212
607171.9983928573,677666.7556102216
607171.9983928573,813003.0624912598
450621.2536,356317.8409084091
450621.2536,640725.9739408586
450621.2536,476195.5932573276
738420.9522499999,499719.39250878146
738420.9522499999,561250.6585393106
738420.9522499999,554760.0989343473
639918.6849999999,535172.5196815903
639918.6849999999,746451.2592013421
639918.6849999999,745554.5210793384
639918.6849999999,906206.8087672344
363639.1439,437897.0008644444
363639.1439,582932.3491035007
363639.1439,421329.0849136773
177170.79379999998,571276.8032903858
177170.79379999998,571509.6996357142
177170.79379999998,290190.15061239037
466156.52115,711320.4792772569
466156.52115,576006.0154348619
466156.52115,371235.1855648028
298104.30407500005,288733.07538743847
298104.30407500005,355588.036985828
646761.8248,709895.93139583
646761.8248,787054.7684427104
560728.1177000001,577177.2826283879
560728.1177000001,684739.4755671944
560728.1177000001,502509.0835675028
560728.1177000001,373976.62097292015
628362.009725,732477.908953114
628362.009725,969472.3065334748
403766.7442625,630446.0130633399
403766.7442625,628343.2264769173
403766.7442625,807692.1205686685
403766.7442625,502304.5001994377
403766.7442625,706146.3516792662
403766.7442625,705522.0277931809
403766.7442625,466740.57572218723
403766.7442625,634889.0460343325
316566.70900000003,415080.72481242375
316566.70900000003,585022.8767486138
544990.12255,730473.504767056
544990.12255,594265.859065424
341086.716675,261756.0303201258
341086.716675,405192.5089613862
1095700.7443,791030.6489307703
1095700.7443,1048381.45850585
729777.2149499999,804968.1919624208
729777.2149499999,951702.4012800084
729777.2149499999,870333.9028487882
729777.2149499999,1090703.7244864209
729777.2149499999,871534.0015433903
729777.2149499999,810231.9606217645
297384.826725,531537.4629376761
297384.826725,668292.5298124645
297384.826725,634549.5061511655
566918.4808499999,411827.7079414466
566918.4808499999,414169.29520782933
566918.4808499999,545912.2828684712
937453.5115,615179.4894262298
937453.5115,903184.1993092995
937453.5115,616303.4219506308
937453.5115,687591.1163246562
937453.5115,840829.1304228301
937453.5115,701586.2425663001
937453.5115,854670.4732164765
474308.95994999993,447154.3796486646
474308.95994999993,461010.2423539514
275571.2434,280297.8590783319
275571.2434,396539.1993557489
275571.2434,269464.6488958577
666929.85685,617251.2104838139
666929.85685,750802.5429880067
388199.046425,703918.6810145047
388199.046425,707287.4243034857
388199.046425,393186.64681529504
388199.046425,705013.6169097514
395494.31585,442168.6038232253
395494.31585,427350.9134995196
395494.31585,442551.959256861
395494.31585,408425.46693398105
934530.9682,932135.5601549763
934530.9682,1000670.7155356884
934530.9682,637585.2246807986
934530.9682,789586.0842939444
934530.9682,1000805.2793033861
934530.9682,727935.9438485099
577680.6442,614261.9315355297
585571.0917499999,800158.6907118382
372724.61238928576,473173.93574308563
372724.61238928576,739957.9801423204
372724.61238928576,607666.1040378723
372724.61238928576,739784.6309380573
372724.61238928576,565796.5601638681
372724.61238928576,697571.230219235
372724.61238928576,634215.2532127323
397515.176275,374604.591032657
397515.176275,551903.3281970911
524059.21532,781146.9821146579
524059.21532,832202.4712128974
524059.21532,639301.7356594476
524059.21532,583825.5440906757
524059.21532,795389.8068745598
797790.244725,670543.3409137477
797790.244725,893244.1195941038
131005.91699999996,214022.21028921532
131005.91699999996,444519.77197825443
715738.134375,972866.5554448727
715738.134375,978912.6392649873
715738.134375,973313.3894986962
715738.134375,830680.9557138043
715738.134375,832857.3472481972
715738.134375,625665.6724829185
715738.134375,626139.5840098809
715738.134375,718281.8782521192
2475614.098775,1166536.9755055695
2475614.098775,1438516.0137505024
430103.249375,577067.1921158035
430103.249375,439908.1110637194
430103.249375,719554.330219202
430103.249375,676023.4002895126
430103.249375,459478.28219711495
364877.4355875001,596556.2440696189
364877.4355875001,449547.9970479016
364877.4355875001,300377.0577415862
364877.4355875001,553279.6176240031
613942.3674214286,789586.2696676208
613942.3674214286,788585.4215391355
613942.3674214286,499449.4343290316
613942.3674214286,504050.33469551336
613942.3674214286,463271.99540315726
613942.3674214286,450515.36087922385
613942.3674214286,829725.0924535668
760700.1284,675769.7003412822
760700.1284,678668.3804162231
523535.79824999993,526270.8887332524
523535.79824999993,509501.68125795154
608372.3293214286,875765.0874356569
608372.3293214286,729024.7795944586
608372.3293214286,962948.5144459892
608372.3293214286,872756.5322906807
608372.3293214286,722096.1244145238
608372.3293214286,726549.1578203108
608372.3293214286,931353.2962598013
494817.8612500001,462054.6682737268
494817.8612500001,553808.1650065843
494817.8612500001,550381.0051908061
494817.8612500001,631507.4704207261
176303.5298,545790.8080109622
176303.5298,528306.7239102817
176303.5298,249609.7160886955
274416.065,394309.00068051927
274416.065,383668.41993036005
274416.065,242935.89935197774
768150.2921999999,577156.6409060294
768150.2921999999,867418.8556209472
768150.2921999999,921534.8809127305
768150.2921999999,646930.9310254882
768150.2921999999,804068.538924638
768150.2921999999,530032.5797925333
768150.2921999999,669608.2790693807
540662.6423,724304.3112507936
463267.6782,434217.0472616324
463267.6782,714857.316230192
851516.6819874999,1120046.669250919
851516.6819874999,763263.9448618408
851516.6819874999,764534.6361908992
851516.6819874999,759355.1408387517
851516.6819874999,764730.1163712402
851516.6819874999,1118621.9744456373
851516.6819874999,851305.8878915192
851516.6819874999,962642.5105406883
851516.6819874999,698260.8818249274
851516.6819874999,973819.3814924278
557083.191625,484387.21951438824
557083.191625,351099.49259781727
516821.1876,659671.6705944897
516821.1876,509792.70422992785
516821.1876,622588.1206691156
516821.1876,471155.42151858384
696767.8214250001,637561.4300454742
696767.8214250001,783351.4054804299
696767.8214250001,922893.8108088765
696767.8214250001,780151.6238772697
696767.8214250001,640008.9942940965
696767.8214250001,638405.2289737266
696767.8214250001,588985.4245120615
696767.8214250001,722265.1440326589
696767.8214250001,588090.910410425
696767.8214250001,591559.9032305698
421660.4183000001,473400.41918875405
421660.4183000001,757080.5059205451
597162.153,599193.0723915424
597162.153,458025.3805149857
597162.153,596415.856731312
597162.153,739998.0327433246
501194.200075,332118.1859866578
501194.200075,482312.4690650959
542291.1287499999,419632.6983261952
542291.1287499999,565356.9712792892
542291.1287499999,662317.9373545633
398346.43205,638118.6318078636
398346.43205,353810.2084689806
398346.43205,461172.8167210166
286365.151775,237206.06971150945
286365.151775,369130.32684052736
807775.2667249999,746943.9170473184
807775.2667249999,1021168.8115817952
605500.87835,562007.7105973286
605500.87835,545918.9895546339
605500.87835,928609.6870619266
959902.5243937498,984890.3032059971
959902.5243937498,1115183.0223506247
959902.5243937498,1120689.8389988623
959902.5243937498,1114745.8700505835
959902.5243937498,983333.8818695251
959902.5243937498,981654.9733721016
959902.5243937498,1115073.913121591
959902.5243937498,774325.857353574
329184.8163,557371.1149134837
329184.8163,532189.4660037197
308614.2479,543045.773306082
308614.2479,543271.7054301491
308614.2479,404937.38541545096
549348.91375,563145.3105978057
549348.91375,570266.4396733862
584583.19375,518600.461461324
584583.19375,698340.6867227642
2667307.0436,1054373.9013779508
2667307.0436,1444845.893679543
206422.98365,485593.074846471
206422.98365,490922.95736886514
482070.2998999999,721485.3740135644
482070.2998999999,475566.5036407141
406278.29724999995,316755.45391588536
655964.9942999999,945705.212786092
584414.7334375,691564.9760850179
584414.7334375,541776.8232274685
584414.7334375,697211.952230186
584414.7334375,717624.5617710892
290014.5844,433863.52771976544
290014.5844,572918.7201430313
290014.5844,295667.48539862357
470445.365625,356371.22016705724
470445.365625,494535.43616985827
470445.365625,467863.5468139184
470445.365625,331999.1611031989
182667.5691,574227.6163125889
182667.5691,431780.45155742316
182667.5691,284458.09725872136
511990.5819099999,766406.2758836115
511990.5819099999,481501.98833736585
511990.5819099999,543427.2589378507
511990.5819099999,814145.8468058552
511990.5819099999,450677.6201934501
448678.33644999994,555048.0304320685
448678.33644999994,734853.7690602832
359856.87215000007,508228.7622714073
359856.87215000007,656681.5783469673
359856.87215000007,622649.3482006805
361362.4313,466006.1784963932
363412.4173,282038.0811955959
363412.4173,528302.4687059139
582057.5050499999,427228.5355002408
582057.5050499999,452858.49566793686
1141771.0001124998,846093.9851169722
1141771.0001124998,1000665.187422127
1141771.0001124998,1099973.7224073457
1141771.0001124998,998135.777467641
1141771.0001124998,954071.7567280388
1141771.0001124998,1134306.218529909
1141771.0001124998,1132021.7597743343
1141771.0001124998,1059813.2553097624
544620.9983,389977.41982803016
544620.9983,578023.1261135399
1310433.7039636364,938380.9302193071
1310433.7039636364,789678.253422688
1310433.7039636364,935873.4291419291
1310433.7039636364,933225.3763310473
1310433.7039636364,787416.5364108984
1310433.7039636364,791937.2387535977
1310433.7039636364,935873.4291419291
1310433.7039636364,726011.3712969527
1310433.7039636364,724707.950155406
1310433.7039636364,862966.4547157362
1310433.7039636364,950987.5134563448
276171.05490000005,408934.11277237546
276171.05490000005,281190.08255535754
276171.05490000005,346826.2377387496
608332.13205,705949.7928614976
608332.13205,846280.3684872872
534158.7482,707664.798639225
534158.7482,689833.3132131881
534158.7482,783414.9880335941
640789.96955,496222.48481240077
640789.96955,801799.9537612097
592790.7308,827322.3857360443
592790.7308,920556.0809559729
686552.5242000001,578330.9033987579
686552.5242000001,986750.623949017
573842.65295,430705.9276678436
573842.65295,694993.7521501824
779050.9214571429,564177.2457928833
779050.9214571429,567461.605723788
779050.9214571429,860126.3828767935
779050.9214571429,859151.1315925198
779050.9214571429,516927.1902091586
779050.9214571429,522192.33203301544
779050.9214571429,805254.5477519603
357374.4681,514401.5442675152
357374.4681,260312.5282247463
266917.56389999995,271053.8492896483
266917.56389999995,370947.9097998332
567673.2098999999,667359.1340929582
567673.2098999999,956978.6643461637
682394.67665,631641.9899550725
682394.67665,484890.0713207739
682394.67665,748701.0342484842
556905.03409,666603.7503452926
556905.03409,889258.5732102678
556905.03409,744654.2438676882
556905.03409,815453.7144281724
556905.03409,545980.0982782983
676275.019,684361.0911916839
224119.758825,509993.58224643907
224119.758825,364102.6331323038
363027.5992,291838.9342704319
363027.5992,423481.6727795539
363027.5992,284900.01840490685
699592.88315,813752.5283841479
699592.88315,793815.8460387767
699592.88315,724009.5818739872
334295.13963999995,493706.46112060104
334295.13963999995,574613.9810574556
334295.13963999995,714771.2007805611
334295.13963999995,409670.6029914321
334295.13963999995,565232.052619519
342956.83836875006,707044.1982889855
342956.83836875006,426900.41523265257
342956.83836875006,482449.24093016644
342956.83836875006,527690.15217631
785273.147815,905364.6889684817
785273.147815,907231.9960472579
785273.147815,778172.0148068857
785273.147815,641106.3425839234
785273.147815,775166.2937815117
785273.147815,772521.2990525565
785273.147815,589790.2739125774
785273.147815,846087.7897033031
785273.147815,590525.3122697319
785273.147815,597589.570390933
748719.785175,784258.5177004449
748719.785175,695205.1239091047
578428.7517,669156.3222239587
578428.7517,673414.7324466005
511593.850775,916342.7675673608
511593.850775,905214.3598761079
557540.5060249999,357640.7972919096
557540.5060249999,517984.11640927684
514250.9994999999,737274.9237570199
514250.9994999999,729650.1520482971
514250.9994999999,398457.4647997738
509706.225,561890.4788905331
509706.225,447050.8337313517
1019569.788,907327.7047784803
1019569.788,1039443.0561024733
1019569.788,1039443.0561024733
1019569.788,759885.3713615264
1019569.788,1037798.4368026739
1019569.788,1044564.3494178974
1019569.788,697602.5355460269
1019569.788,697323.9280645103
1019569.788,698160.7659892737
1019569.788,834488.6208067365
1019569.788,1089415.4290558936
603097.7565499999,614296.6742989083
603097.7565499999,810604.3493613995
603097.7565499999,613767.9451944715
603097.7565499999,573288.8116817684
675927.60775,721473.7623650058
675927.60775,725638.6112684286
675927.60775,438404.68531927525
675927.60775,407568.167524625
675927.60775,408735.6748750744
675927.60775,716436.6054290496
332209.2116999999,596724.9122809181
332209.2116999999,610065.99135978
332209.2116999999,434677.452099285
718031.7242285713,831107.7992027284
718031.7242285713,831324.9165690826
718031.7242285713,910494.8698556931
718031.7242285713,826420.9080376229
718031.7242285713,683447.1151285149
718031.7242285713,765623.370649137
718031.7242285713,773859.841196466
280280.25484999997,325343.8264329817
280280.25484999997,465302.6011964808
280280.25484999997,444110.8290093846
518101.94,630064.9601680699
518101.94,655699.2512027938
225259.899425,369268.16314818955
225259.899425,229983.1295754267
404281.83335,309841.85239929386
404281.83335,568187.7556026786
404281.83335,417803.6593038423
637736.348275,570430.3327351582
637736.348275,700111.627457729
494252.1745999999,733311.463715048
494252.1745999999,639947.9266637886
937739.44695,811214.5852216483
620863.0298499999,580366.0892810654
620863.0298499999,728538.0977992249
620863.0298499999,577908.8267924701
620863.0298499999,428525.1837355421
481130.5438,388949.77931972273
664356.1855,491627.8267899988
664356.1855,492339.7675575168
664356.1855,691585.8157300346
664356.1855,452614.6954549361
664356.1855,451441.9909980494
664356.1855,772336.5300972959
864623.3642999999,1024402.762575107
864623.3642999999,725556.0934128177
864623.3642999999,1156003.4947047327
510979.5613600001,440290.66074251133
510979.5613600001,727691.8015910443
510979.5613600001,582219.678365821
510979.5613600001,683663.5561853127
510979.5613600001,542249.2334881028
615288.2808899999,635268.2396443713
615288.2808899999,546854.2975900883
615288.2808899999,635677.0028023857
615288.2808899999,825035.7582716661
615288.2808899999,457665.2686512357
399062.8355,562848.6692811332
399062.8355,537726.6716848
226296.653925,534816.2143476291
226296.653925,368455.50760089804
937370.2621,862587.1538639166
937370.2621,1037181.4960266608
1211522.09895,837135.5353062747
1211522.09895,961498.6108820436
1211522.09895,1274437.1553716967
586100.2163499999,610145.300893038
751865.5338714287,485847.8366623658
751865.5338714287,489029.33740419475
751865.5338714287,815734.5837853655
751865.5338714287,631266.8482841005
751865.5338714287,720827.8047191277
751865.5338714287,585690.602882615
751865.5338714287,452829.1305513764
269584.7704,534772.5283943622
269584.7704,282787.48088615004
269584.7704,524164.98001609964
649370.3549500001,756417.0388705401
649370.3549500001,606113.5081486828
381652.62455,274876.1669339015
381652.62455,260182.13670710352
441025.4749250001,363725.5171262021
441025.4749250001,505104.1438131456
809442.5196,938947.9149644278
1019046.162575,725035.978413664
1019046.162575,972569.9580002239
605645.58580625,1016463.3744919535
605645.58580625,1014680.5687158611
605645.58580625,828048.7178507019
605645.58580625,832608.3059830032
605645.58580625,968206.4198290368
605645.58580625,1012768.4239199677
605645.58580625,881635.8267594784
605645.58580625,1013651.2110662465
656553.0371999999,678498.6815485995
656553.0371999999,677752.9540949088
465694.4702,583580.4625640746
465694.4702,582362.7581104087
465694.4702,402687.8070071354
465694.4702,411591.7514378843
645955.5956,763831.0170941362
645955.5956,769750.8958112843
746128.5095166666,977915.8381430379
746128.5095166666,921414.9320317237
746128.5095166666,838596.8733026641
746128.5095166666,976843.5894840152
746128.5095166666,837752.4544719232
746128.5095166666,979510.840205178
746128.5095166666,640145.5230988191
746128.5095166666,918678.0404391566
746128.5095166666,917669.9125356957
598391.2978000001,502928.25554943166
598391.2978000001,949968.1876509797
856409.0993,712847.9371461786
856409.0993,714324.5922126229
591976.1707499999,724582.2087640722
591976.1707499999,739377.1060363469
547605.44005,676734.8676520647
547605.44005,387223.62812680064
547605.44005,327709.28096748784
547605.44005,636726.9619495163
974451.6510423076,1088560.6460260255
974451.6510423076,838677.388013027
974451.6510423076,1093782.4415940037
974451.6510423076,969032.7610703035
974451.6510423076,968359.613571651
974451.6510423076,833605.2613045559
974451.6510423076,972253.0704379019
974451.6510423076,1181519.894376018
974451.6510423076,922500.3547144283
974451.6510423076,1010369.4803773628
974451.6510423076,770080.8748556348
974451.6510423076,894043.3578764701
974451.6510423076,921959.1303724055
579931.14925,536049.0098793874
579931.14925,364449.89092005446
812937.00445,1062127.8492642166
812937.00445,800037.4701980171
724053.94968,882596.7803912424
724053.94968,684375.505389387
724053.94968,741390.7405812993
724053.94968,773035.6238251583
724053.94968,630910.7633859753
514811.35152499995,642138.097974251
514811.35152499995,505918.44685821806
514811.35152499995,446288.2656506159
514811.35152499995,558672.1179918752
661862.7358999999,506290.8088956648
661862.7358999999,483180.30202443455
505508.4392749999,517192.9064885016
505508.4392749999,373655.34407359565
612918.120525,737831.1116040781
612918.120525,590174.2658950164
778191.609975,864786.2431117251
558220.7372500001,526596.3693794619
558220.7372500001,905179.7300134993
658284.9596999999,861965.5129784491
658284.9596999999,655345.4588811316
437852.2476499999,379719.2919142328
437852.2476499999,369277.6517464413
437852.2476499999,659541.6769497449
437852.2476499999,492187.23452863505
782952.21295,719313.6928467603
782952.21295,856372.8036010984
782952.21295,993297.7980784271
2582016.0633,1164162.1240472593
2582016.0633,1252738.2722564014
254823.3123,530418.6526981981
254823.3123,515344.41008334665
858222.8645499999,689544.1236749077
290875.29835,378291.8965001186
290875.29835,325383.86211743363
438544.6948625,626181.1889490014
438544.6948625,438558.5290072262
438544.6948625,722764.8943712094
438544.6948625,405858.7003082075
338585.39,393526.2157601784
338585.39,378543.74798429984
482206.569,650928.5282785022
482206.569,652146.8969445485
482206.569,574307.734857196
482206.569,606512.8058196504
270394.8961,553697.2283440854
270394.8961,280928.4252261131
270394.8961,335563.20829424454
557026.6218,604763.6748684116
401436.41085625,600808.9731673772
401436.41085625,747661.1314983781
401436.41085625,787325.2712253904
401436.41085625,418296.2408470209
696770.3065249999,848236.9058920287
696770.3065249999,804824.9068017586
746041.7449142857,959691.617441884
746041.7449142857,957817.3235452257
746041.7449142857,820823.8916511165
746041.7449142857,961236.9216075783
746041.7449142857,960517.6816405251
746041.7449142857,886243.6296727052
746041.7449142857,620820.1217646067
500336.1594499999,434971.157384379
500336.1594499999,492602.22714118275
500336.1594499999,725670.9250916791
500336.1594499999,717441.9910414591
560544.315025,792651.5230204229
560544.315025,1143909.7091160687
486826.08089999994,436324.06666779035
486826.08089999994,338233.13876053883
257183.1524,395152.8760513156
257183.1524,386300.6295730039
257183.1524,375346.22644414456
572536.199,379293.4807805893
572536.199,510524.2358490237
853859.0586000001,540864.6674208415
853859.0586000001,550589.8991554622
714038.1175375,677789.9378566014
714038.1175375,828708.693286927
714038.1175375,902792.4403573079
714038.1175375,964305.316309757
714038.1175375,899263.0740673814
714038.1175375,682055.8821275559
714038.1175375,625718.3553927641
714038.1175375,760519.9993601812
714038.1175375,761112.2417471854
714038.1175375,892762.2689606475
715796.191,896095.3210757878
499157.29545,754454.8628706826
499157.29545,469930.0618437935
499157.29545,752942.2253701178
499157.29545,435625.2092514892
499157.29545,573344.4739979812
745788.87335,1025387.2435811923
745788.87335,930500.1827241725
531459.9174,942896.3032622407
531459.9174,951047.8278515319
188429.442,235866.5326854713
188429.442,234945.0151789622
188429.442,196007.49572400155
381764.29585,313972.3398179025
381764.29585,589362.3212323758
381764.29585,405760.77127076377
344981.73855,439867.7568069815
344981.73855,439953.4188911069
344981.73855,572906.2796534778
344981.73855,517769.4493657276
344981.73855,410445.00742735097
344981.73855,697624.9572293791
469309.3119,695231.602747749
469309.3119,703128.8334408124
287011.7536,288875.5531203866
287011.7536,553195.6746769256
287011.7536,288335.00850606157
287011.7536,257252.79472721746
1431312.2243499998,955866.3509840161
382484.844675,707763.4389855503
382484.844675,623867.1321066559
1311624.0035,759108.5281198728
1311624.0035,1140699.6481953384
622669.8176999999,1043515.8185847664
622669.8176999999,788374.5967963662
622669.8176999999,1121325.3837583938
622669.8176999999,919145.4116916984
622669.8176999999,878629.8803706563
622669.8176999999,1038588.8124221612
622669.8176999999,918876.001591144
622669.8176999999,1040813.5093686944
622669.8176999999,724476.7404893788
622669.8176999999,964662.4131607689
622669.8176999999,963858.7466913802
622669.8176999999,723046.401686178
638155.7284307692,906748.1392303281
638155.7284307692,991155.8280886671
638155.7284307692,1101367.4358757427
638155.7284307692,907356.2086695642
638155.7284307692,781690.936850584
638155.7284307692,1102002.925803029
638155.7284307692,906922.1257046338
638155.7284307692,1105199.1855853875
638155.7284307692,975706.1463172102
638155.7284307692,839464.0910649854
638155.7284307692,839079.151797985
638155.7284307692,840294.1764584612
638155.7284307692,724565.5145425964
1345255.7869000002,1143819.1741120648
1345255.7869000002,1148123.969767017
1345255.7869000002,1241071.9015982328
1345255.7869000002,1147341.636854202
1345255.7869000002,1144127.4034843266
1345255.7869000002,884392.8478570777
1345255.7869000002,884768.7654228951
1345255.7869000002,1144332.2377587126
1345255.7869000002,811754.0448165018
1345255.7869000002,972754.5310079465
1345255.7869000002,972232.9081176576
1345255.7869000002,1058727.1006357823
763074.44365,935136.8803124642
763074.44365,639412.199559039
611887.0968571429,741811.0165391138
611887.0968571429,1026673.1211655138
611887.0968571429,1026673.1211655138
611887.0968571429,1029487.6128125762
611887.0968571429,1023683.1413216456
611887.0968571429,1030867.5438595768
611887.0968571429,779321.8444245767
358897.29155,398472.0425354547
358897.29155,280062.55638634745
358897.29155,355376.78216810717
564133.9685,712898.3269027116
564133.9685,430191.0816225749
298423.167825,537355.0404000795
298423.167825,380817.45602216234
600648.2877999999,753240.2809768969
600648.2877999999,872677.3207828067
317391.39254999993,409263.7650365239
317391.39254999993,408263.4241589731
317391.39254999993,278706.53389317804
633220.4820499999,678731.9848960771
732490.43915,687386.8783299108
732490.43915,664624.8397051079
732490.43915,661763.3884413603
428046.062275,611664.8718818503
428046.062275,463479.1624545413
425594.62452499993,596062.911228172
425594.62452499993,640641.0673678846
425594.62452499993,734345.1308347306
425594.62452499993,450596.6524554012
425594.62452499993,626309.3730926838
624098.1656399999,476697.85141561436
624098.1656399999,707781.275919587
624098.1656399999,427193.13248674374
624098.1656399999,666937.1558135535
624098.1656399999,446140.7484686471
517525.019675,482245.6063748636
517525.019675,348138.5666720339
482597.898975,578961.576744405
482597.898975,481072.6427526538
543544.9259,501983.8299467201
543544.9259,509975.80794842355
1295949.2911,769995.7154301326
1295949.2911,914933.7049838784
1295949.2911,1330367.4300403213
699671.0679499999,604707.7451790207
699671.0679499999,594141.4884898204
699671.0679499999,849082.1012281468
441969.89465,373818.52464100684
441969.89465,431419.0596366877
783700.7187,648004.3917759064
783700.7187,737422.9565873606
783700.7187,549276.2512129385
584321.8020499999,729489.9626885289
584321.8020499999,772309.0552470046
546727.6484068182,864065.6638477514
546727.6484068182,863019.1520450918
546727.6484068182,800242.578544463
546727.6484068182,735447.351173094
546727.6484068182,613735.3493330703
546727.6484068182,738846.0722318809
546727.6484068182,569393.7273539775
546727.6484068182,807293.136071898
546727.6484068182,806769.1237756306
546727.6484068182,806833.4154929526
546727.6484068182,925084.5270732145
593145.3521218749,1009682.269800845
593145.3521218749,727450.5456929689
593145.3521218749,875379.1664432937
593145.3521218749,725951.0532436996
593145.3521218749,871372.1699274112
593145.3521218749,875478.5698446578
593145.3521218749,1010705.3196592366
593145.3521218749,674997.0813584984
545321.45245,548021.2670802308
545321.45245,816612.540167945
176753.73799999998,474452.0502510428
176753.73799999998,217768.13818510692
176753.73799999998,405635.66604711715
540899.9108,664783.0254699148
540899.9108,878249.483201406
540899.9108,744050.3022711735
732477.6466749999,597993.5734108982
732477.6466749999,818372.672807916
527136.0342875,727955.9542729441
527136.0342875,729023.1731135654
527136.0342875,726783.8515278667
527136.0342875,583196.8977231177
549091.3078000001,789198.5414896352
549091.3078000001,837446.1315483727
674330.0717999999,939613.6923776371
2394723.8606,1219124.4343704302
2394723.8606,1227140.117484975
467004.08078,375754.9806474768
467004.08078,375920.2425998193
467004.08078,376503.01050201163
467004.08078,626249.8413927758
467004.08078,354640.2229610507
436494.9223499999,711427.0072337135
436494.9223499999,567210.5295477791
436494.9223499999,398430.13431630295
436494.9223499999,558209.8522830834
599482.831325,608021.8431661023
599482.831325,808024.6866771759
563122.6325,495971.80454850977
563122.6325,514095.79522758856
409582.79908,734275.9975928662
409582.79908,557898.4185430284
409582.79908,553715.9398964319
409582.79908,656997.9693527714
409582.79908,695585.1900625799
249310.74285,231085.8475224994
283624.02109999995,473578.78880175535
283624.02109999995,336380.8798055515
283624.02109999995,313734.1344943954
486524.21685,334496.4315624461
486524.21685,632598.8612043086
615093.7666000001,608397.6462975873
615093.7666000001,874953.8417114986
836103.9620181818,905366.7699683261
836103.9620181818,851191.8793247691
836103.9620181818,763791.9051975926
836103.9620181818,905770.3580810325
836103.9620181818,1032567.9067531538
836103.9620181818,854276.8139188164
836103.9620181818,960212.2849750086
836103.9620181818,717172.4629710388
836103.9620181818,699244.3536874211
836103.9620181818,959727.4435907777
836103.9620181818,974240.2598489162
339735.69629999995,472934.7820407556
339735.69629999995,609344.7088233405
339735.69629999995,314496.5647804843
725548.890625,708589.4382287365
725548.890625,616980.2081623096
813590.9772,978160.957371365
813590.9772,974617.2446505029
374475.866175,428895.4698764999
374475.866175,620162.84215148
342387.3495,673856.0270187955
342387.3495,389302.05677370913
342387.3495,637342.3041717744
588387.14094,759902.1551378649
588387.14094,613952.9725434368
588387.14094,608878.637136145
588387.14094,429040.6953121928
588387.14094,432473.9086439666
240617.77015,340689.3674877327
240617.77015,353947.4453157095
240617.77015,458386.18357843877
493663.335775,471339.5312455976
493663.335775,525150.3694841367
493663.335775,554730.7130194096
493663.335775,624089.9029481414
599094.3448,422728.3832708227
599094.3448,688611.9057383176
671278.7546,801635.7392826406
671278.7546,674317.6671928063
671278.7546,830060.2249411229
274231.3885,269141.70868392
274231.3885,396584.56720795605
274231.3885,547479.2303526361
497001.45839999994,733911.2860498083
497001.45839999994,460226.89328111295
497001.45839999994,792679.3326207997
426992.9047,725639.205026115
426992.9047,764156.1822312628
426992.9047,497684.5111354594
426992.9047,659797.0487673618
426992.9047,420547.3020139305
400008.01048,735617.1736252939
400008.01048,557699.7867419231
400008.01048,700334.2149788775
400008.01048,520220.44752939127
400008.01048,665573.9029698921
860338.4565475001,924288.6358680172
860338.4565475001,922475.2000701893
860338.4565475001,1136177.997843149
860338.4565475001,1049912.5618611178
860338.4565475001,1137464.9701099987
860338.4565475001,919104.8538591723
860338.4565475001,847808.3749865412
860338.4565475001,972585.5947937865
860338.4565475001,712620.5389680263
860338.4565475001,1061090.349835816
194913.551,492376.5485220195
194913.551,513567.3102370857
352869.1184,571907.0498198959
352869.1184,442793.72100627795
548946.3876,473847.499062162
548946.3876,473019.8784850039
590181.8028749999,918363.3432437764
590181.8028749999,617459.0483928657
590181.8028749999,837924.8193794286
590181.8028749999,763350.6354062301
590181.8028749999,764550.9841035383
590181.8028749999,864756.4128341287
562469.1775999999,688194.9382964063
2272279.9272000003,1228029.911141888
2272279.9272000003,1424045.0831685346
535702.46775,655638.4276950202
535702.46775,730892.4132297307
461897.30992999993,527185.2523159208
461897.30992999993,753389.6249045278
461897.30992999993,613094.2007520463
461897.30992999993,528795.8420647127
461897.30992999993,573284.5849331619
2728978.2849,1177760.0937494128
2728978.2849,1061056.1547484158
2728978.2849,1358960.3344999463
558293.06805,402224.63723483024
558293.06805,570672.5236466298
292796.49569999997,301141.53867715935
292796.49569999997,292649.95158149104
292796.49569999997,270185.94721455214
682485.1520499999,899403.5002908098
682485.1520499999,838399.0711864993
187035.9857,286364.7503073539
187035.9857,280699.67041778297
187035.9857,501314.0711905826
638512.2204,606163.6171951218
638512.2204,683174.9308239929
217521.017,181001.46123270516
217521.017,342535.0385357832
623953.0389749999,832839.5267307283
623953.0389749999,1020605.7027520959
623953.0389749999,743139.8706010078
623953.0389749999,886027.0555207296
623953.0389749999,885034.5684283483
623953.0389749999,834632.2947527401
623953.0389749999,1022716.6796685231
623953.0389749999,1069966.3847371675
422461.2565,483042.0730218369
422461.2565,336724.61120583257
422461.2565,456088.084602925
193418.39165,377101.53319478163
193418.39165,388155.3136977079
508326.5472,695134.4015031856
508326.5472,560381.905912562
882349.3862999999,944688.5740280254
882349.3862999999,814018.4429454218
264724.89655,546340.0836843082
264724.89655,274914.679844457
264724.89655,380166.9620741006
607766.5233999998,681190.1109258275
607766.5233999998,392862.68893202755
607766.5233999998,714252.9289975422
2516766.30095,1251433.6920068648
2516766.30095,1226932.587455465
532125.32925,742431.2490739771
532125.32925,586830.7359339715
532125.32925,669105.4451421592
555838.35,428706.31551564863
555838.35,553749.2276198732
314121.08995,516017.3931797523
314121.08995,516669.11743074434
314121.08995,244030.2993729572
424697.369725,296128.22910005617
424697.369725,459790.6199555032
625559.85275,614744.6962477507
625559.85275,758416.9949241683
625559.85275,529568.5883906379
625559.85275,662529.0923063634
625559.85275,610388.148466251
207644.6793,262425.32317898836
259643.959,497999.69333154627
259643.959,392249.34081014263
259643.959,520578.2534380249
405847.0246,503067.64610097907
405847.0246,403756.6964153086
1164504.39805,857305.4261348731
1164504.39805,857815.2019778604
1164504.39805,1108816.8160028323
1164504.39805,1135310.3345896872
1164504.39805,1106810.9210681368
1164504.39805,1237032.7546482605
1164504.39805,1108285.9400291725
1164504.39805,912214.8219472038
437191.753125,432288.78790545964
437191.753125,430366.6232085591
437191.753125,569589.7430564988
437191.753125,529087.3122513632
735556.6889,916545.2317794206
592792.17535,557951.1323084802
592792.17535,904604.1662471513
471308.9271,649860.4503843893
824708.8214499999,850562.1571988869
824708.8214499999,965433.6563033137
633838.9351199999,508204.48578530527
633838.9351199999,655607.4200293409
633838.9351199999,501362.42691309255
633838.9351199999,465214.81665639114
633838.9351199999,604955.1514073503
320463.794475,467038.6205024983
320463.794475,604567.0258564096
917455.46437,753552.0175707442
917455.46437,977587.373193992
917455.46437,669610.6729675143
917455.46437,757041.6787540785
917455.46437,920786.7524830475
410518.63285,542043.2304116291
410518.63285,397462.57670389896
410518.63285,614798.7077913027
319699.59525,689399.8637344076
319699.59525,587762.528374664
319699.59525,589630.5480884595
319699.59525,393862.20696013374
702959.7168142856,838904.0393394363
702959.7168142856,771175.4527282504
702959.7168142856,833547.8864115017
702959.7168142856,976371.5201582285
702959.7168142856,683382.4194798679
702959.7168142856,688253.0675456625
702959.7168142856,1092018.3796456265
481685.4084500001,688686.1121060434
481685.4084500001,445758.3019357124
569103.8761,757347.7981889605
569103.8761,757541.2555155416
825868.8200000001,748592.907259849
825868.8200000001,833993.028337301
370031.35895,344988.55001594545
370031.35895,339019.38318954763
370031.35895,480085.8910897785
295492.47411250003,429908.9871128117
295492.47411250003,520303.5686732166
295492.47411250003,660830.3344682181
295492.47411250003,361204.2055243956
295492.47411250003,624330.4104970504
295492.47411250003,362374.0287499939
896158.7099499999,568925.7639950258
896158.7099499999,838692.2558013245
896158.7099499999,1009745.9677769032
563156.08525,676134.7644804355
563156.08525,832906.4920377033
371374.7706,593830.4024821969
371374.7706,429252.5040636782
371374.7706,406648.92469774326
301818.54535,250385.6327534421
301818.54535,511306.6163089518
838485.55225,907978.6832383609
329225.109375,558676.1803623196
329225.109375,402937.44816239865
464691.42759999994,463029.47013545013
464691.42759999994,473376.84334587556
514679.61352500005,792226.9590456442
514679.61352500005,932663.9436828896
438776.501875,651234.225043899
438776.501875,365539.7896899362
438776.501875,617021.1711087034
438776.501875,614901.9428097869
608364.8795,711881.8542136266
608364.8795,853457.580710944
340006.7799,224124.61195021553
340006.7799,520363.4554610589
645069.7237499999,907068.5688309297
645069.7237499999,593701.5344440497
689065.8435875,605377.6667316874
689065.8435875,602419.0187482744
689065.8435875,793088.1022675156
689065.8435875,606722.3160882442
552066.4362,526251.6911344578
552066.4362,393903.8849435377
552066.4362,701239.8012693122
623261.1960000001,823552.1214034584
623261.1960000001,631934.806001255
623261.1960000001,783944.9736827286
623261.1960000001,444875.2474888322
623261.1960000001,502594.5107032219
440296.9424,713542.3693085683
440296.9424,704751.1108764012
440296.9424,516925.9214545714
835765.9744999999,834493.1367931023
835765.9744999999,765513.4417526633
835765.9744999999,986026.2377880132
835765.9744999999,986026.2377880132
835765.9744999999,836454.2472774142
835765.9744999999,710050.478883496
627862.016,461230.89453408215
627862.016,548217.1154723015
216740.8963999999,499212.3369768578
216740.8963999999,226042.51550806337
407826.5305625,783112.3040986429
407826.5305625,783910.9196830511
407826.5305625,784088.2999157449
407826.5305625,641274.7745501673
407826.5305625,733638.5296443355
407826.5305625,734124.93354786
611552.24599,893804.0824230703
611552.24599,751206.2727332814
611552.24599,892201.149835166
611552.24599,898554.0882850143
611552.24599,696026.4167085561
520097.3033749999,626285.1331652999
465903.6570999999,726194.5130228312
465903.6570999999,620543.2754525667
465903.6570999999,405279.0328281828
839086.8603187499,903011.7936729989
839086.8603187499,761829.497988514
839086.8603187499,1127561.5490916034
839086.8603187499,1048571.7739709509
839086.8603187499,909124.0418413312
839086.8603187499,1048887.572569999
839086.8603187499,1049829.6214722034
839086.8603187499,924064.5201779833
604928.9024437501,1003401.7930382793
604928.9024437501,738591.6782130749
604928.9024437501,872882.817961015
604928.9024437501,1003310.2385014157
604928.9024437501,876667.3241059743
604928.9024437501,743852.3224293381
604928.9024437501,928753.1610348875
604928.9024437501,810598.9147636218
604928.9024437501,931000.9358576216
604928.9024437501,685096.9946341662
604928.9024437501,700438.1094265578
604928.9024437501,926483.0750803486
561851.1788,583082.0777362464
561851.1788,618304.0653666094
567025.2633374999,733543.7932697091
567025.2633374999,735271.6930437054
567025.2633374999,735271.6930437054
567025.2633374999,553377.5324035089
726102.44855,604798.012415463
726102.44855,751260.8721036687
726102.44855,749568.2996969086
726102.44855,883108.6875806608
726102.44855,680261.3145523352
726102.44855,561018.4144337444
726102.44855,561013.2079847079
726102.44855,635814.668831222
784680.4806499999,795530.3959879847
784680.4806499999,848693.560648865
784680.4806499999,779746.0750877403
1268521.2788,1054433.110778936
1268521.2788,894241.3590985032
1268521.2788,1302495.9442176567
457837.145625,581855.2291356334
457837.145625,443235.26364326745
457837.145625,630735.0530879331
457837.145625,544651.549520029
457837.145625,719761.3503139043
871313.3731409092,1034035.7930780952
871313.3731409092,759721.9488728854
871313.3731409092,1032115.3783902817
871313.3731409092,763129.1048910816
871313.3731409092,986472.24542814
871313.3731409092,904794.0295209123
871313.3731409092,1034635.2630078391
871313.3731409092,832158.9213585963
871313.3731409092,956119.4263362291
871313.3731409092,849370.6695985442
871313.3731409092,826235.9694635726
642599.5748000001,906188.5831800336
642599.5748000001,910728.2428925041
366146.273025,567330.5915686132
366146.273025,424985.12628925877
582301.3393999999,782790.7997754227
582301.3393999999,699857.2921371845
582301.3393999999,957175.6432503858
583625.6166,831606.4010562989
583625.6166,503315.2155643285
583625.6166,857412.4232127413
991920.06215,850951.3963543011
991920.06215,853861.0875667846
991920.06215,631792.3218587642
991920.06215,921769.8171669885
991920.06215,784045.7787597349
991920.06215,585205.4101354266
991920.06215,582438.9865427484
991920.06215,917164.5459783953
414756.071475,425235.6347728497
414756.071475,563643.6319245661
729231.09395,770657.7187549019
729231.09395,630480.0389395057
729231.09395,774750.0127064011
729231.09395,446221.14646310627
729231.09395,764284.1770385866
261477.016925,330102.35339579894
261477.016925,245471.35708606383
402415.05149999994,290179.65104806155
402415.05149999994,562935.1415497096
778734.35385,451538.76102696406
778734.35385,825355.1900385892
423776.71579999995,718462.813040745
423776.71579999995,719493.5272857518
423776.71579999995,718556.4305252195
423776.71579999995,741369.6869368878
861311.521675,563154.4830144664
861311.521675,860064.6599691613
233186.50189999997,390466.01576338947
233186.50189999997,370711.83629987534
521022.16555,730925.6830755239
521022.16555,435580.18432464456
407484.56535,439343.35819908354
407484.56535,567638.0989490012
878526.6624062499,1044806.4451414614
878526.6624062499,912125.997418886
878526.6624062499,760161.1179038476
878526.6624062499,1052385.3802610924
878526.6624062499,1047458.2426605169
878526.6624062499,1002176.306044122
878526.6624062499,1046359.954832117
878526.6624062499,844371.7951420704
613575.0160999999,439734.8238964313
613575.0160999999,581654.1788164321
613575.0160999999,632061.3174255642
753227.73662,632521.7690588215
753227.73662,710713.1676970999
753227.73662,714513.8652405008
753227.73662,714078.1922477547
753227.73662,673156.9732740155
982024.8564642858,827347.1017247773
982024.8564642858,830163.2975847427
982024.8564642858,960183.254381064
982024.8564642858,919137.9758319518
982024.8564642858,1155219.9428779243
982024.8564642858,1071887.822978834
982024.8564642858,829567.9588641017
982024.8564642858,997970.8461158981
982024.8564642858,767945.5425204686
982024.8564642858,997675.9560977932
982024.8564642858,1023823.9608411712
982024.8564642858,996783.0183125391
982024.8564642858,886894.7512980588
982024.8564642858,975385.9983591283
640683.5582999999,950968.9809632852
640683.5582999999,805777.9394457128
640683.5582999999,735094.1796380706
640683.5582999999,800729.7710910441
640683.5582999999,647601.2528450101
640683.5582999999,676580.9095496241
617295.1728999999,425975.9075511716
617295.1728999999,715998.3991411965
617295.1728999999,722040.9786947743
617295.1728999999,711304.2953887783
437055.2136,337698.1373429378
437055.2136,342569.5845202999
740819.73055,771375.1463195594
543893.08935,666107.7486498639
543893.08935,812819.488661427
645334.2660249999,609465.8016048312
645334.2660249999,664407.0932712348
805436.57465,990058.9385132558
805436.57465,989510.460377563
805436.57465,933165.3995471714
805436.57465,847579.1666169084
805436.57465,993310.0344638531
805436.57465,917173.6833841689
805436.57465,784972.8335977391
805436.57465,866028.1040369729
564962.57125,509732.3555296904
564962.57125,508426.0945274293
645070.9073300001,637826.8145015499
645070.9073300001,637625.9656404823
645070.9073300001,783683.4512257405
645070.9073300001,735624.3536811403
645070.9073300001,598826.3834918039
537723.6562499999,550135.8832832443
767099.1720833334,684575.4158015688
767099.1720833334,972285.2889096622
767099.1720833334,833653.7483979024
767099.1720833334,829033.012811865
767099.1720833334,965819.9484179436
767099.1720833334,628432.4977187238
767099.1720833334,897234.7020652164
767099.1720833334,628858.8929400953
767099.1720833334,904123.0462793888
596058.83905,463253.88544671406
596058.83905,759333.421072545
596058.83905,755029.5580063384
596058.83905,566288.5084963453
596058.83905,431057.8537822868
596058.83905,568031.3223364932
492825.814425,774076.3399630742
492825.814425,730738.7105811446
578417.0142,666371.050441191
578417.0142,767080.31446275
599024.0749,584044.7227104658
599024.0749,765440.4133393582
599024.0749,445464.96499382117
599024.0749,415477.56511217303
599024.0749,545822.9160508676
599024.0749,473686.0601354888
1063162.5158,696963.7073380931
1063162.5158,817933.5441046546
634375.8938000001,591665.6687876915
634375.8938000001,671989.3808331062
755626.8548,808826.2989139239
755626.8548,777061.4729731486
418556.8793,599207.238677178
418556.8793,635655.3703588578
563702.681075,687280.8994387933
563702.681075,922971.8207267137
527759.236475,1051694.4266114465
527759.236475,844295.8404512359
527759.236475,792830.611161099
527759.236475,709419.7477197822
527759.236475,977776.1552416306
527759.236475,792405.8394477834
527759.236475,653773.3238070102
527759.236475,908603.6343795138
527759.236475,921556.3547146711
527759.236475,734857.6767682167
491706.2482,335746.1433397459
491706.2482,599753.4343893463
654202.5011749999,844866.9987207996
654202.5011749999,704913.1603993095
2840017.5771000003,1167373.77287975
2840017.5771000003,1070186.4153220484
242246.3932,258343.3781741315
242246.3932,499074.63864274946
242246.3932,512835.555306087
397452.8012,454201.0570871981
397452.8012,320492.2388978118
397452.8012,573799.5191881901
597582.7147499999,416180.7128808425
597582.7147499999,532354.6436213704
472902.20175,584175.9570344939
472902.20175,609560.1766652919
979228.69615,949431.5335864482
979228.69615,956798.5632912335
979228.69615,661305.0845591725
979228.69615,813311.533044509
979228.69615,1025741.5712142943
979228.69615,825767.4509054212
286004.8159,547140.5706367745
286004.8159,350558.4025040563
197930.03725,418631.4602426718
197930.03725,542181.0855371389
197930.03725,250162.70217099536
537733.87845,668320.7063157734
537733.87845,526181.4902975885
537733.87845,944041.2149968193
273570.32759999996,554449.0511882243
273570.32759999996,554012.5707937253
273570.32759999996,392919.1456726422
422081.5154624999,568808.5691603558
422081.5154624999,712375.12598379
422081.5154624999,748239.6816391251
422081.5154624999,571621.062460336
838804.1623999999,977182.1843799663
838804.1623999999,964852.6406714402
477981.36865,366211.4121083344
477981.36865,506801.2724804658
477981.36865,621223.0826028214
732286.9495999999,822832.4657625726
732286.9495999999,818490.8530389583
732286.9495999999,817037.0018243818
732286.9495999999,674664.2434234945
732286.9495999999,1036097.0029982646
732286.9495999999,671443.6391236671
732286.9495999999,890092.854490973
377862.2893499999,580468.6145269817
377862.2893499999,323251.2326037436
440651.2163,389797.65595354233
440651.2163,512380.55192669923
440651.2163,483451.6846772573
440651.2163,349784.9229903009
538015.3449285714,494455.35882705706
538015.3449285714,492665.4053828265
538015.3449285714,632218.7570543945
538015.3449285714,633342.1567988045
538015.3449285714,457898.7679414084
538015.3449285714,457202.69271337433
538015.3449285714,678571.3159514172
245647.03909999997,484374.0057039519
245647.03909999997,487794.01987156837
245647.03909999997,607433.6783480453
840521.1620928571,843494.9595689054
840521.1620928571,991709.3441357214
840521.1620928571,1063245.364951287
840521.1620928571,923566.5169711014
840521.1620928571,994411.8558883237
840521.1620928571,992840.7935566122
840521.1620928571,879627.1427353155
448426.2751875,342732.0010738883
448426.2751875,483950.6061697974
448426.2751875,598204.5366146422
448426.2751875,584237.3314469359
541470.360175,339246.83985977113
541470.360175,486128.332271163
572479.0983000001,656189.898134485
572479.0983000001,713395.4534438218
218730.48867499997,564436.2638544007
218730.48867499997,363400.8241384819
283127.65615,290277.37607999315
283127.65615,537887.832002692
794592.7143999999,434463.53519028553
794592.7143999999,436363.65501387115
886327.0944000001,900661.4869749063
886327.0944000001,849127.7690294851
886327.0944000001,1124968.841125642
886327.0944000001,1123602.0744522281
886327.0944000001,1040188.7474051167
886327.0944000001,754902.4221700628
886327.0944000001,902256.3334185041
886327.0944000001,904156.7668119145
886327.0944000001,850214.4259923885
304295.1503499999,548826.2520792834
304295.1503499999,466271.9842335213
417237.17404,572221.9684951451
417237.17404,569666.3713536086
417237.17404,751948.6163813358
417237.17404,651930.2610705155
417237.17404,404621.22536716395
836223.7771699999,765747.3435815244
836223.7771699999,615312.8783002946
836223.7771699999,689614.5984546379
836223.7771699999,978540.3463874647
836223.7771699999,641585.9456260183
845658.8304499999,779081.8730339264
845658.8304499999,1062710.486478042
845658.8304499999,694178.5788701461
845658.8304499999,923714.7663786986
845658.8304499999,692545.9148316705
845658.8304499999,982176.6471929984
434862.0348,437667.1692052642
496863.2634249999,478582.55728819396
496863.2634249999,357058.3498622897
305348.50345,213469.03229225974
305348.50345,244096.7229037803
365400.6797,576864.609951519
365400.6797,237954.6942495359
365400.6797,272283.51744369214
571885.74705,522640.82017645205
571885.74705,864886.3663604358
589312.614425,503946.76352089585
589312.614425,656553.579218574
274942.31165,306012.63214163383
274942.31165,280584.06806323637
508629.06177500007,448107.51096519467
508629.06177500007,399605.47896482196
508629.06177500007,642203.8279827104
508629.06177500007,381090.1798133119
312624.588,548927.8435856106
312624.588,540654.047933194
749398.5298285712,1103658.9286745004
749398.5298285712,879174.6029366486
749398.5298285712,1024733.4091883309
749398.5298285712,1026471.8639102385
749398.5298285712,726912.041926824
749398.5298285712,884814.2295772026
749398.5298285712,768236.4706041946
513036.9985,481343.90967648773
513036.9985,477606.7409603605
213816.2122,556299.5555592582
213816.2122,419823.8252191212
772677.728,659978.0014726636
271840.3001,574768.473251773
271840.3001,429364.83612789324
371281.9336,409011.40652580967
371281.9336,278389.82223838003
481931.209,643574.5002624064
481931.209,410518.3207640733
475065.69445,377622.4499750057
475065.69445,661443.9795162627
538935.5163499999,671724.4709205442
538935.5163499999,710403.2828556977
721672.6891428572,674507.5126663522
721672.6891428572,754270.865555769
721672.6891428572,823192.352888392
721672.6891428572,816342.3889412262
721672.6891428572,820088.4204157916
721672.6891428572,667168.6075716108
721672.6891428572,902449.2252865807
356749.4977,693861.5686775723
356749.4977,768437.7181638776
566241.64585,603307.981739241
566241.64585,603613.6881610223
566241.64585,601383.9652343936
566241.64585,541508.8771884613
411404.9716,355762.5156668652
411404.9716,355205.98896479234
411404.9716,466692.57998995023
411404.9716,460336.8434413544
2103175.8242749996,1235825.0028879403
2103175.8242749996,1325553.5527587547
472493.71365,795599.732129491
472493.71365,489465.7777538431
472493.71365,836889.1430145199
472493.71365,511268.54034582805
542309.926075,453575.1093850267
542309.926075,656308.4995878822
220979.638225,379106.8268837105
220979.638225,491208.90526736213
521420.7085499999,711581.6924988076
521420.7085499999,503015.8028740756
656813.711575,1014471.686941718
656813.711575,774692.512446216
656813.711575,772166.2866072325
656813.711575,1056050.5611785396
656813.711575,1055649.7935645368
656813.711575,773289.4330618754
656813.711575,1057847.528205523
651672.1092812499,779254.8581691765
651672.1092812499,710952.0635085269
651672.1092812499,915373.3531435115
651672.1092812499,707072.570730261
651672.1092812499,629988.4608701469
651672.1092812499,850108.6548192007
651672.1092812499,850572.6011898784
651672.1092812499,656144.2042546642
537552.2234499999,475031.0545561776
537552.2234499999,647201.2143918483
298077.74255,628880.4335452943
298077.74255,340461.0209268706
298077.74255,464977.0521316445
470724.506875,580283.1369515761
470724.506875,710221.2056331903
207270.3696,218590.9296689444
207270.3696,209696.72042133054
654249.1205999999,783997.9267533863
654249.1205999999,931415.4790274308
654249.1205999999,785186.2101174869
654249.1205999999,886649.6623142259
654249.1205999999,787559.0701151172
654249.1205999999,783632.0942417519
654249.1205999999,1061874.2250707708
654249.1205999999,1023731.5122115887
654249.1205999999,859682.6961096892
458613.1524999999,344046.84076968464
458613.1524999999,346107.2681307092
458613.1524999999,464042.7759913997
456892.2435,513099.66362080455
456892.2435,548396.0899716296
847676.4737499999,895898.2106434377
847676.4737499999,981201.0515900956
847676.4737499999,1018660.4412696084
847676.4737499999,764420.618683818
847676.4737499999,1096175.3666389051
847676.4737499999,1022429.6633750014
847676.4737499999,1026446.1642073367
847676.4737499999,1026352.4052856572
847676.4737499999,701745.3279945161
847676.4737499999,703543.4343657602
847676.4737499999,829022.4112083183
847676.4737499999,703605.6891511837
847676.4737499999,706477.0008660238
753420.9759000001,789563.0278304116
753420.9759000001,918277.218177147
647982.88065,819320.8100459466
647982.88065,840488.0730389289
596554.8882999999,868738.5614363345
596554.8882999999,959666.1980115189
566481.624925,798826.132360122
566481.624925,708195.8619040914
566481.624925,708381.6667501508
566481.624925,1073243.2684499063
566481.624925,942242.4727493569
566481.624925,994060.7494127601
566481.624925,855940.2555513808
566481.624925,658275.700314167
530292.4421,664348.4697715394
530292.4421,657298.6086568695
254672.1586499999,550794.290493327
254672.1586499999,205836.0510062126
437719.0584,758503.298103964
437719.0584,623935.5256575452
374129.10176250007,488031.46120225795
374129.10176250007,487783.8166606487
374129.10176250007,461484.2755746296
374129.10176250007,594404.8646711996
244248.91515,339073.2171117972
244248.91515,252089.68189723958
282230.137125,354736.4745541361
282230.137125,256571.89823185717
489552.4679499999,506051.8820580128
489552.4679499999,510546.35165669734
723216.71965,519501.29272966227
723216.71965,795778.696068364
723216.71965,609246.9969622551
723216.71965,429068.55309095007
723216.71965,486080.0011276875
474421.27652499994,545457.8892699128
474421.27652499994,770307.9438699307
474421.27652499994,625742.5385135097
474421.27652499994,629073.8789838023
474421.27652499994,630780.4871785243
605748.4739999999,708020.5506935955
605748.4739999999,566388.371083702
605748.4739999999,527353.9432504354
605748.4739999999,729444.2408161536
556131.3362499999,576050.7249535477
556131.3362499999,430627.14479800273
556131.3362499999,576617.7834812399
556131.3362499999,720188.9005509538
338832.69879999995,269982.99079168576
338832.69879999995,339452.01738141367
624733.4025500001,586295.3468040479
624733.4025500001,879189.8592934448
852901.7161999999,480132.9417185193
852901.7161999999,476614.01593827055
357207.7073,289498.4988758192
357207.7073,540872.5301259789
831168.2969600001,921283.7691454858
831168.2969600001,918549.870965469
831168.2969600001,650342.2453697037
831168.2969600001,644776.2475037941
831168.2969600001,645706.1510650747
831168.2969600001,646385.6171488443
831168.2969600001,726860.278994264
831168.2969600001,855335.7571691365
831168.2969600001,605435.304708069
831168.2969600001,729297.3509618473
284235.53905,571624.432877422
284235.53905,429551.9283648806
284235.53905,549237.5310962796
782218.5259428571,988092.386000141
782218.5259428571,1060965.1658787644
782218.5259428571,987982.4444487134
782218.5259428571,991355.1805339608
782218.5259428571,849355.2794499546
782218.5259428571,914866.0579318565
782218.5259428571,645441.2065128991
340025.6371249999,357285.3111561697
340025.6371249999,264216.5525465551
514877.6919999999,664670.0001785848
514877.6919999999,771403.5634185579
306758.275125,376138.38142378035
306758.275125,510527.95263464574
2442754.1980090905,1267969.8974173951
2442754.1980090905,1267407.541462976
2442754.1980090905,1188185.3927223147
2442754.1980090905,1092020.385816581
2442754.1980090905,1344181.5387364696
2442754.1980090905,1184771.8218264242
2442754.1980090905,1164545.864306022
2442754.1980090905,1191154.9477355105
2442754.1980090905,1188381.1198368561
2442754.1980090905,1343497.022973868
2442754.1980090905,1121978.760997311
668160.76221875,780562.9168385185
668160.76221875,916084.5029293715
668160.76221875,776662.1277935208
668160.76221875,912115.3071150128
668160.76221875,780303.2956496272
668160.76221875,776488.4934149553
668160.76221875,778397.3752902625
668160.76221875,715247.2441203337
668160.76221875,985150.626104947
668160.76221875,962731.9948532193
668160.76221875,842952.1923565115
668160.76221875,821070.2105470975
1032946.1006999998,861825.9421490907
1032946.1006999998,815160.0697742488
362818.6742249999,499966.1554745347
362818.6742249999,393500.108825207
239904.9697,346342.02782199375
435288.1731,484958.9493637474
622099.28,741357.4530662122
622099.28,1006912.8082493797
622099.28,882943.0071474799
622099.28,966486.7773963369
622099.28,828734.760265658
622099.28,876533.23380809
622099.28,882571.2542033468
622099.28,683050.6664464078
622099.28,811328.9083839036
622099.28,681756.0661690127
622099.28,812485.000143105
878386.81383125,763265.4318341097
878386.81383125,764181.7103334725
878386.81383125,1050495.4133761371
878386.81383125,1055026.8523133153
878386.81383125,1054373.9996672836
878386.81383125,760822.9088561386
878386.81383125,761636.8890354258
878386.81383125,841489.3840932671
584256.3207749999,408342.3370013479
584256.3207749999,595882.6061007575
866733.5660499999,735821.0060530566
498973.889575,584510.5307070812
498973.889575,452744.1430236448
664014.94705,593297.8963897334
664014.94705,829569.5366277769
664014.94705,832587.669464995
664014.94705,592530.2806851551
664014.94705,639829.921044982
246894.90625,363601.94796731794
246894.90625,631818.5910230596
246894.90625,560087.2506376209
246894.90625,331698.0291113047
408159.7508999999,348106.24674730946
408159.7508999999,347860.2971668158
408159.7508999999,584408.2850840238
321003.37399999995,407276.58795136644
321003.37399999995,395959.93666798953
321003.37399999995,469600.4148364977
370604.06435,419584.69165520085
370604.06435,421473.01775651035
370604.06435,678640.2186438591
370604.06435,678418.3170521301
591149.6241,775249.5665217168
591149.6241,627051.0635285742
591149.6241,918826.6468999225
591149.6241,979304.4553895302
591149.6241,912727.8089980652
591149.6241,717698.9080051496
591149.6241,851017.5861292863
591149.6241,717846.0475738727
591149.6241,795491.6700205625
446659.01607499993,615251.8549294162
446659.01607499993,490632.8292884504
436590.381825,573791.535843082
436590.381825,441501.28751155577
436590.381825,717317.4205098487
436590.381825,390523.04549602786
436590.381825,676815.9255834628
436590.381825,682061.8547307667
768924.8363,533389.4665713576
768924.8363,544105.600220693
505062.06491,819968.9405943629
505062.06491,628777.599054149
505062.06491,774070.07656132
505062.06491,772732.6580009887
505062.06491,590588.2914835978
392308.6069,589541.88221014
392308.6069,446498.1521294888
392308.6069,285576.8482700224
412296.9700625,324138.65102021943
412296.9700625,323840.0071251118
412296.9700625,579443.3536271721
412296.9700625,401361.7716405684
352183.833,307155.2194372353
352183.833,567808.7612186912
537237.5990500001,528423.5014127813
537237.5990500001,451198.111197766
2798403.5418999996,1324489.3375070095
2798403.5418999996,1255913.454096766
2798403.5418999996,1560205.7165776764
557423.689425,498582.9449882492
557423.689425,698584.1929729165
860350.293125,910402.5259585684
860350.293125,909502.8244025025
860350.293125,706450.9722009219
860350.293125,629861.390976273
860350.293125,706330.5856960212
860350.293125,715752.8115496004
860350.293125,714735.5837042402
860350.293125,847025.1309615026
860350.293125,716160.5092253771
393625.368425,378618.3292245421
393625.368425,284908.01918727614
379413.6278249999,246766.27289435756
379413.6278249999,391975.8699322734
886520.3915142858,740460.4779722163
886520.3915142858,588620.3980990154
886520.3915142858,736301.4038367436
886520.3915142858,804817.1907699003
886520.3915142858,682569.7069336722
886520.3915142858,684046.6465391662
886520.3915142858,769199.6091670103
756707.393425,760092.4616725085
756707.393425,559682.1080826565
756707.393425,552505.5846734146
756707.393425,622682.8428120945
756707.393425,511804.59250146983
756707.393425,510899.72774432035
756707.393425,649557.6101717018
756707.393425,867556.9005611893
846543.2729249999,761116.2536948413
846543.2729249999,902994.3577420102
846543.2729249999,907684.2995546297
846543.2729249999,761116.2536948413
846543.2729249999,607956.8081683152
846543.2729249999,787176.0620728263
733306.41895,961403.4263557583
733306.41895,918153.8337374842
585510.853675,561591.9466435087
585510.853675,457518.1830899543
405545.78475,592729.8556301025
405545.78475,317580.073769538
401559.8006875,756741.3824554213
401559.8006875,618391.1611943666
401559.8006875,667658.5828235911
401559.8006875,575548.7853350667
401559.8006875,445834.80783449544
401559.8006875,473164.6504453026
415494.6809499999,590868.2451790819
415494.6809499999,448649.29414351814
611900.07988,828355.9826493192
611900.07988,748568.119590076
611900.07988,686828.7765093294
611900.07988,829519.7309066775
611900.07988,693698.9244594078
204228.014,284475.90856771957
204228.014,396720.51057263964
1103042.9263,1044746.297464439
1103042.9263,794048.4254426566
283413.67329999997,258208.56428725575
283413.67329999997,200362.18872986105
259248.0555,408830.4962099391
259248.0555,382689.5088179219
647422.9556,563644.5109537985
647422.9556,790038.97473551
647422.9556,650993.039566884
647422.9556,795965.0126664133
647422.9556,465251.02562241454
647422.9556,726724.9954654345
576998.291290909,822474.1738800012
576998.291290909,954905.8912875315
576998.291290909,867560.7624985278
576998.291290909,819890.7130851026
576998.291290909,1072464.022012435
576998.291290909,870647.2197245337
576998.291290909,873967.6719026079
576998.291290909,803268.0309813186
576998.291290909,925353.3210802537
576998.291290909,675529.13088255
576998.291290909,909323.3995750971
658841.94916,585769.1949386188
658841.94916,519499.9308538652
658841.94916,864864.9416030046
658841.94916,812873.4272585919
658841.94916,483851.557807758
480266.2946249999,626386.6596510677
574711.6295,485638.8035513051
574711.6295,501978.1781083369
574697.6804636364,1008956.2627679028
574697.6804636364,1005500.9602688653
574697.6804636364,1007050.0949943105
574697.6804636364,1011842.852472136
574697.6804636364,743734.685724913
574697.6804636364,881840.1916677166
574697.6804636364,810670.7780630002
574697.6804636364,812434.5566043756
574697.6804636364,812164.1931993642
574697.6804636364,698663.8877514632
574697.6804636364,814782.8886450076
472096.88965,673750.8203613486
472096.88965,671621.4470826316
472096.88965,384720.73009540775
472096.88965,362295.3490143181
1137395.56900625,1148443.3849734683
1137395.56900625,963062.8607796362
1137395.56900625,1144909.0175708246
1137395.56900625,856395.5906389006
1137395.56900625,858473.4804857752
1137395.56900625,860847.236223769
1137395.56900625,1144796.41061776
1137395.56900625,921616.873253098
440949.0603,708359.2437648127
440949.0603,403567.8579284801
231104.9763,258285.48891794495
231104.9763,509498.60694001307
231104.9763,240083.15607129084
761202.235825,595068.2996385538
761202.235825,666861.6305133161
217646.67195,367283.4006182647
217646.67195,275758.34832382924
645115.4607,797836.3290181144
645115.4607,652065.3833562023
645115.4607,704680.1800510378
645115.4607,590705.5404158442
645115.4607,730472.5041661385
895868.1598562499,756481.9341446726
895868.1598562499,606365.1192932632
895868.1598562499,604772.1682133891
895868.1598562499,603784.213287727
895868.1598562499,903207.7264703349
895868.1598562499,556903.5865004997
895868.1598562499,696881.7952570074
895868.1598562499,783927.5463451397
453876.0703375,487999.3708776266
453876.0703375,349768.46761339967
453876.0703375,463871.9361097561
453876.0703375,456807.0496327642
1344357.62795,999365.4358551628
1344357.62795,867300.796979571
1344357.62795,965913.6337824597
1344357.62795,1127760.1388979892
1344357.62795,1127662.8317917318
1344357.62795,867486.9067630727
1344357.62795,1006609.0205426898
1344357.62795,922080.6727205886
1344357.62795,924638.7256452948
1344357.62795,1040141.7875528713
1344357.62795,797242.888958772
1344357.62795,1038788.068633503
1344357.62795,917674.2557026075
538559.5802454546,850183.5391333948
538559.5802454546,796234.26868587
538559.5802454546,847477.2772482282
538559.5802454546,974058.4198284172
538559.5802454546,974155.4133645581
538559.5802454546,974735.8761778908
538559.5802454546,656625.004814409
538559.5802454546,906346.483180502
538559.5802454546,668674.8939280978
538559.5802454546,907591.6137310882
538559.5802454546,742186.8993794277
542337.6476125001,661200.6884371499
542337.6476125001,514095.08725890814
542337.6476125001,352546.12974000844
542337.6476125001,616440.9243735401
146454.0561,243655.61990051297
146454.0561,242270.7780823413
146454.0561,227750.57292503066
558159.1619714285,730590.9356953216
558159.1619714285,1099036.074186041
558159.1619714285,880270.4085251588
558159.1619714285,875952.8326369158
558159.1619714285,1016981.3883255647
558159.1619714285,826127.2595273681
558159.1619714285,1057519.9636784305
2580365.3187,1050728.5189121072
2580365.3187,1227864.0047224015
843825.956775,1035916.9928781082
843825.956775,893264.1909764078
843825.956775,743170.9588962574
843825.956775,750139.8126445058
843825.956775,1115934.6408606977
843825.956775,984192.0179986588
843825.956775,1033639.6932385599
843825.956775,1089600.048772243
698942.3718750001,832078.4946078049
698942.3718750001,879894.4969764026
698942.3718750001,611937.0842021205
698942.3718750001,690156.3948424117
698942.3718750001,879651.311674795
698942.3718750001,507414.66181960725
698942.3718750001,506172.2881666391
698942.3718750001,631984.5472895126
584351.7725961539,993202.2809188259
584351.7725961539,742425.9119836272
584351.7725961539,991401.9410176467
584351.7725961539,948938.1960188553
584351.7725961539,744561.4150301991
584351.7725961539,992606.1692000923
584351.7725961539,1060718.0259729312
584351.7725961539,921069.9370157999
584351.7725961539,920238.4742102302
584351.7725961539,687098.6733465983
584351.7725961539,921756.2191906191
584351.7725961539,806305.0357083459
584351.7725961539,937686.1438637595
803196.4753,901254.8645552523
803196.4753,884232.7902890451
163649.277025,285736.9644858668
163649.277025,462467.91319850297
966985.3807,1035330.1857087774
966985.3807,1033418.1219321539
966985.3807,1039183.6040204818
966985.3807,750587.294030199
966985.3807,1036109.9083063713
966985.3807,1117057.5572670875
966985.3807,685311.2093958288
966985.3807,839396.3521500141
966985.3807,841156.4876242221
869780.5468499998,902082.8214104956
399564.7451,490692.40466148
399564.7451,491560.8397057755
399564.7451,605938.3400253835
399564.7451,458611.42102708545
626303.62625,892272.240294317
626303.62625,1015688.2239643654
626303.62625,754132.6089734527
626303.62625,1018825.4687522543
626303.62625,757607.8247056749
626303.62625,1020771.7249099116
626303.62625,889288.2185013848
626303.62625,697510.5165383635
626303.62625,695952.1915900287
626303.62625,825091.8046125042
626303.62625,823077.3727677288
626303.62625,1059520.5251042175
320802.7017999999,395654.6024316614
320802.7017999999,419444.8101003651
317404.56899999996,312326.66554149374
317404.56899999996,312292.1041704486
317404.56899999996,607864.3934970563
437082.4599,423917.0253291565
437082.4599,482387.58273161063
437082.4599,455164.4836849517
201736.44265,376113.89819867985
201736.44265,241258.45398667443
201736.44265,208931.3848054629
1013179.1904886364,727533.6734135224
1013179.1904886364,654268.704701473
1013179.1904886364,653602.1316626238
1013179.1904886364,654745.9937991921
1013179.1904886364,726218.6598246899
1013179.1904886364,928452.0792444521
1013179.1904886364,863959.7725011887
1013179.1904886364,605225.5398301589
1013179.1904886364,602740.2042136975
1013179.1904886364,737436.1376921977
1013179.1904886364,862572.7699003107
401537.81395,513683.4241578756
286468.39342499996,522581.9761806453
286468.39342499996,395065.79149043525
262383.0751,278699.23460792814
262383.0751,477459.6373536935
262383.0751,267439.6660045322
579817.62875,579175.8852727442
579817.62875,867113.3481218352
579817.62875,723812.8767605046
579817.62875,577714.6942774008
579817.62875,799926.7901130393
579817.62875,667569.8682085522
579817.62875,531933.7816596844
579817.62875,531087.8253197871
514769.454475,813920.4591020436
514769.454475,757098.316098015
406212.039825,336457.2682661786
406212.039825,456331.4910300701
791435.1293333333,847392.7487545924
791435.1293333333,637259.5657656946
791435.1293333333,773713.9675216307
791435.1293333333,776263.0451947436
791435.1293333333,641039.6172230926
791435.1293333333,845304.1984404487
791435.1293333333,852095.937007761
791435.1293333333,852379.2975622251
791435.1293333333,847436.9442162334
609484.22485,519482.93287869706
609484.22485,745181.307913748
588744.3996,825300.642683515
588744.3996,777150.4906790066
864856.6033499999,573307.7138445517
864856.6033499999,677850.0184763883
936574.405,713191.9336297009
936574.405,789060.7412722535
419877.639375,658539.0539220581
419877.639375,663897.7958287463
419877.639375,660394.7053962114
419877.639375,714850.7187208848
419877.639375,796074.9282341714
419877.639375,494238.3921173087
419877.639375,608568.4602899617
419877.639375,617209.699925402
419877.639375,609355.0010731366
775340.1624125,802575.3544282665
775340.1624125,949640.3573414088
775340.1624125,1008027.1725767064
775340.1624125,709351.5450071532
775340.1624125,859120.910592489
775340.1624125,806754.9647175483
775340.1624125,652045.6245134433
775340.1624125,665493.4872343696
2597209.99385,1106647.8224409665
2597209.99385,1251265.9546352627
666380.30133125,741044.1270247204
666380.30133125,804186.8784283961
666380.30133125,668227.5116441837
666380.30133125,933525.8280805764
666380.30133125,801760.6923492328
666380.30133125,801480.1533994214
666380.30133125,865712.8630126503
666380.30133125,867287.0225956815
666380.30133125,866215.8371289211
666380.30133125,741748.3288792934
666380.30133125,743656.818185984
666380.30133125,878737.864851619
184697.0255,231543.24186546536
568860.0867714286,648643.5100484054
568860.0867714286,870029.8201357966
568860.0867714286,726229.6334282854
568860.0867714286,652971.1167775339
568860.0867714286,792528.7272833873
568860.0867714286,809038.2391637354
568860.0867714286,533397.6553883032
668540.1556843751,802199.786447181
668540.1556843751,517804.8795032274
668540.1556843751,512603.6915643652
668540.1556843751,513603.44273462717
668540.1556843751,610617.0222308852
668540.1556843751,610873.2459967164
668540.1556843751,599636.7936073376
668540.1556843751,481240.08592458576
783409.6377,886347.8130501618
783409.6377,673285.63928292
783409.6377,597209.6028272446
783409.6377,597209.6028272446
783409.6377,743220.7346617974
783409.6377,700888.8895806829
406370.26798,595417.1072496008
406370.26798,466956.9862122641
406370.26798,613036.4674407543
406370.26798,700529.786677504
406370.26798,750813.9070318347
417230.83215,444297.05328646797
302522.0179625,440088.20138926734
302522.0179625,310774.8161993074
302522.0179625,423330.84393485455
302522.0179625,416578.51373184734
566526.189125,723901.0518806103
537485.4709249999,793186.6125400356
537485.4709249999,924287.7918725652
576916.2273,720338.2080223669
576916.2273,581444.4973149907
620733.9870000001,623924.4369804495
620733.9870000001,480282.8152327969
620733.9870000001,773049.7457987613
620733.9870000001,580662.540766465
620733.9870000001,513080.9622399594
415111.14929999993,615766.9140714841
415111.14929999993,507527.93621461204
365965.90313124994,778056.7324903957
365965.90313124994,591455.3074636256
365965.90313124994,453437.5504097481
365965.90313124994,430903.46024044877
608753.38455,492533.42474563443
608753.38455,768649.6768855918
608753.38455,534218.2986736319
544472.9410400001,524054.00984803424
544472.9410400001,670644.5598268128
544472.9410400001,524054.00984803424
544472.9410400001,493389.7577445066
544472.9410400001,657787.1066991545
707122.7929499999,907192.2629673614
707122.7929499999,674402.8961921101
707122.7929499999,973902.6326790095
707122.7929499999,675017.8152447529
707122.7929499999,671144.2790300269
707122.7929499999,973041.7631895967
707122.7929499999,1010814.91849824
882294.4593,713133.3629398437
291045.151,539992.2519923076
291045.151,527014.4072301709
443324.4188,443705.1053927828
443324.4188,448818.44516263914
443324.4188,639557.6975239638
443324.4188,417428.4881241996
919931.76915,824346.86475801
649944.6679375,781017.7051288502
649944.6679375,920456.8515026383
649944.6679375,924193.1964741388
649944.6679375,633811.6630556479
649944.6679375,780713.8808828429
649944.6679375,858584.4761236147
649944.6679375,718911.4014094524
649944.6679375,854798.8400857043
484490.6157142856,709264.3795857141
484490.6157142856,577566.410944976
484490.6157142856,851372.8532856698
484490.6157142856,645901.3581873693
484490.6157142856,714199.2479925824
484490.6157142856,573631.6677112217
484490.6157142856,841792.3054322415
649314.0845499999,661035.4107174932
649314.0845499999,588616.3272433259
649314.0845499999,733279.3122160152
649314.0845499999,586947.2404130582
649314.0845499999,587964.9504442207
649314.0845499999,670069.3446083793
393849.84180000005,426043.1908593862
393849.84180000005,439013.71682220395
584966.4135499999,795852.0344204073
584966.4135499999,573977.6983338285
405838.57255,601482.1633124958
405838.57255,330692.1718966462
646305.969,707040.7634170323
646305.969,739401.8878002532
646305.969,706182.9365073771
646305.969,640016.030046366
646305.969,668849.2848998221
416519.2251,464608.5322368802
416519.2251,460586.01208945847
332714.20110000006,313093.3356229281
332714.20110000006,544790.6695288847
1378634.466618182,1088603.1659567277
1378634.466618182,911042.9492468489
1378634.466618182,1091220.2912979382
1378634.466618182,818968.045050239
1378634.466618182,818868.0435214892
1378634.466618182,963887.1058003702
1378634.466618182,883820.3150010788
1378634.466618182,884064.0155492118
1378634.466618182,907144.2324515267
1378634.466618182,1009857.5331070188
1378634.466618182,1000477.3570208582
681158.7615,982020.178627867
681158.7615,715177.7982256388
509073.78635,650911.7185468925
509073.78635,649714.2356808706
509073.78635,571924.3088360574
509073.78635,783156.3073189424
509073.78635,475733.91326027224
509073.78635,605148.3014261101
509073.78635,604739.0453117942
509073.78635,739249.229235984
782123.4455,890515.5196463054
782123.4455,812934.6917672945
782123.4455,668166.4182071602
782123.4455,597770.7522043949
782123.4455,690238.2763714379
782123.4455,688223.1094340048
782123.4455,834163.0166719032
379157.2906999999,667792.2996293174
379157.2906999999,370439.3869532215
495071.640425,639695.6413928033
495071.640425,785160.2812880875
495071.640425,694507.513890876
495071.640425,638558.9614358372
495071.640425,743368.4212282121
588563.4963374999,1010802.8672613724
588563.4963374999,1088514.0032431625
588563.4963374999,883587.6395340681
588563.4963374999,1009842.1565679528
588563.4963374999,881236.4911110761
588563.4963374999,879623.321999104
588563.4963374999,936105.4015536795
588563.4963374999,684690.3303126408
588563.4963374999,955109.7838326886
588563.4963374999,1133828.743380208
420464.6684,620830.6323701395
420464.6684,608081.5825542305
420464.6684,588533.8663082315
666583.08354,806028.2983788367
666583.08354,762854.2598743
666583.08354,613362.0114749226
666583.08354,425392.6890889582
666583.08354,574875.8997029557
452720.29775,355464.656009563
452720.29775,496847.2770006503
452720.29775,610335.3725787556
623049.4231499999,626808.7433854576
623049.4231499999,775993.2476312263
623049.4231499999,485299.762474763
623049.4231499999,543509.7656636284
623049.4231499999,776891.3972302808
495586.7148,399971.25819926744
495586.7148,537600.903233359
495586.7148,371721.1050625376
806675.1668999998,888303.259962503
806675.1668999998,595231.897992568
806675.1668999998,945860.8970872767
806675.1668999998,740559.3567769321
806675.1668999998,889325.4543049377
806675.1668999998,675302.6112439057
232376.537575,236641.52861716895
232376.537575,341143.9511352945
524506.1480124999,793156.2581253981
524506.1480124999,651678.3205903545
524506.1480124999,787163.9467872661
524506.1480124999,834952.3512763592
524506.1480124999,482918.3277398492
524506.1480124999,730030.5475560199
524506.1480124999,598724.7466799875
524506.1480124999,750643.1225511811
543488.2418,662352.5114263949
543488.2418,398029.45967542264
846612.16105,516914.2511795227
846612.16105,810213.9370898106
846612.16105,663793.8833582865
846612.16105,662323.6423353484
846612.16105,743194.2256953093
846612.16105,614712.6293247625
846612.16105,481149.85594280803
537541.3563928572,852192.8228268678
537541.3563928572,854088.5622985809
537541.3563928572,850286.0418140102
537541.3563928572,1066450.7292575182
537541.3563928572,934413.3869610109
537541.3563928572,853291.7428459577
537541.3563928572,1030950.4850324111
836688.36663125,1058243.245871537
836688.36663125,760688.3812721372
836688.36663125,765278.7829158477
836688.36663125,763850.0822315499
836688.36663125,763441.9465499814
836688.36663125,762523.7964762398
836688.36663125,917836.6381743826
836688.36663125,984275.8408707622
607818.9449499999,938019.7846683009
607818.9449499999,1044234.6609778604
601609.9708499999,703465.7431773129
601609.9708499999,599748.588432246
601609.9708499999,633989.1168566967
203700.14735,212526.703987153
203700.14735,327094.064351368
640071.7437,407024.9386807925
640071.7437,577883.8237561152
496434.257075,646233.3480751377
496434.257075,530668.3176076784
601810.9966,413640.9036181046
601810.9966,605169.5821627886
719176.657175,594767.6136570522
719176.657175,739172.8120463605
719176.657175,740318.7538254128
719176.657175,941561.7638018838
719176.657175,808556.0230007612
719176.657175,817559.6741677758
507946.64595,555272.2697631939
507946.64595,597137.2976990327
507946.64595,702821.327333759
507946.64595,392035.56993257155
507946.64595,659100.7808325731
507946.64595,523326.6259507076
617805.4905,804634.1162154352
511299.33720000007,374717.20463675103
511299.33720000007,667200.9483714916
511299.33720000007,314676.7552604009
657588.6577249999,780089.2197100727
657588.6577249999,1026803.5347709853
479868.8342,820363.1184778515
479868.8342,556913.6636980938
479868.8342,825764.9998898145
479868.8342,555414.7805675522
479868.8342,822688.9145969348
479868.8342,643105.1602906568
479868.8342,769566.55687237
479868.8342,769867.2994426434
479868.8342,646762.3401748607
358941.56515000004,308799.98877188686
358941.56515000004,581980.5801532752
358941.56515000004,373015.707049456
403652.0645499999,509806.1494172107
403652.0645499999,369574.34907959116
403652.0645499999,344261.3011486529
512712.70514999994,578451.128963343
512712.70514999994,456907.99225174176
789748.1099999999,916511.5826102671
789748.1099999999,610775.6112449871
291770.2227749999,378117.5987190147
291770.2227749999,254689.10242087865
757644.854725,577951.9403998698
757644.854725,542917.2542406066
764722.79765,715901.0468780614
764722.79765,849360.8212606212
764722.79765,1076875.2846797537
525494.2488449999,906705.7875956343
525494.2488449999,719182.9550488369
525494.2488449999,717580.2847236551
525494.2488449999,586321.7581039745
525494.2488449999,587268.2713031874
525494.2488449999,669526.5850675714
525494.2488449999,670068.6680218456
525494.2488449999,547499.4927668611
525494.2488449999,669526.5850675714
525494.2488449999,559115.5391334895
585352.8322500001,586573.2996768461
585352.8322500001,588514.1684742298
585352.8322500001,736102.3299710441
585352.8322500001,888326.3858047766
585352.8322500001,820428.1471280472
585352.8322500001,680204.0455303238
502879.41305,478005.43615432247
502879.41305,496608.46782843437
621673.45249,909103.3121133676
621673.45249,915757.8043980683
621673.45249,632710.8312091512
621673.45249,910512.2787181872
621673.45249,909909.5874802202
621673.45249,911812.0805370166
621673.45249,588541.2506732141
621673.45249,585377.4586539716
621673.45249,718171.7445930381
621673.45249,853439.2237076568
831065.8271999999,646580.4410952263
459587.59591249994,753957.8935937153
459587.59591249994,605667.8336109057
459587.59591249994,794685.9871354569
459587.59591249994,463165.9933427677
639867.862025,663866.0476235775
639867.862025,565086.2794227875
835119.3993,557910.8466889602
835119.3993,697286.3686610427
835119.3993,689016.129690666
258352.42964999995,409025.90396631794
258352.42964999995,362091.22401923756
606926.8437249998,666662.1706772525
606926.8437249998,757857.9564417442
606926.8437249998,532076.2257810346
606926.8437249998,718123.6949816996
647011.0396499999,691283.8184455596
647011.0396499999,787789.6403226741
647011.0396499999,635578.1451596261
647011.0396499999,634947.5005102558
647011.0396499999,446320.6486367643
650766.91295,911719.1153969995
650766.91295,636203.0843036827
389895.0692,703564.9355831218
389895.0692,423253.67422718694
389895.0692,741280.0766645056
389895.0692,695179.6048286997
675219.0289821428,1026494.0704705883
675219.0289821428,910170.8167689831
675219.0289821428,913497.5617289175
675219.0289821428,913665.9562887189
675219.0289821428,786089.0862865358
675219.0289821428,868251.0657742484
675219.0289821428,780746.2417575885
675219.0289821428,1029867.2563149093
675219.0289821428,954480.9733571247
675219.0289821428,955858.19801958
675219.0289821428,725217.7292082134
675219.0289821428,955790.0281832862
675219.0289821428,723579.5882680682
675219.0289821428,955790.0281832862
325505.68785,348688.46895285975
325505.68785,635261.9235161163
325505.68785,455536.66002525133
722631.298625,1014762.4853662476
722631.298625,711881.7507426165
722631.298625,1009035.9915198986
722631.298625,865133.2365374977
722631.298625,1013461.3633216459
722631.298625,645916.3695535895
371905.8953749999,520746.8639994162
371905.8953749999,695780.2978858496
534766.9869,439613.1266273552
534766.9869,679028.8120041395
534766.9869,364149.482640759
499829.2814125001,683357.9018412686
499829.2814125001,547127.1885726886
499829.2814125001,688091.1402361852
499829.2814125001,687826.239988923
499829.2814125001,552705.6763397377
499829.2814125001,509725.16443292063
499829.2814125001,637434.5747834377
499829.2814125001,643757.4816696552
332812.7264,321238.6855354868
332812.7264,590433.6123556559
332812.7264,436704.3945221433
364696.206125,415288.0410803216
364696.206125,274696.328972014
448542.16494999995,560835.0216060148
448542.16494999995,575916.0159525749
584612.5624,449707.1748739884
584612.5624,809388.1773201128
483115.73885,659512.0743504394
483115.73885,531219.6186401064
835808.1761749999,700185.9990860099
835808.1761749999,628620.1174073421
887385.2725000001,546719.2934679596
887385.2725000001,834688.7969064383
887385.2725000001,689365.1883197774
887385.2725000001,687389.1337009692
887385.2725000001,496148.1626769834
887385.2725000001,630066.492997275
887385.2725000001,572252.4421422407
332221.96630000003,398945.61447710026
332221.96630000003,520718.2488016438
441983.88942499994,736637.1879833806
624358.1971,676939.809708301
624358.1971,697830.513474011
591612.218325,830367.4190712508
591612.218325,703194.3536600419
463542.0339,621085.0486547028
306386.67600000004,555643.7285701656
306386.67600000004,547652.9443591312
620968.1766499999,627880.7591710764
620968.1766499999,677919.1537235136
620968.1766499999,627042.3648086322
620968.1766499999,723596.0645072586
620968.1766499999,723970.1649109907
620968.1766499999,732636.6201416455
729956.1197,796496.4127816838
729956.1197,881091.9936787852
525957.0805999999,924046.9092852605
525957.0805999999,728537.2011871225
668123.2265812499,921169.5294787223
668123.2265812499,1019728.1616994448
668123.2265812499,780475.3779290556
668123.2265812499,1055952.8294352721
668123.2265812499,1058501.1517825841
668123.2265812499,775090.8342344108
668123.2265812499,777227.8864836763
668123.2265812499,729883.8595827463
2305212.2453499995,1161262.7311173938
2305212.2453499995,1467634.2162632719
660853.404375,569806.5640148121
660853.404375,799208.6577979297
660853.404375,792048.2328107291
660853.404375,840042.1479230594
660853.404375,472238.7603856651
660853.404375,605932.2985004466
660853.404375,479550.2733479631
425115.4106,319970.63521937834
425115.4106,313506.4735226613
967641.56415,680419.9505671952
967641.56415,817198.2642173154
967641.56415,814083.35483496
967641.56415,820573.833276298
967641.56415,820480.419290528
967641.56415,681484.5176810361
967641.56415,881568.2050897828
967641.56415,629539.1620022234
967641.56415,628796.2580788552
967641.56415,764588.942489362
967641.56415,630115.3974567177
967641.56415,761652.2060478866
922850.6573666666,846056.3936801298
922850.6573666666,1214512.3336429675
922850.6573666666,990585.6374694146
922850.6573666666,840956.8190170622
922850.6573666666,988240.5333593229
922850.6573666666,1092119.1569051384
922850.6573666666,991391.5903227013
922850.6573666666,1090765.6549481256
922850.6573666666,1052193.2530865527
949500.2888,700821.3122689809
949500.2888,855415.4292692229
949500.2888,996777.7973758862
949500.2888,693389.9449990377
949500.2888,1003540.4354804696
949500.2888,896535.9917778401
857719.0332375,987355.5411365221
857719.0332375,752317.1430496572
857719.0332375,987429.6655950348
857719.0332375,1033336.0132547345
857719.0332375,1040250.9836377167
857719.0332375,1036732.6571645399
857719.0332375,896430.2503455023
857719.0332375,1034239.7957400114
518768.0423000001,543166.4485991838
518768.0423000001,562143.3924972707
655829.9915,541433.5518554632
655829.9915,581318.5255036218
671474.7485499999,732181.6311091097
624532.5426,682695.4433161458
624532.5426,714615.7072214546
634990.7946000001,459039.6384311807
634990.7946000001,732353.4252710436
1045316.14645,897285.8510572519
1045316.14645,996254.39233517
294311.306375,630575.0254548074
294311.306375,490222.9865815544
644550.7729,640884.612961697
782010.5384218749,1023856.5531370114
782010.5384218749,1106116.1195863436
782010.5384218749,889013.7258586279
782010.5384218749,1025470.0110927474
782010.5384218749,888383.4904534321
782010.5384218749,826269.2750783421
782010.5384218749,970719.2379036323
782010.5384218749,678660.7275318969
2458467.03605,1047410.2522931367
2458467.03605,1236895.5177671649
204685.3164,535348.3070588943
204685.3164,542749.247462193
204685.3164,239799.06102084863
620648.23465,989350.2495936528
620648.23465,837383.620815451
620648.23465,968009.9481215735
2324612.60295,1236212.0913983071
2324612.60295,1214568.2188186562
540824.9262,484062.2213754746
540824.9262,348721.1103568684
386365.886975,513253.2865990066
386365.886975,685272.3384749596
438993.42445,661082.4016548264
438993.42445,374370.43783675757
438993.42445,352696.9862013462
438993.42445,622004.3325229487
638314.8609863636,777746.9070537043
638314.8609863636,911156.9469768393
638314.8609863636,636129.2438920061
638314.8609863636,904024.8126124756
638314.8609863636,841336.4203766547
638314.8609863636,636665.2224707417
638314.8609863636,844991.0525880272
638314.8609863636,719430.8441043712
638314.8609863636,720592.843312007
638314.8609863636,844481.6221721639
638314.8609863636,853913.0087492245
644436.02885,582290.8306399238
644436.02885,572874.0561288442
668609.521,593940.5461458522
668609.521,678186.5351597286
2292416.702275,1149721.8775901552
2292416.702275,1235915.3289463543
281974.29115,343538.0586883769
281974.29115,345224.2798374327
281974.29115,581373.2613767495
512403.3336,507577.50104157906
512403.3336,515637.6435887213
512403.3336,346991.36658423604
489012.32755,530744.8716648885
489012.32755,537089.1295611623
620940.4464,867590.2588299382
620940.4464,977413.1586623932
929863.69385,991508.9278100192
929863.69385,972641.5816008925
929863.69385,798156.3372686441
616996.68355,980337.7711113902
616996.68355,714991.0135092638
636818.051175,614385.5506003435
636818.051175,615967.7096886856
636818.051175,761839.3782360547
636818.051175,712952.7032308475
723460.2253843748,669426.3119822625
723460.2253843748,958799.8179077011
723460.2253843748,955411.8955158703
723460.2253843748,960617.0194663977
723460.2253843748,956549.1586970034
723460.2253843748,957780.7795884851
723460.2253843748,815187.3228857657
723460.2253843748,994057.1478727254
717675.4298999999,826388.9762326479
312600.88085,347095.0775994649
312600.88085,625425.8761011615
312600.88085,598399.902220039
312600.88085,324653.44687151036
537810.6396,714191.5694018971
537810.6396,558182.7143736829
365120.31365,341486.41619563755
484318.6751,661847.6442210018
484318.6751,547249.5853483488
694676.6171500001,410340.2246081548
694676.6171500001,729434.1888313176
488807.400146875,692887.0852032836
488807.400146875,503808.722601558
488807.400146875,504069.36185829097
488807.400146875,822507.4417520969
488807.400146875,469136.2678065229
488807.400146875,468352.486029169
488807.400146875,728174.6197262612
488807.400146875,727635.1381846154
675673.6869392856,796997.0883320242
675673.6869392856,569098.3527391601
675673.6869392856,510651.23164973524
675673.6869392856,648497.5592232777
675673.6869392856,605467.4531666619
675673.6869392856,593378.7302874783
675673.6869392856,533360.6392090775
435302.6870999999,542539.8655227083
435302.6870999999,398088.9241710874
435302.6870999999,542344.4673772479
435302.6870999999,388954.9690660779
388379.5166,637528.9658019624
388379.5166,635343.7935313932
388379.5166,455230.15492025716
1084296.787475,920116.1876909554
1084296.787475,794211.1670183893
1084296.787475,1039653.3446916899
1084296.787475,1037414.9309081951
1084296.787475,1111464.4382517587
1084296.787475,1038296.7122579364
1084296.787475,789194.4290712087
1084296.787475,1002785.4458949878
1084296.787475,965788.0668850647
1084296.787475,853668.1755006863
1084296.787475,985891.2354944828
1084296.787475,965629.4428590734
1084296.787475,966419.6684735945
1084296.787475,973907.5056163217
913094.9653,865832.4848087621
913094.9653,1010160.195924171
913094.9653,865489.3164776498
913094.9653,711579.9324434729
913094.9653,864228.6505161397
913094.9653,869927.5420810184
913094.9653,945629.0547403372
477005.38165000005,331843.9165541064
477005.38165000005,473320.4005233762
618618.2675,458254.8239078306
618618.2675,751022.4080867851
319614.06584999996,302731.4991564422
319614.06584999996,434958.38825172343
319614.06584999996,425294.2510691743
319614.06584999996,534286.7199702275
743696.2102499999,974381.0658761435
743696.2102499999,786414.9566325487
345964.8093,476606.2251968189
685957.15855,491231.1443038729
685957.15855,831798.3400910732
755454.3043357143,883431.5080847808
755454.3043357143,975006.7990766077
755454.3043357143,1030403.37145776
755454.3043357143,1111577.516551404
755454.3043357143,828665.4265993265
755454.3043357143,1106435.578261178
755454.3043357143,927074.836268183
513638.0312,471003.08269156615
513638.0312,491179.6105996242
286522.912825,521162.7239301699
286522.912825,370369.99099124083
878672.0779000001,466328.7705953699
878672.0779000001,509452.82696202875
609601.3457500001,721149.2750675746
609601.3457500001,815918.6385745227
341854.21161249996,597488.5796343894
341854.21161249996,580951.4246083023
341854.21161249996,572826.862638656
341854.21161249996,419672.7389326496
538340.26815,525645.5721579677
358350.50549999997,550218.078434673
303792.75515,414027.65786114446
303792.75515,273914.52007206617
1260130.3893,887030.1220052772
1260130.3893,888138.4116253385
1260130.3893,1166053.4549159233
1260130.3893,1037700.4882555346
1260130.3893,1170765.8920084608
1260130.3893,887332.8596436463
1260130.3893,1168497.44016054
1260130.3893,1032558.8779187633
1260130.3893,891928.7107755328
1260130.3893,1067178.186543154
570539.7313500001,345530.18852192664
570539.7313500001,652765.6678517484
313380.72445,252662.71152976505
313380.72445,491739.05836461583
392482.0307,485725.77361548645
392482.0307,349113.27181752544
392482.0307,459968.7210787179
392482.0307,591749.4731471436
920754.9215425,919393.7178236195
920754.9215425,921443.8803049338
920754.9215425,726734.4479026985
920754.9215425,789830.3062725826
920754.9215425,860422.7922099263
920754.9215425,733798.4308083168
920754.9215425,728798.9203681966
920754.9215425,599093.2326801205
920754.9215425,857567.0328135928
920754.9215425,721009.1481930898
785625.12745,575021.607080411
785625.12745,577324.8255726442
548949.510175,491886.0794781606
548949.510175,580680.2603865532
548949.510175,437649.1920808277
548949.510175,576717.8513907087
420000.75408,773636.3338131665
420000.75408,488843.0461244129
420000.75408,772018.2735157796
420000.75408,770128.8306575365
420000.75408,464892.7676623865
255700.043,491764.6053734089
255700.043,518379.0348035765
255700.043,374715.3110688732
794207.4549000001,806771.6050010336
794207.4549000001,644418.2957998444
448235.76215500006,593911.3759960101
448235.76215500006,594918.8579480066
448235.76215500006,782494.8506659346
448235.76215500006,694188.6781627163
448235.76215500006,556557.2664863747
677177.5001,758346.7446597521
677177.5001,588336.3451505657
677177.5001,851057.0571220797
399949.79605000006,310294.55557288975
399949.79605000006,313153.29370665556
399949.79605000006,378578.8992973691
399949.79605000006,419985.96911736456
1191983.834625,761384.9676770596
1191983.834625,1163080.7736412461
504998.7287499999,461983.0887856079
504998.7287499999,451054.7530594424
501204.05665,774053.6149607492
501204.05665,788129.3697427972
576868.4459000002,862690.5729770679
576868.4459000002,869001.0910553371
665333.95985,793241.4916221605
665333.95985,1047468.0037862321
817072.6902,858858.8307345724
817072.6902,706057.6129474734
817072.6902,819006.7293249129
304518.51290000003,247599.23795589805
304518.51290000003,273139.561808811
1322163.5287,999134.332376278
1322163.5287,1116222.3751878713
395771.907,454277.89130512264
395771.907,320448.95216963196
395771.907,569722.1628445128
395771.907,424609.0356920242
2517777.173299999,1046401.6786233399
2517777.173299999,1352730.7190058904
610314.29336,580264.9284579118
610314.29336,578406.6420908591
610314.29336,621569.806739606
610314.29336,517710.41537813295
610314.29336,452282.15758244257
882735.099725,693644.8723704711
882735.099725,547113.9215776757
2583245.4281,1067937.873121507
2583245.4281,1155740.4652993325
648167.2950045455,947137.7254894115
648167.2950045455,675066.0034620075
648167.2950045455,942072.768475313
648167.2950045455,881249.8768196881
648167.2950045455,806908.0800808037
648167.2950045455,1006418.5342923324
648167.2950045455,756141.2486997234
648167.2950045455,882980.4815825807
648167.2950045455,622108.7043363147
648167.2950045455,877433.6008890423
648167.2950045455,834400.8073157496
619014.3322999999,749178.9291743792
619014.3322999999,748799.8888509106
619014.3322999999,465350.5532824748
619014.3322999999,413952.25172089756
619014.3322999999,698306.580542091
619014.3322999999,749418.9470146606
222510.3853,254988.98682966322
222510.3853,318970.8022044078
222510.3853,341442.2661449253
377161.5935,446669.3489752461
377161.5935,428590.38276537036
377161.5935,288468.49833816855
1267334.2195,919680.8312427874
1267334.2195,911927.6164400848
1267334.2195,1017640.1559803499
631633.212025,714380.3411059512
631633.212025,960861.530395451
420086.14825,352961.6099676913
710730.8827000001,557579.6785548844
710730.8827000001,844071.5903436913
710730.8827000001,944497.5944559628
480354.61175,424125.4162345566
480354.61175,427894.31349060853
480354.61175,533882.9400485981
2609569.7697999994,1326540.3308198662
2609569.7697999994,1247086.6301215698
591633.76735,654867.8705547263
591633.76735,509221.33336367796
591633.76735,692860.6576032699
743834.4575499999,653755.4323750713
743834.4575499999,716605.5890119893
743834.4575499999,801231.1621112443
227878.6483,258194.7500884678
227878.6483,222903.06045367906
1243950.3701000002,759840.0946395533
1243950.3701000002,1015800.2939084749
326152.57605,397953.1490466237
326152.57605,386904.3763227188
662646.15985,704295.1002894315
662646.15985,649212.5881096841
662646.15985,795854.4666686868
662646.15985,451051.4375019927
758459.6763299999,760124.3227014353
758459.6763299999,610600.3312047009
758459.6763299999,803892.3045420839
758459.6763299999,611182.4473336651
758459.6763299999,622431.7926899341
219248.4474,288047.68300878635
219248.4474,280717.0188359525
219248.4474,391955.25725470803
597421.57268,494523.3190599935
597421.57268,494041.78333007457
597421.57268,554966.6062669317
597421.57268,720119.1834982323
597421.57268,733329.274165579
409169.093975,385961.62276698725
409169.093975,564153.9697476926
626850.6852499999,402188.07778134337
626850.6852499999,571626.1769455522
424577.52585,425820.1727275917
424577.52585,555662.291866936
206320.08,484141.86854088213
206320.08,506276.580642213
206320.08,228375.02307687904
743171.3365999999,707525.8944163794
743171.3365999999,711848.0251315308
393058.809,442387.41398835374
393058.809,606083.8129181635
393058.809,389010.0450011682
393058.809,295153.35744985717
642021.8552,611837.3091328301
642021.8552,808479.7058344136
609925.514425,712380.4686159053
609925.514425,865371.9160190977
472269.2294,568482.9984249119
472269.2294,619155.0098959126
590330.4879,552171.0871430025
590330.4879,454762.55139188113
2354515.32435,1062453.564557761
2354515.32435,1145467.0995286533
2354515.32435,1343256.6818420494
510993.8796599999,539565.438859949
510993.8796599999,765316.2793836755
510993.8796599999,677729.6908100445
510993.8796599999,478407.21756478935
510993.8796599999,587686.3185749978
661559.38395,497858.42122537014
661559.38395,809082.3539250778
473630.7322,673204.7239488236
473630.7322,682783.4607946454
219546.50649999996,224637.2854681728
219546.50649999996,485510.87939997937
282583.53035,566021.543424634
282583.53035,288417.76733276254
282583.53035,527059.1240965014
297922.908075,392593.98147199716
297922.908075,528044.4921373336
750852.9766375,756896.7976972379
750852.9766375,1017890.4809149101
750852.9766375,1018253.911981734
750852.9766375,678435.7740721278
750852.9766375,948401.4988275236
750852.9766375,756111.6990940385
750852.9766375,755180.1509448765
750852.9766375,754218.9136851948
750852.9766375,754012.8993891481
750852.9766375,874306.3033539539
528743.8170250001,848231.3069923439
528743.8170250001,1055062.2657656036
528743.8170250001,978495.6587481399
528743.8170250001,850804.7194314537
528743.8170250001,981415.8017701391
528743.8170250001,1054610.6575324954
528743.8170250001,786040.7158156964
528743.8170250001,910023.5352369486
528743.8170250001,654435.8684595362
528743.8170250001,666928.2461932458
849190.8492928571,881690.7867151832
849190.8492928571,589519.1437565607
849190.8492928571,796016.1757111907
849190.8492928571,589008.1602161129
849190.8492928571,816806.2737396898
849190.8492928571,812169.9238576134
849190.8492928571,813958.5585045859
395319.74510000006,312680.03670294204
395319.74510000006,301606.58387749735
523648.7413749999,441534.2765876905
523648.7413749999,599081.8750972226
541514.4914,426700.6192322207
541514.4914,426608.19135368295
541514.4914,567069.4382298538
541514.4914,664300.4443739672
519017.47485,849395.8179530058
519017.47485,612620.1244296207
675837.3324874999,665114.762552061
675837.3324874999,666786.2789332548
675837.3324874999,949206.7827614234
675837.3324874999,667532.8157917105
675837.3324874999,941632.3290619473
675837.3324874999,942547.7821189692
675837.3324874999,747857.06713321
675837.3324874999,885979.3402013861
675837.3324874999,613705.9740190781
675837.3324874999,622679.9226386987
576223.5939000001,407034.6268112282
576223.5939000001,697699.2097974288
576223.5939000001,697796.5224487054
576223.5939000001,487398.70984303585
576223.5939000001,378460.4709421676
576223.5939000001,519128.77148677426
574803.1152499999,696307.6115684707
574803.1152499999,460357.90558019525
574803.1152499999,554353.524054162
574803.1152499999,517592.93078285374
539091.06256,658639.2755499189
539091.06256,519539.48686395783
539091.06256,755276.520509927
539091.06256,705058.8618663964
539091.06256,570581.0163932068
450631.6928749999,508220.18987359235
450631.6928749999,695771.231315104
756411.1795499999,688217.8964719928
756411.1795499999,819767.9040714237
630309.9012249999,488950.4700748845
630309.9012249999,603081.7724618763
475041.74010000005,522791.8421492198
475041.74010000005,754390.0866173255
475041.74010000005,750394.9316635354
475041.74010000005,703186.4080088919
475041.74010000005,438466.09158456756
2250637.119849999,1130105.3205578425
2250637.119849999,1539371.6319395166
542113.1349599999,636643.3738526851
542113.1349599999,631737.3514822423
542113.1349599999,634512.7302637859
542113.1349599999,454154.7702686193
542113.1349599999,510624.9297251522
314673.41727499996,393052.31713120337
314673.41727499996,545945.9583693012
564479.3293999999,435683.8189630427
564479.3293999999,531675.3807082415
564479.3293999999,679861.4368345223
564479.3293999999,502382.0524449769
213253.641525,296720.06184044265
213253.641525,424807.5505489398
385850.49085,622033.410150866
385850.49085,623650.2630463553
385850.49085,322348.374126155
385850.49085,453361.76358560234
868029.1998,800218.3337856281
868029.1998,881940.066840883
868029.1998,660252.3728774991
868029.1998,738364.9390161588
868029.1998,679064.597097859
868029.1998,814661.3903876469
868029.1998,538977.7202816294
478639.9106,568296.5944581695
478639.9106,750698.931629607
684656.3276999999,751164.1539672666
684656.3276999999,684819.4468986755
455799.6646,654267.1458344922
455799.6646,795513.4024918209
455799.6646,844435.4545133683
455799.6646,656163.7978117332
455799.6646,478641.71018673276
774212.5986899999,874145.839047275
774212.5986899999,649714.4462282539
774212.5986899999,722454.636636387
774212.5986899999,878819.6291505438
774212.5986899999,954473.5598524068
904398.41095,877492.9223259568
904398.41095,873385.6611988603
904398.41095,798148.6495475075
904398.41095,586581.8833208825
904398.41095,677915.2641068251
904398.41095,674392.306113307
904398.41095,540822.4835305228
904398.41095,741468.6051499697
775119.613,955173.4927350621
775119.613,1180543.5612938027
309509.31999999995,380047.06014926214
309509.31999999995,694463.7618568708
280592.44954999996,340510.91351064044
280592.44954999996,480225.1486248097
280592.44954999996,315892.1356173439
580944.3093461539,872427.6890049572
580944.3093461539,739637.1875547271
580944.3093461539,993560.9701800307
580944.3093461539,737224.673771331
580944.3093461539,741889.3891294401
580944.3093461539,988960.213964076
580944.3093461539,737723.1711334822
580944.3093461539,823725.1001421816
580944.3093461539,939699.0784528996
580944.3093461539,923572.1256196079
580944.3093461539,699820.1186686024
580944.3093461539,939513.9230956879
580944.3093461539,925988.3503579517
821214.53095,593951.8762686909
821214.53095,600128.5068380635
821214.53095,669089.486364342
821214.53095,748156.2364135067
821214.53095,545884.5538330901
821214.53095,690123.7251613955
773897.8452,813345.0394075694
773897.8452,814013.6542689637
773897.8452,1084843.1277936427
773897.8452,874698.9947606099
773897.8452,873657.0393462849
773897.8452,1085939.1008468422
773897.8452,1013252.4090146718
773897.8452,921913.8015728531
644327.5488400001,476294.4934385228
644327.5488400001,538129.4843157432
644327.5488400001,761182.8804783557
644327.5488400001,446016.110962519
644327.5488400001,455151.6874132518
952244.6527499998,950611.5424329368
254931.461675,511834.2403806213
254931.461675,368536.98334531503
670242.9075,782029.0244392025
670242.9075,868637.6734464971
670242.9075,1027196.5858156888
670242.9075,780369.3431947661
670242.9075,1031445.124371995
670242.9075,781614.4215038967
670242.9075,776374.9559118936
670242.9075,1111441.2706074151
670242.9075,740590.4189799523
670242.9075,840953.6314050116
670242.9075,954929.9074675856
670242.9075,956429.177731688
670242.9075,959986.7043650614
427297.9466,616513.7511064229
427297.9466,352536.43492809293
588212.01015,568577.9763235936
588212.01015,782613.3425413592
588212.01015,861419.3781965493
588212.01015,571514.4721672391
588212.01015,785723.3304014456
588212.01015,795775.5836269463
320106.8218,411685.9484711448
320106.8218,420472.36244233884
375422.45825,577731.457601286
375422.45825,314852.9919691261
548135.0266,801811.4531276776
548135.0266,608073.7561057898
548135.0266,466104.1896158115
548135.0266,581611.9112118601
314011.57470000006,553630.8171658885
314011.57470000006,512080.067443385
840247.4877142856,712651.325813479
840247.4877142856,845636.5953425994
840247.4877142856,656355.8104173304
840247.4877142856,579217.2558813507
840247.4877142856,610242.8681596332
840247.4877142856,468039.7344983107
840247.4877142856,606614.9859211773
907050.3368,909259.1006938722
907050.3368,1061555.0531365962
597269.1384,730246.4641011573
597269.1384,587275.0496176803
597269.1384,585754.6572428735
597269.1384,684199.9642167294
597269.1384,546402.594989798
597269.1384,545271.4296575563
129466.549225,232732.05030978908
522670.5408,523260.46733022487
522670.5408,617072.7975824018
522670.5408,426434.19777478656
522670.5408,616131.0542134591
868900.3637375002,990195.9075568187
868900.3637375002,932240.8358287746
868900.3637375002,932019.7255536082
868900.3637375002,788186.8381558934
868900.3637375002,989625.2236538728
868900.3637375002,917934.9935304096
868900.3637375002,782791.518823939
868900.3637375002,792127.4232597356
255128.87143749997,450091.3050845872
255128.87143749997,595793.7914267587
255128.87143749997,303556.10944047774
255128.87143749997,571100.4304695117
514586.64565,608359.9808266265
514586.64565,598667.8596167867
666745.569425,828071.4796300164
637185.27744,576410.1433687846
637185.27744,883611.7349510887
637185.27744,939838.0847261163
637185.27744,573175.1667309386
637185.27744,834213.6461470001
808659.6970363637,886863.4334696218
808659.6970363637,748489.7540003047
808659.6970363637,974857.1849546906
808659.6970363637,1093336.7458046756
808659.6970363637,836614.627076935
808659.6970363637,833789.9254424114
808659.6970363637,946630.2655672573
808659.6970363637,819061.9405109412
808659.6970363637,945916.4999523531
808659.6970363637,944067.8854375007
808659.6970363637,932372.7178416532
928536.05395,584687.8691160276
928536.05395,925713.6820695101
2474894.5689,1150742.3909094662
2474894.5689,1243822.3753509053
274721.12195,617843.0334098438
274721.12195,625519.8070110332
597385.1057999999,736055.1420370348
597385.1057999999,794453.4323656696
567242.8275400001,581483.5326627619
567242.8275400001,723529.859706148
567242.8275400001,583777.9803914733
567242.8275400001,545728.8395660532
567242.8275400001,681600.7417158069
579691.11055,416283.2627734562
579691.11055,560205.9100509745
579691.11055,581990.0458455412
694007.714,420580.772299353
694007.714,445141.3406706574
708305.833325,884074.7592152589
708305.833325,689842.3158821855
886493.1219666667,691379.654375112
886493.1219666667,691766.9924827045
886493.1219666667,547259.8432162607
886493.1219666667,830232.0798716989
886493.1219666667,686478.8675527639
886493.1219666667,509378.7552838274
886493.1219666667,640315.346446312
886493.1219666667,508665.8175788924
886493.1219666667,848641.8641487323
631892.0065999998,682901.0369505216
631892.0065999998,688327.1123405177
706702.2476666666,680120.9207826171
706702.2476666666,1030930.7331240594
706702.2476666666,681324.2489976279
706702.2476666666,960768.0459999104
706702.2476666666,759620.0732951828
706702.2476666666,892959.2688683268
706702.2476666666,760483.3825313647
706702.2476666666,894510.6476481564
706702.2476666666,998286.7493400825
684765.8785750001,921032.1132075964
684765.8785750001,776887.3197786467
406922.9648749999,711915.6636847396
406922.9648749999,713713.4055382417
406922.9648749999,571734.0575437006
406922.9648749999,713809.6166881825
435949.10919999995,349160.78218871757
435949.10919999995,634295.5477507252
435949.10919999995,587679.3867637413
820173.9868,894099.6964841399
820173.9868,1135473.4855014787
200175.14505,295930.9674338511
200175.14505,414183.5070346135
714210.9258750001,792933.6363575144
714210.9258750001,825055.3347800132
254979.6205,329812.22094488365
254979.6205,367380.3911999065
317819.6288,421242.9381907421
317819.6288,276176.9430899078
317819.6288,386489.7576945844
344163.47664375,725121.5369252793
344163.47664375,726376.7810573018
344163.47664375,445668.5071863577
344163.47664375,546880.6464768378
731259.2488,625608.1851512775
731259.2488,624310.1211102038
731259.2488,475308.03867466387
731259.2488,480090.55709516164
731259.2488,444385.81780694285
731259.2488,703155.0387655209
595305.48385,905545.459943186
595305.48385,691626.0751115838
237285.7753,241030.76969841105
237285.7753,515710.3176925754
603262.04425,481476.7887095653
603262.04425,824485.6853135434
603262.04425,482050.80543976626
603262.04425,480570.5318081087
809344.2997,768735.3359718133
809344.2997,769768.3709591087
809344.2997,771834.9669922302
809344.2997,769653.5779213319
809344.2997,709927.2567424157
809344.2997,565936.8963706075
809344.2997,904894.8182731209
651832.98905,491545.71305362764
651832.98905,763854.7772925623
651832.98905,438778.8287620992
651832.98905,680703.6924829385
651832.98905,538539.198707778
386449.253375,574071.8124088647
386449.253375,416732.67934458505
766823.031275,652104.648565928
766823.031275,577817.4190035586
284451.25795,243433.9894351198
284451.25795,183336.5764293291
2742777.00035,1241571.6768464777
2742777.00035,1247037.2403650444
598824.67004,607653.3528792555
598824.67004,601440.1696743965
598824.67004,462282.4597382485
598824.67004,701870.5618692859
598824.67004,742831.1633177059
2452962.0011000005,1062259.806750755
2452962.0011000005,1147808.9633480057
774041.703275,732063.5920068283
774041.703275,641155.0587949224
318190.5487,503915.8300826743
318190.5487,507315.30435675423
590257.8627499999,877249.1047349904
590257.8627499999,935132.0040412396
590257.8627499999,870348.4327573704
590257.8627499999,578066.8508312984
590257.8627499999,931689.2302974388
590257.8627499999,528796.1034754887
285357.6474,630043.5757201295
285357.6474,500487.40714514937
583537.7559,626743.1174543917
531790.5834,525937.8594511048
531790.5834,600848.9193049376
646813.7106,505296.6258787854
646813.7106,645571.8782829527
646813.7106,508766.18942522246
646813.7106,727692.7436072634
646813.7106,726731.5707344532
646813.7106,783762.9197985278
261416.22845,258602.4816437161
261416.22845,383899.90421408653
669526.970725,626491.2697535572
669526.970725,778439.1074489114
673314.3486499999,946300.7993818029
673314.3486499999,676306.9884385407
717129.5981666667,839888.7778879133
717129.5981666667,976897.6441110657
717129.5981666667,839574.4159905023
717129.5981666667,1045226.9541597283
717129.5981666667,977739.2087017659
717129.5981666667,977319.010136914
717129.5981666667,902064.7791132419
717129.5981666667,632806.5906032705
717129.5981666667,771481.2973074542
507938.3767499999,520480.953158287
507938.3767499999,868647.8118526515
2860414.55095,1235083.2866952424
2860414.55095,1444609.1251897202
1214010.046055,779502.9106609146
1214010.046055,1060853.5653438573
1214010.046055,787320.6551199252
1214010.046055,1015398.4143555377
1214010.046055,1068380.7884897415
1214010.046055,1020339.3958569842
1214010.046055,874473.2053621828
1214010.046055,985059.6069109654
1214010.046055,856348.1468502777
1214010.046055,855358.6389675791
328499.615575,420942.6783638892
328499.615575,532065.9309420154
503792.9741,544077.9999088296
503792.9741,532948.0242887167
503792.9741,431005.99637279235
2325055.4251499996,1167522.052803251
2325055.4251499996,1137797.132296748
512226.72909999994,706713.4600007201
512226.72909999994,417044.77620230446
895771.5428999999,853593.5686036171
895771.5428999999,713321.1993672779
277083.7755,570899.2825714006
277083.7755,291192.67698673933
277083.7755,362302.79222553276
912029.233909091,967817.1772965959
912029.233909091,966624.3986761087
912029.233909091,965823.6547095302
912029.233909091,1097270.1025803296
912029.233909091,964614.3206570419
912029.233909091,825554.3358912299
912029.233909091,968508.2892549396
912029.233909091,890022.1724829269
912029.233909091,1010945.9689217908
912029.233909091,1040564.0911720882
912029.233909091,758970.1358261496
590941.24075,674062.2829585456
590941.24075,678671.7434862603
438923.4182500001,285752.525827024
438923.4182500001,469612.60547700705
759308.3186499999,779578.0049103177
759308.3186499999,982600.8197437066
759308.3186499999,1062215.6691810675
759308.3186499999,689980.6701468421
759308.3186499999,983727.592284106
759308.3186499999,843117.3744274586
759308.3186499999,726585.389247492
601413.8406499999,1039537.1555367683
601413.8406499999,679907.1147070774
601413.8406499999,943969.4553800131
696381.83275,613470.6665075887
696381.83275,691333.4046548721
491010.1471,411226.7451354297
421109.993375,403195.60851570364
421109.993375,572716.2887430503
1491987.9380249998,942554.0857442506
640209.9473,656338.6048021072
640209.9473,727473.100449545
867491.6646,942200.389300209
636102.8073076924,1003538.4696063575
636102.8073076924,759629.3386066656
636102.8073076924,1078906.9682881732
636102.8073076924,758640.2744824921
636102.8073076924,1006115.9755185717
636102.8073076924,757074.1530325229
636102.8073076924,756167.5711431245
636102.8073076924,819973.9431801226
636102.8073076924,952760.7225440197
636102.8073076924,934488.0734102735
636102.8073076924,839378.942919185
636102.8073076924,935456.7577871489
636102.8073076924,934231.7812574725
408165.260825,441217.03138806304
408165.260825,303543.4306402956
665235.9461857143,567935.208735024
665235.9461857143,715319.5534957176
665235.9461857143,719462.7728219028
665235.9461857143,564038.0889723916
665235.9461857143,801893.416511009
665235.9461857143,802228.1307155795
665235.9461857143,849355.7489261369
299179.5226937499,539855.3200370776
299179.5226937499,453382.890098845
299179.5226937499,541870.9299946607
299179.5226937499,548158.3531203575
859405.269625,862855.4333498349
859405.269625,807619.3770520814
795704.6281142855,1010214.2224682698
795704.6281142855,954989.8106136769
795704.6281142855,950924.6074262931
795704.6281142855,868923.5803999314
795704.6281142855,870107.7808728279
795704.6281142855,1005914.6462426796
795704.6281142855,1138299.0657747383
777798.491375,530021.2604290925
777798.491375,745551.6094379922
1063929.87185,853292.5607549642
1063929.87185,1062952.3045237567
1418882.7609,952827.5154992902
451507.2509,643816.0490264929
451507.2509,495789.03559248697
451507.2509,459526.89674238674
620245.1785500001,388795.1015247441
620245.1785500001,586316.1561143445
408970.02325,624842.4124947987
408970.02325,340364.37454081135
330818.60004999995,397088.959606326
330818.60004999995,531901.0027669697
330818.60004999995,725354.9314810148
659288.8549,927257.7007432596
1363499.9496499998,765814.4078541651
1363499.9496499998,865049.6159657822
1363499.9496499998,890556.260306621
181166.2564,415852.08501401695
181166.2564,266879.74210459425
181166.2564,377503.1594039353
760405.6513250001,816167.9444690028
760405.6513250001,674489.1640965859
846809.6035285715,904309.9307468522
846809.6035285715,675334.4180939607
846809.6035285715,673941.3317157195
846809.6035285715,1045392.6565678299
846809.6035285715,827903.8935220889
846809.6035285715,766423.8743528763
846809.6035285715,761195.6760588333
314258.21874999994,382593.08662791905
314258.21874999994,380378.1478711758
579306.4375250001,699696.0928688027
579306.4375250001,629463.4883399231
169385.75564999998,438100.0456194503
169385.75564999998,217524.00279426615
826828.148895,1018504.1128198234
826828.148895,1015812.3314690442
826828.148895,732857.4516370888
826828.148895,733246.2323935977
826828.148895,878635.0880110909
826828.148895,825478.1143271574
826828.148895,810594.9834467382
826828.148895,826911.0747005536
826828.148895,956781.1769330908
826828.148895,1061887.1826121155
275940.3513,265978.09654970356
275940.3513,523272.2940764121
776168.6592,970712.7647207167
776168.6592,986643.928556591
520391.15648749995,752999.0966049684
520391.15648749995,789668.2821400291
520391.15648749995,604859.1376492026
520391.15648749995,709824.8389899071
662595.5464999999,389205.4330314049
662595.5464999999,434833.01997581136
422446.3897,726504.4899183066
422446.3897,556637.4471672407
631739.4396499998,716047.1167096324
631739.4396499998,726440.9251188255
348363.61,611623.4485050887
348363.61,327287.9084237786
646796.1997499999,912712.2950762219
640983.01418,499440.81304989464
640983.01418,500688.5625711536
640983.01418,646322.3920652157
640983.01418,449133.7511649741
640983.01418,806553.1990850142
693756.9795499999,819302.3886417474
693756.9795499999,674179.3813507566
693756.9795499999,675858.2659212805
693756.9795499999,819719.50295237
693756.9795499999,825218.6936883326
693756.9795499999,817735.9403333566
693756.9795499999,907278.0645653518
930371.6404,489777.27239200834
930371.6404,543620.6559088166
1079787.0968090908,728287.5787419821
1079787.0968090908,1013751.8166246102
1079787.0968090908,876048.1920997525
1079787.0968090908,872228.9911181252
1079787.0968090908,813421.0757893354
1079787.0968090908,1009140.8863477653
1079787.0968090908,672294.1984248055
1079787.0968090908,937907.2997811047
1079787.0968090908,670328.3261266822
1079787.0968090908,807955.9024449526
1079787.0968090908,918226.1845243908
235153.26989999996,261613.884461637
235153.26989999996,250460.49963604065
152620.163325,438715.8378871132
152620.163325,474330.2136308475
152620.163325,266187.315063385
672445.3757857142,820679.8995711226
672445.3757857142,963856.2308188978
672445.3757857142,821962.3673968632
672445.3757857142,1033431.0329788645
672445.3757857142,751326.6956363296
672445.3757857142,821535.1827540854
672445.3757857142,953802.1410941132
310817.68049999996,309704.51055317617
1320343.7121,1118270.870364737
1320343.7121,1085392.3309646635
1320343.7121,986601.9956707885
1320343.7121,934793.5655256021
1320343.7121,1213464.9443429662
1320343.7121,1120583.5792314534
1320343.7121,936148.9766813029
1320343.7121,764025.9375403574
238114.2738,261315.48086940352
238114.2738,221589.60162184917
916467.7955,579500.0459053767
916467.7955,878319.8214823324
836328.2161499999,936148.7903428262
836328.2161499999,734731.2367597041
459542.32894999994,592921.6540353028
459542.32894999994,726865.324979292
635474.2030399999,485853.5936581134
635474.2030399999,545865.3592065654
635474.2030399999,483165.45173223416
635474.2030399999,767638.1851358782
635474.2030399999,504192.1532113872
514967.67474999995,346748.3018314733
514967.67474999995,648595.1255443206
522943.7847,702625.9592102568
522943.7847,752790.1932532159
783309.7483333334,597246.1927990316
783309.7483333334,804810.647465004
783309.7483333334,596207.7215798026
783309.7483333334,738266.224838455
783309.7483333334,596207.7215798026
783309.7483333334,549104.3227729858
783309.7483333334,548647.922937019
783309.7483333334,684997.9350398147
783309.7483333334,756516.4450259495
383352.0706999999,295823.07566710067
383352.0706999999,306049.0939954806
383352.0706999999,306871.71384957444
808093.3931250001,855055.0347357582
808093.3931250001,997196.8582470417
227038.51,538046.7515292204
227038.51,273494.90194024116
227038.51,546361.694949747
262684.4738,444784.43594749336
262684.4738,286116.6651002504
262684.4738,570627.8461789525
390418.74990000005,438797.9657809817
390418.74990000005,582381.6322423903
1162460.5545,686584.2662530086
1162460.5545,810472.5591692188
255493.1092,267879.6573352332
255493.1092,512935.430304191
397205.4848999999,602775.4048488361
397205.4848999999,558724.1875390633
397205.4848999999,546822.8607880891
471872.2004,362766.8542916203
471872.2004,342595.913980293
525043.8254375,419106.0391336103
525043.8254375,740055.1155604017
525043.8254375,471033.69788695214
525043.8254375,524663.7504339094
2303142.48845,1313720.3569314517
2303142.48845,1134254.0412008916
684108.1268785715,964480.252736238
684108.1268785715,817285.1555250548
684108.1268785715,899500.0365072746
684108.1268785715,667393.5756355166
684108.1268785715,673182.3789196288
684108.1268785715,964809.2116224221
684108.1268785715,1073735.9187223664
316353.153275,416343.1963605262
316353.153275,570212.5047059635
452181.10295,390470.5526511197
452181.10295,676956.7838138205
658508.2879499999,746232.473395581
658508.2879499999,465925.1559221415
658508.2879499999,805857.9485851902
755316.7056049999,818669.5057774095
755316.7056049999,679583.1218786847
755316.7056049999,757771.2869127123
755316.7056049999,821353.9762014964
755316.7056049999,957091.2571325488
755316.7056049999,819864.267743499
755316.7056049999,622631.1822059648
755316.7056049999,621608.5986208979
755316.7056049999,621968.0183194439
755316.7056049999,897539.1980702847
585740.3800499999,429842.8162794048
585740.3800499999,735997.9305477254
747173.9366,870073.4190109591
747173.9366,1084411.8325558107
747173.9366,808749.9148390548
747173.9366,1006129.6579968317
747173.9366,716731.4418865205
747173.9366,1084183.8540734334
747173.9366,865910.3095935211
747173.9366,664406.602071394
752691.0398285715,731566.4582743192
752691.0398285715,581399.1349587992
752691.0398285715,791283.7723918546
752691.0398285715,579440.0223702956
752691.0398285715,672573.0158628989
752691.0398285715,530499.3766702681
752691.0398285715,667884.6135562471
559097.0059272727,723070.1149872042
559097.0059272727,943023.0723156431
559097.0059272727,1060437.6196979973
559097.0059272727,728127.7248164626
559097.0059272727,1064195.2876654207
559097.0059272727,986935.4785586677
559097.0059272727,942228.7119518074
559097.0059272727,810444.5239076628
559097.0059272727,796537.5978040308
559097.0059272727,795007.3279531873
559097.0059272727,797266.3269991891
737543.794825,829981.2319618188
737543.794825,660496.2614127866
731243.5144999999,659604.4571759294
731243.5144999999,569055.9048036363
710758.1705749999,660788.2802844855
710758.1705749999,807412.2549178214
581560.047325,538554.5484315942
581560.047325,623052.2725936531
581560.047325,480040.0330898188
581560.047325,577545.2408201608
581560.047325,701033.0488857642
581560.047325,714464.4175154672
890434.7247428572,930855.7865129259
890434.7247428572,1064169.652264262
890434.7247428572,779530.1238496046
890434.7247428572,1020897.8119848743
890434.7247428572,1068573.9514374575
890434.7247428572,876021.1083631499
890434.7247428572,988522.9068774921
565013.4951,830631.4795052786
565013.4951,816965.2182193396
138475.413,497557.6508905258
138475.413,446739.8884889614
580532.9741250001,647791.318330456
580532.9741250001,512379.88783236773
906036.217225,743670.433213304
906036.217225,867381.229722948
278216.2834,555451.6842093552
278216.2834,547567.6977640575
237487.25055,536013.0397449166
237487.25055,466840.9526455521
237487.25055,370787.41971143935
2406985.6656750003,1227586.683791936
2406985.6656750003,1139774.9969755951
219040.19154999996,375716.0914354879
219040.19154999996,547207.6960437547
296482.12945,501726.5005690429
296482.12945,272349.34937910363
461558.398,664557.8194801311
461558.398,570043.0434209331
362844.49045,504685.5488485156
362844.49045,271231.78627135884
600791.5816666665,997111.4805344644
600791.5816666665,765095.2761504597
600791.5816666665,1042922.7067676832
600791.5816666665,766104.6687267224
600791.5816666665,1038610.5846895128
600791.5816666665,761423.3572482016
600791.5816666665,759587.7939024629
600791.5816666665,1041473.7249634162
600791.5816666665,709145.9896448283
544321.8319,543194.6917001826
544321.8319,771692.033159824
2411356.52695,1237816.5616540902
2411356.52695,1472636.5610602058
349879.34677500004,351342.8119180805
349879.34677500004,262283.8046691659
520921.87750000006,511098.1768488306
520921.87750000006,540358.3997938677
509972.8598,767070.6846870285
509972.8598,954620.637044353
347566.8195,349772.30998734175
347566.8195,377824.74593395385
620924.1396,463479.4624256376
620924.1396,743796.781095436
620924.1396,462005.2277450864
620924.1396,431861.61207431863
620924.1396,415490.0212038331
620924.1396,573466.1214072255
802337.1932000001,540185.7430819164
802337.1932000001,922249.3986688951
627459.835,608513.072404848
627459.835,611210.1205098112
653447.2983999999,706535.6922062134
653447.2983999999,955738.7363666766
466494.54735,612831.6298704076
466494.54735,337138.3293732695
714330.0576749999,903688.5465041362
366697.2225,336556.88026993856
366697.2225,613702.6196125769
366697.2225,456447.3409811082
349817.22114999994,362452.09218415845
349817.22114999994,361020.55265334324
349817.22114999994,466154.79441951914
681392.9017899999,828713.6643803169
681392.9017899999,739273.853242831
681392.9017899999,830340.2683641138
681392.9017899999,531005.4149367095
681392.9017899999,842969.8416140054
1051814.46205,863781.387003417
313208.45509999996,443797.8450506159
313208.45509999996,584291.925896479
729130.97225,491901.8082535747
729130.97225,492677.6925563781
729130.97225,636924.6488901527
729130.97225,486917.06363125815
729130.97225,795634.1857170295
1345630.7606,870594.2121802277
1345630.7606,1194959.0147378552
1345630.7606,871877.9001975978
1345630.7606,1195452.1635617116
1345630.7606,998034.946559809
1345630.7606,1111037.4519619038
1345630.7606,963873.7356573634
1345630.7606,1105622.8202944417
1345630.7606,1027998.4585310647
1345630.7606,804228.1413279952
1345630.7606,923035.2189848371
1345630.7606,920387.7276873575
1345630.7606,803915.0522875406
1345630.7606,805164.688721662
1345630.7606,804165.559138449
1345630.7606,921467.9447957685
375207.8031500001,421094.3421143221
375207.8031500001,426532.0699193459
375207.8031500001,726179.636350983
412408.9590250001,362429.1016478179
412408.9590250001,355635.79756003857
412408.9590250001,336736.3338165904
412408.9590250001,461068.057015103
667330.6372825,734088.0456989201
667330.6372825,798874.6377832995
667330.6372825,943404.070609787
667330.6372825,806016.0869679475
667330.6372825,800431.4195821568
667330.6372825,742047.340536245
667330.6372825,740868.7712966695
667330.6372825,740279.9788083353
667330.6372825,745349.5173714275
667330.6372825,682793.8644825588
577720.8587499999,614494.7078356758
577720.8587499999,912355.3664177186
692619.7176999998,685891.1760387879
859608.17794375,857816.1556979241
859608.17794375,854811.4254280975
859608.17794375,907198.8596417638
859608.17794375,1048898.1736616238
859608.17794375,1004355.8060701527
859608.17794375,908284.169003769
859608.17794375,858159.4303347672
859608.17794375,705776.1992370863
342552.026625,252563.2187790345
342552.026625,377661.33487682004
414638.09309999994,570975.921380349
414638.09309999994,432251.181718144
414638.09309999994,566147.8879867253
414638.09309999994,709180.8453688594
847709.06395,786004.9531632145
882239.2164428573,765810.41167924
882239.2164428573,763071.5258615623
882239.2164428573,686076.8318863529
882239.2164428573,835701.0020792275
882239.2164428573,564168.1493216365
882239.2164428573,564739.9581306556
882239.2164428573,904119.7051658607
593775.56304,770299.5136030432
593775.56304,1004390.5807367167
593775.56304,891288.983457829
593775.56304,770068.3580446547
593775.56304,888832.8488314447
593775.56304,1075828.4053158863
593775.56304,1075879.3446404834
593775.56304,1075930.1558848107
593775.56304,953220.3534483794
593775.56304,715546.6449344066
593775.56304,713839.0926852174
593775.56304,732846.9046393004
593775.56304,715442.8343512925
593775.56304,933012.5674555829
593775.56304,952626.0060531446
505851.2448,690744.3837706833
302878.09645,630774.2920694605
302878.09645,350320.3216360058
302878.09645,602165.7486766563
302878.09645,333231.6601797873
276883.67405,489490.36857631896
276883.67405,385283.64628316375
647875.1760625,619100.4798579494
647875.1760625,431970.05904567527
647875.1760625,429820.7403618855
647875.1760625,407578.01941207517
1148004.7245,1035626.6354782588
1148004.7245,751626.357365491
1148004.7245,1042847.2218216148
1148004.7245,757260.6623533476
1148004.7245,755798.4879054266
1148004.7245,750689.2059692628
1148004.7245,827583.1373726462
1148004.7245,959799.8632785599
1148004.7245,961052.2813179112
1148004.7245,828164.8299677593
877706.1368999999,551455.5036434968
877706.1368999999,841225.7970697306
395480.732,483034.4079343246
395480.732,344962.86332762975
395480.732,589856.9578833799
618303.749375,977114.4074188472
618303.749375,891471.8128503263
618303.749375,1014837.0231942332
618303.749375,757701.296310673
618303.749375,1095835.2583139325
618303.749375,756321.7216605963
618303.749375,895475.9998137387
618303.749375,895565.9496394853
618303.749375,698048.2296720231
618303.749375,715649.1730250589
618303.749375,943505.8105144983
618303.749375,697132.232917805
635638.0765999999,852733.6356223822
635638.0765999999,567628.318419969
547878.426390625,1074871.4685684964
547878.426390625,713532.6859244687
547878.426390625,862474.5893705535
547878.426390625,999954.6961646003
547878.426390625,714548.437121239
547878.426390625,946384.4718985701
547878.426390625,857330.4757551851
547878.426390625,997950.5931665968
330345.92461000005,603569.4466285565
330345.92461000005,560384.8170559511
330345.92461000005,604399.8183238979
330345.92461000005,660350.2500345368
330345.92461000005,664289.7223258315
361865.28815,307374.5274167213
361865.28815,443077.5943005121
361865.28815,425686.21680088417
361865.28815,286761.1494753189
266092.89435,414991.3350491634
266092.89435,281891.02563266526
266092.89435,478826.1426080921
437866.4489,534725.043930433
437866.4489,531716.3741227222
291705.769675,435398.0013454737
291705.769675,557636.4910894933
291705.769675,418630.2410388571
291705.769675,363334.94437357865
736550.6823999999,860793.7661155998
646681.67805,585660.5784004049
646681.67805,970628.5319792543
560364.2129,712004.0759272459
560364.2129,493268.5174663609
380358.31009999994,737906.8781889008
380358.31009999994,552132.9335609706
380358.31009999994,544363.1429226889
463496.3016,585692.5962149892
463496.3016,321222.71166052285
637645.4508,887990.6805310426
637645.4508,751457.6959222966
343817.4479,442516.60884784703
343817.4479,457861.14677077456
343817.4479,296656.14619953296
563145.4511999999,787039.9165170769
563145.4511999999,1067445.036818219
563145.4511999999,850736.3616937558
563145.4511999999,845767.5043381981
563145.4511999999,984547.2264829474
563145.4511999999,779005.6369710773
1045466.3281,1110772.6306053076
1045466.3281,721548.0742443542
1045466.3281,1029651.5847475586
834467.1644333334,579503.4519397175
834467.1644333334,915981.4363089295
834467.1644333334,579005.2446476304
834467.1644333334,720310.2729421344
834467.1644333334,577717.6047419679
834467.1644333334,531499.427525019
834467.1644333334,803218.0050572872
834467.1644333334,532229.4115241516
834467.1644333334,597901.2288461819
1354264.5642875,1128432.4443084153
1354264.5642875,1092792.0295509463
1354264.5642875,840235.6143581596
1354264.5642875,835776.6244542586
1354264.5642875,944976.3925966198
1354264.5642875,838223.3099096966
1354264.5642875,1125045.2036435823
1354264.5642875,1163739.8782314237
703374.7944,469610.8888550901
703374.7944,761994.3152420237
306218.08855000004,293512.6545394532
306218.08855000004,412907.0081044489
306218.08855000004,545404.3351152961
303650.773825,417986.6751209059
303650.773825,275827.7820714494
539529.61665,539976.8030419562
539529.61665,720919.5039972962
539529.61665,504661.2877330614
482855.8503,470154.812126147
482855.8503,758412.9060512137
482855.8503,471151.21900497057
482855.8503,706606.1539072231
378567.48161,700112.4104167069
378567.48161,559294.1829076143
378567.48161,696969.9140915037
378567.48161,519965.3445368657
378567.48161,390538.3268607975
497616.652525,547899.8859703768
497616.652525,692249.2553666802
497616.652525,626825.1690903107
497616.652525,652511.4247444428
885174.479375,629671.3687316175
885174.479375,766951.5004974711
615645.6207249999,577160.7315060232
615645.6207249999,788556.6417165605
653728.32655,908092.1128621891
653728.32655,760676.282186593
653728.32655,907115.7409162723
653728.32655,902761.1754954346
653728.32655,903360.4287701552
653728.32655,762898.3366673733
653728.32655,1036679.1300701369
653728.32655,1046638.927919186
1354128.4921171877,901877.1140558273
1354128.4921171877,1127863.8725750707
1354128.4921171877,1131266.6111882282
1354128.4921171877,903841.7472168521
1354128.4921171877,901959.5471956818
1354128.4921171877,1026079.3426290236
1354128.4921171877,1132858.9703845421
1354128.4921171877,1022755.259378582
1354128.4921171877,1129907.9794656918
1354128.4921171877,1127675.0377026931
1354128.4921171877,1048615.4374478809
1354128.4921171877,981480.6962351776
1354128.4921171877,946722.7984910808
1354128.4921171877,1049456.549257599
1354128.4921171877,832196.0188717811
1354128.4921171877,1040271.2455821307
301082.73889999994,374573.6165903283
301082.73889999994,527987.709516213
2335307.356975,1135372.721045758
2335307.356975,1421574.0074013555
553494.0259624999,748272.8141954152
553494.0259624999,599801.7547665145
553494.0259624999,456432.8019991747
553494.0259624999,759220.9970601158
367327.5756874999,578707.0756888897
367327.5756874999,722912.1150032881
367327.5756874999,581039.0660701798
367327.5756874999,714240.5725172464
237682.86745,247143.69726425043
237682.86745,499441.9582727945
640069.6658500001,577677.8549073996
640069.6658500001,437520.3792007258
640069.6658500001,724957.629263938
640069.6658500001,657271.9495402887
640069.6658500001,387124.28757399914
640069.6658500001,544647.8083761934
720720.8237000001,934095.8496588466
720720.8237000001,941743.2888573544
873704.1231999999,1049735.3506640003
873704.1231999999,910532.3041189467
873704.1231999999,1048566.7730688744
873704.1231999999,1044440.3245175793
873704.1231999999,914424.324949502
873704.1231999999,762448.2549216058
873704.1231999999,700343.1621061172
873704.1231999999,988023.9410705745
873704.1231999999,716341.5495185414
925031.1192,827574.536253754
925031.1192,973696.7107226042
925031.1192,1113282.6359291996
925031.1192,1111024.7800747228
925031.1192,978675.963901481
925031.1192,824725.2637278663
925031.1192,825119.2261914456
925031.1192,1077877.1341833316
925031.1192,762224.3934071054
671034.37495,747361.1143829483
671034.37495,880053.1446313678
671034.37495,685378.3004634536
257373.452275,521559.6622683327
257373.452275,335548.9679868921
359924.67175,453799.9375252471
359924.67175,482060.48143588006
725006.8487,782446.912364614
725006.8487,925910.7226362084
725006.8487,843224.259075579
725006.8487,842483.7582708499
725006.8487,983399.680802032
725006.8487,845543.7000934957
725006.8487,910402.743301714
725006.8487,922111.224592993
725006.8487,642836.8753683055
495431.54125,720671.0395771906
495431.54125,449424.0912415353
889351.0324,1056817.0149023852
889351.0324,890082.8215336138
889351.0324,930493.6134460841
889351.0324,1052944.315955008
889351.0324,802460.5285721375
889351.0324,1055575.988645289
889351.0324,1055190.701287931
889351.0324,937014.2171511375
889351.0324,977971.8756591503
889351.0324,862940.548345219
889351.0324,862372.5628328924
889351.0324,736013.2874815025
889351.0324,1195377.56610119
247207.1117,527950.0313372671
247207.1117,257751.96496906498
606365.46,393953.0183185368
606365.46,667225.3347199509
388592.69205,578209.8973688975
388592.69205,429924.6446444561
388592.69205,292659.01808288577
650963.8925,867747.5710204882
650963.8925,865871.293616308
650963.8925,729311.0507365788
650963.8925,596423.7807835061
650963.8925,729219.1139316759
650963.8925,680098.438704381
650963.8925,549428.415086379
650963.8925,678869.974073895
650963.8925,693358.1765947791
1165438.1245000002,917969.9105546483
1165438.1245000002,1025310.2493676548
2212876.4762999997,1062693.6114869053
2212876.4762999997,1428016.2698661056
615780.3848,430140.9179887434
615780.3848,457425.2551767969
564265.03015,692193.3743883864
564265.03015,443266.44079463725
649167.8132375,904106.0112099445
649167.8132375,910377.6258050329
649167.8132375,765612.535712599
649167.8132375,765705.7714161382
649167.8132375,759456.4197363615
649167.8132375,758430.8715497485
649167.8132375,907515.0037312688
649167.8132375,1186747.2335897856
414985.20825,615787.8945985234
414985.20825,468004.60930154147
414985.20825,443408.44675693935
483593.04125,472651.5589273631
549037.0104125,401275.78086939064
549037.0104125,401938.99772616435
549037.0104125,398053.2611063338
549037.0104125,507198.8375682018
404609.0731,361137.913250106
404609.0731,504467.6042270083
404609.0731,430853.2122847291
404609.0731,342235.2457643177
843057.5577499998,995523.8713983968
843057.5577499998,784587.6109468049
843057.5577499998,994226.7980059129
843057.5577499998,999129.7061633411
843057.5577499998,996461.4756713881
843057.5577499998,796077.3223894697
471790.5775500001,638522.9859725895
471790.5775500001,639544.7558661767
471790.5775500001,333243.83806054463
471790.5775500001,592639.2677456132
1428643.87598,939203.7482733892
1428643.87598,935813.0977847967
1428643.87598,1077229.1746620983
1428643.87598,1083379.615558976
1428643.87598,1311136.2402106216
1428643.87598,1049198.1293259868
1428643.87598,1081646.2995048831
1428643.87598,1078404.327416214
1428643.87598,1077121.7075838202
1428643.87598,870226.6874345334
672679.8166500002,793664.5279188438
672679.8166500002,494156.7055290033
259024.11679999996,211424.59985712112
259024.11679999996,223582.99512169458
259024.11679999996,228417.6136412277
780818.1944857142,817765.2240779905
780818.1944857142,898373.7921301553
780818.1944857142,670962.8145787192
780818.1944857142,897995.8255964164
780818.1944857142,673261.0084656304
780818.1944857142,814340.311004155
780818.1944857142,893756.85479725
499120.6215999999,348944.304486984
499120.6215999999,343371.1389957969
717368.9206000001,932107.8035260153
717368.9206000001,999956.5799443179
717368.9206000001,737604.5256417246
619496.604190625,795746.6453743294
619496.604190625,652598.1390452557
619496.604190625,793882.7537850356
619496.604190625,705464.3696758399
619496.604190625,461227.4570232508
619496.604190625,471686.0345408019
619496.604190625,605608.7883865067
619496.604190625,520611.9442560673
738198.3071999999,780261.0254673457
738198.3071999999,784201.3017038727
738198.3071999999,502066.44435779925
738198.3071999999,784669.6099760906
738198.3071999999,732535.2076963186
738198.3071999999,731491.5198003624
738198.3071999999,737028.2448940859
774568.6224285713,1011375.8631227924
774568.6224285713,865321.1310035054
774568.6224285713,1005054.7648124639
774568.6224285713,713787.0031425471
774568.6224285713,865430.5590403568
774568.6224285713,1009408.6442716133
774568.6224285713,743844.8746471985
382897.4038,621871.2611106943
382897.4038,617456.0795349944
550344.6809,450005.80440784333
550344.6809,778585.0165400608
654550.9176500001,617137.7752160416
654550.9176500001,610259.7032635083
863139.824125,789241.3417599766
863139.824125,920709.5599103323
815558.0003750001,733552.2744535189
815558.0003750001,878329.0162201322
815558.0003750001,585704.8583950909
815558.0003750001,660397.5920755345
815558.0003750001,540242.4013372225
815558.0003750001,678092.9087655791
815558.0003750001,539992.392935142
815558.0003750001,605882.44847637
527784.1921499999,416294.6165890735
527784.1921499999,408958.3677800084
527784.1921499999,475954.08425867185
679821.39955,770263.0709047263
679821.39955,902466.4941672168
679821.39955,1014185.7137089081
832732.1716687499,736609.2508001837
832732.1716687499,885147.108925601
832732.1716687499,1026330.6487294392
832732.1716687499,976564.9595619052
832732.1716687499,739857.9962330813
832732.1716687499,887106.6593986951
832732.1716687499,734888.4388815438
832732.1716687499,950115.7261283395
609291.35685,701292.8183102057
609291.35685,438812.39933135186
743872.9829999999,973588.5957959469
743872.9829999999,1097933.1389337652
292934.97679999995,617071.2015859117
292934.97679999995,540825.6146550754
292934.97679999995,437871.3723994842
463007.3532499999,594484.1094956218
626093.2787749999,726002.4720837604
626093.2787749999,655659.734786795
410843.720625,551629.0478397271
410843.720625,694275.8477016558
410843.720625,692437.6053618668
410843.720625,516352.5797039439
410843.720625,387138.34828716645
410843.720625,560641.731356654
324846.6235,299765.00273279956
324846.6235,375350.1936573976
823611.751,929321.3593421921
823611.751,1002241.9447505292
288653.5013,492019.1619806269
288653.5013,506271.526850951
693451.5083999999,909632.0896939151
693451.5083999999,766431.5034567711
693451.5083999999,1040373.1529032411
693451.5083999999,834490.5144643064
693451.5083999999,968078.8453254809
693451.5083999999,897346.2341232117
693451.5083999999,764797.6177154094
693451.5083999999,896440.0033605532
693451.5083999999,766986.0257556649
303407.23105,580949.8396852819
303407.23105,302257.1084901241
303407.23105,542458.1092531687
433848.4953,445056.6260993662
393676.0065,686153.5074272011
393676.0065,720695.4010463314
532066.1306500001,938500.1487176837
532066.1306500001,660949.8751544174
826547.4571250001,856558.1781273629
826547.4571250001,709848.1393185662
734924.8279,724411.3682764941
734924.8279,930377.3826842158
485278.93184999994,635232.5129792618
485278.93184999994,537579.6173965137
255359.2447375,491520.43655546184
255359.2447375,634322.2163238208
255359.2447375,602233.1110550708
255359.2447375,454410.7528039696
1315806.601190909,1144518.7969804327
1315806.601190909,874521.7104496614
1315806.601190909,875876.0334633304
1315806.601190909,973675.2992632445
1315806.601190909,1145546.5334186293
1315806.601190909,874424.6864038638
1315806.601190909,870218.1573025875
1315806.601190909,932230.0398226758
1315806.601190909,932878.1086086638
1315806.601190909,1086451.665906273
1315806.601190909,1044723.523704323
417243.9308125,317529.78575177497
417243.9308125,592060.0032564204
417243.9308125,518518.4926248436
417243.9308125,420198.31500000076
342020.4044499999,297958.6236375593
342020.4044499999,440134.0888722025
250638.09960000005,548910.1887599832
250638.09960000005,409528.3820372622
250638.09960000005,277558.06273274106
250638.09960000005,515046.29473427613
2432526.9877000004,1150959.4029997566
2432526.9877000004,1459287.1585486466
848272.4318857143,777823.645809342
848272.4318857143,776674.9912482972
848272.4318857143,704341.3479891996
848272.4318857143,778168.2531481929
848272.4318857143,715299.6559160696
848272.4318857143,573164.3715914547
848272.4318857143,1023505.422252971
762883.77695,592462.0037695565
621074.8573749999,618431.400536961
621074.8573749999,466032.7355884134
761661.8025999999,691088.8738870871
761661.8025999999,1218656.494724047
604359.2522,908863.0508147837
907501.81501875,906605.5834169519
907501.81501875,618687.7848405078
907501.81501875,833452.4201869018
907501.81501875,901628.3468764458
907501.81501875,572002.5281429517
907501.81501875,705779.6018634398
907501.81501875,706918.8700709695
907501.81501875,896686.3886570617
818884.53801875,725399.0635843158
818884.53801875,793348.3619973833
818884.53801875,725918.5317698423
818884.53801875,876160.0933259546
818884.53801875,727792.2200050069
818884.53801875,538473.1620136466
818884.53801875,808115.6833679449
818884.53801875,748487.932977617
729838.4737499999,642247.5893112187
729838.4737499999,710454.2732803602
729838.4737499999,852146.9728131428
729838.4737499999,777496.7968871475
729838.4737499999,568740.7037864147
729838.4737499999,661027.1916864592
729838.4737499999,790837.3412144926
729838.4737499999,661490.8869915236
221045.25654999996,237883.37635077932
221045.25654999996,266345.1288580363
221045.25654999996,386347.98686824326
574747.3818000001,362650.9298622191
574747.3818000001,406971.69088050723
723929.6795499999,788369.3427447504
597454.3428,672865.5872112246
597454.3428,409353.80611969694
466182.6375,468196.058923669
466182.6375,487784.17885008245
774804.0273,737651.8946088777
774804.0273,963724.4787562077
774804.0273,655369.356622495
774804.0273,887628.0753074349
774804.0273,660817.2872797342
774804.0273,605805.7193899178
450567.30625,800275.9349459131
450567.30625,528791.5772958064
450567.30625,799676.9627940183
450567.30625,533682.5903603919
450567.30625,664299.4770621735
450567.30625,620307.7853524211
450567.30625,619124.160079424
450567.30625,619605.8417354588
450567.30625,673703.4546443538
433529.57164999994,452166.014043627
433529.57164999994,439578.88098872174
472118.01135,654942.1012111069
472118.01135,656075.2341614657
472118.01135,344774.27734537754
472118.01135,351054.3917605343
620227.7020000002,678758.53581253
620227.7020000002,692191.8946783197
264039.5154,559459.1168947385
264039.5154,559679.010131802
264039.5154,540699.8219112165
263993.29644999997,560944.9447480878
263993.29644999997,526477.1153012372
499316.77195,545815.2317200009
499316.77195,449167.7362153615
499316.77195,432919.8603098208
586395.3217874999,567628.2115780313
586395.3217874999,746971.1283669331
586395.3217874999,745724.9465942343
586395.3217874999,666330.6685649973
472470.26645000005,498520.9922258787
472470.26645000005,643852.6470341969
472470.26645000005,611019.8992521787
568326.47835,707545.9452992214
568326.47835,831958.791670149
526567.3134,799556.2954784106
526567.3134,1009908.1181941323
782819.9260166667,724172.750070538
782819.9260166667,1007812.3826437427
782819.9260166667,871459.5034887141
782819.9260166667,953586.1332682082
782819.9260166667,1008454.7931837528
782819.9260166667,1004116.7626808428
782819.9260166667,932644.1916957195
782819.9260166667,801929.7588465785
782819.9260166667,675514.5189768566
2461826.3990749996,1239093.2475782777
2461826.3990749996,1354137.5926486014
612256.9975,1099441.194717215
612256.9975,883699.2267610542
612256.9975,1017669.8970405876
612256.9975,1018731.3146061944
612256.9975,742281.2524241632
612256.9975,735675.5345478706
612256.9975,678116.8316290778
612256.9975,830856.1442874463
612256.9975,829424.7969116839
471148.5999000001,635340.2316028596
471148.5999000001,352284.4859616111
471148.5999000001,333262.07224101044
471148.5999000001,588197.0764000292
908611.5951,845947.7298960589
514104.48451249994,454679.3552618459
514104.48451249994,750192.9079871738
514104.48451249994,597967.4274939448
514104.48451249994,747053.7127446816
547864.8359,945368.8630795926
547864.8359,940576.6372671165
750527.4496999999,674812.5509181969
750527.4496999999,958308.6320631325
750527.4496999999,875699.5861918556
473422.93629999994,746224.9949094098
473422.93629999994,437170.03259799967
473422.93629999994,468522.3330181125
1107451.3382,1230408.117452386
1107451.3382,1133220.5973070501
1107451.3382,1233010.6326158028
1107451.3382,845508.3551857667
1107451.3382,848826.62035514
1107451.3382,1133672.0926133972
1107451.3382,1133559.4064465836
1107451.3382,1205105.2869691479
312527.27760000003,319005.64981584565
312527.27760000003,423764.16372736887
650825.3715153846,1020371.4487568361
650825.3715153846,1018105.7045582816
650825.3715153846,764536.6361764924
650825.3715153846,896856.2356184548
650825.3715153846,898820.1684906675
650825.3715153846,852953.114017184
650825.3715153846,768977.62059174
650825.3715153846,849712.4257399698
650825.3715153846,968213.0898749699
650825.3715153846,708099.7232706667
650825.3715153846,945554.7597841839
650825.3715153846,725957.5572756934
650825.3715153846,800576.1088572874
562819.5458,748877.8513483227
562819.5458,757000.6326329942
198387.65365,245162.3489285165
198387.65365,329455.43186530325
756935.8664,970323.3737685101
756935.8664,690906.4128836351
756935.8664,832027.3876781077
756935.8664,1040525.1539295014
756935.8664,835503.034439777
756935.8664,830897.687077117
756935.8664,898690.2668041594
756935.8664,907977.6244573161
756935.8664,779435.2512403121
756935.8664,772036.1155342553
678107.3246,719656.9600987036
678107.3246,861969.4140267272
678107.3246,719752.3088494822
678107.3246,577487.0760366295
678107.3246,867397.3610025741
678107.3246,664279.6972162739
280656.5496,271845.3175297309
280656.5496,368450.5219938664
437216.3689999999,426041.1787672776
437216.3689999999,492613.28158590174
635632.64505,812885.1378558731
635632.64505,521112.182818057
472030.516425,473606.5719780433
472030.516425,640439.0308023954
505499.9255,545183.6831289848
505499.9255,408748.5191448663
505499.9255,742123.9922132255
387430.0152,326620.29185409844
387430.0152,444363.3817117632
387430.0152,579033.8233037972
269347.7138,425507.6561907689
269347.7138,537044.1061042835
596987.3003000001,959452.3304037831
596987.3003000001,783273.7474729429
860582.780775,1022377.785018318
860582.780775,884898.1517452905
860582.780775,1022802.1579669463
860582.780775,733801.4775783209
860582.780775,824604.579498973
860582.780775,812875.2354030384
860582.780775,943118.2086136541
860582.780775,812096.9759784598
860582.780775,1072159.560817976
684048.8485,657882.8524118868
684048.8485,805443.836755221
684048.8485,856285.197690905
684048.8485,656518.89654609
684048.8485,460762.0774041023
684048.8485,753926.2892919688
424056.392975,336888.47265064745
424056.392975,336173.28232362063
424056.392975,276247.9053029438
424056.392975,432943.0963941681
827531.91251,997108.520098354
827531.91251,995393.0791541701
827531.91251,1042977.0189600373
827531.91251,1037998.680111914
827531.91251,908784.600671443
827531.91251,996043.0114945518
827531.91251,836415.3037913205
827531.91251,721644.5268334254
827531.91251,837773.9674832739
827531.91251,963602.0764651988
344677.8706,315489.01538649976
344677.8706,323558.27964786516
344677.8706,436348.34614514775
622489.1648333333,791566.7204076863
622489.1648333333,792605.5012738602
622489.1648333333,859699.0324419872
622489.1648333333,645660.2003716353
622489.1648333333,720524.4635677002
622489.1648333333,592471.2673149168
622489.1648333333,727749.8557826224
622489.1648333333,862047.6879526371
622489.1648333333,918815.20161038
390520.56129999994,539372.6872116533
390520.56129999994,275474.26976211334
1266559.625575,1178076.4525659054
1266559.625575,1182240.8195722592
377183.1858,552705.6182998263
377183.1858,539938.9454360463
705910.8962,613881.3382224534
705910.8962,752324.7725847419
611126.7922499999,611230.5704506551
611126.7922499999,656478.9488878106
611126.7922499999,699800.4597781072
465486.7488,357731.122344876
465486.7488,359049.3439156639
465486.7488,613388.1409000969
392754.2156,419867.47010572115
392754.2156,414285.45552226173
831715.1785954545,1045928.3433788354
831715.1785954545,1045519.1872172123
831715.1785954545,1044075.125788186
831715.1785954545,917979.570863252
831715.1785954545,779591.4527658847
831715.1785954545,775278.1603107152
831715.1785954545,970845.870239761
831715.1785954545,969807.5416252159
831715.1785954545,715604.7842924994
831715.1785954545,989488.8012239339
831715.1785954545,970448.0321999511
357976.39349999995,565305.7371110332
357976.39349999995,585168.8675975677
1083184.33025,979175.189797159
1083184.33025,1050069.567875269
344989.19402500003,293337.3683359598
344989.19402500003,373206.0832517114
752713.9591600001,526461.0300394546
752713.9591600001,679089.9652133032
752713.9591600001,876540.1270365566
752713.9591600001,825251.6396609393
752713.9591600001,773227.513688165
317346.64715000003,287153.2556789718
317346.64715000003,418468.36525627755
317346.64715000003,541462.0088103933
733681.1923999999,609239.5393762008
733681.1923999999,628324.042103389
1114132.17305,980335.9905841532
1114132.17305,826303.8853092837
1114132.17305,894105.3155995518
1114132.17305,826226.0877720998
1114132.17305,736368.1093628729
1114132.17305,686855.3073926329
295074.8321625,282091.27028529363
295074.8321625,563793.8534927105
295074.8321625,411275.2437887831
295074.8321625,509754.9799422282
312479.5747499999,550370.2708525769
312479.5747499999,550197.359125585
312479.5747499999,695960.4962151122
312479.5747499999,411888.186572773
846284.64195,1018940.1887453254
846284.64195,1277347.3650109442
720630.2997249999,818441.279771966
720630.2997249999,961506.915476461
720630.2997249999,669291.0854285116
720630.2997249999,668408.5861763635
720630.2997249999,754781.1767624331
720630.2997249999,754776.1392834783
720630.2997249999,888398.0299704239
720630.2997249999,890022.6118755459
720630.2997249999,753967.5551770641
1137947.1823999998,1110681.3537264024
1137947.1823999998,1108161.3620288293
1137947.1823999998,821178.2727952021
1137947.1823999998,1070792.3233421333
1137947.1823999998,822850.9506710788
1137947.1823999998,1200083.344917065
1137947.1823999998,823685.5142489054
1137947.1823999998,903567.796964141
390184.2857999999,360917.25157731614
390184.2857999999,545692.0243864213
455279.93535,523692.78066047525
455279.93535,435569.91450974334
455279.93535,387214.00462804036
455279.93535,630369.5977207185
455279.93535,493551.4107379093
455279.93535,630702.2224033171
457724.441925,733061.8144134432
457724.441925,595258.3754625837
457724.441925,735477.7912594199
457724.441925,554515.4174176562
457724.441925,671576.2602494466
457724.441925,758021.4169186901
428350.94784999994,561937.2355988935
428350.94784999994,747064.286758102
644061.9317500001,849334.3776763437
644061.9317500001,559628.2680982805
194684.3864,477948.53059834545
194684.3864,248573.96315079817
194684.3864,482040.2685914412
537096.8407,489081.7983763864
537096.8407,376421.86852373066
537096.8407,362171.4508062052
498764.69955,775716.6464671055
498764.69955,486779.2139052285
498764.69955,553515.5238554169
498764.69955,510069.30823151674
504918.3549571429,624197.9863399245
504918.3549571429,486215.3774337758
504918.3549571429,620542.4260933746
504918.3549571429,483605.9059304465
504918.3549571429,437974.54822090105
504918.3549571429,451587.47388901573
504918.3549571429,797665.4228228063
591621.505,420457.5540968826
591621.505,734022.6488249099
378102.9532,423680.959653231
378102.9532,413910.07998768875
392032.55,271415.65421758214
392032.55,559387.0804822237
2150997.198,1050118.3785637596
2150997.198,1214563.897085779
672563.2707285715,824751.4873977819
672563.2707285715,640679.4266803386
672563.2707285715,778993.1507338245
672563.2707285715,638778.3576659494
672563.2707285715,592686.5555334908
672563.2707285715,461246.054985902
672563.2707285715,594559.0114109719
486850.0976499999,513125.8433795667
486850.0976499999,660799.0465975893
486850.0976499999,357370.3579195005
861793.8189999999,728228.5849973898
861793.8189999999,890225.0653300721
430822.16195,370107.5206450637
430822.16195,518889.23125486926
430822.16195,621791.7367294632
617593.549475,592918.7779367247
617593.549475,823931.9596617445
469339.3172374999,682459.0547454789
469339.3172374999,686840.5265854733
469339.3172374999,685978.7366672308
469339.3172374999,538227.4336095249
668242.2466,823567.1668914165
668242.2466,818575.7715409624
668242.2466,662752.2310927064
668242.2466,665145.3721413725
668242.2466,822793.1201565309
668242.2466,775233.1636596182
446566.83034999995,616320.9047106404
446566.83034999995,823707.4872920471
556830.9410000001,407437.23114629404
556830.9410000001,437298.30917662213
412410.49047499994,534004.9628170733
412410.49047499994,403159.7553894102
418805.888025,302127.2437336101
418805.888025,445016.350726811
585037.7287499999,1003857.6858343451
585037.7287499999,869536.0838753853
585037.7287499999,876342.8777207687
585037.7287499999,872865.2897511636
585037.7287499999,1003453.8264244066
585037.7287499999,957583.6705311276
585037.7287499999,874417.1507662875
585037.7287499999,1002845.6065568812
585037.7287499999,810274.3994853115
239053.45475,543691.602932206
239053.45475,404273.6719124362
239053.45475,378066.9072616723
351208.28380000003,602376.6507129841
917369.0148,1037775.9714177235
917369.0148,1002788.8037102425
879625.0083499999,669032.9446997411
879625.0083499999,675949.0125839639
650810.1225500001,707556.4311165654
650810.1225500001,847598.2936269313
511123.45105,411300.88592955243
511123.45105,540287.8324805483
511123.45105,746164.0297638428
651409.2262,547989.099798528
651409.2262,410029.6773959371
276279.93645,476295.05505023553
276279.93645,228878.76463146106
844521.2681000001,666326.5292625692
888188.2935249999,643879.9703608312
888188.2935249999,844934.7845458329
537224.7498999999,925708.5558048583
537224.7498999999,784251.5639057998
399930.9061,292454.3873889156
399930.9061,540268.8466488405
1160530.453275,1019711.7515355411
1160530.453275,1020280.1960147357
1160530.453275,784648.5810938936
1160530.453275,781898.6770118644
1160530.453275,1156573.7821204942
1160530.453275,1070113.2832230963
1160530.453275,1074363.2940673057
1160530.453275,1066066.934463476
1110075.5538499998,971558.9637180453
1110075.5538499998,1109878.1387961996
1110075.5538499998,966809.3421503338
1110075.5538499998,814628.9429209875
1110075.5538499998,1109986.3236562745
1110075.5538499998,1108680.2455027779
1110075.5538499998,1194971.8530519619
1110075.5538499998,1272308.8915037254
488874.01495,394116.7983124491
488874.01495,529822.6261854614
488874.01495,640245.0174405942
488874.01495,496777.439963147
823278.2025,1004845.7300856761
823278.2025,1074981.2765794336
823278.2025,1000169.1150747153
823278.2025,1004145.3529289858
823278.2025,728356.2168841996
823278.2025,929070.3065989877
823278.2025,800094.2142630653
823278.2025,926151.0723723017
823278.2025,800168.9497356801
823278.2025,993683.9095472884
397839.974,349890.37718284846
397839.974,631233.2145653433
397839.974,446628.51587008906
620387.7152,752646.6173750747
620387.7152,843864.2786821801
583024.4918000001,426013.2110495202
583024.4918000001,486294.19441928994
690130.0608499999,801147.4592902503
690130.0608499999,652070.2900367823
397727.56999999995,514383.35329409497
397727.56999999995,641973.6605620042
397727.56999999995,573090.5504620374
397727.56999999995,778380.8585988175
397727.56999999995,591633.2293106647
397727.56999999995,720897.896586351
397727.56999999995,730195.7189553664
397727.56999999995,516411.81599322846
231566.82459999996,252703.63733049663
231566.82459999996,228910.62565358693
380682.43000000005,648912.0728793353
380682.43000000005,383304.3178355405
807360.97949375,994625.9157662939
807360.97949375,702053.3089351958
807360.97949375,936099.4201228117
807360.97949375,851747.4172769187
807360.97949375,856924.5844514059
807360.97949375,704298.3666268286
807360.97949375,991190.2379359162
807360.97949375,638344.583575571
1050296.27735,937560.4158190265
708224.4978285714,971852.6633015892
708224.4978285714,900907.5720206467
708224.4978285714,967623.920336905
708224.4978285714,827123.7220215467
708224.4978285714,965081.0685101193
708224.4978285714,967184.2403397413
708224.4978285714,760109.9977187729
521400.5077,554894.1329074659
521400.5077,707569.7604322641
521400.5077,521846.71859762835
408088.0175,477341.21447215276
408088.0175,814332.050033753
675799.333725,595205.4381541103
675799.333725,752528.6178344346
595435.6677000001,717864.7935482889
595435.6677000001,496123.9254685855
568348.0792068181,722705.8452897387
568348.0792068181,986309.1955670281
568348.0792068181,983921.461035963
568348.0792068181,985645.4206053277
568348.0792068181,855269.0358917391
568348.0792068181,990302.8039539891
568348.0792068181,793325.2199128297
568348.0792068181,794258.9248468117
568348.0792068181,666936.0537970598
568348.0792068181,930589.6505998855
568348.0792068181,1101723.2653490256
807978.318275,812103.4127135241
807978.318275,746743.2687445757
362295.199475,314938.3519790967
362295.199475,421651.0532014223
2359397.668725,1237346.405134511
2359397.668725,1472624.748393829
2464512.4076499995,1079736.8450001255
2464512.4076499995,1358019.335009878
386915.7293,331165.51017783204
386915.7293,587580.4229884136
386915.7293,565768.4325117037
423675.1083749999,701524.6642166137
423675.1083749999,558466.3555982466
992167.2350285716,660340.7812945655
992167.2350285716,654544.4913671352
992167.2350285716,808990.0677287246
992167.2350285716,659238.4902083147
992167.2350285716,744020.1188553161
992167.2350285716,602791.713790377
992167.2350285716,947398.5499289222
689535.6610142859,666703.5982042626
689535.6610142859,522886.8986985501
689535.6610142859,810302.6547916147
689535.6610142859,523466.13994036097
689535.6610142859,755702.2607572543
689535.6610142859,756349.4884432411
689535.6610142859,622133.2857099858
635867.5253499999,838133.5847381998
635867.5253499999,870743.8959894199
475747.9643875,625802.6334780124
475747.9643875,692765.9953756344
475747.9643875,758207.823561842
475747.9643875,834880.497383756
475747.9643875,695714.500394961
475747.9643875,566411.0567829148
836284.2277999999,925646.5502583664
836284.2277999999,859319.2094555566
836284.2277999999,990293.748389618
836284.2277999999,780352.8850513765
836284.2277999999,635005.5123824691
836284.2277999999,717192.4797880914
836284.2277999999,806324.8315525956
515634.51515,417956.07285559067
515634.51515,769529.1272077973
582959.1795,417772.960528747
582959.1795,562174.2701228468
582959.1795,562970.8080036994
582959.1795,397062.310402173
986096.239625,951079.6780537555
986096.239625,809699.0968621104
304618.62475,553110.7878405711
304618.62475,277340.0280484344
599745.8533874999,477813.7758187209
599745.8533874999,805494.2305615627
599745.8533874999,477257.133630459
599745.8533874999,621148.7397564669
173031.45135,559168.9349307577
173031.45135,483663.94661659736
648862.0419000001,479604.86673057533
648862.0419000001,615997.5265883168
648862.0419000001,669910.6291659719
648862.0419000001,429774.34192454873
648862.0419000001,444145.34548031073
648862.0419000001,502128.8450250983
471567.7879,717314.860815699
471567.7879,486224.550808731
559488.4381,557524.1538339652
559488.4381,558327.0892032251
559488.4381,700650.8361642823
559488.4381,382657.4341489702
559488.4381,360772.346058916
559488.4381,399384.1330869548
708572.09665,810256.1829555875
708572.09665,812042.061701173
645311.12955,563840.0256142959
645311.12955,701874.0458874676
731181.4243999999,975692.4182101997
731181.4243999999,1047712.9458427313
731181.4243999999,673363.7937032719
731181.4243999999,675324.8496600266
731181.4243999999,973009.8606504496
731181.4243999999,972725.0077240778
787015.28755,536743.4159435154
787015.28755,983419.5014107414
701520.101875,733012.3882847982
701520.101875,731690.9926995897
701520.101875,800844.9430164987
701520.101875,871046.7147890084
701520.101875,661626.9605512685
701520.101875,809058.6003610122
701520.101875,545432.6875357961
320148.01389999996,510405.20965911745
320148.01389999996,513964.3645024732
598676.2960249999,439220.3794473662
598676.2960249999,638284.9617658481
169752.2416,282585.2714826209
169752.2416,536363.8585099606
393624.5033,646507.1354001092
393624.5033,508055.12716904806
393624.5033,344853.0619021811
333309.2347,268387.0550009187
395102.054175,469460.1632810327
395102.054175,454632.3410047551
395102.054175,585888.5147346996
395102.054175,447633.0952843552
792674.3325,653369.097888385
792674.3325,928202.8109405718
792674.3325,796132.1688304293
792674.3325,796411.1574434061
792674.3325,997015.9836565276
792674.3325,600043.018937333
792674.3325,871148.4391712026
792674.3325,599666.1546300405
516076.26815,944413.3296041649
516076.26815,649840.1039863856
596608.0525999999,1116092.979116764
596608.0525999999,896109.5388936633
596608.0525999999,753001.5498099208
596608.0525999999,751054.47724387
596608.0525999999,750128.1091379032
596608.0525999999,1031632.557577456
596608.0525999999,1119293.7706556167
596608.0525999999,833212.499295484
940602.2570785712,1137843.7647993797
940602.2570785712,910254.6244834629
940602.2570785712,912956.3229440117
940602.2570785712,1002071.260486953
940602.2570785712,997706.2342625074
940602.2570785712,757729.9358455137
940602.2570785712,1044152.7905392557
984070.4335875,946064.6114367577
984070.4335875,764865.6812071503
984070.4335875,690382.7493279612
984070.4335875,819945.540749333
984070.4335875,1012858.5601813382
984070.4335875,765901.5152053128
984070.4335875,644802.1103161392
984070.4335875,884266.4039933542
984070.4335875,761914.4602788644
984070.4335875,645092.6536265627
984070.4335875,769561.0916703368
984070.4335875,642456.0765592857
670137.9767,701113.2832691752
670137.9767,445484.88912155776
503579.25625,380795.97586578794
503579.25625,688515.3044205058
352957.11634999997,500919.0073500875
352957.11634999997,410738.8899313871
486921.4885499999,512494.66544174694
486921.4885499999,371455.21078756213
486921.4885499999,622266.2226637403
534654.827175,567933.0275011666
534654.827175,699259.2759947384
575938.1034,454579.6620135591
575938.1034,734504.6245191783
399670.8799875,423389.0673947185
399670.8799875,566276.5734739233
399670.8799875,612670.217504831
399670.8799875,563335.1452749106
550017.0621,820626.4400807028
550017.0621,601077.897436443
550017.0621,753186.8148241278
550017.0621,753728.4400600002
550017.0621,692632.0991740163
550017.0621,550235.6953246786
550017.0621,837434.8339240064
320377.93679999997,555370.8645198399
320377.93679999997,346687.1800195762
320377.93679999997,385426.829485117
1303193.1902687498,989050.0534435622
1303193.1902687498,991826.0842884048
1303193.1902687498,983357.1110348639
1303193.1902687498,985884.5747752595
1303193.1902687498,836570.0121593326
1303193.1902687498,990054.9823868357
1303193.1902687498,1127593.4947819104
1303193.1902687498,863106.1047377242
487607.72929,444382.8646662599
487607.72929,678589.4362921771
487607.72929,682826.3684339589
487607.72929,501887.4989019966
487607.72929,641913.8703885904
819534.8636,860225.9735612491
819534.8636,859348.4205987032
828828.2538571429,871401.1283460845
828828.2538571429,875297.8021652265
828828.2538571429,872036.3476036647
828828.2538571429,869061.5681745748
828828.2538571429,811764.2501589634
828828.2538571429,670024.0238405732
828828.2538571429,866476.551861748
647471.7039699999,510370.99517556967
647471.7039699999,806903.2834708295
647471.7039699999,804357.8104323242
647471.7039699999,800268.517387382
647471.7039699999,753499.619871747
158973.83945000003,248236.50838089857
158973.83945000003,492740.1084089028
231169.13119999997,392521.038173011
231169.13119999997,364985.182920108
622486.0012874999,482307.85416647646
622486.0012874999,635068.5462081205
622486.0012874999,783407.5099189524
622486.0012874999,724747.3640633376
597693.9886999999,561879.9760333188
597693.9886999999,638167.6330217395
312138.2259,405863.8031537975
312138.2259,529717.38146648
312138.2259,515424.8944558577
1162369.540925,1126230.5108879926
1162369.540925,838117.8636960948
1162369.540925,991212.5771593783
1162369.540925,834113.823215926
1162369.540925,835487.2012811123
1162369.540925,837172.4778852719
1162369.540925,943529.424563261
1162369.540925,1055812.0396761522
247628.55227499997,411845.741149066
281421.0525,543967.9682969172
281421.0525,405926.1492508626
281421.0525,262560.0980396112
818643.1656269231,749969.4013284636
818643.1656269231,886206.561777533
818643.1656269231,747191.3611952584
818643.1656269231,967696.8567279411
818643.1656269231,885324.5824246561
818643.1656269231,745897.0790165445
818643.1656269231,884340.7170181463
818643.1656269231,833618.9568184284
818643.1656269231,834774.2482249103
818643.1656269231,690655.5556446274
818643.1656269231,939532.5623867188
818643.1656269231,690465.8604713463
818643.1656269231,826992.9005553065
433613.8047499999,645910.3762032461
433613.8047499999,357217.9120153941
433613.8047499999,464944.82384607627
763826.9811,863683.136478721
763826.9811,992410.1803073451
763826.9811,724034.08430209
763826.9811,787789.3926381138
763826.9811,784448.0941327676
763826.9811,858824.2438041733
215465.6924,234251.70869006665
215465.6924,340238.70664641686
976730.9758,582324.3319053059
976730.9758,872666.9887872132
1126552.019225,948020.3855683501
1126552.019225,955098.2059460508
221490.54514999996,320672.92993883684
221490.54514999996,234025.2747684546
221490.54514999996,433982.6508775266
707025.5547249999,654388.9306759498
707025.5547249999,559474.8361417629
422187.4785,431669.23376026977
422187.4785,426199.80899329606
487106.10685,490384.04514435644
487106.10685,489821.0172023449
487106.10685,330906.2819488135
675530.594775,555976.8386752445
675530.594775,768812.2564273132
447785.81921,660305.6058452644
447785.81921,799289.8571441866
447785.81921,799469.4379036201
447785.81921,848674.376774549
447785.81921,748685.3967880133
429708.17615,700279.9869756994
429708.17615,605813.6462024681
2417751.7116999994,1074906.3401797141
2417751.7116999994,1147636.9501615693
389826.7506,300082.0890758419
389826.7506,539604.6698086775
607968.1680000001,437141.69857533573
607968.1680000001,384879.1619223532
607968.1680000001,698501.2820239395
592524.145084375,861353.0475496226
592524.145084375,973712.6244449134
592524.145084375,742570.6839482888
592524.145084375,975165.527994181
592524.145084375,935132.2076909866
592524.145084375,935298.4612919176
592524.145084375,748628.549272125
592524.145084375,972318.3491007104
592524.145084375,804786.9236926835
592524.145084375,694782.6997963658
592524.145084375,909273.336509541
592524.145084375,925652.4401225833
592524.145084375,709526.6842293888
592524.145084375,804377.7817859389
592524.145084375,910360.1432054328
592524.145084375,809679.8817710694
597583.23535,734961.0454910621
597583.23535,776771.0596051373
597583.23535,484266.12342646375
587013.09875,601202.4637520497
587013.09875,469867.5342568528
587013.09875,604765.5266863601
587013.09875,650403.9737684843
587013.09875,563856.991278281
587013.09875,696094.0563548751
587013.09875,696335.9925311282
587013.09875,447083.91564661136
595346.71335,414166.88063050446
595346.71335,702816.4143748651
262228.70005,265398.8862075744
483411.278825,368793.62693133106
483411.278825,650257.2052771482
483411.278825,615841.7251397807
483411.278825,607073.4354457619
704096.78405,801456.905045446
704096.78405,847406.4827940336
404295.79395,756642.3849740034
404295.79395,608074.4555595121
404295.79395,706468.3866142001
404295.79395,642269.2257137412
448790.3309499999,437262.9320076493
448790.3309499999,494065.80366812355
448790.3309499999,469306.16701551486
666012.1680749999,742127.1915456718
666012.1680749999,741688.6652784764
666012.1680749999,537115.6316131421
666012.1680749999,679183.5542636204
666012.1680749999,536335.4107930879
666012.1680749999,838931.2377020104
592093.23492,556281.1500369962
592093.23492,558947.4674956653
592093.23492,558500.1166938788
592093.23492,798528.3079537272
592093.23492,577446.8363257888
262000.2469,395601.8571317093
262000.2469,281933.34177150676
262000.2469,522208.80283646286
1108891.638125,937151.8509589956
1108891.638125,1057498.6019259307
700551.66715,608131.2345361058
700551.66715,881837.185885897
596055.2693333334,908260.3938303745
596055.2693333334,1038393.2597497539
596055.2693333334,759187.2073420343
596055.2693333334,1121187.1537361012
596055.2693333334,1038584.748251915
596055.2693333334,1119922.8007931586
596055.2693333334,765442.9894642745
596055.2693333334,905303.5289862466
596055.2693333334,793629.8153819036
543219.42375,790472.7409576311
543219.42375,635293.4854317028
768596.886525,789511.4982303949
768596.886525,787356.9706110941
768596.886525,647282.811454484
768596.886525,787544.5057294347
768596.886525,990510.4652528944
768596.886525,643684.6639190916
768596.886525,924183.0844659439
768596.886525,727951.6066859821
461823.85161,593073.8074653164
461823.85161,734649.1293732635
461823.85161,772446.3789123793
461823.85161,688494.6769595005
461823.85161,679685.8324080688
563767.0107,784425.2494171459
563767.0107,866383.4131153489
261139.230625,535207.8160786354
261139.230625,381725.1276601964
642196.3410499999,602541.3341763979
782589.83225,596344.35120743
782589.83225,599784.1578895292
782589.83225,955342.7717715201
782589.83225,594027.6886925639
782589.83225,594699.7530578352
782589.83225,551149.9944042942
301021.57887499995,530412.0612494623
301021.57887499995,393822.7006515788
301021.57887499995,395796.9143213702
301021.57887499995,423815.63554242527
375402.9576,631007.1676505845
375402.9576,347894.7534474723
375402.9576,416197.50715709856
1116771.5323249998,907826.1659551038
1116771.5323249998,939896.4708496346
535294.2972125,604051.1483064295
535294.2972125,610282.9741357411
535294.2972125,609557.2347157254
535294.2972125,439764.7989802993
444222.19825,601736.1287512213
444222.19825,329269.47820565506
354867.71549999993,655525.0186650578
354867.71549999993,381671.7849278467
354867.71549999993,508835.2451367327
354867.71549999993,620340.6413020006
354867.71549999993,480925.34289286664
379912.51465,409306.45062796527
379912.51465,294652.18904401554
379912.51465,238493.7311751977
2677169.9878,1258247.910141217
2677169.9878,1366979.3104204508
945199.881,668580.363731803
945199.881,746519.7436759318
945199.881,957561.7534410785
945199.881,664592.7069257993
945199.881,886070.3279480048
945199.881,887131.5904746439
945199.881,612870.4407142407
945199.881,756039.6490329334
945199.881,941556.6928687097
388127.0782125,322408.3314545432
388127.0782125,443802.3804156104
388127.0782125,434803.1691623738
388127.0782125,428422.1155134608
334457.29240000003,328630.9423647515
334457.29240000003,582673.2684081963
334457.29240000003,590056.3134749457
209704.86029999997,497517.12873858237
209704.86029999997,351930.77525044506
763071.1626022727,729992.9586684806
763071.1626022727,730863.2472691826
763071.1626022727,1009942.3031430277
763071.1626022727,734257.3798040216
763071.1626022727,1013536.063021666
763071.1626022727,1011598.1131413518
763071.1626022727,671293.3562340939
763071.1626022727,820259.6867128124
763071.1626022727,672597.4568002309
763071.1626022727,671878.7954907699
763071.1626022727,665540.9581252566
225510.30545,363530.85079228575
225510.30545,262909.1519220399
225510.30545,499189.9396365071
776964.31805,840380.9916676177
776964.31805,973244.6460582707
437358.0998,471416.9844979487
269042.917925,284424.45154774317
269042.917925,426456.37089701067
674368.669875,641279.309816684
674368.669875,644370.4072333059
674368.669875,790259.8805546822
674368.669875,933996.52724571
674368.669875,642769.884391718
674368.669875,664458.0268251667
569321.2287249999,529711.4364409077
569321.2287249999,655880.5364798589
916782.501875,822924.1111939364
916782.501875,916008.3175609657
916782.501875,1085051.0403875306
916782.501875,957992.5406846481
916782.501875,1082556.3863304425
916782.501875,956150.1895481442
916782.501875,1170820.046008315
916782.501875,821836.9576566669
916782.501875,1027249.9336041431
916782.501875,881063.8774990388
916782.501875,880619.6264149443
916782.501875,752559.9815477171
302898.78894999996,513423.9881949129
302898.78894999996,518190.00215367565
2602691.20435,1177867.6866788843
2602691.20435,1247061.7609148659
2602691.20435,1357795.9839598467
742357.1148,703125.1634585424
742357.1148,708042.1790363368
742357.1148,790887.9094065581
742357.1148,997277.3935884124
742357.1148,795816.7837010204
742357.1148,786340.8511930087
742357.1148,647207.0838987347
742357.1148,647340.7993009783
742357.1148,920756.9638015323
642673.5416499999,746562.1514755028
642673.5416499999,887581.9512648415
630314.29605625,785498.1831857561
630314.29605625,783804.4712838195
630314.29605625,856764.4493581338
630314.29605625,930599.7530720134
630314.29605625,864189.2919413055
630314.29605625,861646.1745612002
630314.29605625,724930.7091356368
630314.29605625,728873.5582361904
980170.8303634616,839662.6955119555
980170.8303634616,835399.5439456154
980170.8303634616,930697.9647900129
980170.8303634616,1092764.5047251955
980170.8303634616,1095128.683120309
980170.8303634616,970319.4793385069
980170.8303634616,933435.549630679
980170.8303634616,1011528.8632602412
980170.8303634616,1010979.6688237325
980170.8303634616,893630.4291828757
980170.8303634616,768028.681678532
980170.8303634616,894505.6321256072
980170.8303634616,775953.567550146
350197.53054999997,559666.0161920347
350197.53054999997,278933.9893468764
470494.89812499995,775820.5794372841
470494.89812499995,594998.4548792113
470494.89812499995,453210.5333080744
470494.89812499995,553285.8473080569
470494.89812499995,558827.738480222
1210397.6529,1104716.1115843747
1210397.6529,1295487.4000334246
222313.0887,504653.26598945656
222313.0887,384632.7301020631
222313.0887,369709.8235950598
753279.5011499999,916404.416732443
753279.5011499999,885567.8087725702
533529.7319,536462.5828727446
747108.5522249999,841409.1841111208
747108.5522249999,1112432.6913594836
762686.67725,613118.3027243444
762686.67725,1072954.678941173
740934.0516750001,830842.1319451218
740934.0516750001,1055583.9263102643
725521.16075,754314.272663197
725521.16075,965439.7325403297
725521.16075,1008343.0260873142
322163.97225,251162.48937356228
322163.97225,232186.63174399972
698945.3866500001,609814.2145668403
698945.3866500001,1026997.4170681727
637236.5382500001,564740.2098673608
637236.5382500001,433290.6918409558
637236.5382500001,743311.4253597923
560160.6379000001,602885.8547422704
560160.6379000001,603941.0321474725
560160.6379000001,755513.7927381829
560160.6379000001,703428.634552689
560160.6379000001,457288.9398310502
221580.413525,304778.1785588552
221580.413525,422358.6106617082
210741.63315,254387.57602201618
210741.63315,233219.58144987863
209629.726025,482641.32397124544
209629.726025,331665.8858319074
756272.646625,647100.6100143282
756272.646625,806056.7942398378
295816.19694999995,503087.20728285203
295816.19694999995,516545.88159720704
428429.5096375,583787.8608479059
428429.5096375,439788.64516535966
428429.5096375,730073.1524342641
428429.5096375,411700.5190850329
366617.04944999993,575902.3934607449
2469227.3566999994,1177695.723340991
2469227.3566999994,1248331.7136130582
803897.8124749999,943510.2562418669
803897.8124749999,869287.9613443983
271250.9139,274654.357640782
271250.9139,263868.7012064858
844440.5352562498,769637.1309376765
844440.5352562498,919051.7773072305
844440.5352562498,765189.82740574
844440.5352562498,919690.7099027651
844440.5352562498,766503.64164539
844440.5352562498,1009825.6183125777
844440.5352562498,1143561.729354631
844440.5352562498,988032.1846751997
531504.15305,514073.1993466478
1235687.1915,1148374.7468380881
1235687.1915,862873.6923033966
1235687.1915,1143246.5528390042
1235687.1915,1146732.6925244532
1235687.1915,1146289.8430158147
1235687.1915,969119.630502362
1235687.1915,1118857.3422133783
1235687.1915,864511.4215849281
1235687.1915,946871.6620115639
373835.90809999994,640971.6507236154
373835.90809999994,693992.7392596201
685783.08365,620704.4665197639
685783.08365,1000766.3879811994
328548.7883,277411.5604294097
328548.7883,272849.40114385996
328548.7883,517363.41477243986
605833.120475,795718.6154595042
605833.120475,664836.3956119532
697396.69972,607728.4296858682
697396.69972,609851.2428986802
697396.69972,881422.3631846736
697396.69972,880130.9312479971
697396.69972,608234.799145862
697396.69972,611054.6535426955
697396.69972,694979.7619678348
697396.69972,565868.3592673482
697396.69972,566026.9334540184
697396.69972,762288.5963248212
382298.6696300001,701646.3838043134
382298.6696300001,559955.6181294005
382298.6696300001,703408.849362584
382298.6696300001,660271.0827290027
382298.6696300001,370414.60922135523
417851.0527,554516.8914490204
417851.0527,555625.3447606362
417851.0527,387581.5735284308
417851.0527,655758.3089519104
601107.277975,549002.3234345146
601107.277975,891282.6608981636
601107.277975,550867.7557801493
601107.277975,698815.6338982815
601107.277975,553314.4122430785
601107.277975,580995.7385616718
841822.4136,713438.0151010136
841822.4136,1034304.5157343157
2446667.2255999995,1151076.2896570126
2446667.2255999995,1242022.272224408
549645.72235,528191.2236454352
549645.72235,799273.1968050393
549645.72235,804001.3969171621
398393.577575,388192.4564711643
398393.577575,575845.8349090202
588899.317825,822476.6936435285
588899.317825,680617.01808288
831931.8772799999,664444.9890238893
831931.8772799999,809135.6144651278
831931.8772799999,946476.6110231038
831931.8772799999,663611.858915637
831931.8772799999,947797.7563333176
831931.8772799999,610136.7599961853
831931.8772799999,608393.6044642912
831931.8772799999,748545.7857938458
831931.8772799999,744941.875304566
831931.8772799999,883160.5635877165
728280.2827749999,899849.2178873437
728280.2827749999,775950.072215333
185315.69262499997,417018.8213437318
185315.69262499997,510688.9245805761
1363673.8115,964223.6513717065
459371.754275,584817.2488157295
459371.754275,777796.8403539727
572953.2455083333,735856.3513870066
572953.2455083333,592818.0465530099
572953.2455083333,734849.0952415918
572953.2455083333,732636.9239712994
572953.2455083333,876142.5490405898
572953.2455083333,811294.066124911
572953.2455083333,543049.0622391372
572953.2455083333,541086.7749452504
572953.2455083333,556790.2200168752
799641.4664714285,755399.9309064838
799641.4664714285,752441.3243351491
799641.4664714285,1133259.0140898568
799641.4664714285,755093.6714104643
799641.4664714285,1052014.9846592266
799641.4664714285,907875.0567627893
799641.4664714285,838990.4853644045
245791.81924999997,232375.0440125079
245791.81924999997,251026.02193527087
591669.5021249999,800377.4741395044
2635503.93785,1080052.257812775
2635503.93785,1228397.4609673272
2635503.93785,1444222.7593171606
560309.8785499999,394004.7183712219
560309.8785499999,674661.3552311466
368813.8257,283140.1418991948
368813.8257,291394.34912235785
368813.8257,540691.425743411
301608.52385,310715.60486873635
301608.52385,430839.2445819717
301608.52385,283046.59268944827
598781.47495,705958.0691857606
598781.47495,554909.6886375962
598781.47495,695923.6738027257
606086.889975,765712.9449891807
606086.889975,620928.6047870482
606086.889975,541536.2546610937
606086.889975,579774.9422618551
606086.889975,564295.8762561991
606086.889975,731311.0661948452
573022.569975,775498.7694048486
573022.569975,447790.4580217357
573022.569975,507887.2832409345
573022.569975,479785.48319054913
463745.3254,570033.6550229214
463745.3254,719668.9880800479
463745.3254,543610.9451022544
465228.16104999994,605732.544260452
465228.16104999994,462900.3676987789
465228.16104999994,322551.8985818338
366234.6217,302495.3214009322
366234.6217,313743.76738748996
189013.3335,497665.22494390805
189013.3335,469787.62818505865
896476.1422,740771.2750341045
896476.1422,789273.503324639
896476.1422,970659.9287189738
396358.9701,387656.94569235673
396358.9701,438807.40530102904
415536.94222500006,602234.9817382871
415536.94222500006,467411.7925164894
601133.3525,612359.3484906419
601133.3525,829595.3289252799
601133.3525,610430.4144331715
601133.3525,758724.7949178562
601133.3525,836841.1900496883
601133.3525,839176.4711573347
601133.3525,714932.9784234159
547323.3979,787239.0625934937
547323.3979,778285.5847201908
547323.3979,975579.2720709916
319134.51570000005,638303.6918962237
319134.51570000005,489850.7276195494
319134.51570000005,594892.5962081561
231500.66635000004,384632.2685204631
231500.66635000004,377617.634803337
964171.4352807692,1096025.9541379374
964171.4352807692,843404.6886765184
964171.4352807692,977192.9144172517
964171.4352807692,766266.0145943221
964171.4352807692,895339.2358354289
964171.4352807692,896752.9214037523
964171.4352807692,1023606.4704764169
964171.4352807692,950016.9728075484
964171.4352807692,829229.3998166886
964171.4352807692,951236.6852074047
964171.4352807692,830210.2306779036
964171.4352807692,829456.1131400468
964171.4352807692,719723.0122146145
2455689.66675,1242241.3213085444
2455689.66675,1150437.612371678
573328.23095,576876.1938333635
573328.23095,577834.3659172102
573328.23095,481257.94677467097
612276.964659375,584712.6471149038
612276.964659375,931438.6312535331
612276.964659375,872105.688411912
612276.964659375,584900.4175888883
612276.964659375,660419.0185176556
612276.964659375,538462.4064910067
612276.964659375,677512.8545690746
612276.964659375,820350.611539356
445247.76685,488671.15818730753
445247.76685,636076.6023286328
445247.76685,564163.8653844733
445247.76685,474881.2029131304
310321.04915,373666.8706374889
310321.04915,255682.02038593014
310321.04915,235060.25332332752
465952.50804999995,453050.97660177696
465952.50804999995,337206.90608608536
465952.50804999995,334425.5360873677
559228.80355,765964.5178239358
559228.80355,523067.9160836737
559228.80355,464266.73150883586
559228.80355,610338.2087417098
210268.5801,376765.4210335828
210268.5801,251553.69638190483
210268.5801,350572.1659976497
721573.6410999999,826855.309276492
2297951.3351749997,1143136.3207430325
2297951.3351749997,1423337.232412263
810573.375,582363.9029070721
810573.375,727519.8591967834
810573.375,726441.3074140478
810573.375,579359.1320166204
810573.375,814839.8947072787
810573.375,532294.6830037066
366391.0068,361869.67443724815
366391.0068,381075.5107986464
645111.901925,897098.8851302091
645111.901925,877380.58873329
2596152.9347625,1047421.6444982947
2596152.9347625,1196089.3401100494
2596152.9347625,1187820.519805871
2596152.9347625,1255612.3175345454
2596152.9347625,1110156.0398771372
2596152.9347625,1190103.8095701486
2596152.9347625,1187820.519805871
2596152.9347625,1258681.6914728829
2596152.9347625,1193673.4621411082
2596152.9347625,1187993.246441937
2596152.9347625,1096182.9781336575
2596152.9347625,1120883.2656448619
2596152.9347625,985590.2417346861
2596152.9347625,1123417.2524650325
2596152.9347625,1157974.8904289522
2596152.9347625,1017722.2956583997
445534.66895,470384.9085521988
445534.66895,626005.4833927032
549771.6593,807247.9055526957
549771.6593,902738.1249927782
575086.1627750001,716947.01023293
575086.1627750001,569419.7388506071
2654959.2433,1159188.7556670804
2654959.2433,1241593.8440136153
397691.6165625,707049.999981233
397691.6165625,711843.0840065717
397691.6165625,426880.3671785201
397691.6165625,508280.3539543393
397691.6165625,529167.178781858
397691.6165625,525990.3619242694
544386.8276,827830.777679335
544386.8276,973093.0338085747
659405.2975250001,622010.9136832387
659405.2975250001,881178.6948639529
649276.22755,793725.0702473236
649276.22755,868706.2630874331
203352.09709999996,350463.1639999026
203352.09709999996,481546.47267865867
589457.6274,379608.71986860083
589457.6274,659628.3299887117
589457.6274,398378.2269916915
507616.0317,447623.03481885436
507616.0317,715727.7465965732
754663.7542500001,824037.7698663451
754663.7542500001,825045.5961662426
754663.7542500001,959170.263157809
754663.7542500001,824239.507286321
754663.7542500001,678481.2128846237
754663.7542500001,672841.5383321951
754663.7542500001,620908.121720825
754663.7542500001,756837.9589716801
754663.7542500001,621281.2967543916
461429.12794999994,381470.72571624914
461429.12794999994,675618.4876275184
341227.665275,507441.3659257203
341227.665275,392095.35128023813
528693.473325,787469.046096075
528693.473325,919986.0131547969
399850.12119999994,595019.0416903156
399850.12119999994,437187.5508166611
399850.12119999994,420403.88083217246
285688.2046,548266.0611315237
285688.2046,474143.93803659664
285688.2046,351692.348727105
373537.8626749999,545222.7024819504
373537.8626749999,402793.7151143786
361013.5448999999,359778.25537565164
361013.5448999999,249988.33681114996
344615.671225,382241.96425093844
344615.671225,519210.2208641382
631605.0277499999,877085.7487619116
631605.0277499999,660681.6962295083
631605.0277499999,941535.1567843661
631605.0277499999,736297.2425437812
631605.0277499999,876347.1273752383
631605.0277499999,742244.3317317597
597408.9622375,755878.8564807218
597408.9622375,756088.0081079648
597408.9622375,795077.6604390654
597408.9622375,708061.1702886232
597408.9622375,566596.9054548552
597408.9622375,438408.24489724624
299736.33315,316129.0657677683
299736.33315,558927.9852060267
507201.2646125,841012.5097005537
507201.2646125,493405.41727623774
507201.2646125,641590.2503340845
507201.2646125,454420.3671743815
565750.92067,400200.7685591369
565750.92067,538112.9572227416
565750.92067,691547.8574791837
565750.92067,646331.9512155467
565750.92067,670519.3682426407
875742.5574214285,878558.8113102908
875742.5574214285,729854.4737267495
875742.5574214285,964178.1215150096
875742.5574214285,1024381.9604155882
875742.5574214285,728018.5021568288
875742.5574214285,729854.4737267495
875742.5574214285,1018198.1875776502
702391.1427000001,647397.6646838138
702391.1427000001,655175.6963312111
2292541.1975999996,1061401.3817059635
2292541.1975999996,1029938.5697132437
2292541.1975999996,1420351.7062523987
965000.612775,625251.4755605547
965000.612775,555199.5567287952
965000.612775,759041.2520964855
965000.612775,836994.1687758393
965000.612775,774103.0938965774
965000.612775,779542.2407935373
965000.612775,781844.7139208679
965000.612775,653418.6656720061
764191.2688000001,774391.9587735471
764191.2688000001,481337.0195729915
764191.2688000001,477348.3818103428
764191.2688000001,769289.1067795004
764191.2688000001,572873.6582936759
864219.1302499998,727101.6523428035
864219.1302499998,891551.4228730819
247645.6163999999,519832.06929448666
247645.6163999999,247867.7858450506
695266.03335,788144.8261019994
695266.03335,502013.3371335921
366460.7226499999,563328.2198788612
366460.7226499999,273476.8945227952
298004.51524999994,540599.2908411154
298004.51524999994,402062.5056390603
298004.51524999994,269475.70597446343
809738.2065999998,675748.8527571019
809738.2065999998,807056.3597290411
809738.2065999998,1082418.665403951
322212.8016,414241.6130407969
322212.8016,400962.36515185784
344384.4765,607897.3818892008
344384.4765,617054.449806136
344384.4765,319562.96150880604
344384.4765,313454.12275171006
437196.4561,599028.663051296
437196.4561,583595.1601221676
576757.82456,769498.9254381557
576757.82456,707662.0253465981
576757.82456,705496.355055536
576757.82456,712710.3860443828
576757.82456,930452.5164246501
515621.04845000006,505258.1048032458
515621.04845000006,670580.5483538052
420440.59835,308021.7944201466
420440.59835,453030.0117105294
451237.5124,577809.1958503006
451237.5124,614148.4309209599
622289.4372999999,392889.652457242
622289.4372999999,405257.770960044
515762.236,559758.0276965615
515762.236,609108.4939775956
774319.2679999999,978066.8106486776
774319.2679999999,962964.1863593416
534127.9515,511061.46412630205
606456.47158,831568.1775591315
606456.47158,488200.92984454817
606456.47158,492462.50503261737
606456.47158,732409.4167808845
606456.47158,732409.4167808845
167062.36925000002,385875.4783568944
167062.36925000002,332018.64972346404
417297.29435,244017.42948806653
417297.29435,402231.6674808091
431776.409275,724601.7708573784
431776.409275,616222.6937570822
695561.3483000001,582011.8716247457
695561.3483000001,718805.7501617103
695561.3483000001,515999.7243177063
695561.3483000001,664333.9376307126
695561.3483000001,750253.2893110107
695561.3483000001,602164.0729962273
695561.3483000001,519510.1657667805
1257576.9253,1033033.2724943985
1257576.9253,862396.1288015911
1257576.9253,1159412.5804523183
365027.21215,588905.4932040588
365027.21215,314216.39963959577
800938.674525,716627.7374710637
800938.674525,965654.2114338288
625556.6765093751,789317.664259988
625556.6765093751,788533.3492778514
625556.6765093751,794502.244253385
625556.6765093751,653837.4153423745
625556.6765093751,462249.98452582135
625556.6765093751,742024.806704433
625556.6765093751,740639.7357651549
625556.6765093751,510576.4385892707
436652.3475,432001.9303565368
436652.3475,576932.3469590114
436652.3475,575244.795125731
436652.3475,538481.4231808699
436652.3475,735422.1463145708
693992.635725,610326.7609949631
693992.635725,770156.6003816619
270133.7418,310662.01909911144
270133.7418,378459.003641095
270133.7418,394311.8953663073
378202.93605,588962.1457477972
378202.93605,542381.9318392971
378202.93605,392082.2466731858
562312.7971,676400.4071937592
562312.7971,671759.9085781561
715508.0931349999,979968.0172311701
715508.0931349999,696440.8343644012
715508.0931349999,699659.0299988354
715508.0931349999,785050.9855096369
715508.0931349999,700541.3627477383
715508.0931349999,923290.7515180395
715508.0931349999,907962.7222851336
715508.0931349999,777924.8168437452
715508.0931349999,778299.934327215
715508.0931349999,643333.7403057155
321724.45955,259615.62894719373
321724.45955,403244.4800484995
321724.45955,503062.2762367894
687102.204125,776123.6643607898
687102.204125,927202.4883803494
687102.204125,626554.7006433413
687102.204125,697858.2717497733
687102.204125,920481.4848734058
687102.204125,722884.5614079891
269446.53179999994,509102.6931282065
269446.53179999994,389863.8566135354
615428.9149642857,684486.7733039898
615428.9149642857,777522.4028902448
615428.9149642857,686216.732650508
615428.9149642857,630930.4379087883
615428.9149642857,454791.3762843207
615428.9149642857,588217.9590656516
615428.9149642857,497555.1690889109
182247.5892,273306.8260072536
182247.5892,389628.0532488617
465025.607325,824824.9495961339
465025.607325,695759.6223024898
896842.894225,591274.2835145505
896842.894225,801197.4454305413
784907.2167999999,670770.3302154855
784907.2167999999,668890.416693236
471020.63740000007,430118.7784067387
471020.63740000007,752690.4188967063
2360285.0179,1186962.6787156626
2360285.0179,1151542.7388901527
759509.9623,957439.5840694933
759509.9623,656680.7815912081
509860.8329499999,725835.12056292
509860.8329499999,478409.7744879834
391439.6965,337093.77105914376
391439.6965,621815.0339664086
391439.6965,306009.10863559967
763285.7759499999,672449.5755299563
763285.7759499999,937633.9980238198
301524.57054999995,412497.4106287243
301524.57054999995,578727.6556405192
301524.57054999995,388656.37180985225
577304.2638999999,598927.9774022333
577304.2638999999,596363.0980888662
577304.2638999999,455686.2393250168
577304.2638999999,425718.4394909239
2783361.6887749997,1323656.408037365
2783361.6887749997,1258274.9907059625
576581.7893000001,510872.26605721225
576581.7893000001,543504.0373587428
406687.596575,542641.056533401
406687.596575,672863.2734077887
673012.4208499999,894635.4893098825
673012.4208499999,1008787.793136149
426064.839425,465548.9583402455
426064.839425,337459.1705180582
426064.839425,450608.9613034692
426064.839425,311458.24906276667
403886.1356999999,405641.57467113616
403886.1356999999,420774.430961231
574084.9990000001,528952.5429774065
574084.9990000001,531559.1013895312
574084.9990000001,337198.5321598705
574084.9990000001,412699.1237135948
743869.9885599999,690665.4380331256
743869.9885599999,838285.8495605085
743869.9885599999,536844.5121225861
743869.9885599999,639066.278439327
743869.9885599999,506640.7673222705
310234.8106,391717.8600427094
569012.659675,718976.1504596238
569012.659675,569945.168505862
569012.659675,718111.7271875377
569012.659675,397857.3697121445
362684.7402,413748.68958768423
362684.7402,399070.11161969823
580379.21095,839797.0074753234
580379.21095,760829.5513656832
676645.8258999999,797509.4292615999
676645.8258999999,704664.0123739166
676645.8258999999,794344.5408752948
676645.8258999999,792659.0798669358
676645.8258999999,603934.0009099349
676645.8258999999,742362.555292344
676645.8258999999,610458.8897470849
409981.7188,379703.46155598364
689630.24897,532279.8473863492
689630.24897,680688.6986516346
689630.24897,596474.1925856603
689630.24897,828287.2354899846
689630.24897,477961.85278198554
885233.9662300001,1112521.774375008
885233.9662300001,761681.2683651801
885233.9662300001,989937.020575902
885233.9662300001,904964.2598329566
885233.9662300001,902529.9609201497
885233.9662300001,1034317.453920912
885233.9662300001,987485.4215328681
885233.9662300001,958475.0832466893
885233.9662300001,958800.4462243118
885233.9662300001,959367.070506285
815006.22525,716984.8556337979
815006.22525,961798.2076165269
566848.9281749999,611821.293966921
566848.9281749999,823792.5660028835
573767.72585,715071.6433848902
573767.72585,749040.9960749898
573767.72585,374311.3040951771
573767.72585,451921.22458000673
611180.8310750001,793347.8046400497
611180.8310750001,662007.4752157441
825387.1773999999,813035.1188678555
825387.1773999999,951859.5252705389
825387.1773999999,1016577.7528403248
825387.1773999999,809896.5337395101
825387.1773999999,947902.9268496118
825387.1773999999,746985.0033560522
825387.1773999999,618512.1315419938
825387.1773999999,615050.4663457825
825387.1773999999,884905.5991047604
825387.1773999999,614168.4349988298
702718.1388999999,1152468.4101316687
702718.1388999999,927200.4829295938
702718.1388999999,1060653.2467367304
702718.1388999999,1062315.0148097137
702718.1388999999,929156.6354485197
702718.1388999999,1059661.8476833766
702718.1388999999,792086.0151469595
702718.1388999999,1060850.2974714935
702718.1388999999,726853.2234790758
252419.0801,476586.8346630655
662587.0654083332,643693.8087051348
662587.0654083332,784052.6841783567
662587.0654083332,928862.2607808779
662587.0654083332,643693.8087051348
662587.0654083332,722450.8120466114
662587.0654083332,642074.3519934852
662587.0654083332,591792.1742516381
662587.0654083332,860231.7342378458
662587.0654083332,592096.9527814076
546765.145,806666.8050220058
546765.145,741012.4093259335
433732.157025,539734.9143659679
433732.157025,751266.5737852983
574456.3825,914361.7418043837
574456.3825,649573.2563998111
182660.8831,278272.6074819336
182660.8831,263342.3217359802
596773.50135,927394.8752371485
1447439.0835453123,907844.9003150953
1447439.0835453123,1032803.2313047906
1447439.0835453123,1033395.4364436418
1447439.0835453123,906933.72688993
1447439.0835453123,1228670.1849078329
1447439.0835453123,1125590.2676085387
1447439.0835453123,1124563.596810958
1447439.0835453123,1028259.4588402465
1447439.0835453123,1125145.5689860242
1447439.0835453123,1055613.9622922535
1447439.0835453123,871180.5660570109
1447439.0835453123,838853.2393079788
1447439.0835453123,1054562.7265042416
1447439.0835453123,952759.0710768742
1447439.0835453123,837442.7641140961
1447439.0835453123,842122.702461035
380276.31445,443412.95229911385
380276.31445,548976.2388054908
427268.7544999999,384918.687963069
427268.7544999999,672699.7522611676
427268.7544999999,562612.5629236053
427268.7544999999,508669.734959868
605167.3391999999,391533.9611613077
605167.3391999999,522747.66669003526
420699.06585,568542.1797965337
420699.06585,711066.672040936
420699.06585,567304.7308582467
420699.06585,711300.5515417219
408786.8964,385245.30116608104
408786.8964,449587.7740225
603185.7534500001,667660.7478548515
603185.7534500001,419964.6956974728
309526.035525,542157.7657753917
309526.035525,403833.34212334105
309526.035525,546360.1068402651
309526.035525,670633.8389026877
599366.8688,727943.1603617033
599366.8688,532043.6118135768
859138.3875375,910641.1101082317
859138.3875375,768566.7062738414
859138.3875375,1039558.3470797862
859138.3875375,765832.5878657276
859138.3875375,1035924.8656138083
859138.3875375,1117136.6864724846
859138.3875375,705755.5697728595
859138.3875375,705626.5568748679
859138.3875375,960240.8098266548
859138.3875375,705691.0549475866
859138.3875375,837469.5136914769
859138.3875375,851849.3884847487
652077.8028461538,1013930.2203429353
652077.8028461538,1013843.3634815443
652077.8028461538,891758.359572815
652077.8028461538,761380.4940326235
652077.8028461538,972375.2817081071
652077.8028461538,763619.63561144
652077.8028461538,892721.849110348
652077.8028461538,704250.7042368564
652077.8028461538,824448.173691483
652077.8028461538,940555.9331738107
652077.8028461538,940555.9331738107
652077.8028461538,939080.0645043439
652077.8028461538,934077.9340279277
604904.403075,748875.0531786451
604904.403075,963213.1308482599
449464.6027,331312.4143423211
449464.6027,459249.80604433577
561448.2628499999,889708.0694387447
561448.2628499999,762259.7223615642
561448.2628499999,618535.5952468081
212057.161925,251512.32807742828
212057.161925,371015.81652071245
876639.45415,652525.9603526709
876639.45415,651455.2261737939
876639.45415,792254.7802926865
876639.45415,652525.9603526709
876639.45415,603939.2394363972
876639.45415,472630.29134188895
876639.45415,592222.2037145909
876639.45415,662142.8835942937
628171.0817999998,641630.1851927087
554246.3626999999,801915.8147732692
554246.3626999999,728254.0128296103
789343.8685,994523.9414417093
789343.8685,799099.0213796062
697945.181875,662148.2016016262
697945.181875,855490.5280489238
697945.181875,515210.0611046774
697945.181875,753853.8564300339
697945.181875,754546.2326334765
697945.181875,518112.96681986947
406846.60335,704345.4694017485
406846.60335,421059.4583295128
406846.60335,561246.6786442057
406846.60335,663959.765869735
752979.59424,877682.2053221101
752979.59424,881722.2025840433
752979.59424,606145.2711895604
752979.59424,882266.9004698659
752979.59424,611378.3323999324
752979.59424,882538.6704425692
752979.59424,563565.3606458398
752979.59424,563359.7403006337
752979.59424,564136.0696768524
752979.59424,638384.4244904704
458745.1858,481695.61536815134
458745.1858,824841.592490098
605305.75035,548617.304527794
605305.75035,629945.5851922971
605305.75035,487292.9848937953
605305.75035,581442.138640095
539473.37115,792560.6905510813
539473.37115,906758.7558397335
641543.6043,726305.0856078187
641543.6043,841564.3317512287
578398.7631999999,523049.581754914
578398.7631999999,595038.1750297007
738519.3586999999,812773.9312169184
738519.3586999999,620823.5352205612
738519.3586999999,770193.0393786496
738519.3586999999,662119.4230892889
365875.9267625,331840.0868962254
365875.9267625,603658.1339574747
365875.9267625,316681.6065751105
365875.9267625,446148.0399196567
761284.647675,1029889.7633308519
761284.647675,810554.0498496236
867233.9145083333,958135.0587100112
867233.9145083333,827475.2348259585
867233.9145083333,616046.905286638
867233.9145083333,618997.2987590921
867233.9145083333,691070.7956983974
867233.9145083333,703197.0174973131
867233.9145083333,702860.3488360465
867233.9145083333,702456.9249339496
867233.9145083333,789053.6569525929
232120.67245,487194.2331067204
232120.67245,487456.25198264216
510785.61189,484836.6986512817
510785.61189,772487.6728758058
510785.61189,776949.3319752382
510785.61189,550108.795331754
510785.61189,495827.5264574045
787888.0699687501,721566.3134958951
787888.0699687501,954732.8964280201
787888.0699687501,1011292.5844290773
787888.0699687501,718834.5552932086
787888.0699687501,720350.693648762
787888.0699687501,947815.9421445044
787888.0699687501,934300.3470902438
787888.0699687501,933712.8902746994
1241319.2030999998,937832.1299872679
1241319.2030999998,938871.2560022633
1241319.2030999998,1098162.2028474382
874271.5884499999,821395.6039315447
463657.4912,763868.6502485956
463657.4912,809516.1650140064
463657.4912,677141.3002208328
604744.3324,576886.8360019989
604744.3324,630268.7853321714
581289.1103999999,842987.4601915055
581289.1103999999,781626.9427901418
263229.36885,335423.9129189065
263229.36885,478933.3455278991
263229.36885,328442.28845126193
295879.0615,540848.8346699759
295879.0615,535074.4788497875
584162.0958499999,437315.0345810501
584162.0958499999,792012.75535281
703041.6129874999,597631.5812887369
703041.6129874999,456937.2949420303
703041.6129874999,512500.4691018029
703041.6129874999,427088.3727551121
529989.1430749999,659435.9414357073
529989.1430749999,575908.6199238633
662940.40465,732604.8695757402
662940.40465,886527.7516017796
594307.7541499999,592694.5141235967
594307.7541499999,510997.92531559337
594307.7541499999,494389.8286252989
357892.0922499999,566746.9352901552
357892.0922499999,423945.2899553631
357892.0922499999,531749.2505541043
582013.77125,869639.8300641491
582013.77125,816056.9052390121
582013.77125,951893.9344869137
582013.77125,869733.8638043873
582013.77125,866896.5942141986
582013.77125,998837.7553632803
582013.77125,685224.2471317069
582013.77125,814619.8827484596
582013.77125,941256.9161709525
582013.77125,900515.2756056107
367955.2631125,576356.0931363975
367955.2631125,433853.3574091741
367955.2631125,554990.4054493129
367955.2631125,547967.6061767288
912504.21985,670665.9542268423
912504.21985,670731.273468143
677022.5343099999,438084.91054058814
677022.5343099999,727875.5555399378
677022.5343099999,495154.31031116704
677022.5343099999,435647.78551225486
677022.5343099999,676551.9551425512
475384.8684,675511.7152081206
475384.8684,622622.4352885315
475384.8684,538102.6579931435
475384.8684,586701.7454114426
947489.4709692306,947054.3531128322
947489.4709692306,946468.6676235803
947489.4709692306,947637.7965863526
947489.4709692306,1072147.3796358649
947489.4709692306,1037904.2564873917
947489.4709692306,810563.1165207874
947489.4709692306,1075246.3675150955
947489.4709692306,746688.433914378
947489.4709692306,769482.7783078712
947489.4709692306,875536.7915552232
947489.4709692306,747195.1389169852
947489.4709692306,747638.5529476099
947489.4709692306,866044.0488576838
376759.0818749999,371642.6418768558
376759.0818749999,556072.1712485459
364086.7839499999,391166.4750401229
364086.7839499999,434191.1932080159
417722.36379999993,482469.2716189987
417722.36379999993,481571.0379878066
417722.36379999993,580353.249207032
273755.57405,366895.4363330574
273755.57405,526257.3766839133
273755.57405,508302.4370638735
240296.558,499791.209176779
240296.558,379569.58844722103
240296.558,239397.3719299445
311287.62635,286098.603379659
311287.62635,295360.26161869674
694129.0173000001,434249.7026702942
694129.0173000001,431507.0598430186
512386.53282499994,694710.0558518432
512386.53282499994,415156.57909275446
512386.53282499994,698129.1902439066
512386.53282499994,517017.8876146702
588146.9255499999,689356.7153611587
588146.9255499999,832110.3778803255
905109.0016,798286.4664365717
905109.0016,994263.1764641732
905109.0016,925110.4511835366
905109.0016,794697.5452362025
905109.0016,662606.6412198477
905109.0016,931220.5555191252
905109.0016,610814.0152910245
905109.0016,864061.7535926772
905109.0016,611835.1673529767
905109.0016,744450.1185208976
905109.0016,893394.6157060213
465404.1568875,540308.1523448068
465404.1568875,400679.1183458031
465404.1568875,503830.52558022545
465404.1568875,502562.53114717
709403.9358857141,813240.708087709
709403.9358857141,661609.2822509682
709403.9358857141,747686.4742315431
709403.9358857141,956177.133774295
709403.9358857141,1029473.8776313919
709403.9358857141,959943.6866713667
709403.9358857141,848871.7723217579
757397.2224,838566.7170183058
388736.1274,680650.1343913216
388736.1274,571590.3752075027
645570.342,491401.74396163796
645570.342,765066.2315862451
755012.1341999999,911055.2030774901
755012.1341999999,667098.1647501704
755012.1341999999,942891.3837026329
267946.05669999996,246234.21915502514
267946.05669999996,522712.61709539394
586554.38245,449715.27556623775
586554.38245,414845.4743824936
1102005.71365,678011.02720424
1102005.71365,905624.4442881332
303966.1682,549857.8060324292
303966.1682,395596.9150971393
303966.1682,261179.84720431617
457736.3546,343421.50995880447
457736.3546,337593.53425777284
406975.19554999995,425976.2597774076
406975.19554999995,560328.0262276838
406975.19554999995,425149.24147942837
406975.19554999995,565002.411253956
471953.73705,329762.449027696
471953.73705,460164.3926488538
599174.5173000001,738013.9245772411
599174.5173000001,803099.313029599
584025.608725,506624.4810534528
584025.608725,368934.27671860036
2423678.85115,915120.0061242031
836507.448725,959975.1608082927
836507.448725,660372.3278124187
836507.448725,815552.4489301429
836507.448725,812834.7018107794
836507.448725,660054.7449738152
836507.448725,608355.4593357119
836507.448725,608355.4593357119
836507.448725,769605.7970459602
1206178.7247499998,998361.0633138102
1206178.7247499998,850345.3641831385
1206178.7247499998,982078.610798565
595802.973,826540.7589294716
595802.973,821435.5525453896
595802.973,1080243.6884295936
429024.9444,594239.7394718622
429024.9444,590311.4477371007
350004.20139999996,533182.9533639788
350004.20139999996,261660.11167645652
569919.94917,437547.02805752715
569919.94917,490884.16117096227
569919.94917,575740.4689432785
569919.94917,541314.638402445
569919.94917,579923.7511033466
484475.4395999999,645488.9842415429
484475.4395999999,359335.3832260248
484475.4395999999,471496.98212687945
484475.4395999999,482739.6025364407
826954.2494071429,1044834.7460789608
826954.2494071429,753084.4618893615
826954.2494071429,758117.1305756671
826954.2494071429,909404.3941662378
826954.2494071429,1045966.4821134198
826954.2494071429,1045061.8408667312
826954.2494071429,958019.5854938573
348287.58300000004,496684.77516315074
348287.58300000004,716878.6939886955
348287.58300000004,444777.5159702533
348287.58300000004,674287.9106304215
348287.58300000004,676477.4968791509
348287.58300000004,544125.5600769259
611285.8631000001,582973.1705367654
611285.8631000001,499947.4557123184
611285.8631000001,730691.2970320642
611285.8631000001,547101.2527038344
611285.8631000001,548026.4690379379
611285.8631000001,427450.67606150295
219944.26825,188329.02972788992
219944.26825,334232.7940032873
646162.07765,901337.1138448796
646162.07765,775761.757668473
1171264.8561,707234.4478034766
1171264.8561,1087108.737501271
697157.9145775,886393.0857839811
697157.9145775,943920.582581513
697157.9145775,945219.038992202
697157.9145775,945318.4953422612
697157.9145775,671680.9534246407
697157.9145775,810896.1674928666
697157.9145775,888141.581293867
697157.9145775,760846.268630918
697157.9145775,751612.8298708876
697157.9145775,760669.4552185246
634994.43435,739022.8872123086
634994.43435,993610.1261184621
681361.52675,622904.8748909215
681361.52675,854951.0668568191
514004.6799,523581.042052278
514004.6799,671643.7059205219
514004.6799,485852.01640562294
856588.7199499999,590983.2922296884
856588.7199499999,932400.9865381363
575826.02535,564990.7632193587
575826.02535,562240.6126784675
575826.02535,444628.4162671219
418372.7074,427550.2248567837
418372.7074,420149.68531313294
418372.7074,295550.69874278986
531829.5282333334,790612.3052433506
531829.5282333334,582463.7711244639
531829.5282333334,792588.2761593651
531829.5282333334,522430.50639735477
531829.5282333334,652506.3260111127
531829.5282333334,741700.0249301215
531829.5282333334,477009.63867885544
531829.5282333334,740573.6295046151
531829.5282333334,656411.6096848805
660881.9467,750536.2733333274
660881.9467,685068.3333770314
660881.9467,686758.1237737184
1232352.247375,717303.616495333
1232352.247375,1112881.1479090042
729143.201,972845.3191343687
729143.201,774973.7911592955
825450.9070428571,806755.7498926576
825450.9070428571,587144.3569338454
825450.9070428571,880780.2415362638
825450.9070428571,588949.1399566224
825450.9070428571,820776.5854943593
825450.9070428571,540661.580631066
825450.9070428571,602649.6139446774
647017.1118035713,770245.7784728908
647017.1118035713,906716.6933468306
647017.1118035713,694593.9210869336
647017.1118035713,769011.6123790985
647017.1118035713,769011.6123790985
647017.1118035713,905771.4799645272
647017.1118035713,834603.3113231788
728353.5691500001,705508.9054116681
728353.5691500001,842486.6048985552
728353.5691500001,842486.6048985552
728353.5691500001,1042481.0410026421
728353.5691500001,972161.0033287895
728353.5691500001,840284.0153843125
728353.5691500001,647740.0632364032
728353.5691500001,788494.8103611764
728353.5691500001,779165.8547351651
728353.5691500001,788051.8768574317
728353.5691500001,789314.2799746954
728353.5691500001,651784.302958572
635341.0976000001,747095.8813933367
635341.0976000001,785250.9970193816
610367.2106499999,609300.294186054
610367.2106499999,468064.9187622024
610367.2106499999,653112.6860507441
577477.099275,596464.9335003059
577477.099275,747804.4142839534
577477.099275,557086.1621149776
577477.099275,546894.3332559344
522495.4067,695181.7802748383
522495.4067,450064.39438747015
514334.1686999999,580320.1851690462
435968.5945499999,524058.9734253132
435968.5945499999,675052.5726419769
435968.5945499999,630570.0753368627
843807.5172499999,902848.3722266383
843807.5172499999,695694.3176953604
598098.722805,987758.7731501072
598098.722805,989253.7046133901
598098.722805,761853.0240914067
598098.722805,1028465.6216875323
598098.722805,1030702.8355432365
598098.722805,1028371.2384847056
598098.722805,898756.8481472371
598098.722805,719187.2388954618
598098.722805,952191.1273985193
598098.722805,973212.5146049998
932461.52535,643787.7563525324
932461.52535,792637.4921388848
932461.52535,999139.0031686865
932461.52535,786897.2459731844
932461.52535,1001118.5063985367
932461.52535,860857.9981376894
562498.9139500001,405742.6094657315
562498.9139500001,700538.2917640742
563689.5676999999,742987.3539630821
563689.5676999999,819548.8117702265
478847.6185,508666.2469949889
478847.6185,509032.7704229145
478847.6185,621419.5460752398
1046335.6292428572,849289.8793107913
1046335.6292428572,778937.675186427
1046335.6292428572,693700.6218205608
1046335.6292428572,990572.7110890239
1046335.6292428572,996410.821958715
1046335.6292428572,633271.3742520768
1046335.6292428572,778883.1770534659
860993.5595999999,479464.79282787046
860993.5595999999,481175.40256758686
590895.5481999998,483205.0979209115
590895.5481999998,499743.7897631399
490096.6098,371440.6885348882
490096.6098,673022.3504398357
430787.17155,597672.9404708189
430787.17155,590824.9919270582
430787.17155,641602.8875987594
523968.89881249995,779493.3693373334
523968.89881249995,783033.3941869384
523968.89881249995,695018.2630957154
523968.89881249995,732053.5495256716
1260481.8635,1123380.154955871
1260481.8635,1046771.255928303
1260481.8635,777148.7363239183
1260481.8635,1003887.5561701469
1260481.8635,782910.8741697675
1260481.8635,1122770.2244022356
1260481.8635,777148.7363239183
1260481.8635,848266.9209635566
1260481.8635,736123.0993509195
1260481.8635,970706.7468742515
1260481.8635,971218.2308254823
1260481.8635,971133.1672677215
706585.7806249999,734620.1348953075
706585.7806249999,552404.9407728822
173497.98445,333146.9595945729
173497.98445,365084.618896953
173497.98445,504577.5543737286
638934.2420000001,507676.809236747
638934.2420000001,566769.0669556595
638934.2420000001,702254.0885348304
638934.2420000001,504488.22955639556
638934.2420000001,600963.9370231293
638934.2420000001,726987.3696446462
535541.8244249999,523688.79051462444
535541.8244249999,605949.0389809896
535541.8244249999,464148.97548980964
535541.8244249999,565300.0257000413
714413.6884,918122.874843618
714413.6884,917414.490829055
336188.5474,288031.69596494565
336188.5474,269771.808959878
336188.5474,257881.60341427155
405617.71429999993,243872.99087503122
405617.71429999993,234964.12342396943
576839.05535,379916.8534467013
576839.05535,523121.57199644577
208023.79225,194535.81248755706
342794.85124999995,463582.39401282236
342794.85124999995,341351.20448234386
724347.7268214285,705611.8837175196
724347.7268214285,861340.9393556758
724347.7268214285,939028.0358948056
724347.7268214285,858844.3034150971
724347.7268214285,794499.2622276583
724347.7268214285,794147.4362100634
724347.7268214285,939084.7653027049
447373.54791500006,456191.89102802007
447373.54791500006,458005.09699173033
447373.54791500006,599680.370131749
447373.54791500006,555716.1003054518
447373.54791500006,552734.0575167509
637472.5077249999,684693.1970376439
637472.5077249999,849573.8174853806
396873.78789999994,544416.9904507615
396873.78789999994,543727.660623739
488270.18417,482547.8362830855
488270.18417,768519.4472069639
488270.18417,629194.917195988
488270.18417,488164.42065162887
488270.18417,517454.67088246136
352659.10994999995,298950.08058727876
352659.10994999995,557928.6731591354
595387.279328125,1125903.6723408564
595387.279328125,1039605.5744365676
595387.279328125,760241.5687506634
595387.279328125,1034955.948664295
595387.279328125,903229.3895269054
595387.279328125,758760.6784497515
595387.279328125,1041272.9463765903
595387.279328125,975746.793866697
485618.23852500005,622207.2511169392
485618.23852500005,874148.930799608
540524.5963,525202.0393540692
540524.5963,649965.2165688267
540524.5963,577008.7221211427
559495.2872250001,559025.8415036746
559495.2872250001,794881.6227704115
605195.5035,514193.9197271386
605195.5035,512875.21963270346
605195.5035,823366.0490282706
605195.5035,807011.2349876147
558320.5253999999,665929.2455773235
558320.5253999999,710528.970198318
191470.2309,477826.4453083159
191470.2309,340379.0703866022
191470.2309,199901.50408338523
740367.3489,815239.4005935607
740367.3489,618533.9723749426
740367.3489,766444.2236576659
740367.3489,626770.6037997035
522183.995625,600673.8468218236
522183.995625,649291.4109032605
522183.995625,745597.3241833595
522183.995625,560085.6142078034
522183.995625,424278.0356057708
522183.995625,705419.4476514246
603782.9382,439176.8164753396
603782.9382,621711.9283235446
360855.9368,380878.5066343187
360855.9368,695096.7945574949
333063.59872500005,406175.0885978986
333063.59872500005,568757.8958599918
333063.59872500005,286941.6846612538
333063.59872500005,538015.6366436587
418605.30694999994,355723.89132781443
572381.267675,686912.9002511478
572381.267675,937170.7845775408
544701.3426000001,568836.9811022507
544701.3426000001,583177.1993857336
690817.3076,645962.6699254607
690817.3076,938791.6235676236
690817.3076,646356.6871140708
690817.3076,944123.9247940674
690817.3076,647344.7126378929
690817.3076,880016.5309138219
804151.27845,631159.7684447404
804151.27845,911851.0240783973
245110.70039999997,260746.58057780267
245110.70039999997,212263.1428765963
1212799.3856,1024996.3099501764
1212799.3856,1006183.2348570558
475690.93845,743074.3454741169
754483.2006,681100.4274840081
754483.2006,775970.6096501793
425219.06360000005,679923.3563521233
425219.06360000005,684411.2868342848
1198223.5468,1209187.601092755
1198223.5468,1110215.987342814
566105.22995,720891.9525447504
566105.22995,870428.314506218
566105.22995,1004865.7363553946
566105.22995,813218.835443678
566105.22995,951748.1700958081
566105.22995,1005355.3688189362
566105.22995,722370.3187376617
566105.22995,1003366.2417589764
466740.0127,506619.4794177215
466740.0127,399552.23903477116
475063.7575999999,361068.0894578833
475063.7575999999,358206.43068256427
475063.7575999999,333867.82612647366
271060.343925,387273.9770392815
271060.343925,388154.6045120168
271060.343925,693842.8564933283
271060.343925,666059.7767770509
651609.4456999999,615653.3131201437
651609.4456999999,668953.9468342009
651609.4456999999,472591.448060507
651609.4456999999,581884.6541031561
452969.9965999999,493623.42377566686
452969.9965999999,493623.42377566686
452969.9965999999,587215.4772271259
1094502.9150875,953412.26863897
1094502.9150875,808669.5944905758
1094502.9150875,1095086.6498434006
1094502.9150875,1091876.8097083974
1094502.9150875,1053152.134871162
1094502.9150875,805951.8428847388
1094502.9150875,1185538.763745797
1094502.9150875,870811.7385493804
863223.243042857,797645.5882179558
863223.243042857,862527.8592710809
863223.243042857,863436.4365012733
863223.243042857,1011006.9662524706
863223.243042857,797866.8574666616
863223.243042857,1009316.7108864337
863223.243042857,998354.6865129274
970031.58065,802140.3377974775
970031.58065,873268.5340091242
970031.58065,796391.4221317571
970031.58065,649370.2434653114
970031.58065,940750.6800326336
970031.58065,728590.1887023284
954750.78195,727696.4913663015
954750.78195,730635.7066894855
768490.5859000001,791295.5444551356
768490.5859000001,785116.2230832716
603029.34655,365813.16643691
603029.34655,669636.281335294
646134.5717999999,965644.722420817
646134.5717999999,904489.9837597179
646134.5717999999,766391.822977236
646134.5717999999,903471.2646321824
646134.5717999999,759824.7214719268
646134.5717999999,838456.2096394548
646134.5717999999,838762.4902779593
646134.5717999999,569392.5744033869
631405.4199474999,848030.2360485275
631405.4199474999,851314.2383599835
631405.4199474999,895925.837730189
631405.4199474999,1027219.7907267748
631405.4199474999,759711.762261166
631405.4199474999,986837.209339417
631405.4199474999,846913.5732108201
631405.4199474999,848461.3800402672
631405.4199474999,826180.510704671
631405.4199474999,695795.2202154115
1007109.834725,883517.0129123906
1007109.834725,1021190.1946067841
482399.17519999994,399080.0027430846
482399.17519999994,462242.38857446314
511537.11515,371055.9966834633
511537.11515,668894.9821498453
445551.3895,341882.08537251357
445551.3895,345285.2947201486
707190.3275499999,609908.7460985829
707190.3275499999,596573.3881538329
707190.3275499999,693674.6984151697
1167068.63175,829836.7843922391
1167068.63175,1197359.7683940842
169621.75669999997,290632.42128469
404304.91555,277563.35084818344
404304.91555,284030.01951015525
454419.0522875,490545.776585588
454419.0522875,635652.1789382487
454419.0522875,604655.5860686698
454419.0522875,334887.08574082906
789751.405825,708687.4747198875
789751.405825,710923.4294649408
789751.405825,1081956.4793643723
789751.405825,1003198.276048504
789751.405825,860667.2438233119
789751.405825,790653.4131404168
789751.405825,649754.7024923255
789751.405825,803947.2939835136
703976.36434,585422.9875835422
703976.36434,443973.3891339109
703976.36434,632967.6017983593
703976.36434,685258.7124175414
703976.36434,684678.8431665817
309781.54295000003,296282.5340632265
309781.54295000003,604851.0933924973
629891.244,549320.5826783814
629891.244,609973.319083638
221451.226125,381012.3734323657
221451.226125,201203.0231242472
492520.3080500001,660306.4664320024
492520.3080500001,387677.9345629728
694941.03265,750787.8036156361
694941.03265,891810.4715086462
578657.7816250001,685506.5514649136
578657.7816250001,696095.1891782555
578657.7816250001,369627.44171401375
578657.7816250001,636693.8670630408
603623.029775,856550.0882605952
603623.029775,979685.5752955009
542295.636075,484690.9355864058
542295.636075,651136.102311995
697668.95975,837605.0794864879
697668.95975,626535.5777651869
697668.95975,561728.784250993
777054.0987,896399.9185081255
745234.43155,453582.8788219929
745234.43155,635250.8280060326
871939.20004375,674496.73943135
871939.20004375,536980.8927049739
871939.20004375,533616.8659822536
871939.20004375,672277.1423158543
871939.20004375,625887.7259075362
871939.20004375,760907.6658889195
871939.20004375,760074.139007966
871939.20004375,758831.3246239398
960906.40975,959738.7890889768
960906.40975,818093.1503280414
960906.40975,817073.0526287996
960906.40975,892721.9945922964
960906.40975,813323.8006332188
960906.40975,895436.4587983976
960906.40975,610488.2600928224
960906.40975,767358.5066766093
491023.09680000006,712786.3177756132
491023.09680000006,580602.6594365393
712587.9769857143,835222.3950356962
712587.9769857143,828721.9135559832
712587.9769857143,678411.3879377199
712587.9769857143,974910.7375769137
712587.9769857143,1050736.6356969166
712587.9769857143,980750.2881978232
712587.9769857143,912160.2805178422
1276009.26365,949758.5215735958
484748.418875,553767.7629290645
484748.418875,736065.5748327342
1096417.6959375,968309.8091547797
1096417.6959375,1112360.9009460155
1096417.6959375,1199055.6226532594
1096417.6959375,818724.3952220823
1096417.6959375,965820.3708768857
1096417.6959375,822171.5725408932
1096417.6959375,966842.6369960308
1096417.6959375,844207.4616030584
597754.4628,879108.8130402163
597754.4628,882774.094006865
597754.4628,880580.703981636
597754.4628,587214.9632214489
597754.4628,582366.6127221871
597754.4628,533078.5675830698
551272.8307499998,805129.8834125039
551272.8307499998,773189.3387299265
495835.2620399999,659540.1797479528
495835.2620399999,795508.4346187788
495835.2620399999,612708.3962263279
495835.2620399999,753419.0129756982
495835.2620399999,710422.1912387793
484167.561071875,872140.0020878786
484167.561071875,821460.056842272
484167.561071875,619009.4580231975
484167.561071875,871517.7707048531
484167.561071875,508670.5223003699
484167.561071875,514174.61873576173
484167.561071875,640402.3676289985
484167.561071875,555566.7313360553
297908.8602125,296087.3420115281
297908.8602125,559220.447487016
297908.8602125,552490.8229026514
297908.8602125,524849.5363566896
594786.872078125,740312.3600405549
594786.872078125,884941.1256615693
594786.872078125,975648.9325736981
594786.872078125,1018912.7153682198
594786.872078125,1022596.448028579
594786.872078125,832385.8772188483
594786.872078125,973296.4896843797
594786.872078125,949191.8321673332
556827.3253,670050.6486552417
556827.3253,1019581.4550133811
556827.3253,999779.7519351519
707932.498775,637079.4585593932
707932.498775,973909.2279232237
267296.48449999996,426503.81200949935
267296.48449999996,551454.5386111988
267296.48449999996,266505.4732109926
348239.5073,608331.449087712
348239.5073,593759.2875169658
348239.5073,301445.8483157192
621984.797425,629560.5416947601
621984.797425,537246.0210126671
621984.797425,821408.583441114
621984.797425,487148.65710957814
361441.8267999999,499634.3979974915
361441.8267999999,505546.35297386337
460956.1971499999,724397.9387243383
460956.1971499999,453032.3839974973
357858.55789999996,279934.46611310507
357858.55789999996,542249.9567551797
357858.55789999996,550964.7973995872
530949.265825,681293.8641710947
530949.265825,534677.8572735864
530949.265825,534585.4234803088
530949.265825,465817.26940121764
530949.265825,606091.7978026348
530949.265825,381911.3270037299
177627.8153,320580.0707672257
177627.8153,358628.0016616317
657008.9795499998,644848.459631924
657008.9795499998,497412.08610108314
657008.9795499998,699280.1226836618
657008.9795499998,845108.3601018894
413913.91645,675716.334344443
413913.91645,581877.5786205122
1184118.1879999998,787126.6600846485
1184118.1879999998,1077927.378471091
740184.4578999999,865657.0389456062
592701.473125,721868.9895104098
592701.473125,869626.1175575352
592701.473125,580728.8262199743
592701.473125,579271.2522746146
592701.473125,866890.8597661507
592701.473125,664313.6121724584
592701.473125,532144.6277574974
592701.473125,806507.8296595216
448361.32215,352388.89495759155
448361.32215,642249.894637794
448361.32215,475607.9012234664
608858.3674499999,798117.660289827
615274.3431999999,782146.9653789176
216700.0026,253627.7745213522
902081.115,799629.7178480444
902081.115,937316.0091081539
902081.115,1056983.6085210547
902081.115,1059820.0166323548
902081.115,1143713.4992109213
902081.115,802335.5927561459
902081.115,1025325.0680863961
902081.115,979761.5656795972
902081.115,883926.72548277
902081.115,863122.2118057574
902081.115,981810.7180464758
902081.115,980472.7027876062
877431.5954499999,656773.9153883872
877431.5954499999,652352.8351084903
803269.2282,823448.4857049859
803269.2282,877906.7846519488
836521.4967214284,900364.9091649062
836521.4967214284,899044.116721818
836521.4967214284,902080.0442985004
836521.4967214284,824599.4853690484
836521.4967214284,754187.2083388995
836521.4967214284,611364.9814161609
836521.4967214284,836766.3518474463
166324.4436,471464.52911342937
166324.4436,437205.5412048826
166324.4436,212954.5720782032
499447.7746,332890.8998104826
499447.7746,343079.22290623613
588358.2786,455448.6299271281
588358.2786,807688.8805082336
901392.13775,748088.0731405101
901392.13775,899623.6734347111
901392.13775,661806.7633300644
901392.13775,973139.3827209799
901392.13775,1037664.5571847814
901392.13775,706753.0769854204
549631.76215,422605.0761294415
549631.76215,385243.93623103166
1236235.3491375,879752.5590547163
1236235.3491375,787048.9766433148
1236235.3491375,780584.5829985574
1236235.3491375,782309.510534582
1236235.3491375,934680.8990582972
1236235.3491375,787156.5759286302
1236235.3491375,1080096.9287420427
1236235.3491375,1003737.0241454747
641236.5815275001,928734.5378974497
641236.5815275001,927987.1088226269
641236.5815275001,923136.3586894056
641236.5815275001,926953.3060247207
641236.5815275001,924098.8943714355
641236.5815275001,1054975.8356114347
641236.5815275001,1020167.358237395
641236.5815275001,743585.7028777176
641236.5815275001,976834.212859222
641236.5815275001,851629.8066561477
562629.698125,766744.1245071002
562629.698125,443492.62707742775
562629.698125,732725.4778991384
562629.698125,548335.3122212129
562629.698125,416002.7814095699
562629.698125,592513.8477808235
540353.94085,855740.6059273069
630625.1945249999,718372.3417150788
630625.1945249999,478763.0047508365
630625.1945249999,648941.6247355742
630625.1945249999,673224.6178543848
714981.6619500001,734252.3576269227
714981.6619500001,680119.776865209
714981.6619500001,818512.3699899855
714981.6619500001,820733.0490139554
714981.6619500001,765950.550781866
714981.6619500001,484900.9318086409
714981.6619500001,641248.8095439601
1286731.1597999998,1040297.5328078846
1286731.1597999998,905527.3642825786
636697.2958666666,942978.2185854781
636697.2958666666,805208.6394860866
636697.2958666666,1010386.8996796496
636697.2958666666,942661.8062276659
636697.2958666666,947762.3935287935
636697.2958666666,948376.8004999636
636697.2958666666,885418.3527201801
636697.2958666666,884736.9502046404
636697.2958666666,751664.4834586418
696133.6437749999,773303.9912319223
696133.6437749999,563962.5732210317
696133.6437749999,558294.050073399
696133.6437749999,710012.8295966021
696133.6437749999,705804.2046234456
696133.6437749999,568287.0187559566
1004204.76005,802522.7013121779
1004204.76005,648764.948342828
1004204.76005,643380.2385214857
1004204.76005,642154.5008600799
1004204.76005,794986.9497604428
1004204.76005,592606.4393169482
491314.96215,709057.4907393645
491314.96215,515707.40088777966
669233.97535,503011.00973607646
669233.97535,635670.9387211481
669233.97535,718348.1892612417
1031298.73,769754.5418681754
1031298.73,889630.3644203987
275454.9242,262506.117148777
275454.9242,522815.15461650107
275454.9242,238754.9973230115
405458.8251,654951.0572783272
405458.8251,688459.571569505
405458.8251,559275.6412165664
1105688.6078062502,877996.43406431
1105688.6078062502,951803.2869151202
1105688.6078062502,732718.7553245856
1105688.6078062502,951509.8526092467
1105688.6078062502,1003389.0207092296
1105688.6078062502,1007984.1128612126
1105688.6078062502,1009031.1160008663
1105688.6078062502,676560.0539291719
1105688.6078062502,808505.0147303429
1105688.6078062502,820082.9531168374
1105688.6078062502,676560.0539291719
1105688.6078062502,756178.7961559964
490517.6708999999,635298.5694764953
490517.6708999999,589827.2217478463
616336.9783399999,491636.9233403455
616336.9783399999,494334.47745025926
616336.9783399999,832376.7276960916
616336.9783399999,720135.9020076526
616336.9783399999,442175.4028882805
597657.0649,849035.0868279584
597657.0649,756066.0892342508
597657.0649,753993.3818050025
597657.0649,1112331.2308105703
597657.0649,989109.349266307
597657.0649,1110720.0643656838
597657.0649,757508.966313893
597657.0649,1031585.0296656219
597657.0649,1029904.013789884
278262.30712500005,265857.8693074139
278262.30712500005,388627.1825230808
754837.9721,683426.7188482839
754837.9721,959555.13623824
754837.9721,1099025.458230254
756260.86795,863876.3162451494
756260.86795,673807.0341851248
762563.3783900001,959904.414122683
762563.3783900001,686889.3028092645
762563.3783900001,826036.0193445248
762563.3783900001,826722.9040785284
762563.3783900001,685126.0167681287
762563.3783900001,963154.923540158
762563.3783900001,900556.4710194225
762563.3783900001,763477.7615959863
762563.3783900001,891525.8146415753
762563.3783900001,774042.8302623385
445551.7411,419480.36082262057
445551.7411,474241.77331353066
746401.235,877152.9701766486
746401.235,745563.8908453317
393430.14884999994,521991.5640296782
393430.14884999994,527326.6873193078
206397.1764,252924.09154967172
206397.1764,504108.2760302709
206397.1764,477896.7836940968
642877.4720999999,769785.5238744227
2383769.8096999996,1242581.2830932909
2383769.8096999996,1143559.6057048526
2383769.8096999996,1439340.188004662
171383.11010000002,400635.8870089077
171383.11010000002,522775.0485727303
2589992.2660499993,1083072.995536489
2589992.2660499993,1448818.2571065214
662544.3582499999,538080.2713979245
662544.3582499999,617441.733566769
662544.3582499999,900644.1422458458
689725.25,847654.6317491423
689725.25,856211.2063407103
669931.18965,535261.0830689394
669931.18965,670233.8036208289
341653.991,680461.8285647872
341653.991,415998.37144025194
568567.758325,734498.0111140395
568567.758325,650270.6196600143
640552.6504500001,667080.0871390505
640552.6504500001,399536.9362632428
2504216.7021500003,1237405.3824365435
2504216.7021500003,1242313.5383016441
232336.02629999997,261289.96900737274
232336.02629999997,502078.6981547925
712638.2404,895367.9682387626
712638.2404,829023.4261791386
825002.8731000001,793983.3146457011
825002.8731000001,857127.4131763551
277290.651425,546860.1910418494
277290.651425,371113.7963042407
510559.981,516832.7603289446
510559.981,400160.46009978314
1324781.2798,1020052.9547742859
1324781.2798,886987.5392169454
1324781.2798,1023109.8562810307
1324781.2798,1148227.1128955553
1324781.2798,1124137.8674268657
1324781.2798,889312.1389369849
1324781.2798,1121577.8770253966
1324781.2798,1059686.9325442617
1324781.2798,1094353.385273696
1324781.2798,843219.0515463334
1324781.2798,813526.0812227564
1324781.2798,1057572.982550182
629489.7348999999,673596.9003892842
629489.7348999999,664090.0742406204
629489.7348999999,450862.9759865176
685546.9568399999,800007.0549799855
685546.9568399999,657914.0201986126
685546.9568399999,849838.3324584536
685546.9568399999,653851.6443642618
685546.9568399999,479124.58307144773
346055.4906,461629.27934754523
346055.4906,442891.20531539223
252017.08177499997,400997.81236540835
252017.08177499997,238954.61788723152
539307.2434,654165.2958421553
539307.2434,733023.8383722395
1111307.27335,743378.4378727399
1111307.27335,889382.3180766176
586893.83085,599204.6944101768
586893.83085,762881.7668452614
676885.2459999999,651811.7740022646
676885.2459999999,992014.7221674387
676885.2459999999,923960.8618954477
676885.2459999999,925351.8976227948
676885.2459999999,927614.1619511376
676885.2459999999,655434.2545470651
676885.2459999999,862699.5953981471
676885.2459999999,862625.5388825801
676885.2459999999,863364.3711729946
676885.2459999999,1021550.7293080876
572329.1625750001,408673.08753215807
572329.1625750001,586998.0515812209
225781.9038,534118.3534173549
225781.9038,385563.97045817657
225781.9038,257233.44918862905
2732899.8769499995,1328791.4990631966
2732899.8769499995,1065125.2019375174
602172.9709000001,721554.7629858544
602172.9709000001,725420.113840621
605453.2662000001,420054.9873064597
605453.2662000001,419603.95323817007
605453.2662000001,422636.66019549663
605453.2662000001,391267.55565082654
374908.21645,278018.5026302282
374908.21645,390572.3924798638
585079.6863,833159.1222679293
585079.6863,619328.1502334866
731920.29825,732261.9751445006
731920.29825,910784.7290514659
189014.1164,216646.65197176323
189014.1164,200059.1713888743
687124.4523,550471.5513442961
687124.4523,853639.9820310294
738695.1482500001,651108.087598646
738695.1482500001,575283.5217785105
232647.3520875,337055.94157446123
232647.3520875,335594.4345464289
232647.3520875,404517.75888041226
232647.3520875,320929.7396024027
525477.3725749999,659733.0184466301
525477.3725749999,1009800.2956399702
595435.5606,384578.4326309262
595435.5606,416728.7814913054
388412.3564,560765.8117053702
388412.3564,777965.059035883
220891.6744,458979.41989098367
220891.6744,495099.4590623829
241818.50275,504204.6775761944
241818.50275,502606.0490104455
516859.1939,738990.460645299
516859.1939,704056.2131893954
516859.1939,602462.3785801199
516859.1939,523296.21773325914
728901.4684,988247.3805807695
728901.4684,844001.4279988499
728901.4684,837231.5811802987
728901.4684,689196.6622924441
728901.4684,987130.5448284743
728901.4684,1035572.3862962839
652442.0671999999,935567.5843417734
411594.55895,648090.5173252681
411594.55895,648720.3506485608
411594.55895,632814.3867065898
475567.737575,605972.6984696854
475567.737575,461180.8584284151
571682.0162999999,585372.9239779193
571682.0162999999,573350.0970328638
529237.5463,434162.66815968946
529237.5463,337234.157053747
692424.1268,789468.0144375738
692424.1268,603704.0426305535
692424.1268,457072.4423803669
692424.1268,569063.1551948545
534286.557275,481282.38473718596
534286.557275,345021.30112376245
2681731.3034999995,1149016.485627165
2681731.3034999995,1358932.81779504
594016.338525,730813.6389614855
594016.338525,586092.7463623874
594016.338525,452088.7845578819
594016.338525,585821.7316415459
594016.338525,550122.5933110665
594016.338525,420583.1578824845
594016.338525,721908.5894430734
297013.495925,406224.7081285498
297013.495925,278107.5251686288
659917.488125,927177.8690318915
659917.488125,1055310.8814288308
659917.488125,792764.4728346459
659917.488125,789387.5833990284
659917.488125,1055211.6203358686
659917.488125,791877.4205730967
659917.488125,789031.2340745153
659917.488125,1002946.9796319061
659917.488125,979416.0744339771
659917.488125,855466.4969091313
378711.247,325010.72359094693
378711.247,601312.2738173004
534725.791675,553967.3344836803
534725.791675,491094.619072189
691205.58165,670457.0750192569
590812.493125,1020147.6331886037
590812.493125,761018.0157621836
590812.493125,982058.8810820989
590812.493125,981622.670220488
590812.493125,895677.8099127403
590812.493125,899920.0663619419
590812.493125,894394.2219070722
590812.493125,849097.1607404675
590812.493125,827812.6132077909
590812.493125,704471.2512011717
590812.493125,947700.355401462
590812.493125,847134.1094656116
420034.13145,563540.5943091417
420034.13145,565769.3436025684
420034.13145,709718.5028221301
420034.13145,529561.983520362
728358.5875,840282.8299256072
728358.5875,1055895.3211523243
728358.5875,699952.5331156012
728358.5875,695379.2869998446
728358.5875,780289.1146774315
728358.5875,775548.5029792548
728358.5875,909360.8315457909
728358.5875,777291.7816634543
728358.5875,1020320.4737294748
503578.46455,690433.3951533011
503578.46455,687841.4330349838
503578.46455,685727.9609329414
503578.46455,376279.0910836429
655819.2327874999,605630.3013263072
655819.2327874999,469131.28591426683
655819.2327874999,753430.5039515245
655819.2327874999,752414.561959126
694799.2760000001,778765.9354334332
694799.2760000001,458258.10213368264
694799.2760000001,738603.996783673
694799.2760000001,694028.3360975534
694799.2760000001,423346.6372837089
694799.2760000001,484024.22598888224
661936.8453999999,648553.4533381562
661936.8453999999,1012247.0618870859
661936.8453999999,943672.7106189892
661936.8453999999,645619.9937913038
661936.8453999999,940385.1911998792
661936.8453999999,887798.7972156155
970869.74795,791410.9711209729
970869.74795,816548.5071120948
570391.34815,885066.1586275426
570391.34815,940192.3163653082
570391.34815,1147832.816591529
841475.9861333333,1037206.7918351336
841475.9861333333,901345.2887265189
841475.9861333333,1117141.5418719733
841475.9861333333,1037947.0540604759
841475.9861333333,1039413.8051018348
841475.9861333333,990787.5410778456
841475.9861333333,829388.6375060879
841475.9861333333,710163.9140781803
841475.9861333333,977303.9310724754
370830.7525499999,277414.33713017165
370830.7525499999,278825.85854769504
495530.06554999994,543867.8237164334
495530.06554999994,401438.23176418856
495530.06554999994,649253.1797312489
822308.8406500001,739683.7848581545
822308.8406500001,807096.2474631872
822308.8406500001,599133.7656556489
822308.8406500001,601618.2835824321
822308.8406500001,552259.4795920316
822308.8406500001,818607.5297765061
822308.8406500001,820211.6222065676
822308.8406500001,826730.1270762663
439158.4959285714,672209.9517480618
439158.4959285714,804248.7957684307
439158.4959285714,855666.1745422775
439158.4959285714,532267.3354159081
439158.4959285714,753706.8799030264
439158.4959285714,754131.8574771901
439158.4959285714,797718.4816493348
329628.8770999999,386635.4282592589
329628.8770999999,526275.2616781411
350829.89129999996,363787.5320002299
350829.89129999996,504572.73826924723
350829.89129999996,336390.5763601553
888057.5516,858421.435350983
888057.5516,658819.4676561675
888057.5516,791107.3888245989
888057.5516,791659.4339532697
888057.5516,660751.650362775
888057.5516,921235.6052610299
888057.5516,734987.0500323874
888057.5516,856906.0424345523
888057.5516,863188.1455207573
888057.5516,733381.2089770747
888057.5516,740152.767245545
888057.5516,612703.8706805246
254803.71425,270220.17604781815
254803.71425,387535.8977595034
254803.71425,501304.03881882643
882927.085775,770080.5096248923
882927.085775,818910.327706109
420324.8052499999,570704.1680050422
420324.8052499999,675818.4445251916
420324.8052499999,564475.4542771772
923914.1600500002,723732.7217078798
923914.1600500002,658635.791171621
570424.7426,441289.78727906925
570424.7426,788724.7178605162
635578.3456,1108429.7194818228
635578.3456,897824.4703000193
635578.3456,752948.5805393627
635578.3456,751585.8120914191
635578.3456,848194.4117431779
635578.3456,891343.3513090024
635578.3456,1107453.8593483549
635578.3456,1028260.5641625624
635578.3456,964251.7404531785
461338.96605,764045.9782389886
461338.96605,447211.5998776077
461338.96605,413947.6177481104
461338.96605,413655.0208304385
479110.30006250006,565833.3024698083
479110.30006250006,717615.4996960582
479110.30006250006,673592.0811098391
479110.30006250006,414185.11924151506
362425.7746499999,371657.3094688417
362425.7746499999,512604.5011640173
879134.7975000001,915244.7290925604
879134.7975000001,1037708.4370253728
879134.7975000001,780217.205580236
879134.7975000001,777426.3188910591
879134.7975000001,1037804.3968587834
879134.7975000001,999196.0358400622
879134.7975000001,864391.2103159392
879134.7975000001,717900.6001416119
879134.7975000001,962586.78851229
879134.7975000001,963581.0133559527
879134.7975000001,844593.2241875911
879134.7975000001,736183.565464636
879134.7975000001,1087132.374541448
318754.2454249999,351808.32957580575
318754.2454249999,243836.69653462467
530370.8711125,708761.3949848779
530370.8711125,613103.7618682724
530370.8711125,564979.2738417222
530370.8711125,558528.7974848568
338999.40514999995,455984.40316450945
338999.40514999995,434296.55709277926
738961.4546500001,647722.2996434812
738961.4546500001,643733.2520321711
938639.9857199998,712171.2262577154
938639.9857199998,627523.5538388931
938639.9857199998,994467.1876274723
938639.9857199998,930944.8459297294
938639.9857199998,967009.702448952
426914.52335,629753.0245253947
426914.52335,348068.0751457258
426914.52335,472188.4504721051
450133.36348749994,609016.3992047006
450133.36348749994,750430.7958613915
450133.36348749994,602568.0941417272
450133.36348749994,600052.0238349409
618857.26759375,862630.7558704583
618857.26759375,905799.331185766
618857.26759375,905243.5909672626
618857.26759375,771643.1409103279
618857.26759375,993335.7440867035
618857.26759375,910360.8850605073
618857.26759375,775072.244576056
618857.26759375,958270.5915196727
618857.26759375,859159.3511658206
618857.26759375,733562.6364566673
618857.26759375,713575.7544944276
618857.26759375,950807.4574091644
898046.0448909091,1036873.595953971
898046.0448909091,1038186.2471111079
898046.0448909091,759643.1384815954
898046.0448909091,1035133.0674153527
898046.0448909091,764057.9308397914
898046.0448909091,1039482.7770665386
898046.0448909091,764921.8138626693
898046.0448909091,831986.0956062218
898046.0448909091,833493.742188915
898046.0448909091,977167.4079420064
898046.0448909091,808532.1496245932
613435.09525,645706.0610476758
613435.09525,855593.5859987653
613435.09525,799941.4237940469
1015570.2763333332,941560.5634283528
1015570.2763333332,667617.8797487693
1015570.2763333332,945529.2204913046
1015570.2763333332,883382.4658672467
1015570.2763333332,948295.6181004064
1015570.2763333332,612098.1022488446
1015570.2763333332,885093.83103941
1015570.2763333332,876216.4199181452
1015570.2763333332,942735.4445982261
669065.633975,803743.0009150585
669065.633975,659597.3164042156
669065.633975,944794.9275000247
669065.633975,945497.4754682874
669065.633975,939377.1743848494
669065.633975,874038.5486060753
669065.633975,739066.7020280216
669065.633975,873729.3644554113
271079.17335,215811.9040942067
271079.17335,515899.12730743573
597469.5967499999,965166.8313198979
597469.5967499999,1050090.4034326014
597469.5967499999,795751.4208043886
577289.1440718749,732428.037822589
577289.1440718749,1096837.1938785594
577289.1440718749,876510.0220235623
577289.1440718749,826436.1659639396
577289.1440718749,878009.6506674462
577289.1440718749,1097178.8358701412
577289.1440718749,884016.8423089545
577289.1440718749,773680.2739069029
817396.45715,563484.2702096598
817396.45715,857081.9191719473
817396.45715,713577.4019359337
817396.45715,771998.0925025262
817396.45715,517208.97304228216
817396.45715,655835.958695407
817396.45715,922179.6828073852
274173.13575,257098.30499597726
274173.13575,262404.48155127146
274173.13575,476545.46727789403
769672.2091999999,681017.9526762889
769672.2091999999,958268.3621243454
769672.2091999999,827955.5155484043
769672.2091999999,1031905.7869930037
769672.2091999999,823388.8881532274
769672.2091999999,901794.1706457929
769672.2091999999,760322.6155203783
769672.2091999999,891906.9315801978
769672.2091999999,761412.34744591
394865.4296,659562.4947565862
394865.4296,365660.66840731446
394865.4296,622215.7037592819
394865.4296,345684.9502116975
607976.9349,735411.3661932187
607976.9349,656942.1594272463
410537.68105,489293.70283883734
410537.68105,487785.756625104
410537.68105,593221.5512898611
640991.044225,471772.8985140624
640991.044225,673801.8189757993
414239.97565,733518.61588624
414239.97565,467563.9001972914
465629.28899999993,819868.6368487477
465629.28899999993,501171.0098176541
465629.28899999993,690367.5667707402
653729.7337999999,808860.126700227
653729.7337999999,804797.8228432991
653729.7337999999,658574.6064680858
653729.7337999999,855897.7124552605
653729.7337999999,751391.2783696678
457721.373075,743696.9809179963
457721.373075,596174.9780623494
457721.373075,598706.4349685031
457721.373075,695648.3078750854
404151.0682,306730.412905399
404151.0682,262922.9657281083
432943.66795,475661.3164852052
432943.66795,338325.77250445023
432943.66795,443820.3793331637
182260.19314999995,266406.67500820383
182260.19314999995,274033.75497877394
182260.19314999995,387440.1127419705
426516.9968,306485.9837688449
426516.9968,412175.87174727477
299955.39430000004,304107.1228253078
299955.39430000004,421075.8602580677
299955.39430000004,422741.8482014319
299955.39430000004,387868.6550220496
748927.10535,720076.80196866
748927.10535,444525.67208946234
748927.10535,651344.2909830451
548515.4738,587538.3854093254
548515.4738,589214.6298724298
383590.0139,443009.1556910535
383590.0139,572295.0265688294
383590.0139,301393.04765656183
383590.0139,418966.1528396752
790142.3109999999,691393.0780943579
790142.3109999999,703398.5179419803
285561.28054999997,395914.24152643286
285561.28054999997,361165.58802104864
392455.07468,464191.0731406698
392455.07468,742275.7198403456
392455.07468,601179.7418497207
392455.07468,605239.0207174984
392455.07468,770883.751291881
552522.2378,569216.538967358
552522.2378,580154.4236837212
605041.1358249999,564316.5785761203
605041.1358249999,802118.2890871483
511858.50595,661804.7394576723
511858.50595,650910.8579587376
644059.0721,637037.5024493828
644059.0721,791087.5966344799
644059.0721,547118.444548451
644059.0721,434385.7113032271
644059.0721,490255.4862863141
486236.1993,684451.9250573495
486236.1993,682175.0582461031
486236.1993,538983.094068901
486236.1993,502216.2270790908
486236.1993,642572.1531150506
487673.2160875,548115.9730766326
487673.2160875,768456.583398128
487673.2160875,486252.33888084313
487673.2160875,488606.8019819439
487673.2160875,442787.5870278412
487673.2160875,456916.4693684991
487673.2160875,456026.39454993414
487673.2160875,590040.4322296983
531327.734875,849489.3232750776
531327.734875,581854.4041844337
531327.734875,845587.5676915414
531327.734875,849317.244361829
531327.734875,715454.44054379
531327.734875,790941.281079412
531327.734875,790139.0639640655
531327.734875,791206.2638461434
710558.98905,834078.7392687579
710558.98905,1051109.657387001
710558.98905,834840.9222850924
710558.98905,972875.1261695011
710558.98905,677198.7697701764
710558.98905,763089.4279675405
710558.98905,620804.8406516352
721874.8295,953829.4047813513
721874.8295,947924.2425658511
674886.4621416667,799587.1684255466
674886.4621416667,941848.666685024
674886.4621416667,737009.4978522495
674886.4621416667,804411.6014605622
674886.4621416667,941102.1911982206
674886.4621416667,875458.5530490445
674886.4621416667,609648.1124483356
674886.4621416667,746204.1552918543
674886.4621416667,980926.9424068346
649095.0887703125,785757.4361380773
649095.0887703125,866476.2500417528
649095.0887703125,899438.4810710142
649095.0887703125,899520.1700682873
649095.0887703125,903542.6774566479
649095.0887703125,1013742.0424362205
649095.0887703125,1012642.3486834967
649095.0887703125,979683.0171811285
649095.0887703125,941958.8325492371
649095.0887703125,728264.6368967723
649095.0887703125,838645.3427086174
649095.0887703125,727857.0384675066
649095.0887703125,839000.4882590785
649095.0887703125,943635.9125891852
649095.0887703125,943572.2665744943
649095.0887703125,917059.3322814081
637637.020625,675210.9534706854
637637.020625,623247.439968748
637637.020625,759874.8396156969
637637.020625,676391.865774676
637637.020625,714961.1598409598
637637.020625,700417.5028913044
637637.020625,455154.1564609199
637637.020625,595294.332661087
637139.4788,603569.7510735305
637139.4788,743303.7726937693
637139.4788,814801.0165771366
637139.4788,749106.0871618016
637139.4788,687696.0852444256
637139.4788,824700.5183104775
637139.4788,887284.1186847391
363625.88715,586129.0875399869
363625.88715,436387.44337008125
363625.88715,294350.7865785464
390267.5992,323052.7222670997
390267.5992,460260.6673067186
390267.5992,303109.08373770467
566858.0139749999,607157.3311482954
566858.0139749999,464554.8159174661
566858.0139749999,610002.4454876909
566858.0139749999,492520.18665999366
567636.9012000001,650913.4343006628
567636.9012000001,650462.7723958114
438307.5583,639204.5140780625
438307.5583,731474.0787073652
438307.5583,449855.28389685863
438307.5583,735871.9991510503
438307.5583,559237.5110750606
673938.3041000001,652961.0276092225
673938.3041000001,650870.4726654865
673938.3041000001,571113.5376887782
851886.4039499998,719328.4657724723
851886.4039499998,708592.3209811655
847241.966675,747007.4672092615
847241.966675,816092.4151926921
847241.966675,744549.2589389146
847241.966675,895403.6254813855
847241.966675,826706.6419271661
847241.966675,827320.5961877075
404897.2836,292144.9777505589
404897.2836,397387.74474711186
577984.49144,779344.0921752397
577984.49144,777216.1533378224
577984.49144,772144.1536731559
577984.49144,567230.5103607501
577984.49144,452708.94541823526
369636.3657,300313.427974464
369636.3657,554124.4790389502
369636.3657,541177.3114732909
418580.94545,568277.0070648366
418580.94545,462596.05451580393
557026.1809,414789.6904071058
557026.1809,589209.9247651189
591897.3265593749,696881.4828997125
591897.3265593749,556177.8399075784
591897.3265593749,698285.0289936955
591897.3265593749,622426.0284937293
591897.3265593749,885482.1204222026
591897.3265593749,514124.7172207396
591897.3265593749,644282.5675931032
591897.3265593749,777829.0697749804
372833.27925,546102.349773743
372833.27925,691636.6730778243
372833.27925,561570.6067943273
335631.6621,314400.7041036592
335631.6621,314330.7250976662
335631.6621,432138.84515295556
335631.6621,417624.9954966793
605124.6345999999,450536.5733750452
605124.6345999999,776217.910057431
605124.6345999999,788989.9742919441
245636.26289999997,243061.79549644445
245636.26289999997,365727.522193698
734661.6611428572,815292.0337224598
734661.6611428572,670570.4154826824
734661.6611428572,1031858.723797481
734661.6611428572,962007.2252879601
734661.6611428572,898997.8165405458
734661.6611428572,751595.5241248158
734661.6611428572,987808.4465469469
530214.04805,356953.4468069751
530214.04805,650497.0499936322
737025.4267999999,808264.7204821818
737025.4267999999,650439.3185654768
267241.31344999996,287294.9672899904
267241.31344999996,282339.47348227166
267241.31344999996,382675.6388250161
749671.379925,859920.0651049316
749671.379925,704674.7972531222
749671.379925,943260.541924854
749671.379925,1000091.9481621832
749671.379925,1002115.3973730999
749671.379925,805221.2893203576
532489.69342,461726.0557540772
532489.69342,752273.387793118
532489.69342,461920.7977936056
532489.69342,563767.5357645628
532489.69342,563182.5398049082
508575.1874749999,660098.0837150202
508575.1874749999,661420.2439986455
508575.1874749999,350708.7365919076
508575.1874749999,480567.166222329
343446.59315000003,519062.440815825
343446.59315000003,248654.79400838423
595523.44985,475440.83086740755
595523.44985,875492.3490420199
554275.9476000001,560356.0735957888
554275.9476000001,782619.2597506681
290711.94947500003,289505.5893219951
290711.94947500003,395380.26516391325
329471.87645,644199.690306515
329471.87645,359288.67328628595
329471.87645,339700.4835524265
329471.87645,605452.506214306
217214.5939,523971.8836847126
217214.5939,510002.27111842943
426297.58265,499263.9854203405
426297.58265,646501.9980227448
426297.58265,300277.3217214185
529463.5986,654321.6032605754
529463.5986,1061977.5700041167
592965.2222999999,697480.3926057786
592965.2222999999,738292.2319747024
648061.3094857142,769335.6374366017
648061.3094857142,693251.8504662568
648061.3094857142,905287.7345032007
648061.3094857142,913428.5447222673
648061.3094857142,567119.9021719861
648061.3094857142,565827.022273859
648061.3094857142,567465.4483586994
564979.9096666666,933560.1674526075
564979.9096666666,847015.9138804185
564979.9096666666,850998.3520368537
564979.9096666666,1061467.7007195423
564979.9096666666,987701.2323982094
564979.9096666666,651108.3010284744
564979.9096666666,797721.23604321
564979.9096666666,926336.1509678739
564979.9096666666,649361.846284468
462854.73745,580578.5978507207
462854.73745,854030.2772880258
455696.4872749999,561969.33018862
455696.4872749999,707608.0514051514
530705.19555,440856.7397547766
530705.19555,391875.3327526637
530705.19555,526482.8668786827
360645.8103625,292162.3727241754
360645.8103625,423868.94893097266
360645.8103625,284851.18035570264
360645.8103625,275209.7048645576
630778.0746607144,634459.9048655755
630778.0746607144,548667.4043468507
630778.0746607144,492260.66344617825
630778.0746607144,775197.7420913957
630778.0746607144,453880.4738342412
630778.0746607144,455470.9551027765
630778.0746607144,715766.0630146341
322132.261875,637845.6013637001
322132.261875,491057.4968112377
322132.261875,293622.30564498366
322132.261875,619053.6149669732
588473.8823249999,712734.0215598892
588473.8823249999,907718.4721516469
576002.2625,730299.5855003031
576002.2625,531758.2142738748
739446.365475,592459.1161120662
739446.365475,729591.3447157076
2505072.8059,1195472.6430697993
2505072.8059,1097445.372881537
2505072.8059,1275756.0021135563
2505072.8059,1348569.1756588398
2505072.8059,1266738.6611332349
2505072.8059,1270489.2818578957
2505072.8059,1175003.696190359
2505072.8059,1097995.2635115893
2505072.8059,1273813.9460837636
2505072.8059,1198720.6620348883
2505072.8059,1372650.6611418338
376542.122325,373928.86611824407
376542.122325,382263.3289124906
376542.122325,352618.01333816856
376542.122325,618228.4628149578
293067.18844999996,427939.48084784974
293067.18844999996,302168.5018642315
293067.18844999996,280722.31382539705
541239.82465,443615.160036385
541239.82465,438849.7925407385
541239.82465,725834.9148890383
541239.82465,684810.1252093058
823736.6777071428,638283.1627857802
823736.6777071428,714291.9129338223
823736.6777071428,569318.4889883068
823736.6777071428,634550.6710451982
823736.6777071428,799918.4011650102
823736.6777071428,798419.6583705058
823736.6777071428,581007.8384180892
750428.9999714285,708131.6930997486
750428.9999714285,1078314.9576774861
750428.9999714285,1005068.5466874996
750428.9999714285,861039.1394074889
750428.9999714285,856765.442417565
750428.9999714285,943422.3567513666
750428.9999714285,791039.3813243845
852505.8700000001,932162.8205161296
852505.8700000001,1153675.192279278
852505.8700000001,793350.6207459775
852505.8700000001,934120.178524136
852505.8700000001,789617.5445270515
852505.8700000001,1155164.17731648
852505.8700000001,727202.6497768514
852505.8700000001,1009536.7636758662
852505.8700000001,986145.0610369741
852505.8700000001,834204.8291708669
386559.3823625,670491.0009057184
386559.3823625,669155.2038396529
386559.3823625,448167.89574514935
386559.3823625,347515.53297565033
614393.1198,773942.0080656898
614393.1198,775011.4851462038
614393.1198,532583.7131393522
614393.1198,437918.0889196158
614393.1198,436728.1746657929
574951.27785,747895.4638241237
574951.27785,684289.9666244913
701541.4501363636,986034.1238103419
701541.4501363636,924689.1935252286
701541.4501363636,924593.3791228209
701541.4501363636,989143.4762126065
701541.4501363636,989262.7867861058
701541.4501363636,662331.2709136882
701541.4501363636,738229.9552889551
701541.4501363636,743045.4830117921
701541.4501363636,616330.8935285663
701541.4501363636,867356.8374461607
701541.4501363636,689630.9434140263
417649.52895,319805.14235591533
417649.52895,666493.1970311451
224343.424025,261714.1413748337
224343.424025,390026.5632365044
857723.9912499998,944878.4969851063
857723.9912499998,590089.4184492512
857723.9912499998,740029.107922985
857723.9912499998,661555.3232278466
857723.9912499998,945957.0747552702
857723.9912499998,675493.9908979408
535786.08115,529421.2321585923
535786.08115,386600.9595935375
535786.08115,494569.3335258558
402405.37088125,744117.6385313206
402405.37088125,419336.7186598993
402405.37088125,559762.6229487063
402405.37088125,665833.3931327013
983517.3013499998,938183.6536167567
983517.3013499998,621723.9732721401
923910.9054499998,738880.9512077718
923910.9054499998,949781.2161335961
248320.32425,258564.77180102316
248320.32425,488495.16817901796
428707.0028,482724.11520752404
428707.0028,595044.375327443
433427.8227,539952.0450117667
433427.8227,607451.1740105101
835288.113725,911702.6161170618
664553.8626666667,783541.0986248753
664553.8626666667,856817.4896297937
664553.8626666667,910065.7171272638
664553.8626666667,720698.9780544639
664553.8626666667,582104.672894312
664553.8626666667,536978.4981867517
664553.8626666667,668526.9354484275
664553.8626666667,540171.6237286848
664553.8626666667,669216.8276736626
823497.5697318182,861908.2501814603
823497.5697318182,863227.1009874193
823497.5697318182,719931.1889201563
823497.5697318182,1068651.9748298724
823497.5697318182,995386.3835798951
823497.5697318182,1070222.2387047668
823497.5697318182,665194.0163992796
823497.5697318182,797149.1325577836
823497.5697318182,809172.0337006615
823497.5697318182,795666.9087902509
823497.5697318182,1031859.4347158298
404632.3677375,416582.10102586076
404632.3677375,703979.6546362133
404632.3677375,559904.9398153613
404632.3677375,401051.2011110349
763913.1528250001,689189.7611903377
763913.1528250001,925818.093627382
2566413.581875,1151681.424230073
2566413.581875,1356457.4265112176
500350.9157499999,707215.2029583553
500350.9157499999,454922.5095452203
255879.93190000005,400009.0823876589
255879.93190000005,390156.84475531284
800851.557275,618147.5653715468
800851.557275,773211.4559637245
206099.1232,241839.29283686675
206099.1232,150402.36127283878
209959.275125,310586.9938126799
209959.275125,583206.4912429184
209959.275125,300323.1006801364
209959.275125,548919.6810139705
628291.9491,760923.3099964589
628291.9491,546218.5783013061
367062.3837499999,294610.5197736644
367062.3837499999,408769.9545463268
869194.2967333334,1034970.1392310716
869194.2967333334,901683.397780165
869194.2967333334,991752.1598352406
869194.2967333334,749132.8807360848
869194.2967333334,899770.6461436015
869194.2967333334,753140.9857222091
869194.2967333334,688717.7220708855
869194.2967333334,828048.3584915084
869194.2967333334,828048.3584915084
441701.7981,476079.7316430557
441701.7981,472063.1408351998
789283.5238549999,998535.5533969343
789283.5238549999,948902.5016999806
789283.5238549999,1002061.3045519211
789283.5238549999,1003739.3546997034
789283.5238549999,805319.8249440617
789283.5238549999,863500.5122617278
789283.5238549999,660990.7299693454
789283.5238549999,660924.7540278818
789283.5238549999,662183.8340841895
789283.5238549999,797768.1849103017
877358.5958,622910.8236810121
877358.5958,541111.3804788619
938147.06375,1033086.2755584578
938147.06375,823353.5163022778
938147.06375,1033552.1479351242
938147.06375,1056099.6783632676
938147.06375,823106.0695294241
938147.06375,818200.6709868996
938147.06375,1139169.6340370243
938147.06375,1057118.6196504296
938147.06375,907128.7644117499
938147.06375,758335.6790081842
938147.06375,899938.1699018923
938147.06375,983973.3599619991
938147.06375,984633.6114154351
938147.06375,759329.1795183116
938147.06375,997078.0482632109
726766.7802500001,547646.0968508311
726766.7802500001,679911.4261087361
1025566.396775,746064.8059963707
1025566.396775,667004.2936935546
1025566.396775,1007194.9304343313
1025566.396775,946233.2717473232
1025566.396775,945042.9477239669
1025566.396775,671399.8837974229
1025566.396775,748722.0794549504
1025566.396775,755601.4984051406
1025566.396775,750069.7316449782
1025566.396775,618388.0627756248
1025566.396775,865931.6660329283
558124.2757499999,349105.56144769595
558124.2757499999,350014.430155926
505355.016325,635571.5537644937
505355.016325,892753.7145868179
556050.5825071428,797253.4661673456
556050.5825071428,995443.918234697
556050.5825071428,711957.8838809169
556050.5825071428,854909.8889459871
556050.5825071428,944181.6805202177
556050.5825071428,711575.094534752
556050.5825071428,745093.1384426821
605221.9957000001,572246.4263884618
605221.9957000001,615246.4767197955
286721.44655,323369.13005491055
286721.44655,220773.10674213606
427664.68814999994,614018.4989065883
427664.68814999994,546811.4104204902
876827.465525,830446.2330122297
876827.465525,742435.3424679438
876827.465525,886682.5662862514
876827.465525,1087425.5751657528
876827.465525,963297.1180293402
876827.465525,887966.4411290791
876827.465525,957819.7166603094
876827.465525,941634.1255035684
876827.465525,685363.6165899794
876827.465525,814780.1778187375
876827.465525,894328.7646727709
449151.8601499999,783142.4963181703
449151.8601499999,784924.5727031612
449151.8601499999,457807.89638897567
449151.8601499999,423408.41721492494
1084792.4476214284,822849.3282780462
1084792.4476214284,820489.3486401729
1084792.4476214284,1026835.6892982036
1084792.4476214284,729103.7209671199
1084792.4476214284,734244.3454147866
1084792.4476214284,1034137.6124731953
1084792.4476214284,672807.835449416
1276249.5612999997,1003270.2726053215
1276249.5612999997,1170278.740151607
1276249.5612999997,894803.0271659143
1276249.5612999997,1146748.583550489
1276249.5612999997,1147625.070349583
1276249.5612999997,894902.7378952077
1276249.5612999997,1004773.4923323113
1276249.5612999997,999668.966267383
1276249.5612999997,1115850.3945553512
583114.4257,814315.0496433988
583114.4257,546827.600150304
303654.69375,247980.2820602231
303654.69375,512875.62750841095
466965.4082499999,448258.406645591
1145993.1758499998,773951.7646088273
1145993.1758499998,779834.5633795334
194301.8126,221067.08949598804
194301.8126,483665.8035520695
194301.8126,487612.8383950213
555344.0681375,671215.188133111
555344.0681375,769376.180775954
555344.0681375,765804.4730532928
555344.0681375,474088.9618558478
528180.5213,660646.3885961481
528180.5213,656449.9571372361
528180.5213,745561.9760876251
461696.2646249999,821668.799034899
461696.2646249999,819517.1517085476
461696.2646249999,874087.3597271331
461696.2646249999,818437.03299869
461696.2646249999,685596.2419155228
461696.2646249999,505280.56926171225
1297809.0069499998,841633.7785069211
1297809.0069499998,991014.9905987262
1297809.0069499998,1082971.0477900065
1297809.0069499998,1214168.3942486686
1297809.0069499998,1125442.5833221714
1297809.0069499998,986856.8795267331
1297809.0069499998,937873.6121464104
1297809.0069499998,838942.4110987753
1297809.0069499998,901507.8462671418
891025.4713750001,844216.0334506709
891025.4713750001,1102334.5521365434
891025.4713750001,899101.4868632403
891025.4713750001,761169.6996552565
891025.4713750001,899592.395190309
891025.4713750001,1029168.5929454339
891025.4713750001,899396.1741192674
891025.4713750001,696995.5966224116
891025.4713750001,826135.5896456322
891025.4713750001,826506.1800986177
891025.4713750001,697636.3468557836
891025.4713750001,909568.2033958206
535551.613675,457180.4490268306
535551.613675,460509.2110825134
535551.613675,786709.7935882569
535551.613675,409261.96471768635
535551.613675,562330.1176916643
535551.613675,702046.0255077553
613815.3110999999,678936.6145604987
597352.87471,1109768.0666922638
597352.87471,1113147.80669533
597352.87471,1032851.8266334614
597352.87471,901757.177722033
597352.87471,757158.2835498676
597352.87471,1027691.5459043649
597352.87471,699825.4241072774
597352.87471,830039.6073299691
597352.87471,718264.8156425625
597352.87471,963093.5676439186
763666.40891,736050.5757391509
763666.40891,727623.1418346333
763666.40891,577305.5247878679
763666.40891,578196.0182389527
763666.40891,597434.4983167828
556595.91655,531432.9273939556
621589.80675,387434.7048966786
621589.80675,524312.6443408759
588116.8186374999,627668.0437189218
588116.8186374999,479012.89316128567
588116.8186374999,772216.0218983844
588116.8186374999,724891.2541343244
856332.0960409091,875812.6218605387
856332.0960409091,880432.3357871745
856332.0960409091,1007492.5491458187
856332.0960409091,879934.1962553498
856332.0960409091,1082729.5904878848
856332.0960409091,1006978.2735056918
856332.0960409091,809480.5848378381
856332.0960409091,936649.762185493
856332.0960409091,677207.3933628814
856332.0960409091,935454.7016601808
856332.0960409091,891156.9410600108
816600.0210500001,613744.608064952
816600.0210500001,765232.8857718838
816600.0210500001,765534.3453512542
816600.0210500001,763725.4907005206
816600.0210500001,695205.9499632313
816600.0210500001,838096.0899721257
816600.0210500001,703277.7107089919
816600.0210500001,570190.7150978533
307244.95765,356232.9206436931
307244.95765,641033.5588324164
307244.95765,608814.2447227942
307244.95765,464281.4734241659
203676.75489999997,485098.6024730025
203676.75489999997,486206.2394917802
203676.75489999997,280585.57455436396
240232.83432499997,328059.64678291685
240232.83432499997,243125.832321923
364740.7993249999,555630.0358382582
364740.7993249999,456928.81555373577
707303.9802666667,818882.8346394773
707303.9802666667,670756.3741010246
707303.9802666667,672371.1959486782
707303.9802666667,954097.2511791441
707303.9802666667,671895.2741994329
707303.9802666667,884438.3425976925
707303.9802666667,884206.8669152864
707303.9802666667,751596.2916631806
707303.9802666667,698374.09275095
437795.2085,299926.84804249456
437795.2085,571949.9036656609
1113851.7456,972834.8901425677
1113851.7456,886759.6269028452
1113851.7456,823737.2535371106
1113851.7456,1034107.9495580386
1113851.7456,1029891.7837597351
1113851.7456,674041.8080799165
1113851.7456,830326.2810608846
1113851.7456,817130.8503789122
270010.13785,406752.14728090394
270010.13785,268038.9732029921
753908.1305000001,969838.5164165143
753908.1305000001,779513.0474464502
199010.9706,248546.56960114633
199010.9706,499903.85259429185
199010.9706,209724.65779390838
549347.28708,455664.4101999055
549347.28708,461222.0811312481
549347.28708,603569.4970942361
549347.28708,683929.132856035
549347.28708,561803.1564240338
418655.84885,457121.34123212
418655.84885,457838.38815656275
418655.84885,267419.76610760234
418655.84885,430151.3916010025
463126.1228999999,717480.7942302267
463126.1228999999,749204.3745448204
292182.35925,544874.4461056506
292182.35925,298513.18406155
292182.35925,406329.42043170106
559468.701,543001.5949454021
354053.85182499996,261420.41689488635
354053.85182499996,405195.1370842758
532051.8597875,685382.8523177353
532051.8597875,537575.0998752532
532051.8597875,368375.1952392157
532051.8597875,371844.3993614997
484522.4541,906216.5968877065
484522.4541,771811.7920233128
972639.1885333334,1001383.1349537382
972639.1885333334,793362.010583765
972639.1885333334,648826.4315233972
972639.1885333334,794921.8636913559
972639.1885333334,651605.1937776731
972639.1885333334,595198.3866731845
972639.1885333334,730832.0243004925
972639.1885333334,736191.4508653762
972639.1885333334,891324.6661008346
510949.213925,432216.01909828046
510949.213925,589716.6620923685
491188.7273749999,594026.7045774821
491188.7273749999,450092.26774069306
577661.7982,467393.23877147463
577661.7982,432865.5345139281
551919.9935,757074.5141761096
551919.9935,759617.206492616
551919.9935,613539.4388380828
551919.9935,711447.8027190538
478019.1108,751462.5476876117
478019.1108,446774.5873252815
478019.1108,555933.3274658667
291638.9258,280586.9640198128
291638.9258,250517.44710744912
452863.72864999995,647427.4579278543
452863.72864999995,502310.65245115256
523443.7467999999,622374.0816416368
792520.61145,856914.5877389949
792520.61145,509016.04720652057
2410837.5443499996,1170049.53800649
2410837.5443499996,1144816.8159337505
2410837.5443499996,1347317.8774213688
677755.4014875,756878.1461810161
677755.4014875,896227.4876851175
677755.4014875,823736.3169415083
677755.4014875,823428.6707902391
677755.4014875,955172.3674289442
677755.4014875,756090.6795890321
677755.4014875,887533.4792546972
677755.4014875,757424.2642997766
677755.4014875,623066.9576993942
677755.4014875,952620.6014166635
677534.49105,760607.5689737782
677534.49105,683044.1764800332
677534.49105,1078541.4843674
324815.24379999994,301418.8867662839
324815.24379999994,243387.96485024114
324815.24379999994,547449.6469151579
1037980.6688125,799248.076537374
1037980.6688125,940996.2974338797
1037980.6688125,648820.3092348077
1037980.6688125,938345.6150710563
1037980.6688125,935766.8895755834
1037980.6688125,871239.1167611344
1037980.6688125,596987.8785375605
1037980.6688125,806337.4368780353
677042.25125,784469.8079238879
677042.25125,766787.2481913078
649085.7088999999,1008938.5632539978
649085.7088999999,1048676.7368522568
649085.7088999999,919840.1591866778
649085.7088999999,1046860.1544702274
649085.7088999999,1139186.4629022754
649085.7088999999,772598.2337654665
649085.7088999999,1050166.2556354138
649085.7088999999,977746.7549407304
350755.4634,534851.3544253692
350755.4634,398036.1710305739
350755.4634,350713.38548229804
533991.7472999999,694088.0144481292
533991.7472999999,558953.6644028209
721348.18515,753717.1112503819
721348.18515,814233.7655260612
721348.18515,683913.9643208517
695090.0579499999,753284.5581440189
695090.0579499999,822847.3415222181
631398.7635821428,942799.9705709639
631398.7635821428,888011.3957533984
631398.7635821428,881240.8189457573
631398.7635821428,593292.019361112
631398.7635821428,684645.943121156
631398.7635821428,820927.4107880528
631398.7635821428,909688.1615475492
720443.736125,505003.2029620532
720443.736125,653942.7087893467
482589.894865,832666.6662925382
482589.894865,692411.7994376516
482589.894865,829466.7205565076
482589.894865,834572.288669249
482589.894865,515928.80879404926
527027.1757,560772.0787672361
527027.1757,615640.9543395515
457398.0324,529408.9273087223
457398.0324,440897.70987208356
457398.0324,679439.5292627992
457398.0324,610723.8271776371
457398.0324,498822.0081063337
274114.65085,532520.4571341148
274114.65085,273352.4811507548
347181.21754999994,416435.67220754427
347181.21754999994,414970.7252109579
347181.21754999994,573226.7832534411
282832.00704999996,397638.1968484184
282832.00704999996,507615.48438273475
426205.61445000005,424556.34956729074
426205.61445000005,423951.67621196905
426205.61445000005,356541.9538670154
426205.61445000005,574978.4815412968
560985.6185249999,619153.4396769559
560985.6185249999,469314.84199058136
398035.4357,473795.5286502655
398035.4357,404578.9587432514
398035.4357,573417.8683127877
605006.4402999999,563846.2644183787
2654610.32125,1068882.0569789603
2654610.32125,1440533.0549531116
635916.9968750001,770868.6266546682
635916.9968750001,903444.0971228129
635916.9968750001,906668.9947466323
635916.9968750001,908935.134957335
635916.9968750001,771898.1256129764
635916.9968750001,775068.6836939186
635916.9968750001,1029678.0968513312
635916.9968750001,858708.808843784
635916.9968750001,957228.773468554
635916.9968750001,977763.9317153277
635916.9968750001,711514.9421937432
635916.9968750001,1079003.7360848351
599810.1752999999,734539.0387111381
599810.1752999999,742665.316429346
599810.1752999999,946546.2513833545
599810.1752999999,591492.0578077871
599810.1752999999,887254.6551792976
599810.1752999999,547247.6581307118
318252.4428,704423.6883301061
318252.4428,736388.7251007546
318252.4428,704779.3978939238
318252.4428,664639.817474052
946065.28255,876515.93918109
946065.28255,573094.1611141344
946065.28255,972996.167331931
744209.40208,690857.6892851492
744209.40208,906916.5185748294
744209.40208,684501.592733342
744209.40208,685180.1476173662
744209.40208,769581.5991993449
744209.40208,1039576.3432422141
744209.40208,896696.4849842635
744209.40208,898891.4913029913
744209.40208,774889.5518735137
744209.40208,632500.332693027
760622.64630625,605451.947314633
760622.64630625,465981.7923922891
760622.64630625,604432.3290082893
760622.64630625,520373.37991352635
760622.64630625,698495.1821856746
760622.64630625,435814.3603793499
760622.64630625,697174.7581859113
760622.64630625,570069.0720074095
536098.26945,652972.437527026
536098.26945,657780.0972462354
476236.2484,437536.59716931003
476236.2484,764316.6332079388
1125721.3654749996,1099708.8507930846
1125721.3654749996,1119140.9242074017
876480.1828999999,905662.7087904211
604401.32815,633522.6457460098
558594.271775,983259.4622058545
558594.271775,706554.8566934424
558594.271775,986046.5282423252
558594.271775,710920.3712575468
558594.271775,985379.7675605007
558594.271775,710737.6347270651
558594.271775,784084.8228022289
558594.271775,783534.8499739991
558594.271775,650477.6564943878
558594.271775,915845.7542020928
381576.2302,536243.8068977625
381576.2302,399980.35404274595
796983.507125,597579.2268986471
796983.507125,793190.3859762693
776261.1615,926641.3399037516
217420.12294999996,527922.471309447
217420.12294999996,492594.6775861883
641633.0025846155,998236.9719758969
641633.0025846155,784008.3701437839
641633.0025846155,910538.3833438257
641633.0025846155,913707.0956070889
641633.0025846155,1110225.7149980287
641633.0025846155,1034227.1306676688
641633.0025846155,1028644.581943654
641633.0025846155,958979.2584516186
641633.0025846155,726783.4305086712
641633.0025846155,981544.4809403033
641633.0025846155,746409.2173274521
641633.0025846155,845308.1693382128
641633.0025846155,959255.9878564448
359102.39329999994,275696.50925642316
359102.39329999994,506423.1270254682
761507.8825499999,747846.0469298266
643816.3384,770934.8858408687
643816.3384,774939.3795011686
643816.3384,675261.7858721203
643816.3384,442632.765716429
643816.3384,721877.6265943404
643816.3384,585092.6902141429
341805.09437500004,345570.94583757676
341805.09437500004,257526.40212887578
538183.227875,623931.288013996
538183.227875,754963.4870938048
295830.43830000004,274409.94538280927
295830.43830000004,312209.1148903068
720471.6173,887782.2585061765
720471.6173,949808.1772905496
494637.253675,484555.58475418435
494637.253675,399999.7928849493
784753.3777600001,825566.9175910321
784753.3777600001,686921.2261051382
784753.3777600001,828590.5174660778
784753.3777600001,1029265.5550431131
784753.3777600001,768484.0010456415
784753.3777600001,761375.5975926192
784753.3777600001,762973.8561981482
784753.3777600001,889505.5584406268
784753.3777600001,890268.0990207456
784753.3777600001,764273.3098988766
1275263.4188875,863033.2961944826
1275263.4188875,864003.1209916859
1275263.4188875,1008388.2340543399
1275263.4188875,1135454.5462553224
1275263.4188875,863324.5848003012
1275263.4188875,1129133.962912651
1275263.4188875,868420.4073913179
1275263.4188875,955206.5861209311
1275263.4188875,1044028.9906621545
1275263.4188875,793529.6457015248
1275263.4188875,821749.1011739576
1275263.4188875,1015569.1332581637
824388.9494499998,1010956.2539681889
824388.9494499998,1091833.5132230509
995735.58085,1098741.6305765614
995735.58085,870707.1126646477
995735.58085,858157.9970050923
530410.5189749999,508614.74816589325
530410.5189749999,750509.4753746896
530410.5189749999,744023.501113481
530410.5189749999,700621.5020536386
450876.020625,591144.4973549643
450876.020625,773495.1980292422
450876.020625,451063.94740045856
450876.020625,418140.20318858855
450876.020625,728526.7534577216
715909.0368,404031.10598975676
715909.0368,428811.2810321235
281231.2784,266096.6879647256
281231.2784,261087.79568964447
2814294.5002999995,1168924.1495983626
2814294.5002999995,1179498.4263164494
536954.877675,396021.05948678066
536954.877675,379644.52193614317
536954.877675,357423.81075967883
536954.877675,627664.8855554401
465335.39105,500645.8402844231
465335.39105,501101.4034975659
465335.39105,605918.7872134658
580544.46725,736886.1050735867
580544.46725,709805.5250697302
580544.46725,777582.1431502677
613140.0241825,894296.655839569
613140.0241825,898405.7326112643
613140.0241825,1023643.1608534717
613140.0241825,756658.0310694401
613140.0241825,896791.6016658468
613140.0241825,1023643.1608534717
613140.0241825,710217.9152814362
613140.0241825,824270.4789146307
613140.0241825,692063.1118048583
613140.0241825,821451.3009617536
432512.06555,565046.8630872967
432512.06555,611680.2725740875
432512.06555,426127.51041019475
432512.06555,670469.6821275896
516881.871275,567987.0306246213
516881.871275,428733.1517884201
612556.47795,1072930.873345512
612556.47795,820057.1788440922
614942.9686928571,635508.0618682973
614942.9686928571,632451.8519774367
614942.9686928571,789035.8048772819
614942.9686928571,638606.9000897539
614942.9686928571,865349.8397518052
614942.9686928571,864521.4442955072
614942.9686928571,659123.6332622117
479157.900625,755826.844299733
479157.900625,616396.0595282387
479157.900625,665854.9348122302
479157.900625,438832.896433879
479157.900625,572619.4667887408
645853.54635,641605.1084197816
645853.54635,518249.88836504903
645853.54635,495721.6517527267
776182.8077071429,742135.0242252981
776182.8077071429,873097.3882590521
776182.8077071429,1068925.923416342
776182.8077071429,1070316.9283603102
776182.8077071429,996461.0614628077
776182.8077071429,746044.5816313378
776182.8077071429,743643.8002788342
776182.8077071429,811163.4565697132
776182.8077071429,929379.0002916048
776182.8077071429,700660.8997460543
776182.8077071429,687219.753921075
776182.8077071429,687639.3963781984
776182.8077071429,688240.8094925715
776182.8077071429,771328.4128571218
406424.1386,686703.671157847
406424.1386,688607.4803862153
550113.27862,461206.1411324232
550113.27862,513926.8698343474
550113.27862,455803.2858194422
550113.27862,423376.9972914093
550113.27862,560579.1205302079
550572.6538,783012.8119107857
550572.6538,829221.9595129093
806747.2925249998,671588.9685005565
806747.2925249998,827231.5859562998
533600.2698499999,686539.1295488974
533600.2698499999,662025.3573305225
533600.2698499999,574279.0893055773
2732058.1479999996,1329801.887259408
2732058.1479999996,1438305.0114457484
261882.34035,390436.3314816255
261882.34035,399344.5990427115
261882.34035,376612.07023231214
579738.5638636363,724761.7509905195
579738.5638636363,988696.9630039023
579738.5638636363,989157.3061760862
579738.5638636363,938435.7246045877
579738.5638636363,856649.4693979817
579738.5638636363,936458.7904569353
579738.5638636363,1060929.069948761
579738.5638636363,665083.2677889949
579738.5638636363,791876.9748653923
579738.5638636363,793347.8440402262
579738.5638636363,891689.473972711
345061.9968,497954.83902262757
345061.9968,533475.2633741929
599032.23565,760641.9211977028
599032.23565,583044.4413821232
599032.23565,789152.5830712423
221750.22285,373518.7151246743
221750.22285,367428.291263851
544496.4009,737721.2921410176
544496.4009,742776.2476511168
544496.4009,451768.63864466385
544496.4009,415055.7025586818
544496.4009,558880.5619218
768405.03745,618184.5059240962
768405.03745,547734.0198703915
768405.03745,545870.0286980537
768405.03745,548047.1292719248
768405.03745,495039.9181941216
680017.74645,802661.5807032464
680017.74645,651456.7878462304
680017.74645,805617.2988016685
680017.74645,796947.5196195845
680017.74645,946440.0032947285
680017.74645,812580.6649262216
569132.44505,440983.35411677463
569132.44505,558926.4793806623
281656.84294999996,396359.3151589452
281656.84294999996,534602.449749717
281656.84294999996,545687.3465030508
714673.3584714286,928014.4273828059
714673.3584714286,791817.2468976349
714673.3584714286,930222.3264836974
714673.3584714286,996812.6186456735
714673.3584714286,726141.598533166
714673.3584714286,728130.2312995708
714673.3584714286,864747.8287793148
609597.6775249998,734184.5234634934
609597.6775249998,726709.258945221
609597.6775249998,965239.1510472026
609597.6775249998,1009055.8244901226
609597.6775249998,966087.1419735001
609597.6775249998,879675.9300972801
609597.6775249998,731279.2780747054
609597.6775249998,814224.9099221803
319044.12659999996,339592.47005525883
319044.12659999996,336270.42467927054
319044.12659999996,320928.8440536266
319044.12659999996,585851.439454562
426306.5353749999,486339.16570858995
426306.5353749999,713391.6308893419
426306.5353749999,484593.9515928108
426306.5353749999,410396.4969756077
262978.3703,272655.0101921965
262978.3703,243296.12334953778
842573.1572999998,911951.8705731097
925281.03225,576830.4347051528
925281.03225,570815.683810996
551938.350525,569565.1027422466
551938.350525,803205.9376863141
537521.3008499999,805165.1363957389
537521.3008499999,806968.4170773749
537521.3008499999,718290.8723314872
537521.3008499999,584785.6177113187
537521.3008499999,522290.83300453535
537521.3008499999,810033.4456948397
276759.3789,477082.49575577275
276759.3789,515355.9078753376
628321.202725,605550.3235197348
628321.202725,818554.0026426677
340064.04232499993,242560.19340679428
340064.04232499993,381767.8133793876
1035669.3301227272,1107219.84884653
1035669.3301227272,1029067.8640679688
1035669.3301227272,1031424.9940011336
1035669.3301227272,987911.5970883702
1035669.3301227272,761394.7095233374
1035669.3301227272,1037024.6197020751
1035669.3301227272,974649.749271346
1035669.3301227272,833907.1237099554
1035669.3301227272,716658.6538623567
1035669.3301227272,701609.8792353288
1035669.3301227272,1026007.0349124356
1239999.3781,994557.1123804584
1239999.3781,1112099.7085135484
1276013.50885,1023320.1285345678
1276013.50885,738918.2662755674
526789.8949,579494.4795545335
526789.8949,735443.6153541211
526789.8949,803524.9672915451
526789.8949,885065.2832750776
526789.8949,911441.2440367702
656136.2597999999,748378.0354795041
656136.2597999999,860481.280543954
731132.2322374999,717472.677440438
731132.2322374999,564381.4825288446
731132.2322374999,873599.7976224519
731132.2322374999,856900.2293504671
269617.06450000004,367399.02881839045
269617.06450000004,206514.35524029436
269617.06450000004,244195.42831290007
400812.94865,559595.3976172383
400812.94865,419920.92583645694
400812.94865,292345.704341455
217283.9834,422617.16862360254
886413.5307499998,723319.9904148433
305412.217425,445731.13078706973
305412.217425,587023.7587124432
305412.217425,562110.8696338772
305412.217425,419509.7031631807
385986.9720499999,411539.9591169122
385986.9720499999,285343.08953193546
385986.9720499999,555124.9722453037
429826.73935,639501.8181142955
429826.73935,489748.86125555984
429826.73935,464167.58815932076
429826.73935,325868.36736911326
262345.51845,412282.7074630475
262345.51845,551993.9888034656
262345.51845,263136.9935258408
598445.4085499999,900561.0585420827
598445.4085499999,818910.0339574711
598445.4085499999,1087039.1594561175
692322.30875,816156.6737289315
692322.30875,675122.8551611874
692322.30875,814745.2547887206
692322.30875,674116.8757825536
692322.30875,488615.5963980071
692322.30875,761662.5675522027
692322.30875,762225.886363419
309166.2283,441145.3872458669
309166.2283,313193.0934019984
309166.2283,558357.8495547517
309166.2283,415288.6044088315
867496.8034999999,923194.2012352962
867496.8034999999,782886.0007546737
867496.8034999999,779694.1395608853
867496.8034999999,926010.0863516601
867496.8034999999,783194.6346781969
867496.8034999999,793401.8116925057
509393.904675,527352.0860752052
509393.904675,663232.468206833
764764.37846,793410.4809855933
764764.37846,642648.1200497019
764764.37846,796621.6641367226
764764.37846,599212.0720928494
764764.37846,652245.2724186282
561296.64955,620943.3604763926
561296.64955,704291.541269637
478511.13365,523117.9101098531
478511.13365,526943.2374175402
484112.4971499999,462868.85625445045
484112.4971499999,772571.0920974255
484112.4971499999,467385.3114947921
640074.973432143,779628.4876140396
640074.973432143,779953.2310391993
640074.973432143,906239.5560320396
640074.973432143,992109.279922173
640074.973432143,911767.1133859652
640074.973432143,995011.7220051321
640074.973432143,909374.7045472513
640074.973432143,910661.4943363216
640074.973432143,842496.0898311721
640074.973432143,863616.4545938568
640074.973432143,723375.3353263834
640074.973432143,723648.2706650657
640074.973432143,743799.4599450354
640074.973432143,1029184.2063207012
790785.7289999999,726321.8236353905
790785.7289999999,750210.1167990554
664973.9602999999,516992.68313745596
721808.58,626137.1939376512
721808.58,632290.946559617
363340.71644999995,531079.1373518675
363340.71644999995,418037.55075361824
363340.71644999995,281747.29385587474
221857.772625,368665.1390940963
221857.772625,439831.9351438275
408531.9857500001,437726.817359136
408531.9857500001,304775.3791615471
408531.9857500001,249637.75077507977
473799.55794999993,362471.649941451
473799.55794999993,651595.0369190474
473799.55794999993,606316.3597475238
291524.91745,560880.6206201566
291524.91745,218335.31815803656
429404.9482,562017.8768102583
429404.9482,590362.1008230242
1119569.4231624997,768710.1904505945
1119569.4231624997,1058502.467493077
1119569.4231624997,1013017.2382525157
1119569.4231624997,1147963.415635188
1119569.4231624997,772250.8347839015
1119569.4231624997,768173.8064223059
1119569.4231624997,1059566.8593598672
1119569.4231624997,716441.4616299535
628482.1048099999,581039.2299869794
628482.1048099999,578773.6346223868
628482.1048099999,582347.5643292188
628482.1048099999,890219.029401728
628482.1048099999,757468.1100260705
714333.09785,684671.0020919121
242360.1778,526892.0056161139
242360.1778,365574.7310102248
833591.2899714285,647783.3975829281
833591.2899714285,563842.6074808494
833591.2899714285,563955.3239783711
833591.2899714285,644244.6243391281
833591.2899714285,464461.1640146469
833591.2899714285,465844.26523179107
833591.2899714285,736249.4493843013
350239.2809,410581.4987603896
350239.2809,670761.9147746302
350239.2809,712110.2422481824
465397.5644999999,409427.090624301
465397.5644999999,671728.6904771416
872545.42657,1040870.5220770943
872545.42657,1041182.0933175406
872545.42657,1121942.0991590596
872545.42657,761734.5946488115
872545.42657,997468.536378013
872545.42657,1039299.9454034362
872545.42657,852708.5298975989
872545.42657,835977.2237323851
872545.42657,964220.5949832555
872545.42657,702298.2747669838
350499.10515,439387.0063572046
350499.10515,423020.3183368045
350499.10515,421166.88125969324
626575.4955499999,449223.3747206731
626575.4955499999,585502.0360554775
685490.542,856700.5557854689
685490.542,851326.8885321475
669416.2946357143,886790.0827971606
669416.2946357143,890629.1210339278
669416.2946357143,885766.3779860131
669416.2946357143,941834.7872841441
669416.2946357143,682156.5519357766
669416.2946357143,536534.0510166008
669416.2946357143,614020.4743639801
601181.0768,414344.19765168877
601181.0768,759804.2647283244
461144.4386,531533.7512602948
461144.4386,528606.6869571286
563981.2919000001,860718.0039391606
563981.2919000001,868170.0124836565
551241.2248999999,653970.1452713116
551241.2248999999,651433.966033511
682313.8696000001,495939.3860746475
682313.8696000001,495903.500950722
866716.2465499999,624712.2108830267
866716.2465499999,1005789.0607166458
438737.00129999995,662959.7981955307
438737.00129999995,607952.5234791711
2739062.1864000005,1075107.0999806793
2739062.1864000005,1059817.1768728367
387819.974975,397232.9392466455
387819.974975,591446.406273108
767044.958075,572407.2993524765
767044.958075,644392.799680075
767044.958075,878506.8062693173
767044.958075,664787.5683753525
368821.900625,503865.72877438914
368821.900625,652327.9012923341
278600.58655,308617.22360759805
278600.58655,309288.54438341403
278600.58655,276724.3899920529
656888.43299,797921.5814092738
656888.43299,652079.7879672557
656888.43299,570299.3879172197
656888.43299,803939.0094881569
656888.43299,607551.6798747194
433934.73104999994,660352.1448997401
433934.73104999994,845979.9534392775
433934.73104999994,797443.1703362664
433934.73104999994,800110.9316584427
433934.73104999994,519679.5238884637
433934.73104999994,619341.8074627626
948302.6072,873410.6664464056
948302.6072,716252.3744731011
170081.0277,496053.2696368038
170081.0277,223654.92240731505
612844.4761000001,888081.2800561823
612844.4761000001,1001697.5147385421
766244.1765000001,869589.2602629403
736900.8395785713,821804.7465248866
736900.8395785713,967988.1171594004
736900.8395785713,967447.3391674348
736900.8395785713,963613.8581841988
736900.8395785713,666727.343314663
736900.8395785713,899481.2341770395
736900.8395785713,749299.2186931364
820760.3743863637,1000314.4400325364
820760.3743863637,1002412.4365037762
820760.3743863637,999891.0594014674
820760.3743863637,726919.0415845114
820760.3743863637,869599.425046231
820760.3743863637,1004375.8308855058
820760.3743863637,670815.2880343007
820760.3743863637,929825.1459717785
820760.3743863637,802806.8417399576
820760.3743863637,930476.2023922078
820760.3743863637,912530.8996582403
207095.63945,239252.16779364046
207095.63945,430213.71946550504
628132.2851249999,676398.8916859631
628132.2851249999,520778.93122067745
628132.2851249999,519899.1940973728
628132.2851249999,614131.6875519117
430802.6392,254538.64703265292
430802.6392,299297.37635401124
799044.6871,931224.5824916576
639991.72644,484277.1309870344
639991.72644,621399.7802369811
639991.72644,623065.2625545509
639991.72644,809726.4437740828
639991.72644,522090.04456291336
253595.4841,470224.74803003646
253595.4841,374818.43786436564
497851.35595,664713.4316349927
497851.35595,664521.2031366192
497851.35595,352180.4563382212
497851.35595,618031.0450835876
449350.7546,635917.531894176
2496541.1204,1240494.9131694767
2496541.1204,1149385.8401306565
292705.8766,428020.42733700696
292705.8766,412924.81484048674
292705.8766,534091.1830057374
544194.2101999999,770829.0188258771
544194.2101999999,786216.3507875149
550718.350875,766923.0275159314
550718.350875,476133.7585337402
550718.350875,476233.7718372275
550718.350875,580254.0090013165
826055.22893125,682750.2495304504
826055.22893125,979753.8440085037
826055.22893125,834875.6233960768
826055.22893125,833187.1887397153
826055.22893125,979414.5738238832
826055.22893125,775416.3430966812
826055.22893125,907952.9443860729
826055.22893125,923433.4061608659
694160.0917999999,756740.0168558757
694160.0917999999,908027.3435070767
694160.0917999999,755825.2793107093
694160.0917999999,961985.2697791371
694160.0917999999,899065.8851916909
694160.0917999999,548301.2966777508
564686.0082500001,724967.232392706
564686.0082500001,548613.6736543827
700151.3332285716,687103.6474785657
700151.3332285716,687810.72329222
700151.3332285716,744300.8633442727
700151.3332285716,746171.0726563862
700151.3332285716,635489.402493707
700151.3332285716,499732.756436583
700151.3332285716,510034.9070259767
554577.3868,482553.7520054982
554577.3868,477760.62018763577
317949.84967499995,409346.2638951455
317949.84967499995,260981.84910928225
229356.114925,377849.68531936355
229356.114925,224744.38149215793
755028.6765250001,581309.5439852872
755028.6765250001,716598.8050913112
788016.8102999999,657382.7906032489
788016.8102999999,889031.081608605
788016.8102999999,1153395.5396426902
815575.695,890519.1441944129
553239.5846000001,538230.1857868939
553239.5846000001,539846.7697219851
448520.57275,540957.7920762508
448520.57275,595472.7359378807
409883.850375,317446.36491702206
409883.850375,444564.92424589104
300925.3622,513590.5945922733
300925.3622,514947.30026186677
547217.2283,433360.0514275821
547217.2283,608942.0922411226
547217.2283,760891.5364319314
461858.23612500005,594987.3810478917
461858.23612500005,498548.4845869924
380835.0571999999,435021.72327303234
380835.0571999999,435095.5506622807
380835.0571999999,285612.6442900813
287920.92895,561327.4706508779
287920.92895,423468.2413802398
287920.92895,290193.93106801435
668409.4517,744099.3516293346
668409.4517,678873.2345268645
668409.4517,996503.2647483735
362676.06365,680087.1861627455
362676.06365,425518.9110511071
797802.2778500001,715422.2971285279
797802.2778500001,776800.3283207624
797802.2778500001,778185.3373679379
797802.2778500001,714862.8258592929
797802.2778500001,772546.3139782052
797802.2778500001,592575.3205433541
797802.2778500001,846704.3263483557
797802.2778500001,588015.6714635843
797802.2778500001,585256.7226080385
663196.1325000001,914544.0938975362
663196.1325000001,916848.5091285993
698726.7321499999,559105.5133895227
698726.7321499999,549457.8142674775
1260179.3337062497,948681.291748934
1260179.3337062497,803384.2937201271
1260179.3337062497,1179733.6789113723
1260179.3337062497,798579.6503614787
1260179.3337062497,1091481.2629150879
1260179.3337062497,1093093.3290178766
1260179.3337062497,1090783.775585182
1260179.3337062497,849884.8772377418
430693.19055,720877.6215226788
430693.19055,579448.7881622702
430693.19055,576767.3548264792
430693.19055,683967.6491021089
586347.036275,851649.4016637674
586347.036275,1119049.6053334477
831859.5528499999,900129.2772989819
831859.5528499999,745236.3730624152
831859.5528499999,899809.6148680465
831859.5528499999,1116105.1063033338
831859.5528499999,897344.9671987605
831859.5528499999,744420.772592326
831859.5528499999,746256.6145329106
831859.5528499999,696847.6414154952
599882.4323750001,487538.60569889867
599882.4323750001,826473.9223549239
599882.4323750001,777241.0337449368
599882.4323750001,589588.4635508794
599882.4323750001,453592.9559540565
599882.4323750001,780031.42797161
406423.9811,598696.9643740552
406423.9811,530226.7741319415
300261.1153499999,281173.84608597145
300261.1153499999,534572.783511391
350172.2395,410703.8829747986
350172.2395,464193.0224563883
2411309.2197,1264386.0182420085
2411309.2197,1089625.6300413131
2411309.2197,1260836.6645575715
2411309.2197,1335677.7674855501
2411309.2197,1188620.9621569389
2411309.2197,1167656.0775675597
2411309.2197,1088700.6836907074
2411309.2197,1264342.6541363064
2411309.2197,1169397.9839785497
2411309.2197,1264959.9253117274
2411309.2197,1174258.245365505
2738462.119475,1241374.1515623443
2738462.119475,1173984.686001155
2828649.1978499996,1163824.517323029
2828649.1978499996,1328301.2790506724
2828649.1978499996,1255610.8147687246
239174.14713750003,276460.5927121269
239174.14713750003,543059.1715405874
239174.14713750003,341333.50748546247
239174.14713750003,509232.1637267993
520624.39744999993,619285.6846651979
520624.39744999993,646346.4649833466
312793.67512499995,283794.73133998655
312793.67512499995,405660.91211815405
843003.3576474999,863866.4848960692
843003.3576474999,1134254.7547182282
843003.3576474999,1051709.8895351929
843003.3576474999,769949.9772612664
843003.3576474999,863187.2887703438
843003.3576474999,862708.7921893663
843003.3576474999,707712.6628041173
843003.3576474999,707185.2870811815
843003.3576474999,843127.894296339
843003.3576474999,967127.6738919984
569527.49625,679858.2107455421
569527.49625,687474.5334741701
590682.6134187499,754170.1317219697
590682.6134187499,1032804.8489429646
590682.6134187499,992570.8814730041
590682.6134187499,756218.1556578341
590682.6134187499,752495.4942086877
590682.6134187499,898174.9614434869
590682.6134187499,1122020.8647242982
590682.6134187499,789957.6358990045
172444.666775,233295.43004145834
172444.666775,356280.87230170285
172444.666775,442449.3473043992
358028.7310999999,394846.5709208866
358028.7310999999,415946.14816715056
489896.26455,556353.9936982286
489896.26455,596547.7223975108
611103.85543,713397.9828701745
611103.85543,772631.7563410681
611103.85543,858996.843359339
611103.85543,863715.3344036508
611103.85543,657830.2092914693
571666.08615,554313.2504263541
571666.08615,418240.46075549704
571666.08615,494752.71927089046
413610.71699999995,304273.47729463986
413610.71699999995,440212.09901585296
413610.71699999995,315581.3780884407
256642.15057499995,302547.6645298478
256642.15057499995,431269.73079399683
299042.6321,438223.19956540724
299042.6321,578301.5107232085
299042.6321,420455.8347859655
299042.6321,299796.5554146455
355193.15972500003,495514.4363481382
355193.15972500003,382952.5466862173
249994.0142375,629345.1984926772
249994.0142375,629764.7512416075
249994.0142375,362080.35882942716
249994.0142375,338257.9475648682
249994.0142375,338220.5758453259
249994.0142375,457917.88995619793
412180.813325,707397.4396952086
412180.813325,422457.48825021967
412180.813325,609827.6592862788
412180.813325,449299.9359450768
1106366.170778846,935236.9866452037
1106366.170778846,799195.3547019446
1106366.170778846,1056112.8819118463
1106366.170778846,939324.9483491406
1106366.170778846,1133549.722600909
1106366.170778846,1057121.224828741
1106366.170778846,1136847.0430736148
1106366.170778846,937488.6893164706
1106366.170778846,982923.7824613241
1106366.170778846,864796.3103954782
1106366.170778846,982121.4431758287
1106366.170778846,884814.6413635946
1106366.170778846,981229.7706389108
1052800.1016000002,859264.6201933954
1052800.1016000002,796231.8560098271
1052800.1016000002,1070284.33811017
1052800.1016000002,860477.7500600251
1052800.1016000002,861906.5728742541
1052800.1016000002,933660.4839012448
1052800.1016000002,922193.6508147783
1052800.1016000002,652869.5387491261
1052800.1016000002,933327.9559150178
673582.8344,638193.5531611053
673582.8344,701289.7055877931
2595781.606375,1241474.2446615258
2595781.606375,1171174.0060534282
1074196.03965,1025619.4454371424
1074196.03965,753142.1818730003
581855.2072000001,663884.1477966615
581855.2072000001,943534.7641722404
814312.611375,657598.7751134379
814312.611375,741858.6241741923
814312.611375,1006103.5591028801
814312.611375,659180.9223711265
814312.611375,657861.6370808785
814312.611375,798472.4411469896
814312.611375,659710.9168342191
814312.611375,688480.363997391
462774.594,646735.5282765935
462774.594,682461.3293033304
371762.00115,488399.80147861026
371762.00115,364896.651284065
274633.428,259267.00731428538
274633.428,255700.86534613813
197725.2244,512720.5153657762
197725.2244,249356.16277298826
197725.2244,154463.21182024863
265786.0143,474670.8437596669
265786.0143,461526.7308567555
644040.97395,705549.7573742613
644040.97395,666067.5296673818
248941.772025,364006.09764161624
248941.772025,508484.91605225566
608155.589775,575421.4899464897
608155.589775,490095.5417076822
608155.589775,725042.8863387324
608155.589775,412352.43097865867
890529.63776,918038.9215685873
890529.63776,922203.4758620781
890529.63776,1012600.8862218789
890529.63776,920859.2680831569
890529.63776,1056240.2357897046
890529.63776,916879.1946503201
890529.63776,771929.832505639
890529.63776,729321.0822688411
890529.63776,867136.0046564904
890529.63776,708535.2747224392
647942.2414,402320.68696779956
647942.2414,404816.94143049815
304669.74494999996,275612.1579985807
304669.74494999996,378644.1384289905
837389.2365812501,771547.8966898783
837389.2365812501,693441.4808617093
837389.2365812501,616968.3930298773
837389.2365812501,916052.9863002474
837389.2365812501,847298.8224740744
837389.2365812501,709321.8718436462
837389.2365812501,708860.8031247455
837389.2365812501,860748.7983588724
373209.01595,340795.92726907734
373209.01595,342740.2611910123
373209.01595,591067.8876112839
562440.16125,990934.0748972873
562440.16125,812655.2803490586
562440.16125,993983.339429942
562440.16125,864534.9111785479
562440.16125,815739.4883660694
562440.16125,865002.2631354292
562440.16125,867510.4873780385
562440.16125,937320.712801758
562440.16125,684777.9884699043
562440.16125,670796.2217782828
562440.16125,929053.3026610907
433283.0884571429,734708.5261687961
433283.0884571429,732780.5900322244
433283.0884571429,592203.2815120734
433283.0884571429,453201.7275947113
433283.0884571429,552910.4710335798
433283.0884571429,553465.1336739311
433283.0884571429,556947.3060914171
1386835.495625,904458.6379668374
1386835.495625,1068055.9550972623
1386835.495625,1065877.5316662777
1386835.495625,1032466.8084829877
1386835.495625,947996.5413656544
1386835.495625,1030301.0400591383
1386835.495625,813248.0979517906
1386835.495625,1144268.9500671525
1386835.495625,752358.3338545206
1386835.495625,752292.679729265
1386835.495625,990807.9108115209
1386835.495625,752949.2780696806
1386835.495625,1014478.5313439578
1386835.495625,876309.1701432812
551241.553025,967549.3560489629
551241.553025,1030036.666090845
597975.7312000002,661667.7470669836
597975.7312000002,672695.4337169672
2395076.2951499997,1164064.2979946174
2395076.2951499997,1338188.2894097273
390577.13285,321348.2015658645
390577.13285,444421.59454844106
390577.13285,571783.181739432
287547.165225,433507.9728581242
287547.165225,291300.0287025714
409594.9206,621331.392042012
409594.9206,468316.35604973516
409594.9206,451714.6218768079
409594.9206,586649.2808147911
867124.8907833333,1040375.2524456372
867124.8907833333,754044.5476541494
867124.8907833333,1127901.5185252228
867124.8907833333,851651.3279771267
867124.8907833333,759532.0907485058
867124.8907833333,757235.699026426
867124.8907833333,692805.4649920111
867124.8907833333,830559.8808462706
867124.8907833333,961902.4536268911
233481.5881,389781.67964509845
233481.5881,459731.415384103
250214.2665,492472.1724943465
867305.4095999998,771169.9462671931
867305.4095999998,869100.1796651435
393117.0265499999,627423.1026156716
393117.0265499999,480268.3380940986
393117.0265499999,584307.8840736748
323427.014725,367207.730203294
323427.014725,261833.48326921626
363318.45555,484740.8602940885
363318.45555,482557.25022791536
363318.45555,614444.1518380018
260684.04655,383657.83126783976
260684.04655,382645.60937509284
252418.76317499997,546972.3597739302
252418.76317499997,367676.28950272355
983331.07145,688755.1179780129
983331.07145,686829.6154246329
983331.07145,893165.4403249061
983331.07145,823399.8398197065
983331.07145,689810.5314820195
983331.07145,689898.640129965
983331.07145,759832.6220062003
983331.07145,892209.7310849633
983331.07145,643713.5578393886
983331.07145,761077.1080388789
983331.07145,884519.9603602074
983331.07145,983724.5416358327
869327.40985,996789.6273092679
869327.40985,995060.4880122722
869327.40985,707934.1409675876
869327.40985,991097.2181756636
869327.40985,856137.1276966691
869327.40985,649555.381432585
869327.40985,787381.7949420997
869327.40985,787060.9589952765
869327.40985,787542.1525608117
869327.40985,638861.0019194408
832287.5011,946760.8865270771
579870.13355,670704.4507845102
579870.13355,807772.8225223235
907776.3049999998,708748.9219188672
907776.3049999998,657297.2829851648
654291.4892000001,447124.55408557097
654291.4892000001,815091.1592723285
605812.3627499999,733915.7235917936
605812.3627499999,886578.3617831848
605812.3627499999,588465.294445021
605812.3627499999,591094.3838069652
605812.3627499999,826051.2447063389
917696.15815,841145.0643819806
917696.15815,987877.813719877
917696.15815,1091086.5568407807
917696.15815,991300.8491418276
917696.15815,1125107.6116567836
917696.15815,1120545.992761497
917696.15815,989444.2555040868
917696.15815,1183696.0571111059
957942.4786,847748.9599094847
957942.4786,981282.0735102883
957942.4786,770615.1680451242
957942.4786,773710.3893087533
957942.4786,713427.4488018088
957942.4786,716016.8726548481
957942.4786,649085.2325889713
352611.3497249999,606539.8169855924
352611.3497249999,467790.60897002224
695327.069225,748070.7610081077
695327.069225,690776.7135762946
363336.813475,578399.4793191815
363336.813475,446852.45942057663
576424.7337999999,959383.1213699193
576424.7337999999,764890.8430143367
576424.7337999999,930491.5640702625
562226.38065,378761.7073873118
562226.38065,649716.8339560329
562226.38065,537537.6579930212
323262.72195,284707.9860408514
323262.72195,550430.8136089081
455980.14774999995,734981.8009343044
455980.14774999995,640789.1200794666
455980.14774999995,508434.08952633356
455980.14774999995,608018.3981447844
484685.41984999995,380765.489916832
484685.41984999995,521289.730100748
484685.41984999995,563048.0514396147
229772.6199,388290.07660348486
229772.6199,517670.95168788475
839128.2470499999,986446.8973531564
839128.2470499999,689121.5633030722
839128.2470499999,805433.4571864742
461185.61385,807281.1154193938
461185.61385,812834.8849245819
461185.61385,813546.4569751227
461185.61385,598138.9108408433
461185.61385,598484.9037857539
461185.61385,505373.760251606
301476.80205,342848.8758880348
301476.80205,480385.63776264875
301476.80205,321643.22790523584
757424.5832545456,833862.5240319772
757424.5832545456,836616.7179401091
757424.5832545456,838645.5401034952
757424.5832545456,834680.3186111073
757424.5832545456,838037.9593892101
757424.5832545456,969878.9489745433
757424.5832545456,901169.0837211324
757424.5832545456,899738.4333443707
757424.5832545456,770695.9587128101
757424.5832545456,638038.8279626351
757424.5832545456,770988.7605275667
491572.0742,417550.7252541516
491572.0742,576666.1507326743
609813.7874,461080.16628499917
609813.7874,733302.7968037328
609813.7874,546710.8131160649
354459.62065,609694.411737984
354459.62065,465647.8684767707
354459.62065,536223.0418233597
1106869.70615,854352.4009147383
1106869.70615,825165.2560946745
1291335.230625,981437.6188248321
1291335.230625,835430.8407103772
1291335.230625,832568.2767094325
1291335.230625,1087278.8711522976
1291335.230625,836697.5991888654
1291335.230625,987222.010984215
1291335.230625,1081762.1677015265
1291335.230625,897248.769995796
668014.0375000001,796076.689747563
668014.0375000001,930226.443143532
2767574.88345,1163420.36271333
2767574.88345,1320280.6865933072
2767574.88345,1257123.7779507474
983020.3858442308,1072907.8072803507
983020.3858442308,947954.2837159883
983020.3858442308,1070380.544044389
983020.3858442308,1152995.8671788743
983020.3858442308,1154847.053775821
983020.3858442308,950587.1707835197
983020.3858442308,815192.7013593822
983020.3858442308,993501.3963758046
983020.3858442308,992587.6735886494
983020.3858442308,876730.2086575349
983020.3858442308,753377.0066828552
983020.3858442308,752017.9265925257
983020.3858442308,841145.4823004573
1203667.9974,964586.6939125843
1265083.9853,868710.8976804682
1265083.9853,1121453.697628308
577096.4707,982775.2426098728
577096.4707,845790.7626242291
577096.4707,698868.0465525205
577096.4707,981840.7550911305
577096.4707,692876.7455895634
577096.4707,841841.0750497922
577096.4707,731741.8681265354
678828.8463,778577.5634235552
678828.8463,778881.6507639354
265426.28862500004,413107.30999671214
265426.28862500004,283196.2972938519
2522130.825299999,1327141.0530621484
2522130.825299999,1251050.6436116267
633947.61105,564461.5179406116
633947.61105,470873.6463755579
663359.56907,803125.9616694519
663359.56907,568396.7312255326
663359.56907,650033.3580789486
663359.56907,506217.32562600775
663359.56907,515687.53133705363
423679.064375,593903.8994332183
423679.064375,455393.2408935298
423679.064375,728170.3399495969
423679.064375,592547.2962774493
423679.064375,427688.550603465
423679.064375,667397.7719715902
423679.064375,685597.0825883193
423679.064375,458350.578906939
425549.53095,447340.9430088565
425549.53095,440274.71123498137
462361.49415,484685.88363728684
462361.49415,632635.8796042966
462361.49415,461038.8532839688
462361.49415,595529.43877632
737762.6573799999,588328.7633937604
737762.6573799999,888050.4247621037
737762.6573799999,583965.1390017373
737762.6573799999,737924.6010913405
737762.6573799999,606179.734339962
445858.52885,481830.52573158895
445858.52885,485032.0783840016
445858.52885,329340.29946131154
445858.52885,586756.5435819528
134611.1525,367948.24914966244
134611.1525,498506.78077080636
134611.1525,201665.44654325652
156424.9867,450401.84320824605
156424.9867,213328.33665611473
337624.49454999994,270600.0756669532
337624.49454999994,540021.2839152525
156186.882925,305837.3002942914
156186.882925,220231.47946478514
335098.29805000004,268836.59643301106
335098.29805000004,516373.8460107122
709864.46616,597817.3354665377
709864.46616,742958.9842172407
709864.46616,643963.0905558935
709864.46616,692534.3773828003
709864.46616,696057.7699747102
2370604.25855,859443.9035976825
631538.804,466463.4466088103
631538.804,604920.5294372953
718560.15969,466624.9331750516
718560.15969,759645.9910801331
718560.15969,467242.54137465317
718560.15969,420633.7962384426
718560.15969,649032.5301677
377787.6319999999,376567.2197265328
377787.6319999999,670094.168412593
377787.6319999999,362744.39731698524
723353.194825,662452.3370561566
723353.194825,807948.4386607225
2631851.207875,1252410.6097776038
2631851.207875,1153776.4263323895
716889.2079285715,850756.6219350239
716889.2079285715,694785.5955727804
716889.2079285715,788050.9792441676
716889.2079285715,700802.579696935
716889.2079285715,700176.2464159232
716889.2079285715,792737.8285083991
716889.2079285715,637739.9338579627
282833.88665,287006.43502295256
282833.88665,522944.36568635615
317832.92105,435231.75017413514
317832.92105,403785.73125111515
586063.93855,540817.2983566008
586063.93855,682462.5574518576
822074.52825,827694.524257545
822074.52825,819203.3291382311
713639.670975,668966.5089611752
713639.670975,589915.1828607083
244056.65374999997,232269.54843864084
244056.65374999997,235959.35643941368
244056.65374999997,502175.6997984409
636371.7507,703882.4357604994
636371.7507,704547.4506645444
636371.7507,501588.1116400151
831336.7533799999,589790.9800463759
831336.7533799999,892288.6381955184
831336.7533799999,584684.0188724601
831336.7533799999,946599.1017483443
831336.7533799999,826665.3494678634
334293.889,536683.6384356205
334293.889,263326.10209070536
288114.6839250001,415197.5621396201
288114.6839250001,275183.5413114429
425477.03625,469038.34342576476
425477.03625,601735.2115335744
661790.325475,754406.3269167239
661790.325475,471673.04127292556
661790.325475,751922.4532478977
661790.325475,663923.1514904642
661790.325475,707729.1791908199
661790.325475,707666.3690307456
595011.4441000001,582880.0731311688
595011.4441000001,504071.29321729206
595011.4441000001,668821.4278949591
397991.8072499999,292137.8261248549
397991.8072499999,247497.202351917
564639.9894,609372.6397030964
564639.9894,922293.653691934
349277.2688,415427.6900369304
349277.2688,277572.24502424547
349277.2688,262240.9274144215
269275.5303,242426.77526226023
269275.5303,516921.09069173073
441767.33965,407504.70516368846
441767.33965,445834.9804232411
303471.78487499995,452079.91146377235
303471.78487499995,714272.5501331912
303471.78487499995,678808.6888954685
303471.78487499995,384684.7558377672
488411.0539,619413.281507776
488411.0539,761412.9275844041
488411.0539,472780.31016009394
488411.0539,616168.9074407534
667973.1622,901574.9660918671
667973.1622,864114.1578616732
263268.67775,220929.12129338767
428616.3424,611066.5787029227
428616.3424,590687.181791702
428616.3424,576527.3421223013
627163.54375,366458.320998542
627163.54375,708185.8280054525
567533.7903999999,754800.3490033845
567533.7903999999,457653.44503495266
567533.7903999999,519647.5329254436
567533.7903999999,565803.5773697617
638038.4987499999,543743.6202460186
638038.4987499999,415028.9171461155
545924.904,822049.2446232813
545924.904,671812.8734501838
545924.904,525255.8271946267
545924.904,480916.02094535495
545924.904,622991.9443627762
545924.904,534112.6485495013
670100.348325,1047993.9829645634
670100.348325,1047900.1240159506
670100.348325,788935.5366069493
670100.348325,1051935.5717478942
670100.348325,1049942.1267658519
670100.348325,1045618.1758228423
670100.348325,1050944.9749026028
670100.348325,729307.8928540347
670100.348325,878019.8971168534
670100.348325,727803.6691429241
670100.348325,749564.9431238195
670100.348325,861478.2956777045
658518.5907499999,942376.7604729249
658518.5907499999,667444.7734742931
895830.3616,668027.0057527475
895830.3616,738338.4161837256
895830.3616,593679.2862494306
895830.3616,600106.0171964224
895830.3616,742096.4369623623
895830.3616,814526.7679766917
895830.3616,816656.4592517874
895830.3616,683805.6496082363
895830.3616,684645.2307309612
895830.3616,558978.6521160624
602533.7625000001,710726.6252933748
602533.7625000001,479588.5777518711
602533.7625000001,429455.76315856935
602533.7625000001,397491.2190846497
602533.7625000001,506298.57467051066
602533.7625000001,565117.9417574645
309520.8586,294859.3441741515
309520.8586,555667.6500332225
309520.8586,533294.2141604312
293935.16845,273645.0015561259
293935.16845,513055.0093957724
286183.879975,343116.2896429289
286183.879975,240417.14343211817
767698.4916999999,722739.0583701592
767698.4916999999,723518.8842353786
767698.4916999999,1000878.441738829
767698.4916999999,997648.6090327153
767698.4916999999,864880.0356320711
767698.4916999999,721960.1981703517
767698.4916999999,796826.463921287
767698.4916999999,925567.0790744959
767698.4916999999,664101.922938946
767698.4916999999,664167.792653199
767698.4916999999,1036917.2168248368
543434.3931499999,801623.5662550431
543434.3931499999,844320.1218359928
427615.9141249999,656718.8086259608
427615.9141249999,546843.5711215237
725168.73385,611640.2114726342
618187.5053999999,583063.3505150862
1126670.0305,1076800.504584754
1126670.0305,1234392.8591643674
300266.235,392460.61970740027
300266.235,271275.2270558434
300266.235,391451.0873853743
505852.73234999995,672103.9824940141
505852.73234999995,710501.1894085521
547577.2488999999,538896.1659506198
504899.237,363339.56089499895
504899.237,508688.8270262821
504899.237,606659.9456021549
536952.2075,466019.9907100205
536952.2075,463981.73712010746
536952.2075,751612.2310773042
536952.2075,702373.4630081449
536952.2075,703617.8012975112
536952.2075,458430.32876586594
735955.0257700001,557873.5179604093
735955.0257700001,774432.5550575368
735955.0257700001,859953.887102576
735955.0257700001,858924.9719711168
735955.0257700001,719503.6982497241
585663.4123999999,1044528.8331912996
585663.4123999999,1101288.2491060053
500776.78805,914005.5313043334
500776.78805,733141.1004179583
541731.49395,802139.6942881765
541731.49395,796980.9517128505
359471.41570000007,467182.5788212367
359471.41570000007,452741.6649037938
561958.9859,920189.6253657471
526090.22825,396081.09957875026
526090.22825,673236.6379555664
526090.22825,492969.44066944753
1166470.77605,1106117.9487454984
1166470.77605,972931.7631468305
1166470.77605,835464.7471492327
1166470.77605,831141.7837395881
1166470.77605,973358.3210853817
1166470.77605,1194015.2550534154
1166470.77605,979211.929440582
1166470.77605,1048201.3588444137
1166470.77605,791497.2327241006
1166470.77605,1050113.2562353585
1166470.77605,789243.4418353013
262263.46194999997,459029.33869031
262263.46194999997,326425.99036488077
262263.46194999997,272139.01881705347
306149.3026,571490.025263392
306149.3026,232676.8274918283
306149.3026,263689.3687816817
444582.83635,741407.1169167714
444582.83635,792617.2059174469
444582.83635,505294.7360738076
598209.8905749999,1049152.9976692465
598209.8905749999,1049271.1798647712
601572.0361,988622.713346902
601572.0361,683089.6990742119
156392.200725,285313.81612066337
156392.200725,456188.5435722735
344531.6643,585311.5527779781
344531.6643,293572.0615617916
344531.6643,558690.3778505005
388764.26062499994,536772.4641303197
388764.26062499994,731242.3211409792
542515.88287,925916.3605986933
542515.88287,720965.8419651827
542515.88287,867484.2778187793
542515.88287,722331.8038393365
542515.88287,586648.2599137991
507646.64312499994,421316.7317994472
507646.64312499994,560845.0299407368
507646.64312499994,736247.4471481697
507646.64312499994,524534.3425174616
507646.64312499994,563658.4144630979
294951.8936499999,579967.928415452
294951.8936499999,402610.6873952063
229878.1477,387621.72389503935
229878.1477,497102.64273538877
804656.2678899999,868615.278642604
804656.2678899999,864917.1592641532
804656.2678899999,568821.8694749943
804656.2678899999,867097.2437035586
804656.2678899999,790953.8910523129
496892.77545,547277.8859778146
496892.77545,585529.7634254871
496892.77545,403012.4422722458
496892.77545,385014.7118958603
572981.06575,762695.045119609
572981.06575,926094.3373101086
773762.8496307692,938538.4565014947
773762.8496307692,727645.6684770046
773762.8496307692,937887.2448827191
773762.8496307692,861237.7211788115
773762.8496307692,1057986.2156802313
773762.8496307692,727285.497120917
773762.8496307692,726925.5633029793
773762.8496307692,918810.6556286265
773762.8496307692,812812.8195138545
773762.8496307692,919493.249903605
773762.8496307692,800073.0545494431
773762.8496307692,919568.8051889688
773762.8496307692,895393.5468348747
439344.96857499995,474611.07012940035
439344.96857499995,708342.1552374957
1323521.35625,1207156.2462972756
1323521.35625,833844.3577391705
1323521.35625,1111877.5527777628
1323521.35625,1113582.5888012378
1323521.35625,1113469.7408869183
1323521.35625,1079868.8218212912
1323521.35625,929324.940382466
1323521.35625,983294.5778273817
1323521.35625,1046416.2415106541
582482.4159642857,722664.7986559722
582482.4159642857,576689.0303019709
582482.4159642857,790982.9046685606
582482.4159642857,573658.6594328168
582482.4159642857,524466.2470260597
582482.4159642857,529976.0493843206
582482.4159642857,590017.6659079702
910307.34865,957889.7693229272
910307.34865,957419.1009323754
910307.34865,646193.7243987847
910307.34865,800503.8079001512
910307.34865,601297.963386672
2464324.9766749996,1252390.8281898154
2464324.9766749996,1231474.983510416
2406931.4676,1157059.896458479
2406931.4676,1166977.771728064
763708.0682999999,648411.9344138512
306919.31135000003,440923.20607707324
306919.31135000003,582579.4705933084
306919.31135000003,423915.7476383205
306919.31135000003,290318.93108300806
696842.9934999999,625626.4993534127
696842.9934999999,909375.0576849438
644288.485875,882159.350144424
644288.485875,647537.5392475564
644288.485875,648255.6355467164
644288.485875,799154.7928155564
644288.485875,879542.7578345214
644288.485875,612137.7213923768
877336.21115,539963.9260200345
877336.21115,831143.3467085655
877336.21115,834988.317484838
877336.21115,749330.318213819
877336.21115,498494.3959028799
656327.3860499999,828874.3843377103
656327.3860499999,524346.8388334829
656327.3860499999,521956.9299341976
656327.3860499999,781685.9223328508
362287.67505,294393.2013155861
362287.67505,426005.7884634223
362287.67505,547793.6749686939
362287.67505,517967.8682946791
282010.61535,404465.49284317816
282010.61535,265874.52764847677
282010.61535,187198.06957738975
768137.4370374999,623300.479107941
768137.4370374999,536556.2449545417
768137.4370374999,673429.8433660959
768137.4370374999,623914.3746908236
568045.4872500001,604683.2464062726
568045.4872500001,466162.0359721173
568045.4872500001,519873.24132779095
568045.4872500001,431019.5989447623
568045.4872500001,705917.5727670888
568045.4872500001,571712.5205342388
619524.780375,831329.4684939233
619524.780375,822238.894597376
339556.793125,567633.3590950253
339556.793125,710363.635816231
339556.793125,485437.70465359144
339556.793125,645886.8993684044
339556.793125,407996.25665448577
339556.793125,577528.7958926235
543592.86245,498943.4597497495
543592.86245,629636.4688978734
543592.86245,667204.5265372273
558437.4462,987776.8767605089
558437.4462,982621.4931702472
558437.4462,1061553.1640687566
558437.4462,854119.715332999
558437.4462,983592.942889618
558437.4462,715758.3803687954
558437.4462,662765.736428968
558437.4462,661833.4104967765
558437.4462,660793.6727875058
558437.4462,913167.9559801869
558437.4462,896342.2579294535
638283.6715999999,666217.2063051916
638283.6715999999,799682.946898459
638283.6715999999,584436.2973125228
729952.231125,797782.8157127013
729952.231125,468306.58936578664
729952.231125,463952.95932214643
729952.231125,431502.0128670232
461256.34705,525360.3491114592
461256.34705,667989.808748099
461256.34705,364110.557912678
565088.95344,660795.0623063332
565088.95344,737548.9214325715
565088.95344,738814.6543097604
565088.95344,590874.9838083421
565088.95344,693297.7151810998
452718.0873,322899.7991460865
452718.0873,336095.96845291596
452718.0873,616599.5085475817
806466.49005,766801.5292196759
806466.49005,1064609.9748308645
806466.49005,763395.9039573617
806466.49005,767317.7074045148
806466.49005,767111.2341099391
806466.49005,921273.6323999467
806466.49005,971761.5570463969
267992.843525,560756.214906298
267992.843525,560609.7949745348
267992.843525,541593.0264747585
267992.843525,258607.60307654197
263750.16985,527853.6629470203
263750.16985,255403.27370097913
676899.464075,925630.4921567505
676899.464075,630084.1784213025
676899.464075,855287.8741432242
676899.464075,630984.592631661
676899.464075,574855.2004640878
676899.464075,856394.7777199985
729088.6430500001,674375.0232894539
729088.6430500001,477847.4369704326
729088.6430500001,808247.1858405125
729088.6430500001,701552.5480834423
729088.6430500001,441393.81786745286
706631.71025,609231.1085411754
706631.71025,569227.3868459144
706631.71025,604644.8069567417
538525.4254,575394.2034103337
538525.4254,577632.2121432953
538525.4254,432671.72104229283
538525.4254,546749.585847393
456221.9094999999,406753.80551416497
456221.9094999999,600595.8715780111
512221.70719999995,409059.65410892776
512221.70719999995,725539.7618879691
555458.9852,775799.3251626252
555458.9852,473997.0413374073
555458.9852,466984.35895519797
555458.9852,478785.4129448973
620332.75735,611628.7810022257
620332.75735,821303.0923708376
620332.75735,1002025.227611168
1129076.2269166668,910253.1825269321
1129076.2269166668,997495.8710411105
1129076.2269166668,913157.4526037469
1129076.2269166668,1050067.676117044
1129076.2269166668,761248.9693566251
1129076.2269166668,756262.334376356
1129076.2269166668,692824.136950984
1129076.2269166668,834845.9052958167
1129076.2269166668,852336.8592802457
801035.4209295455,1025997.0442746908
801035.4209295455,1023247.8920373998
801035.4209295455,747748.1556316412
801035.4209295455,835232.1315213596
801035.4209295455,1020959.7988877149
801035.4209295455,748816.5698293336
801035.4209295455,832841.640060897
801035.4209295455,683574.4330086057
801035.4209295455,699480.4465975631
801035.4209295455,683443.4032949957
801035.4209295455,822649.7786707899
606251.8851,594088.7077339757
606251.8851,875177.5814984029
606251.8851,675652.657173958
759220.1554999999,829737.7458882094
759220.1554999999,891856.1910506885
269711.91485,584981.6009710708
269711.91485,300501.7078979877
269711.91485,283040.68561306613
658581.4235499998,601870.0438137156
658581.4235499998,651153.3469561852
658581.4235499998,807051.6645488467
478395.7768000001,439422.00131786003
478395.7768000001,435979.8033145876
334237.97819999995,429476.05239435245
334237.97819999995,401043.4241902375
752893.968425,669388.3956064002
752893.968425,931329.325957735
525096.1599,682144.3887869042
525096.1599,753123.0396397513
685684.1986000001,698146.0026926862
685684.1986000001,902818.0406165846
302244.09939999995,287335.03909155563
302244.09939999995,538291.8841581754
557950.34075,647668.1406238558
557950.34075,454023.0884083487
557950.34075,752738.9577759466
557950.34075,559127.7758647788
595702.048125,812139.2064014267
595702.048125,772314.561601359
595702.048125,490114.58710698783
595702.048125,491523.67742436833
595702.048125,584749.4408627886
595702.048125,720445.5382909379
595702.048125,584811.1323111616
595702.048125,530850.6909376481
571238.754525,555767.0495220755
571238.754525,491536.02735334187
943772.4269749998,786647.8415398286
943772.4269749998,726620.3819527513
636586.9474000001,484400.47610189684
636586.9474000001,488447.00613938377
636586.9474000001,484997.2246195782
636586.9474000001,588386.8207089826
636586.9474000001,730971.8878565043
206399.6524,516241.07161610946
206399.6524,315620.6002020173
206399.6524,356978.0277347851
808610.6098000001,849185.3971821117
808610.6098000001,563294.158429541
682167.0388,576820.423591112
682167.0388,661581.6547119855
580488.7829045454,887120.5924642235
580488.7829045454,1016002.7915255867
580488.7829045454,751435.5495150092
580488.7829045454,974452.4099159332
580488.7829045454,838139.9774166115
580488.7829045454,751699.5413100922
580488.7829045454,942126.6232511208
580488.7829045454,835956.1970527652
580488.7829045454,836989.3671528337
580488.7829045454,690016.415030246
580488.7829045454,951139.7921073776
867361.8968,636980.2936487861
867361.8968,1000953.7209223051
867361.8968,644115.3982755106
867361.8968,861112.9961399956
867361.8968,871363.4486882577
867361.8968,729146.8869369355
867361.8968,828970.0493098584
453874.8488,590078.5101183975
453874.8488,583867.2103910963
628231.4792000001,519300.6706185888
628231.4792000001,815352.5572151073
832194.7962499999,477090.27001850796
832194.7962499999,688161.9501668595
696289.9598000001,417907.05101975193
696289.9598000001,421062.08769395197
610761.1597,503916.1693904187
610761.1597,641854.5268984718
610761.1597,610235.4600409116
556079.4556,444550.70687366015
556079.4556,438013.49732592504
460999.1235000001,478974.4113603581
460999.1235000001,615955.1247969917
460999.1235000001,357147.8837106911
859614.599175,750672.1245989546
859614.599175,744735.9621134357
859614.599175,751970.3538304953
859614.599175,594257.0449563819
859614.599175,894756.8736921477
859614.599175,977254.0044968583
677225.188575,681981.7505704911
255854.4127,251513.29569888953
255854.4127,269883.1732935233
255854.4127,456563.62330327055
670493.09945,735239.6708925768
670493.09945,775009.4736285949
670493.09945,736089.8209660993
670493.09945,421078.4723071084
670493.09945,552495.1172850695
670493.09945,734995.2798005706
835878.27284,793173.8999185018
835878.27284,653043.7730864704
835878.27284,505214.70405709627
835878.27284,590873.7713635608
835878.27284,844241.8356170829
617353.7933499999,859435.2128172427
617353.7933499999,642954.5448638991
229088.5426,459394.457629725
229088.5426,439846.266726022
313963.5758,589971.6926727383
313963.5758,575116.2487235595
313963.5758,430409.2007222109
253847.4282,427394.75899054285
253847.4282,257077.7797385506
625981.0975,617961.2991426433
460223.399125,475292.11241662805
460223.399125,396659.05872331804
532577.7677000001,926464.5032274727
532577.7677000001,745006.8227837075
356811.938125,326219.08980035916
356811.938125,451463.96413108864
1057966.7897295456,777099.2955603503
1057966.7897295456,918277.5489162465
1057966.7897295456,776802.029738337
1057966.7897295456,1130058.9310232745
1057966.7897295456,1054674.7319880184
1057966.7897295456,1055089.343839309
1057966.7897295456,713567.1087180048
1057966.7897295456,974690.4211560222
1057966.7897295456,866300.3263500549
1057966.7897295456,847598.5402457892
1057966.7897295456,1047894.2459950849
489601.31595,687815.9529444316
489601.31595,690281.9846835615
489601.31595,549379.2064907142
489601.31595,381702.06980284164
489601.31595,393528.0630064174
834172.8065999999,631468.6367803366
834172.8065999999,942839.9736929107
1203844.00715,789581.2962467647
1203844.00715,937735.2028547276
1203844.00715,1066290.8292571746
1203844.00715,1154836.766341681
1203844.00715,933361.6846507705
1203844.00715,1022465.7870619332
1203844.00715,989347.3891309614
1203844.00715,1008986.0430600552
1203844.00715,989436.9015146921
443726.0487,424610.3550774027
443726.0487,693167.0453362084
443726.0487,600182.8624399077
795198.4192562499,1018508.0678170157
795198.4192562499,1095769.7479466689
795198.4192562499,723162.5595553824
795198.4192562499,876446.5231916995
795198.4192562499,875582.8395742399
795198.4192562499,723768.8777080602
795198.4192562499,725287.4079408012
795198.4192562499,890668.4247874876
545961.2315,679169.7915028863
545961.2315,534695.7220200073
545961.2315,670346.9649088437
491883.4858,787340.4687786866
491883.4858,858964.7204535851
849447.6012549999,741585.2005659291
849447.6012549999,888682.8461578725
849447.6012549999,837521.8404301835
849447.6012549999,741191.3560969835
849447.6012549999,886772.2210520238
849447.6012549999,1027413.4899960881
849447.6012549999,682668.4792064151
849447.6012549999,683339.4893473708
849447.6012549999,820445.9110457356
849447.6012549999,951754.7683674742
621696.1257499999,732662.2897693744
621696.1257499999,812523.259594478
728732.6380749999,832033.4403757497
728732.6380749999,677237.7018930397
728732.6380749999,829272.2162742313
728732.6380749999,913718.5677534548
728732.6380749999,982826.3881100274
728732.6380749999,613598.9816516922
460851.83505,585073.8210073166
460851.83505,321940.09977861925
2359232.7348000007,1197342.0857838634
2359232.7348000007,1067696.1527015355
783054.08832,843193.7390954517
783054.08832,904209.4389369036
783054.08832,846342.6055608697
783054.08832,908792.0264621226
783054.08832,774228.9331003526
783054.08832,776378.930130274
783054.08832,592717.3445221926
783054.08832,724132.7102649315
783054.08832,718996.2579799487
783054.08832,858748.4503791814
906161.53595,547851.0181317413
906161.53595,691963.0845318958
906161.53595,833179.2239216494
906161.53595,616650.0736124637
906161.53595,890583.1387942997
906161.53595,901060.633684902
1268370.026625,1280704.9086548174
1268370.026625,1161026.1466231793
1268370.026625,1058328.8960567552
1268370.026625,1183181.7113586208
1268370.026625,915790.2368239429
1268370.026625,1051697.8134047957
1268370.026625,1057015.1590606514
1268370.026625,1180897.7306291275
1268370.026625,1054232.1288183713
1268370.026625,1375189.8988709943
587324.6704000001,678498.4594932235
587324.6704000001,677441.0899769423
916858.1701999998,774598.2633038952
916858.1701999998,1202997.381805608
1033178.4276227272,756162.8510527365
1033178.4276227272,886063.6946378389
1033178.4276227272,813917.974262378
1033178.4276227272,945306.0588491051
1033178.4276227272,1006719.9901026537
1033178.4276227272,753369.537876962
1033178.4276227272,760922.5949125304
1033178.4276227272,625621.6602574268
1033178.4276227272,877244.8305836123
1033178.4276227272,761488.4393825235
1033178.4276227272,633635.0926386421
551008.5096999999,722525.1794904111
551008.5096999999,771380.6598942314
443160.1902499999,496105.8569346615
443160.1902499999,529035.6841762454
565245.42348,637408.5510126678
565245.42348,589701.9556893446
565245.42348,449936.26102375775
565245.42348,688184.8067668842
565245.42348,686376.9158548737
594272.3452000001,952725.944783072
594272.3452000001,1036219.6141192212
2412260.9638000005,1098612.574220112
2412260.9638000005,1149392.8370838342
129513.247775,498131.70307541976
129513.247775,340486.2489268346
377537.3057,344121.4278071343
377537.3057,632290.2451680468
377537.3057,285928.1839343024
2371531.1377999997,1236033.6124778215
2371531.1377999997,1220047.2099799355
2371531.1377999997,1426948.152350403
472715.753075,458979.47212422086
472715.753075,627923.6166916656
405943.86735,590388.6237377138
405943.86735,288199.5555304333
581925.2789249999,575388.6848144054
581925.2789249999,921802.1328136952
581925.2789249999,646397.2702166175
581925.2789249999,573116.432346209
581925.2789249999,925717.9944565787
581925.2789249999,738288.1898416652
646122.9634,484324.00665757374
646122.9634,552003.0026875789
476227.9403249999,668171.6257394007
476227.9403249999,527419.2798295618
1382566.6874535717,890449.3363396828
1382566.6874535717,1140239.2655462516
1382566.6874535717,1022532.1618220122
1382566.6874535717,1020604.0668378214
1382566.6874535717,1135619.5723959368
1382566.6874535717,1140808.4266656248
1382566.6874535717,1020604.0668378214
1382566.6874535717,893037.5772760883
1382566.6874535717,1054672.4591990584
1382566.6874535717,943387.1344235197
1382566.6874535717,974694.5153133874
1382566.6874535717,943163.2729670682
1382566.6874535717,849869.4257827888
1382566.6874535717,1036771.4277171118
297144.48149999994,586467.1676775444
297144.48149999994,586382.5022360084
297144.48149999994,518784.6465109978
646848.0223500001,964361.4162361682
646848.0223500001,621429.4067813429
646848.0223500001,621809.9498385462
646848.0223500001,964877.8788349822
646848.0223500001,624109.765316316
646848.0223500001,572361.4244368799
646848.0223500001,574051.3890958065
646848.0223500001,571753.9861818022
646848.0223500001,839631.0771695264
2699184.6415000004,1166496.8683457142
2699184.6415000004,1061949.0395761635
512714.7608000001,641176.6682813498
512714.7608000001,650455.230632782
900062.6442749999,627707.6618644412
900062.6442749999,928412.2535938337
900062.6442749999,927339.2943941418
900062.6442749999,927876.4775922473
900062.6442749999,850551.9202284887
900062.6442749999,950708.5466046188
440251.7964,578391.8825191247
212279.44465,453670.3339853259
212279.44465,597503.3031579512
212279.44465,308138.1870102697
717637.59645,604285.9014987121
595074.422,505670.87503260956
595074.422,510003.81948819774
481213.87655,657310.4740985675
481213.87655,367781.8961508824
481213.87655,472506.2315322887
172500.08604999998,474522.1855189149
172500.08604999998,324327.45582633227
673253.540625,543805.5691298443
673253.540625,614508.6131913154
673253.540625,830396.1691093335
673253.540625,833683.1108328064
673253.540625,640084.2564579493
673253.540625,776194.0011571336
673253.540625,639033.9203657559
673253.540625,515217.81954093254
852096.1123333335,692313.2193457383
852096.1123333335,977467.1119552806
852096.1123333335,689678.5829000353
852096.1123333335,690941.0225360505
852096.1123333335,836817.6013149144
852096.1123333335,908706.2366420802
852096.1123333335,632463.7226544252
852096.1123333335,771206.9842170116
852096.1123333335,911941.4619811289
789344.7515799998,700832.0848704317
789344.7515799998,647688.4419395702
789344.7515799998,500554.40351055097
789344.7515799998,504001.0513119509
789344.7515799998,790517.2871987327
386605.31814999995,306985.3231968161
515782.2443249999,840498.685520896
515782.2443249999,846415.8875964908
515782.2443249999,899490.5260051003
515782.2443249999,845438.6379589074
515782.2443249999,840045.4537688202
515782.2443249999,578461.0646650001
907965.3519,740268.9832584294
907965.3519,731194.2508452246
907965.3519,674904.0721450654
594871.9623749999,771171.2673954115
594871.9623749999,770285.9952038081
594871.9623749999,585975.8642170789
594871.9623749999,426109.64923479204
289301.27904999995,538742.2163628442
289301.27904999995,267623.7934220486
536846.25526,529075.2012808479
536846.25526,529390.8873782749
536846.25526,671361.2825761617
536846.25526,628705.6930597451
536846.25526,485019.9528159796
321077.306275,292227.46608389413
321077.306275,366156.34831635305
659778.4889499999,835718.0111126485
659778.4889499999,530157.7460325637
659778.4889499999,737982.851574297
659778.4889499999,745201.7823949069
346666.14204999997,569008.6719386191
213307.836,417772.2175488955
213307.836,299131.27768813004
213307.836,421698.67422134354
834085.03079,1001936.0623232713
834085.03079,860656.8626925166
834085.03079,912938.0183782786
834085.03079,1048162.2796396714
834085.03079,766754.9133681635
834085.03079,859045.9356670341
834085.03079,838477.2751431202
834085.03079,701624.2443349216
834085.03079,701423.5669719466
834085.03079,1097995.0885381831
402209.48289999994,331300.9211302665
402209.48289999994,622122.4209664038
402209.48289999994,314847.8369036517
606426.04209,606664.8810782967
606426.04209,740375.3446379965
606426.04209,534806.12512276
606426.04209,682913.9763158917
606426.04209,627279.1575984539
783262.73855,590568.2605669893
783262.73855,591045.5522631123
783262.73855,808425.3967291939
783262.73855,741862.2558273824
783262.73855,679651.7697059216
783262.73855,680970.9636846369
783262.73855,686863.8706309337
745116.1953312501,706420.3125090641
745116.1953312501,862900.293464392
745116.1953312501,1003007.945485216
745116.1953312501,944534.6535536218
745116.1953312501,710253.0361008773
745116.1953312501,1005570.1930326776
745116.1953312501,710455.6290730296
745116.1953312501,654214.1674014747
856643.5265499998,909037.3945044943
856643.5265499998,615095.4419553755
856643.5265499998,613440.0337254064
856643.5265499998,760503.6162942251
856643.5265499998,914394.6092265423
856643.5265499998,709980.7114412559
531274.0221,419718.0246818717
531274.0221,500556.1054490077
852613.8441999999,962080.9927909379
852613.8441999999,770171.7636899364
204622.5949,498031.58092563343
204622.5949,273071.1778936632
394369.26855,323562.3337834214
394369.26855,334289.67148409167
394369.26855,594676.2216966536
594770.4879,719487.548724381
594770.4879,500266.59927043
2163975.5871,1141295.8860935417
2163975.5871,1049438.8853041385
763169.327375,585709.0187814147
763169.327375,726194.7296359609
381203.6911,543980.6674761409
381203.6911,513526.9290719503
472039.68595,452597.5481960425
472039.68595,477532.0750801499
333486.74712499994,276045.74034245877
333486.74712499994,352096.05252576835
391777.44240000006,584236.1168105176
391777.44240000006,574447.3696624811
229207.09945000004,459686.5490735167
229207.09945000004,241215.9994693682
873785.1837857142,796410.047406502
873785.1837857142,796212.8889008907
873785.1837857142,575965.2694384727
873785.1837857142,579394.2696746119
873785.1837857142,475900.77869111474
873785.1837857142,475104.12758416345
873785.1837857142,740899.3347962636
962281.7735825,840411.8273872219
962281.7735825,1033187.8558102986
962281.7735825,754137.6374357139
962281.7735825,838348.0601802452
962281.7735825,1034285.3885474657
962281.7735825,755161.9517904848
962281.7735825,689394.984054075
962281.7735825,842126.7866224715
962281.7735825,840609.9075736587
962281.7735825,905044.7376866335
514158.04082,783708.0726200013
514158.04082,500187.79225978116
514158.04082,780377.8713670786
514158.04082,641503.7099274729
514158.04082,654293.1448359509
448840.5070875,670391.0864956103
448840.5070875,376540.05687030824
448840.5070875,375955.17280582676
448840.5070875,486548.58017150825
333051.39045,569368.7584595848
333051.39045,415222.7855753398
613449.877325,843284.4302156804
613449.877325,996168.6377662313
337396.5586,409741.4514709555
337396.5586,405414.77186205203
337396.5586,563399.7555152165
515213.2540125001,429558.7897613516
515213.2540125001,622371.6476242086
515213.2540125001,535516.9050454807
515213.2540125001,609449.6082092
737261.9006571429,581567.2385996076
737261.9006571429,581347.7826704683
737261.9006571429,733697.5346451609
737261.9006571429,874738.3668282428
737261.9006571429,672462.5658055359
737261.9006571429,672542.4271035757
737261.9006571429,673905.0193109749
831048.4323199999,932303.5656885231
831048.4323199999,780824.2862342966
831048.4323199999,620138.4530999849
831048.4323199999,932998.7065455576
831048.4323199999,920391.1678383099
697568.97448,443441.9056336199
697568.97448,586574.6538402624
697568.97448,732455.0226077023
697568.97448,397240.3057615829
697568.97448,550085.4148266062
994731.340092857,832476.1804008461
994731.340092857,830267.9998620849
994731.340092857,1086728.862237804
994731.340092857,1086728.862237804
994731.340092857,832476.1804008461
994731.340092857,1088299.4866945846
994731.340092857,833968.994434313
994731.340092857,1005935.2643301878
994731.340092857,889892.1221319514
994731.340092857,765935.1634976629
994731.340092857,764567.5225928248
994731.340092857,890391.6084049313
994731.340092857,790385.2219644587
994731.340092857,1018488.5812663484
194779.27630000003,374289.28168544534
194779.27630000003,500687.3172822596
517889.59354999993,428168.1501450943
517889.59354999993,779656.0014204778
968582.75045,836259.9354439232
968582.75045,1171433.7006541
429343.7746,561103.8464545123
567700.5772350001,865841.3792416927
567700.5772350001,731860.3801652017
567700.5772350001,918587.2270989949
567700.5772350001,864163.0152829019
567700.5772350001,865423.22342589
567700.5772350001,561032.24852799
567700.5772350001,683199.4950939004
567700.5772350001,559048.2555501928
567700.5772350001,558957.4466139034
567700.5772350001,682667.2391451263
619967.3139500001,584995.7608311758
619967.3139500001,656326.227390172
316702.1266,590658.9148819005
316702.1266,431469.8876556542
316702.1266,428616.92826805037
316702.1266,285246.612594098
466287.34264999995,359363.73664679297
466287.34264999995,355856.9204018592
466287.34264999995,607397.8541174629
365913.2249,299558.55760213215
365913.2249,285319.3906990471
497290.8176499999,483678.36973291845
434326.7568,350403.85362510773
434326.7568,488501.2513678598
434326.7568,456850.71577501897
256671.1889,521007.62520458485
256671.1889,257614.41657555907
201986.55025,251939.19665137574
201986.55025,370716.60170622374
201986.55025,420830.5249121119
632540.6862499999,796812.8568506279
599833.6544749999,734208.3677510491
599833.6544749999,594002.8307733771
424037.27017500007,575262.7492753796
424037.27017500007,579273.9362533477
424037.27017500007,395036.56054703955
424037.27017500007,563760.2687024812
565391.6049500001,603454.5499517397
565391.6049500001,517849.08807936986
565391.6049500001,602471.2001524554
565391.6049500001,704810.6605944834
565391.6049500001,563067.1291874342
433921.067475,578438.3718579044
433921.067475,578438.3718579044
433921.067475,721352.2674319723
433921.067475,409261.5341661597
433921.067475,538642.2452085445
433921.067475,705946.8835090838
401754.2704,595787.4262091543
401754.2704,453690.7082256229
401754.2704,297110.82953085005
382648.50305000006,321137.33778913127
382648.50305000006,453140.230444504
516859.26812499994,561492.3746945816
516859.26812499994,709725.1332038798
516859.26812499994,706806.4104269821
516859.26812499994,502757.9939259109
516859.26812499994,395818.4696182418
516859.26812499994,414404.8845143186
271992.96395,279397.72267768724
271992.96395,398377.8613339248
271992.96395,248387.48365039768
498464.91115,596152.1233400631
498464.91115,412443.1351728368
498464.91115,656567.903063132
498464.91115,695820.150192974
720725.9041500001,787730.2022077818
720725.9041500001,919997.4422862264
245372.91745,262169.02970759646
245372.91745,443428.22407603834
643307.7745999999,662161.1224689506
643307.7745999999,606975.7081830367
643307.7745999999,611820.6925169844
643307.7745999999,428523.7163245984
669145.1264000001,639134.5639078788
669145.1264000001,635513.2425441644
556378.228325,571376.2119888106
556378.228325,712917.8380581798
556378.228325,749697.7064805123
556378.228325,377250.3569894495
852471.3681,874995.9916035587
852471.3681,888572.0790971394
418378.71565,671676.9535878015
418378.71565,376064.8973690082
418378.71565,483001.15179286705
240749.449225,227498.51927067735
240749.449225,361206.18664649525
617238.05155,613899.5567685878
617238.05155,620190.5084421237
617238.05155,467452.513427046
617238.05155,759796.9154474676
683616.5577,491980.8696954475
683616.5577,555052.0933844254
344956.30922500003,414634.99100712105
344956.30922500003,539995.6221813182
625739.082,498786.3950078493
625739.082,578532.5815425562
367552.634525,437268.5399134834
367552.634525,576456.2272615408
423616.2125999999,759388.2979349619
423616.2125999999,811888.7878283849
304135.5674499999,396188.19135898515
659873.2283999999,772576.072816258
659873.2283999999,737425.3452050487
659873.2283999999,649931.4442919878
620305.446840625,752994.7521060618
620305.446840625,867180.0410501852
620305.446840625,976625.7887758228
620305.446840625,940704.2044658927
620305.446840625,1045503.4000623625
620305.446840625,754049.6619871779
620305.446840625,979719.8098829096
620305.446840625,826303.3885141907
620305.446840625,825759.470061055
620305.446840625,916046.7000396879
620305.446840625,811132.4786655399
620305.446840625,913896.7874909794
620305.446840625,701460.4340850043
620305.446840625,914025.1159507816
620305.446840625,700906.9995188215
620305.446840625,913849.5278274256
776292.2671999999,869596.4292647411
602818.4149,423194.2964682939
602818.4149,421474.5053871204
607405.4633624998,757513.9881070822
607405.4633624998,615152.0897116129
607405.4633624998,618103.2938448939
607405.4633624998,620222.2991047417
418562.8852,484692.8328897635
418562.8852,630684.113970919
418562.8852,443666.74974213477
290934.268575,368933.61827651365
290934.268575,511492.90161402343
509800.8586124999,596879.7724119066
509800.8586124999,451667.94074373005
509800.8586124999,455792.67404120124
509800.8586124999,423590.5812520557
651834.5866428572,662740.8525241301
651834.5866428572,721016.6496134698
651834.5866428572,806621.6992288751
651834.5866428572,663328.8062848565
651834.5866428572,617959.683659835
651834.5866428572,744743.3424120852
651834.5866428572,673056.2861655661
583949.272075,822049.7942925398
583949.272075,673744.319496976
418896.65820000006,634038.979366892
418896.65820000006,623428.2590806229
903831.864675,587833.6233054859
903831.864675,795766.4007829077
384012.86732499994,416710.24509439664
384012.86732499994,276214.5715877744
260613.939,210298.07978221995
260613.939,373846.8973376112
897510.8548999999,687006.472533147
897510.8548999999,830230.0601012222
897510.8548999999,536412.150470478
897510.8548999999,540987.0665513587
897510.8548999999,555558.8829732133
299871.43395,237146.86492138292
299871.43395,310356.50598641706
318426.88674999995,306312.7829798214
318426.88674999995,293891.04570303747
456010.07579999993,351311.87919842626
456010.07579999993,490332.72546598304
456010.07579999993,326577.6875382996
762373.7899499998,875985.6839510472
762373.7899499998,921373.1217427775
762373.7899499998,907289.4748978344
197458.86,280772.8411133464
197458.86,297341.91076807474
197458.86,558685.1101672938
708350.9777000002,510047.3539909978
708350.9777000002,588316.9717774161
580464.9889714286,719214.6651074209
580464.9889714286,722803.9940407411
580464.9889714286,868469.7358095562
580464.9889714286,921616.6174105026
580464.9889714286,667578.4320803351
580464.9889714286,666256.3221333509
580464.9889714286,537136.6789997381
699292.1536,672102.0038817623
699292.1536,676035.2201138824
699292.1536,528724.3962001133
699292.1536,767356.0684773227
699292.1536,625640.768221961
699292.1536,494572.5232958841
398592.1552,520738.78223867924
398592.1552,522255.6597174924
543896.307275,591773.9857148216
543896.307275,448163.2186660689
543896.307275,454863.46268987824
543896.307275,418427.76986587496
543896.307275,418427.76986587496
543896.307275,450841.1594669878
470865.61655,447213.26013927185
470865.61655,777945.5617621436
455690.292275,531290.2098773008
455690.292275,394760.8049672578
573662.8230499999,654319.0948970154
573662.8230499999,830263.7130660261
730044.4456,734716.3447547706
730044.4456,651952.0881762078
730044.4456,653901.3189631135
730044.4456,879216.7355635795
730044.4456,943880.8802563587
730044.4456,874992.9997597038
730044.4456,737752.9221679694
264511.67855,502207.07838846615
264511.67855,226240.27306094294
255243.0224,380583.6164371427
255243.0224,365849.1684630699
567838.6072999999,473117.33218106633
567838.6072999999,494118.97220473853
1308173.04755,1264265.452940575
1308173.04755,894746.5345181781
1308173.04755,1169963.7627569758
1308173.04755,1039856.9530273741
1308173.04755,1140960.3530309543
1308173.04755,1263767.0823185216
1308173.04755,1164686.443335801
1308173.04755,1267709.842662125
1308173.04755,962271.8011789607
560793.753125,614107.8466788321
560793.753125,522743.37619679165
1145621.4466749998,1006838.7916684712
1145621.4466749998,840894.1984860138
509634.3148499999,608568.8149559463
343489.00989999995,567630.3314967809
343489.00989999995,410487.86803020746
343489.00989999995,395547.8223071427
382052.43334999995,392847.38970409555
382052.43334999995,706319.4615647441
539918.4608249998,613745.210474673
539918.4608249998,746950.4242372322
622858.9608980769,874403.487572023
622858.9608980769,915717.1091160399
622858.9608980769,782280.1042813266
622858.9608980769,915091.2608384965
622858.9608980769,1005143.6601528521
622858.9608980769,780342.4478486029
622858.9608980769,912379.8836517137
622858.9608980769,846192.7513874138
622858.9608980769,743377.5291776701
622858.9608980769,867053.9021571891
622858.9608980769,845470.5354888751
622858.9608980769,723164.2816688718
622858.9608980769,1080680.0244809121
345174.84455,635133.03083432
345174.84455,351925.5332115785
345174.84455,465722.54582949047
415416.97660000005,458520.47732269584
415416.97660000005,455875.8742838456
415416.97660000005,436877.83684909507
415416.97660000005,433330.45738101064
301548.87637499993,265411.3475181889
301548.87637499993,346800.1511642457
793935.9274199998,739461.2375588338
793935.9274199998,892623.5642980988
793935.9274199998,658621.7856803029
793935.9274199998,807224.6840779209
793935.9274199998,604776.9358137139
355722.71682499995,405055.95719820884
355722.71682499995,244389.64581977285
904419.9813,871600.3140654451
904419.9813,1006595.9186042089
904419.9813,646164.3995521204
904419.9813,1005099.3152692141
904419.9813,647340.8753484797
904419.9813,585987.3527447721
508965.0973,621739.3427410767
508965.0973,348272.9100096496
337767.098,239691.25292498968
337767.098,520831.1640836294
577516.877,636578.0381461508
577516.877,732783.4791010895
577516.877,587032.181639109
577516.877,551757.1305911767
577516.877,668935.9058577821
577516.877,584823.9456822794
798697.7440749999,891044.8020889122
798697.7440749999,1169332.278129068
718886.63275,736316.5649667986
718886.63275,781956.1075258085
718886.63275,993764.9326280202
553924.1849999999,693778.9784618821
553924.1849999999,672480.33086192
486528.3253,376826.0467408628
486528.3253,540187.9347933168
729366.02375,686574.3154039197
729366.02375,963828.7235411362
729366.02375,1036330.7167085935
729366.02375,826056.8120119913
729366.02375,765707.6260104169
729366.02375,627441.5083611258
729366.02375,897745.491110353
729366.02375,763417.5159851447
729366.02375,1079475.5178878065
409907.778175,598280.610137633
409907.778175,472938.52595694445
356350.44005000003,521114.7323902607
356350.44005000003,713360.9442429608
380453.71965,675916.9814883464
380453.71965,398617.2333813966
380453.71965,416630.89386466733
683923.27175,566744.6134335751
683923.27175,418828.52513417933
683923.27175,758557.826282752
599447.8068,607480.2102079904
599447.8068,608052.0875681965
599447.8068,657281.9662414404
599447.8068,616775.8462782119
587240.26,908974.549519456
587240.26,603024.0043574912
587240.26,677533.784925212
587240.26,756169.7133313257
587240.26,705947.1736276522
839942.3798437499,914722.6583029355
839942.3798437499,1051486.755620809
839942.3798437499,765738.994892695
839942.3798437499,763507.1260823897
839942.3798437499,1004796.3906890479
839942.3798437499,1051710.4900698601
839942.3798437499,765738.994892695
839942.3798437499,969007.3671634854
259714.564475,395446.6511721992
259714.564475,258149.18928981014
289908.38409999997,542584.1295054874
289908.38409999997,389319.23000403406
289908.38409999997,551603.0151055733
859148.8643749999,1009147.2515218531
859148.8643749999,1198995.4226885438
605373.0386375,503452.09560648276
605373.0386375,506612.4018578475
605373.0386375,651067.2681546814
605373.0386375,810893.7020415957
346398.275875,264382.7092422168
346398.275875,389201.70790044864
451835.550325,424627.9249733131
451835.550325,633980.9437247391
569783.3839,457808.50664085447
569783.3839,457195.13378589967
569783.3839,752509.8302783087
569783.3839,421108.60970779136
569783.3839,559039.0958471656
569783.3839,552358.3549550513
381520.4328,296413.7639596749
381520.4328,556196.062591474
338998.129,287300.0703670677
338998.129,283265.1281420974
563689.3886,365484.61647165124
563689.3886,367659.586673542
616244.8876454546,1002008.992442417
616244.8876454546,958419.2469620553
616244.8876454546,958480.1035285462
616244.8876454546,1074625.6930432594
616244.8876454546,1075721.5430316855
616244.8876454546,873554.0995985107
616244.8876454546,999203.3046852269
616244.8876454546,928237.0037423123
616244.8876454546,929804.2622661948
616244.8876454546,947638.3460137466
616244.8876454546,929335.1589616173
482295.726,685255.224777796
482295.726,687994.0423371181
482295.726,398049.06116359174
482295.726,350311.3710829298
482295.726,644890.2519931815
482295.726,666150.673998025
375426.7275,686996.1482176209
375426.7275,650005.8920714844
599150.590375,773639.169012338
599150.590375,681461.0568915441
599150.590375,771903.8250785165
599150.590375,723972.2118284462
631397.0556,394839.8848284591
631397.0556,706314.3200848581
256111.35784999997,291899.2525216791
472393.17115,512036.3175320312
472393.17115,369766.3936725095
472393.17115,498129.56873080006
600595.6155499999,566218.2602475967
600595.6155499999,942538.8383936519
573687.7517499999,431315.216393538
573687.7517499999,708936.2906374551
601049.15894,770078.2696224118
601049.15894,769772.7161973983
601049.15894,776799.6387446793
601049.15894,721436.1305529397
601049.15894,581867.2393428435
738156.34735,895367.6167706901
738156.34735,957642.3060280168
738156.34735,705675.0859800035
738156.34735,894461.9559378783
738156.34735,626979.7592825763
738156.34735,765800.7542510272
738156.34735,833819.8659980495
738156.34735,837847.4258863616
738156.34735,709614.8815044413
738156.34735,584367.142737514
602643.820925,787136.281980213
602643.820925,640568.9307504867
602643.820925,493449.4832916979
602643.820925,458637.26968239393
602643.820925,459771.78608490154
602643.820925,497209.63493479136
535203.8324000001,686464.1026005228
535203.8324000001,434058.64292691293
420045.0040999999,701422.840500605
420045.0040999999,538948.9773270577
420045.0040999999,422094.69239295245
1262446.027,1013579.0343716757
1262446.027,1420338.7899663532
493174.509375,762104.5691985181
493174.509375,675078.0169800449
493174.509375,676198.5982713082
493174.509375,763298.0233695006
493174.509375,584902.9017301814
493174.509375,455679.9606408205
493174.509375,584034.5843500914
493174.509375,483087.5998568685
315756.742225,270444.76608938497
315756.742225,399630.9188536054
405486.7115375,703989.4457524589
405486.7115375,701329.7070268868
405486.7115375,386482.0771096891
405486.7115375,547910.2894483054
603076.5886,453926.6893766159
603076.5886,781390.0578040167
336507.98384999996,460061.6994896967
336507.98384999996,459651.6513192761
336507.98384999996,561131.0345286698
648560.47175,415639.3734321842
648560.47175,716351.4119536083
648560.47175,434774.8588698968
254123.090975,460439.7686591835
254123.090975,609452.4177423369
769618.76655,955045.3768026382
769618.76655,1025307.1779011749
769618.76655,1023942.7027583456
769618.76655,672824.3644311693
769618.76655,755840.6903670352
769618.76655,621665.9416085202
769618.76655,622213.1506376188
769618.76655,885681.2429760799
769618.76655,886803.5008129963
2487520.255010526,1099925.4980879007
2487520.255010526,1101937.0675900164
2487520.255010526,1163875.3527419837
2487520.255010526,1166725.729762453
2487520.255010526,1224122.5024071084
2487520.255010526,1021527.3004687552
2487520.255010526,1224323.1029237881
2487520.255010526,1026171.5150537565
2487520.255010526,1099349.582992299
2487520.255010526,1024224.0272821637
2487520.255010526,965700.442877448
2487520.255010526,1039704.0757901222
2487520.255010526,1071116.1470535384
2487520.255010526,1039483.7808361533
2487520.255010526,965900.7615362902
2487520.255010526,1039777.3207399783
2487520.255010526,967285.7629151206
2487520.255010526,1097667.5334751534
2487520.255010526,1244960.713999666
473864.26735,677171.7862077943
473864.26735,398182.8790175391
473864.26735,539823.4659618323
473864.26735,371885.178111043
473864.26735,641698.0311907817
473864.26735,522459.32176867616
534609.0813999999,396327.28113845753
534609.0813999999,401271.7507935916
534609.0813999999,719926.0181804684
388851.7648,633388.620720977
388851.7648,687943.1099775737
342761.12465000007,546244.9003272015
342761.12465000007,546186.3019931793
342761.12465000007,286220.4382008466
342761.12465000007,263530.23090636136
315851.431225,547973.0009336554
315851.431225,408641.57976446446
552971.4384,554579.6838583914
552971.4384,549933.0025681686
850257.3004999998,734311.182402698
850257.3004999998,994443.6677115515
767354.2093,935611.287522442
767354.2093,994219.490229295
767354.2093,856370.3131395731
767354.2093,850602.7176125061
767354.2093,935887.9095522447
767354.2093,931542.7368723188
767354.2093,917714.0515117241
767354.2093,787278.4224244485
767354.2093,785601.3457329868
804927.9524928571,1028113.9034345606
804927.9524928571,738265.1496767071
804927.9524928571,893258.8101758792
804927.9524928571,737541.138185698
804927.9524928571,888682.4212903677
804927.9524928571,831707.0791818473
804927.9524928571,931094.9736663147
593843.1444499999,414381.891837081
593843.1444499999,555838.2045035758
737374.6050999999,449944.2366076927
737374.6050999999,784389.1055151445
246633.42125,408824.4813638819
246633.42125,547486.3717205422
246633.42125,397631.7207970273
246633.42125,516380.17188538273
413920.03841249994,571230.5461090296
413920.03841249994,428437.3919340389
413920.03841249994,618633.8105439622
413920.03841249994,599316.4561336878
2294299.0245999997,1244331.3684345703
2294299.0245999997,1312417.9934615237
754662.5448285714,885043.9317020152
754662.5448285714,737428.4318188868
754662.5448285714,737657.3586326169
754662.5448285714,878032.416824478
754662.5448285714,818841.4631473558
754662.5448285714,679086.2974760234
754662.5448285714,598671.2956052069
603135.32825,613425.2031896316
595866.6732,752217.5228575869
595866.6732,608084.1477420995
314352.46339999995,399155.53645377996
314352.46339999995,532394.266058302
314352.46339999995,549772.1735539993
356421.65695,422219.5331337402
356421.65695,395501.5723793768
556075.7727999999,569120.0648670052
556075.7727999999,417294.66601732356
556075.7727999999,748631.6432858048
780194.0729999999,825572.9778944924
780194.0729999999,670671.6608070013
780194.0729999999,1092906.4971936177
237070.22949999996,374976.8926801716
505933.18495,765238.4262896992
505933.18495,615875.6953417697
505933.18495,405845.25888322765
505933.18495,472787.453988273
222170.36095000003,263002.05767485214
222170.36095000003,568818.9981656699
574530.4319750001,828651.6065411088
574530.4319750001,865834.4484693394
555606.1225,510545.5902229466
555606.1225,791793.8772741479
555606.1225,510892.7988772439
555606.1225,793002.8723529241
555606.1225,475858.7317189072
555606.1225,606019.5921958262
555606.1225,835521.8591174178
548211.3153,530353.4852046926
548211.3153,734221.7566601584
548211.3153,826857.9992442012
548211.3153,628280.9749857333
548211.3153,888230.9869424072
538857.3222,639558.1740212415
538857.3222,1044262.668055882
512955.02255,471090.0156697323
512955.02255,345295.1984747599
481370.91015000007,362339.4259421861
481370.91015000007,651190.9560860065
481370.91015000007,303421.39378830255
481370.91015000007,635455.6798248956
253294.49004999996,306138.6124409859
253294.49004999996,319334.36475142115
253294.49004999996,415249.2115941352
808118.4661000001,962878.7823941389
808118.4661000001,1046314.0249477876
346815.6025,615707.8940259848
346815.6025,332469.44271536666
346815.6025,582338.190916337
546137.94535,520310.83903261914
546137.94535,520743.74910423456
546137.94535,585668.6387592223
546137.94535,661366.8972362513
546137.94535,752474.2367977562
546137.94535,475512.98274328536
546137.94535,543220.0262113588
809421.20745,718701.2609075381
809421.20745,1022569.6223025415
809421.20745,720059.2434516337
809421.20745,1019014.635692623
809421.20745,875622.2852851639
809421.20745,795758.9401293934
242248.21707499996,508910.81565020094
242248.21707499996,372519.33296608925
266425.48067499994,283114.52959562256
266425.48067499994,377306.4385110654
587100.0051999999,849079.5738213405
587100.0051999999,955696.3006249983
351098.82865,397935.27313949633
351098.82865,358607.9874206115
541609.3532499999,480940.7422623568
541609.3532499999,476786.91456243006
310009.92175,512746.64035657165
310009.92175,257663.13184071874
843764.9874,619758.6362780858
843764.9874,778457.4870391429
427135.53215,316390.86455260235
427135.53215,319155.30337810435
284324.707325,495961.86984866066
284324.707325,655823.5299194261
592199.87184,622943.1093122301
592199.87184,620142.408521063
592199.87184,621969.6962415773
592199.87184,574234.7354201694
592199.87184,431287.13187648816
242852.7494,435313.5007320946
242852.7494,418806.163256636
553980.3195499999,658050.7510204235
553980.3195499999,1151465.2881682517
638171.712675,501299.1014889333
638171.712675,649710.7500462024
638171.712675,501919.42173640593
638171.712675,459603.4298741674
638171.712675,445412.2054784007
638171.712675,751238.6622048534
385392.5541250001,415206.15181509225
385392.5541250001,281244.58191461617
547064.0184,651966.0391580174
547064.0184,661195.9676814928
413358.8338749999,551859.593253933
401870.9139,383148.02420860046
401870.9139,424906.008309438
1317311.02255,1058067.2147915028
1317311.02255,1020493.0262724118
1317311.02255,1058571.8811828934
1317311.02255,1163008.9013766127
1317311.02255,1178159.8462203187
1317311.02255,914634.3374635475
1317311.02255,1026147.1302046194
1317311.02255,1281751.1191056832
1317311.02255,1166378.394675287
1317311.02255,1082294.1221902012
595604.0678,668676.3190827526
595604.0678,867638.131850796
595604.0678,669839.9786062794
595604.0678,479098.3437047964
697218.7162,747519.2504868791
697218.7162,852026.0435320208
577450.4991571428,866685.1220554166
577450.4991571428,921142.5138954939
577450.4991571428,864105.2674438439
577450.4991571428,723899.2795646135
577450.4991571428,667766.3083523717
577450.4991571428,529262.8057062117
577450.4991571428,522857.8765054017
644980.93875,895205.1101511968
644980.93875,1064062.4698859248
480471.55285,734770.8349019901
480471.55285,588503.1459061002
480471.55285,486743.4202926745
664397.9852500001,688201.3103325338
664397.9852500001,633192.1645645782
805923.76883,633425.0743253414
805923.76883,631578.5217861495
805923.76883,630613.2954497911
805923.76883,822822.5059362518
805923.76883,639908.8547376661
429107.1874249999,438606.9526174747
429107.1874249999,607595.6528871376
460012.75184999994,592892.9186169403
460012.75184999994,593464.3200313919
460012.75184999994,773833.1536370759
460012.75184999994,724839.709934209
752712.29865,727600.9110427339
752712.29865,654196.8040046036
444172.1550999999,565295.4054080069
382776.4320625,348337.7401373048
382776.4320625,349272.3339763582
382776.4320625,460797.22643542424
382776.4320625,595403.6833752138
915478.767725,561642.9113084613
915478.767725,792065.6205623066
634561.65345,736206.6452749657
634561.65345,869471.674799637
634561.65345,1046845.4169959804
278800.0429,413159.64211182855
278800.0429,285022.67235433374
278800.0429,249481.61096232064
555449.47868,799289.2601686834
555449.47868,463336.09566497203
555449.47868,756395.6026938756
555449.47868,427976.9997626646
555449.47868,442050.4210693684
944721.1621392858,1027264.9820695238
944721.1621392858,1055086.6900757393
944721.1621392858,942002.3368836439
944721.1621392858,904353.8352281828
944721.1621392858,816124.9529933479
944721.1621392858,942091.1182323986
944721.1621392858,943415.2931991345
944721.1621392858,902247.9459275409
944721.1621392858,1025440.9914582478
944721.1621392858,980087.7369124909
944721.1621392858,1006734.8257410373
944721.1621392858,981645.0423688544
944721.1621392858,982519.075107591
944721.1621392858,984211.2326083356
414082.9849,718554.2207715153
414082.9849,420400.35369111574
588169.0377142857,713243.7988181041
588169.0377142857,1079166.9672078118
588169.0377142857,1000114.1799544075
588169.0377142857,714474.1774850249
588169.0377142857,947949.4171732881
588169.0377142857,864965.7163102494
588169.0377142857,666383.9547520548
532809.6192,349047.82128809474
532809.6192,344619.1473977046
334011.24145,461426.58620430034
334011.24145,325685.75758470455
334011.24145,310470.94792866264
334011.24145,299723.2134146297
591504.5436937499,870906.7663243006
591504.5436937499,867739.628417036
591504.5436937499,1006264.8089435906
591504.5436937499,722062.5419675332
591504.5436937499,869525.8275209633
591504.5436937499,813170.4338233646
591504.5436937499,867640.0515869566
591504.5436937499,912987.0305391868
603596.3844999999,470624.4122552493
603596.3844999999,665635.0743339906
603596.3844999999,665032.8308600746
603596.3844999999,701632.1386609705
492539.7981,718122.8280892419
492539.7981,400744.2487682879
492539.7981,525284.6684711155
309401.23065,526156.3148710962
309401.23065,382765.5407535617
711002.8580250001,842711.5770847201
711002.8580250001,690976.3073498466
711002.8580250001,1064895.0790616556
711002.8580250001,840595.4548419768
711002.8580250001,780183.9663840225
711002.8580250001,784854.0002990043
827323.8233625,999588.7534134855
827323.8233625,867862.2883981769
827323.8233625,724653.5788951124
827323.8233625,727387.3820174211
827323.8233625,866861.9708697736
827323.8233625,1072297.2374555655
827323.8233625,669732.762749292
827323.8233625,926054.915625483
827323.8233625,924213.4259613276
827323.8233625,671136.9075307648
827323.8233625,799837.4227636671
827323.8233625,679639.2145958735
542353.888225,675872.7703856335
542353.888225,400771.83687963313
542353.888225,676254.8782909013
542353.888225,638498.5291296224
542353.888225,498024.8306970586
542353.888225,638329.690476922
264269.410325,225315.44149362674
264269.410325,357116.8124966248
615072.673,653806.7795126011
615072.673,713920.375943424
830922.67575,741108.4334703586
830922.67575,983676.5921327311
830922.67575,833867.7857858617
830922.67575,836350.9322394338
830922.67575,832715.5260215525
830922.67575,1032098.0053766855
830922.67575,809464.6102503756
218249.35555000004,612596.310353175
218249.35555000004,468952.6583416356
218249.35555000004,320970.34238960413
368634.9526,665330.8198302395
368634.9526,368075.6436278902
305294.20509999996,308228.625447726
305294.20509999996,578652.2153638254
305294.20509999996,420539.12149692
833298.7401625001,1024103.9820165308
833298.7401625001,1021762.4914048584
833298.7401625001,880778.0207380061
833298.7401625001,881954.9861299705
833298.7401625001,876567.8098644838
833298.7401625001,808550.001789307
833298.7401625001,941496.1051349207
833298.7401625001,660539.8511597061
520114.51285,493785.08692619216
520114.51285,779845.8027257564
520114.51285,778130.3248783484
520114.51285,591368.9417824362
520114.51285,455625.2149934007
2564874.8559,1076941.2346140854
2564874.8559,1245762.3767808652
2564874.8559,1440255.4030985062
431067.866,574951.6169317419
431067.866,314099.1730489064
618251.67988,483861.617618756
618251.67988,627622.5893946843
618251.67988,479793.2911566963
618251.67988,443864.0087633765
618251.67988,636725.4334829533
586956.8316250001,549344.8232532841
586956.8316250001,693184.5505774488
586956.8316250001,652184.989354433
586956.8316250001,511578.6667830694
461769.43285,702007.5258301541
461769.43285,748641.5996290933
541706.7168,943228.4086888109
541706.7168,750483.0049308334
990194.777,997830.1928830788
990194.777,984885.3174005242
251760.19899999996,334480.96526942245
251760.19899999996,501907.0396138189
251760.19899999996,305328.7239897974
257928.34809999997,272585.3087172588
778791.713,742499.308549371
778791.713,1165245.6232257753
229897.9543,482200.7829577351
229897.9543,482530.9792865076
229897.9543,461524.73238149297
843987.8801,810534.4904128117
680708.8723892857,804232.0295443854
680708.8723892857,853380.2908711351
680708.8723892857,516535.30904440035
680708.8723892857,660090.9992423182
680708.8723892857,612268.7884861768
680708.8723892857,753053.3427144074
680708.8723892857,672059.6397804683
796494.8201,593623.5354203841
796494.8201,657234.0279384835
584418.7821499999,419895.5879726655
584418.7821499999,774632.0092062833
309474.01605,300005.6282387704
309474.01605,307124.77959832584
545640.9273,749176.1190761473
545640.9273,469281.34311145125
550591.0089750001,450743.39449440734
550591.0089750001,543474.2031770849
550591.0089750001,543867.6756874903
550591.0089750001,372731.17632463155
550591.0089750001,505736.63219605497
550591.0089750001,676748.858908315
618417.9402999999,519025.6279780556
618417.9402999999,588280.9562126779
618417.9402999999,824337.3141995415
618417.9402999999,760575.8495286218
316496.25825,415768.32739993784
316496.25825,550518.879299646
316496.25825,723967.1485426391
316496.25825,519084.2702413561
316496.25825,391433.6237916496
316496.25825,388651.00925329153
666067.33912,540916.2737711831
666067.33912,848517.8848814698
666067.33912,697431.4481959922
666067.33912,639152.7077558363
666067.33912,506933.80922875856
429160.8645,289483.0297829217
429160.8645,424952.3484172477
700880.2387562499,527280.6137212842
700880.2387562499,808252.0833753564
700880.2387562499,664285.1068107173
700880.2387562499,588564.5476391284
700880.2387562499,487163.48291048966
700880.2387562499,745503.71312029
700880.2387562499,620125.717145838
700880.2387562499,495765.0332603601
789524.2353999999,951123.6778600052
789524.2353999999,806156.2582616777
789524.2353999999,931726.1675985067
360392.2410125,331450.3835341179
360392.2410125,602771.8780801508
360392.2410125,584020.7432175635
360392.2410125,446560.4208896238
314310.981825,326655.3509989334
314310.981825,326579.3981693298
314310.981825,538350.7197536412
314310.981825,427512.8413730674
524803.88435,679809.3693611085
524803.88435,532361.4356103797
524803.88435,520078.3278972893
741217.0140000001,950247.6489492465
741217.0140000001,753878.784165822
387601.79365,681131.2418773044
387601.79365,401636.60493582976
387601.79365,542231.7003226113
387601.79365,370464.1941210783
702389.71655,518730.289631104
702389.71655,650529.1655965046
599899.10295,542909.3401939681
599899.10295,574315.4154840207
708489.708775,579624.5422427689
708489.708775,699640.4501287851
489120.6621,651487.1624669218
489120.6621,651948.9046727977
489120.6621,650750.5841934893
489120.6621,347827.9544990283
422948.73279999994,403902.75348921097
422948.73279999994,458878.85408421647
608785.15527,984595.4436793167
608785.15527,867793.0038598024
608785.15527,985193.4416956577
608785.15527,986293.7807023164
608785.15527,1053973.3260277063
608785.15527,739183.0106855228
608785.15527,868471.4228385502
608785.15527,739263.204902971
608785.15527,916180.2347622076
608785.15527,804137.3507775498
608785.15527,804323.3961795771
608785.15527,688591.6313577999
608785.15527,688218.2395161835
608785.15527,688645.0524530974
608785.15527,684832.3709825694
967274.7687125,679252.3983623554
967274.7687125,832478.3766786893
967274.7687125,686595.2448488101
967274.7687125,914576.7738441355
967274.7687125,833396.624902302
967274.7687125,767912.0817923448
967274.7687125,624809.0052537725
967274.7687125,1022720.8208091299
437353.0722,617997.0620395391
207880.36845,244825.06623454386
207880.36845,225069.55280804983
244852.03799999997,541983.856295307
244852.03799999997,469219.6684368216
578895.354075,835322.0084217694
578895.354075,842080.9088382871
816446.3938636363,888858.0258448474
816446.3938636363,746713.2145931858
816446.3938636363,885290.0061749036
816446.3938636363,740725.4565929922
816446.3938636363,744157.194754461
816446.3938636363,746713.2145931858
816446.3938636363,885712.1326797681
816446.3938636363,681975.6885522996
816446.3938636363,682775.1831292962
816446.3938636363,819596.410250814
816446.3938636363,789040.9954143405
242233.638425,262274.477249045
242233.638425,380849.86277990753
315081.68345,450354.49175459886
315081.68345,444947.9429727001
353194.75234999997,374408.389287454
202044.574325,435804.3029316733
202044.574325,554948.6635072909
607258.6159249999,841939.0179312476
511397.08302499994,419955.46354869474
511397.08302499994,611824.0218080851
595556.4287,580853.9958431092
595556.4287,635785.5695268365
781124.4704000001,937021.7592953142
781124.4704000001,926403.0226384221
295410.868525,677309.5183118549
295410.868525,678168.1860757535
295410.868525,707091.9290179916
295410.868525,507064.6458074957
295410.868525,639539.7569820471
295410.868525,388282.93821724923
449013.18485,468349.83110454964
449013.18485,468561.0712657702
449013.18485,576039.8515190898
537722.250675,828513.0931892789
537722.250675,676820.0351096021
544424.7551749999,723084.0802934039
544424.7551749999,607577.0298324053
544101.1391,672605.9995525477
544101.1391,709626.5970379378
331445.21745,388144.5609006985
331445.21745,507647.18003315025
331445.21745,208661.9214391897
545218.69475,748192.288270695
545218.69475,476554.7791016757
545218.69475,425397.7587133398
545218.69475,659590.0252943924
1180708.5905000002,1051750.8501121798
1180708.5905000002,1046688.253797685
498348.84844999993,645357.9243877628
498348.84844999993,635794.1005875682
270052.6394,541704.254129804
270052.6394,244780.39809199848
625101.85855,408097.4562959809
625101.85855,571284.4281632625
359690.0235,294378.46171742206
359690.0235,552779.8748481658
359690.0235,268763.38800583617
559579.04345,559470.3574494238
372723.33345,624147.3558257958
372723.33345,339457.6061659881
372723.33345,319967.62756551075
555963.6759250001,683329.5582478092
555963.6759250001,683815.4509387271
555963.6759250001,365174.6438891227
555963.6759250001,641349.992848514
451611.6486999999,497192.00572638225
451611.6486999999,497192.00572638225
451611.6486999999,329815.0011817765
351046.06085,238538.2503728025
351046.06085,264409.649528592
749810.3940500001,833071.8050791738
749810.3940500001,560441.2735464794
848092.3159071428,512558.2372363662
848092.3159071428,576988.565443253
848092.3159071428,798801.7363587361
848092.3159071428,651211.4876757071
848092.3159071428,474807.44817718485
848092.3159071428,475337.0142161698
848092.3159071428,755449.957989859
205713.64205,248718.507318926
205713.64205,448463.3197517617
301665.04565,258981.4235863742
301665.04565,263995.85911108577
458989.43925,599821.040920075
458989.43925,328106.49814450264
458989.43925,471376.549233846
503385.93921249994,523265.507021582
503385.93921249994,522607.9922619806
503385.93921249994,532699.1806414529
503385.93921249994,362931.5065979829
494998.7452875,632944.4359189759
494998.7452875,776819.7257989433
494998.7452875,776345.5378816907
494998.7452875,630944.1287325415
494998.7452875,585770.8831683544
494998.7452875,452956.52503786754
814142.5800000001,747355.8390413134
814142.5800000001,664364.5164688857
814142.5800000001,963653.9132841739
814142.5800000001,665673.0894647794
814142.5800000001,668857.542035911
814142.5800000001,830282.2607855479
742950.0782375002,652440.9584399132
742950.0782375002,879990.8970107529
742950.0782375002,736024.8088779339
742950.0782375002,655533.7707480445
742950.0782375002,650338.5803029917
742950.0782375002,736679.7602822906
742950.0782375002,736536.454427013
742950.0782375002,738305.5936455741
732418.5485399999,704556.3719129349
732418.5485399999,553232.482880478
732418.5485399999,855295.1133555772
732418.5485399999,857356.9891166999
732418.5485399999,718273.6647262502
771922.01195,1112515.5054485553
771922.01195,1027641.8063902413
771922.01195,888165.2702170666
771922.01195,1029770.4501348286
771922.01195,883761.3419161342
771922.01195,671707.6277746706
808356.9125499999,958428.460541521
808356.9125499999,1102786.821668249
927270.60985,823114.41938574
927270.60985,651408.2247624199
927270.60985,927040.3448771461
440956.09573750006,731675.9724583892
440956.09573750006,445955.4214049243
440956.09573750006,584705.5496319755
440956.09573750006,546579.2843345
440956.09573750006,417045.1886786603
440956.09573750006,553240.113825873
870071.7249249999,892929.5034923593
649479.6703124999,1054984.489406881
649479.6703124999,1055187.8998295208
649479.6703124999,783759.5551806485
649479.6703124999,783118.2449201669
649479.6703124999,1056600.5578223332
649479.6703124999,1061387.226618406
649479.6703124999,1056098.2978346744
649479.6703124999,1057332.590031842
788841.078125,972789.3712834355
788841.078125,839316.962657111
788841.078125,839627.1814169305
788841.078125,775856.427674644
788841.078125,695927.4889829593
788841.078125,833905.7089548452
788841.078125,780493.4580229555
788841.078125,902245.8697364843
788841.078125,636676.3329688696
788841.078125,891591.2228512624
536094.37745,455842.1419403451
536094.37745,747332.4215643869
536094.37745,452623.43211441726
536094.37745,702328.8434613337
755165.7056,718069.2024109598
428993.3587,469033.0626377736
428993.3587,348749.38267042954
536338.2353,775639.1932464301
536338.2353,883561.9961198957
611029.7108333334,617949.8187222894
611029.7108333334,616141.9522004488
611029.7108333334,895596.8894324601
611029.7108333334,612305.679945535
611029.7108333334,900011.4090085963
611029.7108333334,834353.2165587517
611029.7108333334,700696.552910377
611029.7108333334,836509.8003633382
611029.7108333334,786732.3811052834
418263.068,645110.8696194681
418263.068,644587.8788356015
418263.068,611611.4913755981
418263.068,627719.2042401914
801699.12495,452877.8724518406
801699.12495,691815.8544658889
561048.1547,366847.01499384467
561048.1547,370162.02802382555
561048.1547,525011.1003178324
556522.0804,661782.3202620661
556522.0804,648685.1240645737
556522.0804,693980.482167346
785678.8522499999,712146.1824102956
785678.8522499999,859306.288438438
785678.8522499999,711221.378275302
785678.8522499999,857246.794862672
785678.8522499999,856703.0520542043
785678.8522499999,855940.6165157265
785678.8522499999,856485.3544787384
785678.8522499999,866848.0618954909
2310344.45835,1050531.8912685723
2310344.45835,1549406.3408247042
591698.0791250002,654380.0992933295
591698.0791250002,516578.7449363192
290193.64389999997,350394.49096390436
290193.64389999997,513051.1004160642
290193.64389999997,189982.27490830806
849405.2648062501,1050670.5714545979
849405.2648062501,777772.647915338
849405.2648062501,781259.1743917018
849405.2648062501,915183.6905823424
849405.2648062501,778055.5773216597
849405.2648062501,1051845.6124530153
849405.2648062501,1048378.3069083032
849405.2648062501,715509.7901356765
849405.2648062501,971753.6823057246
849405.2648062501,867169.661065367
849405.2648062501,734371.8491170007
849405.2648062501,855454.8276456622
804675.6371499998,876625.6976793546
804675.6371499998,874886.0194229953
804675.6371499998,1020475.8381330841
804675.6371499998,716303.0777219427
804675.6371499998,875757.0735508288
804675.6371499998,871378.5423314332
804675.6371499998,910157.5271320784
602942.68425,770814.2052439316
602942.68425,480799.8241525482
926388.0816125,860320.0885977972
926388.0816125,788838.7316245595
926388.0816125,794032.9449499929
926388.0816125,860919.8306496679
926388.0816125,587687.4146685243
926388.0816125,728638.4024950311
926388.0816125,587735.2309131069
926388.0816125,1027731.4349983006
1134195.39585,936061.6688830563
531089.37195,390057.253786686
531089.37195,532522.7749086807
531089.37195,641349.3824760721
859097.7215687499,772082.0567396255
859097.7215687499,1062078.8239707951
859097.7215687499,1061763.0902020081
859097.7215687499,1060916.6110426493
859097.7215687499,919720.5240487888
859097.7215687499,774181.1955157892
859097.7215687499,1063953.624086514
859097.7215687499,974111.2244103845
991322.9887142858,699093.7234960453
991322.9887142858,559783.0833476885
991322.9887142858,897151.9353910751
991322.9887142858,844371.5384747097
991322.9887142858,648842.9570526663
991322.9887142858,783979.7028649842
991322.9887142858,586572.5078901433
411486.8465,776169.2150801577
411486.8465,477786.62963895156
411486.8465,551849.4062129263
203848.15934999997,452709.59041893034
203848.15934999997,486919.44453648746
203848.15934999997,421924.89383780706
735402.0007999999,709028.5078552489
735402.0007999999,651210.5098945283
735402.0007999999,853955.6907656202
617628.3458999998,750850.2944886073
617628.3458999998,679198.7716261902
555584.2402,795663.6520409465
555584.2402,808568.218731316
449798.04779999994,555093.0703675767
479012.34975,533614.6352259491
479012.34975,528378.0734589056
479012.34975,367591.5316757108
396231.04495,414667.10778923845
396231.04495,421763.5162650655
566327.770975,768888.9885825593
566327.770975,474425.8895131469
566327.770975,470170.2242535179
566327.770975,441139.3159817115
964579.8134,703972.2600503247
964579.8134,1005067.1357041295
964579.8134,1001291.8852037943
964579.8134,790355.5774459884
964579.8134,937062.1551596323
964579.8134,893624.9123316063
593949.6755499999,592886.4870196099
593949.6755499999,448194.8478950044
593949.6755499999,636915.317395183
593949.6755499999,422770.5020207906
498393.44991428574,496935.89838515315
498393.44991428574,496760.80947521975
498393.44991428574,780750.2343473634
498393.44991428574,775894.0095070327
498393.44991428574,461220.8474294331
498393.44991428574,462254.54747068585
498393.44991428574,500919.9085575461
167424.67664999998,353492.13720774476
167424.67664999998,202992.65044978098
790426.5129999999,673401.5267952112
790426.5129999999,959542.8236969993
790426.5129999999,1094134.6761567066
666037.36255,567050.066417716
666037.36255,949255.6681980421
861407.4545250002,810442.200637602
861407.4545250002,658073.3477422206
614216.8483,936816.1260344693
555346.5387,343720.8598447032
555346.5387,381867.99001910834
427823.3863,577232.2090607386
427823.3863,439257.88480713073
427823.3863,524380.6753220011
679528.0078857142,672331.0454174362
679528.0078857142,959695.7107926733
679528.0078857142,966544.7517307245
679528.0078857142,1030726.5218990386
679528.0078857142,966544.7517307245
679528.0078857142,670994.4137713364
679528.0078857142,878668.0823416489
497754.86629,547459.7139631856
497754.86629,486319.4297004492
497754.86629,625759.0587714843
497754.86629,450417.32276228996
497754.86629,534499.2501861192
521188.826575,541890.6595042592
521188.826575,431645.7928181372
601022.9980923077,821003.3715916522
601022.9980923077,990202.315275039
601022.9980923077,866384.9071669881
601022.9980923077,741637.5548669996
601022.9980923077,872445.8488728773
601022.9980923077,1067345.8383072629
601022.9980923077,947364.1316901433
601022.9980923077,872884.5197488157
601022.9980923077,922437.862371399
601022.9980923077,682988.3375592218
601022.9980923077,683376.4221641433
601022.9980923077,804247.6641894975
601022.9980923077,806435.9762799721
399093.6057500001,474036.11783130973
399093.6057500001,331549.18185064744
399093.6057500001,316715.35210342583
728606.7028,532269.2058516347
728606.7028,676048.637612428
728606.7028,822525.8726819265
728606.7028,872555.2935317466
728606.7028,765455.1860593456
728606.7028,488435.14015941264
728606.7028,541505.7716638508
219287.25365,322122.5435406989
219287.25365,590881.3290682244
219287.25365,574129.7098439422
219287.25365,551727.7077540619
539967.6228,608780.5569400359
539967.6228,751162.7639847468
539967.6228,603956.6700560165
539967.6228,428100.7435030082
539967.6228,427882.72829562833
539967.6228,431799.3857524299
782295.6342499999,861456.2786515957
264549.7799,611805.0118909308
264549.7799,348356.3838957429
351897.4052,555142.6438739484
351897.4052,574120.277649296
351897.4052,504473.23360492167
1216826.5429000002,1101485.628081558
1216826.5429000002,1103139.2850661883
330004.72870000004,423336.2675452899
330004.72870000004,289205.0256214248
612042.2786000001,795824.5423771124
612042.2786000001,646272.2484393098
612042.2786000001,648577.0605719467
612042.2786000001,740156.2651250327
486605.3499999999,553821.8496212726
486605.3499999999,598550.5408112869
501222.24395,749683.8486111775
501222.24395,566993.4387166838
501222.24395,613623.4981078936
576623.1294000001,366017.0920309558
576623.1294000001,503310.49281357875
553535.3472,704514.7025184152
553535.3472,735330.6279280118
400873.84069999994,305394.96506042103
400873.84069999994,309863.2509760236
400873.84069999994,445195.0406896909
577474.60085,551407.6667525165
432482.03495,558578.9279884691
432482.03495,751113.742397757
198588.9873,561700.8007490743
198588.9873,582012.4306754447
198588.9873,547123.4949289323
620315.5292499999,896014.7581285292
620315.5292499999,1030399.8712488306
620315.5292499999,1030103.8922078965
620315.5292499999,757258.480524583
620315.5292499999,1031282.8147779416
620315.5292499999,1032351.7197480997
620315.5292499999,1030202.6440292282
620315.5292499999,752609.6704579088
620315.5292499999,1035663.2193370943
630116.62435,716669.7462392969
630116.62435,442643.8003753896
771075.5511499998,948296.8567916455
771075.5511499998,1015838.9324795641
771075.5511499998,841625.0388484622
562602.297,937310.3867252986
562602.297,946371.5064195634
655035.1518999999,431290.0018865665
655035.1518999999,576892.6652952607
655035.1518999999,623962.1797600954
655035.1518999999,578482.9171562053
390010.5298500001,282782.8903081947
390010.5298500001,412338.97974744363
390010.5298500001,289800.7872063005
336987.68809999997,645231.910882066
336987.68809999997,346875.09870406723
336987.68809999997,600235.1314461261
239378.3885,384246.01898355945
239378.3885,534931.7277062297
239378.3885,326558.5614557885
866088.1553999998,816942.198827637
866088.1553999998,713175.8874076338
866088.1553999998,1108501.690060775
465078.12370000005,655215.9866138324
465078.12370000005,654558.7635841254
465078.12370000005,478620.2169174063
465078.12370000005,473732.3895564418
680899.62098,470944.8365134463
680899.62098,756967.8195349388
680899.62098,755336.3505267247
680899.62098,436754.9017498365
680899.62098,711447.2637178805
229158.00895,238078.04036945885
229158.00895,493467.12850888754
879789.3895999999,551203.6102332846
879789.3895999999,635179.5269774981
542133.46865,453457.736826364
542133.46865,599554.3920628529
542133.46865,746935.6410395608
542133.46865,419716.49636676017
542133.46865,706211.0048328924
767211.9178,617891.8851780385
767211.9178,477829.4440576887
767211.9178,473600.90195271495
767211.9178,697780.5952446256
767211.9178,797214.979977598
356600.706,291844.43239579076
356600.706,291968.0730993775
356600.706,494737.807992327
356600.706,536590.2683994083
269502.2526,473145.4011473081
269502.2526,487625.30271004216
534873.95355,402466.17301766155
534873.95355,400412.19002178434
534873.95355,485248.8425234073
534873.95355,423161.20433683496
278521.5085,569137.1734415966
278521.5085,282769.11442345893
1130194.2376000003,998470.2599861005
1130194.2376000003,797572.6446303962
1130194.2376000003,795723.7115100508
1130194.2376000003,800866.4025149185
1130194.2376000003,1068188.3286029692
1130194.2376000003,718358.5648515127
1130194.2376000003,793299.8386851897
1130194.2376000003,804156.610611276
1130194.2376000003,924398.3191437288
1130194.2376000003,925717.3536160752
542346.0247499999,694896.7900180354
542346.0247499999,536702.4582173829
640231.36625,448437.34226996946
640231.36625,733775.0423619724
584411.442775,679333.4777715052
584411.442775,883231.6120403756
528650.532092857,850441.0614208573
528650.532092857,850542.5784557705
528650.532092857,792148.8410565357
528650.532092857,849526.1291167886
528650.532092857,701297.7274095728
528650.532092857,853373.0309816757
528650.532092857,888898.1010448695
325925.7747,395851.2199155448
325925.7747,539050.6686238109
2709183.95615,1252574.534805231
2709183.95615,1160905.7019651814
791377.72645,1024027.2884384678
791377.72645,726778.737051224
791377.72645,876456.5191503682
791377.72645,882320.2961507103
791377.72645,729698.2273833342
791377.72645,1018853.7248862849
548613.3046500001,710673.1132491203
548613.3046500001,471836.1233991164
296181.934625,374259.5655895577
296181.934625,455770.34281472856
712338.5429,504876.3624691928
712338.5429,513572.45843511506
368487.80955,266807.73744301
368487.80955,261781.61700514652
286312.170525,399915.29206700606
286312.170525,262496.240723005
410143.63877500006,465348.1228153454
410143.63877500006,602257.5090101578
864565.9072499999,781748.3834491593
864565.9072499999,862037.1356456969
864565.9072499999,784840.100836653
864565.9072499999,930110.3020861677
864565.9072499999,925192.1076366969
864565.9072499999,724510.6307068696
582587.4954499999,680280.8183323708
582587.4954499999,521642.31246656465
582587.4954499999,560634.5474492775
597749.0536499999,403083.6883006748
597749.0536499999,713616.0123387735
388860.4148,657215.5905755616
388860.4148,695925.2847100453
367106.8678,582566.1774386032
367106.8678,402409.27793968306
367106.8678,645711.2467303415
710993.6837,520163.39782933623
710993.6837,572089.749656884
710993.6837,570407.2702104098
329880.31534999993,460389.0683482599
329880.31534999993,606995.7573962545
329880.31534999993,421774.20200801094
616160.5819999999,522713.17266172054
616160.5819999999,557560.6731510718
411521.6564625001,340105.5201481925
411521.6564625001,337557.7931280614
411521.6564625001,455844.7473299448
411521.6564625001,320919.12851096067
935507.3659,851987.1524441335
310402.3371,300012.6270241611
310402.3371,438362.1530985297
310402.3371,555832.1765008017
310402.3371,415111.22941791883
217485.2771,268622.5967422689
599925.4957499999,748195.7687096235
599925.4957499999,600544.8484944038
599925.4957499999,894519.7807912994
599925.4957499999,890375.3405016665
599925.4957499999,813961.8578248697
599925.4957499999,883814.3256535992
644406.5114374999,812449.4413577636
644406.5114374999,662207.9738164039
644406.5114374999,818867.60140368
644406.5114374999,763144.6143415795
275334.777825,398794.5590782649
275334.777825,520648.3847349173
817474.8463,950069.7428962082
817474.8463,984225.3259165878
613087.2307000001,829786.7690531965
613087.2307000001,833288.4432564867
613087.2307000001,520544.8128319341
613087.2307000001,481342.01622479106
456832.53320000006,689402.9920956295
456832.53320000006,430909.7441624183
866203.2375749999,1030444.3591135088
866203.2375749999,904494.4213212656
866203.2375749999,1034926.9065342416
866203.2375749999,760787.9266921724
866203.2375749999,899100.8187431826
866203.2375749999,986288.7380365073
866203.2375749999,852832.4293567071
866203.2375749999,701747.2670549086
866203.2375749999,701682.8272048461
866203.2375749999,848564.4063089079
866203.2375749999,831499.32546914
866203.2375749999,832537.3227415187
279960.51865,256012.2732560368
279960.51865,241781.07615284686
355236.84805,399100.21095236647
355236.84805,685878.4233898101
355236.84805,504000.1369005218
778418.2581999999,950106.626537259
778418.2581999999,1092863.1344714654
581532.49523,502657.45356161706
581532.49523,735070.2381861989
581532.49523,587297.9322758372
581532.49523,445825.28029817436
581532.49523,547615.977085249
737015.43335,728339.9481336535
737015.43335,587214.4801807374
737015.43335,487141.09465052385
565545.1257,535052.5917311349
565545.1257,819494.9008852936
565545.1257,754087.8373957857
326655.0855749999,378041.9350230303
326655.0855749999,463082.57489027636
971819.8621,632079.4386143575
971819.8621,754601.9946964844
971819.8621,795160.2027870502
602103.0261499999,553731.9677969355
602103.0261499999,701269.2100327068
602103.0261499999,660623.1089953644
602103.0261499999,525315.5171556316
455723.3451,696285.3513604198
455723.3451,592887.6557575155
641580.012092857,961329.8948705251
641580.012092857,957614.360431375
641580.012092857,815393.9718197193
641580.012092857,745848.6709838414
641580.012092857,665330.733961284
641580.012092857,662433.9635558332
641580.012092857,694000.4595971534
773557.4756,910413.3830285924
1194865.6213,1026370.6264477563
1194865.6213,871150.5848378444
1194865.6213,1020198.676710378
1194865.6213,1153214.6917628953
1194865.6213,870841.4908121802
1194865.6213,872998.5516386051
1194865.6213,870738.3910723049
1194865.6213,1156256.0539388845
1194865.6213,907893.3012317789
500831.9533875,859713.9400060105
500831.9533875,723003.7567247385
500831.9533875,789574.7821262393
500831.9533875,861510.7104137469
500831.9533875,792789.656609974
500831.9533875,543720.0272994215
365243.62304999994,413516.0449563452
365243.62304999994,405614.10168720887
365243.62304999994,369765.92550214013
675350.3211599999,719975.4900617523
675350.3211599999,514560.4273545789
675350.3211599999,518791.16686995374
675350.3211599999,513050.1020678643
675350.3211599999,758855.2146814802
286071.47285,622617.8293848586
286071.47285,479484.9384995396
286071.47285,549274.2612967434
2351057.66865,1083301.2548824623
2351057.66865,1429634.1504971404
609553.4217,982319.8029726011
609553.4217,848787.8584864284
516987.9945250001,526605.6991628837
516987.9945250001,698438.5660666545
579298.6399,395859.4016085459
579298.6399,513252.5005320598
579298.6399,400619.7496367368
569019.4133,839185.9027861536
569019.4133,900836.2475927332
601005.648375,584730.4759135928
601005.648375,444599.80373581056
994062.6073,826960.3856678047
809704.3596999999,986408.5304889297
809704.3596999999,692571.4176530535
809704.3596999999,803292.5653284665
673592.0143333334,950113.1304108042
673592.0143333334,953598.5399804156
673592.0143333334,956089.6065664644
673592.0143333334,814842.5888652754
673592.0143333334,951282.4974820853
673592.0143333334,884262.926830346
673592.0143333334,890276.3141249947
673592.0143333334,615179.956749968
673592.0143333334,841274.4478041407
448526.6413,728291.8489721587
448526.6413,733071.8733670556
448526.6413,729413.64215316
448526.6413,450006.2538848686
448526.6413,423653.67199708417
752211.3202999999,822904.5516388405
530242.1128875,672823.5271520938
530242.1128875,732109.6027215568
530242.1128875,728544.4412703156
530242.1128875,731297.6194887691
530242.1128875,730486.5874607107
530242.1128875,734143.2286242621
530242.1128875,682533.8084427207
530242.1128875,800570.7950883768
530242.1128875,564665.8288659053
530242.1128875,564984.2164778633
530242.1128875,683881.5335186213
530242.1128875,688863.2049275615
475740.47234999994,643823.4991043352
475740.47234999994,681162.20547926
1389984.024725,1008194.9930602382
1389984.024725,909571.1271402701
1389984.024725,909739.5849213625
1389984.024725,1233450.1673225192
1389984.024725,1138708.233788942
1389984.024725,1035294.6664961393
1389984.024725,1010948.2689806303
1389984.024725,914616.6694391894
1389984.024725,1032545.7306587624
1389984.024725,1033620.5144781743
1389984.024725,1096102.1548973925
1389984.024725,874873.7469528584
1389984.024725,842266.4310751723
1389984.024725,1059738.755751383
1389984.024725,875932.4943279988
1389984.024725,1068770.845296485
865340.8376,709248.1427879288
865340.8376,511431.2413593101
865340.8376,796013.1002153846
865340.8376,797388.8875000663
865340.8376,474430.53258894244
865340.8376,745654.3268390088
865340.8376,748234.856306933
675618.77305,602596.8228998985
675618.77305,1012021.5580763057
716568.18485,958439.2613226459
716568.18485,652478.4473105522
454038.98420000006,322630.5872370942
454038.98420000006,314075.4814707682
460331.9512,370872.32460504596
460331.9512,390807.7308077256
739752.89915,781180.9940080103
739752.89915,636909.9467921868
739752.89915,552896.0206609875
739752.89915,550961.9442099173
739752.89915,599566.6724187778
561834.7535833333,1003053.4765699902
561834.7535833333,999375.9863564642
561834.7535833333,1001229.7817183996
561834.7535833333,724734.114717939
561834.7535833333,861026.3420258794
561834.7535833333,861913.6646711227
561834.7535833333,662718.6753701678
561834.7535833333,796779.5842276544
561834.7535833333,940304.1774930651
399127.880725,322558.54941034014
399127.880725,323293.2266387581
399127.880725,435415.11185788666
399127.880725,300684.9851356978
639297.144375,769618.6434571228
639297.144375,774810.3106446004
639297.144375,905677.2796660911
639297.144375,772132.826269933
639297.144375,1103012.516575828
639297.144375,899429.4560219584
639297.144375,1024805.7548751403
639297.144375,774977.4489703238
639297.144375,834243.5859103224
639297.144375,856019.0800622782
639297.144375,951876.4317571918
639297.144375,835936.7036072027
639297.144375,1067175.4107799474
424838.478575,442783.85598954913
424838.478575,443496.7011922954
424838.478575,734288.0248384721
424838.478575,436473.40590362664
252181.83820000003,546097.9249167617
252181.83820000003,205794.04577583913
252181.83820000003,213593.93979982554
257689.39352499996,259892.46253314253
257689.39352499996,381238.3357292623
670642.6767142857,500886.5114229939
670642.6767142857,787004.0380939437
670642.6767142857,646685.4425384741
670642.6767142857,646585.459296694
670642.6767142857,464641.36264194164
670642.6767142857,465195.83491088694
670642.6767142857,531905.3013500194
848880.6808999999,881467.6117744064
848880.6808999999,873569.181447073
1154261.0845,1068568.7374317194
1154261.0845,1091100.9915798663
205829.5652,220891.30946875288
205829.5652,475138.98298357293
634529.1175,534429.8506220233
634529.1175,891218.9974735088
590122.5399,456807.0517001783
590122.5399,443807.85135283944
571849.0912,501352.5869907894
571849.0912,531166.929534559
720441.45156,785848.9661962958
720441.45156,723660.2732776436
720441.45156,870249.2077550421
720441.45156,927597.8222935519
720441.45156,745252.4586027156
915863.4194357144,913979.8027212915
915863.4194357144,914392.0699070699
915863.4194357144,769978.0940162819
915863.4194357144,983236.9939277206
915863.4194357144,849675.5247118075
915863.4194357144,576301.7601363793
915863.4194357144,585158.7247169851
771730.0691999999,1021109.6386658377
771730.0691999999,728683.3682034818
771730.0691999999,727137.7309183804
771730.0691999999,728373.9935164487
771730.0691999999,723032.979835342
771730.0691999999,723135.264357523
771730.0691999999,959207.7583241977
277028.165,533872.0861886885
277028.165,374143.09208294214
150029.52525,494048.24598363484
150029.52525,460780.72920770815
271032.54215,350608.59863745584
271032.54215,499859.57991879724
436605.50785,703858.4032259323
436605.50785,517864.5990915556
436605.50785,705539.4230851455
436605.50785,512154.4743920516
436605.50785,737365.3272193928
436605.50785,606023.1094465307
436605.50785,732540.9429468554
606203.6492999999,590226.2569695358
606203.6492999999,450958.567798466
606203.6492999999,590968.9875151047
606203.6492999999,689226.4937197277
606203.6492999999,581377.0119531689
244395.51815,293342.2526980856
269894.5728,460122.1571589527
269894.5728,388694.74874485173
365233.66215,449397.6580902701
365233.66215,436758.1728061318
365233.66215,420670.0136451698
272963.3311,362188.19522490684
272963.3311,241046.12165741716
763723.3967250001,868546.5832819225
763723.3967250001,642972.6753288745
763723.3967250001,721510.9755442519
763723.3967250001,802100.2481292125
763723.3967250001,523166.30135579756
763723.3967250001,524048.81809381885
392782.81999999995,773812.7227277855
392782.81999999995,636373.5853996129
392782.81999999995,633060.8202492902
392782.81999999995,636549.6888447184
392782.81999999995,454437.97211315547
392782.81999999995,465316.2252259382
392782.81999999995,764358.4508359493
954209.7649,558024.1616327609
954209.7649,764608.5719566529
954209.7649,561832.7261472833
954209.7649,764136.5852687518
954209.7649,896022.2452693915
954209.7649,778538.319077472
954209.7649,519497.91917727137
954209.7649,787329.9258445888
757837.84403,551027.1034204438
757837.84403,703007.3885158935
757837.84403,701816.4317158785
757837.84403,650206.635497942
757837.84403,507574.9708431271
587112.7736,458843.5437841196
704313.8618750001,819188.8873045738
704313.8618750001,755687.9804329509
704313.8618750001,953465.9332821221
704313.8618750001,953976.1706231132
704313.8618750001,672832.9333717914
704313.8618750001,620571.2552338573
704313.8618750001,885837.2268600357
704313.8618750001,754676.7348322152
704313.8618750001,927228.6498971989
302602.75409999996,323509.9303187457
302602.75409999996,313635.1439575008
815264.6109999999,855605.3605131138
725252.830175,644197.4656801448
725252.830175,910470.3416456355
738182.0830499999,965327.8979903506
738182.0830499999,659566.9425397633
738182.0830499999,768321.2434146432
2690765.2784,1322519.4218396614
2690765.2784,1059151.1009434334
638005.4914,638157.8886610387
638005.4914,498456.7476071336
638005.4914,787037.3838794036
638005.4914,457572.32620483584
638005.4914,733311.693324007
638005.4914,733361.7190394758
412080.8344,309004.4862644382
412080.8344,306258.76975856256
650163.2571999999,685702.5516477511
650163.2571999999,722613.750621639
611759.3681178571,909530.9908802806
611759.3681178571,618106.2555546071
611759.3681178571,768544.1360224048
611759.3681178571,972287.9851101292
611759.3681178571,912512.8014176602
611759.3681178571,619277.6212246624
611759.3681178571,938333.4803557649
354540.02405,438476.7898621587
354540.02405,294472.1588058826
765947.0984624999,798677.9502693311
765947.0984624999,795029.5908362282
765947.0984624999,844542.5534552364
765947.0984624999,660341.6502292962
735876.77695,568064.4589107898
735876.77695,726251.9407820618
735876.77695,727072.4605067807
735876.77695,875328.0748546853
735876.77695,745572.4993698187
436692.39975,411869.5331378652
436692.39975,597632.0354338591
436692.39975,380922.84052150534
436692.39975,522289.64585044014
218322.1437,285904.58283460705
218322.1437,405193.17528506566
218322.1437,388955.56705654063
595472.27555,700331.078595777
595472.27555,423038.63579184015
190597.66202500003,511929.3797788348
190597.66202500003,311342.45531043725
895331.264,802641.6880492041
895331.264,1017261.2376397894
895331.264,950247.4570490452
895331.264,800776.306146722
895331.264,645793.1117319725
895331.264,893829.5463045732
454153.493725,314258.78367860575
454153.493725,452361.2281602075
728962.3266357142,847161.4413894617
728962.3266357142,850111.4273467972
728962.3266357142,850546.7787150174
728962.3266357142,695327.94041023
728962.3266357142,988302.4055376232
728962.3266357142,992323.5764942155
728962.3266357142,987320.0667001924
791931.7596,582271.4935804387
791931.7596,938156.207608116
791931.7596,573524.2505752337
791931.7596,728994.421362103
791931.7596,528839.4313630054
792802.6902249999,718486.764554271
792802.6902249999,863823.6355656298
792802.6902249999,992449.2834375247
792802.6902249999,719997.2326149882
792802.6902249999,990833.3039948668
792802.6902249999,720943.4994221871
792802.6902249999,794720.1045694387
792802.6902249999,674464.4590440118
792802.6902249999,793251.9771009814
792802.6902249999,675915.2590614165
792802.6902249999,919885.2852529845
792802.6902249999,869436.9287032377
327479.59355,495363.02870980604
327479.59355,645013.4206598463
327479.59355,333311.5493137832
327479.59355,336249.1598609267
477865.1842666667,692914.4010136973
477865.1842666667,696692.4212626801
477865.1842666667,564122.5581322148
477865.1842666667,831512.958921077
477865.1842666667,693426.9076168753
477865.1842666667,521931.1040503386
477865.1842666667,519066.7421265613
477865.1842666667,774505.0887892492
477865.1842666667,701794.8405425843
349759.477925,648324.4125775347
349759.477925,648711.3056833592
349759.477925,613944.6076249981
349759.477925,339775.46449597884
407877.7617,653620.6027361141
407877.7617,363884.6330477878
407877.7617,616017.4507545203
628472.42245,579558.5961556087
628472.42245,582808.4870478626
628472.42245,627158.6714288009
628472.42245,465017.06943464547
507967.40467499994,487210.9445743434
507967.40467499994,654033.145879591
515283.02784,541421.9657593613
515283.02784,766187.0331650869
515283.02784,541147.6007190967
515283.02784,445628.7444803598
515283.02784,760082.3563999654
1115343.171409091,1029902.7350805487
1115343.171409091,1023537.2012438255
1115343.171409091,746529.9969356676
1115343.171409091,1023537.2012438255
1115343.171409091,1030218.0478117878
1115343.171409091,1027565.3905473978
1115343.171409091,964884.607930421
1115343.171409091,686944.644024493
1115343.171409091,820425.2768041439
1115343.171409091,686312.717455692
1115343.171409091,822361.3058308563
439080.65855,481674.9062117734
439080.65855,344131.79329168267
439080.65855,301635.08030941046
626902.3066785715,490877.56994083466
626902.3066785715,556459.0291405733
626902.3066785715,780224.5899808307
626902.3066785715,497639.6347976783
626902.3066785715,445228.47760277987
626902.3066785715,592350.6956130133
626902.3066785715,457440.8447317279
470796.78560000006,363134.15623122244
470796.78560000006,502754.03632541513
470796.78560000006,474362.30434773164
597658.64371,792703.1377209367
597658.64371,792971.2778723788
597658.64371,869710.339174832
597658.64371,875424.2486178721
597658.64371,665536.0777797367
210367.976725,453242.9844109713
210367.976725,323763.8621513911
439654.0791999999,552590.1527064908
439654.0791999999,590709.1622784879
441063.9295999999,686032.9691555174
441063.9295999999,417691.89880932955
441063.9295999999,437227.63807522034
197933.3389,521244.89772143844
197933.3389,482767.99782618857
347582.99960000004,297250.2735546954
347582.99960000004,297313.9913090111
347582.99960000004,289477.5792866935
347582.99960000004,280184.1646698147
542915.0754000001,588396.6677206147
542915.0754000001,606596.9844921014
419748.6345,496724.7977703617
419748.6345,497968.0820085899
419748.6345,569161.4960100405
546684.6722142857,795099.8989123127
546684.6722142857,655990.3578185989
546684.6722142857,794348.6964597102
546684.6722142857,791054.6141083393
546684.6722142857,740963.7321698503
546684.6722142857,475629.095383891
546684.6722142857,658951.4184300677
295284.21692499996,394570.2327042473
295284.21692499996,524555.3720340199
810502.1849999999,894966.4402145423
810502.1849999999,614305.8904031086
282738.428975,477759.538683946
282738.428975,639331.8421208378
694242.705925,823361.186640307
694242.705925,758571.1662879548
694242.705925,825242.227054183
694242.705925,823570.5145299635
694242.705925,674242.4406605767
694242.705925,698683.6443672945
2460550.9577499996,1060525.3272763211
2460550.9577499996,1243804.3670890906
544043.0896500001,603305.8619606385
544043.0896500001,604398.2957354785
350676.98265,567229.6956846431
350676.98265,294201.3479278584
405503.44965,298826.28298878454
405503.44965,553513.5021592599
623171.17195,678551.1026900233
623171.17195,605924.7320807804
532891.88475,640416.3514641146
532891.88475,646356.1555481463
532891.88475,378216.5306576047
550146.4439000001,432519.0401117336
550146.4439000001,718029.6787175841
550146.4439000001,718505.2945710176
550146.4439000001,402041.2299678206
550146.4439000001,402384.52180552797
269410.70790000004,528677.8123766693
269410.70790000004,512734.8469759353
640705.791125,915162.3165560236
640705.791125,1045137.0924462155
640705.791125,915162.3165560236
640705.791125,1010351.459239988
640705.791125,1133261.9092464924
640705.791125,1008750.4510035061
640705.791125,1046652.9800897429
640705.791125,970796.0905635569
598981.28495,717949.7206326675
598981.28495,1061539.002590724
471983.3744625,513643.23193926946
471983.3744625,662675.7666566455
471983.3744625,351364.6548071627
471983.3744625,347031.2667099903
757662.1432250001,532971.1985594827
757662.1432250001,741976.6440244338
757662.1432250001,832274.4773637973
757662.1432250001,482521.0645536885
757662.1432250001,632505.9737627505
757662.1432250001,704493.8087372372
653044.5276,908961.4183145895
653044.5276,877028.4726610316
442476.94845,338661.28130921925
442476.94845,607067.6422645907
543934.6417250001,549556.7040308657
543934.6417250001,750431.9736250654
142624.8558,350324.87707934255
142624.8558,482669.3206765251
142624.8558,309803.6185818371
464956.3980499999,481085.48283666477
464956.3980499999,420219.2512597077
464956.3980499999,595335.6733256422
277133.9083,342103.95280518284
277133.9083,657487.1096181434
468353.8981,577735.7007796676
468353.8981,429342.40676098864
468353.8981,672065.1510564309
887302.1568125,968304.1666404869
887302.1568125,1105478.116322719
887302.1568125,1068552.4143483264
887302.1568125,925297.3068602406
887302.1568125,1109137.7338641132
887302.1568125,822764.9225360331
887302.1568125,1102775.9682065924
887302.1568125,1027080.6038040092
354747.24245,340212.92726011935
354747.24245,372071.8865074335
256916.0194,403596.59921545075
256916.0194,392751.82953771116
256916.0194,376076.5853970405
580251.3902142857,1062457.6441996314
580251.3902142857,929578.5764748676
580251.3902142857,985925.0567512646
580251.3902142857,790650.3672625243
580251.3902142857,847320.2863129735
580251.3902142857,843698.7522181805
580251.3902142857,773554.4859085568
360960.9610125,574119.4476143733
360960.9610125,431278.82084381906
360960.9610125,244102.56786110002
360960.9610125,282364.9931915086
276148.60255,545099.513909735
276148.60255,527614.3593445715
276148.60255,366644.803418836
642655.0333642856,778524.1769040872
642655.0333642856,775551.3210167458
642655.0333642856,638334.6676240029
642655.0333642856,637835.618183973
642655.0333642856,590777.107826985
642655.0333642856,590146.035199505
642655.0333642856,720995.3332262427
386749.25239999994,671960.5635642444
386749.25239999994,700775.5124233139
435133.6014,433804.2706247714
435133.6014,426609.5724986244
538623.5459,517809.41831758106
755796.807175,734775.7393469721
755796.807175,588356.3753906691
590454.6399249999,961126.299470389
590454.6399249999,948938.8995614026
604530.354675,752150.8891957478
604530.354675,596101.9757659805
769460.5701785714,779687.0855758395
769460.5701785714,568521.0011105274
769460.5701785714,565338.5509348011
769460.5701785714,782864.0742685227
769460.5701785714,522470.538154341
769460.5701785714,662159.3169128266
769460.5701785714,523911.66664615844
351087.663525,271572.6723944784
351087.663525,392191.9720240179
475546.726875,473401.540596769
475546.726875,327778.475739673
580710.5766,767495.9741708206
580710.5766,536743.7347457848
580710.5766,674210.7980755237
580710.5766,618674.8045288036
580710.5766,629617.256396929
419295.9962,755169.6238820123
419295.9962,717384.3543040894
419295.9962,753401.0358362218
419295.9962,670928.4290063286
1364626.645,1106002.0205625566
1364626.645,1107072.4340545512
1364626.645,991146.0293460841
1364626.645,1015277.1421869957
1364626.645,1118640.5162551198
1364626.645,1122289.804471853
1364626.645,1119939.7324211975
1364626.645,1121711.5280860146
1364626.645,897803.4364814032
1364626.645,941019.6130644276
1364626.645,940814.6143930999
1364626.645,941968.4040591508
1364626.645,832494.4230038016
1364626.645,830661.8089420161
1364626.645,1074223.9559146855
1364626.645,942170.0189713646
1364626.645,949586.0445597817
661694.0233785714,913324.2242381367
661694.0233785714,875932.0791151794
661694.0233785714,785002.1681269764
661694.0233785714,789789.2755954488
661694.0233785714,785083.5572331338
661694.0233785714,912798.4163787888
661694.0233785714,874514.0651039613
661694.0233785714,960213.8598792457
661694.0233785714,728599.2352029491
661694.0233785714,982290.7447382284
661694.0233785714,958765.1779541122
661694.0233785714,748811.8747189693
661694.0233785714,749508.116336655
661694.0233785714,1082479.1269267832
183021.21599999996,234162.71374447196
183021.21599999996,409068.4114669869
352060.20670000004,408833.4401341302
352060.20670000004,462027.7974212402
492900.91007,683089.1374086902
492900.91007,822146.5855980278
492900.91007,541233.7733491434
492900.91007,876459.121994552
492900.91007,773870.9211821348
534939.501,957338.1808543387
534939.501,768002.3564190719
1025453.0909,1053274.9843515935
1025453.0909,1056859.012385611
1025453.0909,1190257.3325079868
1025453.0909,1101769.4782576538
1025453.0909,903003.2354781282
1025453.0909,807902.1367316432
1025453.0909,887149.293283924
332580.94334999996,409033.41550309386
332580.94334999996,383882.2547767096
407614.47527,440098.84246237756
407614.47527,623614.2052641447
407614.47527,436858.10503757413
407614.47527,658255.34087893
407614.47527,429911.5427341112
704097.9481409091,659329.1409920612
704097.9481409091,663570.0266099223
704097.9481409091,663477.0311730207
704097.9481409091,659329.1409920612
704097.9481409091,664595.2208376979
704097.9481409091,802021.1754636798
704097.9481409091,871074.0937349626
704097.9481409091,615912.8612314836
704097.9481409091,870329.2969987751
704097.9481409091,608927.2217636756
704097.9481409091,756571.7532754453
668823.36295,588494.8143658258
668823.36295,970191.6749699244
414640.3365,630842.9464704833
414640.3365,620171.8470451378
414640.3365,283602.361005327
414640.3365,594375.347389794
371093.5798500001,624856.3715918445
371093.5798500001,477249.2886838326
1146658.74925,786130.3467837508
1146658.74925,807693.2941128166
749865.9546249999,738595.5987514425
749865.9546249999,651507.5526257436
522753.6548571428,929500.5338753236
522753.6548571428,788174.5120214173
522753.6548571428,847528.602143721
522753.6548571428,989518.1651807057
522753.6548571428,789762.2301294263
522753.6548571428,850228.0430773179
522753.6548571428,786525.9220819481
291257.6688,545823.6285203891
291257.6688,238699.0955822579
343000.15914999996,464013.0504745949
343000.15914999996,461844.2720129004
343000.15914999996,303453.55142043484
2531056.91185,1071113.8886545124
2531056.91185,1228610.5285661144
1373871.39843125,979277.1182043683
1373871.39843125,827716.1551766422
1373871.39843125,1210054.7090065982
1373871.39843125,829739.8960060866
1373871.39843125,930407.7994282098
1373871.39843125,824506.4321791272
1373871.39843125,823325.5857655559
1373871.39843125,756471.5260995781
509136.84367500007,553515.2222899401
509136.84367500007,413803.4325632494
509136.84367500007,655205.5000620228
509136.84367500007,666191.5108305728
382849.49865,714850.8789960528
382849.49865,714202.8418320629
382849.49865,473042.152668533
730465.6518000001,931786.963595626
730465.6518000001,797536.6937300683
469829.883325,538134.0556689189
469829.883325,780900.1526258771
469829.883325,680874.3786737466
469829.883325,724541.4920275081
935196.1337999998,798768.8348334633
935196.1337999998,590558.5729921691
935196.1337999998,825359.8607447391
777659.71965,899259.8171368511
777659.71965,745324.2081366366
633105.1719,451445.57976506464
633105.1719,656148.2362492215
486417.47035,461577.8868870043
486417.47035,766143.2289003889
486417.47035,569306.3470914017
411839.67785,423736.0818554306
411839.67785,257710.8496441297
900249.3282249998,848585.885700202
293268.69382499997,536193.8111737026
293268.69382499997,397992.7070514907
223643.290325,378356.58472268994
223643.290325,489494.8925798439
412985.95285,404902.75890179403
412985.95285,717021.4127695942
730921.0806,660681.0773837406
730921.0806,656201.2334289695
729423.7396249999,667331.0209023799
729423.7396249999,941678.6475690273
469751.2017624999,398967.4128954789
469751.2017624999,401342.0273267006
469751.2017624999,400653.34905285784
469751.2017624999,513554.0928642631
394396.576525,592327.641700629
394396.576525,467898.78255714726
410607.037425,482307.6081306105
410607.037425,657344.252225263
485626.2322,432366.47813584167
485626.2322,444950.8760927967
1167221.7187115385,1079669.3847932953
1167221.7187115385,826968.7480466187
1167221.7187115385,960473.9248627839
1167221.7187115385,1083722.1028319243
1167221.7187115385,1078755.3471763402
1167221.7187115385,1081173.391535773
1167221.7187115385,960571.4031295943
1167221.7187115385,1084491.2616014557
1167221.7187115385,1002408.5374930175
1167221.7187115385,908500.3476547885
1167221.7187115385,781382.202753715
1167221.7187115385,1027048.3586198215
1167221.7187115385,967633.4389542008
296336.30230000004,411386.6510161579
296336.30230000004,532266.8818545255
677934.8533,623726.5290055611
677934.8533,790075.7279435856
283467.28229999996,401455.7648720127
283467.28229999996,526010.6434863849
283467.28229999996,510103.3679289131
362518.4233999999,672235.6732524143
362518.4233999999,391181.9628346688
440169.882125,345610.6847801549
440169.882125,481626.18663888914
440169.882125,286189.05439257046
440169.882125,465760.5558028428
669581.1312,803334.4027100336
669581.1312,649675.5180774686
669581.1312,803334.4027100336
669581.1312,605651.0706315755
351493.4999,640212.5041639255
351493.4999,494497.7544410124
351493.4999,479345.9517618173
478124.13745,517269.4572075816
478124.13745,387679.2494359489
823498.6593599999,749672.9340517614
823498.6593599999,1025428.2209628194
823498.6593599999,1102838.063118971
823498.6593599999,1021085.8588644079
823498.6593599999,886990.6847826364
823498.6593599999,1025833.5685984121
823498.6593599999,947668.9614638186
823498.6593599999,946599.7909821549
823498.6593599999,963841.1871439491
823498.6593599999,835323.5552555806
1066433.7540857142,1027612.4049115406
1066433.7540857142,966863.3059106575
1066433.7540857142,723303.9903945398
1066433.7540857142,876156.0576361576
1066433.7540857142,728545.0680359096
1066433.7540857142,964231.2003480993
1066433.7540857142,824072.3873619669
428963.3754999999,440836.80302504695
428963.3754999999,733309.3998947699
428963.3754999999,768584.7702695008
428963.3754999999,727829.5068768364
622806.045659375,753355.8585710219
622806.045659375,754274.2875344744
622806.045659375,602267.290079026
622806.045659375,754988.8199935914
622806.045659375,693657.6508488914
622806.045659375,829787.005194814
622806.045659375,693789.0036086212
622806.045659375,568171.4391584487
545274.05604,823092.0542308489
545274.05604,517837.0727697484
545274.05604,727189.4474146292
545274.05604,765688.9587605208
545274.05604,749388.3087106626
516634.16035,488641.36802992085
610631.5349000001,799149.1054148601
610631.5349000001,505046.754813848
610631.5349000001,501985.4848775179
610631.5349000001,843376.7257937561
610631.5349000001,466823.8021919714
582303.8286249998,514494.9862792043
582303.8286249998,689093.8847569721
572100.6293857143,516758.0990686655
572100.6293857143,514269.07884022244
572100.6293857143,578941.376112417
572100.6293857143,842170.339601239
572100.6293857143,741284.8244211756
572100.6293857143,741350.0941723108
572100.6293857143,739245.1371197297
2505055.2121499996,1177281.6089795632
2505055.2121499996,1155863.171797711
545232.5376,523465.2033617408
545232.5376,440135.72046349465
829335.3720900001,873005.3604307304
829335.3720900001,869687.9427035735
829335.3720900001,1006222.8095484478
829335.3720900001,1084513.754412626
829335.3720900001,816577.4602727009
829335.3720900001,734509.8244417441
829335.3720900001,933839.1916295433
829335.3720900001,932771.0497372487
829335.3720900001,934896.836958668
829335.3720900001,945303.7653652881
463269.7858,489318.23119366495
463269.7858,489191.6225034873
463269.7858,332355.60745938856
394655.2533,567321.02488746
394655.2533,586197.4488386933
394655.2533,539901.8041376699
961263.4823,952999.7406486921
777026.2354333334,742937.1284017917
777026.2354333334,873988.0251860438
777026.2354333334,743930.5616629822
777026.2354333334,996766.8152160596
777026.2354333334,934213.5831202031
777026.2354333334,933227.4476318045
777026.2354333334,611878.7358978827
777026.2354333334,873947.4080384993
777026.2354333334,748608.1956308548
501480.3579375,619236.8765911922
501480.3579375,618956.3198813021
501480.3579375,481053.3234569911
501480.3579375,430668.48845311964
501480.3579375,445432.93585418427
501480.3579375,620950.2068212825
1192594.6567499998,1174100.65601228
1192594.6567499998,792984.0343077353
1192594.6567499998,939740.5680458124
341677.37577499996,464159.20396720455
341677.37577499996,628141.4695182262
312396.1065,532460.1700121792
312396.1065,470320.83111361385
718311.2565000001,777394.81855324
718311.2565000001,769405.4530213742
414606.32884999993,654734.8457187231
414606.32884999993,606356.7295756923
414606.32884999993,617936.5038219166
718811.8363857141,765275.2183088631
718811.8363857141,972180.2924538945
718811.8363857141,832566.2638308711
718811.8363857141,763402.297387269
718811.8363857141,971509.9334552363
718811.8363857141,912936.0167381935
718811.8363857141,629536.5272229419
690136.5449,889625.6899851196
690136.5449,895366.8553065816
437334.71089999995,550743.7722595822
437334.71089999995,594421.0708472929
437334.71089999995,457110.9833212942
437334.71089999995,526691.0104319165
513350.86855,705370.147184968
513350.86855,545594.9848880293
513350.86855,447121.0255391787
424457.1576,341850.6230816636
424457.1576,351036.8077998517
555284.0298499999,689232.0746955524
555284.0298499999,542331.1409312021
555284.0298499999,540197.3890947131
513402.1734,518528.0545289797
513402.1734,742462.1883765846
513402.1734,498147.3060778626
498905.98645,511379.5180988867
498905.98645,782020.8960760254
498905.98645,843338.3984667532
594820.1117,975946.0348323828
594820.1117,977264.6813323011
546639.391075,561342.5988718809
546639.391075,704405.8163181508
546639.391075,390513.9126693273
546639.391075,705104.9957406286
578394.76778,622701.0169315973
578394.76778,475837.20375312516
578394.76778,476911.5542478274
578394.76778,700680.2893403043
578394.76778,449247.5033606786
889059.4831839285,771520.9274653728
889059.4831839285,854463.760733031
889059.4831839285,1025084.9790528377
889059.4831839285,856418.4368777142
889059.4831839285,904106.5876888648
889059.4831839285,900428.0055926638
889059.4831839285,857018.8185390874
889059.4831839285,712099.6519975698
889059.4831839285,712589.579608746
889059.4831839285,712589.579608746
889059.4831839285,835008.1694873523
889059.4831839285,951625.3026560846
889059.4831839285,952384.880768023
889059.4831839285,953679.7385839242
621742.7691249999,738511.4346458549
621742.7691249999,572908.3550892537
322718.33310000005,360666.02922051196
322718.33310000005,368413.9279891387
322718.33310000005,570746.270843727
312046.58182499994,457230.3568088037
312046.58182499994,618791.64685781
584829.2565392858,716643.1659084102
584829.2565392858,712866.4489610199
584829.2565392858,807624.704716952
584829.2565392858,946255.9061220733
584829.2565392858,859602.2570602327
584829.2565392858,861612.247110005
584829.2565392858,996805.4192555591
415641.1456,640086.4570266495
415641.1456,641998.2879633153
415641.1456,425773.2907438191
415641.1456,600148.1536822336
495905.03535,664079.0995220114
495905.03535,389659.1514635725
1111553.2987,1055453.9493647835
1111553.2987,962355.4243362008
1111553.2987,1093512.6544389706
1111553.2987,1094298.1077285144
1111553.2987,958223.7539776447
1111553.2987,1097710.3783030321
1111553.2987,1094409.8701181626
1111553.2987,807248.8501019558
1111553.2987,891290.8406928803
425404.162675,723661.7116499371
425404.162675,761146.8543571694
425404.162675,581317.543608129
425404.162675,679726.5463638612
425404.162675,409802.78889730445
316260.12225,572257.3205607882
316260.12225,309209.68108258134
316260.12225,427204.0844143081
316260.12225,418658.46390586154
2742326.3806000003,1240840.9309087256
2742326.3806000003,1245394.7388620493
2450842.8951499993,1072735.5639036624
2450842.8951499993,1354996.3572410769
378777.9795,307259.07528411446
378777.9795,306701.3219119777
358486.42514999997,395380.8136602309
358486.42514999997,260403.47776603198
174324.422575,362749.95927886694
174324.422575,503027.8417079591
662542.4518999999,452224.66874022165
662542.4518999999,454199.9869889133
662542.4518999999,452784.09285893023
662542.4518999999,453482.24578072526
168667.8905,367226.9137685166
168667.8905,438041.7016715573
253091.83389999997,325583.8966463252
253091.83389999997,463015.3312053889
513780.37749999994,767944.2156951108
513780.37749999994,623254.4981402635
513780.37749999994,482257.52937656175
513780.37749999994,768599.92841857
513780.37749999994,582050.8553735176
513780.37749999994,581520.4528842968
513780.37749999994,485653.56673520536
556457.08755,361949.9077379591
556457.08755,669270.9351916364
327247.38985000004,416504.8996145889
327247.38985000004,278634.0034983158
327247.38985000004,523035.576377526
311141.5939,597161.322579412
311141.5939,595287.2266019039
311141.5939,408227.7491302183
786337.9217714285,957089.074601882
786337.9217714285,1010829.0028046962
786337.9217714285,1013879.0389657205
786337.9217714285,808284.9948580785
786337.9217714285,872638.3029132485
786337.9217714285,956074.683945254
786337.9217714285,1006377.3484433696
223371.89295,299305.83428667096
223371.89295,430776.817209954
633121.4884999999,816962.9410430571
633121.4884999999,667097.4707822939
633121.4884999999,592978.5037596462
1139366.07425,1115213.920005645
1139366.07425,940054.2215535045
673261.4397,578753.6488965047
673261.4397,736974.8124733733
582887.0520499999,725806.9806086724
582887.0520499999,528716.6517679724
570008.6800625,542881.0194871016
570008.6800625,540696.6193433971
570008.6800625,720079.3955191019
570008.6800625,504080.9670017521
268670.8569,538816.2954820665
268670.8569,543990.0976954271
268670.8569,389662.7743212279
1301823.0227,712001.4782717569
1301823.0227,726981.4356596034
200675.99440000005,268367.7746931688
200675.99440000005,389692.82535287394
200675.99440000005,371079.63164939923
167990.8824,235682.95147186983
167990.8824,176971.03758065915
167990.8824,217097.81010472454
709895.69375,825561.5244167105
709895.69375,955724.2164866044
709895.69375,676505.4607940643
709895.69375,1025728.6733976053
709895.69375,899160.9174994215
709895.69375,680500.3553279064
709895.69375,625698.8413042435
709895.69375,897817.7171513779
709895.69375,758258.0670778924
709895.69375,762479.5333729348
1152076.5359999998,800991.5843412369
1152076.5359999998,1095311.8250435253
591016.9016999999,433591.1663794972
591016.9016999999,564282.3445652275
478527.9890624999,792532.3959608106
478527.9890624999,470040.9056372542
478527.9890624999,608751.4540178413
478527.9890624999,567996.3204526776
478527.9890624999,705774.9459468331
478527.9890624999,626004.3499166112
432245.6864,600491.743697809
334086.46645,391464.50700072525
334086.46645,385490.48948181875
284647.70075,414219.08165466896
284647.70075,535647.9350282322
808111.37812,796584.5783284004
808111.37812,876096.0474679378
808111.37812,579083.9318265845
808111.37812,731389.2214782124
808111.37812,591438.3011306489
289017.5869,285725.7624277393
289017.5869,544413.5731446655
538810.06175,391113.5045833468
538810.06175,671511.4847539321
278297.80240000004,563582.2607501454
278297.80240000004,597657.6627931334
1111082.05035,839981.8682458159
1111082.05035,672660.1039143075
1111082.05035,797357.101550903
167080.98160000003,537017.9188562754
167080.98160000003,520292.9113982892
703527.1965999999,868568.2022606825
703527.1965999999,826135.2655362566
1032564.3536499998,912932.2169727912
1032564.3536499998,858706.7733630106
695963.0303,670186.6502913513
695963.0303,638529.7497008175
635583.7590000001,667999.7866832179
635583.7590000001,747695.1597180769
635583.7590000001,751930.1570415925
635583.7590000001,661359.785029626
635583.7590000001,899482.1225294129
635583.7590000001,762265.1158980374
754084.4545,429280.6109356314
754084.4545,565904.5571149243
484488.5629249999,408591.9885101538
484488.5629249999,594990.2400660281
414462.164,444425.88089051016
414462.164,303480.72463046346
357162.54695,547325.5620774833
357162.54695,263516.3837811751
214029.67379999996,492225.73696560145
214029.67379999996,343633.26918849844
311193.6757,558349.9333054126
311193.6757,552406.9762846609
711506.03968,669463.7316836485
711506.03968,822133.0395895698
711506.03968,671824.1071039789
711506.03968,469427.1327341484
711506.03968,480087.25450439396
925402.7849,928912.4751133488
503153.6048,447878.835526081
328298.5783,409393.8910149937
328298.5783,412988.4346110447
827307.6507714285,1040239.5578178577
827307.6507714285,900783.7482589856
827307.6507714285,897089.7480029021
827307.6507714285,993528.4648979179
827307.6507714285,747615.7025521606
827307.6507714285,1124680.548178957
827307.6507714285,1090513.7238200412
1321201.1721,805965.9052903779
1321201.1721,1091135.231765717
1321201.1721,1097306.228174566
1321201.1721,1091017.9181586164
1321201.1721,1048264.5931817468
1321201.1721,1050919.0682127643
1321201.1721,952608.1745586336
1321201.1721,875276.3842355579
396978.46435,406752.2798957067
303944.51185,260357.2378821976
303944.51185,515753.9715185423
591607.3115999999,868642.5397351648
1150175.171325,725937.3292942722
1150175.171325,953664.5114848815
519990.19592499995,915522.5379593184
519990.19592499995,961560.417170241
292238.96655,269362.8314236129
292238.96655,215198.748087771
814129.6656,686301.6403713835
814129.6656,786546.9091742127
273071.41915,595395.3984619336
273071.41915,295806.3464104333
273071.41915,411550.0973840272
349182.89924999996,287480.40971408936
994517.8242232144,1014920.8313390303
994517.8242232144,1014332.2827407578
994517.8242232144,1017339.5528111637
994517.8242232144,757148.210421379
994517.8242232144,969508.9705257945
994517.8242232144,968979.9849799232
994517.8242232144,1083679.0837799697
994517.8242232144,941973.2804833059
994517.8242232144,702424.8604914836
994517.8242232144,702360.8086761998
994517.8242232144,700829.1933688791
994517.8242232144,826429.2581469272
994517.8242232144,714946.9303233589
994517.8242232144,955912.5822506984
604357.8408499999,585734.5190369955
604357.8408499999,462246.4490987397
925148.7494714288,688904.2135586516
925148.7494714288,831188.5412133696
925148.7494714288,551960.9822644398
925148.7494714288,756516.8883862579
925148.7494714288,779657.9626036627
925148.7494714288,507275.52721362305
925148.7494714288,898280.2106053829
1245579.889495,903584.9540898548
1245579.889495,1047596.6867406045
1245579.889495,1161831.2157051517
1245579.889495,904679.2463629718
1245579.889495,1179854.5031472687
1245579.889495,909580.70818764
1245579.889495,1016124.596708322
1245579.889495,1017911.1605490678
1245579.889495,1159923.3762199236
1245579.889495,1096861.857689542
657344.7363999999,802094.6185131394
657344.7363999999,581710.3731417799
657344.7363999999,515258.9868987673
657344.7363999999,520867.65149806667
657344.7363999999,750747.0039049885
657344.7363999999,468095.61951770884
657344.7363999999,811300.2594446184
2474354.2262999997,862175.1453225524
1364186.0053499998,1123007.1380411163
1364186.0053499998,833722.0836715837
1364186.0053499998,832567.0604477723
1364186.0053499998,1123669.9226417271
1364186.0053499998,1123007.1380411163
1364186.0053499998,980956.6507053897
1364186.0053499998,985119.2997249634
1364186.0053499998,983780.0926749911
1364186.0053499998,861999.4981113932
352487.15424999996,429520.4444801184
352487.15424999996,582102.734695935
659569.3346000001,591459.015946546
659569.3346000001,682383.1080533705
419072.4075,567111.1098141833
419072.4075,425305.2057832083
419072.4075,742783.6630820651
419072.4075,529508.8299447341
419072.4075,527665.6554759764
490385.41675,791892.4439360772
490385.41675,582607.2323612915
499520.3471,494005.1900427105
499520.3471,637634.5220022086
1069286.342,1022765.404433488
1069286.342,895724.454076753
920112.09155,914033.1366630582
920112.09155,1218568.48288833
542734.95465,532664.578912478
542734.95465,753311.7735996678
767064.6470300001,990371.5226812253
767064.6470300001,924738.3907593691
767064.6470300001,927613.0311588702
767064.6470300001,927435.1221672174
767064.6470300001,660446.0440472246
767064.6470300001,795639.6373274346
767064.6470300001,615443.3702432445
767064.6470300001,615082.6216469218
767064.6470300001,742446.6049304159
767064.6470300001,872637.1483086471
331147.27150000003,672523.4187538727
331147.27150000003,463842.8885594629
567850.9892500001,444888.8056272536
567850.9892500001,616643.3570644886
654764.1751250001,605854.7854919758
654764.1751250001,461161.19250226545
438531.741775,665937.2381040159
438531.741775,549439.1261608354
588320.30745,672923.2336185636
588320.30745,811938.620933819
588320.30745,755360.7303385513
233389.28129999997,583854.1953000766
233389.28129999997,318358.53173277405
603279.8053799999,888727.2475827949
603279.8053799999,742442.7586267024
603279.8053799999,881623.1570516645
603279.8053799999,1095921.1260880309
603279.8053799999,746415.0132064566
603279.8053799999,881428.0484644327
603279.8053799999,683725.1178782731
603279.8053799999,942637.3955449348
603279.8053799999,815375.2169627356
603279.8053799999,821640.7131927025
266120.46499999997,529732.2068514484
266120.46499999997,312721.6524097836
1202777.84335,1133597.2023020417
1202777.84335,1134946.0744714476
1202777.84335,776073.9715396134
1202777.84335,918857.0976671975
1202777.84335,1051399.3688106951
1202777.84335,920256.4824427614
1202777.84335,728052.8471771147
1202777.84335,712544.7854347742
1202777.84335,974270.664042891
1202777.84335,713042.2056543386
1202777.84335,846762.3305834022
825388.7065000001,533986.6969864676
825388.7065000001,473990.32352036814
675156.48085,604962.9028362933
675156.48085,1077728.7326254086
959922.757285714,892808.816229819
959922.757285714,811956.9730737081
959922.757285714,665165.0235767078
959922.757285714,810831.5550879324
959922.757285714,957245.1398012971
959922.757285714,660569.5286327129
959922.757285714,616253.6492537605
474092.63,504779.3582880122
474092.63,652408.1986155862
474092.63,616995.2834354027
474092.63,469691.1665906327
535653.8161,776037.8331122779
535653.8161,866878.8109906934
619426.5495788461,906647.6168836012
619426.5495788461,1103540.6372377789
619426.5495788461,907779.8336579793
619426.5495788461,1023161.3477081393
619426.5495788461,777628.4053962564
619426.5495788461,778948.1123400754
619426.5495788461,862505.8261855541
619426.5495788461,950996.3369555033
619426.5495788461,951067.9756228531
619426.5495788461,950996.3369555033
619426.5495788461,837988.2460020876
619426.5495788461,837988.2460020876
619426.5495788461,848373.5984013728
479761.33035,571871.2469837248
479761.33035,708379.0190242915
479761.33035,845048.5933744526
337956.6816499999,430559.3155314211
337956.6816499999,430412.77381224965
337956.6816499999,400981.5860544542
207875.70545,246071.64626187226
207875.70545,207258.53145249386
652311.657075,651545.5333448793
652311.657075,798337.622571487
652311.657075,793490.5960703242
652311.657075,472855.76890792866
349354.99351249996,563083.3503736884
349354.99351249996,420479.1191633893
349354.99351249996,491079.8928281077
349354.99351249996,529187.5352247335
465659.0127357143,757531.1413082646
465659.0127357143,481109.4272914836
465659.0127357143,758734.9412890095
465659.0127357143,617383.3273815337
465659.0127357143,576882.8852304879
465659.0127357143,432810.1894711215
465659.0127357143,477594.5476834328
493048.06818749994,693220.994182745
493048.06818749994,495236.75374256424
493048.06818749994,499442.53873455373
493048.06818749994,497987.9113999521
493048.06818749994,460398.3726054509
493048.06818749994,449555.51674876857
706260.67533,759143.6180743942
706260.67533,952716.9043628968
706260.67533,819903.7427257993
706260.67533,898563.0973226915
706260.67533,955672.6123443109
706260.67533,682420.4197986786
706260.67533,756610.6920402206
706260.67533,757302.7680314708
706260.67533,757579.5557284758
706260.67533,952253.1384761913
443156.6642624999,734173.3365369486
443156.6642624999,593700.5228872009
443156.6642624999,774863.3588360347
443156.6642624999,446624.6235480869
871033.7911499998,917991.4042897463
607501.3627124999,768146.9042526012
607501.3627124999,620132.7554498528
607501.3627124999,469613.0195859819
607501.3627124999,707535.9868744101
857462.5739,774765.2245277562
292104.52735000005,413660.4368661911
292104.52735000005,399857.940224054
445059.01634999993,610737.927858246
445059.01634999993,480074.2643316545
518054.8726125,676917.015550696
518054.8726125,405163.5567238132
518054.8726125,497091.24329454487
518054.8726125,359695.4069915319
874256.9121,1054050.042098111
874256.9121,914995.4030721716
874256.9121,921345.8133176275
874256.9121,1059100.6620107302
874256.9121,1010382.080306317
874256.9121,765676.7747233866
874256.9121,921133.5248925658
874256.9121,695619.5526645833
372008.16945,331694.37068627996
699781.6322,635010.6793657672
699781.6322,774603.4935181312
699781.6322,778608.955214938
699781.6322,820180.756098785
699781.6322,455025.92473668297
699781.6322,589291.2371097498
893467.8889,616710.0090619845
893467.8889,619862.515078791
893467.8889,699911.2092284389
893467.8889,620273.0358319855
893467.8889,767888.73772452
893467.8889,840430.7796218847
533888.9257499999,741016.4178262317
533888.9257499999,757429.343994028
476567.9442499999,519573.68353349797
476567.9442499999,377642.6525004437
476567.9442499999,363901.272342885
530682.8926,587894.7733566992
530682.8926,642309.6372355893
680818.2756500001,736801.7511816421
680818.2756500001,685120.574444311
331474.2700000001,389633.90243677265
331474.2700000001,374055.74243680906
542874.5538999999,598739.6258336353
542874.5538999999,648968.237570243
542874.5538999999,747801.6689523062
542874.5538999999,456740.64294530003
269384.50659999996,239667.19215671602
269384.50659999996,178118.07689992466
389683.0438500001,618536.6826546345
389683.0438500001,336750.9858611627
389683.0438500001,318068.1357520844
389683.0438500001,570841.8166431033
337614.48655,550441.139335268
337614.48655,496505.06174928765
354216.50525,560912.3956278509
354216.50525,445304.11083116516
1218932.83484,872579.8686543783
1218932.83484,1056272.536620855
1218932.83484,1141072.266008331
1218932.83484,1057267.5330591034
1218932.83484,1139010.9906540185
1218932.83484,871935.0699678737
1218932.83484,719166.6162067277
1218932.83484,998535.8150220959
1218932.83484,978242.8645319119
1218932.83484,979131.3971254134
324800.99289999995,349616.2208183717
324800.99289999995,492666.8847139445
324800.99289999995,335030.5263035412
617096.4675,481998.02295727644
617096.4675,622592.5162074469
617096.4675,480265.15566481266
617096.4675,444194.4758465006
617096.4675,720576.1869953655
617096.4675,712619.7073240307
741329.2987749999,685191.555610696
741329.2987749999,558274.5017263524
582802.05325,668379.8724162243
582802.05325,523207.37372341816
582802.05325,948664.479769659
747953.02125,664729.3955826607
747953.02125,671484.998864026
454190.85385,561231.4972801248
454190.85385,413950.8682553185
454190.85385,398390.4186659559
603029.2583571428,872468.0629390476
603029.2583571428,819220.5082465323
603029.2583571428,1016659.7659352637
603029.2583571428,819614.8938612044
603029.2583571428,880001.1208194064
603029.2583571428,1012700.0932798169
603029.2583571428,669791.1845325701
410218.96220000007,594598.8547274919
410218.96220000007,319804.3319136986
151857.3878,220239.98593846738
151857.3878,294101.0274190869
947049.6837,777237.9885417499
947049.6837,918080.2984931848
947049.6837,1019708.009074273
767117.4063833334,822187.7224617633
767117.4063833334,899220.7512823346
767117.4063833334,821870.872857422
767117.4063833334,1029737.2579054658
767117.4063833334,678131.2263894565
767117.4063833334,760254.0148637265
767117.4063833334,760783.0882811652
767117.4063833334,895122.5849563559
767117.4063833334,836118.127653313
832490.5164500001,1122021.5903610964
832490.5164500001,1038999.3818722971
832490.5164500001,1119934.7929240705
832490.5164500001,1041525.1821460638
832490.5164500001,1116641.478003552
832490.5164500001,754065.3196619507
832490.5164500001,750853.0308870795
832490.5164500001,964345.2191210891
622771.47835,476913.96380004345
622771.47835,764876.1584045674
622771.47835,811003.8402587664
622771.47835,485854.94495927147
842423.4644857142,902355.4038967866
842423.4644857142,833585.4289614143
842423.4644857142,835869.1356037651
842423.4644857142,905731.0713782089
842423.4644857142,903998.4134009962
842423.4644857142,907952.6512754309
842423.4644857142,774161.6278840483
711810.5929999999,838034.3986678853
576336.335925,797533.3055667614
576336.335925,848590.7407441611
576336.335925,973815.5474849982
576336.335925,711399.9515983325
576336.335925,971964.0034958168
576336.335925,925359.3534388136
576336.335925,672155.898200957
576336.335925,799322.7731264153
576336.335925,784603.8770323932
576336.335925,672790.4037207862
576336.335925,920008.6021629681
576336.335925,743775.5219954853
612536.750115625,832096.0952146112
612536.750115625,695894.8456864845
612536.750115625,827643.2083774654
612536.750115625,831542.4633089388
612536.750115625,827082.9892169343
612536.750115625,643207.4227829243
612536.750115625,769842.6969885748
612536.750115625,642825.5198010416
299997.0813,587109.1755909971
299997.0813,597304.7509396912
468368.1516,511584.288622104
468368.1516,804589.6967357572
469650.73605,504017.8965619258
469650.73605,654203.9526842264
469650.73605,488171.5868164825
614792.4621,665647.5664227256
614792.4621,657324.3697287454
662147.6543999999,717919.9211554169
662147.6543999999,574031.7320573655
662147.6543999999,569053.4885849957
662147.6543999999,400263.5205461148
662147.6543999999,541777.8689563136
320708.9763,240282.59173531784
320708.9763,272925.8167944018
269150.47550000006,401200.467727583
269150.47550000006,338274.2243621862
269150.47550000006,262071.14782410453
318673.575675,699586.1418978195
318673.575675,473515.7541421908
318673.575675,472849.18438436644
318673.575675,691246.5004612913
800885.40715,759931.6561367377
800885.40715,800991.306560474
800885.40715,753479.9579609918
800885.40715,440998.4823303341
800885.40715,572595.7067269707
800885.40715,710986.6517438525
566026.068775,763055.0961829151
566026.068775,609044.786339305
566026.068775,607247.4399970579
566026.068775,710301.043744261
399097.07215,439680.9621669826
399097.07215,571066.1231114222
399097.07215,566969.1452984759
621190.532625,730614.2922527259
621190.532625,596011.4831170938
337397.98799999995,608496.2901536068
337397.98799999995,606927.2471024833
337397.98799999995,581016.5302943918
337397.98799999995,574039.0270888448
418815.204,490858.02361775155
418815.204,495075.3254047419
418815.204,495684.1077871655
418815.204,768456.8746324081
418815.204,553321.8301299333
418815.204,723779.8385890067
795450.8768062501,802667.2887903625
795450.8768062501,923653.1750761912
795450.8768062501,799114.8459416466
795450.8768062501,670622.4365940704
795450.8768062501,749122.6897480129
795450.8768062501,670622.4365940704
795450.8768062501,747380.6260441921
795450.8768062501,863777.8620254848
795450.8768062501,622582.6060268246
795450.8768062501,864563.0150889804
795450.8768062501,753465.1205052251
795450.8768062501,955674.450206903
844445.364025,646263.2106129759
844445.364025,780906.5228083198
844445.364025,509208.87134869175
844445.364025,826844.486303464
844445.364025,733711.7494470824
844445.364025,599107.6429082723
844445.364025,470232.1473628738
844445.364025,790315.212116922
607986.8389937499,1134638.918364927
607986.8389937499,766039.3572309883
607986.8389937499,770582.8858079427
607986.8389937499,910615.5457632603
607986.8389937499,764555.2599266296
607986.8389937499,1133225.1015358812
607986.8389937499,770582.8858079427
607986.8389937499,956229.8288458931
1082834.5184,1041108.3705594948
1082834.5184,864626.4847918962
619657.4124500001,579495.3804799567
619657.4124500001,640236.4621938515
2779286.4341999996,1329222.8438496955
2779286.4341999996,1065871.7147965515
526518.1563,679240.3015502378
526518.1563,389736.0435281957
526518.1563,500265.1790989925
526518.1563,499869.30010783824
478404.4236,367424.75589542405
478404.4236,657276.4968771723
478404.4236,610860.0773663672
560489.5597812501,623233.8713054394
560489.5597812501,482246.7382723978
560489.5597812501,766674.8565567111
560489.5597812501,764925.4548707516
560489.5597812501,700271.9407008709
560489.5597812501,699472.4639477439
560489.5597812501,449871.7196952674
560489.5597812501,582976.5135524619
725161.0818,666905.1181506842
725161.0818,948667.1759233368
725161.0818,663795.0653793119
725161.0818,748386.2307741934
725161.0818,883860.775167014
725161.0818,613575.0553496131
725161.0818,619921.3076683027
725161.0818,877795.7757771243
725161.0818,822855.2448875874
435649.73344999994,463140.3146099636
435649.73344999994,480178.6397767845
568578.674875,684644.8125502907
568578.674875,931239.300293142
472611.24637000007,738843.4891939476
472611.24637000007,452553.4191159551
472611.24637000007,458991.87581038405
472611.24637000007,693730.3008124415
472611.24637000007,693031.8910391782
299956.229625,544202.27766919
299956.229625,641013.7415608772
299956.229625,417070.3970250778
822736.029825,672720.6829194792
822736.029825,603542.8215450882
238360.2931,389963.5436793463
238360.2931,381064.0311954044
238360.2931,363012.19423669536
564646.200325,512396.21862952126
564646.200325,392111.915729152
348491.3390928572,733507.333115142
348491.3390928572,773646.762290361
348491.3390928572,463599.76480543526
348491.3390928572,597433.5332262133
348491.3390928572,692405.1127554982
348491.3390928572,545089.7421170056
348491.3390928572,732131.5024014129
456539.80094999995,392130.1025880245
456539.80094999995,393767.4657844853
456539.80094999995,679267.4032732025
456539.80094999995,639115.7277690455
456539.80094999995,515219.0324476089
679975.0109999999,758899.6735521684
679975.0109999999,880842.6996242566
162570.22775000002,502942.1395840054
162570.22775000002,490252.41962772794
162570.22775000002,467117.1898831606
2430681.3697500005,1056995.7853019754
2430681.3697500005,1463047.0817884514
245953.49304999996,252107.54430164624
245953.49304999996,464433.9576869692
389209.4505,573962.2585011648
389209.4505,319906.7494618235
188450.68375,273035.05714816926
188450.68375,212363.6016414417
588210.2945,835777.301255574
588210.2945,640129.409366677
588210.2945,789953.5937169389
588210.2945,597439.9410692016
588210.2945,510287.3943554291
629464.1205416666,988430.1633721464
629464.1205416666,895544.1183910136
629464.1205416666,895251.48874247
629464.1205416666,754437.272512077
629464.1205416666,1030462.4544706385
629464.1205416666,901025.1565713033
629464.1205416666,1026107.670146291
629464.1205416666,984890.1677488205
629464.1205416666,955869.4884247687
361621.4721,542457.9632383417
361621.4721,545871.5166965994
361621.4721,510079.1603996447
559276.6892375001,458854.80106644274
559276.6892375001,605799.1686345197
559276.6892375001,516334.3698887038
559276.6892375001,563990.1798460742
559276.6892375001,411592.03723081114
559276.6892375001,571488.6325198141
313394.55655,286764.63985449425
313394.55655,542705.2699417099
360351.6972,399008.39755718305
360351.6972,401051.4083468219
308425.004325,388700.5615780173
308425.004325,267745.74767525285
511742.63045,791059.9764015643
511742.63045,641297.2476286606
807555.3875961539,991040.2048301263
807555.3875961539,987800.8287590492
807555.3875961539,802303.4130082963
807555.3875961539,805510.3618513773
807555.3875961539,799927.0875067882
807555.3875961539,872365.0349868481
807555.3875961539,804247.1758426132
807555.3875961539,745765.9136391319
807555.3875961539,626341.451271544
807555.3875961539,635087.0960024032
807555.3875961539,634330.2919684041
807555.3875961539,628183.1661551043
807555.3875961539,627180.6967235445
632543.5267642858,608647.0099884638
632543.5267642858,471582.98762718134
632543.5267642858,531182.2326401214
632543.5267642858,792193.498164231
632543.5267642858,705378.9355632886
632543.5267642858,571466.1469545166
632543.5267642858,492965.9702065892
415225.58384999994,454156.9191405369
415225.58384999994,599754.6674952419
415225.58384999994,298979.4867519398
628078.2255999999,621948.8019345895
628078.2255999999,921444.8590165637
628078.2255999999,628224.144587228
628078.2255999999,620289.9406468204
628078.2255999999,628123.0399819763
628078.2255999999,951589.6290593322
389749.529,640219.0065274639
389749.529,642507.1245067079
389749.529,336250.89832580875
177230.813425,358585.2846611693
177230.813425,489184.05450479133
760257.80225,707630.0734075357
519441.36649999995,813917.8010309512
519441.36649999995,631104.63561351
519441.36649999995,628120.2620653028
519441.36649999995,706674.0861720133
519441.36649999995,586255.0437939772
519441.36649999995,628671.1376510507
645506.6242,889422.460657988
645506.6242,676065.7743812286
418922.6624,571666.6211590341
830468.6343,972144.9681462583
830468.6343,773462.3905027689
830468.6343,770602.3105998365
830468.6343,769023.906919052
830468.6343,630751.1522726114
830468.6343,706857.9502758496
830468.6343,714539.5767018124
830468.6343,716099.3420172612
830468.6343,579455.3027691743
626721.11815,463104.67252705246
626721.11815,472759.02566980117
601773.3224999999,743698.1050270464
601773.3224999999,457296.6635253041
368258.14685,640711.9982644572
368258.14685,638982.7843719766
363583.95035000006,418579.4738950216
363583.95035000006,720550.4621664092
363583.95035000006,529820.6633811933
467322.6717199999,711272.6427333854
467322.6717199999,413842.23468660365
467322.6717199999,413933.6687309293
467322.6717199999,522283.95012025407
467322.6717199999,561590.2851718065
1066422.7852499995,1033913.2237440331
1066422.7852499995,894093.538322091
1066422.7852499995,1033316.6607159257
1066422.7852499995,828096.863966489
1066422.7852499995,1117241.2290276887
1066422.7852499995,940888.8419069297
283501.56230000005,417529.7402573583
283501.56230000005,404961.8254457437
283501.56230000005,277378.8808725959
387864.8284499999,393472.18698138034
479752.8034199999,808822.3037108532
479752.8034199999,810089.0347928564
479752.8034199999,807007.3296491193
479752.8034199999,808550.4473953194
479752.8034199999,586558.8140741257
364119.7702,591256.9974916026
364119.7702,377520.462247905
364119.7702,403813.38249196945
2500637.5777999996,1092654.4216375072
2500637.5777999996,1042000.9005625629
1222644.335225,958734.1668507641
1222644.335225,1104326.680901617
536511.0199000001,817718.0775679117
536511.0199000001,932523.6692132426
653856.44525,789274.3989405407
653856.44525,785650.3287915888
653856.44525,928379.7766004036
653856.44525,789380.8746016161
653856.44525,991728.456126373
653856.44525,728807.161426162
653856.44525,724160.0891639742
653856.44525,587208.6046376791
527161.7408500001,342442.38771399995
527161.7408500001,342560.7523934153
204745.61855,556377.3515597713
204745.61855,420388.9401700026
497862.1895999999,434685.7417680843
231387.6046,238619.34230501478
231387.6046,469618.2898434811
231387.6046,365106.7836168424
726198.1313999998,807381.9590128524
726198.1313999998,891763.4516134859
726198.1313999998,807591.7093614382
726198.1313999998,809791.0938943188
726198.1313999998,958063.7597655529
726198.1313999998,684792.8541220025
537713.7847,704118.920455367
537713.7847,558188.6306675489
537713.7847,605454.1779121377
566828.7002,681835.8313272907
566828.7002,963004.4456495761
652959.1272,573943.3517656972
652959.1272,574803.907201959
652959.1272,437423.940512259
652959.1272,652855.7427772142
652959.1272,535173.5108716129
652959.1272,569319.4338124059
311570.3708,571230.9258163502
311570.3708,444847.49538512883
311570.3708,303420.3583156021
634168.4725,734629.9235864186
634168.4725,517709.5343976263
780264.6392175,698310.5936138079
780264.6392175,976405.9190274896
780264.6392175,1049250.1893888707
780264.6392175,1051806.0123886005
780264.6392175,694491.687232407
780264.6392175,694686.541002543
780264.6392175,649786.2886378488
780264.6392175,775595.5142182396
780264.6392175,775142.163384204
780264.6392175,882261.5009113988
533572.129,425045.0136633257
533572.129,765556.2092725086
361753.7175,354787.09122665186
361753.7175,637957.6620655691
361753.7175,456671.5326560079
502683.9104,283450.9943831638
502683.9104,322767.9106311526
324431.28912499995,376156.67947209725
324431.28912499995,283724.69272960094
708189.9479,739607.452497344
708189.9479,567116.7574401281
708189.9479,460649.0425997369
536489.94265,534253.3837637722
536489.94265,464446.6711486623
621169.5534,615364.2108139471
633113.1633,557748.441126273
633113.1633,606600.5894880614
633113.1633,695808.1387922164
383922.9283875,492329.5552130663
383922.9283875,357313.82847667526
383922.9283875,335168.69173913234
383922.9283875,336204.71660509345
310535.42932500003,393411.7046817749
310535.42932500003,515509.15724064223
242766.8816,273229.6959949079
242766.8816,523066.3698560393
680932.1584874999,720205.5935467735
680932.1584874999,432615.0132390781
680932.1584874999,575818.7780020598
680932.1584874999,409792.94612553465
455152.14825,326771.7507240842
455152.14825,598064.8684385101
282614.2229,308146.6048097614
282614.2229,430790.70880600595
717926.75165,965130.0228342981
717926.75165,968745.0283621409
717926.75165,968419.5285289884
717926.75165,815809.0022163126
717926.75165,897643.9467943211
717926.75165,999082.88841251
448280.6427,428478.9811541042
448280.6427,624274.8897747393
665870.1227357143,1018143.8733440135
665870.1227357143,804251.1219615606
665870.1227357143,655104.513699065
665870.1227357143,946136.6027069793
665870.1227357143,657040.8445489199
665870.1227357143,944137.7273623926
665870.1227357143,814438.7689805746
757756.5759999999,1037477.4962156626
757756.5759999999,964617.3456159479
757756.5759999999,822352.5903052044
757756.5759999999,819546.6505308847
757756.5759999999,959868.7214181409
757756.5759999999,885781.2533292382
684031.7384875,789542.9063239441
684031.7384875,877167.4351119978
684031.7384875,1045993.4650464642
684031.7384875,917317.4878148081
684031.7384875,1043744.5169761032
684031.7384875,921411.916656082
684031.7384875,879919.672718963
684031.7384875,965442.9365341614
684031.7384875,723295.8702030672
684031.7384875,744470.431846155
684031.7384875,724904.807073418
684031.7384875,1040723.8866345062
847074.6458437501,736103.9373000475
847074.6458437501,738543.5659687769
847074.6458437501,957734.8624569981
847074.6458437501,881749.9769762037
847074.6458437501,876874.3853023993
847074.6458437501,876170.4115308127
847074.6458437501,876371.7288326412
847074.6458437501,680754.5949356802
847074.6458437501,935822.9528386955
847074.6458437501,936456.4151330695
847074.6458437501,694002.7453676423
847074.6458437501,937085.7961940849
390501.76312500006,414468.58823007066
390501.76312500006,558886.8543663999
390501.76312500006,635199.8076286033
390501.76312500006,572188.0238738841
308645.6933,441973.44378383394
308645.6933,424339.8744224777
308645.6933,410307.00608752016
659970.7821,419656.75811736647
659970.7821,687996.3057483159
659970.7821,742591.3587710457
2283844.3309750003,1145412.377425714
2283844.3309750003,1217837.1154219129
551097.0944,727788.1066662475
551097.0944,646337.290630007
551097.0944,1040967.1241069322
852644.3316599999,655370.4249377497
852644.3316599999,514816.3313987937
852644.3316599999,578955.5948498875
852644.3316599999,802349.7256864094
852644.3316599999,475710.94059026666
417037.5229999999,625826.3074516525
417037.5229999999,480789.49462019105
417037.5229999999,455094.2394032407
778480.56421,901852.08854607
778480.56421,751103.0140677816
778480.56421,816386.9354864086
778480.56421,897005.9974027683
778480.56421,708521.3278151419
340430.8469,280188.5604843236
340430.8469,409706.3526249956
340430.8469,413116.4899738372
217096.8327,315169.6173503677
217096.8327,314958.89650302456
217096.8327,303721.55539843556
217096.8327,301467.4917782963
845314.54455,873915.4321739617
845314.54455,717859.7821980021
759379.3397000001,585754.4465295343
759379.3397000001,634534.7803145597
303610.60380000004,409530.7842367569
303610.60380000004,397118.17420595075
303610.60380000004,514241.16401602275
571740.5175,583173.5169763345
589791.6309000001,474821.3332618729
589791.6309000001,767579.3001968571
589791.6309000001,477631.91224444075
589791.6309000001,574937.5604317454
589791.6309000001,575972.2826361251
589791.6309000001,447705.24389640003
531383.0962500001,589619.8590526935
531383.0962500001,724628.0563905427
305037.66115,580906.7262502881
305037.66115,439041.4725723849
305037.66115,300683.2988291191
261663.64675,546006.6160737299
261663.64675,464888.6560794656
867525.7118499998,789992.3117390469
867525.7118499998,786138.693298854
867525.7118499998,633852.4467636903
867525.7118499998,784035.7631625368
867525.7118499998,787306.813114286
867525.7118499998,873167.9444044159
1385554.4714375,898004.8837679293
1385554.4714375,1021015.8327946084
1385554.4714375,895511.9256239007
1385554.4714375,900961.3282631253
1385554.4714375,1027318.1148290286
1385554.4714375,1225047.7015028666
1385554.4714375,896634.1735342221
1385554.4714375,1135474.4336067094
1385554.4714375,995873.1417060433
1385554.4714375,1049800.2424533109
1385554.4714375,944784.4977867277
1385554.4714375,978457.8045730842
1385554.4714375,944929.9074902618
1385554.4714375,830600.8462410937
1385554.4714375,829917.3006781226
1385554.4714375,949039.9311012847
410793.8275999999,314695.2824793069
410793.8275999999,316591.2391013603
410793.8275999999,609728.2912415153
541539.0092699999,826995.858828634
541539.0092699999,679791.7971262829
541539.0092699999,828834.4535708507
541539.0092699999,832498.2718429712
541539.0092699999,540496.9642332541
236432.79850000003,266475.98003820254
236432.79850000003,331807.88381998165
236432.79850000003,368706.736639544
659618.78275,716498.6639097377
659618.78275,453463.5498657363
659618.78275,771462.1463911502
535081.6137,500989.66253287584
535081.6137,558916.1399655294
603220.4948875,561713.744609303
603220.4948875,560838.493172529
603220.4948875,710586.9951119896
603220.4948875,558217.6354114895
2466728.8626,1058800.545934636
2466728.8626,1046680.9146304717
564703.0478,415688.58819292986
564703.0478,740336.3552182275
549614.2483999999,508638.6873561529
549614.2483999999,452385.5015611507
549614.2483999999,745283.6788295523
549614.2483999999,422534.7115060267
825782.151,579716.1508810655
825782.151,784819.958747945
926603.6661538462,805170.9748696603
926603.6661538462,803106.3291185924
926603.6661538462,1027848.2997360489
926603.6661538462,899372.4323316887
926603.6661538462,1026869.5894796648
926603.6661538462,941561.8080134823
926603.6661538462,807049.9099991786
926603.6661538462,1030977.3689787216
926603.6661538462,867616.5557535242
926603.6661538462,892586.2056877419
926603.6661538462,743346.2513388916
926603.6661538462,868048.6779917052
926603.6661538462,1084002.6242655993
195225.72895,441221.8859039008
195225.72895,309703.0930613845
195225.72895,569646.699321152
658945.7754,703781.5341673363
372260.19145,590071.2368602775
372260.19145,313809.49647275516
653861.17905,607778.9223379779
653861.17905,661292.5852927633
653861.17905,651198.7886652481
180115.083825,359509.24743569334
180115.083825,444035.5853611663
520818.848,676491.446523351
520818.848,745222.4799573843
652300.8433678573,623285.4174382685
652300.8433678573,762144.1146735565
652300.8433678573,761956.1022261668
652300.8433678573,621313.2432059019
652300.8433678573,433868.362680996
652300.8433678573,716163.5595581523
652300.8433678573,579017.1097818579
261794.42065,385467.2638640962
261794.42065,520971.0983587914
261794.42065,377693.2777213878
597524.06435,706908.7282006489
597524.06435,946387.6975102683
406038.8508,527577.3369269386
406038.8508,444818.83258894074
406038.8508,412244.85939799045
1378329.2181999998,953444.6480282594
668229.4817,939511.5483269129
398317.86280000006,421701.571075893
398317.86280000006,246308.62779775047
398317.86280000006,283845.4047135979
932229.647475,833985.9156777489
932229.647475,673844.296916465
622469.1338142857,458942.61860886874
622469.1338142857,601093.8751105914
622469.1338142857,645555.8142165766
622469.1338142857,646522.7793461919
622469.1338142857,429013.25337058917
622469.1338142857,540445.0305983163
622469.1338142857,437030.21118066536
499388.91445,505855.2722851854
499388.91445,656460.3196244413
499388.91445,344194.668712122
330033.22264999995,388987.03856455535
330033.22264999995,528680.3970732448
401830.76115,329676.06094872014
401830.76115,593673.4099350648
401830.76115,448351.3288602135
784800.2774499999,744668.6296870621
784800.2774499999,497536.5817658818
1086297.11,1100674.0610632454
1086297.11,880310.0406546445
1086297.11,1097626.9341927848
1086297.11,719342.6203752162
1086297.11,812990.8471378572
1086297.11,1020202.6100107168
1086297.11,663329.8389073539
854736.3863499999,1087942.439214476
854736.3863499999,994678.4067842036
547369.3338499999,464699.0427058402
547369.3338499999,433468.15935388743
754382.6621999999,919656.501764701
489658.6034,716328.4096120069
489658.6034,775959.3491091764
642811.5892499998,768732.5533747968
642811.5892499998,756003.4864291275
642811.5892499998,709663.2668369813
585797.677125,735535.2987787174
585797.677125,736309.2870239597
585797.677125,1071929.3639540202
585797.677125,871365.072873268
585797.677125,1071105.2682127636
585797.677125,733989.67144345
585797.677125,734590.3559141124
585797.677125,940683.6214026255
585797.677125,678916.433213245
585797.677125,694799.6378657896
585797.677125,693898.1417118395
585797.677125,925533.8835689123
1413735.1904,937184.2420742244
1233835.0821999998,1036546.2249365824
1233835.0821999998,1182310.5130021428
588701.138325,567480.8867011885
588701.138325,513604.66523778444
508589.2890749999,650775.3811226876
508589.2890749999,900623.7936833464
410833.5042249999,412506.47109651007
410833.5042249999,582629.6065698453
987609.967,954096.6146723595
987609.967,666164.6009823717
987609.967,957176.524963845
987609.967,813329.8796977696
987609.967,893017.1525165539
987609.967,813126.0504397355
987609.967,694724.7233470953
721375.9062,543618.974927472
721375.9062,690249.6822682354
721375.9062,607437.1135574488
721375.9062,689500.3211827541
721375.9062,781609.6173129356
721375.9062,490426.31756470096
549399.5904,643169.3108376458
549399.5904,419657.0055474264
549399.5904,543433.4080858299
674181.0595142856,806249.2612666704
674181.0595142856,886138.5597937996
674181.0595142856,586327.4092998514
674181.0595142856,585597.4077642102
674181.0595142856,682332.4230597375
674181.0595142856,541418.5700824696
674181.0595142856,871021.5318609375
1047582.404,845899.4485234026
1047582.404,704356.1665855285
1047582.404,698172.5077525679
1047582.404,702181.6157514784
1047582.404,850911.9918102209
1047582.404,981852.9551762042
1047582.404,645191.9494407058
1047582.404,913302.376017181
1047582.404,644281.4346443856
1047582.404,779762.7692688142
1047582.404,879109.890527159
255298.3221,525714.1002101887
255298.3221,522266.44509541045
255298.3221,206775.6971464568
253597.24299999996,326720.4648099675
253597.24299999996,464954.85791367403
270529.55305,265863.22336415004
515464.60875,639173.7826233958
515464.60875,637066.1336233135
515464.60875,637796.5147949671
515464.60875,642051.29053052
515464.60875,597063.9223962892
515464.60875,731208.2411340341
515464.60875,466434.2535104663
571149.573275,589202.6493609657
571149.573275,585665.2728722544
571149.573275,664401.6521181939
571149.573275,807948.5557295443
571149.573275,879403.5136723156
571149.573275,555318.9134904358
302044.64499999996,507775.4944926658
302044.64499999996,366289.28357532644
220477.97669999997,386716.62323521986
220477.97669999997,250054.22405790054
220477.97669999997,211424.62173365778
702008.0588500001,635115.0895735187
702008.0588500001,1132532.529336013
960175.02612,827322.8691790525
960175.02612,551691.6699497222
960175.02612,693165.8774535217
960175.02612,552665.5214277629
960175.02612,551164.3109955501
960175.02612,643887.5144704093
960175.02612,774879.9747925702
960175.02612,513814.3898751999
960175.02612,775221.0446566418
960175.02612,524322.4933005077
258224.09695,493282.195355289
258224.09695,501517.7146435238
258224.09695,600893.6500872229
918875.0069666666,1111650.7133763446
918875.0069666666,1113307.4090263
918875.0069666666,1109643.6792256867
918875.0069666666,977461.2099163145
918875.0069666666,983497.9309815788
918875.0069666666,1109536.8633034849
918875.0069666666,935051.0421631761
918875.0069666666,1109429.929816458
918875.0069666666,1169944.2234006375
457603.8899375,356975.744096799
457603.8899375,642287.9085588689
457603.8899375,469037.68215679744
457603.8899375,604432.6548890286
587897.6259545455,941913.027717923
587897.6259545455,986225.5684521685
587897.6259545455,858307.5029959497
587897.6259545455,722370.8498324951
587897.6259545455,990472.3962952758
587897.6259545455,859065.3004882688
587897.6259545455,722370.8498324951
587897.6259545455,664531.4010189498
587897.6259545455,792335.8580560215
587897.6259545455,794165.0705968615
587897.6259545455,798719.5093149943
377991.0562,454129.93969099096
377991.0562,400750.0734298697
377991.0562,353434.59522065497
599080.83645,575224.3238586122
599080.83645,576446.20115752
599080.83645,720177.8521217959
599080.83645,683403.1032703447
2792021.9207999995,1321407.2873275112
2792021.9207999995,1326076.771269017
2792021.9207999995,1357626.268248221
1236101.81185,1043242.8291627042
1236101.81185,878583.4835017382
1236101.81185,872410.9950699008
276857.1928,421385.4175762054
276857.1928,280987.1217813358
276857.1928,391378.75841832167
271184.66469999996,554151.1681900013
271184.66469999996,402233.699198599
608219.7632250001,660213.3964402053
608219.7632250001,526539.2399059519
624632.6227249999,489622.83468973765
624632.6227249999,436255.0205646392
624632.6227249999,578330.3450511143
624632.6227249999,680210.2188207406
602504.77095,435190.82579130284
602504.77095,572379.9370048651
727778.1389178572,959798.3187323338
727778.1389178572,903147.0607553443
727778.1389178572,822293.2552893936
727778.1389178572,1035670.3697511593
727778.1389178572,759556.0646978812
727778.1389178572,890439.1625174526
727778.1389178572,758138.9583737155
417265.66152499994,611044.5661972875
417265.66152499994,486178.2529848829
463292.42155,368652.3186534935
463292.42155,656982.732734981
463292.42155,367483.875136929
463292.42155,642336.914276711
613557.5921375,645173.9112955412
613557.5921375,557788.1772344442
613557.5921375,490854.39990365074
613557.5921375,520632.4296694146
904106.9925499998,958784.8835531187
904106.9925499998,652742.840226606
904106.9925499998,922473.7012390499
844986.1751,669084.5441404029
844986.1751,780198.397440051
265760.1342,319606.5352848529
265760.1342,601711.8140021968
265760.1342,306628.98901357496
265760.1342,299080.97852989146
323966.5036,323315.5687853623
323966.5036,459598.07262487686
323966.5036,434326.57340438763
325001.07529375,547857.3102688394
325001.07529375,725649.7909250262
325001.07529375,414263.28098872706
325001.07529375,433543.17098720005
846918.7848857142,769057.4824725576
846918.7848857142,924716.4607748194
846918.7848857142,919911.2285671099
846918.7848857142,774291.5208125631
846918.7848857142,1064974.044648145
846918.7848857142,1018079.2731104305
846918.7848857142,840810.7765609045
2563682.8946999996,1061282.444587862
2563682.8946999996,1363906.0178314457
754863.8911875001,856403.3544381899
754863.8911875001,936484.341615178
754863.8911875001,853799.8689059676
754863.8911875001,702507.0926560145
754863.8911875001,708936.322749265
754863.8911875001,646350.964724935
754863.8911875001,924086.0040934324
754863.8911875001,804501.824974481
1241843.5865,983313.4819549707
1241843.5865,1164617.0381410872
594371.70226,587750.5311218591
594371.70226,726829.8768392577
594371.70226,728222.5594176672
594371.70226,414725.4255437854
594371.70226,554642.7570755508
249088.906925,536886.189694531
249088.906925,376949.9740566644
401416.6483875,607265.4354414536
401416.6483875,460999.98092966835
401416.6483875,580465.9665537651
401416.6483875,269636.80881056824
450168.47745,255611.75740920147
450168.47745,424687.09698117996
366075.804875,539598.0481385427
366075.804875,405374.4408072033
366075.804875,401952.5581138333
366075.804875,541352.4704735702
431589.8903,422199.314663141
431589.8903,422372.84293711727
431589.8903,425123.77409970656
431589.8903,704455.8103031957
596105.145,557178.094340121
596105.145,415939.65150999575
596105.145,519309.4825129501
596105.145,399969.86661832687
498014.56375,486582.8280693985
545150.369275,510325.48109067697
545150.369275,747748.4617235417
545150.369275,743398.0512346337
545150.369275,751700.6865826345
692261.7633,536836.8048043407
692261.7633,409135.69948231935
359683.75828124996,569915.8488925429
359683.75828124996,575945.1957816638
359683.75828124996,714047.9130493675
359683.75828124996,563115.523531426
944487.51525,907005.8866204672
944487.51525,907609.0205586145
1253165.9654875,804698.7975881032
1253165.9654875,806187.0775191796
1253165.9654875,1184508.0589900443
1253165.9654875,803847.4672742325
1253165.9654875,1056259.4499334064
1253165.9654875,1056868.3483310528
1253165.9654875,963393.3284695914
1253165.9654875,974445.5402822976
1092779.9273,888246.602813569
1092779.9273,1026928.4905380902
1092779.9273,830471.6918997037
1092779.9273,893646.7508318371
1092779.9273,1027490.0185125682
1092779.9273,1104796.8735298228
1092779.9273,682697.8305010014
1092779.9273,681479.1996013459
1092779.9273,821045.0597934134
1092779.9273,820223.1743790179
405203.0278,316825.5982137047
405203.0278,452073.7299793075
405203.0278,430927.04008542275
894346.8478499999,868626.0980702318
894346.8478499999,897364.6802182138
463853.58265,619907.8740761965
463853.58265,497203.1068491336
707100.7738499999,783701.6944282508
442513.7418,320152.26596644404
442513.7418,311178.0313208469
526532.88285,590600.8556375281
526532.88285,442364.8583601265
526532.88285,484490.97501407657
546120.9791875,534287.0604195674
546120.9791875,393600.81227833556
546120.9791875,639792.0672812015
546120.9791875,640726.6601059948
213243.9262,524949.8350322187
213243.9262,258076.60131473572
213243.9262,492750.03775246977
2404922.4834999996,863617.0230444147
771628.6646499999,748597.3451593146
771628.6646499999,746640.4656298927
771628.6646499999,746846.3105400867
771628.6646499999,599487.493210168
771628.6646499999,677947.5815944552
771628.6646499999,774074.0877936892
735005.2830999999,697123.1853164913
735005.2830999999,701804.7438542505
735005.2830999999,1000738.0925336708
735005.2830999999,850868.778512927
735005.2830999999,853840.8897734911
735005.2830999999,694853.5417729997
735005.2830999999,648990.8591376297
396063.6415,376543.87410110445
396063.6415,371877.3377055096
462816.69105,575045.7143562302
462816.69105,424338.08574500115
462816.69105,652135.1782287057
233668.519625,379512.6314842285
233668.519625,253358.2607619993
890088.0336,722059.8126313371
890088.0336,851190.9342878468
890088.0336,949361.260680883
696009.5518499998,621783.4249343445
696009.5518499998,685135.7282581588
696009.5518499998,794817.6495571075
205525.28240000003,374031.2524322893
205525.28240000003,365716.3534072313
205525.28240000003,190837.68509139016
835495.8788749998,1014037.0341885858
835495.8788749998,1004775.7933494723
718086.6045499999,611781.1039058436
718086.6045499999,765142.7685307506
718086.6045499999,469176.4176811493
718086.6045499999,614997.0982852186
248306.69195,362083.4226314334
248306.69195,497685.867912335
248306.69195,343557.7175872934
561276.5752499999,735848.2771259681
561276.5752499999,672222.3984990397
561276.5752499999,894812.0618110225
1078075.4598,650919.8283012368
1078075.4598,653969.9556258947
383741.198775,414722.400016398
383741.198775,284838.3450124674
367660.34455,307327.35538160155
367660.34455,591901.9496304824
515429.4885499999,575530.1471775648
515429.4885499999,567881.8650113543
515429.4885499999,426610.06697148125
515429.4885499999,679074.8215745408
507203.368125,732748.3569331577
507203.368125,586756.220841679
507203.368125,493355.596683032
507203.368125,682938.888598784
507203.368125,684579.0046969757
507203.368125,420389.1795356607
815437.8629,747391.7255562379
815437.8629,748841.9188331723
815437.8629,750604.9389178939
815437.8629,751331.4451150191
815437.8629,843899.92046247
815437.8629,751331.4451150191
815437.8629,800221.3065868504
718537.5432000001,973025.2327718546
718537.5432000001,700179.0882432235
718537.5432000001,704718.0503014447
718537.5432000001,971075.013047379
718537.5432000001,705098.6198251473
718537.5432000001,971384.6045163532
718537.5432000001,646964.8105667797
718537.5432000001,904522.0571074019
718537.5432000001,649108.0105949234
718537.5432000001,916017.5333231273
718537.5432000001,777493.9421910143
718537.5432000001,733151.8058601231
395320.004275,406390.0136540275
395320.004275,279599.08331946196
391675.0202249999,417459.4866676352
391675.0202249999,301463.92075856024
178874.9897,294868.1796358342
260309.857325,362143.26360415464
260309.857325,518818.69091674616
700898.8248000001,626432.6105855643
700898.8248000001,806229.9897342599
431332.29269999993,577666.7080139389
431332.29269999993,319136.08266042435
857490.3066749999,710530.5981688112
857490.3066749999,1000762.8501051192
737708.6286999999,872378.8624831018
737708.6286999999,585763.4238459378
737708.6286999999,1032789.5464267358
444407.4964,533187.4744193922
444407.4964,534877.2917378078
444407.4964,473635.1213986803
408359.78145,432770.1466940562
408359.78145,302899.5890391036
2402790.8732,1146549.7247167754
2402790.8732,1239257.414511323
609799.1106375001,528650.5771356208
609799.1106375001,607926.3912694467
609799.1106375001,798958.4435027882
609799.1106375001,706616.0917608286
793820.4541,455590.1926976388
793820.4541,776972.0829733479
605879.5718625,879160.4885556868
605879.5718625,659827.1511574798
605879.5718625,662345.2123144051
605879.5718625,590686.7140799987
605879.5718625,814897.3858826975
605879.5718625,676609.2558195697
619862.8333999999,979609.9442398043
619862.8333999999,695000.5738787412
619862.8333999999,1066669.5297290783
396119.4329,454208.61745503644
396119.4329,596323.7020152169
396119.4329,563758.1561872798
541392.546,396162.2412282019
541392.546,401876.39505455235
541392.546,688824.6909726177
541392.546,371214.54752473236
909861.8307538462,946228.7106855812
909861.8307538462,1151360.352893833
909861.8307538462,1065574.000701968
909861.8307538462,805989.5631423272
909861.8307538462,943665.5450326088
909861.8307538462,945568.6257464476
909861.8307538462,806713.5172845908
909861.8307538462,1066654.637566466
909861.8307538462,988950.002346561
909861.8307538462,742646.5794056786
909861.8307538462,870292.6423001529
909861.8307538462,767008.1013513911
909861.8307538462,848324.2333462902
714361.6223999999,931121.8484793322
714361.6223999999,908085.016254108
686485.3438833334,785332.6768994379
686485.3438833334,930012.7192620789
686485.3438833334,784054.779640692
686485.3438833334,931347.5681034791
686485.3438833334,1146640.409785327
686485.3438833334,1061511.4818381264
686485.3438833334,719253.2935999829
686485.3438833334,852859.9188259315
686485.3438833334,717962.6738324959
399918.5347,586536.5518286037
399918.5347,305143.65756371774
399918.5347,430886.82216237264
476403.57497,460437.52896125667
476403.57497,599842.1308033954
476403.57497,746997.9268584844
476403.57497,521694.0870749467
476403.57497,560451.6216530572
313123.36847499997,505076.4288672901
313123.36847499997,389471.0697884035
584715.1722799999,435650.78895536583
584715.1722799999,718759.3533502119
584715.1722799999,574654.8695481601
584715.1722799999,538749.7320598066
584715.1722799999,414289.8584215301
234630.96667499997,469419.8020775139
234630.96667499997,336384.8506115424
234630.96667499997,321738.5099028823
234630.96667499997,564852.6165277179
313335.72959999996,282292.371655058
313335.72959999996,278293.67665559135
529317.51685,349671.09986799036
529317.51685,505981.5922961089
522041.6939499999,513993.9169728891
522041.6939499999,569619.9947120494
635984.38085,999711.2203630322
635984.38085,840170.229455777
430513.9353,509260.90512361925
430513.9353,662437.8730223577
430513.9353,348177.36070736835
463345.11155,656220.5297713907
463345.11155,502551.0759206449
547529.218975,651192.1711394244
547529.218975,877746.1967898447
401450.3270000001,450542.73735176265
401450.3270000001,317689.7088839018
401450.3270000001,569006.220692917
401450.3270000001,426307.0707729402
588458.3964000001,562388.8374462404
588458.3964000001,561171.042756367
890907.9486214285,950435.2344321731
890907.9486214285,950018.0412721664
890907.9486214285,1023106.996313449
890907.9486214285,809592.9755188867
890907.9486214285,662376.5944264564
890907.9486214285,811424.3734833316
890907.9486214285,822526.2221873241
673032.55525,765945.7967236224
673032.55525,623235.5631072373
629405.6111000001,446235.19804214215
629405.6111000001,710720.1981571882
629405.6111000001,561626.164575288
681813.96332,548848.9091865765
681813.96332,549517.2286081223
681813.96332,846939.4587922541
681813.96332,555098.5543672824
681813.96332,562471.9276648143
648916.0852499999,795938.5838339893
648916.0852499999,722716.1932485658
317962.87135000003,288781.58485988865
317962.87135000003,355624.60043292685
317962.87135000003,507540.2435054339
610059.4201999999,418433.5426695873
610059.4201999999,415985.2704912869
610059.4201999999,419331.05435814307
610059.4201999999,390147.743344623
610059.4201999999,400781.17564894445
562269.379275,533212.1259297191
562269.379275,716166.7981734258
616737.8070899999,795919.9488494223
616737.8070899999,839129.7724755473
616737.8070899999,648202.7307613291
616737.8070899999,794498.7025755413
616737.8070899999,749251.2214836639
394631.899375,456262.10266667267
394631.899375,679692.0839299249
423419.26965,335100.48065537185
423419.26965,602395.9690818534
387045.10605,545772.8521608252
387045.10605,316092.13802705886
527011.5371499999,518288.1280722236
527011.5371499999,560887.8337839076
643044.477275,491675.24670546164
643044.477275,491675.24670546164
643044.477275,491467.4171984253
643044.477275,450395.69752990286
643044.477275,731480.9246101273
643044.477275,582752.1517443823
246346.38425000003,340017.115981505
246346.38425000003,336312.137659628
246346.38425000003,334789.223864791
570931.18805,659342.9703909669
570931.18805,417651.4246873898
278068.55845,278867.6690822201
278068.55845,384586.1868310297
471357.64559999993,309620.71760307904
471357.64559999993,344401.74887406017
694568.0887125001,602954.1875128641
694568.0887125001,600096.1828900252
694568.0887125001,601568.212963487
694568.0887125001,482618.78078939905
354453.3255,503805.01912643854
354453.3255,379344.1605747666
354453.3255,525222.947672637
674397.8639571428,598494.7389359559
674397.8639571428,596861.5036695602
674397.8639571428,750732.5676466251
674397.8639571428,595457.2765348749
674397.8639571428,545923.8064978735
674397.8639571428,546271.8960525831
674397.8639571428,692658.4456411351
222919.51745,261407.81070687628
222919.51745,391579.498820882
562242.8475999999,423557.64468608366
562242.8475999999,559525.8501042037
894534.5164071427,705321.9036035418
894534.5164071427,940147.6929891177
894534.5164071427,942739.8457809545
894534.5164071427,938023.8138318809
894534.5164071427,700933.3682482034
894534.5164071427,1004640.024814148
894534.5164071427,656315.5573531978
869100.4692499998,968883.1877627431
869100.4692499998,1008591.5343579089
623096.10705,373255.16312257823
623096.10705,529943.1996711027
263547.3526,391129.51991689653
263547.3526,355956.28218576073
590752.5042,897586.1450125567
339338.65129999997,276844.2345718169
339338.65129999997,522378.59406486514
729113.6117000001,609465.9860663058
729113.6117000001,565721.5060254837
262657.83925,276670.68240170914
262657.83925,273086.89251665835
262657.83925,376923.9610017099
533870.21925,776714.9153000693
533870.21925,553623.3278249257
533870.21925,776528.5243008449
533870.21925,633370.4268996727
533870.21925,710404.3587080251
533870.21925,447546.6518297587
533870.21925,469550.0294465841
1013889.4734423076,1195515.4265312543
1013889.4734423076,985200.9734528932
1013889.4734423076,1080388.4702893333
1013889.4734423076,982577.146882368
1013889.4734423076,980377.4553464741
1013889.4734423076,845578.6652296749
1013889.4734423076,850646.3208302145
1013889.4734423076,980184.3240917174
1013889.4734423076,1021539.4161642032
1013889.4734423076,781889.6262279825
1013889.4734423076,780573.4560125474
1013889.4734423076,906452.0858291303
1013889.4734423076,879488.0377337054
589391.130825,1007031.8571837735
589391.130825,873023.4701254878
589391.130825,733623.768381538
589391.130825,733533.9484513284
589391.130825,735512.4680690689
589391.130825,1010376.1729711252
589391.130825,951759.3314691973
589391.130825,676905.6458265106
589391.130825,933316.0485797331
589391.130825,949287.5518437845
408504.4018,440045.8510817656
452493.01405,424685.8837880275
452493.01405,764001.4736564372
770666.5422299999,700573.6445624732
770666.5422299999,849897.7935391236
770666.5422299999,555378.3557481037
770666.5422299999,556539.8604387715
770666.5422299999,510935.10814623296
538150.2902999999,696210.2616245113
538150.2902999999,399759.69121928466
538150.2902999999,506481.1273214923
881262.5203499999,648943.1704891664
881262.5203499999,912918.1834002014
881262.5203499999,1050119.5399662547
839467.6098,710022.0101464938
771618.7649374998,1000337.7982543558
771618.7649374998,1003289.5593573069
771618.7649374998,940902.4939350134
771618.7649374998,863526.3333898691
771618.7649374998,1075234.9448912526
771618.7649374998,799807.4742989212
771618.7649374998,999375.5070988969
771618.7649374998,1117996.389401937
788807.16304375,559949.972727965
788807.16304375,643638.5003823175
788807.16304375,500973.71649850556
788807.16304375,695621.6285108426
788807.16304375,598299.4125129983
788807.16304375,452992.202361852
788807.16304375,732028.2725158562
788807.16304375,732901.684316678
696283.1275749999,945883.3914602678
696283.1275749999,909721.3980393964
879511.1169,851883.9388683316
879511.1169,855237.3440480466
759950.6712499999,544841.2945618997
759950.6712499999,692524.0906296583
759950.6712499999,610128.0336974649
759950.6712499999,833263.0602580771
759950.6712499999,777584.9080600532
759950.6712499999,504722.93056248245
759950.6712499999,778883.6687403796
759950.6712499999,711037.7388656938
421951.3437000001,443209.11290501384
421951.3437000001,586693.1437548727
385276.83645000006,553534.9294420065
385276.83645000006,402680.6073090041
210162.7254,442665.28142829204
210162.7254,481743.7551587863
814342.06195,678754.2607355942
814342.06195,671254.381873025
517991.010625,676989.8822312502
517991.010625,598591.4537606811
566550.1465,457858.60932589066
566550.1465,520922.66408759786
261520.2246,372154.0621171004
261520.2246,480042.5882447383
302769.81005,365329.1189853081
302769.81005,256713.37297331454
387216.78665,598867.1300451824
387216.78665,586769.539754892
387216.78665,571857.7984267718
550691.67065,501562.0154957688
550691.67065,667653.9973739666
651493.6990166666,908478.604244342
651493.6990166666,1040368.186819287
651493.6990166666,858474.6930219226
651493.6990166666,910561.9874857346
651493.6990166666,1123453.0205381848
651493.6990166666,1041406.7509905798
651493.6990166666,958639.0682771804
651493.6990166666,960254.1469138622
651493.6990166666,857284.8861702355
773160.8622000001,538958.0632735353
773160.8622000001,546350.7110879917
1266918.80915,795418.0759611849
1266918.80915,937603.6918079994
1266918.80915,887628.5895857601
1266918.80915,1068983.0567738202
1266918.80915,1071925.0087642584
1266918.80915,799493.6383058315
1266918.80915,935899.0402994109
1266918.80915,731109.5290233359
1266918.80915,865716.8478148693
1266918.80915,990049.1613399545
1266918.80915,990392.3211054275
1266918.80915,730267.6566144036
605596.9995999999,508290.6279921535
605596.9995999999,740387.4903508507
605596.9995999999,449977.01711300755
605596.9995999999,697776.3945360186
551045.40755,653039.903996859
551045.40755,794324.9240386499
588433.6680249999,515612.7058127428
588433.6680249999,684482.6645455075
279361.51128750003,436867.80172490526
279361.51128750003,605077.8626503082
279361.51128750003,304798.9324116735
279361.51128750003,289618.64596595225
275421.65027499996,368276.12911251537
275421.65027499996,510983.0209428122
1070947.9345,822023.506191086
1070947.9345,778583.954104072
298215.061,419209.67696468683
298215.061,275582.88718031516
298215.061,285098.90532924986
615076.250625,898144.004308407
615076.250625,987837.7426584775
615076.250625,852008.7749057953
615076.250625,757525.1082340403
615076.250625,1031430.1633920604
615076.250625,901555.9680777221
615076.250625,951298.4164307266
615076.250625,714772.7121792122
615076.250625,827654.3166152475
615076.250625,830089.4035069242
631807.9996125,477039.8741341609
631807.9996125,476593.66360366065
631807.9996125,771931.6981828315
631807.9996125,626148.2870688989
476200.3137499999,619882.2512133075
476200.3137499999,762853.7970316677
476200.3137499999,616875.3150708185
476200.3137499999,479861.5577309432
476200.3137499999,578811.2065555523
352568.17309999996,595162.1773821876
352568.17309999996,603586.5547515664
1198468.9963,1082356.6474492296
1198468.9963,1098190.6877013557
300771.2016,538571.1242056794
300771.2016,408063.8987776301
300771.2016,678610.1908305928
300771.2016,382418.1830743441
300771.2016,380942.18370035203
300771.2016,533458.4860008729
669769.9170571428,630356.8177727745
669769.9170571428,776846.1458937655
669769.9170571428,685310.9129189517
669769.9170571428,489830.1768388684
669769.9170571428,444860.8773084796
669769.9170571428,457163.4819535381
669769.9170571428,729500.6913698926
476119.06664999994,720004.6038825988
476119.06664999994,443499.1673786183
476119.06664999994,768988.8564863242
409420.14274999994,645825.7925828355
409420.14274999994,362060.75017112866
409420.14274999994,630050.0047773279
659387.372175,805404.2168360106
659387.372175,950863.8718560063
659387.372175,655519.1287727513
659387.372175,947955.0058131581
659387.372175,807708.1294181291
659387.372175,753110.4423182373
389092.572,358713.86021955824
571365.4057499999,755967.430824959
571365.4057499999,605082.2113179173
571365.4057499999,709564.0919853956
2573530.194675,1253419.1051436234
2573530.194675,1447176.6628211518
996530.2228,697074.3088411137
996530.2228,693174.3875773938
996530.2228,696850.5662145448
996530.2228,853319.6339322218
996530.2228,848964.3758290247
996530.2228,651267.5339992158
582964.84485,685220.1131427579
582964.84485,678704.02681231
582964.84485,778967.2633163201
400420.21075,437967.14128826483
400420.21075,420413.38162542705
314442.626,440694.73916951445
314442.626,553047.3699539726
676045.2581999999,862024.8054420978
676045.2581999999,819836.716134557
396967.68715,377566.60165886884
396967.68715,509272.71838986943
328727.3079,280241.65534546797
328727.3079,273680.2941366832
328706.061025,402407.1813690428
328706.061025,533172.2375169935
701192.673475,809308.8070289622
701192.673475,845235.6486169101
290294.34937500005,415761.6048334918
290294.34937500005,543520.4728499104
281759.44594999996,413599.9875290552
281759.44594999996,391977.10134559614
806778.5413999999,864764.910893232
806778.5413999999,564956.952846813
806778.5413999999,951586.3857692729
402923.8873,608462.2142616195
402923.8873,464245.8192687676
402923.8873,582159.0399383862
639807.32615,396210.9584320912
639807.32615,416209.6917898783
229509.5487,257828.77929400618
229509.5487,520556.2211938929
229509.5487,225126.32919425075
512031.475325,659053.8343823166
512031.475325,510822.12295224203
512031.475325,623436.2405439535
512031.475325,477888.9830196495
259133.43874999997,248266.0110228936
259133.43874999997,189231.03291561245
345399.09864999994,665318.3979314032
345399.09864999994,395326.8469228191
345399.09864999994,378699.4702573345
345399.09864999994,352125.3672387121
543140.6524499999,679234.7686321944
543140.6524499999,674581.421899695
587335.2362500001,999036.9060873813
587335.2362500001,725394.800685486
587335.2362500001,815432.263117951
587335.2362500001,998740.5898850632
587335.2362500001,724846.042506127
587335.2362500001,725303.3094130437
587335.2362500001,664525.8886305309
587335.2362500001,664764.0866949896
587335.2362500001,798734.6956524913
587335.2362500001,794672.7063682331
419903.5969,302824.68040475226
419903.5969,564638.2062429532
419903.5969,296887.25661557226
310822.82764999993,283831.68648501893
310822.82764999993,342238.26400759845
296155.95375,492259.02142869215
263214.9219,413809.68453817227
263214.9219,351808.5271699331
263214.9219,265282.9675460021
593086.6641749999,835176.4848599707
593086.6641749999,693905.7423161638
2460849.3608,1238672.7873312586
2460849.3608,1249509.8919565713
472782.29405,378822.9436707326
472782.29405,394461.7127781121
472782.29405,629187.726723386
472782.29405,620994.2371569658
1006420.6398,634304.9585637876
1006420.6398,746280.5031124712
788225.8143000002,442905.98526690295
788225.8143000002,576039.0825628457
475950.21785,358905.73082548863
475950.21785,563358.8428136195
478859.261225,640854.809225682
478859.261225,528276.2564777664
878569.9666749999,782698.3132514611
878569.9666749999,783625.8169674363
878569.9666749999,632187.1023401676
878569.9666749999,710871.2275489009
878569.9666749999,855016.0133574061
878569.9666749999,577686.2652505554
301007.30765,287239.02335338376
301007.30765,500630.135585912
492884.51799999987,601178.7214834201
492884.51799999987,755187.6633874655
492884.51799999987,453378.24384626985
644029.2495,842553.3722880196
644029.2495,906535.2863834136
644029.2495,625535.9673471698
644029.2495,906838.0299323169
644029.2495,773693.2912932134
644029.2495,844866.5140561025
644029.2495,844641.9094472545
644029.2495,845314.8463677447
644029.2495,645569.679258413
237247.79790000003,496479.4019420425
237247.79790000003,489500.7046902735
237247.79790000003,464316.6644222069
241956.8396,226386.6718688365
241956.8396,518830.73707330244
581240.037975,679758.7189683062
581240.037975,589865.5671228202
795435.0022818181,732915.5182085268
795435.0022818181,877381.1472574776
795435.0022818181,1009694.1983626001
795435.0022818181,731184.6645106447
795435.0022818181,1014199.7068631938
795435.0022818181,962129.15898103
795435.0022818181,809221.6524935086
795435.0022818181,936942.9128067625
795435.0022818181,675971.3903906321
795435.0022818181,807791.2197023099
795435.0022818181,687705.6332973924
583692.0046000001,367018.73168579576
583692.0046000001,400165.6343143289
664898.6179,882862.0591720045
455053.42425,633760.7336364842
455053.42425,347722.93376014987
455053.42425,601763.0805059086
455053.42425,596784.8224679481
164973.55659999998,535544.1109527044
164973.55659999998,249909.5189682113
778264.57005,953677.0593473618
778264.57005,1096328.5464982125
1328710.7874,1079330.1672195292
1328710.7874,807379.461982234
1328710.7874,952110.9224416288
1328710.7874,1038164.8264223465
1328710.7874,950139.9285671532
1328710.7874,1079330.1672195292
1328710.7874,808755.0852112699
1328710.7874,999295.6626777028
1328710.7874,766821.1963768952
1328710.7874,1021694.6162102267
1328710.7874,875524.4575621772
1328710.7874,1136617.2251889668
350215.65625,396811.19426411396
350215.65625,268868.70439928037
624308.6357,560262.8255222308
624308.6357,561701.2870651324
612318.0719999999,769800.1021111702
612318.0719999999,775186.1240436108
783161.6045,831359.6107670623
783161.6045,842941.7349999518
668264.0503499999,839614.9644792601
718333.1300499999,789221.7020094509
806343.4671,739521.1319666384
806343.4671,797574.2148631483
2474159.8464,1212679.5949918835
2474159.8464,1255019.244581083
442465.83516,450208.962616505
442465.83516,733087.2187125369
442465.83516,504380.9834648571
442465.83516,551492.8360078227
442465.83516,550181.6366400152
735579.9003000001,698699.3875997234
735579.9003000001,552598.2018094189
735579.9003000001,556290.6892769834
735579.9003000001,766154.8865583432
735579.9003000001,641815.7205106805
735579.9003000001,641371.1038781167
206646.99205,311531.2117755708
206646.99205,321673.28323669103
553338.0834,465785.82285654417
553338.0834,762920.3413255374
553338.0834,614865.9632167502
553338.0834,561093.022956023
582134.9716666667,602665.1921662937
582134.9716666667,887050.487865513
582134.9716666667,743462.0206467202
582134.9716666667,675520.1534767144
582134.9716666667,744193.6597306841
582134.9716666667,825537.1767670743
582134.9716666667,553518.4315240328
582134.9716666667,689721.8758127117
582134.9716666667,688520.1532283197
434795.7272625,451728.92922640836
434795.7272625,771547.373899051
434795.7272625,508831.34042457934
434795.7272625,421688.49164496653
434795.7272625,533211.4152098988
434795.7272625,419667.9498564785
581153.4145000001,572074.8094191912
581153.4145000001,571808.06506761
581153.4145000001,717854.2694047735
581153.4145000001,652398.255321865
581153.4145000001,390285.7589837845
581153.4145000001,462459.4637429768
445246.488425,451889.9612729455
445246.488425,318253.54688073706
430527.40264999995,306501.7451897263
430527.40264999995,563802.7379027235
584107.80674,418965.01417411666
584107.80674,413628.3831096097
584107.80674,600518.5794962279
584107.80674,522172.42674534104
584107.80674,497266.9136196055
802699.2181714287,705009.172972866
802699.2181714287,551781.1226581861
802699.2181714287,551682.0726219913
802699.2181714287,553778.3798518202
802699.2181714287,790505.4714312578
802699.2181714287,509986.8668456655
802699.2181714287,510767.7870795878
891841.62556875,1141801.6919145742
891841.62556875,1145507.4644750813
891841.62556875,867519.2510864733
891841.62556875,772855.1063799091
891841.62556875,918083.5792720078
891841.62556875,869877.8544361969
891841.62556875,919054.1072859241
891841.62556875,851958.0031121634
310987.20509999996,420040.3953949111
310987.20509999996,552597.1514733643
587991.040625,882727.8395490616
587991.040625,885009.1893844743
587991.040625,743691.2460190743
587991.040625,666819.4137549
587991.040625,546435.4546986916
587991.040625,820915.5901294075
587991.040625,554237.7430675364
353073.799425,413709.27801933116
353073.799425,273023.8848521717
424565.37232500006,364371.62292442896
424565.37232500006,650698.0160668013
424565.37232500006,575237.0112967053
424565.37232500006,471690.52482842037
440454.33302499994,705527.3534275386
440454.33302499994,419234.18527916784
440454.33302499994,559801.2034672648
440454.33302499994,369465.97465460945
241325.13055,358462.6466184076
241325.13055,248635.53292317118
438197.08835,693862.0372806222
438197.08835,446316.5219518641
561972.7171,744152.0890782119
561972.7171,601943.8221241607
561972.7171,807943.7239029455
366989.116375,405409.22761694377
366989.116375,546941.9822823178
434937.6921499999,473889.98379509617
434937.6921499999,609062.6574211775
434937.6921499999,623361.0495754681
584857.8767499999,833598.1775154565
584857.8767499999,804114.7486328431
697479.58655,767090.7335140195
697479.58655,746025.34931804
549220.21205,820291.7709525994
549220.21205,547144.355512685
573684.1005999999,590396.0903563792
573684.1005999999,592842.5318404242
650603.479975,600772.2205728367
650603.479975,559568.0297198681
541999.2296000001,701275.4795420923
541999.2296000001,733727.9474015195
491203.2203999999,569234.4644273098
2896182.6106,1071445.969090025
2896182.6106,1086024.3086806177
671498.81995,617356.1770252446
671498.81995,709021.015478654
350590.7481999999,282636.0467829336
619896.2931699998,634506.2947794128
619896.2931699998,783096.4272673415
619896.2931699998,638289.179669224
619896.2931699998,637980.1807712511
619896.2931699998,643967.6341625652
303976.06687499996,540444.1126332891
401398.1632125,436249.07245907234
401398.1632125,440265.8668344444
401398.1632125,718970.7436809329
401398.1632125,674264.8054892232
401398.1632125,537539.0776916035
401398.1632125,682201.8554372978
199161.6764875,302602.8518984493
199161.6764875,587252.5990876276
199161.6764875,301611.9578523755
199161.6764875,298698.11868294445
765919.94705,827739.4847501311
765919.94705,832608.804874998
412291.8489499999,628838.6415510385
412291.8489499999,618932.7963767172
412291.8489499999,447412.58332911774
799519.2693099999,828319.0868685535
799519.2693099999,784080.0234170249
799519.2693099999,637510.8692379659
799519.2693099999,489713.3419905467
799519.2693099999,726815.0079970809
333829.93435,367026.5602004642
474548.670025,521230.91638469644
474548.670025,405713.889897332
497281.4515999999,417471.85715439526
497281.4515999999,421976.49810232193
825839.9658499999,1045663.2946783298
825839.9658499999,857954.6906912953
825839.9658499999,1045663.2946783298
825839.9658499999,1049464.6729157506
825839.9658499999,909453.5265476689
825839.9658499999,907152.1432342534
825839.9658499999,998340.8544327883
825839.9658499999,999219.8750342999
825839.9658499999,956243.8332843862
502134.2817499999,670241.8844317745
855807.0983250001,639345.9271886534
855807.0983250001,916197.7977713752
687464.3607999999,794706.3295506211
687464.3607999999,978909.433551024
708377.283325,833521.9627075254
708377.283325,595549.3446995327
708377.283325,531227.1831770331
708377.283325,544984.6753145666
215167.573,258355.34107664763
215167.573,379583.96305253444
215167.573,360184.0004140333
779159.5368,697211.2473256643
779159.5368,983824.145207117
650526.1038124999,786205.9904144169
650526.1038124999,881919.8330633242
650526.1038124999,1020459.4671531471
650526.1038124999,1018852.288162592
650526.1038124999,1058919.2413544743
650526.1038124999,929668.3721155702
650526.1038124999,1057633.8378549926
650526.1038124999,1062016.3511164894
449735.76995,324160.8686178064
449735.76995,458436.9506305148
449735.76995,622268.3835605985
307309.22515,233390.71751760622
554004.7099499999,872886.1101012719
554004.7099499999,597861.7798674271
788797.3599700001,851078.379845608
788797.3599700001,985834.2440123932
788797.3599700001,984578.6504143527
788797.3599700001,986561.7011370149
788797.3599700001,928088.2435398954
788797.3599700001,850356.8490214256
788797.3599700001,925189.0368379946
788797.3599700001,660722.0930434607
788797.3599700001,913524.7608610152
788797.3599700001,775159.4580663617
483884.70848999993,675099.7182844258
483884.70848999993,671618.636277502
483884.70848999993,529043.9294504278
483884.70848999993,635783.5995086876
483884.70848999993,662123.3800756496
670204.5358999999,727059.9167541761
670204.5358999999,578280.2790739241
670204.5358999999,430905.42311405524
670204.5358999999,676691.1900210321
799489.2555,657906.9381612713
799489.2555,667710.2869080848
633181.0529,639754.486147342
633181.0529,720169.9635687647
633181.0529,718020.4004920736
633181.0529,789758.8162560897
633181.0529,789549.2006253274
633181.0529,664283.3092099712
519508.74605,336791.8640617611
519508.74605,337939.1607793415
317796.05500000005,321430.16653169604
317796.05500000005,321563.8142874467
326971.360675,304614.4195440697
326971.360675,444007.4073283427
326971.360675,425270.07400265714
326971.360675,418962.02093105024
481462.0134249999,626470.5698376555
481462.0134249999,881351.5959287292
732696.2007571429,678093.725516988
732696.2007571429,969819.4245841806
732696.2007571429,1041906.326269395
732696.2007571429,825045.9780910083
732696.2007571429,969373.5285788723
732696.2007571429,673035.5464140187
732696.2007571429,869589.0874189546
591752.3115000001,650762.9875561284
591752.3115000001,752975.324388203
221566.70799999996,533971.8320729487
221566.70799999996,545658.5448867079
620244.53764,768136.7344641372
620244.53764,624083.7350767582
620244.53764,704562.4763791001
620244.53764,795372.3518790303
620244.53764,788388.8190501987
564943.2501,966315.2083723673
564943.2501,1101994.2954074114
845395.1945562501,680067.4970074495
845395.1945562501,814000.182945312
845395.1945562501,891330.5227525652
845395.1945562501,886198.8228149272
845395.1945562501,947058.6855237805
845395.1945562501,825663.7374362494
845395.1945562501,825525.0861442814
845395.1945562501,624142.9374954513
729238.6644428571,672670.0961159132
729238.6644428571,755392.8112476262
729238.6644428571,964027.6935515137
729238.6644428571,669542.2073050067
729238.6644428571,671688.956356462
729238.6644428571,964236.184744997
729238.6644428571,757495.9669461218
456393.50765,461016.09845999855
547991.1183099999,949734.4473131949
547991.1183099999,746654.9374045467
547991.1183099999,891825.3018527438
547991.1183099999,811758.6691007147
547991.1183099999,617576.3024455757
198929.17769375,439063.96081052284
198929.17769375,451860.8195143826
198929.17769375,305501.6135796113
198929.17769375,423933.96514248865
579163.8734,444764.0296453969
579163.8734,581998.0988019113
579163.8734,442309.2686394944
579163.8734,543064.1601770305
579163.8734,678636.0216849066
579163.8734,678867.1209317343
332995.88307499996,493171.6223302445
332995.88307499996,379868.06788803096
313207.59339999995,323896.4341490621
545559.6288625,762695.036194226
545559.6288625,461517.4393765102
545559.6288625,762695.036194226
545559.6288625,611576.1645599853
634719.9881,588928.4168169327
634719.9881,726742.1548441881
634719.9881,490276.4486022226
802643.4688499998,520953.30473183014
802643.4688499998,791964.9144906861
2724344.126525,1153702.6018802223
2724344.126525,1441448.1589331783
592324.782,749504.0175907642
592324.782,557711.8799914613
705079.763725,648134.0063494775
705079.763725,999186.0251939694
505035.34087500005,511526.9329502872
505035.34087500005,509299.3578963826
505035.34087500005,347563.49690105533
505035.34087500005,496615.88711958646
761063.9360999999,846980.2283562254
761063.9360999999,925762.6718053522
761063.9360999999,1108947.6450070424
632310.60855,630742.8951583363
2497889.8094,1046226.4639052134
2497889.8094,1062231.5038527043
434372.1984,343213.15470073593
434372.1984,611275.9642424714
434372.1984,637547.3266024197
627885.5969499999,833216.2748702745
627885.5969499999,556209.2162584972
627885.5969499999,498824.9306383818
627885.5969499999,735179.4011564027
627885.5969499999,580742.989681945
627885.5969499999,595809.7563161249
816176.872175,735645.7324409693
816176.872175,874004.6666608064
816176.872175,592259.291561228
816176.872175,877755.6533918043
816176.872175,815239.5769107863
816176.872175,681375.1017941394
816176.872175,544836.5815218337
816176.872175,687312.8992678997
787203.3574,817763.333401014
282150.04199999996,401162.85709746095
282150.04199999996,401136.903443074
282150.04199999996,547911.6155661664
255466.2551,326339.2931732683
255466.2551,328272.84266161354
161242.2141,422146.4738516672
161242.2141,430208.11535958067
388862.59115,441812.0848318708
388862.59115,421492.4225693246
662000.4833142858,565387.8396128283
662000.4833142858,702354.4693634643
662000.4833142858,704905.5380987062
662000.4833142858,902662.7564548472
662000.4833142858,652709.9619643383
662000.4833142858,519307.44219077635
662000.4833142858,717140.2833807421
705623.7204,924075.377679133
705623.7204,711928.088956306
705623.7204,724891.3053264455
466169.48895,677456.6251797104
466169.48895,681431.3159619689
466169.48895,718797.2160093684
524594.7736249999,795403.9739624205
601187.1291,428824.4086748576
601187.1291,712829.9509244217
601187.1291,749851.0704949978
601187.1291,407455.0957778318
651665.786525,939318.784315307
366155.019075,478927.048470088
366155.019075,342134.2811465881
366155.019075,325162.47168213717
366155.019075,458502.3518941917
407903.0813687499,748914.99867938
407903.0813687499,711152.7711926097
407903.0813687499,707981.0915163759
407903.0813687499,528660.1915139388
569651.719,364515.09184252005
569651.719,363582.27586679277
565236.49106875,730833.0461501454
565236.49106875,585080.7789582032
565236.49106875,926697.1735547604
565236.49106875,727113.5195129749
565236.49106875,810880.4713236417
565236.49106875,809719.20331318
565236.49106875,675336.3606640769
565236.49106875,607781.1563060395
745622.838,682997.9608141361
745622.838,682790.5102387173
745622.838,987834.3785991073
745622.838,839475.8887062347
745622.838,989694.2651247479
745622.838,900224.8837219697
439156.406,484674.13843229495
439156.406,636647.0094415771
439156.406,618610.1928801881
739563.3987250001,820277.874928513
739563.3987250001,757217.4285034012
739563.3987250001,815559.2459790207
739563.3987250001,815559.2459790207
739563.3987250001,949314.8555058272
739563.3987250001,816249.9724826906
739563.3987250001,753697.9261309385
739563.3987250001,883454.9345849424
739563.3987250001,753697.9261309385
739563.3987250001,618685.72316931
716209.386775,763381.8513692218
716209.386775,712475.9228388608
716209.386775,565186.667962251
716209.386775,767933.0933800044
716209.386775,644469.0170572883
716209.386775,795142.749607521
716209.386775,792138.0300483826
716209.386775,516647.1260533368
727313.9393499999,505068.37880004186
727313.9393499999,505045.5617583732
550014.2353,823533.1937270471
550014.2353,769832.0043516142
586939.8167999999,738454.5028042946
586939.8167999999,807947.9617605215
919909.69805,710529.0795315102
919909.69805,704449.29883357
563231.5267,677708.3850396435
563231.5267,681132.1366869856
553554.486275,874585.9719567848
553554.486275,751446.3545668094
893047.5613500001,1114950.503319133
893047.5613500001,866694.1405157433
361359.8844,372511.8591624791
361359.8844,697065.2950812483
348448.00539999997,562173.9505772298
348448.00539999997,272357.4899319268
597786.9071249999,683607.733670971
597786.9071249999,831383.5234957582
772331.09445,654218.4852006315
772331.09445,957416.6877679841
579890.6626625,601960.3392085824
579890.6626625,604529.4668180649
579890.6626625,557860.0290124756
579890.6626625,697022.6283679821
185834.8952,347311.00192550366
185834.8952,378937.2231208704
380863.351575,713647.1006385197
380863.351575,600522.2480147583
504600.8825499999,439572.2605426265
735037.7525000001,776209.7837851238
735037.7525000001,920836.6769490235
735037.7525000001,624634.8469539802
735037.7525000001,922989.0204874183
735037.7525000001,574405.8751427595
735037.7525000001,575460.8216310036
735037.7525000001,716679.4544818603
735037.7525000001,953882.8591491466
654883.0043500001,603923.4285960098
654883.0043500001,897094.9622700746
504587.53835,401337.22030977265
504587.53835,667454.141811901
504587.53835,583330.728930754
313143.93564999994,516041.50218199973
313143.93564999994,400486.39259652037
313143.93564999994,554978.1144622415
531406.3780499999,645633.9996141883
531406.3780499999,786174.3277649314
531406.3780499999,791681.7988229833
531406.3780499999,644780.1472110313
531406.3780499999,739557.148430824
1198111.1182214285,771786.9368520607
1198111.1182214285,1077581.294316136
1198111.1182214285,776723.6230864462
1198111.1182214285,775187.8849018441
1198111.1182214285,769812.9028653946
1198111.1182214285,772445.1258771821
1198111.1182214285,706699.405218124
2426028.1832999997,1199384.4573633326
2426028.1832999997,1063944.1421496598
586879.71236,789039.2863885221
586879.71236,639199.4048935117
586879.71236,641028.3295981702
586879.71236,736082.1947670693
586879.71236,800195.1345334726
579035.1692,637734.8917479482
579035.1692,586348.4608543538
380706.8710178571,737899.5847919545
380706.8710178571,742252.9195677703
380706.8710178571,740248.1305542816
380706.8710178571,599519.418727708
380706.8710178571,564648.5817332824
380706.8710178571,423013.7097620864
380706.8710178571,575131.5801267358
991234.482142857,941828.4583571437
991234.482142857,801334.9929414014
991234.482142857,650446.1253243982
991234.482142857,728013.5482518745
991234.482142857,649935.5328805335
991234.482142857,794258.2305267333
991234.482142857,1047017.3561550247
730266.6134545455,828807.9724187691
730266.6134545455,692853.1475290039
730266.6134545455,1031521.1968433671
730266.6134545455,687088.1761449467
730266.6134545455,685662.8019305303
730266.6134545455,769404.7927328337
730266.6134545455,635265.5136770806
730266.6134545455,766937.6274586564
730266.6134545455,902447.1724674396
730266.6134545455,904864.0818631118
730266.6134545455,721778.0504732574
645424.3206999999,766125.0563237166
645424.3206999999,727038.2884113762
645424.3206999999,733065.6941048936
645424.3206999999,684212.870563109
645424.3206999999,414342.5305108236
645424.3206999999,436732.24308612524
600681.565575,846044.0960771927
600681.565575,846044.0960771927
600681.565575,752965.6635339656
600681.565575,841493.6514790885
600681.565575,1030936.0384149055
600681.565575,750632.9567812699
600681.565575,895832.6975723534
600681.565575,820330.170227651
351917.63109999994,428584.4250620156
351917.63109999994,428074.0135714357
351917.63109999994,398631.3078946523
422393.7344,590778.8915264821
422393.7344,595459.4981672608
646723.0843500001,679440.9687267644
646723.0843500001,399135.6029708407
304016.2587,346338.0962772083
616799.6517599999,902919.106605275
616799.6517599999,769536.3785969025
616799.6517599999,860547.6398269002
616799.6517599999,901859.3416021958
616799.6517599999,1033120.6488844902
616799.6517599999,768291.3263059978
616799.6517599999,858223.3654407769
616799.6517599999,979517.0583259922
616799.6517599999,703008.069203132
616799.6517599999,979380.7706183962
825830.6442499999,733794.3208246244
760770.1323250001,672632.7856149218
760770.1323250001,520986.5786063225
694154.8979272728,957903.8364434367
694154.8979272728,817529.9622550075
694154.8979272728,953869.3232738823
694154.8979272728,682141.644961208
694154.8979272728,898894.589436743
694154.8979272728,681077.3713835072
694154.8979272728,626387.4086743646
694154.8979272728,626007.5089258677
694154.8979272728,760407.7180332284
694154.8979272728,887639.4808905793
694154.8979272728,716312.9283536673
475239.35214999993,417203.06237833144
777153.62209375,632879.3633197728
777153.62209375,708417.5870171773
777153.62209375,568381.8695911267
777153.62209375,857626.7509318071
777153.62209375,651607.97998989
777153.62209375,795179.4707702767
777153.62209375,795102.5252934804
777153.62209375,808165.851424419
626805.6238499999,710379.2732345995
626805.6238499999,428065.51153245784
471176.9295999999,377520.22816033923
471176.9295999999,518875.06909302063
471176.9295999999,361702.978260357
494646.17917812505,631094.3606139665
494646.17917812505,773163.2350584634
494646.17917812505,774254.2326395054
494646.17917812505,496356.2225227931
494646.17917812505,721951.5033380141
494646.17917812505,591318.5352806671
494646.17917812505,723958.2677836647
494646.17917812505,635006.6521537424
326102.34744999994,356992.2578952086
598152.5564000001,558785.4619224498
598152.5564000001,645003.2221971395
470466.5585,490884.89589061897
470466.5585,637756.4207539342
470466.5585,463283.03632011067
463351.8721,326285.4282139398
463351.8721,581928.7966144071
149906.094425,348102.29736321786
149906.094425,208441.26774616376
374093.0396,381300.6740536472
374093.0396,390723.0851212427
284150.30325000006,405936.8540125633
284150.30325000006,549702.428729044
284150.30325000006,498634.5195321097
825387.756,728115.7379348231
825387.756,834888.4389025348
183970.41980625,573241.6691519645
183970.41980625,431136.3561162802
183970.41980625,416490.1497281282
183970.41980625,400931.00875012146
492334.64,665726.8361322741
492334.64,404382.21989348525
286062.5509,326868.01586905494
286062.5509,326563.5045765644
286062.5509,428162.8842149709
309746.24345000007,541947.7534635449
309746.24345000007,258932.55249654443
411763.71305,322606.7074134202
411763.71305,590888.3626758503
897396.5087312501,1034473.5799087489
897396.5087312501,772282.7826612241
897396.5087312501,993103.1502550791
897396.5087312501,993806.933385537
897396.5087312501,989824.8823000302
897396.5087312501,1032736.7173749774
897396.5087312501,1032931.1914257302
897396.5087312501,731595.3218532887
897396.5087312501,838545.5942424074
897396.5087312501,977819.773016701
897396.5087312501,978864.6372581788
897396.5087312501,1039843.3469963337
550048.8059,369372.167550132
550048.8059,419473.3597072239
375402.91885,446427.84465173905
375402.91885,446200.831126656
375402.91885,688154.8569352182
375402.91885,688801.702620592
554806.2065,675664.0316638523
554806.2065,791894.8925156649
554806.2065,734057.1957758166
422436.1636,619254.4002674877
422436.1636,615671.5617155593
422436.1636,577760.7347521033
457442.79165,435354.8768483346
457442.79165,485418.0081837623
457442.79165,400719.8269967751
241357.72605,395541.4516440567
241357.72605,359685.90527257073
2336002.9658,1059435.8004650266
2336002.9658,1136851.0337052504
2336002.9658,1423573.0905673113
452968.4864249999,594206.4743287978
361528.8572,331445.48685609887
907465.435,627468.8840166318
907465.435,771670.8389451465
907465.435,842329.0548073906
907465.435,622334.9899696215
907465.435,766000.5939956608
907465.435,577622.894299195
907465.435,575850.9396637359
907465.435,712552.6816854236
907465.435,582461.9496378954
588216.2990000001,577640.9812586096
588216.2990000001,868555.5872539891
237193.896275,354946.6847968738
237193.896275,246519.54207856517
631477.734675,671390.7886823595
631477.734675,571042.0848766438
377375.6514,387039.6336239519
412178.42865,545943.4082629222
412178.42865,543046.4101308965
412178.42865,457907.7497303722
514858.9946999999,398709.00402798486
514858.9946999999,396652.6101565118
514858.9946999999,369127.2568713732
234980.7387,449623.7747711786
234980.7387,452496.0242191098
358074.34,396967.13684550894
358074.34,382520.8373744551
600901.5323699999,692410.7347512895
600901.5323699999,488761.7147506927
600901.5323699999,637371.1397741468
600901.5323699999,828986.7421244369
600901.5323699999,829809.1826237626
385967.251,391629.0761325938
385967.251,660434.5865583542
385967.251,687866.9120906412
395280.4823749999,386078.4497792286
395280.4823749999,273256.8869497177
517920.9842999999,638797.8251347033
517920.9842999999,726696.8086121809
530942.832075,450295.8320601217
530942.832075,633366.9403841487
487864.9839999999,553690.7380171834
487864.9839999999,594228.2194703061
487864.9839999999,652346.7535667735
594689.0567249999,707921.7991081026
594689.0567249999,562054.3966706806
791560.0078071428,673402.7678030311
791560.0078071428,952107.4003428429
791560.0078071428,952204.5793813595
791560.0078071428,952786.2902790186
791560.0078071428,1029570.7850326819
791560.0078071428,671533.9332793
791560.0078071428,707025.0332654958
570753.8175499999,542694.8168686422
570753.8175499999,692250.7617641625
570753.8175499999,423650.7041267829
437309.2700999999,553691.5403131915
309935.69035,584220.3615927122
309935.69035,273469.33400401665
591508.7013,857223.9820167472
591508.7013,833309.6693066447
1007923.1569999998,966855.4209402318
1007923.1569999998,1019800.0499298137
521204.20225,675117.1988691954
521204.20225,684667.2830649174
521204.20225,495232.5567915582
439039.035215,439823.2598622634
439039.035215,436958.05304130487
439039.035215,576172.5049532402
439039.035215,406909.1401577118
439039.035215,686138.6509895882
781304.1529,621530.2549374297
781304.1529,697283.2259678352
781304.1529,852791.0584692283
781304.1529,765137.1898810308
781304.1529,637368.5714256092
346565.6880999999,537698.6796096067
346565.6880999999,534406.551198527
438175.89055000007,460308.47861169034
438175.89055000007,454026.6693479834
598769.8646499999,742326.3885948985
598769.8646499999,554978.5904619645
598769.8646499999,560931.0179099375
598769.8646499999,699399.4465170843
400397.4991,569180.1341983223
400397.4991,720906.2673662296
400397.4991,404402.2058136943
559918.1866,1001196.0587392454
559918.1866,1006777.7191789233
559918.1866,1083906.3886802227
559918.1866,872463.6105862255
559918.1866,733634.4210338816
559918.1866,870546.9590805584
559918.1866,930612.8617604531
559918.1866,931579.1094507114
559918.1866,806459.8379773777
559918.1866,938991.2017185715
338849.4113,643205.2189716825
338849.4113,353575.43458575377
338849.4113,611212.8588514692
338849.4113,453055.69598726544
2525605.9556,1164803.498021682
2525605.9556,1480821.6239408138
428777.55565000005,545181.3044711476
428777.55565000005,445345.39544097247
275698.0548,284839.1858842936
275698.0548,277920.2683049431
275698.0548,266202.6676784189
383244.6190999999,308649.04373207473
383244.6190999999,459670.4214646253
383244.6190999999,294105.14979452104
239657.9072,392547.0422457522
239657.9072,516784.20035714447
239657.9072,231562.3234255729
200362.093475,415083.07481920073
200362.093475,543442.5975625154
595950.45405,475590.1977606669
595950.45405,742152.1406483479
595950.45405,460004.8676442525
459578.0271,753337.3106561077
459578.0271,752958.1680464118
459578.0271,797941.7247519926
459578.0271,706803.5480226032
553886.7585250001,798784.2335533773
553886.7585250001,760111.3580285214
810433.70295,668568.0537333913
810433.70295,665672.9795776287
632295.87545,668461.2275114488
632295.87545,665959.992460439
632295.87545,554157.379874697
294677.702,478364.1321213189
294677.702,478556.8736678368
294677.702,411637.49148039316
454804.6875178572,663397.7662603618
454804.6875178572,717758.8182257159
454804.6875178572,717964.4819127677
454804.6875178572,795951.0017155645
454804.6875178572,616608.3340217128
454804.6875178572,607897.221146073
454804.6875178572,800714.0173052251
276446.466975,491593.9841877356
276446.466975,360174.7346144274
776547.87155,663886.0023258751
453962.57062500005,608741.7797814168
453962.57062500005,757680.686014796
453962.57062500005,472541.20428876346
453962.57062500005,438335.51953341905
453962.57062500005,554662.5568969587
453962.57062500005,760620.1617878247
763231.378075,1013377.7334127197
763231.378075,809106.7771089335
763231.378075,870836.8615937403
763231.378075,715481.5750189167
763231.378075,867184.572204873
763231.378075,884485.3072992134
235481.01754999996,532219.7561514694
235481.01754999996,356860.20630142675
210745.53241875,322095.2972313092
210745.53241875,321878.69583799096
210745.53241875,309361.4026833234
210745.53241875,427154.5523008137
1220389.6985,965486.5927587475
598012.2873000001,662014.7219745044
598012.2873000001,675536.6122415242
552479.738,675727.7771473479
552479.738,657462.6542766024
288643.8636,287437.32463160955
540036.37016,571408.8489204051
540036.37016,862368.3247939864
540036.37016,715639.143892382
540036.37016,863750.4352511505
540036.37016,806865.5146019991
1119859.834275,802119.1691224367
1119859.834275,863911.5556374507
1119859.834275,991306.8942465867
1119859.834275,802388.2188687006
1119859.834275,717162.5783475065
1119859.834275,723091.237035458
1119859.834275,931067.108798139
1119859.834275,933434.4954781395
1119859.834275,664305.259510638
1119859.834275,663900.0739967447
1119859.834275,796731.5029659859
1119859.834275,928940.0746493555
186751.477775,424082.5508240931
186751.477775,509858.97246759216
548245.5745000001,431691.39264427504
548245.5745000001,713291.426949539
548245.5745000001,431131.52391992987
548245.5745000001,669144.4031583699
548245.5745000001,531334.0460685476
222257.2407,340176.8123102507
258337.30065,403789.550839654
258337.30065,374161.80805671867
343366.807,287328.2785684366
343366.807,530904.1373988312
671515.312925,608039.2547991598
671515.312925,480486.41573881044
217516.14154999997,360922.5290778704
217516.14154999997,345424.2253841565
581658.53106,743410.0139843506
581658.53106,740064.2922559355
581658.53106,737899.9492889916
581658.53106,744134.5028186812
581658.53106,1010077.3954812266
581658.53106,740244.88777867
581658.53106,937025.2849083797
581658.53106,938093.8495995181
581658.53106,956174.6608219981
581658.53106,680643.4522463751
584217.9734000001,519498.97902946663
584217.9734000001,589995.1125638701
487264.4999357143,686728.6448665927
487264.4999357143,628184.2249991125
487264.4999357143,494191.0192848668
487264.4999357143,629548.3270877416
487264.4999357143,457311.21035653196
487264.4999357143,723457.7289682266
487264.4999357143,491717.8328107499
703126.4782499999,805816.0361964069
703126.4782499999,805179.1054579678
703126.4782499999,666061.8726290041
703126.4782499999,567586.5337381714
525089.9544375,595103.6274783082
525089.9544375,690842.0776157476
525089.9544375,593605.179413555
525089.9544375,630298.8199555252
525089.9544375,391722.29024382547
525089.9544375,528393.134939672
596703.6284400001,806443.077066644
596703.6284400001,471346.2018594478
596703.6284400001,767722.7658470575
596703.6284400001,420860.689270261
596703.6284400001,446920.54842626443
576032.796875,993768.1509204659
576032.796875,868355.5513230499
576032.796875,811433.1540411845
576032.796875,863469.5134251778
576032.796875,727264.4919375161
576032.796875,867880.7061165144
576032.796875,664921.7646057763
576032.796875,797473.2864276711
576032.796875,924491.1857860059
576032.796875,1035436.3247584626
2787953.9583499995,1231426.5849087434
2787953.9583499995,1447494.9930413023
508065.8604999999,662922.6178528741
508065.8604999999,513165.281165545
508065.8604999999,625757.9986212626
508065.8604999999,622995.3018252397
586222.7891574999,726374.7351647535
586222.7891574999,820097.4650084341
586222.7891574999,866464.1752659886
586222.7891574999,727448.1598391288
586222.7891574999,1002586.416503699
586222.7891574999,731129.5614167677
586222.7891574999,818060.6962917959
586222.7891574999,945344.2774023305
586222.7891574999,944166.209005597
586222.7891574999,671268.950196873
804413.7331,859845.45459132
804413.7331,637773.6496402824
804413.7331,867284.4170415794
804413.7331,637449.656776174
804413.7331,522610.462511861
804413.7331,798043.5593453064
661634.5465499999,686773.4410036013
661634.5465499999,716984.5000604002
661634.5465499999,577433.5297927322
635585.50715,894123.43388841
635585.50715,831184.7717670755
735105.4352,947168.9029390363
735105.4352,780583.1846752566
735105.4352,739455.2862335087
377071.4959499999,564021.360043521
377071.4959499999,558054.0427573805
377071.4959499999,452306.4351443356
685982.20705,814167.0789665978
685982.20705,1003325.2165134526
598980.9923999999,475185.99053056125
598980.9923999999,772185.6651353842
598980.9923999999,771673.837764826
598980.9923999999,451716.5515735333
518237.6918,636556.2715401646
518237.6918,995244.2159323957
295016.061,510395.6752527406
295016.061,545507.7033891638
442696.17094999994,443827.06425957166
442696.17094999994,496134.98275908374
236679.979725,382040.53339260194
236679.979725,495257.60788397223
234193.5217,379151.6497298067
234193.5217,370484.9446634231
234193.5217,429353.6078861418
712691.8798999999,892715.8122725876
360386.1197999999,690745.3984589044
360386.1197999999,401497.74224988546
360386.1197999999,515040.933938541
615369.3749,684141.25714452
615369.3749,725252.1245932285
383729.07405,393806.86743552645
383729.07405,730016.8948135489
542006.92,719176.8953892295
542006.92,495908.68391788437
542006.92,725024.4262845125
542006.92,543428.1762587989
542006.92,413114.89879873366
542006.92,580229.101200827
279978.15155,416158.4728207511
279978.15155,416267.7261921335
279978.15155,293305.56255765725
279978.15155,543508.3843760672
1156169.7194,1006747.7897983256
1156169.7194,1012092.3216221246
306853.24265000003,253443.6161492034
306853.24265000003,548364.5088727551
632477.84895,582711.4305882123
632477.84895,881336.9508178364
619666.2600750001,587427.2798837081
619666.2600750001,768859.1477469039
398249.9085749999,463536.5939914793
398249.9085749999,698130.67543091
398249.9085749999,655388.0435167564
398249.9085749999,687490.6152800041
610055.88475,570719.3168248755
610055.88475,641262.4878889939
1245668.968775,961603.1659563625
1245668.968775,921205.8806062969
1245668.968775,1048769.060980304
1245668.968775,1081524.13525526
1245668.968775,832625.2382917706
1245668.968775,1051996.0212130062
1245668.968775,959955.3459954609
1245668.968775,1081042.62108697
1245668.968775,1029013.2268795902
1245668.968775,766951.6427387538
1245668.968775,889773.2888578323
1245668.968775,889920.9020768771
1245668.968775,890068.3265454081
1245668.968775,977369.4586236089
317699.1784,292697.76983305125
317699.1784,271537.21479038644
600316.26845,710484.4869239143
547994.9917,486123.12667484645
547994.9917,658071.2780482747
804978.0005750001,1001102.2611560698
804978.0005750001,853653.1170815049
187644.157825,353375.43623364513
187644.157825,438621.8708947703
525737.02625,617812.8294521872
525737.02625,337861.10404911527
441024.3936499999,506983.76984406344
590052.11349,477752.13805342326
590052.11349,778104.2409427295
590052.11349,631103.2630770573
590052.11349,773032.0763512925
590052.11349,780983.9221326144
443165.0805,366946.59415882395
443165.0805,650151.2570526161
1197426.3853999998,964718.9386996101
1197426.3853999998,1284286.456889863
560680.2625,792593.2977178043
560680.2625,866530.1908019078
560680.2625,871687.5151047657
560680.2625,651876.4862466349
560680.2625,534552.69641845
560680.2625,531046.0795847116
560680.2625,860271.2433080137
417880.26585,578124.3265912929
417880.26585,761595.32038221
417880.26585,616349.4620410507
445716.26905,576185.7689051245
445716.26905,792018.1069445922
445716.26905,647588.5743300883
445716.26905,788555.5431905317
445716.26905,578403.9603282029
445716.26905,666355.9081723157
2303880.50985,1042487.3219575956
2303880.50985,1424229.3374594403
479039.4511999999,425945.51253936975
479039.4511999999,480228.0281361177
621433.81925,886384.185146708
621433.81925,894527.5431832072
621433.81925,887019.5102351746
621433.81925,671406.3724921527
621433.81925,892775.0224685469
621433.81925,828307.2638289102
620647.6377821428,1002432.7669267558
620647.6377821428,967340.5261051537
620647.6377821428,966317.4408349637
620647.6377821428,886160.4824352558
620647.6377821428,1078300.6060934998
620647.6377821428,886245.969667377
620647.6377821428,759353.5157829928
620647.6377821428,840759.2724434043
620647.6377821428,705193.0318235826
620647.6377821428,933976.598871931
620647.6377821428,932334.5916678058
620647.6377821428,822077.4488823671
620647.6377821428,721162.1919198616
620647.6377821428,827142.8277496619
1232830.96525,744547.7341036221
1232830.96525,1020714.1246268663
646866.1476999999,446841.37791466806
646866.1476999999,708968.4832912005
646866.1476999999,776190.77548908
374413.648975,731286.3022527054
374413.648975,428760.89475584216
374413.648975,729718.4974967621
374413.648975,526376.4378692101
571259.4446,335946.9119309281
571259.4446,407354.0907629672
508902.675575,468452.7594186557
508902.675575,627512.0498395158
1058757.369675,656561.8319198791
1058757.369675,945344.6570953695
458737.8803,746530.7274408271
458737.8803,598264.6323328288
458737.8803,597807.281862999
458737.8803,429530.4608931051
458737.8803,695697.3657452085
458737.8803,432198.44859800243
767997.2303999999,671532.2982145963
767997.2303999999,807815.9750290442
611030.3356,846224.1157448895
611030.3356,647884.5627297311
580792.21946,723723.6507042879
580792.21946,761889.6762999753
580792.21946,578823.9019329915
580792.21946,410835.09598262137
580792.21946,660242.5850122386
681035.202675,775785.3068472167
681035.202675,800101.6092671116
571044.4733,723751.2108296031
571044.4733,499401.7056829727
571044.4733,478565.39330850285
503947.75395,389045.93914750015
503947.75395,398376.81251812674
481093.73725,550394.5931911555
481093.73725,594550.7985196742
1099265.45785,944267.6205178673
1099265.45785,928451.6686091317
1099265.45785,1099675.613808246
337235.00950000004,428323.456414688
337235.00950000004,570882.1684366087
337235.00950000004,550080.7431648629
856277.5582812501,782705.0100355993
856277.5582812501,781956.8900733922
856277.5582812501,781114.8449371764
856277.5582812501,784293.4147539377
856277.5582812501,1055028.6758789062
856277.5582812501,785879.6295667356
856277.5582812501,779710.6395184335
856277.5582812501,974231.901474463
856277.5582812501,973834.8259562089
856277.5582812501,850690.8561682517
856277.5582812501,719585.1262945721
856277.5582812501,965479.2007010012
737998.5551250001,770859.0731954613
737998.5551250001,621665.8191511723
975225.3744666664,1092651.944406492
975225.3744666664,1125354.1532656692
975225.3744666664,1095705.9530857555
975225.3744666664,989050.2653319105
975225.3744666664,1126560.985090613
975225.3744666664,1093417.329833948
975225.3744666664,851514.5531563017
975225.3744666664,1126959.214867032
975225.3744666664,916356.1507912456
696257.302009375,665928.7936364021
696257.302009375,526435.9636686828
696257.302009375,853641.8542320108
696257.302009375,519646.7551739486
696257.302009375,742717.9511187469
696257.302009375,484046.07362268167
696257.302009375,481970.37683739245
696257.302009375,822104.4658346394
322898.02589999995,595907.6128083866
322898.02589999995,568060.6189368075
322898.02589999995,572119.1581463638
327849.82954999997,273952.5552453206
327849.82954999997,494687.97351050994
567934.79738,460690.8389046485
567934.79738,752748.1912820324
567934.79738,652807.4096617134
567934.79738,560946.105263752
567934.79738,707086.2669761778
472148.36835,523573.4435471932
472148.36835,564638.4642153955
472148.36835,364619.5175466554
828094.829525,1017260.6527010577
828094.829525,1029258.6656697711
605672.5151500001,419456.5170207275
605672.5151500001,554699.2537402969
605672.5151500001,556101.2019109274
605672.5151500001,388564.52653267083
605672.5151500001,389088.05326267466
605672.5151500001,524396.0662046225
908935.4575,1040707.1738486184
908935.4575,796297.1808891437
908935.4575,948525.5522810452
908935.4575,945933.3625801213
908935.4575,1078005.1634535866
908935.4575,1081950.9727490195
908935.4575,800609.2047710139
908935.4575,1041232.1542783919
908935.4575,880571.8966756877
705241.5286000001,554114.1525253125
705241.5286000001,842521.7003970344
2644571.2920499993,1079827.0686761094
2644571.2920499993,1154820.789192446
521212.8506999999,690794.8986977584
521212.8506999999,399754.5147126966
432723.72,724341.4852590832
432723.72,451052.70929358946
432723.72,584838.708029604
432723.72,451930.0527568684
432723.72,420388.39638935035
432723.72,683679.0291803727
432723.72,611340.0371435375
2259109.86945,1165200.5281567762
2259109.86945,1452109.8381508486
592595.85415,454462.98492810805
592595.85415,452402.8279359451
592595.85415,495811.67870209645
252743.398,378494.7289255225
252743.398,368599.44449542236
768861.104,860153.5226407336
756690.3808749999,914974.9981473819
641957.9430199999,493205.004175026
641957.9430199999,788017.3760955774
641957.9430199999,693179.2017677287
641957.9430199999,831345.7756731248
641957.9430199999,800484.3114486918
398158.8398000001,624031.3876768507
398158.8398000001,624762.4154637052
398158.8398000001,594189.2525345812
706320.9047,688917.867404799
706320.9047,696575.5275194203
706320.9047,539707.6031474909
706320.9047,840057.3764353355
706320.9047,630633.5580752295
627911.44895,727919.8797953881
627911.44895,658488.9724885938
1111554.7158642856,1199778.046475428
1111554.7158642856,1061703.6166086043
1111554.7158642856,1110313.79150645
1111554.7158642856,966779.2966736916
1111554.7158642856,914970.9140015747
1111554.7158642856,1110095.275416789
1111554.7158642856,759948.9955755174
886047.68315,657602.6904817574
886047.68315,738883.4315059773
634016.2773999999,743424.8446150766
634016.2773999999,507256.80489363323
400712.88692499994,408221.8865816271
400712.88692499994,584173.2944424537
400712.88692499994,544945.3466666994
400712.88692499994,644161.8952464313
241511.09402500003,515927.2784297544
241511.09402500003,373225.86209438543
612750.0041,557488.8487459328
612750.0041,717300.6084106511
543049.1295500001,699288.9159850203
543049.1295500001,480808.7894056324
543049.1295500001,745907.5333705043
569973.7861499999,536093.9807954885
569973.7861499999,401655.98323970934
757598.408105,901143.2052761412
757598.408105,1034967.1244113108
757598.408105,828924.3992284276
757598.408105,682964.1297478051
757598.408105,684758.0088666674
757598.408105,823370.0409172823
757598.408105,624834.3863066753
757598.408105,632114.1509361252
757598.408105,626852.026021888
757598.408105,753959.5240179654
479382.13482,535651.0666487648
479382.13482,445175.63034037733
479382.13482,532011.1871287279
479382.13482,640232.4204810703
479382.13482,647046.3824480157
707143.69295,868038.1577203734
707143.69295,525349.713566411
707143.69295,528463.8738167525
707143.69295,819830.0345540704
707143.69295,484234.5498260874
707143.69295,622788.4172137509
707143.69295,765126.978321827
1237124.1437,1155835.6742791939
1237124.1437,831832.87930886
950129.2762875,883699.9548342861
950129.2762875,812108.113967506
950129.2762875,756118.6435543093
950129.2762875,810266.0231415182
950129.2762875,936694.2395045097
950129.2762875,682502.690124549
950129.2762875,875128.7678210749
950129.2762875,875412.0236169569
950129.2762875,754521.8197337841
950129.2762875,875765.1166826519
950129.2762875,753551.1802965403
950129.2762875,763946.8709593097
1021391.1196,643099.0078489339
1021391.1196,720666.8488897638
1021391.1196,1048181.1418206778
802570.1101136365,1007466.6480426388
802570.1101136365,823792.9462898879
802570.1101136365,739825.527028699
802570.1101136365,739921.3247169832
802570.1101136365,961664.1058165121
802570.1101136365,1012089.9144603193
802570.1101136365,821956.6542568426
802570.1101136365,678978.7613644237
802570.1101136365,936564.3592108358
802570.1101136365,935672.7932739918
802570.1101136365,763175.8043206064
921417.573725,894916.6191773765
921417.573725,742866.8863981051
572042.8846,839019.9094206948
572042.8846,927798.2408829724
1150377.80655,977644.8116431371
1150377.80655,796894.702802312
2408019.4734249995,1249439.4092450617
2408019.4734249995,1473486.555751221
182513.09555,540645.5468004794
182513.09555,507103.0308343705
749751.1082,686870.4319548215
749751.1082,748566.1473824506
749751.1082,745505.7698715514
749751.1082,833900.477160464
749751.1082,777332.0289014245
749751.1082,635725.8373118202
583741.561175,549927.7467641882
583741.561175,495250.61952115933
435655.5334,637923.1000410974
435655.5334,632399.0099848025
435655.5334,322567.5968947027
578901.7988,688680.1326172388
578901.7988,688680.1326172388
578901.7988,721097.8313388608
578901.7988,374674.45714042475
578901.7988,546755.9417190454
857510.9253499999,707141.4296281458
857510.9253499999,841495.5929804206
857510.9253499999,785845.9420987236
387512.55519999994,550954.3521726838
387512.55519999994,683932.991287472
387512.55519999994,395848.7485330613
271605.24615,496201.26813640003
271605.24615,250786.2287886804
956942.8082666666,647500.0893760019
956942.8082666666,939652.7413929985
956942.8082666666,793239.7198857659
956942.8082666666,866551.1343435096
956942.8082666666,643107.008968858
956942.8082666666,733685.4274264436
956942.8082666666,734570.2851476674
956942.8082666666,868100.2201042394
956942.8082666666,668943.6051667135
610281.1512999999,453226.24943895283
610281.1512999999,773121.7005544752
610281.1512999999,629145.9032447683
494660.4376999999,466649.9652480656
682236.18075,596203.1405025104
682236.18075,993853.9142268321
560489.1564499999,698400.0204604786
560489.1564499999,781068.4689993903
494875.9898499999,481269.092733255
481328.58685,655617.3613452588
481328.58685,390397.08920415473
483826.9083499999,450620.01943368604
483826.9083499999,471605.307562865
483826.9083499999,754022.8864371865
483826.9083499999,690947.3563351438
381561.8234,419049.25432163704
381561.8234,549853.7445888394
381561.8234,415108.7931440569
588244.0516000001,437245.98980909935
588244.0516000001,777866.3311599655
603738.7887999999,853071.9113359684
603738.7887999999,835377.5950649984
603738.7887999999,1066372.6388185224
648662.8223062501,571173.6376499982
648662.8223062501,719837.3120946184
648662.8223062501,572848.2823587654
648662.8223062501,865415.3433600368
648662.8223062501,526102.5273078328
648662.8223062501,526901.7239700288
648662.8223062501,806278.5594631867
648662.8223062501,593454.3095013921
440147.23795,739255.0677293947
440147.23795,764459.1109634427
440147.23795,632406.2287847049
598612.0127000001,582454.9756438035
598612.0127000001,629835.0625730732
371943.3239,481569.8971044598
371943.3239,344962.60581578576
371943.3239,435422.1226994702
534118.3400249999,626388.6170011311
534118.3400249999,777625.5114692359
688680.0045499998,743799.0452071297
688680.0045499998,746554.1890679116
688680.0045499998,838579.3176750818
442144.392075,734378.7217392898
442144.392075,738541.0489907523
442144.392075,596556.2087266534
442144.392075,423974.39709282
577683.96345,710435.2144004782
577683.96345,761386.0902770185
634898.6422,456390.5560112086
634898.6422,751627.7097693053
584991.7392000001,625294.8040234315
584991.7392000001,485936.6514130315
584991.7392000001,770231.0613229229
584991.7392000001,583556.0086428529
584991.7392000001,432570.3303920683
584991.7392000001,631136.3841667927
375317.33469999995,452738.01896674087
375317.33469999995,319207.3482491423
375317.33469999995,296814.83531564125
623159.446875,1011313.7980443654
623159.446875,881448.6339829557
623159.446875,737297.7954268481
623159.446875,1018647.648575267
623159.446875,883391.1238851134
623159.446875,882130.4169531539
623159.446875,676416.0158016033
623159.446875,810608.5614072576
623159.446875,828109.217612574
258235.45055,555379.2134888481
258235.45055,540180.2827520391
258235.45055,566646.0404072886
564250.42635,635521.880733113
564250.42635,533008.9137304698
762983.6238999999,885688.8037175363
589382.2588,802796.319232039
589382.2588,583119.2854396559
589382.2588,654676.5147419712
589382.2588,731993.6861939596
589382.2588,826208.4066142894
726072.61075,878542.8508830679
726072.61075,800323.0845501114
726072.61075,946526.1281151201
726072.61075,655040.7077203383
726072.61075,651800.728358235
726072.61075,940377.5021435871
726072.61075,739414.772578969
287554.01215,386462.13349141943
287554.01215,506283.1059636797
519494.105675,924103.5362904323
519494.105675,876828.3745113402
664735.9281,819955.7070740883
664735.9281,583874.253279082
614292.6847249999,934498.2229980634
614292.6847249999,823299.3419451563
417050.387125,356773.8317023833
417050.387125,640538.8151370179
417050.387125,336870.68807379354
417050.387125,463724.2776826555
190038.8102,170688.1829044358
190038.8102,212433.92063799477
460035.0055,665119.9062739344
460035.0055,664841.0472140318
460035.0055,628498.5397228803
460035.0055,351445.27589052793
549590.1455,549805.7830033554
363981.51695,452510.02991469146
363981.51695,610152.326129844
363981.51695,306296.99818714743
735239.3146,626057.020219025
735239.3146,627804.6879964041
796066.2321999999,777081.1495213666
796066.2321999999,705669.1788356011
199429.90365,378218.9441628237
199429.90365,480730.25358752464
552172.54995,793018.5924042023
552172.54995,876331.9990043184
552172.54995,742093.9146771106
801678.033275,748021.9318073539
801678.033275,1013779.9689829997
801678.033275,746405.4831349506
801678.033275,741757.7063812783
801678.033275,886502.4088358169
801678.033275,887598.9881595462
801678.033275,965291.1303595335
801678.033275,815358.9996922377
801678.033275,942555.8315034476
801678.033275,816251.5489249168
801678.033275,685191.0866194433
801678.033275,685513.9753481527
386409.6885,415801.3823010886
578403.623,849819.2261930573
578403.623,932395.6079382412
222545.5111,335702.05863479036
665083.985975,454531.82919625816
665083.985975,752030.1137772029
665083.985975,514176.72612791206
665083.985975,603603.3445955203
481100.2492999999,558977.8431626986
578456.4841,808227.6987361844
578456.4841,903887.2496012464
780569.8763928572,852495.4318431539
780569.8763928572,560348.7976172696
780569.8763928572,706077.308053532
780569.8763928572,562839.0007392361
780569.8763928572,517303.3385382583
780569.8763928572,653694.2763925171
780569.8763928572,714368.9885884944
472103.9460499999,702897.2734321376
472103.9460499999,476761.95511302137
492738.95784999995,655748.9822451797
492738.95784999995,365339.2683954164
492738.95784999995,341253.27971044753
606064.0742500001,844492.7042991363
606064.0742500001,565636.0193177685
592027.7855000001,706951.657172994
592027.7855000001,710405.9272435071
394029.02940000006,386530.9959809053
394029.02940000006,656571.3076213406
748604.9250142857,563625.3158794264
748604.9250142857,636632.8023939332
748604.9250142857,713815.4470503371
748604.9250142857,566672.8311050029
748604.9250142857,654247.9187504211
748604.9250142857,796761.061524882
748604.9250142857,663913.2405996075
442090.14460000006,259094.07137798396
442090.14460000006,301978.9817308665
753452.64125,976541.9670873592
753452.64125,771829.6040933263
553461.9566,955051.8396448022
553461.9566,772048.126931087
607110.3587999999,853364.8336447987
607110.3587999999,1026135.3082241425
438448.17755,486861.9812518386
438448.17755,489142.7099933356
438448.17755,326369.9947332534
352413.87409999996,418458.05131453974
352413.87409999996,271482.83587256656
413765.87995,416277.64939208253
413765.87995,282222.75822015747
1115530.19475,846861.8480679962
1115530.19475,822651.3997492788
300529.40390000003,273237.7149733711
300529.40390000003,337698.74442729686
300529.40390000003,318023.2849987444
575027.27795,835476.5211234995
575027.27795,748452.1177754888
575027.27795,603552.1411368223
575027.27795,779637.3861943345
575027.27795,779521.2439546733
706530.1217500002,899048.0573443152
706530.1217500002,830960.0096836357
270413.5758,578138.5133393031
270413.5758,431567.88362868957
270413.5758,288072.88020486396
576199.8653000001,436772.6738120892
576199.8653000001,595443.931155858
886411.7998999999,945778.877152346
886411.7998999999,592231.0006397545
886411.7998999999,883441.6806798707
886411.7998999999,735495.0485497171
886411.7998999999,738722.6809343278
886411.7998999999,674705.9651625812
700906.0278,754341.321319241
700906.0278,755340.9310526567
700906.0278,1026565.6368630242
700906.0278,954912.4327637934
700906.0278,816802.1448626326
700906.0278,755817.9316026933
700906.0278,622525.5498546102
700906.0278,617693.8434061769
700906.0278,706457.0766646469
810544.60945,915890.3413841941
810544.60945,853721.2907897955
589212.7227999999,873008.287764801
523602.3625,719605.0021215581
523602.3625,429593.08118752367
523602.3625,718742.2409446223
523602.3625,407766.6079162172
418275.04515,468626.59873235325
418275.04515,337712.2554396807
418275.04515,484535.92020561465
657294.9878857143,763594.1885634339
657294.9878857143,764877.4568283838
657294.9878857143,758920.2530632843
657294.9878857143,482810.28119784826
657294.9878857143,450227.99978782784
657294.9878857143,566201.4800323885
657294.9878857143,590207.8515199621
232651.5424,432332.61443208496
232651.5424,544612.471085208
405822.9555,484114.5255850369
405822.9555,482419.9805952287
405822.9555,457387.44427375117
536878.7890100001,859855.6484180648
536878.7890100001,864773.816930099
536878.7890100001,735183.0364133928
536878.7890100001,863682.1498779531
536878.7890100001,603895.0179435872
536878.7890100001,734760.387526163
536878.7890100001,682735.8111089453
536878.7890100001,560152.4389480999
536878.7890100001,683475.1080022829
536878.7890100001,882271.2566525782
310466.96147499996,291588.5495977195
310466.96147499996,410742.7111315677
249918.5288,377274.9443906613
249918.5288,490288.2032117307
249918.5288,242688.34486304998
400990.34450000006,463295.2138387656
400990.34450000006,584104.4660009661
400990.34450000006,555966.3045300662
613538.7064499999,772575.2043758652
613538.7064499999,472637.3943340556
613538.7064499999,776992.1115293226
613538.7064499999,498534.00550106866
323508.63060000003,425620.89565416984
323508.63060000003,355689.80973083246
323508.63060000003,241669.90198831924
962941.6867142858,747302.5883309913
962941.6867142858,1028939.7967275239
962941.6867142858,819507.1343963231
962941.6867142858,958414.9575710039
962941.6867142858,752230.4627839035
962941.6867142858,891630.6487687526
962941.6867142858,748333.6389325259
399488.78035,443612.5970763162
399488.78035,448003.6932774705
399488.78035,515540.8117764017
399488.78035,286413.02393039584
1063623.29215,1070629.39390206
1063623.29215,825046.6812296087
1063623.29215,971674.6743425102
1063623.29215,1111814.0240129163
1063623.29215,1070705.511879355
1063623.29215,826277.3294389439
1063623.29215,824943.9927515473
1063623.29215,974508.2327488882
1063623.29215,1038205.9561624547
353164.525,646497.2612747058
353164.525,528649.9586194854
746714.8098499998,1001603.558947837
746714.8098499998,856788.0078577929
746714.8098499998,699396.291319222
746714.8098499998,851805.5125313795
746714.8098499998,1004778.5151602994
746714.8098499998,999228.3803841867
570759.55406,755702.1333002793
570759.55406,756508.434520755
570759.55406,470152.18239816255
570759.55406,710190.2722597704
570759.55406,576166.5228669839
382283.24769999995,439819.10666368506
382283.24769999995,574318.5699745985
510572.771225,512661.70338249323
510572.771225,516402.88655548566
510572.771225,308947.44862141256
510572.771225,476384.4831508822
471793.0980499999,612333.7956618335
471793.0980499999,571472.8703401289
471793.0980499999,478869.95967407397
471793.0980499999,567180.7961193621
823336.9723,718164.7235608005
823336.9723,585352.6603928453
644490.0146,630842.2763537366
644490.0146,630558.1589984079
644490.0146,492479.62779854477
644490.0146,780528.7046013302
644490.0146,790629.5126004082
199555.2826,405945.7552877496
199555.2826,532496.6409860377
199555.2826,226819.48015719774
502203.4578,639932.48255026
649278.9655,729009.4969354704
649278.9655,496916.660188542
649278.9655,583333.1844119811
649278.9655,544754.47222418
649278.9655,611838.2868374207
561903.8246,606216.19654695
561903.8246,605579.0586866746
561903.8246,459571.6790799183
561903.8246,684361.0379410805
561903.8246,704350.2623958207
599926.0718,702724.1318858498
599926.0718,689116.274142803
544941.30725,456541.7862201534
544941.30725,513073.3750693259
544941.30725,512562.1786813162
544941.30725,416730.33879674005
634395.14595,653903.9921355114
634395.14595,651581.6652786366
634395.14595,510401.37161076826
634395.14595,456469.1560695444
634395.14595,467964.306679603
634395.14595,667134.470902538
604405.5490499999,726266.4993210798
604405.5490499999,484793.05921367253
604405.5490499999,724576.6045337535
604405.5490499999,683039.9462927461
538615.4091500001,349327.78725248063
538615.4091500001,364466.83863625315
764644.6915499999,924954.4037724012
764644.6915499999,619772.808934866
471237.64885,505079.4249095208
471237.64885,505801.54325358703
471237.64885,619044.2519096672
471237.64885,339912.7613493521
343522.78304999997,407031.50342233694
343522.78304999997,369867.0654283526
670570.42025,503954.6267503929
670570.42025,847556.2800085583
670570.42025,565254.8704906078
670570.42025,472982.97321391996
537655.1741000001,486659.9902173068
537655.1741000001,682781.6470414465
537655.1741000001,487094.7405542359
537655.1741000001,587272.3126070638
537655.1741000001,429867.429269393
537655.1741000001,459724.29451252264
901407.4864,818246.0467561332
901407.4864,1076641.6641785596
587447.93955,575490.8394955365
587447.93955,713857.6494751314
587447.93955,802178.6322505737
707496.9947,983790.8405500937
707496.9947,778593.3410733313
707496.9947,923992.3917292813
707496.9947,979171.6703039176
707496.9947,686660.9695861867
707496.9947,1055056.1238381418
707496.9947,784304.3017099359
684930.803425,525743.9976671379
684930.803425,726331.3440909147
198364.7625,558908.147092195
198364.7625,222527.2957336983
198364.7625,525268.0328125267
614237.9312,480787.9354988284
614237.9312,588180.871402597
787652.3995357143,891481.9899297222
787652.3995357143,945252.067086328
787652.3995357143,591275.5820631695
787652.3995357143,742099.4937269918
787652.3995357143,824732.1464076323
787652.3995357143,677309.9492242738
787652.3995357143,684842.4043946365
620292.4731,636210.0525709266
620292.4731,863025.9636018281
620292.4731,1002385.2378020704
620292.4731,642016.1118725607
620292.4731,721407.6224380708
620292.4731,722252.0854924992
629102.5756000001,754621.7387647564
629102.5756000001,624121.6684503296
649405.3589999999,431839.4947193324
649405.3589999999,622870.9313056159
1479674.7828499998,972064.8779410281
668580.58505,607325.8010195746
279492.51615,305737.74681014434
279492.51615,590204.178362775
580208.9031375,713020.1656900994
580208.9031375,415519.64158474194
580208.9031375,387438.4409708991
580208.9031375,561344.7316667482
927092.8869499998,968226.76335124
927092.8869499998,660200.785295983
927092.8869499998,1031601.9427731838
927092.8869499998,816606.6401308901
927092.8869499998,663837.8354836674
927092.8869499998,1006758.2293106164
660623.6961000001,773119.2398032303
660623.6961000001,570233.482948463
660623.6961000001,569431.32289317
660623.6961000001,771910.822417468
660623.6961000001,570412.4712901628
660623.6961000001,656799.9341110141
660623.6961000001,657471.7146702253
660623.6961000001,536810.7047976181
595818.618,619471.6450018494
595818.618,616666.4676617001
595818.618,666525.3684232287
595818.618,572427.4034648776
595818.618,712945.9568246219
595818.618,652870.532880461
550167.7607,691252.8325415106
550167.7607,764869.2415097799
759992.37905,780474.5393274585
759992.37905,553061.9729788429
1239721.30679375,1103804.8681475676
1239721.30679375,962115.029311476
1239721.30679375,966083.3390743341
1239721.30679375,1105514.081805902
1239721.30679375,811454.1681527927
1239721.30679375,1059026.4469986665
1239721.30679375,809421.7634587184
1239721.30679375,739619.2210815578
562895.35005,551346.0316103459
937988.59325,659435.1419781075
937988.59325,827528.4862806825
490729.98775,458127.56773388345
490729.98775,472290.0569051264
618799.27428,907964.4211649533
618799.27428,907880.8342440132
618799.27428,907042.1572063875
618799.27428,1019287.3809789979
618799.27428,909707.7631020658
618799.27428,781558.3373572199
618799.27428,911183.4892775149
618799.27428,1021090.3957868363
618799.27428,747221.107763376
618799.27428,841257.1967479927
618799.27428,951874.2681512105
618799.27428,747317.1328542137
618799.27428,949594.1759739765
618799.27428,973013.3050318521
618799.27428,742445.3354881749
815844.9684,892236.0274992799
399960.2054,498681.94051258074
399960.2054,645051.1262876869
399960.2054,471002.5209797199
632459.5852999999,519827.786724076
461581.93019999994,467246.3849513916
461581.93019999994,334377.896579916
461581.93019999994,612747.3131117041
691027.920225,706030.9183574334
691027.920225,565727.839313205
445563.0735,640455.8490545126
445563.0735,353989.36168941413
445563.0735,318210.6870114099
584955.6481999999,598476.5333056166
527659.5217,350683.9507763312
527659.5217,345467.93168225104
842859.76455,825497.3910809193
529752.44175,396421.7379780247
529752.44175,443016.4868415382
529752.44175,375790.05222963647
432390.8269,363236.61072846636
432390.8269,362367.56484037655
432390.8269,643749.0947819245
432390.8269,343965.7562064879
432390.8269,343925.34819126566
432390.8269,345388.5846179596
423188.7568999999,484061.9698003121
423188.7568999999,810442.2254564574
530235.0555,786263.1373217752
530235.0555,460024.18596271495
530235.0555,648036.25599565
530235.0555,699168.8087820723
530235.0555,435150.1869927427
202494.2217,244984.3433566467
202494.2217,251760.3306969779
821559.461975,851259.6777171681
821559.461975,1041710.4970131302
299295.47390000004,438881.3629374514
299295.47390000004,578834.3036597106
299295.47390000004,420337.3464877251
299295.47390000004,294994.48845175403
596052.579525,589671.9088765674
596052.579525,727012.073983409
430752.0109,452478.0476745397
430752.0109,458000.35139458143
404215.1919499999,326866.00471503043
404215.1919499999,328114.157432962
404215.1919499999,303907.08608623827
594946.2707999999,554613.6100951247
594946.2707999999,558824.4183983598
594946.2707999999,557824.5508372219
594946.2707999999,699750.9612354372
594946.2707999999,701089.8394601395
594946.2707999999,798956.2182247617
690815.88435,651758.2034511426
690815.88435,1010927.8622899395
690815.88435,938715.457763074
690815.88435,941063.5540589803
690815.88435,943487.7917498348
690815.88435,672775.1746196765
659493.0244875,649618.9017841172
659493.0244875,787853.5465833645
659493.0244875,920781.5788796754
659493.0244875,650185.5409394483
659493.0244875,649147.7735946608
659493.0244875,645137.9008937181
659493.0244875,864913.6384501561
659493.0244875,860651.7492010841
659493.0244875,595953.8802673923
659493.0244875,674589.9348131635
977490.3945625,1013813.3312469546
977490.3945625,1017565.7242825658
977490.3945625,1094596.4683896839
977490.3945625,1020262.1457504347
977490.3945625,818710.2056302794
977490.3945625,734551.8289484683
977490.3945625,687148.9021219611
977490.3945625,941220.7411836679
977490.3945625,673431.6569710715
977490.3945625,924803.1086353534
2570992.52145,1249045.0356543413
2570992.52145,1142354.3505530255
444987.566075,593364.6235661177
487063.8867,482945.03175488487
487063.8867,682624.0197040683
484932.5574875,499981.4427310657
484932.5574875,497909.41706659214
484932.5574875,612801.5958425878
484932.5574875,465729.49733849464
873799.08,906095.4236840894
549460.6191093749,952935.3940931497
549460.6191093749,725397.6400344307
549460.6191093749,1006445.3417762854
549460.6191093749,1084264.1696527004
549460.6191093749,869659.5496089961
549460.6191093749,865605.6604069476
549460.6191093749,869070.0915498694
549460.6191093749,809970.2282176072
509248.56970000005,583937.8259789834
509248.56970000005,343047.27011092025
261153.37869999997,279137.858981095
261153.37869999997,545994.8227922705
261153.37869999997,528840.8692326389
261153.37869999997,198893.3334834457
772302.4696000001,730770.8109672365
772302.4696000001,944729.1499730166
294175.49679999996,301505.3041862049
294175.49679999996,580886.9976876054
294175.49679999996,556049.8042539891
470453.6065,385481.2430390692
470453.6065,706835.4993851341
296810.2961,404439.8665551538
296810.2961,543743.7309723662
296810.2961,405089.17270650377
368509.7716,394387.3737445181
368509.7716,542068.5595379798
692847.2965749999,637411.8629524607
692847.2965749999,902719.8968593479
657804.53975,914629.4280967352
910570.169275,944396.6094357064
1325863.5087,910421.503228198
1325863.5087,1067086.1748540686
280131.9509,271869.9739538879
280131.9509,254902.75162402622
667697.94705,551508.7181010756
667697.94705,835688.3086026006
1108966.0831999998,705667.4547113405
1108966.0831999998,914548.6191259478
758000.61915,877913.9922984925
758000.61915,928228.729785966
869448.6796500001,806598.656837414
537504.2400499999,797815.5209193011
537504.2400499999,720843.5828496484
750193.6682999999,567413.7857386816
750193.6682999999,574514.8722683288
351504.84420000005,641076.0369852039
351504.84420000005,494939.8672521444
351504.84420000005,466119.2629913632
557432.6037499999,738487.6594572597
557432.6037499999,770993.9515392057
429385.56000000006,772046.4007412303
429385.56000000006,628164.7873111786
429385.56000000006,495962.7035849893
429385.56000000006,496220.20149251656
429385.56000000006,589541.3929318392
429385.56000000006,723006.1274183216
485277.94456,470798.67371634574
485277.94456,797759.0086345582
485277.94456,466636.62954525393
485277.94456,705213.6014356827
485277.94456,436732.53940523986
598119.561825,858238.9446726308
598119.561825,712379.2370459228
858421.9482,731063.0765425265
858421.9482,574976.3030804622
934575.29540625,1074341.3010913709
934575.29540625,1073495.621135198
934575.29540625,941805.5751011961
934575.29540625,1073872.5694205384
934575.29540625,942596.6668141801
934575.29540625,1152897.2461720868
934575.29540625,944946.8631739464
934575.29540625,1067231.8146033334
934575.29540625,991528.3144851963
934575.29540625,766690.7910215972
934575.29540625,991842.4214592113
934575.29540625,745053.6873614361
1024302.4521,652446.688905288
1024302.4521,804165.1631262506
1024302.4521,803419.8545256034
1024302.4521,801927.532090027
1024302.4521,651345.6970712934
1024302.4521,876003.3251095943
1024302.4521,600230.9312942458
1024302.4521,601729.952492167
400060.50962499995,719312.5969970679
400060.50962499995,620107.8553767194
279510.34865,271112.97669589525
279510.34865,510723.76070412167
629486.8003125,631705.542820297
629486.8003125,482557.1203802082
629486.8003125,626708.6342768003
629486.8003125,721776.3207394433
629486.8003125,569058.4756435577
629486.8003125,768680.7238656956
576736.99905,543346.3294641074
576736.99905,609034.18650254
2437338.00365,1317354.6525089438
2437338.00365,1222750.3196899705
2437338.00365,1429488.093902255
224030.65115,505940.5465758652
224030.65115,385004.7662675348
224030.65115,484110.83781917766
211696.25985000003,499602.4905052573
211696.25985000003,238200.92873483023
717204.7441499998,652526.1151969378
717204.7441499998,789747.0635480955
650729.6723499999,724968.7354290104
650729.6723499999,813749.9450326142
555812.6206285715,962932.2982723269
555812.6206285715,1010978.5082008368
555812.6206285715,1013654.6260312197
555812.6206285715,1011393.9333573605
555812.6206285715,874776.7232898024
555812.6206285715,726748.774245289
555812.6206285715,1009470.1652814699
583684.80425,705633.7474380112
583684.80425,788317.2803420711
583684.80425,983567.6569608065
583684.80425,846591.6551588972
583684.80425,788762.7387134092
583684.80425,845494.5144763575
583684.80425,1062030.4195281155
583684.80425,651579.3300939421
861016.546325,879950.7541476907
861016.546325,741836.4577044818
384127.27055,264185.1996567648
384127.27055,271059.9934747654
1023922.922425,771014.1903133485
1023922.922425,1160338.1751596332
452811.78851999994,473506.93725593475
452811.78851999994,608290.0026744623
452811.78851999994,611730.390417424
452811.78851999994,797416.000420632
452811.78851999994,507341.9797496991
519961.2251999999,566072.7444308735
519961.2251999999,571787.991799154
385495.1513062501,411733.6405444432
385495.1513062501,698046.1513973278
385495.1513062501,630855.9501711023
385495.1513062501,513598.478997414
668085.391925,742802.1855853442
668085.391925,876156.8868976156
414854.5663999999,374995.89896740863
984820.13761875,978945.8905172879
984820.13761875,1117650.6462526815
984820.13761875,1113844.6316009879
984820.13761875,1115511.021508529
984820.13761875,1113739.4529771463
984820.13761875,1109214.3471124559
984820.13761875,1110745.8832169771
984820.13761875,1016845.5794440599
314888.807575,564014.5654933766
314888.807575,359993.6432117076
179600.86365,273974.265085369
179600.86365,520108.3277958428
633007.5806999999,597914.370211953
788553.9449499999,876637.5227549775
788553.9449499999,884398.95309606
788553.9449499999,741167.703685104
788553.9449499999,877671.3974025139
788553.9449499999,545035.6611957038
788553.9449499999,543282.8339867718
788553.9449499999,670866.7681575449
537139.405,714788.6738698102
537139.405,848586.5368088675
537139.405,980045.1454310982
537139.405,848110.8812925435
537139.405,711562.7586164016
537139.405,983922.1752043713
537139.405,797975.1590682801
537139.405,784817.4294122057
537139.405,656138.6931933437
537139.405,783734.5544114225
537139.405,925709.9436574995
305680.59859999997,409128.3136598956
305680.59859999997,546871.4727976919
305680.59859999997,688479.1357351555
305680.59859999997,522558.09877416457
588491.3346,745909.2661675859
588491.3346,892657.3176509549
588491.3346,886821.0430091643
588491.3346,673574.5660325327
588491.3346,600552.6228941698
588491.3346,691897.5304789948
588491.3346,555315.11124635
588491.3346,556202.6884985775
588491.3346,624116.7638293344
965061.6320571428,811818.2550957486
965061.6320571428,1062359.1814212506
965061.6320571428,905323.2509223032
965061.6320571428,1063160.3249119474
965061.6320571428,1139087.3524766841
965061.6320571428,1139223.155137645
965061.6320571428,817969.0412591038
965061.6320571428,945192.3699969241
965061.6320571428,872572.8509428333
965061.6320571428,1008108.5102665545
965061.6320571428,871811.9744000394
965061.6320571428,872848.2660789139
965061.6320571428,872985.7179372903
965061.6320571428,874037.7135415676
198663.06577499997,512784.00822961517
198663.06577499997,348014.86753167503
852099.5453142858,753066.1939755175
852099.5453142858,819267.6568039848
852099.5453142858,753807.7534890193
852099.5453142858,754231.6048607049
852099.5453142858,831497.6083832578
852099.5453142858,831334.851164046
852099.5453142858,830939.3271137984
279262.215025,473086.23173725465
279262.215025,351323.6233992787
294327.00152499997,286888.21255335485
294327.00152499997,390577.5361603641
509557.16625,536791.4570444992
509557.16625,533411.7281545226
532962.9162,660627.1514664624
532962.9162,373404.3675310936
532962.9162,512782.661476945
532962.9162,483957.44793084124
536660.9618999999,354058.87053533725
536660.9618999999,370650.77429637616
1229375.77465,930799.8349541251
737484.4044999998,683387.4962717583
737484.4044999998,837479.4773854213
737484.4044999998,914903.7434210938
737484.4044999998,917057.5298823665
737484.4044999998,831056.485043174
737484.4044999998,629065.1671781722
555315.1566999999,551046.7645603309
555315.1566999999,694299.6384735352
555315.1566999999,742152.7323065288
408963.50525,432280.97347656894
408963.50525,565422.5808764661
408963.50525,300856.64613520144
399657.5913,680954.1799038902
669713.51985,674340.9454077731
669713.51985,814465.6432581964
300534.88105,536820.706523378
300534.88105,233588.18247586978
1393025.5286464286,1007716.5665651481
1393025.5286464286,929372.0549860148
1393025.5286464286,1051185.3680384376
1393025.5286464286,1050689.2768182661
1393025.5286464286,795159.8219130423
1393025.5286464286,928485.8677154162
1393025.5286464286,1053241.879140997
1393025.5286464286,975774.0968646989
1393025.5286464286,731982.4481869463
1393025.5286464286,857284.0786684154
1393025.5286464286,973646.4780098489
1393025.5286464286,975774.0968646989
1393025.5286464286,734096.2844935263
1393025.5286464286,860880.6085847005
625173.737,881160.56867571
625173.737,743406.6641990637
391548.03465,311492.8098930066
391548.03465,452740.51484263333
568321.2043900001,998953.9925139615
568321.2043900001,723661.7611020124
568321.2043900001,816380.7683926085
568321.2043900001,997529.2877069699
568321.2043900001,725621.6145069951
568321.2043900001,947300.0724946834
568321.2043900001,925444.4107418135
568321.2043900001,925591.1039685515
568321.2043900001,922761.9895064777
568321.2043900001,799195.6803689991
724822.31085,607263.0162116515
724822.31085,526647.5383871114
724822.31085,465001.71498065686
724822.31085,567510.9664634437
724822.31085,706560.8188276222
724822.31085,621025.4968085671
662480.2296699999,585224.8058306283
662480.2296699999,584632.0167084354
662480.2296699999,581317.0296256372
662480.2296699999,408823.3031221214
662480.2296699999,471233.34762701206
615149.6433,395900.53691399284
615149.6433,454110.60111529025
357684.67467499996,402293.0549766208
357684.67467499996,207494.71541088307
603958.5757071429,817642.4036404456
603958.5757071429,738666.0909023877
603958.5757071429,677856.1564694726
603958.5757071429,680016.2991696775
603958.5757071429,630852.1193256066
603958.5757071429,763468.4077367908
603958.5757071429,687573.6597931868
1092900.8077,768153.2148044235
1092900.8077,1046325.8370223949
1092900.8077,1320990.1949971328
316901.2499,550962.0373849075
316901.2499,286893.7414244802
493401.5780571429,765666.7479275651
493401.5780571429,488994.18759463367
493401.5780571429,486898.68618212966
493401.5780571429,767518.5566512172
493401.5780571429,718429.9981979653
493401.5780571429,584916.8643669486
493401.5780571429,594257.5197386609
924836.2387214288,1031547.8905141864
924836.2387214288,779482.3221931646
924836.2387214288,1033788.6562297649
924836.2387214288,1027400.0925179566
924836.2387214288,1029253.5846957491
924836.2387214288,1106192.245222947
924836.2387214288,911881.7886492914
924836.2387214288,733107.3183723819
924836.2387214288,716395.5545761405
924836.2387214288,840895.0023419216
924836.2387214288,839622.3178752112
924836.2387214288,955966.8214511628
924836.2387214288,716825.5032634129
924836.2387214288,812407.4695337131
566017.3889,720305.3738734459
566017.3889,435834.3240574088
569465.817525,815651.5102290593
569465.817525,687163.3422374127
869811.2215625,887143.0718208016
869811.2215625,746942.5109789744
869811.2215625,751449.9613649262
869811.2215625,1094008.354684807
869811.2215625,969563.3804370535
869811.2215625,751073.8244162002
869811.2215625,689491.7732946101
869811.2215625,820417.9757070383
869811.2215625,819088.9398818684
869811.2215625,945646.3696517302
869811.2215625,942855.5805237228
869811.2215625,691517.6842805486
555007.79325,589651.6549774427
555007.79325,584052.4280718111
472931.197,658624.1904845387
472931.197,388786.414533309
471388.23464999994,436034.44219783036
471388.23464999994,622331.6028723
609098.66695,715685.4639923148
609098.66695,646864.559361541
609098.66695,715353.7033228697
2644664.33875,1255117.613356902
2644664.33875,1367094.6254977079
800631.9103499999,831993.1804882354
800631.9103499999,679131.2563081146
800631.9103499999,920489.1683510165
754980.8313399999,634045.9237953105
754980.8313399999,495093.0325667246
754980.8313399999,695280.6753382417
754980.8313399999,691449.8194049853
754980.8313399999,526881.730794716
626143.82125,575584.7955913694
626143.82125,561448.4959397899
906941.0581,759722.1220248106
906941.0581,837999.8269369332
657924.18275,1110130.9876518718
657924.18275,916349.3839760261
657924.18275,786467.029336356
657924.18275,783798.9957659204
657924.18275,1027108.4443422445
657924.18275,1027018.2962130482
657924.18275,1027736.9345527635
657924.18275,1031583.7992448851
657924.18275,957224.5598526704
657924.18275,748406.9914052058
657924.18275,846090.3418844001
657924.18275,847223.9860132091
657924.18275,845836.8811631695
657924.18275,961428.8825551156
398596.3708,583820.9703917359
398596.3708,443347.93131001276
398596.3708,606816.4662383527
576650.477675,708271.1259618816
576650.477675,612038.1017004116
418494.401675,432381.6905481888
418494.401675,568140.7996747281
461952.581325,620196.4904557914
461952.581325,498650.31849341746
682907.13596875,659197.5188423834
682907.13596875,657051.6638644212
682907.13596875,1014929.1468732265
682907.13596875,951716.4183764353
682907.13596875,801530.069479133
682907.13596875,600488.2589647007
682907.13596875,740318.8102092108
682907.13596875,601470.9606597099
609475.8618999999,428993.47479803953
609475.8618999999,429532.81273853505
609475.8618999999,716187.1245461288
609475.8618999999,512198.1312648151
609475.8618999999,651954.2544660935
253773.67440000005,536645.123100387
253773.67440000005,283473.0493646382
253773.67440000005,253781.64484235388
249947.47775,386877.8049356606
249947.47775,252074.47941619938
249947.47775,497027.0593589658
615703.2721000001,562397.1774172091
615703.2721000001,644480.1957755184
498091.013,374111.2950728342
498091.013,393249.11298987345
758602.9895142858,1057994.7287617936
758602.9895142858,1056277.7213217134
758602.9895142858,837625.9264663811
758602.9895142858,986890.4533705685
758602.9895142858,984933.0032106782
758602.9895142858,633891.4119959829
758602.9895142858,909828.163601907
651652.9625,478258.82222113456
651652.9625,860693.8291059767
189237.99672500003,358642.8301199123
189237.99672500003,229392.89207456243
801867.4786999999,919693.7674485503
801867.4786999999,571264.8559271656
674222.1682,425881.6469376416
674222.1682,748577.7892838056
570286.2770125,464391.2362174741
570286.2770125,803156.429030016
570286.2770125,758556.5338325785
570286.2770125,578722.1156539479
1009826.9516,654839.4489711184
1009826.9516,927496.6343606352
179415.561375,178157.1387038232
179415.561375,335789.7357230114
794004.6618499999,802863.1898986503
858824.5894545455,1037749.0883860688
858824.5894545455,1040580.5748803264
858824.5894545455,1114984.2335895798
858824.5894545455,1037029.6603386957
858824.5894545455,855558.5759976167
858824.5894545455,1040580.5748803264
858824.5894545455,854620.7616232214
858824.5894545455,720310.6946627152
858824.5894545455,702494.34255862
858824.5894545455,834235.4796523682
858824.5894545455,703020.7506798911
424570.96695,659643.8769776007
424570.96695,386221.4968590572
424570.96695,624251.1067323348
424570.96695,347643.33426977514
771789.3224000001,678383.4599629312
771789.3224000001,766387.2996669329
771789.3224000001,942184.3935373139
546747.16304,454376.14935511374
546747.16304,452952.94725755317
546747.16304,597798.6275112776
546747.16304,556499.5008516493
546747.16304,743513.5215334548
410546.2914,328165.3860732081
410546.2914,470247.4820494458
410546.2914,453643.69369329186
550088.89905,429041.95239860297
550088.89905,427124.70586001745
512301.18975,412747.5996033236
512301.18975,719383.448090686
634110.46365,880212.4664261616
634110.46365,607086.7765722302
538380.6070874999,559788.0874158121
538380.6070874999,704721.7441092989
538380.6070874999,419569.27919676504
538380.6070874999,693617.9025538829
679100.8493499999,944888.7958152196
679100.8493499999,1061429.8382664507
600608.6786999999,776520.4000110781
600608.6786999999,960140.5748962701
600608.6786999999,888109.4363701766
725443.8157312501,844680.0848116879
725443.8157312501,709247.5980411456
725443.8157312501,970092.6749732334
725443.8157312501,707011.5084761622
725443.8157312501,703956.6451196163
725443.8157312501,919171.651677869
725443.8157312501,779880.0494801941
725443.8157312501,790742.5156526831
725443.8157312501,790554.8319156321
725443.8157312501,791801.8778761585
725443.8157312501,906481.6794318282
725443.8157312501,854738.4805617848
215706.4766375,598459.1306408672
215706.4766375,463161.6212045354
215706.4766375,534773.6810579065
215706.4766375,573258.941637011
325655.13145,554157.3668539543
325655.13145,538502.5665172949
340148.95584999997,456565.6681129562
593308.475625,609190.6194702642
593308.475625,747109.7912969881
593308.475625,604365.7589485141
593308.475625,749104.872341969
593308.475625,949831.4370285972
593308.475625,693159.8210082458
593308.475625,827041.9662221974
593308.475625,825173.364612457
593308.475625,622628.5218410816
276819.88075,541502.7610505545
276819.88075,385856.4473434701
276819.88075,502643.9038083645
303445.7302,358058.1422350195
303445.7302,528389.4340806735
326608.4364125,736144.645818056
326608.4364125,699499.1310157176
326608.4364125,700779.8801672362
326608.4364125,641505.4198081128
326608.4364125,510065.7941511761
326608.4364125,664525.459583124
564037.884375,609594.0297788148
564037.884375,815777.9570584672
467549.0792,819373.4795254606
467549.0792,542281.151107237
467549.0792,817917.5432029013
467549.0792,818281.995124995
467549.0792,504505.26685081155
350591.920425,503435.24411739904
350591.920425,396666.0557835222
546635.503625,661417.9143191263
546635.503625,900664.4399275698
597598.6068000001,786341.1490204135
597598.6068000001,490422.0556856037
597598.6068000001,634281.6129597789
597598.6068000001,590724.7168322895
597598.6068000001,455674.1667283931
597598.6068000001,503820.4377934849
237702.84875,256189.0320913336
658746.1901250001,785764.46358738
658746.1901250001,1041968.247502212
658746.1901250001,1122686.814993973
658746.1901250001,919437.2268556998
658746.1901250001,1123293.5385661572
658746.1901250001,1039441.2975414528
658746.1901250001,786857.1831493799
658746.1901250001,965294.2690208718
658746.1901250001,848478.7422827252
658746.1901250001,849269.1225281982
658746.1901250001,964577.2796881356
658746.1901250001,1094081.7156890815
1043921.2633,1047033.8053419653
1043921.2633,853107.8588663916
1043921.2633,1055907.2635832177
386101.15135,496634.78641505825
386101.15135,554373.3583901527
477351.26034999994,370256.80273169145
477351.26034999994,371282.27691583126
477351.26034999994,622357.3073587622
498543.6948499999,690277.3318584999
498543.6948499999,581584.3967785453
498543.6948499999,377127.3902160127
535853.951825,548976.3489560196
535853.951825,706714.3403047168
614849.8356,934543.3111075709
778998.38085,824370.7898092242
778998.38085,822224.7358884992
897623.2283,839555.1762103257
897623.2283,628140.3671770184
940334.5293,836619.6638500589
940334.5293,962504.3758618678
673439.4360250001,610005.7583668978
673439.4360250001,824619.2329068882
387952.738775,419919.9339369852
387952.738775,274954.46855420223
696886.93655,842721.761208174
696886.93655,843055.8326731962
696886.93655,841160.0192907067
696886.93655,840601.1961904467
696886.93655,848480.0761591404
696886.93655,792667.6845918437
516291.4272625,389199.4487832978
516291.4272625,572694.1433901079
516291.4272625,530763.3719754814
516291.4272625,521473.2592171328
523379.20932499995,672721.9855959516
523379.20932499995,917150.5902265233
363920.56965,641917.2283730566
363920.56965,674912.83845725
950250.863875,944230.3749749608
950250.863875,805437.4874991702
950250.863875,950331.2240915087
950250.863875,803076.79582108
950250.863875,1015380.4807866346
950250.863875,814646.3529773235
667140.0550142857,832592.690239193
667140.0550142857,837380.1551999386
667140.0550142857,541951.9385551143
667140.0550142857,534326.735416527
667140.0550142857,634977.8206152092
667140.0550142857,623558.0917220797
667140.0550142857,497760.77638793446
810852.9044874999,895095.1366579236
810852.9044874999,897350.4182330151
810852.9044874999,1037805.8196474633
810852.9044874999,1031667.8779195054
810852.9044874999,748623.1372323046
810852.9044874999,893906.118838527
810852.9044874999,1037054.385097865
810852.9044874999,829887.5540599442
217847.61975,270980.34249801346
217847.61975,521856.95260110515
774674.0603166667,633538.2095946117
774674.0603166667,904422.6057791668
774674.0603166667,632658.8823016277
774674.0603166667,901461.7561173672
774674.0603166667,771833.0201817154
774674.0603166667,840598.9909761639
774674.0603166667,715287.8099444184
774674.0603166667,587056.4480392088
774674.0603166667,898195.6664373295
732264.5270499999,556874.4717834005
732264.5270499999,641719.7152857917
751184.56905,810475.5832504388
751184.56905,952056.1276502246
441378.5985,455577.01291961217
441378.5985,490482.57358809916
352752.21679999994,546006.511313506
352752.21679999994,371138.26135294535
599628.10795,683115.0036627353
599628.10795,945820.1074293075
599628.10795,934370.1137929948
614736.0343499999,711897.4752598985
614736.0343499999,641622.3232873796
614736.0343499999,767891.6926048099
1265822.9248,1199932.1013846074
1265822.9248,955960.8872139319
1265822.9248,1398351.868467391
711609.56335,656219.2957863004
711609.56335,779958.8298343823
634005.84546,633912.2244715075
634005.84546,491891.3730824851
634005.84546,491891.3730824851
634005.84546,576439.440794532
634005.84546,746902.0348404506
531670.040875,687785.6001878117
531670.040875,581274.5382399997
492994.763125,584387.8288111071
492994.763125,715200.2733624376
441342.9907,319959.94811707875
441342.9907,469028.2509378284
640443.9694125,859617.5788270833
640443.9694125,770446.3835942126
640443.9694125,1102757.308878671
640443.9694125,1101977.2485411158
640443.9694125,1021224.6249369995
640443.9694125,1022531.5691357735
640443.9694125,990018.1797872407
640443.9694125,835481.7902204904
640443.9694125,834762.7497096773
640443.9694125,855881.6752015946
640443.9694125,950172.526134047
640443.9694125,945965.2950928482
655394.7935500001,803318.4283854043
655394.7935500001,872106.6696656959
519511.0436,377935.5156717498
519511.0436,525470.7015844792
469862.4793285714,613824.8428060074
469862.4793285714,609595.1329588738
469862.4793285714,475761.69887501403
469862.4793285714,755927.734738426
469862.4793285714,426021.85482814827
469862.4793285714,441660.24239858525
469862.4793285714,452582.53944984503
643213.07825,588885.3792892438
643213.07825,724387.26892645
643213.07825,811644.14666214
333047.60959999997,281572.4335195547
333047.60959999997,296955.3952581609
333047.60959999997,226570.6662906346
2673826.3231499996,1173267.6623455754
2673826.3231499996,1069274.164404289
467581.476175,578332.2173163882
467581.476175,760149.5598095515
536557.7061999999,579461.9668104233
536557.7061999999,560196.7299767557
731086.811775,635882.1178320764
731086.811775,773569.5048313241
731086.811775,907708.736922164
731086.811775,770160.3626489701
731086.811775,907062.7901886057
731086.811775,768685.1350944274
731086.811775,713447.4165135855
731086.811775,843469.7211792048
731086.811775,713696.6859856801
191382.85625,430198.68994543975
191382.85625,290988.7656674454
191382.85625,263789.421373588
340604.6307,319586.6610022822
340604.6307,446150.52400188753
340604.6307,465923.37700416043
552315.5373249999,700635.493499513
552315.5373249999,560144.1835079975
552315.5373249999,464935.3100215615
552315.5373249999,402895.0182270368
512536.21,563278.9547195312
512536.21,778443.2796204389
512536.21,502506.386134261
512536.21,780118.9066096774
512536.21,598254.0395160626
512536.21,597434.5328489599
512536.21,603550.8466174563
410917.3255,393825.6554147167
410917.3255,707962.0327739362
267060.93635,522277.0754345666
267060.93635,275162.877473447
267060.93635,477257.1818245563
586853.26555,536029.4923307907
586853.26555,674069.7590639929
586853.26555,957237.0820618431
710431.43278,631782.1660852742
710431.43278,489050.74828383257
710431.43278,491486.2011524413
710431.43278,634014.8419545961
710431.43278,591944.7133979895
423777.05875,645830.5651604942
423777.05875,380922.41413800366
580294.799,474138.0112450022
580294.799,473549.8646410885
580294.799,767271.7530061271
580294.799,436108.60617627535
714429.4878499999,620457.9435513902
714429.4878499999,1039399.3206373253
1131969.2860687498,820633.5927906934
1131969.2860687498,817698.0376183422
1131969.2860687498,1055674.4332554073
1131969.2860687498,939560.2056236019
1131969.2860687498,816917.3123780291
1131969.2860687498,1022507.2039042101
1131969.2860687498,1057547.569787709
1131969.2860687498,1060459.8579571457
1131969.2860687498,873427.2062988464
1131969.2860687498,873284.3711727781
1131969.2860687498,777059.4585898905
1131969.2860687498,982727.2917633813
1131969.2860687498,778810.8927302503
1131969.2860687498,1006892.978071514
1131969.2860687498,756992.524364877
1131969.2860687498,991871.7264477273
748997.41565,658711.4246260033
748997.41565,788407.7643868993
748997.41565,571250.1034960595
351217.19659999997,533660.2971850096
351217.19659999997,400002.07020460814
322611.22302499996,343006.3883470711
322611.22302499996,498964.39992005774
425875.9745125001,650633.9755438027
425875.9745125001,513862.3822734917
425875.9745125001,477473.4771928429
425875.9745125001,484684.74719874
520272.2450375,698510.3931490893
520272.2450375,734895.1408042988
520272.2450375,418594.09987020824
520272.2450375,562124.6876625321
468895.3899,432286.7107833923
468895.3899,434270.5892545768
468895.3899,466388.49674832134
672063.70101,520030.9687043551
672063.70101,673013.5412995733
672063.70101,588947.4916759119
672063.70101,589143.8215012827
672063.70101,482152.92479273013
301389.30615,369199.75862708205
301389.30615,247384.655458252
2392689.9676272725,1103469.6053823289
2392689.9676272725,1200436.648682996
2392689.9676272725,1177971.4666180345
2392689.9676272725,1276818.7356265802
2392689.9676272725,1202025.5356932003
2392689.9676272725,1197429.7763060166
2392689.9676272725,1201748.2622330245
2392689.9676272725,1099139.7604977237
2392689.9676272725,1097639.0639202287
2392689.9676272725,1177740.1432397463
2392689.9676272725,1109292.012946865
585338.79115,542634.5696929377
585338.79115,531223.1589351582
694761.32705,830337.482789392
694761.32705,676331.4230131251
694761.32705,822358.4765831437
694761.32705,691546.3100016789
454164.178,351382.5835987254
454164.178,636671.7982127788
454164.178,331539.71358273376
454164.178,585717.6065365453
590881.3966999999,824511.5667292217
590881.3966999999,509083.73967663443
676205.5517000001,737642.7380510765
676205.5517000001,656682.5053541586
676205.5517000001,884101.8847101203
676205.5517000001,582430.9593897788
676205.5517000001,528256.6428386271
676205.5517000001,678293.314220328
1225095.59185,948877.9636768074
1225095.59185,1153283.689324244
592998.5989,761450.1201297491
592998.5989,830661.0697373565
756765.40605,651507.1641892523
756765.40605,793628.027629034
756765.40605,871650.8188331511
756765.40605,572606.1657905113
756765.40605,592622.9886680485
419863.57,447271.8247193484
419863.57,449893.7886175523
419863.57,732325.7224807409
419863.57,504250.4714991002
419863.57,419428.9907435569
419863.57,420307.7428353823
419863.57,451140.699324939
479562.342196875,805114.2181905269
479562.342196875,803712.5081248634
479562.342196875,669406.6830867645
479562.342196875,537567.1904704329
479562.342196875,499323.6056732668
479562.342196875,625083.3185722316
479562.342196875,618173.9779743396
479562.342196875,756927.0132167691
2178680.2457749997,1160327.8746246735
2178680.2457749997,1549104.3354803703
678810.57895,794509.1608455917
678810.57895,937528.8134022849
678810.57895,876296.5817892677
678810.57895,941783.6395579306
678810.57895,643894.3532430809
678810.57895,670274.5383955068
339133.34955,528202.3148610134
339133.34955,387901.7389352592
1255023.01885,809043.9550293257
1255023.01885,1094808.8338318141
1255023.01885,1102231.443037476
1255023.01885,1097110.0828759358
1255023.01885,1054714.383777105
1255023.01885,807568.52583452
1255023.01885,741445.8677680457
1255023.01885,740699.933464369
1255023.01885,1014338.1828459178
613728.12605,724581.3132479866
613728.12605,1006125.3483223034
613728.12605,727663.324696836
613728.12605,1010185.4857759273
613728.12605,724581.3132479866
613728.12605,871127.1000400966
613728.12605,1006948.045954132
613728.12605,887110.9192503265
634330.60075,483292.86102279834
634330.60075,908889.7371075345
613106.8586,526292.2073459807
613106.8586,596717.1172210034
533601.6905142857,561894.9988843689
533601.6905142857,641645.9797848348
533601.6905142857,780614.7460543201
533601.6905142857,781078.5748722916
533601.6905142857,597923.6951702512
533601.6905142857,585775.942923561
533601.6905142857,596987.0000688218
593924.70995,686233.0878737286
593924.70995,685726.8013788903
653301.9334999999,726526.8979006938
653301.9334999999,571104.2212249618
653301.9334999999,428712.10456527275
653301.9334999999,667238.2528793709
725710.593955,893252.3422792874
725710.593955,626642.5045252906
725710.593955,890339.1627973659
725710.593955,764335.0578814829
725710.593955,761280.6627724769
725710.593955,954841.1185209024
725710.593955,833051.2289535501
725710.593955,706509.6707745916
725710.593955,832918.9340113325
725710.593955,590051.3328600402
763657.2787499999,839650.2073455105
763657.2787499999,674146.2869798737
763657.2787499999,1098602.8442251796
585246.2520357143,768664.2989117063
585246.2520357143,769744.0009520756
585246.2520357143,913891.6731190291
585246.2520357143,919621.0312546452
585246.2520357143,710133.843405907
585246.2520357143,847844.9594484188
585246.2520357143,797953.2884012904
626580.5742999999,768127.6117853322
626580.5742999999,768599.3766036853
626580.5742999999,1049657.6740318974
626580.5742999999,1049143.301393999
626580.5742999999,761896.7148526309
626580.5742999999,1047794.4988297892
626580.5742999999,704172.1534782214
367160.20505,572715.7098083909
367160.20505,399699.0305919115
2708812.3954,1060853.6523384976
2708812.3954,1446857.9241610966
455531.9162499999,769029.6868962797
455531.9162499999,506902.15842089057
347930.6755,259336.8768757503
347930.6755,268077.92198421754
965566.9209333332,932417.294594731
965566.9209333332,647601.3382631816
965566.9209333332,868936.2555847663
965566.9209333332,994552.4344922088
965566.9209333332,866168.752114007
965566.9209333332,866244.5967681427
965566.9209333332,599440.125347825
965566.9209333332,599440.125347825
965566.9209333332,927752.8209069276
518949.7977999999,744946.981168638
518949.7977999999,750863.8434867588
518949.7977999999,596509.0530175862
1134424.5886,715990.5045274582
1134424.5886,1076193.7396749847
582598.8177,461781.89463459386
582598.8177,461165.3535525619
522877.0825125,397962.4533430957
522877.0825125,397866.04803613713
522877.0825125,502313.7158012837
522877.0825125,374902.0592596669
189509.62119999997,402703.1358479718
189509.62119999997,184988.96265453042
787943.3569499999,697112.2666540815
787943.3569499999,699976.2823214764
787943.3569499999,934176.706305851
787943.3569499999,851708.1018734204
787943.3569499999,854751.1267654926
787943.3569499999,1072578.06844266
787943.3569499999,914887.4647089243
543422.5115499999,538330.6559718708
543422.5115499999,664317.3593398166
2578961.8855000003,1243262.5244555124
2578961.8855000003,1247392.4124878454
794796.4334999999,646076.7836086036
794796.4334999999,883664.3053208503
372525.59545,291143.4338301742
372525.59545,546935.4785155976
580804.5325,669689.822016557
580804.5325,730293.9449292237
788492.6331568182,867384.87878985
788492.6331568182,1004817.9875837611
788492.6331568182,1003401.6398528412
788492.6331568182,1001660.0217449373
788492.6331568182,997044.6373843173
788492.6331568182,723033.3798843957
788492.6331568182,666611.8067984595
788492.6331568182,667135.0706130549
788492.6331568182,666285.7458339763
788492.6331568182,927562.1173632159
788492.6331568182,938002.8609782449
850816.51025,873775.9790315621
850816.51025,672545.0156174138
956106.405415,713816.4638817199
956106.405415,784324.0225305387
956106.405415,637105.1418522685
956106.405415,640905.4664479616
956106.405415,786290.2607917988
956106.405415,726796.8006041013
956106.405415,592225.8295760533
956106.405415,589611.1686001213
956106.405415,588348.1994213683
956106.405415,659239.2174189588
759850.3922000001,455883.912614579
759850.3922000001,603021.1060872016
667831.2442499999,505125.72538368613
667831.2442499999,502340.6467401177
667831.2442499999,569244.823853839
667831.2442499999,507190.40825309046
667831.2442499999,537672.9091816329
304141.3286,682384.3767649671
304141.3286,713004.241280408
304141.3286,401284.59819675627
304141.3286,530439.1360441067
338766.59809999994,415000.60756503674
338766.59809999994,382435.38517612155
820074.1419749999,598561.5516211941
820074.1419749999,543929.5305833931
696520.8982999999,674012.2807512565
696520.8982999999,757828.435559319
696520.8982999999,760310.0961351327
696520.8982999999,825474.1095898754
696520.8982999999,674536.1795684724
696520.8982999999,759852.1536722982
594610.97215,452021.6767347059
594610.97215,587982.9906960191
685890.47185,970294.8022490671
685890.47185,1041534.5582810817
685890.47185,824338.223439977
685890.47185,674780.6284660675
685890.47185,906308.4992162166
685890.47185,911120.5303433813
475494.5127,607246.7110109951
645241.703975,585686.1678216073
645241.703975,821338.1415168806
342661.1306,551475.2611625518
342661.1306,484904.99614038214
2272810.8123,1274834.6318428488
2272810.8123,1064484.9072542582
548984.38805,441631.2354956168
548984.38805,781225.953374745
537067.564975,553140.4815130972
537067.564975,700320.3464063678
325736.36195000005,599057.063012191
325736.36195000005,574605.2109952259
325736.36195000005,433576.947700159
595419.20185,660622.521768594
595419.20185,700693.8805261047
852150.1884999998,617942.6770244434
852150.1884999998,891042.3200128638
475762.61068,806657.3104132942
475762.61068,862361.5229361597
475762.61068,671252.3304089452
475762.61068,671524.833901924
475762.61068,503036.2254453252
1105094.2969,875181.4468134283
1023974.8693727272,779762.9214970482
1023974.8693727272,1135586.415384578
1023974.8693727272,920304.7837370052
1023974.8693727272,778162.5716634644
1023974.8693727272,1053156.8002158534
1023974.8693727272,916887.6954655796
1023974.8693727272,712373.4853376305
1023974.8693727272,847491.1211713697
1023974.8693727272,727986.7094879231
1023974.8693727272,866443.6274809056
1023974.8693727272,1060037.2398536494
510926.89685,725028.1029781576
510926.89685,620445.6636245467
510926.89685,654957.8040994436
286669.86640000006,406288.84813936596
286669.86640000006,530050.7949989326
286669.86640000006,376056.63365534274
401851.30035,361060.644235057
401851.30035,361553.6608167524
401851.30035,605825.4428038277
633816.7915500001,753934.2806037164
633816.7915500001,749932.6543370553
633816.7915500001,1017416.602548581
633816.7915500001,887406.6238361772
633816.7915500001,884048.3015747403
633816.7915500001,755240.194776422
633816.7915500001,1017687.3654840913
633816.7915500001,884892.9047449561
633816.7915500001,820000.8803894487
633816.7915500001,939534.6338053262
633816.7915500001,692177.673016263
633816.7915500001,819800.0218108883
860531.5058181818,1040767.6397609022
860531.5058181818,768421.1849784793
860531.5058181818,1043256.0308976339
860531.5058181818,915121.8647119637
860531.5058181818,1041290.5381790764
860531.5058181818,1040767.6397609022
860531.5058181818,1123312.4424615325
860531.5058181818,858231.8526425402
860531.5058181818,705731.3414162566
860531.5058181818,724612.9804394711
860531.5058181818,699071.0836770701
265724.7585,269447.91047047894
225267.6695,211574.7532902693
225267.6695,505994.7855436798
225267.6695,222520.71644982678
1055214.293975,928400.4056400631
1055214.293975,1155781.1324997996
1055214.293975,1154917.1186011762
1055214.293975,778084.3627862548
1055214.293975,1154437.9983796258
1055214.293975,928625.6989699581
1055214.293975,876359.6833943217
1055214.293975,863136.6627290051
502215.03197499993,392759.0668930405
502215.03197499993,570053.9634750414
284967.61475,287754.57565121795
284967.61475,531008.1703175986
862035.12913125,1062412.2408839755
862035.12913125,916192.5859763165
862035.12913125,866488.4477371683
862035.12913125,1058390.8689264713
862035.12913125,771823.9891278377
862035.12913125,922906.5111552189
862035.12913125,1059463.409268261
862035.12913125,840998.0060830448
515850.815125,430781.3935413506
515850.815125,344508.8925673012
532182.9150200001,534834.0338576998
532182.9150200001,536782.7381028094
532182.9150200001,396863.3496665765
532182.9150200001,366973.75060904963
532182.9150200001,367330.3950340936
669578.4874,794314.3557515437
669578.4874,796484.3893611303
669578.4874,644188.5287390427
669578.4874,640430.8610991967
669578.4874,1010001.2906909465
669578.4874,590090.5330324117
669578.4874,872420.650758005
402808.5919,541629.9672076605
519207.48259999993,791951.6189684634
519207.48259999993,567608.5069942477
519207.48259999993,701138.6302573109
519207.48259999993,789109.2791217654
519207.48259999993,651233.5866663285
817552.1495,892361.742890703
817552.1495,895371.3671597787
817552.1495,606758.8906898181
817552.1495,823509.565532285
817552.1495,560074.3834689802
817552.1495,695718.8656030493
817552.1495,830266.3351306886
817552.1495,622098.107656535
478387.5197875,377467.9002622813
478387.5197875,517664.1786290606
478387.5197875,355440.5706613146
478387.5197875,619872.6638138142
880575.3727730769,1006629.9566009745
880575.3727730769,1012128.8376776061
880575.3727730769,881933.7260448296
880575.3727730769,1011744.875917451
880575.3727730769,744979.6247049532
880575.3727730769,1080935.9136069452
880575.3727730769,886958.8704503577
880575.3727730769,690410.1961893967
880575.3727730769,832837.1219737397
880575.3727730769,832964.1934730605
880575.3727730769,818102.748531598
880575.3727730769,831235.672258197
880575.3727730769,685678.4340485046
673902.8340500001,888245.5743297923
673902.8340500001,599639.0078232352
418689.64450000005,459392.35605314875
418689.64450000005,321445.8476057609
361844.78624999995,250153.99131104402
361844.78624999995,534910.7347682058
632164.9051000001,793928.8250256396
632164.9051000001,803869.3644043965
750326.8876999998,609563.9511309084
750326.8876999998,768367.9591975162
484527.6604,484270.24507642316
484527.6604,733285.1346884642
484527.6604,428698.00609181024
484527.6604,730142.8184441434
670063.1862,693320.086602029
670063.1862,550910.1778836194
670063.1862,733710.265906121
502151.38849999994,621094.9910219036
502151.38849999994,726926.9914189534
345703.32924999995,369733.67168395943
345703.32924999995,366097.3792438892
345703.32924999995,337877.7263026816
669339.8599500001,599308.5814583302
669339.8599500001,742272.1496037941
723520.3152249999,651652.873462457
723520.3152249999,813344.9882672413
421817.72300000006,431937.36560714437
421817.72300000006,424463.84262142767
811637.2595624999,880761.7515097951
811637.2595624999,929200.8520141065
811637.2595624999,878305.5832961398
811637.2595624999,929915.4278836375
811637.2595624999,675021.8504942886
811637.2595624999,675349.794243347
811637.2595624999,678072.6565985407
811637.2595624999,633026.2233956646
811637.2595624999,867182.8308319747
811637.2595624999,624684.186168066
811637.2595624999,748331.0563516248
811637.2595624999,634377.7418467302
816197.1887428571,980168.0951818692
816197.1887428571,1028241.2888452408
816197.1887428571,1035143.1333740688
816197.1887428571,740332.6163019778
816197.1887428571,1030802.7658373464
816197.1887428571,829979.5256927644
816197.1887428571,820707.5558962966
240422.54325,374152.59790794057
240422.54325,510019.011420836
240422.54325,504720.85171248915
318893.0672,399906.98499125545
318893.0672,352127.13458560035
440289.3898999999,425439.4677057985
440289.3898999999,572722.5713387321
204510.35807499997,348153.80291872355
204510.35807499997,483476.8154087059
301444.2027,488417.26755998714
301444.2027,486664.9820355957
301444.2027,461596.42895092274
301444.2027,322697.83435670176
232594.810225,442403.29188836407
232594.810225,307891.18891932396
759895.606225,835454.4348078313
759895.606225,801865.0244816248
861096.3227,709311.0106196483
861096.3227,723771.5617513646
742078.7523999999,602617.9142032773
742078.7523999999,759982.8269472
1013236.0384,697217.078073532
1013236.0384,835270.9462193719
255004.86647499996,510407.44739717204
255004.86647499996,317012.8929312611
864916.3487999999,911234.4610411854
864916.3487999999,1000366.3129703616
864916.3487999999,912721.8359053738
864916.3487999999,908014.3568847708
864916.3487999999,911234.4610411854
864916.3487999999,760457.8795246718
864916.3487999999,1048080.9599877291
864916.3487999999,851380.3228277991
567207.3021999999,974068.6951623149
567207.3021999999,614613.9521157293
567207.3021999999,915159.7826914738
567207.3021999999,764983.1515542839
567207.3021999999,631222.534105802
564028.4635000001,402028.1288594715
564028.4635000001,723765.5412485535
564028.4635000001,649041.1877338112
442287.7901875,481922.40236875066
442287.7901875,482803.24554135295
442287.7901875,456820.1098071355
442287.7901875,324824.3474393876
881804.5268750001,827561.1070780278
881804.5268750001,686972.9800521032
881804.5268750001,829159.7371242746
881804.5268750001,881502.476677391
881804.5268750001,764109.9021493964
881804.5268750001,499360.1486837601
1199219.5803318182,965089.3826554643
1199219.5803318182,740648.7303379304
1199219.5803318182,962520.1856853538
1199219.5803318182,739312.9081285513
1199219.5803318182,877780.7013710784
1199219.5803318182,1014160.9094618161
1199219.5803318182,676884.0785686893
1199219.5803318182,826433.4869284393
1199219.5803318182,812135.1527361326
1199219.5803318182,676954.7010404908
1199219.5803318182,680203.7072085595
367240.69055,573562.4251642566
367240.69055,298230.68185843824
367240.69055,281581.54612139787
2367145.1524499995,1126465.600108123
2367145.1524499995,1426466.0545670995
430854.94875,458112.78172946826
430854.94875,737375.8326410895
430854.94875,733637.7933578551
430854.94875,462061.2225725756
430854.94875,429487.84337663057
430854.94875,689916.8406931211
430854.94875,671580.1409789968
430854.94875,457729.52677535854
367696.98635,285574.0679089254
367696.98635,533667.6639996069
521664.5783874999,697532.4863434212
521664.5783874999,694598.4022688798
521664.5783874999,552155.6380132944
521664.5783874999,654238.1012078673
645437.7574749999,682738.3906780807
645437.7574749999,522011.86495003453
600759.74225,470487.96431379777
600759.74225,528193.1432465201
600759.74225,617422.8231767737
600759.74225,755224.8693264273
1273709.0079,704576.4329149442
1273709.0079,720130.9869788148
510362.21395,574148.3353879363
510362.21395,517810.79622502887
494324.29375,621216.1466146228
494324.29375,355266.83582131646
589300.2488499999,735208.2745177601
589300.2488499999,971896.6192493442
589300.2488499999,736415.6989469457
589300.2488499999,1022983.0286839519
589300.2488499999,975898.7932929259
589300.2488499999,886857.0766055444
589300.2488499999,1020711.7262057741
589300.2488499999,783486.0276976306
573888.50425,567461.4074190154
573888.50425,728750.2967812035
786581.6709571428,925036.70478864
786581.6709571428,792958.3388832218
786581.6709571428,993920.4184631422
786581.6709571428,923004.5364453369
786581.6709571428,996245.4557204611
786581.6709571428,925228.9842823448
786581.6709571428,670861.8556937927
543657.0776,418388.58669478
543657.0776,476806.21468578704
375557.3169499999,323141.1841629629
375557.3169499999,462520.26287425664
375557.3169499999,414020.60751085874
587811.792425,476107.80538010027
587811.792425,381696.70952738565
251188.45675,509932.47705146467
251188.45675,263431.1636898141
251188.45675,241273.5599509165
316226.03459999996,410036.44342747476
316226.03459999996,381337.8286792131
487003.715725,566106.1163789829
487003.715725,708029.7041003893
1245405.299125,947856.8926286175
1245405.299125,1077609.3934249617
1245405.299125,943430.6496078615
1245405.299125,943537.2791326762
1245405.299125,1075061.8286289002
1245405.299125,800405.6330716192
1245405.299125,941716.59260421
1245405.299125,995402.410238414
1245405.299125,736578.5786716194
1245405.299125,869327.7768852867
1245405.299125,734738.9529611618
1245405.299125,735021.631125804
493175.412025,721151.2532932608
493175.412025,859927.4140898341
534454.6153999999,480215.7270770967
534454.6153999999,607083.3115750031
330330.9762999999,424991.7369321163
330330.9762999999,565024.5688171254
330330.9762999999,261205.18503140053
399520.9533,470719.0855120328
399520.9533,621521.8289389124
399520.9533,315694.24563553836
393538.70219999994,576426.146979995
393538.70219999994,272160.38534162956
418351.4623,400229.2430274835
418351.4623,548201.7272065239
722900.3396699999,569165.1035710846
722900.3396699999,725389.1850319135
722900.3396699999,724921.8653639593
722900.3396699999,572249.141061863
722900.3396699999,662100.1728182883
325178.37327499996,284973.8103452631
325178.37327499996,388052.8341974585
333422.5992,575192.1929075827
333422.5992,567793.0192991912
1307685.41245,889520.2224384453
1307685.41245,1038962.5016684325
255931.38847499996,482730.41136635793
255931.38847499996,367564.6224014008
343168.96150000003,596544.4599271292
343168.96150000003,309204.59256770887
447817.68725,329410.45122422755
447817.68725,595835.0545166658
2326332.06955,1056224.8049867642
2326332.06955,1204695.4863324778
670515.8058,583528.0718978991
670515.8058,438567.909775172
670515.8058,586247.4281197751
670515.8058,662906.3771059152
2325265.7953000003,1155758.9750319966
2325265.7953000003,1463174.51066346
335634.8069,558728.8834616947
335634.8069,394557.89408526645
429740.5115749999,460323.0360258637
429740.5115749999,333936.64398348803
311592.59935,581456.2245864425
311592.59935,431384.536066885
311592.59935,541188.6393542805
402337.54094999994,336531.1855433305
402337.54094999994,618276.286640518
2390027.926081818,1337873.052516331
2390027.926081818,1091101.7078849394
2390027.926081818,1261300.1578199994
2390027.926081818,1337330.6004684842
2390027.926081818,1258462.5120865824
2390027.926081818,1257655.070105125
2390027.926081818,1088706.879675952
2390027.926081818,1259259.339196051
2390027.926081818,1332807.8238743967
2390027.926081818,1163634.2011926104
2390027.926081818,1281608.955694275
555826.381525,665857.5070972655
555826.381525,826937.2034720738
226908.505325,370529.91461287043
226908.505325,213415.0070806183
327148.2149,545693.432484045
327148.2149,278778.09281494195
373032.579225,602185.9220577783
373032.579225,741680.3405353359
373032.579225,467381.06727518095
373032.579225,781435.4843518882
373032.579225,562266.2121697043
373032.579225,562374.3013191887
439180.92204999994,715396.0197402361
566025.8261000001,964914.1146546347
566025.8261000001,959120.5698858771
179389.46515,386737.1563714981
179389.46515,390445.5681332071
179389.46515,254268.15077693725
444524.81135,514815.3582448629
444524.81135,515068.8003853144
444524.81135,347668.4815536429
444524.81135,359655.77365519374
574700.7074000001,620770.3257080698
574700.7074000001,775482.5285839192
574700.7074000001,627320.5599037646
574700.7074000001,720166.4215644292
574700.7074000001,588591.4073172983
740832.5792928571,719264.3730029773
740832.5792928571,957617.5565021036
740832.5792928571,1092098.1151167336
740832.5792928571,1093881.0771000695
740832.5792928571,870687.3306049871
740832.5792928571,1010974.2270176692
740832.5792928571,1063911.279110925
570015.5083,367394.264708237
570015.5083,693347.0605542455
554191.21615,689615.0483837558
554191.21615,691576.509382937
554191.21615,420817.0122381331
313436.64385,562026.8939075219
313436.64385,539548.6699626081
313436.64385,532336.2198475142
340604.0942,283193.11676095694
340604.0942,267762.36090155697
533881.152775,501638.76062770997
533881.152775,448444.64949970494
533881.152775,743329.0979338838
533881.152775,426778.9583458609
627000.6529699999,476712.86955726845
627000.6529699999,667371.5195938537
627000.6529699999,617553.5621174157
627000.6529699999,615626.210122382
627000.6529699999,491786.42356918316
601106.19716875,1003872.2871270496
601106.19716875,717053.5435163678
601106.19716875,999180.256569436
601106.19716875,813473.6449085858
601106.19716875,863830.0008971379
601106.19716875,864430.9300970472
601106.19716875,718638.3399837816
601106.19716875,750173.1690670355
312573.666825,441143.8860224192
312573.666825,312605.9114320733
312573.666825,258004.3988813982
312573.666825,418391.0811303682
754541.3663499998,875817.2891942337
258131.8139,504093.38308268785
258131.8139,255223.2319332587
258131.8139,361436.8110839522
2169215.028525,1223383.9907974738
2169215.028525,1230489.4769377378
499053.9939,503330.167228513
388730.244475,421629.22490311775
388730.244475,554992.3579570315
766443.5785650001,962240.5495909328
766443.5785650001,821308.6253253439
766443.5785650001,960389.8152235984
766443.5785650001,954793.5215133554
766443.5785650001,826718.153386936
766443.5785650001,960781.5194296375
766443.5785650001,761453.6089537664
766443.5785650001,759079.3889993827
766443.5785650001,627253.6695769664
766443.5785650001,990244.3058699216
716554.91225,708898.4482427587
716554.91225,939545.9472373277
610895.7243,533020.6402428839
610895.7243,563759.7173967536
324069.73860000004,587192.3925712545
324069.73860000004,563648.8913552325
324069.73860000004,277363.9339400596
445723.4040499999,322574.7237057316
445723.4040499999,617848.3982056342
287952.36765,482497.54177145916
287952.36765,260540.48200368468
287952.36765,369549.1389635282
323566.81412500003,390760.05891778367
323566.81412500003,554372.4226257514
953902.6135636364,1093117.6446360426
953902.6135636364,881324.0752506388
953902.6135636364,1016586.7333116011
953902.6135636364,742422.8219008758
953902.6135636364,739016.1326646259
953902.6135636364,889074.2447814951
953902.6135636364,825718.794590013
953902.6135636364,815944.3770894929
953902.6135636364,814359.263425872
953902.6135636364,830736.0253337382
953902.6135636364,817848.4180425203
378858.4479,374724.0497842065
378858.4479,414713.1585252127
995899.71875,803369.3695549993
995899.71875,968309.1407643198
650873.9868,830769.5646717666
650873.9868,757870.2409240893
426821.694525,313740.30934824195
426821.694525,437677.06541959057
392326.3624,577165.062312127
392326.3624,589208.2899097402
392326.3624,686165.1282370577
538286.1511499999,815143.2265082558
538286.1511499999,809714.0826924003
440112.86584999994,317951.5530778528
440112.86584999994,583572.3769042185
534193.7269499999,648225.5244869565
534193.7269499999,786135.9737079532
604225.8617499999,892348.792413205
604225.8617499999,745673.5739587196
604225.8617499999,811582.1583404513
604225.8617499999,746822.9747231287
604225.8617499999,743064.5721181923
604225.8617499999,609293.6384429475
460062.9997,399620.62271259946
460062.9997,720999.1016248692
502809.04279999994,656145.2625249741
502809.04279999994,372707.409905875
502809.04279999994,345674.1705439217
502809.04279999994,616168.444306711
614561.34959,561856.6327022985
614561.34959,793614.0541667177
614561.34959,646910.8976341395
614561.34959,643484.5097014275
614561.34959,801565.8965447516
422514.7031,691831.1390689701
422514.7031,598279.7835057128
308074.33940000006,578560.1931906523
308074.33940000006,576953.4489458984
308074.33940000006,555402.0395526635
787596.7370249998,895181.3215786566
787596.7370249998,1030961.0480478059
787596.7370249998,893794.8994017603
787596.7370249998,740849.2412224796
787596.7370249998,742377.7870436551
787596.7370249998,890999.7479082812
787596.7370249998,1034216.8976425648
787596.7370249998,966703.4161806232
612225.7314499998,570016.4189862431
612225.7314499998,554442.907768339
1294366.21865,910304.2254151399
1294366.21865,892719.1831016563
648735.99305,675106.1676952938
648735.99305,671154.3934912275
596082.75515,607056.160270951
596082.75515,809762.8508723642
170887.81005,202124.0760474878
170887.81005,183504.67675305554
2342468.9777999995,1243295.587263607
2342468.9777999995,1470730.2042829632
413358.40634999995,616906.1469099703
413358.40634999995,617921.9063708265
413358.40634999995,445050.8043504722
205609.75405,518187.4441348781
205609.75405,252269.30065222643
579371.7246999999,670125.1269118425
579371.7246999999,767501.9794309948
579371.7246999999,618205.805505103
579371.7246999999,435979.7747436392
907840.2355,624091.23269658
907840.2355,703317.1632963126
907840.2355,920150.1537322171
907840.2355,623374.5733614911
907840.2355,621847.425920419
907840.2355,1019459.8775813081
606300.2564874999,859546.8692572848
606300.2564874999,512927.084515347
606300.2564874999,658137.700801654
606300.2564874999,483405.6367414488
183054.60105625,291348.1392082265
183054.60105625,564082.0755333168
183054.60105625,408586.87000089884
183054.60105625,530666.5858672005
886411.1145500002,900948.1919199538
886411.1145500002,868941.2444943609
230412.504275,311783.5126683582
230412.504275,436400.2334177987
1364185.170584375,974624.0792002646
1364185.170584375,1106362.0806014219
1364185.170584375,1004699.7142062503
1364185.170584375,972291.9832694591
1364185.170584375,1192790.4226919857
1364185.170584375,1094791.7232934264
1364185.170584375,1095331.4906831179
1364185.170584375,884292.9427180263
1364185.170584375,1107285.026044386
1364185.170584375,1031008.3921721559
1364185.170584375,1030933.3708753603
1364185.170584375,1031382.0474599858
1364185.170584375,929672.4946638361
1364185.170584375,817798.50580147
1364185.170584375,817075.0318650856
1364185.170584375,1031382.0474599858
428575.18865,492143.36429757706
428575.18865,491874.84500220185
428575.18865,333691.5425443152
428575.18865,326389.15435617
570447.53465,755456.2863352986
570447.53465,466389.4105407999
570447.53465,463047.7994489077
570447.53465,700976.3156451706
661926.0719,485496.59603436093
661926.0719,768004.9574020525
661926.0719,628074.1384430666
661926.0719,568186.4842562918
661926.0719,726950.573858436
304603.12879999995,468431.0110752643
304603.12879999995,478981.6482045846
304603.12879999995,613968.0281991027
667518.9471,599045.4197860439
667518.9471,801085.6846332835
667518.9471,1040114.4917993927
469437.84915,502011.9817638341
469437.84915,650476.7101708129
469437.84915,605816.0298124349
607030.1264000001,572187.7055316954
607030.1264000001,574482.163718296
541673.809325,508510.4014866178
541673.809325,654471.5472297589
584715.4924999999,692693.6919616244
584715.4924999999,472475.4099635232
407109.0989,739882.9756007623
407109.0989,745648.0898960356
364396.46775,511104.43287559715
364396.46775,533029.263389004
477985.187775,530435.721358462
477985.187775,665432.2859826982
2314453.736425,1146235.7441038648
2314453.736425,1129470.9409094956
359461.13035000005,608914.7357925113
359461.13035000005,309314.04719402205
886883.7044500001,932305.0011490464
886883.7044500001,881120.7772055208
886883.7044500001,736250.9874740066
886883.7044500001,658918.1838160598
886883.7044500001,815425.9403543893
886883.7044500001,815114.525662975
886883.7044500001,817364.7622077283
886883.7044500001,755688.9854536963
494333.076825,415353.7689939033
494333.076825,592654.2856737245
962557.7685,863419.2912261159
607874.095925,593286.2119928291
607874.095925,748239.2899873633
182943.47355,515343.75508370984
182943.47355,255169.1211292444
182943.47355,371437.40126311214
453188.463825,628646.182674458
453188.463825,631490.4397869857
453188.463825,598386.0281059449
453188.463825,320147.6289926139
249612.32174999997,502342.44149250566
249612.32174999997,497332.73993677174
422083.231325,542627.6090909659
422083.231325,686582.2398685163
467611.4858,322641.63216888293
467611.4858,324781.24202609115
585376.311425,698685.3688976824
585376.311425,1062117.942136949
385401.571525,250050.74732676335
385401.571525,414894.01601127675
813401.43655,850320.5039354302
813401.43655,834815.9366086049
541142.90335,354904.264247157
541142.90335,656236.0546739765
854886.279009091,776309.7133681936
854886.279009091,1044490.9329696121
854886.279009091,916463.3361765211
854886.279009091,1129982.8961836214
854886.279009091,917776.9380314132
854886.279009091,922156.7240225532
854886.279009091,1007920.2075463973
854886.279009091,715254.0969129687
854886.279009091,969217.7355742152
854886.279009091,991537.3260047436
854886.279009091,732244.1607598399
567419.9047,747550.7350349403
625655.9907,535978.0650971992
625655.9907,404828.1133825591
543927.0804,627762.0203515483
543927.0804,629038.6204980812
222650.54655000003,389258.2596848622
222650.54655000003,325833.1161142137
222650.54655000003,350344.1787260388
417212.5115,328960.1643901813
417212.5115,620722.0696794109
417212.5115,315594.5069472365
417212.5115,567189.7017836696
412095.002025,480804.81307379575
412095.002025,340295.14317643445
412095.002025,596632.7290575842
412095.002025,606848.3135163124
883187.0828000001,910685.0261637507
405046.62759999995,591629.8207809188
405046.62759999995,314803.00546721084
405046.62759999995,293534.21887693804
723965.5430250001,578983.8798733997
723965.5430250001,730411.7233517858
541245.9153700001,695977.1157619171
541245.9153700001,415701.44539378886
541245.9153700001,698900.2255205682
541245.9153700001,517192.3495479078
541245.9153700001,658119.86795819
332808.44589999993,328025.8386370158
332808.44589999993,328792.7796312971
468885.0854,766378.9756868208
468885.0854,469161.2520123035
468885.0854,527636.2521405405
468885.0854,432404.11664780445
468885.0854,697989.9275060116
468885.0854,727363.0354236603
733254.2982000001,820148.884135529
733254.2982000001,817931.8576166249
733254.2982000001,672037.0806544701
733254.2982000001,671838.7516864634
733254.2982000001,669077.065507126
733254.2982000001,618953.653457526
733254.2982000001,763576.083042932
733254.2982000001,754626.657223389
733254.2982000001,950881.5739238154
1108815.9962,1053075.2747670216
1108815.9962,963402.1782904507
1313108.761,1046053.5641812435
1313108.761,1028858.0930174435
1313108.761,894461.2247012311
288181.15219,675760.629373587
288181.15219,536359.5491571992
288181.15219,677521.0719305663
288181.15219,500938.4211172201
288181.15219,391723.55270973395
1499123.7612342106,1193507.231279124
1499123.7612342106,1110282.849531637
1499123.7612342106,1012169.354282373
1499123.7612342106,1012579.939183112
1499123.7612342106,904128.4563652405
1499123.7612342106,903528.6380888964
1499123.7612342106,905613.9248464454
1499123.7612342106,903152.1426873951
1499123.7612342106,993880.4623804818
1499123.7612342106,1113367.5948431457
1499123.7612342106,1034721.3194053983
1499123.7612342106,943455.3618102358
1499123.7612342106,1035881.5756592085
1499123.7612342106,942174.134234583
1499123.7612342106,942109.3719645145
1499123.7612342106,839819.9667717728
1499123.7612342106,976902.6417253198
1499123.7612342106,1034513.595038678
1499123.7612342106,841647.7971516834
266218.6593,366825.29769937915
266218.6593,363022.9507956379
584877.0558,703738.0865684213
584877.0558,705588.5266626426
584877.0558,385630.3056460351
590106.4308,652897.6119493783
590106.4308,744549.4931402464
590106.4308,746016.2885549075
590106.4308,700516.3508883106
590106.4308,699955.5749853281
590106.4308,601254.3397787936
305754.57840000006,539448.5474800379
305754.57840000006,522859.3016298278
538106.22,750119.2465066941
538106.22,754304.8266013957
538106.22,521538.18875222624
538106.22,411806.688902753
538106.22,428237.2964451421
538106.22,707203.9789405103
446979.692025,453332.3684237223
446979.692025,438611.64582178823
446979.692025,657633.5349145395
446979.692025,404703.0148842245
606011.6457,592255.0689231312
606011.6457,592984.3291708635
592776.58965,736388.0931911985
592776.58965,783932.8653432515
317879.88455,311535.98438456835
739787.345825,635641.5610172794
739787.345825,905878.0329621437
370820.89805,539007.8865890654
370820.89805,274348.9378605012
370820.89805,357739.8000458387
867281.4920249999,894106.2021777418
689926.6479499999,627937.9173173325
524007.2144749999,673641.5710763749
524007.2144749999,673374.2878564162
524007.2144749999,489301.45253040816
524007.2144749999,482914.24704286776
566967.888425,690179.4847195415
566967.888425,779946.9282904963
331134.6289,408876.53697905765
331134.6289,518248.8990753199
533241.4774999999,722820.6844579674
533241.4774999999,994088.6330888539
548681.8944999999,423668.62265176815
548681.8944999999,704873.0131433349
557736.6364499999,495029.1702486647
557736.6364499999,622146.8879244319
372487.59114999993,312504.658780516
372487.59114999993,314110.08235209674
372487.59114999993,289521.6935644052
492048.34145000007,747007.3734802062
492048.34145000007,502813.9933264301
501135.3462,654988.8144862312
501135.3462,369952.0162107928
501135.3462,336543.39877626137
690565.4582499999,776825.7992552276
690565.4582499999,590072.4630880352
690565.4582499999,739167.5910281123
690565.4582499999,547902.8570278756
713600.1160999999,760845.778732798
713600.1160999999,761038.1955167745
713600.1160999999,693884.6412769409
713600.1160999999,760076.1076381083
713600.1160999999,756517.4619138476
713600.1160999999,783824.7239091028
722169.9878642857,699112.5420671662
722169.9878642857,781854.0463095895
722169.9878642857,933766.982091348
722169.9878642857,844141.8173576475
722169.9878642857,848438.0785644178
722169.9878642857,696719.5795704185
722169.9878642857,643538.9986815578
417973.344375,676349.339028147
417973.344375,535153.6160329997
636901.8178500001,999103.921975424
636901.8178500001,718474.2990129495
636901.8178500001,719512.2337875043
636901.8178500001,930744.4488272415
636901.8178500001,641968.8905827062
636901.8178500001,591281.0093603982
258753.9381499999,419230.5505661793
258753.9381499999,428897.3917743197
385456.6740499999,428568.7168630115
385456.6740499999,428018.25607261626
385456.6740499999,425241.2393215394
385456.6740499999,407638.3707101876
552039.110675,479221.96886796143
552039.110675,648364.3587918796
392944.5033,325457.41304644255
392944.5033,584092.39685103
392944.5033,430905.30488673307
709286.9859999998,776431.039975607
709286.9859999998,560766.7558951662
709286.9859999998,862056.4478132254
709286.9859999998,560322.6755312541
709286.9859999998,639316.9331226877
645346.6672140625,996415.7532295971
645346.6672140625,994226.7894705256
645346.6672140625,996913.1218239822
645346.6672140625,884853.2215288742
645346.6672140625,1068347.322963582
645346.6672140625,769578.3535577832
645346.6672140625,771099.0595726543
645346.6672140625,848822.3547696192
645346.6672140625,824729.4197517036
645346.6672140625,930839.6734255058
645346.6672140625,843567.6575813182
645346.6672140625,731656.1809537874
645346.6672140625,930515.0187722848
645346.6672140625,715071.211294271
645346.6672140625,826095.8364756342
645346.6672140625,924837.4001916575
777014.3054500001,740879.800722926
777014.3054500001,888768.0272315666
245646.74907499997,351312.1098267396
245646.74907499997,155808.32431881153
765130.5921,976571.744861589
765130.5921,985954.6053389208
747790.0254,844647.5993591488
747790.0254,555137.6263220992
747790.0254,556024.3118524962
747790.0254,764899.5873187826
747790.0254,503098.6254950956
747790.0254,647050.4909018762
556898.628,969336.0973270793
556898.628,841591.5321288502
631261.8682200001,434604.4685586898
631261.8682200001,429376.1495652818
631261.8682200001,432172.65933419665
631261.8682200001,536487.1413399877
631261.8682200001,538846.996888235
2360593.59075,1227852.3046778191
2360593.59075,1036255.8641328821
243404.3093,541033.5221790585
243404.3093,523958.9246384675
243404.3093,510952.4984800628
427169.550025,486614.40580746287
427169.550025,482680.00205751095
427169.550025,603932.7846298502
427169.550025,597620.5208166743
235548.38012499997,364418.1867688607
235548.38012499997,493233.08907585125
608968.0633,840971.0454697974
608968.0633,794752.8861137
608968.0633,496730.30804379884
608968.0633,795863.9951276799
781098.8464625,623508.9579462174
781098.8464625,678166.7903606674
781098.8464625,621822.914531044
781098.8464625,718323.5012705798
613066.659625,602965.9032051131
613066.659625,848029.9507564764
694104.807625,806301.9918088731
694104.807625,663545.6970277345
694104.807625,664237.0938606429
694104.807625,660798.340251132
694104.807625,482130.70347494364
694104.807625,615703.9557625818
694104.807625,482845.614136445
694104.807625,480154.62359420105
808853.4139,976866.6461543951
808853.4139,824316.655047517
808853.4139,965390.9418763918
848806.5390125,1038621.5828292742
848806.5390125,751597.343321017
848806.5390125,842983.4732671808
848806.5390125,844372.7688088617
848806.5390125,989323.1244511893
848806.5390125,986499.9746864927
848806.5390125,753311.6534628107
848806.5390125,1037095.6186834318
863795.3142999999,636756.6261987734
288846.66870000004,601755.0338065001
288846.66870000004,661895.7316680683
281518.2678,567147.8791895146
281518.2678,530662.1732613654
308982.21439999994,291104.44565719523
308982.21439999994,295943.0201992384
308982.21439999994,522147.3501675317
360301.1859375,731613.7983908738
360301.1859375,640765.7861961063
360301.1859375,589358.1480632277
360301.1859375,591925.7367451005
631970.3400499999,875707.4180125342
631970.3400499999,948216.862514845
631970.3400499999,797156.381976775
631970.3400499999,729031.815065804
631970.3400499999,1014522.4678401817
631970.3400499999,676584.4706475055
607768.90515,701919.3807653927
607768.90515,414087.9876448715
607768.90515,519091.19527282123
607768.90515,521380.86880054476
268300.74669999996,263150.51447625586
268300.74669999996,263257.356036408
626343.14715,908566.3740822534
626343.14715,1006662.6994453875
460336.191875,443158.2320517828
460336.191875,729989.4067091607
460336.191875,732151.2443603737
460336.191875,546964.0129696889
460336.191875,442665.225810076
467102.91815,436290.7516065277
933604.94970625,946548.8154266763
933604.94970625,949939.8915453474
933604.94970625,951281.0179344121
933604.94970625,802446.1750085603
933604.94970625,1009961.092926369
933604.94970625,881991.5795864414
933604.94970625,879307.6401962632
933604.94970625,889277.2980669043
144622.45312500003,374702.2308652002
144622.45312500003,186969.16485318996
144622.45312500003,228009.9478267919
476950.3337999999,714966.4216241521
476950.3337999999,509853.78500744264
579044.5635500001,557735.8357174933
579044.5635500001,601738.279871031
213607.6968,227985.9042893498
213607.6968,451634.0868407526
213607.6968,234577.8493377465
666638.6428999999,762298.8490033224
666638.6428999999,553136.5340467982
666638.6428999999,872783.8972782143
587037.9721142858,571067.1670808014
587037.9721142858,861848.8477566121
587037.9721142858,720433.0734670898
587037.9721142858,714067.9644508504
587037.9721142858,801302.8290476736
587037.9721142858,800317.5700574226
587037.9721142858,540640.0676290289
686164.7456812501,747785.9949299762
686164.7456812501,954771.7954388032
686164.7456812501,948876.1999619274
686164.7456812501,950029.8601018792
686164.7456812501,814468.914460972
686164.7456812501,612772.8076125765
686164.7456812501,749181.593574963
686164.7456812501,886753.8149505337
530031.13065,589322.6284344385
530031.13065,737187.6270396174
530031.13065,885952.7523543916
530031.13065,586703.8922101209
530031.13065,975067.983681649
574477.9888,659642.6639566268
574477.9888,941368.5567298392
354335.0234500001,294589.9646345049
354335.0234500001,287213.7618287379
354335.0234500001,353663.84884234663
303808.1265,510411.8910510832
303808.1265,263941.68322605523
303808.1265,245250.6958612891
260348.3104,393481.1295239836
260348.3104,534861.3154733343
260348.3104,273828.7276583161
996404.4595,878877.4130899074
996404.4595,657845.5223227773
996404.4595,943371.3105620607
996404.4595,947033.3044337725
996404.4595,658550.1131946319
996404.4595,606900.6456686575
996404.4595,740650.3135638528
996404.4595,881185.2624313029
531252.177,629097.6253144117
531252.177,624663.8665073297
588890.3325,817767.6251521978
588890.3325,743865.1879017664
588890.3325,751354.2953598187
588890.3325,597041.455016816
588890.3325,542640.5308236924
2191905.2877,1127307.3233825543
2191905.2877,1132868.3575880514
2191905.2877,1448443.0146969687
1321379.164267857,1125185.2325602428
1321379.164267857,1118739.7396373905
1321379.164267857,870966.3543632557
1321379.164267857,1003174.82687976
1321379.164267857,874026.1519972492
1321379.164267857,966826.4913176927
1321379.164267857,1006598.8469652976
1321379.164267857,925994.302942016
1321379.164267857,957763.4770819546
1321379.164267857,927931.4221255796
1321379.164267857,804233.3782920853
1321379.164267857,1070674.837071701
1321379.164267857,1070749.7809193253
1321379.164267857,803902.0426442162
569269.75195,677900.1832932176
569269.75195,940281.546441281
569269.75195,1157605.0736737968
659985.0676964285,637255.2077372003
659985.0676964285,632827.19444622
659985.0676964285,855735.3402623938
659985.0676964285,858946.8981421903
659985.0676964285,630889.5144237641
659985.0676964285,636560.4371086544
659985.0676964285,725605.2825388535
589412.0274499999,597255.5704417571
589412.0274499999,520673.5343718817
589412.0274499999,641354.3024407858
466495.9428500001,516362.8457861862
466495.9428500001,526568.8436711847
466495.9428500001,626697.7034875599
466495.9428500001,351970.754962742
917423.6229596154,1041967.4609546552
917423.6229596154,910965.3459804284
917423.6229596154,909901.91191054
917423.6229596154,1073193.40850375
917423.6229596154,953248.7780553541
917423.6229596154,952122.6977770838
917423.6229596154,909011.3871289446
917423.6229596154,1040142.3833524731
917423.6229596154,878848.2982466894
917423.6229596154,753037.1234799431
917423.6229596154,877704.5564639692
917423.6229596154,752600.5838640319
917423.6229596154,1004932.0265908656
642388.9473400001,443125.34386883053
642388.9473400001,446624.6740738678
642388.9473400001,774127.2853923222
642388.9473400001,414240.7076570554
642388.9473400001,736864.3014772915
363617.19805000006,465282.99431529053
363617.19805000006,581759.3019726762
363617.19805000006,563354.0777247606
897451.9394714285,1007098.9881218692
897451.9394714285,649389.9883863755
897451.9394714285,655546.5272822189
897451.9394714285,936999.8714106416
897451.9394714285,937417.2372369748
897451.9394714285,939901.9052236947
897451.9394714285,742717.3352908067
550507.7744374999,420441.23863604537
550507.7744374999,474024.3256924903
550507.7744374999,425507.1956178918
550507.7744374999,531933.3186180666
818271.8639499999,869665.1244857403
818271.8639499999,711268.5298277708
818271.8639499999,997266.1280792761
621221.11296,622038.2487318453
621221.11296,474983.4415215519
621221.11296,535717.4430961249
621221.11296,577669.9493771621
621221.11296,715861.9134678143
233761.39225,245790.35939741693
233761.39225,449607.670533437
568721.8026999999,602718.5209126738
568721.8026999999,732015.9851396643
568721.8026999999,648322.7800652041
173318.7665,325596.58351783874
443368.6752,428106.51960847626
408119.3148,467978.6070346588
408119.3148,749685.8343927815
408119.3148,751310.8759833992
408119.3148,448505.32823664683
871774.3359000002,481495.6957980619
871774.3359000002,621107.8914335989
217722.281075,350264.5155567698
1220322.845857143,1064494.9601592855
1220322.845857143,838013.345122396
1220322.845857143,973140.4173602862
1220322.845857143,1093605.2079523923
1220322.845857143,1060440.4339953014
1220322.845857143,1095059.7667630212
1220322.845857143,969708.4231632845
1220322.845857143,835982.2661224667
1220322.845857143,1011157.4393567389
1220322.845857143,771141.5143121361
1220322.845857143,772329.2005274524
1220322.845857143,897447.6599833148
1220322.845857143,897522.8323287785
1220322.845857143,773947.342113873
378330.7104,571744.117227773
378330.7104,296527.34461737203
378330.7104,282557.9377652285
500146.6269,641192.9262408393
500146.6269,645325.8634566783
399461.97542500007,627586.9215893145
399461.97542500007,482449.70343323884
399461.97542500007,413420.60631239886
399461.97542500007,585519.542355611
376985.9175999999,299765.97513129597
376985.9175999999,299702.1185403394
376985.9175999999,526846.9649045857
957120.2366,954300.2942238547
552775.8620999999,872397.3354914004
552775.8620999999,573284.9881596426
552775.8620999999,579522.9130038919
552775.8620999999,875698.4875305013
552775.8620999999,744668.5047984393
1314898.82055,932323.0110342379
1314898.82055,1076318.41662018
191318.44010000004,271851.0302255848
191318.44010000004,391820.6340581689
191318.44010000004,254133.19784434186
803441.7943499999,649751.8960876866
803441.7943499999,567806.4085308808
803441.7943499999,650254.2910991949
803441.7943499999,796150.7696160029
803441.7943499999,559345.4013407094
426343.24944,432407.62049181893
426343.24944,712677.3803872827
426343.24944,484389.64243765105
426343.24944,671730.6283018885
426343.24944,714610.5006915849
552635.51546,459535.03991371195
552635.51546,465470.1276607186
552635.51546,465272.3429930875
552635.51546,705209.0541708278
552635.51546,704299.2584178669
669906.310625,906188.2010930416
669906.310625,766954.9343404553
669906.310625,837191.7421816848
669906.310625,763388.1877495891
669906.310625,908639.8376657394
669906.310625,707335.1048559182
669906.310625,570360.2221568809
669906.310625,568597.0732871527
2742490.12475,1238094.7773045362
2742490.12475,1246720.5604533972
678941.9024499998,482892.77054726926
678941.9024499998,780941.097650836
960843.9699,905940.1989377186
960843.9699,865696.828877199
1316991.5845499998,993228.5935732904
1316991.5845499998,991982.4549807708
1316991.5845499998,837563.5274822703
1316991.5845499998,990956.0798070817
1316991.5845499998,1096709.2095231987
1316991.5845499998,836814.7122955602
1316991.5845499998,995359.068001836
1316991.5845499998,1054104.4978846968
679439.1453300001,849724.7761842726
679439.1453300001,847434.2707367472
679439.1453300001,509377.2420847276
679439.1453300001,605373.031113197
679439.1453300001,745238.3032296275
548856.660525,346707.95214498474
548856.660525,500023.69728465396
487674.5288,477902.3266663335
1438183.3401656249,1025133.8224031378
1438183.3401656249,924127.6555660925
1438183.3401656249,1159179.2096796327
1438183.3401656249,927892.0676916232
1438183.3401656249,927479.5442709145
1438183.3401656249,928138.8775137609
1438183.3401656249,1161444.6294254647
1438183.3401656249,923787.524017336
1438183.3401656249,925982.4503819469
1438183.3401656249,1159533.8499650033
1438183.3401656249,853413.6880858352
1438183.3401656249,1072328.1187575287
1438183.3401656249,968958.4983593468
1438183.3401656249,1073249.9669772014
1438183.3401656249,853163.2769497039
1438183.3401656249,1071547.6462435764
1265431.0252090911,1115628.349058156
1265431.0252090911,990880.9658991665
1265431.0252090911,949319.5651824875
1265431.0252090911,989834.5861132569
1265431.0252090911,1121792.708427858
1265431.0252090911,993973.6273090157
1265431.0252090911,850702.7121124155
1265431.0252090911,939091.4400370646
1265431.0252090911,1034209.9753411813
1265431.0252090911,910111.6137398444
1265431.0252090911,1034483.7657317285
342039.2499,676563.2742283951
342039.2499,387361.9627364811
342039.2499,336181.03427815926
207916.32224999997,382745.9493172535
207916.32224999997,489755.152923691
835491.107125,694796.2851804895
835491.107125,840538.055381295
663251.30425,600783.4231429381
663251.30425,559638.2854026911
688715.36036875,789983.9751635533
688715.36036875,925550.8821390115
688715.36036875,1047354.1130921128
688715.36036875,1046791.366371589
688715.36036875,789727.6977043956
688715.36036875,1051371.6046898197
688715.36036875,923815.1286449641
688715.36036875,971107.141967371
688715.36036875,853566.4787990915
688715.36036875,970590.751943102
688715.36036875,728714.6965874152
688715.36036875,1094281.343561967
581984.38845,725797.7956117743
581984.38845,569224.4791594874
660613.096,926170.2704442869
513413.499375,789153.0930574891
513413.499375,649683.8208533167
513413.499375,509964.8367921215
513413.499375,649137.8898389741
513413.499375,738202.8903248917
513413.499375,476964.2949444136
513413.499375,476670.36520202877
513413.499375,798207.9741588427
557378.4014,584184.1929804401
557378.4014,498130.96323718346
557378.4014,444056.266374549
557378.4014,446025.37525575893
742433.5794499998,668423.3678528382
742433.5794499998,812918.5792092956
742433.5794499998,774232.0348728554
227451.85014999995,219085.74339462788
227451.85014999995,437953.4779593702
475161.3523999999,717723.1504924758
475161.3523999999,449996.8658419653
838128.5443000001,473960.0728436261
838128.5443000001,478434.1683075825
447424.176325,594103.0235508413
447424.176325,646950.0018125254
447424.176325,597245.4524111712
447424.176325,407963.2391014859
447424.176325,693049.0835606679
471855.1091499999,510773.97873211984
471855.1091499999,516553.3085584268
471855.1091499999,344158.83282550395
556929.517625,687198.0640038995
567525.3936,724637.058077484
567525.3936,487686.8677994964
258837.25060000003,525797.9790923612
258837.25060000003,241996.68869208696
406449.45820000005,444306.56441929017
406449.45820000005,412858.1617180932
452334.48915,325840.6537129372
452334.48915,595223.9618167265
651679.42101,868383.3817542125
651679.42101,781666.0029763613
651679.42101,782636.0896803789
651679.42101,783362.8452182715
651679.42101,1026786.1143889131
651679.42101,904953.818953977
651679.42101,906792.7952101631
651679.42101,907400.9488420227
651679.42101,723322.5136946193
651679.42101,722123.5754826367
651679.42101,953201.7188547165
651679.42101,841465.4945781948
651679.42101,723377.100767222
651679.42101,842096.7994568007
651679.42101,821553.1015223772
232042.9314,239091.49086584058
232042.9314,381895.2896387918
232042.9314,370510.63092868886
750152.412425,827484.5191335401
235830.77802500004,205887.30116312183
235830.77802500004,346394.69986678404
848948.1624125,603798.0360878814
848948.1624125,886905.6680421007
848948.1624125,598992.0390525499
848948.1624125,598106.1095612278
848948.1624125,689746.5928389337
848948.1624125,825609.7072385827
848948.1624125,828479.2765211527
848948.1624125,555639.9551772045
575751.85932,727965.0104508884
575751.85932,722751.6099015125
575751.85932,724737.046440198
575751.85932,679888.9050879935
575751.85932,542692.3932518477
417555.32425,427253.010895604
417555.32425,424942.2287356188
417555.32425,428471.7480016981
802661.1452999999,470282.5175261606
802661.1452999999,533646.7848921844
308791.83285,384907.44665873784
308791.83285,502424.1857784154
308791.83285,201470.43988389906
587664.512775,735853.7857325217
587664.512775,886853.9301108704
587664.512775,888380.2845356278
587664.512775,883446.7273920086
587664.512775,824132.3632683574
587664.512775,678502.3824467206
816831.5992785714,956922.5807010623
816831.5992785714,607709.5852900823
816831.5992785714,605168.003533017
816831.5992785714,750201.6936667071
816831.5992785714,555653.9690976733
816831.5992785714,555114.8440470421
816831.5992785714,631184.721514969
739686.8223499999,549117.7461671985
739686.8223499999,615207.2109225983
584881.7457000001,494440.62075471284
584881.7457000001,385341.2663226158
679469.0662,823154.2635297365
679469.0662,824467.63458465
381023.188,511376.56298313907
413228.31640000007,289166.24343378795
413228.31640000007,268380.4982094259
616547.8386,813525.8032324485
616547.8386,532842.2100774157
307425.56355,411694.3933809893
307425.56355,482834.60711534234
307425.56355,201507.2245474403
856358.1703749999,952237.231829304
856358.1703749999,812613.4098254392
804770.0925,875976.9980377292
994635.13248,1146479.7646095154
994635.13248,1069078.5475151977
994635.13248,825100.2763704612
994635.13248,1062580.3575554336
994635.13248,1035664.2526747388
994635.13248,1066347.67248976
994635.13248,952041.6553774804
994635.13248,954061.3219692067
994635.13248,762251.359754811
994635.13248,761896.825827695
994635.13248,989945.1233864715
994635.13248,905669.5707842105
994635.13248,880302.8554227388
994635.13248,762546.6751642643
994635.13248,996268.6601162401
539064.107925,721360.8210883106
539064.107925,436186.0879528177
539064.107925,723236.7467719334
539064.107925,539594.4821622833
449521.43739999994,653158.1095477226
449521.43739999994,503475.02846538427
449521.43739999994,343440.8680902542
618278.7231692309,876817.7068183073
618278.7231692309,958840.6310518676
618278.7231692309,997907.6997623182
618278.7231692309,747583.5060983037
618278.7231692309,745402.6391108307
618278.7231692309,1000407.9066870599
618278.7231692309,994692.6471541349
618278.7231692309,688473.377250959
618278.7231692309,689415.3002690386
618278.7231692309,690307.0522481872
618278.7231692309,944930.4514169687
618278.7231692309,946674.719977128
618278.7231692309,703122.8368422666
473273.81342499994,579302.4903552885
473273.81342499994,770959.6544457969
607158.4366,584150.3379172222
607158.4366,469014.6966415628
586359.8156499999,866890.6689747826
553589.2971,513397.5251250226
562475.9771562499,700615.6285585996
562475.9771562499,699312.5611816479
562475.9771562499,988350.1388659428
562475.9771562499,988742.5441546654
562475.9771562499,848653.6307599659
562475.9771562499,988153.461484208
562475.9771562499,847560.6562999242
562475.9771562499,965315.8060698367
471231.9307375,470157.7325295744
471231.9307375,530009.5770081307
471231.9307375,759003.2346781322
471231.9307375,576549.970753527
644146.4429,651610.4072510811
644146.4429,841744.1792378185
644146.4429,840850.9653908289
644146.4429,454790.3752645593
644146.4429,465818.27850633906
644146.4429,599400.3303904334
662243.7725,644503.9704693526
662243.7725,928377.917418686
662243.7725,791477.1230043075
662243.7725,647002.9749007401
662243.7725,642819.9803675878
662243.7725,593153.5580313208
662243.7725,728446.3976445798
662243.7725,863490.4543361284
662243.7725,926896.8207628898
598332.9883999999,693325.451678375
598332.9883999999,841748.0159759483
640850.6551,526607.6507087008
533242.6749,355360.0566342279
533242.6749,346681.53344564134
759641.5797875,872399.8942452446
759641.5797875,865587.8299482515
759641.5797875,869330.8548525192
759641.5797875,1006529.9698207069
759641.5797875,871872.9559729045
759641.5797875,1009667.4609898308
759641.5797875,720032.2159556681
759641.5797875,1007263.1201009804
848909.6536000002,583711.9085905368
848909.6536000002,980267.9859335944
836016.24625,583154.9119675208
836016.24625,802943.2108567621
836016.24625,739721.550770713
836016.24625,658993.436295544
836016.24625,587231.9155231065
836016.24625,821260.7147286268
651556.5459749999,615846.4625204566
651556.5459749999,467809.70361197705
242036.621625,624061.0861926288
242036.621625,625159.9555141419
242036.621625,552333.8021113633
242036.621625,450714.05638962367
553821.90365,565508.6820822564
577443.806425,862718.4772846043
577443.806425,660552.5119424543
974742.60326875,556106.799045455
974742.60326875,556741.6552747629
974742.60326875,626625.4910572099
974742.60326875,559223.984416896
974742.60326875,648711.0557640512
974742.60326875,779708.0288942937
974742.60326875,650455.2295102092
974742.60326875,651036.7017791884
2633500.6602999996,1167452.7550678493
2633500.6602999996,1173978.6493161041
642529.866225,998820.8344361613
642529.866225,881209.7226064915
642529.866225,883634.1356829453
642529.866225,1002159.4627187247
642529.866225,964455.9110294076
642529.866225,880335.9999854494
642529.866225,756465.023128768
642529.866225,699292.7948304568
642529.866225,930002.0514800375
642529.866225,818128.7424742522
642529.866225,715130.1597265953
642529.866225,930697.5479792497
642529.866225,698590.0104624019
642529.866225,894166.847944866
388805.62125,557125.3138971314
388805.62125,701663.6939820923
388805.62125,555106.0554005683
388805.62125,522302.1372786226
388805.62125,521515.3405288777
388805.62125,388397.5493249478
474289.46939999994,561273.2999283386
474289.46939999994,437488.3542935991
285015.14026875,688730.2423773163
285015.14026875,687703.5362919342
285015.14026875,516293.610311097
285015.14026875,363677.85071285634
548577.2473500001,523545.9842009581
548577.2473500001,810415.2486581258
632581.0584999999,581026.4829725905
632581.0584999999,755422.814165895
632581.0584999999,654667.7431320468
592401.1842999998,561134.9510546889
592401.1842999998,685585.2374626577
592401.1842999998,611799.5729987294
583632.8105285714,727926.8156648506
583632.8105285714,881100.7695116277
583632.8105285714,1020657.8701282308
583632.8105285714,730012.994026888
583632.8105285714,734775.9258444937
583632.8105285714,1017065.1799477028
583632.8105285714,772225.303366371
591419.6171800001,724979.2621669453
591419.6171800001,631988.0992555287
591419.6171800001,583212.6848435669
591419.6171800001,413764.71726696217
591419.6171800001,411730.6812603501
314552.76385000005,512024.7984203149
314552.76385000005,378173.6847573774
280788.7817,547833.1148039355
280788.7817,283947.8971270645
282256.97062499996,250042.51719225617
282256.97062499996,391362.01834545983
403807.2413,540687.6993556032
403807.2413,272851.2994477329
237729.2849,544088.5483876129
237729.2849,526903.0685979333
237729.2849,235105.31402140192
309937.426725,500033.4335355279
309937.426725,496714.0210786723
309937.426725,609980.9477399975
309937.426725,606286.6008337522
287792.52739999996,374613.30312788644
287792.52739999996,373580.9273009382
799101.4649214285,1036861.2599447316
799101.4649214285,741463.5252004514
799101.4649214285,1030645.4389454382
799101.4649214285,739208.8477256761
799101.4649214285,1029861.7403400941
799101.4649214285,829454.1614861372
799101.4649214285,693072.2655112278
593973.6525499999,537064.2330891382
593973.6525499999,715926.6898991156
224118.3806,507825.2848195657
224118.3806,494377.4951629139
788901.3495999998,753609.4912382689
788901.3495999998,1044152.653450262
788901.3495999998,1044721.9337715042
788901.3495999998,755879.9236424293
788901.3495999998,1047310.3917378992
788901.3495999998,752475.1518907713
788901.3495999998,957885.455665524
608293.5666499999,638124.4844124335
608293.5666499999,636261.6027500537
608293.5666499999,631468.121149816
608293.5666499999,635000.032577422
2388814.4878499997,1270261.599775462
2388814.4878499997,1192895.8407755573
2388814.4878499997,1196289.741616549
2388814.4878499997,1168195.1808130564
2388814.4878499997,1095776.3745403988
2388814.4878499997,1096864.6271454766
2388814.4878499997,1266956.2366029536
2388814.4878499997,1269655.0368072793
2388814.4878499997,1195815.7856280182
2388814.4878499997,1270562.582832587
2388814.4878499997,1007252.0055492066
412400.67520000006,592713.2149536725
412400.67520000006,584689.9985342491
551493.9121,832711.1184515379
551493.9121,824646.3120758019
544153.5401000001,914461.3493924236
544153.5401000001,729088.565932457
1225290.5144999998,1119359.1136537031
1225290.5144999998,1047224.9872211542
689651.30045625,910003.0834987455
689651.30045625,624954.6916478849
689651.30045625,767812.0119979667
689651.30045625,621935.8663067201
689651.30045625,771082.3571923089
689651.30045625,708332.0160537505
689651.30045625,844829.3442991853
689651.30045625,580050.4332151723
549314.4985000001,792734.469933165
549314.4985000001,787938.8682515154
549314.4985000001,792620.4106665375
549314.4985000001,589657.637135988
549314.4985000001,598483.411341893
591059.73128125,503348.3279165467
591059.73128125,649565.6679258546
591059.73128125,789240.1644108527
591059.73128125,791126.340936686
591059.73128125,467231.39364913496
591059.73128125,468272.87253068923
591059.73128125,454893.5494405733
591059.73128125,653347.1907269674
334987.138175,298608.4846404548
334987.138175,430013.1232949376
2448684.9637499996,1071680.4797973717
2448684.9637499996,1143178.9584593414
1161169.96351875,847343.8927786178
1161169.96351875,1138394.580266185
1161169.96351875,1103303.2582238824
1161169.96351875,1140765.9630552041
1161169.96351875,998222.9898300997
1161169.96351875,1100612.168812107
1161169.96351875,1138503.7288925627
1161169.96351875,1047590.2100563773
743676.0896999999,678806.7976290998
743676.0896999999,960947.971171633
636213.2274,733049.3819705525
636213.2274,779846.6116060102
1031582.5831,1020733.8088768809
1031582.5831,1004858.1640978204
1031582.5831,847530.0451861587
301758.01804999996,355842.0783124806
301758.01804999996,355677.70774989
301758.01804999996,463201.9650542654
597854.24458,587303.8019030219
597854.24458,588887.5361142101
597854.24458,811474.6846208158
597854.24458,665800.8011673143
597854.24458,534739.4447378785
715269.65976,718697.3550342513
715269.65976,633024.6622051816
715269.65976,722185.5655016135
715269.65976,868848.802737472
715269.65976,802130.3479506358
731195.1277999999,503533.8988240423
731195.1277999999,580932.3751514736
603860.5434,735231.1539880758
603860.5434,449742.8999120097
389858.00860625,406252.83934165735
389858.00860625,588958.9182453551
389858.00860625,690515.1899234995
389858.00860625,679330.0859616946
551276.8575999999,506436.1131928075
551276.8575999999,524301.9998652479
258207.9193749999,266085.6494285131
258207.9193749999,371109.21904573357
1058887.7277999998,959380.4719270465
1058887.7277999998,637225.8089365311
361456.0533,447342.03475859005
361456.0533,313307.58902971435
361456.0533,288158.9064933894
637882.0349,702401.6303945739
637882.0349,669838.9940137655
637882.0349,737878.0860250072
945005.423425,793626.5071794376
945005.423425,1056850.6121951907
302800.78595,288560.3477257546
302800.78595,398136.606581689
650372.8345625,797163.1819681684
650372.8345625,1001156.8283196953
650372.8345625,935267.1411672654
650372.8345625,870448.4031274517
650372.8345625,932488.3521361208
650372.8345625,737274.3723967832
650372.8345625,607929.2087015756
650372.8345625,739662.3707479931
650372.8345625,876111.7331183427
650372.8345625,861219.0176411007
399267.916975,385246.9211573052
399267.916975,566918.1711835208
314775.900525,267317.8032700998
314775.900525,315749.13071255165
483993.56255,381563.12436829286
483993.56255,386158.944867898
663632.8787875,897667.2592017911
663632.8787875,699829.1087172882
663632.8787875,902943.832893491
663632.8787875,897171.9916341328
663632.8787875,902073.9017605388
663632.8787875,838409.2657310088
663632.8787875,838409.2657310088
663632.8787875,579223.308119593
663632.8787875,710080.8591681415
663632.8787875,984964.8151100505
820900.08815,746859.7295962487
820900.08815,474200.13656944985
596892.69575,492722.3448976453
596892.69575,710562.228666396
598273.621725,473661.0366787644
598273.621725,707633.1789925275
598273.621725,563106.8751242186
598273.621725,371163.9186044094
871085.7550500002,759064.7549665612
871085.7550500002,699035.2072737848
592599.2191625,692758.3055385053
592599.2191625,558175.0755085119
592599.2191625,695726.2728885534
592599.2191625,836275.9790272343
592599.2191625,835345.9123558005
592599.2191625,645449.3173908779
592599.2191625,778997.9376380694
592599.2191625,650968.3199787481
432461.0201749999,350534.28640001046
432461.0201749999,350662.09315962833
432461.0201749999,605062.371664731
432461.0201749999,309805.8151013006
649119.8481,822930.1438436345
649119.8481,598891.299513672
649119.8481,685039.4381593174
509823.69980000006,566853.6707884321
509823.69980000006,561929.1829278033
509823.69980000006,666330.0532401474
320832.80615,414669.0976998472
320832.80615,551207.8411385277
320832.80615,420769.2148416703
552997.5028750001,563134.5128264392
552997.5028750001,435348.9949757582
480557.94105,614766.0180270271
480557.94105,469053.17181442864
480557.94105,489510.5259952328
575155.96175,711286.9542054818
575155.96175,466300.8116995212
647793.1545000001,434737.6254611521
647793.1545000001,577874.1577324249
647793.1545000001,582296.6436223612
647793.1545000001,403629.99395203515
420618.62712499994,589031.8430299689
420618.62712499994,684774.9019219165
531289.821,509741.7849523047
531289.821,793003.8012556623
531289.821,507515.34373411373
531289.821,705152.5110332269
531289.821,741470.7684967184
245203.1594,387940.58214382466
245203.1594,516635.8451777366
245203.1594,359199.2562996334
547304.4711,429556.2415122308
547304.4711,735066.9447162886
547304.4711,756197.2035659499
431252.00015,632549.3313225752
431252.00015,632549.3313225752
431252.00015,316413.69561075326
533970.71465,827921.5775454668
533970.71465,521196.4356042972
533970.71465,523751.0311968457
533970.71465,472115.85312163393
847273.96436,761770.1072256791
847273.96436,762951.6307837816
847273.96436,852217.6105584886
847273.96436,757834.2354995705
847273.96436,906075.2964026585
847273.96436,1039522.2488256405
847273.96436,1040811.4718655399
847273.96436,696302.8204907647
847273.96436,963462.7662900423
847273.96436,834849.0918283281
363395.25215,585061.4364982792
363395.25215,425455.1162629876
363395.25215,277052.1967928539
515937.9588000001,674910.6527067046
515937.9588000001,682081.0959941134
515937.9588000001,494054.67276728014
269214.38495,519517.65416469576
269214.38495,389339.9194670559
269214.38495,517218.980540495
861094.382,872907.1556543133
861094.382,747735.7169574804
675428.5185,898759.7703929954
675428.5185,759726.0374595256
298544.03245,502818.4840237899
298544.03245,384289.055281469
422077.4298,492083.30014908966
422077.4298,813990.6403405162
422077.4298,764966.055159634
422077.4298,490825.6813520748
422077.4298,586412.5861591252
422077.4298,457904.96104182396
776889.271825,929977.2592439002
776889.271825,850583.8913706173
776889.271825,929756.8390586025
776889.271825,989788.7827661076
776889.271825,1064849.1415676968
776889.271825,991191.798458936
776889.271825,853350.8610448934
776889.271825,635203.5702178858
211714.007825,179476.60073702678
211714.007825,329621.8069696633
416063.21953750006,648903.797847958
416063.21953750006,652273.452749992
416063.21953750006,576268.2938705663
416063.21953750006,578990.7619823281
416063.21953750006,471505.0953195677
416063.21953750006,480818.18238157703
416063.21953750006,480818.18238157703
416063.21953750006,785541.2353219825
581502.95565,980335.2483923058
581502.95565,719480.5401630156
401299.94115,473451.1248129428
401299.94115,471362.3788046603
603554.9858499999,751469.5369380044
603554.9858499999,593256.1078615435
638506.35645,733657.58301366
638506.35645,722984.655409535
638506.35645,653733.2424632037
660510.2695249999,604170.9399351524
660510.2695249999,740753.3845409206
605682.9722,461043.9298026256
605682.9722,499973.11241199175
495475.54475,742406.776348047
495475.54475,592003.4033975524
495475.54475,594071.2299408147
495475.54475,550273.1235330829
768108.3228,920063.9409195265
330740.5335,539808.3655698707
330740.5335,483096.43316159525
272952.213,377026.5053159346
272952.213,367075.0118981541
272952.213,243609.38397495664
734496.8714090909,930453.786443103
734496.8714090909,857632.8305725751
734496.8714090909,983812.0200624855
734496.8714090909,931861.9204341314
734496.8714090909,980524.8631347823
734496.8714090909,1054637.973394992
734496.8714090909,926105.4545015607
734496.8714090909,913032.5324144125
734496.8714090909,914812.0836244791
734496.8714090909,928199.2880252859
734496.8714090909,790806.0355567881
569282.2581333334,860954.2399391403
569282.2581333334,718903.8415639831
569282.2581333334,1000544.2320477739
569282.2581333334,721212.8796645603
569282.2581333334,946065.1617114979
569282.2581333334,862135.4416301863
569282.2581333334,922986.06110892
569282.2581333334,793972.6054627887
569282.2581333334,661385.7710256211
394825.50466,597817.2763888586
394825.50466,596232.9488230199
394825.50466,737979.8351610916
394825.50466,597817.2763888586
394825.50466,701348.9452326915
158891.87682499998,356742.20824889914
158891.87682499998,473071.47559107863
879505.1327642855,759853.4185328664
879505.1327642855,1056449.8872040145
879505.1327642855,917837.4798917358
879505.1327642855,909747.2241706373
879505.1327642855,1059168.455443172
879505.1327642855,758204.8784019288
879505.1327642855,697426.3068837932
521641.32774999994,354227.01786616974
521641.32774999994,506063.91831556207
543046.6786374999,689321.8292574433
543046.6786374999,585813.6610540906
543046.6786374999,725143.8933701975
543046.6786374999,649745.2343247473
419326.8403,738819.0077296355
419326.8403,747486.5416849502
402803.40115,328034.5904782628
402803.40115,454073.8748012942
402803.40115,306915.7629573141
436125.1863,738366.5626882891
436125.1863,738594.6242267981
436125.1863,403231.23440578236
608820.674,996266.6313245047
608820.674,781356.6827722702
608820.674,913266.142798916
608820.674,778856.8341085277
608820.674,781855.8257256568
608820.674,783019.2396021215
608820.674,781938.9860687602
608820.674,869805.2381210361
608820.674,841280.0062599593
608820.674,979169.4142813019
608820.674,979427.2530950335
608820.674,740108.8083537353
608820.674,847205.3128829084
660130.486025,631566.2225466286
660130.486025,485921.06416644633
301990.37515,519823.5676806615
301990.37515,385068.2842846245
301990.37515,248816.3346278097
1157991.89338125,1061675.839140195
1157991.89338125,764314.8530724226
1157991.89338125,1008202.2464699789
1157991.89338125,912778.2260877228
1157991.89338125,768178.7825976223
1157991.89338125,1005635.3386745495
1157991.89338125,1059648.25111264
1157991.89338125,695733.4312662506
381226.78025,263007.93443422264
381226.78025,282184.07078246656
379068.8121,538992.2290447595
379068.8121,547362.7131508364
624933.23355,811528.8976568305
624933.23355,509489.74822379625
624933.23355,809015.5203930003
624933.23355,755180.2279924565
624933.23355,455303.12165599124
624933.23355,523741.3482092747
383017.5571999999,458799.0089209424
383017.5571999999,406333.09613420494
383017.5571999999,691438.7301150551
383017.5571999999,395060.5982272222
416780.263575,364761.6571722595
416780.263575,516637.19058581226
777466.0400999999,711739.8434656787
777466.0400999999,946033.7039410338
777466.0400999999,797935.5382188165
777466.0400999999,866207.9458501354
777466.0400999999,704733.5277691024
777466.0400999999,807205.184732367
491415.1889392857,775210.0397490179
491415.1889392857,630954.7195875339
491415.1889392857,686704.9516929262
491415.1889392857,632218.5243565495
491415.1889392857,725516.7455034187
491415.1889392857,723865.1011593181
491415.1889392857,727176.7151216182
635043.0142499999,420412.39539783925
635043.0142499999,559435.3129428719
635043.0142499999,713990.8418451893
635043.0142499999,671233.5609330477
575617.4858,590932.2552194609
575617.4858,739279.6128222517
575617.4858,832104.7278963288
575617.4858,683566.1242646391
575617.4858,684577.78659841
630855.73191875,1115158.1497616644
630855.73191875,1030542.9816390022
630855.73191875,748574.3527614119
630855.73191875,1032675.9197263309
630855.73191875,1032579.961424858
630855.73191875,748943.811435397
630855.73191875,845387.7768041989
630855.73191875,948744.638862418
372325.2855,341802.1867065526
316652.85205000004,259011.12434525474
316652.85205000004,535173.1550079116
316652.85205000004,384551.61096818687
2421698.1173,1052202.2190437193
2421698.1173,1315969.138995342
740793.13965,683620.9436494042
740793.13965,828703.627632998
740793.13965,830845.3818175812
740793.13965,684228.3978572632
740793.13965,1044942.4897054449
740793.13965,625642.4171459922
740793.13965,627381.7454994924
740793.13965,765969.4346248695
740793.13965,776093.526141977
292145.45850000007,281316.3728210497
292145.45850000007,513422.45924631023
1148775.5832,954844.407983523
1148775.5832,955701.594724521
1148775.5832,805194.5876281536
1148775.5832,1085186.810839896
1148775.5832,804482.8904981556
1148775.5832,958353.3427169775
1148775.5832,739849.8138612588
1148775.5832,876739.6954775177
1148775.5832,1029770.5826646269
1148775.5832,1243078.2131913342
266435.0235,436332.7300132931
266435.0235,455036.78150144307
266435.0235,578364.9681826178
387015.24365,693403.3348021666
387015.24365,550207.3765785574
387015.24365,652178.6929367841
387015.24365,655189.7129607889
639896.5782999999,647579.0748646607
639896.5782999999,794051.5180506618
639896.5782999999,789937.3027371059
639896.5782999999,740467.2659139498
725297.0115000001,948417.8902598987
725297.0115000001,809584.2572710733
725297.0115000001,941447.0995086237
725297.0115000001,664237.1556286822
725297.0115000001,742859.3168563509
725297.0115000001,744731.2535970645
725297.0115000001,616852.0250422409
725297.0115000001,743744.0807495562
725297.0115000001,819654.5778105188
735230.46525,673169.9436890287
735230.46525,670932.4939895677
735230.46525,814279.4038516763
735230.46525,955834.6408997986
735230.46525,671541.1082392654
735230.46525,614476.5601531144
735230.46525,759307.4045461566
735230.46525,752585.6443993482
735230.46525,765643.7917639314
285197.95545,264666.51244141127
285197.95545,373468.60421256314
759923.36378,587913.6365417542
759923.36378,749341.1252098646
759923.36378,748987.8186537162
759923.36378,587475.140218303
759923.36378,545630.4794075952
481583.1429,471292.6730193951
481583.1429,601668.3355181139
664051.8565499999,649314.946209038
622425.3189,940397.5042612846
298665.0706,532024.2939917404
298665.0706,552358.6226738804
298665.0706,413308.8248932955
570473.2528,840899.4203282602
570473.2528,891757.7033864162
686523.9402000001,927899.0819979934
686523.9402000001,1049355.8740262345
686523.9402000001,792662.6481009271
686523.9402000001,929811.3695651053
686523.9402000001,795158.5563984261
686523.9402000001,925029.7737465964
686523.9402000001,794213.1119709492
686523.9402000001,973050.7157788805
686523.9402000001,727899.5325409507
686523.9402000001,727607.9440993023
686523.9402000001,853820.2904191134
686523.9402000001,820166.0930520162
250052.21054999996,515088.0041999968
250052.21054999996,516796.046338127
218384.8656,325170.03216973983
349553.3132,302493.488168245
349553.3132,523010.15958016063
212017.648525,383989.8132771
212017.648525,523266.4984579579
586126.894125,737094.3546443812
586126.894125,635747.787840536
381412.25125,540117.7356140027
381412.25125,691411.1664279738
381412.25125,646285.8855502841
381412.25125,557622.8544135501
599298.9698625,679626.6316177136
599298.9698625,815227.0513591325
599298.9698625,815227.0513591325
599298.9698625,720176.2761063401
599298.9698625,720939.9188083475
599298.9698625,452045.255345186
391908.5185499999,581160.2786705116
391908.5185499999,308625.2109198279
391908.5185499999,592527.7018303113
479659.095925,668763.4727263649
479659.095925,479280.8192385261
479659.095925,761543.0501643267
479659.095925,445555.639784147
479659.095925,576507.4551237016
479659.095925,755181.2924659055
827932.0073181818,1027968.3960226036
827932.0073181818,896646.2079599153
827932.0073181818,759941.1423945351
827932.0073181818,1033878.3490502641
827932.0073181818,756227.7885828929
827932.0073181818,902706.7890085566
827932.0073181818,1109186.5059005814
827932.0073181818,697110.2840835862
827932.0073181818,973849.7694600146
827932.0073181818,952995.3136774714
827932.0073181818,837445.0006326957
2675274.00365,1238472.486615822
2675274.00365,1086295.431382507
598208.5022374999,776772.2988815645
598208.5022374999,626070.7182401824
598208.5022374999,778000.5735243361
598208.5022374999,730544.8731960923
373672.9313,276744.14557238494
373672.9313,539683.0631986855
208369.6846,270053.7914976407
556041.852975,717544.6848470491
556041.852975,569835.9789494085
212921.75165,214899.12052452413
212921.75165,139733.8729286095
215354.8314,480379.99089872406
215354.8314,480857.94792001066
883247.3476499999,802065.2583347122
883247.3476499999,654317.580229058
883247.3476499999,794501.8410882778
883247.3476499999,936824.6029192873
883247.3476499999,649099.2995401477
883247.3476499999,737046.8380420471
883247.3476499999,598579.391024569
883247.3476499999,870051.1429803567
653768.5005,692449.3994413734
653768.5005,865850.5238130254
503515.350825,783590.284478118
503515.350825,932011.1992540376
264912.8885,338283.36716762034
264912.8885,491456.8143193042
318290.28144999995,472608.3833796823
318290.28144999995,332497.17165609216
318290.28144999995,593465.1190973467
318290.28144999995,438036.173821948
747801.710125,718022.308130295
747801.710125,616711.9574191668
393756.5935,412340.5582124398
777014.6278,943028.6653451128
777014.6278,939493.091914122
2706643.2878,1061107.5592539338
2706643.2878,1078973.845795334
1192716.82238,859570.608850915
1192716.82238,861265.1837913742
1192716.82238,1138159.5231119927
1192716.82238,855243.3851012636
1192716.82238,1230607.60388839
1192716.82238,855648.2563083308
1192716.82238,1137521.6516570528
1192716.82238,812050.7117181227
1192716.82238,920113.2002010801
1192716.82238,1048569.6701391856
689435.9845,651225.8396352035
689435.9845,952007.2109953002
689435.9845,953896.169506304
689435.9845,804478.3298936761
689435.9845,806350.8405586798
689435.9845,593211.702519456
539757.1364,670265.4019315245
539757.1364,405777.55357777566
539757.1364,558624.2609481432
389046.451175,326058.02734873974
389046.451175,465208.90515258687
487840.871275,403321.75953774626
487840.871275,531421.0364329439
831005.814375,738418.6698787523
831005.814375,1025341.0947619624
831005.814375,1101432.5737801434
831005.814375,1024627.9865397181
831005.814375,739103.6413558765
831005.814375,971070.9021649648
831005.814375,679766.678430314
831005.814375,815177.793301507
831005.814375,680232.6983851952
831005.814375,1061735.1793590295
392431.52690000006,691487.9017411623
392431.52690000006,460213.50306120643
392431.52690000006,407128.10053324443
392431.52690000006,438828.5454595887
388117.05574999994,420599.27677467105
388117.05574999994,300627.24455647764
388117.05574999994,424052.25771907537
658222.8416999999,622925.9669596661
658222.8416999999,761755.6277610089
658222.8416999999,868206.0279709835
855804.5164999999,906403.478157171
855804.5164999999,758034.5195332573
855804.5164999999,611257.8272100199
855804.5164999999,908043.5244576533
855804.5164999999,842033.6284315594
855804.5164999999,700385.3161685544
471475.0511,494224.8277618565
471475.0511,639273.7901354898
471475.0511,330268.93141318223
736500.3941500001,507666.66478232166
736500.3941500001,493932.5269851618
405690.7813,529125.5881536911
405690.7813,559147.8540325636
764413.7519400001,758512.8815206893
764413.7519400001,468979.8487090859
764413.7519400001,758214.3844266825
764413.7519400001,712676.9375558059
764413.7519400001,445067.786698321
543695.618625,362252.7821335114
543695.618625,501622.4296460672
2333041.5599499997,1157434.1204389844
2333041.5599499997,1020668.6223429773
2333041.5599499997,1529484.510262378
952331.2455,637920.305301654
952331.2455,941658.9337241864
952331.2455,793633.2645916436
952331.2455,639858.0757289624
952331.2455,722465.4914358066
952331.2455,675216.9094774094
431961.0324,331546.1004763399
321652.7754,419185.2485189638
571401.2398500001,710668.1895526588
571401.2398500001,636274.3233912789
864463.8142499999,1034747.0907923422
864463.8142499999,879373.6251314484
229916.874375,335502.22045389627
229916.874375,336142.7138127144
229916.874375,582964.6218947272
229916.874375,588390.5218889909
755746.95805,941021.3644666626
755746.95805,941476.41731785
755746.95805,714210.7390476626
755746.95805,632020.5667700901
755746.95805,783795.2632511884
755746.95805,727671.319493804
557119.74255,956394.1780192
557119.74255,774673.1525439747
491291.8765,568410.7235145932
491291.8765,721467.6319449925
491291.8765,393828.4116728768
491291.8765,675785.5720838787
431663.13644999993,486799.1941482797
431663.13644999993,349109.5255111046
431663.13644999993,331014.1792576962
265007.71129999997,390417.0628019188
265007.71129999997,265482.10584007174
265007.71129999997,533098.4291454771
265007.71129999997,519730.7921577858
400973.8023499999,557342.7864705193
400973.8023499999,559868.1114010677
400973.8023499999,563367.1873003113
393715.17445,662659.9103479317
393715.17445,661290.7919179853
393715.17445,342517.9996022387
567264.7300000001,552385.7046925616
567264.7300000001,497626.7243593158
567264.7300000001,548926.4894640186
567264.7300000001,592909.5547412081
567264.7300000001,576868.9528813818
567264.7300000001,445476.2834102982
310367.02304999996,402785.4716805669
310367.02304999996,364657.5220199495
580752.7208499999,763831.9632261557
580752.7208499999,537665.1523084649
487791.06554999994,523339.8339732281
487791.06554999994,523247.2723743661
487791.06554999994,671032.2624808487
487791.06554999994,631850.8404803389
256047.73305,266860.64690696675
256047.73305,304981.8903675642
594399.6075749999,484606.73575513763
594399.6075749999,716957.8105409199
594399.6075749999,721812.301742965
594399.6075749999,738183.0818535378
173484.18470000004,537150.5015036478
173484.18470000004,256996.62172335526
173484.18470000004,226873.99408994586
458394.665,618427.115393756
458394.665,477135.0998065014
458394.665,798406.2049791635
458394.665,753365.4045640107
458394.665,710738.4763489134
458394.665,445749.0388844109
458394.665,444702.0156179677
486586.899175,726943.8355024013
2370069.895425,1236983.7194144104
2370069.895425,1221409.2583476754
711925.62665,930553.4082321887
711925.62665,729843.8086817289
302047.898225,297112.83970459836
302047.898225,588780.534278262
302047.898225,516396.98948400875
302047.898225,553008.3969161588
242332.5744,520640.92193703377
242332.5744,242753.3364985417
145728.88249999998,348078.4600404025
145728.88249999998,419197.7272592262
490527.6522,523201.5894470884
490527.6522,671640.4511643142
490527.6522,491956.06744675135
669445.2209499999,689935.643900051
178042.9407,507125.2057359048
178042.9407,494180.8684040545
994423.939225,876660.1734841232
994423.939225,1168936.914616994
2201692.6537749995,1236415.9109548132
2201692.6537749995,1128102.0392369558
560547.573525,758583.4621995516
560547.573525,521651.96624470013
560547.573525,462567.4112036223
560547.573525,566569.4360685009
979816.9205,947003.6367571324
807820.9813000001,530430.1040867716
807820.9813000001,673273.6748384803
1036569.2163,866836.4292920228
364292.730625,386486.85280244605
364292.730625,547714.4989877737
429454.98275,400454.8566469426
429454.98275,704671.0381558106
429454.98275,714802.102440435
581324.79845,636719.9733324806
581324.79845,641337.1699033994
581324.79845,637840.1718162287
581324.79845,490316.8478731855
581324.79845,732750.014297214
679299.2317,589647.194911619
679299.2317,1003539.5889370281
379217.724425,411277.72760460986
379217.724425,281691.85542622936
1013592.4246,951607.8983887718
1013592.4246,1078379.3310425128
609592.24185,842586.2882846608
609592.24185,566353.7009351251
870571.311307143,898668.44058841
870571.311307143,853753.1196410966
870571.311307143,980487.4505706707
870571.311307143,899334.6728869834
870571.311307143,903563.90153085
870571.311307143,980757.6074533782
870571.311307143,900566.1174220364
870571.311307143,950212.7948538333
870571.311307143,711774.0209714603
870571.311307143,713168.3857936395
870571.311307143,852749.9332644877
870571.311307143,835633.6961622556
870571.311307143,949906.3355106616
870571.311307143,840181.7289344426
444001.9946125,487933.31986494514
444001.9946125,487042.4917902299
444001.9946125,461680.75506073976
444001.9946125,596972.3919078092
371716.3977437499,598100.5458531905
371716.3977437499,417897.56193302013
371716.3977437499,467816.6068049328
371716.3977437499,406842.4389687649
647093.6422499999,589524.3984235574
382550.20404999994,597122.8095995258
382550.20404999994,455095.92050241726
382550.20404999994,298627.36243197747
682012.06745,634432.4672340358
682012.06745,1121472.2715439182
1362143.3664833333,837069.4943497039
1362143.3664833333,987363.3287642077
1362143.3664833333,989036.3801301236
1362143.3664833333,1123114.7593613735
1362143.3664833333,942310.483671413
1362143.3664833333,1124591.2544178786
1362143.3664833333,1122426.3975072252
1362143.3664833333,837174.3337704843
1362143.3664833333,1196718.244845274
530121.5811499999,510540.2305883187
530121.5811499999,581851.0273937434
541282.313157143,669430.2266981668
541282.313157143,884687.5493841869
541282.313157143,885233.286072101
541282.313157143,890422.7074205587
541282.313157143,810779.4515802023
541282.313157143,685599.2302325442
541282.313157143,686865.7324119947
578371.578275,760585.5947240107
578371.578275,471676.15645367926
578371.578275,802129.8238372835
578371.578275,710826.5802287167
578371.578275,573818.1090868891
578371.578275,770146.175866834
547325.6980000001,351205.2983875096
547325.6980000001,493826.3395242708
1128248.1234,1005240.6543394594
1128248.1234,1072103.7160352827
1128248.1234,811049.120629895
216573.1849,532316.8170241897
216573.1849,264542.8386154643
216573.1849,472980.03143675864
392299.9913,315402.3890549179
392299.9913,448311.59915951756
392299.9913,556741.3234877891
2338574.47465,1053608.3239999178
2338574.47465,1457272.5760357543
680926.9256000001,502690.0243996657
680926.9256000001,499809.7651776116
680926.9256000001,643279.3913848641
680926.9256000001,828559.1929728818
680926.9256000001,596456.526251995
680926.9256000001,595740.434923325
680926.9256000001,730403.1918575956
505149.32215,753198.9210001417
505149.32215,842352.7875393823
274287.79870000004,415336.55466115876
274287.79870000004,353070.97905122506
274287.79870000004,499434.39820027945
529061.4695,710759.8384293176
529061.4695,418929.56716647325
432791.826,625507.5113894492
432791.826,486204.8102948871
432791.826,613844.053906617
983073.7616333332,889134.4641601742
983073.7616333332,1027199.2087702956
983073.7616333332,891789.1963408266
983073.7616333332,1110313.2251911613
983073.7616333332,888355.7810502506
983073.7616333332,678122.5229040126
983073.7616333332,691207.187480512
983073.7616333332,689678.2658028528
983073.7616333332,935798.9739345615
445690.006825,577116.3923668179
445690.006825,473926.1655881684
456639.60385,380646.137077167
456639.60385,669339.3635579634
456639.60385,490834.282195808
499328.84445,362935.3205552984
499328.84445,668151.06294131
428007.53535,611278.7579593399
428007.53535,633787.7562650518
494545.0496,651576.0522515868
494545.0496,745987.9118088405
707231.940675,855501.386422954
501670.3604499999,554831.2296885273
501670.3604499999,779882.0844081736
501670.3604499999,634550.4508879542
501670.3604499999,646979.3979063274
615001.3034999999,742636.4369787005
615001.3034999999,951026.94225066
615001.3034999999,888885.3797034365
615001.3034999999,597734.2534421765
615001.3034999999,686765.595713298
615001.3034999999,548017.1130771986
412555.8256,323438.6652917233
412555.8256,587063.2239378525
496907.033675,851498.5378511458
496907.033675,721612.8196367256
286809.6545499999,306787.1168082578
286809.6545499999,304902.3331577377
286809.6545499999,407286.5700955424
374544.08765,448005.1475703157
374544.08765,448500.1788618742
374544.08765,283742.6620602614
346834.830825,302172.41256092093
346834.830825,435026.52993517654
436252.41508749995,389793.0905523783
436252.41508749995,669281.5732248488
436252.41508749995,662242.2448789647
436252.41508749995,480441.27493111184
630945.92665,593396.9529616358
630945.92665,888567.9161486101
507889.1071,433417.09100970405
507889.1071,335411.9639653451
527543.72075,395312.73771742574
527543.72075,391233.673953901
527543.72075,432284.4304420802
275679.35465,269576.75766602735
275679.35465,350945.3988647512
543959.3795,832203.0713964653
543959.3795,785663.1993346631
543959.3795,644831.2066433631
543959.3795,785384.6296355897
543959.3795,601792.6581993308
543959.3795,470619.49936926167
543959.3795,477768.1164910061
809961.87015,711640.727976884
809961.87015,849806.4394926536
665211.932392857,583823.7127821264
665211.932392857,811761.8369462276
665211.932392857,586375.7943191439
665211.932392857,522662.8406831507
665211.932392857,753960.5861131478
665211.932392857,482970.82374660013
665211.932392857,816611.043520444
637749.6731125,757633.0583676932
637749.6731125,615047.8011615357
637749.6731125,757819.3522865975
637749.6731125,477766.27965494565
637749.6731125,574992.9511907957
637749.6731125,444685.4626102859
637749.6731125,573492.6829271642
637749.6731125,450588.4046070026
680299.4029750001,786678.0264666217
680299.4029750001,716987.516945421
199969.953925,287326.0162990147
199969.953925,380351.19860612974
597813.4587075,809006.1867918465
597813.4587075,725429.2347683725
597813.4587075,991009.3331450516
597813.4587075,944595.6213181275
597813.4587075,994666.0848082382
597813.4587075,1067805.7340123253
597813.4587075,794567.5496038808
597813.4587075,794840.9473859366
597813.4587075,921872.791560348
597813.4587075,678556.9859036836
479660.30675,582512.1615301513
299441.7876,313543.39887083083
299441.7876,312983.95580135094
299441.7876,420296.21339405235
940676.0474,891609.7207388097
940676.0474,830737.5165166282
940676.0474,1040434.4380438467
940676.0474,897329.8467667358
940676.0474,980003.0847977678
940676.0474,1173922.8184387523
286875.49777499994,566775.0559628299
286875.49777499994,357313.8306114814
583290.1594,534563.9021596309
688078.2835437501,510957.2987964726
688078.2835437501,800423.6049889206
688078.2835437501,839350.1168472208
688078.2835437501,797033.1306811123
688078.2835437501,472189.69894747314
688078.2835437501,744383.654818226
688078.2835437501,471848.76225435914
688078.2835437501,845490.3901401458
744443.47425,745246.256078257
744443.47425,468302.57917700114
557053.22425,352576.3800449136
557053.22425,635782.845806599
279986.63487500005,405815.8513734533
279986.63487500005,526443.9905073416
466361.28207499994,603957.1015174864
610158.8780499999,539915.658499985
610158.8780499999,676916.2847216704
610158.8780499999,717796.0541583095
859523.4772,560250.9847153103
859523.4772,548835.7675297391
399054.29338,437689.4787477642
399054.29338,621130.8795182393
399054.29338,432807.83392043406
399054.29338,719868.2487354042
399054.29338,565821.0943441287
752361.9852000001,952706.4963669574
752361.9852000001,951017.9803538781
933727.6684,795979.5587928882
933727.6684,721624.4337192661
933727.6684,1003664.8566658311
933727.6684,641771.9822171256
933727.6684,791225.1213796337
933727.6684,803772.7781065434
441327.9174999999,296476.95567647007
441327.9174999999,304080.41186325694
422280.0935125,579310.2360585799
422280.0935125,764090.4062718716
422280.0935125,722920.9142629815
422280.0935125,437337.25138826447
468898.86734,466746.73641564016
468898.86734,750168.8025703519
468898.86734,795687.6402454786
468898.86734,434785.1294358075
468898.86734,689137.6570458936
727169.8968999999,916541.9638242484
727169.8968999999,834315.4026760253
727169.8968999999,916085.0249948123
727169.8968999999,917112.0111368541
727169.8968999999,763711.6263642691
727169.8968999999,702097.2758772628
688197.39662,1017408.2243664307
688197.39662,671764.6549652771
688197.39662,672712.4757669551
688197.39662,1018398.9348496078
688197.39662,812297.4503744795
688197.39662,820316.3937424582
688197.39662,753741.5924500723
688197.39662,891727.0597409297
688197.39662,891253.2872984395
688197.39662,751573.4599265571
871510.913525,1084587.3170079477
871510.913525,1087688.214607417
871510.913525,905682.4589840231
871510.913525,1176033.1310099908
871510.913525,803787.3994532453
871510.913525,803008.28289451
871510.913525,1173959.940328543
871510.913525,905614.6754300338
871510.913525,891457.9622143633
737598.50516,628370.653132122
737598.50516,773396.9339270216
737598.50516,628270.6982580663
737598.50516,582099.5842147616
737598.50516,631666.0186530347
337993.231575,553744.2276384294
337993.231575,398293.2251718685
772727.56415,796861.9615713652
772727.56415,593889.0333945942
407394.6261,670725.6135241588
407394.6261,666030.2201806486
407394.6261,721441.7166649656
636558.7016200001,747805.8561428091
636558.7016200001,426127.37868380756
636558.7016200001,714176.9586053797
636558.7016200001,399892.0856868388
636558.7016200001,670906.8387075316
622436.7845899999,682343.8620619703
622436.7845899999,902333.9355114406
622436.7845899999,606200.1144664162
622436.7845899999,827946.5955561575
622436.7845899999,632315.7099114577
2314927.55535,1138473.356254215
2314927.55535,1135582.021712935
2314927.55535,1543815.8117848288
591095.2971499999,552031.236362602
591095.2971499999,546571.2732486896
591095.2971499999,388896.35169352073
618306.22312,599364.6437913418
618306.22312,462977.72447639937
618306.22312,518716.4277976671
618306.22312,561072.1118593673
618306.22312,633704.1395505589
791257.5,752711.8353434089
791257.5,825452.3163081924
434209.716,303639.2789581283
434209.716,599779.9296564375
836063.4080749998,739769.4929674311
836063.4080749998,1021145.048122203
1325085.9948649998,1014757.4512303029
1325085.9948649998,1014612.8142183131
1325085.9948649998,1177956.2797826044
1325085.9948649998,1179553.152121435
1325085.9948649998,1179355.5710971374
1325085.9948649998,906305.4542206881
1325085.9948649998,1277288.1770481241
1325085.9948649998,1051451.5994760012
1325085.9948649998,1177652.7525659513
1325085.9948649998,1177456.0407508123
417890.0913,437717.87332118565
417890.0913,761232.5586977425
417890.0913,578746.2986073464
417890.0913,678847.0716631059
1169822.203975,846564.7780678868
1169822.203975,1114199.5751153245
1169822.203975,849869.1691464552
1169822.203975,1114737.505068088
1169822.203975,1115379.108245649
1169822.203975,951220.1645575681
1169822.203975,1118933.2292712838
1169822.203975,778719.2320522035
1169822.203975,807002.4575532274
1169822.203975,1061043.3253228064
1169822.203975,780108.2496743659
1169822.203975,779344.7113243573
702992.23904,690732.5478784576
702992.23904,539060.3779250818
702992.23904,539498.0316717498
702992.23904,628273.4934180146
702992.23904,862435.0071823003
268082.5959,394370.7238753869
268082.5959,514957.0946112643
750740.7369,911865.5133460101
947118.0965636364,995909.6049498689
947118.0965636364,805705.7997534294
947118.0965636364,725407.7515637048
947118.0965636364,1066032.1656062698
947118.0965636364,942181.1382059313
947118.0965636364,1001012.324427184
947118.0965636364,664082.999574458
947118.0965636364,664082.999574458
947118.0965636364,798897.0809431331
947118.0965636364,925422.0981612691
947118.0965636364,1035969.3428482327
574195.6945,704258.3959751071
574195.6945,690596.2380723812
574195.6945,933871.5143823598
236599.7766,277719.71281444834
236599.7766,264397.01356104825
737738.0799499999,434778.3737559764
737738.0799499999,456760.5693028351
488509.71429999993,571804.1690896696
585877.2172000001,597958.6583640253
585877.2172000001,552849.9199562273
585877.2172000001,553140.9112224991
585877.2172000001,382711.6376136071
585877.2172000001,563360.0356229853
650961.136475,869297.1452246562
650961.136475,735509.1772638429
507678.6218,415657.2977132734
507678.6218,417149.0734562981
309167.5971,271319.1953410072
309167.5971,391066.4875964377
309167.5971,256571.12880863686
791753.34355,584576.5342460261
791753.34355,722003.7929757687
791753.34355,804845.9408028135
728098.7606999999,549889.0456175014
728098.7606999999,553216.930632585
728098.7606999999,843630.2773559858
728098.7606999999,619821.1247746057
728098.7606999999,760379.4538094447
728098.7606999999,794953.5482995491
479881.4334,503185.3341768066
479881.4334,508564.6572037939
479881.4334,803133.0796112786
660689.6948375,646634.7467467228
660689.6948375,494417.8085513989
660689.6948375,795946.7333540926
660689.6948375,847409.9458282985
913539.28735,661759.4622033811
913539.28735,742234.3162821321
913539.28735,807609.5196261464
913539.28735,662999.7909281042
913539.28735,883600.0040990632
913539.28735,875511.9320280638
913539.28735,743907.1980072589
913539.28735,613142.0261290122
436602.7665,569703.0315273126
436602.7665,624163.3432345714
542978.23775,919136.6442872013
542978.23775,779436.3759367386
565125.392825,446762.2510666947
565125.392825,400297.0233362995
565125.392825,581106.5749164724
565125.392825,503741.5019637153
924319.4996,709671.1667281158
924319.4996,781303.7507790896
924319.4996,800419.2994327263
168647.45142499998,226071.75086254976
168647.45142499998,349664.5123467345
662139.0464875001,912704.8554589853
662139.0464875001,704005.4541502038
662139.0464875001,627378.071469561
662139.0464875001,628241.8594300535
662139.0464875001,973896.1020340491
662139.0464875001,848237.0817479716
662139.0464875001,715283.2029882553
662139.0464875001,846482.2002852529
611039.5296499999,967738.9346843625
611039.5296499999,821652.8652305815
611039.5296499999,1176216.768711648
758626.47259,717899.9684493258
758626.47259,865742.3801717723
758626.47259,719167.0408551794
758626.47259,860235.729773256
758626.47259,1001106.2523771715
758626.47259,999221.1764662709
758626.47259,660803.9008324543
758626.47259,927660.6999396426
758626.47259,927822.5071353076
758626.47259,807417.5731793041
566947.2450700001,549116.6044811213
566947.2450700001,699939.4031697694
566947.2450700001,406409.0173681072
566947.2450700001,656163.4785028858
566947.2450700001,682251.6373029446
400010.08395,494988.6174982571
400010.08395,357583.95367258694
400010.08395,567055.7657774438
400010.08395,476719.029766251
518399.08961999987,634119.6925084604
518399.08961999987,552683.5347979092
518399.08961999987,491861.9138967896
518399.08961999987,632230.6017576652
518399.08961999987,537947.555626571
456301.0418999999,614231.4823463168
456301.0418999999,611395.0940281354
538009.0621999999,305559.5619596091
538009.0621999999,608525.5704117798
884579.2391499999,706321.4541935122
884579.2391499999,641940.6047370515
612908.4297142858,674983.0298842841
612908.4297142858,602086.5061811642
612908.4297142858,894471.2000352093
612908.4297142858,891291.8413286004
612908.4297142858,827802.7333082024
612908.4297142858,552884.61934836
612908.4297142858,909132.0276210072
605519.1037500001,444274.53222639114
605519.1037500001,774749.8035453366
605519.1037500001,447885.8526814389
605519.1037500001,398402.2599767023
605519.1037500001,581368.1907220798
784878.2568,729600.6791819134
784878.2568,794961.5385107197
239485.45875,366504.0430468987
239485.45875,501789.13858121936
780423.1788,880189.1828445687
780423.1788,596822.2256953769
780423.1788,825168.1299132654
229122.424525,500843.7234717222
229122.424525,373614.160980629
640696.0538250001,530457.2117307909
640696.0538250001,608254.9237986982
639583.0866653847,994183.1126937082
639583.0866653847,1001099.7461635964
639583.0866653847,879268.0314914696
639583.0866653847,748653.489886579
639583.0866653847,959647.0928749343
639583.0866653847,1070541.4247483113
639583.0866653847,957839.3249357104
639583.0866653847,998966.6155174347
639583.0866653847,929017.204985
639583.0866653847,928126.2362235858
639583.0866653847,927364.0796045162
639583.0866653847,815882.0924270395
639583.0866653847,777603.8172119937
816987.9288999998,452548.13941914425
816987.9288999998,650373.6915917373
124689.2353,332709.97227152344
124689.2353,499826.48164458165
124689.2353,342196.017536525
193956.86295,232996.56999793404
358152.658375,464492.17265474756
358152.658375,600921.0376682655
799713.3046249999,623039.1590776809
799713.3046249999,536303.9436058687
404722.10485,414137.5252193281
404722.10485,414046.01586525026
404722.10485,655895.8579208547
404722.10485,662142.8511241762
605961.903825,481092.105899513
605961.903825,641313.0176994364
2662691.0458249995,1253693.7589883825
2662691.0458249995,1248749.5213989657
359869.2669,430669.13812525553
534236.9540375,563275.6399946093
534236.9540375,738092.711474017
534236.9540375,705522.4901072198
534236.9540375,659792.232772112
490078.421,606059.95136784
490078.421,599150.9626871194
595650.82565,633276.7838835423
595650.82565,778582.7185389821
595650.82565,480488.56772155
595650.82565,445695.6080234147
595650.82565,792567.2179031358
265986.1923,303865.8468940823
399347.57517499995,312255.35416694894
399347.57517499995,444066.7813015953
610129.2599999999,821406.5648836107
675206.7596999999,911905.1609296025
675206.7596999999,1047061.9962089013
440663.362775,405284.2275418151
440663.362775,584999.2427417154
477890.50946,599827.9869736094
477890.50946,599920.7424851093
477890.50946,743448.9221537068
477890.50946,680218.5142685628
477890.50946,690557.0401823199
597534.8047999999,474676.7913072608
597534.8047999999,480501.03881536896
597534.8047999999,678695.5827280434
597534.8047999999,639973.6795851453
525787.858975,555933.226927305
525787.858975,425473.5724518976
775087.9475,827617.2511898861
775087.9475,1052453.8064652577
589167.2072000001,500677.4263364792
589167.2072000001,566469.1623388065
686525.4030500001,417116.28111966467
686525.4030500001,695976.0263271031
180399.5599,441458.96617357805
180399.5599,261063.22109732148
248813.551475,591516.0743428983
248813.551475,463218.55164081074
777950.4120199999,821285.6322719019
777950.4120199999,775977.1651730973
777950.4120199999,491002.5997390376
777950.4120199999,821170.1154343243
777950.4120199999,783800.8113314274
627765.0820500001,772937.5172188273
627765.0820500001,624891.715799331
627765.0820500001,679747.4728189551
627765.0820500001,723060.5034351012
627765.0820500001,583929.5316910272
627765.0820500001,736032.9880357581
1324420.0242333333,948831.2745968527
1324420.0242333333,1134157.328231173
1324420.0242333333,999611.9425830296
1324420.0242333333,1097809.6919285937
1324420.0242333333,1132073.6412868793
1324420.0242333333,851268.8097863466
1324420.0242333333,846828.8366754284
1324420.0242333333,1226885.0081398622
1324420.0242333333,1054407.12859824
2646733.0286000003,1165798.4644650249
2646733.0286000003,1255148.3202803754
766401.2894142857,868975.3210614616
766401.2894142857,1008096.6134109693
766401.2894142857,867791.7572106175
766401.2894142857,953054.1774609988
766401.2894142857,863344.4281325846
766401.2894142857,1012000.0552164118
766401.2894142857,905507.5774464516
987545.9381,774929.912986706
987545.9381,897246.1460634919
987545.9381,1036323.3247879136
848056.3130300001,1084685.2868310197
848056.3130300001,1009409.9817733781
848056.3130300001,955953.7744003395
848056.3130300001,1009306.9626772252
848056.3130300001,1005330.7919706863
848056.3130300001,818048.3521622946
848056.3130300001,670684.2675043498
848056.3130300001,820367.8050507813
848056.3130300001,672390.0466595879
848056.3130300001,927561.2653835318
473883.6799,681676.3457728045
473883.6799,535398.604703458
473883.6799,568632.4432772463
722780.3265357142,824262.034941902
722780.3265357142,1042566.1699395066
722780.3265357142,970022.7042676345
722780.3265357142,972100.6249740964
722780.3265357142,823277.1653802322
722780.3265357142,672731.6478944978
722780.3265357142,780722.8094285768
434210.90625000006,443820.71852135716
434210.90625000006,575585.188872246
819212.7055,842552.2293594317
819212.7055,562796.5593947021
365562.31965,423850.7462687732
365562.31965,424211.860780031
365562.31965,386200.5327685786
652600.888475,512794.15010834427
652600.888475,809549.6138741649
652600.888475,808938.9706274337
652600.888475,612594.045193834
652600.888475,475813.13606322743
652600.888475,750216.1879939325
840606.80155,704886.4745061501
840606.80155,910598.16469929
527599.295825,565875.445628223
527599.295825,454055.67594151327
318630.53322499996,412839.7348755467
318630.53322499996,536911.9381036024
679817.4158,624705.8808666746
679817.4158,790398.6561808119
890095.2923,722189.6950335781
890095.2923,637207.3404031324
457163.5803,731631.6265879499
457163.5803,444957.4225644351
457163.5803,731348.8912617455
457163.5803,696805.5966606823
384905.6445499999,396045.60541439685
384905.6445499999,404446.8719841076
395627.86622500006,601688.8609867417
395627.86622500006,479569.74115669506
1067384.10081875,1069827.140974915
1067384.10081875,1065515.958251125
1067384.10081875,1072269.547445632
1067384.10081875,804678.1316494714
1067384.10081875,945496.6966913368
1067384.10081875,1068687.47700249
1067384.10081875,1027315.3415935148
1067384.10081875,990130.135824197
1067384.10081875,869274.3718047587
1067384.10081875,738672.9160448662
1067384.10081875,737582.851843171
1067384.10081875,1214389.2829022894
377354.0915499999,557756.2753301022
377354.0915499999,281062.23628384
556493.3779999999,738273.3933038161
556493.3779999999,415413.274778416
556493.3779999999,706240.5495831097
556493.3779999999,440246.6387764401
295050.80880625,581440.3014274682
295050.80880625,402246.2853166653
295050.80880625,714773.3710926318
295050.80880625,650381.1065295733
441870.6634875001,434297.5303136486
441870.6634875001,573827.247883989
441870.6634875001,569009.2532281945
441870.6634875001,384144.89306881407
441870.6634875001,535555.4242369068
441870.6634875001,706687.5425140667
568431.9285333334,1001455.4093265268
568431.9285333334,724744.3892591663
568431.9285333334,1002232.9620415554
568431.9285333334,721058.2668963543
568431.9285333334,721517.8012536151
568431.9285333334,718309.5009936641
568431.9285333334,1078655.9370050023
568431.9285333334,998792.1692181067
568431.9285333334,1042110.3488680066
768008.5737857142,621066.6006912932
768008.5737857142,912905.0243156308
768008.5737857142,837323.3806386703
768008.5737857142,914493.4902983503
768008.5737857142,847351.4276056685
768008.5737857142,848903.8785989202
768008.5737857142,710238.8194411572
1254809.21445,969046.0524681896
623968.889125,396569.02702477225
623968.889125,541242.0102259356
643668.5275428572,954011.2004496974
643668.5275428572,746827.8262450754
643668.5275428572,747443.8736460335
643668.5275428572,894743.0893337942
643668.5275428572,693028.8374598012
643668.5275428572,553296.6952733925
643668.5275428572,693553.7165193227
594369.2427999999,812132.0369405502
594369.2427999999,511228.17080633144
594369.2427999999,511449.47739955585
594369.2427999999,795317.5473767859
283185.5445,536870.1716659283
283185.5445,394637.4959064137
323766.03695000004,456199.5171030689
323766.03695000004,603032.771386072
323766.03695000004,308828.8121599629
373257.2053,345376.1709950647
373257.2053,630897.7597658598
373257.2053,453252.5005827894
2558634.8797750003,1163143.5159791927
2558634.8797750003,1442249.829942902
384522.253675,439452.82315130864
384522.253675,618691.5164172626
422143.1868625,329080.58806986304
422143.1868625,456016.1218944033
422143.1868625,586056.5025532093
422143.1868625,571827.2745243191
576381.5554249999,688809.6714363524
576381.5554249999,539225.6340094423
427164.320575,428005.00787591166
427164.320575,253465.06370296073
489488.58374999993,642997.1025108435
489488.58374999993,498347.11645918956
489488.58374999993,337540.6500468082
345909.68445,283852.7558475229
345909.68445,298579.01223833236
754457.2939,903199.2764994984
754457.2939,768465.8371574404
406482.7052,566397.38762033
571558.6545000001,831086.3240532087
571558.6545000001,918647.4448906991
748486.50765,902524.7301243808
748486.50765,768944.437424392
748486.50765,839395.5072253203
748486.50765,619980.8273574135
748486.50765,620857.7397282245
748486.50765,765536.6515085198
748486.50765,895714.168121716
629204.3875562501,697313.9324868975
629204.3875562501,909341.9729941696
629204.3875562501,625682.1232395913
629204.3875562501,916565.3871092859
629204.3875562501,847724.6003735102
629204.3875562501,849045.2638523083
629204.3875562501,846436.1228773486
629204.3875562501,588802.7855491043
600345.6254,403877.76820227137
600345.6254,402457.2374968414
600345.6254,401759.27839025843
600345.6254,627174.29318319
600345.6254,378418.623066948
600345.6254,374236.8841356279
267998.3453,317823.2085303295
267998.3453,579090.8527136011
455588.2247,495402.1253971559
455588.2247,496941.19019660854
455588.2247,459173.50563855853
422441.94877500006,433259.54874205985
422441.94877500006,565613.9248151258
606853.05605,763401.019256921
606853.05605,476468.860415356
589387.4187999999,583507.8821781196
589387.4187999999,712448.4269036778
181419.61744999996,281433.1553030529
181419.61744999996,384154.40801501693
649599.56685,836345.9122098451
553776.0839285714,1012458.1063253824
553776.0839285714,871961.1192978825
553776.0839285714,1094373.5212232687
553776.0839285714,818796.1809498124
553776.0839285714,1011454.3092078746
553776.0839285714,726830.6079851558
553776.0839285714,817480.5479026077
322300.0643999999,457889.5109054774
322300.0643999999,458324.09507414384
322300.0643999999,283785.12006925
885762.0183714287,730580.2292191228
885762.0183714287,582009.7344602197
885762.0183714287,792232.6453481498
885762.0183714287,874831.5136497687
885762.0183714287,673935.2731162184
885762.0183714287,810956.858370047
885762.0183714287,812045.4375714799
375718.6392999999,546700.9897231408
375718.6392999999,690266.9856963741
375718.6392999999,691653.7125317449
375718.6392999999,427021.0994370257
321709.25299999997,410238.27924148436
321709.25299999997,673405.5532482585
607431.6688999999,612386.8793914755
610687.2123,654915.9664301649
610687.2123,803830.1774052142
592633.9895599999,950173.2558730784
592633.9895599999,951529.0946285429
592633.9895599999,596574.4988329295
592633.9895599999,954579.5372429711
592633.9895599999,761284.1320636555
432771.09385000006,656625.1714358858
432771.09385000006,407350.44947559555
1296077.809,1152037.432750251
1296077.809,1172906.8876589614
1296077.809,1169584.034800315
1296077.809,1153018.03761939
1296077.809,1046990.7245083154
1296077.809,1008166.4912313402
1296077.809,1046161.9373294045
1296077.809,1177654.3784986597
1296077.809,1092293.8724384478
893035.62785,571233.6956606841
893035.62785,977712.525118597
300759.52517499996,365613.9920094031
300759.52517499996,229892.70221354155
312317.322525,331115.3740809388
312317.322525,245604.29330638
604600.0171399999,768997.6534322873
604600.0171399999,770820.362383125
604600.0171399999,473586.6807020786
604600.0171399999,771022.8477212009
604600.0171399999,587624.668240628
800837.6581199999,565732.3604573709
800837.6581199999,502696.3985589089
800837.6581199999,650352.6289320864
800837.6581199999,728661.0469862269
800837.6581199999,612086.3947054568
457762.48704999994,727550.4112213913
457762.48704999994,765154.7650281545
594639.6165499999,708523.8548238118
594639.6165499999,708913.5100609473
594639.6165499999,415356.6168976525
2728922.5429,1325150.347864917
2728922.5429,1148311.0885722213
2728922.5429,1443264.116787791
381323.88836249994,550856.3924642289
381323.88836249994,696294.7338886883
381323.88836249994,594463.0628032549
381323.88836249994,688985.4706165395
847182.9221000001,684730.2715928139
847182.9221000001,752491.7750807937
2602537.620275,1251011.6564518837
2602537.620275,1145754.3364350153
418975.53185,384005.9252804474
418975.53185,682099.770921362
871578.9484499998,767224.2050852109
871578.9484499998,613401.339672835
871578.9484499998,769183.2987013164
871578.9484499998,613299.1064162077
871578.9484499998,762329.4978878598
871578.9484499998,719792.3566162791
811964.2734642857,1063012.089911981
811964.2734642857,922754.0786160035
811964.2734642857,920718.8974047889
811964.2734642857,1057537.510559867
811964.2734642857,1064499.2581906402
811964.2734642857,766787.9470493686
811964.2734642857,1067337.815141697
449058.979375,706056.4617287203
449058.979375,649724.3809617723
449058.979375,579277.704932874
449058.979375,515453.167894094
449058.979375,598016.6444494621
449058.979375,738094.9134940823
449058.979375,799113.8854280441
510296.9523,487225.4862433977
510296.9523,493163.8440891168
543832.89175,528857.137626839
543832.89175,791798.6133038375
265158.435975,526845.2417359933
265158.435975,355300.73249816
722713.0778000001,958244.2592125561
722713.0778000001,974559.5781879242
803826.61475,668964.3290806703
803826.61475,950072.379620701
564806.94575,659503.1267806609
564806.94575,658195.7718844445
564806.94575,752082.7707078222
617888.61735,624865.7497422264
534409.1464285715,646222.2086182726
534409.1464285715,500850.2625090972
534409.1464285715,699245.3427183839
534409.1464285715,502309.40107656544
534409.1464285715,468057.87791419943
534409.1464285715,598482.6338765738
534409.1464285715,605402.624861662
483709.8016,712462.8952490388
483709.8016,397767.6355485334
483709.8016,421492.5949250746
823759.6458812502,1013627.8794824912
823759.6458812502,1015599.4185850099
823759.6458812502,969432.8600740584
823759.6458812502,1013029.7341147094
823759.6458812502,1087131.029712394
823759.6458812502,887502.7830083856
823759.6458812502,749269.771096484
823759.6458812502,940631.847079468
823759.6458812502,690010.3047946852
823759.6458812502,819534.6373572566
823759.6458812502,817872.4557468274
823759.6458812502,821371.565820637
427606.682875,356806.1833182084
427606.682875,639606.4291715163
427606.682875,298345.64306645544
427606.682875,334942.22983239347
295479.46005,309338.03893121146
295479.46005,304855.5229362365
573842.975625,587568.8634839612
573842.975625,862571.9299486639
573842.975625,728849.2432737949
573842.975625,589504.5058545985
573842.975625,862869.7855385349
573842.975625,802815.0474464049
573842.975625,545375.7786670781
573842.975625,672784.884233515
573842.975625,807491.2085689792
573842.975625,560229.5310017475
369989.107625,296366.82046756
369989.107625,398864.0691876177
550919.8950199999,674443.5022223957
550919.8950199999,753732.3948286673
550919.8950199999,754394.8929608959
550919.8950199999,901239.0917735912
550919.8950199999,853309.9351011855
616738.95282,893903.5623811262
616738.95282,893611.0374018353
616738.95282,549667.0079455697
616738.95282,841507.9471068573
616738.95282,791334.6423605867
585631.8482499999,741454.3735262201
585631.8482499999,587889.0279690832
585631.8482499999,533422.2077200962
587348.3899000001,471053.30898207694
587348.3899000001,520438.62014986685
587348.3899000001,671115.7900010592
245583.2425,355271.76102059573
245583.2425,624911.6329697827
245583.2425,594954.2796966769
371960.05859999993,726965.6774731076
371960.05859999993,573876.1632249982
371960.05859999993,572199.7784955344
221523.01294999995,493523.32699943875
221523.01294999995,497550.1029448253
221523.01294999995,223596.27478824218
900560.6665700001,1049725.2318606004
900560.6665700001,915693.192284305
900560.6665700001,1007161.5348074296
900560.6665700001,1050683.0897419793
900560.6665700001,1049832.0456139306
900560.6665700001,923893.3132870398
900560.6665700001,710937.9906199616
900560.6665700001,972628.1125620522
900560.6665700001,709947.0663295176
900560.6665700001,842372.9995283363
859832.7513999998,912391.2295747531
859832.7513999998,852547.5402561283
859832.7513999998,1055331.807688912
859832.7513999998,758015.1830222947
859832.7513999998,757400.2491310176
859832.7513999998,1051415.7007990628
859832.7513999998,1191448.5674799646
302569.66845,425880.81839625124
302569.66845,549667.1976124619
520464.00619999995,600259.5099656595
520464.00619999995,782192.6884902273
619432.5491749998,694679.7642039562
619432.5491749998,838399.7648647642
619432.5491749998,761154.6493877807
619432.5491749998,767556.1127479792
619432.5491749998,905755.8581649712
619432.5491749998,617874.0184921086
619432.5491749998,578480.2082668706
528542.30085,738357.4817855505
528542.30085,899697.1096009396
785832.81088,841185.8644729794
785832.81088,1112259.2341994438
785832.81088,753797.4234061742
785832.81088,1032217.0483613566
785832.81088,900632.4920467482
785832.81088,895400.9388440546
785832.81088,954122.4619855788
785832.81088,690697.6361920673
785832.81088,826505.5502710962
785832.81088,799102.8142731936
452865.53185,369822.11538148567
452865.53185,638758.8640679342
774060.09035,695167.0494831416
774060.09035,943054.3752764742
670436.7382000001,882227.2565952607
670436.7382000001,729313.1295501018
605807.1295499998,516910.91608198255
605807.1295499998,541990.9979047175
270692.19405,280747.067519099
270692.19405,498268.8725022381
603310.1788999999,801276.9371607814
603310.1788999999,751412.0399011596
603310.1788999999,835339.5739158583
871198.2018999999,904796.9448965981
871198.2018999999,942272.0245880797
670955.0156500001,907715.0105056808
670955.0156500001,620293.4393520178
665197.03,838378.8677179741
665197.03,575027.3411243814
665197.03,652905.8866654555
665197.03,511677.0285256534
665197.03,731874.0971642202
665197.03,744589.3135067209
665197.03,596620.5978175384
665197.03,487402.7665634336
427457.5384,482375.59322090365
427457.5384,623048.2757887017
427457.5384,587064.5392333814
587277.5876,418701.6269660303
587277.5876,707245.8270008891
587277.5876,605121.4442728158
587277.5876,439224.5407268004
358295.0323,360572.94736179535
549843.2818250001,673553.5878877442
549843.2818250001,525635.5741274563
549843.2818250001,635889.658156787
549843.2818250001,504950.57573688455
530483.777109375,509894.98710373684
530483.777109375,707283.6590410353
530483.777109375,836590.8983729829
530483.777109375,574613.3702288726
530483.777109375,478164.9909109811
530483.777109375,477862.15769125207
530483.777109375,477962.7286526086
530483.777109375,513508.42399790906
612948.1634363637,997378.5953341663
612948.1634363637,730198.5121848116
612948.1634363637,997568.8376333811
612948.1634363637,729661.875150999
612948.1634363637,870187.8526320298
612948.1634363637,996134.1088581881
612948.1634363637,728321.950476978
612948.1634363637,685115.9690594445
612948.1634363637,925364.7544624256
612948.1634363637,668988.492131762
612948.1634363637,794762.4315816232
830778.9204999998,850293.0366544406
830778.9204999998,847295.9057699662
830778.9204999998,635301.8087075782
529600.7599000001,457099.0921248121
529600.7599000001,460151.3169081407
529600.7599000001,498885.61036864173
825567.0136250001,715671.5191352072
825567.0136250001,861789.4395325546
825567.0136250001,569556.8329767159
825567.0136250001,911509.1064213146
825567.0136250001,662675.3896916212
825567.0136250001,663457.3437593499
825567.0136250001,801976.678082884
825567.0136250001,659336.5734531166
552232.6562999999,600208.3273698029
552232.6562999999,455520.26184962335
552232.6562999999,457146.854150742
552232.6562999999,610389.8829048593
514799.5988499999,671765.7748285794
514799.5988499999,642187.7045474546
792137.6486099999,603545.8448082164
792137.6486099999,596626.0710545218
792137.6486099999,746470.526051305
792137.6486099999,752310.6195291866
792137.6486099999,620575.809357025
644583.64865,888374.5825622875
644583.64865,927668.291471936
768773.2385307692,990140.2225152248
768773.2385307692,988581.345853989
768773.2385307692,939768.1396327772
768773.2385307692,864863.1993136605
768773.2385307692,868379.6697621366
768773.2385307692,991392.2286092561
768773.2385307692,862170.9647936968
768773.2385307692,687294.185924764
768773.2385307692,676952.7593748494
768773.2385307692,801997.5285137091
768773.2385307692,921342.478769718
768773.2385307692,676586.1012321777
768773.2385307692,934111.9938182777
426494.188075,317767.7211001543
426494.188075,448648.796818105
846810.3326500001,1024885.4714153989
846810.3326500001,991863.0529459647
440769.159075,650097.06386532
440769.159075,526078.9304659987
267923.08732500003,404872.8666052433
267923.08732500003,527531.6419308651
626199.7599000001,612419.1597017661
626199.7599000001,529706.4228085281
626199.7599000001,761477.5086459662
626199.7599000001,553680.463332276
388236.1038,697284.4361044001
388236.1038,707650.1993143851
886645.5789000001,821787.5175760081
886645.5789000001,822480.2605024364
886645.5789000001,601106.897152621
886645.5789000001,903260.1592431666
886645.5789000001,599473.9127178371
886645.5789000001,620435.3884044827
606443.2738,712872.1860344957
606443.2738,425293.8876173871
873012.8268,914501.9900009781
873012.8268,696870.7111311025
873012.8268,836004.1887703836
873012.8268,838506.4726741425
873012.8268,570086.5175009258
873012.8268,712269.8137894536
873012.8268,846091.5356096337
873012.8268,794828.569135709
578127.38745,379540.27148949815
578127.38745,667583.7068751116
720077.90175,621255.8016939011
1434578.7237227273,1195329.4176488155
1434578.7237227273,1195865.0130912664
1434578.7237227273,1198074.196920211
1434578.7237227273,1047153.0092558744
1434578.7237227273,1201412.4946844042
1434578.7237227273,1049810.7129052042
1434578.7237227273,1195971.6911095162
1434578.7237227273,1080815.0193800575
1434578.7237227273,1200518.3578474727
1434578.7237227273,940079.9129797327
1434578.7237227273,1003345.3523933452
277772.17215,271004.3325066284
277772.17215,509876.6707193774
378297.12619999994,316821.6673649329
378297.12619999994,454982.6672485372
378297.12619999994,293777.872722948
410188.05519999994,552753.2325106902
410188.05519999994,554854.4240905726
377091.0764,590175.6574753528
377091.0764,582794.9993250531
211256.4566,310263.27067542524
211256.4566,558997.6445666405
211256.4566,540625.7409922834
667089.4187999999,772159.1981764992
667089.4187999999,840065.3987063519
1244914.0028,930541.6113283545
247772.2487,369927.4825066913
247772.2487,530846.2036019082
247772.2487,482854.97816009505
397676.71895,389306.954995876
397676.71895,430264.39369929285
648369.66845,673561.8595625005
648369.66845,666565.2376172256
648369.66845,666666.9296218486
648369.66845,673561.8595625005
648369.66845,632920.7024028233
978361.46595,893585.0267292829
726249.7105071427,706231.771781222
726249.7105071427,705619.4870684718
726249.7105071427,854627.0663168982
726249.7105071427,941346.2713455138
726249.7105071427,705925.5268752445
726249.7105071427,796968.0912406645
726249.7105071427,1128373.5481095086
382805.00404999993,386023.78825949604
382805.00404999993,718496.7965816982
1055992.8427,1024689.4490590808
1055992.8427,1033921.7463947162
425457.380525,410987.2906290302
425457.380525,581211.8390204357
738685.7435000001,547644.1960028971
738685.7435000001,561496.700324141
508526.09190000006,630287.3651196831
508526.09190000006,553395.6826707914
508526.09190000006,555656.6799967753
508526.09190000006,819223.1520818908
508526.09190000006,590799.9431921103
508526.09190000006,458982.1506894811
508526.09190000006,491349.4343398615
759189.8058,462602.53486811963
759189.8058,647623.9748259375
188939.74925,470000.693201466
188939.74925,322801.95701238327
896160.8559249999,699445.5959399492
896160.8559249999,544472.5157993273
462632.8996999999,393250.2876813319
462632.8996999999,389689.1847572557
462632.8996999999,341597.54032848636
462632.8996999999,680037.6439579845
164552.129,359728.63923999725
164552.129,491210.6397160378
164552.129,332663.5281307584
899492.7909499999,710696.2956668637
899492.7909499999,631294.3194238665
899492.7909499999,635865.1063070499
899492.7909499999,928989.5078746995
899492.7909499999,863938.7588760771
899492.7909499999,723625.4053604595
899492.7909499999,870712.6179675146
579368.5442749999,441687.3735161274
579368.5442749999,550487.3854284113
929013.679295,847624.5423247112
929013.679295,1115817.4074358656
929013.679295,1118216.5277771414
929013.679295,1121149.3248895803
929013.679295,1119948.3520103814
929013.679295,841726.0698863303
929013.679295,1091664.8578660912
929013.679295,842684.417760931
929013.679295,986170.4325968965
929013.679295,1051638.0907396537
587621.6636,573134.8955655786
587621.6636,434664.11725053436
587621.6636,718540.0986055487
587621.6636,534985.4297394116
587621.6636,677489.3230620328
508493.08455,691329.0426159886
508493.08455,448206.60737146134
367257.458425,295217.37635170616
367257.458425,355585.13961210655
440586.2812,701560.2879461868
440586.2812,482622.6494865242
440586.2812,589942.6261374134
577032.811655,678251.3023827184
577032.811655,747810.945001756
577032.811655,746345.2179810087
577032.811655,606925.8240132328
577032.811655,749278.3538012586
577032.811655,563021.5879028148
577032.811655,823215.7693177708
577032.811655,824390.834867556
577032.811655,694781.3598338361
577032.811655,829861.6888300764
2532444.8698,1171590.6581253866
2532444.8698,1156347.165589169
2532444.8698,1362859.6600042558
469236.7027,539793.6989685227
469236.7027,577230.5052830877
469236.7027,550910.2636848486
494696.46984999994,452259.0128134034
494696.46984999994,720950.3573506825
410415.9166749998,466577.5203398781
410415.9166749998,328348.23763145466
637351.8663999999,787399.2563704287
637351.8663999999,743523.2773892933
637351.8663999999,743712.7893829736
637351.8663999999,699932.5113937219
637351.8663999999,701168.9140299947
486536.71735,664067.7935572376
486536.71735,659926.5937701556
486536.71735,356550.31181252946
796603.9365714286,1045765.893034521
796603.9365714286,900779.4754235517
796603.9365714286,1044793.608003627
796603.9365714286,747983.6775646739
796603.9365714286,1123670.0564621978
796603.9365714286,899466.897399659
796603.9365714286,965885.4842316634
554817.0746500001,529023.5608429173
554817.0746500001,907573.2591014586
786460.986,704696.6984634995
786460.986,622717.5291737947
786460.986,554293.1137279596
786460.986,555420.53915839
786460.986,792585.2000040017
786460.986,648405.2269603041
751227.579740909,925939.1046992723
751227.579740909,657325.21422936
751227.579740909,924324.6105115551
751227.579740909,656994.0080454221
751227.579740909,795856.1916817765
751227.579740909,797725.1211049753
751227.579740909,609849.5958982146
751227.579740909,744958.6518642554
751227.579740909,737869.504239814
751227.579740909,861264.816898766
751227.579740909,613195.7572642448
615673.8712625,646684.1451515058
615673.8712625,504157.1496722505
615673.8712625,845273.5854394555
615673.8712625,731837.1120613544
876225.2300214285,1126070.1275428976
876225.2300214285,797305.7553021786
876225.2300214285,1010542.9960600768
876225.2300214285,1043211.6852286173
876225.2300214285,797654.3632434431
876225.2300214285,928539.1736156162
876225.2300214285,1008812.7103362696
876225.2300214285,792405.6651389273
876225.2300214285,857293.0096428016
876225.2300214285,732718.4391794589
876225.2300214285,971574.924905764
876225.2300214285,855967.4919927157
876225.2300214285,855123.5766659493
876225.2300214285,741385.0610889439
256191.7465,334892.04586888856
256191.7465,260084.917884221
552471.5896,625451.2433319096
552471.5896,770158.8207505924
552471.5896,626059.8862312273
552471.5896,562901.4790924846
552471.5896,717985.7768365131
552471.5896,626538.4218749348
456997.96675,576899.4796712676
456997.96675,440944.1540908163
456997.96675,686618.1028227746
456997.96675,525456.0359074979
632536.8317,597287.0310873308
660933.704375,743847.6911922509
660933.704375,678197.4939529344
375151.1406,416991.12360511057
375151.1406,403716.50275804155
732343.6643,777102.332636094
732343.6643,858491.0191387938
732343.6643,915924.7578499042
732343.6643,857658.2802782666
732343.6643,725526.9447218875
527687.4221,674946.7740919275
527687.4221,521611.7618866203
527687.4221,423142.3330006255
801572.4737,577457.7467723112
801572.4737,956439.7708516943
246658.34492499995,389600.05395473895
246658.34492499995,253564.70573765686
501670.68030000007,382007.6611428461
501670.68030000007,671966.416477099
501670.68030000007,492545.1822251517
501670.68030000007,501841.8179901481
413026.719575,394658.62216810894
413026.719575,561921.6841465046
558525.8847249999,644686.8762842359
558525.8847249999,451834.2395281827
558525.8847249999,593136.3855424862
558525.8847249999,426748.73865099007
455013.9188,371836.0355790725
455013.9188,386698.06844641204
455013.9188,582356.5241254488
455013.9188,477010.38460052
280902.63905,428056.95867150865
280902.63905,425416.6409478567
280902.63905,275838.46665160573
458928.7311,523447.00737772847
458928.7311,378870.67491348414
458928.7311,557962.0995001814
192191.72245000003,495906.0035833111
192191.72245000003,339022.6020963382
473198.9801,678608.3386763162
473198.9801,726524.527378701
1279029.454,1060544.274355277
1279029.454,1171823.7511426508
497417.02357499994,675219.7814180024
497417.02357499994,499984.760582292
719432.4440142856,817761.1449371256
719432.4440142856,960606.9005732636
719432.4440142856,902239.3651372113
719432.4440142856,676581.6224325562
719432.4440142856,818699.9278668799
719432.4440142856,672644.0126097201
719432.4440142856,615032.8337657478
952978.0656000002,1034882.5398660707
952978.0656000002,1065454.898898136
952978.0656000002,1067709.4013687319
952978.0656000002,948997.3065038259
952978.0656000002,1067515.5443818981
952978.0656000002,943416.3642226065
952978.0656000002,1066146.8593686004
952978.0656000002,990655.6040129906
952978.0656000002,988943.7415108604
952978.0656000002,988786.1362069129
952978.0656000002,897039.0571212588
952978.0656000002,985573.7708549894
716362.55565,809739.5639799722
716362.55565,589217.5088236383
857398.0362999999,835519.3424918985
857398.0362999999,686380.001484217
573020.2881499999,744199.2757193499
573020.2881499999,466930.1799986421
666287.1517749999,572385.7601025654
666287.1517749999,573660.3540132386
666287.1517749999,853189.1869762253
666287.1517749999,469372.079862605
744577.3742499999,791497.8289541232
744577.3742499999,639882.7408190122
744577.3742499999,560955.8305601885
627975.1951,733703.3946217981
627975.1951,496047.37027489167
260639.57745,332190.8776796586
260639.57745,615902.990381738
308015.82649999997,246878.2320929208
308015.82649999997,252876.22920393263
308015.82649999997,454497.83435701707
666723.527334375,1018040.9496431218
666723.527334375,1016512.966327181
666723.527334375,791501.3459163437
666723.527334375,905406.302912417
666723.527334375,909986.5295936457
666723.527334375,789697.6270677411
666723.527334375,910458.7820239803
666723.527334375,1092919.081282124
666723.527334375,733558.2180235204
666723.527334375,949210.106568825
666723.527334375,733711.2880584208
666723.527334375,843385.1102464949
666723.527334375,754596.3210698995
666723.527334375,947019.1768794163
666723.527334375,948574.1690855992
666723.527334375,1018769.6715543843
397951.61655,463318.1760668168
397951.61655,313214.2847019333
397951.61655,273153.6969508812
349522.80994999997,411464.7231722747
349522.80994999997,278622.0870736038
349522.80994999997,226310.23423270672
447783.74805,370270.66399711097
447783.74805,501321.28991387965
447783.74805,668657.393969286
292883.4597,301768.5895741001
292883.4597,570396.9952099393
292883.4597,292170.5444116387
590292.81465,741631.2908762111
590292.81465,886112.9059581324
590292.81465,950937.1825966804
590292.81465,597368.0850748923
590292.81465,596765.6341840983
590292.81465,691249.3046338459
407831.0528,332266.29086952924
407831.0528,463210.0211049605
407831.0528,627517.0056845337
287824.87889999995,606933.9418750957
287824.87889999995,587130.5523751169
287824.87889999995,419314.14385112876
465469.52754,618928.1998150472
465469.52754,613713.6476569985
465469.52754,611949.1489043231
465469.52754,615780.8535295968
465469.52754,757698.4616470288
318456.13665,284260.02942858025
318456.13665,543111.5165345895
951691.736771154,941121.1709488276
951691.736771154,1148460.8723721972
951691.736771154,809942.4135778856
951691.736771154,1147323.2577236176
951691.736771154,813555.5332245448
951691.736771154,903576.550465632
951691.736771154,806925.7232860485
951691.736771154,1031622.8708795868
951691.736771154,985492.4788530145
951691.736771154,894638.7968575219
951691.736771154,870969.8229252921
951691.736771154,747218.971397269
951691.736771154,1088306.805636097
595611.5211499999,563753.1250977924
595611.5211499999,742081.6288892054
595611.5211499999,522345.61818914174
595611.5211499999,384725.011077501
580384.038225,405429.2307620338
580384.038225,558328.2299782627
421686.6155999999,451761.66811324516
421686.6155999999,719097.6324294041
421686.6155999999,668084.2655414584
305234.20135,583492.3303950706
305234.20135,582323.0439770147
305234.20135,533865.2435512592
334730.3647,411660.192562854
334730.3647,398754.3144266435
334730.3647,258303.55250660185
256805.594,600580.9327434194
256805.594,333545.14473797445
488211.38154999993,593357.1516523275
488211.38154999993,331525.21592145297
676455.6372,928312.2536121474
676455.6372,730090.4134659445
463858.0877875,675647.355562635
463858.0877875,523372.1650727557
463858.0877875,384928.18168859184
463858.0877875,653077.0388906763
462943.298925,650971.3568733988
462943.298925,503904.7008497851
462943.298925,574566.2894267458
462943.298925,485716.01892819453
563087.5234499999,716498.5815184895
563087.5234499999,714863.7817112786
563087.5234499999,715440.2487310208
563087.5234499999,715536.3828913749
563087.5234499999,716883.8846584545
563087.5234499999,711322.7519641052
563087.5234499999,833618.7239506411
437467.83235,348021.658775335
437467.83235,635725.2631966611
437467.83235,323264.7000421159
341131.84355,361855.9917019817
636998.0056999999,416274.91855081613
636998.0056999999,447007.7508545002
569061.65532,617725.9402660275
569061.65532,763899.5145599102
569061.65532,767452.5806677062
569061.65532,718052.1386439606
569061.65532,629571.8353537205
231410.1482,367247.80668434995
231410.1482,347679.99622253166
679453.6876749999,681049.3539689301
679453.6876749999,833853.644981064
679453.6876749999,681967.7765070526
679453.6876749999,628076.6088802054
679453.6876749999,486382.4060698694
679453.6876749999,769205.8965831127
543775.68705,725166.1866201906
543775.68705,543168.145156913
543775.68705,752451.0116896481
463787.417375,652170.9366374499
463787.417375,905059.3378256604
874248.1211142858,572158.5687128726
874248.1211142858,511219.9409570574
874248.1211142858,510676.74259629066
874248.1211142858,709155.2398236339
874248.1211142858,463101.2347476042
874248.1211142858,472314.59391695424
874248.1211142858,741867.13337295
173810.3102,388195.5072810862
173810.3102,226055.95797435526
173810.3102,382207.46492838993
378143.3201,581375.2833923686
378143.3201,448620.7445346997
378143.3201,372795.8690798735
535670.07175,658049.6145913999
535670.07175,886244.3418915601
948698.9032357144,837744.7495948062
948698.9032357144,841549.8447570918
948698.9032357144,550100.9819213524
948698.9032357144,623461.9092716819
948698.9032357144,640151.134908537
948698.9032357144,511715.89765343093
948698.9032357144,511349.26208068745
711776.1522,676122.1835497462
711776.1522,948283.1344867249
779838.7367749999,1016566.4735693459
779838.7367749999,1013572.228503607
779838.7367749999,873774.9794658242
779838.7367749999,869352.9457570766
779838.7367749999,866956.5159226555
779838.7367749999,717258.7171239216
779838.7367749999,722763.5122189213
779838.7367749999,950661.212231905
581272.7925999999,1071855.7362407108
581272.7925999999,940046.1004593356
581272.7925999999,711146.3369789332
581272.7925999999,856855.4360788224
581272.7925999999,706879.5047800936
581272.7925999999,941055.5603282161
581272.7925999999,790200.0265285082
674210.8036000001,914623.6074588721
674210.8036000001,987856.9856515373
318328.64358750003,321444.51132790867
318328.64358750003,321386.32665255293
318328.64358750003,450578.57804131374
318328.64358750003,601913.9193850289
333939.3664,558054.015366485
333939.3664,291319.54559987225
438416.02416,594292.7635928766
438416.02416,643993.3829577483
438416.02416,512745.13992500433
438416.02416,738306.549487901
438416.02416,766032.1834549851
924805.87575,821492.5466849853
924805.87575,823137.49480295
924805.87575,671313.706104747
924805.87575,673549.2663476393
924805.87575,752276.7592384191
924805.87575,917964.0313664336
490708.65974999993,615106.8308582875
490708.65974999993,349573.22553317173
713569.33515,565694.3613500312
713569.33515,712479.6925437548
471731.3433,587728.88010558
471731.3433,433796.74504442874
620359.9561000001,579108.9411568327
620359.9561000001,733606.0122426052
298820.56192500005,408481.1446821846
298820.56192500005,267468.8400488103
259229.88909999997,318056.9134825974
259229.88909999997,579168.330723233
402397.978925,568282.7858385254
402397.978925,407137.4024160876
497071.3729000001,502679.7137517099
497071.3729000001,626007.8587436153
569390.4577,656691.1707241016
569390.4577,522478.6305888222
463813.9644,609404.4943317325
463813.9644,630606.6496369061
463014.2051999999,657682.2311201354
463014.2051999999,657210.7322729562
463014.2051999999,644852.0726225723
560024.1651399999,650685.1118261373
560024.1651399999,568595.3489505916
560024.1651399999,503076.7123380125
560024.1651399999,707582.8492702234
560024.1651399999,598429.4302919457
941910.681875,986039.3051007362
941910.681875,983309.6784021171
941910.681875,837013.6223695346
941910.681875,982139.6470035671
941910.681875,1087650.6362545777
941910.681875,943008.3884010257
941910.681875,1120401.6048545428
941910.681875,1040163.8043307879
562098.4938,687343.6701642312
562098.4938,425018.1158379443
688925.4095499999,783384.0494152884
688925.4095499999,630938.2885204409
688925.4095499999,930431.6890500893
688925.4095499999,624322.5861167322
688925.4095499999,871697.5600412197
405091.36464999994,597406.8257895572
405091.36464999994,451824.88572918123
405091.36464999994,292852.6181801426
739674.1111,565687.8401690637
739674.1111,436719.82291681156
658228.68461,590094.1721861799
658228.68461,734470.4881604348
658228.68461,741684.0385737806
658228.68461,416899.12308865605
658228.68461,691191.936715758
329320.7154,374848.9690690896
329320.7154,503292.5768366952
329320.7154,341261.5799195585
612988.4088,674260.5950153897
612988.4088,680269.8904657098
233056.983475,409261.73802857345
233056.983475,278697.19950692303
701344.693725,845788.5834405479
701344.693725,805409.305597272
701344.693725,708208.6523180363
701344.693725,606619.0482961874
701344.693725,734431.9643949643
701344.693725,662918.1265894427
400697.69875,641160.3800034282
400697.69875,640712.7896295338
400697.69875,331726.93546265754
487572.47522499994,547622.481494123
487572.47522499994,747388.3974381903
517838.52737499995,761363.9147089466
533993.5923,674467.4578302834
533993.5923,387701.06364588026
533993.5923,674278.6442336846
533993.5923,636767.1872491081
533993.5923,364552.5814612062
533993.5923,374202.0907520927
509743.9208625,552990.7255791962
509743.9208625,696385.9858914821
509743.9208625,695442.8632904484
509743.9208625,436131.72553994425
908971.5107,874317.426624197
908971.5107,933915.1592293545
611468.9774999999,474696.5596504457
611468.9774999999,707790.4920008603
611468.9774999999,710949.0770062756
611468.9774999999,396671.51633658813
481684.51739375,830494.201892935
481684.51739375,756697.3952249206
481684.51739375,827255.7088935387
481684.51739375,559819.7032299408
481684.51739375,830494.201892935
481684.51739375,523624.40375831083
481684.51739375,644877.1428603834
481684.51739375,772225.2977854309
648003.12138,1006363.1759121144
648003.12138,740604.8099283084
648003.12138,805326.7617316712
648003.12138,808082.2137554098
648003.12138,804508.5428449705
648003.12138,876121.7912781109
648003.12138,745847.8397493146
648003.12138,749484.379379403
648003.12138,875965.0788311792
648003.12138,755619.960574767
560331.2169,463415.4438928529
560331.2169,457965.76718864567
560331.2169,463910.0294289954
560331.2169,461585.21326845395
759658.0315071429,692164.05941235
759658.0315071429,837259.8752572798
759658.0315071429,838330.8335888071
759658.0315071429,545359.4225653296
759658.0315071429,782916.1217054189
759658.0315071429,642548.7809787121
759658.0315071429,648592.1452349272
613616.0349,936849.1243888504
874538.0754,955550.8089679246
521339.75007499993,862343.558089186
521339.75007499993,1030164.703781873
750368.197325,783027.3157693299
750368.197325,928630.3401717287
750368.197325,696578.3532972354
750368.197325,925308.3570543223
750368.197325,695383.1055014153
750368.197325,930436.6903785274
750368.197325,846099.7758530092
750368.197325,902514.9837852997
274820.0301,642593.3146069059
274820.0301,631738.6553963921
274820.0301,389526.034958704
879066.8138499999,773961.5640181334
531860.1816125,981224.639006319
531860.1816125,851819.9790270327
531860.1816125,717244.6533084105
531860.1816125,930392.8596647569
531860.1816125,713953.7612491015
531860.1816125,717766.4669338537
531860.1816125,713867.5074112299
531860.1816125,787532.7101646216
531860.1816125,801311.7685527715
531860.1816125,910299.2138854751
531860.1816125,909504.0495842732
531860.1816125,666718.6460711785
695339.3739727272,816576.2291170912
695339.3739727272,679759.2515427961
695339.3739727272,954137.8915879141
695339.3739727272,676902.2754597489
695339.3739727272,814524.8598434796
695339.3739727272,954617.6194675996
695339.3739727272,625316.8934434659
695339.3739727272,884325.6201015052
695339.3739727272,754940.1707091845
695339.3739727272,755835.8350890153
695339.3739727272,623362.173785096
564697.7058499999,516771.77325237915
564697.7058499999,680410.2791448947
690293.1893,605400.5430013755
690293.1893,453114.6692554688
317929.505725,287949.9519959242
317929.505725,379812.39100882714
631691.9356,995149.1671403819
631691.9356,979122.7816243123
344993.053,305825.6287711438
344993.053,289454.73151868477
947430.14995,823615.0735368242
553793.93875,854468.5352926026
553793.93875,857891.3362219149
553793.93875,578656.3326191654
553793.93875,784994.9001219375
553793.93875,720490.5739111849
553793.93875,544787.720496863
599936.29144,788083.8645768429
599936.29144,742181.0059129718
599936.29144,464727.8552409245
599936.29144,745798.7485162779
599936.29144,618987.7646540466
809360.0650999999,591516.5716848392
809360.0650999999,894298.9807316526
809360.0650999999,591207.8880583339
809360.0650999999,595580.1941392957
809360.0650999999,683814.2629939772
388899.0021874999,708459.8833230059
388899.0021874999,562930.4179487983
388899.0021874999,566753.46788289
388899.0021874999,557564.6097230111
471270.13716250006,641076.6091752534
471270.13716250006,642381.1029320387
471270.13716250006,466704.63334042416
471270.13716250006,314428.8736769131
506214.114975,913314.5420081788
506214.114975,770968.3264334181
541205.21935,498128.1593256714
541205.21935,561053.1969566827
541205.21935,786305.8707103616
541205.21935,495369.19417590805
541205.21935,724997.6910697779
631979.5654,894395.5554135072
631979.5654,1084286.0983316526
2231109.71615,1134281.333242897
2231109.71615,1342968.1505872903
1197917.8908500003,852464.5773435137
1197917.8908500003,988532.5238178105
244329.9695,316826.29670451046
244329.9695,588019.0707800507
615884.8867500001,595407.7610287218
615884.8867500001,745887.8443943112
1180028.6495727273,1118531.1794732923
1180028.6495727273,1037937.8890583357
1180028.6495727273,908775.7253689205
1180028.6495727273,1035818.700238204
1180028.6495727273,1036491.4321761628
1180028.6495727273,902078.4217601654
1180028.6495727273,698383.3275853052
1180028.6495727273,696537.960644461
1180028.6495727273,697813.9893479637
1180028.6495727273,697245.9992889778
1180028.6495727273,977034.1373106572
380136.9554499999,442372.9154843067
380136.9554499999,442372.9154843067
380136.9554499999,595184.470367427
620350.8755249999,655364.8447870694
620350.8755249999,789471.1833283149
620350.8755249999,470806.57653456315
620350.8755249999,701856.2427626232
620350.8755249999,702434.6266408829
620350.8755249999,501330.3674049218
454382.097425,556258.6029025111
454382.097425,695323.3608389839
539843.72906,852227.6586824021
539843.72906,1062984.712450438
539843.72906,985178.1597776796
539843.72906,715498.8345482419
539843.72906,856828.2989499418
539843.72906,711226.0125352931
539843.72906,655249.8558152176
539843.72906,655902.5655598136
539843.72906,787208.5868305756
539843.72906,973393.551825918
803857.4442000001,553902.149491514
803857.4442000001,835595.5151934132
535663.05004,860321.3503794351
535663.05004,915983.9845470517
535663.05004,715293.0557982888
535663.05004,713717.1886006435
535663.05004,665426.3984097043
647058.7540500001,698451.8847810993
647058.7540500001,626480.8560119661
340548.0663499999,465417.15272988484
340548.0663499999,481578.16658116016
341360.33304999996,516103.45117505395
341360.33304999996,516855.50388367556
152891.5982,501755.4754828807
152891.5982,488912.2781150639
152891.5982,462323.3613724534
583067.09855,484979.6626595718
583067.09855,786174.3779614546
583067.09855,784831.9437220546
583067.09855,457512.2266723675
341769.99809999997,549017.8564533736
341769.99809999997,724851.7486195227
451678.26375,663672.0682954113
451678.26375,560224.8085436869
451678.26375,519193.6280750565
451678.26375,392265.9979915824
739885.75795,504209.5714845436
739885.75795,504031.31131084275
739885.75795,765216.770830308
577452.59225,485101.40418052895
577452.59225,714322.4189169421
617245.2307357142,799585.1117971526
617245.2307357142,841318.3711099562
617245.2307357142,711001.2511979933
617245.2307357142,843804.3585271485
617245.2307357142,744584.2488930391
617245.2307357142,474724.35942852776
617245.2307357142,605493.2487486495
321610.83650000003,291846.05110554706
321610.83650000003,298887.5788867473
455073.64605,339311.43873294455
455073.64605,629203.1739529758
297124.90115,307986.8654461338
577715.3513499999,810786.3149461949
577715.3513499999,476326.03296624706
577715.3513499999,474321.49338130344
577715.3513499999,770582.4055907556
577715.3513499999,573000.4583070576
848235.6801000001,957256.7595263239
848235.6801000001,958719.0928768048
848235.6801000001,959836.7603685494
848235.6801000001,752764.2442158244
848235.6801000001,962492.9409261418
848235.6801000001,757377.4902448956
848235.6801000001,890721.1356495963
848235.6801000001,757218.2477756343
848235.6801000001,757775.6057140017
295741.18305,513382.1071328997
295741.18305,316138.40775378305
666746.9447500001,614511.0208050896
666746.9447500001,1003242.2299768374
1241574.529425,955844.3337773986
1241574.529425,956259.6237682392
342292.1772,576910.9126798445
342292.1772,576990.1677690321
342292.1772,278133.77731175115
245927.474225,386455.5046892489
245927.474225,499560.49036408507
442684.6801,594637.6741058493
442684.6801,449531.89447543933
442684.6801,592199.4696110947
442684.6801,688787.5910472913
442684.6801,552729.8453449954
442684.6801,451737.18719640584
516797.421575,565511.4934578333
516797.421575,429011.29632233444
626787.6497000001,492668.86636147066
626787.6497000001,698900.8479902499
626787.6497000001,837086.6651869986
626787.6497000001,454442.38515567017
529066.09665,712399.2436803562
529066.09665,534361.2121578555
529066.09665,362705.11790413945
483444.94729999994,476298.4249349923
483444.94729999994,479590.4361866509
309198.00085625,541689.737039457
309198.00085625,711427.7951324831
309198.00085625,537107.2755143581
309198.00085625,506242.94540063466
274307.57115,289617.70484683017
274307.57115,539008.2187203739
274307.57115,391068.02902235585
1432378.4990666667,850123.0652088384
1432378.4990666667,999612.426673569
1432378.4990666667,1133155.5962494756
1432378.4990666667,851054.1310756417
1432378.4990666667,843437.6083343687
1432378.4990666667,995963.6821513197
1432378.4990666667,1001134.1144929721
1432378.4990666667,1132705.6897571962
1432378.4990666667,1007746.271921186
609526.6992749999,928549.5338228752
866035.9606000001,788239.5906186721
866035.9606000001,644651.0470096993
866035.9606000001,511059.4763532899
866035.9606000001,510431.7841782323
866035.9606000001,602890.0929704515
866035.9606000001,726062.1004950141
866035.9606000001,603362.6404841954
866035.9606000001,654787.8051872303
560596.6852,657871.0285742371
560596.6852,640039.3413728157
560596.6852,387567.0292912863
414897.3415499999,476543.80562794127
414897.3415499999,726272.3404317902
753335.4367857144,691981.0478886515
753335.4367857144,687252.310323258
753335.4367857144,925174.8264695164
753335.4367857144,1062349.4436820648
753335.4367857144,694783.5771486855
753335.4367857144,986067.1011201525
753335.4367857144,887775.0748905926
658254.3491,920218.0009730149
658254.3491,1043937.5691895655
582998.69005,534070.8507471349
582998.69005,472987.2707803158
582998.69005,766573.2325684495
582998.69005,438661.18187470455
582998.69005,438715.8585724491
582998.69005,440917.2056443624
418547.99875,560753.0559071384
418547.99875,292500.12354630255
236596.240425,370077.6375178926
236596.240425,459368.0888875701
1011179.53455,941010.5923457325
434507.1746,425430.69353112153
434507.1746,434306.57294375217
342322.7378,573844.4161134181
342322.7378,552270.7451586332
342322.7378,275194.01536073873
467846.924,707074.7526593212
467846.924,700485.8013753007
467846.924,356770.7121511256
467846.924,376163.74036271917
578561.7622000001,574178.990918649
578561.7622000001,979350.2639284729
464214.3111,400084.7762866262
464214.3111,678381.5206958146
464214.3111,669735.5795164478
464214.3111,325089.44679201825
464214.3111,509401.59329991194
509964.8283499999,561696.8549978058
509964.8283499999,554442.2966794261
491890.31805,596038.9508915225
491890.31805,723386.0598661477
491890.31805,814835.4268418874
491675.415375,769413.8814554584
491675.415375,547247.5791061372
491675.415375,768766.3839514728
491675.415375,550195.4765895285
491675.415375,455390.51303549635
491675.415375,585804.9705738033
491675.415375,485972.6923151967
634865.1122000001,667413.5243928988
634865.1122000001,674175.1953675025
376154.9583499999,489555.9081743989
376154.9583499999,370447.1885979071
700141.84005,655939.1236984229
700141.84005,740706.6905911224
700141.84005,1064488.9835164838
927221.5263,675121.2090664618
927221.5263,958488.2386429482
927221.5263,1091089.2826145254
575204.0005999999,438503.6793324214
575204.0005999999,480688.86151997774
807618.1453,834862.6268748639
807618.1453,962357.3504718936
197320.85625,297398.53144885076
197320.85625,557627.3840496703
300717.95680000004,519076.1286570091
300717.95680000004,554894.4823147301
384321.09705,587925.9909564661
384321.09705,300313.7931223393
384321.09705,550238.9739908744
340256.6859999999,440956.86844007316
340256.6859999999,492203.69475861033
340256.6859999999,718140.7713600857
340256.6859999999,672819.5812746678
771259.3327928571,802825.2782247541
771259.3327928571,1007179.1134112712
771259.3327928571,859286.7800463715
771259.3327928571,1079886.7138180323
771259.3327928571,1001093.0706748602
771259.3327928571,1004884.0920040236
771259.3327928571,1044611.6142294148
599442.107,832272.0932132793
615289.3770999999,575031.5014225631
615289.3770999999,563947.6868848738
615289.3770999999,468640.2277201788
764375.1905625,829729.9677970911
764375.1905625,823918.0603928147
764375.1905625,826985.0881717674
764375.1905625,825351.4355572626
764375.1905625,829527.188607899
764375.1905625,761886.1253346321
764375.1905625,896935.5950529807
764375.1905625,840064.1098555359
828174.569175,702133.0466355821
828174.569175,987972.2253036716
521550.38895,534881.7657676069
521550.38895,538424.0849946481
521550.38895,670405.9914496671
435659.71014999994,301728.86628207745
435659.71014999994,602668.9695655935
516732.7357375001,656186.1771811779
516732.7357375001,367610.15923368937
516732.7357375001,578483.4335894361
516732.7357375001,491355.38322746346
816100.6540999999,755494.2343212962
816100.6540999999,904710.5335105938
816100.6540999999,848075.2802597609
816100.6540999999,758331.168862085
816100.6540999999,990976.9345729386
816100.6540999999,759505.9474140696
816100.6540999999,902016.083628166
816100.6540999999,959176.0219181912
816100.6540999999,830287.392245487
816100.6540999999,960342.213234449
297878.15914999996,401459.04972363036
297878.15914999996,401703.9096293696
796302.4254075,749386.4744423861
796302.4254075,1111354.539975803
796302.4254075,749774.9791353334
796302.4254075,753860.7208745334
796302.4254075,895964.5096354089
796302.4254075,1110762.977189978
796302.4254075,705625.7137490336
796302.4254075,689920.5410403368
796302.4254075,956222.5406898241
796302.4254075,695999.8903680638
231010.63169999997,239112.78268087213
607361.1395,442900.1779205688
607361.1395,820012.6056724148
514647.231225,632476.5993603084
514647.231225,511593.10917848645
1217916.093975,1050155.9070013675
1217916.093975,910105.4586265963
1217916.093975,1133429.3645835612
1217916.093975,1048070.5088682638
1217916.093975,906689.0727448149
1217916.093975,692999.0598276245
1217916.093975,971845.2923630171
1217916.093975,1193667.2095293687
298614.29144999996,532919.9594786894
298614.29144999996,358341.7611584949
357084.71945,618452.5858940155
357084.71945,472119.80457424035
357084.71945,439564.8026521754
972885.28255,964394.4520108491
972885.28255,758087.422200324
972885.28255,966419.3607033449
972885.28255,825342.3538014457
972885.28255,682904.4768511562
972885.28255,897488.3567823963
972885.28255,762020.0942432665
972885.28255,895632.491688167
972885.28255,903348.3863107804
607330.1453333333,1008081.5466579546
607330.1453333333,1044180.4586622134
607330.1453333333,1043585.5915794562
607330.1453333333,1044575.1063448527
607330.1453333333,1132763.0033402806
607330.1453333333,1048056.4443244011
607330.1453333333,769847.7627559772
607330.1453333333,918243.657104216
607330.1453333333,961948.6951464186
378495.11165,339272.28683500335
378495.11165,486619.61805870413
792873.1702000002,593294.033278984
792873.1702000002,891367.2941622103
539705.65345,356554.9021643702
539705.65345,635967.0108269085
638996.644,694061.4433440014
240059.25342499997,380604.2146530164
240059.25342499997,242046.07184385415
814710.6974000001,993899.4695152473
814710.6974000001,1000237.6883382499
783959.6409,777270.8284459009
783959.6409,890103.1769442895
466285.19822499994,531834.1006644631
466285.19822499994,412647.7757018554
874196.3674400001,870034.5164736669
874196.3674400001,819481.084875247
874196.3674400001,814221.8594782549
874196.3674400001,671771.5219886994
874196.3674400001,539057.923295239
181065.068425,256032.4556149132
181065.068425,359359.765148535
614026.5994,382208.2925003242
614026.5994,654650.421405533
618674.37458,423802.72497141385
618674.37458,712666.7383075887
618674.37458,567195.2707716285
618674.37458,394848.0227660156
618674.37458,567737.6494888064
360675.5913125,429572.838611808
360675.5913125,297746.2902572903
360675.5913125,290051.73418408603
360675.5913125,536256.0364368616
518244.6981,666928.6602262799
518244.6981,710503.8236777739
956545.687525,823211.1227591299
956545.687525,674932.5238770939
625641.71115,616225.8579353361
249439.01725,324710.47549229534
249439.01725,319396.48401968717
426393.7307500001,462919.4982628476
426393.7307500001,326869.5815930667
426393.7307500001,591360.2036715674
426393.7307500001,442022.2217862807
372801.26105,271730.99484070216
372801.26105,277194.0341443205
372801.26105,269332.481261994
1205903.1361999998,791756.4787894964
1205903.1361999998,890188.2320986639
1205903.1361999998,942219.4884759155
1205903.1361999998,1082531.6272431102
1205903.1361999998,795277.3906929565
1205903.1361999998,1081599.247611379
1205903.1361999998,940844.4633546475
1205903.1361999998,1236311.1013065719
462458.4185,457880.8413730031
462458.4185,465820.0927192719
601394.8036499999,570715.704100712
601394.8036499999,638726.0010136481
794024.77665,711379.5388184297
794024.77665,934903.9075801589
625679.1754,579683.2234255042
625679.1754,935898.5301265233
411484.2304125,447041.1691455323
411484.2304125,592042.9368955474
411484.2304125,257262.1819446782
411484.2304125,553512.9266913331
830554.05435,1054056.5887637208
830554.05435,764307.9941444461
830554.05435,1059142.5419659354
830554.05435,1140654.0341762712
830554.05435,764208.0070451447
830554.05435,1142010.3720443104
830554.05435,771409.215175564
830554.05435,701332.3203875375
648022.2702500001,533342.3178573123
648022.2702500001,799126.3819425256
648022.2702500001,614127.0692203273
648022.2702500001,708908.6378577934
648022.2702500001,440699.61650170555
648022.2702500001,612153.1141979117
224962.9587,505804.1974760136
224962.9587,484078.8185094105
267872.617325,532202.8039526762
267872.617325,376614.99341071915
676611.88225,756904.0974960268
676611.88225,758833.5375208205
743453.1224636364,680041.3634671946
743453.1224636364,952374.2477478492
743453.1224636364,950701.7390148576
743453.1224636364,682695.3133434978
743453.1224636364,822585.1842382705
743453.1224636364,820849.486117437
743453.1224636364,758467.5335104692
743453.1224636364,758193.2494917875
743453.1224636364,628568.8547456746
743453.1224636364,885069.3888115275
743453.1224636364,885516.5470844202
590669.4511374999,434595.25611810084
590669.4511374999,721298.3463769988
590669.4511374999,431467.87776200305
590669.4511374999,580395.8412321885
845217.6321076924,761688.9750701555
845217.6321076924,888546.9566921808
845217.6321076924,761146.7248090757
845217.6321076924,1018035.8128241998
845217.6321076924,972604.9584723271
845217.6321076924,1019281.6928806164
845217.6321076924,972873.734221718
845217.6321076924,715654.1516294304
845217.6321076924,825816.9561265883
845217.6321076924,700071.1735793429
845217.6321076924,824252.9528773701
845217.6321076924,826312.0176206294
845217.6321076924,1138624.8500031084
765482.9371249999,738209.9788475649
765482.9371249999,599746.8543477051
264427.84205,335213.53025111987
264427.84205,599955.3256175449
345143.62072500004,574256.8989151549
345143.62072500004,433917.798516877
345143.62072500004,571773.8896486724
345143.62072500004,534880.089250576
621240.259,548871.3312862891
621240.259,895507.4010546703
251288.86940000005,416037.0602155498
251288.86940000005,400547.5077396457
384185.6214,411715.78265578195
384185.6214,696930.0107777616
384185.6214,690094.1771668977
384185.6214,517515.9333449409
384185.6214,629234.625030236
384185.6214,541347.166820243
308857.63,729012.5756343049
308857.63,599767.5008714319
308857.63,697840.1602665054
308857.63,523974.0491219968
308857.63,634955.7712903662
630953.3285899999,769497.1080570035
630953.3285899999,983794.1117404109
630953.3285899999,913105.4788199007
630953.3285899999,844851.3374359754
630953.3285899999,914045.4823599486
675095.2493250001,739488.9961296826
675095.2493250001,832103.7804538271
675095.2493250001,678748.2046962074
675095.2493250001,487239.1216225086
675095.2493250001,630069.701544067
675095.2493250001,848510.4000862194
741714.53925,553960.8734935524
741714.53925,847379.4373401639
376802.0973,308250.1146320916
376802.0973,422095.36177477
376802.0973,288464.4980021371
252525.52545,384792.80530449806
581902.92965,433036.8869059294
581902.92965,776353.5522406176
479849.4981,474995.67435573036
479849.4981,763449.7164521515
479849.4981,614871.5503022239
479849.4981,620219.7955216999
479849.4981,725188.3386091287
421803.35875,735804.4971818266
421803.35875,655360.2190588415
524542.41785,492669.2577928647
631771.1809500001,447440.2597075751
631771.1809500001,586935.9391020379
288388.58499999996,368079.32546012144
288388.58499999996,508406.47883319843
253532.337425,260883.57619625237
253532.337425,361262.2620526349
708864.4689500001,575921.1129931819
708864.4689500001,855271.4146809556
379828.508275,434976.1988546517
379828.508275,738077.1642876834
379828.508275,544523.0529457639
379828.508275,691813.2482428125
191996.2373,227199.06985653145
745467.1042999999,827855.33030263
745467.1042999999,1042482.925149188
745467.1042999999,967485.3179392407
745467.1042999999,970825.4631115684
745467.1042999999,827088.8042669852
745467.1042999999,885903.9675949523
350075.8158,273468.554107465
350075.8158,533866.6674336267
391264.8148750001,542589.5986676962
391264.8148750001,440618.9152184661
2409557.1001500003,1229312.8455320878
2409557.1001500003,1035688.4073209923
431779.1336,689738.146497888
431779.1336,700453.4182535673
564148.120275,474385.6851267699
564148.120275,672641.0348458817
413200.2765499999,510451.1047126585
135080.0198,416756.49190718646
135080.0198,457040.7657681654
429783.80595,339789.2751228754
429783.80595,480028.7237000755
708134.2020312501,719339.9522371577
708134.2020312501,641019.8498122903
708134.2020312501,635070.497908871
708134.2020312501,787786.4067304728
708134.2020312501,780946.8552651029
708134.2020312501,587611.629109785
708134.2020312501,858745.5490447764
708134.2020312501,859255.4911830153
257349.5871,394730.38879002124
257349.5871,514926.5018308853
393082.98225,313561.44955750246
393082.98225,314106.93167522957
393082.98225,565253.8027241544
393082.98225,419548.8596930829
707569.1665500001,1058113.132496849
707569.1665500001,984983.3950206523
707569.1665500001,687735.6926250688
707569.1665500001,838065.4025262612
707569.1665500001,838398.2453777835
707569.1665500001,771633.9799476356
556547.21535,895533.9689749244
556547.21535,1015739.5993538729
610800.51873,913568.5274616027
610800.51873,908630.7455345225
610800.51873,913568.5274616027
610800.51873,911832.8425931529
610800.51873,774526.9837587137
610800.51873,579947.9535841404
610800.51873,714557.1801834519
610800.51873,847270.0444566082
610800.51873,714340.9102475558
610800.51873,705961.3923517565
223361.48355,307560.6838421466
223361.48355,202026.7502365464
868185.6703,660531.3366583453
868185.6703,783174.6460425784
323147.65209999995,293728.8353485165
323147.65209999995,554183.2810598592
493606.3867464286,540434.4272669426
493606.3867464286,673658.8835565315
493606.3867464286,738347.3468067275
493606.3867464286,538929.9540187807
493606.3867464286,494857.3567007169
493606.3867464286,623579.7967707978
493606.3867464286,514748.0624779918
300977.5935,542434.0661750977
300977.5935,536217.5473494662
300977.5935,268736.60524963844
557691.74825,829895.3458195403
557691.74825,766318.3508132481
575686.5657374999,619711.0176678983
575686.5657374999,615103.7300533066
575686.5657374999,469813.26029439934
575686.5657374999,580023.9657013839
198682.66730000003,444145.40224834013
198682.66730000003,333740.7123612586
351423.0120875,615674.7479875066
351423.0120875,463608.1880706535
351423.0120875,318594.22328312806
351423.0120875,310682.06371951615
354805.5037,320255.10357743
376281.0125499999,592934.4694025019
376281.0125499999,594246.1256224376
376281.0125499999,426256.1732384997
535363.9301499999,541722.9560371782
535363.9301499999,403796.54295231594
535363.9301499999,387472.4266610441
359401.01850000006,609329.8103600506
359401.01850000006,309733.1993669227
359401.01850000006,430695.1084984384
388991.370225,517070.471310734
388991.370225,391040.34872153046
637497.7558124999,773892.51312909
637497.7558124999,1142974.108318143
637497.7558124999,1057702.3933347468
637497.7558124999,920684.0486764489
637497.7558124999,919099.7494078213
637497.7558124999,1018121.4576526503
637497.7558124999,776105.7163556134
637497.7558124999,1113464.7468693263
2852036.9407,1291851.1566566718
2852036.9407,1160695.5800402286
302693.809825,554227.3091588729
302693.809825,430162.2149718056
302693.809825,415088.520512667
302693.809825,537305.9087157474
841391.1562250002,851325.2610206399
841391.1562250002,966824.8714344631
547767.07175,445175.7062159017
547767.07175,416890.63161941624
795738.753525,567126.677913968
795738.753525,853128.0583305188
795738.753525,565813.6124557322
795738.753525,707358.8810610683
795738.753525,658374.0319754619
795738.753525,513207.4973521412
795738.753525,519122.43389479676
795738.753525,793918.9820729484
1199630.4601788465,838009.3900132421
1199630.4601788465,934299.0457721907
1199630.4601788465,838386.4912559895
1199630.4601788465,1183082.4479129636
1199630.4601788465,841014.888566964
1199630.4601788465,1065485.2480462766
1199630.4601788465,933899.4248363774
1199630.4601788465,899294.4123483689
1199630.4601788465,772656.9587031824
1199630.4601788465,1045452.4992610454
1199630.4601788465,771377.6974160223
1199630.4601788465,899140.0485757756
1199630.4601788465,895463.3650375381
1366110.8627142855,1141248.2370582407
1366110.8627142855,1024159.8455720758
1366110.8627142855,894569.9099714817
1366110.8627142855,1143091.6530811389
1366110.8627142855,1126274.327751928
1366110.8627142855,893938.1349727501
1366110.8627142855,1026962.1363410093
1366110.8627142855,1140656.3625506428
1366110.8627142855,1057343.3826030926
1366110.8627142855,980733.384350845
1366110.8627142855,825232.810015216
1366110.8627142855,983058.8918591875
1366110.8627142855,1092596.2600012766
1366110.8627142855,826924.2641342201
202103.86279999997,593345.1103460187
202103.86279999997,592768.3557128077
202103.86279999997,557303.0511143298
283651.84674999997,553288.3281140086
283651.84674999997,273267.76660517097
642879.7638999999,851036.2059001245
403753.92245,650167.4231267535
403753.92245,403413.12274982024
394462.3666,645246.3416458261
394462.3666,644879.6692439883
394462.3666,471218.88792401395
199234.0547,405977.3867801625
199234.0547,512971.83088703256
458959.238125,491616.4851075659
458959.238125,577191.9783555628
458959.238125,721158.0746880445
458959.238125,678370.2291020051
458959.238125,434422.78157739696
313948.67175,667173.5093764728
313948.67175,504483.0488566607
313948.67175,672580.2166701307
653164.61493,709365.2695565778
653164.61493,710125.5501452002
653164.61493,419968.16390442336
653164.61493,663833.2145742119
653164.61493,525634.4916362977
383778.41885,395418.72636030504
383778.41885,532457.4930613702
383778.41885,561835.0421040271
399871.61475,762365.5961074829
399871.61475,620575.7765456599
399871.61475,616684.8390311721
399871.61475,444723.1740309684
373995.99225,658761.5151142658
373995.99225,377359.25059210195
293217.69399999996,304219.92045394354
293217.69399999996,585955.4164665363
293217.69399999996,408347.27470303257
602993.5989,691480.8212364166
602993.5989,694164.9675763174
726391.7254,896517.1053356105
490556.31705,623453.3758858165
490556.31705,477640.8943040294
541991.7684000001,462325.3419870333
541991.7684000001,699513.2911067194
541991.7684000001,551244.0156296212
541991.7684000001,385700.0776272897
541991.7684000001,385974.23941044
541991.7684000001,515019.0893055856
454018.9519,629197.142679026
454018.9519,348103.6265939969
454018.9519,417041.85306003276
351305.933525,541535.4661899498
351305.933525,412964.08905416547
521002.6759875,457795.1620256063
521002.6759875,604240.1551606548
521002.6759875,458372.898930511
521002.6759875,704047.6221085731
345370.94645000005,406391.40441234823
345370.94645000005,393697.6152920665
820733.4403125001,884695.7899497339
820733.4403125001,884894.772594503
820733.4403125001,1014456.9078187528
820733.4403125001,1088425.6740471863
820733.4403125001,1015156.5248231436
820733.4403125001,883598.5217046412
820733.4403125001,940057.052605659
820733.4403125001,686368.0168735086
820733.4403125001,939413.8440494312
820733.4403125001,687128.0604221136
820733.4403125001,817206.618762731
820733.4403125001,685438.5227072098
2249132.8364,1043917.711363214
2249132.8364,1030909.4560305525
525468.90825,704263.5182472272
525468.90825,703568.2743568341
478063.797675,787037.8091885815
478063.797675,655134.1493625924
499512.9719999999,665650.4567267568
499512.9719999999,756583.8300572354
499512.9719999999,536551.128759647
499512.9719999999,758530.94274549
499512.9719999999,694597.8170342024
499512.9719999999,573580.8542030024
258244.62674999997,546587.688993086
258244.62674999997,561400.2376477038
483802.234425,984339.900404412
483802.234425,878805.7479296384
738198.88175,748581.2065344562
979162.9681666668,994209.2475855083
979162.9681666668,723507.350575866
979162.9681666668,646208.6981369276
979162.9681666668,933739.17720871
979162.9681666668,932301.5819514984
979162.9681666668,593775.5499628026
979162.9681666668,866812.9030859421
979162.9681666668,594346.4099252563
979162.9681666668,674106.9048559874
231377.3142,386654.2883190318
231377.3142,378660.20212952746
231377.3142,218672.11741639947
342145.29374999995,383573.3126819477
342145.29374999995,203366.25775551226
692994.8845749999,475604.08932653826
692994.8845749999,676516.3654812706
834770.0176285715,500555.4680899261
834770.0176285715,504417.69102879596
834770.0176285715,695807.8262839443
834770.0176285715,638821.1546488147
834770.0176285715,466411.60867415246
834770.0176285715,720447.7539149908
834770.0176285715,529253.4040155332
255894.860625,399153.2802661011
255894.860625,521696.2536199518
462542.12879999995,501885.5149223178
462542.12879999995,370241.0878396253
611178.431325,835852.8664080489
611178.431325,840908.2707497258
611178.431325,839579.9585032305
611178.431325,695332.8310615912
611178.431325,759453.1345094101
611178.431325,835444.714744552
632406.27439,490041.6432403865
632406.27439,483831.2416429395
632406.27439,782133.6596026786
632406.27439,483643.67146442865
632406.27439,458676.16966346203
145438.19775,220022.84192332864
145438.19775,199093.82429705653
2533452.4437,1162017.91177423
2533452.4437,1057672.890474378
202688.35535,485610.8741361392
202688.35535,223504.57872335752
202688.35535,421752.50737531617
973534.9231,1061825.1584847495
973534.9231,987830.2801688894
973534.9231,842814.3631311706
973534.9231,843513.6027667102
973534.9231,687294.8013949143
973534.9231,925163.4301949283
557905.26714,863023.5537412567
557905.26714,806333.7128811901
557905.26714,808781.8659529443
557905.26714,996284.8554841819
557905.26714,995062.332724592
557905.26714,991994.8035356739
557905.26714,795366.2557553218
557905.26714,793929.9619442285
557905.26714,919900.6951288563
557905.26714,899267.1986951071
438497.0032000001,649696.146940575
438497.0032000001,362734.93174395507
438497.0032000001,433828.05789955455
438497.0032000001,469416.0124600565
326590.1087,329970.1905074795
326590.1087,329970.1905074795
326590.1087,302282.49476164894
679544.4069225,993534.0865158176
679544.4069225,790643.3185458244
679544.4069225,990593.3203666477
679544.4069225,793075.2726184619
679544.4069225,730589.1259153573
679544.4069225,734520.140975665
679544.4069225,732819.7821060829
679544.4069225,734179.7545674548
679544.4069225,733839.5173133749
679544.4069225,801293.9421325139
305844.68134999997,546737.3086821162
305844.68134999997,392910.5523293312
305844.68134999997,241784.90600139002
341789.5128,576724.0605433644
341789.5128,414217.4605059971
341789.5128,397792.17123831727
369256.116,434133.2927011047
369256.116,550805.5499399598
547627.8972749999,346833.00358005875
547627.8972749999,499701.6557105673
985395.8461249998,786046.2061525857
985395.8461249998,824420.0122244935
581391.1944,581275.5289737708
581391.1944,491234.5842335423
384431.3373,569498.0578854748
384431.3373,566828.8697583621
384431.3373,603427.1653283815
1145726.384525,1117358.6694227206
1145726.384525,757989.07991363
1145726.384525,755527.7082763406
1145726.384525,991441.8288861738
1145726.384525,847813.8483137958
1145726.384525,1043146.0195291681
1145726.384525,710361.2635121753
1145726.384525,834726.8087584397
1145726.384525,980959.4052202576
1145726.384525,848843.5065885389
536856.40925,541654.3019189957
536856.40925,538188.5501447017
536856.40925,371224.6246872124
536856.40925,552628.493552018
391669.8728999999,295797.1365735761
391669.8728999999,570137.9553581853
391669.8728999999,549116.4310214447
625177.6034,737253.3427367659
625177.6034,998381.2572990641
625177.6034,873588.3257721529
625177.6034,873860.0849754475
625177.6034,1070397.0358894707
625177.6034,1072300.1346992254
625177.6034,678481.1181675106
625177.6034,679796.5909708252
625177.6034,679681.7135910004
625177.6034,678253.6211374805
625177.6034,692972.452408059
625177.6034,919012.2062558236
668324.6706,472664.43696164223
668324.6706,610756.3724648202
551848.10905,642173.3383939516
551848.10905,714604.4633260665
551072.6178499999,427624.2235913154
551072.6178499999,797962.9509239562
562853.6119499999,720778.2769625322
562853.6119499999,461700.01512327214
846094.94745,693921.5149303116
846094.94745,558661.8589488867
553852.51075,588917.1769131848
553852.51075,631831.6202093126
216300.6846,240834.30836617597
216300.6846,486343.7544216957
639810.144375,801678.6414758423
639810.144375,657205.4907115081
639810.144375,515793.6515705361
639810.144375,521978.4626730456
639810.144375,613169.2617908121
639810.144375,749115.8561182424
639810.144375,602993.7723256451
639810.144375,615529.2942593197
552547.9256,629371.8731310366
573908.7452,542601.5528535697
573908.7452,546037.8587284263
861412.059625,753938.0834174025
861412.059625,903882.3724006554
681295.3179499999,569859.1728792653
879523.45761,937570.5384101995
879523.45761,631178.4162329669
879523.45761,634377.6767487567
879523.45761,934927.242073569
879523.45761,970313.4321592685
741121.0134999999,869087.9753164744
741121.0134999999,745402.5471150276
741121.0134999999,600925.2924359888
852222.2841750002,829665.8832668542
852222.2841750002,761897.278447565
734657.2231,652687.2269575198
734657.2231,653657.1401827254
734657.2231,802848.9860926063
734657.2231,950997.5184340706
734657.2231,944527.6787292468
734657.2231,800768.6899357098
734657.2231,739611.9891661418
733483.4205,1008467.3522826901
733483.4205,940397.2066713148
733483.4205,936522.7961079897
733483.4205,654277.6074156405
733483.4205,654091.5081254216
733483.4205,872474.0615670108
733483.4205,741085.5848948774
733483.4205,606377.0655247427
733483.4205,832089.9323312984
786116.005,854993.4534183901
786116.005,870517.1103725368
970358.94325,559759.4178117577
970358.94325,834874.5123769074
970358.94325,840645.4264314192
970358.94325,694683.8116122811
970358.94325,840454.5740726329
970358.94325,512020.39847633283
970358.94325,517988.4440707086
970358.94325,776169.7566647201
970358.94325,525008.252172505
373536.3415,544238.3395129882
373536.3415,688198.7890191282
373536.3415,691614.1096203061
373536.3415,382150.5313132257
373536.3415,515413.05612598953
398779.78484999994,329079.95263562363
564136.3688714285,599526.101122471
564136.3688714285,601882.289704306
564136.3688714285,676712.4505802633
564136.3688714285,894348.8213889732
564136.3688714285,832097.2211669917
564136.3688714285,548605.8091141281
564136.3688714285,830308.8789044362
238973.8085,264113.5911091873
238973.8085,382234.7145095486
238973.8085,339703.67616612243
309907.11600624997,411072.15042168676
309907.11600624997,547737.6399505134
309907.11600624997,464894.0650117179
309907.11600624997,653290.4893807851
216501.47395,253850.0770899594
216501.47395,234682.20594922767
594585.557140625,892141.5811542547
594585.557140625,747076.6591303574
594585.557140625,891446.8082899662
594585.557140625,1030135.9419196239
594585.557140625,744183.0604917683
594585.557140625,893327.5322364119
594585.557140625,1031213.0059618993
594585.557140625,1078625.1146668345
1352580.59185,867261.5960631841
1352580.59185,1117290.9690167117
1352580.59185,1005322.7506710653
416190.991,562729.3908236837
416190.991,561113.4130270948
416190.991,479506.4819540011
416190.991,378483.95520072774
416190.991,529612.3921305515
416190.991,398982.67849765974
600645.8470000001,582802.3408728319
600645.8470000001,771475.8240247796
363092.1228,346178.069449894
363092.1228,389681.23710279656
1030241.6456363638,905752.2907759955
1030241.6456363638,759905.501644811
1030241.6456363638,1035311.9253304775
1030241.6456363638,906171.6236722458
1030241.6456363638,1036281.9689665133
1030241.6456363638,1032468.4049323114
1030241.6456363638,988845.2843287761
1030241.6456363638,831878.8698462397
1030241.6456363638,831719.7563407702
1030241.6456363638,697843.7119295722
1030241.6456363638,964466.2490262343
803083.7348,579716.029903073
803083.7348,489586.0254457634
214790.2097,328042.08784142084
618998.1290000001,672000.3378230291
618998.1290000001,785641.7437887331
1264673.8947333335,1073718.129390628
1264673.8947333335,1160755.6365122113
1264673.8947333335,1027599.6274530294
1264673.8947333335,934614.4239920164
1264673.8947333335,789002.5435050515
1264673.8947333335,1156821.8105334188
1264673.8947333335,883303.2248325108
1264673.8947333335,1160609.000757391
1264673.8947333335,724445.0737055242
2536280.71305,1080249.708806309
2536280.71305,1245948.6723807568
607173.8465999999,579902.042702414
339063.209,286787.7563425299
339063.209,541383.8877676663
744541.306690625,799784.5869089409
744541.306690625,1075601.6940561277
744541.306690625,859354.4608563072
744541.306690625,712260.767909859
744541.306690625,711151.4413728241
744541.306690625,649317.7580294812
744541.306690625,936234.7979827905
744541.306690625,932633.853783436
596730.4092,610064.7370878255
637091.07225,668296.2870552681
637091.07225,726203.5242683616
471529.657005,606993.4085462478
471529.657005,751144.066303897
471529.657005,465623.3800396183
471529.657005,436386.9202314371
471529.657005,489773.4921958313
388330.2869625,592241.7122632419
388330.2869625,445959.4884017948
388330.2869625,567893.8988783787
388330.2869625,550442.0990517102
324369.63224999997,282374.44337801985
324369.63224999997,376050.40526167414
784845.6174999999,847793.441004846
784845.6174999999,698490.8452633102
747037.8162,964008.447611081
747037.8162,948472.2813478257
415721.29759999993,766800.1040276147
415721.29759999993,606455.1240674296
415721.29759999993,420487.0764601665
601938.0095125,702427.0035014235
601938.0095125,409900.89861626923
601938.0095125,517227.7405631236
601938.0095125,650922.7160563557
500540.34665,664538.8946345979
500540.34665,525603.7065248971
500540.34665,316083.7123063671
500540.34665,483541.6713834354
429752.3639750001,511401.3685074389
429752.3639750001,652137.6620021216
429752.3639750001,576486.0058094978
429752.3639750001,784636.208984572
429752.3639750001,477926.8899052936
429752.3639750001,605339.6873136704
429752.3639750001,602266.6152928594
380083.334925,412859.92238282115
380083.334925,271979.52031383367
552333.4796124999,787246.7608123631
552333.4796124999,507277.94011306314
552333.4796124999,645589.3033183684
552333.4796124999,735620.0245484215
552333.4796124999,736139.3543780493
552333.4796124999,780872.9057975675
569488.0326,467221.8033881399
569488.0326,460965.3285716167
316940.53235,254155.7347094296
239965.3306,245097.93509399466
239965.3306,528940.9733894198
595087.1589562501,956793.8523066511
595087.1589562501,1000856.6837321881
595087.1589562501,870667.864848919
595087.1589562501,996545.70089633
595087.1589562501,739277.9703613492
595087.1589562501,871781.6122768673
595087.1589562501,1000580.8089871906
595087.1589562501,696891.6087810331
595087.1589562501,928300.8296922826
595087.1589562501,806994.6508308875
595087.1589562501,681770.9943441803
595087.1589562501,811000.001561137
2812321.3534999997,1323868.8224988324
2812321.3534999997,1255230.5587650521
2812321.3534999997,1558162.6572850936
299006.0942,438258.02406884014
299006.0942,440281.66531153093
299006.0942,288861.9775772096
491543.57137499994,799228.4721569394
491543.57137499994,730940.8237047346
604200.6186,664689.9838934126
604200.6186,675835.5237258921
578253.48425,763218.0963495586
578253.48425,628708.4436360713
767009.4106499997,889175.204566676
767009.4106499997,989877.2234290682
1340039.8479615385,1031071.2167745719
1340039.8479615385,1026608.7735429201
1340039.8479615385,1151413.7827215374
1340039.8479615385,892105.9809450998
1340039.8479615385,1029406.9422184074
1340039.8479615385,897539.1322357228
1340039.8479615385,1148342.354679542
1340039.8479615385,1150437.0080848418
1340039.8479615385,821330.908065825
1340039.8479615385,1062339.4939818557
1340039.8479615385,1096693.3409268414
1340039.8479615385,946775.5308301758
1340039.8479615385,946931.990756242
543368.74415,411491.47528045654
543368.74415,704495.3195111066
504243.7974,466576.9948555666
504243.7974,601710.2451086423
309965.74389999994,313575.6341969404
309965.74389999994,596345.7086267578
309965.74389999994,288330.12266997143
800643.33615,964800.0368257114
800643.33615,610520.836739348
800643.33615,610229.4362948446
800643.33615,827381.6793382468
800643.33615,828837.7963442768
800643.33615,930107.5898775214
624507.6271,702376.0423250493
624507.6271,773666.6300654634
388716.308425,416736.53527115553
388716.308425,553566.7189368602
332609.1078,601148.3168320531
332609.1078,598982.2118978029
332609.1078,407674.3720690226
846525.0596500001,858480.7171196473
846525.0596500001,864507.248919666
731091.412942857,939617.3597373598
731091.412942857,855297.4096909866
731091.412942857,698638.5755656027
731091.412942857,700802.8599568976
731091.412942857,854970.0125764019
731091.412942857,854423.7535312838
731091.412942857,925763.685087938
602447.3143,439373.6577341067
602447.3143,620925.2932945862
849474.2347,569452.7793478887
849474.2347,844582.7451341666
614905.212025,783042.1812918836
614905.212025,830408.2461528839
614905.212025,489826.5477167814
614905.212025,728550.0130337605
739378.2700499999,600445.9233153717
540077.070775,490309.91856770485
540077.070775,818916.989991416
540077.070775,771900.920857027
540077.070775,441708.5520340311
540077.070775,573892.7885211402
540077.070775,588853.062160553
691492.3186892858,900907.1667501841
691492.3186892858,854685.3223387327
691492.3186892858,762816.207970715
691492.3186892858,556412.5434610049
691492.3186892858,795188.0405042612
691492.3186892858,513968.178678197
691492.3186892858,795103.6553150108
178455.85095,415330.81070561294
178455.85095,414836.09400876955
178455.85095,401924.4434169235
509017.1008,506907.4668638854
509017.1008,788626.3582347465
509017.1008,508982.3980371873
509017.1008,699612.653581429
509017.1008,722544.3288025891
509017.1008,601180.3225287242
509017.1008,742788.9631038896
184195.769675,411098.67210358754
184195.769675,538271.0145590325
703213.5208999999,668871.8934485402
703213.5208999999,821944.3290640722
703213.5208999999,821725.139204498
703213.5208999999,825987.0196631942
703213.5208999999,828812.0376856682
703213.5208999999,668871.8934485402
703213.5208999999,763929.5944883091
361716.77675,577076.1428900813
361716.77675,301485.0492522094
361716.77675,404874.79954206746
765128.937125,827604.4902893968
765128.937125,675587.1269106036
172952.5158375,415780.2839349299
172952.5158375,285235.1980675733
172952.5158375,279810.1473627507
172952.5158375,387636.59116391506
793023.704,700239.1981482562
793023.704,559847.4435068646
793023.704,901238.912509039
793023.704,847422.1914164056
793023.704,782036.6203407437
793023.704,514638.7244049542
793023.704,711110.2310491796
788525.6975,1007901.2462611701
788525.6975,1014349.37976499
788525.6975,813549.2690308096
788525.6975,871539.7247115364
788525.6975,1012553.1657044794
788525.6975,663578.5254356309
788525.6975,800384.7138669284
788525.6975,662769.5460129456
788525.6975,909291.7157398849
133638.74882500002,339705.90835542517
133638.74882500002,415428.60635974345
339525.42882499995,530246.1781601007
339525.42882499995,389778.61680144834
861921.100275,905331.3656464126
861921.100275,758837.2618340552
861921.100275,829541.7461799255
861921.100275,761513.541413666
861921.100275,700645.476792969
861921.100275,700079.750538419
615556.3366,789218.5596057896
615556.3366,487637.3934433085
615556.3366,787081.0742078882
615556.3366,452754.7725386183
615556.3366,448100.052583482
536674.933975,412409.29397369584
536674.933975,699991.9052829505
536674.933975,658589.763723279
536674.933975,519346.0158912514
209336.30275,237438.4295392431
209336.30275,340737.3075479947
523875.85345000005,639518.590995111
523875.85345000005,1002628.8682014452
2495831.5177749996,1247364.0099525843
2495831.5177749996,1359389.3993305638
523476.7817749999,469129.8867341976
523476.7817749999,613289.4371946444
878894.1157,850939.3286224686
878894.1157,1113371.1194776096
305909.16154999996,582201.1260923614
305909.16154999996,567747.2650125793
305909.16154999996,412715.2202707499
421259.750125,443611.2437463619
421259.750125,316719.8703392209
511890.1087999999,329141.57564203
511890.1087999999,314791.4380634578
823112.175,453092.19809499395
823112.175,720181.9247556535
823112.175,485774.4397945425
728411.2678,715084.0438284538
728411.2678,788396.5799727528
728411.2678,633663.2307895403
728411.2678,938365.6808160571
728411.2678,726128.2279699472
728411.2678,868530.839565578
427913.33309999993,434101.26549512835
612159.9964,849243.0874868456
612159.9964,1011783.3288135267
441614.526875,642579.3125194611
441614.526875,643125.5817420621
441614.526875,610153.1108176351
441614.526875,334130.7082677885
716239.1457,752910.5359425402
716239.1457,958284.0102284529
716239.1457,961728.7214291411
716239.1457,672376.5274134106
716239.1457,821024.8399072367
716239.1457,671676.3764654882
716239.1457,616092.2479433648
716239.1457,617468.4235453701
716239.1457,755407.1773941134
521821.948675,520524.17001437716
521821.948675,744002.1079738917
545005.97015,549046.269911097
510331.6979999999,375485.8076199674
510331.6979999999,516812.7718716921
510331.6979999999,483109.29835887405
747658.71201875,766308.3529698822
747658.71201875,906309.892159131
747658.71201875,627033.7655084762
747658.71201875,905168.4248433624
747658.71201875,766402.5723946935
747658.71201875,578018.26376985
747658.71201875,577579.7448254493
747658.71201875,710208.6836980209
916229.2603,915373.0053419529
916229.2603,703331.7958157094
916229.2603,775399.7915793494
916229.2603,850260.4192706236
916229.2603,854092.457377626
916229.2603,853045.1613710182
916229.2603,950829.8983190919
907694.04555,742102.4274027427
907694.04555,984352.0115265051
423881.3652499999,590813.1572799704
423881.3652499999,322142.71278509486
280440.42905,311519.8587951587
280440.42905,538879.8208062215
411863.8515375,352872.8549236421
411863.8515375,486882.8908608218
411863.8515375,331882.7113709617
411863.8515375,329511.19754253846
747024.777175,920541.9142658194
747024.777175,769214.7351360266
747024.777175,923660.8181861473
747024.777175,776912.8696925018
747024.777175,712047.7520094858
747024.777175,564936.8046006507
392530.03425,628258.4550512974
392530.03425,483342.2771838446
392530.03425,588487.9226019783
401215.2109,593705.1871425877
401215.2109,581180.2164143984
401215.2109,569413.5530670295
401215.2109,537148.115975917
403407.307,695207.236060205
403407.307,686604.7924408782
403407.307,502824.39966283075
316229.4795,593777.811403031
316229.4795,615632.9316182232
542957.6238749999,713443.8629614166
542957.6238749999,609792.4008771988
293388.0902875,399555.5826435116
293388.0902875,678542.7316706805
293388.0902875,640767.7658660411
293388.0902875,664856.4671457192
275245.0987,287751.4230179389
601095.3790124999,612344.335113501
601095.3790124999,757963.5928149729
601095.3790124999,756321.6844812845
601095.3790124999,744131.4081882061
326335.53422499995,388745.8560091158
326335.53422499995,475275.49514876306
316809.7465,257005.1842834187
316809.7465,533368.3511233083
316809.7465,519761.97893623693
609051.3401,706304.1353147705
609051.3401,554651.5462943051
609051.3401,561084.8996235961
609051.3401,798987.4435895348
609051.3401,513658.53219110885
609051.3401,887261.9005408799
1329153.5464,1005360.240181491
1329153.5464,1207279.3252615905
665772.2906,734931.8751595729
665772.2906,729127.7666855827
629974.3452499999,621035.4435966745
629974.3452499999,624119.0309096853
629974.3452499999,618292.5459151098
629974.3452499999,699488.7162083877
629974.3452499999,984345.1502760167
629974.3452499999,706216.1626943417
613137.1110624999,697857.813787919
613137.1110624999,410881.86544205644
613137.1110624999,410063.9600139181
613137.1110624999,564429.2598811919
510814.345725,623980.8633635372
510814.345725,880906.985990129
493153.4552,909423.0113012204
493153.4552,1022182.7754807798
680439.308625,702638.294701668
680439.308625,631451.0098742696
326544.77300000004,265261.09601919714
326544.77300000004,355386.7717539338
607423.1096499999,603383.0128502024
607423.1096499999,709347.2271956387
607423.1096499999,705660.1673159763
607423.1096499999,571065.1457173798
614374.698275,640244.9087431594
624911.28085,812221.3704968574
624911.28085,810891.8225934419
624911.28085,483928.2610522788
624911.28085,436103.35788907233
624911.28085,565926.3356530964
631134.4592499998,1055114.589392036
631134.4592499998,1060776.4734217224
631134.4592499998,787211.7433388021
631134.4592499998,1024279.6302796504
631134.4592499998,929083.794787476
631134.4592499998,927841.2492366079
631134.4592499998,1060111.4908022115
631134.4592499998,1061811.0688063449
631134.4592499998,939996.568717587
489133.4373000001,654849.5029001869
489133.4373000001,662608.8684347214
426311.81064999994,574372.2578889988
426311.81064999994,579738.1576595386
693050.65135,554099.3320447928
693050.65135,675692.6294926831
693050.65135,733144.9655006641
730022.4549,792886.7481289859
730022.4549,800440.474449167
686594.8695,900302.4326847965
686594.8695,563226.8614314174
180458.45745,483223.19416172255
180458.45745,334305.1316543952
635145.64865,714568.6274695083
635145.64865,956192.8723132347
203836.7478,523030.2918155525
203836.7478,213871.1438620707
513004.28705,512450.84570094093
513004.28705,436731.0145392615
465811.2036,427245.4838298332
302721.8767,635256.3599334643
302721.8767,487658.0622469245
302721.8767,332245.67181155237
302721.8767,455000.58109873725
444103.254125,633832.1565724965
444103.254125,550037.8109464905
1098898.0692272726,1159573.228077331
1098898.0692272726,895281.3591392735
1098898.0692272726,1080448.8119914152
1098898.0692272726,807055.1582450254
1098898.0692272726,945277.439188785
1098898.0692272726,947495.874218049
1098898.0692272726,870082.370297018
1098898.0692272726,737651.6620830076
1098898.0692272726,872249.3861732141
1098898.0692272726,997496.3106705758
1098898.0692272726,1010594.1315349396
570595.8710204546,1001180.1193359061
570595.8710204546,1002594.8958052227
570595.8710204546,827196.8359038195
570595.8710204546,740225.1228193468
570595.8710204546,742585.2277221407
570595.8710204546,1002407.3339616945
570595.8710204546,1005368.0110902078
570595.8710204546,807908.7832784659
570595.8710204546,930837.6574256362
570595.8710204546,948830.9180991757
570595.8710204546,941296.0364838829
575136.72956,751006.8449171676
575136.72956,599863.3737933391
575136.72956,786281.7405825842
575136.72956,423081.62394038186
575136.72956,698639.3938237019
470988.62453999993,533486.7479305408
470988.62453999993,536640.016643111
470988.62453999993,534243.8255502504
470988.62453999993,819330.5114826272
470988.62453999993,546412.4172087375
595172.95025,622436.8104166187
595172.95025,869225.196231988
406273.0718374999,576793.43927059
406273.0718374999,578293.2742334479
406273.0718374999,724908.6660457525
406273.0718374999,568616.0544156948
266736.8224,371093.5228095123
266736.8224,369904.40300497384
559191.5208,406692.8411888391
559191.5208,400479.76809374965
623075.07455,581630.4892290055
623075.07455,440879.3513248382
623075.07455,439360.504295417
623075.07455,661018.0950596741
623075.07455,723849.3469032169
712946.0362999999,654486.2246555361
712946.0362999999,805571.5559304825
712946.0362999999,953401.3480986507
712946.0362999999,804606.0881382715
712946.0362999999,653188.7825771787
712946.0362999999,741471.8153439746
712946.0362999999,742538.7286949707
712946.0362999999,871044.7199027059
484414.39034999994,471085.04562605184
402322.3893,483503.21756446746
402322.3893,343961.1302173978
402322.3893,325390.92375205347
855561.0049499999,981702.0195750991
855561.0049499999,832958.1857940841
855561.0049499999,1112688.981810825
604893.81545,514152.76887043216
604893.81545,725624.1760528267
604893.81545,543651.5813080202
676134.0607285714,888170.0283858074
676134.0607285714,585573.7295708237
676134.0607285714,588720.2939596246
676134.0607285714,731911.9622417906
676134.0607285714,820761.4939468818
676134.0607285714,678865.2085835396
676134.0607285714,606767.5471427968
536500.71855,949458.1096539217
536500.71855,903032.7495328467
633736.178515,626840.9127171631
633736.178515,768728.0087010225
633736.178515,622909.1244394537
633736.178515,626368.346856731
633736.178515,836230.6496147045
633736.178515,576953.6657269999
633736.178515,839854.4549674089
633736.178515,576079.5689631671
633736.178515,709476.4004280182
633736.178515,851168.3157149614
581119.33155,490445.4972937888
581119.33155,559794.9220500306
422288.67944999994,391501.0352954366
506250.75959999993,464269.21574686805
506250.75959999993,340680.0613953991
948762.02915,723588.478700012
204706.92095,195341.35861471866
204706.92095,415654.62981343677
197401.08214999997,244408.58633551124
197401.08214999997,236299.76787255175
475881.5127,594238.05512933
475881.5127,619607.635032686
603263.622675,800299.3902902857
603263.622675,713772.0600961744
418767.785925,587910.1280847208
418767.785925,730433.9937878711
418767.785925,450549.6805854229
418767.785925,584080.4858025522
418767.785925,666087.8375552527
418767.785925,548308.1840235406
375833.913525,283600.24830606044
375833.913525,411015.03372870066
390390.52366875,816012.3656625629
390390.52366875,636722.8585393042
390390.52366875,638549.3123617993
390390.52366875,633466.0399411757
390390.52366875,469539.036589525
390390.52366875,594539.7880757942
390390.52366875,724310.4296300978
390390.52366875,642094.7023052821
394936.0730875,461510.73515526426
394936.0730875,461592.69312091975
394936.0730875,604857.3475507261
394936.0730875,692942.5515179452
779996.49644,681893.595148063
779996.49644,822677.5434786347
779996.49644,827975.9865773155
779996.49644,681987.3978518907
779996.49644,679651.460467263
779996.49644,965644.4341117172
779996.49644,636514.6604399973
779996.49644,626991.2885983246
779996.49644,761004.4663086681
779996.49644,766618.1163095315
331063.11468750006,438575.29726899334
331063.11468750006,574705.7979403283
331063.11468750006,711271.614669828
331063.11468750006,538630.46708749
331063.11468750006,539985.4986988251
331063.11468750006,669795.806616287
970644.1578,686466.130975882
970644.1578,993573.7488794604
781239.4322599999,665337.1086061924
781239.4322599999,659718.2485904532
781239.4322599999,822129.1359605232
781239.4322599999,662569.8967658748
781239.4322599999,1006782.3418594864
526971.9933000001,523999.37207163323
526971.9933000001,524463.8296782619
526971.9933000001,493086.92557159194
526971.9933000001,355176.0358735871
256442.32704999996,500567.7712770394
256442.32704999996,224142.09700069914
541224.812825,713958.6241650943
541224.812825,614746.1613897322
350438.18375,362682.8202946209
350438.18375,503691.2604706551
350438.18375,606273.0186523653
390087.6463,341589.2808592835
390087.6463,621694.9193654043
390087.6463,596216.2680801299
215005.280625,317432.0498190512
215005.280625,465142.84948525694
183693.1011,233705.9008424917
183693.1011,180894.38001318113
442928.3995499999,601731.7882907283
442928.3995499999,634243.748665894
590503.13275,387371.00761919783
590503.13275,707152.9655103545
566528.8078,807190.2264637509
566528.8078,794235.4202651532
480906.5574499999,646303.1256498025
480906.5574499999,359579.0509981593
480906.5574499999,342140.78677855944
323907.5185499999,575369.7564584648
323907.5185499999,457638.9894799565
896958.0258999998,887422.8809066118
896958.0258999998,939840.8958732239
896958.0258999998,831480.52486
642873.9922812501,587197.8672018354
642873.9922812501,586571.8106814635
642873.9922812501,586259.6953794756
642873.9922812501,736463.3323574644
642873.9922812501,660022.7906874042
642873.9922812501,681071.2660090594
642873.9922812501,536771.8303950342
642873.9922812501,611277.5158960376
677169.6330749999,928174.4358824993
452982.10365,656714.9142951906
452982.10365,366844.6359441987
452982.10365,352230.30402702844
843010.4176,519817.68929806864
843010.4176,809968.739629372
503078.5022000001,647617.5979935417
503078.5022000001,647657.8549079292
503078.5022000001,301789.2303285122
503078.5022000001,348967.94673750515
264676.1796,266684.9142136495
264676.1796,523925.8036592497
264676.1796,478624.8135797543
423033.4415,544275.4394379895
423033.4415,576952.0055832593
210826.25355,254815.23769480758
210826.25355,468079.832091252
691966.7978,490647.63199368777
691966.7978,547179.3978290844
444007.3783,500237.3163129677
444007.3783,500873.10162288096
444007.3783,571624.3886789702
444007.3783,483040.6811494486
841332.7543499998,607787.895984775
841332.7543499998,607982.2306740676
841332.7543499998,753768.782473696
841332.7543499998,684755.3483577928
841332.7543499998,759646.4219996566
841332.7543499998,848383.0752095976
676761.1209999999,570741.7607061537
676761.1209999999,656417.4624021364
676761.1209999999,505644.0755062988
676761.1209999999,469485.7581915413
676761.1209999999,748854.0994901446
898091.2643999999,838626.1333587555
557370.6197749999,788554.4862256198
557370.6197749999,993944.0381636464
286130.94537500007,408022.1205596561
286130.94537500007,528770.6860856381
577228.2755,709260.9218917408
577228.2755,931145.8520877502
577228.2755,712789.9077554876
577228.2755,930828.8226597728
577228.2755,929410.9556267507
577228.2755,981058.8429484948
577228.2755,910799.8460203385
577228.2755,653834.059429866
577228.2755,665237.8373392257
577228.2755,784184.1705403281
736046.5543999999,526123.1150003974
736046.5543999999,750015.2388060999
848182.06725,1034617.0553598797
848182.06725,901072.5888025172
848182.06725,1118981.3478452673
848182.06725,1041194.0409445502
848182.06725,903354.2522386461
848182.06725,1037166.2910773233
848182.06725,1037899.7947337041
848182.06725,1036850.5363744276
848182.06725,1034337.6431320724
662985.5048,717539.122670641
662985.5048,435069.3496742806
662985.5048,570690.0284998842
662985.5048,674862.249895583
662985.5048,675056.4453221473
662985.5048,544322.022931077
356474.044175,416228.3866338124
356474.044175,609990.7397506818
370374.9685,284790.91072585323
370374.9685,293313.62227916345
370374.9685,278631.5372840658
256521.22562499996,377206.09441011783
256521.22562499996,244658.38178410532
421399.0474,461662.9510351125
421399.0474,460833.89713218034
421399.0474,307527.1316803431
611075.3822999999,603707.5217796837
611075.3822999999,678958.3680921806
611075.3822999999,892701.5920975436
611075.3822999999,819172.4005952502
611075.3822999999,895350.8745005116
611075.3822999999,556071.4491482629
749820.3121,818603.0041769173
749820.3121,632992.3997775274
749820.3121,858060.6422418205
653412.32085,711368.3844076562
653412.32085,845122.3532820867
567083.1257,667698.7559225577
567083.1257,1071310.0947528118
202919.47145,240292.05255795986
202919.47145,354179.06683231134
690087.4345499999,701525.0601872386
690087.4345499999,549836.5520410434
690087.4345499999,598267.5669981395
358601.36775,577826.8827753465
358601.36775,439351.07179587806
358601.36775,308706.67563410767
625220.38103,460943.622959423
625220.38103,467560.81029226014
625220.38103,746146.6077078559
625220.38103,745213.0046824291
625220.38103,439245.9462774054
576887.1483,972028.1880925667
576887.1483,965333.8905091881
216277.55169999995,493166.7622126046
216277.55169999995,220640.21753031143
628290.1102,560559.3027057248
628290.1102,472868.38341316616
641245.6967000001,703901.2225788543
641245.6967000001,623556.8303176166
641245.6967000001,911258.8334664421
641245.6967000001,909773.4011312276
641245.6967000001,905554.5365613435
641245.6967000001,911456.0132358064
641245.6967000001,844676.3876015475
641245.6967000001,711268.969017899
641245.6967000001,711683.5156939614
184666.5452,267223.4746582196
184666.5452,273706.8546496132
184666.5452,487247.10800263216
640023.67035,610461.8834107082
599162.20655,444157.22651863424
599162.20655,438341.38708143664
599162.20655,523533.9319513651
615914.11194,766046.7051824597
615914.11194,667801.2637049499
615914.11194,761905.7829466629
615914.11194,570826.4383599904
615914.11194,442079.7894097131
532801.5015249999,1012637.4781485277
532801.5015249999,905641.1485577854
288748.28028,666229.6580960549
288748.28028,389582.60085038276
288748.28028,395301.6493218987
288748.28028,495790.1211367948
288748.28028,495840.34779416653
175092.39835,468799.1823070966
175092.39835,192220.58794981998
256591.59189999997,678063.8811450674
256591.59189999997,416751.45761790336
256591.59189999997,488810.272664901
271755.045225,254709.94845774682
271755.045225,343923.43260162557
683860.6345,632728.0635724685
683860.6345,707478.6794540706
598473.6267125,417907.8280876223
598473.6267125,468521.99798896996
598473.6267125,603622.0554127318
598473.6267125,387605.7087791996
531430.9036249999,354009.849782651
531430.9036249999,511394.8514722424
549701.4344,467476.7482572693
549701.4344,761490.2998119612
549701.4344,467476.7482572693
549701.4344,692017.4338480902
223253.7241,329682.57247038983
744130.7340500001,954172.5579072051
744130.7340500001,817596.8117736649
744130.7340500001,757251.2857922929
744130.7340500001,820524.6537028507
744130.7340500001,679997.5498370911
744130.7340500001,892057.9846049615
744130.7340500001,755640.6035474102
744130.7340500001,763978.1400564323
744130.7340500001,884081.07723604
744130.7340500001,750221.1997367601
721200.615075,965214.6196266463
721200.615075,963844.4527109467
721200.615075,1030512.901324783
721200.615075,1031168.847807661
721200.615075,960099.9314987594
721200.615075,895694.7791822751
721200.615075,894233.0426536829
721200.615075,763361.2817472074
721200.615075,631741.9378438496
456571.84915,576143.9329868569
456571.84915,616212.6223485712
868984.3951142858,919389.7621060573
868984.3951142858,918781.9797205096
868984.3951142858,983616.2429614646
868984.3951142858,914475.0213833879
868984.3951142858,919894.7699863593
868984.3951142858,578855.8781740337
868984.3951142858,852325.5588004681
369831.33075,266327.7093235188
369831.33075,284689.2004995969
369831.33075,548838.1308165417
618829.6099,695629.5755308279
618829.6099,697603.395045626
360843.7433,561175.5834196722
360843.7433,419971.85199727153
360843.7433,295133.0750967456
360843.7433,280219.1035154929
680052.0146999998,772421.9420950287
680052.0146999998,479243.99272362026
584163.5519,628069.0521772319
584163.5519,779634.2822331567
660992.953075,486129.10865923465
660992.953075,751076.8230540965
432248.906625,600461.8414627417
432248.906625,737540.0919938962
599593.2606,896372.3812641616
599593.2606,817955.1287236025
599593.2606,892177.1028598675
599593.2606,597977.9250940967
599593.2606,548782.1533676225
599593.2606,689539.0856710289
528454.0625499999,610943.7158043121
528454.0625499999,491880.720012638
424969.34542500007,428672.18200167693
424969.34542500007,300767.7208358708
950090.3971,993027.1538396691
950090.3971,697112.494571076
199536.43895,351661.31784050405
199536.43895,486611.0377728951
199536.43895,338160.89277476177
759605.9626,749092.6763129797
669127.2125499998,819711.3626278135
669807.061,971433.2369366654
669807.061,894891.775096158
669807.061,1026442.7560104739
483833.049890625,808832.9478071351
483833.049890625,674162.5471121154
483833.049890625,541345.649074123
483833.049890625,811641.0801795891
483833.049890625,760151.0345411991
483833.049890625,503160.8070177549
483833.049890625,502382.19229751127
483833.049890625,572380.988550827
296339.93834999995,294373.5814785996
296339.93834999995,361379.34591242095
296339.93834999995,267305.4353973969
530692.1028499999,395384.6872031212
530692.1028499999,695562.8907860365
449399.90590000007,411623.08111639397
449399.90590000007,726768.8462754391
361959.19274999993,313200.6790226944
361959.19274999993,595088.8166659968
276481.4362,279312.28586629365
276481.4362,430849.7993787197
497770.80362499994,535980.1545271648
497770.80362499994,787037.5337973195
302737.7863999999,271352.98391470814
302737.7863999999,510310.65220598306
344417.699875,443141.17457697616
344417.699875,621553.5636525641
647498.1864250001,901866.6899832058
647498.1864250001,856369.5755338793
647498.1864250001,903334.6111768361
647498.1864250001,904791.6245341265
647498.1864250001,1118964.5534440335
647498.1864250001,1122049.489484564
647498.1864250001,856369.5755338793
647498.1864250001,959950.4295743996
651297.3750500001,482559.30565037916
651297.3750500001,814424.1999645734
377630.20480000007,427196.75391158625
377630.20480000007,240023.3408156518
377630.20480000007,400032.74562452396
412342.1844,393671.14077891014
412342.1844,550285.9912325643
412342.1844,466097.5301462377
412342.1844,646202.00937745
333666.07965,469220.2078366776
333666.07965,331509.5474589638
333666.07965,314491.9189001313
393556.8406,674099.3039219932
393556.8406,705083.2689083591
592115.5065281249,1022919.384834414
592115.5065281249,1023933.5731086434
592115.5065281249,889185.1367101399
592115.5065281249,1025537.7263415898
592115.5065281249,1110336.9115411357
592115.5065281249,1028385.9658811202
592115.5065281249,749925.4381204139
592115.5065281249,1155748.9295075533
288101.52144999994,514853.2228524309
288101.52144999994,292022.5966313289
288101.52144999994,267955.6339088653
926739.6051,1045625.1963811337
926739.6051,876027.531017009
680803.6392,933424.4864893819
680803.6392,926471.7934389492
687919.3699500001,445058.73373718944
687919.3699500001,447585.05835112784
687919.3699500001,595250.2153618645
687919.3699500001,550142.0324505277
687919.3699500001,416454.6587090631
687919.3699500001,549031.2996432284
648710.4719499999,588342.8660341196
648710.4719499999,1048588.7827003403
239823.86204999997,469721.8706451884
239823.86204999997,245722.88321291632
239823.86204999997,229091.1711893134
523530.382225,548131.8638608416
523530.382225,452200.60030358465
625207.75495,589499.3981219077
625207.75495,871463.8261140786
625207.75495,1042457.8263646159
1021400.217125,953997.8603270394
1021400.217125,795281.8623002974
1054313.087575,1046347.0544265464
1054313.087575,1021184.3245014593
816209.9757999998,703619.5545045717
816209.9757999998,683711.0176281461
816209.9757999998,771687.2881326311
480828.82175,599222.883739955
2426938.4554,1161267.9713427527
2426938.4554,1167252.576081506
780171.8067818182,820249.6743545121
780171.8067818182,958522.8776911898
780171.8067818182,1020932.6949431491
780171.8067818182,825283.093210546
780171.8067818182,956795.930754245
780171.8067818182,763832.6743885403
780171.8067818182,637829.3406969318
780171.8067818182,628701.2567443032
780171.8067818182,637931.572347228
780171.8067818182,628583.8091682808
780171.8067818182,637751.3776990857
567676.1061,449778.1624816167
567676.1061,455513.3450429399
567676.1061,596162.2557840805
567676.1061,559535.4845771928
419586.4255,594981.8986990717
419586.4255,599335.3292641959
299813.01275000005,273448.7320551123
299813.01275000005,529495.6638383229
299813.01275000005,380558.5291913093
356451.99465,572923.6080357747
356451.99465,298183.1290112913
483370.8994375001,368732.9430589968
483370.8994375001,514478.59531824675
483370.8994375001,479107.2253479945
483370.8994375001,477610.14923834184
325598.33365,550202.3095871327
325598.33365,248425.44332304894
465241.1820375,863153.6049638395
465241.1820375,674133.730539038
465241.1820375,677235.2653774301
465241.1820375,810232.1806393464
465241.1820375,540614.1096679475
465241.1820375,631784.3753700365
465241.1820375,760227.9961874051
465241.1820375,685950.5034550631
361110.4906,570943.1722779359
361110.4906,356221.46327443776
562315.2720499999,519063.96580423735
562315.2720499999,536127.4913306904
1073977.1362,769664.9955758164
1073977.1362,1221464.6587168002
2684730.5064999997,1251743.111990387
2684730.5064999997,1442512.9272744828
599298.1359875,753078.7701353485
599298.1359875,956979.7796269024
599298.1359875,896918.8051828427
599298.1359875,890811.217613465
599298.1359875,756113.1047041849
599298.1359875,829429.811095013
599298.1359875,561146.8536233786
599298.1359875,834080.5810554061
555585.1308,597550.302914355
555585.1308,751374.1785290372
555585.1308,749557.7079441431
555585.1308,405437.04657679645
555585.1308,451652.93915258447
1200828.32345,727537.90252498
1200828.32345,842402.9471134723
407474.12595,343587.76689562685
407474.12595,651089.5501930583
508278.07305,567585.3947108663
508278.07305,413564.87789498916
684639.417225,475554.4863337568
684639.417225,695365.8187995041
576395.94625,668273.3520423549
576395.94625,811818.566918832
576395.94625,668830.9783312534
576395.94625,527174.4066396402
576395.94625,491792.2476296689
576395.94625,749357.7678995163
576395.94625,679733.3139089376
588076.9825500001,566507.5652398628
588076.9825500001,427377.6716509519
588076.9825500001,671814.1940791075
588076.9825500001,592225.0065556709
194178.7267,369484.57611539686
194178.7267,224694.83411039464
223965.35420000003,260142.77989701572
223965.35420000003,518585.32729667274
223965.35420000003,497735.75048974104
472984.3188999999,583258.1886358855
472984.3188999999,483157.15038354346
448886.2536,493288.26210684824
448886.2536,358012.67275158834
448886.2536,330498.428320199
594926.2760999999,714141.4151705613
594926.2760999999,497446.4244007904
433881.85975000006,719509.883171727
433881.85975000006,667020.1825246225
279540.0225,402035.6408188726
279540.0225,547319.0445543758
279540.0225,394158.29976024973
491009.6939,412181.12644637615
491009.6939,554879.1357376182
746598.6258500001,863468.7577321462
746598.6258500001,864789.2582506663
746598.6258500001,720985.9994086267
746598.6258500001,1067437.9241379108
746598.6258500001,863366.938894743
746598.6258500001,922793.6553079521
746598.6258500001,922712.4145802713
746598.6258500001,659496.4258301106
746598.6258500001,923763.97838026
746598.6258500001,744790.6058872509
449428.06492,733114.3506308426
449428.06492,589446.7287169504
449428.06492,778103.3550319943
449428.06492,421307.19134032
449428.06492,553579.1811868811
457656.42395,635602.5413221994
457656.42395,377045.8224337188
743839.9971625,687376.1209245077
743839.9971625,774373.1363330226
743839.9971625,687376.1209245077
743839.9971625,979574.1390209829
743839.9971625,686154.6993222523
743839.9971625,629583.0740968077
743839.9971625,907150.3853871184
743839.9971625,969935.0736744846
387576.55427499994,413385.2009318788
387576.55427499994,283556.22495601454
453680.0597,614965.0945093052
453680.0597,618858.6110221655
453680.0597,664558.8051520073
556065.67904,605177.4936495872
556065.67904,756794.9046229663
556065.67904,749392.8557856936
556065.67904,559077.3044069658
556065.67904,736433.1874242891
210233.3345,510133.3991672038
210233.3345,344348.5717670768
452162.15195,495385.0471824875
452162.15195,488663.21757362154
553888.8724,452380.565036267
650232.9123699999,799518.7854817975
650232.9123699999,799722.4167707949
650232.9123699999,650737.0302505256
650232.9123699999,707330.4975852743
650232.9123699999,466794.2480999649
623000.62,925903.0458289387
623000.62,855237.3024474174
677294.2879,767501.9586966211
677294.2879,629071.2567964117
677294.2879,492712.61594500626
677294.2879,772928.0557992394
677294.2879,457767.5813287679
677294.2879,722798.0038740481
677294.2879,459556.8931501661
350658.07039999997,368032.0717124847
267133.89324999996,267081.88877722423
267133.89324999996,475082.59291340417
301305.27037499996,401637.12511992635
301305.27037499996,552830.342885567
512101.95609642856,498749.79885581904
512101.95609642856,776474.5344129842
512101.95609642856,638202.2078391064
512101.95609642856,824986.7190048273
512101.95609642856,729153.2508770834
512101.95609642856,595559.616310154
512101.95609642856,597343.6863244509
290808.3018,285794.77516948147
290808.3018,278646.1169292425
290808.3018,268596.67080181534
742705.5532214284,764424.9108467828
742705.5532214284,971280.201523592
742705.5532214284,678246.4495479019
742705.5532214284,907370.1942119384
742705.5532214284,681581.9955831076
742705.5532214284,674753.2094064931
742705.5532214284,834453.3081369888
771316.70965,719879.1731105627
771316.70965,703107.0890607432
542283.7696749999,539641.9416723659
542283.7696749999,455317.53907039255
506185.49775,733737.7403603105
506185.49775,449437.50735653803
506185.49775,635693.236361258
838734.411,917776.5336398231
548892.848359091,988219.7714774797
548892.848359091,988977.3216130168
548892.848359091,809865.418972998
548892.848359091,857346.1746531532
548892.848359091,1066251.9884985476
548892.848359091,723793.610834837
548892.848359091,917824.6559726106
548892.848359091,916867.5859704631
548892.848359091,918699.3367886703
548892.848359091,669237.7065308439
548892.848359091,673806.0115846666
509056.3630149999,768576.5225293225
509056.3630149999,766877.3093664772
509056.3630149999,765366.7729531659
509056.3630149999,768859.6764489505
509056.3630149999,667290.7160411865
799083.45125,1003820.6374802559
799083.45125,819713.4961252016
799083.45125,872004.5166068975
799083.45125,959998.3599125547
799083.45125,878003.6603666733
799083.45125,733255.1230049535
799083.45125,736315.6279272632
799083.45125,689782.0115587985
799083.45125,935951.9804019284
799083.45125,935633.2336504075
799083.45125,933373.8033633715
506982.997,524891.4420835247
506982.997,416563.1111622666
738958.8557,855899.2039249993
738958.8557,710160.3504985089
738958.8557,858270.8131650098
738958.8557,912840.0705118207
738958.8557,567525.7925030505
738958.8557,658941.4302006327
372496.50462500006,402816.5345063176
372496.50462500006,316257.0465725896
338866.80840000004,458967.8408740959
338866.80840000004,320828.4133705158
338866.80840000004,528419.9784965378
338866.80840000004,435472.06958218775
406980.2985,453097.79609164695
406980.2985,578152.3495274242
551157.2274249999,859908.9234725079
551157.2274249999,1075829.0352945207
551157.2274249999,1001341.8253678579
551157.2274249999,1073735.4698154696
551157.2274249999,718235.5384281052
551157.2274249999,804122.8374839727
551157.2274249999,863550.1912718465
551157.2274249999,749034.6738619338
1086914.1667,812699.1527550857
1086914.1667,942552.8940491377
343879.51222499995,680317.3870225663
343879.51222499995,579166.7974294808
597892.643725,541102.7360475583
597892.643725,819533.9229126116
597892.643725,540051.6848725262
597892.643725,438789.0209466148
605571.6603750001,1023661.3016558669
605571.6603750001,750832.9406756801
605571.6603750001,889973.4989349898
605571.6603750001,894676.7575382525
605571.6603750001,841634.5729974767
605571.6603750001,752076.1187856379
605571.6603750001,1020833.5913804101
605571.6603750001,691580.9581036366
605571.6603750001,821119.5668699841
605571.6603750001,691404.6906831433
605571.6603750001,1060244.317810683
601755.6975,502744.87821538
601755.6975,688898.8974633031
601755.6975,691046.984040307
601755.6975,782319.3224103553
601755.6975,462764.7467365832
601755.6975,730160.941691767
601755.6975,464108.56588785455
601755.6975,740885.0765443281
440995.4424499999,502774.57416006573
440995.4424499999,501284.90774857695
440995.4424499999,592456.2714142229
440995.4424499999,599615.2323569213
686698.390275,488272.7271302119
686698.390275,717399.1613336722
828752.7153624999,891017.1129987302
828752.7153624999,1028733.4165772457
828752.7153624999,896475.1328739943
828752.7153624999,745527.7283710301
828752.7153624999,1115273.2204319779
828752.7153624999,890692.6006214431
828752.7153624999,1028733.4165772457
828752.7153624999,838732.7907704292
313677.92644999997,523887.86600080004
313677.92644999997,235519.37390371755
737539.3687999999,986229.1561417042
737539.3687999999,848992.7587494073
737539.3687999999,845470.5249082274
737539.3687999999,984373.6900560425
737539.3687999999,843106.9323271614
737539.3687999999,698351.8011862058
737539.3687999999,639408.210271133
737539.3687999999,648746.0621209228
737539.3687999999,778477.8287384077
543922.9463000001,701808.0003204001
543922.9463000001,848853.8542247068
543922.9463000001,844733.5475929792
543922.9463000001,849535.6182276965
543922.9463000001,703278.334472794
543922.9463000001,909581.4944398906
543922.9463000001,911556.5423181255
543922.9463000001,647125.1043311439
543922.9463000001,909145.8867662736
618606.1702375001,625798.1868330594
618606.1702375001,840284.3033039871
618606.1702375001,560391.2168201576
618606.1702375001,837559.883422848
618606.1702375001,556106.7607207026
618606.1702375001,511354.0387225769
618606.1702375001,516617.67977840255
618606.1702375001,515673.6819744558
332648.1478,525190.1016022934
332648.1478,284130.9755390634
702729.48575,489117.59673007723
702729.48575,488106.5275785931
372508.549675,487813.8007760872
372508.549675,655065.254880292
189448.9794,548595.805583677
189448.9794,530683.9126653918
189448.9794,520180.1162413655
801847.0482499999,526861.7666644505
801847.0482499999,649624.6931688556
474453.39774999995,508265.09179873724
474453.39774999995,544015.4203727826
479058.8008,416631.91375555395
479058.8008,431275.34862865275
586742.9108499999,445396.6482755812
586742.9108499999,540807.0897947496
2536920.813475,1179353.4338319148
2536920.813475,1153634.9127331646
608870.50875,846723.3479554408
608870.50875,843048.8665555753
608870.50875,565483.9901562615
608870.50875,710980.6105832547
608870.50875,569236.0797830168
608870.50875,654189.5270981091
608870.50875,657779.615639704
608870.50875,774711.958095533
687128.4121428571,795201.5388005164
687128.4121428571,921932.9184427497
687128.4121428571,921758.4544267186
687128.4121428571,1037094.751569811
687128.4121428571,791428.1263381154
687128.4121428571,921233.7195669435
687128.4121428571,795283.2654386556
687128.4121428571,731259.8838813625
687128.4121428571,851933.4802373719
687128.4121428571,966460.7926575333
687128.4121428571,966391.525036274
687128.4121428571,732317.6228696643
687128.4121428571,730370.5275890587
687128.4121428571,1091378.1231792923
2642287.457975,1156513.4325357517
2642287.457975,1360614.1320559038
760048.45196,761471.5999402703
760048.45196,472361.62852091686
760048.45196,667288.7767576507
760048.45196,572267.2685638489
760048.45196,762485.8006587873
342345.08045,308319.7809276029
1036512.4678100002,1027040.7757787795
1036512.4678100002,1098416.2448082587
1036512.4678100002,909135.7241367751
1036512.4678100002,910077.2295788111
1036512.4678100002,1101653.5103722676
1036512.4678100002,913517.2797712705
1036512.4678100002,986957.0965980024
1036512.4678100002,1030309.4446600876
1036512.4678100002,975874.0029757245
1036512.4678100002,957309.9510370375
1036512.4678100002,844266.5779416102
1036512.4678100002,725066.872676328
1036512.4678100002,727233.9370978406
1036512.4678100002,725313.913263299
1036512.4678100002,724913.6179850298
519496.9357857144,497417.6166238
519496.9357857144,496719.77257535723
519496.9357857144,776532.9257128626
519496.9357857144,779428.1522882537
519496.9357857144,462362.2280235603
519496.9357857144,461774.6074000749
519496.9357857144,449939.2067014843
600615.48222,825332.8028625655
600615.48222,784214.2940187106
600615.48222,483816.47528803535
600615.48222,631785.7573085288
600615.48222,589697.207498599
934642.421075,705107.6123558085
934642.421075,978772.048641746
492363.3976999999,516868.8007699881
492363.3976999999,436998.66484663216
418697.7749749999,407451.9609284974
418697.7749749999,566446.4376840297
812261.2517499999,1043434.5507123026
812261.2517499999,963012.6093937955
812261.2517499999,795200.3450864567
571165.87035,890843.6211461354
571165.87035,621282.4688520976
646627.124225,736208.7372558507
646627.124225,600929.5726870969
289925.8121,544365.1443711376
289925.8121,527349.4033592297
289925.8121,238124.5287354259
404237.968975,455916.58303295536
404237.968975,607849.3801483049
708332.17525,685965.0379621963
708332.17525,788612.2629920135
558962.6723999999,406440.75063492777
558962.6723999999,472554.90983092104
533113.919375,524495.6273780233
533113.919375,410066.11598450335
828753.0049767856,1019567.2092533458
828753.0049767856,761437.3177403715
828753.0049767856,762152.1215847378
828753.0049767856,894627.0173318224
828753.0049767856,759740.2631059359
828753.0049767856,1093474.2652240044
828753.0049767856,1020504.7844324806
828753.0049767856,947009.686573209
828753.0049767856,704365.0010628868
828753.0049767856,704120.4935669318
828753.0049767856,963721.153671559
828753.0049767856,704120.4935669318
828753.0049767856,705530.0045988851
828753.0049767856,788332.7855051268
932253.31827,734334.952631041
932253.31827,1014731.3473806152
932253.31827,959382.1080747396
932253.31827,729779.174034495
932253.31827,728438.4782938872
932253.31827,670036.1469578923
932253.31827,940557.4674773721
932253.31827,681585.4528546361
932253.31827,670816.5387987577
932253.31827,822693.2278226488
234576.56045,258915.94030836865
234576.56045,448769.5159308358
536437.7762,809380.7644350359
536437.7762,935297.9352082975
359246.25260000007,657774.5974149456
359246.25260000007,507608.7426080981
359246.25260000007,477539.37521163386
587640.3316500001,558859.5843651814
587640.3316500001,748519.3610076952
2261447.8670750004,1229270.4184748074
2261447.8670750004,1130849.5875195921
674674.0647499999,696805.338633271
674674.0647499999,480508.89883784123
605528.0591000001,564669.1403259801
605528.0591000001,707013.2129509947
605528.0591000001,606609.0593085287
605528.0591000001,525250.3385323302
605528.0591000001,555533.7837902622
398278.7848,463278.9940630599
398278.7848,534659.6224665584
398278.7848,439542.7239458534
746877.6293,709205.9243695328
746877.6293,698914.8614357719
664040.160025,727437.2030078362
664040.160025,659868.8229852902
475376.633075,519331.37341329793
475376.633075,652534.9018564292
561415.44505,424555.6565465154
561415.44505,433467.4259677045
845107.4924,836057.7457794345
845107.4924,690160.4454933436
845107.4924,610543.3793316095
642594.795325,928147.3892634828
642594.795325,783518.9720459832
642594.795325,637591.4119149686
642594.795325,928361.6606508754
642594.795325,782050.3845456955
642594.795325,818558.1042783017
487398.3656875001,481529.6932382512
487398.3656875001,673481.2233267446
487398.3656875001,479438.45054554427
487398.3656875001,447482.292868669
487398.3656875001,565024.0832664797
487398.3656875001,585518.0655149457
345526.4605214286,733660.1469815716
345526.4605214286,727520.9954656285
345526.4605214286,727779.2294657057
345526.4605214286,515498.7493064295
345526.4605214286,430672.2358719318
345526.4605214286,687561.4778472169
345526.4605214286,698720.3014523896
555703.53125,601831.5385752094
555703.53125,456978.1793116622
555703.53125,597665.5364265341
555703.53125,460291.6839798237
691066.22205,783771.1601063042
691066.22205,922840.6503023526
691066.22205,634464.7321038881
691066.22205,640519.5632980699
691066.22205,924824.5462091346
691066.22205,586924.007334292
691066.22205,860084.35681731
691066.22205,716014.765469516
364700.19355,536822.8052182544
364700.19355,265864.815286385
424974.354485,642591.3649874012
424974.354485,827341.0785816875
424974.354485,783068.2393189635
424974.354485,783872.4390971917
424974.354485,737609.4990381665
417813.9048500001,411003.1420261897
417813.9048500001,450973.3985149143
1462437.1085499998,964954.5044392191
222601.76104999997,342640.0814032075
222601.76104999997,234682.47873754636
430765.5572499999,584709.4073380528
430765.5572499999,585921.6571712078
430765.5572499999,445779.78281709505
430765.5572499999,412955.34936421365
1185942.5586,1102546.0195175158
1185942.5586,1117844.4490623716
444802.67095,733927.5862706949
444802.67095,738361.7440804468
444802.67095,737132.9639761115
444802.67095,694825.2356099803
1336348.89386,1193523.9934773778
1336348.89386,1186159.7873303127
1336348.89386,1032104.6319136037
1336348.89386,1188414.9070251982
1336348.89386,920991.0960182269
1336348.89386,1033283.7005695335
1336348.89386,922338.4009255145
1336348.89386,1292072.7658769693
1336348.89386,1192331.6692452263
1336348.89386,1269012.9080727613
1413016.0552461538,1102191.2742975992
1413016.0552461538,838517.2102266162
1413016.0552461538,975320.7929116833
1413016.0552461538,1100981.1297657443
1413016.0552461538,932356.7689634154
1413016.0552461538,840898.6401481316
1413016.0552461538,976335.1647968269
1413016.0552461538,1017177.2812159299
1413016.0552461538,1044280.958596246
1413016.0552461538,771152.3359098372
1413016.0552461538,771633.3965432195
1413016.0552461538,1017177.2812159299
1413016.0552461538,782928.5027591493
912518.717,852759.5540459389
323397.0129,290992.5885645901
325846.06067499996,519047.9588712089
325846.06067499996,362492.95774206327
466024.8594,714915.7847046112
466024.8594,745076.5494987217
466024.8594,641716.1697938045
466024.8594,395718.3092997428
748969.3800500002,879455.9785270412
748969.3800500002,807222.2931444478
295473.68455,577886.4122191657
295473.68455,275658.05927437416
650838.17935,710494.3704004218
650838.17935,720076.2465312816
670606.4021,572239.2044085889
670606.4021,509456.50040419475
670606.4021,849788.4854693833
670606.4021,806030.9241376328
670606.4021,474966.97842636745
1177175.2448,717274.2026647987
1177175.2448,711386.2132856929
1177175.2448,1144100.4387917048
886837.6659,813451.6794820041
886837.6659,668788.3360089479
886837.6659,523063.3932799127
886837.6659,668590.2959001332
886837.6659,608147.9846133189
886837.6659,484424.9528888577
886837.6659,801169.6667145289
426636.40264999995,579171.9422450869
426636.40264999995,613965.7942855742
826224.5432,701229.4184081384
826224.5432,775628.367459472
790020.7020428572,752783.4620376225
790020.7020428572,998475.8709435302
790020.7020428572,1128827.130184901
790020.7020428572,752073.9072581013
790020.7020428572,1043986.43807139
790020.7020428572,1042643.5787793931
790020.7020428572,834222.327004917
431734.502875,487083.1884589682
431734.502875,486727.6703967136
431734.502875,602345.5456111692
431734.502875,617128.7674751435
516084.49746,630116.1337423025
516084.49746,772592.1900326677
516084.49746,488101.69608328305
516084.49746,633239.4251313574
516084.49746,494148.00921783724
885328.99574,1046968.6995343214
885328.99574,998682.6494061425
885328.99574,1046163.1164840435
885328.99574,769118.0020276915
885328.99574,1121841.9561336066
885328.99574,1046061.9758018318
885328.99574,855586.9805124577
885328.99574,836976.8374037895
885328.99574,836439.3249580512
885328.99574,897182.2515083776
582898.4336999999,973488.7808617582
582898.4336999999,760303.926269836
582898.4336999999,609776.2975388481
582898.4336999999,971775.2233194191
582898.4336999999,907358.1512285918
582898.4336999999,700465.7782002491
609594.342775,781970.2541832733
609594.342775,487776.79008390254
609594.342775,490627.92468724435
609594.342775,437160.9757440379
176596.26715000003,175457.0964002204
176596.26715000003,474663.8268046381
640846.55154,576400.1922073248
640846.55154,489932.4391676686
640846.55154,581314.9099930978
640846.55154,387984.13483696134
640846.55154,544015.6712593506
607361.3028375,732486.9432913704
607361.3028375,875982.2480460082
607361.3028375,964913.9358700827
607361.3028375,875394.9988455705
607361.3028375,735490.1535372827
607361.3028375,1013411.303874799
607361.3028375,676904.6973902421
607361.3028375,692857.8092296082
607361.3028375,676300.2251873693
607361.3028375,681351.3328847875
757125.3194785714,1000151.0996515236
757125.3194785714,1004143.9677046132
757125.3194785714,857179.4320725134
757125.3194785714,860777.7893035337
757125.3194785714,1003595.5878505467
757125.3194785714,708088.2450426286
757125.3194785714,739446.9427983009
380489.749125,556214.1668800273
380489.749125,419597.57506200793
380489.749125,734496.747565071
380489.749125,700691.746684121
378779.533,476172.07515616063
378779.533,476083.2354353889
378779.533,404525.66315664037
382118.7505,242178.96168320638
382118.7505,274273.6357305163
539692.9411999999,597100.2938506977
539692.9411999999,599549.5571161739
539692.9411999999,447874.85119995754
539692.9411999999,546825.3006266977
1042036.0561,1073127.8955235016
1042036.0561,795473.9771619585
1042036.0561,941618.1802514665
1042036.0561,859941.0979992552
1042036.0561,1002586.3765087628
1042036.0561,1000685.6600661466
1042036.0561,791508.2001783093
1042036.0561,654103.8450763779
1042036.0561,927504.2540762457
393412.56295,585996.6095681881
393412.56295,604478.2466062722
397266.72715,615092.3668279758
397266.72715,499046.1387325197
691308.9834687499,600163.7416690954
691308.9834687499,599991.4717564406
691308.9834687499,879340.2792542751
691308.9834687499,602775.2982660447
691308.9834687499,819430.9409596985
691308.9834687499,689650.6532562125
691308.9834687499,820181.9246802751
691308.9834687499,877299.4077997142
416370.349825,443167.4953325418
416370.349825,307996.1881824446
372428.89644999994,491588.70101893763
372428.89644999994,637243.5377252086
372428.89644999994,619731.6339152048
224190.7674,236090.54002185195
224190.7674,260063.94720450084
224190.7674,240820.85564277787
781424.5432000001,972204.1712164921
781424.5432000001,1108863.2478814432
382929.3659,311848.09400682995
382929.3659,445224.74550300033
382929.3659,560702.8070554081
382929.3659,293569.2934329072
810810.9008750002,818069.0806771892
810810.9008750002,762380.2030784523
697890.2459999999,558834.1162121824
697890.2459999999,565889.3745631881
776275.678,537311.2920677054
776275.678,906351.5868843577
632568.0067,465086.18488144514
632568.0067,518221.4590427349
682954.4879,583142.1166395505
682954.4879,585008.3514611821
469761.46685,715573.40137434
469761.46685,661123.3315947703
582155.0192999999,452622.65009017393
582155.0192999999,771656.8677594811
582155.0192999999,826428.8910764625
756874.2852000002,688132.0268044343
756874.2852000002,672116.7123126879
804830.981125,964116.429363607
804830.981125,967784.8575820017
804830.981125,732671.3298870949
804830.981125,881208.5753136666
804830.981125,877449.1074411448
804830.981125,728193.4469111162
804830.981125,881741.741529336
804830.981125,753525.017846625
680365.84363125,755391.7614601852
680365.84363125,964974.8638106958
680365.84363125,897185.9874601321
680365.84363125,672077.9772161539
680365.84363125,898300.379104611
680365.84363125,897461.2963107834
680365.84363125,622649.9345605532
680365.84363125,696290.9565805943
488599.08585,718834.3815468359
488599.08585,723158.4351405997
488599.08585,631288.7582565749
892873.1968000002,548838.5770595364
892873.1968000002,547697.9524537865
2224404.2206,1224636.9016292703
2224404.2206,1217615.0623339731
581020.3042250001,434319.79385946447
581020.3042250001,631780.1389827126
940907.7125,1067096.3844054611
940907.7125,764354.3811867458
940907.7125,1181260.0470616433
1076393.1071499998,915456.6787942706
785711.70494,744536.0987702422
785711.70494,817012.8906085987
785711.70494,956851.3670832518
785711.70494,747364.528372154
785711.70494,817121.0897393664
785711.70494,613371.7819467711
785711.70494,749520.2581604383
785711.70494,750149.0905659931
785711.70494,750778.1736340434
785711.70494,852696.4504402573
574322.2171,744590.7330326637
574322.2171,610084.3427883001
778883.801125,771489.2348491647
778883.801125,1044695.4323902589
476290.8402375,643036.6324048386
476290.8402375,640677.3235906343
476290.8402375,337686.67679277644
476290.8402375,467572.3620121529
433253.3655,617783.8225984809
433253.3655,473107.540874562
383178.7038,614831.5240327818
383178.7038,469955.96512256237
383178.7038,446193.05896647554
613551.88925,449344.25719583797
613551.88925,806941.5015186496
513285.06965,557270.8481553451
513285.06965,556755.4234643247
370338.6183,281194.56449349417
370338.6183,264524.81848918804
704287.1223999999,994376.9541955963
704287.1223999999,784284.3300663161
704287.1223999999,738091.936444967
393248.4744,359893.43974744005
393248.4744,504265.1003645115
393248.4744,344648.03168134077
461546.77134999994,625646.2420986461
461546.77134999994,578828.2620034901
461546.77134999994,576811.8390705639
281583.9231,387321.1953225203
281583.9231,368040.31069805037
742484.1049500001,975865.8028407898
742484.1049500001,830377.9724034481
742484.1049500001,834738.4068810972
742484.1049500001,1051289.1128269278
742484.1049500001,770584.648127698
742484.1049500001,902330.1445902371
742484.1049500001,767216.9241359135
1169325.6440727273,1016134.6143261017
1169325.6440727273,886393.9250021
1169325.6440727273,1015272.2215451384
1169325.6440727273,824200.3698998282
1169325.6440727273,886709.5651196737
1169325.6440727273,883961.8857267419
1169325.6440727273,828077.2947645544
1169325.6440727273,956596.2546245522
1169325.6440727273,827157.0661758791
1169325.6440727273,816275.4498144507
1169325.6440727273,1009878.0916901287
610092.695525,668750.8778872833
610092.695525,802354.3664149727
610092.695525,529525.3972275357
610092.695525,805908.6817895029
610092.695525,489018.6823195397
610092.695525,752391.4441634244
610092.695525,488267.2455899039
610092.695525,620255.4259805463
606755.7317499999,436143.23855476116
606755.7317499999,441564.4891496036
702369.6406500001,596890.6233598893
702369.6406500001,755559.4494340334
702369.6406500001,676425.0470137462
702369.6406500001,599539.8755162668
702369.6406500001,836389.1132305188
702369.6406500001,551790.9080652159
702369.6406500001,566197.1136798852
691794.3369499999,845164.7104595165
691794.3369499999,878261.4205554996
561330.48635,682714.1796917887
561330.48635,918624.9245198095
561330.48635,787357.5339729881
580954.1177,638588.9988922565
219112.0553,505649.2120448649
219112.0553,491125.42681546416
766254.44418,477369.13555318344
766254.44418,472566.9352532927
766254.44418,472656.7060333938
766254.44418,440248.6085129737
766254.44418,763307.9068039155
827882.6510285714,1081547.9308671737
827882.6510285714,713188.2322315808
827882.6510285714,1004332.8325047969
827882.6510285714,710948.5739298953
827882.6510285714,715028.0273984246
827882.6510285714,1081237.123221517
827882.6510285714,1006820.9123692035
597734.2804249999,1008556.6253117041
597734.2804249999,820864.7862425104
597734.2804249999,727447.0726134069
597734.2804249999,1010655.7108227628
597734.2804249999,729789.0147229127
597734.2804249999,868996.0843007169
597734.2804249999,1012716.7740103856
597734.2804249999,753326.5583663482
441604.09584999987,425106.27710511675
441604.09584999987,424618.2142302497
441604.09584999987,517800.9874409614
267396.31915,278772.0984666472
267396.31915,397975.35246128775
267396.31915,522463.6480770742
621443.49925,646124.5275571581
675397.3114,873803.7908658067
675397.3114,975173.2147430892
479738.5417999999,474058.9943857097
479738.5417999999,425636.40312174056
479738.5417999999,675317.4527043217
769253.2653,729822.0398142929
769253.2653,867839.0942151335
769253.2653,949876.9508758036
676642.86015,736431.0055759045
676642.86015,672563.5105848974
521370.3549499999,749745.9078360986
521370.3549499999,532232.0105454405
521370.3549499999,514556.7377463415
432903.324,465609.7120570878
432903.324,478860.1561084185
895030.7621062499,1063639.8475580902
895030.7621062499,1069903.011189281
895030.7621062499,774621.9707945348
895030.7621062499,932105.6409258153
895030.7621062499,877183.5153064191
895030.7621062499,782147.4426549356
895030.7621062499,877044.8418496168
895030.7621062499,705624.2893703083
416177.5976999999,403537.82897617144
416177.5976999999,714622.0073154569
1367433.1927,858510.4184257237
1367433.1927,891371.4765670707
592991.25668125,750804.30394608
592991.25668125,887530.2727205441
592991.25668125,890015.356208999
592991.25668125,601342.3297134243
592991.25668125,598274.9235669009
592991.25668125,553909.6632531446
592991.25668125,552800.3312623061
592991.25668125,768732.3388640926
439868.52792499994,637326.4291675787
439868.52792499994,349910.0150719739
439868.52792499994,418987.42951217556
439868.52792499994,593321.0128053954
270882.61295,421326.8952730558
270882.61295,421326.8952730558
270882.61295,280488.874430296
655917.85465,859136.3234141471
655917.85465,538963.616778749
659878.4742,722109.9535272076
659878.4742,716330.7417599463
770762.8597124999,807858.82880132
770762.8597124999,512148.09285437386
770762.8597124999,508929.6338645767
770762.8597124999,610659.5412990168
240535.43449999997,387496.9295996173
240535.43449999997,258891.56541518978
240535.43449999997,249586.97629917
846337.6903166667,1024873.7389339671
846337.6903166667,1024765.9062502824
846337.6903166667,883068.8803863281
846337.6903166667,739842.6186912258
846337.6903166667,885000.5627215758
846337.6903166667,735648.4790070907
846337.6903166667,832735.1343398348
846337.6903166667,947594.3577916864
846337.6903166667,814231.2240466967
327370.97119999997,574537.8115498866
327370.97119999997,715929.3685449697
327370.97119999997,437758.926067979
327370.97119999997,750290.4398175721
327370.97119999997,532489.8972511191
700647.1662999999,440570.7489775311
700647.1662999999,485378.37581735756
269425.84414999996,504843.07668018475
269425.84414999996,253400.126622953
721120.3990999999,892830.3006299742
721120.3990999999,1007118.4494702996
539745.2060386364,858774.2644984255
539745.2060386364,720802.0924733258
539745.2060386364,804288.1103774213
539745.2060386364,722506.0177476356
539745.2060386364,806811.8675249042
539745.2060386364,857064.8042204255
539745.2060386364,805706.3565242934
539745.2060386364,791314.623637923
539745.2060386364,675435.9627823671
539745.2060386364,807145.6354534291
539745.2060386364,759113.0318398161
1304817.0796166663,1071762.1376674771
1304817.0796166663,1069251.3571430726
1304817.0796166663,1067651.4700595574
1304817.0796166663,1194982.259497297
1304817.0796166663,1073401.8907035172
1304817.0796166663,1305983.6762445937
1304817.0796166663,925893.6006522868
1304817.0796166663,1195205.7221207828
1304817.0796166663,976983.2538579658
633869.0455500002,710812.445599968
633869.0455500002,440111.51213070465
569527.3938750001,752701.1564091939
569527.3938750001,608049.4571570073
569527.3938750001,791363.8476587436
569527.3938750001,541307.8943016394
2414710.1929999995,1132345.7432866825
2414710.1929999995,1128400.6077042606
1329681.5345687498,1124768.061630407
1329681.5345687498,836298.7011548765
1329681.5345687498,829250.1818200916
1329681.5345687498,1220490.8210071474
1329681.5345687498,833746.2835134014
1329681.5345687498,832572.146964941
1329681.5345687498,987931.8289067454
1329681.5345687498,755071.3593944499
454912.312675,738050.6185381879
454912.312675,454779.3582477988
454912.312675,455409.9828900419
454912.312675,535185.4123628524
454912.312675,553673.888124912
454912.312675,683758.9705983148
1267775.1882,829079.0797503992
1267775.1882,839384.294560631
508695.141325,528995.2696424116
508695.141325,757990.0595796928
567986.17755,438992.1765193383
567986.17755,573578.6876651868
567986.17755,578843.9766320331
567986.17755,409228.76768453803
567986.17755,675506.4950215662
567986.17755,458107.6540019727
471288.3910750001,693034.6032988804
471288.3910750001,562001.9566034431
841484.666475,769136.2542570081
841484.666475,693415.0418058223
841484.666475,919303.9663346291
841484.666475,769705.126103794
841484.666475,567719.4810449885
841484.666475,569718.44741101
841484.666475,570576.1394210914
841484.666475,707339.4981399828
778031.40065,784500.0414964244
778031.40065,875646.9574391604
560912.17895,402878.29106215254
560912.17895,548129.1814097137
560912.17895,401807.41123097995
560912.17895,625682.3407560094
560912.17895,376766.62688937795
560912.17895,391800.5226156185
574898.97538125,1006865.6815763265
574898.97538125,1087095.013723439
574898.97538125,1085108.1821193765
574898.97538125,970633.1042581365
574898.97538125,884139.492879074
574898.97538125,888646.4322571398
574898.97538125,968843.5603952336
574898.97538125,692848.8825980922
574898.97538125,710541.4497474631
574898.97538125,693471.6848318662
574898.97538125,693244.9480149973
574898.97538125,816947.903050194
1564015.92716,1055962.0958958103
1564015.92716,845984.0260392994
1564015.92716,845278.6513732201
1564015.92716,968198.0298595624
1564015.92716,1087074.5267094793
1564015.92716,1086408.8143208367
1564015.92716,972572.0853101406
1564015.92716,932558.3862737081
1564015.92716,1008751.561244077
1564015.92716,924580.5625545416
1564015.92716,802325.3911079131
1564015.92716,1035878.4800098357
1564015.92716,780320.6342620627
1564015.92716,923419.2594940166
1564015.92716,981597.6129273367
436940.312025,580255.058750389
436940.312025,732020.6744420275
638393.5379000001,632591.2021379931
638393.5379000001,689515.3608970915
638393.5379000001,776937.2117742212
638393.5379000001,489037.456592135
638393.5379000001,454146.7432494651
638393.5379000001,714219.8335976173
604189.6749115385,1009333.2328849602
604189.6749115385,1003780.8103190835
604189.6749115385,887410.3372134429
604189.6749115385,885295.439392234
604189.6749115385,965500.7948327318
604189.6749115385,1009853.01574971
604189.6749115385,842060.1132695423
604189.6749115385,752070.5129848507
604189.6749115385,818976.7549599231
604189.6749115385,714334.6304173385
604189.6749115385,697132.4771602891
604189.6749115385,934267.0287461639
604189.6749115385,931411.9058737181
681275.7726923077,907465.7381892815
681275.7726923077,780480.7317035474
681275.7726923077,905150.4391409538
681275.7726923077,867984.609531844
681275.7726923077,780728.4680297397
681275.7726923077,991528.8598768016
681275.7726923077,1109372.0203112955
681275.7726923077,719515.5062633213
681275.7726923077,841073.3201091135
681275.7726923077,955010.6040042583
681275.7726923077,718178.6386581013
681275.7726923077,954025.3781025391
681275.7726923077,925797.9650301321
710785.163375,605961.0650256705
710785.163375,742483.3724957085
632879.4962375,414541.276111996
632879.4962375,703664.4571035175
632879.4962375,639709.6727855344
632879.4962375,524274.4803537957
744463.27175,827468.8973475354
744463.27175,926202.9199784482
526228.0642,419262.3504233567
526228.0642,704760.1640979694
335277.0269,577681.5929129734
335277.0269,559158.7737769855
155416.08774999998,511006.61580046546
155416.08774999998,197588.0994844382
683251.06572,823882.0176159515
683251.06572,760510.8807068095
683251.06572,897934.4894100697
683251.06572,820470.8809268677
683251.06572,759923.3108713755
683251.06572,1028974.6145653197
683251.06572,898757.2274251115
683251.06572,625442.3903072104
683251.06572,626528.8782244218
683251.06572,761236.2422762135
278687.66355,394215.9196489987
278687.66355,532048.210389641
278687.66355,496483.2053321991
655491.0379499999,687454.7862424497
655491.0379499999,756316.8247463335
343986.557425,346887.5414830088
343986.557425,637312.028506034
343986.557425,605230.0670918128
343986.557425,591607.2139914032
1132754.4129500005,1060311.2543745239
1132754.4129500005,1064798.93492
1132754.4129500005,786625.2528878426
1132754.4129500005,785330.7705043816
1132754.4129500005,785629.5673717846
1132754.4129500005,930762.8587671013
1132754.4129500005,856839.9274900084
1132754.4129500005,1004341.905696321
1132754.4129500005,982601.4650749409
1132754.4129500005,856919.821999867
1132754.4129500005,809601.278071967
521677.4867499999,387279.00653840095
521677.4867499999,696285.6715736365
521677.4867499999,696217.286521195
511676.44359999994,544644.6682794142
511676.44359999994,609398.2735636403
330960.7971,578961.0470793863
330960.7971,284984.6774498936
330960.7971,399016.1675958475
551104.444025,462308.3788919757
551104.444025,610247.348156067
551104.444025,755636.4406737828
551104.444025,428508.18116300186
551104.444025,429060.84186135133
551104.444025,456893.982728034
649442.74025,644485.018511314
649442.74025,501589.8977693265
649442.74025,797275.0592765389
649442.74025,742398.4382842297
409860.8999,744425.1215411369
409860.8999,584725.161893829
409860.8999,584398.6145554105
409860.8999,653351.061910578
409860.8999,507389.6727366041
409860.8999,435851.99644536694
298899.04654999997,521531.54292157607
298899.04654999997,297074.40011658304
298899.04654999997,277101.02831197286
621953.403105,740414.8913555668
621953.403105,1003484.4898665133
621953.403105,1084026.5641566413
621953.403105,874042.7861068464
621953.403105,1007569.3418319284
621953.403105,874426.3185060257
621953.403105,952606.872157006
621953.403105,679095.0315959662
621953.403105,933517.431164597
621953.403105,1048612.2392960712
721906.07932,831257.5367633313
721906.07932,832190.2149167442
721906.07932,750164.5781588986
721906.07932,837236.5084832072
721906.07932,767255.0881046716
949357.736425,852868.2386884348
949357.736425,1119478.833102495
311467.4753,657617.6209864758
311467.4753,685234.3403877014
824341.3061333334,1015118.835597594
824341.3061333334,804781.2710548573
824341.3061333334,665597.8817195146
824341.3061333334,657913.6058421874
824341.3061333334,1014465.0859551686
824341.3061333334,881495.5114694526
824341.3061333334,607784.7929171211
824341.3061333334,608547.5811854552
824341.3061333334,910032.2265345126
504569.26969999995,372355.67914450244
504569.26969999995,628994.2398801446
504569.26969999995,664865.9881615991
351844.108375,608065.563493782
351844.108375,610477.8908700678
351844.108375,442854.99971122295
351844.108375,433955.7607234482
619571.495575,669746.4758414202
619571.495575,814100.6816693518
604863.66545,836435.3396746767
604863.66545,829644.8203771849
553470.0471,493892.3318263835
553470.0471,493367.3997955742
668520.075925,987730.4446327239
668520.075925,790264.743525856
668520.075925,644053.2261675061
668520.075925,717200.5814624438
668520.075925,646727.4867796167
668520.075925,595216.4687167243
668520.075925,593449.6274596759
668520.075925,593024.4219415088
668520.075925,860045.3482701879
668520.075925,594410.004774301
527587.74385,619594.1501193349
527587.74385,341118.5658335912
589135.5573,421348.84262495587
589135.5573,772390.7970922651
605388.153125,818559.180342872
605388.153125,550752.2957840303
605388.153125,489655.437241704
605388.153125,490400.4911535222
605388.153125,587358.4043093072
605388.153125,723556.8845349272
605388.153125,733469.3602527797
505400.0592999999,862083.0066329469
505400.0592999999,784546.6961474196
891474.7178999998,873167.8035977802
891474.7178999998,835091.3634950335
485383.77905,578685.0019253598
485383.77905,730171.4495810993
485383.77905,623732.2936293043
485383.77905,735062.0054963109
1224206.34515,804768.9663412087
1224206.34515,903927.3288190836
1224206.34515,1111647.0371144642
537853.8404999999,414850.1651856562
537853.8404999999,411841.40231607377
650550.15065,689862.2008507509
650550.15065,625110.6504562165
782002.8660699999,805705.4392021765
782002.8660699999,585836.8004990106
782002.8660699999,584294.5898624347
782002.8660699999,735606.605533773
782002.8660699999,965023.3776231426
756729.019375,701863.5280433386
756729.019375,614172.915100269
420731.0836,562862.0700365888
420731.0836,554912.0386283513
553420.3932,656698.94979122
553420.3932,656657.4441518914
557979.6709475,981322.2050131925
557979.6709475,704020.4072668061
557979.6709475,850642.472654361
557979.6709475,844926.5861311744
557979.6709475,984717.6162849433
557979.6709475,708482.1637866801
557979.6709475,781175.519645007
557979.6709475,649181.8252171159
557979.6709475,782417.850181685
557979.6709475,796625.5215332044
137427.95760000002,369667.04120920965
137427.95760000002,362331.0710170817
137427.95760000002,217426.89643746876
534814.0375,839794.5444252898
534814.0375,780434.3589870594
343212.48841874994,496972.4718401076
343212.48841874994,580548.2552214914
343212.48841874994,625204.8804787814
343212.48841874994,579521.9351421999
630104.847975,979403.6596421074
630104.847975,846022.5524644796
612843.31945,728785.7802460956
612843.31945,683884.4275453152
548850.7082499999,713355.2048169986
548850.7082499999,420442.5725262969
880821.7327,707260.6061653293
880821.7327,778457.6321719057
548688.6871,533458.9607307359
548688.6871,734380.5472958785
548688.6871,646335.5228308975
478945.23975000007,709179.388583917
478945.23975000007,535105.6728606201
478945.23975000007,498476.8036473682
478945.23975000007,364690.2816584388
392289.4727,589506.1626126519
392289.4727,316289.13722610753
392289.4727,519025.80953433766
392289.4727,292282.80433794076
663787.4721375001,1045037.4440814205
663787.4721375001,1044051.9254543219
663787.4721375001,1038564.4250859254
663787.4721375001,787636.8543396855
663787.4721375001,786786.1416438099
663787.4721375001,781834.4982673241
663787.4721375001,846773.965834972
663787.4721375001,965733.2825258219
663787.4721375001,966747.8250144057
663787.4721375001,847982.1636474497
663787.4721375001,722264.6625369394
663787.4721375001,939197.9705170208
1018559.6925636363,914464.099202096
1018559.6925636363,1001443.521251945
1018559.6925636363,917934.3721568331
1018559.6925636363,1043187.114340071
1018559.6925636363,915204.8829064316
1018559.6925636363,768154.0044160926
1018559.6925636363,706491.5099883017
1018559.6925636363,841054.2472347752
1018559.6925636363,707676.1464610515
1018559.6925636363,986120.1867313915
1018559.6925636363,841374.4481964251
428985.0842625,638286.1950815559
428985.0842625,490285.3218602132
428985.0842625,465871.54090645124
428985.0842625,462446.4544083058
265853.4584,474851.00580567826
265853.4584,471425.1756911749
544012.6469749999,832222.5360878455
544012.6469749999,793504.2605115674
135244.05000000002,205717.5523782248
135244.05000000002,183164.28866094572
135244.05000000002,476361.62269645743
563612.0675625,712951.3310500778
563612.0675625,865381.5095407531
563612.0675625,1001118.7795285586
563612.0675625,1076649.2861046493
563612.0675625,712951.3310500778
563612.0675625,864000.6794246975
563612.0675625,718478.121744736
563612.0675625,794360.7160512446
792385.9778045454,908143.9597054454
792385.9778045454,1040141.5089053302
792385.9778045454,905343.725068447
792385.9778045454,1036440.2966549059
792385.9778045454,909726.5608949738
792385.9778045454,1033136.0851251082
792385.9778045454,1035006.276199536
792385.9778045454,959108.3694824274
792385.9778045454,833233.1068045453
792385.9778045454,703590.608910981
792385.9778045454,890728.7291473746
602783.7171,581793.5023272652
654357.2224,744259.1496122142
654357.2224,804259.8687842162
1046068.68135,685196.3331671734
1046068.68135,1098974.2666728431
598296.0615,547758.175786186
598296.0615,535482.4913460634
165108.41830000002,188713.12792478874
165108.41830000002,487304.4481752424
165108.41830000002,206106.46138628852
627712.060625,493556.88811722456
627712.060625,628570.0547962395
627712.060625,679534.1653978418
627712.060625,628480.6175921482
627712.060625,718498.3252103108
627712.060625,574143.4499244967
627712.060625,588127.9593063889
627712.060625,626588.048969679
386904.41245,415750.18782156013
386904.41245,552552.337781799
386904.41245,564689.6138105373
2428859.2144,1060140.6519931075
2428859.2144,1127477.347581286
2428859.2144,1221606.088429823
368770.0797125,450731.17089638225
368770.0797125,450651.60605238524
368770.0797125,432370.3329655875
368770.0797125,572293.3787186327
362935.796,601499.0186925712
362935.796,535601.6989540543
362935.796,556334.6497561947
665036.4591999999,912471.5014866377
665036.4591999999,608401.6305778754
665036.4591999999,868006.4254788851
269404.5624,523727.73455491255
269404.5624,266961.9166995597
269404.5624,254841.88184671698
630250.2969374999,565876.132873786
630250.2969374999,423986.83752746345
630250.2969374999,477724.52091087925
630250.2969374999,417026.83007451455
858444.138325,978519.0568709755
858444.138325,1163418.1113838735
553975.51515,347368.66555530694
553975.51515,530455.0520572568
1106244.2037000002,757316.2110318595
1106244.2037000002,1210621.5304413112
925550.68987,777294.6403016178
925550.68987,848561.2907881712
925550.68987,918065.7266773698
925550.68987,782455.6742079137
925550.68987,780331.734925667
925550.68987,979220.7235856493
925550.68987,589709.8674332048
925550.68987,850931.5622702669
925550.68987,721360.2525713667
925550.68987,722071.7002056356
693389.8721,985747.0928600396
693389.8721,961804.1038854604
247352.95514999997,234927.16846598545
247352.95514999997,445410.9753577238
541602.4386,563864.5982635873
541602.4386,576654.0216729443
809064.6619999999,625381.2519306499
809064.6619999999,778768.3807185247
809064.6619999999,777593.1262239552
809064.6619999999,995781.2989669791
809064.6619999999,811238.6653528311
418089.23992499994,419445.0280640786
418089.23992499994,623019.9478801299
638385.65165,724631.4420938152
638385.65165,819098.0465247831
787019.9703,999865.9491058138
787019.9703,810259.6299376418
787019.9703,1135351.472894871
634519.557,518511.693908924
634519.557,742372.7355658839
634519.557,841651.6789280836
2535162.7095999997,856327.8852277965
218104.63049999997,497752.28678371187
218104.63049999997,496602.49564063747
658856.9767499998,772604.8091609105
658856.9767499998,778696.293046911
658856.9767499998,872715.2432096862
658856.9767499998,872217.044479042
658856.9767499998,774425.2728982302
658856.9767499998,1051704.7540922232
658856.9767499998,1008808.1590931693
658856.9767499998,1046975.674338748
658856.9767499998,983352.0589051426
355426.64574999997,516105.6216531424
355426.64574999997,664162.8870848557
355426.64574999997,500174.6921599699
587224.81915,930817.8056500321
587224.81915,575174.6206261668
587224.81915,664450.5949905664
517939.7874,378253.78578764724
517939.7874,378167.27661173226
517939.7874,489477.09318028635
517939.7874,486256.2536720745
526206.0343,657456.4340273086
526206.0343,662661.3929786151
559355.891525,594839.5709866966
559355.891525,811218.9108192946
682436.0244,901954.3151021445
682436.0244,701063.3517088862
682436.0244,547703.0568153819
682436.0244,787864.6687685357
682436.0244,647006.1494208251
682436.0244,505893.4370617324
427248.767775,460191.7833294253
427248.767775,333059.12116830156
418786.331,468817.90068180335
418786.331,539122.0294937559
368564.47395,482482.0586752705
368564.47395,344914.26801693306
368564.47395,456468.4935779932
368564.47395,578981.4082306048
366784.93759999995,475628.0614876517
366784.93759999995,468796.4518377602
366784.93759999995,443739.08079508424
314202.58434999996,285977.6067715214
314202.58434999996,393060.4504124552
632805.2622545455,919829.6958919157
632805.2622545455,874994.9995605964
632805.2622545455,785274.9268527027
632805.2622545455,920014.4998749329
632805.2622545455,786574.1230000713
632805.2622545455,878017.7853678034
632805.2622545455,719698.2676234671
632805.2622545455,990810.723853013
632805.2622545455,968151.8414424676
632805.2622545455,992565.4671613831
632805.2622545455,732573.0770356226
798641.3184,925743.7371288937
798641.3184,653827.7100130114
798641.3184,798377.6496110063
798641.3184,793375.5013799471
798641.3184,791639.6958055396
798641.3184,792919.0390352916
798641.3184,613559.7855084485
798641.3184,735174.4410223414
798641.3184,742209.7207878982
798641.3184,609966.3883384145
713294.3953,775106.5437367797
713294.3953,992710.0913334286
502802.682775,700771.4624234083
502802.682775,467865.03715625545
502802.682775,520028.68049534
502802.682775,384578.0766220044
628788.4792187499,899030.8975412659
628788.4792187499,902711.1109747607
628788.4792187499,759378.2313219807
628788.4792187499,755477.3775529434
628788.4792187499,994585.381719486
628788.4792187499,1033775.4706408223
628788.4792187499,1039520.6567399427
628788.4792187499,1091604.9185194718
582971.8960124999,656549.2087767721
582971.8960124999,602559.9833118808
582971.8960124999,606269.4113505973
582971.8960124999,695565.8582214367
975938.84086875,1063495.8320995606
975938.84086875,1066324.7735773711
975938.84086875,953475.2098389688
975938.84086875,1039906.3132233869
975938.84086875,1060553.204864476
975938.84086875,1067159.1508878968
975938.84086875,829386.0136115026
975938.84086875,832144.477257229
975938.84086875,988607.057763961
975938.84086875,885276.1034311368
975938.84086875,989898.8352432072
975938.84086875,884158.3337469659
975938.84086875,990745.0157267422
975938.84086875,770288.2974017663
975938.84086875,885992.0710420858
975938.84086875,883366.8554353946
626329.4888,671148.2724757532
626329.4888,711237.2452493269
546651.1821000001,867792.9437144308
546651.1821000001,865673.3239252834
546651.1821000001,1000333.2836212919
546651.1821000001,718605.77748233
546651.1821000001,724842.0548209322
546651.1821000001,946747.4069195135
546651.1821000001,810880.3670984425
546651.1821000001,924431.4328018546
546651.1821000001,923285.1789265962
851776.377375,901363.9964289933
851776.377375,852187.2810009078
851776.377375,1030257.9254465114
851776.377375,904988.0390371751
851776.377375,1030851.8228267389
851776.377375,1030059.2293536603
851776.377375,854389.0941719321
851776.377375,955904.3867129637
851776.377375,955193.3829683397
851776.377375,835892.6119950173
851776.377375,835820.621335517
851776.377375,847360.0931137783
756363.7769575,651275.2221118287
756363.7769575,935575.9432750128
756363.7769575,995713.6207985795
756363.7769575,724792.1896650351
756363.7769575,654164.899141266
756363.7769575,868863.3424120597
756363.7769575,736241.9090536309
756363.7769575,870001.4094973323
756363.7769575,868590.3954134536
756363.7769575,881685.8287188545
598808.845,538152.9659650896
598808.845,678422.751695938
598808.845,869829.4729796175
598808.845,677204.9095192375
598808.845,491931.0767083705
598808.845,622095.7850673449
598808.845,826977.8484220369
366870.6858999999,535037.2353293321
366870.6858999999,539844.1531946441
663748.7790999999,697047.5545631185
391326.42185,250115.3281412935
391326.42185,271104.56944577716
492794.84845,365188.41701654723
492794.84845,530656.2742788817
409200.38859999995,363289.91430415947
409200.38859999995,363370.35324991914
409200.38859999995,341387.6477969655
527860.9999285714,553045.660207184
527860.9999285714,632298.6543187699
527860.9999285714,492523.48560448806
527860.9999285714,495223.5340506095
527860.9999285714,576219.9505254355
527860.9999285714,457124.91823428357
527860.9999285714,639320.4776270866
334804.52019999997,553290.493307712
334804.52019999997,284998.3094900402
334804.52019999997,398782.2198151381
290334.75774999993,571999.8498063823
290334.75774999993,536724.1367551835
421906.921425,315940.256246459
421906.921425,425181.9866476037
678353.6672499999,807040.8026664753
678353.6672499999,882899.9748716193
420208.885425,425035.42873128445
420208.885425,297881.88214570837
919945.627025,726402.3393392635
919945.627025,854197.4484536876
653183.5792500001,836830.0301110753
653183.5792500001,648076.3096554657
653183.5792500001,787087.7303065767
653183.5792500001,787087.7303065767
653183.5792500001,727228.8065930636
653183.5792500001,726793.4897212803
653183.5792500001,604966.784707966
653183.5792500001,521422.54417127225
213099.989,461942.67730850086
213099.989,471556.58348243206
213099.989,222130.09750745603
1220322.5688410716,1080240.9696740073
1220322.5688410716,1045654.8791011532
1220322.5688410716,824432.4505725802
1220322.5688410716,955372.8403252634
1220322.5688410716,1075429.3542124038
1220322.5688410716,827244.9247652581
1220322.5688410716,823521.1680068731
1220322.5688410716,1000392.6625296003
1220322.5688410716,999361.7098382018
1220322.5688410716,763758.9562739561
1220322.5688410716,785357.8791349096
1220322.5688410716,886195.9521202185
1220322.5688410716,1023161.8383124017
1220322.5688410716,1224630.6262671503
524132.3883999999,354590.69387980655
524132.3883999999,368320.3580121885
681457.0042,914335.632253389
681457.0042,621137.6782781885
681457.0042,858746.0272459793
681457.0042,577523.0732518047
904045.4862075,903902.72189944
904045.4862075,632253.996017426
904045.4862075,905919.8807575187
904045.4862075,766574.4211188004
904045.4862075,902156.7763560913
904045.4862075,711060.3994938105
904045.4862075,713446.0968686081
904045.4862075,842677.4660837221
904045.4862075,581483.9049373991
904045.4862075,836624.5884799653
2633488.11225,1075880.2621781207
2633488.11225,1486686.107960125
613920.4755,647499.8491843641
613920.4755,462525.4333729841
613920.4755,653859.1456967181
275356.168325,259613.03047016147
275356.168325,374070.0067400458
436842.841,292304.0198137604
436842.841,405984.4126857091
547748.8792999999,618327.1510438394
547748.8792999999,766932.8147777665
547748.8792999999,761117.0394626316
547748.8792999999,621587.420278945
611448.269409375,751284.0420484487
611448.269409375,607627.758482734
611448.269409375,959855.9377916057
611448.269409375,899920.4856826033
611448.269409375,682953.7343989784
611448.269409375,698214.375200894
611448.269409375,698905.5007781563
611448.269409375,634493.4810085967
676229.29985,730050.7101398243
676229.29985,883600.5547853725
563842.3655,468867.6571390089
563842.3655,412762.53615718207
563842.3655,558075.4977730622
752600.390625,791899.8308987751
752600.390625,657876.334982542
752600.390625,797309.5214606519
752600.390625,791098.3450244924
752600.390625,923455.0004162672
752600.390625,796071.941987827
752600.390625,795540.7559756262
752600.390625,735870.2447176344
752600.390625,859196.2310517541
752600.390625,610556.1703114462
752600.390625,883651.387911306
1025820.73805,704445.3518328569
1025820.73805,1078610.1237885456
919201.5472428572,786762.6925449178
919201.5472428572,926099.0572424115
919201.5472428572,923107.961559106
919201.5472428572,779945.7245755552
919201.5472428572,926201.3803550204
919201.5472428572,858165.5952927048
919201.5472428572,585085.2574390578
294540.68684999994,312530.0353426847
294540.68684999994,441699.40498819685
294540.68684999994,401904.9024283994
2608011.086525,1171274.3151642529
2608011.086525,1559679.0723294397
522476.3364624999,750733.7190844715
522476.3364624999,599514.18082327
522476.3364624999,457247.74972258636
522476.3364624999,748459.2751073643
625893.6140571429,777357.9603440267
625893.6140571429,781369.5257561548
625893.6140571429,824638.7563040534
625893.6140571429,826008.2010648942
625893.6140571429,463348.25004702725
625893.6140571429,717481.8535273209
625893.6140571429,734729.6481564741
723776.0394999998,706330.7606716254
723776.0394999998,904309.1053902311
378321.79185,279138.882006289
378321.79185,527402.2118600442
344811.3400749999,472044.88936537266
344811.3400749999,636440.380665176
775129.6191749999,1038250.7404443914
775129.6191749999,939203.2042792175
499078.08165000007,733848.3292284863
499078.08165000007,501895.6381360614
473345.62129999994,478880.74647218303
473345.62129999994,509171.2655558589
572323.77205,718692.1206000181
572323.77205,448649.06178289116
513540.3523,744587.3029496041
513540.3523,659784.471134971
570219.8107500001,865702.1643490049
570219.8107500001,999223.5087577174
570219.8107500001,999223.5087577174
570219.8107500001,996332.570967991
570219.8107500001,999413.618523798
570219.8107500001,815092.3321155598
570219.8107500001,922873.213768167
570219.8107500001,668146.1512400517
570219.8107500001,667672.4966021986
570219.8107500001,937732.4178719295
368539.1901,422553.20516436297
368539.1901,434788.75939821906
468031.594,483557.15086022776
468031.594,499126.9850851096
468934.0660500001,537928.5490109718
468934.0660500001,687767.7122191982
468934.0660500001,404254.68372060807
468934.0660500001,646312.1379031618
518487.3764100001,469186.7209657117
518487.3764100001,772541.4819120733
518487.3764100001,770935.4937476893
518487.3764100001,714437.602959675
518487.3764100001,549272.0377574393
429538.85077499994,442434.62689769734
429538.85077499994,600421.2143176666
258586.20319999996,415888.2817376222
258586.20319999996,487868.28889526357
258586.20319999996,526932.6832141253
802590.3594999999,1040034.9658751739
802590.3594999999,847985.2264817775
315676.33175,679720.8202937496
315676.33175,684380.4044601059
315676.33175,539650.1594855173
315676.33175,645847.7688832605
720037.37,915268.9405528243
720037.37,901617.3185982364
595063.7671999999,589497.9699543299
595063.7671999999,740550.234751387
595063.7671999999,597010.7450434753
595063.7671999999,591147.5061759518
595063.7671999999,892813.783625924
595063.7671999999,691528.4286208807
615195.25945,524985.6137403874
615195.25945,670848.3926308894
615195.25945,561155.7041982005
596048.9127214286,755781.806550479
596048.9127214286,603271.0202477843
596048.9127214286,900993.7141200159
596048.9127214286,747542.0712404307
596048.9127214286,691710.6141501417
596048.9127214286,551134.2593462935
596048.9127214286,704961.5655099234
299532.48467499996,414637.60393751797
299532.48467499996,540011.1616131989
761083.9543174999,685259.9116725646
761083.9543174999,686047.0388148791
761083.9543174999,833197.7035108237
761083.9543174999,833614.8476021902
761083.9543174999,911362.958516844
761083.9543174999,973251.2678403007
761083.9543174999,908621.3658364097
761083.9543174999,630737.8848453183
761083.9543174999,629895.9356599817
761083.9543174999,720789.1899298184
352080.585725,351676.07108869305
352080.585725,478878.6890078941
582239.2635499999,745683.9058696433
582239.2635499999,750599.0997206087
582239.2635499999,749344.5872401004
582239.2635499999,713444.6518804039
310092.07619999995,309789.0106579493
310092.07619999995,308541.1994890385
310092.07619999995,544947.0325831353
194010.580875,500049.3485268935
194010.580875,347622.4184498434
300557.9478,508317.4312196134
300557.9478,545974.47608266
813208.8764,906790.3938981061
376828.24895,341322.0082184264
376828.24895,341480.7151433329
376828.24895,447948.1706188085
487364.2826499999,453375.0193874563
263170.21005,339965.6684048042
568953.3579999999,607468.1593080472
568953.3579999999,750528.9333824152
568953.3579999999,600595.7222750162
568953.3579999999,696059.4644189284
622037.9445249999,708512.0119386656
622037.9445249999,641057.7077397839
313361.22024999995,282015.8550268526
313361.22024999995,512032.084798209
508809.420175,572013.8095508411
508809.420175,757368.7325471566
329894.2753,286092.61485754687
329894.2753,299777.2137852816
2587016.9191999994,1091321.6639172272
2587016.9191999994,1262325.8443751647
851767.005375,1059722.0707522153
851767.005375,781495.5516473246
851767.005375,781103.8760440073
851767.005375,1015454.6882553719
851767.005375,777280.4687757522
851767.005375,921935.1711169262
851767.005375,1058871.4160339674
851767.005375,1019323.9727228913
851767.005375,975776.3674305396
266600.494425,547234.5213941409
266600.494425,386581.5159013633
632251.985925,531403.8643102313
632251.985925,665756.706713388
346337.95154999994,426190.5982020066
346337.95154999994,433289.9039401434
720560.8165,963959.1787325741
720560.8165,1077784.5547430227
751965.4513,720369.5423558933
751965.4513,868277.4480428447
751965.4513,720473.0847977741
751965.4513,790734.7080822703
751965.4513,581894.4045462789
411467.7748,485228.1137579207
411467.7748,634036.0738415297
411467.7748,601180.7442224631
411467.7748,594224.9402593726
191382.90445,435312.7746024485
191382.90445,559844.6116337394
191382.90445,289007.76562103495
905040.7306999998,921947.8093370828
887835.37205,920415.9327465661
887835.37205,952732.3111371569
574566.708775,497338.83891374734
574566.708775,670228.9067462551
407592.1171250001,491123.0856916114
407592.1171250001,493143.5075243246
407592.1171250001,465470.143403137
407592.1171250001,591561.7583068477
552274.51875,548252.7962896053
552274.51875,617533.3725669868
494416.4505,394145.29213236313
494416.4505,379264.97548358404
494416.4505,486795.2068750962
580101.7225468749,720278.3650256556
580101.7225468749,864435.5122185028
580101.7225468749,868006.8949335297
580101.7225468749,865929.2607449619
580101.7225468749,868006.8949335297
580101.7225468749,998887.674638015
580101.7225468749,862833.6460631792
580101.7225468749,660792.5418976739
608969.2487,626259.6956038873
608969.2487,772225.1906911659
608969.2487,626758.8106257915
608969.2487,724502.2752619558
608969.2487,813144.107195491
382237.66565,651556.8736072036
382237.66565,396212.14352251263
409188.97805,466643.0944794911
409188.97805,555452.1015172608
409188.97805,652539.5048627151
1172691.7980000002,894553.7848364483
1172691.7980000002,753357.5019420806
1172691.7980000002,1111614.8582928488
1172691.7980000002,1106710.526561565
1172691.7980000002,1035510.6174299412
1172691.7980000002,1036683.6724278084
1172691.7980000002,842207.8677227285
1172691.7980000002,825773.075520972
1172691.7980000002,954814.2475934145
1172691.7980000002,909173.9749885111
258736.97265,533587.1140909848
258736.97265,250415.15431492392
498105.2197,303142.9144380439
498105.2197,471547.5728925104
640264.0362982142,889248.1043669943
640264.0362982142,1012657.2199288704
640264.0362982142,894903.495173252
640264.0362982142,1010823.2182205112
640264.0362982142,760605.7890556884
640264.0362982142,888094.4618735074
640264.0362982142,1012829.8656783672
640264.0362982142,894988.96229981
640264.0362982142,705211.1434034923
640264.0362982142,826789.5550078964
640264.0362982142,706143.4522525794
640264.0362982142,939719.9924742694
640264.0362982142,940958.8444919753
640264.0362982142,711540.9153325226
761176.8209999999,898964.697565325
761176.8209999999,915384.31323769
711132.4533249999,498077.723278614
711132.4533249999,782044.1463561546
711132.4533249999,636558.572740812
711132.4533249999,729352.3936873403
711132.4533249999,459801.20640242856
711132.4533249999,735180.0917210203
576471.396675,373404.8373799614
576471.396675,519329.5702544127
709379.831625,617317.2848344996
709379.831625,527969.1800278969
709379.831625,611636.7813609947
709379.831625,445802.8920708881
653865.26755,720678.7131700437
597410.1630000001,983695.9676118625
597410.1630000001,978273.0742186063
507253.1152374999,644263.0164192675
507253.1152374999,594760.4880667449
507253.1152374999,594861.0262783071
507253.1152374999,447724.36729621555
288766.90884999995,522499.47851980414
288766.90884999995,275015.2506086435
318845.8017,256263.61682071158
318845.8017,253972.8078692002
369751.1591,513811.4403647324
369751.1591,410050.5558300576
1434642.1358499995,964033.5763520167
513833.62945,474547.5782239251
513833.62945,472331.9543722715
836035.54412,1011670.5517567802
836035.54412,724720.9429920095
836035.54412,729586.2743633548
836035.54412,1011774.4299466076
836035.54412,1011045.4881246244
836035.54412,727497.1820759893
836035.54412,803152.5724315963
836035.54412,801382.889258631
836035.54412,666370.6665998772
836035.54412,803874.6854510758
869649.2205857143,512609.88624285616
869649.2205857143,804552.013149034
869649.2205857143,514161.32842231984
869649.2205857143,518103.1372147828
869649.2205857143,475692.2128459882
869649.2205857143,750097.5512062829
869649.2205857143,756447.0899545292
785021.5470999999,713110.3984289933
785021.5470999999,1007119.1717557337
785021.5470999999,803398.877351797
785021.5470999999,867793.9236636591
785021.5470999999,1084052.7152402657
785021.5470999999,715590.2270391189
785021.5470999999,1046351.1887068616
632207.268105,770594.2186694911
632207.268105,897566.6146657441
632207.268105,1009796.980593567
632207.268105,772183.8044306008
632207.268105,771071.2537983326
632207.268105,1085473.335206429
632207.268105,857230.4006840796
632207.268105,894776.6310906385
632207.268105,941704.6608111209
632207.268105,941028.7609936178
632207.268105,716326.5742703576
632207.268105,831283.7129934591
632207.268105,832457.5620801732
632207.268105,715738.4299802451
632207.268105,830474.4323922774
600159.4032999999,708574.7812597689
600159.4032999999,991492.1661745799
600159.4032999999,622968.536034036
600159.4032999999,989495.6337655104
600159.4032999999,918804.1963009636
507029.668375,752162.5822188811
507029.668375,609334.5617620829
679694.4599249999,676309.3773643081
679694.4599249999,592429.9170786297
679694.4599249999,523335.76832447044
679694.4599249999,690995.6619529384
715889.920625,970872.2791101639
715889.920625,835526.6225628017
715889.920625,766498.1822737084
715889.920625,1044380.836429042
715889.920625,831762.6762333472
715889.920625,630078.8922019252
715889.920625,775237.007054905
715889.920625,900000.9598918979
715889.920625,720391.0168979175
453580.87485,629119.5981510091
453580.87485,369036.56039138575
286375.629125,270189.3120750929
286375.629125,397545.4238484543
1449654.1688071429,1152350.6555529358
1449654.1688071429,1157721.873655989
1449654.1688071429,1152288.1375039904
1449654.1688071429,926845.3922786706
1449654.1688071429,1049380.6408548458
1449654.1688071429,1161439.9716934718
1449654.1688071429,1049380.6408548458
1449654.1688071429,1152475.2337782688
1449654.1688071429,969286.9788773202
1449654.1688071429,1112726.8522450193
1449654.1688071429,1073045.7942175167
1449654.1688071429,1072486.809712403
1449654.1688071429,850780.7783480154
1449654.1688071429,1061950.6787927276
208906.48074999996,382278.7138466787
208906.48074999996,339053.0439654309
352650.45185000007,441844.4003729193
352650.45185000007,305669.0175524404
352650.45185000007,513456.63462960353
352650.45185000007,530890.1110734331
327905.72135,394213.4710816085
327905.72135,267345.9413988473
507829.3859,618599.4189632111
507829.3859,351420.95540455106
671507.24195,611732.5492478358
671507.24195,764734.11257577
196931.88630000004,238985.05386866548
196931.88630000004,236723.30594983237
812875.2890571429,892300.2111097297
812875.2890571429,748693.2547551816
812875.2890571429,675643.3764938873
812875.2890571429,892500.0549734297
812875.2890571429,826948.4243096388
812875.2890571429,825674.1248197191
812875.2890571429,759923.2657534832
820882.3300000001,708415.5770340788
820882.3300000001,711940.6188438572
820882.3300000001,996501.8791552561
820882.3300000001,1067178.3070449103
820882.3300000001,995113.3266469742
820882.3300000001,650019.1188006682
820882.3300000001,648410.0029894819
820882.3300000001,922407.0755897239
820882.3300000001,787041.5858990387
1038471.34845,642590.6850591194
1038471.34845,790831.8613487781
1038471.34845,932289.4020566272
1038471.34845,643375.4951304864
1038471.34845,787096.4271881218
1038471.34845,727795.6693934951
1038471.34845,592149.5305280574
1038471.34845,864031.599745339
1038471.34845,851405.5073633951
329889.60205,313711.4785685552
329889.60205,323487.02715946827
329889.60205,402245.30615240533
838804.6293,792138.114277639
838804.6293,944072.7463076541
838804.6293,942770.2765242625
838804.6293,943422.5961980248
838804.6293,943639.5550419564
838804.6293,792748.6822847569
838804.6293,835655.9501464352
619234.9365500001,483475.41981701227
619234.9365500001,631748.8514640213
619234.9365500001,548519.5724472078
619234.9365500001,629054.9819726391
619234.9365500001,451456.7502833855
619234.9365500001,449530.6401488232
717606.3584,602725.0689615984
717606.3584,599577.2697785927
732670.532775,795735.966529655
732670.532775,629184.1366152993
614406.7341,704024.4301581193
614406.7341,752708.1965945376
436824.6151,581838.744951193
436824.6151,319805.4507051847
436824.6151,324554.09010015195
303648.81149999995,282835.0356356013
303648.81149999995,235636.74377978354
421002.2615,551255.9375598558
421002.2615,415550.5715528861
531970.3793749999,544954.8864571442
531970.3793749999,720180.6531943056
661010.7704,496316.73560312926
661010.7704,729398.9190987541
661010.7704,583813.002252535
661010.7704,546113.9823970223
661010.7704,546174.3385756398
661010.7704,438025.83805501636
830911.7497999999,903245.449915642
550607.863925,439832.02137622907
550607.863925,611611.0699015313
1084904.82995,1119105.8539173475
1084904.82995,842866.8560811105
525397.5199,716691.6764024693
525397.5199,682944.2392667221
525397.5199,366992.42753556464
765421.5759499999,651893.53392787
765421.5759499999,1012214.6674406335
765421.5759499999,911894.130570329
541628.41605,458591.5898287871
541628.41605,408867.18543210736
541628.41605,700249.1826200555
565333.3685999999,648513.6399930879
565333.3685999999,715938.0073714465
686080.02735,606785.9933649353
305071.42225,568100.3651156562
305071.42225,268897.629038198
659108.818975,534217.7545328457
659108.818975,663167.6520191821
837128.1145062499,981593.4519305639
837128.1145062499,1115841.4771689377
837128.1145062499,1032334.1131793752
837128.1145062499,1033938.4416173395
837128.1145062499,1028843.474522548
837128.1145062499,1112801.5748350697
837128.1145062499,742771.8839530604
837128.1145062499,770793.7372319155
120050.9929,320000.89233044686
120050.9929,321511.57840390864
120050.9929,446491.1930891015
611513.7643500001,427261.02688237716
611513.7643500001,739022.4313326095
618552.186409091,653582.537505778
618552.186409091,792328.7165625
618552.186409091,793838.1991315861
618552.186409091,794843.6333595006
618552.186409091,929919.3657427485
618552.186409091,793536.4231072097
618552.186409091,736671.6260873363
618552.186409091,870286.200358515
618552.186409091,606164.8162777498
618552.186409091,864812.6435655435
618552.186409091,888902.8184430378
810504.5887500001,768138.09836142
810504.5887500001,1032085.072304433
810504.5887500001,766194.6942126236
810504.5887500001,900928.420347699
810504.5887500001,1027570.4003248066
810504.5887500001,990100.1999754045
810504.5887500001,850409.0082414942
810504.5887500001,705214.15436095
810504.5887500001,956405.5480419162
810504.5887500001,956796.8816318173
810504.5887500001,834522.099324374
810504.5887500001,942556.6311329415
504699.93804999994,798221.3025976055
504699.93804999994,801651.6743404554
504699.93804999994,651177.887780395
504699.93804999994,606502.3598901692
611675.2319999998,762258.7347586552
611675.2319999998,579288.6330083725
611675.2319999998,576205.4664955378
611675.2319999998,411598.7038069366
244273.26500000004,377306.8606030705
244273.26500000004,391130.6348580017
244273.26500000004,239184.96628020157
529731.6041499999,715545.7371482142
529731.6041499999,790030.2448129007
436810.98169999995,637098.9575209972
436810.98169999995,621251.7024270906
436810.98169999995,372689.59692939784
374295.1464,338136.9226182267
374295.1464,645054.004832401
489650.44645,644860.6088738972
489650.44645,676551.0517665881
2481317.7185289473,1166298.1033405531
2481317.7185289473,1027902.3928201182
2481317.7185289473,1104085.6894485247
2481317.7185289473,1102700.058541222
2481317.7185289473,1165781.6930236036
2481317.7185289473,1105433.6064954794
2481317.7185289473,1225154.0473963176
2481317.7185289473,1026134.6188099456
2481317.7185289473,1165781.6930236036
2481317.7185289473,1160331.4740910127
2481317.7185289473,1041930.2765324377
2481317.7185289473,967200.5485664511
2481317.7185289473,1041075.1963538299
2481317.7185289473,1097592.0068693066
2481317.7185289473,1040714.8931060809
2481317.7185289473,1099124.8262031456
2481317.7185289473,1041361.7397072639
2481317.7185289473,1039619.9057871343
2481317.7185289473,1053921.7949571293
601739.6481499999,582995.3054847163
601739.6481499999,649557.785540923
513140.6109375,839620.7327685611
513140.6109375,649602.8752289504
513140.6109375,651613.864783403
513140.6109375,745051.6474961971
513140.6109375,463236.7375245893
513140.6109375,654915.5656775428
636117.251425,666266.7213291359
636117.251425,542049.6207274045
326279.87132499996,457285.7152183359
326279.87132499996,323766.27414178813
631599.23045,678754.593817371
631599.23045,399592.4573725704
605132.066825,951813.4666001913
605132.066825,1085030.8756304388
605132.066825,715841.2062248958
605132.066825,721290.89166827
605132.066825,1002382.7315131088
605132.066825,716870.4561334681
605132.066825,1004316.8658669712
436884.14422499994,789791.1219315309
436884.14422499994,576186.3249726351
436884.14422499994,794259.0742716771
436884.14422499994,648272.978958758
436884.14422499994,510443.98724987544
436884.14422499994,479163.051488939
2706611.5313999997,1245434.631985493
2706611.5313999997,1446005.3420510995
779230.432775,627805.5281443193
779230.432775,839509.6250546392
452131.9992,503728.59309445997
452131.9992,385831.6368410617
600983.4010999999,797127.0018932204
600983.4010999999,968637.5967028681
829712.9496999999,867941.0903260198
377984.59079999995,556692.9594397794
377984.59079999995,569306.3203802892
427908.4731,736051.662163258
427908.4731,740899.320587746
311202.947575,528915.2889859162
804774.744575,801676.4599445867
804774.744575,805792.5055310688
804774.744575,745649.1867238259
804774.744575,880355.4899015874
804774.744575,880971.7634154249
804774.744575,742094.4913716204
804774.744575,611008.7259543986
804774.744575,692361.7829847175
210922.63137499997,362619.61668906466
210922.63137499997,483820.86967156
593567.6473,491482.79920785513
691907.78445,817032.9505073141
691907.78445,1021661.8576243264
691907.78445,671535.593556606
691907.78445,816233.4443019287
691907.78445,675901.6455837376
691907.78445,883809.00849916
691907.78445,753102.8192617467
691907.78445,753526.8777607534
691907.78445,883034.2331217212
888898.7855363636,765962.8580648977
888898.7855363636,764712.0565827421
888898.7855363636,762114.1930592438
888898.7855363636,762114.1930592438
888898.7855363636,1037250.5010147266
888898.7855363636,1035166.8399090173
888898.7855363636,761537.0185479708
888898.7855363636,851042.1786289586
888898.7855363636,979560.672759285
888898.7855363636,833122.397718562
888898.7855363636,974116.9806947757
202046.887,307547.5446843999
202046.887,511554.93777034234
202046.887,519485.12036128243
379560.5779,549524.7123968822
379560.5779,447090.4714526279
737503.4104999999,672000.0343522602
737503.4104999999,664122.5231671545
547747.035225,693527.3097494527
556430.359525,957239.7134389677
556430.359525,940827.3894858614
137219.138875,236468.67407537345
736824.719325,636192.7328262035
736824.719325,867780.6630348418
2251613.2616000003,1038640.582720628
2251613.2616000003,1115513.653520417
555516.3117,561652.0770304521
555516.3117,569445.7636035132
357627.6600999999,416542.3257568217
357627.6600999999,391569.2560154523
428236.10195,423717.82383193384
428236.10195,291124.6721955422
746173.80525,690215.8237732628
746173.80525,959195.391954291
493757.8297,726745.3004221232
493757.8297,566691.7370453853
493757.8297,530468.5156004144
443470.19275,617395.1969254264
443470.19275,604534.1668616695
383727.05760000006,429247.7449021962
383727.05760000006,298262.79387932364
618371.173625,450282.2547627922
618371.173625,590119.3713938447
834668.11179,913254.8282579731
834668.11179,974119.5249557706
834668.11179,767485.149979712
834668.11179,762102.3161670815
834668.11179,854109.435842083
764956.347925,804057.9189778346
764956.347925,651219.3602967596
386545.74765,318863.02195489116
386545.74765,568498.1129837293
2446108.2042,1084225.2693672697
2446108.2042,1359553.409877779
379983.39329999994,402436.0448453661
379983.39329999994,402938.11376798165
403390.5652,536834.8115665375
403390.5652,560191.6703065996
302673.76635,450833.6669643607
302673.76635,451355.2434042624
302673.76635,322189.7059813452
559454.5490464286,645428.5547972727
559454.5490464286,502993.9921319734
559454.5490464286,829673.0747249086
559454.5490464286,508637.96340500074
559454.5490464286,734182.395669015
559454.5490464286,468515.0662769458
559454.5490464286,480317.15220720635
286604.99679999996,261905.00205307564
286604.99679999996,266026.99059249175
502477.90065,484673.23986491386
791899.4596571428,497728.11435152765
791899.4596571428,697267.7827567317
791899.4596571428,641064.0134673388
791899.4596571428,784004.6454764759
791899.4596571428,596305.7095804263
791899.4596571428,596680.3831819401
791899.4596571428,731891.5929385762
784940.0236999999,551262.8521071614
784940.0236999999,702725.8535016134
784940.0236999999,763012.4459887343
784940.0236999999,704906.4370615751
784940.0236999999,499811.4584541209
614922.9419999999,544211.8989346974
614922.9419999999,482594.6852851047
614922.9419999999,685501.0126435579
614922.9419999999,483256.5881041098
614922.9419999999,736894.4422580092
256274.81184999997,493628.5508392667
256274.81184999997,527211.5709060455
537670.9362499999,645520.0565835669
537670.9362499999,645055.4898907647
537670.9362499999,550960.3055032032
537670.9362499999,801323.043374901
783494.3768499999,850360.1369075654
302360.3389,548002.2674883143
302360.3389,279358.58885822876
711811.4881375,475555.89398485515
711811.4881375,621435.115035155
711811.4881375,766511.1922813391
711811.4881375,436054.01489824615
789597.9970400002,537318.850116452
789597.9970400002,763646.8097458406
789597.9970400002,478163.3287455586
789597.9970400002,715065.4922665616
789597.9970400002,725319.0659279092
661718.9944,1052473.7800542542
661718.9944,769913.2635286814
661718.9944,916689.6362186936
661718.9944,1055537.1614064723
661718.9944,917974.6099829795
661718.9944,1048899.384121771
661718.9944,1193958.449725926
522904.330975,540080.2451512769
522904.330975,738778.1673595691
572727.9088,943081.717256346
572727.9088,757460.2675006244
379221.45605,294640.8077912709
379221.45605,554736.9684449772
379221.45605,562438.1663989878
170944.19565,355514.2990481359
170944.19565,289201.0667465495
365908.4752,576647.522575394
365908.4752,300914.90038503235
365908.4752,505533.4170805686
356479.9938,275248.03452959703
356479.9938,550644.4485011073
946803.0324499998,936453.6901437726
2481773.4068500004,1053611.7608323353
2481773.4068500004,1442278.4492283142
444581.6758999999,436753.5856520841
444581.6758999999,511541.28965178056
805774.6787,595982.798081209
805774.6787,453801.650823797
805774.6787,506717.7754064114
325829.97474999994,388367.0008819465
325829.97474999994,337826.1842172031
662920.9495999999,903369.9490132271
662920.9495999999,603343.0240842485
662920.9495999999,598982.082470913
662920.9495999999,757849.9099585338
662920.9495999999,995083.1665875581
452235.24015,630933.3122653292
452235.24015,632109.071532656
452235.24015,593414.1922523456
292819.8413,481945.69704654254
292819.8413,343065.87789635034
292819.8413,592302.8793457791
846029.2501076923,967552.3572970754
846029.2501076923,751434.3052926472
846029.2501076923,1088556.2888843585
846029.2501076923,756289.8238473798
846029.2501076923,756289.8238473798
846029.2501076923,1018361.3850044175
846029.2501076923,888122.6381404352
846029.2501076923,941303.8099195244
846029.2501076923,943246.5185577571
846029.2501076923,694611.7204421294
846029.2501076923,821015.2350504448
846029.2501076923,694299.7018656301
846029.2501076923,828350.8479370999
411623.77024999994,705779.1435799346
411623.77024999994,473715.9749541032
411623.77024999994,706157.4411868164
411623.77024999994,408510.51934952673
2473559.49795,1092497.8559140833
2473559.49795,1351612.3554417533
426300.1711499999,512148.6688599426
426300.1711499999,664941.2716140666
426300.1711499999,372130.9033283178
426300.1711499999,497600.1341499091
588777.1450499999,604620.1145314958
588777.1450499999,605823.4976223992
588777.1450499999,466998.4473588727
588777.1450499999,575625.2919686055
622331.6984499999,488983.4866164478
622331.6984499999,846743.9592000765
467156.647,616187.9027534388
467156.647,468410.4814418096
467156.647,348942.2517508612
575961.106275,704187.8946012375
575961.106275,701183.6495085012
575961.106275,659903.1172291872
575961.106275,408107.4474026838
919430.0755,686458.9973995448
919430.0755,1121157.003425709
2412213.7674499997,1052308.9566134897
2412213.7674499997,1425515.1684073582
605148.3407999999,535341.2700795259
468984.83469999995,605199.0065462025
468984.83469999995,621021.2271448118
995446.3109499998,946176.8341241165
1153609.7085714284,769171.9168456309
1153609.7085714284,1066482.7441845355
1153609.7085714284,1059463.370990594
1153609.7085714284,1059343.3687476926
1153609.7085714284,1064646.2561468775
1153609.7085714284,922589.3269643242
1153609.7085714284,839744.7786523849
908000.5376,941455.0009330013
908000.5376,1028286.3256613207
908000.5376,1061477.39694675
908000.5376,946484.5893434164
908000.5376,1060914.6063994018
908000.5376,944859.6251776553
908000.5376,942568.5176684902
908000.5376,985644.5047297694
908000.5376,985267.6294255703
908000.5376,771648.6937905615
908000.5376,985493.999343756
908000.5376,750977.8912453771
908000.5376,872090.0808004768
908000.5376,861223.8337967051
539424.83266,797134.8934016485
539424.83266,794635.2617421937
539424.83266,507113.1081499172
539424.83266,794538.9698128377
539424.83266,656558.615596727
704636.52065,941297.9920328753
704636.52065,668864.823468253
207286.2232,223894.5064825489
207286.2232,423819.3896533644
306525.83109999995,293583.5707982898
306525.83109999995,269744.81160182576
483356.0803,471071.40293713176
483356.0803,759374.8786168753
483356.0803,759567.5989746794
483356.0803,422557.5329925344
874919.56464,1124529.1414118267
874919.56464,810887.6451797228
874919.56464,1049551.013302365
874919.56464,936042.1959760869
874919.56464,808306.0338351306
874919.56464,1126910.856002608
874919.56464,1016514.076137675
874919.56464,1051736.9248452159
874919.56464,975613.3363988821
874919.56464,750255.2220182183
874919.56464,772044.3697206007
874919.56464,866066.7496075906
874919.56464,750662.379252514
874919.56464,998989.7957587581
874919.56464,873558.2594901496
489607.50552000006,426027.1987981196
489607.50552000006,575326.7738925206
489607.50552000006,422990.19824980473
489607.50552000006,508887.57184557844
489607.50552000006,693405.3011757738
591954.1771249999,515049.2898101322
591954.1771249999,687182.8333723602
485802.327,356197.6339569254
485802.327,367030.8075121226
700227.0450666666,966458.8019348223
700227.0450666666,969275.5021188357
700227.0450666666,963270.3423159635
700227.0450666666,966669.1914049528
700227.0450666666,961870.0966869072
700227.0450666666,760682.6406681974
700227.0450666666,894503.1186627465
700227.0450666666,894420.921890853
700227.0450666666,863926.5627581818
598890.9745874999,490289.86318822077
598890.9745874999,493534.97458303254
598890.9745874999,783063.9667588576
598890.9745874999,600674.3138519297
2395203.0417000004,1147333.796019993
2395203.0417000004,1137963.918542697
412777.42087500007,440696.1053110822
412777.42087500007,576194.5358244962
608247.5031125001,422888.5474550983
608247.5031125001,709241.1434366554
608247.5031125001,525614.2998544014
608247.5031125001,395637.446919452
549453.5963428571,884657.577607968
549453.5963428571,741229.7548244818
549453.5963428571,743052.597305492
549453.5963428571,668721.2891877776
549453.5963428571,687221.36528117
549453.5963428571,822831.3726982012
549453.5963428571,698103.3039526383
635148.9590178572,505323.31549305946
635148.9590178572,651182.702450451
635148.9590178572,645645.4546403709
635148.9590178572,837307.5791837436
635148.9590178572,602218.2972792367
635148.9590178572,737692.8165798496
635148.9590178572,733972.1517064379
251166.4031999999,298557.07762288046
470421.0483,507464.85172843596
470421.0483,507646.2945420991
470421.0483,479364.6895581535
470421.0483,475060.8028122577
636815.38245,399857.71854956064
636815.38245,682228.1383327586
1103504.3586499998,975550.2261493143
1103504.3586499998,761773.4575839
518327.63025,578046.7073983008
518327.63025,473674.84405098594
727239.5339285714,669547.3819597487
727239.5339285714,954359.2556870561
727239.5339285714,812057.4691341852
727239.5339285714,666896.229165142
727239.5339285714,750328.1754365786
727239.5339285714,820139.8893736273
727239.5339285714,774475.1405240546
631194.8426,628970.2485078864
631194.8426,481342.5110609004
631194.8426,771004.6897836035
631194.8426,433590.38414867985
631194.8426,448261.98573196324
631194.8426,737307.2375368088
775667.3643333333,1027354.5560117776
775667.3643333333,677199.3597960005
775667.3643333333,681624.6201494187
775667.3643333333,901224.4826033157
775667.3643333333,760676.1028772758
775667.3643333333,625356.0962644763
775667.3643333333,759565.1588816757
775667.3643333333,890454.6657687147
775667.3643333333,889219.0025530262
221192.29262499997,529196.6392859442
221192.29262499997,327040.73379776615
425944.71355,641878.9332057985
425944.71355,488737.95214808435
425944.71355,290253.1890635791
583958.86289,870507.3828657153
583958.86289,575873.3741329085
583958.86289,574165.0472952643
583958.86289,931307.792811693
583958.86289,522138.759976064
627037.2244500001,432870.1578727695
627037.2244500001,430399.73853758397
627037.2244500001,481869.84224816697
627037.2244500001,534112.9151394784
627037.2244500001,534590.2091317315
627037.2244500001,545349.1041620958
236196.3869,452551.1321157914
236196.3869,317318.8261578598
363552.3844,307043.01418768207
363552.3844,568180.9930454126
363552.3844,284157.52216304163
814101.9434999999,596259.1388372043
814101.9434999999,656137.6009278742
518940.10385,815703.1073834972
518940.10385,582325.485283724
763811.734792857,950002.307016204
763811.734792857,713564.4671042036
763811.734792857,1001911.8206255469
763811.734792857,866680.1216410492
763811.734792857,1082645.8457963052
763811.734792857,950431.5399307406
763811.734792857,933069.3309372006
1024464.05245,1004496.8734266567
1024464.05245,698246.0514347659
1024464.05245,996887.807976609
555391.7642,509341.0881173117
555391.7642,522841.1548810603
552336.8111999999,824371.6341165234
552336.8111999999,826866.1592617735
552336.8111999999,589120.2558042908
1053269.60494375,821532.8162843607
1053269.60494375,975603.1144699345
1053269.60494375,823950.6767870594
1053269.60494375,818047.6973930016
1053269.60494375,821638.1436225091
1053269.60494375,973369.5530229737
1053269.60494375,975381.0334869472
1053269.60494375,1280647.4076655474
461706.4546499999,476661.40867514606
461706.4546499999,472584.08305329556
461706.4546499999,764475.2424926587
461706.4546499999,713188.0801418573
544243.3618999999,428044.68871772615
544243.3618999999,715305.6083499958
544243.3618999999,720006.7030421207
544243.3618999999,427856.73724983097
459660.7832,326308.8225946745
459660.7832,593279.8532140428
459660.7832,470830.2508087046
481148.66805,515197.3533669622
481148.66805,373249.58868886984
481148.66805,346132.852417609
745342.42096,681492.5527913913
745342.42096,772458.8152799305
745342.42096,486103.6440480051
745342.42096,584062.6262518043
745342.42096,724499.934276074
882768.9018333334,1002893.3673040479
882768.9018333334,1052817.265364363
882768.9018333334,917663.5229317371
882768.9018333334,910868.8007523431
882768.9018333334,916194.9587105956
882768.9018333334,910437.4639076423
882768.9018333334,839200.1715216043
882768.9018333334,701128.3159663425
882768.9018333334,700854.8392132997
617478.6855,859439.3712808953
617478.6855,651196.8416493157
413602.009925,617173.0422094848
413602.009925,491300.0670837577
713807.7847999999,792056.1643587387
713807.7847999999,639641.977060342
713807.7847999999,789890.6912833266
713807.7847999999,933621.2089363772
713807.7847999999,866921.9761725571
713807.7847999999,591629.2146050432
713807.7847999999,869645.779209032
465022.74889999995,652308.592173107
465022.74889999995,721670.0775163013
1008802.7468,792915.6794615474
1008802.7468,858587.5856389771
718325.6514500001,824585.2285697146
718325.6514500001,887119.5343841261
502936.9659999999,692104.4298994952
502936.9659999999,541740.9279368226
502936.9659999999,562286.691917212
874432.8431999999,735011.5126242248
874432.8431999999,918827.4792217021
583259.7427500001,449304.0018320611
615553.71125,1121971.4499167907
615553.71125,908793.3135817363
615553.71125,1000344.6300920191
615553.71125,1039452.6850291082
615553.71125,768272.5691003826
615553.71125,905926.0179362553
615553.71125,857879.4058374736
615553.71125,727678.8484064438
615553.71125,960924.5004899604
615553.71125,710643.3325684009
628075.774125,559052.8774234961
628075.774125,648192.9805997389
628075.774125,645087.2772449111
628075.774125,458916.4369269339
1122382.6449,934640.3200112708
616773.65855,443612.4215426124
616773.65855,778038.0609261688
333889.67309999996,654646.014667141
333889.67309999996,380357.5376544855
333889.67309999996,347255.74370504916
897338.9392499998,971698.217608718
897338.9392499998,761881.477110526
897338.9392499998,766030.2275347413
897338.9392499998,833998.2358971455
897338.9392499998,562980.4810984058
266830.7633749999,426759.0116177544
266830.7633749999,560143.3291038017
564198.2265875,664928.2525291748
564198.2265875,612782.0506559955
564198.2265875,471110.89791298937
564198.2265875,552047.2183054158
564198.2265875,435079.21344964206
564198.2265875,494160.5238446916
778161.8759,620187.9912150807
778161.8759,975488.241792168
665233.02165,569117.5880783654
665233.02165,426395.50209132716
665233.02165,604150.9970248948
489129.97069999995,658657.6125278149
489129.97069999995,369325.74727818905
489129.97069999995,475394.45286097215
292835.4780625,569263.3597755833
292835.4780625,571419.4999942408
292835.4780625,365799.9977881937
292835.4780625,273055.3848766124
423435.9332,400031.24089416175
423435.9332,599627.9860332897
531288.8583000001,639135.9383075831
531288.8583000001,697636.2604036103
447002.116,424998.9839732294
447002.116,703326.252651057
513909.716625,669925.9475299089
513909.716625,593911.4946329121
344793.81715,292678.3972959842
344793.81715,424245.8622202121
344793.81715,409727.4319364614
344793.81715,261867.20953450928
307365.03300000005,244434.71076171094
307365.03300000005,470340.53195903427
307365.03300000005,246664.44971304835
908215.09285,617997.5803989295
908215.09285,617694.4360283004
908215.09285,622602.0596849787
908215.09285,845749.5194358366
908215.09285,699783.43134219
908215.09285,914007.3096098007
250014.342025,596567.5147516001
250014.342025,470188.52130095183
413369.6024,289678.161916992
413369.6024,275270.09921639453
312165.9388,421436.9782801503
312165.9388,411716.8087020414
275232.6679,271605.5285186152
275232.6679,250870.066173675
349835.53400000004,547753.8743900108
349835.53400000004,504756.22170446266
218458.3526,376642.9342409292
218458.3526,370205.7290599821
218458.3526,356124.60438484256
562560.5236499999,673050.9609820836
562560.5236499999,591930.8333053879
698698.6524500002,650098.620020765
698698.6524500002,576176.6980899456
613649.0219999999,619850.8918566874
613649.0219999999,624862.3418595275
613649.0219999999,770927.5491628163
613649.0219999999,451957.59027250664
661323.3129499999,584318.7713706442
661323.3129499999,577317.8067266431
661323.3129499999,670217.5496159792
665667.3237711538,1026320.9605651242
665667.3237711538,908996.6140031087
665667.3237711538,992614.3827283727
665667.3237711538,911490.7091725793
665667.3237711538,992124.377440815
665667.3237711538,1106070.5414372252
665667.3237711538,908822.9858570074
665667.3237711538,976376.6346212962
665667.3237711538,955263.7281916753
665667.3237711538,841044.9285680699
665667.3237711538,841300.5157739319
665667.3237711538,742168.1139451052
665667.3237711538,722394.2256200147
327163.560875,427910.09515605465
327163.560875,265642.5729606529
553294.8226500001,662307.6154771594
553294.8226500001,802993.390322858
615932.702825,681044.5733733547
615932.702825,748544.9480499253
615932.702825,751583.9740225197
615932.702825,746000.5722248096
615932.702825,881013.1854650489
615932.702825,693158.625109366
615932.702825,692689.1903932114
615932.702825,693898.352215728
615932.702825,824789.6201420252
615932.702825,691736.5185214211
712886.7049499999,977990.4603378478
712886.7049499999,835379.1143774727
712886.7049499999,681288.6271378065
712886.7049499999,675616.1334830268
712886.7049499999,832833.5994956204
712886.7049499999,870587.1307787776
882907.0326285715,663373.1112461529
882907.0326285715,806571.5006832845
882907.0326285715,942907.6885655781
882907.0326285715,888613.1596199609
882907.0326285715,682517.0021974371
882907.0326285715,820435.5870598234
882907.0326285715,558640.1314514456
309801.68220000004,384984.6775921084
309801.68220000004,372050.0993974702
283994.7292,551318.360925517
283994.7292,270677.7238149123
283994.7292,522921.0157306571
432138.908,477206.40546573256
432138.908,337927.5040054722
432138.908,454044.1162413608
588808.4825249999,623731.5956876831
588808.4825249999,762747.6280016138
263999.9414,339106.3642482546
263999.9414,603317.835145439
263999.9414,623970.672588163
564541.803575,777917.9938516533
564541.803575,542730.439954062
564541.803575,683511.2650494574
564541.803575,454876.860646388
316838.77047499997,546585.5546552035
316838.77047499997,363469.388600238
631913.4761499999,465025.71457885235
631913.4761499999,550980.3975184944
601644.5349772729,993675.8780776167
601644.5349772729,1068940.4980430042
601644.5349772729,997190.4865401092
601644.5349772729,948000.1548327844
601644.5349772729,869370.0890498323
601644.5349772729,869278.5313969242
601644.5349772729,731783.5356214988
601644.5349772729,921455.1417214542
601644.5349772729,673280.1609868709
601644.5349772729,672418.9353006249
601644.5349772729,1112989.6597215421
353182.2987,453295.4674594922
353182.2987,626671.2685590045
578271.21795,662773.2869535218
578271.21795,609405.65851878
578271.21795,805615.1090675158
578271.21795,714560.0951772921
511811.50783,785535.8802714291
511811.50783,496312.7465621238
511811.50783,496768.30602577113
511811.50783,778771.8750480847
511811.50783,461915.5684643625
356893.19345,431514.91464803286
356893.19345,276026.15572816983
557019.9403,436747.37179111416
557019.9403,509976.5683878065
639172.23328,470110.8916616537
639172.23328,612482.94118661
639172.23328,530785.3617771548
639172.23328,554004.0513686653
639172.23328,710000.5600767889
206791.03015,491030.7830339646
206791.03015,203316.06920488458
1247741.9185,1135865.957826884
1247741.9185,958446.9364260436
1247741.9185,1000775.1557101496
1247741.9185,860365.785386063
1247741.9185,1235809.2009073563
1247741.9185,1000997.6239791338
1247741.9185,858346.9586435584
1247741.9185,1006777.1237834531
1247741.9185,1047328.2801950343
900409.7658500001,918428.5439318559
900409.7658500001,616734.1451671624
900409.7658500001,917783.4707133783
900409.7658500001,614981.7267839718
900409.7658500001,910566.6535953854
900409.7658500001,640915.0002253897
588106.02025,509039.5907469129
588106.02025,944904.3534313344
504480.2765999999,463995.53840079973
504480.2765999999,605885.4882686499
504480.2765999999,588470.2110627971
355011.3729,467460.47764995846
355011.3729,444529.97831402277
661864.8029,795524.7047759395
661864.8029,655267.3616637237
661864.8029,792147.9294648655
661864.8029,997700.0357097016
661864.8029,995059.1638493103
661864.8029,864468.1361642396
661864.8029,864544.3074585708
661864.8029,601843.4838160169
661864.8029,865833.2668181376
503961.31729999994,723593.2432378028
503961.31729999994,787574.5807722667
405011.5670375,620411.728399646
405011.5670375,336335.9311901136
405011.5670375,320239.5795405259
405011.5670375,438327.39627121465
311391.96494999994,579573.364976635
311391.96494999994,523412.54445107863
545692.47395,428555.218364081
545692.47395,730968.8380470456
545692.47395,761480.3887354761
545692.47395,536347.023043938
545692.47395,711358.0797875368
732138.835259375,665948.1580129571
732138.835259375,954715.6123352583
732138.835259375,954715.6123352583
732138.835259375,811620.4734854782
732138.835259375,1023546.74753054
732138.835259375,610583.6773962444
732138.835259375,881357.6559406426
732138.835259375,615439.6164400037
240453.9689,546970.5985995934
240453.9689,527461.3874696989
891172.6179,883720.1858036083
