source_row,y_true,y_pred
0,1308572.6141249998,1238236.45677054
1,616447.4852461539,638935.1604226419
2,526454.5516,512302.30563977954
3,523064.843775,558368.6472073422
4,531280.8148500001,562326.8057848113
5,619471.42979,626813.4364135244
6,474903.254575,460571.8535544157
7,509804.81525,420472.06822402496
8,765082.86291,769170.2446952673
9,382040.31000000006,382711.96006775904
10,583078.4212499999,568927.7741557764
11,1129433.3427,1175915.6315864243
12,298042.8848,244287.12636319004
13,206951.4019,204763.46736922045
14,409176.57,388567.5465288997
15,456839.93533750006,455731.3840800118
16,359154.0111499999,368202.430952413
17,541893.435075,556991.6834129819
18,634151.895,636263.4747057933
19,545971.6334249999,518391.03610731766
20,705205.7221999998,701769.1251370658
21,520558.027675,524140.4575466532
22,310714.38769999996,330428.49373740715
23,319021.60755,313386.9971624735
24,211859.10984999995,211021.2061290552
25,406336.407525,401819.11560480885
26,773163.6871699999,762099.5005650638
27,504076.5344999999,616525.7046179775
28,649177.29085,642908.7821829906
29,247102.25100000005,252229.4712756674
30,755502.3263374999,781931.2398437798
31,694461.3599825,685325.4341950376
32,618016.6634788461,640365.6645356196
33,210328.93925,203604.62871282938
34,359183.34375000006,358631.1692677563
35,689117.39475,674434.6366240768
36,546139.69445,562679.7267355376
37,908143.7746428573,910130.1406176856
38,313614.70930000005,304355.95441433386
39,291533.09285,299231.15924191236
40,552345.1300295455,556254.0232152172
41,430714.313125,438799.86477159284
42,732366.1211500001,702214.5084277259
43,612060.55515,599675.5882916267
44,933935.837725,890463.6757341673
45,560564.400425,565573.2795485298
46,666295.2687545455,653450.320927051
47,1379520.1148500002,1291254.7279975691
48,425143.61821250006,451620.42544203595
49,1140741.5315,1102322.0666162595
50,559074.09008,632673.6165187759
51,614978.4657500001,612300.3736712874
52,533513.7479,546068.8485970737
53,456293.986255,469285.98147155315
54,391361.6804999999,410248.97210547415
55,342063.22429999994,331645.7453794543
56,617370.7261,639448.7772274687
57,781993.3533999999,723240.9647840122
58,855780.7550857143,816952.2761294736
59,758392.403325,763123.6564898398
60,581976.5952,614387.7333736583
61,678260.7776249999,710460.7530140134
62,667018.7695499999,575631.2106004651
63,911319.7874,878437.420696352
64,676955.8558000001,669561.2428499793
65,648940.5222299999,640640.7664245324
66,880092.1386,883944.686261198
67,571067.6203749999,583726.9563454639
68,279533.26185,276569.54519490513
69,408585.419375,404145.01126550493
70,479558.1389000001,460032.39596708294
71,480154.48259999993,559263.409687139
72,495849.8783875,493384.1733992388
73,269424.1169,275506.9598816069
74,570183.5173076923,600468.2992707423
75,548071.9634499999,568309.7309522191
76,491262.3649,521413.6713706981
77,879325.621794643,894779.1552265661
78,552074.8833999999,569654.2359321684
79,663761.8115,669005.1528890155
80,310743.015725,302984.4159978061
81,246589.13687500003,244383.82599557
82,806290.59917,830071.9778915105
83,377697.09285,315797.3203719394
84,306184.485475,315984.82500258577
85,165837.92939999996,166070.50082112648
86,2514910.2762,2564008.18399588
87,420476.557575,425746.5894018209
88,384611.4309375,407063.3083855785
89,528260.29355,543085.2640400119
90,167346.89449999997,138213.3956730743
91,1235963.3314,1246946.2425105178
92,657417.3061500001,625044.5272436001
93,810956.7611357142,793713.8484681993
94,223939.69145,232489.07849833838
95,606041.0411,597863.1867132832
96,769558.1231,725444.7400456411
97,467500.83885,461205.1075768288
98,548652.4010000001,578483.3654313678
99,468866.38914999994,400150.8519492869
100,451673.21455,474294.813271659
101,742722.96035,756485.9909128578
102,702831.18997,665391.1109376026
103,647925.17195,657204.5616298101
104,483034.7959125,507409.42359356023
105,526904.70465,550971.5784745394
106,305997.51275,311034.0660705576
107,509838.6425,480620.9694498719
108,528030.11785,556558.8709412662
109,410467.9351,388570.51784302667
110,382050.55905,456436.2607694904
111,554289.064,540707.8314182945
112,360155.59864999994,345063.91708315676
113,488229.4219,483465.9347199279
114,643680.0221846154,643768.5091285913
115,632591.29505,655072.5433522919
116,349356.99635000003,337531.84660960716
117,382807.7502999999,397512.1648717803
118,373456.5654,365383.27999359975
119,900370.6259749999,917028.2097058801
120,278502.91349999997,292994.6792577197
121,634832.3776,616664.7953836462
122,564751.5032,530836.0543836679
123,811477.0619999999,788208.9330140207
124,698948.8566,675942.0930263686
125,700926.3893,711910.4184578359
126,280393.85932499997,278145.3006696288
127,337506.88089999993,327359.11909568665
128,620792.7564500001,621558.985506603
129,270435.14294999995,287550.48234574765
130,925753.9795,943993.0983314384
131,746636.15127,631457.7024289526
132,827827.4546214286,862313.8747792473
133,554397.4492,564153.5770497016
134,603782.9740499998,538220.719683074
135,515126.72134999995,513112.06870670314
136,690071.1366999999,566938.9556402616
137,347722.62480000005,327249.18308965955
138,446754.438925,461341.53690013563
139,931281.8501,966189.1664741744
140,203651.3479,210329.4146347405
141,522175.45689999993,503832.4956012956
142,590543.4293625,583589.7812383496
143,1186179.3133,1198184.0860212373
144,783474.3189,789098.7284162019
145,389074.4243,389230.82393649826
146,808869.1699562501,779905.8716288705
147,529557.9038714286,560097.2287304497
148,576218.7807599999,580259.1981593445
149,614008.59925,597753.857371365
150,2859681.221975,2772975.790832189
151,454729.209675,446608.8430933703
152,1028836.1677,1002525.4299573015
153,566642.663475,596278.0490448505
154,299922.14284999995,365064.41180020827
155,357503.58450000006,358480.3521359214
156,444468.1582999999,456577.9899809719
157,233295.5958,214841.65423940285
158,459324.37485,559283.9950796269
159,269320.86579999997,261861.24213815335
160,414059.41734999995,393099.95012772095
161,364340.33062499994,387253.91933299584
162,654180.5851499999,641779.5862895848
163,770427.2929199999,728187.644129145
164,209244.69524999996,212352.96132653768
165,687930.9080875,708319.7645391482
166,341215.12020000006,339013.08416150266
167,490785.21407999995,482427.6760942392
168,583952.9546749999,550410.6643709189
169,389963.720725,392409.39045243454
170,598859.185025,596625.104318253
171,461629.6036624999,452547.0473645101
172,129687.0399,143047.11635680427
173,420136.0548,428661.89989590226
174,315166.39495,298767.19474154286
175,233426.3367,184930.60899666755
176,420260.9168999999,410920.72819074657
177,607572.654375,633446.0974425678
178,515863.58005,533784.232402355
179,754069.7559250001,640387.7559045607
180,709065.18,728634.2596893046
181,209692.836225,205730.21188540972
182,296490.17124999996,304139.51977222913
183,660966.01125,664065.510376167
184,515490.23425,532179.3953838216
185,571541.8578,538239.1850272752
186,355503.60079999996,365974.8891858896
187,648874.016875,670795.5604022278
188,884202.927725,884051.8864445967
189,651832.8402499999,547159.2751308419
190,644698.87255,654811.4052027726
191,381602.3383,363739.7707052949
192,555118.4643,547601.2840400446
193,480052.36615,480874.49737448624
194,512880.4743,511780.7840938008
195,230169.55125,228691.01584584103
196,580838.3984250001,576534.1130435234
197,893991.39095,915050.4085634181
198,306662.92104999995,298871.0503993515
199,621469.0346,687940.9240773394
200,1211971.7100999998,1206394.2067102608
201,548875.5834,571768.8413785592
202,359326.337,406137.63192335836
203,682573.1853000001,806567.5621156624
204,637351.4662583333,629715.4585625364
205,870001.4345999999,862188.6919319083
206,792816.8802499999,746245.7138121789
207,613557.7044,603371.6042521578
208,464183.37745,481702.2604441471
209,225581.20670000004,210927.50665893502
210,623278.1614625,705117.5033810345
211,580582.667815625,562966.3711996234
212,617419.9465250002,617146.8712747961
213,1284259.98142,1227603.5072663224
214,1229943.552125,1206056.0661896237
215,490321.4736,459639.64264797035
216,2352365.3315764708,2393528.11701738
217,371763.1267,380486.06956673844
218,603966.0353999999,621562.1266022867
219,531378.2236250001,553700.1487241862
220,572888.2480499999,588196.1171895902
221,1411969.3010285716,1406377.8919835442
222,892471.840355,855853.3861871625
223,416953.4089499999,437107.28898953454
224,167490.92270000002,170423.39242848443
225,469159.66614999995,489221.3062137712
226,257437.0867,242053.1169818927
227,435215.9535499999,444537.7159142136
228,239454.77764999997,235187.2175018977
229,630268.7074999999,641778.0906143948
230,848958.3288687499,857985.134842441
231,810971.49,829915.2353662258
232,772526.3161500001,685472.9234993807
233,298147.59418749996,296553.1953730524
234,931612.1136000002,933164.0386755663
235,837154.1573999999,835579.3757907641
236,404874.4166,420342.14406775206
237,571457.70695,576051.8660842734
238,434417.9785,406462.35555749683
239,469767.1804,417022.2694513031
240,541333.1305499999,544947.4151398069
241,518901.4601249999,524687.1916735123
242,743012.1152499999,741294.3571276937
243,1208270.9983,1198015.7917994158
244,524920.9537249999,539787.8141538778
245,835188.1156499999,795402.3287499084
246,249777.192,270213.19894187304
247,230089.95195,235193.1736042983
248,721379.8398571429,751806.0384073578
249,534517.69291,510806.720885527
250,751610.0269999999,764634.7665554265
251,350041.38564999995,336525.3221880961
252,391527.5382,391822.4931774379
253,485894.15699999995,493601.5670851127
254,278297.50325,264456.43147008365
255,740082.612675,751167.811146438
256,876946.879525,892941.948672041
257,595056.6766,597528.9261315508
258,608295.7539499999,591395.4879923997
259,541224.95845,522603.71100676013
260,820631.0266,819835.8987675814
261,592258.703425,612699.9052861449
262,521026.94709999993,536368.4971340469
263,210805.4054,230030.83634545334
264,295753.8705375,297751.0204035253
265,335184.00904999994,347195.17066766636
266,643285.2285999999,649066.1327509186
267,542852.86895,547087.773963176
268,622231.6751999999,610687.3988475385
269,699473.6653999999,719706.4949210823
270,897051.6325749999,897829.9851068631
271,465280.83665,472050.36243878014
272,797597.2322499999,764911.5660119702
273,1128178.6412909091,1111661.6762251563
274,597824.6782916667,607621.4702470839
275,610844.72811,528773.6385588918
276,441029.13195,444631.40890594106
277,301169.2113,304992.15947337565
278,438958.86509999994,467749.23595280584
279,569376.8224500001,583322.9598406805
280,520327.31260000006,536206.3495616362
281,843242.8839275,821193.4525234031
282,483841.0978875,490969.23214017076
283,310189.89295,304359.0883403685
284,737913.729275,730460.8126546374
285,445942.7796,451166.36325669667
286,391825.4357,398288.1101480645
287,1406629.6752076924,1400212.4947637073
288,644296.7095428571,628262.5227812695
289,1349978.22237,1374436.501301508
290,375259.1130875,376834.14867439854
291,423561.186,425633.1075186292
292,574697.9102,594312.6131068035
293,407802.09085,414237.41929884173
294,424730.16114999994,421024.97757351253
295,167029.095,141701.51329981707
296,1252313.9216,1283635.7873828297
297,406105.9578750001,464195.0102894155
298,259287.21525,261163.97318004962
299,476423.57829999994,462697.95721082116
300,294334.65179999993,303833.43050232396
301,501245.26459,496749.38614200696
302,295179.66915000003,285656.4301992797
303,746416.1365,751288.0276242597
304,473537.9564,499782.70730386145
305,441035.96282500005,461567.23340254254
306,224624.30985,219386.66092676984
307,520900.414875,459850.42707543506
308,443157.075625,415952.8392320591
309,376481.5495,410491.10709320125
310,318390.00139999995,307913.4473984265
311,196782.47620000003,215858.82057206216
312,632228.8298156249,648508.5753921521
313,398022.893,398309.15725122904
314,291568.755425,275621.7039069616
315,442468.61305,413443.67342433217
316,485522.757425,472868.7837277893
317,577778.9367249999,621484.0189378215
318,413110.2901,431521.5338410024
319,572926.3114000001,592824.1509576393
320,930859.9999357142,932403.4058510612
321,808263.1826499999,796101.7538587594
322,617061.247175,594449.6754536976
323,740894.3337,760257.250368715
324,418731.10305,401356.37068784144
325,602258.5545249999,597833.5928665474
326,427591.64699999994,436696.58243926486
327,576337.0465499999,598243.5901781525
328,200612.64795,204722.7957931091
329,826836.9841357142,802364.2006861443
330,560172.7097,558954.8263762285
331,306793.06955,294624.2085190626
332,369292.99255,363661.0576998546
333,928493.8942,933960.6512921947
334,200004.26104999997,206953.63405106275
335,1132775.9318999995,1162393.7999388238
336,667313.76405,682643.8753696703
337,761834.7430909091,783216.3691396742
338,691430.8363000001,704602.7330238263
339,738505.2592,755618.7658378712
340,487948.8979875,486387.2860812147
341,870804.3135249999,864227.8584448268
342,377941.4703,352576.9476206297
343,257601.7161,262639.1910058107
344,334813.442375,380005.987127727
345,757802.47285,714597.5428063152
346,2753735.11355,2783187.497026049
347,896571.804792857,930238.7527604869
348,679854.4795499999,668283.638884801
349,575317.3573124999,571553.4183324393
350,616879.6402625,597438.8203476972
351,630147.9891,622667.6804322202
352,457930.8542,449175.4486812855
353,277408.38287499995,270930.2975352905
354,809891.5524799998,832269.1894350587
355,544720.4721899999,559610.795810465
356,887480.9742227274,898883.992670185
357,583340.2982,583472.3461632322
358,387306.326425,376131.3878182083
359,490187.7066499999,502688.4261992381
360,766756.922425,733056.5645808184
361,333286.81539999996,343164.7631503856
362,573549.8543,592025.876294462
363,704083.1334599999,686780.0156380043
364,317551.11675,321357.42268396355
365,761379.5785,756975.4206395065
366,540606.5118,590842.9350295744
367,416185.41656249994,407938.0860233134
368,440625.7436000001,459391.56970580865
369,393442.86612500006,402084.85197326704
370,733549.4494500001,746423.895521236
371,752007.4013999999,617513.4996482064
372,199927.51975,205460.48596510827
373,829130.7632999999,847727.6286852314
374,566930.0543,579267.5453995173
375,686837.73355,668898.0103538648
376,792269.24624375,802795.7506990284
377,317038.74960000004,305906.70251153834
378,884331.94661875,934698.878519351
379,603929.3804125,620927.6603810117
380,809497.1440999999,828004.4724947929
381,797261.2566000001,802828.7164648362
382,551990.244375,566041.054645643
383,370337.60815,378834.294051477
384,548411.8541,492919.3399575797
385,1302868.73274,1271257.283224894
386,786980.10745,811577.2413477869
387,820433.7842499999,836147.3658862442
388,557528.33475,559187.296775282
389,557177.32235,562777.0765391975
390,671854.7032964285,674488.4430962389
391,1135275.66555,1084963.8663054784
392,632560.87295,651965.195026094
393,582344.62875,617527.1183230206
394,592294.6002999998,603295.0480997637
395,2856137.1766499993,2791045.1922676666
396,911689.77,920170.0369150462
397,343684.66714999994,351215.81086254085
398,662716.5816999999,672561.3967789365
399,638489.205,665458.0836498613
400,445881.2400000001,524573.2929800363
401,425123.8420499999,405505.1830092002
402,583966.9837999999,567276.6059819702
403,496211.22185,593550.4403632269
404,832426.0670499998,826290.31679432
405,644705.9351000001,628859.5083297426
406,549106.4233499999,582875.3002140586
407,245469.5388,188038.85615984956
408,712845.85595,686847.2933245543
409,555054.1747,553424.2862231452
410,217117.0375,222150.12066197762
411,242429.1691499999,235626.01200150978
412,509976.7063,507099.4011320162
413,900886.17355,909305.7002784635
414,586714.4555,580226.8358707507
415,709828.02272,607349.2218344131
416,803363.1031499999,790178.515035668
417,589960.6132749999,592154.0499097141
418,560811.006525,557151.3080804567
419,894342.4953749997,888228.3453205943
420,683288.38495,687416.2092198282
421,1295854.3802000002,1275846.5174585371
422,780127.3842999999,683083.6416712955
423,463911.55525,469757.2624424671
424,526034.289475,540120.2749104095
425,787546.9647,765638.7251982507
426,801938.6296500001,830038.194807241
427,255811.78235,264093.9984662204
428,805060.2847954547,829156.5657001524
429,625035.970375,595244.7324226787
430,664299.2960999999,622350.1219211228
431,502172.1154,473736.6936799062
432,689913.7599519232,653904.8439197436
433,417955.13239999994,425429.4838069498
434,351333.5359999999,336048.36554916215
435,533767.5445500001,545159.3397889861
436,743941.7768999999,754609.2897591678
437,674325.1360749999,658157.5795010801
438,211647.85,211695.58887585782
439,411844.14615,403133.32455685583
440,771412.8150000001,757586.0271607654
441,617352.6000750001,606895.0673095433
442,322007.56105,317203.92012284853
443,481862.08514999994,507339.71005715494
444,637721.91995,644637.0938181543
445,689661.1072000001,584109.2640252183
446,329440.86909999995,282985.90754669416
447,641342.247675,661076.3602027253
448,853214.5129999998,848236.2662497179
449,298935.27994999994,312475.4253309635
450,268751.66809999995,281778.7470184474
451,1166174.9240499998,1206507.136145447
452,980990.1626499998,996753.5694307912
453,494521.3757,568637.6932808443
454,502442.23649999994,500609.93194670265
455,406687.41303125,407057.023793129
456,1248559.08955,1258418.5664597703
457,643068.1036999999,656969.4814269855
458,237933.9711,253502.0367273709
459,556072.7335999999,457618.148423349
460,1241625.2358499998,1227535.2755011395
461,530990.79775,538387.183683181
462,268408.85014999995,261104.03354665934
463,453531.6022000001,449237.60805260134
464,571384.2674928571,594892.1689814084
465,586082.5220000001,634243.8155650427
466,837561.009075,805302.6340075587
467,726230.5756249999,721696.0775050939
468,649275.53736,619047.5144681883
469,382935.48715,398496.4649573724
470,601925.8292500001,520926.2756108695
471,613201.8245999999,628314.1740712805
472,503557.2101,478352.81115647126
473,1245517.69205,1223006.4704393276
474,2209250.2270999993,2289565.1823570975
475,304445.9372499999,363458.8327627581
476,561902.1001500001,542078.1537598809
477,321616.385075,309817.208793506
478,210699.84064999997,204488.6272634097
479,194802.46059999996,194490.76123033397
480,579409.3662874999,594648.3921382575
481,602165.965125,593953.218487171
482,876850.485375,865446.7697208219
483,2675350.1583,2600553.466715462
484,423343.0265999999,417940.43481361785
485,615747.2644749999,590132.9872780079
486,406976.779925,416513.4668466451
487,663220.5075,661829.4250538431
488,774757.8792499999,781225.8236588442
489,731886.4293499999,623711.7718519856
490,299516.11100000003,308621.2092837625
491,206192.97354999997,211021.2061290552
492,301515.25055000006,294002.2868363357
493,496266.334175,476829.56802225515
494,353685.60865,302002.4850235444
495,567878.2721875,595867.6528156364
496,684415.7341076924,668299.5695566551
497,329896.2261,338261.5397329351
498,848049.3257749999,839402.0715350641
499,583740.07895,592216.0075202496
500,768274.2358499999,760489.4464031351
501,573121.74155,562048.5339007487
502,284432.0749375,279868.35328556923
503,541933.62775,541613.2762683361
504,477728.72795,469918.13053918973
505,230833.757,228610.63388119618
506,355020.536725,359364.10116662434
507,210043.759125,192026.71462179447
508,441258.4474999999,437452.46615528496
509,600155.5678999999,612875.1903986213
510,1305511.5944,1305767.5564926362
511,352282.4483,372860.8036277025
512,657823.0316,694346.1790421829
513,677207.6116999999,669902.3701660567
514,165415.55109999998,181299.37739089155
515,467832.2373999999,478461.56294203695
516,615486.3764,591677.2813188287
517,532880.416,525420.6149967165
518,247745.02365,242292.15412990755
519,225020.11400000003,224118.25754175615
520,344050.794,342043.7389375756
521,376499.525825,349669.9915248921
522,390585.9555,398938.44611930894
523,739559.45175,731016.9308962614
524,588854.2993000001,599431.363250327
525,1234961.923825,1239210.1834999288
526,566051.2098125,573946.8722303578
527,156890.98325,137012.57304848477
528,429737.28555,369703.93649790325
529,616271.930746875,629191.2224817899
530,235577.70895,260091.48430869658
531,575725.939675,568965.6370861405
532,543547.6873699999,570829.0713486035
533,2434956.4020058825,2418217.786482661
534,319272.3856,324926.74197916326
535,664498.42408,753227.0062034564
536,691504.76405,697591.4642062006
537,516162.1640500001,531765.2436055113
538,557099.9051249999,561979.1012950125
539,833601.451875,851696.159048655
540,226825.06469999996,230886.99148912364
541,209629.38435,209593.9145554289
542,343277.4414,343202.470942149
543,855776.9781999999,829500.9005635086
544,985984.162015,943002.8921416241
545,774805.3934999999,796939.6991775358
546,485018.54789999995,496995.835931175
547,648077.95035,671629.2681249451
548,576753.5751,569561.9255368647
549,125322.800625,128232.82595966289
550,532631.3596999999,536131.9200899077
551,504331.8115,482287.9408846942
552,618419.5413,659216.1625490073
553,456929.56775,529360.3451154273
554,718006.33477,688178.085114531
555,506454.5211,537688.1791542692
556,837493.92287,802349.6943340184
557,669526.1923749999,674586.0259194641
558,588613.7228,587894.0760437264
559,2733812.54985,2752894.0317077017
560,492967.3415,556658.3247078911
561,522366.352,503850.117332106
562,148008.57925,139094.54303288623
563,378665.08965,381794.0567988475
564,296201.831825,306880.63162291155
565,321984.93350000004,316912.92864789773
566,610886.19775,619769.2589119591
567,316472.9545,365126.45611544023
568,715171.9839071428,717521.9204226838
569,698158.1394,709455.1059969187
570,392946.921675,381325.96424800303
571,430551.800325,425436.37018828094
572,2373680.68465,2457353.70108815
573,558329.8827,590527.1346351645
574,2252481.2955,2237511.604606278
575,274635.3541,246944.97280086155
576,394103.3404,405196.1101053755
577,470862.3670899999,476236.7346488498
578,472785.5423,472929.0306313135
579,608612.9930499999,586967.6366599848
580,729280.8300750001,752589.6382007957
581,331414.95685,296198.9872226978
582,388726.36895,406517.43058556726
583,908666.94085,879887.3443966067
584,518160.81745,549899.6432755298
585,534543.63935,536393.6049857463
586,835622.730625,845364.9234924784
587,245977.71419999996,256310.23347451835
588,369525.1366,371511.9222407724
589,289418.22864999995,292456.0332084459
590,552498.53825,574312.703185791
591,649980.33375625,650587.4347669757
592,567006.8128999999,594794.723176837
593,659497.7516,627777.2849831036
594,894039.4939,930845.9572990761
595,496641.4584999999,486757.077284655
596,621800.5806999999,626384.8933604751
597,285984.6029,281541.3712076368
598,617157.10975,617132.1163722468
599,511919.56525,536697.8729761128
600,385291.964025,426363.446748893
601,353320.78394999995,345017.5947764317
602,355154.487475,367593.5443310609
603,666441.305025,649014.6824753664
604,387306.8457,393154.71096492285
605,247116.23562499997,252836.83779417307
606,638227.3494874999,546037.5135756943
607,737229.2979714286,727309.1977651931
608,461867.8152833333,458433.4914435267
609,344745.80797499995,411527.3369275962
610,276685.9138,282365.48372595524
611,540766.32855,524120.4822219135
612,503166.4980999999,493704.0352417113
613,568899.7035000001,548772.0010882835
614,1154411.4288,1188026.5012125976
615,814787.8305499998,816347.2039674738
616,1312059.5931999998,1281367.6346663942
617,538823.7249,541474.1553313802
618,748740.2047999998,763914.0921172726
619,255627.04075,262388.43101402605
620,547376.3244249999,553752.4693349224
621,2522493.196599999,2481110.6452398887
622,452805.0845499999,458853.6228645649
623,641998.698725,658517.2915579558
624,1246396.0260999997,1291346.6789134727
625,828384.9907,807171.3005921746
626,453774.72059999994,433579.7143805617
627,540910.8631593749,561188.6432001626
628,257576.6419,252824.09867641685
629,1374268.9203600003,1365894.8826469865
630,200491.766375,211099.91037108962
631,475326.34104999993,484105.73842906504
632,354872.9398,348491.29554012866
633,660503.7880000001,666947.7104985252
634,296130.1267,281072.0916387534
635,365894.6511,359442.1051715488
636,207855.71990000003,205437.89734676798
637,512711.8216,567032.5842634197
638,462124.45785,533919.7198984303
639,690934.531225,666856.7816760491
640,719499.925775,702042.4733993397
641,557398.4192374999,556193.5791978406
642,649179.1686999999,631856.583603333
643,547197.88515,546426.8245007034
644,212774.07352500004,214855.7590819803
645,539837.4665249999,561950.7551055877
646,500683.9953499999,505581.7365812176
647,787898.3025857143,764516.485590439
648,985254.0378,991316.4568517513
649,206953.69375,175450.92171887588
650,651160.9087333333,661078.5127439178
651,439856.3324,420443.0190889198
652,371655.283125,382130.3251546711
653,2377860.4281,2311535.4440423134
654,558334.3063749999,628643.1420271909
655,551506.0084,556202.0969606728
656,576107.127475,575274.7549833145
657,697054.1024593749,702260.5146523211
658,890616.6744000001,826553.0414760659
659,591477.3456499999,598106.4240881059
660,547462.80235,565719.6243122409
661,376596.88648999995,402332.81743930833
662,368324.03075,376594.4852741029
663,309723.96624999994,318303.5913490009
664,635732.5021999999,629406.3070888255
665,233837.3982,215705.39617050934
666,738635.3056999999,730650.1661592445
667,586668.8694999999,625462.8126757733
668,638655.36905,636867.8604804031
669,881709.4119925,884888.8280899139
670,582596.478825,514880.4380258074
671,312736.9447,321952.836460388
672,968366.52625,974193.5539624154
673,293556.77645,300957.2411546572
674,1296267.9383000005,1290475.899947235
675,544885.5904500001,559907.6797068045
676,403113.40059999994,399833.5210416894
677,634562.7966499999,633987.717240833
678,664538.680025,670559.8790445088
679,621263.2717,612149.2778803557
680,685863.9123874999,700556.9503760841
681,599358.5399875,610815.5587450159
682,436456.4680875,438208.86654926185
683,729463.763875,701314.5934684229
684,773456.1357925,782522.9857405012
685,627465.4810500001,628257.2894936296
686,269902.95765,262941.5716979659
687,785287.0739999999,760261.7777879791
688,380800.59569999995,387262.1645900891
689,294535.0683,295479.0507254431
690,1203781.1058454546,1188799.8543021572
691,237974.19303125,243683.80857139008
692,442767.537025,434964.57538633764
693,347176.63405,345808.27746907604
694,266219.1273,288233.12907487224
695,570166.1717,583603.7954066708
696,567465.853,563850.8605427768
697,557486.9454,561464.876780117
698,609427.52255,593838.4499817132
699,541992.3064100001,559073.1599822331
700,580085.6669250001,574754.4650492427
701,533006.5987249999,524604.1965980736
702,1166836.885025,1173724.110259049
703,576813.95835,587801.012024513
704,787318.6522249999,823680.6064900407
705,333895.76340000005,335701.79658804595
706,733191.7295454546,710041.4404672066
707,292854.5633,349041.42719545454
708,750407.7337900001,731362.5651836788
709,395992.56305,371871.0096119088
710,411829.74704999995,502465.8410676959
711,574778.48635,587864.966000482
712,441514.42197500006,424969.1327899596
713,771801.2289,798298.2054437193
714,404992.0757,489732.95860971534
715,1176120.3385937498,1164594.2524490815
716,419722.5027,419321.15127922007
717,391651.07965,469076.2301491939
718,505148.161275,487001.79318902997
719,559200.2176249999,645863.1911091269
720,530159.9061499999,530902.5101946817
721,506463.69445,582170.3168696722
722,358188.20399999997,411032.43917538994
723,616214.1738749999,639016.1119948677
724,277515.86337499996,289550.08781219757
725,629337.866875,634034.0272434589
726,635753.840125,621027.0153272536
727,543350.621275,561160.2753840891
728,305415.2618,240073.27910228624
729,613543.0605499999,603368.9609373619
730,444883.05645,445316.3340323489
731,602520.7902,573392.3425004312
732,370381.7797,371218.43294256536
733,458931.52975,488419.9527863909
734,586718.4180250001,581508.3067899816
735,784111.5020499999,773010.1772062362
736,579456.7766750001,563188.9080888543
737,605333.1724538462,643943.4088615584
738,547528.0817999999,560546.4587497578
739,551170.5226624999,584190.950124959
740,583666.492775,591358.6406745347
741,565248.6425,633985.814263638
742,820271.5921749999,844048.022239076
743,631400.8747,607031.4945239932
744,241514.77195,236269.41029930807
745,525365.22695,433032.8564905446
746,249986.57295,234589.1500840515
747,321503.30929999996,319406.3048732853
748,454859.039075,393201.5390620773
749,889886.1087000001,845066.163229546
750,619324.9347,539333.1339026118
751,339321.35085000005,303167.97651041666
752,805268.3499499998,764911.2114485771
753,141603.02585,137933.38804664367
754,894056.8262499998,902427.420698098
755,604522.93535,706168.0286084648
756,711210.80695,726426.952756492
757,490330.63328750007,466816.3445597216
758,599361.9863,581519.7519578976
759,541433.523925,530513.0177747989
760,773656.7395857142,761292.7027173693
761,661868.8471,634591.764550524
762,628048.7731,637183.2329645908
763,370932.4317999999,379123.39116085664
764,987751.6495,982887.1313185319
765,1132284.2626,1111370.114190502
766,736136.6856999999,747606.33203606
767,923719.65245,933968.8605813028
768,348286.23549999995,362849.6480415028
769,209742.491875,203330.4782863069
770,225078.60085,229179.07574830324
771,420221.572725,429943.4078632075
772,175348.25235000002,182088.70429552897
773,660262.8954,692554.9459450918
774,520011.1989,597950.3027091376
775,956437.7038,947960.6533954034
776,532028.72835,470785.9116847706
777,252719.2361,254327.5788976315
778,759212.907,778326.8182550261
779,565509.13885,662993.5222522652
780,686274.6741000002,666975.4312815466
781,604246.8555250001,514690.7813980819
782,791473.1605,755512.1849036448
783,267010.1508,274151.4960943769
784,450993.378,400883.58366072073
785,933474.22165,930915.5248282019
786,158393.49699999997,183788.43801200207
787,195639.2002,198409.06452875087
788,330082.10295,319139.20454308006
789,914002.7414,884598.5216996891
790,2500083.29525,2494572.789578468
791,514722.80655,488798.417308944
792,562906.98745,543114.3013517975
793,234729.317725,238520.28031866983
794,1395913.5241236845,1400930.564312224
795,962078.25355,973892.0876930803
796,557558.51215,564398.8214397364
797,678449.8690749999,782982.6304336309
798,618915.9427,591997.516338113
799,335562.2721,331696.41753921006
800,584622.3467,597994.1555756907
801,828266.42193,788939.344230411
802,592105.9023,603529.7695805866
803,259703.26432499997,263951.25710438273
804,627391.8799625,619121.6175336732
805,1004462.9279,996148.5459006503
806,508851.0968999999,532785.459939574
807,549265.4127,551639.6860257752
808,456080.082,440113.4946549957
809,812843.7621499998,788874.5579088151
810,375924.0756,402744.6855685392
811,613315.5276,610865.1657013365
812,848730.6753999998,845528.1702482295
813,556649.67765,551246.6637284908
814,442748.89435,452597.9439621073
815,481755.8856,504203.50921711826
816,692674.056475,679749.669208914
817,693743.277825,704316.3099573156
818,555148.7192749999,558225.1993247
819,395465.01729999995,400750.32319845073
820,593026.1698375001,613968.5759277281
821,349483.9761,408105.3197951494
822,451516.2674,523803.6775965088
823,702887.2480499999,660132.5961075074
824,327226.99905000004,326252.6774382875
825,467821.1166,452526.56210987066
826,886354.3835833335,876065.7792959736
827,653163.67565,623346.0105792223
828,313990.82205,364749.89818509255
829,736560.1161999999,751330.4356791908
830,527407.61585,527926.0515092997
831,862875.2366,884066.5374937982
832,592512.5390999999,614510.5444319785
833,320303.9322,305781.21717747673
834,567508.0325,584666.5912317117
835,239647.74749999997,255396.58642164414
836,271007.04339999997,267077.6371706477
837,738397.8009285714,728750.6014340986
838,238039.37319999997,242732.27408042713
839,604182.2742999999,591947.507335143
840,242166.02275000003,247298.70471564805
841,605233.2351,666730.4645922123
842,425742.5414125,417733.37188108236
843,339696.4047,409196.10480546486
844,748424.8115214284,765976.7215743575
845,283484.21715,295367.115049332
846,1003826.35025,972074.0815961184
847,540642.2193300001,554648.4794114612
848,713181.267375,688186.6496378615
849,750190.4175499998,754828.7565038716
850,465984.292575,457173.85630652413
851,816947.5721549998,816717.8299691349
852,733163.9564149999,751994.6459116635
853,298514.38539999997,301603.4717675384
854,523805.4652249999,534974.6699455301
855,392380.5241,339862.1841405795
856,657399.4413,631316.0059632935
857,607171.9983928573,595103.6865611024
858,450621.2536,447309.65040619066
859,738420.9522499999,741649.3978033406
860,639918.6849999999,662262.1342326773
861,363639.1439,367594.52639718744
862,177170.79379999998,191241.0151559362
863,466156.52115,473140.2276427745
864,298104.30407500005,307323.0759608516
865,646761.8248,694655.2269172498
866,560728.1177000001,472103.2689202798
867,628362.009725,642097.1480031465
868,403766.7442625,418792.84543899907
869,316566.70900000003,314170.1576641473
870,544990.12255,538502.6808090264
871,341086.716675,388420.1402741624
872,1095700.7443,1101532.1626139753
873,729777.2149499999,761100.05595164
874,297384.826725,292699.814739427
875,566918.4808499999,569632.8033396001
876,937453.5115,889826.3019697937
877,474308.95994999993,398415.7369786034
878,275571.2434,265624.0479984315
879,666929.85685,668824.8841345314
880,388199.046425,409375.7052585219
881,395494.31585,383612.6278234115
882,934530.9682,891435.5863500349
883,577680.6442,591484.742355044
884,585571.0917499999,620980.9600187972
885,372724.61238928576,378811.56401361
886,397515.176275,324358.3442623706
887,524059.21532,508735.22832644207
888,797790.244725,756134.5191601091
889,131005.91699999996,135595.26621375108
890,715738.134375,740326.4716466697
891,2475614.098775,2573035.320480815
892,430103.249375,427278.0570880674
893,364877.4355875001,357912.6473145193
894,613942.3674214286,643782.5206144126
895,760700.1284,767675.5291434806
896,523535.79824999993,546089.6388197253
897,608372.3293214286,586413.5694564753
898,494817.8612500001,593885.3153567332
899,176303.5298,187162.11453030407
900,274416.065,215127.5950486577
901,768150.2921999999,759462.0361434503
902,540662.6423,532972.6881645401
903,463267.6782,465674.06537995685
904,851516.6819874999,844614.5111320887
905,557083.191625,537064.8213271541
906,516821.1876,493170.9170617315
907,696767.8214250001,657417.8807536169
908,421660.4183000001,438505.5641995973
909,597162.153,596377.3454319851
910,501194.200075,491236.6143485735
911,542291.1287499999,618410.5625475544
912,398346.43205,396659.50902568334
913,286365.151775,265567.0626171617
914,807775.2667249999,833714.7898785719
915,605500.87835,591942.388264491
916,959902.5243937498,934608.2163391784
917,329184.8163,311080.7838249741
918,308614.2479,297063.13681964093
919,549348.91375,565409.6653148328
920,584583.19375,588540.8882131611
921,2667307.0436,2605076.674308979
922,206422.98365,211211.74729979312
923,482070.2998999999,467562.7049924964
924,406278.29724999995,380966.12655093067
925,655964.9942999999,679986.1495191174
926,584414.7334375,571363.7770636566
927,290014.5844,294532.3085172991
928,470445.365625,456635.8599144696
929,182667.5691,201400.55807128796
930,511990.5819099999,494362.257310877
931,448678.33644999994,432540.37060932873
932,359856.87215000007,357100.1359983271
933,361362.4313,379159.04565648217
934,363412.4173,350159.80442166526
935,582057.5050499999,571161.0573018079
936,1141771.0001124998,1165750.5187883417
937,544620.9983,580834.5830895749
938,1310433.7039636364,1284846.931832469
939,276171.05490000005,265899.17880701524
940,608332.13205,604436.1604950454
941,534158.7482,561891.8732653998
942,640789.96955,670462.0348112916
943,592790.7308,590120.0134899062
944,686552.5242000001,734232.9384577995
945,573842.65295,563616.9848547538
946,779050.9214571429,796398.6607106142
947,357374.4681,361695.22827891697
948,266917.56389999995,258859.6856908283
949,567673.2098999999,559436.1511262793
950,682394.67665,724601.845799164
951,556905.03409,558899.7988741144
952,676275.019,662677.2445473213
953,224119.758825,232037.05086558664
954,363027.5992,363435.5278966797
955,699592.88315,697400.8079110758
956,334295.13963999995,329779.88390429696
957,342956.83836875006,325168.23945904395
958,785273.147815,775153.1628389421
959,748719.785175,737523.2141996915
960,578428.7517,607508.584779637
961,511593.850775,531193.4730494671
962,557540.5060249999,546624.317246543
963,514250.9994999999,515336.7674448462
964,509706.225,539680.8376815442
965,1019569.788,1002317.3280373986
966,603097.7565499999,590457.640297224
967,675927.60775,585335.2959228838
968,332209.2116999999,347995.6124649601
969,718031.7242285713,699148.6269726915
970,280280.25484999997,291849.6631041544
971,518101.94,526137.8667591028
972,225259.899425,220604.60306842145
973,404281.83335,405222.5076823652
974,637736.348275,691410.6438782212
975,494252.1745999999,495198.9871000568
976,937739.44695,922143.7690922414
977,620863.0298499999,621523.5076348607
978,481130.5438,490635.4051572186
979,664356.1855,635762.1955024251
980,864623.3642999999,852494.2480115802
981,510979.5613600001,492701.95481140714
982,615288.2808899999,614316.5933996837
983,399062.8355,407749.172020226
984,226296.653925,240245.72388654045
985,937370.2621,920705.3320819756
986,1211522.09895,1211186.1109640908
987,586100.2163499999,664249.6478679705
988,751865.5338714287,682383.0707382562
989,269584.7704,264899.2648757138
990,649370.3549500001,667906.1603705955
991,381652.62455,374830.2574296504
992,441025.4749250001,442254.8161157703
993,809442.5196,786366.7275938198
994,1019046.162575,982718.0740889406
995,605645.58580625,599567.507040022
996,656553.0371999999,633773.8054990727
997,465694.4702,440582.0587889794
998,645955.5956,664760.7159456454
999,746128.5095166666,752852.7808873128
1000,598391.2978000001,619214.8225251869
1001,856409.0993,883366.0007618652
1002,591976.1707499999,660205.0806063593
1003,547605.44005,518620.49181282934
1004,974451.6510423076,972290.6908881377
1005,579931.14925,576624.505377992
1006,812937.00445,791840.848270789
1007,724053.94968,732376.0374706967
1008,514811.35152499995,550982.4064988366
1009,661862.7358999999,765343.6458762244
1010,505508.4392749999,487226.0539808114
1011,612918.120525,642566.6145765667
1012,778191.609975,765636.2626909448
1013,558220.7372500001,564064.8906555453
1014,658284.9596999999,644513.891224466
1015,437852.2476499999,500285.1127267189
1016,782952.21295,802974.7463252041
1017,2582016.0633,2602910.2874977
1018,254823.3123,264711.8358158568
1019,858222.8645499999,899473.5233642431
1020,290875.29835,288020.7150572582
1021,438544.6948625,423199.57731422735
1022,338585.39,329134.07675143867
1023,482206.569,494369.9167192749
1024,270394.8961,260667.62231180223
1025,557026.6218,569469.0658306606
1026,401436.41085625,404021.82670389174
1027,696770.3065249999,688694.7268400537
1028,746041.7449142857,743062.8325060547
1029,500336.1594499999,506084.46900470136
1030,560544.315025,544971.9035431027
1031,486826.08089999994,506522.6068462849
1032,257183.1524,243251.4224709291
1033,572536.199,498342.974879673
1034,853859.0586000001,854974.4356174979
1035,714038.1175375,712988.6137607227
1036,715796.191,729566.1304930758
1037,499157.29545,467097.14783620165
1038,745788.87335,752917.2427652302
1039,531459.9174,546926.8385366723
1040,188429.442,176080.8668548685
1041,381764.29585,384922.9876652467
1042,344981.73855,332615.3103641969
1043,469309.3119,490273.8260008564
1044,287011.7536,274996.2733581701
1045,1431312.2243499998,1382405.164653921
1046,382484.844675,396804.3880197158
1047,1311624.0035,1269156.0319067338
1048,622669.8176999999,642177.7722277265
1049,638155.7284307692,641426.4472265118
1050,1345255.7869000002,1329261.2701882904
1051,763074.44365,742902.765916138
1052,611887.0968571429,604469.643941451
1053,358897.29155,342656.7906633069
1054,564133.9685,565753.6069337509
1055,298423.167825,270000.70713484916
1056,600648.2877999999,602899.9539583992
1057,317391.39254999993,360554.90098967246
1058,633220.4820499999,636410.8507919931
1059,732490.43915,759243.7451314275
1060,428046.062275,497309.4838209111
1061,425594.62452499993,449437.8899994012
1062,624098.1656399999,600720.4924179025
1063,517525.019675,531359.181914107
1064,482597.898975,468243.3702285604
1065,543544.9259,573201.5024961802
1066,1295949.2911,1286894.3505953373
1067,699671.0679499999,683648.5089298985
1068,441969.89465,461138.21185099904
1069,783700.7187,795129.6399199511
1070,584321.8020499999,576312.0665733558
1071,546727.6484068182,535155.9179863405
1072,593145.3521218749,587687.2738894623
1073,545321.45245,572730.0770273287
1074,176753.73799999998,139526.35421256928
1075,540899.9108,557048.7985166511
1076,732477.6466749999,729462.5236013271
1077,527136.0342875,509080.85590394767
1078,549091.3078000001,583127.5090631268
1079,674330.0717999999,665377.4342522353
1080,2394723.8606,2384262.515084764
1081,467004.08078,542621.0881072745
1082,436494.9223499999,408373.82372385275
1083,599482.831325,610457.0655491272
1084,563122.6325,489940.52132247033
1085,409582.79908,401040.14446778665
1086,249310.74285,259735.13373180805
1087,283624.02109999995,294460.5252773177
1088,486524.21685,491024.6805990364
1089,615093.7666000001,593960.9111079171
1090,836103.9620181818,870251.5557680733
1091,339735.69629999995,414092.76566759124
1092,725548.890625,704485.442240087
1093,813590.9772,805800.1892340807
1094,374475.866175,387705.7830502417
1095,342387.3495,354022.23949458386
1096,588387.14094,581466.7723258747
1097,240617.77015,224029.94901974476
1098,493663.335775,509991.1963799705
1099,599094.3448,574547.6142189429
1100,671278.7546,644664.5467240846
1101,274231.3885,334671.62999162084
1102,497001.45839999994,489721.7816508904
1103,426992.9047,428733.1906954182
1104,400008.01048,403334.6095507423
1105,860338.4565475001,860217.7984746363
1106,194913.551,196397.5388850017
1107,352869.1184,365613.7490806782
1108,548946.3876,567387.846709053
1109,590181.8028749999,589700.5385841473
1110,562469.1775999999,591197.0903384985
1111,2272279.9272000003,2279664.6492913337
1112,535702.46775,548958.4312262961
1113,461897.30992999993,469583.8192774711
1114,2728978.2849,2631113.5653801453
1115,558293.06805,531511.2001977914
1116,292796.49569999997,285569.41413319693
1117,682485.1520499999,679327.4243654178
1118,187035.9857,187233.04094341383
1119,638512.2204,668397.942748455
1120,217521.017,190191.82665824733
1121,623953.0389749999,600322.5420076256
1122,422461.2565,419535.2141511321
1123,193418.39165,194045.76074432337
1124,508326.5472,529132.2628898753
1125,882349.3862999999,851751.7782713489
1126,264724.89655,261187.34061846253
1127,607766.5233999998,613459.5963569536
1128,2516766.30095,2616770.300872544
1129,532125.32925,524322.2575397572
1130,555838.35,563461.0799540764
1131,314121.08995,306289.258662717
1132,424697.369725,421036.9996353624
1133,625559.85275,722406.4115086336
1134,207644.6793,225948.96574488972
1135,259643.959,262557.3868297281
1136,405847.0246,386841.86412068317
1137,1164504.39805,1167103.892439444
1138,437191.753125,417624.6598953195
1139,735556.6889,770016.9791606129
1140,592792.17535,599231.9316588007
1141,471308.9271,467625.2543426791
1142,824708.8214499999,795154.4952605534
1143,633838.9351199999,667489.0225515305
1144,320463.794475,328183.57972133317
1145,917455.46437,928601.8561223128
1146,410518.63285,401394.2537333004
1147,319699.59525,307072.2611108968
1148,702959.7168142856,724223.268050492
1149,481685.4084500001,497997.3574489736
1150,569103.8761,552577.5412837084
1151,825868.8200000001,843344.9037024892
1152,370031.35895,373366.69605835335
1153,295492.47411250003,291369.407028311
1154,896158.7099499999,874308.5682737235
1155,563156.08525,566935.3602748956
1156,371374.7706,311531.29475511686
1157,301818.54535,302443.5489005478
1158,838485.55225,837859.3763182935
1159,329225.109375,338284.6213223758
1160,464691.42759999994,469929.22053864755
1161,514679.61352500005,540331.0724595399
1162,438776.501875,500736.6888878541
1163,608364.8795,591001.9405943484
1164,340006.7799,340049.91083312535
1165,645069.7237499999,660051.90528093
1166,689065.8435875,679221.2563938814
1167,552066.4362,637865.4046016377
1168,623261.1960000001,613995.4664958994
1169,440296.9424,479645.4790785424
1170,835765.9744999999,801574.6667121596
1171,627862.016,607218.3960626881
1172,216740.8963999999,230562.52198370238
1173,407826.5305625,432685.964476862
1174,611552.24599,599718.3144894408
1175,520097.3033749999,529683.3091388817
1176,465903.6570999999,498691.6378821637
1177,839086.8603187499,847815.0068035856
1178,604928.9024437501,595262.7606667358
1179,561851.1788,577749.331206047
1180,567025.2633374999,676994.8654030667
1181,726102.44855,702292.1246307268
1182,784680.4806499999,749663.190811398
1183,1268521.2788,1275856.2054613081
1184,457837.145625,431667.2185583924
1185,871313.3731409092,850074.486701668
1186,642599.5748000001,665353.3587115863
1187,366146.273025,412420.25749525684
1188,582301.3393999999,597259.2676013998
1189,583625.6166,584203.611032995
1190,991920.06215,966668.968120768
1191,414756.071475,401247.07002665324
1192,729231.09395,761274.4376340158
1193,261477.016925,253976.21310361184
1194,402415.05149999994,402413.0809799442
1195,778734.35385,704793.5520355607
1196,423776.71579999995,421241.965092231
1197,861311.521675,860179.6040839686
1198,233186.50189999997,237536.24806734585
1199,521022.16555,507884.3666907468
1200,407484.56535,404905.8980421802
1201,878526.6624062499,852769.6041792472
1202,613575.0160999999,593321.087654336
1203,753227.73662,767417.0009147978
1204,982024.8564642858,986157.2393384039
1205,640683.5582999999,642445.4038430586
1206,617295.1728999999,613877.4399083955
1207,437055.2136,504396.8147108364
1208,740819.73055,717218.7924371186
1209,543893.08935,558227.0840796239
1210,645334.2660249999,640506.3697898835
1211,805436.57465,777366.2366145888
1212,564962.57125,567353.7557676355
1213,645070.9073300001,628348.2917133393
1214,537723.6562499999,517604.9992887766
1215,767099.1720833334,745928.3086989449
1216,596058.83905,578876.4420513952
1217,492825.814425,519385.72882833495
1218,578417.0142,555150.6388035722
1219,599024.0749,665441.473917275
1220,1063162.5158,1041353.5491176946
1221,634375.8938000001,638712.1866579538
1222,755626.8548,737041.0458044718
1223,418556.8793,413794.29526611126
1224,563702.681075,590471.3681355864
1225,527759.236475,544911.7503209251
1226,491706.2482,480537.0461056761
1227,654202.5011749999,663655.8028427868
1228,2840017.5771000003,2741911.236036817
1229,242246.3932,247997.14990681675
1230,397452.8012,390674.32831107266
1231,597582.7147499999,574795.1954935266
1232,472902.20175,399425.91602783615
1233,979228.69615,939573.6296953078
1234,286004.8159,297685.0756896711
1235,197930.03725,201176.53519309487
1236,537733.87845,561825.1726391411
1237,273570.32759999996,263501.74239297106
1238,422081.5154624999,422566.6020862331
1239,838804.1623999999,790070.451380782
1240,477981.36865,481210.18691518257
1241,732286.9495999999,740678.6190012529
1242,377862.2893499999,461470.94325605256
1243,440651.2163,433255.83672165556
1244,538015.3449285714,564323.4440426581
1245,245647.03909999997,236659.21965917674
1246,840521.1620928571,860087.9650169626
1247,448426.2751875,430562.10910975677
1248,541470.360175,451687.3773788241
1249,572479.0983000001,569017.8090538707
1250,218730.48867499997,217350.3572656641
1251,283127.65615,295634.8129580992
1252,794592.7143999999,745358.6980745492
1253,886327.0944000001,840472.0326981947
1254,304295.1503499999,313028.2202821192
1255,417237.17404,424770.6932678912
1256,836223.7771699999,837385.3734611528
1257,845658.8304499999,829274.1889925735
1258,434862.0348,443955.8269209196
1259,496863.2634249999,518101.553257287
1260,305348.50345,246012.18507007218
1261,365400.6797,298590.1925458499
1262,571885.74705,556619.613296215
1263,589312.614425,484854.07425832783
1264,274942.31165,286308.5385881997
1265,508629.06177500007,483740.4803388083
1266,312624.588,299059.93975052366
1267,749398.5298285712,762281.4916679922
1268,513036.9985,517291.64887192333
1269,213816.2122,217788.22668589937
1270,772677.728,779510.8865715202
1271,271840.3001,286043.0866426572
1272,371281.9336,364690.5669399073
1273,481931.209,580086.6317960639
1274,475065.69445,485511.5580165527
1275,538935.5163499999,544030.3394649627
1276,721672.6891428572,732490.5145345973
1277,356749.4977,384677.73939118854
1278,566241.64585,558080.7247416407
1279,411404.9716,402958.73684974114
1280,2103175.8242749996,2220088.794837674
1281,472493.71365,504478.0142530839
1282,542309.926075,557747.2950640535
1283,220979.638225,230378.41624093376
1284,521420.7085499999,555029.6029525427
1285,656813.711575,640764.4299677062
1286,651672.1092812499,654074.9204975567
1287,537552.2234499999,513847.3623150176
1288,298077.74255,326511.1005746526
1289,470724.506875,461126.6343347933
1290,207270.3696,214660.70162630785
1291,654249.1205999999,656291.7669419956
1292,458613.1524999999,381891.11049637204
1293,456892.2435,461291.12892887683
1294,847676.4737499999,863939.6005056973
1295,753420.9759000001,749961.9672020915
1296,647982.88065,652048.7528361368
1297,596554.8882999999,613096.6122811676
1298,566481.624925,562992.1910375872
1299,530292.4421,511476.8200073263
1300,254672.1586499999,269051.9625946211
1301,437719.0584,435633.3723253926
1302,374129.10176250007,400549.66897314315
1303,244248.91515,247840.7399044298
1304,282230.137125,280052.04861203546
1305,489552.4679499999,571815.2368000767
1306,723216.71965,715702.6769305773
1307,474421.27652499994,491753.4677327924
1308,605748.4739999999,597244.6251906827
1309,556131.3362499999,543307.5440688599
1310,338832.69879999995,356730.85805938055
1311,624733.4025500001,649127.5238230026
1312,852901.7161999999,832438.4234429898
1313,357207.7073,350158.79275574366
1314,831168.2969600001,789765.2350578023
1315,284235.53905,285664.2213060494
1316,782218.5259428571,748462.4103231247
1317,340025.6371249999,342690.65760994866
1318,514877.6919999999,513621.0593516834
1319,306758.275125,308141.70100427716
1320,2442754.1980090905,2366023.5443477673
1321,668160.76221875,632232.3113137807
1322,1032946.1006999998,983789.8234395008
1323,362818.6742249999,366215.0272420328
1324,239904.9697,243669.4315067459
1325,435288.1731,522466.762462376
1326,622099.28,602660.8937401022
1327,878386.81383125,862545.1028832342
1328,584256.3207749999,550272.8790461835
1329,866733.5660499999,854726.6023024728
1330,498973.889575,473975.45339417213
1331,664014.94705,655071.8401602414
1332,246894.90625,242884.31784290037
1333,408159.7508999999,439688.26652608014
1334,321003.37399999995,316121.39701790403
1335,370604.06435,387813.1305989532
1336,591149.6241,613834.3739207067
1337,446659.01607499993,441249.60295248445
1338,436590.381825,426573.0861922011
1339,768924.8363,808290.2233916977
1340,505062.06491,552320.5927126474
1341,392308.6069,388706.728158985
1342,412296.9700625,351863.6671222711
1343,352183.833,361119.93317164545
1344,537237.5990500001,514909.9785473243
1345,2798403.5418999996,2793370.9035619907
1346,557423.689425,561449.6213759023
1347,860350.293125,873289.9304670235
1348,393625.368425,341964.3969162593
1349,379413.6278249999,307220.37566897547
1350,886520.3915142858,854552.7660876168
1351,756707.393425,794245.294029298
1352,846543.2729249999,856614.5215646452
1353,733306.41895,746641.7025665877
1354,585510.853675,569517.5128235777
1355,405545.78475,452323.47450736683
1356,401559.8006875,412641.6238408501
1357,415494.6809499999,467372.6751784211
1358,611900.07988,583966.7427670542
1359,204228.014,206268.01414250187
1360,1103042.9263,1085406.141774787
1361,283413.67329999997,228732.05809699974
1362,259248.0555,264179.6659743457
1363,647422.9556,635295.6312311293
1364,576998.291290909,583200.2924243462
1365,658841.94916,652162.8345796729
1366,480266.2946249999,483375.82530109124
1367,574711.6295,461455.9314430866
1368,574697.6804636364,579968.7214122231
1369,472096.88965,460110.1827649131
1370,1137395.56900625,1166263.7682817867
1371,440949.0603,415738.38231519936
1372,231104.9763,216856.01327223645
1373,761202.235825,805352.1988185032
1374,217646.67195,213984.78824237123
1375,645115.4607,634023.4107591388
1376,895868.1598562499,888600.1081676435
1377,453876.0703375,397609.7731025028
1378,1344357.62795,1290984.8106382517
1379,538559.5802454546,552738.3859377779
1380,542337.6476125001,450587.10486999096
1381,146454.0561,144589.18477365974
1382,558159.1619714285,589196.0996810545
1383,2580365.3187,2495439.185006531
1384,843825.956775,826034.2246395288
1385,698942.3718750001,695169.3984288191
1386,584351.7725961539,591549.3888628681
1387,803196.4753,739722.9707154044
1388,163649.277025,141062.2935959185
1389,966985.3807,967640.8533367664
1390,869780.5468499998,835142.5770604494
1391,399564.7451,462849.48830831447
1392,626303.62625,625259.2580776055
1393,320802.7017999999,378165.21144971997
1394,317404.56899999996,328379.4802524408
1395,437082.4599,423545.02111295983
1396,201736.44265,218361.16056504683
1397,1013179.1904886364,995206.2844621006
1398,401537.81395,404471.47657581867
1399,286468.39342499996,275981.1350056443
1400,262383.0751,262785.2234995121
1401,579817.62875,585568.5164722606
1402,514769.454475,550502.5789863139
1403,406212.039825,428266.8486124594
1404,791435.1293333333,773896.7672557571
1405,609484.22485,621144.5801650708
1406,588744.3996,565039.6008824885
1407,864856.6033499999,898006.9038788897
1408,936574.405,950730.4954884818
1409,419877.639375,437735.505132377
1410,775340.1624125,784159.9370379838
1411,2597209.99385,2490249.0559330797
1412,666380.30133125,731439.3882596508
1413,184697.0255,190656.3196036909
1414,568860.0867714286,596984.4925096493
1415,668540.1556843751,646271.2442599077
1416,783409.6377,793683.8156538563
1417,406370.26798,409658.58968173276
1418,417230.83215,441798.046735995
1419,302522.0179625,301016.58846807096
1420,566526.189125,596928.1586207784
1421,537485.4709249999,532131.9474859508
1422,576916.2273,667833.012885299
1423,620733.9870000001,612826.3384514243
1424,415111.14929999993,430692.7165259565
1425,365965.90313124994,378485.3089083473
1426,608753.38455,638039.9650520809
1427,544472.9410400001,485856.92889132566
1428,707122.7929499999,692231.2196058196
1429,882294.4593,908066.8763563659
1430,291045.151,290912.8388635606
1431,443324.4188,438673.7782359247
1432,919931.76915,942744.5755529507
1433,649944.6679375,654977.4518702322
1434,484490.6157142856,510758.9698382691
1435,649314.0845499999,643277.7293156056
1436,393849.84180000005,396236.74728203943
1437,584966.4135499999,586998.4358904713
1438,405838.57255,466878.57098608045
1439,646305.969,603572.6287661119
1440,416519.2251,418115.1022724823
1441,332714.20110000006,399275.954090742
1442,1378634.466618182,1361296.17734985
1443,681158.7615,668719.5040382715
1444,509073.78635,515079.08628586016
1445,782123.4455,787851.5142740179
1446,379157.2906999999,366564.8807090376
1447,495071.640425,509000.5477865805
1448,588563.4963374999,582442.0170110323
1449,420464.6684,359114.0927209207
1450,666583.08354,724574.6126017964
1451,452720.29775,449067.5639939606
1452,623049.4231499999,610380.9991574464
1453,495586.7148,555435.6931492236
1454,806675.1668999998,797413.0844696156
1455,232376.537575,224583.60867275044
1456,524506.1480124999,522540.23801682336
1457,543488.2418,561369.7876892439
1458,846612.16105,856678.7262449948
1459,537541.3563928572,554982.9492599893
1460,836688.36663125,842535.0307792806
1461,607818.9449499999,647357.521624924
1462,601609.9708499999,577714.6642735685
1463,203700.14735,186804.74089898856
1464,640071.7437,550567.2846908579
1465,496434.257075,559075.9578961339
1466,601810.9966,681959.9083264756
1467,719176.657175,673830.4443602714
1468,507946.64595,614301.1015688526
1469,617805.4905,598273.7336571568
1470,511299.33720000007,498372.1511180135
1471,657588.6577249999,682115.4732678765
1472,479868.8342,478270.9513462279
1473,358941.56515000004,369876.61190257175
1474,403652.0645499999,494625.626565998
1475,512712.70514999994,515026.86697519105
1476,789748.1099999999,782921.0428362183
1477,291770.2227749999,272354.5955965788
1478,757644.854725,783291.5109836576
1479,764722.79765,801249.8434152603
1480,525494.2488449999,518716.57454967516
1481,585352.8322500001,593743.7100153053
1482,502879.41305,515480.57932130934
1483,621673.45249,658833.7484695421
1484,831065.8271999999,833825.2996141976
1485,459587.59591249994,460705.9246682428
1486,639867.862025,614952.1480258306
1487,835119.3993,848221.3541114064
1488,258352.42964999995,271227.9092166423
1489,606926.8437249998,616458.8336274731
1490,647011.0396499999,643005.8296333726
1491,650766.91295,684763.8876282101
1492,389895.0692,405586.4413453871
1493,675219.0289821428,658021.4760026383
1494,325505.68785,329354.74362921645
1495,722631.298625,722418.0219743081
1496,371905.8953749999,376611.23163404135
1497,534766.9869,529128.4325797021
1498,499829.2814125001,480889.9523148155
1499,332812.7264,342581.5179409074
1500,364696.206125,382426.543048757
1501,448542.16494999995,412960.1659191249
1502,584612.5624,593674.2818688012
1503,483115.73885,495857.7888916794
1504,835808.1761749999,840596.1576777783
1505,887385.2725000001,905353.8851727818
1506,332221.96630000003,338763.77293146384
1507,441983.88942499994,462142.4350628158
1508,624358.1971,591149.8996686221
1509,591612.218325,592498.024022572
1510,463542.0339,436631.1038605972
1511,306386.67600000004,311158.85358967376
1512,620968.1766499999,616874.2780204582
1513,729956.1197,743668.8847731467
1514,525957.0805999999,518355.0582652818
1515,668123.2265812499,684260.2307731266
1516,2305212.2453499995,2458502.5505536897
1517,660853.404375,651186.2919593005
1518,425115.4106,433927.13333253446
1519,967641.56415,970024.6387769197
1520,922850.6573666666,952197.0384928114
1521,949500.2888,994595.0065516058
1522,857719.0332375,831602.3066423051
1523,518768.0423000001,530189.8848834686
1524,655829.9915,568589.5419795444
1525,671474.7485499999,666810.2260274037
1526,624532.5426,636329.1319819932
1527,634990.7946000001,617939.3085607394
1528,1045316.14645,1059253.1560238465
1529,294311.306375,273776.7391592406
1530,644550.7729,641902.383393456
1531,782010.5384218749,787743.8147564196
1532,2458467.03605,2413332.6773115024
1533,204685.3164,217694.08075423862
1534,620648.23465,627687.1053164824
1535,2324612.60295,2326460.4011119306
1536,540824.9262,530114.6468670529
1537,386365.886975,381176.4494434949
1538,438993.42445,515384.0585289617
1539,638314.8609863636,638315.5448008322
1540,644436.02885,611866.3909964459
1541,668609.521,723471.1453005986
1542,2292416.702275,2338329.080679317
1543,281974.29115,300280.49546793965
1544,512403.3336,419561.21770001674
1545,489012.32755,471141.7615340591
1546,620940.4464,599080.9897498915
1547,929863.69385,924597.3884592756
1548,616996.68355,613172.5280294612
1549,636818.051175,617511.0399459804
1550,723460.2253843748,728050.9234054241
1551,717675.4298999999,688642.9140997189
1552,312600.88085,313798.141603941
1553,537810.6396,559648.682671682
1554,365120.31365,378586.3079740605
1555,484318.6751,480955.6119682902
1556,694676.6171500001,564116.1030936183
1557,488807.400146875,510948.76732757693
1558,675673.6869392856,647330.9021086992
1559,435302.6870999999,406406.3779769053
1560,388379.5166,453135.5132976884
1561,1084296.787475,1121956.851694159
1562,913094.9653,834726.002992034
1563,477005.38165000005,469325.4990721324
1564,618618.2675,613205.8357006243
1565,319614.06584999996,330654.96674145537
1566,743696.2102499999,751428.8136361546
1567,345964.8093,358240.95977912366
1568,685957.15855,648022.5295020024
1569,755454.3043357143,800329.0633257718
1570,513638.0312,455479.3530006948
1571,286522.912825,305830.3821911935
1572,878672.0779000001,842475.4238503594
1573,609601.3457500001,624847.0997240987
1574,341854.21161249996,402839.4610340155
1575,538340.26815,564679.1934785757
1576,358350.50549999997,332420.0123404078
1577,303792.75515,306346.7915467139
1578,1260130.3893,1298866.661720052
1579,570539.7313500001,566000.418655491
1580,313380.72445,247845.65506910783
1581,392482.0307,389963.221439081
1582,920754.9215425,886821.3227185743
1583,785625.12745,798175.1469653577
1584,548949.510175,643869.9721435701
1585,420000.75408,416982.38354414434
1586,255700.043,255075.57891702504
1587,794207.4549000001,787416.1566386834
1588,448235.76215500006,454597.6187700739
1589,677177.5001,669575.6168368757
1590,399949.79605000006,384792.1548434613
1591,1191983.834625,1258774.6544579938
1592,504998.7287499999,526174.3007285143
1593,501204.05665,485575.25335363374
1594,576868.4459000002,598057.2755028065
1595,665333.95985,697207.5455352275
1596,817072.6902,803048.9617119724
1597,304518.51290000003,304692.7207278828
1598,1322163.5287,1289350.0168571589
1599,395771.907,399718.48542833584
1600,2517777.173299999,2489610.6768023623
1601,610314.29336,632906.7479477313
1602,882735.099725,852154.2971744285
1603,2583245.4281,2615170.6609399477
1604,648167.2950045455,654468.5297530382
1605,619014.3322999999,694253.3158193742
1606,222510.3853,211271.93935287287
1607,377161.5935,302501.76923954097
1608,1267334.2195,1283557.42827865
1609,631633.212025,626906.68952746
1610,420086.14825,400777.0870388883
1611,710730.8827000001,670930.4684494057
1612,480354.61175,495501.24175899505
1613,2609569.7697999994,2594356.8769198274
1614,591633.76735,508782.4208932423
1615,743834.4575499999,722743.147623354
1616,227878.6483,240303.8985005883
1617,1243950.3701000002,1260354.8374453944
1618,326152.57605,344037.1463721743
1619,662646.15985,632615.2945374545
1620,758459.6763299999,719509.5538246648
1621,219248.4474,230415.69765037275
1622,597421.57268,621003.2416782731
1623,409169.093975,406067.4538425392
1624,626850.6852499999,572050.5114682976
1625,424577.52585,441963.6042427479
1626,206320.08,177995.73358486345
1627,743171.3365999999,737948.1326482871
1628,393058.809,376504.51592378964
1629,642021.8552,637308.2019082047
1630,609925.514425,615631.108741421
1631,472269.2294,455265.83606049966
1632,590330.4879,677350.0637475807
1633,2354515.32435,2362194.5086700027
1634,510993.8796599999,483136.203172288
1635,661559.38395,669350.0614800928
1636,473630.7322,453526.39361846505
1637,219546.50649999996,178286.80433387015
1638,282583.53035,284619.1240213229
1639,297922.908075,291067.3817790633
1640,750852.9766375,732705.3838327022
1641,528743.8170250001,549212.8408832091
1642,849190.8492928571,865474.7496125856
1643,395319.74510000006,421074.57275667496
1644,523648.7413749999,524566.1100516934
1645,541514.4914,529567.1899320671
1646,519017.47485,555869.0357678479
1647,675837.3324874999,708158.642495467
1648,576223.5939000001,564474.6315381839
1649,574803.1152499999,577322.6637617146
1650,539091.06256,537892.0505790372
1651,450631.6928749999,454713.3998602606
1652,756411.1795499999,767837.6703783581
1653,630309.9012249999,690293.4115733502
1654,475041.74010000005,486019.6128317957
1655,2250637.119849999,2272158.804655274
1656,542113.1349599999,553641.3495526521
1657,314673.41727499996,295736.52843712573
1658,564479.3293999999,483542.6024442609
1659,213253.641525,224765.44256900903
1660,385850.49085,434814.8188529953
1661,868029.1998,844622.0190665306
1662,478639.9106,467119.05976520036
1663,684656.3276999999,666327.729371337
1664,455799.6646,448516.4120115039
1665,774212.5986899999,814969.9163833547
1666,904398.41095,872661.7740936752
1667,775119.613,771396.3337190389
1668,309509.31999999995,301666.82323286496
1669,280592.44954999996,293504.1854552794
1670,580944.3093461539,588675.255110503
1671,821214.53095,771775.2031324288
1672,773897.8452,787690.0916631131
1673,644327.5488400001,627359.32736995
1674,952244.6527499998,968475.1796330926
1675,254931.461675,252688.84694064973
1676,670242.9075,642776.8253693744
1677,427297.9466,525015.928488381
1678,588212.01015,582824.4174139517
1679,320106.8218,345645.7630920599
1680,375422.45825,377570.66858217533
1681,548135.0266,573772.797840337
1682,314011.57470000006,309846.99810909433
1683,840247.4877142856,775144.3272701671
1684,907050.3368,919809.3594425642
1685,597269.1384,668454.3327256717
1686,129466.549225,158835.8873126533
1687,522670.5408,510948.9404188759
1688,868900.3637375002,878391.5629125847
1689,255128.87143749997,279665.7915750176
1690,514586.64565,484294.3944542392
1691,666745.569425,713827.1544640304
1692,637185.27744,639718.0045175654
1693,808659.6970363637,837907.8532257662
1694,928536.05395,898420.785097504
1695,2474894.5689,2487094.2814858994
1696,274721.12195,278931.15445046953
1697,597385.1057999999,595462.1466795144
1698,567242.8275400001,581875.9618588143
1699,579691.11055,567842.0271808128
1700,694007.714,707882.1632914944
1701,708305.833325,683013.1087389432
1702,886493.1219666667,900361.2468976403
1703,631892.0065999998,629330.5723711969
1704,706702.2476666666,722671.9305655039
1705,684765.8785750001,682621.5086630529
1706,406922.9648749999,416530.25818036933
1707,435949.10919999995,388849.6433825032
1708,820173.9868,850710.1823292564
1709,200175.14505,209743.3495373219
1710,714210.9258750001,679732.7804745391
1711,254979.6205,252824.09867641685
1712,317819.6288,300246.6293975778
1713,344163.47664375,352360.4635668108
1714,731259.2488,756285.3241092087
1715,595305.48385,642990.3898517706
1716,237285.7753,234343.17622918417
1717,603262.04425,595579.915649923
1718,809344.2997,828230.8273300177
1719,651832.98905,638939.9460121363
1720,386449.253375,402730.55777474504
1721,766823.031275,744084.1794180032
1722,284451.25795,261871.85752021952
1723,2742777.00035,2637209.0267380457
1724,598824.67004,568002.4746790691
1725,2452962.0011000005,2445985.186937039
1726,774041.703275,707932.5880242053
1727,318190.5487,347914.4868645974
1728,590257.8627499999,589533.4633974897
1729,285357.6474,271870.09748300887
1730,583537.7559,565954.5961570627
1731,531790.5834,585770.55270029
1732,646813.7106,641922.7921996424
1733,261416.22845,263548.57616421895
1734,669526.970725,634935.8594095465
1735,673314.3486499999,659353.0244796714
1736,717129.5981666667,741720.4052667379
1737,507938.3767499999,538424.7543768877
1738,2860414.55095,2779362.246803088
1739,1214010.046055,1204822.9949008843
1740,328499.615575,378981.4776828871
1741,503792.9741,498347.3880988427
1742,2325055.4251499996,2360543.7512784256
1743,512226.72909999994,529743.5559162695
1744,895771.5428999999,877694.7860527628
1745,277083.7755,282862.28513288056
1746,912029.233909091,950206.583148668
1747,590941.24075,615856.3165803108
1748,438923.4182500001,464388.41138217616
1749,759308.3186499999,735976.0842047305
1750,601413.8406499999,590072.2275731637
1751,696381.83275,712389.6363698649
1752,491010.1471,498233.177180528
1753,421109.993375,431722.2821626008
1754,1491987.9380249998,1453230.8917527227
1755,640209.9473,538820.0008139908
1756,867491.6646,862740.8688106714
1757,636102.8073076924,617209.6203187071
1758,408165.260825,418563.5117519409
1759,665235.9461857143,628535.978288124
1760,299179.5226937499,304673.75093532074
1761,859405.269625,880579.6959502866
1762,795704.6281142855,783677.8766323786
1763,777798.491375,751028.4296163358
1764,1063929.87185,1071712.6428392716
1765,1418882.7609,1390696.0329812947
1766,451507.2509,450090.87396018766
1767,620245.1785500001,600513.9350756744
1768,408970.02325,397982.9828623518
1769,330818.60004999995,328715.3931464664
1770,659288.8549,662429.9023895464
1771,1363499.9496499998,1297329.3134907305
1772,181166.2564,186825.68192129166
1773,760405.6513250001,765424.6731875124
1774,846809.6035285715,812542.5972647024
1775,314258.21874999994,342157.51303058834
1776,579306.4375250001,595161.2675888462
1777,169385.75564999998,158737.5617614745
1778,826828.148895,815645.922213002
1779,275940.3513,278635.35626432195
1780,776168.6592,790544.262334679
1781,520391.15648749995,531737.9706613874
1782,662595.5464999999,554015.2021680651
1783,422446.3897,447574.4534515835
1784,631739.4396499998,626518.9155061635
1785,348363.61,371187.4774999718
1786,646796.1997499999,675666.9311480338
1787,640983.01418,632642.9583662971
1788,693756.9795499999,732512.0371262833
1789,930371.6404,879254.8630367068
1790,1079787.0968090908,1140119.678475906
1791,235153.26989999996,243746.39466591994
1792,152620.163325,168066.96488336305
1793,672445.3757857142,702849.2716481898
1794,310817.68049999996,315598.7407910484
1795,1320343.7121,1323984.3798559417
1796,238114.2738,246678.73418168642
1797,916467.7955,911296.3072715756
1798,836328.2161499999,821011.0444722581
1799,459542.32894999994,481687.1050122448
1800,635474.2030399999,749242.8822023452
1801,514967.67474999995,526823.5429316006
1802,522943.7847,512870.40171257
1803,783309.7483333334,795625.583213961
1804,383352.0706999999,402438.0228085702
1805,808093.3931250001,793482.8240618277
1806,227038.51,241115.37095423124
1807,262684.4738,266415.15563633357
1808,390418.74990000005,398201.4859328111
1809,1162460.5545,1144067.498234738
1810,255493.1092,248173.6048865309
1811,397205.4848999999,399970.9014099484
1812,471872.2004,530303.1089297005
1813,525043.8254375,521608.6679564069
1814,2303142.48845,2335036.5800615544
1815,684108.1268785715,703831.6523353709
1816,316353.153275,340996.38219291123
1817,452181.10295,459020.24415848835
1818,658508.2879499999,626028.7429966728
1819,755316.7056049999,730296.0046572296
1820,585740.3800499999,561350.0039832557
1821,747173.9366,749668.9794142941
1822,752691.0398285715,759071.184472088
1823,559097.0059272727,566265.795053286
1824,737543.794825,751143.92559332
1825,731243.5144999999,750554.1714716279
1826,710758.1705749999,738170.5050518549
1827,581560.047325,599161.9582302411
1828,890434.7247428572,839024.1903968184
1829,565013.4951,565300.8137558505
1830,138475.413,143885.23778072232
1831,580532.9741250001,493675.8778556821
1832,906036.217225,847434.0865366028
1833,278216.2834,283109.5080506989
1834,237487.25055,234432.07032447818
1835,2406985.6656750003,2319007.8303103717
1836,219040.19154999996,230284.22408886233
1837,296482.12945,304567.42406251165
1838,461558.398,461131.1152217755
1839,362844.49045,382046.13480543724
1840,600791.5816666665,619842.886096233
1841,544321.8319,553719.227871389
1842,2411356.52695,2449328.7431747233
1843,349879.34677500004,358820.7881333076
1844,520921.87750000006,516789.0402587326
1845,509972.8598,547029.597016729
1846,347566.8195,363597.14190049435
1847,620924.1396,614446.2380719621
1848,802337.1932000001,823427.5018532581
1849,627459.835,665850.9042615417
1850,653447.2983999999,683972.0526959025
1851,466494.54735,506471.1015724672
1852,714330.0576749999,753595.6449001102
1853,366697.2225,423791.1481362412
1854,349817.22114999994,350707.0724554903
1855,681392.9017899999,731861.1283250923
1856,1051814.46205,1080916.7606485267
1857,313208.45509999996,312128.25560461706
1858,729130.97225,770419.0482019489
1859,1345630.7606,1337310.8586208294
1860,375207.8031500001,360154.7724631179
1861,412408.9590250001,404078.9586090158
1862,667330.6372825,659812.0346487031
1863,577720.8587499999,576881.8334581832
1864,692619.7176999998,664692.7554304998
1865,859608.17794375,848396.9841079516
1866,342552.026625,329987.37864970067
1867,414638.09309999994,416514.0999186345
1868,847709.06395,817915.5128412095
1869,882239.2164428573,830762.8289760109
1870,593775.56304,622285.9890056067
1871,505851.2448,524140.6092889399
1872,302878.09645,318249.45847719826
1873,276883.67405,281349.18222230364
1874,647875.1760625,617578.7206618331
1875,1148004.7245,1157375.014226139
1876,877706.1368999999,861595.1672347081
1877,395480.732,452624.39056959265
1878,618303.749375,614921.2959031285
1879,635638.0765999999,618801.1735387094
1880,547878.426390625,560498.7788453745
1881,330345.92461000005,320714.0376891045
1882,361865.28815,322872.325907803
1883,266092.89435,260799.91525787362
1884,437866.4489,461937.6892127076
1885,291705.769675,291524.52069797704
1886,736550.6823999999,764192.3153433488
1887,646681.67805,642068.2341452484
1888,560364.2129,576578.4487579234
1889,380358.31009999994,394520.3391417389
1890,463496.3016,399268.97721109027
1891,637645.4508,668890.3633034742
1892,343817.4479,393014.85188841756
1893,563145.4511999999,545921.4970021514
1894,1045466.3281,1009909.7145484071
1895,834467.1644333334,825578.6030040949
1896,1354264.5642875,1337982.1265837061
1897,703374.7944,674927.8874365077
1898,306218.08855000004,350376.64454676304
1899,303650.773825,314986.27651501674
1900,539529.61665,549798.1895987458
1901,482855.8503,481543.2876859624
1902,378567.48161,402617.65010639693
1903,497616.652525,588821.632289566
1904,885174.479375,850236.8042178403
1905,615645.6207249999,617915.8220003806
1906,653728.32655,623471.6305503543
1907,1354128.4921171877,1371624.6934088087
1908,301082.73889999994,292461.13544536364
1909,2335307.356975,2333873.446458604
1910,553494.0259624999,545573.7951899084
1911,367327.5756874999,362766.550956755
1912,237682.86745,239045.24094604794
1913,640069.6658500001,658379.2301002136
1914,720720.8237000001,738218.9848078478
1915,873704.1231999999,836797.0068064271
1916,925031.1192,933696.1834244377
1917,671034.37495,674924.2986784538
1918,257373.452275,272570.5230850115
1919,359924.67175,370652.8692061935
1920,725006.8487,752919.4356276031
1921,495431.54125,474648.92713671026
1922,889351.0324,889800.4619326852
1923,247207.1117,263464.77666417
1924,606365.46,619842.6168498626
1925,388592.69205,388219.5695677067
1926,650963.8925,658792.6650293446
1927,1165438.1245000002,1111065.6879378592
1928,2212876.4762999997,2291183.333417936
1929,615780.3848,677024.368593992
1930,564265.03015,567049.3373874088
1931,649167.8132375,626853.2564172763
1932,414985.20825,352588.49215573183
1933,483593.04125,480194.46916882746
1934,549037.0104125,535867.652745619
1935,404609.0731,416292.8556699022
1936,843057.5577499998,824258.5754319119
1937,471790.5775500001,458918.3856243134
1938,1428643.87598,1397077.9343891577
1939,672679.8166500002,686118.9746437933
1940,259024.11679999996,215446.833309047
1941,780818.1944857142,803974.8723759631
1942,499120.6215999999,513817.06404302735
1943,717368.9206000001,733217.4399899519
1944,619496.604190625,636960.7463689973
1945,738198.3071999999,838994.026144082
1946,774568.6224285713,765961.4487905616
1947,382897.4038,379132.85458686925
1948,550344.6809,551765.5138405864
1949,654550.9176500001,670843.8472577851
1950,863139.824125,795504.368368957
1951,815558.0003750001,854855.0080340361
1952,527784.1921499999,526091.0059385957
1953,679821.39955,681789.6561551973
1954,832732.1716687499,818599.161775771
1955,609291.35685,586702.7137623571
1956,743872.9829999999,757350.6462025284
1957,292934.97679999995,294212.48622892844
1958,463007.3532499999,448918.76660611876
1959,626093.2787749999,714427.0185864829
1960,410843.720625,408454.7870691167
1961,324846.6235,309696.3405767436
1962,823611.751,809946.7607539303
1963,288653.5013,293015.2279474131
1964,693451.5083999999,732999.3559461418
1965,303407.23105,316849.2911405056
1966,433848.4953,441798.046735995
1967,393676.0065,420101.79575781303
1968,532066.1306500001,548495.9763323012
1969,826547.4571250001,792512.7219005256
1970,734924.8279,721204.9795524955
1971,485278.93184999994,561456.6197536796
1972,255359.2447375,246705.4745402198
1973,1315806.601190909,1292224.5452468244
1974,417243.9308125,394256.0112392805
1975,342020.4044499999,362232.3808452524
1976,250638.09960000005,255956.3639729258
1977,2432526.9877000004,2364148.8788961116
1978,848272.4318857143,854095.8245931125
1979,762883.77695,641368.1000529703
1980,621074.8573749999,601578.9493797256
1981,761661.8025999999,778646.9907603953
1982,604359.2522,606141.6261871533
1983,907501.81501875,878810.2254419758
1984,818884.53801875,835860.5939874148
1985,729838.4737499999,745436.4295527954
1986,221045.25654999996,212997.44740250334
1987,574747.3818000001,490149.63305217295
1988,723929.6795499999,706790.88438258
1989,597454.3428,594455.0528033471
1990,466182.6375,515359.26016039157
1991,774804.0273,782483.0190500211
1992,450567.30625,444427.79367977055
1993,433529.57164999994,459171.5674384682
1994,472118.01135,481916.7612041762
1995,620227.7020000002,554549.7659086627
1996,264039.5154,267126.57893223787
1997,263993.29644999997,282194.0040880049
1998,499316.77195,503447.6234262641
1999,586395.3217874999,591722.5740984931
2000,472470.26645000005,450827.54673957435
2001,568326.47835,595191.4060802276
2002,526567.3134,545923.1108375846
2003,782819.9260166667,787973.9635952398
2004,2461826.3990749996,2460429.6009411514
2005,612256.9975,596943.1300072687
2006,471148.5999000001,399105.9664790978
2007,908611.5951,925918.2287570853
2008,514104.48451249994,545118.3022356255
2009,547864.8359,568079.8125498609
2010,750527.4496999999,755144.5215472
2011,473422.93629999994,471801.53134435246
2012,1107451.3382,1165045.5168472147
2013,312527.27760000003,340950.3985547704
2014,650825.3715153846,630559.1672092193
2015,562819.5458,548742.2316553347
2016,198387.65365,214499.59282316928
2017,756935.8664,732431.1270984388
2018,678107.3246,631192.7649832639
2019,280656.5496,266685.17802290944
2020,437216.3689999999,442009.867297231
2021,635632.64505,637936.1722337378
2022,472030.516425,508117.6751848076
2023,505499.9255,505499.1921788229
2024,387430.0152,394624.8310124379
2025,269347.7138,256225.41274214786
2026,596987.3003000001,572134.8939788091
2027,860582.780775,830043.0221970772
2028,684048.8485,693788.7699422953
2029,424056.392975,411329.8214815036
2030,827531.91251,839540.3596523206
2031,344677.8706,334595.0841657009
2032,622489.1648333333,642285.088094413
2033,390520.56129999994,368608.492455365
2034,1266559.625575,1296946.7090300545
2035,377183.1858,383594.9041845448
2036,705910.8962,669899.6403730041
2037,611126.7922499999,618882.5192239844
2038,465486.7488,466153.8133654942
2039,392754.2156,387999.2861933282
2040,831715.1785954545,848855.0936237897
2041,357976.39349999995,362366.0841596603
2042,1083184.33025,1091946.5909583843
2043,344989.19402500003,333651.74748166336
2044,752713.9591600001,732821.9447352877
2045,317346.64715000003,318639.02255620324
2046,733681.1923999999,719111.0822369833
2047,1114132.17305,1083095.8398809324
2048,295074.8321625,280897.7545084731
2049,312479.5747499999,310674.7930728369
2050,846284.64195,860030.1937306175
2051,720630.2997249999,704630.8612733729
2052,1137947.1823999998,1112224.3275604425
2053,390184.2857999999,384709.1937944935
2054,455279.93535,481118.3898963472
2055,457724.441925,450658.87606219295
2056,428350.94784999994,452657.9233528152
2057,644061.9317500001,657363.8557846631
2058,194684.3864,200202.44327715458
2059,537096.8407,512551.7698134903
2060,498764.69955,492163.83163727866
2061,504918.3549571429,495827.08725274017
2062,591621.505,664877.2839993245
2063,378102.9532,392398.92171759094
2064,392032.55,390233.63241540943
2065,2150997.198,2199636.4777454017
2066,672563.2707285715,804010.8650336737
2067,486850.0976499999,433650.624278998
2068,861793.8189999999,823010.3204387873
2069,430822.16195,503508.3159476653
2070,617593.549475,610926.6397022402
2071,469339.3172374999,569843.9749218458
2072,668242.2466,685136.444859756
2073,446566.83034999995,446298.5660516621
2074,556830.9410000001,554913.3317635363
2075,412410.49047499994,412092.81969633454
2076,418805.888025,416397.9480616991
2077,585037.7287499999,588542.3884440886
2078,239053.45475,247101.43278288143
2079,351208.28380000003,323369.32744191366
2080,917369.0148,893231.7359593895
2081,879625.0083499999,846195.9852742236
2082,650810.1225500001,697877.4728813635
2083,511123.45105,546253.8200872391
2084,651409.2262,653022.6342356543
2085,276279.93645,233117.1607177721
2086,844521.2681000001,751747.6645024732
2087,888188.2935249999,843220.6454839107
2088,537224.7498999999,529004.6635709116
2089,399930.9061,386189.0489706756
2090,1160530.453275,1199723.3759772778
2091,1110075.5538499998,1079186.9395070076
2092,488874.01495,547705.7305087799
2093,823278.2025,805680.6877153772
2094,397839.974,450404.4683119615
2095,620387.7152,622479.5490520496
2096,583024.4918000001,568509.530910782
2097,690130.0608499999,708242.87365978
2098,397727.56999999995,425534.9174437689
2099,231566.82459999996,219038.41062137915
2100,380682.43000000005,379966.96129138186
2101,807360.97949375,774922.5038909889
2102,1050296.27735,1074414.8036251047
2103,708224.4978285714,702403.9383413146
2104,521400.5077,589984.1474941638
2105,408088.0175,421525.54749342793
2106,675799.333725,658055.2518148287
2107,595435.6677000001,598232.0043397882
2108,568348.0792068181,563895.7539176422
2109,807978.318275,784347.961936149
2110,362295.199475,382278.1182223036
2111,2359397.668725,2447433.6193974568
2112,2464512.4076499995,2595782.3151872447
2113,386915.7293,402617.4042001303
2114,423675.1083749999,430840.5372487481
2115,992167.2350285716,936403.7995733438
2116,689535.6610142859,707061.6912576986
2117,635867.5253499999,662845.0531202941
2118,475747.9643875,498488.84283521684
2119,836284.2277999999,881298.404497494
2120,515634.51515,531600.645139177
2121,582959.1795,582856.4962981263
2122,986096.239625,1022472.1620957425
2123,304618.62475,309281.52522198355
2124,599745.8533874999,615348.956967834
2125,173031.45135,185341.52617214553
2126,648862.0419000001,630235.2775024533
2127,471567.7879,472038.2125971338
2128,559488.4381,576886.0043669067
2129,708572.09665,683846.2440892446
2130,645311.12955,701166.240906233
2131,731181.4243999999,709822.1826309571
2132,787015.28755,745732.208278014
2133,701520.101875,640381.5201953279
2134,320148.01389999996,308982.8768318123
2135,598676.2960249999,581770.2466023689
2136,169752.2416,180965.5152307179
2137,393624.5033,417188.79898519657
2138,333309.2347,336050.9032510582
2139,395102.054175,405468.6583184402
2140,792674.3325,781476.1541949223
2141,516076.26815,539772.6476827071
2142,596608.0525999999,616032.4457790332
2143,940602.2570785712,958039.721351694
2144,984070.4335875,970170.7709006047
2145,670137.9767,670170.529842726
2146,503579.25625,591671.023043199
2147,352957.11634999997,364434.1623493241
2148,486921.4885499999,488296.3198040412
2149,534654.827175,558120.1469249452
2150,575938.1034,597708.4167809093
2151,399670.8799875,417326.36872242996
2152,550017.0621,582309.9449097387
2153,320377.93679999997,315663.31849536696
2154,1303193.1902687498,1324621.0509963615
2155,487607.72929,570157.1272814568
2156,819534.8636,826501.928635648
2157,828828.2538571429,866227.92740527
2158,647471.7039699999,650686.4692847074
2159,158973.83945000003,182007.3205171866
2160,231169.13119999997,252836.83779417307
2161,622486.0012874999,631375.5448207656
2162,597693.9886999999,598095.2398092075
2163,312138.2259,302056.8358903225
2164,1162369.540925,1161437.375418067
2165,247628.55227499997,251346.541832911
2166,281421.0525,276479.1988607133
2167,818643.1656269231,826060.0876069197
2168,433613.8047499999,462870.39893695357
2169,763826.9811,759737.0578977397
2170,215465.6924,221935.02963553352
2171,976730.9758,918192.2002545651
2172,1126552.019225,1180561.0603759214
2173,221490.54514999996,201308.22382160663
2174,707025.5547249999,735739.7528267787
2175,422187.4785,405084.292919355
2176,487106.10685,407696.5270943311
2177,675530.594775,686984.2402817247
2178,447785.81921,449823.2539053573
2179,429708.17615,457645.17804069153
2180,2417751.7116999994,2484216.060788909
2181,389826.7506,384150.11867137346
2182,607968.1680000001,579805.141209632
2183,592524.145084375,612828.9081372238
2184,597583.23535,608522.3868037267
2185,587013.09875,588334.1493014533
2186,595346.71335,582984.4797841024
2187,262228.70005,273907.81039753556
2188,483411.278825,480936.25703600806
2189,704096.78405,666363.4987049606
2190,404295.79395,432229.0582710126
2191,448790.3309499999,465653.0259764428
2192,666012.1680749999,692940.8716456364
2193,592093.23492,614816.6333718121
2194,262000.2469,263156.87382572005
2195,1108891.638125,1102530.4783452894
2196,700551.66715,676719.1070398223
2197,596055.2693333334,617556.0973382102
2198,543219.42375,557845.946727752
2199,768596.886525,778246.3086775013
2200,461823.85161,446467.8929385011
2201,563767.0107,577412.2451000211
2202,261139.230625,266368.5458176231
2203,642196.3410499999,650434.434785909
2204,782589.83225,795308.2114146297
2205,301021.57887499995,293486.98789897474
2206,375402.9576,387977.4735888496
2207,1116771.5323249998,1161282.6798903223
2208,535294.2972125,536364.1302699606
2209,444222.19825,464053.67702409637
2210,354867.71549999993,353800.1184517265
2211,379912.51465,365512.3802710786
2212,2677169.9878,2710452.342867787
2213,945199.881,971129.1191512416
2214,388127.0782125,396194.5021761206
2215,334457.29240000003,409739.82947427477
2216,209704.86029999997,222977.45269746397
2217,763071.1626022727,782930.9407799336
2218,225510.30545,235539.7301542723
2219,776964.31805,792701.2670537676
2220,437358.0998,449264.8970764383
2221,269042.917925,285923.9867820013
2222,674368.669875,674265.5588205626
2223,569321.2287249999,582271.3720110271
2224,916782.501875,907376.1553860522
2225,302898.78894999996,287328.09600368585
2226,2602691.20435,2619735.2874410884
2227,742357.1148,780865.5174343842
2228,642673.5416499999,660648.7091375764
2229,630314.29605625,640126.4734274475
2230,980170.8303634616,974253.998016547
2231,350197.53054999997,346430.37890134775
2232,470494.89812499995,448761.6397010352
2233,1210397.6529,1193426.8339144676
2234,222313.0887,230159.1169392144
2235,753279.5011499999,775533.230043395
2236,533529.7319,546239.367980866
2237,747108.5522249999,763244.7524049771
2238,762686.67725,741125.5250437269
2239,740934.0516750001,775112.5072046819
2240,725521.16075,702442.4097302925
2241,322163.97225,317025.7629043727
2242,698945.3866500001,679623.3683492913
2243,637236.5382500001,701699.1283105674
2244,560160.6379000001,567871.6368319788
2245,221580.413525,224798.2773791253
2246,210741.63315,222126.71882366872
2247,209629.726025,209196.39225022087
2248,756272.646625,736780.9658298341
2249,295816.19694999995,287779.4064031722
2250,428429.5096375,433821.655800935
2251,366617.04944999993,364514.7799378506
2252,2469227.3566999994,2600119.2451407453
2253,803897.8124749999,832813.8487970724
2254,271250.9139,268258.64300143346
2255,844440.5352562498,856969.2698380228
2256,531504.15305,594755.7546138599
2257,1235687.1915,1206855.1152765376
2258,373835.90809999994,367854.99268207984
2259,685783.08365,665785.3740477713
2260,328548.7883,329255.21073803096
2261,605833.120475,592007.1617080524
2262,697396.69972,702604.8202351683
2263,382298.6696300001,405489.8292583692
2264,417851.0527,400692.31792900956
2265,601107.277975,591505.0935714233
2266,841822.4136,820306.4253229895
2267,2446667.2255999995,2442122.1476323884
2268,549645.72235,569566.1065117343
2269,398393.577575,398954.9827492259
2270,588899.317825,562695.2698532862
2271,831931.8772799999,820030.7052529592
2272,728280.2827749999,734211.5959903904
2273,185315.69262499997,204190.94802682495
2274,1363673.8115,1324516.6310860051
2275,459371.754275,475569.47914377955
2276,572953.2455083333,592979.8136381666
2277,799641.4664714285,801753.4667767239
2278,245791.81924999997,242477.9150023954
2279,591669.5021249999,611571.6225536976
2280,2635503.93785,2481656.550672345
2281,560309.8785499999,623981.7231622629
2282,368813.8257,297235.7594668768
2283,301608.52385,295698.64293362363
2284,598781.47495,531406.3528792731
2285,606086.889975,599978.5591037575
2286,573022.569975,680355.7866018912
2287,463745.3254,493484.3094074508
2288,465228.16104999994,411407.90683818114
2289,366234.6217,433141.17148536735
2290,189013.3335,203692.52923771951
2291,896476.1422,859328.3554946869
2292,396358.9701,420632.1788736349
2293,415536.94222500006,414426.56112379325
2294,601133.3525,632416.0365396327
2295,547323.3979,541507.9870817123
2296,319134.51570000005,329004.9713093082
2297,231500.66635000004,241970.1106954409
2298,964171.4352807692,992318.8718127173
2299,2455689.66675,2490471.6689604693
2300,573328.23095,593363.4297513464
2301,612276.964659375,588956.0274845873
2302,445247.76685,458297.26989508275
2303,310321.04915,304366.2517556941
2304,465952.50804999995,450020.4446346254
2305,559228.80355,573365.9164155527
2306,210268.5801,210567.51237146533
2307,721573.6410999999,719623.438516013
2308,2297951.3351749997,2286935.996699418
2309,810573.375,814806.2591129988
2310,366391.0068,384483.4626793283
2311,645111.901925,669706.3326816384
2312,2596152.9347625,2540295.172632519
2313,445534.66895,498643.67821553064
2314,549771.6593,551422.8963944097
2315,575086.1627750001,582846.1715876623
2316,2654959.2433,2487983.5758015304
2317,397691.6165625,411084.7100771791
2318,544386.8276,550680.9021919434
2319,659405.2975250001,696118.8948578158
2320,649276.22755,647212.2555906471
2321,203352.09709999996,210497.54109076876
2322,589457.6274,576992.2953801948
2323,507616.0317,507531.44814083714
2324,754663.7542500001,744527.5094597017
2325,461429.12794999994,453496.56412204844
2326,341227.665275,366010.87644880114
2327,528693.473325,536812.0158907617
2328,399850.12119999994,387128.64790284476
2329,285688.2046,230918.83304074823
2330,373537.8626749999,311787.25939944567
2331,361013.5448999999,348309.4974322929
2332,344615.671225,329591.972972055
2333,631605.0277499999,602214.9855337978
2334,597408.9622375,586609.3209993691
2335,299736.33315,296182.47892361967
2336,507201.2646125,508114.5141971016
2337,565750.92067,553212.883296117
2338,875742.5574214285,883971.50933411
2339,702391.1427000001,706962.3000858882
2340,2292541.1975999996,2266794.9492334076
2341,965000.612775,943288.6013547904
2342,764191.2688000001,762067.4181824754
2343,864219.1302499998,817580.046958578
2344,247645.6163999999,262758.10732804844
2345,695266.03335,738147.0631478775
2346,366460.7226499999,347922.4347032559
2347,298004.51524999994,288547.6157986047
2348,809738.2065999998,778531.4516171343
2349,322212.8016,327309.4176117709
2350,344384.4765,372045.0829449158
2351,437196.4561,440900.39563070843
2352,576757.82456,598238.7315089258
2353,515621.04845000006,570910.9526407069
2354,420440.59835,426454.9004435468
2355,451237.5124,441367.384143678
2356,622289.4372999999,612219.1027168261
2357,515762.236,549403.2443178354
2358,774319.2679999999,779245.6160302137
2359,534127.9515,540204.7695088306
2360,606456.47158,594569.6119581512
2361,167062.36925000002,182729.12432189373
2362,417297.29435,396535.4909539043
2363,431776.409275,431271.3664943195
2364,695561.3483000001,664362.4494271466
2365,1257576.9253,1228085.2960953463
2366,365027.21215,433623.7842594611
2367,800938.674525,838872.3332032845
2368,625556.6765093751,629424.5230297464
2369,436652.3475,426432.8466083518
2370,693992.635725,681978.5793503046
2371,270133.7418,286245.529606258
2372,378202.93605,362205.15182764526
2373,562312.7971,566097.6116656781
2374,715508.0931349999,740536.0465690254
2375,321724.45955,266387.5324663573
2376,687102.204125,693574.5904549825
2377,269446.53179999994,290717.1844637004
2378,615428.9149642857,624447.352216022
2379,182247.5892,191592.34646678038
2380,465025.607325,463768.78197637986
2381,896842.894225,891093.0841001726
2382,784907.2167999999,760357.7241799224
2383,471020.63740000007,455442.2749143064
2384,2360285.0179,2286841.127733498
2385,759509.9623,760237.4632521435
2386,509860.8329499999,533716.0337336079
2387,391439.6965,402170.6263540524
2388,763285.7759499999,755664.2801276501
2389,301524.57054999995,341601.7470721353
2390,577304.2638999999,597049.2408813194
2391,2783361.6887749997,2756089.061714838
2392,576581.7893000001,565348.1966502091
2393,406687.596575,410232.4901747707
2394,673012.4208499999,675400.4979008797
2395,426064.839425,410607.86044399964
2396,403886.1356999999,402627.80489288975
2397,574084.9990000001,475524.5074546231
2398,743869.9885599999,744319.044425983
2399,310234.8106,300641.97195282014
2400,569012.659675,642355.7524485231
2401,362684.7402,365974.8891858896
2402,580379.21095,574245.9629533852
2403,676645.8258999999,646005.3232368231
2404,409981.7188,493959.65259306686
2405,689630.24897,724227.8447999903
2406,885233.9662300001,851744.5976681836
2407,815006.22525,819281.3899895455
2408,566848.9281749999,557527.9758362478
2409,573767.72585,627658.2717788173
2410,611180.8310750001,593068.832310614
2411,825387.1773999999,823351.1550764013
2412,702718.1388999999,677180.4016865126
2413,252419.0801,256411.4472075124
2414,662587.0654083332,671925.4545484342
2415,546765.145,549632.2858788639
2416,433732.157025,430669.78879505506
2417,574456.3825,612244.0868159152
2418,182660.8831,193689.1992599465
2419,596773.50135,603525.971443861
2420,1447439.0835453123,1411733.1315425967
2421,380276.31445,397941.85245851334
2422,427268.7544999999,452093.4942981625
2423,605167.3391999999,551300.2079387421
2424,420699.06585,414262.11442913057
2425,408786.8964,402792.74397450686
2426,603185.7534500001,597432.1813696672
2427,309526.035525,303839.97160765564
2428,599366.8688,594017.1600276807
2429,859138.3875375,868419.6591962922
2430,652077.8028461538,625811.7208792397
2431,604904.403075,657054.5665715337
2432,449464.6027,470775.38467795553
2433,561448.2628499999,573263.2551285162
2434,212057.161925,223434.0230583461
2435,876639.45415,842061.1082588482
2436,628171.0817999998,635830.2302718051
2437,554246.3626999999,549265.0497554344
2438,789343.8685,790883.0490678609
2439,697945.181875,693039.469657588
2440,406846.60335,410106.4060095321
2441,752979.59424,692550.5526942352
2442,458745.1858,436056.7485148964
2443,605305.75035,600897.0258059485
2444,539473.37115,529377.6748944279
2445,641543.6043,611851.2632312705
2446,578398.7631999999,590248.4656785345
2447,738519.3586999999,734018.9906175216
2448,365875.9267625,421380.3783517811
2449,761284.647675,769983.9890276254
2450,867233.9145083333,849918.1472721461
2451,232120.67245,177453.25622975346
2452,510785.61189,495067.42760625685
2453,787888.0699687501,785513.6766097057
2454,1241319.2030999998,1210282.605604262
2455,874271.5884499999,832528.3334731166
2456,463657.4912,463050.34889253275
2457,604744.3324,587407.9145737449
2458,581289.1103999999,563342.3265561039
2459,263229.36885,244401.6028975587
2460,295879.0615,349954.46781451267
2461,584162.0958499999,597536.2556610139
2462,703041.6129874999,601724.5784980785
2463,529989.1430749999,539767.61710029
2464,662940.40465,650188.4077797281
2465,594307.7541499999,612354.9807986604
2466,357892.0922499999,358815.0780798586
2467,582013.77125,579916.1616368655
2468,367955.2631125,366002.9421925087
2469,912504.21985,898042.1660024249
2470,677022.5343099999,582421.6146610165
2471,475384.8684,485290.45537102025
2472,947489.4709692306,909245.9694763849
2473,376759.0818749999,366374.03028508555
2474,364086.7839499999,380578.79626800155
2475,417722.36379999993,422278.39009767835
2476,273755.57405,230891.4750464666
2477,240296.558,203660.9485585894
2478,311287.62635,307068.5071856157
2479,694129.0173000001,732185.4825453821
2480,512386.53282499994,509150.9827060673
2481,588146.9255499999,581649.8926907089
2482,905109.0016,922154.1106867499
2483,465404.1568875,476305.4967110822
2484,709403.9358857141,699262.4389481276
2485,757397.2224,747746.1290081313
2486,388736.1274,384664.24687375134
2487,645570.342,707148.7074532002
2488,755012.1341999999,779962.4882970098
2489,267946.05669999996,266697.8899395148
2490,586554.38245,596524.5858801228
2491,1102005.71365,1146217.2089065835
2492,303966.1682,300320.65599132807
2493,457736.3546,509375.5827162792
2494,406975.19554999995,411081.9299785961
2495,471953.73705,487532.8283080184
2496,599174.5173000001,607446.2660238475
2497,584025.608725,576076.9485653294
2498,2423678.85115,2401131.0772735965
2499,836507.448725,818656.4724487972
2500,1206178.7247499998,1154725.5267488046
2501,595802.973,590744.2892993051
2502,429024.9444,439610.65386904764
2503,350004.20139999996,359929.71967097523
2504,569919.94917,656417.4991815935
2505,484475.4395999999,423286.84227368666
2506,826954.2494071429,830343.1603712597
2507,348287.58300000004,332879.10320728616
2508,611285.8631000001,667616.6319532148
2509,219944.26825,187010.52488484804
2510,646162.07765,678718.8869752134
2511,1171264.8561,1170117.5114522732
2512,697157.9145775,714921.853271157
2513,634994.43435,669600.024711
2514,681361.52675,662364.3040044294
2515,514004.6799,510312.9869966847
2516,856588.7199499999,812028.528583369
2517,575826.02535,586101.4447054785
2518,418372.7074,392414.311425376
2519,531829.5282333334,520405.25742055196
2520,660881.9467,678844.4542458014
2521,1232352.247375,1213129.1089199292
2522,729143.201,761814.6397144061
2523,825450.9070428571,844022.7342697375
2524,647017.1118035713,656617.0965791907
2525,728353.5691500001,745814.2651397422
2526,635341.0976000001,653217.5963137598
2527,610367.2106499999,626302.6635897219
2528,577477.099275,552425.4804391447
2529,522495.4067,543093.4563899371
2530,514334.1686999999,508256.49967974646
2531,435968.5945499999,542675.3268776081
2532,843807.5172499999,871228.5128891668
2533,598098.722805,603764.8574008875
2534,932461.52535,891330.6125614232
2535,562498.9139500001,556649.8601105486
2536,563689.5676999999,553469.3790387213
2537,478847.6185,478157.6418626725
2538,1046335.6292428572,1010516.2459692045
2539,860993.5595999999,863071.5390578767
2540,590895.5481999998,687440.0651219303
2541,490096.6098,566217.9094428713
2542,430787.17155,408733.68157419935
2543,523968.89881249995,498932.6195649167
2544,1260481.8635,1275461.5134878748
2545,706585.7806249999,672767.6958736582
2546,173497.98445,178808.8584457574
2547,638934.2420000001,635234.4519809241
2548,535541.8244249999,567497.2997184165
2549,714413.6884,714050.9361434142
2550,336188.5474,343624.6780378972
2551,405617.71429999993,333616.7812084509
2552,576839.05535,569856.5523759113
2553,208023.79225,234680.8085198666
2554,342794.85124999995,330021.4635550007
2555,724347.7268214285,759580.2588283498
2556,447373.54791500006,453449.260230386
2557,637472.5077249999,633098.0980617238
2558,396873.78789999994,401320.0628526531
2559,488270.18417,498974.25827371294
2560,352659.10994999995,381625.4124455954
2561,595387.279328125,619517.5401613876
2562,485618.23852500005,546278.1745022826
2563,540524.5963,608895.6522716883
2564,559495.2872250001,582865.3783691486
2565,605195.5035,622295.7803964558
2566,558320.5253999999,627299.0444353004
2567,191470.2309,164458.09723947613
2568,740367.3489,734458.2096318259
2569,522183.995625,565606.1943682582
2570,603782.9382,737135.9709910004
2571,360855.9368,376244.2130087144
2572,333063.59872500005,360437.62785851426
2573,418605.30694999994,405336.691417942
2574,572381.267675,556639.8109977886
2575,544701.3426000001,566943.0567182491
2576,690817.3076,685269.4573440729
2577,804151.27845,793133.502699015
2578,245110.70039999997,245662.3430038512
2579,1212799.3856,1215503.3005062104
2580,475690.93845,467748.00046229496
2581,754483.2006,771999.2835566667
2582,425219.06360000005,427853.1372816467
2583,1198223.5468,1195372.9427750492
2584,566105.22995,580865.8662121538
2585,466740.0127,486183.4072523421
2586,475063.7575999999,463958.6148197979
2587,271060.343925,291037.1823752633
2588,651609.4456999999,721704.8862190652
2589,452969.9965999999,420921.9755431357
2590,1094502.9150875,1073930.1447052504
2591,863223.243042857,881799.5182907599
2592,970031.58065,967305.6588238351
2593,954750.78195,911465.5011546968
2594,768490.5859000001,754066.1317457857
2595,603029.34655,515885.81581782567
2596,646134.5717999999,636654.642002973
2597,631405.4199474999,616575.46693171
2598,1007109.834725,1002995.5778593989
2599,482399.17519999994,483502.4511973627
2600,511537.11515,502234.46710057603
2601,445551.3895,444568.6788402655
2602,707190.3275499999,680479.8937576971
2603,1167068.63175,1196210.3873861749
2604,169621.75669999997,207085.379456608
2605,404304.91555,383361.226751272
2606,454419.0522875,455119.08968246786
2607,789751.405825,779307.9106461292
2608,703976.36434,598022.9837917059
2609,309781.54295000003,328183.57972133317
2610,629891.244,646941.1837418206
2611,221451.226125,224441.3342327953
2612,492520.3080500001,500874.8468562808
2613,694941.03265,677998.579924973
2614,578657.7816250001,557203.6611244908
2615,603623.029775,604815.7685260605
2616,542295.636075,525734.6559139921
2617,697668.95975,673269.0660048279
2618,777054.0987,759310.0332304833
2619,745234.43155,691615.3377749665
2620,871939.20004375,884226.1969557753
2621,960906.40975,975393.5549261787
2622,491023.09680000006,488166.75596477813
2623,712587.9769857143,700442.4334890293
2624,1276009.26365,1275060.2430631395
2625,484748.418875,510948.06459469977
2626,1096417.6959375,1082064.386508158
2627,597754.4628,593488.971369087
2628,551272.8307499998,554093.653503625
2629,495835.2620399999,485976.7930089755
2630,484167.561071875,478648.156119262
2631,297908.8602125,290624.07284807874
2632,594786.872078125,598823.1157725027
2633,556827.3253,568547.998207444
2634,707932.498775,702778.2254661367
2635,267296.48449999996,327254.1879418562
2636,348239.5073,348080.3560335264
2637,621984.797425,594102.5552209199
2638,361441.8267999999,359868.4727624646
2639,460956.1971499999,471926.75248779997
2640,357858.55789999996,376873.41852879414
2641,530949.265825,547309.5133251449
2642,177627.8153,182185.1671881604
2643,657008.9795499998,632409.2663285786
2644,413913.91645,430153.9593408749
2645,1184118.1879999998,1164718.5153348572
2646,740184.4578999999,739163.650897002
2647,592701.473125,586969.2651635058
2648,448361.32215,449881.0097447145
2649,608858.3674499999,638456.9773635
2650,615274.3431999999,634133.9119812885
2651,216700.0026,242151.00067229557
2652,902081.115,898914.1064219618
2653,877431.5954499999,843955.8207402594
2654,803269.2282,826914.4966752196
2655,836521.4967214284,841944.3168999298
2656,166324.4436,174272.17915176097
2657,499447.7746,497294.52358384803
2658,588358.2786,606186.3744857437
2659,901392.13775,922788.9446968929
2660,549631.76215,572997.4703122214
2661,1236235.3491375,1234027.0388360168
2662,641236.5815275001,657443.8950406036
2663,562629.698125,663690.3985735191
2664,540353.94085,562949.2195351493
2665,630625.1945249999,619888.4088194867
2666,714981.6619500001,709104.2009589048
2667,1286731.1597999998,1253470.900467859
2668,636697.2958666666,662765.5072511188
2669,696133.6437749999,714634.033339874
2670,1004204.76005,961393.7932818792
2671,491314.96215,526218.164170766
2672,669233.97535,685985.2471052919
2673,1031298.73,1026486.9881099057
2674,275454.9242,217328.79436646038
2675,405458.8251,396517.1146906037
2676,1105688.6078062502,1141001.9513709994
2677,490517.6708999999,531941.2639780592
2678,616336.9783399999,599381.3122741443
2679,597657.0649,613693.1026178438
2680,278262.30712500005,270363.870756879
2681,754837.9721,780438.5682518668
2682,756260.86795,753766.2558183437
2683,762563.3783900001,747024.8183697297
2684,445551.7411,447189.0702143997
2685,746401.235,755831.7281324842
2686,393430.14884999994,390091.71287831955
2687,206397.1764,204031.09695413697
2688,642877.4720999999,642854.5732194646
2689,2383769.8096999996,2468113.0664795456
2690,171383.11010000002,183531.017637556
2691,2589992.2660499993,2693654.56891746
2692,662544.3582499999,647063.9702116731
2693,689725.25,702913.9494039161
2694,669931.18965,671279.2667934573
2695,341653.991,344374.6203129842
2696,568567.758325,593333.8492406841
2697,640552.6504500001,542113.9187021991
2698,2504216.7021500003,2631428.968463353
2699,232336.02629999997,230559.40583820478
2700,712638.2404,677624.5930335065
2701,825002.8731000001,762604.0600937596
2702,277290.651425,235722.55227809778
2703,510559.981,588680.2020695998
2704,1324781.2798,1337188.3769793212
2705,629489.7348999999,604272.0104995667
2706,685546.9568399999,653059.7658491961
2707,346055.4906,354269.5609658735
2708,252017.08177499997,263871.96468048147
2709,539307.2434,534351.152903964
2710,1111307.27335,1068481.8274943088
2711,586893.83085,620944.524969274
2712,676885.2459999999,682730.4511525761
2713,572329.1625750001,547445.5753376315
2714,225781.9038,233084.8607345971
2715,2732899.8769499995,2756382.5085181613
2716,602172.9709000001,581808.408328767
2717,605453.2662000001,606406.5095978983
2718,374908.21645,353733.943625885
2719,585079.6863,584914.552418903
2720,731920.29825,752617.792418314
2721,189014.1164,164603.77725840948
2722,687124.4523,656390.5271492994
2723,738695.1482500001,746941.481497443
2724,232647.3520875,234326.64453235638
2725,525477.3725749999,546297.2862776325
2726,595435.5606,628711.719676025
2727,388412.3564,393701.2459975793
2728,220891.6744,226288.86211722664
2729,241818.50275,242772.006063517
2730,516859.1939,614075.1810241732
2731,728901.4684,728036.1249763841
2732,652442.0671999999,656481.7706042391
2733,411594.55895,420901.8906812112
2734,475567.737575,472557.60071896005
2735,571682.0162999999,587230.0254788533
2736,529237.5463,450375.91683493846
2737,692424.1268,678008.5831985085
2738,534286.557275,517724.99991463707
2739,2681731.3034999995,2572613.624205243
2740,594016.338525,665437.4737270996
2741,297013.495925,292388.3768769234
2742,659917.488125,658408.781397779
2743,378711.247,378660.30490886164
2744,534725.791675,537763.1851612646
2745,691205.58165,717058.2904160037
2746,590812.493125,616333.4302313469
2747,420034.13145,413223.8957796023
2748,728358.5875,731685.2641059902
2749,503578.46455,486867.84058911214
2750,655819.2327874999,706757.0441219261
2751,694799.2760000001,689805.6283176324
2752,661936.8453999999,685545.8097500935
2753,970869.74795,972248.9501622659
2754,570391.34815,572756.1517308742
2755,841475.9861333333,825900.4332393763
2756,370830.7525499999,382779.7583951828
2757,495530.06554999994,556050.2941694626
2758,822308.8406500001,794388.7254996608
2759,439158.4959285714,456876.4743791924
2760,329628.8770999999,334017.64726096083
2761,350829.89129999996,354595.0486178395
2762,888057.5516,905830.426643405
2763,254803.71425,248986.31498751123
2764,882927.085775,885350.7286785664
2765,420324.8052499999,421082.79939510516
2766,923914.1600500002,917401.2491558772
2767,570424.7426,585867.7328403639
2768,635578.3456,613767.4527826528
2769,461338.96605,461494.8902027607
2770,479110.30006250006,498530.6942916677
2771,362425.7746499999,366192.2385046232
2772,879134.7975000001,879895.3458669222
2773,318754.2454249999,327682.20403786865
2774,530370.8711125,535544.8719036153
2775,338999.40514999995,401974.9379691621
2776,738961.4546500001,752711.617289678
2777,938639.9857199998,928048.8591491096
2778,426914.52335,442242.41512350115
2779,450133.36348749994,456718.40395003016
2780,618857.26759375,638655.4011867861
2781,898046.0448909091,871726.3720336431
2782,613435.09525,597043.2745826882
2783,1015570.2763333332,1002648.3540502789
2784,669065.633975,698548.6325389087
2785,271079.17335,274486.52095809625
2786,597469.5967499999,596989.210904095
2787,577289.1440718749,595831.841178511
2788,817396.45715,799086.6452774027
2789,274173.13575,266102.086551045
2790,769672.2091999999,748158.919390188
2791,394865.4296,370324.81972024293
2792,607976.9349,598777.5938517484
2793,410537.68105,452986.25447859865
2794,640991.044225,630066.0160076133
2795,414239.97565,409964.2380452157
2796,465629.28899999993,478594.49655571557
2797,653729.7337999999,652722.4385273407
2798,457721.373075,457502.8374202553
2799,404151.0682,409208.90113646165
2800,432943.66795,412560.79012163327
2801,182260.19314999995,188001.21235809018
2802,426516.9968,410016.00658868346
2803,299955.39430000004,362079.16197571135
2804,748927.10535,637216.907576905
2805,548515.4738,582017.2924083446
2806,383590.0139,390579.7938040657
2807,790142.3109999999,850822.2214156443
2808,285561.28054999997,304072.74951107684
2809,392455.07468,384273.8120139461
2810,552522.2378,594963.2747308717
2811,605041.1358249999,593603.8354300635
2812,511858.50595,486147.4868304292
2813,644059.0721,640122.6864082702
2814,486236.1993,569602.4935434463
2815,487673.2160875,485890.64540607017
2816,531327.734875,520191.67347021285
2817,710558.98905,715478.7200918626
2818,721874.8295,731733.671929703
2819,674886.4621416667,664973.3231076491
2820,649095.0887703125,655518.7373795948
2821,637637.020625,745649.1045322784
2822,637139.4788,617099.1708902204
2823,363625.88715,375555.2768657363
2824,390267.5992,335215.3239684913
2825,566858.0139749999,552527.2971371175
2826,567636.9012000001,559683.8035429528
2827,438307.5583,449609.4417969932
2828,673938.3041000001,688329.2182518683
2829,851886.4039499998,886526.1019478021
2830,847241.966675,854809.9687366275
2831,404897.2836,385001.659871318
2832,577984.49144,610570.3127360737
2833,369636.3657,365373.1861392274
2834,418580.94545,429090.5833559359
2835,557026.1809,638061.1809449855
2836,591897.3265593749,610617.4969763741
2837,372833.27925,380665.40746285237
2838,335631.6621,398965.2760061282
2839,605124.6345999999,619495.4557621687
2840,245636.26289999997,245403.85669571906
2841,734661.6611428572,726368.4788507513
2842,530214.04805,533414.9032021866
2843,737025.4267999999,753365.5411619868
2844,267241.31344999996,275891.79985046055
2845,749671.379925,723607.9311360043
2846,532489.69342,537803.8514214683
2847,508575.1874749999,489538.18023816816
2848,343446.59315000003,336749.7028691411
2849,595523.44985,626869.9695125984
2850,554275.9476000001,558638.6170016653
2851,290711.94947500003,280034.3033012281
2852,329471.87645,328974.7136742502
2853,217214.5939,229996.48379694216
2854,426297.58265,474877.7216851355
2855,529463.5986,541195.6463510112
2856,592965.2222999999,666509.9680830899
2857,648061.3094857142,648174.810878234
2858,564979.9096666666,551727.254787069
2859,462854.73745,474260.7002130294
2860,455696.4872749999,457375.4920940747
2861,530705.19555,523078.7077873173
2862,360645.8103625,346323.1647409904
2863,630778.0746607144,617519.2243602138
2864,322132.261875,325535.2545429743
2865,588473.8823249999,603882.1470600563
2866,576002.2625,591939.4212112413
2867,739446.365475,786547.2167270975
2868,2505072.8059,2500852.6431963756
2869,376542.122325,384456.47318684764
2870,293067.18844999996,296180.81675026123
2871,541239.82465,564363.7728345012
2872,823736.6777071428,798370.3300169794
2873,750428.9999714285,763894.3397691386
2874,852505.8700000001,844352.7682056443
2875,386559.3823625,391546.2340311627
2876,614393.1198,601107.7101138429
2877,574951.27785,580700.7596019476
2878,701541.4501363636,713542.0071584189
2879,417649.52895,416683.6258688783
2880,224343.424025,244988.60108132113
2881,857723.9912499998,852752.5319474024
2882,535786.08115,519497.6888343896
2883,402405.37088125,410028.68739088875
2884,983517.3013499998,993956.5660062535
2885,923910.9054499998,851878.349900277
2886,248320.32425,240447.12567594345
2887,428707.0028,444319.50838519126
2888,433427.8227,425806.93585903366
2889,835288.113725,855701.8247443386
2890,664553.8626666667,655839.6642387791
2891,823497.5697318182,784272.971097831
2892,404632.3677375,394752.0454380707
2893,763913.1528250001,788042.2366376633
2894,2566413.581875,2516044.992563003
2895,500350.9157499999,514190.8042548368
2896,255879.93190000005,263315.9509774738
2897,800851.557275,821880.4700888626
2898,206099.1232,221476.23188896693
2899,209959.275125,214918.00334149634
2900,628291.9491,633774.1618599589
2901,367062.3837499999,421406.11049791425
2902,869194.2967333334,827766.7767361988
2903,441701.7981,440706.39406878076
2904,789283.5238549999,790006.880912958
2905,877358.5958,828465.4308634665
2906,938147.06375,935218.8210210513
2907,726766.7802500001,744165.5056183707
2908,1025566.396775,1026732.3444072008
2909,558124.2757499999,531359.181914107
2910,505355.016325,529231.9035679764
2911,556050.5825071428,555412.2799443271
2912,605221.9957000001,575114.1928779517
2913,286721.44655,230646.68849120534
2914,427664.68814999994,422880.48130032385
2915,876827.465525,836640.7682496726
2916,449151.8601499999,443797.3397998491
2917,1084792.4476214284,1074379.9084997568
2918,1276249.5612999997,1282668.7247951922
2919,583114.4257,564930.093284045
2920,303654.69375,310216.9713768554
2921,466965.4082499999,487103.47651905403
2922,1145993.1758499998,1110647.7637547965
2923,194301.8126,172649.84739216766
2924,555344.0681375,592251.049758276
2925,528180.5213,556694.3171776797
2926,461696.2646249999,476839.32780868065
2927,1297809.0069499998,1327542.2168856403
2928,891025.4713750001,854750.2597312144
2929,535551.613675,564875.8022779888
2930,613815.3110999999,615717.754634761
2931,597352.87471,609690.6085323305
2932,763666.40891,741337.5273841757
2933,556595.91655,566849.1684237133
2934,621589.80675,601709.3086968331
2935,588116.8186374999,592451.1152800403
2936,856332.0960409091,828532.1499633399
2937,816600.0210500001,874008.06982474
2938,307244.95765,326618.99902980914
2939,203676.75489999997,203630.3368008999
2940,240232.83432499997,245998.1121131117
2941,364740.7993249999,386541.7004548909
2942,707303.9802666667,730279.4663519897
2943,437795.2085,408517.351717685
2944,1113851.7456,1120600.040214944
2945,270010.13785,273684.0400476322
2946,753908.1305000001,741368.8611542602
2947,199010.9706,209167.7953745344
2948,549347.28708,568149.3880580214
2949,418655.84885,398819.29190369946
2950,463126.1228999999,458355.39537184
2951,292182.35925,293684.0071074976
2952,559468.701,490667.6831069139
2953,354053.85182499996,345844.9708500241
2954,532051.8597875,538978.1888866861
2955,484522.4541,547318.9904932412
2956,972639.1885333334,978750.6287725139
2957,510949.213925,520544.8980253242
2958,491188.7273749999,526436.763342039
2959,577661.7982,647437.8936748945
2960,551919.9935,574907.7093453326
2961,478019.1108,462865.4339946729
2962,291638.9258,287798.92430200847
2963,452863.72864999995,448502.76173964044
2964,523443.7467999999,531477.1580599945
2965,792520.61145,786780.102991677
2966,2410837.5443499996,2360553.042132861
2967,677755.4014875,710788.5847952671
2968,677534.49105,675607.727527161
2969,324815.24379999994,359646.66903639614
2970,1037980.6688125,1002171.1717221845
2971,677042.25125,671912.5094381064
2972,649085.7088999999,636844.6218279669
2973,350755.4634,345783.746241006
2974,533991.7472999999,529217.0962755447
2975,721348.18515,745665.1885318441
2976,695090.0579499999,665720.1849610598
2977,631398.7635821428,603358.9654804704
2978,720443.736125,750004.2389721524
2979,482589.894865,492340.97641239036
2980,527027.1757,531015.2672341715
2981,457398.0324,475214.175053384
2982,274114.65085,270982.67959525867
2983,347181.21754999994,360331.15595480957
2984,282832.00704999996,231323.6670834845
2985,426205.61445000005,437014.7820031735
2986,560985.6185249999,574804.2155396491
2987,398035.4357,407003.9736975097
2988,605006.4402999999,719007.6301155499
2989,2654610.32125,2578690.1899693976
2990,635916.9968750001,638754.1281942023
2991,599810.1752999999,593059.282525146
2992,318252.4428,314911.30712862057
2993,946065.28255,900755.7369633758
2994,744209.40208,732073.9258017151
2995,760622.64630625,645141.5821141163
2996,536098.26945,545606.1490278537
2997,476236.2484,469573.09039040544
2998,1125721.3654749996,1180036.7875163401
2999,876480.1828999999,836590.6381584749
3000,604401.32815,654001.1122684873
3001,558594.271775,551722.9063659644
3002,381576.2302,368013.0832236372
3003,796983.507125,711033.3410950007
3004,776261.1615,809258.3074780554
3005,217420.12294999996,229016.63510616508
3006,641633.0025846155,653455.4046479621
3007,359102.39329999994,380773.2169690538
3008,761507.8825499999,754413.4497208558
3009,643816.3384,619476.286758173
3010,341805.09437500004,350633.9085072075
3011,538183.227875,551795.6603991383
3012,295830.43830000004,307234.1889474094
3013,720471.6173,754851.4354822614
3014,494637.253675,571090.663876708
3015,784753.3777600001,749078.8010517042
3016,1275263.4188875,1220216.4444406575
3017,824388.9494499998,843058.1812507517
3018,995735.58085,999609.1247324044
3019,530410.5189749999,552127.0886689812
3020,450876.020625,448676.73348412337
3021,715909.0368,596775.0361364209
3022,281231.2784,269570.8288188461
3023,2814294.5002999995,2698755.470060118
3024,536954.877675,452123.0963048517
3025,465335.39105,472046.5307310079
3026,580544.46725,586336.7048342299
3027,613140.0241825,615843.0242038614
3028,432512.06555,420003.46450188133
3029,516881.871275,533827.5650920172
3030,612556.47795,621323.3903911908
3031,614942.9686928571,616188.0002277131
3032,479157.900625,473920.037013681
3033,645853.54635,617990.0271518398
3034,776182.8077071429,814400.3619254014
3035,406424.1386,432071.4650238539
3036,550113.27862,563141.5529996068
3037,550572.6538,572421.855782824
3038,806747.2925249998,809307.1626182541
3039,533600.2698499999,514099.57294179214
3040,2732058.1479999996,2758818.680331355
3041,261882.34035,271338.9798155722
3042,579738.5638636363,563005.36493473
3043,345061.9968,298872.1247520623
3044,599032.23565,602835.2631356855
3045,221750.22285,215737.83760198145
3046,544496.4009,532223.7349017445
3047,768405.03745,748893.1365123295
3048,680017.74645,639395.1381527307
3049,569132.44505,565256.4548063207
3050,281656.84294999996,340464.4845426877
3051,714673.3584714286,681358.5447942865
3052,609597.6775249998,589805.2122339747
3053,319044.12659999996,330744.02173222485
3054,426306.5353749999,422693.9510729936
3055,262978.3703,266881.50320108444
3056,842573.1572999998,808585.6557700752
3057,925281.03225,886287.5807085289
3058,551938.350525,572967.8319448235
3059,537521.3008499999,572297.6600682061
3060,276759.3789,268610.4028503444
3061,628321.202725,642958.1838357826
3062,340064.04232499993,349117.18093328155
3063,1035669.3301227272,1018520.8506904426
3064,1239999.3781,1289668.2809437276
3065,1276013.50885,1214686.0709287007
3066,526789.8949,555774.8195378784
3067,656136.2597999999,668953.7582308798
3068,731132.2322374999,713278.1303256087
3069,269617.06450000004,264870.1857912542
3070,400812.94865,393238.6450982206
3071,217283.9834,236661.4532747597
3072,886413.5307499998,861151.5667215718
3073,305412.217425,305090.69192942313
3074,385986.9720499999,374067.2133388004
3075,429826.73935,452624.4040076606
3076,262345.51845,260907.48663633896
3077,598445.4085499999,589711.8200124708
3078,692322.30875,709038.8051730884
3079,309166.2283,304580.80750386196
3080,867496.8034999999,865772.7914652346
3081,509393.904675,500020.7937758801
3082,764764.37846,829007.5825933348
3083,561296.64955,554615.726385463
3084,478511.13365,454553.0841343187
3085,484112.4971499999,504832.8038217812
3086,640074.973432143,652356.8945860019
3087,790785.7289999999,784132.3912462792
3088,664973.9602999999,555836.6950523001
3089,721808.58,712019.492220225
3090,363340.71644999995,371838.02603854844
3091,221857.772625,230739.14757435373
3092,408531.9857500001,385720.7465261589
3093,473799.55794999993,475088.1480510477
3094,291524.91745,284057.78048543737
3095,429404.9482,483256.2799869414
3096,1119569.4231624997,1173003.08405404
3097,628482.1048099999,640185.5024143694
3098,714333.09785,716901.255101799
3099,242360.1778,253303.59612343687
3100,833591.2899714285,815943.356365319
3101,350239.2809,361384.91077064764
3102,465397.5644999999,488117.2973009108
3103,872545.42657,853386.794533841
3104,350499.10515,369597.8736879136
3105,626575.4955499999,637736.656226597
3106,685490.542,664579.6782758755
3107,669416.2946357143,674742.9678351582
3108,601181.0768,583530.0870943305
3109,461144.4386,457422.2486131566
3110,563981.2919000001,595557.2715713528
3111,551241.2248999999,539156.4147098525
3112,682313.8696000001,675495.4625691461
3113,866716.2465499999,858050.1839810853
3114,438737.00129999995,426472.1884202709
3115,2739062.1864000005,2734140.8179624886
3116,387819.974975,423206.921968414
3117,767044.958075,741869.7368475678
3118,368821.900625,367575.60675608955
3119,278600.58655,286834.4110097161
3120,656888.43299,643569.1175540902
3121,433934.73104999994,442218.62849321036
3122,948302.6072,917358.5308507836
3123,170081.0277,174097.16300363603
3124,612844.4761000001,642637.9333762709
3125,766244.1765000001,774208.4805297538
3126,736900.8395785713,709388.563127703
3127,820760.3743863637,805215.502613145
3128,207095.63945,210241.49401146156
3129,628132.2851249999,624509.2723785762
3130,430802.6392,404918.7480881178
3131,799044.6871,821884.614603431
3132,639991.72644,632792.7006769032
3133,253595.4841,250771.34713502025
3134,497851.35595,496347.8924866845
3135,449350.7546,464278.39561548585
3136,2496541.1204,2600617.233370589
3137,292705.8766,292368.385640245
3138,544194.2101999999,557814.8145538329
3139,550718.350875,567658.8498988845
3140,826055.22893125,854355.7102382504
3141,694160.0917999999,690138.1997806842
3142,564686.0082500001,553509.3722302907
3143,700151.3332285716,717583.7758072075
3144,554577.3868,561732.3641218268
3145,317949.84967499995,306025.97247380565
3146,229356.114925,243062.7147739454
3147,755028.6765250001,688681.7994088728
3148,788016.8102999999,761022.1301239118
3149,815575.695,801537.897384892
3150,553239.5846000001,514452.0584342601
3151,448520.57275,447908.917264218
3152,409883.850375,464184.9120460004
3153,300925.3622,312755.07437293604
3154,547217.2283,529909.0887278038
3155,461858.23612500005,499294.24716907815
3156,380835.0571999999,362110.1873469376
3157,287920.92895,293494.6206719035
3158,668409.4517,672701.1163600105
3159,362676.06365,338069.73440927593
3160,797802.2778500001,774492.1672770769
3161,663196.1325000001,684063.9501774716
3162,698726.7321499999,575352.9810954574
3163,1260179.3337062497,1266808.818152504
3164,430693.19055,416161.8820454009
3165,586347.036275,597363.0957584622
3166,831859.5528499999,826360.2424153402
3167,599882.4323750001,614528.2114681243
3168,406423.9811,414934.87537375453
3169,300261.1153499999,283818.6667464208
3170,350172.2395,344876.1134514234
3171,2411309.2197,2403507.100352138
3172,2738462.119475,2742524.9977915944
3173,2828649.1978499996,2789231.1537958873
3174,239174.14713750003,244736.66664657294
3175,520624.39744999993,515049.59971026867
3176,312793.67512499995,328538.46073169244
3177,843003.3576474999,837987.0495118442
3178,569527.49625,578307.9535884492
3179,590682.6134187499,608268.5350610564
3180,172444.666775,138734.63242599802
3181,358028.7310999999,341618.69688558776
3182,489896.26455,524396.236462308
3183,611103.85543,618906.7830583107
3184,571666.08615,550422.1640993152
3185,413610.71699999995,356402.57051356306
3186,256642.15057499995,284899.56916869094
3187,299042.6321,302581.3322860473
3188,355193.15972500003,364643.79944029386
3189,249994.0142375,264715.27813570853
3190,412180.813325,414313.61581822316
3191,1106366.170778846,1120855.9153498043
3192,1052800.1016000002,1055085.7941503946
3193,673582.8344,725489.8071799446
3194,2595781.606375,2615003.620924513
3195,1074196.03965,1053253.9611062696
3196,581855.2072000001,550081.0898531238
3197,814312.611375,793827.1183752493
3198,462774.594,460288.6754684213
3199,371762.00115,367067.893919864
3200,274633.428,229525.10003503264
3201,197725.2244,203309.60441979245
3202,265786.0143,256394.32526226726
3203,644040.97395,622389.102990229
3204,248941.772025,246648.73793683882
3205,608155.589775,621213.7914679246
3206,890529.63776,862382.0161383109
3207,647942.2414,665916.0058819731
3208,304669.74494999996,282834.97480177565
3209,837389.2365812501,878854.0701462473
3210,373209.01595,443652.5377171925
3211,562440.16125,571515.0198181841
3212,433283.0884571429,441695.6835129354
3213,1386835.495625,1362887.1495986942
3214,551241.553025,569056.0938918921
3215,597975.7312000002,587618.8856301703
3216,2395076.2951499997,2362999.3305225195
3217,390577.13285,391886.2417880979
3218,287547.165225,279893.61994584557
3219,409594.9206,420266.0304616351
3220,867124.8907833333,846081.8582512628
3221,233481.5881,230479.45753215445
3222,250214.2665,271309.2651410544
3223,867305.4095999998,917664.229816256
3224,393117.0265499999,449973.0085655606
3225,323427.014725,317629.5272961992
3226,363318.45555,451739.4653594992
3227,260684.04655,267236.33979175356
3228,252418.76317499997,263464.92045173154
3229,983331.07145,984693.5442049935
3230,869327.40985,886903.4216480739
3231,832287.5011,836398.2314518306
3232,579870.13355,544366.4403631279
3233,907776.3049999998,883359.1169398775
3234,654291.4892000001,642864.6719386709
3235,605812.3627499999,585083.6208590884
3236,917696.15815,929343.5748419655
3237,957942.4786,910426.559166555
3238,352611.3497249999,338166.81888603664
3239,695327.069225,668455.1158778802
3240,363336.813475,374008.8679158837
3241,576424.7337999999,576341.5322499984
3242,562226.38065,546413.4707288248
3243,323262.72195,311743.356351286
3244,455980.14774999995,447993.0365094303
3245,484685.41984999995,484552.31267573126
3246,229772.6199,211121.6350755041
3247,839128.2470499999,788515.1238004561
3248,461185.61385,464726.329725512
3249,301476.80205,295997.7604366463
3250,757424.5832545456,750368.7582367564
3251,491572.0742,516764.23278159916
3252,609813.7874,617589.9882287137
3253,354459.62065,346722.9603939654
3254,1106869.70615,1127534.5961812888
3255,1291335.230625,1336002.5186645994
3256,668014.0375000001,677968.1932009296
3257,2767574.88345,2783462.285421518
3258,983020.3858442308,942964.2053982108
3259,1203667.9974,1248916.6620693235
3260,1265083.9853,1291969.1172831592
3261,577096.4707,591855.0916259212
3262,678828.8463,668025.932619606
3263,265426.28862500004,269392.7023456169
3264,2522130.825299999,2595694.547000767
3265,633947.61105,720747.8417617241
3266,663359.56907,640812.9506821375
3267,423679.064375,429591.3134377361
3268,425549.53095,430289.76410891686
3269,462361.49415,397194.1021755025
3270,737762.6573799999,760142.8004185256
3271,445858.52885,452795.6318807778
3272,134611.1525,145510.61120173582
3273,156424.9867,168275.00531333563
3274,337624.49454999994,348322.6884411595
3275,156186.882925,141765.6029651402
3276,335098.29805000004,328820.00654624996
3277,709864.46616,686805.6793225395
3278,2370604.25855,2407730.877000784
3279,631538.804,612379.3239988867
3280,718560.15969,640905.2613396689
3281,377787.6319999999,374829.0887238603
3282,723353.194825,716191.0235838421
3283,2631851.207875,2643765.581361309
3284,716889.2079285715,750400.4932463161
3285,282833.88665,274520.4951704432
3286,317832.92105,362595.2831955466
3287,586063.93855,585617.0688530874
3288,822074.52825,777350.3646536771
3289,713639.670975,719201.6186817961
3290,244056.65374999997,223595.12342162256
3291,636371.7507,703972.5522361604
3292,831336.7533799999,833943.1109618377
3293,334293.889,275558.66150793363
3294,288114.6839250001,304134.78524164134
3295,425477.03625,430067.18428282574
3296,661790.325475,626644.1939097182
3297,595011.4441000001,596793.6929218179
3298,397991.8072499999,393940.6900827115
3299,564639.9894,548201.8899909644
3300,349277.2688,338122.3755411252
3301,269275.5303,268459.9609315541
3302,441767.33965,444311.8685111217
3303,303471.78487499995,303514.96364994044
3304,488411.0539,471017.4230693461
3305,667973.1622,677085.9653133096
3306,263268.67775,224238.06568437768
3307,428616.3424,414496.6877633355
3308,627163.54375,524604.2487155001
3309,567533.7903999999,561463.6181556215
3310,638038.4987499999,641650.1716737945
3311,545924.904,556782.3829568439
3312,670100.348325,659440.1419023874
3313,658518.5907499999,648599.8614638136
3314,895830.3616,882216.0352813855
3315,602533.7625000001,604588.3810978131
3316,309520.8586,329479.6505402679
3317,293935.16845,313444.64541457937
3318,286183.879975,282270.94607425993
3319,767698.4916999999,789920.9899503966
3320,543434.3931499999,535958.2420095927
3321,427615.9141249999,454883.0942590629
3322,725168.73385,616676.8158088413
3323,618187.5053999999,643721.2199819123
3324,1126670.0305,1124927.678554013
3325,300266.235,294878.7006738097
3326,505852.73234999995,622482.2459908111
3327,547577.2488999999,546239.367980866
3328,504899.237,417472.80978191533
3329,536952.2075,564748.6243871761
3330,735955.0257700001,703005.9871661087
3331,585663.4123999999,578157.2098843706
3332,500776.78805,522823.8641601633
3333,541731.49395,533202.0895824992
3334,359471.41570000007,371367.10599657416
3335,561958.9859,569074.7465795549
3336,526090.22825,510922.0217839453
3337,1166470.77605,1165273.401669249
3338,262263.46194999997,278318.3498604801
3339,306149.3026,339785.2173724281
3340,444582.83635,440312.15641055483
3341,598209.8905749999,597306.5742774818
3342,601572.0361,595533.0074464568
3343,156392.200725,139393.4862547043
3344,344531.6643,301513.1968101932
3345,388764.26062499994,394627.17698139296
3346,542515.88287,568230.3564280311
3347,507646.64312499994,517125.1658851166
3348,294951.8936499999,358393.25325135695
3349,229878.1477,230109.29444716178
3350,804656.2678899999,777672.2246316094
3351,496892.77545,588411.3413353553
3352,572981.06575,546735.2020387627
3353,773762.8496307692,797867.8753820827
3354,439344.96857499995,425944.6071470233
3355,1323521.35625,1295822.4921389455
3356,582482.4159642857,592909.6378827634
3357,910307.34865,907611.5943275548
3358,2464324.9766749996,2465996.7880474674
3359,2406931.4676,2450792.5912256883
3360,763708.0682999999,777828.1122038775
3361,306919.31135000003,305089.2678465411
3362,696842.9934999999,687193.2843189896
3363,644288.485875,642402.5690838146
3364,877336.21115,879153.1953848472
3365,656327.3860499999,631430.6636496747
3366,362287.67505,360818.80856523133
3367,282010.61535,242676.93277052828
3368,768137.4370374999,659502.8532234338
3369,568045.4872500001,567523.4172591445
3370,619524.780375,632196.4304861317
3371,339556.793125,321684.7319208546
3372,543592.86245,531759.5377091701
3373,558437.4462,581651.0965274789
3374,638283.6715999999,624868.5121550487
3375,729952.231125,622248.0454323133
3376,461256.34705,444822.32554727164
3377,565088.95344,577234.1799756981
3378,452718.0873,392887.212254294
3379,806466.49005,831403.0338296142
3380,267992.843525,270288.0996209062
3381,263750.16985,265248.1777737612
3382,676899.464075,645843.0879591369
3383,729088.6430500001,755979.4423746429
3384,706631.71025,619331.7904911487
3385,538525.4254,565321.047383613
3386,456221.9094999999,473392.85172756435
3387,512221.70719999995,529910.660496525
3388,555458.9852,575569.141146302
3389,620332.75735,653546.4175283295
3390,1129076.2269166668,1159649.910181057
3391,801035.4209295455,820754.1816766397
3392,606251.8851,621226.686293092
3393,759220.1554999999,767233.556389642
3394,269711.91485,278950.556204518
3395,658581.4235499998,629868.4449527893
3396,478395.7768000001,493757.63186391286
3397,334237.97819999995,410114.7205841808
3398,752893.968425,739576.9827102572
3399,525096.1599,548956.7506148783
3400,685684.1986000001,660287.4589645413
3401,302244.09939999995,296313.70525186043
3402,557950.34075,557452.901925929
3403,595702.048125,594620.7431023464
3404,571238.754525,676967.6910982274
3405,943772.4269749998,972449.0469012742
3406,636586.9474000001,638422.8177123033
3407,206399.6524,203301.64859105877
3408,808610.6098000001,797036.1107810237
3409,682167.0388,700291.5809959607
3410,580488.7829045454,607630.330506664
3411,867361.8968,890284.5708999129
3412,453874.8488,394282.00487025833
3413,628231.4792000001,635136.9882591118
3414,832194.7962499999,828406.2135487061
3415,696289.9598000001,599861.6887660649
3416,610761.1597,582542.1412526424
3417,556079.4556,578593.7408880648
3418,460999.1235000001,512627.7191798009
3419,859614.599175,850812.5277763308
3420,677225.188575,687165.268916407
3421,255854.4127,256828.86502011179
3422,670493.09945,597719.2483942105
3423,835878.27284,828327.56641934
3424,617353.7933499999,609563.6824874845
3425,229088.5426,231042.9001195057
3426,313963.5758,332124.0549778752
3427,253847.4282,280336.29024114506
3428,625981.0975,607302.9529107554
3429,460223.399125,480948.6435479346
3430,532577.7677000001,541599.8974638659
3431,356811.938125,362036.6533871803
3432,1057966.7897295456,1020876.0770278234
3433,489601.31595,498136.50664704683
3434,834172.8065999999,855149.3587575895
3435,1203844.00715,1227213.5163427105
3436,443726.0487,452957.2898892628
3437,795198.4192562499,811755.4005421124
3438,545961.2315,461542.7535092859
3439,491883.4858,474072.9948785594
3440,849447.6012549999,824854.2716691418
3441,621696.1257499999,630715.1195893037
3442,728732.6380749999,699284.6295561598
3443,460851.83505,458292.6327515966
3444,2359232.7348000007,2363675.593163059
3445,783054.08832,771760.9041496232
3446,906161.53595,924426.9588995572
3447,1268370.026625,1296587.3948182259
3448,587324.6704000001,648790.2673544938
3449,916858.1701999998,884353.9870917463
3450,1033178.4276227272,986686.2694860749
3451,551008.5096999999,582760.4242012287
3452,443160.1902499999,433080.74843607366
3453,565245.42348,584483.3239264337
3454,594272.3452000001,579577.3508662549
3455,2412260.9638000005,2473882.630049924
3456,129513.247775,143333.90839070932
3457,377537.3057,447443.86622223834
3458,2371531.1377999997,2303097.630225321
3459,472715.753075,472329.7290442241
3460,405943.86735,401444.277328535
3461,581925.2789249999,585372.4711898126
3462,646122.9634,638714.2415478409
3463,476227.9403249999,485067.970578862
3464,1382566.6874535717,1367388.761970469
3465,297144.48149999994,373785.13913738244
3466,646848.0223500001,640395.4310058308
3467,2699184.6415000004,2736421.0157937
3468,512714.7608000001,544091.5486286953
3469,900062.6442749999,926326.0138813201
3470,440251.7964,440660.89978426485
3471,212279.44465,216210.36020204562
3472,717637.59645,616997.3139424967
3473,595074.422,654771.3748675148
3474,481213.87655,479633.3988799614
3475,172500.08604999998,137964.58911302406
3476,673253.540625,693591.268305783
3477,852096.1123333335,858651.3960377567
3478,789344.7515799998,742148.0067260521
3479,386605.31814999995,390567.3925796641
3480,515782.2443249999,509368.0172236487
3481,907965.3519,820855.0263721915
3482,594871.9623749999,576021.7578414985
3483,289301.27904999995,310518.4334084852
3484,536846.25526,477783.44836765004
3485,321077.306275,306263.6116451515
3486,659778.4889499999,636803.0488931029
3487,346666.14204999997,365546.3997856927
3488,213307.836,212065.03533757353
3489,834085.03079,839916.2932128633
3490,402209.48289999994,409155.0892733975
3491,606426.04209,583061.4752152149
3492,783262.73855,793497.1849217651
3493,745116.1953312501,751189.8750820556
3494,856643.5265499998,878365.724806217
3495,531274.0221,551621.6104867707
3496,852613.8441999999,859746.730165967
3497,204622.5949,202161.99274617375
3498,394369.26855,453361.14206434035
3499,594770.4879,584834.9729503795
3500,2163975.5871,2243205.279336313
3501,763169.327375,745017.9278607522
3502,381203.6911,349962.9297871217
3503,472039.68595,470005.0326559493
3504,333486.74712499994,283125.14317932347
3505,391777.44240000006,428435.5434439973
3506,229207.09945000004,226307.49848887668
3507,873785.1837857142,868098.3878662133
3508,962281.7735825,974755.2415365416
3509,514158.04082,510938.9716666088
3510,448840.5070875,514116.9471576555
3511,333051.39045,374728.5532240928
3512,613449.877325,614769.4617410607
3513,337396.5586,347998.6929980465
3514,515213.2540125001,510226.1550745976
3515,737261.9006571429,760614.1389653835
3516,831048.4323199999,837976.3418871423
3517,697568.97448,602093.1833988277
3518,994731.340092857,978844.4496483513
3519,194779.27630000003,209467.32097321935
3520,517889.59354999993,518745.9469047365
3521,968582.75045,982743.2221298546
3522,429343.7746,427552.47424717346
3523,567700.5772350001,548060.1680339391
3524,619967.3139500001,619633.378415952
3525,316702.1266,334972.32035077346
3526,466287.34264999995,463311.38108925306
3527,365913.2249,407184.2977086012
3528,497290.8176499999,500598.8784092997
3529,434326.7568,447217.632990351
3530,256671.1889,262714.1701318567
3531,201986.55025,210559.8027173964
3532,632540.6862499999,620980.9600187972
3533,599833.6544749999,578528.8097223702
3534,424037.27017500007,442158.8645819289
3535,565391.6049500001,575443.8221465184
3536,433921.067475,425875.48593623895
3537,401754.2704,391606.13443189766
3538,382648.50305000006,384067.2387153371
3539,516859.26812499994,612989.0719668296
3540,271992.96395,265841.1500450871
3541,498464.91115,591329.5092652277
3542,720725.9041500001,709047.2805870641
3543,245372.91745,245465.8930812055
3544,643307.7745999999,709550.495913687
3545,669145.1264000001,671944.6173462253
3546,556378.228325,643758.1405114617
3547,852471.3681,844706.5861706769
3548,418378.71565,510864.5023069963
3549,240749.449225,240129.65808279323
3550,617238.05155,591046.454806352
3551,683616.5577,670124.1270566549
3552,344956.30922500003,323567.7054519815
3553,625739.082,532234.3559753813
3554,367552.634525,389130.324041704
3555,423616.2125999999,441743.50182205404
3556,304135.5674499999,312493.00539590616
3557,659873.2283999999,626512.3852118155
3558,620305.446840625,622334.896147784
3559,776292.2671999999,745869.5237973816
3560,602818.4149,577831.7993668925
3561,607405.4633624998,616131.2696200238
3562,418562.8852,435255.734845602
3563,290934.268575,235151.88552761276
3564,509800.8586124999,548694.2704078765
3565,651834.5866428572,672085.2345238868
3566,583949.272075,572396.1015523047
3567,418896.65820000006,408590.49215751805
3568,903831.864675,915595.3047444248
3569,384012.86732499994,382426.543048757
3570,260613.939,249199.5297441965
3571,897510.8548999999,877173.4491078164
3572,299871.43395,248304.79301818024
3573,318426.88674999995,310063.93074723275
3574,456010.07579999993,445296.6647041131
3575,762373.7899499998,732265.1089707135
3576,197458.86,210406.90673552794
3577,708350.9777000002,680875.9888649838
3578,580464.9889714286,594931.8684025275
3579,699292.1536,714078.1840534569
3580,398592.1552,393024.5111177355
3581,543896.307275,530705.8022302054
3582,470865.61655,516356.6705018834
3583,455690.292275,464791.51807121997
3584,573662.8230499999,587587.0346371778
3585,730044.4456,702679.305169533
3586,264511.67855,215490.94755112223
3587,255243.0224,242848.52081762662
3588,567838.6072999999,456514.9468649037
3589,1308173.04755,1298178.7271425165
3590,560793.753125,541934.9762443195
3591,1145621.4466749998,1148334.381192375
3592,509634.3148499999,503880.051546662
3593,343489.00989999995,342985.20481151063
3594,382052.43334999995,395974.19471618347
3595,539918.4608249998,530161.1150013309
3596,622858.9608980769,644086.7924013097
3597,345174.84455,335931.2564549859
3598,415416.97660000005,401014.32036530797
3599,301548.87637499993,245760.55629163102
3600,793935.9274199998,766891.7004280242
3601,355722.71682499995,330984.03805441887
3602,904419.9813,891186.7775844611
3603,508965.0973,514737.29228193033
3604,337767.098,337525.8822485973
3605,577516.877,683871.3266362558
3606,798697.7440749999,832661.4217784125
3607,718886.63275,732640.9087239363
3608,553924.1849999999,546121.5369613896
3609,486528.3253,545011.773135934
3610,729366.02375,732533.7472032006
3611,409907.778175,408898.2087094311
3612,356350.44005000003,338012.54115519597
3613,380453.71965,381445.9809601961
3614,683923.27175,669470.2463610616
3615,599447.8068,606661.7256029659
3616,587240.26,572787.3156711955
3617,839942.3798437499,857056.7110996878
3618,259714.564475,260030.82281562727
3619,289908.38409999997,342753.2274694437
3620,859148.8643749999,898242.0342649061
3621,605373.0386375,631118.046571007
3622,346398.275875,292679.51142933534
3623,451835.550325,449618.42175165995
3624,569783.3839,561697.0902087082
3625,381520.4328,393595.8061482288
3626,338998.129,382836.2529619128
3627,563689.3886,566574.805289969
3628,616244.8876454546,606324.7264552303
3629,482295.726,584287.8522712699
3630,375426.7275,393220.6138712894
3631,599150.590375,603164.9766671138
3632,631397.0556,617945.6667346328
3633,256111.35784999997,258310.65699764897
3634,472393.17115,482239.3320345441
3635,600595.6155499999,593445.1990135191
3636,573687.7517499999,555635.1130335345
3637,601049.15894,574874.6289143993
3638,738156.34735,742988.4148513258
3639,602643.820925,627622.4801842946
3640,535203.8324000001,552994.4116192459
3641,420045.0040999999,419898.20257774304
3642,1262446.027,1204431.516513815
3643,493174.509375,507223.4559941703
3644,315756.742225,311582.4347226063
3645,405486.7115375,391028.80680011935
3646,603076.5886,599149.8196907975
3647,336507.98384999996,349875.13706826983
3648,648560.47175,573248.5489068337
3649,254123.090975,250008.22246251174
3650,769618.76655,731416.6250078103
3651,2487520.255010526,2422083.092771754
3652,473864.26735,481544.8050349779
3653,534609.0813999999,528337.5268735872
3654,388851.7648,381006.8918886229
3655,342761.12465000007,346827.3773122449
3656,315851.431225,299118.47293303156
3657,552971.4384,655289.2497428231
3658,850257.3004999998,851767.8716215837
3659,767354.2093,776572.1679694729
3660,804927.9524928571,796059.5670098027
3661,593843.1444499999,660233.9495709559
3662,737374.6050999999,729072.9163267228
3663,246633.42125,250540.58548531352
3664,413920.03841249994,420553.8218822723
3665,2294299.0245999997,2294980.393521637
3666,754662.5448285714,764276.2432462379
3667,603135.32825,618031.2837109299
3668,595866.6732,576795.5773283497
3669,314352.46339999995,328397.32371753734
3670,356421.65695,363232.80178640154
3671,556075.7727999999,559015.2698708127
3672,780194.0729999999,780369.065159574
3673,237070.22949999996,243322.71143672074
3674,505933.18495,503351.82846433856
3675,222170.36095000003,223543.36338208028
3676,574530.4319750001,557664.6972972685
3677,555606.1225,527358.7897660104
3678,548211.3153,559651.4965919753
3679,538857.3222,528292.4811662168
3680,512955.02255,493148.43874452787
3681,481370.91015000007,477507.4554605449
3682,253294.49004999996,270049.05527495075
3683,808118.4661000001,778071.1441487067
3684,346815.6025,415372.55177334975
3685,546137.94535,587562.6859628292
3686,809421.20745,784190.053558934
3687,242248.21707499996,235059.43715049583
3688,266425.48067499994,269231.92350652703
3689,587100.0051999999,612836.4602151057
3690,351098.82865,351379.9542058415
3691,541609.3532499999,528658.2993830711
3692,310009.92175,305058.92973452795
3693,843764.9874,826566.8067430791
3694,427135.53215,446292.3132678465
3695,284324.707325,276662.9458635946
3696,592199.87184,600101.8093192999
3697,242852.7494,265168.24306052603
3698,553980.3195499999,544145.178734456
3699,638171.712675,650128.9484984408
3700,385392.5541250001,384457.26133695827
3701,547064.0184,556915.0797510225
3702,413358.8338749999,425283.57722478604
3703,401870.9139,405258.4203842062
3704,1317311.02255,1315816.7717411278
3705,595604.0678,615122.3025971679
3706,697218.7162,670004.3996071811
3707,577450.4991571428,593792.2759099908
3708,644980.93875,668883.9831374657
3709,480471.55285,483562.63680792943
3710,664397.9852500001,676157.1061794797
3711,805923.76883,721314.5268124964
3712,429107.1874249999,450876.93531444407
3713,460012.75184999994,446196.90007603297
3714,752712.29865,788578.6116537971
3715,444172.1550999999,451536.3731956668
3716,382776.4320625,397213.0856884583
3717,915478.767725,876946.162966094
3718,634561.65345,659239.1772410609
3719,278800.0429,271320.1090972784
3720,555449.47868,537565.9923238202
3721,944721.1621392858,932495.2465988841
3722,414082.9849,432563.5319202251
3723,588169.0377142857,568178.3899949925
3724,532809.6192,516646.5333210209
3725,334011.24145,348469.12982932664
3726,591504.5436937499,580101.3699683702
3727,603596.3844999999,584215.4592377106
3728,492539.7981,476154.13150157273
3729,309401.23065,328180.3597082895
3730,711002.8580250001,735271.8373814785
3731,827323.8233625,795001.3508477915
3732,542353.888225,559500.4238883908
3733,264269.410325,273918.95689328865
3734,615072.673,622168.0088987127
3735,830922.67575,811944.6174246854
3736,218249.35555000004,231122.33912689565
3737,368634.9526,366537.6896170957
3738,305294.20509999996,298115.80576779624
3739,833298.7401625001,812761.27125578
3740,520114.51285,506527.04340637586
3741,2564874.8559,2478117.0428089984
3742,431067.866,440719.27888287336
3743,618251.67988,613751.0404049929
3744,586956.8316250001,563262.8520969227
3745,461769.43285,458120.8011896362
3746,541706.7168,538004.4644673628
3747,990194.777,959335.2667753623
3748,251760.19899999996,213608.14881163978
3749,257928.34809999997,265758.85605002433
3750,778791.713,825237.4761058502
3751,229897.9543,235794.2538384222
3752,843987.8801,808409.8294744506
3753,680708.8723892857,690730.4668942346
3754,796494.8201,800642.8911231565
3755,584418.7821499999,578549.1772063243
3756,309474.01605,312416.2732360794
3757,545640.9273,562884.2136937098
3758,550591.0089750001,558055.8817983443
3759,618417.9402999999,640977.647735287
3760,316496.25825,313849.12700974516
3761,666067.33912,679276.775670289
3762,429160.8645,406648.99614162353
3763,700880.2387562499,670416.4606616236
3764,789524.2353999999,765394.1641838937
3765,360392.2410125,364379.80963370897
3766,314310.981825,298826.8018571082
3767,524803.88435,523778.6351809168
3768,741217.0140000001,740755.4778896045
3769,387601.79365,397334.4949944417
3770,702389.71655,722704.7580712391
3771,599899.10295,634621.9310130856
3772,708489.708775,631876.1893619688
3773,489120.6621,430433.1187910227
3774,422948.73279999994,422332.9864203159
3775,608785.15527,598835.8445512899
3776,967274.7687125,987450.9120607817
3777,437353.0722,435194.38976437756
3778,207880.36845,215063.61582303257
3779,244852.03799999997,233740.42600609057
3780,578895.354075,583463.4280075912
3781,816446.3938636363,820328.685372902
3782,242233.638425,243013.70843387026
3783,315081.68345,308929.0033823125
3784,353194.75234999997,363195.91024571896
3785,202044.574325,207346.8961578443
3786,607258.6159249999,644540.7048982315
3787,511397.08302499994,527229.8474853286
3788,595556.4287,585643.0979169804
3789,781124.4704000001,753808.2549866657
3790,295410.868525,302493.1011496466
3791,449013.18485,446456.48839389766
3792,537722.250675,561865.9217199183
3793,544424.7551749999,562612.7608750629
3794,544101.1391,625017.9010092341
3795,331445.21745,321661.23547953664
3796,545218.69475,628099.3961450817
3797,1180708.5905000002,1104532.2074636319
3798,498348.84844999993,480803.69513499597
3799,270052.6394,231887.14016991414
3800,625101.85855,629374.0474050248
3801,359690.0235,298181.57341825526
3802,559579.04345,541670.0461978265
3803,372723.33345,371636.8250629278
3804,555963.6759250001,544667.1600099073
3805,451611.6486999999,462817.5838649692
3806,351046.06085,351487.2104054695
3807,749810.3940500001,787942.1275998647
3808,848092.3159071428,760961.424105089
3809,205713.64205,208423.58107845476
3810,301665.04565,297869.20096225175
3811,458989.43925,449350.9515999385
3812,503385.93921249994,502315.4564542064
3813,494998.7452875,551214.157814325
3814,814142.5800000001,786298.4337696406
3815,742950.0782375002,700341.145025292
3816,732418.5485399999,761092.7576722696
3817,771922.01195,788590.960268689
3818,808356.9125499999,765532.0719772112
3819,927270.60985,875815.2528456887
3820,440956.09573750006,434110.0376799333
3821,870071.7249249999,824177.1920246056
3822,649479.6703124999,653622.8723815909
3823,788841.078125,745017.9598278466
3824,536094.37745,550940.2637177021
3825,755165.7056,759743.4856007094
3826,428993.3587,515442.44006195397
3827,536338.2353,523749.69298452354
3828,611029.7108333334,626842.5952729894
3829,418263.068,511165.0189462783
3830,801699.12495,782609.5307203948
3831,561048.1547,541340.9440803622
3832,556522.0804,573821.7376921972
3833,785678.8522499999,776209.9511391275
3834,2310344.45835,2342966.041391187
3835,591698.0791250002,579200.1911754513
3836,290193.64389999997,298141.68998737924
3837,849405.2648062501,870596.0928230607
3838,804675.6371499998,790832.6340227554
3839,602942.68425,609102.3738606854
3840,926388.0816125,925907.2268162833
3841,1134195.39585,1163186.5624650787
3842,531089.37195,527308.6600103161
3843,859097.7215687499,850002.0174220429
3844,991322.9887142858,946994.4661761653
3845,411486.8465,421430.3806798652
3846,203848.15934999997,201832.7386399143
3847,735402.0007999999,712187.1513609374
3848,617628.3458999998,651487.8987117724
3849,555584.2402,544564.92183213
3850,449798.04779999994,467017.2831940148
3851,479012.34975,541984.1232113111
3852,396231.04495,343700.83133482805
3853,566327.770975,557517.8612427029
3854,964579.8134,997597.1016366094
3855,593949.6755499999,678640.6406657051
3856,498393.44991428574,515191.8993405819
3857,167424.67664999998,138722.5687734043
3858,790426.5129999999,781509.3672685324
3859,666037.36255,657660.6105681013
3860,861407.4545250002,869011.6674938558
3861,614216.8483,617397.6974245989
3862,555346.5387,562395.5851322548
3863,427823.3863,433614.0663330758
3864,679528.0078857142,688980.920375616
3865,497754.86629,496862.6539533194
3866,521188.826575,539213.0280988313
3867,601022.9980923077,593573.1185808417
3868,399093.6057500001,403828.0112249547
3869,728606.7028,718156.2678783525
3870,219287.25365,221888.89508129033
3871,539967.6228,565338.3245260043
3872,782295.6342499999,749958.8804096387
3873,264549.7799,280894.03170285735
3874,351897.4052,356878.78951540444
3875,1216826.5429000002,1209248.0821839527
3876,330004.72870000004,310655.1991793779
3877,612042.2786000001,575280.6747556571
3878,486605.3499999999,479664.46840873855
3879,501222.24395,483776.6235244244
3880,576623.1294000001,563532.8696136887
3881,553535.3472,550794.3376361835
3882,400873.84069999994,405317.71750695835
3883,577474.60085,565954.5961570627
3884,432482.03495,451954.3924961912
3885,198588.9873,203807.17711943932
3886,620315.5292499999,613320.170889662
3887,630116.62435,712157.5642509193
3888,771075.5511499998,764801.7086423455
3889,562602.297,545507.710680651
3890,655035.1518999999,557382.4274389406
3891,390010.5298500001,366859.73204775504
3892,336987.68809999997,329078.55748551205
3893,239378.3885,253307.28830637084
3894,866088.1553999998,850307.1737675659
3895,465078.12370000005,481319.91124055494
3896,680899.62098,726286.4268547604
3897,229158.00895,213892.08494097652
3898,879789.3895999999,861704.1582280607
3899,542133.46865,562905.3603007315
3900,767211.9178,644475.6112695208
3901,356600.706,345779.52223792323
3902,269502.2526,274126.81192637933
3903,534873.95355,552300.7546534871
3904,278521.5085,270004.567805514
3905,1130194.2376000003,1092818.3561085681
3906,542346.0247499999,502687.1600907004
3907,640231.36625,613837.0680379849
3908,584411.442775,571716.6642851115
3909,528650.532092857,553277.9600556027
3910,325925.7747,383909.76872210664
3911,2709183.95615,2742669.801640891
3912,791377.72645,805722.844760853
3913,548613.3046500001,565144.2001373768
3914,296181.934625,304066.0299312047
3915,712338.5429,715515.8077682642
3916,368487.80955,361011.36982371996
3917,286312.170525,275358.1989775583
3918,410143.63877500006,485684.8041488606
3919,864565.9072499999,867881.8779679647
3920,582587.4954499999,610504.7085617987
3921,597749.0536499999,538993.6195609255
3922,388860.4148,388978.17324384185
3923,367106.8678,379446.05633697874
3924,710993.6837,689589.66882287
3925,329880.31534999993,345893.6506533104
3926,616160.5819999999,546953.5752518233
3927,411521.6564625001,415417.1097275675
3928,935507.3659,884174.877031002
3929,310402.3371,302741.25672327285
3930,217485.2771,225948.96574488972
3931,599925.4957499999,604885.8671932219
3932,644406.5114374999,678197.0173705462
3933,275334.777825,273586.6917363022
3934,817474.8463,786246.9528295323
3935,613087.2307000001,623603.5849212629
3936,456832.53320000006,463420.13278885756
3937,866203.2375749999,856995.7910795395
3938,279960.51865,273787.25748428865
3939,355236.84805,373930.3884283693
3940,778418.2581999999,765197.0143291545
3941,581532.49523,585344.0559946345
3942,737015.43335,731361.2895996167
3943,565545.1257,565705.3262973869
3944,326655.0855749999,313453.6955886987
3945,971819.8621,970689.8899210034
3946,602103.0261499999,583784.7024771422
3947,455723.3451,447314.98525855504
3948,641580.012092857,674026.8607536586
3949,773557.4756,800002.6859716249
3950,1194865.6213,1201673.0243491307
3951,500831.9533875,520436.4462111169
3952,365243.62304999994,369665.3668578715
3953,675350.3211599999,689659.4426482313
3954,286071.47285,300384.8460537631
3955,2351057.66865,2313445.7760535907
3956,609553.4217,605341.7976605603
3957,516987.9945250001,542504.2552243228
3958,579298.6399,575996.52244027
3959,569019.4133,575400.0155076094
3960,601005.648375,591824.3561827342
3961,994062.6073,983330.6783408573
3962,809704.3596999999,809382.8429144562
3963,673592.0143333334,684922.0065122824
3964,448526.6413,444076.22836359974
3965,752211.3202999999,804933.2041596605
3966,530242.1128875,533449.1096363404
3967,475740.47234999994,474827.5418716158
3968,1389984.024725,1407550.58196707
3969,865340.8376,868749.9393086501
3970,675618.77305,669056.3178760106
3971,716568.18485,753138.3658800334
3972,454038.98420000006,457683.695839238
3973,460331.9512,476816.9793598929
3974,739752.89915,776593.2871771939
3975,561834.7535833333,572156.2409723507
3976,399127.880725,395607.18096287275
3977,639297.144375,631841.6843867801
3978,424838.478575,430386.8943501983
3979,252181.83820000003,263872.76597522123
3980,257689.39352499996,263595.5422928547
3981,670642.6767142857,633402.695195787
3982,848880.6808999999,839986.7754871239
3983,1154261.0845,1129867.1707264397
3984,205829.5652,207977.74393382703
3985,634529.1175,652232.3812027022
3986,590122.5399,581456.119112344
3987,571849.0912,572370.4876051147
3988,720441.45156,731894.438842225
3989,915863.4194357144,872095.4868736347
3990,771730.0691999999,758056.0159670975
3991,277028.165,274200.03605003527
3992,150029.52525,136776.8778524862
3993,271032.54215,274448.2269373625
3994,436605.50785,437228.69332496927
3995,606203.6492999999,583109.9657789606
3996,244395.51815,250662.09618852654
3997,269894.5728,287138.0928055325
3998,365233.66215,385767.4751607571
3999,272963.3311,228320.78559508934
4000,763723.3967250001,735467.390191704
4001,392782.81999999995,428462.7207980575
4002,954209.7649,940244.1761681882
4003,757837.84403,761505.2739773525
4004,587112.7736,551476.8375139803
4005,704313.8618750001,727673.5549065825
4006,302602.75409999996,307496.41521578643
4007,815264.6109999999,790463.3991896409
4008,725252.830175,725424.9196323478
4009,738182.0830499999,762961.2551423637
4010,2690765.2784,2610983.7560626864
4011,638005.4914,620766.2380244805
4012,412080.8344,420970.38267252856
4013,650163.2571999999,575945.5344543513
4014,611759.3681178571,634074.8159295166
4015,354540.02405,346505.0072243198
4016,765947.0984624999,789041.2468650199
4017,735876.77695,724003.3093127969
4018,436692.39975,432520.9620605025
4019,218322.1437,217530.12403320553
4020,595472.27555,566220.5316528156
4021,190597.66202500003,203622.89997619414
4022,895331.264,901560.4865042494
4023,454153.493725,372771.1171728463
4024,728962.3266357142,754253.5796214147
4025,791931.7596,767003.8504758056
4026,792802.6902249999,783207.0543519105
4027,327479.59355,342641.2059917679
4028,477865.1842666667,480045.3752754964
4029,349759.477925,350085.9479673835
4030,407877.7617,484675.7486786383
4031,628472.42245,628693.1661665179
4032,507967.40467499994,525734.6559139921
4033,515283.02784,484924.77919057943
4034,1115343.171409091,1151111.7877149624
4035,439080.65855,384367.67575440166
4036,626902.3066785715,625598.0551665317
4037,470796.78560000006,410318.4146179699
4038,597658.64371,576527.7907368517
4039,210367.976725,204988.06699705851
4040,439654.0791999999,436913.1091518812
4041,441063.9295999999,431237.79810488987
4042,197933.3389,214509.8723825578
4043,347582.99960000004,360578.8682620027
4044,542915.0754000001,555119.37815436
4045,419748.6345,475886.0004897754
4046,546684.6722142857,588560.7853546365
4047,295284.21692499996,281017.9618090794
4048,810502.1849999999,741048.1926966369
4049,282738.428975,281330.0214792285
4050,694242.705925,728443.7047901208
4051,2460550.9577499996,2452168.748914511
4052,544043.0896500001,529826.4842632998
4053,350676.98265,409408.0502654327
4054,405503.44965,393466.01831695973
4055,623171.17195,627126.207613689
4056,532891.88475,532113.0923401007
4057,550146.4439000001,651448.0099983492
4058,269410.70790000004,264657.4991256247
4059,640705.791125,641472.3508775397
4060,598981.28495,610021.0600864531
4061,471983.3744625,496348.60111776687
4062,757662.1432250001,743450.495552204
4063,653044.5276,680744.3960528576
4064,442476.94845,440166.46387241693
4065,543934.6417250001,518564.6606925107
4066,142624.8558,130949.77784736587
4067,464956.3980499999,453441.7621046673
4068,277133.9083,279663.1605982558
4069,468353.8981,458750.115608508
4070,887302.1568125,927860.9417592698
4071,354747.24245,327117.2758803406
4072,256916.0194,254618.03157503426
4073,580251.3902142857,552627.5707353825
4074,360960.9610125,362445.35042569897
4075,276148.60255,230663.13906985507
4076,642655.0333642856,629900.8804019352
4077,386749.25239999994,402693.8973329525
4078,435133.6014,410160.52656081825
4079,538623.5459,532767.154099564
4080,755796.807175,690737.0564702833
4081,590454.6399249999,567940.1681374898
4082,604530.354675,634757.543936849
4083,769460.5701785714,796937.0297161073
4084,351087.663525,346228.6900416926
4085,475546.726875,497338.869019925
4086,580710.5766,599993.9379630067
4087,419295.9962,424791.9903777455
4088,1364626.645,1380898.8773318294
4089,661694.0233785714,658282.2138653666
4090,183021.21599999996,174677.70134919655
4091,352060.20670000004,335505.89452378347
4092,492900.91007,474525.67781199404
4093,534939.501,559445.0245504137
4094,1025453.0909,1060167.0443756075
4095,332580.94334999996,330931.90331627877
4096,407614.47527,426694.21743641916
4097,704097.9481409091,693198.4833554523
4098,668823.36295,648820.0528528853
4099,414640.3365,429605.8659172159
4100,371093.5798500001,395632.1811152659
4101,1146658.74925,1115689.9778131354
4102,749865.9546249999,780179.0059480935
4103,522753.6548571428,548345.3817894972
4104,291257.6688,307554.91086980887
4105,343000.15914999996,397362.0115966191
4106,2531056.91185,2514133.394718986
4107,1373871.39843125,1330048.2823952555
4108,509136.84367500007,592182.9774428421
4109,382849.49865,408553.12437472166
4110,730465.6518000001,709150.3338660043
4111,469829.883325,476421.6309542776
4112,935196.1337999998,928496.4362626151
4113,777659.71965,767622.6994402306
4114,633105.1719,613353.481902762
4115,486417.47035,489257.9197500749
4116,411839.67785,408753.5923201147
4117,900249.3282249998,905694.7850349887
4118,293268.69382499997,292798.39183358214
4119,223643.290325,230267.82089486424
4120,412985.95285,407940.41305895674
4121,730921.0806,736456.030537871
4122,729423.7396249999,755324.1254942552
4123,469751.2017624999,481532.79968159785
4124,394396.576525,405131.61281545856
4125,410607.037425,409598.8684660125
4126,485626.2322,480427.7854568949
4127,1167221.7187115385,1162552.7143811446
4128,296336.30230000004,349143.62870392005
4129,677934.8533,669963.9411861963
4130,283467.28229999996,297244.39672856015
4131,362518.4233999999,365368.555329227
4132,440169.882125,389562.71365968924
4133,669581.1312,637095.862536452
4134,351493.4999,346241.81651938887
4135,478124.13745,469718.56811916013
4136,823498.6593599999,840355.3137287709
4137,1066433.7540857142,1073039.4614148836
4138,428963.3754999999,437785.6864768796
4139,622806.045659375,619588.4436205929
4140,545274.05604,558110.4472431712
4141,516634.16035,521584.10073183937
4142,610631.5349000001,632504.3575247613
4143,582303.8286249998,512787.82399027643
4144,572100.6293857143,583607.7544686345
4145,2505055.2121499996,2571903.8057959233
4146,545232.5376,647685.136918638
4147,829335.3720900001,820483.2638353601
4148,463269.7858,391785.0201836536
4149,394655.2533,383635.79504750174
4150,961263.4823,904144.6364576918
4151,777026.2354333334,793336.5033590756
4152,501480.3579375,482886.12284328224
4153,1192594.6567499998,1181524.4447471213
4154,341677.37577499996,357999.2704542688
4155,312396.1065,327676.1411900058
4156,718311.2565000001,678461.731154674
4157,414606.32884999993,414745.87399455387
4158,718811.8363857141,720191.5431480239
4159,690136.5449,677961.2076122465
4160,437334.71089999995,425929.92256257904
4161,513350.86855,547985.2965609035
4162,424457.1576,441332.7828540469
4163,555284.0298499999,544275.7656657449
4164,513402.1734,511213.08582843555
4165,498905.98645,479746.65487776726
4166,594820.1117,609517.32705044
4167,546639.391075,615861.4075923187
4168,578394.76778,599762.86104376
4169,889059.4831839285,878010.6389683345
4170,621742.7691249999,597688.3427088362
4171,322718.33310000005,313965.5549024797
4172,312046.58182499994,323971.7299159112
4173,584829.2565392858,573251.7937448586
4174,415641.1456,486833.47664030024
4175,495905.03535,486802.50892641227
4176,1111553.2987,1066335.0061168494
4177,425404.162675,427578.92601338774
4178,316260.12225,379228.3748644259
4179,2742326.3806000003,2752234.1466519265
4180,2450842.8951499993,2476637.264740573
4181,378777.9795,431318.255401135
4182,358486.42514999997,344932.5092523038
4183,174324.422575,174384.80161623424
4184,662542.4518999999,679396.32166291
4185,168667.8905,164512.57540237054
4186,253091.83389999997,248675.87213121098
4187,513780.37749999994,515748.32779870724
4188,556457.08755,541231.9896205729
4189,327247.38985000004,326610.60826906835
4190,311141.5939,335532.4391007696
4191,786337.9217714285,783746.4548641341
4192,223371.89295,223606.08792209718
4193,633121.4884999999,633704.0625619293
4194,1139366.07425,1179437.1392302583
4195,673261.4397,640528.2150042425
4196,582887.0520499999,593665.2118829418
4197,570008.6800625,553519.7374176314
4198,268670.8569,281723.15665498946
4199,1301823.0227,1308454.9600924314
4200,200675.99440000005,177964.33710898823
4201,167990.8824,174716.38148933204
4202,709895.69375,717600.2595368803
4203,1152076.5359999998,1183806.9143895167
4204,591016.9016999999,576212.2135511152
4205,478527.9890624999,492171.89174469933
4206,432245.6864,452768.59547865466
4207,334086.46645,277511.4364427659
4208,284647.70075,276837.3272708123
4209,808111.37812,799233.856700911
4210,289017.5869,302369.9817915765
4211,538810.06175,505733.116572845
4212,278297.80240000004,257780.40564821227
4213,1111082.05035,1100329.4136594727
4214,167080.98160000003,172531.67500601278
4215,703527.1965999999,740720.6452748016
4216,1032564.3536499998,1061031.0306228902
4217,695963.0303,707517.826785312
4218,635583.7590000001,673745.7017136881
4219,754084.4545,717209.6426033042
4220,484488.5629249999,500442.0724212687
4221,414462.164,422764.1393344371
4222,357162.54695,361765.1787955933
4223,214029.67379999996,210174.7237503092
4224,311193.6757,311327.1483664488
4225,711506.03968,695707.049699607
4226,925402.7849,920792.3980402785
4227,503153.6048,515568.84875198186
4228,328298.5783,329294.4460977311
4229,827307.6507714285,802661.6109130798
4230,1321201.1721,1288375.4469288466
4231,396978.46435,390052.32774714247
4232,303944.51185,313453.6955886987
4233,591607.3115999999,604882.1111541635
4234,1150175.171325,1179457.4396272672
4235,519990.19592499995,519347.31511190115
4236,292238.96655,279555.06739124865
4237,814129.6656,790974.2695056379
4238,273071.41915,288201.93132127565
4239,349182.89924999996,352184.38293689745
4240,994517.8242232144,1015969.0115440959
4241,604357.8408499999,642147.6818667098
4242,925148.7494714288,921073.5161518047
4243,1245579.889495,1285800.5956987294
4244,657344.7363999999,660669.9923393455
4245,2474354.2262999997,2403192.0730692465
4246,1364186.0053499998,1320609.0041019805
4247,352487.15424999996,361793.7823006701
4248,659569.3346000001,687884.4232870298
4249,419072.4075,413932.4268247433
4250,490385.41675,477925.7782227717
4251,499520.3471,533195.0892756502
4252,1069286.342,1000527.3114513967
4253,920112.09155,920790.6846964834
4254,542734.95465,501041.23316678114
4255,767064.6470300001,790155.2387290995
4256,331147.27150000003,336491.3671430796
4257,567850.9892500001,463989.1322376187
4258,654764.1751250001,664974.2829559101
4259,438531.741775,458086.30070642184
4260,588320.30745,567933.8445512243
4261,233389.28129999997,244244.36690253444
4262,603279.8053799999,597637.9247623462
4263,266120.46499999997,253509.38010929635
4264,1202777.84335,1217247.4491318571
4265,825388.7065000001,812813.2101122153
4266,675156.48085,669814.3904530107
4267,959922.757285714,934365.5773000084
4268,474092.63,486633.44480710436
4269,535653.8161,528705.9669567209
4270,619426.5495788461,640206.7211131898
4271,479761.33035,480704.7934114898
4272,337956.6816499999,344645.53145920864
4273,207875.70545,214660.70162630785
4274,652311.657075,631246.5106300951
4275,349354.99351249996,339449.18258353765
4276,465659.0127357143,479364.6484724706
4277,493048.06818749994,500695.8094437641
4278,706260.67533,729208.4777451025
4279,443156.6642624999,442517.9443728067
4280,871033.7911499998,894893.5996010863
4281,607501.3627124999,590325.5340053694
4282,857462.5739,845081.229142788
4283,292104.52735000005,285821.55886246957
4284,445059.01634999993,492611.18360855174
4285,518054.8726125,519244.5909169295
4286,874256.9121,858732.2819050099
4287,372008.16945,352776.95864800765
4288,699781.6322,755553.6966139314
4289,893467.8889,905410.7238109804
4290,533888.9257499999,546848.8105349855
4291,476567.9442499999,498897.7603425278
4292,530682.8926,530838.1252627877
4293,680818.2756500001,666637.1812266909
4294,331474.2700000001,318400.68174738705
4295,542874.5538999999,552157.1403177564
4296,269384.50659999996,260081.19333474425
4297,389683.0438500001,408619.14947851613
4298,337614.48655,329223.6231108977
4299,354216.50525,423335.8383909846
4300,1218932.83484,1242704.5241929935
4301,324800.99289999995,336265.197413113
4302,617096.4675,601797.6543068974
4303,741329.2987749999,608351.116973904
4304,582802.05325,560917.140599426
4305,747953.02125,726289.8399584672
4306,454190.85385,479046.7748430995
4307,603029.2583571428,592323.3673719198
4308,410218.96220000007,385282.52454071946
4309,151857.3878,143932.41269979102
4310,947049.6837,930552.0277114828
4311,767117.4063833334,724166.2500252192
4312,832490.5164500001,827225.8059928901
4313,622771.47835,620538.688224619
4314,842423.4644857142,875404.294669373
4315,711810.5929999999,696068.483129169
4316,576336.335925,571900.6733748275
4317,612536.750115625,612247.5194636374
4318,299997.0813,295281.436552839
4319,468368.1516,480702.1816043742
4320,469650.73605,428171.58894480014
4321,614792.4621,599916.3201005792
4322,662147.6543999999,630367.3873328113
4323,320708.9763,329682.52311483154
4324,269150.47550000006,253425.3306794654
4325,318673.575675,312418.0732973572
4326,800885.40715,645485.6818404362
4327,566026.068775,575368.4453401926
4328,399097.07215,406639.7374428443
4329,621190.532625,648428.4526542912
4330,337397.98799999995,417963.591658046
4331,418815.204,420964.803666467
4332,795450.8768062501,814426.0510739085
4333,844445.364025,780422.2807488841
4334,607986.8389937499,651288.4956078598
4335,1082834.5184,1073941.3481101017
4336,619657.4124500001,596299.8310754809
4337,2779286.4341999996,2763958.4413233334
4338,526518.1563,538404.0232968675
4339,478404.4236,482390.6879512558
4340,560489.5597812501,571861.2552649432
4341,725161.0818,710825.839950418
4342,435649.73344999994,495194.2853994852
4343,568578.674875,598610.1513097486
4344,472611.24637000007,453921.36160245724
4345,299956.229625,310797.7182157081
4346,822736.029825,801324.854871671
4347,238360.2931,231670.33357380738
4348,564646.200325,565042.2358082761
4349,348491.3390928572,365165.0668801538
4350,456539.80094999995,475659.6804803602
4351,679975.0109999999,672702.4682695575
4352,162570.22775000002,150454.78722326562
4353,2430681.3697500005,2447574.9522091327
4354,245953.49304999996,214516.24479090812
4355,389209.4505,389230.82393649826
4356,188450.68375,197985.9989401925
4357,588210.2945,610156.9899843266
4358,629464.1205416666,614775.1734664937
4359,361621.4721,374724.95675028797
4360,559276.6892375001,567892.3057258944
4361,313394.55655,307913.4473984265
4362,360351.6972,363940.9874832489
4363,308425.004325,297924.81258298026
4364,511742.63045,522884.9468914649
4365,807555.3875961539,802683.1148434367
4366,632543.5267642858,622769.8655218242
4367,415225.58384999994,391660.44563151547
4368,628078.2255999999,634164.2076652704
4369,389749.529,473149.09855992225
4370,177230.813425,140126.29510404827
4371,760257.80225,787253.9659728535
4372,519441.36649999995,495831.6468387623
4373,645506.6242,656517.1726198825
4374,418922.6624,414364.00978161494
4375,830468.6343,873280.082161437
4376,626721.11815,638832.9106816141
4377,601773.3224999999,598828.2530627672
4378,368258.14685,369784.0766357416
4379,363583.95035000006,373463.24135903356
4380,467322.6717199999,462835.9331115993
4381,1066422.7852499995,1070393.35993735
4382,283501.56230000005,264408.9507871393
4383,387864.8284499999,374484.0771016683
4384,479752.8034199999,460602.3171115257
4385,364119.7702,308417.67553048197
4386,2500637.5777999996,2414855.0244184975
4387,1222644.335225,1196473.757610214
4388,536511.0199000001,549356.6386431335
4389,653856.44525,640369.0098277654
4390,527161.7408500001,518771.3305788364
4391,204745.61855,217561.81270590646
4392,497862.1895999999,479072.50957081956
4393,231387.6046,234445.1202307476
4394,726198.1313999998,714498.8871925535
4395,537713.7847,525084.3624977191
4396,566828.7002,570061.6386154876
4397,652959.1272,625350.30331443
4398,311570.3708,298473.6050078981
4399,634168.4725,604539.8971607799
4400,780264.6392175,754725.9197995929
4401,533572.129,563312.3314773825
4402,361753.7175,336072.0196565358
4403,502683.9104,405530.2439140846
4404,324431.28912499995,309770.97974957357
4405,708189.9479,619099.503762409
4406,536489.94265,535562.8865768735
4407,621169.5534,667438.3343425494
4408,633113.1633,544013.2578264017
4409,383922.9283875,472936.68604268273
4410,310535.42932500003,312660.867983364
4411,242766.8816,250272.7329563332
4412,680932.1584874999,561747.8779949244
4413,455152.14825,465124.50612426637
4414,282614.2229,291246.36022649065
4415,717926.75165,693779.6886918453
4416,448280.6427,466053.11193114123
4417,665870.1227357143,707018.400819869
4418,757756.5759999999,734609.448479415
4419,684031.7384875,658812.9085706464
4420,847074.6458437501,827319.4629131629
4421,390501.76312500006,397592.2263752818
4422,308645.6933,358866.81160331663
4423,659970.7821,657817.5425819759
4424,2283844.3309750003,2297596.9496762073
4425,551097.0944,544095.6828756264
4426,852644.3316599999,848365.6695652753
4427,417037.5229999999,415235.81465658935
4428,778480.56421,771472.262981871
4429,340430.8469,349036.7835939761
4430,217096.8327,212863.20793628137
4431,845314.54455,823116.128038113
4432,759379.3397000001,746887.913022066
4433,303610.60380000004,240421.1553177575
4434,571740.5175,588575.6346561667
4435,589791.6309000001,589906.6570611609
4436,531383.0962500001,534308.6549097963
4437,305037.66115,298934.1276646348
4438,261663.64675,261820.15447391965
4439,867525.7118499998,862929.9361189151
4440,1385554.4714375,1369588.6767802513
4441,410793.8275999999,423961.9365935384
4442,541539.0092699999,563671.7953854505
4443,236432.79850000003,232968.71496730356
4444,659618.78275,732157.5844644522
4445,535081.6137,599786.4896449525
4446,603220.4948875,577786.0041864449
4447,2466728.8626,2485559.584544915
4448,564703.0478,664554.2508562374
4449,549614.2483999999,547365.2113668901
4450,825782.151,713213.6120893538
4451,926603.6661538462,922730.3756866356
4452,195225.72895,210774.31848975472
4453,658945.7754,639152.5024486252
4454,372260.19145,452073.9520950635
4455,653861.17905,634788.8780120729
4456,180115.083825,180023.59334239282
4457,520818.848,536651.833021391
4458,652300.8433678573,729646.8424494404
4459,261794.42065,263144.3920469294
4460,597524.06435,611822.4211887883
4461,406038.8508,397225.8277221353
4462,1378329.2181999998,1370049.0007511473
4463,668229.4817,674598.8744742459
4464,398317.86280000006,324988.83319908864
4465,932229.647475,880601.2440704644
4466,622469.1338142857,699970.5443310237
4467,499388.91445,481222.8722242291
4468,330033.22264999995,334017.64726096083
4469,401830.76115,399846.2943877983
4470,784800.2774499999,707038.0940887895
4471,1086297.11,1063478.9671021055
4472,854736.3863499999,844335.1072128939
4473,547369.3338499999,655324.4598476272
4474,754382.6621999999,770634.4668326267
4475,489658.6034,473538.1759269219
4476,642811.5892499998,677638.7725942758
4477,585797.677125,587075.3614499037
4478,1413735.1904,1386735.4319103337
4479,1233835.0821999998,1232029.2941822563
4480,588701.138325,579009.9765194354
4481,508589.2890749999,526866.2275396232
4482,410833.5042249999,350996.20002203254
4483,987609.967,937760.0670025245
4484,721375.9062,756174.9799582375
4485,549399.5904,488487.1688261085
4486,674181.0595142856,672343.5703865191
4487,1047582.404,1053785.6633984332
4488,255298.3221,267184.66304452246
4489,253597.24299999996,252810.4527697792
4490,270529.55305,274894.4302108249
4491,515464.60875,519159.7740191659
4492,571149.573275,591409.1102874766
4493,302044.64499999996,305018.2821685613
4494,220477.97669999997,219384.5787529972
4495,702008.0588500001,709616.4767490842
4496,960175.02612,936403.0377776735
4497,258224.09695,246226.43486736066
4498,918875.0069666666,936629.7381603157
4499,457603.8899375,416162.2881619866
4500,587897.6259545455,560976.765352402
4501,377991.0562,373685.3348853123
4502,599080.83645,645865.4075942378
4503,2792021.9207999995,2788578.333293701
4504,1236101.81185,1247609.0719261041
4505,276857.1928,290888.3881060554
4506,271184.66469999996,277077.0753282377
4507,608219.7632250001,622568.2827113818
4508,624632.6227249999,622071.6531636608
4509,602504.77095,581141.2890492326
4510,727778.1389178572,742577.8231148211
4511,417265.66152499994,506164.60668920237
4512,463292.42155,480915.9854637275
4513,613557.5921375,612495.0226656207
4514,904106.9925499998,871709.1197608929
4515,844986.1751,831809.1605570753
4516,265760.1342,283392.116267855
4517,323966.5036,335116.0400230275
4518,325001.07529375,312652.4916331364
4519,846918.7848857142,838218.8261648432
4520,2563682.8946999996,2607040.717290505
4521,754863.8911875001,776060.8852161167
4522,1241843.5865,1235516.5737589663
4523,594371.70226,583435.6239350796
4524,249088.906925,247981.40893300032
4525,401416.6483875,354675.212364278
4526,450168.47745,357809.65834906144
4527,366075.804875,379345.81385726493
4528,431589.8903,414154.65245973103
4529,596105.145,582318.830399381
4530,498014.56375,500598.8784092997
4531,545150.369275,552022.6758168789
4532,692261.7633,554595.3372305923
4533,359683.75828124996,324147.1312299077
4534,944487.51525,898223.7063122354
4535,1253165.9654875,1283766.5969959984
4536,1092779.9273,1128384.9256737744
4537,405203.0278,381478.401060842
4538,894346.8478499999,840993.5938048353
4539,463853.58265,446897.99836111057
4540,707100.7738499999,688020.4045527689
4541,442513.7418,435993.92788609443
4542,526532.88285,525719.2068463647
4543,546120.9791875,475032.8611933906
4544,213243.9262,223589.82144746618
4545,2404922.4834999996,2400182.5338728186
4546,771628.6646499999,795483.443166966
4547,735005.2830999999,747367.5692197465
4548,396063.6415,390627.4469160122
4549,462816.69105,470418.0403561536
4550,233668.519625,222359.8375327273
4551,890088.0336,877240.7941485881
4552,696009.5518499998,664854.9992235699
4553,205525.28240000003,176444.53743426804
4554,835495.8788749998,826427.5848402772
4555,718086.6045499999,685091.3978154878
4556,248306.69195,248499.4781617757
4557,561276.5752499999,569444.5079624507
4558,1078075.4598,1046146.4793759838
4559,383741.198775,400256.5870700616
4560,367660.34455,425921.6263683367
4561,515429.4885499999,505583.268984236
4562,507203.368125,529072.1875345028
4563,815437.8629,817437.0757019909
4564,718537.5432000001,745358.0396678848
4565,395320.004275,331993.8753807875
4566,391675.0202249999,412074.22703206446
4567,178874.9897,194108.91543370383
4568,260309.857325,273577.4027085775
4569,700898.8248000001,696897.0820362442
4570,431332.29269999993,437971.8243963552
4571,857490.3066749999,845906.7887101884
4572,737708.6286999999,730008.9177494441
4573,444407.4964,461035.5370170027
4574,408359.78145,416714.8281755737
4575,2402790.8732,2455598.3276290107
4576,609799.1106375001,704508.872331772
4577,793820.4541,705328.5040760103
4578,605879.5718625,593874.0950732458
4579,619862.8333999999,625731.6025169627
4580,396119.4329,392480.51445169206
4581,541392.546,539470.1349976658
4582,909861.8307538462,922841.9547806792
4583,714361.6223999999,708754.7725035939
4584,686485.3438833334,655751.6769568558
4585,399918.5347,334377.21939266444
4586,476403.57497,466361.2268217459
4587,313123.36847499997,296725.7211347987
4588,584715.1722799999,562007.8712065517
4589,234630.96667499997,234035.4777795158
4590,313335.72959999996,378639.22890051897
4591,529317.51685,533610.9815730064
4592,522041.6939499999,518711.34465660044
4593,635984.38085,609279.1002551381
4594,430513.9353,428852.27582369716
4595,463345.11155,458723.1596358591
4596,547529.218975,547754.3661866601
4597,401450.3270000001,395826.22751893284
4598,588458.3964000001,589803.8700097741
4599,890907.9486214285,928232.788682016
4600,673032.55525,679748.8160017694
4601,629405.6111000001,560338.972361966
4602,681813.96332,695790.7033383657
4603,648916.0852499999,643495.0170183865
4604,317962.87135000003,331222.9753208324
4605,610059.4201999999,545479.6959307528
4606,562269.379275,628846.7055540786
4607,616737.8070899999,632599.4867555528
4608,394631.899375,400094.09377700393
4609,423419.26965,493746.49041011126
4610,387045.10605,378411.8282432001
4611,527011.5371499999,497808.8776890423
4612,643044.477275,627385.0426224817
4613,246346.38425000003,240680.77250003317
4614,570931.18805,592027.8370600299
4615,278068.55845,284482.0505400279
4616,471357.64559999993,529067.2066061748
4617,694568.0887125001,679305.0880132972
4618,354453.3255,373178.73007048125
4619,674397.8639571428,685190.5299112713
4620,222919.51745,242153.31495461462
4621,562242.8475999999,549934.8232560767
4622,894534.5164071427,834496.0383373275
4623,869100.4692499998,838887.3074845986
4624,623096.10705,538993.0504537537
4625,263547.3526,274406.8390656457
4626,590752.5042,569074.7465795549
4627,339338.65129999997,339837.9584570826
4628,729113.6117000001,610394.311820615
4629,262657.83925,257011.04054992952
4630,533870.21925,535901.4001607874
4631,1013889.4734423076,1024779.6656816448
4632,589391.130825,590926.3409188613
4633,408504.4018,427363.06614670507
4634,452493.01405,475512.02284336754
4635,770666.5422299999,761411.8997213535
4636,538150.2902999999,545813.6738887174
4637,881262.5203499999,810457.5725561767
4638,839467.6098,846939.6870492563
4639,771618.7649374998,782662.154173592
4640,788807.16304375,788920.101377155
4641,696283.1275749999,674303.2852071449
4642,879511.1169,806067.4823866739
4643,759950.6712499999,774371.9273143177
4644,421951.3437000001,402108.5127042506
4645,385276.83645000006,382455.0964184573
4646,210162.7254,204973.49374984083
4647,814342.06195,804455.4809212442
4648,517991.010625,533948.4329860229
4649,566550.1465,571691.3855661608
4650,261520.2246,248057.91801025684
4651,302769.81005,302432.2211467654
4652,387216.78665,393914.00106918
4653,550691.67065,585088.4025027372
4654,651493.6990166666,621561.4626286293
4655,773160.8622000001,751233.0376281976
4656,1266918.80915,1272938.2954418075
4657,605596.9995999999,595801.0145576667
4658,551045.40755,547034.2756968227
4659,588433.6680249999,581572.0188290221
4660,279361.51128750003,285012.4197496614
4661,275421.65027499996,231260.47626263666
4662,1070947.9345,1089029.2233430957
4663,298215.061,285293.81704387936
4664,615076.250625,616080.5087112259
4665,631807.9996125,737322.1338111339
4666,476200.3137499999,482424.0141494192
4667,352568.17309999996,354638.861726835
4668,1198468.9963,1185270.4263187856
4669,300771.2016,306755.0210328278
4670,669769.9170571428,758182.3704103184
4671,476119.06664999994,482124.27315533784
4672,409420.14274999994,410875.5054793221
4673,659387.372175,642045.768250296
4674,389092.572,383102.465172007
4675,571365.4057499999,557703.4165431996
4676,2573530.194675,2606191.666568096
4677,996530.2228,1002335.3384523465
4678,582964.84485,581076.5399665121
4679,400420.21075,424536.5277287086
4680,314442.626,313329.08285609505
4681,676045.2581999999,690729.3768826721
4682,396967.68715,371570.0918919301
4683,328727.3079,283902.38604949566
4684,328706.061025,275176.52850178553
4685,701192.673475,736940.7417268998
4686,290294.34937500005,356259.5873088549
4687,281759.44594999996,274302.7728290608
4688,806778.5413999999,803420.1885949167
4689,402923.8873,348215.1504503158
4690,639807.32615,533633.4799268139
4691,229509.5487,271505.51247830427
4692,512031.475325,492908.4723973105
4693,259133.43874999997,264420.741881107
4694,345399.09864999994,336205.1246660971
4695,543140.6524499999,538532.81095429
4696,587335.2362500001,580198.6474183489
4697,419903.5969,400968.29516707564
4698,310822.82764999993,300027.8940695491
4699,296155.95375,304837.0006941727
4700,263214.9219,259921.3368165159
4701,593086.6641749999,592088.4366658602
4702,2460849.3608,2460583.734053024
4703,472782.29405,530574.0683866317
4704,1006420.6398,1035641.8036929724
4705,788225.8143000002,749589.9759611762
4706,475950.21785,475550.47691150295
4707,478859.261225,569664.1555939857
4708,878569.9666749999,863239.948232222
4709,301007.30765,296263.0045657576
4710,492884.51799999987,461704.9354001062
4711,644029.2495,638129.7677225394
4712,237247.79790000003,241142.08082325678
4713,241956.8396,258641.0162661047
4714,581240.037975,646465.6531160157
4715,795435.0022818181,823693.938741602
4716,583692.0046000001,607058.2718047645
4717,664898.6179,669468.027600301
4718,455053.42425,402270.56007431925
4719,164973.55659999998,180494.45655826956
4720,778264.57005,785056.5868785181
4721,1328710.7874,1337156.0143629478
4722,350215.65625,331288.64023208315
4723,624308.6357,678576.944929275
4724,612318.0719999999,612457.3347405633
4725,783161.6045,787640.0631207209
4726,668264.0503499999,665510.8663959705
4727,718333.1300499999,685910.1903437071
4728,806343.4671,780364.1845847622
4729,2474159.8464,2568540.6387630617
4730,442465.83516,449413.00048788154
4731,735579.9003000001,726359.5231077359
4732,206646.99205,179010.4806776548
4733,553338.0834,574000.503045212
4734,582134.9716666667,600279.6996310342
4735,434795.7272625,446688.3923638156
4736,581153.4145000001,555327.2866541393
4737,445246.488425,438656.8838797694
4738,430527.40264999995,410418.58970185404
4739,584107.80674,596620.0252749536
4740,802699.2181714287,785338.5084571866
4741,891841.62556875,869536.7063358467
4742,310987.20509999996,309959.00945447094
4743,587991.040625,605827.7505163534
4744,353073.799425,367635.6910151391
4745,424565.37232500006,493310.79138379474
4746,440454.33302499994,417415.4049086486
4747,241325.13055,242379.979587031
4748,438197.08835,445926.18595145456
4749,561972.7171,546635.6662898681
4750,366989.116375,364062.9930434474
4751,434937.6921499999,496812.8900003051
4752,584857.8767499999,590323.5794684989
4753,697479.58655,672793.4517357659
4754,549220.21205,567051.6091099842
4755,573684.1005999999,597095.5163880461
4756,650603.479975,642786.9886625283
4757,541999.2296000001,550365.5049470724
4758,491203.2203999999,458090.80824586615
4759,2896182.6106,2821980.2799461596
4760,671498.81995,659424.6882303813
4761,350590.7481999999,349168.3809467451
4762,619896.2931699998,616198.2719248031
4763,303976.06687499996,318573.68292776163
4764,401398.1632125,424957.96212437586
4765,199161.6764875,214390.9455861085
4766,765919.94705,787147.903245944
4767,412291.8489499999,409772.3306410474
4768,799519.2693099999,778360.2245089157
4769,333829.93435,282857.30349662557
4770,474548.670025,485979.628058083
4771,497281.4515999999,511859.86877661926
4772,825839.9658499999,835828.2526721654
4773,502134.2817499999,497685.04804104817
4774,855807.0983250001,839681.495249759
4775,687464.3607999999,698170.8238572075
4776,708377.283325,705532.9740547496
4777,215167.573,224503.3895926458
4778,779159.5368,788195.7719821173
4779,650526.1038124999,655355.5653483683
4780,449735.76995,446787.24873170006
4781,307309.22515,297235.3402052344
4782,554004.7099499999,550037.0495987562
4783,788797.3599700001,780472.4116546288
4784,483884.70848999993,474324.82240315794
4785,670204.5358999999,558879.8147175019
4786,799489.2555,815556.1352707348
4787,633181.0529,668576.9543965806
4788,519508.74605,498690.8144449
4789,317796.05500000005,309160.09664137196
4790,326971.360675,303310.9319270002
4791,481462.0134249999,517311.64351970435
4792,732696.2007571429,714033.7676214847
4793,591752.3115000001,616334.9832498655
4794,221566.70799999996,232772.49382862687
4795,620244.53764,601065.9657469151
4796,564943.2501,591986.0020811162
4797,845395.1945562501,814507.5818085673
4798,729238.6644428571,732470.4206544097
4799,456393.50765,458127.6982913233
4800,547991.1183099999,562989.4341897514
4801,198929.17769375,214103.83419406984
4802,579163.8734,552750.6592699472
4803,332995.88307499996,332927.42151685787
4804,313207.59339999995,320138.71953007986
4805,545559.6288625,567798.2344917327
4806,634719.9881,614383.8629015159
4807,802643.4688499998,788754.9489556003
4808,2724344.126525,2646690.7212605397
4809,592324.782,612864.3089569167
4810,705079.763725,710187.4749701503
4811,505035.34087500005,488929.0599243418
4812,761063.9360999999,790122.3811609013
4813,632310.60855,609817.4247640417
4814,2497889.8094,2495241.349780429
4815,434372.1984,432144.07444544346
4816,627885.5969499999,656053.6541037582
4817,816176.872175,796315.8019942672
4818,787203.3574,826062.4430882008
4819,282150.04199999996,288492.16253089637
4820,255466.2551,248759.05203277338
4821,161242.2141,139154.50363336533
4822,388862.59115,401260.25218451465
4823,662000.4833142858,620732.5657567217
4824,705623.7204,709026.467642438
4825,466169.48895,473242.4069762766
4826,524594.7736249999,512550.97792207764
4827,601187.1291,616750.1218323789
4828,651665.786525,673254.6697003491
4829,366155.019075,371888.0560032548
4830,407903.0813687499,416012.59611998335
4831,569651.719,565913.4287166296
4832,565236.49106875,589036.1293604606
4833,745622.838,730291.4387868581
4834,439156.406,441800.74047963135
4835,739563.3987250001,730091.581953473
4836,716209.386775,752394.1901856767
4837,727313.9393499999,672457.8541618979
4838,550014.2353,576404.7628011474
4839,586939.8167999999,607361.4326381782
4840,919909.69805,889350.2903443894
4841,563231.5267,567140.2447239446
4842,553554.486275,568284.6387472297
4843,893047.5613500001,861411.8408053041
4844,361359.8844,372661.06825671846
4845,348448.00539999997,347389.7635242051
4846,597786.9071249999,589339.1033295081
4847,772331.09445,748287.2895710724
4848,579890.6626625,562996.1880585621
4849,185834.8952,193143.3245846879
4850,380863.351575,387133.16045954794
4851,504600.8825499999,481090.2033075356
4852,735037.7525000001,742969.8085271651
4853,654883.0043500001,677240.5083061587
4854,504587.53835,528112.8276304924
4855,313143.93564999994,332408.6923638169
4856,531406.3780499999,507769.7794889193
4857,1198111.1182214285,1148507.8954819113
4858,2426028.1832999997,2448596.1561495475
4859,586879.71236,599712.4049541301
4860,579035.1692,598559.4276483515
4861,380706.8710178571,377243.85446684755
4862,991234.482142857,963411.1079483603
4863,730266.6134545455,740587.2635500432
4864,645424.3206999999,646436.7736537879
4865,600681.565575,609475.5884868662
4866,351917.63109999994,343056.7153802098
4867,422393.7344,417165.22004187433
4868,646723.0843500001,553986.4411680861
4869,304016.2587,298000.91760179354
4870,616799.6517599999,615007.4652039349
4871,825830.6442499999,804013.2945082488
4872,760770.1323250001,742898.7876298516
4873,694154.8979272728,703307.2572479977
4874,475239.35214999993,558283.5131896124
4875,777153.62209375,804839.9638693783
4876,626805.6238499999,560399.2144901276
4877,471176.9295999999,496632.4039664064
4878,494646.17917812505,489509.8818921619
4879,326102.34744999994,281966.0917718526
4880,598152.5564000001,620308.2386868251
4881,470466.5585,392458.92745758925
4882,463351.8721,461323.52857173554
4883,149906.094425,159174.65499750088
4884,374093.0396,377280.4645156263
4885,284150.30325000006,283927.10934463795
4886,825387.756,842201.9189860849
4887,183970.41980625,194246.98392047558
4888,492334.64,484376.01963623974
4889,286062.5509,289037.6123274362
4890,309746.24345000007,272901.83587912924
4891,411763.71305,407734.5224199279
4892,897396.5087312501,895536.978434967
4893,550048.8059,576084.685337299
4894,375402.91885,401385.5206876702
4895,554806.2065,558999.3880308536
4896,422436.1636,355103.0247769111
4897,457442.79165,483368.22625551414
4898,241357.72605,241894.77254222572
4899,2336002.9658,2312623.909373482
4900,452968.4864249999,448918.76660611876
4901,361528.8572,352776.95864800765
4902,907465.435,879602.8538140355
4903,588216.2990000001,605711.2000093291
4904,237193.896275,241043.61759937246
4905,631477.734675,614666.266556081
4906,377375.6514,372252.3105126664
4907,412178.42865,417648.4668578023
4908,514858.9946999999,534522.7203922586
4909,234980.7387,179839.70413448982
4910,358074.34,344854.5803507276
4911,600901.5323699999,617227.8347976368
4912,385967.251,394741.0996052868
4913,395280.4823749999,334003.57001532195
4914,517920.9842999999,520281.993306039
4915,530942.832075,536364.2191279887
4916,487864.9839999999,498167.260079422
4917,594689.0567249999,600421.2824755807
4918,791560.0078071428,803856.7995858529
4919,570753.8175499999,485776.29408972914
4920,437309.2700999999,448918.76660611876
4921,309935.69035,378613.5538606386
4922,591508.7013,601999.859702941
4923,1007923.1569999998,1034717.2477878191
4924,521204.20225,510766.54234151676
4925,439039.035215,425847.77899329737
4926,781304.1529,762116.0622666739
4927,346565.6880999999,395555.6973271027
4928,438175.89055000007,469193.776769391
4929,598769.8646499999,597836.5607490424
4930,400397.4991,386061.2517789486
4931,559918.1866,577670.0852669287
4932,338849.4113,346181.4366085799
4933,2525605.9556,2587295.7000995837
4934,428777.55565000005,434298.38994732685
4935,275698.0548,286569.5853207892
4936,383244.6190999999,386096.4454210791
4937,239657.9072,238736.46791149382
4938,200362.093475,206799.11180881393
4939,595950.45405,604321.0498068706
4940,459578.0271,464481.3440964952
4941,553886.7585250001,543185.3988754492
4942,810433.70295,808784.27181488
4943,632295.87545,596645.3087599493
4944,294677.702,300371.0935356792
4945,454804.6875178572,457572.3514283248
4946,276446.466975,272383.66407260764
4947,776547.87155,728150.1760868196
4948,453962.57062500005,468190.63662207103
4949,763231.378075,761073.4055598202
4950,235481.01754999996,239838.464354801
4951,210745.53241875,218198.19674720598
4952,1220389.6985,1228673.8407945975
4953,598012.2873000001,658974.7626926077
4954,552479.738,545645.4194855165
4955,288643.8636,295425.3487103403
4956,540036.37016,568210.7030227626
4957,1119859.834275,1097303.0370515173
4958,186751.477775,192754.26475748798
4959,548245.5745000001,640899.4194511841
4960,222257.2407,237330.32696796986
4961,258337.30065,262385.73267230607
4962,343366.807,343660.8602820934
4963,671515.312925,668240.5634337887
4964,217516.14154999997,232331.33373899746
4965,581658.53106,596109.5279323647
4966,584217.9734000001,583071.4045482103
4967,487264.4999357143,505983.69530108076
4968,703126.4782499999,703562.6352885801
4969,525089.9544375,508264.2137295596
4970,596703.6284400001,585586.153706909
4971,576032.796875,572510.1293096283
4972,2787953.9583499995,2778723.994698073
4973,508065.8604999999,493961.4694108107
4974,586222.7891574999,585509.5973676818
4975,804413.7331,800811.6827828949
4976,661634.5465499999,577330.5563310059
4977,635585.50715,656534.3487706587
4978,735105.4352,731204.7727575678
4979,377071.4959499999,372247.07362384995
4980,685982.20705,732490.5530413897
4981,598980.9923999999,592849.9732296376
4982,518237.6918,524945.6547497537
4983,295016.061,348605.3156624633
4984,442696.17094999994,460603.3886907185
4985,236679.979725,234454.08731400626
4986,234193.5217,176542.8515378443
4987,712691.8798999999,720989.9411131479
4988,360386.1197999999,375063.9975372337
4989,615369.3749,634439.8566464145
4990,383729.07405,394577.3831922861
4991,542006.92,551251.8292953687
4992,279978.15155,286003.0316590776
4993,1156169.7194,1201570.5655025514
4994,306853.24265000003,309093.79702657205
4995,632477.84895,639066.2049706187
4996,619666.2600750001,601977.8345482261
4997,398249.9085749999,395172.7179567105
4998,610055.88475,593569.5310218224
4999,1245668.968775,1226456.9145488725
5000,317699.1784,364291.6012572346
5001,600316.26845,608658.1416194428
5002,547994.9917,502132.74942869437
5003,804978.0005750001,789879.0891778509
5004,187644.157825,141062.2935959185
5005,525737.02625,499590.31204771175
5006,441024.3936499999,426651.5263688568
5007,590052.11349,610455.0843952901
5008,443165.0805,443939.505471009
5009,1197426.3853999998,1203555.9352333124
5010,560680.2625,594495.3479902155
5011,417880.26585,415202.02325336356
5012,445716.26905,431925.09942464065
5013,2303880.50985,2293065.888250637
5014,479039.4511999999,486176.1705424336
5015,621433.81925,604813.8410131753
5016,620647.6377821428,630802.038148056
5017,1232830.96525,1236756.4604438026
5018,646866.1476999999,732419.3907948992
5019,374413.648975,387945.93950200325
5020,571259.4446,563176.3395680164
5021,508902.675575,433690.8113437339
5022,1058757.369675,1076031.476967723
5023,458737.8803,456098.467766814
5024,767997.2303999999,737136.8688418386
5025,611030.3356,585786.9538616752
5026,580792.21946,663522.0217660988
5027,681035.202675,688887.4245068994
5028,571044.4733,581475.7604828357
5029,503947.75395,586825.8374819173
5030,481093.73725,478298.9981114052
5031,1099265.45785,1136335.865924257
5032,337235.00950000004,347533.9802809832
5033,856277.5582812501,854200.4348914331
5034,737998.5551250001,702182.1757145277
5035,975225.3744666664,955616.5742638008
5036,696257.302009375,711063.9329623416
5037,322898.02589999995,337204.8221040254
5038,327849.82954999997,316905.7527369321
5039,567934.79738,564981.9922979272
5040,472148.36835,533188.1386688312
5041,828094.829525,857062.0237232475
5042,605672.5151500001,540269.0501266067
5043,908935.4575,905897.7805209196
5044,705241.5286000001,662664.682728748
5045,2644571.2920499993,2604063.6694226116
5046,521212.8506999999,517458.2174132103
5047,432723.72,436221.9516854239
5048,2259109.86945,2359006.5566660007
5049,592595.85415,612081.7763014296
5050,252743.398,244546.1763288601
5051,768861.104,778091.7887921835
5052,756690.3808749999,757806.1311696941
5053,641957.9430199999,619870.7286244998
5054,398158.8398000001,414848.00543983356
5055,706320.9047,678035.7863200508
5056,627911.44895,625433.3825345796
5057,1111554.7158642856,1088115.023509098
5058,886047.68315,852036.1415593306
5059,634016.2773999999,616265.7157324112
5060,400712.88692499994,387209.97803609644
5061,241511.09402500003,238281.1920122255
5062,612750.0041,590552.75939876
5063,543049.1295500001,549250.0782763297
5064,569973.7861499999,517043.7695220002
5065,757598.408105,724255.6638277918
5066,479382.13482,475793.3349432981
5067,707143.69295,713581.0233168387
5068,1237124.1437,1242116.7214254532
5069,950129.2762875,964852.4957884187
5070,1021391.1196,997134.8350927144
5071,802570.1101136365,817463.4342639497
5072,921417.573725,877268.0090112286
5073,572042.8846,586768.5636645287
5074,1150377.80655,1080147.247512028
5075,2408019.4734249995,2447626.672539329
5076,182513.09555,174291.2002411107
5077,749751.1082,758265.3571843063
5078,583741.561175,570462.1992971338
5079,435655.5334,442484.4779563267
5080,578901.7988,557280.1061364247
5081,857510.9253499999,848851.3146562856
5082,387512.55519999994,391269.8160006206
5083,271605.24615,272825.31702343107
5084,956942.8082666666,929980.3207590923
5085,610281.1512999999,602982.2510322169
5086,494660.4376999999,428353.7050766501
5087,682236.18075,667559.2979718933
5088,560489.1564499999,562536.561769647
5089,494875.9898499999,448758.1143171223
5090,481328.58685,475719.2151269296
5091,483826.9083499999,479571.09499319375
5092,381561.8234,385067.8374094527
5093,588244.0516000001,580653.9957466093
5094,603738.7887999999,625586.22252999
5095,648662.8223062501,651239.7897124429
5096,440147.23795,452171.09388381004
5097,598612.0127000001,608868.2724929571
5098,371943.3239,370105.76483094034
5099,534118.3400249999,555945.507570314
5100,688680.0045499998,678517.9324019104
5101,442144.392075,446316.7235516387
5102,577683.96345,570971.6683280263
5103,634898.6422,641660.0275170879
5104,584991.7392000001,604785.9218898298
5105,375317.33469999995,383759.52188594895
5106,623159.446875,597690.5965315504
5107,258235.45055,265036.2740523103
5108,564250.42635,571223.4307673194
5109,762983.6238999999,759301.9806326474
5110,589382.2588,575945.1770097471
5111,726072.61075,697632.631068255
5112,287554.01215,275533.4757150191
5113,519494.105675,529268.1015857193
5114,664735.9281,641737.6357257141
5115,614292.6847249999,600547.9119196476
5116,417050.387125,478606.6224926547
5117,190038.8102,141779.44220139325
5118,460035.0055,529126.1278173693
5119,549590.1455,554859.2815641455
5120,363981.51695,409693.552429525
5121,735239.3146,768126.4861516524
5122,796066.2321999999,811293.2185294788
5123,199429.90365,209117.79936136366
5124,552172.54995,554774.7794790763
5125,801678.033275,827373.6266500127
5126,386409.6885,398406.82183386775
5127,578403.623,583537.6343792374
5128,222545.5111,232448.22998008103
5129,665083.985975,679578.0272919423
5130,481100.2492999999,510461.9071575574
5131,578456.4841,567492.3012603763
5132,780569.8763928572,753369.1700252073
5133,472103.9460499999,460983.8583357516
5134,492738.95784999995,425677.2540892675
5135,606064.0742500001,602040.945494219
5136,592027.7855000001,563844.0167202482
5137,394029.02940000006,402112.8116090552
5138,748604.9250142857,748998.5706439324
5139,442090.14460000006,408347.83562180656
5140,753452.64125,764608.2087094245
5141,553461.9566,535170.70564964
5142,607110.3587999999,630056.192917253
5143,438448.17755,382466.06541421195
5144,352413.87409999996,358755.77531658567
5145,413765.87995,396527.3458126712
5146,1115530.19475,1191291.2281332146
5147,300529.40390000003,308994.1046037391
5148,575027.27795,584407.9670357571
5149,706530.1217500002,683714.2678896717
5150,270413.5758,275478.9488949696
5151,576199.8653000001,597021.113616537
5152,886411.7998999999,851422.6236216441
5153,700906.0278,713279.4267065509
5154,810544.60945,794604.2279264235
5155,589212.7227999999,613238.470299711
5156,523602.3625,642973.1045227603
5157,418275.04515,478043.42795944546
5158,657294.9878857143,638828.0142990871
5159,232651.5424,224433.7934458819
5160,405822.9555,436708.36110347323
5161,536878.7890100001,543187.3809965468
5162,310466.96147499996,362979.23183360667
5163,249918.5288,257639.45148198304
5164,400990.34450000006,395792.9757368437
5165,613538.7064499999,592943.0661268395
5166,323508.63060000003,326479.88540305285
5167,962941.6867142858,947565.449092781
5168,399488.78035,389556.1057825054
5169,1063623.29215,1100669.1577678113
5170,353164.525,368733.1752553558
5171,746714.8098499998,750730.4433264263
5172,570759.55406,585387.9362385522
5173,382283.24769999995,378624.54994026164
5174,510572.771225,484257.580448143
5175,471793.0980499999,480773.9737175835
5176,823336.9723,819122.7543572411
5177,644490.0146,797753.8511130942
5178,199555.2826,179855.77342356544
5179,502203.4578,488056.40156631946
5180,649278.9655,643225.872898178
5181,561903.8246,574651.7741330527
5182,599926.0718,683794.6316220504
5183,544941.30725,562817.4369101165
5184,634395.14595,642069.0208413675
5185,604405.5490499999,634363.1132387784
5186,538615.4091500001,540723.0231879024
5187,764644.6915499999,789907.8335018264
5188,471237.64885,482482.67477048945
5189,343522.78304999997,343610.9477179387
5190,670570.42025,640649.4227874075
5191,537655.1741000001,555054.9512489015
5192,901407.4864,900457.1265698916
5193,587447.93955,587241.7396175539
5194,707496.9947,725561.8062240215
5195,684930.803425,570765.6501828668
5196,198364.7625,206083.6733729456
5197,614237.9312,628327.8247577804
5198,787652.3995357143,782850.6419463195
5199,620292.4731,634733.1101225688
5200,629102.5756000001,628345.5164426882
5201,649405.3589999999,713913.9913675827
5202,1479674.7828499998,1424441.4154620897
5203,668580.58505,728580.2070441179
5204,279492.51615,297821.6122019766
5205,580208.9031375,599960.4352230965
5206,927092.8869499998,918092.8997746423
5207,660623.6961000001,637019.2226105212
5208,595818.618,589249.8695437934
5209,550167.7607,575153.0880928368
5210,759992.37905,740456.9734154206
5211,1239721.30679375,1268370.6231552318
5212,562895.35005,550574.7582185857
5213,937988.59325,912974.6398521368
5214,490729.98775,467387.6764107285
5215,618799.27428,645330.4741674545
5216,815844.9684,837035.5948082973
5217,399960.2054,477107.0167330497
5218,632459.5852999999,633889.07968394
5219,461581.93019999994,469642.76202338096
5220,691027.920225,692263.8100884841
5221,445563.0735,408285.28549129394
5222,584955.6481999999,551737.1732139433
5223,527659.5217,527181.08308415
5224,842859.76455,869061.6816953825
5225,529752.44175,530016.9442230028
5226,432390.8269,430978.5412014176
5227,423188.7568999999,423611.064967706
5228,530235.0555,563955.2071651418
5229,202494.2217,196151.57550364503
5230,821559.461975,795876.9204586355
5231,299295.47390000004,302703.91372809093
5232,596052.579525,592534.0892476994
5233,430752.0109,438566.4094043978
5234,404215.1919499999,337381.2693150645
5235,594946.2707999999,604027.6192078214
5236,690815.88435,685652.6587893898
5237,659493.0244875,670429.7325686257
5238,977490.3945625,950973.7471354445
5239,2570992.52145,2489701.5059372387
5240,444987.566075,446748.88204841816
5241,487063.8867,567345.6463696328
5242,484932.5574875,461251.2270599485
5243,873799.08,825750.7543924781
5244,549460.6191093749,579730.2297929019
5245,509248.56970000005,516295.0675644219
5246,261153.37869999997,249355.1721808914
5247,772302.4696000001,739094.339680277
5248,294175.49679999996,299497.437332472
5249,470453.6065,450472.0791238581
5250,296810.2961,286149.667273134
5251,368509.7716,394945.3568921682
5252,692847.2965749999,708926.6416493552
5253,657804.53975,649483.3002509663
5254,910570.169275,907027.4267156144
5255,1325863.5087,1278881.4706012812
5256,280131.9509,274530.8854654137
5257,667697.94705,666013.8760087106
5258,1108966.0831999998,1130286.9463494536
5259,758000.61915,750088.6806785855
5260,869448.6796500001,866679.8384047657
5261,537504.2400499999,546596.7901685166
5262,750193.6682999999,734271.9969533298
5263,351504.84420000005,330356.2481250379
5264,557432.6037499999,552496.473149142
5265,429385.56000000006,423583.21324964386
5266,485277.94456,467526.40866619034
5267,598119.561825,612971.0433962462
5268,858421.9482,820079.7837084304
5269,934575.29540625,897647.8877781116
5270,1024302.4521,1000254.1093577079
5271,400060.50962499995,404766.65671047044
5272,279510.34865,264135.8131752419
5273,629486.8003125,618575.8941948782
5274,576736.99905,569007.2313700188
5275,2437338.00365,2415333.739706266
5276,224030.65115,231212.9365725134
5277,211696.25985000003,204376.68318439048
5278,717204.7441499998,724089.8866754083
5279,650729.6723499999,631259.7403893634
5280,555812.6206285715,585528.4650525049
5281,583684.80425,555375.7342831698
5282,861016.546325,840224.2796658879
5283,384127.27055,358803.34128198
5284,1023922.922425,1057267.0461209128
5285,452811.78851999994,467441.6455087188
5286,519961.2251999999,530388.8913844874
5287,385495.1513062501,397261.43567379354
5288,668085.391925,653782.816517195
5289,414854.5663999999,408423.7358259014
5290,984820.13761875,937204.5673198447
5291,314888.807575,275450.1729772126
5292,179600.86365,194693.14464803267
5293,633007.5806999999,673018.7123767599
5294,788553.9449499999,793511.1090158907
5295,537139.405,548288.3187326523
5296,305680.59859999997,309025.479013216
5297,588491.3346,598801.1237393296
5298,965061.6320571428,956195.4816497887
5299,198663.06577499997,209044.36189798694
5300,852099.5453142858,882903.2741088818
5301,279262.215025,274524.96074028977
5302,294327.00152499997,302054.5530958612
5303,509557.16625,490284.9217626561
5304,532962.9162,444006.3931541708
5305,536660.9618999999,544282.9910447742
5306,1229375.77465,1291670.2785028808
5307,737484.4044999998,716602.5451719818
5308,555315.1566999999,548132.0519267198
5309,408963.50525,347315.29754266236
5310,399657.5913,434005.2420956827
5311,669713.51985,628875.645086391
5312,300534.88105,275595.82770087605
5313,1393025.5286464286,1372346.31102628
5314,625173.737,640165.6291788885
5315,391548.03465,450570.6250883996
5316,568321.2043900001,578300.1910575154
5317,724822.31085,719638.1994117269
5318,662480.2296699999,684775.130949158
5319,615149.6433,603439.4850989138
5320,357684.67467499996,352238.25061235094
5321,603958.5757071429,608059.4084611033
5322,1092900.8077,1086893.9132747443
5323,316901.2499,308719.46794864524
5324,493401.5780571429,494873.41272917675
5325,924836.2387214288,892233.3147630682
5326,566017.3889,555169.635958123
5327,569465.817525,561652.5544631828
5328,869811.2215625,845253.7921802845
5329,555007.79325,558869.9467429917
5330,472931.197,466507.7654239298
5331,471388.23464999994,472129.0743310575
5332,609098.66695,593901.3321648274
5333,2644664.33875,2713205.3718443373
5334,800631.9103499999,812511.5548509125
5335,754980.8313399999,794741.2248898564
5336,626143.82125,611108.152811152
5337,906941.0581,843417.0554540557
5338,657924.18275,663406.2534355016
5339,398596.3708,417473.00475459243
5340,576650.477675,689098.7758024418
5341,418494.401675,350071.8467745479
5342,461952.581325,438575.01548552176
5343,682907.13596875,669381.1188672403
5344,609475.8618999999,627472.080636886
5345,253773.67440000005,264834.9876383186
5346,249947.47775,214397.45485485482
5347,615703.2721000001,598804.3743221271
5348,498091.013,560063.9529464783
5349,758602.9895142858,752219.5140755639
5350,651652.9625,662641.0956666594
5351,189237.99672500003,141302.03974949394
5352,801867.4786999999,807761.1987168695
5353,674222.1682,601922.842944004
5354,570286.2770125,573938.8264170218
5355,1009826.9516,994134.9330634298
5356,179415.561375,162943.87072831986
5357,794004.6618499999,769197.0520758122
5358,858824.5894545455,871691.8154868913
5359,424570.96695,519862.9538813362
5360,771789.3224000001,780130.8487283014
5361,546747.16304,562253.1536942786
5362,410546.2914,402680.87005933694
5363,550088.89905,562109.3262250612
5364,512301.18975,536628.2450898918
5365,634110.46365,660658.6764767163
5366,538380.6070874999,619891.6176066103
5367,679100.8493499999,706653.8809881799
5368,600608.6786999999,593814.0630086384
5369,725443.8157312501,764730.4376613834
5370,215706.4766375,224991.38170336696
5371,325655.13145,384680.5812364593
5372,340148.95584999997,338202.84441741294
5373,593308.475625,607818.7563200812
5374,276819.88075,229301.06117918718
5375,303445.7302,295407.4545613185
5376,326608.4364125,323184.1876128386
5377,564037.884375,616586.1274646629
5378,467549.0792,469634.7698899051
5379,350591.920425,323589.3399939889
5380,546635.503625,556334.8719863832
5381,597598.6068000001,618307.9130181207
5382,237702.84875,222286.23501757075
5383,658746.1901250001,657693.5678725545
5384,1043921.2633,1077030.9369286553
5385,386101.15135,398876.8899356893
5386,477351.26034999994,482742.77283442067
5387,498543.6948499999,478154.5543548826
5388,535853.951825,528817.1333966609
5389,614849.8356,599967.2634019644
5390,778998.38085,744047.4726741203
5391,897623.2283,853016.712831194
5392,940334.5293,910023.1352943666
5393,673439.4360250001,669411.0603047251
5394,387952.738775,332612.49193655653
5395,696886.93655,732011.9371689536
5396,516291.4272625,532286.766040254
5397,523379.20932499995,537540.8649612772
5398,363920.56965,375490.7822203882
5399,950250.863875,919333.3471527247
5400,667140.0550142857,663240.8447670303
5401,810852.9044874999,826359.5663500726
5402,217847.61975,218792.14561244292
5403,774674.0603166667,752723.2512707015
5404,732264.5270499999,611310.7305769206
5405,751184.56905,764933.7130630838
5406,441378.5985,454445.7366752695
5407,352752.21679999994,367648.9869413944
5408,599628.10795,591121.1102795536
5409,614736.0343499999,583175.045636335
5410,1265822.9248,1210370.5165494683
5411,711609.56335,708018.416620168
5412,634005.84546,618659.6955881808
5413,531670.040875,643093.9533390495
5414,492994.763125,474250.75687472505
5415,441342.9907,459921.47630923794
5416,640443.9694125,632872.0350888508
5417,655394.7935500001,671695.2123726697
5418,519511.0436,488510.2860505197
5419,469862.4793285714,479058.4363650917
5420,643213.07825,641823.3603923935
5421,333047.60959999997,338837.6417270885
5422,2673826.3231499996,2731322.8296459736
5423,467581.476175,462333.93005493155
5424,536557.7061999999,536906.1116520135
5425,731086.811775,768651.3252574558
5426,191382.85625,205526.86219218455
5427,340604.6307,333902.3034695179
5428,552315.5373249999,577722.3436962364
5429,512536.21,518105.15023728315
5430,410917.3255,399440.4454425899
5431,267060.93635,262632.8170141365
5432,586853.26555,568608.7627117936
5433,710431.43278,791960.1329478414
5434,423777.05875,427289.9294973501
5435,580294.799,585275.2993555968
5436,714429.4878499999,701626.4079960969
5437,1131969.2860687498,1138183.3781715052
5438,748997.41565,692390.3478151268
5439,351217.19659999997,302385.5953300542
5440,322611.22302499996,273689.85729107953
5441,425875.9745125001,429212.661653048
5442,520272.2450375,520372.1414918024
5443,468895.3899,468253.8688709789
5444,672063.70101,695215.1347117125
5445,301389.30615,248891.1082273607
5446,2392689.9676272725,2366871.7077742587
5447,585338.79115,577541.1365370402
5448,694761.32705,711854.1852319073
5449,454164.178,450908.68246007885
5450,590881.3966999999,578578.7683498638
5451,676205.5517000001,660614.8370960228
5452,1225095.59185,1195020.1442876218
5453,592998.5989,592643.48117968
5454,756765.40605,742398.620866381
5455,419863.57,441946.0094470036
5456,479562.342196875,459022.7362507023
5457,2178680.2457749997,2323010.8853977593
5458,678810.57895,685242.8312099419
5459,339133.34955,346837.0943399541
5460,1255023.01885,1280411.5172207905
5461,613728.12605,591926.435593275
5462,634330.60075,639188.498770514
5463,613106.8586,591219.4634561364
5464,533601.6905142857,520840.5097866592
5465,593924.70995,658554.5230914007
5466,653301.9334999999,636646.6339410268
5467,725710.593955,738904.5546480188
5468,763657.2787499999,778055.1688277783
5469,585246.2520357143,600645.9751953239
5470,626580.5742999999,633483.7575352534
5471,367160.20505,366585.7103960874
5472,2708812.3954,2616890.793825115
5473,455531.9162499999,453786.8980408658
5474,347930.6755,351553.9806666219
5475,965566.9209333332,977906.5329072002
5476,518949.7977999999,526303.176480686
5477,1134424.5886,1152752.7120939353
5478,582598.8177,612193.7235466667
5479,522877.0825125,544529.0929517982
5480,189509.62119999997,194587.12228969292
5481,787943.3569499999,759070.5026300839
5482,543422.5115499999,565478.0440141462
5483,2578961.8855000003,2447153.7703617904
5484,794796.4334999999,752991.3111068658
5485,372525.59545,381310.13975386723
5486,580804.5325,602483.1148209483
5487,788492.6331568182,795537.3004604884
5488,850816.51025,866309.1150245722
5489,956106.405415,965723.1102772929
5490,759850.3922000001,779593.8090527384
5491,667831.2442499999,642336.6835368256
5492,304141.3286,300385.0877694101
5493,338766.59809999994,394044.8605520574
5494,820074.1419749999,712032.2103192678
5495,696520.8982999999,708524.6669146448
5496,594610.97215,596087.9722269585
5497,685890.47185,707265.611638661
5498,475494.5127,476529.5897252705
5499,645241.703975,640115.5893802023
5500,342661.1306,367744.3419548813
5501,2272810.8123,2332027.9394034967
5502,548984.38805,574225.2795733875
5503,537067.564975,529672.0757382233
5504,325736.36195000005,390379.4611131552
5505,595419.20185,584827.4496610551
5506,852150.1884999998,832244.2627325992
5507,475762.61068,461866.6569743417
5508,1105094.2969,1080037.3588219204
5509,1023974.8693727272,1029946.9834578448
5510,510926.89685,502970.7238456001
5511,286669.86640000006,298124.6946877557
5512,401851.30035,485249.2190392551
5513,633816.7915500001,618321.131029249
5514,860531.5058181818,857952.8221096317
5515,265724.7585,263239.60463926796
5516,225267.6695,178539.606309959
5517,1055214.293975,1069405.8980774793
5518,502215.03197499993,497830.5054311728
5519,284967.61475,288287.6156997845
5520,862035.12913125,850092.7434257711
5521,515850.815125,494783.6178782111
5522,532182.9150200001,550124.7292759514
5523,669578.4874,640966.1695992512
5524,402808.5919,416380.14470779855
5525,519207.48259999993,505797.36063670076
5526,817552.1495,823321.3687718319
5527,478387.5197875,525738.4715640598
5528,880575.3727730769,862560.105279874
5529,673902.8340500001,664374.9717310527
5530,418689.64450000005,464936.1257551459
5531,361844.78624999995,302459.69776032126
5532,632164.9051000001,588452.6917995859
5533,750326.8876999998,755976.5712585022
5534,484527.6604,510635.43403492274
5535,670063.1862,643659.0922675101
5536,502151.38849999994,516605.95653403044
5537,345703.32924999995,354560.2335462481
5538,669339.8599500001,671918.9163942311
5539,723520.3152249999,721667.3399972667
5540,421817.72300000006,421232.7879216352
5541,811637.2595624999,810500.1901808161
5542,816197.1887428571,802626.4964359485
5543,240422.54325,241953.59277484493
5544,318893.0672,300169.42040526756
5545,440289.3898999999,427143.23242891463
5546,204510.35807499997,204704.35503994534
5547,301444.2027,314414.1333920612
5548,232594.810225,237549.74555594224
5549,759895.606225,787759.4705391508
5550,861096.3227,855145.6091187679
5551,742078.7523999999,732501.0838080926
5552,1013236.0384,981724.3877855499
5553,255004.86647499996,251715.30910450564
5554,864916.3487999999,851045.4216143653
5555,567207.3021999999,572871.3121872483
5556,564028.4635000001,552284.7344512626
5557,442287.7901875,385515.0901994312
5558,881804.5268750001,895648.8351488604
5559,1199219.5803318182,1151729.5776203664
5560,367240.69055,350650.25854701054
5561,2367145.1524499995,2307088.3025467424
5562,430854.94875,455353.04701107735
5563,367696.98635,362167.2621964668
5564,521664.5783874999,592588.4920337459
5565,645437.7574749999,642842.4638091559
5566,600759.74225,588315.7514268477
5567,1273709.0079,1278089.1815409837
5568,510362.21395,517100.84023131675
5569,494324.29375,514412.0784140888
5570,589300.2488499999,600276.8881900393
5571,573888.50425,598803.8938027469
5572,786581.6709571428,782495.8268264777
5573,543657.0776,554690.3156347531
5574,375557.3169499999,334429.1676476648
5575,587811.792425,562632.0154183938
5576,251188.45675,254501.59816312476
5577,316226.03459999996,328901.18502807745
5578,487003.715725,465293.92780001607
5579,1245405.299125,1281660.1894705116
5580,493175.412025,486273.08773869905
5581,534454.6153999999,560414.4093502528
5582,330330.9762999999,403710.02409569995
5583,399520.9533,405988.366076638
5584,393538.70219999994,380864.33309953986
5585,418351.4623,400696.06051601586
5586,722900.3396699999,733187.4959500928
5587,325178.37327499996,325797.5734294319
5588,333422.5992,378879.4129829474
5589,1307685.41245,1285381.0524840574
5590,255931.38847499996,272457.35666270286
5591,343168.96150000003,347136.35166478646
5592,447817.68725,463225.6916051626
5593,2326332.06955,2198453.9476867686
5594,670515.8058,646440.0327604255
5595,2325265.7953000003,2475864.5413789377
5596,335634.8069,354443.4547432666
5597,429740.5115749999,487327.9657189046
5598,311592.59935,300114.199050735
5599,402337.54094999994,482798.2127677718
5600,2390027.926081818,2399299.5574261253
5601,555826.381525,557814.8024724773
5602,226908.505325,220723.81767022941
5603,327148.2149,333353.93633186567
5604,373032.579225,375273.7584555047
5605,439180.92204999994,444920.18292770936
5606,566025.8261000001,555921.5879492525
5607,179389.46515,187680.81643215087
5608,444524.81135,499428.0385169039
5609,574700.7074000001,603101.771567657
5610,740832.5792928571,779864.5564437114
5611,570015.5083,559547.6063137519
5612,554191.21615,538814.8327324567
5613,313436.64385,340654.72348802455
5614,340604.0942,335129.9588451302
5615,533881.152775,536445.8077985378
5616,627000.6529699999,720840.095387219
5617,601106.19716875,580034.760465397
5618,312573.666825,300669.06143856293
5619,754541.3663499998,765657.511880823
5620,258131.8139,270809.58691065625
5621,2169215.028525,2232855.0890428275
5622,499053.9939,519219.547186291
5623,388730.244475,389154.81700385234
5624,766443.5785650001,748620.1037187056
5625,716554.91225,701442.6434790385
5626,610895.7243,614792.4610370055
5627,324069.73860000004,367295.6905029863
5628,445723.4040499999,464639.3492379935
5629,287952.36765,292147.81908718
5630,323566.81412500003,306502.37944525166
5631,953902.6135636364,974501.9318304042
5632,378858.4479,392500.3380157234
5633,995899.71875,1041067.1775889704
5634,650873.9868,660274.806779244
5635,426821.694525,424561.2951897845
5636,392326.3624,385012.9453541345
5637,538286.1511499999,560061.3415916665
5638,440112.86584999994,462319.69301365776
5639,534193.7269499999,531226.0698827129
5640,604225.8617499999,599871.0454122238
5641,460062.9997,489391.37070003327
5642,502809.04279999994,482200.1311481714
5643,614561.34959,632637.6893860713
5644,422514.7031,446202.4492207252
5645,308074.33940000006,299938.3494996464
5646,787596.7370249998,823989.3930292971
5647,612225.7314499998,586280.1615845793
5648,1294366.21865,1285852.1373746754
5649,648735.99305,632787.2598202754
5650,596082.75515,616817.1296884886
5651,170887.81005,139277.9001268798
5652,2342468.9777999995,2438057.5337667456
5653,413358.40634999995,409506.34734062693
5654,205609.75405,212864.28786748584
5655,579371.7246999999,587660.1700538571
5656,907840.2355,918902.3949402268
5657,606300.2564874999,640800.2019942141
5658,183054.60105625,194779.82996799835
5659,886411.1145500002,893070.7288484275
5660,230412.504275,234062.4158384396
5661,1364185.170584375,1381970.8372873468
5662,428575.18865,449520.2172855579
5663,570447.53465,558472.7380380875
5664,661926.0719,630543.8894749989
5665,304603.12879999995,319459.13117609493
5666,667518.9471,656470.7422427245
5667,469437.84915,474372.0236911902
5668,607030.1264000001,626763.6642650939
5669,541673.809325,566328.6791770279
5670,584715.4924999999,657299.474052987
5671,407109.0989,415024.1170946644
5672,364396.46775,362807.853759174
5673,477985.187775,454904.5302502415
5674,2314453.736425,2285315.249842099
5675,359461.13035000005,353890.1562054836
5676,886883.7044500001,872396.0710845514
5677,494333.076825,525783.1855177989
5678,962557.7685,956799.6431214795
5679,607874.095925,590540.1731420264
5680,182943.47355,171824.3360276399
5681,453188.463825,432228.5218916979
5682,249612.32174999997,257805.4737661778
5683,422083.231325,430925.1090514981
5684,467611.4858,471923.3153932345
5685,585376.311425,595265.0207562618
5686,385401.571525,383990.33711339906
5687,813401.43655,786790.1591902652
5688,541142.90335,532263.2223934038
5689,854886.279009091,872479.113248111
5690,567419.9047,610021.4126429314
5691,625655.9907,551423.1915315671
5692,543927.0804,532966.1209780946
5693,222650.54655000003,231206.05158851613
5694,417212.5115,404810.5647996061
5695,412095.002025,421591.9265372058
5696,883187.0828000001,818540.0196085775
5697,405046.62759999995,388807.66751531814
5698,723965.5430250001,704215.5660878995
5699,541245.9153700001,607408.9531954693
5700,332808.44589999993,327624.1153086398
5701,468885.0854,464008.3758241826
5702,733254.2982000001,706885.0344587803
5703,1108815.9962,1089788.2232026858
5704,1313108.761,1281434.0721479934
5705,288181.15219,297725.27371218073
5706,1499123.7612342106,1496321.895395968
5707,266218.6593,234323.14597470325
5708,584877.0558,572623.5838857596
5709,590106.4308,615029.0934108375
5710,305754.57840000006,302841.2275350784
5711,538106.22,564862.7716065926
5712,446979.692025,454994.5220278652
5713,606011.6457,597797.7265937759
5714,592776.58965,584798.0216984362
5715,317879.88455,315598.7407910484
5716,739787.345825,736569.9192322458
5717,370820.89805,345481.830339816
5718,867281.4920249999,900598.431625502
5719,689926.6479499999,643192.3629523622
5720,524007.2144749999,515439.83403558494
5721,566967.888425,560615.5379553952
5722,331134.6289,326948.4100932452
5723,533241.4774999999,530859.1624741028
5724,548681.8944999999,568104.2349514281
5725,557736.6364499999,549738.7374767624
5726,372487.59114999993,378069.0451923746
5727,492048.34145000007,503417.6349997098
5728,501135.3462,478236.47481265216
5729,690565.4582499999,649545.7688055548
5730,713600.1160999999,713717.9472796447
5731,722169.9878642857,745866.9535082121
5732,417973.344375,427679.77015707263
5733,636901.8178500001,669044.7327567941
5734,258753.9381499999,277196.32992193836
5735,385456.6740499999,416387.783482426
5736,552039.110675,574564.5395244048
5737,392944.5033,394723.72890885826
5738,709286.9859999998,702425.3408174014
5739,645346.6672140625,630098.8182471271
5740,777014.3054500001,770769.6602415149
5741,245646.74907499997,225831.56031925738
5742,765130.5921,790888.3359166415
5743,747790.0254,725890.663637099
5744,556898.628,592102.9037688075
5745,631261.8682200001,624764.4482448776
5746,2360593.59075,2346091.828974081
5747,243404.3093,243775.50961086553
5748,427169.550025,437586.78349193407
5749,235548.38012499997,229821.79827116767
5750,608968.0633,620942.8807239708
5751,781098.8464625,726482.5942442871
5752,613066.659625,659702.8270340415
5753,694104.807625,671473.768565608
5754,808853.4139,786589.8857797085
5755,848806.5390125,826672.7164269937
5756,863795.3142999999,879795.2242558341
5757,288846.66870000004,274459.88766239444
5758,281518.2678,290520.8487451881
5759,308982.21439999994,357847.6974159645
5760,360301.1859375,368663.053255021
5761,631970.3400499999,636975.9959320218
5762,607768.90515,528352.7529097031
5763,268300.74669999996,274082.10591907473
5764,626343.14715,651178.9559728804
5765,460336.191875,443900.651446419
5766,467102.91815,414879.69256011694
5767,933604.94970625,962527.9445986827
5768,144622.45312500003,143720.17315549156
5769,476950.3337999999,464880.16756499687
5770,579044.5635500001,563637.3777911238
5771,213607.6968,217646.60987797883
5772,666638.6428999999,652015.028575346
5773,587037.9721142858,601661.7051512109
5774,686164.7456812501,719353.2699229227
5775,530031.13065,558378.4740764194
5776,574477.9888,550541.7752035686
5777,354335.0234500001,361986.262872558
5778,303808.1265,303432.66571497364
5779,260348.3104,264334.28987994493
5780,996404.4595,1000193.7635810726
5781,531252.177,528080.0508831097
5782,588890.3325,601933.4342164599
5783,2191905.2877,2248135.228074869
5784,1321379.164267857,1344235.331226284
5785,569269.75195,573771.586278532
5786,659985.0676964285,667781.1494536588
5787,589412.0274499999,612887.0662192021
5788,466495.9428500001,517799.3483780663
5789,917423.6229596154,938854.5184760911
5790,642388.9473400001,684277.9152412759
5791,363617.19805000006,411149.4406422538
5792,897451.9394714285,893246.6817164203
5793,550507.7744374999,628517.7696527988
5794,818271.8639499999,805839.5336565877
5795,621221.11296,606107.5815075099
5796,233761.39225,231384.66993701557
5797,568721.8026999999,559624.2991607665
5798,173318.7665,185635.7630219057
5799,443368.6752,407159.02089335216
5800,408119.3148,401112.43509945035
5801,871774.3359000002,829781.1436237611
5802,217722.281075,226958.28118898752
5803,1220322.845857143,1217118.0548663405
5804,378330.7104,371251.1604765293
5805,500146.6269,573269.9206206535
5806,399461.97542500007,391967.3009019126
5807,376985.9175999999,349466.45013565203
5808,957120.2366,951653.795716114
5809,552775.8620999999,571317.2072744512
5810,1314898.82055,1291028.441122348
5811,191318.44010000004,180122.8173326298
5812,803441.7943499999,830194.8112789693
5813,426343.24944,424290.09959154145
5814,552635.51546,575327.5593467882
5815,669906.310625,637562.4460389575
5816,2742490.12475,2631428.968463353
5817,678941.9024499998,610723.751526999
5818,960843.9699,947649.8436401067
5819,1316991.5845499998,1340085.3518362974
5820,679439.1453300001,644061.3676915705
5821,548856.660525,527812.135243763
5822,487674.5288,492747.14904821076
5823,1438183.3401656249,1447054.6404182795
5824,1265431.0252090911,1210365.492185273
5825,342039.2499,354058.37137647177
5826,207916.32224999997,211513.9443996122
5827,835491.107125,794246.8846859538
5828,663251.30425,642230.65401688
5829,688715.36036875,668859.8479090625
5830,581984.38845,588196.4033566253
5831,660613.096,633392.4325650061
5832,513413.499375,522228.16065416415
5833,557378.4014,565647.369850085
5834,742433.5794499998,762905.9335209747
5835,227451.85014999995,229934.94354778025
5836,475161.3523999999,473873.2685513512
5837,838128.5443000001,811405.6156853954
5838,447424.176325,455583.2892358018
5839,471855.1091499999,484679.16048368503
5840,556929.517625,532451.6826037684
5841,567525.3936,586290.1206972868
5842,258837.25060000003,254694.2117401504
5843,406449.45820000005,421060.8080843372
5844,452334.48915,465065.54534727556
5845,651679.42101,645568.9734010776
5846,232042.9314,232379.4021342861
5847,750152.412425,714807.3008972643
5848,235830.77802500004,241975.52619321935
5849,848948.1624125,880755.7605308399
5850,575751.85932,663639.9493094565
5851,417555.32425,388420.4229118945
5852,802661.1452999999,801169.0721224952
5853,308791.83285,316543.6964099741
5854,587664.512775,573652.8277744377
5855,816831.5992785714,822597.2655692667
5856,739686.8223499999,786313.1694406096
5857,584881.7457000001,587037.2471518738
5858,679469.0662,662138.8810545757
5859,381023.188,402852.7326730098
5860,413228.31640000007,379666.09780460584
5861,616547.8386,598707.3100798503
5862,307425.56355,309928.36816504697
5863,856358.1703749999,855089.8533326541
5864,804770.0925,820868.03113736
5865,994635.13248,972599.4399760216
5866,539064.107925,551993.5273439676
5867,449521.43739999994,470797.6258117412
5868,618278.7231692309,601705.3335319443
5869,473273.81342499994,469146.7663340764
5870,607158.4366,613390.9647124761
5871,586359.8156499999,600219.4203701663
5872,553589.2971,642801.9812260513
5873,562475.9771562499,553350.5672766564
5874,471231.9307375,476004.5878065331
5875,644146.4429,638535.7504902357
5876,662243.7725,643543.6180675678
5877,598332.9883999999,583484.7217457958
5878,640850.6551,616870.2917983894
5879,533242.6749,529809.9801918538
5880,759641.5797875,749857.60608321
5881,848909.6536000002,841548.3486838464
5882,836016.24625,841335.1850054559
5883,651556.5459749999,641462.5354224506
5884,242036.621625,236546.8822748826
5885,553821.90365,580983.8557702451
5886,577443.806425,562576.970982162
5887,974742.60326875,939078.1045229965
5888,2633500.6602999996,2693357.124074228
5889,642529.866225,610058.8033393658
5890,388805.62125,406963.70974924177
5891,474289.46939999994,462080.66811249004
5892,285015.14026875,286505.6604789165
5893,548577.2473500001,558024.2248195382
5894,632581.0584999999,728321.1747274324
5895,592401.1842999998,591415.476935516
5896,583632.8105285714,591634.309117285
5897,591419.6171800001,581544.4407246613
5898,314552.76385000005,310696.38029083586
5899,280788.7817,300400.32970897516
5900,282256.97062499996,273500.63756298553
5901,403807.2413,383431.51369317726
5902,237729.2849,230981.00292563904
5903,309937.426725,328766.97625843016
5904,287792.52739999996,245948.68304893124
5905,799101.4649214285,779982.8956721609
5906,593973.6525499999,606155.6407987808
5907,224118.3806,212915.31946005023
5908,788901.3495999998,820291.6544515549
5909,608293.5666499999,601340.2878823337
5910,2388814.4878499997,2355051.5604449203
5911,412400.67520000006,460411.0098025956
5912,551493.9121,565147.4406739491
5913,544153.5401000001,527804.5948419657
5914,1225290.5144999998,1239065.1984218224
5915,689651.30045625,659043.3019726172
5916,549314.4985000001,563952.3296167785
5917,591059.73128125,617986.8018128846
5918,334987.138175,358364.69476698135
5919,2448684.9637499996,2450057.183708232
5920,1161169.96351875,1166821.876662156
5921,743676.0896999999,764634.3551623581
5922,636213.2274,612569.9021027675
5923,1031582.5831,1000105.7092213127
5924,301758.01804999996,309729.6440839378
5925,597854.24458,586135.1446701342
5926,715269.65976,728397.3764690817
5927,731195.1277999999,751440.3792158699
5928,603860.5434,601974.8866281502
5929,389858.00860625,389148.04387413885
5930,551276.8575999999,498060.9869453933
5931,258207.9193749999,254007.974918972
5932,1058887.7277999998,1047222.2019240767
5933,361456.0533,377884.923682838
5934,637882.0349,612028.7775712283
5935,945005.423425,977532.3406425442
5936,302800.78595,303618.7598373701
5937,650372.8345625,685833.0450513946
5938,399267.916975,349960.6939297726
5939,314775.900525,322638.75331332244
5940,483993.56255,587435.1071451562
5941,663632.8787875,641761.6127082522
5942,820900.08815,798848.4779703636
5943,596892.69575,574932.3378521662
5944,598273.621725,540606.601296124
5945,871085.7550500002,894398.9035986997
5946,592599.2191625,610427.162962894
5947,432461.0201749999,450609.7222809451
5948,649119.8481,688559.7504640406
5949,509823.69980000006,605121.4958717001
5950,320832.80615,373102.234621918
5951,552997.5028750001,560402.6561140455
5952,480557.94105,431753.2604648219
5953,575155.96175,568876.0853908649
5954,647793.1545000001,629132.7742661025
5955,420618.62712499994,431639.1811945639
5956,531289.821,563913.6716582691
5957,245203.1594,207409.07332020716
5958,547304.4711,525018.7050528489
5959,431252.00015,423304.8308806513
5960,533970.71465,538249.8834922271
5961,847273.96436,847489.6751872294
5962,363395.25215,380259.9362292676
5963,515937.9588000001,512744.45785673725
5964,269214.38495,257310.26569363242
5965,861094.382,844248.2325317103
5966,675428.5185,678043.4150958399
5967,298544.03245,285664.5501718223
5968,422077.4298,419669.58410167135
5969,776889.271825,773239.6179435746
5970,211714.007825,187654.73172658315
5971,416063.21953750006,427251.5429158417
5972,581502.95565,613378.51190541
5973,401299.94115,402005.7282458281
5974,603554.9858499999,596449.7946091935
5975,638506.35645,637867.1749437539
5976,660510.2695249999,644921.324484702
5977,605682.9722,612007.9097539692
5978,495475.54475,519397.3580313965
5979,768108.3228,787303.1729383724
5980,330740.5335,338039.67141652934
5981,272952.213,256662.88551844025
5982,734496.8714090909,751726.0934106472
5983,569282.2581333334,575469.1328122108
5984,394825.50466,380984.68851569586
5985,158891.87682499998,163185.66949066106
5986,879505.1327642855,838911.2709835268
5987,521641.32774999994,532097.1776320181
5988,543046.6786374999,559335.7434268845
5989,419326.8403,416891.66051760747
5990,402803.40115,388553.10309572396
5991,436125.1863,447643.1534303455
5992,608820.674,640524.2980570438
5993,660130.486025,645069.851806537
5994,301990.37515,314214.11482893495
5995,1157991.89338125,1147989.0734059978
5996,381226.78025,382816.8282169123
5997,379068.8121,383030.34923724807
5998,624933.23355,615541.9958981149
5999,383017.5571999999,382488.8224640641
6000,416780.263575,420597.06182471395
6001,777466.0400999999,757689.1639115991
6002,491415.1889392857,504099.1507594969
6003,635043.0142499999,603659.2272823507
6004,575617.4858,564473.2068909802
6005,630855.73191875,615347.083502095
6006,372325.2855,368596.4888661301
6007,316652.85205000004,312961.54231779714
6008,2421698.1173,2351803.6320835827
6009,740793.13965,739232.9567024957
6010,292145.45850000007,293968.7149714817
6011,1148775.5832,1084087.3927164993
6012,266435.0235,280724.78948671167
6013,387015.24365,390786.1514346956
6014,639896.5782999999,623238.9052884143
6015,725297.0115000001,710485.3512942016
6016,735230.46525,721077.4178981241
6017,285197.95545,289038.9279578021
6018,759923.36378,765247.3979692571
6019,481583.1429,494890.7151078493
6020,664051.8565499999,656180.6074563591
6021,622425.3189,601259.1603399523
6022,298665.0706,299310.1468066841
6023,570473.2528,589013.3539185799
6024,686523.9402000001,681142.6134931267
6025,250052.21054999996,259666.69036970325
6026,218384.8656,234495.65989587677
6027,349553.3132,339154.0329305085
6028,212017.648525,212740.27734331356
6029,586126.894125,583701.9864282634
6030,381412.25125,385304.3991199134
6031,599298.9698625,609008.3137909697
6032,391908.5185499999,403150.5065314113
6033,479659.095925,480990.0541790016
6034,827932.0073181818,830372.0475811829
6035,2675274.00365,2751609.399123418
6036,598208.5022374999,600883.5671661337
6037,373672.9313,383943.7430233426
6038,208369.6846,210837.73339587555
6039,556041.852975,581263.777885789
6040,212921.75165,185175.1855166519
6041,215354.8314,176133.41391168677
6042,883247.3476499999,891815.4066908072
6043,653768.5005,657203.5521275203
6044,503515.350825,529055.0519095473
6045,264912.8885,254328.16610803746
6046,318290.28144999995,313095.47265916853
6047,747801.710125,641290.1650138751
6048,393756.5935,390052.32774714247
6049,777014.6278,767681.8838559821
6050,2706643.2878,2582779.246017572
6051,1192716.82238,1194619.9301840144
6052,689435.9845,658724.5559522227
6053,539757.1364,518214.8782524885
6054,389046.451175,410268.0093607864
6055,487840.871275,475603.6174982328
6056,831005.814375,810757.4349695316
6057,392431.52690000006,392623.5211479383
6058,388117.05574999994,387095.820521321
6059,658222.8416999999,685482.3771406101
6060,855804.5164999999,881058.8269804738
6061,471475.0511,450036.56276056985
6062,736500.3941500001,737328.9699320968
6063,405690.7813,395343.844264277
6064,764413.7519400001,725144.9888911338
6065,543695.618625,565019.4120927127
6066,2333041.5599499997,2260318.266098367
6067,952331.2455,954426.2619850374
6068,431961.0324,406513.94758214813
6069,321652.7754,328612.5599280565
6070,571401.2398500001,582260.3470250634
6071,864463.8142499999,877938.3162342901
6072,229916.874375,236416.15875547516
6073,755746.95805,714124.670909021
6074,557119.74255,556164.1655362146
6075,491291.8765,510126.4980373242
6076,431663.13644999993,443873.47213183873
6077,265007.71129999997,258730.24926636048
6078,400973.8023499999,391811.63262854825
6079,393715.17445,374338.1977427643
6080,567264.7300000001,567239.4427298083
6081,310367.02304999996,358873.5457693178
6082,580752.7208499999,555572.3103842938
6083,487791.06554999994,508783.0471176361
6084,256047.73305,252100.78419001296
6085,594399.6075749999,615924.9603684691
6086,173484.18470000004,170330.58269412958
6087,458394.665,478026.777135314
6088,486586.899175,500824.6530819279
6089,2370069.895425,2331659.2383268587
6090,711925.62665,692167.0901439167
6091,302047.898225,338381.28630102007
6092,242332.5744,253763.6896700724
6093,145728.88249999998,136465.11540106742
6094,490527.6522,507219.6427915054
6095,669445.2209499999,695341.742092104
6096,178042.9407,139427.23360551376
6097,994423.939225,987129.8383639256
6098,2201692.6537749995,2268703.8953970913
6099,560547.573525,555242.3015375411
6100,979816.9205,1027992.019763344
6101,807820.9813000001,751836.8576439224
6102,1036569.2163,968293.7482774573
6103,364292.730625,390411.4666970179
6104,429454.98275,415790.967427417
6105,581324.79845,600526.7877814025
6106,679299.2317,669009.8595040417
6107,379217.724425,390848.1029658973
6108,1013592.4246,1047943.2029056351
6109,609592.24185,602523.0338568154
6110,870571.311307143,880763.9857916851
6111,444001.9946125,447708.6499883038
6112,371716.3977437499,401128.6444582678
6113,647093.6422499999,629199.9316719472
6114,382550.20404999994,393715.27925226366
6115,682012.06745,703568.9349236881
6116,1362143.3664833333,1337173.6281849858
6117,530121.5811499999,526436.7007838531
6118,541282.313157143,574827.0074825722
6119,578371.578275,578953.1246798359
6120,547325.6980000001,463498.859120933
6121,1128248.1234,1154857.4730555166
6122,216573.1849,227747.74576530038
6123,392299.9913,384907.2936786098
6124,2338574.47465,2346506.0586249745
6125,680926.9256000001,814507.8455026498
6126,505149.32215,542505.0643548032
6127,274287.79870000004,261047.21852800716
6128,529061.4695,550854.0617637946
6129,432791.826,437135.5414730559
6130,983073.7616333332,956620.4580604085
6131,445690.006825,458341.2227738284
6132,456639.60385,445977.74227473186
6133,499328.84445,497666.82062591135
6134,428007.53535,504348.22919052513
6135,494545.0496,506286.54418641236
6136,707231.940675,691486.0337816395
6137,501670.3604499999,498538.84227137826
6138,615001.3034999999,600668.2175047287
6139,412555.8256,465247.3335708355
6140,496907.033675,515489.2378970074
6141,286809.6545499999,291406.31552637747
6142,374544.08765,363785.84825020615
6143,346834.830825,362872.4141924355
6144,436252.41508749995,521344.42264560726
6145,630945.92665,660589.596401386
6146,507889.1071,497610.01013075723
6147,527543.72075,512117.28612115484
6148,275679.35465,274811.26562736055
6149,543959.3795,530915.3138533492
6150,809961.87015,781065.749476855
6151,665211.932392857,674476.0072905581
6152,637749.6731125,727855.5138602451
6153,680299.4029750001,679941.4449715009
6154,199969.953925,201302.79817076382
6155,597813.4587075,571670.9700867456
6156,479660.30675,452010.7635786329
6157,299441.7876,298722.14034196676
6158,940676.0474,900828.0103598842
6159,286875.49777499994,296373.45693922415
6160,583290.1594,566168.3927786954
6161,688078.2835437501,682864.6930023227
6162,744443.47425,639391.8803478235
6163,557053.22425,537800.2395874851
6164,279986.63487500005,290512.7073141675
6165,466361.28207499994,451536.3731956668
6166,610158.8780499999,617304.1413851652
6167,859523.4772,841847.650111804
6168,399054.29338,426642.79445727525
6169,752361.9852000001,774431.3195452476
6170,933727.6684,935615.3220611546
6171,441327.9174999999,413932.90039563534
6172,422280.0935125,425340.02521165425
6173,468898.86734,467787.5291394311
6174,727169.8968999999,700223.9544896547
6175,688197.39662,697508.6363703798
6176,871510.913525,885376.0409786621
6177,737598.50516,758831.3337131643
6178,337993.231575,337194.3955782728
6179,772727.56415,782211.6726762585
6180,407394.6261,414963.8419367106
6181,636558.7016200001,573461.4314650788
6182,622436.7845899999,616783.9194896432
6183,2314927.55535,2352282.2262984887
6184,591095.2971499999,489990.7637092948
6185,618306.22312,610699.4596911522
6186,791257.5,809089.3761290266
6187,434209.716,425778.716518373
6188,836063.4080749998,826759.7517797577
6189,1325085.9948649998,1314930.2644113302
6190,417890.0913,425486.5469961246
6191,1169822.203975,1200025.9211926092
6192,702992.23904,680648.8429315562
6193,268082.5959,259061.40839558316
6194,750740.7369,751939.2400079377
6195,947118.0965636364,931946.1224531234
6196,574195.6945,594387.07045241
6197,236599.7766,244000.9469523529
6198,737738.0799499999,598444.8228945094
6199,488509.71429999993,483494.9858702679
6200,585877.2172000001,594943.379800556
6201,650961.136475,654907.0390221605
6202,507678.6218,540971.9674156772
6203,309167.5971,306729.7178361157
6204,791753.34355,657029.9847202403
6205,728098.7606999999,720908.8389972994
6206,479881.4334,496718.1155026694
6207,660689.6948375,641776.6026151339
6208,913539.28735,916114.7929978435
6209,436602.7665,437207.8659200859
6210,542978.23775,528167.1079190488
6211,565125.392825,485467.7597967202
6212,924319.4996,877590.6072799665
6213,168647.45142499998,141302.03974949394
6214,662139.0464875001,659176.3206831884
6215,611039.5296499999,590251.3605766507
6216,758626.47259,754405.544961127
6217,566947.2450700001,570078.1939188705
6218,400010.08395,410782.2598962457
6219,518399.08961999987,498921.00151220366
6220,456301.0418999999,443559.5204550712
6221,538009.0621999999,450949.5886346447
6222,884579.2391499999,874647.357254226
6223,612908.4297142858,614814.9578243399
6224,605519.1037500001,691720.3948326644
6225,784878.2568,741403.272045926
6226,239485.45875,241923.69969908128
6227,780423.1788,756679.7488981108
6228,229122.424525,241263.7527214963
6229,640696.0538250001,619070.2115641187
6230,639583.0866653847,611653.8707273061
6231,816987.9288999998,711905.620424509
6232,124689.2353,137638.84871709454
6233,193956.86295,215666.1513321288
6234,358152.658375,353556.6048195044
6235,799713.3046249999,809641.4537278751
6236,404722.10485,397078.7990580639
6237,605961.903825,641917.4611955965
6238,2662691.0458249995,2616859.88066916
6239,359869.2669,372065.40567302407
6240,534236.9540375,529166.9274143415
6241,490078.421,466933.8645581559
6242,595650.82565,615949.5498201614
6243,265986.1923,274851.8315705314
6244,399347.57517499995,383107.2034418426
6245,610129.2599999999,629311.8668710906
6246,675206.7596999999,675652.3604076976
6247,440663.362775,431007.8749655278
6248,477890.50946,465196.5156377739
6249,597534.8047999999,602845.0478673682
6250,525787.858975,548181.7128108348
6251,775087.9475,789241.8250866259
6252,589167.2072000001,646294.9935959245
6253,686525.4030500001,597274.2286038835
6254,180399.5599,138429.0897524801
6255,248813.551475,248675.87213121098
6256,777950.4120199999,728989.6335659359
6257,627765.0820500001,607745.879923812
6258,1324420.0242333333,1332979.4811148222
6259,2646733.0286000003,2591774.060946183
6260,766401.2894142857,732455.1805320234
6261,987545.9381,986574.0373815974
6262,848056.3130300001,818818.3874822686
6263,473883.6799,466770.0705850327
6264,722780.3265357142,717214.2242026709
6265,434210.90625000006,370006.00730703166
6266,819212.7055,858042.2637623581
6267,365562.31965,362908.6981208692
6268,652600.888475,684427.0560639679
6269,840606.80155,793218.7280074642
6270,527599.295825,538358.2073955869
6271,318630.53322499996,337373.8070338102
6272,679817.4158,650953.0761177471
6273,890095.2923,879235.1106887232
6274,457163.5803,443047.5008974932
6275,384905.6445499999,405470.83418871975
6276,395627.86622500006,411849.3638301679
6277,1067384.10081875,1109297.4500552786
6278,377354.0915499999,388291.0313795456
6279,556493.3779999999,580425.9917082828
6280,295050.80880625,303580.6872601048
6281,441870.6634875001,429275.1404722447
6282,568431.9285333334,571411.2899002009
6283,768008.5737857142,714446.9309889307
6284,1254809.21445,1231016.0130818994
6285,623968.889125,616134.9774752766
6286,643668.5275428572,616462.4800338348
6287,594369.2427999999,598803.9503106925
6288,283185.5445,281072.0916387534
6289,323766.03695000004,346315.82304744323
6290,373257.2053,449330.0816049842
6291,2558634.8797750003,2566720.697405326
6292,384522.253675,389230.84327792266
6293,422143.1868625,410237.35093988775
6294,576381.5554249999,584881.1421305687
6295,427164.320575,405014.41212005017
6296,489488.58374999993,414168.87299295916
6297,345909.68445,410059.3494619861
6298,754457.2939,770905.6048368157
6299,406482.7052,400103.1129424245
6300,571558.6545000001,583851.6255338516
6301,748486.50765,745117.619904891
6302,629204.3875562501,616376.0452420353
6303,600345.6254,565456.7754225772
6304,267998.3453,279460.96953708946
6305,455588.2247,445193.41673091374
6306,422441.94877500006,352674.1840972974
6307,606853.05605,596141.3639566053
6308,589387.4187999999,582731.416335165
6309,181419.61744999996,192698.77198747828
6310,649599.56685,642179.2351744402
6311,553776.0839285714,583250.5609304169
6312,322300.0643999999,392620.00633741845
6313,885762.0183714287,845400.1865901273
6314,375718.6392999999,390021.79810087726
6315,321709.25299999997,321930.1598812492
6316,607431.6688999999,621137.8564876388
6317,610687.2123,628995.2638328308
6318,592633.9895599999,587172.6468167386
6319,432771.09385000006,430928.8547326082
6320,1296077.809,1293777.9776127706
6321,893035.62785,912362.8425999454
6322,300759.52517499996,245211.5960493992
6323,312317.322525,317064.23604162416
6324,604600.0171399999,598911.4647800938
6325,800837.6581199999,830775.3090442072
6326,457762.48704999994,458263.78601315967
6327,594639.6165499999,583951.8943004142
6328,2728922.5429,2637194.2071818146
6329,381323.88836249994,395324.3343089478
6330,847182.9221000001,823560.9199807383
6331,2602537.620275,2525788.5058142254
6332,418975.53185,424040.41887638264
6333,871578.9484499998,879361.1418802362
6334,811964.2734642857,828883.5450756846
6335,449058.979375,439602.44069380447
6336,510296.9523,522656.70806033415
6337,543832.89175,551022.4549302373
6338,265158.435975,264356.2503228444
6339,722713.0778000001,736808.204713511
6340,803826.61475,765497.9397409481
6341,564806.94575,560933.0255339738
6342,617888.61735,654495.0218371563
6343,534409.1464285715,520371.2231712568
6344,483709.8016,504146.8807603957
6345,823759.6458812502,820605.4894837383
6346,427606.682875,404946.36298654455
6347,295479.46005,297986.0439989903
6348,573842.975625,590750.2608515962
6349,369989.107625,365023.5612295748
6350,550919.8950199999,567187.4360707547
6351,616738.95282,604698.4174590884
6352,585631.8482499999,610945.3369542542
6353,587348.3899000001,594951.5767746599
6354,245583.2425,230632.86284516065
6355,371960.05859999993,375047.6380658329
6356,221523.01294999995,225939.22736776853
6357,900560.6665700001,848767.6183617599
6358,859832.7513999998,831812.290554058
6359,302569.66845,339194.8114563748
6360,520464.00619999995,534578.9340913752
6361,619432.5491749998,633046.4936064582
6362,528542.30085,553161.4589056743
6363,785832.81088,802377.3309000202
6364,452865.53185,535806.8189675442
6365,774060.09035,775967.0106911669
6366,670436.7382000001,668269.9332240928
6367,605807.1295499998,496099.1727085541
6368,270692.19405,275977.83768313436
6369,603310.1788999999,603155.0979938008
6370,871198.2018999999,866359.7516391247
6371,670955.0156500001,670463.9668371424
6372,665197.03,649059.3557920547
6373,427457.5384,422274.2712271204
6374,587277.5876,597700.5616053106
6375,358295.0323,347404.3436082467
6376,549843.2818250001,523131.4106503943
6377,530483.777109375,519723.9086703985
6378,612948.1634363637,585343.3958273561
6379,830778.9204999998,809157.4899028614
6380,529600.7599000001,539118.3978369161
6381,825567.0136250001,817992.0521132608
6382,552232.6562999999,556805.5675429399
6383,514799.5988499999,544519.1436097347
6384,792137.6486099999,789595.8271176622
6385,644583.64865,677563.9841166518
6386,768773.2385307692,779134.2450479389
6387,426494.188075,464381.27677760227
6388,846810.3326500001,878119.7903120492
6389,440769.159075,445956.92236473574
6390,267923.08732500003,255276.0281020429
6391,626199.7599000001,706019.7362370786
6392,388236.1038,406877.03751648456
6393,886645.5789000001,862951.1714701554
6394,606443.2738,690423.1686663576
6395,873012.8268,879861.4706118306
6396,578127.38745,626712.3979847884
6397,720077.90175,707809.3549950432
6398,1434578.7237227273,1411843.9943412137
6399,277772.17215,264135.8131752419
6400,378297.12619999994,380450.0337020203
6401,410188.05519999994,392541.6069616232
6402,377091.0764,453753.4981841023
6403,211256.4566,208975.547778815
6404,667089.4187999999,669075.6140266324
6405,1244914.0028,1226921.5097157035
6406,247772.2487,260590.27156432718
6407,397676.71895,402030.07218663173
6408,648369.66845,658016.0993279035
6409,978361.46595,943276.6174193986
6410,726249.7105071427,730134.803213461
6411,382805.00404999993,390501.3961557097
6412,1055992.8427,1023497.516975105
6413,425457.380525,419829.26967645367
6414,738685.7435000001,708877.6952836143
6415,508526.09190000006,532119.1259172342
6416,759189.8058,707679.5830888011
6417,188939.74925,138429.0897524801
6418,896160.8559249999,858341.4478881538
6419,462632.8996999999,453039.69884813135
6420,164552.129,131571.60613668239
6421,899492.7909499999,867576.4757657187
6422,579368.5442749999,525859.4782466815
6423,929013.679295,956289.2665056216
6424,587621.6636,662585.108121359
6425,508493.08455,517275.5076674591
6426,367257.458425,361520.0408856185
6427,440586.2812,457130.3998678377
6428,577032.811655,604148.2585130874
6429,2532444.8698,2620070.655496364
6430,469236.7027,474115.2936446215
6431,494696.46984999994,473822.4956951417
6432,410415.9166749998,502277.5931166665
6433,637351.8663999999,695678.8325057108
6434,486536.71735,487639.7906474516
6435,796603.9365714286,809426.7207033926
6436,554817.0746500001,561766.7118554333
6437,786460.986,781410.8344574315
6438,751227.579740909,800970.3840304784
6439,615673.8712625,621740.9693415882
6440,876225.2300214285,888220.9455256353
6441,256191.7465,260096.01259944722
6442,552471.5896,590390.3246732859
6443,456997.96675,450487.1022165434
6444,632536.8317,725814.3648582683
6445,660933.704375,663971.2532366358
6446,375151.1406,358909.8886827901
6447,732343.6643,703117.4981285257
6448,527687.4221,519320.3643520311
6449,801572.4737,808249.6222978858
6450,246658.34492499995,246736.8256629671
6451,501670.68030000007,517888.7435097047
6452,413026.719575,418927.6401708038
6453,558525.8847249999,547484.35524241
6454,455013.9188,438417.51329964364
6455,280902.63905,278352.79738159553
6456,458928.7311,483087.63779441593
6457,192191.72245000003,180136.2908442004
6458,473198.9801,459745.8021256526
6459,1279029.454,1261744.1408716985
6460,497417.02357499994,573480.0152303798
6461,719432.4440142856,734228.4625830313
6462,952978.0656000002,940914.0706246914
6463,716362.55565,708272.4207495446
6464,857398.0362999999,825496.5409370771
6465,573020.2881499999,558560.0351669977
6466,666287.1517749999,642509.8712147019
6467,744577.3742499999,741671.7421077228
6468,627975.1951,598914.4377033913
6469,260639.57745,256261.16087669722
6470,308015.82649999997,305006.92464029795
6471,666723.527334375,669802.6446885834
6472,397951.61655,336796.34486186685
6473,349522.80994999997,297387.90028472984
6474,447783.74805,551075.7396857016
6475,292883.4597,285933.81926117843
6476,590292.81465,599877.8879566463
6477,407831.0528,479552.7916696002
6478,287824.87889999995,281767.61255689384
6479,465469.52754,478554.64933248714
6480,318456.13665,273039.20086667954
6481,951691.736771154,941031.3470267269
6482,595611.5211499999,594338.5541563046
6483,580384.038225,555061.4532315366
6484,421686.6155999999,415431.7775343798
6485,305234.20135,299221.7341761579
6486,334730.3647,328870.0204677668
6487,256805.594,254311.59437091553
6488,488211.38154999993,429410.0636684196
6489,676455.6372,664414.902954313
6490,463858.0877875,470121.8183411273
6491,462943.298925,482996.04896835476
6492,563087.5234499999,564262.4331856921
6493,437467.83235,440369.9310469499
6494,341131.84355,403079.4672201137
6495,636998.0056999999,647718.0807961936
6496,569061.65532,564737.1330539993
6497,231410.1482,232703.1422187601
6498,679453.6876749999,657934.3159793657
6499,543775.68705,534067.2992982899
6500,463787.417375,477221.85434951074
6501,874248.1211142858,762028.2991774862
6502,173810.3102,183571.2601948258
6503,378143.3201,377265.9053299364
6504,535670.07175,545673.0085339891
6505,948698.9032357144,927809.1565566236
6506,711776.1522,757229.3552664726
6507,779838.7367749999,783962.7147474298
6508,581272.7925999999,553909.3282566735
6509,674210.8036000001,686675.8983493537
6510,318328.64358750003,313225.65738673555
6511,333939.3664,310759.7474732269
6512,438416.02416,449446.3880001761
6513,924805.87575,927410.459323943
6514,490708.65974999993,498839.64399926085
6515,713569.33515,698779.1790787943
6516,471731.3433,440933.1784060523
6517,620359.9561000001,602924.737429139
6518,298820.56192500005,291357.1501901615
6519,259229.88909999997,277867.81005955103
6520,402397.978925,390585.1032031773
6521,497071.3729000001,548191.6899229229
6522,569390.4577,568170.1327242649
6523,463813.9644,491953.14152680617
6524,463014.2051999999,482377.5869258267
6525,560024.1651399999,563915.1204686845
6526,941910.681875,929564.9011303385
6527,562098.4938,562414.4294443885
6528,688925.4095499999,695155.4278952675
6529,405091.36464999994,393583.1223906128
6530,739674.1111,711579.9702307293
6531,658228.68461,685812.864967345
6532,329320.7154,315077.73376914416
6533,612988.4088,542549.8420016365
6534,233056.983475,252882.45063357078
6535,701344.693725,673259.2333117508
6536,400697.69875,401541.490552684
6537,487572.47522499994,499540.9904035415
6538,517838.52737499995,528334.1431431685
6539,533993.5923,537244.7235910114
6540,509743.9208625,592986.9124683473
6541,908971.5107,924496.7188779849
6542,611468.9774999999,539969.9130153101
6543,481684.51739375,488611.602633282
6544,648003.12138,661726.2204941616
6545,560331.2169,567770.4721492651
6546,759658.0315071429,777217.3434851625
6547,613616.0349,595987.229493458
6548,874538.0754,899227.5427923918
6549,521339.75007499993,523415.390776886
6550,750368.197325,750908.1643598967
6551,274820.0301,279595.73923136253
6552,879066.8138499999,878684.7345156522
6553,531860.1816125,570276.2908551258
6554,695339.3739727272,731409.6044677533
6555,564697.7058499999,562527.8843266697
6556,690293.1893,603851.2866665972
6557,317929.505725,369257.3010171554
6558,631691.9356,618008.3919314167
6559,344993.053,409303.34499555454
6560,947430.14995,958039.1484686917
6561,553793.93875,521075.25822737423
6562,599936.29144,614420.4528270054
6563,809360.0650999999,820783.5669331038
6564,388899.0021874999,408580.8243483112
6565,471270.13716250006,460430.29258945514
6566,506214.114975,526883.0744335552
6567,541205.21935,510742.7238144679
6568,631979.5654,675634.8116436128
6569,2231109.71615,2286555.344283214
6570,1197917.8908500003,1169862.6765016243
6571,244329.9695,238737.9254641087
6572,615884.8867500001,651739.937933463
6573,1180028.6495727273,1183259.63318149
6574,380136.9554499999,396655.0514837806
6575,620350.8755249999,696415.4539345893
6576,454382.097425,460645.4750173871
6577,539843.72906,559079.5017733522
6578,803857.4442000001,794143.9939724277
6579,535663.05004,569774.2961406673
6580,647058.7540500001,655360.5784626736
6581,340548.0663499999,335787.0091195309
6582,341360.33304999996,329215.6868819741
6583,152891.5982,137909.56624848544
6584,583067.09855,587890.1466878253
6585,341769.99809999997,347215.3560582531
6586,451678.26375,453890.0249032249
6587,739885.75795,750171.9368014483
6588,577452.59225,569989.9362819269
6589,617245.2307357142,645189.2062226003
6590,321610.83650000003,310648.8694662488
6591,455073.64605,438915.13984419766
6592,297124.90115,299859.3699127299
6593,577715.3513499999,600955.7994335867
6594,848235.6801000001,847058.2280410896
6595,295741.18305,306452.4497124679
6596,666746.9447500001,669955.8624254998
6597,1241574.529425,1182907.157678397
6598,342292.1772,363470.0828900358
6599,245927.474225,246886.5281784585
6600,442684.6801,444672.16506162443
6601,516797.421575,527927.7460948781
6602,626787.6497000001,614378.3031742822
6603,529066.09665,530431.3671144763
6604,483444.94729999994,513543.04831774376
6605,309198.00085625,303925.41904001235
6606,274307.57115,268433.75220849365
6607,1432378.4990666667,1317711.85764245
6608,609526.6992749999,593106.6488745898
6609,866035.9606000001,778751.9619994194
6610,560596.6852,508669.3584084636
6611,414897.3415499999,431686.91849508276
6612,753335.4367857144,735148.7484265931
6613,658254.3491,672338.0814875922
6614,582998.69005,588096.3033747247
6615,418547.99875,409402.2451087879
6616,236596.240425,181257.41605454654
6617,1011179.53455,971542.577790954
6618,434507.1746,450203.34484859626
6619,342322.7378,350450.041159538
6620,467846.924,443547.54825618974
6621,578561.7622000001,595707.0077327592
6622,464214.3111,557427.3136312596
6623,509964.8283499999,540489.5025555593
6624,491890.31805,492950.57170117693
6625,491675.415375,494764.9173355075
6626,634865.1122000001,540261.5325863992
6627,376154.9583499999,376743.7987880112
6628,700141.84005,727028.8775964197
6629,927221.5263,890273.5347089883
6630,575204.0005999999,563548.3675758735
6631,807618.1453,782870.2619877415
6632,197320.85625,207797.05523694784
6633,300717.95680000004,295018.5526790345
6634,384321.09705,385234.97175715567
6635,340256.6859999999,330554.92029562476
6636,771259.3327928571,778538.247018652
6637,599442.107,607040.3405437005
6638,615289.3770999999,700281.089246093
6639,764375.1905625,744002.0049954349
6640,828174.569175,839990.3033285388
6641,521550.38895,537636.7487466551
6642,435659.71014999994,431482.28062450304
6643,516732.7357375001,441818.8803150484
6644,816100.6540999999,827999.2927083904
6645,297878.15914999996,293555.76373170107
6646,796302.4254075,802321.8189011079
6647,231010.63169999997,234517.3196556152
6648,607361.1395,587686.8521141706
6649,514647.231225,533610.9815730064
6650,1217916.093975,1159053.7269196287
6651,298614.29144999996,244428.6329754026
6652,357084.71945,361120.1430731239
6653,972885.28255,991265.2727120655
6654,607330.1453333333,641593.4316516768
6655,378495.11165,378566.57729222137
6656,792873.1702000002,760524.1116712986
6657,539705.65345,488564.83476170455
6658,638996.644,653082.1610599413
6659,240059.25342499997,255095.68378537247
6660,814710.6974000001,790451.235266157
6661,783959.6409,793677.0203391919
6662,466285.19822499994,458037.4891138582
6663,874196.3674400001,859722.4795903026
6664,181065.068425,186529.1577337914
6665,614026.5994,585447.3093962313
6666,618674.37458,598973.3029593204
6667,360675.5913125,362176.5211677554
6668,518244.6981,502402.5195794023
6669,956545.687525,885320.4056292467
6670,625641.71115,612507.5871148328
6671,249439.01725,244926.91034177755
6672,426393.7307500001,405315.0486513842
6673,372801.26105,299906.90504711354
6674,1205903.1361999998,1240177.5068945189
6675,462458.4185,447261.6300518186
6676,601394.8036499999,599186.691308517
6677,794024.77665,808399.5642828539
6678,625679.1754,601934.221683533
6679,411484.2304125,394811.21259617765
6680,830554.05435,842645.642101711
6681,648022.2702500001,721460.6227244908
6682,224962.9587,178387.71118097097
6683,267872.617325,270340.17004490393
6684,676611.88225,728580.0388106403
6685,743453.1224636364,736759.0784980741
6686,590669.4511374999,621001.4064986812
6687,845217.6321076924,852309.5330938254
6688,765482.9371249999,760589.1490860871
6689,264427.84205,257842.75433228936
6690,345143.62072500004,330515.14736854914
6691,621240.259,592025.7866898073
6692,251288.86940000005,252015.8408055685
6693,384185.6214,393106.75125795277
6694,308857.63,316575.0479988406
6695,630953.3285899999,598449.6374112517
6696,675095.2493250001,655757.7614130949
6697,741714.53925,725349.0892529025
6698,376802.0973,367768.235285495
6699,252525.52545,261021.71276514375
6700,581902.92965,577409.3971564835
6701,479849.4981,482515.304704815
6702,421803.35875,417244.1819359277
6703,524542.41785,508062.51519417757
6704,631771.1809500001,620174.1904747281
6705,288388.58499999996,305409.6135192132
6706,253532.337425,246829.4167966381
6707,708864.4689500001,707321.0715195987
6708,379828.508275,400633.1899919372
6709,191996.2373,151941.65891457518
6710,745467.1042999999,713104.1166132204
6711,350075.8158,344930.2717583274
6712,391264.8148750001,438720.7180299581
6713,2409557.1001500003,2339607.4397320757
6714,431779.1336,443699.5796420363
6715,564148.120275,563681.5599768767
6716,413200.2765499999,415029.914107139
6717,135080.0198,136813.16624845116
6718,429783.80595,426624.3319754264
6719,708134.2020312501,671925.0077442112
6720,257349.5871,266320.5628871945
6721,393082.98225,391490.5152014117
6722,707569.1665500001,729791.7496044416
6723,556547.21535,553648.3861605924
6724,610800.51873,615090.316734356
6725,223361.48355,225318.6167237998
6726,868185.6703,887341.5116505439
6727,323147.65209999995,308014.7170282412
6728,493606.3867464286,480519.57162412413
6729,300977.5935,343458.352089584
6730,557691.74825,574169.6275796734
6731,575686.5657374999,574969.6343372606
6732,198682.66730000003,202955.03468420665
6733,351423.0120875,421485.81050298066
6734,354805.5037,336933.7101896246
6735,376281.0125499999,390919.1976475368
6736,535363.9301499999,543937.2644727138
6737,359401.01850000006,408481.84271474625
6738,388991.370225,380955.4044950554
6739,637497.7558124999,646746.0892012777
6740,2852036.9407,2776219.0658018286
6741,302693.809825,287811.751573333
6742,841391.1562250002,796748.8051445219
6743,547767.07175,623153.9246200467
6744,795738.753525,809500.4307850542
6745,1199630.4601788465,1214686.4660655493
6746,1366110.8627142855,1375665.4870039267
6747,202103.86279999997,212679.30816801242
6748,283651.84674999997,274308.8832605025
6749,642879.7638999999,644605.3213655327
6750,403753.92245,417147.77169311966
6751,394462.3666,477581.58882587403
6752,199234.0547,182086.00554256188
6753,458959.238125,434165.97575699526
6754,313948.67175,307277.59391740704
6755,653164.61493,563485.5621617136
6756,383778.41885,407858.1538163633
6757,399871.61475,405484.3928105708
6758,373995.99225,382235.8664345951
6759,293217.69399999996,359791.42239562114
6760,602993.5989,521727.7912210792
6761,726391.7254,737866.1056997858
6762,490556.31705,516674.82328549586
6763,541991.7684000001,610680.7156224316
6764,454018.9519,391233.7777778784
6765,351305.933525,338891.5730903534
6766,521002.6759875,557233.1873023387
6767,345370.94645000005,331204.92168177565
6768,820733.4403125001,843474.3897267998
6769,2249132.8364,2320716.487022073
6770,525468.90825,547925.8466607719
6771,478063.797675,481489.68199345074
6772,499512.9719999999,479636.3469938152
6773,258244.62674999997,255063.17958451377
6774,483802.234425,521942.37182195025
6775,738198.88175,756286.899100489
6776,979162.9681666668,978478.5960826232
6777,231377.3142,231725.42058221888
6778,342145.29374999995,347963.0325641016
6779,692994.8845749999,699638.8616656247
6780,834770.0176285715,742446.9162385352
6781,255894.860625,246836.66590959695
6782,462542.12879999995,573282.7067100002
6783,611178.431325,606851.8806214387
6784,632406.27439,611994.0235982963
6785,145438.19775,140591.1618604557
6786,2533452.4437,2496994.4249827676
6787,202688.35535,202134.77582040985
6788,973534.9231,974751.040169877
6789,557905.26714,561091.5629140971
6790,438497.0032000001,486400.04195410165
6791,326590.1087,331979.1060674098
6792,679544.4069225,689101.2699542262
6793,305844.68134999997,309852.52153461083
6794,341789.5128,282370.8431931714
6795,369256.116,420483.2613094293
6796,547627.8972749999,530513.0177747989
6797,985395.8461249998,990263.0010332211
6798,581391.1944,568486.2827848352
6799,384431.3373,391758.3780049001
6800,1145726.384525,1173055.615704624
6801,536856.40925,540328.0202576318
6802,391669.8728999999,383483.9561856226
6803,625177.6034,595771.14794186
6804,668324.6706,668512.9890007281
6805,551848.10905,571813.4875573695
6806,551072.6178499999,567403.1438876735
6807,562853.6119499999,565063.0542679378
6808,846094.94745,855416.3770364525
6809,553852.51075,582700.628875284
6810,216300.6846,228855.51055013255
6811,639810.144375,660739.3085471361
6812,552547.9256,567169.1788299592
6813,573908.7452,591433.5014976519
6814,861412.059625,868688.4681442383
6815,681295.3179499999,647041.2184814612
6816,879523.45761,915392.8709880065
6817,741121.0134999999,740063.3650720739
6818,852222.2841750002,874589.4586232752
6819,734657.2231,703610.1631407737
6820,733483.4205,700374.3479105346
6821,786116.005,797385.699123228
6822,970358.94325,947939.6056687728
6823,373536.3415,391894.24515826406
6824,398779.78484999994,401990.61425521993
6825,564136.3688714285,580197.5808078086
6826,238973.8085,232665.66659108154
6827,309907.11600624997,310686.9750400942
6828,216501.47395,223092.7831153566
6829,594585.557140625,603430.7219736133
6830,1352580.59185,1306290.2433432722
6831,416190.991,410461.890921857
6832,600645.8470000001,597891.6920975639
6833,363092.1228,360863.1560363221
6834,1030241.6456363638,1011896.8416755334
6835,803083.7348,693370.4803865959
6836,214790.2097,213834.21344140984
6837,618998.1290000001,635438.4704073211
6838,1264673.8947333335,1266531.0236513962
6839,2536280.71305,2549791.5137519846
6840,607173.8465999999,681680.3311670979
6841,339063.209,346088.79629372316
6842,744541.306690625,747479.9271587173
6843,596730.4092,606773.8752107972
6844,637091.07225,542608.917272023
6845,471529.657005,467087.66882321413
6846,388330.2869625,327518.1367606282
6847,324369.63224999997,330383.2431664505
6848,784845.6174999999,791344.8426231387
6849,747037.8162,775729.4826224995
6850,415721.29759999993,430207.99258176045
6851,601938.0095125,579610.0766864546
6852,500540.34665,499303.28313382104
6853,429752.3639750001,440778.9769463505
6854,380083.334925,364132.1706711828
6855,552333.4796124999,528874.6252853376
6856,569488.0326,580295.4734641528
6857,316940.53235,273614.81774203235
6858,239965.3306,260481.8361741274
6859,595087.1589562501,590815.2832112446
6860,2812321.3534999997,2793595.345338761
6861,299006.0942,296112.21179671324
6862,491543.57137499994,495170.7348165114
6863,604200.6186,599676.5456883765
6864,578253.48425,569117.909647129
6865,767009.4106499997,742035.1509837757
6866,1340039.8479615385,1362856.2877470613
6867,543368.74415,569374.9225085005
6868,504243.7974,433653.46470590436
6869,309965.74389999994,383142.4754435636
6870,800643.33615,845507.1588347616
6871,624507.6271,602792.0536552869
6872,388716.308425,392483.39840671374
6873,332609.1078,334662.2528932979
6874,846525.0596500001,877173.7328429392
6875,731091.412942857,755786.3034498374
6876,602447.3143,762821.3911623443
6877,849474.2347,867156.5599030438
6878,614905.212025,588752.859842984
6879,739378.2700499999,607037.1672914725
6880,540077.070775,522457.43574255455
6881,691492.3186892858,698004.0506749179
6882,178455.85095,180575.00296364422
6883,509017.1008,579625.7692515793
6884,184195.769675,196174.3393382174
6885,703213.5208999999,692980.0141852678
6886,361716.77675,363130.2390827574
6887,765128.937125,773992.2306623806
6888,172952.5158375,183157.08625112916
6889,793023.704,815196.251643617
6890,788525.6975,787573.171108179
6891,133638.74882500002,138892.3107751956
6892,339525.42882499995,343164.7631503856
6893,861921.100275,851310.5637465161
6894,615556.3366,620028.3811103285
6895,536674.933975,604955.8234361943
6896,209336.30275,188974.04713874107
6897,523875.85345000005,542964.2387032696
6898,2495831.5177749996,2565759.42004323
6899,523476.7817749999,503011.2014714284
6900,878894.1157,909686.7780384944
6901,305909.16154999996,300114.199050735
6902,421259.750125,429689.73935170856
6903,511890.1087999999,425678.5812926502
6904,823112.175,701224.8168356819
6905,728411.2678,716388.4359123487
6906,427913.33309999993,518420.8045819645
6907,612159.9964,603990.5738949929
6908,441614.526875,491612.8534691414
6909,716239.1457,702833.7538866056
6910,521821.948675,547995.6971819319
6911,545005.97015,565954.5961570627
6912,510331.6979999999,501145.26506584696
6913,747658.71201875,754806.2948412774
6914,916229.2603,938556.8509994978
6915,907694.04555,874809.1194958952
6916,423881.3652499999,454346.48308330204
6917,280440.42905,286660.3264995809
6918,411863.8515375,400324.4754138856
6919,747024.777175,693588.430813217
6920,392530.03425,376720.2972120766
6921,401215.2109,397180.2523028135
6922,403407.307,398784.6128131465
6923,316229.4795,324337.71273172874
6924,542957.6238749999,565134.4007767951
6925,293388.0902875,301049.1406721288
6926,275245.0987,286705.7866867555
6927,601095.3790124999,705018.2548340731
6928,326335.53422499995,334842.18032740825
6929,316809.7465,319039.47225594294
6930,609051.3401,620020.9396600401
6931,1329153.5464,1280271.1387071465
6932,665772.2906,642744.2488661837
6933,629974.3452499999,644489.7374480065
6934,613137.1110624999,509447.35564644425
6935,510814.345725,517809.79672826006
6936,493153.4552,518560.9703867051
6937,680439.308625,605519.4126237836
6938,326544.77300000004,319664.77037767816
6939,607423.1096499999,592392.161615915
6940,614374.698275,629584.6898526555
6941,624911.28085,631196.3329815895
6942,631134.4592499998,652717.7171437996
6943,489133.4373000001,488271.591635752
6944,426311.81064999994,420079.20219438
6945,693050.65135,584221.2659999909
6946,730022.4549,737029.7133762359
6947,686594.8695,709836.9091325807
6948,180458.45745,155156.5479554177
6949,635145.64865,623821.1407611886
6950,203836.7478,210943.37823539652
6951,513004.28705,476125.6623577228
6952,465811.2036,474712.6235009755
6953,302721.8767,316103.2820267617
6954,444103.254125,469344.9078920852
6955,1098898.0692272726,1101017.2616390965
6956,570595.8710204546,605701.2735816764
6957,575136.72956,565147.7602003285
6958,470988.62453999993,464389.173911162
6959,595172.95025,580004.698252662
6960,406273.0718374999,421208.4448508003
6961,266736.8224,251282.81444734396
6962,559191.5208,541809.6038219205
6963,623075.07455,670414.99601182
6964,712946.0362999999,670404.8340008791
6965,484414.39034999994,480194.46916882746
6966,402322.3893,421791.2315453811
6967,855561.0049499999,809642.4197941972
6968,604893.81545,621452.8290493554
6969,676134.0607285714,668759.360417328
6970,536500.71855,571580.9062645908
6971,633736.178515,635569.5973877853
6972,581119.33155,573737.0248682833
6973,422288.67944999994,412129.4247028509
6974,506250.75959999993,490525.0206511866
6975,948762.02915,929687.1823248214
6976,204706.92095,213806.94157139744
6977,197401.08214999997,193992.40420450174
6978,475881.5127,469549.3986008143
6979,603263.622675,605322.3044994879
6980,418767.785925,433394.24923203135
6981,375833.913525,391282.49192398763
6982,390390.52366875,418888.25477269554
6983,394936.0730875,404687.8087024692
6984,779996.49644,750082.7070720645
6985,331063.11468750006,334535.2410332176
6986,970644.1578,910358.5233657765
6987,781239.4322599999,772821.4741051752
6988,526971.9933000001,514171.6654992501
6989,256442.32704999996,215490.94755112223
6990,541224.812825,515500.34484029294
6991,350438.18375,356442.1624668639
6992,390087.6463,451134.1059198661
6993,215005.280625,212971.08571503623
6994,183693.1011,171272.50365359668
6995,442928.3995499999,448768.0414424789
6996,590503.13275,597093.279441315
6997,566528.8078,547018.334674608
6998,480906.5574499999,410752.1544423537
6999,323907.5185499999,343569.40160801396
7000,896958.0258999998,858088.612821027
7001,642873.9922812501,666928.3020647984
7002,677169.6330749999,658630.674431138
7003,452982.10365,476748.3799406548
7004,843010.4176,798436.9586959502
7005,503078.5022000001,424472.8987007698
7006,264676.1796,262632.8170141365
7007,423033.4415,421435.3023405451
7008,210826.25355,213197.1984397043
7009,691966.7978,728386.954250409
7010,444007.3783,473093.28065746976
7011,841332.7543499998,843872.8663131151
7012,676761.1209999999,650365.6275450224
7013,898091.2643999999,898325.6135452585
7014,557370.6197749999,532357.4858193976
7015,286130.94537500007,291943.2532844427
7016,577228.2755,550225.5957746261
7017,736046.5543999999,735341.0910328049
7018,848182.06725,822354.1832934839
7019,662985.5048,627426.6679333368
7020,356474.044175,345776.29124163534
7021,370374.9685,356949.3669559764
7022,256521.22562499996,272835.71066774544
7023,421399.0474,334975.10562572785
7024,611075.3822999999,616823.3909332828
7025,749820.3121,731922.687397824
7026,653412.32085,618665.1572759289
7027,567083.1257,549963.8496002461
7028,202919.47145,206693.81536549365
7029,690087.4345499999,658024.6216877368
7030,358601.36775,366206.34735175705
7031,625220.38103,615093.4203750802
7032,576887.1483,601758.4932721428
7033,216277.55169999995,212953.2123105132
7034,628290.1102,747826.1999209153
7035,641245.6967000001,637752.6885599022
7036,184666.5452,186002.35940338857
7037,640023.67035,629048.3111529127
7038,599162.20655,577548.1525182776
7039,615914.11194,589623.8261227406
7040,532801.5015249999,542929.7218540725
7041,288748.28028,293807.08311753254
7042,175092.39835,138512.26965404252
7043,256591.59189999997,261130.07661529374
7044,271755.045225,284979.0667959791
7045,683860.6345,664178.321935937
7046,598473.6267125,597070.0746948031
7047,531430.9036249999,533610.9815730064
7048,549701.4344,575378.0037449348
7049,223253.7241,235302.085810693
7050,744130.7340500001,730165.9811521311
7051,721200.615075,726249.7680035927
7052,456571.84915,472904.7503916792
7053,868984.3951142858,875861.9608595354
7054,369831.33075,363540.5321661026
7055,618829.6099,579934.4122455035
7056,360843.7433,378511.93576278805
7057,680052.0146999998,696554.3599843341
7058,584163.5519,594994.3198732238
7059,660992.953075,658145.9979199311
7060,432248.906625,440448.35477691184
7061,599593.2606,604154.674435039
7062,528454.0625499999,451509.35315665463
7063,424969.34542500007,407996.8969113708
7064,950090.3971,910477.123018974
7065,199536.43895,205611.40769506517
7066,759605.9626,749195.3601026636
7067,669127.2125499998,662804.3070887624
7068,669807.061,701351.3594813766
7069,483833.049890625,469859.08745101467
7070,296339.93834999995,347670.39448475227
7071,530692.1028499999,514288.3106593099
7072,449399.90590000007,426471.4801100092
7073,361959.19274999993,376741.58336263633
7074,276481.4362,291965.4260025888
7075,497770.80362499994,491799.49982113834
7076,302737.7863999999,308132.6508301578
7077,344417.699875,354603.11161697534
7078,647498.1864250001,619671.5508377643
7079,651297.3750500001,641274.7984610519
7080,377630.20480000007,366691.8949505962
7081,412342.1844,407298.5217225848
7082,333666.07965,405867.8958653549
7083,393556.8406,408398.4842866014
7084,592115.5065281249,608256.0487879611
7085,288101.52144999994,282204.9597011366
7086,926739.6051,924499.1458564647
7087,680803.6392,681988.4957441629
7088,687919.3699500001,686541.9512819584
7089,648710.4719499999,650811.6615401737
7090,239823.86204999997,232916.66153250998
7091,523530.382225,517523.5701705115
7092,625207.75495,648757.4456917248
7093,1021400.217125,1050847.4599697327
7094,1054313.087575,1006207.7104941607
7095,816209.9757999998,832009.6930326618
7096,480828.82175,455920.92368816555
7097,2426938.4554,2447067.411773811
7098,780171.8067818182,756320.1168504247
7099,567676.1061,683589.1340721452
7100,419586.4255,491849.48340313113
7101,299813.01275000005,311739.76862678595
7102,356451.99465,353142.4700142854
7103,483370.8994375001,433255.43502155686
7104,325598.33365,297998.55777455657
7105,465241.1820375,466331.7164373906
7106,361110.4906,362486.78082040325
7107,562315.2720499999,573324.8626099812
7108,1073977.1362,1101161.2347849007
7109,2684730.5064999997,2611240.499281722
7110,599298.1359875,616114.6381286305
7111,555585.1308,563484.8062840612
7112,1200828.32345,1177282.7698557777
7113,407474.12595,402048.5931544303
7114,508278.07305,604247.2926275324
7115,684639.417225,693164.3220531055
7116,576395.94625,596735.4099701965
7117,588076.9825500001,614577.6096952703
7118,194178.7267,215178.02978704835
7119,223965.35420000003,226023.54138856754
7120,472984.3188999999,471607.8869753799
7121,448886.2536,448808.8380938478
7122,594926.2760999999,576549.2410811454
7123,433881.85975000006,448158.2147597603
7124,279540.0225,285935.4321689617
7125,491009.6939,482058.21144015645
7126,746598.6258500001,751919.6995460155
7127,449428.06492,449523.5729633352
7128,457656.42395,446997.37766418385
7129,743839.9971625,740472.1910563016
7130,387576.55427499994,364870.78570501605
7131,453680.0597,435837.9817384565
7132,556065.67904,560275.921149277
7133,210233.3345,208518.02003933507
7134,452162.15195,441726.65747920505
7135,553888.8724,521898.5521035174
7136,650232.9123699999,635534.7439335877
7137,623000.62,630662.4244673043
7138,677294.2879,649865.4904594995
7139,350658.07039999997,330719.60748458764
7140,267133.89324999996,271966.9480269648
7141,301305.27037499996,308095.9689236925
7142,512101.95609642856,514175.60621071246
7143,290808.3018,285778.3043135886
7144,742705.5532214284,739294.7525426709
7145,771316.70965,783002.9538454443
7146,542283.7696749999,624188.8362093095
7147,506185.49775,489578.70162140956
7148,838734.411,855160.904835254
7149,548892.848359091,563938.1433391913
7150,509056.3630149999,482941.77059520513
7151,799083.45125,817632.459181001
7152,506982.997,611977.33992029
7153,738958.8557,738953.456914335
7154,372496.50462500006,381551.98257813713
7155,338866.80840000004,404459.7678345341
7156,406980.2985,419952.77245785407
7157,551157.2274249999,560397.9449918346
7158,1086914.1667,1088089.71289174
7159,343879.51222499995,344853.660703467
7160,597892.643725,604136.6247663144
7161,605571.6603750001,610295.4421498926
7162,601755.6975,619729.2980691312
7163,440995.4424499999,438194.4554021255
7164,686698.390275,672814.9901401496
7165,828752.7153624999,826413.4924843372
7166,313677.92644999997,327015.18035439757
7167,737539.3687999999,762960.7279722565
7168,543922.9463000001,553774.7567230319
7169,618606.1702375001,601833.4596049588
7170,332648.1478,318764.5910818646
7171,702729.48575,710316.4417764957
7172,372508.549675,365406.6114066525
7173,189448.9794,186410.80267697838
7174,801847.0482499999,788079.6241137352
7175,474453.39774999995,451857.83296343696
7176,479058.8008,461052.83939485066
7177,586742.9108499999,580489.4166771728
7178,2536920.813475,2584292.6754620103
7179,608870.50875,632602.0687178518
7180,687128.4121428571,667431.7669502068
7181,2642287.457975,2629585.8506144546
7182,760048.45196,643965.1240758568
7183,342345.08045,328292.9441598421
7184,1036512.4678100002,1049150.6033027747
7185,519496.9357857144,515639.8534354231
7186,600615.48222,605443.9148587072
7187,934642.421075,908967.8498862165
7188,492363.3976999999,491808.883969157
7189,418697.7749749999,406567.74424617225
7190,812261.2517499999,802349.9505838784
7191,571165.87035,589780.2678536914
7192,646627.124225,657360.7262861351
7193,289925.8121,296815.81498157134
7194,404237.968975,401430.29036902287
7195,708332.17525,732093.5969388052
7196,558962.6723999999,544788.1712930171
7197,533113.919375,494643.9853391092
7198,828753.0049767856,851959.6837193901
7199,932253.31827,945160.5314064308
7200,234576.56045,244562.44186666165
7201,536437.7762,555997.6488532652
7202,359246.25260000007,356569.24859519274
7203,587640.3316500001,558110.6563955727
7204,2261447.8670750004,2318701.0281289704
7205,674674.0647499999,653108.3326547046
7206,605528.0591000001,600517.5324968161
7207,398278.7848,348245.6045296281
7208,746877.6293,708602.886304802
7209,664040.160025,638804.2995248407
7210,475376.633075,461532.3404620523
7211,561415.44505,563654.2717611133
7212,845107.4924,831626.8418232864
7213,642594.795325,669290.5164748196
7214,487398.3656875001,484521.5356197261
7215,345526.4605214286,360681.34723112837
7216,555703.53125,549033.836950595
7217,691066.22205,671791.8379799456
7218,364700.19355,362017.62595868227
7219,424974.354485,426488.0963532175
7220,417813.9048500001,388508.7807087078
7221,1462437.1085499998,1387237.6005859326
7222,222601.76104999997,217931.41036876332
7223,430765.5572499999,440808.9362946801
7224,1185942.5586,1191930.24854287
7225,444802.67095,445672.09045314335
7226,1336348.89386,1336711.3271790002
7227,1413016.0552461538,1400313.901536986
7228,912518.717,893803.3963756188
7229,323397.0129,381003.11299687764
7230,325846.06067499996,330976.2850725592
7231,466024.8594,461113.36360138527
7232,748969.3800500002,744950.7240407653
7233,295473.68455,353156.2989301096
7234,650838.17935,575964.0551302193
7235,670606.4021,652798.2238942041
7236,1177175.2448,1189938.7736205307
7237,886837.6659,876097.539847302
7238,426636.40264999995,456014.7924380879
7239,826224.5432,836389.5800479478
7240,790020.7020428572,808743.813562616
7241,431734.502875,446999.3366409575
7242,516084.49746,498455.7387677709
7243,885328.99574,837741.0148638575
7244,582898.4336999999,593555.000630766
7245,609594.342775,609281.380866441
7246,176596.26715000003,180720.35716975725
7247,640846.55154,641405.4317962957
7248,607361.3028375,594481.5347828969
7249,757125.3194785714,729852.4236335235
7250,380489.749125,400409.2576751643
7251,378779.533,414265.4317356495
7252,382118.7505,381744.6389202864
7253,539692.9411999999,547542.4066481192
7254,1042036.0561,1061182.5609487463
7255,393412.56295,388504.901817446
7256,397266.72715,404989.9941343162
7257,691308.9834687499,678110.9824294448
7258,416370.349825,424561.2951897845
7259,372428.89644999994,397404.5867919138
7260,224190.7674,231774.39413372634
7261,781424.5432000001,768772.2196234247
7262,382929.3659,385593.3074103706
7263,810810.9008750002,812776.8050232898
7264,697890.2459999999,696540.9051651766
7265,776275.678,737328.2720178142
7266,632568.0067,620755.8116298367
7267,682954.4879,700528.3739881577
7268,469761.46685,478971.31153014745
7269,582155.0192999999,613998.4952163213
7270,756874.2852000002,768566.6813851882
7271,804830.981125,811752.0466105726
7272,680365.84363125,701836.9718637699
7273,488599.08585,486633.34162761056
7274,892873.1968000002,866309.6337649273
7275,2224404.2206,2256827.2203085143
7276,581020.3042250001,576768.1481064617
7277,940907.7125,929620.6035700893
7278,1076393.1071499998,1120086.6449872088
7279,785711.70494,824007.6182604821
7280,574322.2171,567232.6625262343
7281,778883.801125,790829.6865213077
7282,476290.8402375,420337.3898686801
7283,433253.3655,512492.7681171043
7284,383178.7038,396390.19641674455
7285,613551.88925,617161.060671788
7286,513285.06965,515119.2675634731
7287,370338.6183,359044.1476976481
7288,704287.1223999999,724599.3285549522
7289,393248.4744,468556.7229551601
7290,461546.77134999994,495289.35991417454
7291,281583.9231,268204.9236652907
7292,742484.1049500001,727936.9695213672
7293,1169325.6440727273,1151705.6796690568
7294,610092.695525,598902.2318989676
7295,606755.7317499999,707807.355146359
7296,702369.6406500001,702233.0794013133
7297,691794.3369499999,684827.9992924142
7298,561330.48635,583674.8845012952
7299,580954.1177,580654.2208263682
7300,219112.0553,211856.34243460346
7301,766254.44418,645328.3049399655
7302,827882.6510285714,785706.586603475
7303,597734.2804249999,590329.785344387
7304,441604.09584999987,475977.7394247953
7305,267396.31915,266507.4021873372
7306,621443.49925,615122.7392339674
7307,675397.3114,650943.6629568515
7308,479738.5417999999,493746.1579721256
7309,769253.2653,734009.0187947858
7310,676642.86015,659416.5589920939
7311,521370.3549499999,546857.4466344431
7312,432903.324,428718.36372110975
7313,895030.7621062499,856292.58440127
7314,416177.5976999999,428040.9540844425
7315,1367433.1927,1284444.2488798955
7316,592991.25668125,611443.6041483154
7317,439868.52792499994,452579.99172889156
7318,270882.61295,278148.40106030414
7319,655917.85465,656293.406922929
7320,659878.4742,719415.9067280102
7321,770762.8597124999,811595.9497948916
7322,240535.43449999997,231796.70761027848
7323,846337.6903166667,812720.4404338853
7324,327370.97119999997,334293.4803173366
7325,700647.1662999999,781376.5486130294
7326,269425.84414999996,284395.4877628797
7327,721120.3990999999,747684.3458432802
7328,539745.2060386364,560278.0275818631
7329,1304817.0796166663,1329781.5321263666
7330,633869.0455500002,713209.5058159344
7331,569527.3938750001,561286.3505973677
7332,2414710.1929999995,2315170.730006761
7333,1329681.5345687498,1336719.2594871204
7334,454912.312675,446786.3826967276
7335,1267775.1882,1268005.4808260507
7336,508695.141325,544016.000417876
7337,567986.17755,551540.4567161018
7338,471288.3910750001,454395.44285933126
7339,841484.666475,867782.3260826144
7340,778031.40065,804576.7834597037
7341,560912.17895,559141.5368376877
7342,574898.97538125,620552.762257708
7343,1564015.92716,1410082.3422047116
7344,436940.312025,463853.056850531
7345,638393.5379000001,616489.8303823714
7346,604189.6749115385,614679.1547218261
7347,681275.7726923077,640842.9158159787
7348,710785.163375,586928.584390907
7349,632879.4962375,599694.768738478
7350,744463.27175,759085.3049983431
7351,526228.0642,520317.8055456489
7352,335277.0269,316911.5750295402
7353,155416.08774999998,157594.60962823208
7354,683251.06572,716623.910524936
7355,278687.66355,284369.35894384136
7356,655491.0379499999,632408.8212149087
7357,343986.557425,337287.7081618444
7358,1132754.4129500005,1112313.7332495952
7359,521677.4867499999,625352.4473971109
7360,511676.44359999994,543231.0597124473
7361,330960.7971,339619.71636030736
7362,551104.444025,538682.2279584009
7363,649442.74025,623283.1606972564
7364,409860.8999,405080.15714271175
7365,298899.04654999997,292455.04940047435
7366,621953.403105,599394.959123719
7367,721906.07932,665438.8459371446
7368,949357.736425,905671.8280682766
7369,311467.4753,295648.7352622563
7370,824341.3061333334,818884.0158075416
7371,504569.26969999995,520173.64557748806
7372,351844.108375,358522.6228705754
7373,619571.495575,627896.7215947282
7374,604863.66545,587796.2994887945
7375,553470.0471,562439.9124354502
7376,668520.075925,640614.890159864
7377,527587.74385,509816.0189988827
7378,589135.5573,569468.3013331927
7379,605388.153125,614847.571605782
7380,505400.0592999999,525963.2058131942
7381,891474.7178999998,896117.0639866577
7382,485383.77905,507835.36762189656
7383,1224206.34515,1181912.7544666037
7384,537853.8404999999,537901.0550064918
7385,650550.15065,654290.278282338
7386,782002.8660699999,744305.9147930458
7387,756729.019375,788765.9010052255
7388,420731.0836,403545.0211161197
7389,553420.3932,551440.8522563827
7390,557979.6709475,550851.2814599437
7391,137427.95760000002,142881.47646701706
7392,534814.0375,563420.9889498621
7393,343212.48841874994,359442.8791730509
7394,630104.847975,616977.8152655868
7395,612843.31945,602686.1103122914
7396,548850.7082499999,551595.3402813275
7397,880821.7327,883082.7007845244
7398,548688.6871,561524.7754704594
7399,478945.23975000007,555566.3883851344
7400,392289.4727,392997.302578671
7401,663787.4721375001,653959.9112536198
7402,1018559.6925636363,1030327.2408352457
7403,428985.0842625,456323.03181154473
7404,265853.4584,257256.88376759086
7405,544012.6469749999,584434.3468880693
7406,135244.05000000002,143047.11635680427
7407,563612.0675625,573745.5822682958
7408,792385.9778045454,826505.6724063948
7409,602783.7171,592134.8754325763
7410,654357.2224,646034.7856827339
7411,1046068.68135,1074197.4781774837
7412,598296.0615,562520.8645624507
7413,165108.41830000002,140838.4685093578
7414,627712.060625,633235.3167553268
7415,386904.41245,385680.4953823169
7416,2428859.2144,2324163.362430923
7417,368770.0797125,339382.56435184716
7418,362935.796,348537.9527612128
7419,665036.4591999999,680393.9691078492
7420,269404.5624,262627.3751061004
7421,630250.2969374999,549445.1927750492
7422,858444.138325,844794.7404501135
7423,553975.51515,575140.1479889184
7424,1106244.2037000002,1082958.2487014192
7425,925550.68987,940829.9677176608
7426,693389.8721,681829.7840529907
7427,247352.95514999997,215871.33086520608
7428,541602.4386,518558.6894038796
7429,809064.6619999999,829985.0184402356
7430,418089.23992499994,433693.98465802055
7431,638385.65165,642163.6481322498
7432,787019.9703,800773.9288074245
7433,634519.557,638512.1127922588
7434,2535162.7095999997,2403984.7742268867
7435,218104.63049999997,224507.98918900974
7436,658856.9767499998,650294.347390226
7437,355426.64574999997,372321.5608624222
7438,587224.81915,614887.6282681747
7439,517939.7874,507051.2661545239
7440,526206.0343,545454.7091109703
7441,559355.891525,562882.9458702923
7442,682436.0244,686224.1073911289
7443,427248.767775,487442.518532736
7444,418786.331,415645.1652562894
7445,368564.47395,452895.2361029657
7446,366784.93759999995,425881.97851291153
7447,314202.58434999996,325080.54948825215
7448,632805.2622545455,646568.455941787
7449,798641.3184,797246.4595456335
7450,713294.3953,705806.430731267
7451,502802.682775,609208.9599870418
7452,628788.4792187499,615633.4105670801
7453,582971.8960124999,565669.3673443585
7454,975938.84086875,981410.2706040732
7455,626329.4888,606814.6566200245
7456,546651.1821000001,572047.9388873955
7457,851776.377375,846298.9263218936
7458,756363.7769575,775072.5970293728
7459,598808.845,605435.0961386729
7460,366870.6858999999,360986.2574018134
7461,663748.7790999999,655696.2966770898
7462,391326.42185,313507.9020310097
7463,492794.84845,566989.9775143282
7464,409200.38859999995,412221.434644107
7465,527860.9999285714,533165.6250573689
7466,334804.52019999997,341258.8019907353
7467,290334.75774999993,298207.1403453746
7468,421906.921425,433346.40581515804
7469,678353.6672499999,679945.8750059584
7470,420208.885425,404744.62062326656
7471,919945.627025,914463.490474242
7472,653183.5792500001,642501.9391602203
7473,213099.989,204478.89331681177
7474,1220322.5688410716,1208374.9169850994
7475,524132.3883999999,536301.8370894083
7476,681457.0042,689833.122199004
7477,904045.4862075,884251.0703649141
7478,2633488.11225,2682682.235585673
7479,613920.4755,616982.0262627641
7480,275356.168325,271396.63256680104
7481,436842.841,397738.9447227529
7482,547748.8792999999,584962.3518305622
7483,611448.269409375,625119.8907844453
7484,676229.29985,650439.9998367629
7485,563842.3655,577711.04229371
7486,752600.390625,788533.4660640755
7487,1025820.73805,992010.8950565907
7488,919201.5472428572,884959.1527187905
7489,294540.68684999994,295310.04826934426
7490,2608011.086525,2463872.1971330326
7491,522476.3364624999,545756.4596073092
7492,625893.6140571429,622013.8043539514
7493,723776.0394999998,764926.8920353663
7494,378321.79185,357735.38260709814
7495,344811.3400749999,334142.31357076153
7496,775129.6191749999,772554.0777569596
7497,499078.08165000007,527688.0191313296
7498,473345.62129999994,559857.7776723976
7499,572323.77205,596437.5746418048
7500,513540.3523,540017.2863432576
7501,570219.8107500001,571236.5402794689
7502,368539.1901,365875.4334069953
7503,468031.594,528185.9026948917
7504,468934.0660500001,485965.9739841699
7505,518487.3764100001,524417.5687918582
7506,429538.85077499994,391223.79951191804
7507,258586.20319999996,280671.9798604084
7508,802590.3594999999,838901.8380242547
7509,315676.33175,304392.51303347835
7510,720037.37,710824.4970683581
7511,595063.7671999999,587384.9347992467
7512,615195.25945,604172.9719106272
7513,596048.9127214286,581379.5227226374
7514,299532.48467499996,303820.51723675145
7515,761083.9543174999,743583.028550163
7516,352080.585725,339267.27717871265
7517,582239.2635499999,697429.8617690763
7518,310092.07619999995,298757.3563151869
7519,194010.580875,202529.25961689322
7520,300557.9478,360635.35431514087
7521,813208.8764,836965.4609511475
7522,376828.24895,366555.3161805943
7523,487364.2826499999,539308.5222231424
7524,263170.21005,297476.6802787247
7525,568953.3579999999,565911.5000704094
7526,622037.9445249999,611696.1196800848
7527,313361.22024999995,314976.384052729
7528,508809.420175,546118.1807762638
7529,329894.2753,310898.4161384752
7530,2587016.9191999994,2679269.501599205
7531,851767.005375,845849.1215560129
7532,266600.494425,265155.1150524201
7533,632251.985925,620306.0539271641
7534,346337.95154999994,358688.67144094314
7535,720560.8165,736235.7511615565
7536,751965.4513,724614.7066946477
7537,411467.7748,466888.4446393937
7538,191382.90445,201808.00393496267
7539,905040.7306999998,866039.207054282
7540,887835.37205,897664.4494509151
7541,574566.708775,562144.3390499437
7542,407592.1171250001,407072.3078406862
7543,552274.51875,528602.8285749078
7544,494416.4505,507083.15537431213
7545,580101.7225468749,572508.3230794402
7546,608969.2487,611772.7559673062
7547,382237.66565,378682.8589274406
7548,409188.97805,395464.21078808076
7549,1172691.7980000002,1172908.5474717545
7550,258736.97265,272069.9902521578
7551,498105.2197,500691.13923964
7552,640264.0362982142,627242.1451306386
7553,761176.8209999999,761479.4389725423
7554,711132.4533249999,805090.3635324417
7555,576471.396675,513997.10720456694
7556,709379.831625,716917.4170478346
7557,653865.26755,659421.3922850544
7558,597410.1630000001,577701.7224613436
7559,507253.1152374999,528372.8670941439
7560,288766.90884999995,302679.57567313185
7561,318845.8017,300376.024687614
7562,369751.1591,347922.40983541904
7563,1434642.1358499995,1387124.7740895338
7564,513833.62945,521472.2131098722
7565,836035.54412,788779.3434883615
7566,869649.2205857143,856683.3730382969
7567,785021.5470999999,767382.2892475541
7568,632207.268105,633323.4221021043
7569,600159.4032999999,611408.8523145529
7570,507029.668375,532490.5904364395
7571,679694.4599249999,706387.7973669213
7572,715889.920625,720443.6898873658
7573,453580.87485,459563.42387913493
7574,286375.629125,291226.1024144632
7575,1449654.1688071429,1453325.2728535756
7576,208906.48074999996,212984.4705080053
7577,352650.45185000007,350352.656388121
7578,327905.72135,330942.1753638919
7579,507829.3859,508454.737149192
7580,671507.24195,687268.6681442377
7581,196931.88630000004,172499.8859723739
7582,812875.2890571429,817918.6255121541
7583,820882.3300000001,784654.033126738
7584,1038471.34845,981041.9497608324
7585,329889.60205,399830.72298443137
7586,838804.6293,830528.133024012
7587,619234.9365500001,614356.5362767664
7588,717606.3584,678390.8568914537
7589,732670.532775,701097.2679068962
7590,614406.7341,578966.6075066575
7591,436824.6151,439081.9026265059
7592,303648.81149999995,302338.12616445264
7593,421002.2615,397092.81869978196
7594,531970.3793749999,656076.1666787001
7595,661010.7704,648552.9744191704
7596,830911.7497999999,837525.5636650844
7597,550607.863925,567333.355334872
7598,1084904.82995,1060056.522396819
7599,525397.5199,530149.9627370737
7600,765421.5759499999,732565.1488813708
7601,541628.41605,556390.9725800949
7602,565333.3685999999,571110.0446596954
7603,686080.02735,677114.8573574502
7604,305071.42225,296284.37295844074
7605,659108.818975,544509.2319571972
7606,837128.1145062499,827059.3670665312
7607,120050.9929,130696.93982790044
7608,611513.7643500001,682358.6098937095
7609,618552.186409091,638076.3343430604
7610,810504.5887500001,819639.6461026733
7611,504699.93804999994,522186.3869876074
7612,611675.2319999998,625635.968433108
7613,244273.26500000004,256798.0017540847
7614,529731.6041499999,566387.5236678893
7615,436810.98169999995,441478.5646003545
7616,374295.1464,381818.6634948981
7617,489650.44645,455617.91773656395
7618,2481317.7185289473,2420899.3596278904
7619,601739.6481499999,626066.9900126476
7620,513140.6109375,536425.9228322586
7621,636117.251425,605061.5051626745
7622,326279.87132499996,352283.45752871316
7623,631599.23045,627263.0203855068
7624,605132.066825,580159.8775975005
7625,436884.14422499994,436446.2453608485
7626,2706611.5313999997,2613918.7352906335
7627,779230.432775,750172.8245192866
7628,452131.9992,430176.3621404298
7629,600983.4010999999,595634.4076740436
7630,829712.9496999999,822419.4339388612
7631,377984.59079999995,343459.0262657525
7632,427908.4731,419067.7834423046
7633,311202.947575,309521.7935555757
7634,804774.744575,791920.7699965504
7635,210922.63137499997,229165.09678695677
7636,593567.6473,594770.577166659
7637,691907.78445,727050.4020215821
7638,888898.7855363636,871259.3381787933
7639,202046.887,204955.36962594462
7640,379560.5779,457771.84919593827
7641,737503.4104999999,733063.2571940648
7642,547747.035225,532451.6826037684
7643,556430.359525,567173.0904328323
7644,137219.138875,158835.8873126533
7645,736824.719325,728169.1035880481
7646,2251613.2616000003,2255608.4717622963
7647,555516.3117,557115.4891465903
7648,357627.6600999999,340022.80859807634
7649,428236.10195,395924.9704191269
7650,746173.80525,745909.3289542506
7651,493757.8297,496919.17045255523
7652,443470.19275,461492.8770137831
7653,383727.05760000006,388587.6119513199
7654,618371.173625,596271.3505787008
7655,834668.11179,803661.7764579137
7656,764956.347925,754922.8137700494
7657,386545.74765,378266.42440975615
7658,2446108.2042,2552296.2111724857
7659,379983.39329999994,379064.83380653424
7660,403390.5652,404763.3008820922
7661,302673.76635,308757.16039332276
7662,559454.5490464286,529006.7041996926
7663,286604.99679999996,298760.0643648028
7664,502477.90065,517224.2146619956
7665,791899.4596571428,798747.7413080888
7666,784940.0236999999,760940.2449604913
7667,614922.9419999999,612002.2744791786
7668,256274.81184999997,269507.97144747316
7669,537670.9362499999,571345.1510299742
7670,783494.3768499999,804924.8061882014
7671,302360.3389,296189.59243166615
7672,711811.4881375,723835.6566724757
7673,789597.9970400002,666563.8085236176
7674,661718.9944,635324.0090486591
7675,522904.330975,625541.7704005134
7676,572727.9088,547063.0278399852
7677,379221.45605,389898.2009634955
7678,170944.19565,142017.15278595063
7679,365908.4752,364394.0097207373
7680,356479.9938,297077.0903123918
7681,946803.0324499998,946246.7949246517
7682,2481773.4068500004,2484485.7557999813
7683,444581.6758999999,466550.38371329126
7684,805774.6787,784622.8517545707
7685,325829.97474999994,336037.1924569454
7686,662920.9495999999,673799.4794984802
7687,452235.24015,389621.4616854198
7688,292819.8413,307268.77633678674
7689,846029.2501076923,873011.2487630632
7690,411623.77024999994,398829.4102919096
7691,2473559.49795,2405579.842005003
7692,426300.1711499999,513303.7824049941
7693,588777.1450499999,610135.8430986953
7694,622331.6984499999,615705.0637509811
7695,467156.647,475641.94715790404
7696,575961.106275,579120.1147841522
7697,919430.0755,910304.8690402596
7698,2412213.7674499997,2371321.711319015
7699,605148.3407999999,586884.0329997555
7700,468984.83469999995,466078.8809682663
7701,995446.3109499998,1034097.0018554298
7702,1153609.7085714284,1108295.1761259616
7703,908000.5376,943750.1789332263
7704,539424.83266,562032.7288450843
7705,704636.52065,735592.6012524953
7706,207286.2232,210263.04108808568
7707,306525.83109999995,296476.9215855069
7708,483356.0803,485950.6953101568
7709,874919.56464,910160.689803386
7710,489607.50552000006,509989.82108275377
7711,591954.1771249999,579680.0551479014
7712,485802.327,459970.0903187534
7713,700227.0450666666,722674.5960877747
7714,598890.9745874999,612661.8656020134
7715,2395203.0417000004,2298502.444068512
7716,412777.42087500007,411540.394104621
7717,608247.5031125001,597395.0581430205
7718,549453.5963428571,574341.2930082426
7719,635148.9590178572,636361.4746495666
7720,251166.4031999999,260478.3120715102
7721,470421.0483,478487.49998119957
7722,636815.38245,633236.3315066763
7723,1103504.3586499998,1090761.7196635287
7724,518327.63025,507374.3881454286
7725,727239.5339285714,723627.6786209736
7726,631194.8426,604803.6883040819
7727,775667.3643333333,750027.5481937573
7728,221192.29262499997,218644.0341218993
7729,425944.71355,452310.2428565842
7730,583958.86289,571483.4240810658
7731,627037.2244500001,620963.5302033275
7732,236196.3869,246051.60043539287
7733,363552.3844,371517.19323039794
7734,814101.9434999999,784715.4973189671
7735,518940.10385,541541.3238791754
7736,763811.734792857,784104.5108572055
7737,1024464.05245,998805.6518683272
7738,555391.7642,557977.4045625421
7739,552336.8111999999,531535.195235976
7740,1053269.60494375,1118786.4681146548
7741,461706.4546499999,471505.2261846531
7742,544243.3618999999,640249.4540846028
7743,459660.7832,395333.86446885177
7744,481148.66805,493762.617147208
7745,745342.42096,678651.3985414912
7746,882768.9018333334,862196.6151258943
7747,617478.6855,626311.108911497
7748,413602.009925,429401.27684775135
7749,713807.7847999999,683739.0826437484
7750,465022.74889999995,458543.1748525695
7751,1008802.7468,981785.0962128332
7752,718325.6514500001,758529.4401348964
7753,502936.9659999999,581399.3240162366
7754,874432.8431999999,849677.4324772776
7755,583259.7427500001,538284.8003696658
7756,615553.71125,622568.1915467137
7757,628075.774125,616409.752152177
7758,1122382.6449,1147915.0080619457
7759,616773.65855,613408.3323507092
7760,333889.67309999996,325293.3544966574
7761,897338.9392499998,870111.8616005937
7762,266830.7633749999,284043.8096766843
7763,564198.2265875,577497.1506712624
7764,778161.8759,778835.3699555336
7765,665233.02165,668115.1244516941
7766,489129.97069999995,477177.74406625686
7767,292835.4780625,285928.4505024035
7768,423435.9332,422834.192837869
7769,531288.8583000001,601798.5569295608
7770,447002.116,457232.0814957104
7771,513909.716625,531169.0562520509
7772,344793.81715,344852.09598402557
7773,307365.03300000005,310066.5241860797
7774,908215.09285,905753.1879769303
7775,250014.342025,254282.98686834157
7776,413369.6024,397738.9447227529
7777,312165.9388,372680.25833251426
7778,275232.6679,272590.66665319295
7779,349835.53400000004,290821.8918437863
7780,218458.3526,210104.6261316326
7781,562560.5236499999,557174.7332921482
7782,698698.6524500002,676698.1131588437
7783,613649.0219999999,734345.9796927485
7784,661323.3129499999,651314.3188108878
7785,665667.3237711538,642927.2625674369
7786,327163.560875,360661.8916819978
7787,553294.8226500001,552044.2999432602
7788,615932.702825,609312.7451700496
7789,712886.7049499999,705010.9076218945
7790,882907.0326285715,871014.9447576214
7791,309801.68220000004,319906.32082932914
7792,283994.7292,284036.32190960285
7793,432138.908,414489.75800229283
7794,588808.4825249999,576955.245750362
7795,263999.9414,249762.51723755346
7796,564541.803575,600297.942129269
7797,316838.77047499997,316145.4055737386
7798,631913.4761499999,610532.7347141879
7799,601644.5349772729,584266.8106003293
7800,353182.2987,356807.245612988
7801,578271.21795,579196.2620729744
7802,511811.50783,505901.6868751105
7803,356893.19345,318560.87125896383
7804,557019.9403,566163.7926662487
7805,639172.23328,724856.5904794357
7806,206791.03015,213938.47339310462
7807,1247741.9185,1177378.7635128156
7808,900409.7658500001,890456.7692848155
7809,588106.02025,602768.8434259102
7810,504480.2765999999,519238.8091456557
7811,355011.3729,426163.64603884314
7812,661864.8029,682009.1053597728
7813,503961.31729999994,481683.28482604475
7814,405011.5670375,412022.2743687896
7815,311391.96494999994,359094.35311570467
7816,545692.47395,523980.3997629235
7817,732138.835259375,719414.2438724956
7818,240453.9689,234520.67171248663
7819,891172.6179,881296.0452870834
