y_true,y_pred
1308572.6141249998,1040141.9246194237
1308572.6141249998,1071153.6928826107
616447.4852461539,778031.8268354348
616447.4852461539,751333.3154534829
616447.4852461539,1102173.9481296046
616447.4852461539,1199178.9108539666
616447.4852461539,1198960.1155236624
616447.4852461539,1099284.4833705088
616447.4852461539,1102358.8265941124
616447.4852461539,1102682.2647472657
616447.4852461539,736265.9340990626
616447.4852461539,736694.2470973171
616447.4852461539,712652.582212182
616447.4852461539,735664.4233022176
616447.4852461539,713682.4060072815
526454.5516,771237.1296662557
526454.5516,652272.19968249
526454.5516,565693.0604344525
526454.5516,597879.9926044996
523064.843775,656583.9160826275
523064.843775,909598.4604695996
531280.8148500001,727367.6235387138
531280.8148500001,599423.7736576209
619471.42979,783270.0674397856
619471.42979,716964.4716179749
619471.42979,717475.4898777299
619471.42979,807410.6483169103
619471.42979,717571.3057010304
474903.254575,530024.9584762894
474903.254575,530243.7538065937
474903.254575,437410.7131835652
474903.254575,506488.5227979657
509804.81525,549440.1474172887
509804.81525,428506.68390224467
509804.81525,558923.343204137
765082.86291,893479.2892303318
765082.86291,1052010.7987749756
765082.86291,904905.57631058
765082.86291,1050835.7871919647
765082.86291,1117249.6050435503
382040.31000000006,457323.0276746396
382040.31000000006,453304.2921374439
583078.4212499999,663263.5929406409
1129433.3427,1089399.285181406
1129433.3427,1117152.6152409383
298042.8848,199017.2731180542
298042.8848,346789.51358648215
206951.4019,175555.8676083077
206951.4019,178682.39519122528
206951.4019,204589.74726791948
409176.57,524819.0413273234
409176.57,526544.806591271
409176.57,423076.5844764976
409176.57,633453.2250989149
456839.93533750006,482097.4157084058
456839.93533750006,591997.9245850067
456839.93533750006,407887.52526676026
456839.93533750006,412195.8678582057
359154.0111499999,291715.38928186917
541893.435075,599023.3184262742
541893.435075,663621.6915387611
634151.895,737303.7088920367
634151.895,1167356.3868918726
634151.895,1072005.2517385487
634151.895,1171040.5037298738
634151.895,741405.6728333207
634151.895,758316.7725504345
634151.895,701836.946158886
634151.895,1029745.1645774457
634151.895,701836.946158886
634151.895,687931.7323499074
634151.895,715443.6606641309
634151.895,731051.4274830472
545971.6334249999,883469.4441775708
545971.6334249999,691140.3177819541
705205.7221999998,1092304.3096328329
705205.7221999998,652250.3651249044
520558.027675,718260.8089790617
520558.027675,788528.0488830855
310714.38769999996,336281.16179508745
310714.38769999996,321673.7347339051
310714.38769999996,384820.933507462
319021.60755,362325.75412198633
319021.60755,276288.4514386518
211859.10984999995,136415.3668246863
406336.407525,634029.0529675798
406336.407525,723727.6840320553
773163.6871699999,1037504.6537247512
773163.6871699999,887822.769269579
773163.6871699999,843689.5007585544
773163.6871699999,898400.4099718003
773163.6871699999,1021098.2138185716
504076.5344999999,669607.1281047217
504076.5344999999,584932.6609565378
504076.5344999999,606924.65699986
504076.5344999999,543544.3156663859
649177.29085,737622.949806555
649177.29085,698095.7306877694
649177.29085,826686.8585956426
649177.29085,814022.0597404834
649177.29085,814022.0597404834
247102.25100000005,218726.25373057777
247102.25100000005,221698.80369341967
247102.25100000005,256912.00630202668
755502.3263374999,730482.7683466034
755502.3263374999,1155444.467872899
755502.3263374999,1158480.7449798845
755502.3263374999,739932.2308776798
755502.3263374999,736537.0239025224
755502.3263374999,1144751.7436859848
755502.3263374999,1112847.6425181702
755502.3263374999,695893.3807782349
755502.3263374999,702872.8699345199
755502.3263374999,695022.6626558875
755502.3263374999,697603.2961775915
755502.3263374999,715629.711544386
694461.3599825,693148.8488223162
694461.3599825,688408.7006975231
694461.3599825,689672.3448103929
694461.3599825,1120607.8745293492
694461.3599825,688408.7006975231
694461.3599825,1117517.0151742434
694461.3599825,641414.6299217616
694461.3599825,647865.0097768486
694461.3599825,648493.9549147992
694461.3599825,639704.714522405
618016.6634788461,1100863.7702286812
618016.6634788461,751846.583310979
618016.6634788461,753543.1830481967
618016.6634788461,790210.775646655
618016.6634788461,1102760.1690148066
618016.6634788461,792605.6327251223
618016.6634788461,775607.716239838
618016.6634788461,1100644.974898377
618016.6634788461,750896.2022004263
618016.6634788461,1064238.2113725126
618016.6634788461,729689.7710100093
618016.6634788461,1062689.2724941163
618016.6634788461,738656.7571821247
210328.93925,182868.58893600706
210328.93925,333397.9576223732
359183.34375000006,508070.97160997184
359183.34375000006,381013.85888993525
359183.34375000006,381013.85888993525
359183.34375000006,503338.96864554426
689117.39475,760334.2762736504
689117.39475,800584.1997446585
689117.39475,898358.4279172466
546139.69445,987112.8745792496
546139.69445,1065658.30753103
908143.7746428573,919062.505163353
908143.7746428573,1262879.4171940186
908143.7746428573,922431.1722580737
908143.7746428573,1254537.62865606
908143.7746428573,890077.2463509946
908143.7746428573,885832.5072253332
908143.7746428573,896646.5966772309
313614.70930000005,276535.47284458176
313614.70930000005,280802.16614275926
313614.70930000005,235670.08243921213
291533.09285,294815.14032070915
291533.09285,297727.3338157513
291533.09285,297398.6404860479
552345.1300295455,677407.6925597804
552345.1300295455,667990.6417318186
552345.1300295455,659021.2188153301
552345.1300295455,659229.915211727
552345.1300295455,990329.5685129968
552345.1300295455,994039.483875042
552345.1300295455,954283.8373237988
552345.1300295455,980143.0243677448
552345.1300295455,954283.8373237988
552345.1300295455,955873.4507088743
552345.1300295455,619098.5100762374
430714.313125,434967.8436228422
430714.313125,529026.2826220515
430714.313125,426936.3431009669
430714.313125,427870.29693157674
430714.313125,527887.1931836051
430714.313125,423830.9159499578
430714.313125,400109.37151956453
732366.1211500001,613308.150885024
732366.1211500001,1080048.6403622222
612060.55515,554154.6465249851
612060.55515,588707.182678536
933935.837725,980648.3328730819
933935.837725,982152.0144861417
933935.837725,1002784.3903369836
933935.837725,964218.280619978
933935.837725,981373.8179123644
933935.837725,938719.7265563468
933935.837725,1323927.0784581488
933935.837725,1009278.126605195
560564.400425,673633.0903742325
560564.400425,1016873.7205326061
666295.2687545455,784046.9991110683
666295.2687545455,1208509.8253787428
666295.2687545455,800523.2137589293
666295.2687545455,785428.4087803261
666295.2687545455,1208509.8253787428
666295.2687545455,771595.9306325935
666295.2687545455,1111759.5595839494
666295.2687545455,1070904.3809529378
666295.2687545455,724084.8804072433
666295.2687545455,1096060.2413381576
666295.2687545455,780965.5085033297
1379520.1148500002,1623306.0886220746
1379520.1148500002,1212517.0096024852
425143.61821250006,479790.79122827284
425143.61821250006,424230.7690667207
425143.61821250006,570303.9944680539
425143.61821250006,589990.8158516175
1140741.5315,1018203.7906593967
1140741.5315,1022394.6320636093
559074.09008,598084.8150480527
559074.09008,601815.0563354644
559074.09008,683010.8761654577
559074.09008,680352.9480938817
559074.09008,655476.9514218003
614978.4657500001,562350.1279259778
614978.4657500001,616975.9286839768
533513.7479,659436.7866277212
533513.7479,776466.3322439236
456293.986255,444455.5159477858
456293.986255,526627.2387270082
456293.986255,442753.4360503326
456293.986255,436552.13300497393
456293.986255,444048.719452365
391361.6804999999,343825.42215152
391361.6804999999,381296.0609198024
391361.6804999999,350406.01033225964
342063.22429999994,263684.0734548674
342063.22429999994,353142.6395291959
342063.22429999994,292170.8420217745
617370.7261,1070121.2307148825
617370.7261,1066384.5228947792
617370.7261,746705.1074281174
781993.3533999999,677032.4772245476
781993.3533999999,677543.4954843026
781993.3533999999,775347.2633928044
781993.3533999999,678598.7653583132
781993.3533999999,730049.2230663962
855780.7550857143,995037.9404742563
855780.7550857143,998504.1771850458
855780.7550857143,993108.4159917063
855780.7550857143,934493.0867066607
855780.7550857143,1176631.0983092235
855780.7550857143,983397.7348122828
855780.7550857143,906697.5841261455
758392.403325,687104.4773166826
758392.403325,682274.619318706
581976.5952,1061850.4907632922
581976.5952,739945.2748586977
581976.5952,714106.8355363179
581976.5952,1065933.7015078801
581976.5952,1062069.2860935964
581976.5952,715370.4796491879
581976.5952,738378.9867249321
581976.5952,1064924.8339868959
581976.5952,738707.7216986101
678260.7776249999,746437.242509765
678260.7776249999,1072764.2135112304
667018.7695499999,588634.6856772183
667018.7695499999,580272.6672276242
911319.7874,941465.0191230138
676955.8558000001,781530.678245034
676955.8558000001,829825.1977708722
648940.5222299999,693267.7969528504
648940.5222299999,693267.7969528504
648940.5222299999,823741.1368721244
648940.5222299999,823741.1368721244
648940.5222299999,810079.0788434879
880092.1386,1189760.4805068746
880092.1386,1208714.2802629326
571067.6203749999,778542.2672215211
571067.6203749999,746066.0666338018
279533.26185,332898.90212431044
279533.26185,240916.97608994623
408585.419375,596191.9103537501
408585.419375,646126.2754705914
479558.1389000001,604730.2112043031
479558.1389000001,494829.70232770225
479558.1389000001,575897.6540111029
479558.1389000001,486715.8181270301
480154.48259999993,615528.6099037633
480154.48259999993,605026.2548522737
480154.48259999993,529983.458408313
495849.8783875,491593.96912461636
495849.8783875,458535.61735102924
495849.8783875,462280.56978484814
495849.8783875,563819.0035695535
495849.8783875,487825.09437425615
495849.8783875,475904.23196072073
269424.1169,329895.512247402
269424.1169,228904.086286421
570183.5173076923,642436.0207792904
570183.5173076923,657693.3390807094
570183.5173076923,977320.2906215253
570183.5173076923,979511.6151287565
570183.5173076923,643379.9946633931
570183.5173076923,658204.3573404644
570183.5173076923,977320.2906215253
570183.5173076923,657693.3390807094
570183.5173076923,965154.1983314934
570183.5173076923,939372.1897452141
570183.5173076923,939372.1897452141
570183.5173076923,939372.1897452141
570183.5173076923,645087.4319326412
548071.9634499999,627548.3129031279
548071.9634499999,680957.220750325
548071.9634499999,542490.2523314507
548071.9634499999,664311.9502920611
548071.9634499999,564801.4851493327
548071.9634499999,533946.343359984
491262.3649,908851.4730666184
491262.3649,982133.2198337197
879325.621794643,1151743.5620427313
879325.621794643,1156689.2991921222
879325.621794643,1156653.5531741502
879325.621794643,733951.7336420576
879325.621794643,728043.4341660509
879325.621794643,1159725.5762991076
879325.621794643,728327.60677468
879325.621794643,693673.5795096018
879325.621794643,702463.429615342
879325.621794643,691850.1002640584
879325.621794643,703083.0097581116
879325.621794643,703144.3457201554
879325.621794643,1107872.2883413704
879325.621794643,732611.4261003969
552074.8833999999,907970.1969243193
552074.8833999999,969198.5050486019
552074.8833999999,611327.6171927596
663761.8115,725668.2466575368
663761.8115,724101.9585237711
663761.8115,855756.6979399894
663761.8115,855290.5051951625
663761.8115,719437.9094251288
663761.8115,753261.9513578827
663761.8115,766656.0172634146
310743.015725,341160.22456329735
310743.015725,336288.3711590783
310743.015725,265750.7245545475
310743.015725,259104.37864264095
246589.13687500003,206014.75479775103
246589.13687500003,277374.2014950204
246589.13687500003,248650.64174621133
246589.13687500003,228852.87216518575
806290.59917,798124.7844401284
806290.59917,824182.0376930641
806290.59917,914704.4957461114
806290.59917,798635.8026998834
806290.59917,829358.290624388
377697.09285,377701.367156995
306184.485475,275267.69000905845
306184.485475,328726.9851834493
165837.92939999996,247765.18442979007
165837.92939999996,132373.2980330045
165837.92939999996,174497.50300156447
2514910.2762,2441034.820272603
2514910.2762,2517622.451490084
420476.557575,530613.7540999837
420476.557575,684895.6236353448
384611.4309375,400052.54624306166
384611.4309375,374153.95997703995
384611.4309375,404594.2079025438
384611.4309375,400906.54592161195
384611.4309375,484314.35025367956
384611.4309375,468936.98742942314
528260.29355,978653.5594585447
528260.29355,1088012.5435771302
167346.89449999997,237989.53047974396
167346.89449999997,206255.86121122044
1235963.3314,1622555.1217220426
1235963.3314,1196918.8263986553
657417.3061500001,1046269.9232590592
657417.3061500001,684062.334743671
657417.3061500001,1043434.1975544088
657417.3061500001,688258.9336824554
657417.3061500001,690977.7542595477
657417.3061500001,1091755.3945895734
810956.7611357142,1220186.6520257094
810956.7611357142,1220186.6520257094
810956.7611357142,1103068.2417013266
810956.7611357142,829458.6534258069
810956.7611357142,828415.0042905065
810956.7611357142,843275.4955539899
810956.7611357142,1048577.5188841466
223939.69145,144891.85409241944
606041.0411,675177.315405433
606041.0411,651455.0963170528
769558.1231,1090282.585372936
769558.1231,1090872.4976522229
769558.1231,1090872.4976522229
769558.1231,1093944.5207771803
769558.1231,673470.960639675
769558.1231,672549.4886257601
467500.83885,398108.14959125366
467500.83885,604142.2398412788
548652.4010000001,754773.3003360437
548652.4010000001,602754.9853789612
468866.38914999994,440280.65176007093
468866.38914999994,378028.5286864313
451673.21455,573949.2781124125
451673.21455,551011.4248277873
451673.21455,642164.0055577367
742722.96035,1081879.382625201
742722.96035,807772.8258646467
742722.96035,809028.6553089139
742722.96035,794674.3593959287
742722.96035,806676.778423273
742722.96035,1083427.4349989193
742722.96035,777187.9118491414
702831.18997,1016929.6618659076
702831.18997,818321.8101062273
702831.18997,818981.0992353675
702831.18997,1016929.6618659076
702831.18997,744686.2060357464
647925.17195,755729.0658091409
647925.17195,753389.2141166548
647925.17195,748539.2771508408
647925.17195,753389.2141166548
647925.17195,754205.8664717122
647925.17195,755729.0658091409
647925.17195,707847.8019657679
647925.17195,715395.0353599214
647925.17195,707847.8019657679
647925.17195,1171686.5193376574
483034.7959125,617928.5314247545
483034.7959125,517846.89755247557
483034.7959125,519223.3287301643
483034.7959125,547968.8697144503
483034.7959125,547968.8697144503
483034.7959125,517045.2519777282
526904.70465,569919.1794473837
526904.70465,972158.4671854591
305997.51275,340764.09186636383
305997.51275,280191.49727103
305997.51275,233617.1834840529
509838.6425,475879.4969241801
528030.11785,744035.2991212563
528030.11785,668957.6761377837
528030.11785,672210.0791916604
528030.11785,668622.8417047836
410467.9351,347417.01907479
410467.9351,399022.18839041964
410467.9351,298835.17361861817
382050.55905,401274.77869043336
382050.55905,401274.77869043336
382050.55905,442723.7393716876
382050.55905,446565.8831399017
554289.064,718549.9140272466
554289.064,807517.4911785917
360155.59864999994,320536.8928800666
360155.59864999994,320536.8928800666
360155.59864999994,274018.7227376479
488229.4219,481952.67398585833
643680.0221846154,1101584.3333838487
643680.0221846154,1101504.2214800352
643680.0221846154,775436.2614736249
643680.0221846154,773869.9733398593
643680.0221846154,762932.5515941532
643680.0221846154,774380.9915996143
643680.0221846154,1101702.0989402367
643680.0221846154,749900.1440146031
643680.0221846154,735192.5741128498
643680.0221846154,1060856.93177688
643680.0221846154,712180.7330228142
643680.0221846154,713210.5568179135
643680.0221846154,1141000.8185090674
632591.29505,1056567.862414851
632591.29505,719972.040765092
349356.99635000003,294692.79502756894
349356.99635000003,406135.7392268801
382807.7502999999,300461.5811079318
382807.7502999999,312133.97478425666
373456.5654,282927.14637256315
373456.5654,282836.2980450845
373456.5654,283752.9821723666
900370.6259749999,873480.7926748332
900370.6259749999,1310358.5575531647
278502.91349999997,296840.01550596324
278502.91349999997,336426.0489614329
634832.3776,763643.0889516844
634832.3776,722094.569753602
634832.3776,777467.1892357329
634832.3776,879316.8615720315
634832.3776,912737.7245438114
634832.3776,778980.8500458285
564751.5032,554052.877820202
564751.5032,500906.04298352584
811477.0619999999,1071771.9184669147
698948.8566,1120346.6763443633
698948.8566,680983.7757485195
700926.3893,739851.978645879
700926.3893,1163192.1309424262
700926.3893,741179.6492606914
700926.3893,1160356.4052377758
700926.3893,1160356.4052377758
700926.3893,739851.978645879
700926.3893,685391.1936307773
700926.3893,683381.950558553
700926.3893,675438.8674149943
700926.3893,726451.2376311009
280393.85932499997,275953.7170047331
280393.85932499997,246810.2573684355
337506.88089999993,562530.2455409874
337506.88089999993,377203.3847705479
337506.88089999993,533692.8874066856
620792.7564500001,692611.0707284109
620792.7564500001,961941.7983508133
270435.14294999995,251808.82726389857
270435.14294999995,397719.5043815196
925753.9795,906967.8788481334
925753.9795,888624.0599319537
746636.15127,639718.706142744
746636.15127,669306.046466842
746636.15127,638376.5591322968
746636.15127,639718.706142744
746636.15127,727590.1561471432
827827.4546214286,982052.2664923267
827827.4546214286,1188797.1273648913
827827.4546214286,922841.1682563585
827827.4546214286,1208541.7517535654
827827.4546214286,915782.0906652507
827827.4546214286,1199953.6500660449
827827.4546214286,1199272.7339612315
554397.4492,658011.5080456686
554397.4492,658011.5080456686
554397.4492,652919.2380438305
554397.4492,930830.408655816
554397.4492,901429.4582338792
603782.9740499998,556998.5538506934
603782.9740499998,512413.83183217765
603782.9740499998,503122.07456407323
515126.72134999995,593741.7901562
515126.72134999995,622794.1828053392
690071.1366999999,647590.381384545
690071.1366999999,649707.5606945329
347722.62480000005,417951.6403415374
347722.62480000005,397521.50986938516
446754.438925,611495.5837383294
446754.438925,524233.086276312
931281.8501,947450.0988312766
931281.8501,931703.3596198452
931281.8501,950937.6614517866
931281.8501,1378868.5118944785
931281.8501,1379389.0486675827
931281.8501,948006.3816223531
931281.8501,1382545.596608703
931281.8501,1383093.685329233
931281.8501,1356480.6684442281
931281.8501,1356480.6684442281
931281.8501,1356480.6684442281
931281.8501,902082.1710862925
931281.8501,899398.9108022228
931281.8501,1356480.6684442281
931281.8501,924069.2012636256
203651.3479,257201.37846727401
203651.3479,247063.63357028802
522175.45689999993,455635.31725830585
590543.4293625,736172.0545839755
590543.4293625,680374.0830123842
590543.4293625,726828.1054823195
590543.4293625,793678.3838603174
1186179.3133,1415950.716795317
1186179.3133,1014827.2298236294
783474.3189,865378.9878871042
783474.3189,879393.590554365
389074.4243,477481.63124360726
389074.4243,340395.4041178548
808869.1699562501,1146425.1068200655
808869.1699562501,747178.3307194212
808869.1699562501,733326.4932900502
808869.1699562501,722020.8172881858
808869.1699562501,1143388.82971308
808869.1699562501,1079376.7046194975
808869.1699562501,1079376.7046194975
808869.1699562501,1129461.7506331943
529557.9038714286,665572.2369518863
529557.9038714286,980709.4907532432
529557.9038714286,682321.120314212
529557.9038714286,980490.695422939
529557.9038714286,980490.695422939
529557.9038714286,684204.9591329243
529557.9038714286,700722.4005194472
576218.7807599999,648618.5329611592
576218.7807599999,674976.7394748973
576218.7807599999,648618.5329611592
576218.7807599999,648107.5147014043
576218.7807599999,1017095.7630840885
614008.59925,709138.4984580113
614008.59925,723028.1118773554
614008.59925,1050095.06834567
614008.59925,725603.2675321052
614008.59925,1050095.06834567
614008.59925,1054178.2790902578
614008.59925,1050313.863675974
614008.59925,723539.1301371102
614008.59925,689324.8507170256
2859681.221975,2611165.2384293084
2859681.221975,3136209.2310885936
454729.209675,407565.6463685223
454729.209675,412686.03677152534
1028836.1677,1262755.2000049883
566642.663475,677693.1644497226
566642.663475,1118604.3763755267
299922.14284999995,426210.47497784323
299922.14284999995,301724.5134751333
299922.14284999995,342748.9153036837
357503.58450000006,321889.9755224781
357503.58450000006,359428.13972151646
357503.58450000006,368557.4631291454
444468.1582999999,420702.5012203088
444468.1582999999,408647.08370622905
233295.5958,287595.7049624287
233295.5958,281103.3012535422
233295.5958,164527.7444784888
459324.37485,619631.9398768205
459324.37485,504734.8467497956
459324.37485,658825.2638385457
459324.37485,528349.0615096636
459324.37485,633101.2391213215
269320.86579999997,190277.29108729842
269320.86579999997,322677.5533092203
414059.41734999995,347861.06149647734
414059.41734999995,405649.782930278
364340.33062499994,350323.8706855745
364340.33062499994,354610.2544664246
364340.33062499994,403099.46094621497
364340.33062499994,345725.86992226995
364340.33062499994,364777.0313988299
364340.33062499994,335607.32193701656
654180.5851499999,1013630.7218442286
654180.5851499999,720590.3864061043
654180.5851499999,738099.8165716431
770427.2929199999,789346.8571111853
770427.2929199999,800558.7436265552
770427.2929199999,800777.5389568594
770427.2929199999,789565.6524414895
770427.2929199999,681460.077855029
209244.69524999996,270518.1357640478
209244.69524999996,167612.856650242
209244.69524999996,250687.85464785952
687930.9080875,831314.1366793124
687930.9080875,969844.6138973129
687930.9080875,972616.3131000209
687930.9080875,835695.4685854026
687930.9080875,838036.5866094243
687930.9080875,942809.488953419
687930.9080875,817501.7802092948
687930.9080875,770712.9773957491
341215.12020000006,310734.5763850746
341215.12020000006,350131.7682588982
490785.21407999995,554626.1663356271
490785.21407999995,557179.070208031
490785.21407999995,480364.97676353285
490785.21407999995,554626.1663356271
490785.21407999995,470195.10916020814
583952.9546749999,503964.39215278975
583952.9546749999,590240.5715773145
583952.9546749999,505530.6802865553
583952.9546749999,506813.61519820546
583952.9546749999,600165.6853855323
583952.9546749999,496488.26630239404
389963.720725,347826.91161113215
389963.720725,297138.27093329135
598859.185025,579509.8336845065
598859.185025,541130.8998329056
461629.6036624999,444070.45542530937
461629.6036624999,516208.32786540344
461629.6036624999,419390.6829353131
461629.6036624999,505601.0915713695
129687.0399,95764.32344813272
129687.0399,93780.88906844694
129687.0399,225104.08122374152
420136.0548,422679.9842147968
315166.39495,219493.48745211633
315166.39495,259844.8690110983
315166.39495,335858.35593502637
233426.3367,177828.52558848256
233426.3367,127064.55527075636
420260.9168999999,481423.45642803214
420260.9168999999,701065.6148292152
420260.9168999999,625376.4269542011
420260.9168999999,546055.5723143271
607572.654375,739377.0523084005
607572.654375,737312.9149134055
607572.654375,1063868.8531219652
607572.654375,738368.1847874161
607572.654375,732185.9644292435
607572.654375,737985.428862707
607572.654375,1064087.6484522694
607572.654375,698142.2869219262
607572.654375,1048593.778628512
607572.654375,697197.559168314
607572.654375,682373.6580954283
515863.58005,507576.72287767334
515863.58005,594104.3373069225
515863.58005,546540.117498719
754069.7559250001,647044.7918030114
754069.7559250001,695096.5439830754
709065.18,781705.9716575517
709065.18,1146257.8698477931
709065.18,1146476.6651780973
709065.18,761735.702233996
709065.18,1148949.4571466877
709065.18,1149552.6448864862
709065.18,722449.592726303
709065.18,721768.6766214897
709065.18,749780.9476204484
709065.18,722449.592726303
209692.836225,187077.19195725973
209692.836225,245474.89241701155
296490.17124999996,270323.1701606733
296490.17124999996,261372.39200820366
660966.01125,650309.1634611691
660966.01125,781927.4134778335
515490.23425,619051.0082901736
515490.23425,606989.4875978733
571541.8578,558189.7623215918
571541.8578,529184.248358239
355503.60079999996,337071.3271751894
355503.60079999996,327132.14085284976
648874.016875,636874.1202444077
648874.016875,1072261.8747272596
884202.927725,846801.0645705085
651832.8402499999,526739.6928329912
651832.8402499999,640912.9359802321
644698.87255,714947.9437003635
644698.87255,1107724.3625009493
644698.87255,736700.4322249366
381602.3383,394047.6822108782
381602.3383,396358.1038208713
555118.4643,696769.880034966
555118.4643,696988.6753652702
555118.4643,677722.9869605997
480052.36615,633718.3909231129
480052.36615,734944.9936840542
480052.36615,584782.027942871
512880.4743,458307.8468599509
230169.55125,291543.733754509
230169.55125,222080.8002028349
230169.55125,319185.92584621196
580838.3984250001,545024.5790287325
580838.3984250001,596541.42435393
893991.39095,930402.480361334
893991.39095,909024.3221099823
893991.39095,1275162.848381171
893991.39095,906140.660328148
893991.39095,1246122.9512039796
306662.92104999995,218083.4035371933
306662.92104999995,307584.67921301373
621469.0346,722192.3949491831
621469.0346,719299.4460565619
621469.0346,731654.3635084818
621469.0346,722071.14525927
621469.0346,612772.3421319086
621469.0346,613613.2063054814
1211971.7100999998,1571689.8254595555
1211971.7100999998,1155558.8576404587
548875.5834,569774.9576324276
548875.5834,569774.9576324276
548875.5834,570285.9758921826
548875.5834,644360.6253811063
548875.5834,526488.8346944398
359326.337,398482.9416441243
359326.337,406709.02417867014
359326.337,338317.4263015676
682573.1853000001,759800.6868631861
682573.1853000001,746996.8907375638
682573.1853000001,754294.3371585635
682573.1853000001,746263.6415992624
682573.1853000001,825217.505751562
682573.1853000001,803210.2532998353
637351.4662583333,703305.0655888643
637351.4662583333,699642.7534899565
637351.4662583333,1051327.3646995327
637351.4662583333,706414.6761291343
637351.4662583333,1051327.3646995327
637351.4662583333,662739.6348728465
637351.4662583333,669319.5717089195
637351.4662583333,664219.1947010101
637351.4662583333,682842.3634523756
870001.4345999999,1205311.6133130644
870001.4345999999,1249584.9038346363
792816.8802499999,794754.4714156135
792816.8802499999,798087.1083152861
613557.7044,581156.5824498239
613557.7044,607002.3544038659
613557.7044,689814.5053017837
613557.7044,600894.308371895
613557.7044,600521.7330373384
613557.7044,600663.7958254166
464183.37745,462042.04297480703
464183.37745,510624.7826355323
464183.37745,583060.2424134682
464183.37745,497836.1580192805
225581.20670000004,248266.44537858758
225581.20670000004,152456.64426659548
225581.20670000004,185179.36223629734
623278.1614625,674493.9110600014
623278.1614625,646198.5927046343
623278.1614625,645687.5744448793
623278.1614625,750489.5692833264
580582.667815625,979443.357055823
580582.667815625,979443.357055823
580582.667815625,982298.9049491225
580582.667815625,647694.6140401782
580582.667815625,982645.0221250242
580582.667815625,979224.5617255188
580582.667815625,664306.1032544662
580582.667815625,981184.1361607274
617419.9465250002,690982.1912443475
617419.9465250002,1053885.6188228035
1284259.98142,1565717.9328157026
1284259.98142,1148840.2293623886
1284259.98142,1162195.9821291808
1284259.98142,1157125.7322721784
1284259.98142,1127165.5636485824
1284259.98142,1563351.558770006
1284259.98142,1527833.757421237
1284259.98142,1527833.757421237
1284259.98142,1108431.3005639813
1284259.98142,1561384.3223971305
1229943.552125,1029049.1266036523
1229943.552125,1450788.0253433795
490321.4736,530946.8440900076
490321.4736,471545.17060874356
2352365.3315764708,2625699.366083109
2352365.3315764708,3142426.3258437677
2352365.3315764708,3120402.370637546
2352365.3315764708,2669340.123691815
2352365.3315764708,2626006.3611267284
2352365.3315764708,2642487.19620602
2352365.3315764708,3120438.116655518
2352365.3315764708,2621215.7496836795
2352365.3315764708,3120438.116655518
2352365.3315764708,2647852.0229511485
2352365.3315764708,3013377.8699968033
2352365.3315764708,3035424.5082527963
2352365.3315764708,2559055.898832505
2352365.3315764708,2559055.898832505
2352365.3315764708,2555196.3818918825
2352365.3315764708,2559055.898832505
2352365.3315764708,3153941.954488978
371763.1267,442321.1034801939
371763.1267,452190.383790044
603966.0353999999,641317.4001569668
603966.0353999999,627938.5906610296
531378.2236250001,597826.0116986273
531378.2236250001,640403.7287667375
572888.2480499999,624415.4859365501
572888.2480499999,645949.0841754759
572888.2480499999,648156.7274608403
1411969.3010285716,1172910.34454809
1411969.3010285716,1164341.341635367
1411969.3010285716,1608117.8659898674
1411969.3010285716,1165604.9857482368
1411969.3010285716,1167124.63010784
1411969.3010285716,1159266.5575836885
1411969.3010285716,1628174.5521168679
1411969.3010285716,1164341.341635367
1411969.3010285716,1164794.292937907
1411969.3010285716,1129473.2832551952
1411969.3010285716,1120205.5524066198
1411969.3010285716,1592886.8954195366
1411969.3010285716,1591149.7623386618
1411969.3010285716,1140482.8302411865
892471.840355,892295.1624460188
892471.840355,1231478.514725857
892471.840355,891442.788652555
892471.840355,1282032.9142954801
892471.840355,891061.409155079
892471.840355,1213195.0103524402
892471.840355,874390.005295728
892471.840355,865244.1175915605
892471.840355,865244.1175915605
892471.840355,893055.572930248
416953.4089499999,421127.7506672706
416953.4089499999,523677.4480379812
416953.4089499999,398391.99861868325
167490.92270000002,117599.76379430224
167490.92270000002,157579.03231726948
167490.92270000002,151666.10054349387
469159.66614999995,523409.18906347523
469159.66614999995,508539.2255151834
257437.0867,244141.16665341874
257437.0867,209122.67083519284
257437.0867,322323.53767143184
435215.9535499999,408702.1668810601
435215.9535499999,496804.75940518937
239454.77764999997,228415.35292158695
239454.77764999997,225796.07285723707
630268.7074999999,1103513.466029472
630268.7074999999,638471.2605369418
848958.3288687499,1227915.4925821444
848958.3288687499,857154.8034423454
848958.3288687499,860097.9536534653
848958.3288687499,1231175.5248456537
848958.3288687499,1275400.958062848
848958.3288687499,824689.7664810934
848958.3288687499,824689.7664810934
848958.3288687499,1275951.7530849604
810971.49,1179840.1370244557
810971.49,780800.2316422025
810971.49,1165706.7331129455
810971.49,764504.7779866064
810971.49,769295.3894296555
810971.49,773965.9176836446
810971.49,769295.3894296555
810971.49,730801.8420215766
810971.49,730574.7327522648
810971.49,726328.5829112197
810971.49,1140094.6780582452
810971.49,1157918.2983598197
772526.3161500001,773595.5275060511
772526.3161500001,656295.1652366583
298147.59418749996,275470.13457957935
298147.59418749996,340271.425145877
298147.59418749996,275470.13457957935
298147.59418749996,260916.0554697726
931612.1136000002,1031244.3795844228
931612.1136000002,1014350.0898692559
931612.1136000002,1046797.8559169127
931612.1136000002,1012329.3800348777
931612.1136000002,1021540.3345644037
931612.1136000002,1032299.6494584334
931612.1136000002,967988.6340080769
931612.1136000002,990656.1998599719
931612.1136000002,967988.6340080769
931612.1136000002,990656.1998599719
931612.1136000002,1349114.7849263716
931612.1136000002,1023391.0207379768
837154.1573999999,1041219.9845484687
404874.4166,382802.9333655036
404874.4166,370187.52568486205
571457.70695,644921.1007179057
571457.70695,615409.7461746392
434417.9785,397368.68333498127
469767.1804,579971.0596900791
469767.1804,579971.0596900791
469767.1804,545443.8797051758
541333.1305499999,638378.4253867458
541333.1305499999,643703.4421277014
518901.4601249999,978558.0761560008
518901.4601249999,863530.166453185
518901.4601249999,610306.5586531169
518901.4601249999,605294.2323376199
518901.4601249999,863559.20044376
518901.4601249999,863573.9648395557
518901.4601249999,894748.5551842804
743012.1152499999,814701.0139836005
1208270.9983,1114676.3570136023
1208270.9983,1579861.2827867891
524920.9537249999,677458.4920826615
524920.9537249999,630097.559669743
835188.1156499999,737882.0622018501
835188.1156499999,1149525.050687431
835188.1156499999,738711.4107876287
835188.1156499999,1149525.050687431
835188.1156499999,723000.070670579
835188.1156499999,1134971.9697362392
835188.1156499999,699259.713618278
249777.192,235879.18406491337
249777.192,229480.78947434254
230089.95195,176227.78493194195
230089.95195,301210.10520919954
721379.8398571429,1120250.0098953366
721379.8398571429,717686.9720361731
721379.8398571429,1110152.5781080471
721379.8398571429,705031.5649841444
721379.8398571429,717686.9720361731
721379.8398571429,1106830.4798030136
721379.8398571429,1102816.2043182058
534517.69291,501698.4204485506
534517.69291,609327.4920631013
534517.69291,610846.5889105413
534517.69291,611065.3842408455
534517.69291,581228.7788366105
751610.0269999999,709215.4164196509
751610.0269999999,708149.6298200475
751610.0269999999,1115829.0643121107
751610.0269999999,706547.8784328732
751610.0269999999,1116103.3116722
751610.0269999999,721218.440067714
751610.0269999999,697638.6709129112
350041.38564999995,418469.1549638205
391527.5382,426899.6579340721
391527.5382,320464.738307909
391527.5382,428404.7911382449
485894.15699999995,418742.9810824556
485894.15699999995,427405.43186297326
278297.50325,232306.18732083688
278297.50325,236281.3169020678
740082.612675,667861.5355923588
740082.612675,680125.1803508768
876946.879525,982897.7706971305
876946.879525,1449166.900985631
876946.879525,1446352.1257951371
876946.879525,982897.7706971305
876946.879525,963373.961542689
876946.879525,993597.701331437
595056.6766,557546.0322429362
595056.6766,1063262.2077633496
608295.7539499999,610013.9390865614
608295.7539499999,630080.4022568496
608295.7539499999,573785.760559602
541224.95845,884505.8855258371
541224.95845,781581.7439802625
820631.0266,861167.5129713848
592258.703425,614928.2271148469
592258.703425,672448.1015900882
521026.94709999993,660555.1072261004
521026.94709999993,684684.0371522871
210805.4054,261159.9529107965
210805.4054,152644.45242467208
295753.8705375,383222.3427790813
295753.8705375,291988.47466130997
295753.8705375,293571.32555484446
295753.8705375,298279.14982793125
335184.00904999994,484900.9925765139
335184.00904999994,383702.6071591276
643285.2285999999,664196.2471318811
643285.2285999999,707330.2204147278
643285.2285999999,762870.6049536397
542852.86895,547757.9091843776
542852.86895,590763.5377541725
622231.6751999999,822338.6664279567
622231.6751999999,687314.530261937
699473.6653999999,1169424.7097810074
699473.6653999999,1166768.868500085
699473.6653999999,748598.9813014035
699473.6653999999,762551.9066168759
699473.6653999999,1166733.1224821128
699473.6653999999,1123056.130786573
699473.6653999999,1122204.1251006506
699473.6653999999,705109.1770034201
699473.6653999999,732550.7467903639
897051.6325749999,1004119.4219620307
897051.6325749999,984149.152538475
897051.6325749999,1364218.0346334
897051.6325749999,1006840.2042970117
897051.6325749999,1005447.092576843
897051.6325749999,1349418.8402634088
897051.6325749999,1324760.729355005
897051.6325749999,1324760.729355005
897051.6325749999,942038.4052316028
897051.6325749999,993957.7379403358
465280.83665,442083.97131219227
465280.83665,451291.9560414916
797597.2322499999,748185.0061753273
797597.2322499999,757917.726341213
1128178.6412909091,927112.4434678794
1128178.6412909091,929841.5461170839
1128178.6412909091,936745.0139510839
1128178.6412909091,914912.1763302538
1128178.6412909091,928720.2822357947
1128178.6412909091,934185.4456590742
1128178.6412909091,936300.2805880422
1128178.6412909091,897805.8995494355
1128178.6412909091,907034.9161829909
1128178.6412909091,1316127.0130624473
1128178.6412909091,919419.3500267288
597824.6782916667,1055142.979546762
597824.6782916667,739249.295352598
597824.6782916667,720891.7890770268
597824.6782916667,720380.7708172719
597824.6782916667,1055746.1672865609
597824.6782916667,725384.435779553
597824.6782916667,726567.9679886095
597824.6782916667,720380.7708172719
597824.6782916667,707630.2881175488
610844.72811,531191.0186529153
610844.72811,558300.4347198274
610844.72811,651655.770236265
610844.72811,522085.06798386807
610844.72811,526943.2541322774
441029.13195,455654.11786223843
441029.13195,489691.9484494054
301169.2113,324231.0517805484
301169.2113,253055.26418314833
438958.86509999994,598333.9582554906
438958.86509999994,610636.7409869984
569376.8224500001,704145.9150781137
569376.8224500001,708019.5497091854
569376.8224500001,668692.0263296925
569376.8224500001,668836.1647354483
569376.8224500001,960715.980457177
569376.8224500001,638052.9281221137
520327.31260000006,522836.74152975314
520327.31260000006,572132.1041544009
520327.31260000006,518387.00324869005
520327.31260000006,547759.1748292492
520327.31260000006,640264.4908726375
520327.31260000006,506616.3364770196
843242.8839275,764946.2258519356
843242.8839275,754124.1413288096
843242.8839275,1163906.0193303754
843242.8839275,763712.0121225383
843242.8839275,764946.2258519356
843242.8839275,759529.9561116273
843242.8839275,714698.1363959487
843242.8839275,1102044.6966623135
843242.8839275,714698.1363959487
843242.8839275,714698.1363959487
483841.0978875,603856.9177046556
483841.0978875,676419.0859054184
483841.0978875,589302.0226243484
483841.0978875,880782.6906912656
310189.89295,265173.27221719566
310189.89295,264206.93243591505
310189.89295,341136.14704200666
310189.89295,228975.10873114568
737913.729275,784680.7445311646
737913.729275,876009.3611424095
445942.7796,409483.5807847076
445942.7796,398548.9563314724
391825.4357,592217.4180103783
391825.4357,499809.02406575024
1406629.6752076924,1341000.8073534714
1406629.6752076924,1341763.6653952338
1406629.6752076924,1786725.6909553641
1406629.6752076924,1344189.0797495581
1406629.6752076924,1350950.8691186705
1406629.6752076924,1786725.6909553641
1406629.6752076924,1349838.0101484656
1406629.6752076924,1346554.2768382828
1406629.6752076924,1300615.7646915475
1406629.6752076924,1742105.6883078173
1406629.6752076924,1299066.3617783622
1406629.6752076924,1291728.157151457
1406629.6752076924,1759626.0080663904
644296.7095428571,826269.251029457
644296.7095428571,829564.0260681501
644296.7095428571,729762.4334950552
644296.7095428571,826735.4437742839
644296.7095428571,717500.0888152501
644296.7095428571,718240.0203969926
644296.7095428571,812108.5621926722
1349978.22237,1662493.2510501118
1349978.22237,1201334.8531943099
1349978.22237,1663152.540179252
1349978.22237,1199726.8382533062
1349978.22237,1204993.0127275046
1349978.22237,1207477.9850741269
1349978.22237,1204517.4496963555
1349978.22237,1642843.5126791247
1349978.22237,1203428.264512973
1349978.22237,1684386.5218438525
375259.1130875,352133.74671789905
375259.1130875,360932.3938815618
375259.1130875,390308.7076904474
375259.1130875,479359.46567130287
423561.186,420603.8467464425
423561.186,433660.69626251434
423561.186,518618.5301522706
423561.186,393288.0497195135
423561.186,395083.0726860439
423561.186,435441.95731051674
574697.9102,622066.7832926427
574697.9102,629134.1036203256
407802.09085,405602.8592867891
407802.09085,407169.14742055465
407802.09085,463866.44348236744
407802.09085,364877.27541295777
424730.16114999994,514794.0538704216
424730.16114999994,515028.9465911663
424730.16114999994,506820.87009388267
167029.095,144877.7314970495
167029.095,134360.6218841318
1252313.9216,1275748.6853404874
1252313.9216,1272978.4667896328
1252313.9216,1270613.269700908
1252313.9216,1714975.9803890605
1252313.9216,1272978.4667896328
1252313.9216,1268851.6495611977
1252313.9216,1270754.852295163
1252313.9216,1275403.8811439574
1252313.9216,1247546.8662575372
406105.9578750001,574183.6501144045
406105.9578750001,576471.3732409782
406105.9578750001,550187.1888200442
406105.9578750001,403276.33491942554
259287.21525,183769.47481933294
259287.21525,317261.3796657337
476423.57829999994,440574.8511680768
476423.57829999994,434864.12249998964
294334.65179999993,300019.12123434525
294334.65179999993,377752.9935339663
294334.65179999993,265026.9215333876
501245.26459,479892.94154423155
501245.26459,510881.22339773236
501245.26459,505796.5422965698
501245.26459,479892.94154423155
501245.26459,560104.5918678645
295179.66915000003,320022.37069969
295179.66915000003,247145.954007681
295179.66915000003,210399.69807259564
746416.1365,1126277.8567184836
746416.1365,1126242.1107005116
746416.1365,1122044.7312562005
746416.1365,1125618.5675893435
746416.1365,716897.2552696858
746416.1365,1070622.1308008472
746416.1365,1070622.1308008472
746416.1365,705907.743292265
473537.9564,635288.2399334089
473537.9564,564035.7973815079
441035.96282500005,457123.52679811395
441035.96282500005,504981.9683369589
224624.30985,172801.22127273807
224624.30985,311593.311975851
224624.30985,318126.55051196454
520900.414875,502795.2676158683
520900.414875,458559.02783521963
443157.075625,458951.3755145645
443157.075625,465180.1410602275
376481.5495,432500.48184590624
376481.5495,435986.87363137794
376481.5495,364444.15130528604
376481.5495,407742.6388737194
376481.5495,440484.58125498774
376481.5495,374568.497150479
318390.00139999995,210177.2639041511
318390.00139999995,308862.15237336844
196782.47620000003,282250.35736418073
196782.47620000003,164439.29588284978
196782.47620000003,269716.3191140154
632228.8298156249,1198442.9092020188
632228.8298156249,1101667.9070940623
632228.8298156249,1102313.5643590242
632228.8298156249,1098997.2376652707
632228.8298156249,789222.5339241626
632228.8298156249,1101470.029633861
632228.8298156249,1102073.2173736596
632228.8298156249,711731.1591612021
398022.893,316944.43958311615
398022.893,357556.952824574
398022.893,340390.6938056078
291568.755425,252398.2320564505
291568.755425,195512.36048120732
442468.61305,427592.75492197776
442468.61305,306831.28670061514
485522.757425,554541.9945769875
485522.757425,544932.1100415529
577778.9367249999,1006979.4653877584
577778.9367249999,806290.0820872905
413110.2901,376927.7577667491
413110.2901,512218.27499349613
572926.3114000001,665748.3028103485
572926.3114000001,662873.6551583491
572926.3114000001,806822.9234459054
572926.3114000001,645378.4490724343
572926.3114000001,792996.2100471231
930859.9999357142,991609.3070858928
930859.9999357142,974228.5797598483
930859.9999357142,993173.2751210122
930859.9999357142,982405.1148616166
930859.9999357142,972150.0559220922
930859.9999357142,1007835.9492308879
930859.9999357142,982365.4148439586
808263.1826499999,867566.2197301374
808263.1826499999,1273564.9380636225
617061.247175,663219.4646362575
617061.247175,634192.9098563641
740894.3337,640085.3205676548
740894.3337,656015.364193723
418731.10305,426808.42461892415
602258.5545249999,668145.4156454552
602258.5545249999,761372.1083924193
427591.64699999994,562509.965282032
427591.64699999994,400436.14744030806
576337.0465499999,584690.5416290758
576337.0465499999,551992.011135139
576337.0465499999,645580.0985113475
200612.64795,214377.70556510543
200612.64795,234166.75438513356
826836.9841357142,804453.5088666222
826836.9841357142,1089943.109534278
826836.9841357142,833815.3876319256
826836.9841357142,829364.8521657409
826836.9841357142,816021.1577827344
826836.9841357142,1092496.0134066818
826836.9841357142,1128275.1737969602
560172.7097,607749.4122304402
560172.7097,775786.2542024659
306793.06955,320025.2260700156
306793.06955,300431.17821987096
369292.99255,324292.68084553466
369292.99255,380959.90704395366
928493.8942,906710.0860313412
928493.8942,908652.2689386457
928493.8942,900090.7750420932
928493.8942,1308157.1693300311
928493.8942,1309365.895943101
928493.8942,1309800.0237605672
928493.8942,1300889.8729089675
200004.26104999997,211137.3837497689
200004.26104999997,286057.19339431997
1132775.9318999995,1031013.4650378706
1132775.9318999995,1445954.276441741
667313.76405,614600.9859514268
667313.76405,1089001.227152842
761834.7430909091,740413.8249648359
761834.7430909091,764007.3703609516
761834.7430909091,1161746.0913717581
761834.7430909091,759216.7589179025
761834.7430909091,1164818.1144967156
761834.7430909091,758632.4077093499
761834.7430909091,1119848.7226211645
761834.7430909091,1119167.8065163512
761834.7430909091,708952.637198522
761834.7430909091,1119167.8065163512
761834.7430909091,757760.6458612782
691430.8363000001,695499.4588896361
691430.8363000001,723329.581933978
691430.8363000001,723329.581933978
691430.8363000001,722818.563674223
691430.8363000001,717530.920533801
691430.8363000001,690113.2861682321
691430.8363000001,797858.9493927557
738505.2592,836154.7826995291
738505.2592,831139.3538325119
487948.8979875,658887.6158825341
487948.8979875,549347.2552899029
487948.8979875,657425.6295614167
487948.8979875,581121.4011808671
870804.3135249999,902069.4836699755
870804.3135249999,879620.2181861771
870804.3135249999,1196801.5878805523
870804.3135249999,902069.4836699755
870804.3135249999,879109.1999264221
870804.3135249999,904774.3280023652
377941.4703,296009.7448385409
377941.4703,255220.69298700453
257601.7161,226522.098544134
334813.442375,423973.1560964465
334813.442375,358935.7033243773
757802.47285,632539.8619300965
757802.47285,1086384.501563198
2753735.11355,2679692.8340242524
2753735.11355,2693929.938344707
2753735.11355,2699051.4487245735
896571.804792857,909543.0305703502
896571.804792857,897839.7952288303
896571.804792857,885901.5511601738
896571.804792857,1334272.3116727932
896571.804792857,893220.898592482
896571.804792857,891955.8067160929
896571.804792857,885901.5511601738
896571.804792857,907346.4489985381
896571.804792857,853588.0854028014
896571.804792857,871952.6035284102
896571.804792857,1312116.997930759
896571.804792857,871952.6035284102
896571.804792857,1288219.4924627352
896571.804792857,876981.6730286623
679854.4795499999,757405.7933310033
679854.4795499999,784744.9856635279
575317.3573124999,825619.8831693772
575317.3573124999,784430.314600464
575317.3573124999,825401.087839073
575317.3573124999,706233.5983383626
616879.6402625,614354.2316421487
616879.6402625,617712.6602337665
616879.6402625,551824.0600383795
616879.6402625,543505.5771806703
630147.9891,814979.7613460101
630147.9891,793991.7745163066
630147.9891,725101.3801511378
630147.9891,801677.7997459269
630147.9891,713000.1374731491
630147.9891,711804.880576355
457930.8542,409314.40095248877
457930.8542,392939.6387729193
277408.38287499995,245607.15449759428
277408.38287499995,194054.2808425753
809891.5524799998,1173722.4398498854
809891.5524799998,877186.8126738665
809891.5524799998,1178092.0565195482
809891.5524799998,907668.0984571914
809891.5524799998,1139805.638987603
544720.4721899999,563161.3617623446
544720.4721899999,657476.1828150951
544720.4721899999,657476.1828150951
544720.4721899999,651083.9284276594
544720.4721899999,555151.533609388
887480.9742227274,1285777.0219554882
887480.9742227274,850900.4224610669
887480.9742227274,872345.320299431
887480.9742227274,1289826.746471683
887480.9742227274,1299222.9942109697
887480.9742227274,855691.033904116
887480.9742227274,818739.7985449235
887480.9742227274,835098.971205404
887480.9742227274,1276458.4388890944
887480.9742227274,838841.4497514073
887480.9742227274,1252814.6024695842
583340.2982,646885.8989849268
583340.2982,778250.7085452098
387306.326425,394077.1313733266
387306.326425,350560.2368970498
490187.7066499999,682712.9777300277
490187.7066499999,767836.7658145896
490187.7066499999,586639.1702019598
766756.922425,817406.3108139087
766756.922425,729328.3652673837
333286.81539999996,280837.3905523101
333286.81539999996,404026.2530132392
573549.8543,536101.9043739672
573549.8543,645243.7663936733
704083.1334599999,970231.6510168797
704083.1334599999,773726.5508077862
704083.1334599999,970672.1448157156
704083.1334599999,970672.1448157156
704083.1334599999,763141.5645813573
317551.11675,341330.2655086899
317551.11675,352372.7604072647
761379.5785,665655.2824784293
761379.5785,664960.6667585685
761379.5785,658885.1292877997
540606.5118,715303.7607317746
540606.5118,772866.7594734008
416185.41656249994,399010.80303424556
416185.41656249994,374488.6479459127
416185.41656249994,484696.25696194905
416185.41656249994,400375.82097255083
416185.41656249994,400003.2456379942
416185.41656249994,454047.43031838175
440625.7436000001,414163.1523835941
440625.7436000001,414749.2913695172
393442.86612500006,412155.37252159836
393442.86612500006,512659.03900032176
733549.4494500001,741638.3053324044
733549.4494500001,723789.1836232413
733549.4494500001,1088781.6104732647
752007.4013999999,631420.6189987143
752007.4013999999,601929.34526762
752007.4013999999,595959.2197678775
199927.51975,141982.31776326068
199927.51975,245474.89241701155
829130.7632999999,856978.1928373955
829130.7632999999,1277539.5793512198
829130.7632999999,830590.4806440056
829130.7632999999,860946.3696424321
829130.7632999999,823669.4212620565
829130.7632999999,823669.4212620565
829130.7632999999,1226696.0995020242
566930.0543,692394.6018495845
566930.0543,1124693.782884379
686837.73355,967142.0992656943
686837.73355,849329.3873715737
686837.73355,964851.2034371381
686837.73355,973666.6924246568
686837.73355,748349.3711139648
686837.73355,953329.6656544424
792269.24624375,1163652.8801961914
792269.24624375,739842.1300744071
792269.24624375,755824.9486511674
792269.24624375,1163688.6262141634
792269.24624375,1163652.8801961914
792269.24624375,725501.009882684
792269.24624375,1154897.4352735328
792269.24624375,698334.8557728633
792269.24624375,1133803.8669229653
792269.24624375,1133803.8669229653
792269.24624375,1133803.8669229653
792269.24624375,701153.3309979899
317038.74960000004,342827.9026719928
317038.74960000004,247695.08409614197
317038.74960000004,249203.83603387175
884331.94661875,1281286.339960544
884331.94661875,1281250.5939425717
884331.94661875,854404.3516482807
884331.94661875,854404.3516482807
884331.94661875,832333.7955126577
884331.94661875,855968.3196834002
884331.94661875,1281286.339960544
884331.94661875,797002.1566866623
603929.3804125,612800.1997873756
603929.3804125,661077.5754406722
603929.3804125,620508.9964475442
603929.3804125,720110.0086898572
809497.1440999999,1130032.4814955418
809497.1440999999,1134117.9520297088
809497.1440999999,732061.8277471341
809497.1440999999,733663.5791343085
809497.1440999999,745168.4213468553
809497.1440999999,728247.3093940003
809497.1440999999,746732.3893819748
809497.1440999999,732727.6042253672
797261.2566000001,844895.4252007263
797261.2566000001,865674.2357866871
551990.244375,813052.7254030411
551990.244375,676613.6876389711
551990.244375,677877.331751841
551990.244375,792725.0961385984
551990.244375,600596.2916366957
551990.244375,646219.3435341127
370337.60815,340083.9367533052
370337.60815,446316.4720906245
548411.8541,554668.1936622962
548411.8541,658014.3949402685
548411.8541,658014.3949402685
548411.8541,477908.92148469226
548411.8541,628043.6171981089
548411.8541,533720.9723134998
1302868.73274,1188888.5805864905
1302868.73274,1178915.2856602538
1302868.73274,1183300.249788754
1302868.73274,1178255.9965311137
1302868.73274,1178255.9965311137
1302868.73274,1627787.8710440139
1302868.73274,1627787.8710440139
1302868.73274,1186609.5071050012
1302868.73274,1627787.8710440139
1302868.73274,1158740.2173849912
786980.10745,735226.4420273734
786980.10745,730922.736125196
786980.10745,1131985.8681485148
786980.10745,1120613.1537349035
786980.10745,720077.1830417892
786980.10745,678442.5213443387
786980.10745,686190.6175460799
786980.10745,710469.170392052
820433.7842499999,1223963.5924207044
820433.7842499999,779326.3713720579
557528.33475,660119.6610699607
557528.33475,726217.8780972918
557528.33475,656659.2602174961
557177.32235,1011490.2068599302
557177.32235,1058658.3806556237
671854.7032964285,660988.6172370987
671854.7032964285,672761.1013291731
671854.7032964285,662571.0526321906
671854.7032964285,678832.0780344335
671854.7032964285,668467.4134734939
671854.7032964285,627444.4336760629
671854.7032964285,1060038.3410048357
1135275.66555,1000553.1015109273
1135275.66555,1471923.6149661301
632560.87295,942622.2918354927
632560.87295,942866.1842314745
632560.87295,830300.977410781
632560.87295,738223.5330484485
632560.87295,740461.6644652017
582344.62875,640950.959304238
582344.62875,639687.3151913681
582344.62875,651282.7450297896
582344.62875,639763.0532400322
582344.62875,622442.6008166486
582344.62875,599302.1264290707
582344.62875,599302.1264290707
582344.62875,1005544.7595680775
592294.6002999998,626162.10644803
592294.6002999998,605416.3209064115
2856137.1766499993,2708897.378150789
2856137.1766499993,2680106.192342831
2856137.1766499993,2721788.5863809492
911689.77,913883.1735469581
911689.77,913448.8840514254
911689.77,938680.8104173355
911689.77,1069064.0192393064
911689.77,1054593.2439486824
911689.77,911454.4842824166
911689.77,1051523.0296624885
343684.66714999994,277549.0477254582
662716.5816999999,943737.4935672282
662716.5816999999,939590.4683991211
638489.205,771414.9091947065
638489.205,783768.5126784645
638489.205,1120224.1197183002
638489.205,795186.8610597611
638489.205,783257.4944187095
638489.205,1120224.1197183002
638489.205,796753.1491935267
638489.205,1123113.584477396
638489.205,733407.629895405
638489.205,756419.4709854405
638489.205,1083053.8072628092
638489.205,756419.4709854405
638489.205,733407.629895405
638489.205,1164308.7028323521
445881.2400000001,449620.10350024526
445881.2400000001,462968.777634062
425123.8420499999,359666.55483572354
425123.8420499999,378780.32277454686
425123.8420499999,475315.7575619594
583966.9837999999,648433.8461826415
583966.9837999999,625296.7214763183
496211.22185,525602.3472837536
496211.22185,514747.79274444823
832426.0670499998,734342.1498796565
832426.0670499998,745837.2928304553
832426.0670499998,734342.1498796565
832426.0670499998,736038.3549782869
832426.0670499998,745837.2928304553
832426.0670499998,1140899.8943910997
832426.0670499998,756659.3773535814
832426.0670499998,734643.5762338978
644705.9351000001,881891.5584428378
644705.9351000001,876193.4272481683
549106.4233499999,706208.0228944679
549106.4233499999,691846.9541163275
245469.5388,153251.5187092218
245469.5388,203514.47158648993
712845.85595,1036906.5904202665
712845.85595,788563.7897630802
712845.85595,847732.8368173356
712845.85595,797877.8622526003
712845.85595,990906.7321997319
712845.85595,842979.5310781295
712845.85595,841977.3603501752
555054.1747,569208.8937451815
555054.1747,495684.90972850134
555054.1747,479523.26440580364
217117.0375,179393.96943685738
217117.0375,216403.29234302504
217117.0375,290026.2827513798
217117.0375,212594.01200360584
242429.1691499999,230555.53382363962
242429.1691499999,247235.73572493886
242429.1691499999,191161.72988590406
509976.7063,694419.5421789631
509976.7063,660071.0345549032
509976.7063,792366.453183555
509976.7063,888593.040357818
900886.17355,1077278.2096037124
586714.4555,655297.5464944973
586714.4555,703289.9604585455
709828.02272,640281.8847053665
709828.02272,634032.1698608176
709828.02272,637880.681008884
709828.02272,614349.9223670361
709828.02272,618548.9590679993
803363.1031499999,1145901.5071121221
803363.1031499999,866547.2620944189
589960.6132749999,572847.6053164308
589960.6132749999,593622.8504067669
589960.6132749999,683110.9679925937
589960.6132749999,565727.177502105
560811.006525,598985.3725336865
560811.006525,881467.3553510874
894342.4953749997,853478.6838223491
894342.4953749997,873809.9252221573
683288.38495,697508.2814157543
683288.38495,716569.237493175
683288.38495,699868.2211423559
1295854.3802000002,1029012.0597358937
1295854.3802000002,1541791.0271460814
780127.3842999999,783510.4191129581
780127.3842999999,770116.7050603179
463911.55525,755121.7642148344
463911.55525,600602.7097416397
463911.55525,494030.7209150004
526034.289475,627456.0105961957
526034.289475,541289.2579752473
787546.9647,1124278.5050156543
787546.9647,691654.9879426814
787546.9647,690394.1043339804
801938.6296500001,1099631.8525534286
801938.6296500001,841481.4830916724
255811.78235,301933.1303241165
255811.78235,233993.58130806405
255811.78235,308892.92546549096
805060.2847954547,1153554.9518628907
805060.2847954547,758576.8723580241
805060.2847954547,745508.0621103577
805060.2847954547,745810.3839737157
805060.2847954547,1156353.1336274077
805060.2847954547,743906.3107231833
805060.2847954547,706764.8148669178
805060.2847954547,707445.7309717312
805060.2847954547,703199.5811306862
805060.2847954547,706764.8148669178
805060.2847954547,706764.8148669178
625035.970375,757664.3100168871
625035.970375,665876.5575347984
664299.2960999999,654414.9886471438
502172.1154,528463.3788092986
502172.1154,455696.71559372894
689913.7599519232,803558.4452827951
689913.7599519232,802248.0221223942
689913.7599519232,1113685.1456724056
689913.7599519232,1113361.7075192526
689913.7599519232,801014.2584643514
689913.7599519232,763185.5724454686
689913.7599519232,1110506.159625953
689913.7599519232,748299.8280233205
689913.7599519232,746562.6949424456
689913.7599519232,746562.6949424456
689913.7599519232,746562.6949424456
689913.7599519232,725287.9869332849
689913.7599519232,1107562.5369950074
417955.13239999994,523194.38639690354
417955.13239999994,385794.560334147
351333.5359999999,277008.2195527046
351333.5359999999,401298.59271980467
533767.5445500001,570859.4762806353
533767.5445500001,611241.8644460882
743941.7768999999,716029.7596145864
674325.1360749999,760199.7150792483
674325.1360749999,715587.2228302762
211647.85,180519.99581540382
211647.85,190944.05556232057
411844.14615,293593.3331331949
411844.14615,328754.63480641285
771412.8150000001,740576.3566965846
617352.6000750001,667626.0872846335
617352.6000750001,786103.4126413735
322007.56105,364086.3102666287
322007.56105,295554.6283210212
322007.56105,249216.51595794677
481862.08514999994,531448.3051193117
481862.08514999994,478038.20666077046
481862.08514999994,461744.33567562193
637721.91995,1089644.2633613173
637721.91995,693244.9042207056
689661.1072000001,584500.5208013036
689661.1072000001,569304.3812953754
689661.1072000001,584634.9047618051
329440.86909999995,287381.3323850635
329440.86909999995,287885.35752804315
329440.86909999995,393047.57298188197
641342.247675,710714.397603441
641342.247675,812120.3102597194
853214.5129999998,840333.080265743
853214.5129999998,1162445.2159284137
298935.27994999994,262256.302180101
268751.66809999995,316499.3336112641
268751.66809999995,314990.3506584303
1166174.9240499998,1146117.009019024
1166174.9240499998,1159326.9444111097
980990.1626499998,887917.7713320008
494521.3757,537271.2206451598
502442.23649999994,654533.543033836
502442.23649999994,603294.2918701062
406687.41303125,425591.19515261805
406687.41303125,406590.55426660395
406687.41303125,406079.53600684897
406687.41303125,460345.56574110326
1248559.08955,1163433.3148545155
1248559.08955,1672711.0467444635
643068.1036999999,1139737.1509701237
643068.1036999999,1143384.954521725
643068.1036999999,1143988.1422615235
643068.1036999999,1143529.092927481
643068.1036999999,751013.2456658289
643068.1036999999,1110826.1523806073
643068.1036999999,717079.1108481539
643068.1036999999,1167097.3654176705
237933.9711,339286.18786428403
237933.9711,223088.0889759265
556072.7335999999,418215.47206955904
556072.7335999999,559020.4403420895
1241625.2358499998,1158413.4691785811
1241625.2358499998,1147869.4545864393
530990.79775,700239.7106303185
530990.79775,605051.6096294427
268408.85014999995,230015.43127809104
268408.85014999995,323193.68601647054
453531.6022000001,507755.12495174835
453531.6022000001,490755.61368397786
571384.2674928571,651730.4947202414
571384.2674928571,956296.161548684
571384.2674928571,953625.4921198923
571384.2674928571,638001.6301998794
571384.2674928571,956098.2840884826
571384.2674928571,622404.5981071221
571384.2674928571,646989.2517723258
586082.5220000001,650395.1510143306
586082.5220000001,668396.5212713821
837561.009075,849587.1883123555
837561.009075,1149545.7682347274
726230.5756249999,1158580.3171235328
726230.5756249999,1161380.2968102111
726230.5756249999,754083.8927652746
726230.5756249999,745580.8680219915
726230.5756249999,753939.7543595186
726230.5756249999,690878.1058398202
726230.5756249999,696641.1631518188
726230.5756249999,724632.2166043911
649275.53736,712917.1023199403
649275.53736,806191.2079773813
649275.53736,802862.8021068072
649275.53736,790037.2994911061
649275.53736,661368.0086035316
382935.48715,459131.99881924235
382935.48715,344562.45898205234
601925.8292500001,635545.5323571513
601925.8292500001,562630.3359058021
601925.8292500001,627696.1294365269
601925.8292500001,538803.384400418
613201.8245999999,586527.4581611318
613201.8245999999,583288.0617674772
503557.2101,676873.9562336884
503557.2101,684433.3818466952
1245517.69205,1574546.4028170295
1245517.69205,1154749.4909631847
2209250.2270999993,2242651.744837723
2209250.2270999993,2261946.9019901943
304445.9372499999,306449.6397149686
304445.9372499999,422573.17844741396
304445.9372499999,305980.992006904
561902.1001500001,535853.4494417639
561902.1001500001,735032.1122686417
321616.385075,265218.24346850556
321616.385075,360231.20436214266
210699.84064999997,173153.01236499834
210699.84064999997,152832.41931663716
210699.84064999997,142109.9336941361
194802.46059999996,246659.00794064358
194802.46059999996,189629.66605253564
579409.3662874999,697954.6589590333
579409.3662874999,701541.6569271772
579409.3662874999,697954.6589590333
579409.3662874999,821675.8099859578
602165.965125,829203.065020924
602165.965125,652756.3988953239
876850.485375,864258.7117907781
876850.485375,1207245.9611216118
2675350.1583,2478578.539527145
2675350.1583,2497569.4375318224
423343.0265999999,447583.33133908606
615747.2644749999,694152.6086971163
615747.2644749999,684817.9996147574
406976.779925,427805.8588590283
406976.779925,383617.9702170252
406976.779925,365674.59714394715
406976.779925,412298.90139693714
663220.5075,648932.41082541
663220.5075,664646.3078986856
663220.5075,664582.281396743
663220.5075,654382.3113975994
663220.5075,660411.5260513935
663220.5075,1021180.7850457311
663220.5075,1021180.7850457311
663220.5075,618034.7982384056
774757.8792499999,695491.3775320294
774757.8792499999,1118760.8223000304
774757.8792499999,695491.3775320294
774757.8792499999,709351.6251839479
774757.8792499999,687478.5288619389
774757.8792499999,694832.0884028892
774757.8792499999,700281.9889750786
774757.8792499999,689739.804854663
731886.4293499999,618813.1937249178
731886.4293499999,650998.5105037302
731886.4293499999,646004.6251034486
731886.4293499999,625747.4642702134
731886.4293499999,625747.4642702134
731886.4293499999,644790.80160828
299516.11100000003,345352.5067538896
299516.11100000003,375613.8847240283
206192.97354999997,128204.31438174518
301515.25055000006,268843.7084576782
301515.25055000006,237725.9984384327
301515.25055000006,313812.609801023
496266.334175,476779.0402379541
496266.334175,467301.15183928655
496266.334175,466933.90163140144
496266.334175,648137.0383427561
496266.334175,466323.399622306
496266.334175,446436.4681631356
353685.60865,376703.69344753854
353685.60865,424383.7607547681
567878.2721875,623481.3068091719
567878.2721875,959553.1292741431
567878.2721875,624233.9326622868
567878.2721875,642066.4066184558
567878.2721875,623481.3068091719
567878.2721875,959553.1292741431
567878.2721875,1070670.1299759513
567878.2721875,1000074.8522653434
684415.7341076924,768132.0599309964
684415.7341076924,791904.011796051
684415.7341076924,767631.860607437
684415.7341076924,793167.655908921
684415.7341076924,767631.860607437
684415.7341076924,1217102.7028459024
684415.7341076924,1117160.0657848942
684415.7341076924,791904.011796051
684415.7341076924,1102836.0063447861
684415.7341076924,754873.7548026055
684415.7341076924,1080632.7102838932
684415.7341076924,1102836.0063447861
684415.7341076924,1078895.5772030181
329896.2261,429704.2151257007
329896.2261,411749.37587431364
329896.2261,288912.8818524356
848049.3257749999,762874.094026575
848049.3257749999,792674.0458551467
583740.07895,678692.9189153842
583740.07895,666890.367993519
768274.2358499999,1088854.9539360758
768274.2358499999,743770.4426810547
573121.74155,551169.7857790579
573121.74155,519596.7054205459
284432.0749375,244052.22181608021
284432.0749375,244052.22181608021
284432.0749375,245613.2182748972
284432.0749375,198280.10336944048
541933.62775,893900.3632885744
541933.62775,685033.7494712803
541933.62775,806348.7365489587
477728.72795,490783.50109546015
477728.72795,536393.6194564495
477728.72795,448811.06951010285
230833.757,247747.33316227555
355020.536725,321980.47590608365
355020.536725,351013.8358746796
210043.759125,156017.90732083016
210043.759125,201253.74245758052
441258.4474999999,421833.86564430105
441258.4474999999,482958.69012593804
441258.4474999999,405221.4360710687
600155.5678999999,668000.0881115954
600155.5678999999,631531.2365848925
600155.5678999999,677383.8246690476
600155.5678999999,674680.0019647734
600155.5678999999,668625.7464088544
600155.5678999999,936673.1386511512
600155.5678999999,911664.2853087344
600155.5678999999,911664.2853087344
600155.5678999999,935992.2225463379
1305511.5944,1080605.1923629893
1305511.5944,1053551.0057742298
1305511.5944,1566316.8530080796
352282.4483,326980.6741127051
352282.4483,331896.4842292881
657823.0316,822956.0857582627
657823.0316,827588.7485632456
657823.0316,826748.0277156197
657823.0316,770335.7788317967
657823.0316,762134.4518232656
677207.6116999999,761869.1046603958
677207.6116999999,1214485.500214043
677207.6116999999,763132.7487732656
677207.6116999999,1140104.80545665
677207.6116999999,765456.1026285395
677207.6116999999,1163930.7526822025
165415.55109999998,252702.09484990034
165415.55109999998,259163.79950968432
467832.2373999999,436445.7906849666
467832.2373999999,497870.07774950366
615486.3764,625097.1968562307
615486.3764,619209.3539357306
532880.416,561125.1810199355
532880.416,553917.1953190287
247745.02365,238359.28765508335
247745.02365,296225.0329830126
225020.11400000003,159179.15922267718
225020.11400000003,156910.3372956948
344050.794,305284.6538784474
376499.525825,306443.4836856162
376499.525825,259742.94906435028
390585.9555,417815.4966618786
390585.9555,372870.6965974234
390585.9555,396804.72683048004
739559.45175,1094120.1981798655
739559.45175,668174.6391791712
739559.45175,1102829.8587587073
739559.45175,683923.1477265517
739559.45175,691639.2527190669
739559.45175,678954.7803281713
739559.45175,666416.7759754822
588854.2993000001,1049615.45409563
588854.2993000001,695585.789743007
1234961.923825,1045419.336836968
1234961.923825,1061130.8710796544
566051.2098125,773005.21300516
566051.2098125,730829.9995331358
566051.2098125,678395.4300349271
566051.2098125,634362.6580419084
156890.98325,208096.60035128315
156890.98325,109845.46951251663
429737.28555,379508.6298692709
429737.28555,429251.3644782683
429737.28555,372394.9745568872
616271.930746875,1048566.3732323381
616271.930746875,694863.0443346038
616271.930746875,695165.3661979618
616271.930746875,1046029.6869007582
616271.930746875,695374.0625943588
616271.930746875,664123.1928890942
616271.930746875,1026932.437808916
616271.930746875,690842.5160113119
235577.70895,220689.4952721012
235577.70895,326624.6660951006
575725.939675,753444.5216882953
575725.939675,855133.6616403235
543547.6873699999,685393.0456767122
543547.6873699999,685393.0456767122
543547.6873699999,697596.4774235866
543547.6873699999,697596.4774235866
543547.6873699999,575260.4011655047
2434956.4020058825,2367551.775162843
2434956.4020058825,2372342.386605892
2434956.4020058825,2853875.2045608396
2434956.4020058825,2367551.775162843
2434956.4020058825,2390284.65163079
2434956.4020058825,2372035.391562272
2434956.4020058825,2850743.805369413
2434956.4020058825,2390261.5956948
2434956.4020058825,2372342.386605892
2434956.4020058825,2367551.775162843
2434956.4020058825,2323031.417821466
2434956.4020058825,2324753.025082667
2434956.4020058825,2795085.4683835898
2434956.4020058825,2324678.83114064
2434956.4020058825,2331670.7534000827
2434956.4020058825,2330044.430158253
2434956.4020058825,2316483.850701716
319272.3856,254468.9748824237
319272.3856,381590.05558473663
664498.42408,714839.1011304674
664498.42408,801121.2551900983
664498.42408,788766.3377381787
664498.42408,718464.606727234
664498.42408,791872.0405176638
691504.76405,1016392.0421196122
691504.76405,731129.1950819454
516162.1640500001,588085.8735341575
516162.1640500001,586494.8334829705
557099.9051249999,633490.503495011
557099.9051249999,725734.2559775923
833601.451875,753413.6218044801
833601.451875,1145516.9744385278
833601.451875,747359.3662485611
833601.451875,732304.477099449
833601.451875,741494.431756364
833601.451875,741494.431756364
833601.451875,1118544.3305201067
833601.451875,704656.256194154
833601.451875,1118544.3305201067
226825.06469999996,228078.9367129383
226825.06469999996,303534.87451095687
226825.06469999996,239267.96598275844
209629.38435,182040.8566324428
209629.38435,153025.79916694493
209629.38435,255622.57226399274
343277.4414,377133.2309962266
343277.4414,272932.559479088
343277.4414,259686.62096045463
855776.9781999999,833571.213707587
985984.162015,934200.9149414534
985984.162015,941568.9418288311
985984.162015,948215.4271004674
985984.162015,1360543.3704059601
985984.162015,948215.4271004674
985984.162015,1377113.3452408924
985984.162015,1374041.3221159347
985984.162015,941860.8476222986
985984.162015,1360579.1164239324
985984.162015,918731.7128716554
774805.3934999999,897799.7094903286
774805.3934999999,874673.4063567527
774805.3934999999,1066949.2653431382
485018.54789999995,577931.7944931102
485018.54789999995,483970.2925957802
485018.54789999995,458266.54107229406
648077.95035,635259.527494848
648077.95035,642300.4567961431
648077.95035,642601.9607751291
576753.5751,983731.9897979994
576753.5751,693322.1728102406
125322.800625,102074.6268376552
125322.800625,211705.77631904784
125322.800625,132086.87313493318
532631.3596999999,582477.3033901044
532631.3596999999,612548.9381442341
504331.8115,453986.19497892243
618419.5413,946444.6724732788
456929.56775,465899.53565255133
456929.56775,632179.921339033
718006.33477,762486.4932688359
718006.33477,973090.1947875358
718006.33477,777087.304121514
718006.33477,974534.3586175535
718006.33477,773427.6601038467
506454.5211,627727.3588827506
506454.5211,622521.1170974163
837493.92287,885236.7552889194
837493.92287,944045.3765350817
837493.92287,1160932.2938566185
837493.92287,886778.0377093273
837493.92287,912002.9726799697
669526.1923749999,739907.3655911979
669526.1923749999,716752.7138015183
669526.1923749999,717130.1852646908
669526.1923749999,732853.3461705762
669526.1923749999,732853.3461705762
669526.1923749999,1146129.6410689463
588613.7228,656178.1566611569
588613.7228,647824.8143933163
2733812.54985,3083146.3593136193
2733812.54985,2635498.7157650115
492967.3415,514775.6939005013
492967.3415,541838.7952023947
522366.352,452593.13721228973
522366.352,600419.7478592267
148008.57925,94481.26868041349
148008.57925,138382.60507532663
378665.08965,476786.0660519063
378665.08965,337629.3177212345
296201.831825,282650.7672029275
296201.831825,332544.3879076378
321984.93350000004,282712.29459664604
321984.93350000004,254347.19784268958
321984.93350000004,257729.8289816074
610886.19775,536684.2980690973
316472.9545,273351.369229994
316472.9545,280478.9404418561
715171.9839071428,752300.9085600551
715171.9839071428,750362.6261437474
715171.9839071428,1162879.8689582027
715171.9839071428,1162879.8689582027
715171.9839071428,757091.5200031042
715171.9839071428,758275.0522121607
715171.9839071428,733306.4982221063
698158.1394,781232.8342863456
698158.1394,1220001.769283913
698158.1394,784456.865595819
698158.1394,763461.2474208091
698158.1394,1150687.9960712278
698158.1394,722091.9797579077
698158.1394,1124184.907671791
698158.1394,1124184.907671791
698158.1394,1165180.4967262605
392946.921675,407012.5130594247
392946.921675,405884.3788665766
392946.921675,424072.55426533706
392946.921675,414721.3450154589
430551.800325,458515.4799719159
430551.800325,453967.67753754416
2373680.68465,2436436.933200375
2373680.68465,2995625.34172519
558329.8827,600848.7070975428
558329.8827,629175.2378500015
2252481.2955,2703536.1387667716
2252481.2955,2275835.381568228
274635.3541,193797.39481627912
274635.3541,200658.1888666898
394103.3404,472664.5219391033
394103.3404,467608.53848288266
470862.3670899999,535694.5145310955
470862.3670899999,449839.4356132309
470862.3670899999,443120.5894920904
470862.3670899999,542806.3627386932
470862.3670899999,422999.6815955996
472785.5423,543085.1643825378
472785.5423,453840.9174623118
608612.9930499999,622780.1522777977
608612.9930499999,767301.7364238926
729280.8300750001,1027803.478639419
729280.8300750001,1030928.086354564
729280.8300750001,834445.8597051115
729280.8300750001,863758.9023282107
729280.8300750001,864439.818433024
729280.8300750001,862745.9675356832
331414.95685,394948.1176796504
331414.95685,249167.56339671678
388726.36895,372916.3012510672
388726.36895,371982.3474204573
388726.36895,424786.971671673
388726.36895,366457.7537411539
388726.36895,419304.301386675
908666.94085,920295.9207753863
518160.81745,650525.1252580811
518160.81745,924126.7593140794
534543.63935,918490.0268940162
534543.63935,686961.8185228545
835622.730625,835985.0146812551
835622.730625,849705.4413731596
245977.71419999996,233974.08155787928
245977.71419999996,357953.55604723573
369525.1366,326406.03282620787
369525.1366,423433.24038191733
289418.22864999995,210566.6004207774
289418.22864999995,308787.26553329895
552498.53825,624438.3979425238
552498.53825,562395.5436535246
552498.53825,543084.1811570958
649980.33375625,833172.2140202482
649980.33375625,748225.5729795868
649980.33375625,833137.9298530066
649980.33375625,716772.7736053758
649980.33375625,698713.3303703839
649980.33375625,693628.263832759
649980.33375625,820522.2744918161
649980.33375625,804679.5029057416
567006.8128999999,624950.0945620891
659497.7516,708249.302947845
659497.7516,708249.302947845
659497.7516,623088.666655217
659497.7516,589472.1470540059
894039.4939,1379085.0472972307
894039.4939,911763.4734899752
894039.4939,905474.8159753901
496641.4584999999,471752.8526610581
496641.4584999999,488665.65423491807
621800.5806999999,676531.8310752647
285984.6029,321165.2995522285
285984.6029,213020.66335580655
285984.6029,315529.41377808346
285984.6029,199755.77055876656
617157.10975,689889.6830057866
617157.10975,689728.4404801836
617157.10975,732371.0519375013
511919.56525,537219.5739655643
511919.56525,543297.049288814
511919.56525,625287.7528863895
385291.964025,419101.89219960955
385291.964025,420133.0422055572
385291.964025,504461.797059234
385291.964025,540490.2888052098
353320.78394999995,310159.15749434213
353320.78394999995,274901.37618640653
353320.78394999995,266812.57004439284
355154.487475,367334.8886318131
355154.487475,431819.8905185868
666441.305025,725843.870587479
666441.305025,617619.2642014803
666441.305025,637129.5203870346
666441.305025,725391.4789098545
666441.305025,615820.7279820825
666441.305025,634919.0070497186
387306.8457,482579.95284731453
387306.8457,406858.7273249983
387306.8457,370903.4404318772
387306.8457,361616.8510927178
387306.8457,390805.03511064255
387306.8457,374497.4335772894
247116.23562499997,164711.0552905741
247116.23562499997,195326.03078866965
638227.3494874999,664302.6259670851
638227.3494874999,598910.9773932616
638227.3494874999,578195.5764391656
638227.3494874999,585516.5769301913
737229.2979714286,829593.7434507036
737229.2979714286,809594.7054457974
737229.2979714286,830897.1785139234
737229.2979714286,1006338.2783144949
737229.2979714286,986903.5254174547
737229.2979714286,783152.2416943468
737229.2979714286,974691.9609391057
461867.8152833333,568875.3296935662
461867.8152833333,568494.98148794
461867.8152833333,437306.1936566509
461867.8152833333,438240.14748726075
461867.8152833333,568494.98148794
461867.8152833333,567808.9423139663
461867.8152833333,447914.3826564208
461867.8152833333,460064.27588684857
461867.8152833333,440046.0169757637
344745.80797499995,398088.04575585295
344745.80797499995,346987.1982357002
276685.9138,231340.59436730138
276685.9138,244510.58544449246
540766.32855,486601.00571353396
540766.32855,484339.11963667243
540766.32855,602061.5407415151
540766.32855,513946.18393797625
540766.32855,609340.3147383943
503166.4980999999,483032.9590240782
503166.4980999999,484088.2288980888
503166.4980999999,484088.2288980888
503166.4980999999,458902.93590287876
568899.7035000001,645082.8987780097
568899.7035000001,697946.738987865
568899.7035000001,645082.8987780097
568899.7035000001,673713.3105387455
1154411.4288,1082477.8408032046
1154411.4288,1129520.339934608
814787.8305499998,934036.7191444099
814787.8305499998,1410213.5760586401
814787.8305499998,1464737.623263818
1312059.5931999998,1194851.7018419185
1312059.5931999998,1217651.1373320562
538823.7249,559501.8347490114
538823.7249,607092.428652507
748740.2047999998,717162.6996758806
748740.2047999998,697570.1011577034
748740.2047999998,718396.469132346
748740.2047999998,1134715.6680263064
748740.2047999998,1126535.9051333284
748740.2047999998,1135339.2111374745
748740.2047999998,695675.9758078252
255627.04075,195812.16825761972
255627.04075,226517.59930387308
255627.04075,198175.22269841918
547376.3244249999,617760.9516798002
547376.3244249999,867819.227914331
2522493.196599999,2465762.492958956
2522493.196599999,2515219.66923011
452805.0845499999,515117.9574002165
452805.0845499999,420735.1068476763
641998.698725,742328.9934876638
641998.698725,1094674.8625329067
1246396.0260999997,1219571.8399944464
1246396.0260999997,1227989.351898862
828384.9907,1182435.879294866
828384.9907,847254.6697397272
453774.72059999994,370143.94232429867
453774.72059999994,518047.51475624216
540910.8631593749,651094.8828515233
540910.8631593749,665616.1836603018
540910.8631593749,682365.0670226276
540910.8631593749,685441.0467310164
540910.8631593749,651094.8828515233
540910.8631593749,666127.2019200568
540910.8631593749,684248.9058413398
540910.8631593749,1023428.2701344516
257576.6419,206762.3756836609
257576.6419,199652.5690077534
1374268.9203600003,1606740.7194256922
1374268.9203600003,1155437.6304434068
1374268.9203600003,1160681.193188996
1374268.9203600003,1625687.8260974898
1374268.9203600003,1156926.6386981707
1374268.9203600003,1621219.2356298806
1374268.9203600003,1157198.7488806178
1374268.9203600003,1160228.241886456
1374268.9203600003,1116092.4526577091
1374268.9203600003,1132535.855749638
1374268.9203600003,1114369.3298600109
1374268.9203600003,1125360.1835062846
1374268.9203600003,1569153.9522550113
1374268.9203600003,1588773.7956706262
1374268.9203600003,1587036.6625897514
200491.766375,154428.616696917
200491.766375,202329.38391081302
475326.34104999993,473781.71272612177
475326.34104999993,473781.71272612177
475326.34104999993,599849.58936194
354872.9398,306773.00837898895
354872.9398,309027.4020077122
354872.9398,277847.7229638704
354872.9398,358578.2404214552
660503.7880000001,1115114.3579404764
660503.7880000001,685625.8677043746
296130.1267,323678.4559158716
296130.1267,253776.77574382507
365894.6511,407629.0633247454
365894.6511,404610.4308678126
207855.71990000003,143258.41937255312
207855.71990000003,145182.04785961309
207855.71990000003,227536.1982963225
512711.8216,601719.0726228356
512711.8216,589412.0797222909
462124.45785,521048.00356947066
462124.45785,645468.1338709518
690934.531225,689616.0320059446
690934.531225,721968.276132772
719499.925775,747349.2136404921
719499.925775,762717.9860580219
719499.925775,765793.9657664108
719499.925775,744517.4046401704
719499.925775,744517.4046401704
719499.925775,1206881.8289771772
719499.925775,1102458.6464712052
719499.925775,706958.6022877715
719499.925775,1111672.7722077542
719499.925775,786456.4666610702
557398.4192374999,632188.4911745343
557398.4192374999,686092.9764891439
557398.4192374999,772642.9960240633
557398.4192374999,620178.7427936444
649179.1686999999,719841.3261880944
649179.1686999999,661349.1235806075
649179.1686999999,642416.1404866606
649179.1686999999,710585.9825498841
547197.88515,541890.8435289864
547197.88515,512397.4215618357
547197.88515,645802.8654357848
212774.07352500004,158171.62083906465
212774.07352500004,195318.43472427054
539837.4665249999,670688.2046528894
539837.4665249999,669123.914136341
500683.9953499999,764753.9235446831
500683.9953499999,732470.2328451138
787898.3025857143,725596.3981478516
787898.3025857143,704434.4713741739
787898.3025857143,725596.3981478516
787898.3025857143,698380.2158182549
787898.3025857143,1124736.8250863515
787898.3025857143,709300.9444922553
787898.3025857143,708320.6238821808
985254.0378,969681.8721534582
985254.0378,975270.2035053242
206953.69375,243668.61908948375
206953.69375,141167.46070096386
651160.9087333333,1095091.3913195573
651160.9087333333,1095091.3913195573
651160.9087333333,660711.8486551276
651160.9087333333,675766.4565992629
651160.9087333333,656623.7656602261
651160.9087333333,1055406.1216542744
651160.9087333333,1032300.9337463086
651160.9087333333,1054725.205549461
651160.9087333333,1055406.1216542744
439856.3324,548359.5571122456
439856.3324,450406.08238558064
439856.3324,468994.02242156246
371655.283125,481062.69080555113
371655.283125,368648.3790147177
371655.283125,360880.7878355936
371655.283125,465852.9942075842
2377860.4281,2180044.5173741886
2377860.4281,2227787.4707557373
558334.3063749999,648727.5430054737
558334.3063749999,563189.135320052
551506.0084,607220.3276110396
551506.0084,876469.9427381805
551506.0084,586295.4951374859
576107.127475,583769.8471741279
576107.127475,909684.7764124151
697054.1024593749,1063400.3789747087
697054.1024593749,777015.3751335308
697054.1024593749,784053.6822227436
697054.1024593749,768559.1832382018
697054.1024593749,1063181.5836444045
697054.1024593749,741767.8207761622
697054.1024593749,741166.3099793172
697054.1024593749,1083688.8396299495
890616.6744000001,860842.2216670049
890616.6744000001,890017.5462357067
591477.3456499999,683549.0880970936
591477.3456499999,573045.3151579823
591477.3456499999,565039.6417849537
547462.80235,754720.1828460835
547462.80235,610515.6965095471
547462.80235,638349.0699953357
547462.80235,596334.2617669841
547462.80235,634909.8843887441
376596.88648999995,425951.73399632255
376596.88648999995,381637.4487304783
376596.88648999995,375784.4717686782
376596.88648999995,424009.4138893925
376596.88648999995,422112.8791298717
368324.03075,445620.5939060247
368324.03075,331773.79812931793
309723.96624999994,216803.62411203288
309723.96624999994,215481.35977050482
635732.5021999999,1182774.1674128154
635732.5021999999,1178787.9437673998
635732.5021999999,754300.381186562
635732.5021999999,1079123.476900347
635732.5021999999,732235.8479949206
635732.5021999999,770801.332147586
635732.5021999999,1082012.941659443
635732.5021999999,731291.8741108178
635732.5021999999,1078979.5497054984
233837.3982,219185.590410717
233837.3982,217245.1169562479
738635.3056999999,653427.3960877884
738635.3056999999,630655.0269507051
586668.8694999999,853659.6574655717
586668.8694999999,673737.396506375
586668.8694999999,814761.3350556315
586668.8694999999,837729.4858166638
586668.8694999999,653175.7194460185
586668.8694999999,831617.95097137
638655.36905,1040547.2219068976
638655.36905,633419.7063006398
881709.4119925,953929.368879271
881709.4119925,1220025.1908196448
881709.4119925,1215729.6599967903
881709.4119925,930039.751346756
881709.4119925,1215685.1601417582
881709.4119925,1194822.7916908357
881709.4119925,894699.0622632268
881709.4119925,894699.0622632268
881709.4119925,1170183.3765674524
881709.4119925,905169.6975138348
582596.478825,511429.22564532864
582596.478825,506525.54995345045
582596.478825,493752.75718755985
582596.478825,592686.3269189324
312736.9447,248923.07381308638
968366.52625,995977.3114371373
968366.52625,1372635.433756043
293556.77645,319111.4205001113
293556.77645,233766.08528266696
1296267.9383000005,1239055.9770176033
1296267.9383000005,1233157.703336262
1296267.9383000005,1200465.6067841602
1296267.9383000005,1599251.261818754
1296267.9383000005,1640060.0141185105
1296267.9383000005,1231954.4666092421
1296267.9383000005,1599751.2460863702
1296267.9383000005,1192108.139651976
1296267.9383000005,1192108.139651976
1296267.9383000005,1194760.8341594061
1296267.9383000005,1192108.139651976
1296267.9383000005,1188548.3632970317
1296267.9383000005,1204288.6483997593
544885.5904500001,972602.6829948567
544885.5904500001,651746.3112754264
403113.40059999994,356573.76548848883
403113.40059999994,353333.9012962112
634562.7966499999,1130959.0036795472
634562.7966499999,1119048.6710344236
634562.7966499999,728198.1920462811
664538.680025,612373.5165163917
664538.680025,620966.4642987386
621263.2717,710791.4268486525
621263.2717,727657.6242003056
685863.9123874999,840632.3294447403
685863.9123874999,841895.9735576102
685863.9123874999,783379.3597132915
685863.9123874999,860386.7747521579
599358.5399875,678355.2497444673
599358.5399875,593659.6917236026
599358.5399875,617790.7986092521
599358.5399875,584549.3733572394
436456.4680875,511093.52697354916
436456.4680875,524929.6059573303
436456.4680875,440998.0261745375
436456.4680875,501739.2277562893
729463.763875,629057.0255520605
729463.763875,648183.5281978337
773456.1357925,1144394.4041635983
773456.1357925,736619.9152942115
773456.1357925,728295.7849055649
773456.1357925,748225.026999042
773456.1357925,731146.5461617413
773456.1357925,1147466.427288556
773456.1357925,697802.6111135578
773456.1357925,1085050.3423649336
773456.1357925,693454.3501956215
773456.1357925,701465.7799381247
627465.4810500001,715983.3357217221
627465.4810500001,675199.992102546
627465.4810500001,805929.035508589
627465.4810500001,792297.1797716218
627465.4810500001,672647.5717534442
269902.95765,230721.6615971647
269902.95765,301748.20155619475
269902.95765,281225.1466989669
785287.0739999999,651022.8704579131
785287.0739999999,679491.9188366467
380800.59569999995,312622.4817463664
380800.59569999995,350785.9475741095
294535.0683,203320.1439463789
294535.0683,306239.74640518555
294535.0683,330692.8456792263
1203781.1058454546,1139147.1475444413
1203781.1058454546,1539480.1512473798
1203781.1058454546,1539444.4052294076
1203781.1058454546,1539444.4052294076
1203781.1058454546,1135835.451020596
1203781.1058454546,1130987.3313777093
1203781.1058454546,1539444.4052294076
1203781.1058454546,1091874.7412846202
1203781.1058454546,1504347.9090550896
1203781.1058454546,1085626.3683026475
1203781.1058454546,1103698.4371017586
237974.19303125,257303.88400492579
237974.19303125,331916.2266313909
237974.19303125,281721.7023053573
237974.19303125,324468.35651518696
442767.537025,431167.88666687603
442767.537025,579409.5905308351
347176.63405,519873.25344820984
347176.63405,519873.25344820984
347176.63405,309957.8968329642
347176.63405,326549.80468022736
266219.1273,260293.26796860824
266219.1273,242753.70483228768
570166.1717,1007096.8457317312
570166.1717,733015.893367533
570166.1717,708316.1784126777
567465.853,636538.2564711912
567465.853,652567.4657772246
557486.9454,739773.322987714
557486.9454,713502.0029891898
557486.9454,764398.6987050825
609427.52255,801188.6015737667
609427.52255,761935.0497379848
541992.3064100001,610003.0622184854
541992.3064100001,609492.0439587303
541992.3064100001,610003.0622184854
541992.3064100001,633004.2390689894
541992.3064100001,604815.5172231202
580085.6669250001,637803.3033672408
580085.6669250001,546174.2821096489
533006.5987249999,610393.1032601314
533006.5987249999,511522.0600543638
1166836.885025,1019797.4233661757
1166836.885025,1026724.917644442
576813.95835,812542.0364599639
576813.95835,650185.829442383
787318.6522249999,894736.169790904
787318.6522249999,854778.858500273
333895.76340000005,369407.07463995036
333895.76340000005,357191.7209132771
333895.76340000005,376295.41507708136
733191.7295454546,1187906.063392296
733191.7295454546,1067857.9590195087
733191.7295454546,796725.9400799186
733191.7295454546,796022.5503397894
733191.7295454546,1063601.1472320175
733191.7295454546,1185134.364189588
733191.7295454546,1032016.5216508061
733191.7295454546,765347.4303906624
733191.7295454546,780447.5731276162
733191.7295454546,1032016.5216508061
733191.7295454546,1114265.6596267181
292854.5633,279989.78895242926
292854.5633,278189.34621996235
292854.5633,281683.2977555196
750407.7337900001,1107567.0475439294
750407.7337900001,688208.3759422564
750407.7337900001,1110847.7756450367
750407.7337900001,691040.1849425782
750407.7337900001,1111803.9918977434
750407.7337900001,702220.5189479644
750407.7337900001,1076889.446931718
750407.7337900001,640229.0445398793
750407.7337900001,1055947.714577772
750407.7337900001,1140524.039533036
395992.56305,526108.1141037168
395992.56305,436335.2472290626
395992.56305,426219.3552056339
411829.74704999995,425841.1926291246
574778.48635,611644.8979427763
574778.48635,1036297.8225034934
441514.42197500006,471836.84354120644
441514.42197500006,453947.2806239519
771801.2289,1097603.6341557505
771801.2289,668302.705239715
404992.0757,595811.9923112823
404992.0757,498221.1227910395
404992.0757,580916.1710492816
1176120.3385937498,1133046.2696219813
1176120.3385937498,1561213.467936262
1176120.3385937498,1134309.9137348512
1176120.3385937498,1133046.2696219813
1176120.3385937498,1133904.5885778395
1176120.3385937498,1134309.9137348512
1176120.3385937498,1126210.3671330921
1176120.3385937498,1120384.0479970763
419722.5027,479780.96538615046
419722.5027,399163.1671497581
419722.5027,396669.6729933136
391651.07965,466828.1089238664
391651.07965,574488.6732526901
391651.07965,461779.26586915704
505148.161275,583854.2484606677
505148.161275,650765.2718525282
559200.2176249999,615964.9544401908
559200.2176249999,629255.8112834839
559200.2176249999,628744.7930237289
559200.2176249999,578751.8188080069
530159.9061499999,595082.2231120031
530159.9061499999,625572.4129236164
530159.9061499999,990539.4223860151
506463.69445,524377.6461447801
506463.69445,525754.0773224689
506463.69445,622536.693269946
506463.69445,603131.9611108347
358188.20399999997,390631.9170627763
358188.20399999997,508894.93222167937
616214.1738749999,636319.5745870385
616214.1738749999,620277.6318208516
277515.86337499996,338886.00423608033
277515.86337499996,335019.2642449824
277515.86337499996,261487.50672900362
277515.86337499996,336302.8845853255
629337.866875,733353.8176375101
629337.866875,731800.9370327438
629337.866875,731800.9370327438
629337.866875,732842.799377755
629337.866875,682678.4693736603
629337.866875,721068.8189288838
629337.866875,720387.9028240703
629337.866875,815313.2848997412
635753.840125,572420.7026799225
635753.840125,608732.1201494598
543350.621275,1025400.4966964519
543350.621275,695382.4582780987
305415.2618,329931.19549114245
305415.2618,213157.2921512741
305415.2618,318043.8567437145
613543.0605499999,663202.9223333255
613543.0605499999,734266.1520424827
613543.0605499999,773496.2100727627
444883.05645,563757.7119869621
444883.05645,406092.1481032889
602520.7902,575834.7632903042
602520.7902,568123.3705582832
370381.7797,293649.122816566
458931.52975,580923.8008994965
458931.52975,603665.281720561
586718.4180250001,620943.5646284705
586718.4180250001,676593.1772277704
784111.5020499999,1055740.5596416197
784111.5020499999,1055521.7643113155
784111.5020499999,898536.7207117883
784111.5020499999,854949.5631323418
784111.5020499999,1025434.54445883
579456.7766750001,631705.881854647
579456.7766750001,548321.8990538821
605333.1724538462,1094092.8085523976
605333.1724538462,768931.3523808119
605333.1724538462,744961.5230555558
605333.1724538462,745159.4005157572
605333.1724538462,745159.4005157572
605333.1724538462,756480.2839023371
605333.1724538462,769442.3706405669
605333.1724538462,1093874.0132220935
605333.1724538462,708979.2451446417
605333.1724538462,730253.9531538024
605333.1724538462,730253.9531538024
605333.1724538462,1081074.1712030524
605333.1724538462,762375.4599978762
547528.0817999999,533265.8494330007
547528.0817999999,643358.458112419
551170.5226624999,955106.301368271
551170.5226624999,1064441.4496915066
551170.5226624999,955325.0966985752
551170.5226624999,635693.5127722088
551170.5226624999,958180.6445918747
551170.5226624999,633713.1455249193
551170.5226624999,636204.5310319638
551170.5226624999,657305.2197673088
583666.492775,655718.1959969569
583666.492775,799591.7428962667
583666.492775,655207.177737202
583666.492775,782678.2565875393
583666.492775,642880.4190166917
583666.492775,706389.7292935987
565248.6425,674249.0259864966
565248.6425,680566.4553135536
565248.6425,649731.2717475482
565248.6425,678639.891046893
820271.5921749999,887440.7811198772
820271.5921749999,911796.1109383248
631400.8747,689161.1477859424
631400.8747,863458.4429638372
241514.77195,261139.337368813
241514.77195,160418.4673663797
525365.22695,452568.7861967365
525365.22695,414133.904333323
249986.57295,189829.9023650497
249986.57295,301636.8465944092
249986.57295,316607.575679493
321503.30929999996,367009.10302167403
321503.30929999996,297066.7125566443
321503.30929999996,250343.7511425342
454859.039075,432810.3660189147
454859.039075,544624.3562870346
889886.1087000001,864333.7873230369
889886.1087000001,890895.9117539237
619324.9347,567129.526575148
619324.9347,542487.4014297434
619324.9347,594887.3665165183
619324.9347,575706.9881867908
339321.35085000005,297487.9104527817
339321.35085000005,381346.80061449454
339321.35085000005,300956.5387222615
339321.35085000005,261747.09272916138
805268.3499499998,770596.1674794815
141603.02585,146248.13524028537
141603.02585,146203.10552123067
894056.8262499998,868724.636179423
894056.8262499998,863251.2670469529
894056.8262499998,879905.5534422677
894056.8262499998,855949.6991434806
894056.8262499998,879905.5534422677
894056.8262499998,1311573.8387968556
894056.8262499998,1314345.5379995639
894056.8262499998,1311609.584814828
894056.8262499998,861653.7351317952
604522.93535,652764.2102026473
604522.93535,700601.3293123685
604522.93535,636752.3312130776
711210.80695,693191.1586458142
711210.80695,676647.1782375509
711210.80695,685323.4481415962
711210.80695,687161.4969490776
711210.80695,694642.9513026921
711210.80695,675749.3550387408
490330.63328750007,497831.2420731286
490330.63328750007,443874.86874155723
490330.63328750007,431125.5638271315
490330.63328750007,434950.41526793316
599361.9863,674738.2082258777
541433.523925,484642.954516286
541433.523925,534964.3121218171
773656.7395857142,834088.8517468357
773656.7395857142,806740.01180219
773656.7395857142,835416.5223616482
773656.7395857142,806740.01180219
773656.7395857142,788692.8420900849
773656.7395857142,794311.6715297399
773656.7395857142,788629.9519662975
661868.8471,745256.7067848223
661868.8471,733320.2168544085
628048.7731,880210.3869824
628048.7731,724095.712636967
370932.4317999999,377760.9347460427
370932.4317999999,378274.99090299086
987751.6495,1262172.0747108827
987751.6495,1227406.3417003017
1132284.2626,1492431.7673728033
1132284.2626,1071511.2182162702
736136.6856999999,752176.9817005689
923719.65245,893343.0793089198
923719.65245,901567.0817503894
923719.65245,901567.0817503894
923719.65245,896776.4703073404
923719.65245,905419.5596290028
923719.65245,896776.4703073404
923719.65245,1345228.535186236
923719.65245,888005.7199542146
348286.23549999995,367038.14252849884
348286.23549999995,342959.3846158222
209742.491875,300242.04515567224
209742.491875,229941.8574753044
225078.60085,169274.3162771017
225078.60085,283347.7831513401
420221.572725,368213.51573405496
420221.572725,424253.75831665006
175348.25235000002,229798.50996737642
175348.25235000002,142508.38580746565
660262.8954,612619.0869450979
660262.8954,634889.5592451069
520011.1989,513077.8924342167
520011.1989,564394.7123296976
956437.7038,832264.2843097339
956437.7038,843519.5456874957
532028.72835,516304.1988608161
532028.72835,560429.033776416
532028.72835,507726.3331813335
252719.2361,290294.10003676853
252719.2361,282926.0123895337
759212.907,825748.2950037188
565509.13885,602442.6424890957
565509.13885,705803.430124793
565509.13885,641726.8112227598
565509.13885,712381.3155957113
565509.13885,602732.2814273266
686274.6741000002,822354.5823496898
686274.6741000002,839608.4116577859
604246.8555250001,526410.2023774512
604246.8555250001,519252.0921466319
791473.1605,1082013.5580043895
267010.1508,325835.40638782707
267010.1508,208402.3821596529
450993.378,457985.0699973783
933474.22165,931970.8555311393
933474.22165,922316.6388989139
933474.22165,1363819.6927070748
933474.22165,938617.3408027757
933474.22165,1350945.2841082686
933474.22165,1368147.8724798933
933474.22165,931603.4721954669
933474.22165,1367517.5790418466
933474.22165,899955.4530264947
158393.49699999997,100999.75008064252
158393.49699999997,145082.24638721178
195639.2002,239442.03156054043
195639.2002,176342.97039731324
195639.2002,176297.9351801903
330082.10295,266822.5151424424
914002.7414,1271234.6105515193
914002.7414,862805.9672925816
914002.7414,858277.2691458603
914002.7414,853486.6577028111
914002.7414,858277.2691458603
914002.7414,1268247.0134933009
914002.7414,1251700.1065043723
2500083.29525,3037341.0328240036
2500083.29525,3007040.0528879436
2500083.29525,2537340.0389781287
514722.80655,448790.1486008152
514722.80655,455508.9947219556
514722.80655,484806.59046413586
514722.80655,478265.9589942378
514722.80655,551787.8212593744
514722.80655,445547.6529671609
562906.98745,557273.9997819577
562906.98745,602498.0165265405
234729.317725,172946.32826271775
234729.317725,208543.32910543133
1395913.5241236845,1339849.7189024147
1395913.5241236845,1342595.039299624
1395913.5241236845,1337804.4278565748
1395913.5241236845,1342595.039299624
1395913.5241236845,1344640.330345464
1395913.5241236845,1786480.43169211
1395913.5241236845,1786480.43169211
1395913.5241236845,1344640.330345464
1395913.5241236845,1353610.7480898688
1395913.5241236845,1347600.8657232353
1395913.5241236845,1297006.4664427026
1395913.5241236845,1304965.610812272
1395913.5241236845,1298729.5892404008
1395913.5241236845,1298729.5892404008
1395913.5241236845,1298729.5892404008
1395913.5241236845,1298729.5892404008
1395913.5241236845,1297006.4664427026
1395913.5241236845,1300466.7223212756
1395913.5241236845,1337229.0722933873
962078.25355,930176.87904182
962078.25355,1368633.2374606677
962078.25355,1356488.7100121847
557558.51215,559293.1857682256
557558.51215,588303.9497965946
557558.51215,601143.366962139
678449.8690749999,779675.8549363415
678449.8690749999,717327.1790225296
678449.8690749999,699100.3737484347
678449.8690749999,781237.7751054764
618915.9427,587648.6665118238
335562.2721,345702.9933717728
584622.3467,760568.3358037244
584622.3467,699664.7560045465
828266.42193,1133050.6982048778
828266.42193,731431.4204681324
828266.42193,725376.4788277745
828266.42193,736881.3210403216
828266.42193,738447.6091740872
828266.42193,682212.7553137923
828266.42193,678951.2056872748
828266.42193,687139.8212596509
828266.42193,679632.1217920881
828266.42193,730634.5965406479
592105.9023,1124941.0045199003
592105.9023,1082966.7855906135
259703.26432499997,233446.18363932503
259703.26432499997,317156.9095805614
627391.8799625,711661.2873844785
627391.8799625,666861.1737060052
627391.8799625,667613.7995591201
627391.8799625,824796.828179213
1004462.9279,1440451.1322352705
1004462.9279,1440486.8782532425
1004462.9279,1027606.1737765691
1004462.9279,989001.6309044324
1004462.9279,1390640.0413062987
1004462.9279,1004216.0709773449
508851.0968999999,534586.0126686353
549265.4127,654393.1444749415
549265.4127,758126.3359472541
549265.4127,639179.675291531
549265.4127,751062.4633413086
456080.082,590725.019468539
456080.082,519708.90937257535
456080.082,684294.022176809
812843.7621499998,812135.6412376168
812843.7621499998,797068.1310689048
812843.7621499998,800567.9923215046
812843.7621499998,1092848.7481314754
812843.7621499998,796557.1128091499
812843.7621499998,1085183.8724116762
812843.7621499998,1042149.5767545197
375924.0756,340634.88445500884
375924.0756,395732.1000656417
613315.5276,968305.206780763
613315.5276,988484.172126031
613315.5276,655378.7034100863
613315.5276,640294.5164763967
613315.5276,608948.3077541447
613315.5276,608948.3077541447
613315.5276,978367.3738754671
848730.6753999998,771254.5850534166
848730.6753999998,1235957.238086295
556649.67765,564102.551003697
442748.89435,520412.11313391814
442748.89435,399282.5901634549
481755.8856,613896.8152850404
692674.056475,823943.4932177898
692674.056475,738475.0486147949
693743.277825,787366.1097544067
693743.277825,730373.4351555253
693743.277825,730884.4534152803
693743.277825,699333.9851975354
693743.277825,815975.309607411
693743.277825,739054.0685360278
555148.7192749999,759965.8080555659
555148.7192749999,643051.8367615299
395465.01729999995,365047.8314369015
395465.01729999995,367529.7848392972
395465.01729999995,376050.89087145333
593026.1698375001,811050.907379302
593026.1698375001,721105.2075924351
593026.1698375001,721616.22585219
593026.1698375001,735784.1096331718
349483.9761,476636.9631711783
349483.9761,524311.6676344988
451516.2674,498762.2612258479
702887.2480499999,700244.7792363231
327226.99905000004,301625.22671001573
327226.99905000004,290910.7964456083
327226.99905000004,390455.45543110627
467821.1166,563292.5035330817
467821.1166,586421.1355650761
467821.1166,468278.8011965385
886354.3835833335,978873.2371264694
886354.3835833335,978873.2371264694
886354.3835833335,1023049.1753598755
886354.3835833335,979319.6973955834
886354.3835833335,991896.8231715327
886354.3835833335,1310845.6101787374
886354.3835833335,952623.3555025554
886354.3835833335,951614.9331272854
886354.3835833335,971841.8729358758
653163.67565,791736.7774835445
653163.67565,678645.5483585893
313990.82205,290102.3242180661
313990.82205,350518.2669529487
736560.1161999999,690242.4832525407
736560.1161999999,695692.38382473
736560.1161999999,1104920.6870937035
736560.1161999999,697228.4751445535
736560.1161999999,699425.4547628192
736560.1161999999,702622.065170747
736560.1161999999,1122447.2815793524
527407.61585,567486.8477199255
527407.61585,595225.9387629064
862875.2366,895481.097426006
862875.2366,870110.6008140963
592512.5390999999,803878.0610634809
592512.5390999999,847839.9209037204
320303.9322,353418.69575967785
320303.9322,340000.29195739026
320303.9322,348292.76939906675
320303.9322,268714.4218292359
567508.0325,758607.2238250257
567508.0325,803392.955942161
239647.74749999997,367770.1825905148
239647.74749999997,232654.94022155995
271007.04339999997,347584.9132129827
271007.04339999997,325609.561256361
738397.8009285714,1210942.4069762626
738397.8009285714,1081270.8443599264
738397.8009285714,1204013.5281653195
738397.8009285714,798258.2066525419
738397.8009285714,805695.7294395838
738397.8009285714,798986.1093106157
738397.8009285714,1101164.0632599574
238039.37319999997,167503.60732962174
238039.37319999997,160441.51293048123
604182.2742999999,1002960.9550714358
604182.2742999999,1082322.2913129686
242166.02275000003,165236.76779500407
242166.02275000003,238399.21307069465
605233.2351,607562.0862849772
605233.2351,701600.4415617243
605233.2351,643002.4035708752
605233.2351,605394.3920225895
605233.2351,632508.6683073001
605233.2351,597878.869575311
425742.5414125,432839.6585801302
425742.5414125,388306.5969673256
425742.5414125,387416.67369767773
425742.5414125,383858.13301868807
425742.5414125,495342.847165277
425742.5414125,379074.7149324627
339696.4047,489534.11431061174
339696.4047,380119.3440130969
339696.4047,503331.34580883593
748424.8115214284,711581.6803393925
748424.8115214284,1127756.9619664422
748424.8115214284,711581.6803393925
748424.8115214284,725584.9428401159
748424.8115214284,728536.4231241288
748424.8115214284,718097.3675111851
748424.8115214284,684829.3888867518
283484.21715,324450.84125613637
283484.21715,261965.88842117897
283484.21715,289278.171713351
1003826.35025,832693.3672944976
540642.2193300001,567457.7450693789
540642.2193300001,671808.4556122196
540642.2193300001,577793.5891717055
540642.2193300001,660875.3718528973
540642.2193300001,558316.6675969168
713181.267375,1145087.6850944073
713181.267375,768108.2538087955
713181.267375,767412.0049328677
713181.267375,771900.1957661525
713181.267375,755714.7709935652
713181.267375,722972.5705404584
713181.267375,1115001.67492188
713181.267375,722291.6544356451
713181.267375,752321.3489127425
750190.4175499998,1134088.7491067857
750190.4175499998,727546.3218251374
750190.4175499998,720708.3530030751
750190.4175499998,725590.6653124131
750190.4175499998,719106.6016159006
750190.4175499998,1131014.405883182
750190.4175499998,699640.5344829776
465984.292575,743167.4692878646
465984.292575,578682.6350418
816947.5721549998,1091007.8461586803
816947.5721549998,800344.5569350454
816947.5721549998,804100.3272903
816947.5721549998,807696.2912419424
816947.5721549998,816434.1036232673
816947.5721549998,806098.8593566851
816947.5721549998,771659.947260881
816947.5721549998,1058410.2731159737
816947.5721549998,785566.21709512
816947.5721549998,784510.7376063792
733163.9564149999,1129502.1533871272
733163.9564149999,700247.7334680501
733163.9564149999,708027.2351289672
733163.9564149999,1126427.8101635235
733163.9564149999,713376.7117360799
733163.9564149999,700873.3917653091
733163.9564149999,657479.9917301366
733163.9564149999,668361.9707461909
733163.9564149999,656799.0756253231
733163.9564149999,666563.8177730864
298514.38539999997,264279.8653883873
523805.4652249999,539145.9554919549
523805.4652249999,526944.7459298545
523805.4652249999,553992.8480872851
523805.4652249999,516108.3099423772
392380.5241,364996.4325422481
392380.5241,371096.2286330509
392380.5241,340485.3679478098
657399.4413,1055780.1584201045
657399.4413,703686.4455933694
607171.9983928573,680531.5814832561
607171.9983928573,996334.9946410276
607171.9983928573,1011527.7525348435
607171.9983928573,676910.9526832311
607171.9983928573,975206.3538500157
607171.9983928573,677190.1170504292
607171.9983928573,988944.3435626047
450621.2536,423299.8723114835
450621.2536,578681.7212139199
450621.2536,458182.30189440947
738420.9522499999,822371.0016035857
738420.9522499999,815849.7585961256
738420.9522499999,795424.1853816777
639918.6849999999,777556.4990881997
639918.6849999999,842674.3317665976
639918.6849999999,839208.0950558081
639918.6849999999,891840.9006210035
363639.1439,331951.5616030937
363639.1439,411302.89992025786
363639.1439,333091.95691884606
177170.79379999998,261391.82111796347
177170.79379999998,260757.9540726457
177170.79379999998,154858.9233139775
466156.52115,491754.70338286017
466156.52115,474079.50975314743
466156.52115,437173.7653284539
298104.30407500005,246547.4969430798
298104.30407500005,286763.2786685809
646761.8248,731729.5453144937
646761.8248,739076.9642680791
560728.1177000001,541755.530168351
560728.1177000001,620881.982532692
560728.1177000001,518103.7022967556
560728.1177000001,500775.14416127466
628362.009725,676133.4003502851
628362.009725,1085461.6862398605
403766.7442625,393150.2999659318
403766.7442625,397980.02777821454
403766.7442625,422556.6573332385
403766.7442625,379733.8585311566
403766.7442625,448665.5228298122
403766.7442625,448665.5228298122
403766.7442625,393104.87405195035
403766.7442625,390294.92707389256
316566.70900000003,340544.06440335896
316566.70900000003,451975.4351647502
544990.12255,624096.1015169165
544990.12255,610703.882237115
341086.716675,316664.9092441678
341086.716675,351652.8174140357
1095700.7443,1019534.1945054492
1095700.7443,1478850.2840057136
729777.2149499999,699584.8496437267
729777.2149499999,717654.1113189978
729777.2149499999,716231.7522402018
729777.2149499999,1106962.3987460576
729777.2149499999,715572.4631110616
729777.2149499999,694175.5101297934
297384.826725,270217.3022671457
297384.826725,341271.55076290434
297384.826725,314716.9753698118
566918.4808499999,568093.1520786678
566918.4808499999,571344.4695193435
566918.4808499999,587994.2191465151
937453.5115,901832.144823352
937453.5115,1227877.7942513018
937453.5115,901832.144823352
937453.5115,907936.9475401083
937453.5115,1185341.8973134644
937453.5115,881153.5483760717
937453.5115,1280975.4215233596
474308.95994999993,440499.6970705406
474308.95994999993,436166.5788115685
275571.2434,198066.561886343
275571.2434,232461.84911720414
275571.2434,199266.86532289808
666929.85685,722206.7725399368
666929.85685,747493.4545825107
388199.046425,493733.03041009814
388199.046425,487172.29540102277
388199.046425,375092.75125172816
388199.046425,489291.82762115914
395494.31585,484479.1875880004
395494.31585,481233.1542968892
395494.31585,484828.07820881455
395494.31585,480792.1762873152
934530.9682,1323404.204263502
934530.9682,1438349.441339249
934530.9682,952044.4682197389
934530.9682,964548.9777003098
934530.9682,1435577.7421365408
934530.9682,943878.6613693067
577680.6442,612838.0224197494
585571.0917499999,560643.0252327478
372724.61238928576,339725.6595369677
372724.61238928576,410381.3842500005
372724.61238928576,355605.4956462371
372724.61238928576,413843.2656837581
372724.61238928576,371067.8079942012
372724.61238928576,418534.77816066507
372724.61238928576,348638.0299876683
397515.176275,340453.7081128196
397515.176275,412241.8443246889
524059.21532,621602.1991023943
524059.21532,596542.2122750009
524059.21532,519491.64344772464
524059.21532,519564.12881404464
524059.21532,603981.7439599696
797790.244725,639010.2309568288
797790.244725,681750.0950109339
131005.91699999996,113297.70929760323
131005.91699999996,256959.6862573526
715738.134375,1139168.5061891186
715738.134375,1139166.7082669572
715738.134375,1141966.6879536356
715738.134375,742440.449377942
715738.134375,741112.7787631296
715738.134375,678483.7039015029
715738.134375,678483.7039015029
715738.134375,695582.8369398648
2475614.098775,2605513.7668021834
2475614.098775,3160349.545845135
430103.249375,423631.496832486
430103.249375,396440.06545395515
430103.249375,502719.8925417168
430103.249375,502076.18722704885
430103.249375,405838.8962835895
364877.4355875001,459672.3536779423
364877.4355875001,373174.38800359564
364877.4355875001,331206.0971677332
364877.4355875001,441544.90926630277
613942.3674214286,875416.4016388194
613942.3674214286,875197.6063085152
613942.3674214286,692736.8678309902
613942.3674214286,696357.4966310152
613942.3674214286,675049.838422633
613942.3674214286,679713.2320697439
613942.3674214286,815222.7059789881
760700.1284,601498.8755942904
760700.1284,634545.2480425565
523535.79824999993,664128.4082975768
523535.79824999993,622302.0113446575
608372.3293214286,633962.6682903405
608372.3293214286,619421.6381430668
608372.3293214286,647180.5145509475
608372.3293214286,633451.6500305855
608372.3293214286,617430.886939856
608372.3293214286,616930.6876162966
608372.3293214286,956377.9996130778
494817.8612500001,555687.7934156145
494817.8612500001,571155.9565935963
494817.8612500001,570644.9383338413
494817.8612500001,646993.9751226935
176303.5298,245852.28373856028
176303.5298,238616.9129692
176303.5298,125651.29902562604
274416.065,215964.36053913663
274416.065,220752.8334655853
274416.065,176151.11245473044
768150.2921999999,810921.2788071778
768150.2921999999,1083772.2178080163
768150.2921999999,1095865.6362949521
768150.2921999999,821744.9683083289
768150.2921999999,1063673.1971899713
768150.2921999999,793338.9910104633
768150.2921999999,841826.6256750942
540662.6423,556852.1244595796
463267.6782,432722.57727909496
463267.6782,504920.15889119584
851516.6819874999,1178293.8345444428
851516.6819874999,767807.3512264972
851516.6819874999,767148.0620973571
851516.6819874999,774164.2508033119
851516.6819874999,767181.6929292382
851516.6819874999,1174708.0493921007
851516.6819874999,732809.9140427238
851516.6819874999,1141169.662800332
851516.6819874999,727938.3780495423
851516.6819874999,1197871.6750256661
557083.191625,546752.4721427299
557083.191625,488051.7983783342
516821.1876,634597.0994187786
516821.1876,515953.2944382263
516821.1876,605210.4820026241
516821.1876,507910.5116855911
696767.8214250001,755657.5564571599
696767.8214250001,770212.988751577
696767.8214250001,1144910.2524671052
696767.8214250001,771540.6593663894
696767.8214250001,755355.234593802
696767.8214250001,755355.234593802
696767.8214250001,715174.777668484
696767.8214250001,732729.8282545984
696767.8214250001,715174.777668484
696767.8214250001,737259.7833602075
421660.4183000001,431235.3054671799
421660.4183000001,552711.4167728602
597162.153,551824.0600383795
597162.153,534479.3305865431
597162.153,562729.7169194168
597162.153,609559.7664791859
501194.200075,428669.0759758431
501194.200075,477375.81118264806
542291.1287499999,560461.5211069828
542291.1287499999,590035.6575293439
542291.1287499999,658144.7654813731
398346.43205,513450.3784512925
398346.43205,373072.16322228714
398346.43205,406972.8346111646
286365.151775,224419.32531598955
286365.151775,264554.9826620649
807775.2667249999,761834.3345628612
807775.2667249999,800311.7868129957
605500.87835,677783.3411823177
605500.87835,632801.4138293135
605500.87835,1011904.8693516362
959902.5243937498,912487.4668758425
959902.5243937498,1347708.532877188
959902.5243937498,1344672.2557702023
959902.5243937498,1347708.532877188
959902.5243937498,917278.0783188918
959902.5243937498,917278.0783188918
959902.5243937498,1347708.532877188
959902.5243937498,864911.072476245
329184.8163,341377.0487437532
329184.8163,324283.3953741174
308614.2479,295294.2134488416
308614.2479,303326.52306052414
308614.2479,238620.49406365672
549348.91375,727904.2224417642
549348.91375,688445.4642558765
584583.19375,612712.6670755574
584583.19375,611745.6599809376
2667307.0436,2478848.099140597
2667307.0436,2993656.168073162
206422.98365,265955.6880337584
206422.98365,217560.36664702737
482070.2998999999,547630.1871435236
482070.2998999999,438805.3077444509
406278.29724999995,297572.9951324513
655964.9942999999,962764.2492181824
584414.7334375,748606.9422465162
584414.7334375,683503.3105556818
584414.7334375,755954.1887825368
584414.7334375,736682.9463156995
290014.5844,253616.5485856022
290014.5844,324758.49046429095
290014.5844,217529.85226459533
470445.365625,424428.4571870011
470445.365625,468927.12768950604
470445.365625,456391.812331929
470445.365625,414835.9808249016
182667.5691,261975.52254113212
182667.5691,189624.31633615593
182667.5691,156724.65199500916
511990.5819099999,567284.4908823264
511990.5819099999,462146.70122660033
511990.5819099999,466892.82193595206
511990.5819099999,550625.7348446554
511990.5819099999,455183.6592362011
448678.33644999994,390590.40296392946
448678.33644999994,480519.035612238
359856.87215000007,456481.41872936295
359856.87215000007,590038.9496957716
359856.87215000007,561519.8940439181
361362.4313,334429.5848074272
363412.4173,279234.3791862234
363412.4173,371581.7499091235
582057.5050499999,508486.87189361383
582057.5050499999,499657.20834893035
1141771.0001124998,1133769.0658548959
1141771.0001124998,1136220.004215285
1141771.0001124998,1147712.757062799
1141771.0001124998,1136220.004215285
1141771.0001124998,1133443.3811046628
1141771.0001124998,1580405.2012547445
1141771.0001124998,1579997.555999087
1141771.0001124998,1568933.1907373136
544620.9983,567209.373219093
544620.9983,603127.5186611656
1310433.7039636364,1133966.7075394471
1310433.7039636364,1133117.4874757791
1310433.7039636364,1135230.351652317
1310433.7039636364,1135937.8854655097
1310433.7039636364,1133457.483631195
1310433.7039636364,1131853.8433629093
1310433.7039636364,1135230.351652317
1310433.7039636364,1101648.4323574817
1310433.7039636364,1103121.1204041569
1310433.7039636364,1092371.5597730933
1310433.7039636364,1111785.3107010426
276171.05490000005,225409.85596851393
276171.05490000005,194704.42492226057
276171.05490000005,230784.95088149555
608332.13205,667085.349758417
608332.13205,1067187.7522612526
534158.7482,782180.8080060597
534158.7482,713550.7533988015
534158.7482,711359.4789386598
640789.96955,754318.9390593122
640789.96955,1008022.1153059227
592790.7308,666692.3124316201
592790.7308,683456.9271126098
686552.5242000001,722751.5537403334
686552.5242000001,1080492.1089929582
573842.65295,532517.7527980556
573842.65295,637775.5212913618
779050.9214571429,868696.4057199756
779050.9214571429,871528.2147202974
779050.9214571429,1100867.7769630076
779050.9214571429,1097075.8350056505
779050.9214571429,846128.9360677727
779050.9214571429,846461.7509809057
779050.9214571429,1145488.9466522909
357374.4681,375957.92699119705
357374.4681,267297.40141313826
266917.56389999995,170906.61501976044
266917.56389999995,203570.2920757163
567673.2098999999,630700.1913158022
567673.2098999999,981837.5259186658
682394.67665,882219.4471025767
682394.67665,794171.4524664293
682394.67665,854532.037374331
556905.03409,626858.9055163779
556905.03409,924608.2095382914
556905.03409,656177.4989748053
556905.03409,655819.8684044541
556905.03409,594657.6018818152
676275.019,728989.7689582116
224119.758825,264536.9450305949
224119.758825,200297.91556335776
363027.5992,282927.14637256315
363027.5992,313263.0205377897
363027.5992,283405.4529454341
699592.88315,1098301.2630517576
699592.88315,1014127.0588378041
699592.88315,784397.9036705943
334295.13963999995,313729.97854689875
334295.13963999995,319135.40577331284
334295.13963999995,369795.85180028167
334295.13963999995,315521.486033151
334295.13963999995,302564.4376574994
342956.83836875006,373139.01668969024
342956.83836875006,299238.3143054353
342956.83836875006,316752.88492426754
342956.83836875006,305048.4345869738
785273.147815,1109598.8897135013
785273.147815,1103383.593903458
785273.147815,828004.3091814355
785273.147815,812083.7251346846
785273.147815,827493.2909216806
785273.147815,834546.9722074156
785273.147815,783720.6021669479
785273.147815,1070621.8632448942
785273.147815,783039.6860621346
785273.147815,792812.3678704328
748719.785175,1075142.299366577
748719.785175,836754.3402026108
578428.7517,671775.6801828794
578428.7517,670112.380004218
511593.850775,932677.0705639882
511593.850775,625619.8575243033
557540.5060249999,548076.2384884226
557540.5060249999,606453.869689094
514250.9994999999,814421.653340233
514250.9994999999,806194.2233602573
514250.9994999999,564696.8308372742
509706.225,638939.9606531046
509706.225,582677.3383688888
1019569.788,926562.2477790191
1019569.788,1327741.4342181883
1019569.788,1327741.4342181883
1019569.788,919289.6094838227
1019569.788,1330105.4881652389
1019569.788,1327151.5219389014
1019569.788,883404.8721648112
1019569.788,884085.7882696247
1019569.788,883404.8721648112
1019569.788,880628.132678462
1019569.788,1319131.5442820974
603097.7565499999,746355.698725271
603097.7565499999,870244.5978090202
603097.7565499999,746522.5560554147
603097.7565499999,735524.664543838
675927.60775,692705.3356536297
675927.60775,691157.2832799117
675927.60775,583323.0934202467
675927.60775,581446.6902206062
675927.60775,581819.2655551628
675927.60775,695275.4773733178
332209.2116999999,455636.0865770436
332209.2116999999,461046.04598970397
332209.2116999999,354952.977881144
718031.7242285713,704827.6493385199
718031.7242285713,704827.6493385199
718031.7242285713,698918.6555941353
718031.7242285713,702451.3970553605
718031.7242285713,689525.0853757568
718031.7242285713,680397.4451122088
718031.7242285713,694375.4604441173
280280.25484999997,281314.8258143514
280280.25484999997,340251.6479520015
280280.25484999997,349973.0634435871
518101.94,615134.5781937484
518101.94,639020.9975320557
225259.899425,178044.49678575527
225259.899425,132622.881080786
404281.83335,363353.53987497743
404281.83335,500778.7357885848
404281.83335,414161.82509611826
637736.348275,637078.5741003178
637736.348275,696951.7813989621
494252.1745999999,573824.8016653736
494252.1745999999,576418.6059324186
937739.44695,830954.5926629767
620863.0298499999,637603.1643975058
620863.0298499999,720646.2917932665
620863.0298499999,637092.1461377508
620863.0298499999,598458.1628026385
481130.5438,444629.17397906934
664356.1855,735717.7405412276
664356.1855,736228.7588009827
664356.1855,824875.346310859
664356.1855,708258.4813671962
664356.1855,708939.3974720096
664356.1855,857761.512490311
864623.3642999999,1239119.7805776298
864623.3642999999,773138.4771190914
864623.3642999999,1234484.9119959045
510979.5613600001,565739.5766386852
510979.5613600001,758262.3304340986
510979.5613600001,619807.281265625
510979.5613600001,737519.7969960768
510979.5613600001,631949.2118158714
615288.2808899999,708677.1619139145
615288.2808899999,683394.1207192785
615288.2808899999,708677.1619139145
615288.2808899999,765958.4992658765
615288.2808899999,674249.1377854471
399062.8355,400528.6121594051
399062.8355,435025.52491920604
226296.653925,293346.0261578959
226296.653925,210890.13961873105
937370.2621,1292578.2952842964
937370.2621,1357593.6730456436
1211522.09895,1165134.9401108224
1211522.09895,1177814.244235853
1211522.09895,1178379.9593283625
586100.2163499999,622548.0075853613
751865.5338714287,674865.4371937753
751865.5338714287,673523.2901833281
751865.5338714287,763062.7298502699
751865.5338714287,698218.8662709122
751865.5338714287,778110.3884769682
751865.5338714287,704770.2732785328
751865.5338714287,677640.1933962342
269584.7704,312831.12944646896
269584.7704,202515.9280052377
269584.7704,285953.4960064828
649370.3549500001,692488.893771025
649370.3549500001,688666.2089688194
381652.62455,266673.89563558844
381652.62455,253823.27949784382
441025.4749250001,409407.47095793905
441025.4749250001,424604.80006089667
809442.5196,1093073.9206603544
1019046.162575,934826.4944374475
1019046.162575,972794.7763497308
605645.58580625,956917.072862725
605645.58580625,959688.772065433
605645.58580625,638690.5205008462
605645.58580625,641353.4809737611
605645.58580625,658393.1609988431
605645.58580625,959806.5376218209
605645.58580625,642161.0959873912
605645.58580625,1008946.3586618574
656553.0371999999,725248.550400591
656553.0371999999,714329.8566206454
465694.4702,624451.3440850818
465694.4702,624334.1117701732
465694.4702,534805.2721965425
465694.4702,543931.4400003342
645955.5956,592285.8182884676
645955.5956,629191.9278595872
746128.5095166666,1134596.6160163896
746128.5095166666,726683.0706204926
746128.5095166666,735111.2223967918
746128.5095166666,1134357.9984974363
746128.5095166666,732401.0596916603
746128.5095166666,1131522.272792786
746128.5095166666,673463.3441764928
746128.5095166666,1067309.5962968683
746128.5095166666,1067309.5962968683
598391.2978000001,721118.9745331756
598391.2978000001,857429.4958357622
856409.0993,865606.1891544915
856409.0993,903474.1317812083
591976.1707499999,679238.3575299466
591976.1707499999,678321.1446589525
547605.44005,656192.4133151893
547605.44005,518213.08360716846
547605.44005,495270.03839973034
547605.44005,644114.7731536893
974451.6510423076,1396021.259365954
974451.6510423076,948670.1467057501
974451.6510423076,1392352.3687222758
974451.6510423076,966156.7009173143
974451.6510423076,966537.1367433774
974451.6510423076,950499.190619785
974451.6510423076,964973.1687082578
974451.6510423076,1379173.6734750299
974451.6510423076,929958.1003932651
974451.6510423076,1370302.7795037676
974451.6510423076,912469.6234678971
974451.6510423076,932220.0102815737
974451.6510423076,931695.23347414
579931.14925,600111.6125595783
579931.14925,549270.2325420891
812937.00445,1042828.4028259323
812937.00445,643406.833905168
724053.94968,1012373.607819959
724053.94968,881631.823742806
724053.94968,887872.9040201446
724053.94968,1001217.9475826586
724053.94968,902238.9443169975
514811.35152499995,659687.8105021379
514811.35152499995,632327.3867967045
514811.35152499995,607459.1216485424
514811.35152499995,656884.3039512716
661862.7358999999,654406.3177880845
661862.7358999999,647024.2151502853
505508.4392749999,680414.0384792703
505508.4392749999,570721.1516213204
612918.120525,610688.6090157501
612918.120525,635431.3149411585
778191.609975,685459.7202996662
558220.7372500001,590745.0753019775
558220.7372500001,938709.3499309239
658284.9596999999,1079161.3371184638
658284.9596999999,672494.3048075209
437852.2476499999,458619.5924094335
437852.2476499999,456340.34397086746
437852.2476499999,578783.2523951429
437852.2476499999,493151.1743713405
782952.21295,748389.9887555242
782952.21295,770538.9272304962
782952.21295,779676.0813051064
2582016.0633,2436535.135785035
2582016.0633,2499998.2831247784
254823.3123,298972.05299236067
254823.3123,317176.4641154968
858222.8645499999,851218.165515683
290875.29835,284165.1599141713
290875.29835,281856.997744266
438544.6948625,442361.7386608686
438544.6948625,406163.82970021275
438544.6948625,510676.80908395187
438544.6948625,403328.5795076733
338585.39,285118.7704395233
338585.39,277276.4209763328
482206.569,616661.0654524703
482206.569,618922.9515293319
482206.569,588160.9306972001
482206.569,586378.2265194125
270394.8961,301290.6619031301
270394.8961,196882.07465814875
270394.8961,228916.8922758891
557026.6218,593329.6769355477
401436.41085625,358540.23619547905
401436.41085625,406231.0472663978
401436.41085625,382249.41024523875
401436.41085625,349052.6930343738
696770.3065249999,1034753.3768238288
696770.3065249999,751473.6714059317
746041.7449142857,1140003.288125105
746041.7449142857,1140003.288125105
746041.7449142857,777672.4523694948
746041.7449142857,1140222.0834554092
746041.7449142857,1140003.288125105
746041.7449142857,1116231.6796796203
746041.7449142857,716360.7643911463
500336.1594499999,568680.9687964802
500336.1594499999,600952.6577520628
500336.1594499999,764090.3145417165
500336.1594499999,646473.3513583848
560544.315025,563518.3872384352
560544.315025,1059477.38237683
486826.08089999994,518728.7541751843
486826.08089999994,476654.92094040406
257183.1524,213837.7767573672
257183.1524,219010.65090499865
257183.1524,218254.4077281992
572536.199,500816.699439132
572536.199,537546.7537668366
853859.0586000001,825839.7813115114
853859.0586000001,840430.2415947528
714038.1175375,716057.7923207628
714038.1175375,718213.4797055695
714038.1175375,713117.2494764915
714038.1175375,1142346.8044976841
714038.1175375,720104.8405378065
714038.1175375,718889.6013210845
714038.1175375,671685.3761179205
714038.1175375,677454.8398681941
714038.1175375,677454.8398681941
714038.1175375,1157544.6068455973
715796.191,1056605.7689166365
499157.29545,532265.8278060196
499157.29545,433870.04142318526
499157.29545,532265.8278060196
499157.29545,436727.88739079755
499157.29545,454265.00454878976
745788.87335,1080539.4941659865
745788.87335,673759.5950841695
531459.9174,972107.3517753198
531459.9174,980163.4121846686
188429.442,148074.50819105783
188429.442,148366.8732967676
188429.442,141000.183230864
381764.29585,311171.9982188868
381764.29585,416345.38213971094
381764.29585,347878.7341392645
344981.73855,307402.62976200134
344981.73855,307402.62976200134
344981.73855,323452.70642760047
344981.73855,336902.8276338424
344981.73855,318855.7160861451
344981.73855,351548.80814480846
469309.3119,606354.3727186938
469309.3119,584212.1349678212
287011.7536,207227.3335586997
287011.7536,315781.63622124505
287011.7536,211389.43725270667
287011.7536,197244.59163401305
1431312.2243499998,1141501.4671616252
382484.844675,445501.8340181506
382484.844675,360122.69812481134
1311624.0035,1185902.4782021567
1311624.0035,1644038.0564112905
622669.8176999999,1109969.4921820494
622669.8176999999,764474.3157695824
622669.8176999999,1213074.5442436356
622669.8176999999,784927.6011379603
622669.8176999999,776295.3984797216
622669.8176999999,1112640.1616108413
622669.8176999999,784927.6011379603
622669.8176999999,1109750.6968517452
622669.8176999999,724160.0568620199
622669.8176999999,1071784.98297983
622669.8176999999,1073522.1160607047
622669.8176999999,723228.3493532602
638155.7284307692,775584.4350511476
638155.7284307692,791451.1385708344
638155.7284307692,1203233.4792809573
638155.7284307692,775584.4350511476
638155.7284307692,751823.3021222885
638155.7284307692,1204467.242939
638155.7284307692,775584.4350511476
638155.7284307692,1200783.126100999
638155.7284307692,1086526.4410675378
638155.7284307692,738564.189525357
638155.7284307692,738564.189525357
638155.7284307692,736827.056444482
638155.7284307692,711469.0031028746
1345255.7869000002,1730882.9343696635
1345255.7869000002,1728146.9811849273
1345255.7869000002,1713264.6371499985
1345255.7869000002,1728146.9811849273
1345255.7869000002,1728111.2351669553
1345255.7869000002,1284654.3560796436
1345255.7869000002,1284654.3560796436
1345255.7869000002,1728111.2351669553
1345255.7869000002,1240231.8567519253
1345255.7869000002,1244209.0434054984
1345255.7869000002,1244209.0434054984
1345255.7869000002,1684494.0908230585
763074.44365,1037224.0191246998
763074.44365,662481.1624387233
611887.0968571429,703686.1514850382
611887.0968571429,1047499.4290840444
611887.0968571429,1047499.4290840444
611887.0968571429,1047718.2244143487
611887.0968571429,1050388.8938431405
611887.0968571429,1050919.88948355
611887.0968571429,701982.8315736689
358897.29155,311806.4878306607
358897.29155,287644.03256042564
358897.29155,311019.49958142627
564133.9685,943811.7207188322
564133.9685,651429.4373020524
298423.167825,345093.63545033603
298423.167825,270626.6865294016
600648.2877999999,865279.1157591373
600648.2877999999,812815.7275998215
317391.39254999993,337259.7928040088
317391.39254999993,331453.5609173211
317391.39254999993,285297.37947916635
633220.4820499999,697620.4218884998
732490.43915,924821.2280337343
732490.43915,900250.8197464269
732490.43915,865803.6299165954
428046.062275,583020.4145355425
428046.062275,498719.1875088279
425594.62452499993,449257.5190828653
425594.62452499993,461898.7769478862
425594.62452499993,532678.0806059032
425594.62452499993,430578.4900679711
425594.62452499993,431507.3556771917
624098.1656399999,602674.0203379432
624098.1656399999,699466.5158737508
624098.1656399999,581486.6706333208
624098.1656399999,684106.1559260885
624098.1656399999,595670.3307229865
517525.019675,544312.4023078209
517525.019675,484642.954516286
482597.898975,485015.4760892502
482597.898975,437898.32512394246
543544.9259,577486.4406532542
543544.9259,604916.0134255807
1295949.2911,1222148.4280875102
1295949.2911,1210670.8550022335
1295949.2911,1706752.6500918367
699671.0679499999,679611.5055238279
699671.0679499999,694505.84729855
699671.0679499999,692784.5983319758
441969.89465,499879.8285981834
441969.89465,554698.1812609361
783700.7187,809628.6095335025
783700.7187,876029.5810757447
783700.7187,797084.9847055767
584321.8020499999,844261.0780907628
584321.8020499999,758643.3019229058
546727.6484068182,895576.9036010411
546727.6484068182,897360.8237007696
546727.6484068182,667682.8870195996
546727.6484068182,641126.4599543146
546727.6484068182,623845.6088284344
546727.6484068182,640148.7077373341
546727.6484068182,606877.551812462
546727.6484068182,869284.3595434576
546727.6484068182,869284.3595434576
546727.6484068182,899970.1552367851
546727.6484068182,1043346.4972935424
593145.3521218749,958960.516577044
593145.3521218749,619686.0885534233
593145.3521218749,636207.0509677122
593145.3521218749,620186.2878769826
593145.3521218749,637588.46063697
593145.3521218749,636207.0509677122
593145.3521218749,959040.6284808574
593145.3521218749,585860.4184020576
545321.45245,670498.2007811599
545321.45245,963099.2743477286
176753.73799999998,189620.54931205628
176753.73799999998,102816.92740921571
176753.73799999998,241734.25374542025
540899.9108,580360.0059398647
540899.9108,617093.5256370552
540899.9108,588889.1535344148
732477.6466749999,737375.9243558431
732477.6466749999,768432.5928967767
527136.0342875,820898.0734894595
527136.0342875,820898.0734894595
527136.0342875,823669.7726921675
527136.0342875,679750.3635237383
549091.3078000001,865676.9955828503
549091.3078000001,863957.3738357314
674330.0717999999,958288.0204395506
2394723.8606,2808500.0801533316
2394723.8606,2334884.3664855137
467004.08078,488036.4531839684
467004.08078,488036.4531839684
467004.08078,490298.33926082996
467004.08078,609935.6900954866
467004.08078,464918.3616996168
436494.9223499999,571805.9972996551
436494.9223499999,481985.33538739313
436494.9223499999,453337.1702560722
436494.9223499999,462748.6473861601
599482.831325,759250.0102280001
599482.831325,827050.0019483714
563122.6325,513392.6432101817
563122.6325,512448.59629483375
409582.79908,444786.94545041735
409582.79908,396304.56619729183
409582.79908,401357.24611652904
409582.79908,473370.27656376257
409582.79908,406748.6398878732
249310.74285,197394.64988507523
283624.02109999995,349161.06420578086
283624.02109999995,294677.2590178066
283624.02109999995,286488.67003182374
486524.21685,432366.1553999741
486524.21685,605111.2819419643
615093.7666000001,750289.0489183894
615093.7666000001,809375.1953851369
836103.9620181818,791151.1036728048
836103.9620181818,767605.9289852286
836103.9620181818,774470.6605992508
836103.9620181818,786360.4922297555
836103.9620181818,1190346.8239825254
836103.9620181818,762230.9663336269
836103.9620181818,1148608.262992498
836103.9620181818,731340.1377957785
836103.9620181818,734601.6874222958
836103.9620181818,1147832.9721730857
836103.9620181818,1213446.3690064626
339735.69629999995,417117.3414730722
339735.69629999995,526604.3245621584
339735.69629999995,359935.29488127347
725548.890625,794453.5014035188
725548.890625,702025.5125698025
813590.9772,1057990.5784031458
813590.9772,1103036.7071701717
374475.866175,351225.9525336613
374475.866175,339712.3301410721
342387.3495,507252.27014779416
342387.3495,375011.9619246908
342387.3495,494104.9058395057
588387.14094,894478.7513895304
588387.14094,733888.3216093822
588387.14094,729255.6588043991
588387.14094,649336.0967814329
588387.14094,689870.0636620953
240617.77015,208781.68424260826
240617.77015,227366.67373910936
240617.77015,326339.6137063329
493663.335775,601087.8784362328
493663.335775,623761.9430399488
493663.335775,654068.819127397
493663.335775,677801.0477095552
599094.3448,565930.8793659967
599094.3448,688498.1244050047
671278.7546,897096.5832752087
671278.7546,757568.5713515356
671278.7546,882109.7237980387
274231.3885,266997.57667067327
274231.3885,298281.1117043118
274231.3885,413368.48869461997
497001.45839999994,583368.8163141714
497001.45839999994,468185.5438785873
497001.45839999994,589236.663623026
426992.9047,514275.0775797599
426992.9047,491418.5680380715
426992.9047,424464.51602804114
426992.9047,517328.172261231
426992.9047,395772.1092664157
400008.01048,450691.81477016857
400008.01048,395502.91561527346
400008.01048,481188.36954297684
400008.01048,396769.6802356207
400008.01048,460226.6227068687
860338.4565475001,771599.195998359
860338.4565475001,772224.8542956181
860338.4565475001,1165689.904746884
860338.4565475001,1176842.3031618255
860338.4565475001,1165725.6507648563
860338.4565475001,778279.109851537
860338.4565475001,729521.744241211
860338.4565475001,1138753.0068464354
860338.4565475001,725865.8639860176
860338.4565475001,728819.3856059231
194913.551,245777.96280170558
194913.551,236145.77935206908
352869.1184,469530.5847166291
352869.1184,375476.4260247391
548946.3876,634528.5632046201
548946.3876,621314.1971566199
590181.8028749999,956832.0487534129
590181.8028749999,616234.1519122461
590181.8028749999,641598.4074040127
590181.8028749999,634834.9471196943
590181.8028749999,638626.8890770513
590181.8028749999,600308.8476937053
562469.1775999999,616566.2460496604
2272279.9272000003,2672490.31366489
2272279.9272000003,2758864.400335367
535702.46775,641227.941420235
535702.46775,641925.3162130745
461897.30992999993,444469.69023023895
461897.30992999993,536961.0979462282
461897.30992999993,461729.2142949493
461897.30992999993,442055.30129162665
461897.30992999993,432485.3303200676
2728978.2849,2530652.1651822003
2728978.2849,2505213.4781723395
2728978.2849,2564187.8530904083
558293.06805,473912.8133840029
558293.06805,476186.59537536546
292796.49569999997,212760.62790689978
292796.49569999997,213608.72528974217
292796.49569999997,201579.10965367954
682485.1520499999,1128853.34354332
682485.1520499999,664695.2595897372
187035.9857,144759.57708687498
187035.9857,147394.80573100998
187035.9857,221121.9287394695
638512.2204,663581.8337427927
638512.2204,683085.5832013339
217521.017,153145.47648670134
217521.017,202075.40451911115
623953.0389749999,719094.1971515488
623953.0389749999,1053193.9970874088
623953.0389749999,706817.3945245539
623953.0389749999,722403.6076811156
623953.0389749999,723667.2517939855
623953.0389749999,717580.5504187801
623953.0389749999,1050119.6538638053
623953.0389749999,1102049.6942381456
422461.2565,441586.41506523034
422461.2565,404166.68893152376
422461.2565,426158.6628728338
193418.39165,202560.5255654073
193418.39165,205970.7192702401
508326.5472,696397.2337277668
508326.5472,645261.0745629051
882349.3862999999,1186719.0156408364
882349.3862999999,798393.4969725193
264724.89655,295208.3235261112
264724.89655,193716.52153592516
264724.89655,218778.05353006773
607766.5233999998,690788.7137335694
607766.5233999998,580316.8446873327
607766.5233999998,690228.1494201625
2516766.30095,3013420.387573963
2516766.30095,2983391.9180814927
532125.32925,828527.0053105113
532125.32925,669462.9925333661
532125.32925,761074.1552506728
555838.35,534934.9867754474
555838.35,556901.5946930739
314121.08995,306052.0988553318
314121.08995,322050.0865450213
314121.08995,235341.93003247603
424697.369725,365643.0429514849
424697.369725,424253.75831665006
625559.85275,682143.1187040841
625559.85275,754706.9408488803
625559.85275,661840.0949273168
625559.85275,687257.5089671769
625559.85275,663442.6472780261
207644.6793,206129.74182589253
259643.959,273948.9919406036
259643.959,229392.8637423573
259643.959,304596.24219887366
405847.0246,414729.2358970008
405847.0246,348252.8339390853
1164504.39805,1131958.6389691585
1164504.39805,1131299.3498400184
1164504.39805,1143388.8598269816
1164504.39805,1584229.8985886308
1164504.39805,1148179.4712700306
1164504.39805,1568038.6786931937
1164504.39805,1143388.8598269816
1164504.39805,1106766.5610867199
437191.753125,388050.0825894966
437191.753125,387539.0643297417
437191.753125,413474.6662640055
437191.753125,395993.2140017039
735556.6889,1086388.0740860368
592792.17535,648152.4272697738
592792.17535,1128152.1861820584
471308.9271,455326.5212036592
824708.8214499999,650397.6462288016
824708.8214499999,1099552.2693050168
633838.9351199999,758167.1123702193
633838.9351199999,814909.0638419132
633838.9351199999,755345.6880849379
633838.9351199999,731772.1512914222
633838.9351199999,788394.9308256344
320463.794475,369712.36182592396
320463.794475,476474.0191862356
917455.46437,909178.1393133115
917455.46437,1350937.9986574727
917455.46437,936030.1715350645
917455.46437,903660.8994480455
917455.46437,1385254.3165580407
410518.63285,557951.3067110728
410518.63285,498474.13036266156
410518.63285,670609.0671850555
319699.59525,349866.1234051988
319699.59525,309740.06484337465
319699.59525,307956.14474364615
319699.59525,259326.44460422266
702959.7168142856,732734.0392322675
702959.7168142856,714238.1769830975
702959.7168142856,738708.1828843731
702959.7168142856,1135580.3781013058
702959.7168142856,725236.7812810652
702959.7168142856,719786.8807088758
702959.7168142856,1122957.674692343
481685.4084500001,729667.3225221984
481685.4084500001,581245.5921472132
569103.8761,742211.891336164
569103.8761,732350.4622214559
825868.8200000001,756992.7194430694
825868.8200000001,764922.3567795998
370031.35895,397913.5912060441
370031.35895,380559.0418502503
370031.35895,475783.38120883633
295492.47411250003,269810.5558388184
295492.47411250003,272235.5686804991
295492.47411250003,346707.95857235393
295492.47411250003,258513.8957004645
295492.47411250003,348065.02109035
295492.47411250003,248828.3771492503
896158.7099499999,872105.5884474522
896158.7099499999,1214246.7590642385
896158.7099499999,1203609.7283967277
563156.08525,616330.492792694
563156.08525,1080804.960280981
371374.7706,426238.09050443885
371374.7706,338373.622872534
371374.7706,355231.3474361557
301818.54535,245813.30287491286
301818.54535,370069.56483551796
838485.55225,777434.0842118273
329225.109375,388524.4730142264
329225.109375,313156.2557416948
464691.42759999994,473329.2883628683
464691.42759999994,483609.74976774247
514679.61352500005,559240.5495480829
514679.61352500005,893240.6339395193
438776.501875,623166.0845384102
438776.501875,465335.1195307055
438776.501875,593325.5744652922
438776.501875,607616.308582024
608364.8795,562795.8357867973
608364.8795,957883.5108038763
340006.7799,263038.92731273506
340006.7799,359055.7251965957
645069.7237499999,1124157.3845691786
645069.7237499999,676761.414537861
689065.8435875,724869.0230383079
689065.8435875,729862.9084385895
689065.8435875,788844.6231208525
689065.8435875,720774.0362600898
552066.4362,583668.4640653401
552066.4362,544590.5953024238
552066.4362,659322.354512663
623261.1960000001,898108.0954883038
623261.1960000001,769344.6937505153
623261.1960000001,924975.2079207342
623261.1960000001,685182.4480867086
623261.1960000001,735919.6316335694
440296.9424,714040.9119308874
440296.9424,765491.3037955591
440296.9424,581043.1370003332
835765.9744999999,840349.3242862842
835765.9744999999,809902.070005835
835765.9744999999,1254341.6287493538
835765.9744999999,1254341.6287493538
835765.9744999999,839491.0053304258
835765.9744999999,786902.2057414809
627862.016,674455.3162887775
627862.016,694636.7620870775
216740.8963999999,245279.904125952
216740.8963999999,160535.10352412995
407826.5305625,516000.7673780729
407826.5305625,516000.7673780729
407826.5305625,516000.7673780729
407826.5305625,420844.3404909497
407826.5305625,514591.8066734826
407826.5305625,514591.8066734826
611552.24599,1014855.2102113608
611552.24599,674450.3342896295
611552.24599,1014919.2367133033
611552.24599,1015378.2860473458
611552.24599,682299.006510209
520097.3033749999,636890.854444161
465903.6570999999,812368.7528270772
465903.6570999999,687679.3407349635
465903.6570999999,603243.0746760657
839086.8603187499,734896.8573595994
839086.8603187499,714951.9422299716
839086.8603187499,1129211.3536823646
839086.8603187499,1133122.4560146013
839086.8603187499,726915.9041518979
839086.8603187499,1133122.4560146013
839086.8603187499,1132496.7977173422
839086.8603187499,689019.2011211521
604928.9024437501,965324.9023816809
604928.9024437501,631598.7693683027
604928.9024437501,648487.2694403687
604928.9024437501,965324.9023816809
604928.9024437501,645912.1137856188
604928.9024437501,629902.1696310849
604928.9024437501,928132.3119424406
604928.9024437501,607316.9104188159
604928.9024437501,927451.3958376271
604928.9024437501,592056.2581031056
604928.9024437501,608160.9836582587
604928.9024437501,968831.3980291204
561851.1788,676453.7622198167
561851.1788,658411.1745596203
567025.2633374999,727808.9926983288
567025.2633374999,721307.0522082091
567025.2633374999,721307.0522082091
567025.2633374999,640897.9831929994
726102.44855,769860.014372604
726102.44855,778111.4225749045
726102.44855,779878.2702789267
726102.44855,1065890.3430581777
726102.44855,792181.4161584463
726102.44855,754246.7778913776
726102.44855,742098.017488077
726102.44855,756074.7720265515
784680.4806499999,1085627.1941202283
784680.4806499999,980267.6371532925
784680.4806499999,869459.9757686708
1268521.2788,1684581.9987346912
1268521.2788,1200398.5381797631
1268521.2788,1690360.247514809
457837.145625,441524.5619185226
457837.145625,410560.7904167359
457837.145625,449005.6949222449
457837.145625,438703.6248600477
457837.145625,514154.94842464745
871313.3731409092,1140206.0577119107
871313.3731409092,716718.9115182061
871313.3731409092,1140206.0577119107
871313.3731409092,711928.300075157
871313.3731409092,718493.1143790681
871313.3731409092,720831.3976961465
871313.3731409092,1140241.8037298827
871313.3731409092,684318.4095520714
871313.3731409092,1113088.8218311658
871313.3731409092,685741.2669144677
871313.3731409092,720539.8166512502
642599.5748000001,1019927.6824490326
642599.5748000001,1083746.1549074342
366146.273025,475459.9460871542
366146.273025,392829.5611021494
582301.3393999999,605971.3364704269
582301.3393999999,591104.9252474064
582301.3393999999,937416.5351083386
583625.6166,832193.4250740834
583625.6166,604342.923614591
583625.6166,813782.783917723
991920.06215,935419.1162029066
991920.06215,933233.1705767799
991920.06215,927825.860982531
991920.06215,1284114.2687979424
991920.06215,929560.4031354524
991920.06215,892789.3902098949
991920.06215,894208.7562785421
991920.06215,1234503.1035655811
414756.071475,349048.159355502
414756.071475,434092.44625805924
729231.09395,855329.6062156621
729231.09395,766593.3736631102
729231.09395,847240.3310717586
729231.09395,739977.2663335176
729231.09395,850499.2426931624
261477.016925,203836.06732803566
261477.016925,157295.54309836065
402415.05149999994,305899.37136250135
402415.05149999994,435865.9289658891
778734.35385,699724.7207269092
778734.35385,793658.8707572778
423776.71579999995,503668.01095811627
423776.71579999995,500593.66773451254
423776.71579999995,503668.01095811627
423776.71579999995,478151.5148584269
861311.521675,856292.2778298928
861311.521675,832287.548483738
233186.50189999997,208347.83262885408
233186.50189999997,212890.63407592493
521022.16555,666633.8563065385
521022.16555,559178.0309484384
407484.56535,362315.7443045874
407484.56535,422277.03091312107
878526.6624062499,1151819.4352906824
878526.6624062499,740950.2325914607
878526.6624062499,734402.5404098426
878526.6624062499,1146497.495325024
878526.6624062499,1149892.7376389003
878526.6624062499,731739.9977764802
878526.6624062499,1149812.6257350869
878526.6624062499,725487.7807610484
613575.0160999999,638291.8852906422
613575.0160999999,678024.0615382444
613575.0160999999,682149.0872991385
753227.73662,867498.5536961746
753227.73662,896461.8754735632
753227.73662,895134.2048587508
753227.73662,895134.2048587508
753227.73662,902321.078893502
982024.8564642858,927835.2458049597
982024.8564642858,926006.2018909246
982024.8564642858,937518.6124503836
982024.8564642858,916385.5522771518
982024.8564642858,1359688.6029495734
982024.8564642858,1371381.5491796997
982024.8564642858,927269.8460037945
982024.8564642858,1345392.1288916375
982024.8564642858,886876.2227463692
982024.8564642858,1345392.1288916375
982024.8564642858,1322256.706844684
982024.8564642858,1345392.1288916375
982024.8564642858,906915.3784233052
982024.8564642858,891705.3075522799
640683.5582999999,1072057.7071957393
640683.5582999999,642374.2469545129
640683.5582999999,632151.6473522346
640683.5582999999,648731.1465313277
640683.5582999999,642742.8357337149
640683.5582999999,620527.4990591278
617295.1728999999,601597.8622309343
617295.1728999999,709773.2482942684
617295.1728999999,703490.103134453
617295.1728999999,705530.0958883734
437055.2136,450510.11353329406
437055.2136,440891.88356955216
740819.73055,704397.8842189797
543893.08935,628717.8732024534
543893.08935,667552.7379005286
645334.2660249999,708186.5996309046
645334.2660249999,765011.7915074236
805436.57465,1134566.4962181696
805436.57465,1134946.9320442327
805436.57465,727035.7067469821
805436.57465,732989.9932384568
805436.57465,1131874.9089192753
805436.57465,1089296.624063868
805436.57465,679081.4547460391
805436.57465,693866.3470540118
564962.57125,538855.8102464373
564962.57125,540671.7360496053
645070.9073300001,715108.5018989824
645070.9073300001,715108.5018989824
645070.9073300001,806527.9726084459
645070.9073300001,793085.3453022835
645070.9073300001,726632.1560860089
537723.6562499999,465828.7864518839
767099.1720833334,766662.7665638074
767099.1720833334,1153802.6255057475
767099.1720833334,790220.0339555069
767099.1720833334,787896.6801002328
767099.1720833334,1154767.9755623168
767099.1720833334,728123.9727361765
767099.1720833334,1127512.5539150112
767099.1720833334,728123.9727361765
767099.1720833334,1178112.9537417977
596058.83905,629171.9494867555
596058.83905,775685.693785157
596058.83905,772390.918746464
596058.83905,650850.3841705949
596058.83905,613837.6704225861
596058.83905,663588.0387344582
492825.814425,589605.0012536934
492825.814425,630750.6692656503
578417.0142,647455.5437169017
578417.0142,660959.5663490216
599024.0749,633419.1853216634
599024.0749,694864.6053198499
599024.0749,606219.9392745299
599024.0749,604713.475917776
599024.0749,632508.6683073001
599024.0749,620258.9490454709
1063162.5158,830551.0147159208
1063162.5158,837951.8550715673
634375.8938000001,599163.2792663808
634375.8938000001,632454.1397944151
755626.8548,667793.0271456584
755626.8548,641179.1944892205
418556.8793,640034.0444958261
418556.8793,710094.6525889281
563702.681075,651008.68260067
563702.681075,697584.1228002866
527759.236475,1094395.1809947789
527759.236475,675357.9140423466
527759.236475,667147.3518516051
527759.236475,655178.6431858769
527759.236475,989262.106715492
527759.236475,665964.0346984921
527759.236475,619890.3206028126
527759.236475,950743.5835577036
527759.236475,977283.6867064631
527759.236475,647194.9154884977
491706.2482,434061.0917748226
491706.2482,590257.7803632254
654202.5011749999,996811.6471043618
654202.5011749999,755432.3370123887
2840017.5771000003,2618853.5357835265
2840017.5771000003,2648740.9909257772
242246.3932,175257.6674331723
242246.3932,276530.2892526077
242246.3932,296891.4350809513
397452.8012,356630.73121729575
397452.8012,315317.4972147112
397452.8012,440718.58662414114
597582.7147499999,584263.215125257
597582.7147499999,596571.9404973413
472902.20175,518502.8306040305
472902.20175,554219.3730442205
979228.69615,1340807.6700248902
979228.69615,1339873.6076387637
979228.69615,961226.8975800022
979228.69615,981708.1852633128
979228.69615,1441127.630071598
979228.69615,987730.6420572674
286004.8159,388686.26020329504
286004.8159,297089.847092386
197930.03725,214535.9596083482
197930.03725,283925.86658920464
197930.03725,167374.8099577573
537733.87845,679778.3459054239
537733.87845,652884.4241397161
537733.87845,924249.6863856073
273570.32759999996,305471.8790994756
273570.32759999996,306105.7461447934
273570.32759999996,237862.16282965144
422081.5154624999,419418.8628202913
422081.5154624999,505043.4831868834
422081.5154624999,487822.99900983507
422081.5154624999,427911.2696204805
838804.1623999999,1064126.119286337
838804.1623999999,682753.7077919665
477981.36865,470854.2521255519
477981.36865,523734.4084835454
477981.36865,606803.9904577837
732286.9495999999,782317.902175627
732286.9495999999,783370.8519509914
732286.9495999999,779578.9099936344
732286.9495999999,762347.6327520713
732286.9495999999,1216130.0175877262
732286.9495999999,763100.2586051861
732286.9495999999,1154033.6361788912
377862.2893499999,570787.3153811246
377862.2893499999,392874.0916175931
440651.2163,419410.05422317097
440651.2163,465772.95711184543
440651.2163,448354.8184097789
440651.2163,419813.6679023487
538015.3449285714,545975.5859615437
538015.3449285714,545464.5677017887
538015.3449285714,571415.9732336403
538015.3449285714,571415.9732336403
538015.3449285714,547873.8461683952
538015.3449285714,547873.8461683952
538015.3449285714,553927.2767920697
245647.03909999997,245627.99099856766
245647.03909999997,241263.84044559422
245647.03909999997,318786.0971613827
840521.1620928571,889131.4867398858
840521.1620928571,1297837.0527258427
840521.1620928571,1249302.6728609744
840521.1620928571,845370.7996452426
840521.1620928571,1297872.7987438147
840521.1620928571,1297872.7987438147
840521.1620928571,872985.7262464269
448426.2751875,415066.2566659935
448426.2751875,464187.54216971656
448426.2751875,534098.911607683
448426.2751875,532528.8272281651
541470.360175,434350.5650459018
541470.360175,483605.27508590766
572479.0983000001,639307.3349469984
572479.0983000001,609117.2753537578
218730.48867499997,314534.2892498451
218730.48867499997,223306.7397753591
283127.65615,220156.05695917062
283127.65615,342638.764364784
794592.7143999999,722792.7756314292
794592.7143999999,722867.1508325536
886327.0944000001,782736.17204334
886327.0944000001,761688.855198031
886327.0944000001,1172947.863930241
886327.0944000001,1173607.1530593813
886327.0944000001,1180094.0829575006
886327.0944000001,772763.3118316535
886327.0944000001,785153.9179817938
886327.0944000001,783970.3857727372
886327.0944000001,749791.3454519802
304295.1503499999,360046.10366730246
304295.1503499999,370538.2100512
417237.17404,421988.01209599804
417237.17404,427040.6920152353
417237.17404,479767.95063725836
417237.17404,504515.6250617823
417237.17404,394068.91720908706
836223.7771699999,950423.7293689591
836223.7771699999,886279.1402030688
836223.7771699999,881907.0938064808
836223.7771699999,1156922.7657074304
836223.7771699999,878612.6905264758
845658.8304499999,831527.5746601645
845658.8304499999,1240392.0125286542
845658.8304499999,867452.0303527344
845658.8304499999,833200.1070494126
845658.8304499999,872242.6417957835
845658.8304499999,1235865.976405424
434862.0348,395145.15823413245
496863.2634249999,523542.8071594645
496863.2634249999,455472.0500260467
305348.50345,186735.9338434465
305348.50345,184997.85483067547
365400.6797,383820.1047301146
365400.6797,259072.73325612966
365400.6797,267334.0735278601
571885.74705,596046.9080379326
571885.74705,973328.1598682513
589312.614425,502874.98104068905
589312.614425,570438.0246005099
274942.31165,245089.50654515048
274942.31165,251101.31955828378
508629.06177500007,457362.1501400787
508629.06177500007,447889.9378809911
508629.06177500007,536499.7032291099
508629.06177500007,437500.4344508534
312624.588,322958.91452035704
312624.588,306431.4233381211
749398.5298285712,1129988.1586689237
749398.5298285712,726896.511075912
749398.5298285712,1134741.740156875
749398.5298285712,1134741.740156875
749398.5298285712,713667.3952519085
749398.5298285712,720541.9315977434
749398.5298285712,693680.7893580239
513036.9985,542151.8985164068
513036.9985,550733.6922204715
213816.2122,259636.15106078796
213816.2122,212519.62926670077
772677.728,748061.485444465
271840.3001,413792.30426706956
271840.3001,311805.23828154575
371281.9336,336887.15734417865
371281.9336,290681.8004590796
481931.209,602448.8530891457
481931.209,517229.4578497602
475065.69445,539304.5240969734
475065.69445,874538.1936602632
538935.5163499999,561325.1201915437
538935.5163499999,528090.2427439025
721672.6891428572,759119.6749170679
721672.6891428572,751017.4263314717
721672.6891428572,776013.9646322345
721672.6891428572,773274.972450242
721672.6891428572,775502.9463724795
721672.6891428572,752937.1653689092
721672.6891428572,1179054.7605247279
356749.4977,403344.7855810601
356749.4977,363040.8988928936
566241.64585,661027.508516892
566241.64585,661027.508516892
566241.64585,662291.1526297618
566241.64585,642450.2084518088
411404.9716,379967.1706437964
411404.9716,379732.2779230518
411404.9716,407420.6911154264
411404.9716,412904.7889556504
2103175.8242749996,2771157.853605243
2103175.8242749996,2305727.2622833196
472493.71365,813721.7648636079
472493.71365,610798.0196286885
472493.71365,759454.5841349638
472493.71365,620251.8170785314
542309.926075,633312.55884778
542309.926075,723216.6968041139
220979.638225,212656.8069472919
220979.638225,291973.08734000486
521420.7085499999,774011.2235147584
521420.7085499999,632710.2290692854
656813.711575,779077.0040075778
656813.711575,741318.1206087844
656813.711575,740807.1023490294
656813.711575,1090551.4389658037
656813.711575,1090551.4389658037
656813.711575,740807.1023490294
656813.711575,1167464.6440669422
651672.1092812499,754634.0575361165
651672.1092812499,753748.5595641902
651672.1092812499,1128610.3775357725
651672.1092812499,751587.8384424886
651672.1092812499,742427.1238461102
651672.1092812499,1096349.7355747593
651672.1092812499,1095668.819469946
651672.1092812499,738793.3752496712
537552.2234499999,514137.96586813335
537552.2234499999,627975.2995891552
298077.74255,485607.07204653276
298077.74255,310750.14420306444
298077.74255,376569.14022755425
470724.506875,447772.78922598483
470724.506875,499406.37026555685
207270.3696,132800.85910644277
207270.3696,123761.12790266774
654249.1205999999,750183.3947561266
654249.1205999999,773955.3466211812
654249.1205999999,749985.5172959252
654249.1205999999,761529.0144558696
654249.1205999999,749683.1954325672
654249.1205999999,751890.8134295399
654249.1205999999,1098778.4423349663
654249.1205999999,789222.5339241626
654249.1205999999,774986.734434475
458613.1524999999,370964.08334451995
458613.1524999999,373778.4857059939
458613.1524999999,426826.63753323304
456892.2435,549142.6939580025
456892.2435,583060.9464999256
847676.4737499999,782730.0418107212
847676.4737499999,768531.618009536
847676.4737499999,1189448.100828929
847676.4737499999,767221.1606279751
847676.4737499999,1188890.8904199256
847676.4737499999,1190716.1083818586
847676.4737499999,1189414.7396399528
847676.4737499999,1190467.6817912017
847676.4737499999,726986.8073297758
847676.4737499999,724265.7791136908
847676.4737499999,737470.7485820833
847676.4737499999,724595.9758256057
847676.4737499999,752419.3628408731
753420.9759000001,1007403.0570175613
753420.9759000001,979341.6546598824
647982.88065,653289.283532198
647982.88065,647789.6352246106
596554.8882999999,1160565.674745833
596554.8882999999,1131193.6302693821
566481.624925,655107.4331148368
566481.624925,645020.1183859824
566481.624925,645020.1183859824
566481.624925,1083777.4094560877
566481.624925,677880.2916390365
566481.624925,976560.8850075183
566481.624925,661642.4265364659
566481.624925,660149.8714459377
530292.4421,562043.4994177306
530292.4421,546100.5631336044
254672.1586499999,315751.9924154662
254672.1586499999,192497.21807255334
437719.0584,597868.7059056924
437719.0584,421191.81746888533
374129.10176250007,409403.3707972284
374129.10176250007,408088.14039513364
374129.10176250007,398436.3494181556
374129.10176250007,491127.4311548632
244248.91515,227775.55500659283
244248.91515,202530.64948457008
282230.137125,251837.8645959313
282230.137125,198367.17237666872
489552.4679499999,541460.7290045316
489552.4679499999,526266.985478452
723216.71965,724867.2753420253
723216.71965,789748.6990250362
723216.71965,734962.6515189719
723216.71965,704285.1176796915
723216.71965,713774.0087685067
474421.27652499994,470061.91048057994
474421.27652499994,566307.2333564911
474421.27652499994,492264.839114701
474421.27652499994,491009.00967043365
474421.27652499994,464313.04755778995
605748.4739999999,690282.9639042477
605748.4739999999,598550.8340860532
605748.4739999999,601069.3990293501
605748.4739999999,646596.7859768582
556131.3362499999,523822.44828436605
556131.3362499999,514245.3100116539
556131.3362499999,523822.44828436605
556131.3362499999,586007.7640597993
338832.69879999995,273945.60757061135
338832.69879999995,304044.4230924632
624733.4025500001,653559.2106748815
624733.4025500001,1106889.1235855082
852901.7161999999,839306.6018407318
852901.7161999999,829951.3019087987
357207.7073,303358.3704435542
357207.7073,417478.3518011552
831168.2969600001,1101162.714982981
831168.2969600001,1100943.919652677
831168.2969600001,811990.4914494335
831168.2969600001,819509.2728220453
831168.2969600001,813142.6231723239
831168.2969600001,812780.3043240807
831168.2969600001,798072.7488827826
831168.2969600001,1071657.3920169657
831168.2969600001,791863.2884490736
831168.2969600001,805115.1522861476
284235.53905,323690.6360569379
284235.53905,247668.6155299762
284235.53905,316485.310051816
782218.5259428571,1117176.5472329143
782218.5259428571,1110045.115256606
782218.5259428571,1117176.5472329143
782218.5259428571,1117212.2932508865
782218.5259428571,712689.1518555016
782218.5259428571,1074361.9649572002
782218.5259428571,655468.2631024321
340025.6371249999,293702.90022869577
340025.6371249999,267446.94239602383
514877.6919999999,621001.456902603
514877.6919999999,684324.5369573281
306758.275125,289060.95806443517
306758.275125,367505.08299269207
2442754.1980090905,2820561.547110219
2442754.1980090905,2820561.547110219
2442754.1980090905,2357648.9505592324
2442754.1980090905,2340970.329647204
2442754.1980090905,2830578.273777452
2442754.1980090905,2359937.558650229
2442754.1980090905,2344486.228597727
2442754.1980090905,2352858.3391161836
2442754.1980090905,2357648.9505592324
2442754.1980090905,2831204.264786895
2442754.1980090905,2351879.371282897
668160.76221875,740222.2993363113
668160.76221875,764494.4505249254
668160.76221875,741277.5692103219
668160.76221875,765364.8419344283
668160.76221875,740222.2993363113
668160.76221875,740013.6029399143
668160.76221875,739711.2810765563
668160.76221875,704008.734462951
668160.76221875,1075997.3828587322
668160.76221875,1050828.2350086458
668160.76221875,725283.4424721117
668160.76221875,751901.3602133482
1032946.1006999998,949552.9186976561
1032946.1006999998,924291.8099595329
362818.6742249999,364838.7378291091
362818.6742249999,321869.9098748434
239904.9697,244176.1275191846
435288.1731,499641.7518215862
622099.28,629690.8416334436
622099.28,968514.0574028906
622099.28,649798.8020158763
622099.28,660560.0302404722
622099.28,643964.7385930555
622099.28,647593.2137169903
622099.28,646722.8223074874
622099.28,593409.2411483474
622099.28,607599.395162279
622099.28,592338.7428465688
622099.28,608200.905959124
878386.81383125,730519.313255796
878386.81383125,730519.313255796
878386.81383125,1146309.834407103
878386.81383125,1143237.8112821453
878386.81383125,1143237.8112821453
878386.81383125,730821.635119154
878386.81383125,731782.9573686658
878386.81383125,732771.2271016078
584256.3207749999,502227.6770145228
584256.3207749999,488420.40020712046
866733.5660499999,877528.0869916885
498973.889575,496093.1669520568
498973.889575,465049.8271218827
664014.94705,765954.6786371936
664014.94705,949115.7203191493
664014.94705,949279.3958489596
664014.94705,765960.1637329768
664014.94705,834331.0983285189
246894.90625,208416.65806733392
246894.90625,323558.3717723055
246894.90625,311299.4195068782
246894.90625,192216.1254381038
408159.7508999999,397806.4464471793
408159.7508999999,397806.4464471793
408159.7508999999,567255.5164704339
321003.37399999995,284682.1848950781
321003.37399999995,289310.44537646964
321003.37399999995,364193.068636117
370604.06435,441459.11626928556
370604.06435,441459.11626928556
370604.06435,626200.2960682272
370604.06435,706591.7080945392
591149.6241,662836.4496593295
591149.6241,638923.7705114268
591149.6241,982682.5171719722
591149.6241,965927.0256493896
591149.6241,985482.4968586506
591149.6241,633996.3054461884
591149.6241,967365.0705417664
591149.6241,631956.193334917
591149.6241,643681.1019867503
446659.01607499993,531362.6528527591
446659.01607499993,434735.61095141387
436590.381825,432192.01962318097
436590.381825,401714.7560294351
436590.381825,512763.9600705357
436590.381825,399628.4388506657
436590.381825,504517.6198843583
436590.381825,485704.08862583456
768924.8363,863568.912726401
768924.8363,855052.1063164219
505062.06491,627827.7369929334
505062.06491,564255.471570499
505062.06491,638182.7081782101
505062.06491,638182.7081782101
505062.06491,537959.9375640965
392308.6069,418217.5688537955
392308.6069,345925.2668324022
392308.6069,298387.2966476064
412296.9700625,336272.84610209736
412296.9700625,333986.25162006525
412296.9700625,452917.51518849155
412296.9700625,389528.6484206596
352183.833,299031.16378120094
352183.833,413243.15187251754
537237.5990500001,500021.7440676979
537237.5990500001,482435.4752007705
2798403.5418999996,3228102.4801740176
2798403.5418999996,2707183.3994590063
2798403.5418999996,3264135.9074854353
557423.689425,613080.6187190644
557423.689425,620142.5144628971
860350.293125,1357033.691809751
860350.293125,1357097.7183116938
860350.293125,1007906.8386519178
860350.293125,982990.6278110966
860350.293125,1007906.8386519178
860350.293125,955285.8635427987
860350.293125,955966.779647612
860350.293125,1314516.540594251
860350.293125,955285.8635427987
393625.368425,360603.71421038336
393625.368425,316965.1800533143
379413.6278249999,261625.929610267
379413.6278249999,295393.97259654454
886520.3915142858,923092.0556002503
886520.3915142858,893552.4447482064
886520.3915142858,920627.7842577057
886520.3915142858,923876.2041857196
886520.3915142858,899884.2054440399
886520.3915142858,899884.2054440399
886520.3915142858,899868.3895430055
756707.393425,923591.8942061128
756707.393425,867284.3050468899
756707.393425,869397.0315551644
756707.393425,885759.460134891
756707.393425,843702.8091448626
756707.393425,844383.725249676
756707.393425,887732.7093159936
756707.393425,1040976.8044725903
846543.2729249999,905297.1090295266
846543.2729249999,1206224.2377410776
846543.2729249999,1203751.4457724872
846543.2729249999,905297.1090295266
846543.2729249999,878466.3552852946
846543.2729249999,884756.6849960661
733306.41895,1100740.6722262898
733306.41895,673239.9200022143
585510.853675,553812.2439997675
585510.853675,509243.0996794044
405545.78475,543634.7635459682
405545.78475,387802.38309416827
401559.8006875,429411.1583470071
401559.8006875,376890.61946380546
401559.8006875,380856.8892607752
401559.8006875,390525.4025712709
401559.8006875,371772.61987271695
401559.8006875,344935.5032341071
415494.6809499999,541586.9531743942
415494.6809499999,440476.46538868104
611900.07988,805398.320576447
611900.07988,649053.1787903656
611900.07988,642011.6648938276
611900.07988,803051.8800109171
611900.07988,625958.0511535995
204228.014,140977.72497107566
204228.014,181610.88168280025
1103042.9263,1394710.6158767105
1103042.9263,1001528.9120067058
283413.67329999997,176460.27537357964
283413.67329999997,178451.58502533584
259248.0555,234008.12638265878
259248.0555,231935.38260191964
647422.9556,703550.6301416757
647422.9556,818966.5324271047
647422.9556,732208.9564555492
647422.9556,821795.1147209707
647422.9556,678525.6689426274
647422.9556,793661.1093944495
576998.291290909,641635.0361862091
576998.291290909,657340.2937513635
576998.291290909,644373.4772278817
576998.291290909,638048.0382180652
576998.291290909,1073521.8568564944
576998.291290909,642992.0675586237
576998.291290909,646810.93337886
576998.291290909,604379.6586731704
576998.291290909,924514.1440919817
576998.291290909,589799.9224622735
576998.291290909,633959.1683600444
658841.94916,743017.786989955
658841.94916,729941.4113577557
658841.94916,876099.2982997603
658841.94916,903258.4830254697
658841.94916,726299.7132157717
480266.2946249999,474011.317599599
574711.6295,518586.21937034186
574711.6295,527806.0449573911
574697.6804636364,965293.874264207
574697.6804636364,968183.3390233029
574697.6804636364,968065.5734669149
574697.6804636364,968820.5171549923
574697.6804636364,629871.1415136108
574697.6804636364,646392.1039278997
574697.6804636364,607268.6767826914
574697.6804636364,608200.3842914512
574697.6804636364,607268.6767826914
574697.6804636364,608112.7500221343
574697.6804636364,615612.5305767172
472096.88965,528628.6413490273
472096.88965,528628.6413490273
472096.88965,423417.00492302666
472096.88965,416949.96281108016
1137395.56900625,1575087.266917576
1137395.56900625,1135611.2024528617
1137395.56900625,1575051.520899604
1137395.56900625,1131000.9785761414
1137395.56900625,1131000.9785761414
1137395.56900625,1125584.708835833
1137395.56900625,1575051.520899604
1137395.56900625,1091706.5257011107
440949.0603,530366.0749254561
440949.0603,435039.28288139077
231104.9763,161644.97224421543
231104.9763,249895.681757038
231104.9763,152486.72928672016
761202.235825,850916.4272745863
761202.235825,846579.9870423953
217646.67195,178904.2996371439
217646.67195,169619.13386046555
645115.4607,822874.4431118701
645115.4607,733439.7615847582
645115.4607,734035.1988845263
645115.4607,718619.8525682972
645115.4607,798511.6718084242
895868.1598562499,923702.032228099
895868.1598562499,897366.493146034
895868.1598562499,897812.953415148
895868.1598562499,897812.953415148
895868.1598562499,1202755.4531142875
895868.1598562499,870296.9419475058
895868.1598562499,902661.020451271
895868.1598562499,901030.7786986101
453876.0703375,440382.3199380819
453876.0703375,379898.34156025085
453876.0703375,424679.7255280397
453876.0703375,433265.8509855004
1344357.62795,1210858.413501194
1344357.62795,1206330.749868609
1344357.62795,1206214.921835441
1344357.62795,1650402.0607727522
1344357.62795,1650402.0607727522
1344357.62795,1206330.749868609
1344357.62795,1203301.256862771
1344357.62795,1155037.5569009823
1344357.62795,1151590.508420751
1344357.62795,1607289.2048948961
1344357.62795,1160555.460122891
1344357.62795,1609026.3379757707
1344357.62795,1177527.0335133057
538559.5802454546,677866.5425725435
538559.5802454546,670015.7798783472
538559.5802454546,677355.5243127885
538559.5802454546,996101.6924823457
538559.5802454546,994514.3578285621
538559.5802454546,994514.3578285621
538559.5802454546,624944.6942556814
538559.5802454546,956478.8733153858
538559.5802454546,637327.3909847614
538559.5802454546,955797.9572105724
538559.5802454546,661254.0260549132
542337.6476125001,611425.8302614031
542337.6476125001,513666.07690322236
542337.6476125001,434824.1266406147
542337.6476125001,582067.0185334472
146454.0561,96295.21816085756
146454.0561,93498.34562072379
146454.0561,90893.54168791045
558159.1619714285,622387.7792864039
558159.1619714285,1066076.3651320103
558159.1619714285,639419.7599604478
558159.1619714285,640290.1513699506
558159.1619714285,958970.6200111301
558159.1619714285,634367.3872072664
558159.1619714285,1001072.2528822005
2580365.3187,2348391.4850497292
2580365.3187,2402432.372507091
843825.956775,1158110.1741796348
843825.956775,763056.931826394
843825.956775,751051.3150942115
843825.956775,744952.2876644824
843825.956775,1146737.4597660238
843825.956775,755063.8219719429
843825.956775,1160881.8733823427
843825.956775,1144828.4475073195
698942.3718750001,959287.2630076882
698942.3718750001,945360.9594891295
698942.3718750001,792873.017311612
698942.3718750001,821744.1368340205
698942.3718750001,948132.6586918375
698942.3718750001,762761.810879377
698942.3718750001,762021.8792976344
698942.3718750001,805356.3240047386
584351.7725961539,975612.8068543817
584351.7725961539,637273.5683920457
584351.7725961539,973640.2776774545
584351.7725961539,667846.0119659393
584351.7725961539,637784.5866518007
584351.7725961539,976819.2637239073
584351.7725961539,1084554.8788153776
584351.7725961539,935473.3814708391
584351.7725961539,936154.2975756526
584351.7725961539,599864.080791564
584351.7725961539,935473.3814708391
584351.7725961539,615805.6492120877
584351.7725961539,960574.473952305
803196.4753,1027802.8643064309
803196.4753,1013971.2525659881
163649.277025,152822.86246302316
163649.277025,210058.3672821563
966985.3807,1300047.6268565506
966985.3807,1302411.680803601
966985.3807,1300083.3728745226
966985.3807,890332.1580093147
966985.3807,1300047.6268565506
966985.3807,1262904.3405730913
966985.3807,855536.7383736758
966985.3807,849336.1090355063
966985.3807,848655.1929306928
869780.5468499998,774474.6978330475
399564.7451,471880.56868396094
399564.7451,471880.56868396094
399564.7451,559709.2320665361
399564.7451,472081.350183747
626303.62625,744594.6821226598
626303.62625,1072149.3969056078
626303.62625,720822.7302576051
626303.62625,1068066.1861610198
626303.62625,720322.5309340457
626303.62625,1068284.981491324
626303.62625,747169.8377774097
626303.62625,682882.8512395653
626303.62625,683563.7673443787
626303.62625,706496.2031264459
626303.62625,706575.6084344145
626303.62625,1111691.5449441373
320802.7017999999,387861.15648257453
320802.7017999999,373714.47575852816
317404.56899999996,296851.69507870474
317404.56899999996,300049.6113213714
317404.56899999996,467976.17559518083
437082.4599,531937.4979770705
437082.4599,516189.29953175056
437082.4599,519006.07404294907
201736.44265,228574.3023168773
201736.44265,187684.90358438087
201736.44265,182461.16434946202
1013179.1904886364,1002356.3032841705
1013179.1904886364,989327.0354800038
1013179.1904886364,989327.0354800038
1013179.1904886364,989838.0537397588
1013179.1904886364,1002552.5668496239
1013179.1904886364,1388095.934409922
1013179.1904886364,1349356.7867559115
1013179.1904886364,945327.8416458063
1013179.1904886364,941124.2771156775
1013179.1904886364,954159.551308781
1013179.1904886364,1349356.7867559115
401537.81395,377243.4626878506
286468.39342499996,396908.09601701784
286468.39342499996,289688.5696778712
262383.0751,191081.29289178958
262383.0751,285145.8868680721
262383.0751,193444.34733258904
579817.62875,680695.7800131323
579817.62875,1005702.1463890998
579817.62875,722117.7875420284
579817.62875,680184.7617533773
579817.62875,944643.7191853694
579817.62875,695158.2275583567
579817.62875,650689.5510914179
579817.62875,673100.5446590136
514769.454475,863185.3364188998
514769.454475,618714.4118318731
406212.039825,382614.2747993859
406212.039825,430501.1241516734
791435.1293333333,837722.7925499822
791435.1293333333,812873.5380093318
791435.1293333333,828693.9952456155
791435.1293333333,827493.2909216806
791435.1293333333,812083.7251346846
791435.1293333333,1070621.8632448942
791435.1293333333,1101405.4596740028
791435.1293333333,1102856.2822660594
791435.1293333333,1062121.597142472
609484.22485,701559.8674705243
609484.22485,829994.667585985
588744.3996,665759.2249195433
588744.3996,697948.491854735
864856.6033499999,857125.6105176494
864856.6033499999,863640.1907152607
936574.405,772188.9641913484
936574.405,812141.033277945
419877.639375,441724.18831306323
419877.639375,438962.5159963543
419877.639375,440746.4360960827
419877.639375,447447.2923550969
419877.639375,552448.1395824333
419877.639375,437448.45707119396
419877.639375,450074.39980880555
419877.639375,450136.24592447706
419877.639375,450074.39980880555
775340.1624125,704513.5308324562
775340.1624125,715230.5692179372
775340.1624125,1122045.8670758358
775340.1624125,712454.6878185368
775340.1624125,724415.0867482462
775340.1624125,675379.2622669527
775340.1624125,670892.7156917289
775340.1624125,667631.1660652114
2597209.99385,2437058.3666529655
2597209.99385,2997922.4036005894
666380.30133125,769791.7794669817
666380.30133125,786523.0679359421
666380.30133125,768589.3340697782
666380.30133125,1154842.2603437547
666380.30133125,782936.0699677982
666380.30133125,782936.0699677982
666380.30133125,1122529.4231019723
666380.30133125,1122529.4231019723
666380.30133125,1122529.4231019723
666380.30133125,745265.3456094665
666380.30133125,744584.4295046531
666380.30133125,1224923.0134501774
184697.0255,181988.9437394422
568860.0867714286,686149.194649859
568860.0867714286,1008337.1815832106
568860.0867714286,708660.0639224309
568860.0867714286,688309.9157715606
568860.0867714286,705571.4812415951
568860.0867714286,977620.7582361313
568860.0867714286,651665.1010212665
668540.1556843751,844858.3035281295
668540.1556843751,713961.9797861889
668540.1556843751,714217.6832729579
668540.1556843751,714251.9674401995
668540.1556843751,742450.5510990572
668540.1556843751,742450.5510990572
668540.1556843751,738968.1730176643
668540.1556843751,712971.4280948383
783409.6377,1158261.9518941985
783409.6377,861512.8626477616
783409.6377,845944.3227566009
783409.6377,845944.3227566009
783409.6377,848152.125073938
783409.6377,864864.8018499962
406370.26798,609568.1091485186
406370.26798,537684.6165441936
406370.26798,615896.3850572333
406370.26798,725533.4864361357
406370.26798,707818.1474399295
417230.83215,471717.5902182454
302522.0179625,257313.18068751175
302522.0179625,218479.46460518806
302522.0179625,256908.69703370426
302522.0179625,243402.91105331003
566526.189125,589500.6947901424
537485.4709249999,595197.8226600646
537485.4709249999,968993.8120661326
576916.2273,636264.4839479204
576916.2273,583970.7132785638
620733.9870000001,692509.8577145098
620733.9870000001,649649.2077018132
620733.9870000001,785428.5459946416
620733.9870000001,678873.0482233816
620733.9870000001,682302.6538587841
415111.14929999993,631418.479589062
415111.14929999993,549425.2232119918
365965.90313124994,369043.4358949337
365965.90313124994,348201.0659859762
365965.90313124994,322646.27396874287
365965.90313124994,306982.163448304
608753.38455,727181.667185416
608753.38455,898691.2046149606
608753.38455,727527.5803357351
544472.9410400001,557609.3417657324
544472.9410400001,667274.2853002719
544472.9410400001,557609.3417657324
544472.9410400001,530997.3616398836
544472.9410400001,660001.2912384992
707122.7929499999,701094.3398886223
707122.7929499999,702526.1794321839
707122.7929499999,1130178.8886928544
707122.7929499999,702526.1794321839
707122.7929499999,699694.3704318621
707122.7929499999,1130178.8886928544
707122.7929499999,1107518.9920257237
882294.4593,850368.406471903
291045.151,325361.42814849893
291045.151,339163.9444435142
443324.4188,425156.3525502633
443324.4188,417899.77963089396
443324.4188,447015.91520239075
443324.4188,405942.3277393277
919931.76915,883065.1733888228
649944.6679375,764748.03326564
649944.6679375,1140081.4189246215
649944.6679375,1143409.8247951956
649944.6679375,749890.2791078651
649944.6679375,764748.03326564
649944.6679375,1123650.60786332
649944.6679375,727945.7888734749
649944.6679375,1110214.2040823984
484490.6157142856,579615.7900619303
484490.6157142856,568273.6992659395
484490.6157142856,817796.076929383
484490.6157142856,586991.16686526
484490.6157142856,572785.0608831497
484490.6157142856,569617.0352927507
484490.6157142856,868995.3615143031
649314.0845499999,756824.577172065
649314.0845499999,739385.3534348712
649314.0845499999,740044.11606548
649314.0845499999,741026.5157780811
649314.0845499999,741026.5157780811
649314.0845499999,717287.5542484517
393849.84180000005,367876.86188070406
393849.84180000005,347648.15217613743
584966.4135499999,887663.115604256
584966.4135499999,625324.2929619784
405838.57255,548158.0367529682
405838.57255,394286.1111218518
646305.969,689072.6264649066
646305.969,644984.9533361944
646305.969,689072.6264649066
646305.969,682699.9233445962
646305.969,662486.3775351468
416519.2251,413595.0796701092
416519.2251,421042.16187391954
332714.20110000006,325344.84555477207
332714.20110000006,461602.1545717411
1378634.466618182,1743384.1411978733
1378634.466618182,1300655.061398849
1378634.466618182,1741531.2819115054
1378634.466618182,1296726.774990014
1378634.466618182,1296726.774990014
1378634.466618182,1300526.0052678678
1378634.466618182,1246458.9074369215
1378634.466618182,1244909.504523736
1378634.466618182,1256705.5216213306
1378634.466618182,1696981.6991010779
1378634.466618182,1739255.051757656
681158.7615,1058028.3847747971
681158.7615,616401.8548454889
509073.78635,520655.6756448167
509073.78635,522422.523348839
509073.78635,503512.3543403415
509073.78635,604639.6815366662
509073.78635,502818.93374460295
509073.78635,527704.1139727742
509073.78635,526633.9856791168
509073.78635,578665.5015250868
782123.4455,1126338.896139866
782123.4455,973326.7035405238
782123.4455,912906.4126033459
782123.4455,908330.6704023571
782123.4455,958096.3609915432
782123.4455,958777.2770963565
782123.4455,1172543.5484380976
379157.2906999999,699269.5747983803
379157.2906999999,415566.0814276701
495071.640425,505093.9161770216
495071.640425,600610.3238308872
495071.640425,509708.4648670853
495071.640425,505093.9161770216
495071.640425,576570.7344359728
588563.4963374999,960270.8785778166
588563.4963374999,1071387.8792796251
588563.4963374999,645514.901702483
588563.4963374999,963345.2218014203
588563.4963374999,647081.1898362485
588563.4963374999,646896.3113717408
588563.4963374999,923061.0826199257
588563.4963374999,592746.4876041049
588563.4963374999,947936.4530264754
588563.4963374999,1099804.7789744185
420464.6684,512810.1141699641
420464.6684,509174.1334585629
420464.6684,481050.96620803047
666583.08354,755518.000917642
666583.08354,764008.6762330525
666583.08354,700928.3019874229
666583.08354,665814.9902225839
666583.08354,695120.8694289782
452720.29775,410997.53318721324
452720.29775,469769.91289924644
452720.29775,554154.9454373147
623049.4231499999,706043.6901206176
623049.4231499999,803625.4044247838
623049.4231499999,666267.9246792113
623049.4231499999,681762.7203206429
623049.4231499999,787510.8906573277
495586.7148,504407.3794543054
495586.7148,531308.4212823581
495586.7148,486537.61333251494
806675.1668999998,1149507.670245805
806675.1668999998,844070.5568847242
806675.1668999998,1190753.672219038
806675.1668999998,856189.786094706
806675.1668999998,1149507.670245805
806675.1668999998,861599.7863607353
232376.537575,131493.47653165204
232376.537575,177828.09485601896
524506.1480124999,634340.6043509016
524506.1480124999,544688.4516312443
524506.1480124999,646873.3294880019
524506.1480124999,628805.5938025312
524506.1480124999,525445.3151679358
524506.1480124999,638633.9058735553
524506.1480124999,543664.9522363459
524506.1480124999,624496.6816457228
543488.2418,632593.227993058
543488.2418,515799.7693526844
846612.16105,845465.3061740046
846612.16105,953505.3202508742
846612.16105,865856.3308135963
846612.16105,867119.9749264661
846612.16105,953776.0255509212
846612.16105,870585.0038524163
846612.16105,837065.2801282064
537541.3563928572,664505.0232203534
537541.3563928572,665016.0414801084
537541.3563928572,664505.0232203534
537541.3563928572,1087139.7998569647
537541.3563928572,683029.4019887686
537541.3563928572,665016.0414801084
537541.3563928572,1018150.6234738517
836688.36663125,1141819.1988080833
836688.36663125,731923.5048886094
836688.36663125,729100.7007817341
836688.36663125,729100.7007817341
836688.36663125,730364.344894604
836688.36663125,729403.0226450921
836688.36663125,735648.3929633523
836688.36663125,1153309.9148542734
607818.9449499999,1178674.9337747882
607818.9449499999,1161433.8213166345
601609.9708499999,662885.9485343777
601609.9708499999,590367.1804022326
601609.9708499999,651783.6424887326
203700.14735,130152.26391016447
203700.14735,174970.71412960225
640071.7437,569715.8412760391
640071.7437,580373.9391748655
496434.257075,603605.9118042164
496434.257075,526760.8692462968
601810.9966,586503.3422901725
601810.9966,596154.8214880798
719176.657175,761117.4818905699
719176.657175,767181.6202126627
719176.657175,767181.6202126627
719176.657175,1171248.3666058695
719176.657175,793282.7561424574
719176.657175,1025597.1347187301
507946.64595,590450.6167749583
507946.64595,604628.4014489411
507946.64595,668453.3934356571
507946.64595,548608.253349029
507946.64595,659401.7961222659
507946.64595,595003.1009449776
617805.4905,850613.6477387466
511299.33720000007,490509.88222570857
511299.33720000007,654220.8234964175
511299.33720000007,465707.6626433076
657588.6577249999,753090.6868578406
657588.6577249999,976744.4043251384
479868.8342,643597.7991608813
479868.8342,464287.04659635376
479868.8342,641515.0292973432
479868.8342,464793.29064143484
479868.8342,643583.0347650858
479868.8342,476590.1234822775
479868.8342,638407.9943277809
479868.8342,638407.9943277809
479868.8342,465792.38216677407
358941.56515000004,305788.99713709805
358941.56515000004,408113.69616945845
358941.56515000004,335675.1324064214
403652.0645499999,512337.99922671006
403652.0645499999,458306.3119659642
403652.0645499999,450591.8421724188
512712.70514999994,496015.04586240306
512712.70514999994,495212.8879083962
789748.1099999999,1261828.8514707014
789748.1099999999,795589.2448563973
291770.2227749999,227998.3121804673
291770.2227749999,194411.14622586325
757644.854725,789742.4491381929
757644.854725,774861.2081054104
764722.79765,743790.9364298952
764722.79765,758342.8659376391
764722.79765,756415.7683046324
525494.2488449999,946099.6599950247
525494.2488449999,589562.2839290434
525494.2488449999,590540.036146024
525494.2488449999,586491.1201875242
525494.2488449999,585984.876142443
525494.2488449999,583037.4951428864
525494.2488449999,568876.3801785519
525494.2488449999,565444.9529818217
525494.2488449999,583037.4951428864
525494.2488449999,558695.1466101081
585352.8322500001,655717.6490209998
585352.8322500001,660115.7461550871
585352.8322500001,686746.353409627
585352.8322500001,997471.5545620623
585352.8322500001,968782.0080404251
585352.8322500001,654896.105298877
502879.41305,517436.6450054615
502879.41305,512075.3884707152
621673.45249,1113348.3861850963
621673.45249,1114523.3977681072
621673.45249,748392.5240477718
621673.45249,1116996.1897366976
621673.45249,1117140.3281424535
621673.45249,1114304.602437803
621673.45249,714522.9472207378
621673.45249,707765.6068533399
621673.45249,715312.8402474934
621673.45249,1141008.8615481516
831065.8271999999,751620.7279465998
459587.59591249994,529928.0104840664
459587.59591249994,458001.6565583063
459587.59591249994,521963.65652614203
459587.59591249994,413883.54097499663
639867.862025,657062.7409839056
639867.862025,581551.6413473348
835119.3993,837297.3927769003
835119.3993,839018.957175392
835119.3993,837622.8993640428
258352.42964999995,235326.729498012
258352.42964999995,243708.0459018264
606926.8437249998,569528.2191686208
606926.8437249998,634103.9975455452
606926.8437249998,554887.6232373142
606926.8437249998,614541.9281161564
647011.0396499999,829857.8534925809
647011.0396499999,955847.5801739651
647011.0396499999,792882.2348783984
647011.0396499999,792970.2539377837
647011.0396499999,724077.3021389431
650766.91295,1021142.1705325195
650766.91295,609939.5059914879
389895.0692,494760.6859285309
389895.0692,379213.5693117484
389895.0692,455463.3550891726
389895.0692,487611.7032591322
675219.0289821428,1113641.5122410469
675219.0289821428,785832.5543798001
675219.0289821428,789522.5586860077
675219.0289821428,789522.5586860077
675219.0289821428,765250.4074973937
675219.0289821428,775231.2697046478
675219.0289821428,762060.6025147454
675219.0289821428,1111088.608368643
675219.0289821428,1072824.1197867673
675219.0289821428,1072824.1197867673
675219.0289821428,724053.323215444
675219.0289821428,1072824.1197867673
675219.0289821428,725790.4562963189
675219.0289821428,1072824.1197867673
325505.68785,321339.18327033
325505.68785,491272.4442630188
325505.68785,389627.2440384953
722631.298625,1094366.1849441566
722631.298625,676324.546929907
722631.298625,1098064.0712789283
722631.298625,685378.3795411884
722631.298625,1095025.4740732966
722631.298625,671946.6418614283
371905.8953749999,369533.600240042
371905.8953749999,454482.6309421798
534766.9869,520878.42619198153
534766.9869,645565.8896278354
534766.9869,491966.4320356372
499829.2814125001,463142.6317158887
499829.2814125001,453467.06386015716
499829.2814125001,462164.8794989082
499829.2814125001,462164.8794989082
499829.2814125001,450021.28950523294
499829.2814125001,455856.44509733457
499829.2814125001,465263.8967009998
499829.2814125001,444285.8177506211
332812.7264,309236.47749936185
332812.7264,443625.69745368743
332812.7264,337337.0546886609
364696.206125,346870.3861380164
364696.206125,294488.8372103089
448542.16494999995,423600.14537746005
448542.16494999995,449970.6569465856
584612.5624,640928.3995474117
584612.5624,827060.4137757805
483115.73885,699455.8055903388
483115.73885,596324.0199921353
835808.1761749999,870105.0416010349
835808.1761749999,826390.5362405468
887385.2725000001,898082.2555238686
887385.2725000001,1052438.1507078488
887385.2725000001,923344.9924811231
887385.2725000001,924608.6365939929
887385.2725000001,896230.3417134833
887385.2725000001,920231.8528727265
887385.2725000001,884852.9588645393
332221.96630000003,300622.2652875987
332221.96630000003,355548.9793152774
441983.88942499994,413540.7335054968
624358.1971,712095.8307426111
624358.1971,623266.3647857181
591612.218325,672193.9908907822
591612.218325,670549.0462329547
463542.0339,437105.0238312824
306386.67600000004,342041.0827003211
306386.67600000004,318694.12404127733
620968.1766499999,783877.2005509059
620968.1766499999,815930.1074584736
620968.1766499999,783877.2005509059
620968.1766499999,917871.4312808088
620968.1766499999,917871.4312808088
620968.1766499999,1011596.3405132927
729956.1197,632672.0167130925
729956.1197,673285.0498779888
525957.0805999999,921679.6938566222
525957.0805999999,599389.3431846364
668123.2265812499,773249.4607215106
668123.2265812499,787237.7890476795
668123.2265812499,748106.9181233936
668123.2265812499,1100229.7012395088
668123.2265812499,1097340.236480413
668123.2265812499,749803.5178606113
668123.2265812499,749162.1879974043
668123.2265812499,725396.7414839278
2305212.2453499995,2338613.7339183325
2305212.2453499995,2348880.394850511
660853.404375,715115.231496104
660853.404375,830416.0818598589
660853.404375,831702.7252076352
660853.404375,806861.3105032188
660853.404375,690298.8959803766
660853.404375,728008.3294307867
660853.404375,706183.9589005983
425115.4106,371692.27352405235
425115.4106,385341.17295500095
967641.56415,1003435.4498275118
967641.56415,1023405.7192510675
967641.56415,1026126.5015860486
967641.56415,1026992.7172192114
967641.56415,1026992.7172192114
967641.56415,1003435.4498275118
967641.56415,1343634.5344605981
967641.56415,962508.3835423036
967641.56415,962508.3835423036
967641.56415,1002129.532559928
967641.56415,963440.0910510633
967641.56415,1037197.7703025676
922850.6573666666,915760.3485108099
922850.6573666666,1354450.9280050832
922850.6573666666,932063.3705133181
922850.6573666666,920853.2818172172
922850.6573666666,936853.9819563671
922850.6573666666,924403.4378324724
922850.6573666666,932063.3705133181
922850.6573666666,929194.0492755214
922850.6573666666,912966.9868621661
949500.2888,1019073.9579023358
949500.2888,1023031.2696206677
949500.2888,1439061.9459995264
949500.2888,1023832.9576868152
949500.2888,1436598.455646277
949500.2888,1006546.0257039838
857719.0332375,764481.6711690564
857719.0332375,756704.4532980645
857719.0332375,763048.3513960446
857719.0332375,1164588.2437480253
857719.0332375,1164898.2371260866
857719.0332375,1164862.4911081144
857719.0332375,770158.2529636888
857719.0332375,1126052.1561021341
518768.0423000001,632268.2093597014
518768.0423000001,633731.3470367546
655829.9915,594819.2172963521
655829.9915,599787.0910653652
671474.7485499999,727798.5247070304
624532.5426,737881.6827562052
624532.5426,732790.4494049656
634990.7946000001,674806.9952207545
634990.7946000001,787707.5532633453
1045316.14645,974446.1663906621
1045316.14645,1002721.3019514715
294311.306375,323348.85791906266
294311.306375,252917.628900908
644550.7729,660274.731188425
782010.5384218749,1142601.5096134557
782010.5384218749,1131099.1018012525
782010.5384218749,725630.0018516164
782010.5384218749,1139829.8104107478
782010.5384218749,725630.0018516164
782010.5384218749,708655.8603852792
782010.5384218749,723418.8178515965
782010.5384218749,701741.3623369945
2458467.03605,2292021.1897119493
2458467.03605,2322076.487443938
204685.3164,299811.3219496009
204685.3164,282199.4042203544
204685.3164,175351.52578106243
620648.23465,1063543.3018902927
620648.23465,710485.1209993181
620648.23465,730370.3305823677
2324612.60295,2282147.6710788505
2324612.60295,2262863.4560582237
540824.9262,556041.6643224845
540824.9262,515414.16919406236
386365.886975,417466.54780338507
386365.886975,442134.4226746471
438993.42445,627377.4852627463
438993.42445,475637.73827811005
438993.42445,450257.76071689697
438993.42445,609804.4160952547
638314.8609863636,763990.0917039067
638314.8609863636,1115132.2650862874
638314.8609863636,757631.1408009795
638314.8609863636,1110881.2737948878
638314.8609863636,782502.6928399357
638314.8609863636,757487.0023952235
638314.8609863636,1088414.3582047734
638314.8609863636,726634.9313256895
638314.8609863636,739540.6514126003
638314.8609863636,1089095.2743095867
638314.8609863636,1139117.9991253521
644436.02885,723808.6432763515
644436.02885,737138.2802703917
668609.521,680703.1240879986
668609.521,699858.8354258132
2292416.702275,2297317.5899994606
2292416.702275,2834602.4148846585
281974.29115,292443.098005627
281974.29115,294704.98408248846
281974.29115,455480.8059498472
512403.3336,476304.9113709589
512403.3336,474902.23598030274
512403.3336,400483.91933982394
489012.32755,605930.6609308197
489012.32755,615809.5634455478
620940.4464,997558.2534376667
620940.4464,1014197.1281431497
929863.69385,1308861.2846502874
929863.69385,1284615.2887072668
929863.69385,857336.5309918883
616996.68355,1016384.5257238762
616996.68355,665880.1228909772
636818.051175,577851.3323853223
636818.051175,572798.652466085
636818.051175,636684.1009713324
636818.051175,646677.0412301576
723460.2253843748,757271.971880497
723460.2253843748,1141593.7868940409
723460.2253843748,1144668.1301176446
723460.2253843748,1144888.561932734
723460.2253843748,1141593.7868940409
723460.2253843748,1141593.7868940409
723460.2253843748,776859.4853793434
723460.2253843748,1156527.1872872373
717675.4298999999,982481.5807238454
312600.88085,300139.83905278036
312600.88085,455060.0227068234
312600.88085,442175.6678536264
312600.88085,297670.8523109292
537810.6396,775722.5619306681
537810.6396,626830.9283120579
365120.31365,343823.8605666525
484318.6751,777626.8387565904
484318.6751,659280.0175942647
694676.6171500001,575822.636838998
694676.6171500001,670931.4960540524
488807.400146875,523896.9118431374
488807.400146875,497288.61758403445
488807.400146875,497288.61758403445
488807.400146875,586964.2220150292
488807.400146875,498721.7209072326
488807.400146875,498721.7209072326
488807.400146875,599987.9897268589
488807.400146875,588086.2396245332
675673.6869392856,828894.482692718
675673.6869392856,713742.0924508314
675673.6869392856,698216.9542810817
675673.6869392856,739561.5738066181
675673.6869392856,726898.0774678295
675673.6869392856,723307.3559738139
675673.6869392856,730496.5280679066
435302.6870999999,583135.9802280971
435302.6870999999,514964.1658265112
435302.6870999999,583135.9802280971
435302.6870999999,502414.1256628523
388379.5166,571035.6374889121
388379.5166,567437.7463308247
388379.5166,450404.0572642088
1084296.787475,954491.4319264926
1084296.787475,946758.4962667248
1084296.787475,1359722.753342521
1084296.787475,1362086.807289571
1084296.787475,1350223.9887210296
1084296.787475,1362089.1273882175
1084296.787475,953663.9426387418
1084296.787475,944968.7378550572
1084296.787475,1333974.423275684
1084296.787475,915205.3595645265
1084296.787475,1316512.575885552
1084296.787475,1333974.423275684
1084296.787475,1333293.5071708707
1084296.787475,1380745.6361992606
913094.9653,836961.930753055
913094.9653,1238235.9086218933
913094.9653,836961.930753055
913094.9653,827642.6211632845
913094.9653,837820.2497089134
913094.9653,831512.0301808658
913094.9653,1265051.5879922986
477005.38165000005,404106.6886399225
477005.38165000005,468284.7175074593
618618.2675,673599.2767183902
618618.2675,865365.0548277895
319614.06584999996,281540.57977350097
319614.06584999996,318348.8530091267
319614.06584999996,322777.7983643935
319614.06584999996,379217.88368174835
743696.2102499999,1075259.383316778
743696.2102499999,612839.4528883501
345964.8093,385606.27633051376
685957.15855,744574.7488912359
685957.15855,927926.1508563666
755454.3043357143,725463.9581767214
755454.3043357143,720266.7306225356
755454.3043357143,1137136.8752330132
755454.3043357143,1126115.2707949616
755454.3043357143,704230.9740909421
755454.3043357143,1132455.8911397127
755454.3043357143,712562.4646287168
513638.0312,485283.7147938465
513638.0312,482977.57952207373
286522.912825,336380.0127405186
286522.912825,274560.4356788795
878672.0779000001,832938.5487726222
878672.0779000001,815063.2367894361
609601.3457500001,651519.6514548612
609601.3457500001,703315.5957057883
341854.21161249996,461826.918457969
341854.21161249996,473237.67908513045
341854.21161249996,456220.6712480141
341854.21161249996,386606.9311233146
538340.26815,563682.4216195777
358350.50549999997,287087.156266367
303792.75515,262065.1874189804
303792.75515,210314.02426211786
1260130.3893,1247684.5384545645
1260130.3893,1245544.49203711
1260130.3893,1689072.9916674476
1260130.3893,1247614.9945714362
1260130.3893,1684051.209670131
1260130.3893,1247684.5384545645
1260130.3893,1689108.7376854196
1260130.3893,1250097.3671581815
1260130.3893,1245569.7035255963
1260130.3893,1678658.721376168
570539.7313500001,512340.8797684014
570539.7313500001,614547.1856478892
313380.72445,207598.69308346324
313380.72445,318207.4667951096
392482.0307,406624.1478503463
392482.0307,360621.33795250184
392482.0307,394261.89400431776
392482.0307,476385.14455493377
920754.9215425,1365169.565018768
920754.9215425,1362477.9777198734
920754.9215425,1013631.739122954
920754.9215425,999228.7994941059
920754.9215425,1032100.4871816171
920754.9215425,980950.8104468617
920754.9215425,959763.5618049158
920754.9215425,942810.0220156463
920754.9215425,1322732.5257070812
920754.9215425,977859.2326257174
785625.12745,847540.8463361489
785625.12745,881477.2537802072
548949.510175,606370.0865912412
548949.510175,616310.6981616818
548949.510175,590375.0962274183
548949.510175,593544.0539194837
420000.75408,457940.25600358506
420000.75408,373299.58977102855
420000.75408,458224.3413715991
420000.75408,458224.3413715991
420000.75408,356180.099634349
255700.043,264556.4540158734
255700.043,271852.8150943115
255700.043,211110.56228804222
794207.4549000001,1087645.8693576825
794207.4549000001,842101.9124575508
448235.76215500006,459649.0192035573
448235.76215500006,453796.04224175727
448235.76215500006,512263.0104685442
448235.76215500006,524693.3454149881
448235.76215500006,454331.10523644264
677177.5001,682634.8555232611
677177.5001,686239.1157545901
677177.5001,675413.9791446859
399949.79605000006,303560.74107967055
399949.79605000006,308769.10042019264
399949.79605000006,339059.0332387052
399949.79605000006,328779.74173716386
1191983.834625,1186528.4752789359
1191983.834625,1189604.3479222883
504998.7287499999,599624.2544660077
504998.7287499999,598454.1294536366
501204.05665,530110.3607851656
501204.05665,567941.9854198662
576868.4459000002,993437.4714271744
576868.4459000002,1057619.846210329
665333.95985,656291.8961483886
665333.95985,1071493.003745402
817072.6902,770886.1181147681
817072.6902,751977.2161515363
817072.6902,753156.0877718881
304518.51290000003,221104.3003187924
304518.51290000003,226553.0339710834
1322163.5287,1027819.1020342889
1322163.5287,1061844.4286944922
395771.907,353706.88300020684
395771.907,315958.31184985733
395771.907,412155.74582902336
395771.907,356240.1632269147
2517777.173299999,2466442.227165807
2517777.173299999,2512972.2306158408
610314.29336,635373.3783390259
610314.29336,634862.3600792709
610314.29336,661751.0077587134
610314.29336,635389.5247725341
610314.29336,625382.7970169878
882735.099725,835745.0183735047
882735.099725,847816.9671217296
2583245.4281,2434334.2940968415
2583245.4281,2469947.974220532
648167.2950045455,1107956.197543752
648167.2950045455,675403.6853153562
648167.2950045455,1112329.444088289
648167.2950045455,687702.6424750353
648167.2950045455,682470.1735406539
648167.2950045455,1103263.9279121272
648167.2950045455,640279.5509756816
648167.2950045455,1049603.0130169827
648167.2950045455,631567.0254497977
648167.2950045455,1072027.2848201352
648167.2950045455,663840.0900760432
619014.3322999999,736489.4280021801
619014.3322999999,736489.4280021801
619014.3322999999,639443.3388195287
619014.3322999999,642202.8467119429
619014.3322999999,742496.5184692241
619014.3322999999,732733.5660978896
222510.3853,153320.5241372708
222510.3853,187109.49366391904
222510.3853,173064.0807042257
377161.5935,334595.2144770616
377161.5935,336669.01230870484
377161.5935,300174.99869132554
1267334.2195,1235056.77022108
1267334.2195,1218866.4296446838
1267334.2195,1225587.156334896
631633.212025,674060.122273045
631633.212025,1062789.1150062713
420086.14825,357026.4951802699
710730.8827000001,711966.1474354492
710730.8827000001,1015802.2677243247
710730.8827000001,1002663.553609191
480354.61175,582887.1178277136
480354.61175,581831.8479537029
480354.61175,612512.1032787503
2609569.7697999994,3007383.403803187
2609569.7697999994,2501136.2881422057
591633.76735,626248.1425059112
591633.76735,538578.3898910825
591633.76735,619489.2387910107
743834.4575499999,738492.0639728203
743834.4575499999,752521.2750914725
743834.4575499999,762846.7427265842
227878.6483,175373.3108282021
227878.6483,153765.65917439584
1243950.3701000002,1184206.2152751347
1243950.3701000002,1202884.1053936672
326152.57605,322995.6493833509
326152.57605,305433.7062599245
662646.15985,731070.3609578197
662646.15985,730829.2587657002
662646.15985,821275.4354646355
662646.15985,685438.6161790554
758459.6763299999,819596.8372569812
758459.6763299999,746473.4165390515
758459.6763299999,796628.9139546135
758459.6763299999,744886.0818852677
758459.6763299999,719298.247382532
219248.4474,185549.98306825716
219248.4474,185007.61216340103
219248.4474,223138.7298967234
597421.57268,672149.5314027764
597421.57268,672149.5314027764
597421.57268,688831.8662612084
597421.57268,778647.322674282
597421.57268,790564.0904528731
409169.093975,359008.1236975727
409169.093975,416649.7045864724
626850.6852499999,561035.3783414331
626850.6852499999,576909.3021504469
424577.52585,397292.9338242362
424577.52585,408469.55745484505
206320.08,273105.468599873
206320.08,248105.92331926676
206320.08,134694.20642834646
743171.3365999999,874490.3971208577
743171.3365999999,852366.4771483198
393058.809,403045.6102788402
393058.809,482948.91549403913
393058.809,392655.1379473793
393058.809,358052.2762706474
642021.8552,729866.1765309388
642021.8552,843930.3209061676
609925.514425,693155.7606616744
609925.514425,1137499.9257922478
472269.2294,457379.55365333473
472269.2294,429725.29810336325
590330.4879,630550.7534297509
590330.4879,583332.1148539233
2354515.32435,2329419.294349782
2354515.32435,2329187.8560506944
2354515.32435,2380319.4785377085
510993.8796599999,460650.84673616244
510993.8796599999,554469.5015397848
510993.8796599999,479744.4686006328
510993.8796599999,455892.44689313415
510993.8796599999,472891.8570115372
661559.38395,753638.0229544988
661559.38395,1001749.0230318948
473630.7322,693870.4222676214
473630.7322,767980.7614426796
219546.50649999996,140522.4868348001
219546.50649999996,246946.9783125501
282583.53035,348411.9432576215
282583.53035,239319.08260283247
282583.53035,329412.11902070505
297922.908075,303164.40930744534
297922.908075,362871.82609692984
750852.9766375,756568.6583280896
750852.9766375,1215926.3769363738
750852.9766375,1215926.3769363738
750852.9766375,762671.7706315495
750852.9766375,1147193.9382453468
750852.9766375,756057.6400683346
750852.9766375,746576.497238981
750852.9766375,745644.7897302213
750852.9766375,745644.7897302213
750852.9766375,1143526.8000209685
528743.8170250001,669658.031044748
528743.8170250001,1086282.8610775361
528743.8170250001,985250.576426756
528743.8170250001,668091.7429109823
528743.8170250001,982361.1116676601
528743.8170250001,1090487.880053256
528743.8170250001,632613.6085311183
528743.8170250001,946534.1758087664
528743.8170250001,615680.9128538752
528743.8170250001,628997.5285827385
849190.8492928571,1160983.7213159415
849190.8492928571,905712.5595832444
849190.8492928571,957768.330445973
849190.8492928571,906371.8487123845
849190.8492928571,1140129.8777656802
849190.8492928571,1112895.1357009406
849190.8492928571,1140731.5644954843
395319.74510000006,354814.07695778215
395319.74510000006,363422.9960971787
523648.7413749999,550354.1830920023
523648.7413749999,553063.1664413409
541514.4914,485518.64514868596
541514.4914,485392.95978787355
541514.4914,505838.4473323296
541514.4914,580549.5247271669
519017.47485,964638.2940541306
519017.47485,555346.0633532957
675837.3324874999,763605.385826565
675837.3324874999,763158.9255574511
675837.3324874999,1153797.6066114977
675837.3324874999,763158.9255574511
675837.3324874999,1149512.9844882172
675837.3324874999,1153304.926445574
675837.3324874999,744505.8869301174
675837.3324874999,1132532.3557517212
675837.3324874999,721838.3210782222
675837.3324874999,744567.7121676862
576223.5939000001,550463.572141044
576223.5939000001,673803.9274963558
576223.5939000001,673929.6128571682
576223.5939000001,566213.3307886074
576223.5939000001,538409.962539668
576223.5939000001,557356.6635525418
574803.1152499999,679409.4252943561
574803.1152499999,566776.7470846606
574803.1152499999,579734.3764352247
574803.1152499999,588668.5391806596
539091.06256,686191.9429374048
539091.06256,643925.8993976499
539091.06256,807902.6247569207
539091.06256,789213.0631904431
539091.06256,686374.0562201538
450631.6928749999,425816.9610473236
450631.6928749999,423214.23240970605
756411.1795499999,641143.0641659859
756411.1795499999,678010.9299160556
630309.9012249999,612713.5048640321
630309.9012249999,626884.3800380632
475041.74010000005,511580.2883709476
475041.74010000005,601263.2771891598
475041.74010000005,602811.3295628778
475041.74010000005,608525.4314280712
475041.74010000005,485705.2790168646
2250637.119849999,2255500.8993731043
2250637.119849999,2799063.7012028596
542113.1349599999,578885.8360732537
542113.1349599999,581279.6242695785
542113.1349599999,580015.9801567086
542113.1349599999,556544.0185105172
542113.1349599999,550280.4820622957
314673.41727499996,263745.8090119678
314673.41727499996,275611.2801145678
564479.3293999999,495492.3711524197
564479.3293999999,516740.58914645005
564479.3293999999,618595.9230695628
564479.3293999999,499204.85550191655
213253.641525,184248.65047215694
213253.641525,256242.45384255657
385850.49085,570634.6663821692
385850.49085,574232.5575402566
385850.49085,383023.3155446117
385850.49085,447151.9315586112
868029.1998,944817.4574514468
868029.1998,1165926.8738051518
868029.1998,905038.9187944982
868029.1998,941151.0356331782
868029.1998,917390.5276378924
868029.1998,1117455.383287244
868029.1998,871952.6007973005
478639.9106,463557.1846378159
478639.9106,489316.7059723004
684656.3276999999,705194.1143714443
684656.3276999999,688797.993534919
455799.6646,423341.22710538364
455799.6646,541663.6641712838
455799.6646,564876.3782779183
455799.6646,423341.22710538364
455799.6646,402258.7042483139
774212.5986899999,1128535.03708339
774212.5986899999,888111.8016103391
774212.5986899999,914532.9320239921
774212.5986899999,1128094.543284554
774212.5986899999,1078657.7531640502
904398.41095,1168177.809843275
904398.41095,1170650.6018118653
904398.41095,964149.6520630005
904398.41095,912429.2606827039
904398.41095,933289.0880148379
904398.41095,929860.7364805555
904398.41095,887170.2450694327
904398.41095,933893.1367217742
775119.613,1067194.8860078193
775119.613,1092073.057959528
309509.31999999995,259529.23831016565
309509.31999999995,310428.3691847956
280592.44954999996,283719.7414045817
280592.44954999996,341810.64170253987
280592.44954999996,275696.7482608059
580944.3093461539,653176.6362653896
580944.3093461539,637408.2997042157
580944.3093461539,972416.7670594974
580944.3093461539,638352.2735883185
580944.3093461539,636144.6555913459
580944.3093461539,975087.4364882892
580944.3093461539,636644.8549149052
580944.3093461539,630134.0557222863
580944.3093461539,959430.9427140041
580944.3093461539,934329.8502325382
580944.3093461539,615145.59500059
580944.3093461539,959430.9427140041
580944.3093461539,947620.4574650007
821214.53095,889748.8014966673
821214.53095,884848.219117933
821214.53095,895143.6676391279
821214.53095,949175.540634984
821214.53095,882048.5440754677
821214.53095,939788.24185183
773897.8452,686935.0085735081
773897.8452,686275.719444368
773897.8452,1119601.5328565126
773897.8452,708717.3661330167
773897.8452,710395.9665815247
773897.8452,1115896.4981484087
773897.8452,1124037.2944786174
773897.8452,1137904.0568997741
644327.5488400001,574196.3797083097
644327.5488400001,575040.0090825548
644327.5488400001,660072.6784571445
644327.5488400001,574423.4333570244
644327.5488400001,556819.2719170632
952244.6527499998,857132.8042452595
254931.461675,269875.68826983636
254931.461675,215687.53956155595
670242.9075,750580.689600368
670242.9075,762145.4509803209
670242.9075,1102173.9481296046
670242.9075,750069.671340613
670242.9075,1099284.4833705088
670242.9075,750580.689600368
670242.9075,752277.2893375858
670242.9075,1199178.9108539666
670242.9075,728585.1853897983
670242.9075,735664.4233022176
670242.9075,1063065.914047123
670242.9075,1061328.7809662481
670242.9075,1066504.697248207
427297.9466,595355.6026794226
427297.9466,442094.3476017926
588212.01015,666915.989798773
588212.01015,704501.7609399736
588212.01015,993390.6641043546
588212.01015,665349.7016650074
588212.01015,705391.7950222358
588212.01015,724086.9424727522
320106.8218,347783.0526456334
320106.8218,333677.0704566242
375422.45825,482172.2264138489
375422.45825,363247.6316835935
548135.0266,725114.2039906707
548135.0266,674046.0457455402
548135.0266,633793.5462116204
548135.0266,699071.4534287729
314011.57470000006,326191.9565054953
314011.57470000006,335348.49022945855
840247.4877142856,779325.1927128695
840247.4877142856,854991.3575252708
840247.4877142856,775701.5181501645
840247.4877142856,760414.4691460028
840247.4877142856,783683.0857606686
840247.4877142856,761761.8076361527
840247.4877142856,760432.4565710254
907050.3368,847549.3222748599
907050.3368,864473.7334028451
597269.1384,711347.5746142494
597269.1384,632666.5594685485
597269.1384,632155.5412087935
597269.1384,710962.1035651707
597269.1384,632508.6683073001
597269.1384,619089.650706291
129466.549225,110813.81636265921
522670.5408,617846.6589545754
522670.5408,678881.476490914
522670.5408,591496.3833819213
522670.5408,696684.6387868576
868900.3637375002,1319936.2357555842
868900.3637375002,863258.4005942217
868900.3637375002,863258.4005942217
868900.3637375002,864002.9309817646
868900.3637375002,1319936.2357555842
868900.3637375002,1282180.2482190647
868900.3637375002,863583.5851450395
868900.3637375002,849289.208475579
255128.87143749997,273883.6865028655
255128.87143749997,362638.51795215206
255128.87143749997,232127.64061137842
255128.87143749997,389971.8552255129
514586.64565,622024.615504251
514586.64565,589407.1685092284
666745.569425,680038.4037140033
637185.27744,769806.8044226271
637185.27744,986524.7529208811
637185.27744,965624.4520325565
637185.27744,770043.9795642414
637185.27744,1032782.3571666001
808659.6970363637,776544.5086684206
808659.6970363637,764739.342533624
808659.6970363637,762796.0003363047
808659.6970363637,1163961.5029334023
808659.6970363637,752663.3131593764
808659.6970363637,751663.1213285327
808659.6970363637,1134329.1113498053
808659.6970363637,725413.3672821276
808659.6970363637,1133477.1056638826
808659.6970363637,1134158.021768696
808659.6970363637,756799.8176908783
928536.05395,878145.0437799549
928536.05395,1292825.8386697522
2474894.5689,2467780.3168879244
2474894.5689,2494678.1966027715
274721.12195,309158.59381587367
274721.12195,297058.1694227663
597385.1057999999,801680.3297047031
597385.1057999999,762369.8756236355
567242.8275400001,544401.185357001
567242.8275400001,620718.1777330415
567242.8275400001,539373.0157894779
567242.8275400001,548727.8520922173
567242.8275400001,616499.0519334783
579691.11055,505328.1653359871
579691.11055,508056.9542240651
579691.11055,510350.3855055873
694007.714,695292.4962364062
694007.714,696354.9769073346
708305.833325,1057889.6147608159
708305.833325,709906.1399224275
886493.1219666667,927930.9346047149
886493.1219666667,927930.9346047149
886493.1219666667,904295.1195190977
886493.1219666667,1050930.3785353098
886493.1219666667,930976.1037217596
886493.1219666667,903093.9696175682
886493.1219666667,926395.4712318724
886493.1219666667,903093.9696175682
886493.1219666667,1031796.7536955297
631892.0065999998,735735.594371341
631892.0065999998,753175.9812800797
706702.2476666666,754452.4392885251
706702.2476666666,1167672.682303999
706702.2476666666,754452.4392885251
706702.2476666666,1174763.017044745
706702.2476666666,750355.7220905324
706702.2476666666,1127398.293958632
706702.2476666666,712343.4579726731
706702.2476666666,1128250.2996445547
706702.2476666666,1157272.0069127253
684765.8785750001,1026188.0753790501
684765.8785750001,636139.0700083128
406922.9648749999,559967.6744661239
406922.9648749999,553431.4498087628
406922.9648749999,468965.955400096
406922.9648749999,556914.9690487441
435949.10919999995,383084.0906019704
435949.10919999995,551044.0536709551
435949.10919999995,548795.0460019502
820173.9868,796479.7165827263
820173.9868,784034.8030566559
200175.14505,168507.59965419554
200175.14505,193257.21628374414
714210.9258750001,602566.7708898872
714210.9258750001,585287.1868772245
254979.6205,200181.5074382117
254979.6205,191036.8060169656
317819.6288,291909.46867235465
317819.6288,250572.60197734315
317819.6288,282823.99486508215
344163.47664375,380098.3353023278
344163.47664375,380098.3353023278
344163.47664375,312314.8259189774
344163.47664375,324504.99102523463
731259.2488,748138.8855901002
731259.2488,748138.8855901002
731259.2488,723256.7022357433
731259.2488,719813.547883591
731259.2488,720567.5401390956
731259.2488,829100.8198562886
595305.48385,1108160.7588961239
595305.48385,627946.8001874497
237285.7753,177800.4797969393
237285.7753,276911.1117804028
603262.04425,659080.8579028714
603262.04425,756846.2213245418
603262.04425,657817.2137900016
603262.04425,646170.7305044195
809344.2997,979268.2215651649
809344.2997,979268.2215651649
809344.2997,974477.6101221157
809344.2997,979268.2215651649
809344.2997,971043.5231877065
809344.2997,911935.1037428561
809344.2997,1168161.4469427608
651832.98905,635659.3116706281
651832.98905,689499.9936536127
651832.98905,611161.2004434612
651832.98905,720956.7436806792
651832.98905,641306.3384388166
386449.253375,399226.35578789737
386449.253375,357305.55293521954
766823.031275,894889.1325893049
766823.031275,818570.278615756
284451.25795,222480.38687441684
284451.25795,218935.1092475438
2742777.00035,3083146.3593136193
2742777.00035,2654783.1743012997
598824.67004,663000.7044464479
598824.67004,658371.8441332929
598824.67004,618630.362859128
598824.67004,743803.0660196521
598824.67004,678530.6468043302
2452962.0011000005,2439737.2504058657
2452962.0011000005,2486883.9533946626
774041.703275,803076.2126852877
774041.703275,699023.8441179501
318190.5487,406758.5678195746
318190.5487,443247.7849706748
590257.8627499999,995265.6856992084
590257.8627499999,978543.9630171906
590257.8627499999,993542.5853956675
590257.8627499999,668416.6071975585
590257.8627499999,982174.3408007463
590257.8627499999,661264.6483675808
285357.6474,323268.07010067627
285357.6474,250811.34937235643
583537.7559,651399.5144205173
531790.5834,584242.610087314
531790.5834,578302.7689940073
646813.7106,690647.6173430722
646813.7106,730915.92047458
646813.7106,693046.5133409111
646813.7106,797143.666237349
646813.7106,797824.5823421625
646813.7106,847895.1349771165
261416.22845,200074.31414487964
261416.22845,235168.14847865188
669526.970725,747349.898669291
669526.970725,952955.1402451184
673314.3486499999,1136010.7814809415
673314.3486499999,698073.8838479224
717129.5981666667,744673.5884573357
717129.5981666667,1147862.2100403314
717129.5981666667,745332.8775864758
717129.5981666667,1140557.5965191333
717129.5981666667,1147897.9560583036
717129.5981666667,1147897.9560583036
717129.5981666667,1103419.6766132906
717129.5981666667,687494.4141678982
717129.5981666667,692523.591190648
507938.3767499999,660262.4153595591
507938.3767499999,897189.0049709188
2860414.55095,3143954.1467114044
2860414.55095,3178672.376011524
1214010.046055,1162255.071508305
1214010.046055,1573802.0592889495
1214010.046055,1160005.736877066
1214010.046055,1141032.0499836572
1214010.046055,1574783.12778507
1214010.046055,1138142.576258716
1214010.046055,1123017.6407918634
1214010.046055,1542275.5886543377
1214010.046055,1127386.4141487358
1214010.046055,1129266.0137738362
328499.615575,345240.3786499288
328499.615575,428261.72953969834
503792.9741,673680.7578748821
503792.9741,634772.0629701572
503792.9741,583053.1860832897
2325055.4251499996,2327592.5444866526
2325055.4251499996,2321461.5854833964
512226.72909999994,792818.2976012641
512226.72909999994,570138.1260672617
895771.5428999999,1259913.3014213287
895771.5428999999,892143.4624013774
277083.7755,322059.9860291481
277083.7755,222020.5668280903
277083.7755,253020.74756892218
912029.233909091,924976.5899621072
912029.233909091,924976.5899621072
912029.233909091,926240.2340749771
912029.233909091,1351810.4455897948
912029.233909091,926540.5579972267
912029.233909091,908673.5679595992
912029.233909091,924976.5899621072
912029.233909091,889546.9465275889
912029.233909091,1328821.5044443272
912029.233909091,1305177.668024817
912029.233909091,869823.7773954303
590941.24075,792013.4575358274
590941.24075,795269.1560273834
438923.4182500001,402785.78497584676
438923.4182500001,467383.71626295557
759308.3186499999,688273.7791879247
759308.3186499999,1113625.0825240538
759308.3186499999,1102751.0718995077
759308.3186499999,704847.7738375786
759308.3186499999,1116423.2642885705
759308.3186499999,715569.3550980645
759308.3186499999,673085.05320111
601413.8406499999,1106067.5802052743
601413.8406499999,677753.5865334829
601413.8406499999,719704.2629414073
696381.83275,813355.2888399377
696381.83275,840477.0665416148
491010.1471,439525.06447770237
421109.993375,408807.16174890054
421109.993375,516073.31110370124
1491987.9380249998,1050749.1103010015
640209.9473,615382.7682626296
640209.9473,607965.9422831496
867491.6646,1142385.660373279
636102.8073076924,1073251.576555049
636102.8073076924,730488.8868082684
636102.8073076924,1172843.3974198548
636102.8073076924,727309.9007618156
636102.8073076924,1070177.2333314456
636102.8073076924,726798.8825020607
636102.8073076924,726798.8825020607
636102.8073076924,703327.3872439426
636102.8073076924,1055327.1941870432
636102.8073076924,1031330.2034797596
636102.8073076924,717951.3447939008
636102.8073076924,1031330.2034797596
636102.8073076924,1064720.3284036233
408165.260825,397496.91167314583
408165.260825,359824.79943105223
665235.9461857143,746974.9306045533
665235.9461857143,819441.612428996
665235.9461857143,814025.3426886878
665235.9461857143,747234.8246705552
665235.9461857143,927377.0798450499
665235.9461857143,927377.0798450499
665235.9461857143,851822.4321618174
299179.5226937499,286407.7742041263
299179.5226937499,294040.07256286975
299179.5226937499,285064.4381773151
299179.5226937499,295302.164169305
859405.269625,1316233.2870463324
859405.269625,882836.0129793815
795704.6281142855,1130548.766545893
795704.6281142855,723109.9255768263
795704.6281142855,730756.8057672816
795704.6281142855,734099.9269062876
795704.6281142855,729309.3154632384
795704.6281142855,1133620.7896708504
795704.6281142855,1119127.8125869508
777798.491375,847401.62428106
777798.491375,909252.5226883725
1063929.87185,1011385.0462035426
1063929.87185,1013041.840465392
1418882.7609,1565090.2328565838
451507.2509,582360.4001903937
451507.2509,469769.91289924644
451507.2509,462018.26074819313
620245.1785500001,565526.7285154619
620245.1785500001,627414.6547776129
408970.02325,594323.0566375109
408970.02325,395953.60794823506
330818.60004999995,287846.14237756515
330818.60004999995,300882.9339024893
330818.60004999995,338112.6400404475
659288.8549,714210.7271221553
1363499.9496499998,1204698.3303067998
1363499.9496499998,1214273.5539130662
1363499.9496499998,1231585.22956086
181166.2564,176572.75146848778
181166.2564,153039.67998815642
181166.2564,183461.25055159914
760405.6513250001,660380.1684550449
760405.6513250001,686184.2479589294
846809.6035285715,804312.8220639251
846809.6035285715,829490.2600181587
846809.6035285715,830348.578974017
846809.6035285715,1202280.7653373275
846809.6035285715,833697.0543421485
846809.6035285715,781044.0293130929
846809.6035285715,791149.8109917087
314258.21874999994,298801.10196438653
314258.21874999994,290625.8438028467
579306.4375250001,658374.0249011071
579306.4375250001,664376.9226738831
169385.75564999998,276702.91942373995
169385.75564999998,145263.29631270457
826828.148895,1147726.1926366915
826828.148895,1147690.4466187195
826828.148895,738315.6468394527
826828.148895,738315.6468394527
826828.148895,752605.7726482304
826828.148895,729105.0129652491
826828.148895,700999.8245536898
826828.148895,701240.2212878685
826828.148895,1088346.3848200548
826828.148895,1135573.9183624012
275940.3513,197668.77224288654
275940.3513,293375.54204073455
776168.6592,1055043.6364502364
776168.6592,1096899.2493386953
520391.15648749995,795988.5264898919
520391.15648749995,745666.2149832
520391.15648749995,660060.5069855768
520391.15648749995,835094.9082719275
662595.5464999999,574553.1030576957
662595.5464999999,560557.3895665957
422446.3897,497254.0719613169
422446.3897,408149.41170546087
631739.4396499998,655939.5955924729
631739.4396499998,728102.2189196639
348363.61,556499.2780253094
348363.61,363848.63240117015
646796.1997499999,731508.7675029112
640983.01418,684579.6552609828
640983.01418,683316.011148113
640983.01418,724610.3730270439
640983.01418,679762.9423504889
640983.01418,816999.8049606765
693756.9795499999,777066.914407599
693756.9795499999,755532.676948924
693756.9795499999,759119.6749170679
693756.9795499999,776686.478581536
693756.9795499999,776013.9646322345
693756.9795499999,773362.9915096273
693756.9795499999,1215095.2130198805
930371.6404,879936.6831511887
930371.6404,862381.5060557725
1079787.0968090908,1074824.0919575267
1079787.0968090908,1484874.8781254967
1079787.0968090908,1084062.2895272898
1079787.0968090908,1082255.2890441564
1079787.0968090908,1053131.8197004306
1079787.0968090908,1487374.1144967186
1079787.0968090908,1039333.8664260076
1079787.0968090908,1450180.108869705
1079787.0968090908,1040014.782530821
1079787.0968090908,1037369.0130370401
1079787.0968090908,1064997.5121902362
235153.26989999996,155859.33533693396
235153.26989999996,152848.63632907654
152620.163325,254354.4150794907
152620.163325,233344.2201483139
152620.163325,173719.96220125147
672445.3757857142,704757.421934154
672445.3757857142,1128544.5509040586
672445.3757857142,704757.421934154
672445.3757857142,1123499.7221433625
672445.3757857142,694378.057633472
672445.3757857142,704757.421934154
672445.3757857142,1091475.0628448701
310817.68049999996,208378.7709667493
1320343.7121,1749983.807024613
1320343.7121,1305566.5708546129
1320343.7121,1301103.245455111
1320343.7121,1302606.1175096212
1320343.7121,1731008.5511069095
1320343.7121,1750902.6469409529
1320343.7121,1302606.1175096212
1320343.7121,1268473.475342313
238114.2738,177463.7230503625
238114.2738,171115.89632009825
916467.7955,873440.9295860277
916467.7955,1369100.153325812
836328.2161499999,1215296.4160391823
836328.2161499999,752987.1135749514
459542.32894999994,535544.1785414998
459542.32894999994,528697.1165221147
635474.2030399999,682912.048340374
635474.2030399999,683797.0098334277
635474.2030399999,682401.030080619
635474.2030399999,788765.8091127137
635474.2030399999,677883.0274866973
514967.67474999995,465725.63953354256
514967.67474999995,627404.403533306
522943.7847,765934.5596983916
522943.7847,758794.2247063683
783309.7483333334,842125.8609043225
783309.7483333334,876689.8088599208
783309.7483333334,842125.8609043225
783309.7483333334,869010.8892754035
783309.7483333334,842125.8609043225
783309.7483333334,819895.9778517984
783309.7483333334,820576.8939566117
783309.7483333334,850836.0975361922
783309.7483333334,861628.158438546
383352.0706999999,371416.8622808678
383352.0706999999,356840.37700797897
383352.0706999999,352627.93368369906
808093.3931250001,752974.6870991862
808093.3931250001,1209968.137741207
227038.51,288954.1697970872
227038.51,192149.8397666763
227038.51,339612.1431830302
262684.4738,289360.1071706487
262684.4738,247059.35851102247
262684.4738,388375.30040479585
390418.74990000005,379989.2845006183
390418.74990000005,373250.52261804626
1162460.5545,1064302.0582836107
1162460.5545,1063775.1561099978
255493.1092,228131.6415253884
255493.1092,348068.0819702358
397205.4848999999,416285.11322220415
397205.4848999999,396944.89060957555
397205.4848999999,383914.12021836656
471872.2004,471814.59152494057
471872.2004,472235.051325305
525043.8254375,480421.47566695104
525043.8254375,536732.0193404275
525043.8254375,502085.67315960757
525043.8254375,488464.13410560763
2303142.48845,2843472.6037550857
2303142.48845,2334015.683693859
684108.1268785715,1156459.5324993695
684108.1268785715,751998.8541590835
684108.1268785715,744683.7819893364
684108.1268785715,745062.1175495659
684108.1268785715,737026.6175242431
684108.1268785715,1156459.5324993695
684108.1268785715,1147614.7927566727
316353.153275,343587.74598024454
316353.153275,442712.0981981249
452181.10295,507236.595898256
452181.10295,788487.2677213838
658508.2879499999,846601.4411917918
658508.2879499999,704197.6282203501
658508.2879499999,806502.2440331483
755316.7056049999,787302.05298511
755316.7056049999,766579.1577084395
755316.7056049999,761280.796417792
755316.7056049999,786038.4088722401
755316.7056049999,1151101.3253222366
755316.7056049999,786038.4088722401
755316.7056049999,726612.1320959332
755316.7056049999,727293.0482007465
755316.7056049999,727293.0482007465
755316.7056049999,1189035.5666662394
585740.3800499999,494327.9762814652
585740.3800499999,586961.7781120002
747173.9366,708022.4356314626
747173.9366,1112998.4597495242
747173.9366,685825.1217363158
747173.9366,1120715.7209498105
747173.9366,696357.2878425785
747173.9366,1112998.4597495242
747173.9366,709586.403666582
747173.9366,678683.8955446514
752691.0398285715,949509.4102222747
752691.0398285715,880880.2536718904
752691.0398285715,953110.9972820639
752691.0398285715,880880.2536718904
752691.0398285715,938095.1990453086
752691.0398285715,873477.2861986483
752691.0398285715,932017.7746802737
559097.0059272727,648740.4628190913
559097.0059272727,681550.619018229
559097.0059272727,1086566.6092607663
559097.0059272727,648751.2817552869
559097.0059272727,1083722.6674125164
559097.0059272727,982656.4658959396
559097.0059272727,681550.619018229
559097.0059272727,644648.7643237916
559097.0059272727,628764.1212340154
559097.0059272727,629445.0373388289
559097.0059272727,629695.8287427751
737543.794825,1113855.2619608722
737543.794825,887985.1395918961
731243.5144999999,858959.1930956269
731243.5144999999,824506.7889384083
710758.1705749999,616756.4842906388
710758.1705749999,650734.5769496633
581560.047325,674299.2163883079
581560.047325,700960.2000794174
581560.047325,659650.0346028985
581560.047325,689094.135842486
581560.047325,756563.8687612691
581560.047325,766553.7935189216
890434.7247428572,829289.123910527
890434.7247428572,1266874.4750640464
890434.7247428572,820809.7572875095
890434.7247428572,828111.9108899423
890434.7247428572,1263169.838402396
890434.7247428572,812524.3078802663
890434.7247428572,1258003.8309267682
565013.4951,661263.0750676728
565013.4951,668224.4261751743
138475.413,211632.4787107641
138475.413,193877.26139867218
580532.9741250001,590684.3546459156
580532.9741250001,503833.82668954367
906036.217225,914221.7295380747
906036.217225,1276409.9918365497
278216.2834,414225.2688324808
278216.2834,396676.70070898306
237487.25055,274705.3735736658
237487.25055,265803.7510102497
237487.25055,200456.84418895235
2406985.6656750003,2668098.9956568666
2406985.6656750003,2228504.9471312873
219040.19154999996,255253.57786653755
219040.19154999996,362171.6696922794
296482.12945,325803.4616445442
296482.12945,205924.49524314643
461558.398,691661.3429775017
461558.398,604212.7548277205
362844.49045,420837.6540759342
362844.49045,293366.35407411604
600791.5816666665,762318.799418932
600791.5816666665,722056.7155290487
600791.5816666665,1070859.7395019974
600791.5816666665,725132.6952374376
600791.5816666665,1073412.6433744011
600791.5816666665,723111.9854030594
600791.5816666665,723753.3152662665
600791.5816666665,1070640.9441716932
600791.5816666665,683508.421923574
544321.8319,681585.9383546634
544321.8319,831660.7780259049
2411356.52695,2352256.4044496045
2411356.52695,2356183.2039562254
349879.34677500004,298805.52319247235
349879.34677500004,249037.2586783722
520921.87750000006,501125.29866432975
520921.87750000006,476785.95333824324
509972.8598,610275.9827814564
509972.8598,655180.9648977985
347566.8195,327315.769721391
347566.8195,328439.3985816694
620924.1396,538711.5978498262
620924.1396,621944.9274970497
620924.1396,540277.8859835918
620924.1396,547272.4663065515
620924.1396,546465.3410532211
620924.1396,545248.8111931013
802337.1932000001,813907.8095242021
802337.1932000001,1133848.5202638754
627459.835,587123.4260655838
627459.835,622657.811874247
653447.2983999999,627512.6985977248
653447.2983999999,631878.8632856859
466494.54735,582917.3205224095
466494.54735,447473.8594660741
714330.0576749999,730685.3471272606
366697.2225,387926.6093017818
366697.2225,550200.516174609
366697.2225,435256.2231881195
349817.22114999994,388813.29908598826
349817.22114999994,372767.94427096174
349817.22114999994,464240.12605777103
681392.9017899999,1021888.146401695
681392.9017899999,885380.7847772744
681392.9017899999,1019116.447198987
681392.9017899999,821369.8472772923
681392.9017899999,977544.8311084324
1051814.46205,1301754.3476688922
313208.45509999996,339447.22644072777
313208.45509999996,424609.1562137848
729130.97225,744915.0604745996
729130.97225,744915.0604745996
729130.97225,772218.3616615984
729130.97225,747847.1965669969
729130.97225,836341.1513609077
1345630.7606,1286482.023196863
1345630.7606,1716285.1325017
1345630.7606,1286482.023196863
1345630.7606,1715728.8497106237
1345630.7606,1288527.314242703
1345630.7606,1729811.1327982717
1345630.7606,1290848.016949279
1345630.7606,1732695.7235184263
1345630.7606,1686607.8629820407
1345630.7606,1242072.7312674867
1345630.7606,1231081.877621213
1345630.7606,1234542.1334997858
1345630.7606,1243809.8643483615
1345630.7606,1242072.7312674867
1345630.7606,1243809.8643483615
1345630.7606,1272837.6060659406
375207.8031500001,299013.11571628257
375207.8031500001,297989.0322813972
375207.8031500001,374317.09885755996
412408.9590250001,381337.06412545015
412408.9590250001,379967.1706437964
412408.9590250001,361458.98546634254
412408.9590250001,416841.62609540427
667330.6372825,655534.4779727402
667330.6372825,668426.6497904045
667330.6372825,1084951.6048240205
667330.6372825,661649.0786034028
667330.6372825,668665.2673093576
667330.6372825,619775.0280188532
667330.6372825,621815.1401301245
667330.6372825,621815.1401301245
667330.6372825,622444.0852680752
667330.6372825,630115.6805207887
577720.8587499999,683213.3991517632
577720.8587499999,957556.508440671
692619.7176999998,728989.7689582116
859608.17794375,721233.3842781121
859608.17794375,728720.959607043
859608.17794375,747433.464348442
859608.17794375,1147249.6907150047
859608.17794375,731868.6500552928
859608.17794375,747433.464348442
859608.17794375,721233.3842781121
859608.17794375,704091.7385100472
342552.026625,233858.80489688757
342552.026625,279797.33045988216
414638.09309999994,418736.15027654526
414638.09309999994,391544.7188980144
414638.09309999994,429729.8262169679
414638.09309999994,498836.09522316454
847709.06395,903063.014695378
882239.2164428573,980379.5758093973
882239.2164428573,981370.7570907809
882239.2164428573,925331.6597254144
882239.2164428573,979452.6463991728
882239.2164428573,912853.9061132089
882239.2164428573,913742.4798766666
882239.2164428573,1111844.7354656793
593775.56304,734148.776360989
593775.56304,1085504.3759094737
593775.56304,758931.945809358
593775.56304,734148.776360989
593775.56304,759684.5716624729
593775.56304,1186285.8721704308
593775.56304,1186285.8721704308
593775.56304,1185798.1293778112
593775.56304,1068011.341890568
593775.56304,697663.3947413177
593775.56304,697332.6239577152
593775.56304,712833.1790316891
593775.56304,697333.1980294029
593775.56304,1044751.8288536135
593775.56304,1068692.2579953815
505851.2448,566461.9405418546
302878.09645,453169.312082038
302878.09645,301555.7811328456
302878.09645,443591.6099336917
302878.09645,290633.21456558217
276883.67405,320422.0778920058
276883.67405,239068.78272973036
647875.1760625,643572.0608989876
647875.1760625,597212.582336727
647875.1760625,596701.564076972
647875.1760625,586739.4455012066
1148004.7245,1510769.851135445
1148004.7245,1100311.7388525931
1148004.7245,1508673.0994530953
1148004.7245,1094804.3910479406
1148004.7245,1094662.8084536856
1148004.7245,1098917.0137475664
1148004.7245,1060923.5578117021
1148004.7245,1473820.495674759
1148004.7245,1473820.495674759
1148004.7245,1060923.5578117021
877706.1368999999,832578.1090258337
877706.1368999999,1207190.8192592072
395480.732,451290.8152368297
395480.732,395679.099440987
395480.732,534661.3879243236
618303.749375,761537.4857649493
618303.749375,746886.1677249621
618303.749375,1073247.1365224181
618303.749375,722614.0165363482
618303.749375,1170348.5674575008
618303.749375,723877.6606492179
618303.749375,750473.165693106
618303.749375,750473.165693106
618303.749375,685191.5423605181
618303.749375,699852.9122783331
618303.749375,1032396.5843116628
618303.749375,685872.4584653316
635638.0765999999,1064852.2923662704
635638.0765999999,680456.4766892137
547878.426390625,1076542.4275617804
547878.426390625,641779.0182986596
547878.426390625,658351.3093952265
547878.426390625,972839.4734822086
547878.426390625,641779.0182986596
547878.426390625,674589.1744977973
547878.426390625,661320.053718268
547878.426390625,1059686.041727712
330345.92461000005,321150.5265175664
330345.92461000005,305212.08603852714
330345.92461000005,321150.5265175664
330345.92461000005,371886.71433611144
330345.92461000005,350277.8924215574
361865.28815,292196.1162492254
361865.28815,332401.9989236314
361865.28815,333616.2335643879
361865.28815,304591.3694251565
266092.89435,230123.45594378508
266092.89435,196882.07465814875
266092.89435,308373.69953388534
437866.4489,603452.0279917654
437866.4489,616286.1951813785
291705.769675,255902.36390099028
291705.769675,322623.65783929336
291705.769675,255203.13369209872
291705.769675,257000.48048927577
736550.6823999999,698611.2341409713
646681.67805,710711.7106025113
646681.67805,1082209.5154785824
560364.2129,733766.2887672682
560364.2129,615584.4401769674
380358.31009999994,445530.6784798749
380358.31009999994,404808.1406639479
380358.31009999994,383400.78911395266
463496.3016,516581.7432553193
463496.3016,363115.5064645285
637645.4508,1069322.0031446922
637645.4508,719555.9585025889
343817.4479,391955.57406485116
343817.4479,386762.67934862647
343817.4479,351998.01704904204
563145.4511999999,648243.3313120911
563145.4511999999,1073888.1137799874
563145.4511999999,658755.0861555862
563145.4511999999,656431.7323003123
563145.4511999999,973042.6008502133
563145.4511999999,630539.5284382468
1045466.3281,1418980.09261481
1045466.3281,984593.787002394
1045466.3281,985146.3726763877
834467.1644333334,891422.7990233348
834467.1644333334,1122746.4003299884
834467.1644333334,891422.7990233348
834467.1644333334,936319.6475933329
834467.1644333334,890911.7807635798
834467.1644333334,865652.7651503086
834467.1644333334,1096477.1350391787
834467.1644333334,865652.7651503086
834467.1644333334,873117.8323150488
1354264.5642875,1747945.749928424
1354264.5642875,1308231.811094109
1354264.5642875,1301343.0713402827
1354264.5642875,1302946.7116085687
1354264.5642875,1295690.1348630195
1354264.5642875,1302201.3902961412
1354264.5642875,1748105.1950210868
1354264.5642875,1281736.8149982877
703374.7944,726452.9808362945
703374.7944,923187.7509209152
306218.08855000004,274064.72137463285
306218.08855000004,314779.03452751506
306218.08855000004,410284.5239010616
303650.773825,316281.68975496327
303650.773825,279521.1705142608
539529.61665,582604.9408859841
539529.61665,635777.4769002573
539529.61665,563910.806510169
482855.8503,507533.663968656
482855.8503,610470.8457342344
482855.8503,507533.663968656
482855.8503,585961.9237126895
378567.48161,477871.4724341347
378567.48161,393252.758946077
378567.48161,484432.2074432101
378567.48161,396148.560021598
378567.48161,366017.2006183801
497616.652525,561968.6773876018
497616.652525,644780.8282855197
497616.652525,635801.9629692546
497616.652525,641119.1231573302
885174.479375,873819.0922719431
885174.479375,989990.7616783393
615645.6207249999,697295.8026644082
615645.6207249999,750454.9702603724
653728.32655,745411.3689299903
653728.32655,720628.1994816213
653728.32655,744900.3506702353
653728.32655,746281.7603394932
653728.32655,746281.7603394932
653728.32655,721139.2177413763
653728.32655,1073907.6581224534
653728.32655,1167082.2423295318
1354128.4921171877,1160228.241886456
1354128.4921171877,1625687.8260974898
1354128.4921171877,1621219.2356298806
1354128.4921171877,1154881.3476523305
1354128.4921171877,1160228.241886456
1354128.4921171877,1157482.9214892471
1354128.4921171877,1621254.981647853
1354128.4921171877,1162273.5329322962
1354128.4921171877,1623990.9348325888
1354128.4921171877,1625687.8260974898
1354128.4921171877,1587036.6625897514
1354128.4921171877,1128772.8207246293
1354128.4921171877,1116092.4526577091
1354128.4921171877,1587036.6625897514
1354128.4921171877,1125360.1835062846
1354128.4921171877,1133226.3109177097
301082.73889999994,256197.52184464247
301082.73889999994,308019.7834224511
2335307.356975,2241860.014552988
2335307.356975,2757133.503887172
553494.0259624999,758507.119455576
553494.0259624999,656881.6015499717
553494.0259624999,614020.9515372752
553494.0259624999,785498.412736413
367327.5756874999,320496.46206551866
367327.5756874999,369856.64970275655
367327.5756874999,320496.46206551866
367327.5756874999,326040.450935303
237682.86745,178921.17110533733
237682.86745,304104.2788630844
640069.6658500001,662058.9623661363
640069.6658500001,634281.658587624
640069.6658500001,756102.1005481225
640069.6658500001,755379.9353695756
640069.6658500001,630140.9673789364
640069.6658500001,672116.6054150687
720720.8237000001,1040488.2141654165
720720.8237000001,1099298.9832906532
873704.1231999999,1152045.344822552
873704.1231999999,750633.7188036223
873704.1231999999,1152045.344822552
873704.1231999999,1156743.7416770426
873704.1231999999,745843.1073605733
873704.1231999999,740861.7033127206
873704.1231999999,697020.2739417292
873704.1231999999,1094646.1607745187
873704.1231999999,699520.8652525564
925031.1192,894707.750593454
925031.1192,910930.6606921486
925031.1192,1335921.6949816395
925031.1192,1336545.2380928076
925031.1192,904956.517040043
925031.1192,895273.150394619
925031.1192,895273.150394619
925031.1192,895124.6125527759
925031.1192,867420.026293831
671034.37495,694183.1365200356
671034.37495,1127056.534966773
671034.37495,677276.4589328967
257373.452275,283201.8930239379
257373.452275,238613.51246648224
359924.67175,465188.57532478275
359924.67175,449282.5727797865
725006.8487,709687.8514698475
725006.8487,723720.3472499589
725006.8487,732004.3606205021
725006.8487,732148.499026258
725006.8487,1128559.549422252
725006.8487,730820.8284114457
725006.8487,1085744.967146538
725006.8487,1064346.8729263344
725006.8487,670500.6208059591
495431.54125,560920.3523479087
495431.54125,453976.0961106704
889351.0324,1310371.6508921077
889351.0324,855290.8858175335
889351.0324,885104.3540702292
889351.0324,1313443.6740170652
889351.0324,862095.4881967456
889351.0324,1310371.6508921077
889351.0324,1310371.6508921077
889351.0324,878465.6019834315
889351.0324,1289366.8192171564
889351.0324,848321.9729722606
889351.0324,848321.9729722606
889351.0324,831694.5879275267
889351.0324,1315952.6995398402
247207.1117,301135.84341898916
247207.1117,184861.11744381185
606365.46,556459.1811988254
606365.46,656415.1905326446
388592.69205,411700.93919343717
388592.69205,345359.715532294
388592.69205,301180.31508925214
650963.8925,959143.0473826381
650963.8925,959080.1075937031
650963.8925,704372.1892988707
650963.8925,701365.230014391
650963.8925,704372.1892988707
650963.8925,689232.1659466511
650963.8925,695022.4632814357
650963.8925,689232.1659466511
650963.8925,670263.3611340157
1165438.1245000002,1002196.4204608739
1165438.1245000002,1034750.3580786284
2212876.4762999997,2219504.305857932
2212876.4762999997,2744821.189845861
615780.3848,626972.5492392952
615780.3848,619349.71134319
564265.03015,600712.5102758651
564265.03015,493655.67324663704
649167.8132375,747787.1208885849
649167.8132375,745722.98349359
649167.8132375,724652.4973741772
649167.8132375,723354.6341811895
649167.8132375,721440.0133687803
649167.8132375,723147.4320421937
649167.8132375,745211.9652338349
649167.8132375,1259669.9879536803
414985.20825,488172.3739810507
414985.20825,390706.3278096832
414985.20825,384378.49141658604
483593.04125,488047.16498253547
549037.0104125,521232.9045187058
549037.0104125,521743.9227784608
549037.0104125,522609.33569639456
549037.0104125,535271.6164267389
404609.0731,383995.766387135
404609.0731,427117.56987325975
404609.0731,409257.03428570135
404609.0731,369251.0824026181
843057.5577499998,1273320.1178343492
843057.5577499998,813048.258233448
843057.5577499998,1273464.256240105
843057.5577499998,1271336.4997133617
843057.5577499998,1274108.1989160697
843057.5577499998,838572.2817744941
471790.5775500001,593539.4012381784
471790.5775500001,593774.2939589231
471790.5775500001,405988.7009737874
471790.5775500001,564416.649175808
1428643.87598,1188213.9970307704
1428643.87598,1193862.9274296782
1428643.87598,1197912.647990832
1428643.87598,1190161.5011700112
1428643.87598,1643391.2634103992
1428643.87598,1197634.597530942
1428643.87598,1194952.112613061
1428643.87598,1196286.274261299
1428643.87598,1197912.647990832
1428643.87598,1154775.2926237655
672679.8166500002,947983.3293606129
672679.8166500002,740499.4309994034
259024.11679999996,171740.4703126895
259024.11679999996,176709.20892239653
259024.11679999996,167919.43080947292
780818.1944857142,798233.6167280435
780818.1944857142,812918.1257361963
780818.1944857142,790006.8226064738
780818.1944857142,812602.3792589697
780818.1944857142,784221.3764333423
780818.1944857142,804609.2326883089
780818.1944857142,1025013.517453631
499120.6215999999,485147.0863239893
499120.6215999999,499464.5658298825
717368.9206000001,1106031.3112476673
717368.9206000001,1045706.5578841728
717368.9206000001,652793.3857432946
619496.604190625,830394.4362453518
619496.604190625,740808.2779799304
619496.604190625,830175.6409150476
619496.604190625,744363.5412529423
619496.604190625,694292.188609837
619496.604190625,690958.166470683
619496.604190625,727986.6838162795
619496.604190625,720221.4121150377
738198.3071999999,847528.6150520293
738198.3071999999,841026.6745619095
738198.3071999999,742478.9951272114
738198.3071999999,841245.4698922137
738198.3071999999,843610.5406440961
738198.3071999999,844291.4567489094
738198.3071999999,813369.2670283832
774568.6224285713,1118033.1738800067
774568.6224285713,721548.588222429
774568.6224285713,1118271.2692224751
774568.6224285713,710043.7460098821
774568.6224285713,721548.588222429
774568.6224285713,1117997.4278620346
774568.6224285713,668881.4912834119
382897.4038,567968.100984867
382897.4038,628007.8771931264
550344.6809,636823.7128676958
550344.6809,780202.9390754884
654550.9176500001,645153.5973765375
654550.9176500001,667114.3925431862
863139.824125,775212.1332796777
863139.824125,1201927.0603666026
815558.0003750001,944776.9538054937
815558.0003750001,1171353.0699967563
815558.0003750001,899453.7488296779
815558.0003750001,907609.5670928032
815558.0003750001,873842.332990792
815558.0003750001,920642.0920410107
815558.0003750001,873842.332990792
815558.0003750001,884933.0017875021
527784.1921499999,624536.5605744816
527784.1921499999,598767.4457007955
527784.1921499999,662342.1224522891
679821.39955,646906.9061673095
679821.39955,1082399.7041450941
679821.39955,1055057.316914083
832732.1716687499,741852.926997425
832732.1716687499,751440.7977911538
832732.1716687499,1151983.8092078061
832732.1716687499,745865.4338751565
832732.1716687499,741170.1693080041
832732.1716687499,754241.2996543166
832732.1716687499,739568.4179208297
832732.1716687499,1159097.9636494739
609291.35685,731490.1761809227
609291.35685,631112.167430353
743872.9829999999,1128198.349560245
743872.9829999999,1092820.643075354
292934.97679999995,429659.31607364106
292934.97679999995,404071.3184680127
292934.97679999995,314462.158853743
463007.3532499999,443262.5040676094
626093.2787749999,732608.8090546534
626093.2787749999,669815.6368025647
410843.720625,446246.51362139324
410843.720625,534077.6632883599
410843.720625,540638.3982974354
410843.720625,436636.1539163561
410843.720625,406377.84160477354
410843.720625,441097.0783695911
324846.6235,223110.11465016665
324846.6235,262894.4752033549
823611.751,1154272.656553363
823611.751,1125360.0485279062
288653.5013,324106.9999945632
288653.5013,303981.0704761554
693451.5083999999,769708.2846176599
693451.5083999999,764974.5605626485
693451.5083999999,1178239.00400649
693451.5083999999,781835.5351731594
693451.5083999999,1195636.7511028284
693451.5083999999,1147263.0150668107
693451.5083999999,730385.0615227891
693451.5083999999,1147943.931171624
693451.5083999999,728675.1461234326
303407.23105,383239.3626059472
303407.23105,271990.5803356329
303407.23105,374413.8667068323
433848.4953,471717.5902182454
393676.0065,471248.20713593473
393676.0065,489011.7379503442
532066.1306500001,883810.0592516346
532066.1306500001,581640.5257372087
826547.4571250001,751945.7686065794
826547.4571250001,755078.9464196921
734924.8279,751260.2734888857
734924.8279,1093347.3474695268
485278.93184999994,616940.3067480484
485278.93184999994,537439.220571634
255359.2447375,253018.97937013034
255359.2447375,326430.08949457016
255359.2447375,317793.7564770834
255359.2447375,238998.61917202623
1315806.601190909,1655789.5249767536
1315806.601190909,1211707.5510360415
1315806.601190909,1206916.9395929924
1315806.601190909,1218618.3930838048
1315806.601190909,1655825.2709947256
1315806.601190909,1211707.5510360415
1315806.601190909,1213822.3859650097
1315806.601190909,1158375.5796965763
1315806.601190909,1158375.5796965763
1315806.601190909,1595277.3932380672
1315806.601190909,1650874.4017145322
417243.9308125,314864.66829706484
417243.9308125,423736.00861783815
417243.9308125,410334.22742105427
417243.9308125,351633.1048745437
342020.4044499999,343205.3972414743
342020.4044499999,381809.6459600685
250638.09960000005,298401.90041389415
250638.09960000005,227180.37323097198
250638.09960000005,196165.2303754217
250638.09960000005,306598.0491834295
2432526.9877000004,2294700.6347887022
2432526.9877000004,2361157.9376143394
848272.4318857143,962614.479996613
848272.4318857143,963472.7989524712
848272.4318857143,907312.7479607256
848272.4318857143,962614.479996613
848272.4318857143,953474.0463418057
848272.4318857143,908976.6488517649
848272.4318857143,1166995.719098941
762883.77695,623782.0687033047
621074.8573749999,782953.5084258122
621074.8573749999,673923.2815438705
761661.8025999999,724340.9090306412
761661.8025999999,1206976.6491130278
604359.2522,632611.4792843586
907501.81501875,1295104.8491714667
907501.81501875,948957.0768571555
907501.81501875,987136.8416839414
907501.81501875,1294581.773335482
907501.81501875,916976.1019656757
907501.81501875,926317.1638160045
907501.81501875,949469.929711954
907501.81501875,1328499.7137002258
818884.53801875,953569.4037590799
818884.53801875,963814.9927863079
818884.53801875,957361.345716437
818884.53801875,1147403.3086195525
818884.53801875,957599.9632353901
818884.53801875,886715.4207829452
818884.53801875,1099348.3538364326
818884.53801875,945676.2360973833
729838.4737499999,824911.2776062484
729838.4737499999,859247.4625925887
729838.4737499999,1061853.2688487093
729838.4737499999,858844.6029410482
729838.4737499999,815551.1329978255
729838.4737499999,843333.9080580631
729838.4737499999,1028857.180232676
729838.4737499999,842652.9919532497
221045.25654999996,171758.60075943958
221045.25654999996,195255.67718844715
221045.25654999996,213826.69663696567
574747.3818000001,479862.30639307876
574747.3818000001,509363.7972490638
723929.6795499999,847028.0647193845
597454.3428,709360.2002620752
597454.3428,572518.6872062354
466182.6375,501866.46060657507
466182.6375,500125.56877672137
774804.0273,759509.6079441889
774804.0273,1168987.1439298468
774804.0273,779710.0401262654
774804.0273,778327.9881435337
774804.0273,775180.9375920095
774804.0273,745947.6027299478
450567.30625,553947.7503135754
450567.30625,431563.80982952873
450567.30625,555605.9850524914
450567.30625,428827.69606316485
450567.30625,443904.2815661409
450567.30625,453294.0913945352
450567.30625,453294.0913945352
450567.30625,453294.0913945352
450567.30625,418908.9594563944
433529.57164999994,456496.8279313701
433529.57164999994,455727.0604800348
472118.01135,612584.7272460641
472118.01135,632888.34636925
472118.01135,447040.3003001687
472118.01135,454244.84585780255
620227.7020000002,662798.7441853543
620227.7020000002,641176.3723371464
264039.5154,313849.8824522171
264039.5154,313216.0154068993
264039.5154,308352.8241121312
263993.29644999997,354856.4043213071
263993.29644999997,321449.0705998629
499316.77195,676169.9656675861
499316.77195,616823.5108790153
499316.77195,588664.5197895499
586395.3217874999,600182.3866268483
586395.3217874999,648890.5194391464
586395.3217874999,648437.2381960832
586395.3217874999,676212.2368033872
472470.26645000005,484003.97281431593
472470.26645000005,592898.5877946741
472470.26645000005,567767.2069391035
568326.47835,674359.8152850124
568326.47835,697341.2397612128
526567.3134,563764.9845918636
526567.3134,615746.0736263426
782819.9260166667,731406.4041488467
782819.9260166667,1139080.6235259501
782819.9260166667,742911.2463613936
782819.9260166667,737371.1456041217
782819.9260166667,1139080.6235259501
782819.9260166667,1138806.3761658608
782819.9260166667,1101134.6559474887
782819.9260166667,690778.9150765531
782819.9260166667,684981.131008347
2461826.3990749996,2834602.4148846585
2461826.3990749996,2360327.1260594605
612256.9975,1066802.6005600463
612256.9975,642672.1142471462
612256.9975,957135.8681930292
612256.9975,957135.8681930292
612256.9975,629650.8625392184
612256.9975,628271.4825680472
612256.9975,588711.7657841997
612256.9975,619520.0118560959
612256.9975,618449.5135543173
471148.5999000001,556617.7612128217
471148.5999000001,388674.48472659715
471148.5999000001,376254.6788902501
471148.5999000001,554240.3918206353
908611.5951,1084720.5668969615
514104.48451249994,605986.8785241216
514104.48451249994,749972.5695303539
514104.48451249994,648847.5285368181
514104.48451249994,743501.6424609312
547864.8359,976496.3907451341
547864.8359,1011911.3673936472
750527.4496999999,674798.539604958
750527.4496999999,1128007.5984299746
750527.4496999999,635555.9478139235
473422.93629999994,510642.389966102
473422.93629999994,416412.93815910816
473422.93629999994,412278.91089769563
1107451.3382,1568038.6786931937
1107451.3382,1582605.8449577438
1107451.3382,1568074.424711166
1107451.3382,1138864.0853411756
1107451.3382,1136749.2504122078
1107451.3382,1583011.1701147552
1107451.3382,1583011.1701147552
1107451.3382,1572496.129282041
312527.27760000003,296283.6228679189
312527.27760000003,405419.8956285991
650825.3715153846,1084111.7597756607
650825.3715153846,1087186.1029992644
650825.3715153846,736748.7387447496
650825.3715153846,762086.9787435698
650825.3715153846,760520.6906098042
650825.3715153846,750383.1899510971
650825.3715153846,736759.5576809451
650825.3715153846,736223.0877673513
650825.3715153846,1069829.4816053133
650825.3715153846,698831.4502927592
650825.3715153846,1046836.9734762135
650825.3715153846,714415.1457800893
650825.3715153846,733903.7978543395
562819.5458,572464.3128826389
562819.5458,630965.3908613862
198387.65365,137127.09032868792
198387.65365,164747.97914053284
756935.8664,1134194.9082518532
756935.8664,714694.745409558
756935.8664,724611.4353020743
756935.8664,1125363.0275770233
756935.8664,723283.7646872619
756935.8664,724611.4353020743
756935.8664,1096971.4960296876
756935.8664,1076615.9203051715
756935.8664,674185.9032831262
756935.8664,711673.5959605
678107.3246,670189.6170562336
678107.3246,930046.3090716029
678107.3246,670101.5979968483
678107.3246,667900.2551846036
678107.3246,921703.3680263343
678107.3246,649279.0866359157
280656.5496,202118.1776602068
280656.5496,236166.95811643807
437216.3689999999,404417.58262057806
437216.3689999999,411577.98707932484
635632.64505,852286.4842435949
635632.64505,698829.684851708
472030.516425,519656.7099791318
472030.516425,637472.2965135555
505499.9255,647611.6727454026
505499.9255,567940.5253714649
505499.9255,787001.5646401907
387430.0152,351327.36088071956
387430.0152,385774.5396481618
387430.0152,481224.61025830527
269347.7138,272772.95599393616
269347.7138,364961.94921468874
596987.3003000001,988894.1866195772
596987.3003000001,714474.3194058305
860582.780775,1150981.8699832098
860582.780775,754713.6638036643
860582.780775,1150981.8699832098
860582.780775,743891.5792805384
860582.780775,734092.6414283699
860582.780775,704465.5743476775
860582.780775,1113891.1449390592
860582.780775,704465.5743476775
860582.780775,1142898.1604402768
684048.8485,833219.3768384048
684048.8485,976211.8377370604
684048.8485,969522.1048915945
684048.8485,833386.2341685486
684048.8485,758446.6093162976
684048.8485,955663.0292309986
424056.392975,377502.83515116153
424056.392975,374688.4327896877
424056.392975,358614.9928989835
424056.392975,429313.0461414793
827531.91251,711254.5141749195
827531.91251,713831.9296192483
827531.91251,1135664.4213936438
827531.91251,1139369.0580552937
827531.91251,721080.3728209287
827531.91251,713451.4937931852
827531.91251,681486.688633161
827531.91251,671790.200347691
827531.91251,681486.688633161
827531.91251,1155032.778058656
344677.8706,312710.28864513943
344677.8706,306618.1312191455
344677.8706,330761.37100047496
622489.1648333333,638244.1324746251
622489.1648333333,637584.843345485
622489.1648333333,650277.185161997
622489.1648333333,630090.6382901133
622489.1648333333,644310.7434687773
622489.1648333333,599851.3833268731
622489.1648333333,614855.093194431
622489.1648333333,1000706.0889146411
622489.1648333333,965623.2919630047
390520.56129999994,389984.2036060286
390520.56129999994,311602.2993157718
1266559.625575,1475887.2166034859
1266559.625575,1077779.4615242258
377183.1858,415983.6640509366
377183.1858,392169.3549505384
705910.8962,686542.0890707003
705910.8962,747678.5355383881
611126.7922499999,733355.0383965815
611126.7922499999,703106.5053803035
611126.7922499999,738050.258007417
465486.7488,422068.8456157991
465486.7488,422068.8456157991
465486.7488,560752.4104939757
392754.2156,349506.5580836155
392754.2156,343705.70772417117
831715.1785954545,1268670.650648315
831715.1785954545,1268287.8947236058
831715.1785954545,1268668.3305496688
831715.1785954545,836474.7727586431
831715.1785954545,827995.4061356258
831715.1785954545,828678.1638250467
831715.1785954545,1241255.404213145
831715.1785954545,1241255.404213145
831715.1785954545,789467.8228867423
831715.1785954545,1219033.8400661745
831715.1785954545,1241255.404213145
357976.39349999995,423270.5440714983
357976.39349999995,449540.55497657415
1083184.33025,1466281.3412833067
1083184.33025,1373083.257502528
344989.19402500003,289837.7084909632
344989.19402500003,342208.74420312815
752713.9591600001,802658.0507071689
752713.9591600001,862221.4264641443
752713.9591600001,992452.9123209692
752713.9591600001,1003382.3908966023
752713.9591600001,975303.8434853809
317346.64715000003,268119.07258570055
317346.64715000003,298652.013871141
317346.64715000003,359800.6705187717
733681.1923999999,622328.614597274
733681.1923999999,625801.6912496389
1114132.17305,1012396.466498337
1114132.17305,1009180.0304126912
1114132.17305,1041165.8133810064
1114132.17305,1009180.0304126912
1114132.17305,1032737.4309843434
1114132.17305,996310.7358266886
295074.8321625,219591.83915834787
295074.8321625,318044.0643147106
295074.8321625,247184.059839955
295074.8321625,294189.4305244181
312479.5747499999,302330.3583936819
312479.5747499999,302330.3583936819
312479.5747499999,355351.2563000548
312479.5747499999,265409.2667776483
846284.64195,1242662.0259490898
846284.64195,1256426.1733352905
720630.2997249999,710342.2763359825
720630.2997249999,1129059.331387789
720630.2997249999,706048.5884803033
720630.2997249999,702770.3192108676
720630.2997249999,689118.0450363323
720630.2997249999,664167.366758299
720630.2997249999,1092394.6252980428
720630.2997249999,1093246.6309839655
720630.2997249999,697045.4462383393
1137947.1823999998,1518376.8522421075
1137947.1823999998,1520740.906189158
1137947.1823999998,1073751.0277822819
1137947.1823999998,1087640.336068443
1137947.1823999998,1073751.0277822819
1137947.1823999998,1510082.6197698005
1137947.1823999998,1073751.0277822819
1137947.1823999998,1048022.9197976969
390184.2857999999,342675.65055046167
390184.2857999999,352275.21257032925
455279.93535,464603.22405082604
455279.93535,445606.5409755929
455279.93535,436728.1209342626
455279.93535,543028.6580606948
455279.93535,455839.5165891733
455279.93535,536305.6587552559
457724.441925,602129.2570340268
457724.441925,517198.131153263
457724.441925,595593.0323766655
457724.441925,519348.68384866597
457724.441925,602803.0118755783
457724.441925,578751.3738460056
428350.94784999994,485365.8910507652
428350.94784999994,555789.0686538906
644061.9317500001,1026153.9264050799
644061.9317500001,695209.5830633618
194684.3864,248985.33882848267
194684.3864,147646.27692196454
194684.3864,222070.32636489207
537096.8407,536151.0460011988
537096.8407,481421.0284359052
537096.8407,486582.7376119426
498764.69955,577442.0787183382
498764.69955,477594.2591119703
498764.69955,480152.1497843637
498764.69955,473394.1404258054
504918.3549571429,481615.35631966824
504918.3549571429,455663.9507878168
504918.3549571429,492521.0132007056
504918.3549571429,457040.38196550554
504918.3549571429,456918.6065509748
504918.3549571429,457427.0674858713
504918.3549571429,548009.6796340859
591621.505,584294.1204619573
591621.505,641127.7104843685
378102.9532,347826.91161113215
378102.9532,343177.4942667978
392032.55,312514.8492631933
392032.55,433415.16601440613
2150997.198,2203870.42806076
2150997.198,2233399.617028732
672563.2707285715,799575.0445098706
672563.2707285715,738082.3327172658
672563.2707285715,811431.2324732274
672563.2707285715,737571.3144575108
672563.2707285715,741548.4513356716
672563.2707285715,713737.4553485594
672563.2707285715,735962.3547260027
486850.0976499999,505272.1746262967
486850.0976499999,604828.9270651721
486850.0976499999,442483.3431950824
861793.8189999999,939048.2055707851
861793.8189999999,942482.919578375
430822.16195,445306.12899094226
430822.16195,498115.89272276615
430822.16195,567419.274980705
617593.549475,602511.1113696104
617593.549475,605900.9900978713
469339.3172374999,647747.521250883
469339.3172374999,645429.1032912381
469339.3172374999,645194.6173784791
469339.3172374999,560716.423298391
668242.2466,730240.5277512914
668242.2466,736294.7833072104
668242.2466,728318.0489325717
668242.2466,729135.2327763276
668242.2466,730240.5277512914
668242.2466,687650.756121679
446566.83034999995,415357.5180692436
446566.83034999995,584225.1884579931
556830.9410000001,598194.358283855
556830.9410000001,623547.1030278153
412410.49047499994,463326.6020998189
412410.49047499994,428889.12993078073
418805.888025,363449.14335026947
418805.888025,405773.4128094817
585037.7287499999,961729.134483666
585037.7287499999,642002.0367832576
585037.7287499999,643013.8790966516
585037.7287499999,639426.8811285077
585037.7287499999,961729.134483666
585037.7287499999,655658.9461399596
585037.7287499999,639426.8811285077
585037.7287499999,962374.7917486277
585037.7287499999,611250.9858867081
239053.45475,287294.23692235403
239053.45475,216127.030963009
239053.45475,212937.85011156427
351208.28380000003,322115.62050628784
917369.0148,1275410.5993373666
917369.0148,811457.4992469614
879625.0083499999,920496.1851737741
879625.0083499999,911659.822640268
650810.1225500001,735615.9517844011
650810.1225500001,769157.8527807214
511123.45105,596647.5827285403
511123.45105,609657.6273825355
511123.45105,770051.3687178829
651409.2262,669081.329106792
651409.2262,648225.5341817684
276279.93645,312140.8581430874
276279.93645,183399.8983444398
844521.2681000001,720978.911734032
888188.2935249999,867936.017824885
888188.2935249999,1012802.9142794623
537224.7498999999,924389.4844837226
537224.7498999999,623322.3580729048
399930.9061,305199.0443910383
399930.9061,403679.26622348785
1160530.453275,1135852.9205799818
1160530.453275,1135983.679414601
1160530.453275,1151869.6108301952
1160530.453275,1156518.6396789893
1160530.453275,1530681.7050582406
1160530.453275,1566190.0347120184
1160530.453275,1565946.1423160369
1160530.453275,1535389.0192820271
1110075.5538499998,1067191.8065449498
1110075.5538499998,1514278.864644398
1110075.5538499998,1072457.9810191481
1110075.5538499998,1071700.6974783198
1110075.5538499998,1514278.864644398
1110075.5538499998,1514278.864644398
1110075.5538499998,1505538.6560913885
1110075.5538499998,1532517.0356772006
488874.01495,501782.9954454185
488874.01495,531539.8292438296
488874.01495,618202.196309267
488874.01495,536513.5529239324
823278.2025,1139426.7315375279
823278.2025,1129872.0992026199
823278.2025,1139975.3367281083
823278.2025,1140011.0827460806
823278.2025,727510.5059079558
823278.2025,1102149.2387934274
823278.2025,693383.5436780679
823278.2025,1102710.2852544605
823278.2025,693383.5436780679
823278.2025,1103764.6530742897
397839.974,396814.99340623524
397839.974,548497.1152914673
397839.974,449108.8451052372
620387.7152,885393.1407844436
620387.7152,889274.4746307617
583024.4918000001,593713.9339669496
583024.4918000001,605118.2526771309
690130.0608499999,620631.7814835474
690130.0608499999,628981.2066971349
397727.56999999995,393473.6231616905
397727.56999999995,409715.41839010303
397727.56999999995,400914.8594140369
397727.56999999995,481259.24822854385
397727.56999999995,419920.24738179415
397727.56999999995,475241.3200748514
397727.56999999995,487914.2561649431
397727.56999999995,376093.2348908526
231566.82459999996,187887.58833522396
231566.82459999996,182599.20105769718
380682.43000000005,453018.06235115987
380682.43000000005,332842.3030089205
807360.97949375,1132313.1250552284
807360.97949375,723270.7162879913
807360.97949375,727194.4604078862
807360.97949375,735558.5856822428
807360.97949375,728845.0409971838
807360.97949375,722007.0721751214
807360.97949375,1132586.9664156693
807360.97949375,718796.5883796378
1050296.27735,893736.872318085
708224.4978285714,1160453.3918742188
708224.4978285714,751464.5332617387
708224.4978285714,1161043.3041535057
708224.4978285714,749805.0546262183
708224.4978285714,1163879.0298581563
708224.4978285714,1161043.3041535057
708224.4978285714,741333.6220112919
521400.5077,582972.6699569869
521400.5077,660461.3257156722
521400.5077,574854.2283053977
408088.0175,417646.8078309553
408088.0175,559466.9284248615
675799.333725,648148.06341028
675799.333725,680601.5362424914
595435.6677000001,749021.9844192758
595435.6677000001,655598.6702510144
568348.0792068181,647498.2080805423
568348.0792068181,978840.0672573464
568348.0792068181,981729.5320164422
568348.0792068181,981914.41048095
568348.0792068181,667539.4428237102
568348.0792068181,982134.8422960392
568348.0792068181,628022.0658190257
568348.0792068181,628022.0658190257
568348.0792068181,612209.885497478
568348.0792068181,969553.234547212
568348.0792068181,1114897.2827688945
807978.318275,1097964.0127840475
807978.318275,866503.9755231049
362295.199475,328807.44831720594
362295.199475,378404.86819074233
2359397.668725,2925512.8438401427
2359397.668725,2536362.9681233345
2464512.4076499995,2465762.492958956
2464512.4076499995,2513643.622313151
386915.7293,366991.78934317396
386915.7293,484210.1551162825
386915.7293,505687.19976359286
423675.1083749999,523842.09512103733
423675.1083749999,452037.92543476674
992167.2350285716,942560.747430071
992167.2350285716,946945.7115585709
992167.2350285716,963084.4833271196
992167.2350285716,942560.747430071
992167.2350285716,945300.5900256869
992167.2350285716,931090.8550147964
992167.2350285716,1224745.3675878777
689535.6610142859,802139.7084195848
689535.6610142859,747508.1662670602
689535.6610142859,923340.4684050556
689535.6610142859,748019.1845268152
689535.6610142859,907522.4687935453
689535.6610142859,906992.0377570647
689535.6610142859,810086.4293351126
635867.5253499999,626935.1364589074
635867.5253499999,611095.7789636765
475747.9643875,481837.3018406271
475747.9643875,472240.0690423931
475747.9643875,481761.75582743145
475747.9643875,673078.0974029332
475747.9643875,471306.11521178327
475747.9643875,455123.6215181479
836284.2277999999,1352031.4778849105
836284.2277999999,1020179.7084005189
836284.2277999999,1469835.0162616158
836284.2277999999,990137.1464606116
836284.2277999999,973005.0702369697
836284.2277999999,999350.371037273
836284.2277999999,979681.9597033742
515634.51515,594641.3807111864
515634.51515,711496.9097418444
582959.1795,559518.2722862002
582959.1795,585927.876811977
582959.1795,586288.0480855483
582959.1795,552705.8454731817
986096.239625,1305584.457823309
986096.239625,957945.2464334238
304618.62475,327779.70988695096
304618.62475,207176.9699833818
599745.8533874999,553087.3045104695
599745.8533874999,624762.514538883
599745.8533874999,553308.9608899744
599745.8533874999,546486.5400528224
173031.45135,257360.1887941757
173031.45135,267111.8573150669
648862.0419000001,551632.9268930244
648862.0419000001,568977.6563448608
648862.0419000001,571636.6722487719
648862.0419000001,557102.1031837813
648862.0419000001,558420.5829115844
648862.0419000001,546668.1280193105
471567.7879,532814.5956570408
471567.7879,436774.33214043465
559488.4381,623652.8141719067
559488.4381,623652.8141719067
559488.4381,728001.014097846
559488.4381,577883.4343942163
559488.4381,579102.2737667373
559488.4381,582379.8287889624
708572.09665,972362.8780694597
708572.09665,882231.4983055271
645311.12955,718646.3103038187
645311.12955,746764.1112314962
731181.4243999999,1142312.3122331307
731181.4243999999,1127718.5673810337
731181.4243999999,723610.3203306461
731181.4243999999,727014.6572718932
731181.4243999999,1145003.8995320252
731181.4243999999,1120382.2727973345
787015.28755,845331.959490595
787015.28755,1025409.3662815734
701520.101875,758780.8798249025
701520.101875,758269.8615651475
701520.101875,785975.1989084766
701520.101875,1015964.1414085991
701520.101875,783658.8708436615
701520.101875,1035981.7417281753
701520.101875,740498.1733587063
320148.01389999996,335069.4233621656
320148.01389999996,362443.9301424186
598676.2960249999,667797.6485087017
598676.2960249999,733331.7650173776
169752.2416,144316.31932523998
169752.2416,251190.9955836038
393624.5033,510276.8208715316
393624.5033,420439.92466917675
393624.5033,360156.3654649607
333309.2347,286238.1226688032
395102.054175,415308.67066345096
395102.054175,413846.52670670766
395102.054175,483723.46813233243
395102.054175,404539.13330366526
792674.3325,814790.9302260533
792674.3325,1104599.2757030546
792674.3325,828944.666568782
792674.3325,829070.3519295944
792674.3325,1217659.0701288504
792674.3325,786197.5882853561
792674.3325,1105513.0386463657
792674.3325,786878.5043901694
516076.26815,930299.0833608103
516076.26815,567897.3830935848
596608.0525999999,1166094.9060683947
596608.0525999999,739461.9141224335
596608.0525999999,713808.3532645616
596608.0525999999,714308.5525881209
596608.0525999999,716015.9712615343
596608.0525999999,1064892.6855048053
596608.0525999999,1162410.7892303935
596608.0525999999,705577.3563081312
940602.2570785712,1265963.1353387733
940602.2570785712,901958.6668003107
940602.2570785712,901958.6668003107
940602.2570785712,875213.5800445528
940602.2570785712,873823.6369871271
940602.2570785712,893422.3843922447
940602.2570785712,1268233.4435529162
984070.4335875,1402851.1577204291
984070.4335875,1035620.7828881452
984070.4335875,1025793.1351089161
984070.4335875,1046516.0303855867
984070.4335875,1507759.8354159473
984070.4335875,1035620.7828881452
984070.4335875,997371.3717856621
984070.4335875,1367190.9120606603
984070.4335875,1007281.5044022044
984070.4335875,997371.3717856621
984070.4335875,1024221.8001030668
984070.4335875,987484.0371648739
670137.9767,764190.9681472038
670137.9767,657253.6673991787
503579.25625,520419.3984003819
503579.25625,631361.6678943995
352957.11634999997,372855.97770178464
352957.11634999997,349447.75617119164
486921.4885499999,508941.5528769351
486921.4885499999,454909.8656161892
486921.4885499999,591897.7060285364
534654.827175,655951.7414627917
534654.827175,714565.3810247257
575938.1034,654982.6502778181
575938.1034,784115.948757626
399670.8799875,398893.1035000353
399670.8799875,418324.7583680445
399670.8799875,429090.26898558927
399670.8799875,392897.90950893576
550017.0621,670368.9006888084
550017.0621,629684.2657574175
550017.0621,665638.6961774231
550017.0621,665638.6961774231
550017.0621,648693.1314663829
550017.0621,606569.4014681446
550017.0621,974260.1711762935
320377.93679999997,358178.634430953
320377.93679999997,288701.52427266154
320377.93679999997,289548.86737407
1303193.1902687498,1294756.0206317091
1303193.1902687498,1290106.991782915
1303193.1902687498,1296727.1985577722
1303193.1902687498,1295614.3395875676
1303193.1902687498,1292330.6062773848
1303193.1902687498,1289965.40918866
1303193.1902687498,1736161.5856628176
1303193.1902687498,1269673.3444163855
487607.72929,532998.7511731852
487607.72929,659675.0082255584
487607.72929,653173.0677354387
487607.72929,543296.7773977583
487607.72929,641621.3903283745
819534.8636,1171723.9635203192
819534.8636,1162147.793452946
828828.2538571429,1152990.384196918
828828.2538571429,1153209.1795272222
828828.2538571429,1152990.384196918
828828.2538571429,1155826.1099015684
828828.2538571429,1131650.4483046925
828828.2538571429,914561.9094525877
828828.2538571429,1100465.4871116262
647471.7039699999,716957.3065071285
647471.7039699999,851525.7740435005
647471.7039699999,848197.3681729264
647471.7039699999,848663.5609177533
647471.7039699999,875304.625308072
158973.83945000003,107238.95992447273
158973.83945000003,206655.55550629523
231169.13119999997,210247.43114434427
231169.13119999997,204079.75642650673
622486.0012874999,729132.5995844592
622486.0012874999,785417.7060719987
622486.0012874999,941479.1662719432
622486.0012874999,902287.7777646466
597693.9886999999,647941.6155692574
597693.9886999999,690582.1957566664
312138.2259,277282.76878168184
312138.2259,333603.14984998916
312138.2259,324835.5958871965
1162369.540925,1545959.8061197016
1162369.540925,1099350.3635388885
1162369.540925,1101746.9189775353
1162369.540925,1099325.1520504022
1162369.540925,1100208.6824947468
1162369.540925,1099350.3635388885
1162369.540925,1098510.6880614834
1162369.540925,1089154.5546251792
247628.55227499997,219039.38743791817
281421.0525,311867.30529343407
281421.0525,249825.49943627894
281421.0525,195623.63697120594
818643.1656269231,769067.1941500589
818643.1656269231,785362.6478056551
818643.1656269231,775121.4497059779
818643.1656269231,773737.7224040481
818643.1656269231,785362.6478056551
818643.1656269231,774540.5632825291
818643.1656269231,785362.6478056551
818643.1656269231,735364.2581850291
818643.1656269231,733731.057652183
818643.1656269231,730890.9990746722
818643.1656269231,1143835.394347745
818643.1656269231,730890.9990746722
818643.1656269231,764061.3365763394
433613.8047499999,585361.262246198
433613.8047499999,422088.98212153174
433613.8047499999,473067.60552069085
763826.9811,827288.957565683
763826.9811,1207457.578394681
763826.9811,803790.4689760207
763826.9811,815816.8576026878
763826.9811,817072.687046955
763826.9811,1052555.9105415037
215465.6924,133674.93370225374
215465.6924,167056.14570151293
976730.9758,870095.9504268351
976730.9758,1339515.590656072
1126552.019225,1078698.6159345778
1126552.019225,1106071.5296549522
221490.54514999996,194846.17597029748
221490.54514999996,161755.32316825452
221490.54514999996,306090.2989694334
707025.5547249999,867671.3738310097
707025.5547249999,800759.2267549182
422187.4785,360859.5047818722
422187.4785,351827.4162179989
487106.10685,441207.168536652
487106.10685,438175.8253478254
487106.10685,385230.38012741396
675530.594775,722369.7979562607
675530.594775,739418.8118470977
447785.81921,421390.3483592485
447785.81921,556460.3427319032
447785.81921,556460.3427319032
447785.81921,584955.9839232198
447785.81921,519648.94843910285
429708.17615,522782.61544551793
429708.17615,442345.9082629258
2417751.7116999994,2459419.175265002
2417751.7116999994,2467780.3168879244
389826.7506,301811.384422899
389826.7506,400932.2421569084
607968.1680000001,575582.3248807701
607968.1680000001,554948.3201637263
607968.1680000001,670285.2097992133
592524.145084375,656638.7875858201
592524.145084375,974884.3294573782
592524.145084375,640944.0334992461
592524.145084375,975103.1247876824
592524.145084375,671784.1978042908
592524.145084375,671784.1978042908
592524.145084375,641219.9629389555
592524.145084375,977958.6726809819
592524.145084375,616587.5802175022
592524.145084375,601326.9279017918
592524.145084375,937617.1446858803
592524.145084375,962037.321062533
592524.145084375,618669.0624202772
592524.145084375,616587.5802175022
592524.145084375,936936.228581067
592524.145084375,626716.3108413705
597583.23535,811515.5097377214
597583.23535,752722.0701711478
597583.23535,641298.5029180013
587013.09875,565726.7225083949
587013.09875,543338.0198914473
587013.09875,560698.5529408717
587013.09875,563517.4637197186
587013.09875,573248.334674418
587013.09875,633381.6880263712
587013.09875,633381.6880263712
587013.09875,533641.8848157905
595346.71335,534348.2873190945
595346.71335,598166.8435707265
262228.70005,195842.06699699123
483411.278825,456228.78734071436
483411.278825,615774.8091709135
483411.278825,586942.2519777134
483411.278825,585491.9702378558
704096.78405,1074344.1346271369
704096.78405,987724.1641620789
404295.79395,741103.2289358648
404295.79395,609644.9183560302
404295.79395,723091.5623821026
404295.79395,626803.7040463182
448790.3309499999,414155.36911348737
448790.3309499999,420179.2385486285
448790.3309499999,403820.3282139216
666012.1680749999,801525.7895408849
666012.1680749999,801525.7895408849
666012.1680749999,753866.3279007543
666012.1680749999,795693.844044375
666012.1680749999,753355.3096409993
666012.1680749999,900330.8752556334
592093.23492,715093.1880895593
592093.23492,708623.9761980021
592093.23492,709643.28751737
592093.23492,895517.1285989198
592093.23492,694771.5561883952
262000.2469,240183.50701753737
262000.2469,199980.44221544213
262000.2469,311587.9674227071
1108891.638125,1016415.6680434723
1108891.638125,1486260.3014799994
700551.66715,694091.706951048
700551.66715,1090787.9760501806
596055.2693333334,749196.788260571
596055.2693333334,1069300.0896610916
596055.2693333334,723545.2571007858
596055.2693333334,1169072.190024966
596055.2693333334,1069300.0896610916
596055.2693333334,1171843.8892276739
596055.2693333334,721848.6573635681
596055.2693333334,745609.7902924272
596055.2693333334,712411.8396799829
543219.42375,894269.4556289166
543219.42375,699658.9583406115
768596.886525,826974.37384396
768596.886525,826974.37384396
768596.886525,811053.7897972091
768596.886525,826974.37384396
768596.886525,1221099.289286343
768596.886525,818405.524104106
768596.886525,1101373.153533965
768596.886525,805118.5432318083
461823.85161,446918.5811890187
461823.85161,525495.9586384944
461823.85161,504090.1009061157
461823.85161,526909.066313663
461823.85161,506288.8281010982
563767.0107,849201.1928694786
563767.0107,822883.2284306379
261139.230625,346350.59527343285
261139.230625,272602.82906057296
642196.3410499999,667241.793756472
782589.83225,844403.6831371472
782589.83225,844914.7013969022
782589.83225,1206618.3623156163
782589.83225,844850.1434062612
782589.83225,844706.0050005052
782589.83225,823454.3746067064
301021.57887499995,274945.1857708375
301021.57887499995,259293.8372615694
301021.57887499995,259293.8372615694
301021.57887499995,271281.54987376
375402.9576,503599.5316273782
375402.9576,356133.66913255287
375402.9576,389144.7416340068
1116771.5323249998,1101775.6373301076
1116771.5323249998,1097159.6324033674
535294.2972125,674781.7253410117
535294.2972125,676133.4644483925
535294.2972125,676133.4644483925
535294.2972125,639337.3699046199
444222.19825,552460.584785749
444222.19825,394332.6439159153
354867.71549999993,512865.6696046454
354867.71549999993,358292.119969664
354867.71549999993,409654.70308343513
354867.71549999993,482330.6285936908
354867.71549999993,384608.9921080182
379912.51465,327521.30541361694
379912.51465,298555.5650468418
379912.51465,297877.54130131
2677169.9878,2673569.4169694395
2677169.9878,2663609.003310603
945199.881,967488.4433423011
945199.881,955102.2138215641
945199.881,1326729.7926394683
945199.881,967598.4142779862
945199.881,978956.1577213889
945199.881,1321631.7749325417
945199.881,951058.8279150012
945199.881,962501.7345613325
945199.881,1302107.8074151045
388127.0782125,310588.19211818057
388127.0782125,349910.6940975491
388127.0782125,343919.7721243417
388127.0782125,335367.24879640795
334457.29240000003,355056.86275560746
334457.29240000003,469164.0158254822
334457.29240000003,511411.1587328747
209704.86029999997,268842.3992174286
209704.86029999997,214758.39324346755
763071.1626022727,713258.5842597206
763071.1626022727,712956.2623963626
763071.1626022727,1131466.5273385623
763071.1626022727,708165.6509533135
763071.1626022727,1131502.2733565345
763071.1626022727,1131466.5273385623
763071.1626022727,668723.6520902731
763071.1626022727,680881.194734686
763071.1626022727,668723.6520902731
763071.1626022727,668723.6520902731
763071.1626022727,711807.8346949009
225510.30545,210027.70096136344
225510.30545,175121.1448962998
225510.30545,233186.89489030227
776964.31805,664320.0381608328
776964.31805,1104506.4835411813
437358.0998,492266.41579348
269042.917925,262904.21783757885
269042.917925,296410.4137912747
674368.669875,711756.0614476432
674368.669875,712267.0797073982
674368.669875,728164.3001415959
674368.669875,1098892.4509949086
674368.669875,711756.0614476432
674368.669875,703814.5442914215
569321.2287249999,563655.2866652223
569321.2287249999,634775.8062934203
916782.501875,887383.4507881857
916782.501875,880057.1465715503
916782.501875,1335741.7685560607
916782.501875,908828.3486265499
916782.501875,1335706.0225380887
916782.501875,910091.9927394198
916782.501875,1321576.024840304
916782.501875,887383.4507881857
916782.501875,1289118.2940922654
916782.501875,873421.2957580804
916782.501875,875158.4288389552
916782.501875,856793.9107133464
302898.78894999996,248833.75211820676
302898.78894999996,250425.00521872664
2602691.20435,2529197.351419662
2602691.20435,2538979.6931696422
2602691.20435,2563156.828893588
742357.1148,727301.7326451358
742357.1148,728903.4840323103
742357.1148,717597.808030446
742357.1148,1138965.8204553402
742357.1148,713148.0992891004
742357.1148,686136.620264132
742357.1148,681107.4432413823
742357.1148,681107.4432413823
742357.1148,1096351.789581961
642673.5416499999,684071.2521022474
642673.5416499999,1122024.0471905516
630314.29605625,639168.8293912163
630314.29605625,640496.5000060287
630314.29605625,648752.3886595608
630314.29605625,1011497.127528491
630314.29605625,971714.4345233834
630314.29605625,996840.174388183
630314.29605625,610989.178667973
630314.29605625,634179.3466370052
980170.8303634616,943073.0600771551
980170.8303634616,948147.8441288333
980170.8303634616,939607.9653944604
980170.8303634616,1391794.320127387
980170.8303634616,1391830.066145359
980170.8303634616,964450.8661313411
980170.8303634616,933501.584678844
980170.8303634616,1369780.4769268506
980170.8303634616,1369780.4769268506
980170.8303634616,931697.707704657
980170.8303634616,913684.4539718552
980170.8303634616,929960.5746237821
980170.8303634616,918322.3821147252
350197.53054999997,387235.49500365986
350197.53054999997,275540.464700656
470494.89812499995,507341.89954200346
470494.89812499995,448730.7281210983
470494.89812499995,422284.1079270798
470494.89812499995,453807.452775266
470494.89812499995,437932.06625590305
1210397.6529,1435387.8505843496
1210397.6529,1489309.5114447575
222313.0887,262707.26954349136
222313.0887,201909.04416764196
222313.0887,189159.37563669245
753279.5011499999,661843.2256721252
753279.5011499999,636736.1269417009
533529.7319,556406.1711037675
747108.5522249999,634350.4738661365
747108.5522249999,1053068.342560045
762686.67725,696848.7390996012
762686.67725,1162179.3790994121
740934.0516750001,618005.3850918702
740934.0516750001,1064396.6396006038
725521.16075,733190.4342596913
725521.16075,1137695.6266312667
725521.16075,1156321.7206888036
322163.97225,215916.14604858932
322163.97225,205623.99013912107
698945.3866500001,601560.3545306814
698945.3866500001,1042491.2589739065
637236.5382500001,641924.607130057
637236.5382500001,607316.7720734867
637236.5382500001,718671.2171924685
560160.6379000001,724037.5112821189
560160.6379000001,722773.867169249
560160.6379000001,880521.6355902932
560160.6379000001,859504.7854420048
560160.6379000001,659985.6510443595
221580.413525,172223.76247293624
221580.413525,218263.381158953
210741.63315,134911.75606749393
210741.63315,130280.06905744004
209629.726025,222281.7128250643
209629.726025,191695.06759280717
756272.646625,627079.7808356051
756272.646625,659138.1611687994
295816.19694999995,261353.42619968503
295816.19694999995,252208.92531845515
428429.5096375,438964.68877029873
428429.5096375,414292.7309489051
428429.5096375,518271.8798098336
428429.5096375,407382.4404311265
366617.04944999993,304588.7313714127
2469227.3566999994,2489488.2463236647
2469227.3566999994,2489850.971512666
803897.8124749999,1219375.6976143825
803897.8124749999,758767.664990485
271250.9139,173263.81379092927
271250.9139,173917.41034202673
844440.5352562498,732089.5152351754
844440.5352562498,748218.4303028919
844440.5352562498,737562.8843676455
844440.5352562498,743427.8188598426
844440.5352562498,738143.7707910944
844440.5352562498,739008.1954879112
844440.5352562498,1141553.9954325615
844440.5352562498,1157611.9600755684
531504.15305,560120.3048055635
1235687.1915,1603065.8437251614
1235687.1915,1161098.7047134184
1235687.1915,1606508.1826812148
1235687.1915,1603065.8437251614
1235687.1915,1605837.5429278696
1235687.1915,1166429.316474027
1235687.1915,1170965.0351407276
1235687.1915,1158578.2224699012
1235687.1915,1121089.7838399056
373835.90809999994,478556.1314571236
373835.90809999994,446009.7927662151
685783.08365,715740.299580445
685783.08365,1095028.1549938556
328548.7883,261141.71357018413
328548.7883,262709.335087436
328548.7883,322555.3181500932
605833.120475,874043.8004336015
605833.120475,607040.6322272845
697396.69972,781404.7205078598
697396.69972,779741.5705252144
697396.69972,1066426.824306962
697396.69972,1069501.1675305658
697396.69972,781404.7205078598
697396.69972,779741.5705252144
697396.69972,771823.4753137962
697396.69972,752348.6972663301
697396.69972,752348.6972663301
697396.69972,788460.9121313975
382298.6696300001,484348.99431845883
382298.6696300001,401497.7602107732
382298.6696300001,484348.99431845883
382298.6696300001,483711.413837099
382298.6696300001,372151.61266177
417851.0527,406392.8308106296
417851.0527,401364.6612431066
417851.0527,372511.3553606955
417851.0527,466993.75717127346
601107.277975,638622.8003522491
601107.277975,866463.22568615
601107.277975,638223.2944824735
601107.277975,656766.5293562136
601107.277975,636959.6503696037
601107.277975,620290.2576311543
841822.4136,900893.9001495842
841822.4136,1120311.0110274416
2446667.2255999995,2485902.8425502162
2446667.2255999995,2501994.43856601
549645.72235,639388.1333985566
549645.72235,945326.3241125992
549645.72235,654847.0947941553
398393.577575,359289.03803468926
398393.577575,405522.2412394571
588899.317825,660893.0467225801
588899.317825,672327.9227603701
831931.8772799999,812399.265027773
831931.8772799999,832894.1420091444
831931.8772799999,1179355.9928506035
831931.8772799999,812399.265027773
831931.8772799999,1176584.2936478956
831931.8772799999,801529.8551103077
831931.8772799999,800123.3953888228
831931.8772799999,812633.6192517196
831931.8772799999,814506.2116606545
831931.8772799999,1212558.7533780616
728280.2827749999,656535.1641079203
728280.2827749999,646055.9018607317
185315.69262499997,205333.8239379049
185315.69262499997,282715.8165165662
1363673.8115,1463241.4213125315
459371.754275,482603.3890684243
459371.754275,570456.1725677929
572953.2455083333,714917.5092651066
572953.2455083333,687602.3001523421
572953.2455083333,711841.5295567178
572953.2455083333,711330.5112969629
572953.2455083333,1010371.5070142891
572953.2455083333,979821.8886030817
572953.2455083333,653509.8015206805
572953.2455083333,657252.3955657391
572953.2455083333,719085.9251002454
799641.4664714285,689094.6732134792
799641.4664714285,689396.9950768373
799641.4664714285,1107003.6748914444
799641.4664714285,689094.6732134792
799641.4664714285,1111926.844678768
799641.4664714285,697997.7708344688
799641.4664714285,688706.9598135609
245791.81924999997,148398.62253662455
245791.81924999997,143715.57632767456
591669.5021249999,634488.1283553644
2635503.93785,2508258.447024489
2635503.93785,2990172.360792608
2635503.93785,3039520.933236135
560309.8785499999,543812.6070694808
560309.8785499999,640108.7778168289
368813.8257,273413.18402597617
368813.8257,263145.9787183809
368813.8257,373980.20196640457
301608.52385,215481.36038947152
301608.52385,260432.0468935675
301608.52385,207896.79973649688
598781.47495,638926.0229289465
598781.47495,557056.7009514476
598781.47495,569195.3058239189
606086.889975,793205.8161137953
606086.889975,695538.4430200878
606086.889975,673522.1232397213
606086.889975,684235.4619911379
606086.889975,681538.5672599915
606086.889975,864025.7432319
573022.569975,710126.2522688452
573022.569975,620051.9016784156
573022.569975,622777.215942998
573022.569975,610029.2879587406
463745.3254,643397.8785618059
463745.3254,796783.7963315833
463745.3254,669934.5877101365
465228.16104999994,546004.7665491188
465228.16104999994,454047.8970172802
465228.16104999994,407695.60066811147
366234.6217,381118.4041920455
366234.6217,381963.8208780977
189013.3335,247063.63357028802
189013.3335,265319.5247145353
896476.1422,884989.4745387862
896476.1422,880496.1852705133
896476.1422,1163466.4696514364
396358.9701,394417.42609858525
396358.9701,376605.8809025325
415536.94222500006,421710.7674154005
415536.94222500006,388712.31914354046
601133.3525,694289.6051369946
601133.3525,689445.8142515741
601133.3525,695855.8932707602
601133.3525,697024.2293116747
601133.3525,1006956.4244720953
601133.3525,1007803.045825849
601133.3525,744129.6782974541
547323.3979,606846.4423162742
547323.3979,615785.9857805483
547323.3979,673773.7056794593
319134.51570000005,509154.12666324514
319134.51570000005,390469.03556566994
319134.51570000005,482180.3159336898
231500.66635000004,184756.7747464779
231500.66635000004,189048.1207875008
964171.4352807692,1309021.499484782
964171.4352807692,910227.9869294048
964171.4352807692,917001.1694081156
964171.4352807692,928385.1621821921
964171.4352807692,943124.3376815957
964171.4352807692,943126.6577802419
964171.4352807692,1343214.5593568853
964171.4352807692,1309127.2156273378
964171.4352807692,896863.4039651914
964171.4352807692,1309127.2156273378
964171.4352807692,896182.4878603781
964171.4352807692,896863.4039651914
964171.4352807692,898487.16604436
2455689.66675,2367011.168943113
2455689.66675,2315964.634381097
573328.23095,682205.347723615
573328.23095,654339.0665720097
573328.23095,641385.5840457358
612276.964659375,678855.7797707793
612276.964659375,989119.1214763832
612276.964659375,1008126.8644059852
612276.964659375,678855.7797707793
612276.964659375,681895.7259080387
612276.964659375,651680.0437150873
612276.964659375,678332.9585527171
612276.964659375,1062538.3636505988
445247.76685,511353.0632969942
445247.76685,613734.0489931041
445247.76685,606775.7540236674
445247.76685,500246.75920233806
310321.04915,258314.2580175402
310321.04915,235167.58845248062
310321.04915,222652.55095417448
465952.50804999995,462227.69385644334
465952.50804999995,415558.64741277316
465952.50804999995,397971.7403056206
559228.80355,893413.3020077103
559228.80355,723822.7662852497
559228.80355,675907.1514341133
559228.80355,787702.098170196
210268.5801,182270.39308244764
210268.5801,153689.8331235128
210268.5801,174368.95260559517
721573.6410999999,679614.2416990898
2297951.3351749997,2207734.7905132067
2297951.3351749997,2755461.4159122384
810573.375,871996.0045999717
810573.375,916711.9536570935
810573.375,916856.0920628494
810573.375,871484.9863402167
810573.375,1119325.7705547302
810573.375,846800.3951843968
366391.0068,343769.88658964884
366391.0068,346378.2262349088
645111.901925,1069193.104411016
645111.901925,622499.1622462453
2596152.9347625,2456788.9205044154
2596152.9347625,2480788.7279965547
2596152.9347625,2941953.3574727867
2596152.9347625,2949399.6543978225
2596152.9347625,2460817.0428247494
2596152.9347625,2938244.713351337
2596152.9347625,2941953.3574727867
2596152.9347625,2948672.5423740316
2596152.9347625,2937517.601327546
2596152.9347625,2940326.983743254
2596152.9347625,2413440.0652771974
2596152.9347625,2879992.2743205638
2596152.9347625,2406605.4569362425
2596152.9347625,2879834.9604020766
2596152.9347625,2854078.5599079765
2596152.9347625,2403249.6770811556
445534.66895,485136.2184274342
445534.66895,606217.149318285
549771.6593,641447.1587066978
549771.6593,710713.2438464097
575086.1627750001,755355.6805357486
575086.1627750001,652792.0321957021
2654959.2433,2450391.379416938
2654959.2433,2510076.1295440947
397691.6165625,495353.6119005764
397691.6165625,490730.58462690475
397691.6165625,384496.4625854257
397691.6165625,406813.7243729371
397691.6165625,409821.20332143095
397691.6165625,392727.32814121566
544386.8276,879743.5672385808
544386.8276,862222.0342083657
659405.2975250001,619451.2256132984
659405.2975250001,656754.7708869649
649276.22755,699570.1588642015
649276.22755,1107209.0661110373
203352.09709999996,185700.167443096
203352.09709999996,269627.430289469
589457.6274,552688.6993537375
589457.6274,638599.6742526338
589457.6274,540535.678452358
507616.0317,474587.50899244373
507616.0317,524591.1067986756
754663.7542500001,780418.4786062764
754663.7542500001,783494.4583146654
754663.7542500001,1148899.637293879
754663.7542500001,780418.4786062764
754663.7542500001,760448.2091827207
754663.7542500001,760383.6511920798
754663.7542500001,720481.1835702144
754663.7542500001,743148.7494221097
754663.7542500001,720481.1835702144
461429.12794999994,418178.44535849907
461429.12794999994,519207.4132516541
341227.665275,357904.30852508225
341227.665275,318882.3120683319
528693.473325,580035.6976018451
528693.473325,932783.3212892886
399850.12119999994,420192.1451896186
399850.12119999994,348728.31990057824
399850.12119999994,340001.41577396647
285688.2046,303250.1517614522
285688.2046,300810.8923555572
285688.2046,219445.76925685344
373537.8626749999,395504.1062231135
373537.8626749999,324015.3021516813
361013.5448999999,289149.25108317443
361013.5448999999,245754.19569361338
344615.671225,291299.9560419323
344615.671225,355548.9793152774
631605.0277499999,994415.3640732542
631605.0277499999,670026.158984954
631605.0277499999,980323.5633479797
631605.0277499999,693743.7435134073
631605.0277499999,990075.3333953668
631605.0277499999,675341.8011627612
597408.9622375,899430.3528163271
597408.9622375,899430.3528163271
597408.9622375,862330.3157282232
597408.9622375,877436.566771588
597408.9622375,715507.7616732776
597408.9622375,667372.9143846852
299736.33315,265628.9971655032
299736.33315,425899.8271569063
507201.2646125,760389.2567993223
507201.2646125,610874.3733371885
507201.2646125,681887.851512418
507201.2646125,597188.8114846628
565750.92067,537857.7402809466
565750.92067,572994.9838637492
565750.92067,670367.4506463353
565750.92067,659870.4943623604
565750.92067,632036.7663879582
875742.5574214285,878983.2552973081
875742.5574214285,864015.0153086301
875742.5574214285,853618.4199874699
875742.5574214285,1279398.9142102879
875742.5574214285,868805.6267516792
875742.5574214285,864015.0153086301
875742.5574214285,801383.0960344591
702391.1427000001,881812.5799091621
702391.1427000001,872281.8052046632
2292541.1975999996,2236907.56986811
2292541.1975999996,2246025.796040276
2292541.1975999996,2775362.0396354226
965000.612775,931651.6304098184
965000.612775,927993.9552753185
965000.612775,954550.5735653031
965000.612775,1080486.3249805893
965000.612775,1070194.5217348067
965000.612775,1073675.6236431112
965000.612775,1072994.7075382979
965000.612775,942359.5532002058
764191.2688000001,842735.148320767
764191.2688000001,730979.0964266713
764191.2688000001,732034.3663006818
764191.2688000001,842514.7165056777
764191.2688000001,738588.4221416768
864219.1302499998,901766.8341063558
864219.1302499998,939072.0956461495
247645.6163999999,317427.9177214008
247645.6163999999,234774.12319969782
695266.03335,1004232.7460493321
695266.03335,822365.2929004905
366460.7226499999,394436.58543356846
366460.7226499999,281013.4750295703
298004.51524999994,345848.3402501394
298004.51524999994,296346.81170268485
298004.51524999994,255608.07740631344
809738.2065999998,656488.8388389356
809738.2065999998,696074.8480312075
809738.2065999998,1094333.0893375108
322212.8016,306914.8734622814
322212.8016,317501.01375477295
344384.4765,501825.8985758002
344384.4765,516637.3785306991
344384.4765,346919.5641575361
344384.4765,349198.44179035554
437196.4561,542596.492631421
437196.4561,554628.963901044
576757.82456,797203.0927154585
576757.82456,793171.8752010849
576757.82456,791623.1851755517
576757.82456,787721.9746288956
576757.82456,847214.5562369379
515621.04845000006,519107.2222592365
515621.04845000006,628631.7826340963
420440.59835,374226.4902676359
420440.59835,421373.0135881166
451237.5124,530599.5925805195
451237.5124,526448.6531542286
622289.4372999999,563689.9863665141
622289.4372999999,555940.5797642248
515762.236,619659.8189841062
515762.236,653104.3062055659
774319.2679999999,1161358.5654563138
774319.2679999999,747052.7656634313
534127.9515,555655.7223569134
606456.47158,810759.2161178981
606456.47158,669684.595482341
606456.47158,666809.9478303418
606456.47158,833583.852975808
606456.47158,833583.852975808
167062.36925000002,181320.9147803426
167062.36925000002,167782.6829441107
417297.29435,290937.408907475
417297.29435,328224.42131764605
431776.409275,816190.1926972371
431776.409275,621799.2583580726
695561.3483000001,742491.5026832229
695561.3483000001,773944.3020574339
695561.3483000001,731961.2831157912
695561.3483000001,776057.4406466886
695561.3483000001,849678.8484137282
695561.3483000001,756708.3452284331
695561.3483000001,722136.7978130749
1257576.9253,1631561.560304846
1257576.9253,1172649.905615304
1257576.9253,1624939.6033826647
365027.21215,543945.222263951
365027.21215,384396.43372414185
800938.674525,876596.8491902405
800938.674525,1143635.8793427097
625556.6765093751,827410.8834618973
625556.6765093751,828450.1293951508
625556.6765093751,827163.4860473746
625556.6765093751,737577.327781953
625556.6765093751,690681.7393210134
625556.6765093751,812548.9606929347
625556.6765093751,813734.8129050471
625556.6765093751,686792.4473798989
436652.3475,405463.48607734655
436652.3475,424142.515092241
436652.3475,423631.496832486
436652.3475,424316.0654676875
436652.3475,485078.9166553471
693992.635725,608806.9800283377
693992.635725,645602.3906822931
270133.7418,256557.0856595587
270133.7418,307422.92449293734
270133.7418,325805.98316413275
378202.93605,443693.0375059674
378202.93605,436833.72777088016
378202.93605,397485.94828051
562312.7971,649070.6504460523
562312.7971,635217.1061312417
715508.0931349999,1115388.289247212
715508.0931349999,692299.2433584528
715508.0931349999,691852.7830893389
715508.0931349999,673374.4834483038
715508.0931349999,691852.7830893389
715508.0931349999,693989.3414873976
715508.0931349999,1078382.9611832919
715508.0931349999,654314.4532068643
715508.0931349999,654314.4532068643
715508.0931349999,642751.5580859967
321724.45955,233729.85117286735
321724.45955,271506.3763909698
321724.45955,336016.3094640039
687102.204125,802165.5873513594
687102.204125,1072143.694270509
687102.204125,751656.0494725995
687102.204125,754707.7845855388
687102.204125,1071437.5230147634
687102.204125,741193.4179122942
269446.53179999994,368062.58882808354
269446.53179999994,287160.24086943344
615428.9149642857,734151.9872828741
615428.9149642857,858788.9230295506
615428.9149642857,734663.005542629
615428.9149642857,731554.0198885542
615428.9149642857,657669.1601939069
615428.9149642857,712657.5768472403
615428.9149642857,694241.2419911346
182247.5892,163370.64866454713
182247.5892,183694.57077470887
465025.607325,674206.5322426177
465025.607325,437728.77296908817
896842.894225,859240.4147739041
896842.894225,881879.3987481752
784907.2167999999,656015.364193723
784907.2167999999,675699.3844209245
471020.63740000007,423589.02671486116
471020.63740000007,521475.7340400864
2360285.0179,2198944.6887670513
2360285.0179,2245081.7364218854
759509.9623,1109842.9131399
759509.9623,676303.4991066168
509860.8329499999,703418.6749283295
509860.8329499999,611014.0569634379
391439.6965,374763.2057776509
391439.6965,515174.0602117069
391439.6965,385055.49267936667
763285.7759499999,637415.7074906845
763285.7759499999,1098792.9450059016
301524.57054999995,316073.5213135586
301524.57054999995,392202.8432261334
301524.57054999995,316387.2759745952
577304.2638999999,539057.8806850326
577304.2638999999,541202.8428093067
577304.2638999999,523858.11335747014
577304.2638999999,516358.747307394
2783361.6887749997,3198778.511356256
2783361.6887749997,2678229.767352824
576581.7893000001,539638.3458755212
576581.7893000001,533724.2236843063
406687.596575,397605.05876681843
406687.596575,458180.18624604144
673012.4208499999,1131884.5854494402
673012.4208499999,1137393.80058899
426064.839425,444604.4617138074
426064.839425,390354.4651737886
426064.839425,418922.92718172
426064.839425,402793.0364147169
403886.1356999999,520594.8856267034
403886.1356999999,524187.9844490631
574084.9990000001,511088.2050062204
574084.9990000001,511833.70917873434
574084.9990000001,464878.0186834632
574084.9990000001,485315.3800318417
743869.9885599999,870360.2561004154
743869.9885599999,1033372.3463487237
743869.9885599999,826661.1136491572
743869.9885599999,846268.0788725871
743869.9885599999,828927.0622475499
310234.8106,283757.53232669184
569012.659675,692219.8917475176
569012.659675,608665.7460920018
569012.659675,692219.8917475176
569012.659675,580415.4861799323
362684.7402,337071.3271751894
362684.7402,328886.5001890773
580379.21095,1074146.9590726465
580379.21095,632346.3632204613
676645.8258999999,833909.0779975347
676645.8258999999,745957.5039969834
676645.8258999999,830614.3029588417
676645.8258999999,833386.0021615496
676645.8258999999,728425.3458600735
676645.8258999999,817783.9242376646
676645.8258999999,744023.6921787445
409981.7188,403935.6671455529
689630.24897,803292.0708072783
689630.24897,861204.3296678673
689630.24897,821118.8286320318
689630.24897,1001186.9415983583
689630.24897,792279.7816394771
885233.9662300001,1183422.8032127363
885233.9662300001,773055.8683363437
885233.9662300001,777293.1645257602
885233.9662300001,784945.6999668484
885233.9662300001,789736.3114098976
885233.9662300001,1185860.008594661
885233.9662300001,784780.7398546912
885233.9662300001,1146418.1799101785
885233.9662300001,1146418.1799101785
885233.9662300001,1147270.1855961012
815006.22525,889039.5876863773
815006.22525,1149157.5153865535
566848.9281749999,597928.0707935606
566848.9281749999,737754.9429931385
573767.72585,679344.7619426511
573767.72585,647869.8682252466
573767.72585,570625.4807179653
573767.72585,586072.5558522206
611180.8310750001,854801.9284478696
611180.8310750001,607059.6362185023
825387.1773999999,829085.5229913548
825387.1773999999,1181658.0290554482
825387.1773999999,1136142.0158520066
825387.1773999999,829705.22442826
825387.1773999999,1180987.6038176748
825387.1773999999,799779.9599178584
825387.1773999999,794941.1023342244
825387.1773999999,796197.1628607794
825387.1773999999,1176580.8230029796
825387.1773999999,782785.392198228
702718.1388999999,1204082.0823679266
702718.1388999999,782169.6754418389
702718.1388999999,1107189.314703582
702718.1388999999,1104417.6155008741
702718.1388999999,780778.0519961455
702718.1388999999,1107109.2027997687
702718.1388999999,758909.3665666188
702718.1388999999,1104417.6155008741
702718.1388999999,751628.7647517029
252419.0801,248400.1955344344
662587.0654083332,768829.9160096826
662587.0654083332,781311.4178842981
662587.0654083332,1158166.1385526815
662587.0654083332,768829.9160096826
662587.0654083332,779263.5058361153
662587.0654083332,770093.5601225524
662587.0654083332,728649.4590843646
662587.0654083332,1128979.839815272
662587.0654083332,728649.4590843646
546765.145,984256.5215590011
546765.145,677376.2776895728
433732.157025,428543.98929341516
433732.157025,470281.05043530115
574456.3825,1155600.779285524
574456.3825,700991.935653205
182660.8831,157523.01235449215
182660.8831,145259.39459681662
596773.50135,642212.0409937346
1447439.0835453123,1233377.7007359099
1447439.0835453123,1229978.3106410254
1447439.0835453123,1225818.5511054434
1447439.0835453123,1233377.7007359099
1447439.0835453123,1680626.3578659908
1447439.0835453123,1245418.8364242131
1447439.0835453123,1245418.8364242131
1447439.0835453123,1235800.7679063003
1447439.0835453123,1245418.8364242131
1447439.0835453123,1657418.3109536176
1447439.0835453123,1204428.9365786258
1447439.0835453123,1195839.61877675
1447439.0835453123,1657418.3109536176
1447439.0835453123,1186474.1010215755
1447439.0835453123,1197576.7518576249
1447439.0835453123,1169636.4035600477
380276.31445,370729.92431542935
380276.31445,370870.51465794956
427268.7544999999,420508.41951197584
427268.7544999999,533351.5060263786
427268.7544999999,454570.76630889275
427268.7544999999,430883.26050648245
605167.3391999999,532228.4263856686
605167.3391999999,548731.0901521477
420699.06585,413805.30775549123
420699.06585,496744.79745502665
420699.06585,413294.28949573624
420699.06585,492675.57278003683
408786.8964,345616.26594254666
408786.8964,365697.5788057883
603185.7534500001,662829.2674527408
603185.7534500001,543993.4249106153
309526.035525,285753.96774051624
309526.035525,271132.3030115468
309526.035525,287070.80573340727
309526.035525,344006.3549567458
599366.8688,760246.7352242686
599366.8688,667286.0415586474
859138.3875375,762474.8310528087
859138.3875375,755927.1388711906
859138.3875375,1168712.8145327594
859138.3875375,756609.8965606116
859138.3875375,1171751.411738391
859138.3875375,1160596.693224803
859138.3875375,715692.1097452361
859138.3875375,715692.1097452361
859138.3875375,1133659.7953243544
859138.3875375,715692.1097452361
859138.3875375,719771.7209984016
859138.3875375,743005.4248311626
652077.8028461538,1080742.4439266615
652077.8028461538,1080742.4439266615
652077.8028461538,756837.9816132436
652077.8028461538,732565.8304246295
652077.8028461538,774381.122255958
652077.8028461538,733076.8486843845
652077.8028461538,757348.9998729986
652077.8028461538,695148.7412961985
652077.8028461538,718160.5823862341
652077.8028461538,1042567.9461920967
652077.8028461538,1042567.9461920967
652077.8028461538,1043248.8622969101
652077.8028461538,1080300.5559363358
604904.403075,619019.1072081429
604904.403075,1079276.5477061062
449464.6027,417059.2437654715
449464.6027,486094.60670948925
561448.2628499999,903959.4682303321
561448.2628499999,603741.327621547
561448.2628499999,577187.5553447045
212057.161925,134446.8382832997
212057.161925,174389.9368959313
876639.45415,835424.8960298735
876639.45415,834913.8777701185
876639.45415,917075.7263799917
876639.45415,835424.8960298735
876639.45415,838157.6736244615
876639.45415,807787.0440200455
876639.45415,831989.720166485
876639.45415,812497.7382419112
628171.0817999998,645772.8352984812
554246.3626999999,978544.3651874001
554246.3626999999,648494.2466343142
789343.8685,1036818.9868968301
789343.8685,659743.2811736586
697945.181875,833440.5755024881
697945.181875,972721.9490233236
697945.181875,776187.6057710391
697945.181875,954141.9991666712
697945.181875,954141.9991666712
697945.181875,767354.6237441471
406846.60335,501467.0792169551
406846.60335,380819.61149148736
406846.60335,406866.50339965895
406846.60335,488458.5372433736
752979.59424,1069135.583720735
752979.59424,1066645.6196372663
752979.59424,781404.7205078598
752979.59424,1066645.6196372663
752979.59424,780252.5887849694
752979.59424,1066645.6196372663
752979.59424,752348.6972663301
752979.59424,752348.6972663301
752979.59424,752348.6972663301
752979.59424,781414.4641271026
458745.1858,431004.5766907651
458745.1858,624419.9939275788
605305.75035,673012.6918819656
605305.75035,698103.9974911629
605305.75035,658328.2320497566
605305.75035,676072.6924189918
539473.37115,588610.0927694795
539473.37115,630225.7359953753
641543.6043,680447.907485331
641543.6043,703562.698104066
578398.7631999999,615679.2871082218
578398.7631999999,660120.8168829596
738519.3586999999,815431.5975772766
738519.3586999999,752768.2389865133
738519.3586999999,834145.009985221
738519.3586999999,750723.4509848531
365875.9267625,369715.8533421154
365875.9267625,516380.7040965989
365875.9267625,352754.6715708687
365875.9267625,409276.0684880567
761284.647675,1079620.759269528
761284.647675,688727.3437922966
867233.9145083333,1274339.3002513724
867233.9145083333,897605.3429463385
867233.9145083333,880873.2370616299
867233.9145083333,880426.776792516
867233.9145083333,900967.1723603011
867233.9145083333,862900.0751031707
867233.9145083333,862900.0751031707
867233.9145083333,863580.9912079842
867233.9145083333,893333.0418761375
232120.67245,292550.995072751
232120.67245,289713.7114466187
510785.61189,487527.7883683258
510785.61189,586274.4180226163
510785.61189,579956.9886955593
510785.61189,483688.15897207346
510785.61189,456290.65721423284
787888.0699687501,723641.6251314741
787888.0699687501,729606.3665867491
787888.0699687501,1136421.6644446477
787888.0699687501,728432.2365745233
787888.0699687501,728432.2365745233
787888.0699687501,1077041.8566280107
787888.0699687501,1099291.9565341368
787888.0699687501,1098439.9508482143
1241319.2030999998,1174254.1747290124
1241319.2030999998,1178448.3786852956
1241319.2030999998,1181050.5186706996
874271.5884499999,836094.8762562168
463657.4912,574843.8000870064
463657.4912,575691.8167348101
463657.4912,406342.93116304354
604744.3324,648882.8068122622
604744.3324,661699.2996236956
581289.1103999999,914271.7096823964
581289.1103999999,589045.9513534219
263229.36885,206235.5625265417
263229.36885,240847.07093640516
263229.36885,213828.47027011606
295879.0615,392464.29701038095
295879.0615,392471.70589061576
584162.0958499999,646344.2296268727
584162.0958499999,773952.0867090323
703041.6129874999,624102.8988868737
703041.6129874999,597037.1528691554
703041.6129874999,603870.43468413
703041.6129874999,582315.0440218063
529989.1430749999,673684.7396724537
529989.1430749999,647285.3226366579
662940.40465,678437.4055403689
662940.40465,1127518.4016452099
594307.7541499999,700290.2380913156
594307.7541499999,657749.27925191
594307.7541499999,665020.9366698855
357892.0922499999,378604.754178256
357892.0922499999,307578.21421922604
357892.0922499999,360034.8962039433
582013.77125,658113.0226012625
582013.77125,648958.3009055343
582013.77125,672996.9116483848
582013.77125,658113.0226012625
582013.77125,657602.0043415076
582013.77125,971726.8641034039
582013.77125,616885.408040638
582013.77125,635948.7433189355
582013.77125,960088.9277529375
582013.77125,647573.0832024894
367955.2631125,399110.2216127974
367955.2631125,326035.82008739613
367955.2631125,392828.9159441438
367955.2631125,408773.72284436214
912504.21985,852334.696048947
912504.21985,874590.4811352948
677022.5343099999,582917.8504282206
677022.5343099999,686781.8416550702
677022.5343099999,597902.2818174758
677022.5343099999,589363.0029755194
677022.5343099999,670784.4354939256
475384.8684,482749.5699804848
475384.8684,482712.19630145805
475384.8684,461932.49050536344
475384.8684,474719.5223750721
947489.4709692306,904502.5914729959
947489.4709692306,904422.4795691825
947489.4709692306,903238.9473601261
947489.4709692306,1330070.2122171242
947489.4709692306,895579.286177962
947489.4709692306,888150.9490985768
947489.4709692306,1330105.9582350962
947489.4709692306,849467.376366048
947489.4709692306,848652.6425388264
947489.4709692306,866121.9790923002
947489.4709692306,849467.376366048
947489.4709692306,849467.376366048
947489.4709692306,889227.8562358895
376759.0818749999,367082.58522588253
376759.0818749999,407616.9458214933
364086.7839499999,337724.280175782
364086.7839499999,363872.12460757117
417722.36379999993,461416.2432880193
417722.36379999993,461416.2432880193
417722.36379999993,572030.5208768947
273755.57405,221555.75213122007
273755.57405,297396.43955563084
273755.57405,271496.52226388064
240296.558,297993.6515918836
240296.558,208636.54531978746
240296.558,163751.23208439793
311287.62635,208828.37954062468
311287.62635,218992.37841326353
694129.0173000001,671584.97595748
694129.0173000001,669210.5803073212
512386.53282499994,561662.2063598473
512386.53282499994,464588.45093627926
512386.53282499994,555101.471350772
512386.53282499994,474356.18848749564
588146.9255499999,650028.9611119574
588146.9255499999,1019609.1316666764
905109.0016,1006757.5299478194
905109.0016,1477555.7394919074
905109.0016,1368986.6766620737
905109.0016,1008085.2005626317
905109.0016,991899.7757900446
905109.0016,1364976.6345675585
905109.0016,949357.1894000536
905109.0016,1325913.8872181335
905109.0016,949357.1894000536
905109.0016,983824.3168066475
905109.0016,1051675.0682887528
465404.1568875,466238.13163517066
465404.1568875,448983.23216355575
465404.1568875,467538.3384262782
465404.1568875,470439.365663398
709403.9358857141,723353.4993281872
709403.9358857141,715058.3173350648
709403.9358857141,715176.2756324848
709403.9358857141,1136171.1730502578
709403.9358857141,1125852.1363233062
709403.9358857141,1133335.4473456074
709403.9358857141,698167.2226552636
757397.2224,701149.1762451711
388736.1274,673459.4291846764
388736.1274,570121.5110891404
645570.342,629817.3981248616
645570.342,722252.205629708
755012.1341999999,702880.9893723148
755012.1341999999,712450.3547555003
755012.1341999999,712455.4860774593
267946.05669999996,241522.05112178123
267946.05669999996,380432.9228528859
586554.38245,558381.772568895
586554.38245,531197.0690917618
1102005.71365,1062964.0216827027
1102005.71365,1019137.1640202738
303966.1682,339022.9890054411
303966.1682,277585.388397261
303966.1682,245154.62403036968
457736.3546,430688.0473377693
457736.3546,444036.72147158603
406975.19554999995,382496.93183477956
406975.19554999995,416497.4057013681
406975.19554999995,382496.93183477956
406975.19554999995,387814.5975650486
471953.73705,423528.6808304829
471953.73705,485553.20868368406
599174.5173000001,794812.2268946519
599174.5173000001,801516.3998658305
584025.608725,551181.1326719717
584025.608725,536135.9294502916
2423678.85115,2145045.7937132977
836507.448725,1158075.183109155
836507.448725,786215.5995077627
836507.448725,802181.3739548782
836507.448725,803039.6929107364
836507.448725,786215.5995077627
836507.448725,764419.425113868
836507.448725,764419.425113868
836507.448725,753866.3075114277
1206178.7247499998,1536246.3111500111
1206178.7247499998,1083081.9759726943
1206178.7247499998,1095100.5225666333
595802.973,671107.9910574227
595802.973,705242.0234391071
595802.973,1075888.5687628787
429024.9444,558677.2003742442
429024.9444,558442.9855027526
350004.20139999996,359181.23675720487
350004.20139999996,267011.2281040678
569919.94917,593941.4367976432
569919.94917,616592.0244332674
569919.94917,630811.9201533735
569919.94917,620504.4878470118
569919.94917,599358.0863913269
484475.4395999999,572670.0872515435
484475.4395999999,417981.6762325396
484475.4395999999,452205.7893672202
484475.4395999999,456037.67735387455
826954.2494071429,1127956.2426425861
826954.2494071429,710841.6696251045
826954.2494071429,705748.7363186975
826954.2494071429,717087.0399433646
826954.2494071429,1126329.8689130535
826954.2494071429,1127956.2426425861
826954.2494071429,1136732.5252210174
348287.58300000004,320993.16124163644
348287.58300000004,376266.1545480126
348287.58300000004,309965.74321101815
348287.58300000004,387251.2261972509
348287.58300000004,385514.97835893306
348287.58300000004,321551.78863077925
611285.8631000001,643501.7958138803
611285.8631000001,625039.607197737
611285.8631000001,711540.152467565
611285.8631000001,632920.0414909199
611285.8631000001,632920.0414909199
611285.8631000001,599671.9752733012
219944.26825,128357.6718227549
219944.26825,174970.71412960225
646162.07765,1081635.4973305922
646162.07765,694971.5564400941
1171264.8561,1021366.0265019713
1171264.8561,1420013.3594658573
697157.9145775,789502.7228518375
697157.9145775,1155973.2853055801
697157.9145775,1155829.1468998243
697157.9145775,1155829.1468998243
697157.9145775,768406.6955907356
697157.9145775,789402.3137657457
697157.9145775,1136695.0552430255
697157.9145775,755632.9882804836
697157.9145775,749451.335100044
697157.9145775,754701.280771724
634994.43435,684303.9338363342
634994.43435,1095648.817587834
681361.52675,753524.9340517289
681361.52675,940556.8754340513
514004.6799,547118.9227192734
514004.6799,648208.1363657065
514004.6799,527027.9616951765
856588.7199499999,898253.3107897628
856588.7199499999,1374075.5050173774
575826.02535,623705.2990881132
575826.02535,623829.7929637581
575826.02535,618823.2939986234
418372.7074,333597.8202137719
418372.7074,356950.3456937079
418372.7074,294379.74186544545
531829.5282333334,637792.7394361107
531829.5282333334,528582.1834311013
531829.5282333334,637792.7394361107
531829.5282333334,525107.0758195595
531829.5282333334,554662.6969161861
531829.5282333334,642333.2257053915
531829.5282333334,528520.850399876
531829.5282333334,643014.141810205
531829.5282333334,522812.8881815128
660881.9467,723595.0365921764
660881.9467,715808.0888288165
660881.9467,720474.1831638331
1232352.247375,1034621.7310742487
1232352.247375,999056.8066605552
729143.201,1042981.2215502397
729143.201,671469.3325275293
825450.9070428571,932960.4079393115
825450.9070428571,887929.1243792818
825450.9070428571,1172310.4685519082
825450.9070428571,887482.6641101678
825450.9070428571,1152069.2224240124
825450.9070428571,862366.1220085196
825450.9070428571,874282.2261099357
647017.1118035713,741168.9881768058
647017.1118035713,1089597.4189586318
647017.1118035713,748657.1537779644
647017.1118035713,738059.3776365358
647017.1118035713,738059.3776365358
647017.1118035713,1089597.4189586318
647017.1118035713,1070213.1241850276
728353.5691500001,723910.2262446231
728353.5691500001,740988.7070819237
728353.5691500001,740988.7070819237
728353.5691500001,1127999.3048209406
728353.5691500001,1141499.1272954382
728353.5691500001,742554.9952156894
728353.5691500001,680513.9137247078
728353.5691500001,685783.4874816362
728353.5691500001,685543.0907474576
728353.5691500001,685783.4874816362
728353.5691500001,684073.5720822796
728353.5691500001,698777.2374844707
635341.0976000001,910704.5001460433
635341.0976000001,942834.987410283
610367.2106499999,757348.390941099
610367.2106499999,693783.2784356457
610367.2106499999,726222.4789030027
577477.099275,706044.0127528834
577477.099275,865299.8362637658
577477.099275,685602.5262611207
577477.099275,694688.7203977245
522495.4067,824923.8625142789
522495.4067,630544.9764707747
514334.1686999999,635102.2232119963
435968.5945499999,527297.4308452094
435968.5945499999,626816.6448134986
435968.5945499999,621557.9600439208
843807.5172499999,1222069.1857320229
843807.5172499999,861395.1497464135
598098.722805,758584.6663271339
598098.722805,759095.6845868889
598098.722805,719661.1970985326
598098.722805,1067404.8523255067
598098.722805,1067623.6476558112
598098.722805,1067404.8523255067
598098.722805,743933.3482871467
598098.722805,696882.8873218672
598098.722805,1029426.5593551969
598098.722805,1052858.5741244084
932461.52535,950860.738918544
932461.52535,965718.4930763189
932461.52535,1439348.2380819763
932461.52535,966535.1454313763
932461.52535,1436533.4628914823
932461.52535,1319434.2519316236
562498.9139500001,601448.8234300116
562498.9139500001,712407.1247108043
563689.5676999999,731300.6363713753
563689.5676999999,717176.377710277
478847.6185,513953.470107475
478847.6185,513953.470107475
478847.6185,587933.9775143736
1046335.6292428572,1010829.5656793267
1046335.6292428572,983822.1028934292
1046335.6292428572,1011384.5238827083
1046335.6292428572,1432895.6420537932
1046335.6292428572,1430432.1517005432
1046335.6292428572,981328.8921377067
1046335.6292428572,974251.5234829588
860993.5595999999,860985.350610093
860993.5595999999,847148.1002167669
590895.5481999998,616024.9385014412
590895.5481999998,620116.9383574254
490096.6098,511386.3842698926
490096.6098,628185.64923799
430787.17155,375771.8853001993
430787.17155,383505.1122300785
430787.17155,366137.9538900157
523968.89881249995,609627.9550764181
523968.89881249995,603310.5257493611
523968.89881249995,512330.5868105142
523968.89881249995,591950.9738491878
1260481.8635,1578580.4115389679
1260481.8635,1620338.448564651
1260481.8635,1204867.5975329706
1260481.8635,1184716.1267820422
1260481.8635,1202897.9013156851
1260481.8635,1578580.4115389679
1260481.8635,1204867.5975329706
1260481.8635,1168969.7048085679
1260481.8635,1168103.457915108
1260481.8635,1582281.3073224896
1260481.8635,1582281.3073224896
1260481.8635,1582281.3073224896
706585.7806249999,768891.8275021078
706585.7806249999,682098.6287079853
173497.98445,156956.27668427862
173497.98445,157330.6962969615
173497.98445,254128.4747222801
638934.2420000001,687887.540801255
638934.2420000001,698743.4072105791
638934.2420000001,729640.9697916452
638934.2420000001,684300.5428331111
638934.2420000001,714075.2980926834
638934.2420000001,791583.6981243058
535541.8244249999,657647.2568294504
535541.8244249999,675633.3803993239
535541.8244249999,633793.5462116204
535541.8244249999,676344.0794889617
714413.6884,1042995.2842803488
714413.6884,1093926.810837809
336188.5474,278242.24778061145
336188.5474,285424.0411525935
336188.5474,266725.3570566598
405617.71429999993,281505.44017910736
405617.71429999993,292121.31685747206
576839.05535,518355.5324707396
576839.05535,541232.6050925129
208023.79225,162343.35571338097
342794.85124999995,382984.2282176945
342794.85124999995,321972.25961702893
724347.7268214285,726783.0975960962
724347.7268214285,733621.0664181584
724347.7268214285,730864.6076983588
724347.7268214285,739070.9669903477
724347.7268214285,716369.2700124528
724347.7268214285,716369.2700124528
724347.7268214285,1156170.8286628807
447373.54791500006,421364.0166577343
447373.54791500006,421875.0349174893
447373.54791500006,447810.63685175276
447373.54791500006,453568.2776107339
447373.54791500006,428785.7288956811
637472.5077249999,761917.0648112901
637472.5077249999,927912.8088911615
396873.78789999994,594940.2638475709
396873.78789999994,618891.3991382124
488270.18417,482794.15069504944
488270.18417,581565.290701054
488270.18417,500962.1614501888
488270.18417,475537.5777756801
488270.18417,461728.8384378776
352659.10994999995,330672.38395911764
352659.10994999995,486095.4724552596
595387.279328125,1166807.396714432
595387.279328125,1066597.7056899492
595387.279328125,718204.9607486
595387.279328125,1070680.9164345372
595387.279328125,742477.1119372142
595387.279328125,718204.9607486
595387.279328125,1066816.5010202534
595387.279328125,1068210.4094908729
485618.23852500005,593999.697933745
485618.23852500005,636325.626703674
540524.5963,572058.0303228786
540524.5963,639899.8139821088
540524.5963,583642.6609426632
559495.2872250001,561676.2614362749
559495.2872250001,583511.6419437258
605195.5035,712999.4176231642
605195.5035,712999.4176231642
605195.5035,912155.6532599828
605195.5035,871414.720199039
558320.5253999999,643201.0797925115
558320.5253999999,652895.1188698207
191470.2309,218759.7346088724
191470.2309,167664.13401553838
191470.2309,125244.7187695367
740367.3489,817411.5044048016
740367.3489,761110.5705377993
740367.3489,842189.2666422573
740367.3489,749847.9486180044
522183.995625,663379.8755507534
522183.995625,685103.1966158923
522183.995625,806951.995608219
522183.995625,643950.0294143641
522183.995625,586461.4821245805
522183.995625,846077.0268648494
603782.9382,656516.3168556113
603782.9382,668272.440527809
360855.9368,341901.5048672459
360855.9368,451994.89732578245
333063.59872500005,319724.0218215991
333063.59872500005,382946.58890268503
333063.59872500005,278488.05616741173
333063.59872500005,389594.25627385936
418605.30694999994,423631.044712543
572381.267675,639971.9413476613
572381.267675,690459.8024440504
544701.3426000001,631753.2949124966
544701.3426000001,669176.9570782204
690817.3076,732432.5980369889
690817.3076,1116033.8750511939
690817.3076,732129.9540160932
690817.3076,1116990.0913039006
690817.3076,730866.3099032233
690817.3076,1143651.7642341035
804151.27845,757362.19031499
804151.27845,1199764.2057806575
245110.70039999997,177924.04628445546
245110.70039999997,175622.52868640388
1212799.3856,1598298.669936984
1212799.3856,1589739.2424764698
475690.93845,421137.9157021204
754483.2006,601354.2727035773
754483.2006,642007.9677679904
425219.06360000005,501415.7212049571
425219.06360000005,485988.10553043394
1198223.5468,1455995.585099413
1198223.5468,983678.8140333826
566105.22995,644007.0559123058
566105.22995,661090.3652686278
566105.22995,974704.2067707691
566105.22995,651935.6435728994
566105.22995,677528.936404466
566105.22995,974923.0021010733
566105.22995,644770.5007016163
566105.22995,1029087.6038599984
466740.0127,651276.2901122832
466740.0127,572215.5775108165
475063.7575999999,443247.90014950925
475063.7575999999,432023.9690817356
475063.7575999999,432267.2083983369
271060.343925,261539.70503059146
271060.343925,261705.05163495417
271060.343925,288486.22202931426
271060.343925,284760.3052525835
651609.4456999999,685566.2131881419
651609.4456999999,688383.0867994452
651609.4456999999,659630.6112538785
651609.4456999999,676403.1759428459
452969.9965999999,426413.95168244024
452969.9965999999,426413.95168244024
452969.9965999999,506545.515968284
1094502.9150875,1056307.7821300344
1094502.9150875,1048264.6163911262
1094502.9150875,1493032.4425780333
1094502.9150875,1495396.4965250837
1094502.9150875,1064836.7130848053
1094502.9150875,1053055.2278341753
1094502.9150875,1480831.6503591798
1094502.9150875,1027162.9034793619
863223.243042857,819415.1440334682
863223.243042857,849421.89821972
863223.243042857,848158.2541068501
863223.243042857,1249467.9779936604
863223.243042857,818151.4999205983
863223.243042857,1249432.2319756881
863223.243042857,1212332.894720832
970031.58065,967223.7191205304
970031.58065,987410.2513209966
970031.58065,968904.6472918
970031.58065,953556.9161466183
970031.58065,1377959.183874741
970031.58065,950583.0369560814
954750.78195,899521.7820011049
954750.78195,929480.6188227388
768490.5859000001,1006936.5349428131
768490.5859000001,994591.4012410471
603029.34655,496270.8154049522
603029.34655,621883.0982720369
646134.5717999999,1066897.4969260558
646134.5717999999,1053001.2432475544
646134.5717999999,701250.5447802077
646134.5717999999,1053001.2432475544
646134.5717999999,698275.2551779081
646134.5717999999,1034868.5088854708
646134.5717999999,1034868.5088854708
646134.5717999999,662723.572665192
631405.4199474999,729352.4704565667
631405.4199474999,728813.7658602803
631405.4199474999,741565.2652776644
631405.4199474999,1066729.7028703704
631405.4199474999,716422.7226795475
631405.4199474999,754835.1736483938
631405.4199474999,714941.3366303891
631405.4199474999,715873.0441391488
631405.4199474999,702164.7819201613
631405.4199474999,678472.0247253123
1007109.834725,935802.6680792234
1007109.834725,1422104.0082572359
482399.17519999994,548156.0701396918
482399.17519999994,581352.4871740114
511537.11515,466389.1877106303
511537.11515,532916.6867075276
445551.3895,400117.74102147546
445551.3895,395638.4846088563
707190.3275499999,693209.4192229792
707190.3275499999,693628.8988785415
707190.3275499999,717446.3244954732
1167068.63175,1095157.88657244
1167068.63175,1549096.1862393925
169621.75669999997,296630.44794791826
404304.91555,297105.2858922674
404304.91555,306905.67682177323
454419.0522875,462660.4831625414
454419.0522875,574020.4990897169
454419.0522875,551812.2178894061
454419.0522875,416798.14103414566
789751.405825,725425.9295680345
789751.405825,724743.1718786134
789751.405825,1123660.09883259
789751.405825,1133479.8809124704
789751.405825,737031.0412728649
789751.405825,686608.625387381
789751.405825,682260.3644694446
789751.405825,686849.0221215595
703976.36434,623294.7656035951
703976.36434,598622.8077822014
703976.36434,636288.0200321452
703976.36434,702100.9542383342
703976.36434,702100.9542383342
309781.54295000003,313787.5443055859
309781.54295000003,476644.38062585506
629891.244,693978.408725205
629891.244,699121.9613476356
221451.226125,208178.55831196357
221451.226125,159483.3687055427
492520.3080500001,551545.9922410733
492520.3080500001,458395.52632397984
694941.03265,641455.6538109557
694941.03265,1109565.3336779703
578657.7816250001,719103.7402162227
578657.7816250001,667367.827225445
578657.7816250001,549392.2418575016
578657.7816250001,695269.9631058328
603623.029775,720086.9948732024
603623.029775,1065836.3283119083
542295.636075,503139.57603061025
542295.636075,627211.921524148
697668.95975,946019.9755811449
697668.95975,819218.9057978963
697668.95975,754464.6806893501
777054.0987,1079528.610441618
745234.43155,669682.0950570925
745234.43155,679877.735640725
871939.20004375,897277.3625877753
871939.20004375,879665.45894238
871939.20004375,877174.5084156098
871939.20004375,902305.5321552985
871939.20004375,901786.3008027131
871939.20004375,1004683.5646770764
871939.20004375,1005364.4807818898
871939.20004375,971833.5369248879
960906.40975,1330395.193681486
960906.40975,975868.5330801117
960906.40975,975868.5330801117
960906.40975,967082.1760383232
960906.40975,974149.5516563638
960906.40975,1284966.8479847517
960906.40975,944810.8198496948
960906.40975,960543.8178086132
491023.09680000006,607079.1313130826
491023.09680000006,523019.27161507646
712587.9769857143,702513.2718310845
712587.9769857143,704839.611931589
712587.9769857143,694619.4108832381
712587.9769857143,1121266.188516482
712587.9769857143,1109554.2652263213
712587.9769857143,1116851.6348832382
712587.9769857143,1145639.7496931711
1276009.26365,1481385.0558000663
484748.418875,675769.8253532408
484748.418875,767722.5711684583
1096417.6959375,1061990.1110413622
1096417.6959375,1502737.5179955144
1096417.6959375,1493931.968090537
1096417.6959375,1058735.2366468566
1096417.6959375,1063614.1646722488
1096417.6959375,1053285.3360746675
1096417.6959375,1061987.790942716
1096417.6959375,1057329.5140016866
597754.4628,981783.5332610311
597754.4628,982002.3285913353
597754.4628,981783.5332610311
597754.4628,657522.1133001021
597754.4628,657313.4169037051
597754.4628,650941.6714800441
551272.8307499998,656155.1263810169
551272.8307499998,677210.8970282767
495835.2620399999,540668.4753071085
495835.2620399999,596148.9189476678
495835.2620399999,531545.0484069504
495835.2620399999,603890.0752214424
495835.2620399999,574858.5535499989
484167.561071875,660008.9064718572
484167.561071875,619725.0734054119
484167.561071875,463297.7693686335
484167.561071875,659979.8724812822
484167.561071875,461242.7235753968
484167.561071875,456652.80939310824
484167.561071875,465885.50315086066
484167.561071875,443003.69313361356
297908.8602125,234081.21602748492
297908.8602125,330137.4019989968
297908.8602125,328363.1935265653
297908.8602125,309810.1110631983
594786.872078125,704905.686080685
594786.872078125,721002.9174970017
594786.872078125,734537.3665102373
594786.872078125,1051410.5509785858
594786.872078125,1048937.7590099955
594786.872078125,717693.5069674349
594786.872078125,736932.2235887046
594786.872078125,1017968.2282226854
556827.3253,585908.8223243473
556827.3253,1021938.4159491293
556827.3253,619062.3700673376
707932.498775,657128.0400277113
707932.498775,648082.6025235326
267296.48449999996,290674.73015773966
267296.48449999996,368615.7137845849
267296.48449999996,247882.75694508996
348239.5073,446916.00622905407
348239.5073,451075.38471524906
348239.5073,303972.45954335824
621984.797425,756513.0315242473
621984.797425,741771.9139757068
621984.797425,885878.0124350683
621984.797425,696253.6052301789
361441.8267999999,351037.0807830931
361441.8267999999,356686.6191556601
460956.1971499999,534594.0777220828
460956.1971499999,445305.26174359093
357858.55789999996,289188.750199084
357858.55789999996,388291.157447699
357858.55789999996,415443.59394426504
530949.265825,686017.5193496996
530949.265825,584243.8582164961
530949.265825,584243.8582164961
530949.265825,559637.3998671746
530949.265825,663855.7836716662
530949.265825,524864.3421893625
177627.8153,159656.82211703958
177627.8153,156951.0536327671
657008.9795499998,791811.7820092585
657008.9795499998,734410.5414084247
657008.9795499998,813589.9766705183
657008.9795499998,877108.1697932361
413913.91645,490237.59692314616
413913.91645,401707.1216331592
1184118.1879999998,1036307.2419197201
1184118.1879999998,1533345.0777155063
740184.4578999999,736932.3593843364
592701.473125,722870.4133951432
592701.473125,1008778.1260974886
592701.473125,680695.7800131323
592701.473125,680184.7617533773
592701.473125,1005483.3510587956
592701.473125,694420.8578476448
592701.473125,651370.4671962312
592701.473125,975448.271042756
448361.32215,407432.55317326554
448361.32215,581057.3062533076
448361.32215,454869.654123924
608858.3674499999,656930.545356654
615274.3431999999,755266.4001457802
216700.0026,171806.7203512219
902081.115,861118.8307059191
902081.115,872982.5056581849
902081.115,1307295.9692571266
902081.115,1304604.381958232
902081.115,1287884.160201977
902081.115,855771.9364717936
902081.115,862569.5820666783
902081.115,1283599.5502832807
902081.115,842273.2041892644
902081.115,842554.7040383848
902081.115,1281862.4172024059
902081.115,1295116.3168554355
877431.5954499999,822663.9175595031
877431.5954499999,845925.9419766141
803269.2282,1123454.264523023
803269.2282,1158439.207288106
836521.4967214284,1210924.7934493986
836521.4967214284,1210705.9981190944
836521.4967214284,1214000.7731577875
836521.4967214284,883244.6925503267
836521.4967214284,871127.0241162294
836521.4967214284,867208.8677324927
836521.4967214284,1210938.2618698152
166324.4436,282497.1783463778
166324.4436,262631.5144812232
166324.4436,136363.08498954738
499447.7746,451772.63307761995
499447.7746,451786.5957382218
588358.2786,658796.2916395589
588358.2786,830276.7505632638
901392.13775,905209.103343643
901392.13775,917237.2423947572
901392.13775,913706.7040813926
901392.13775,1283405.1617298396
901392.13775,1247994.9056282481
901392.13775,887497.3581132946
549631.76215,539260.8540749814
549631.76215,524500.766809904
1236235.3491375,1121322.457815595
1236235.3491375,1141455.251955546
1236235.3491375,1145709.4572494265
1236235.3491375,1147104.1823544535
1236235.3491375,1155250.9949821099
1236235.3491375,1141455.251955546
1236235.3491375,1555085.7326226472
1236235.3491375,1583271.0167328038
641236.5815275001,775652.2182484947
641236.5815275001,775652.2182484947
641236.5815275001,776522.6096579975
641236.5815275001,775141.1999887397
641236.5815275001,776522.6096579975
641236.5815275001,1099964.295702525
641236.5815275001,789247.2938712966
641236.5815275001,728080.7275558054
641236.5815275001,1063524.9301429563
641236.5815275001,736431.1987280259
562629.698125,693015.0938180804
562629.698125,616284.2434086489
562629.698125,711936.2343841775
562629.698125,635934.3040749079
562629.698125,607068.9833917264
562629.698125,638633.5934680048
540353.94085,648987.3368338106
630625.1945249999,693774.8946749753
630625.1945249999,608890.2989443461
630625.1945249999,699224.4764654328
630625.1945249999,679775.8282331689
714981.6619500001,806830.6437070018
714981.6619500001,803677.2022233416
714981.6619500001,946885.40400712
714981.6619500001,946240.7886892958
714981.6619500001,931637.3050910921
714981.6619500001,748668.3749317346
714981.6619500001,840238.0767755094
1286731.1597999998,1616637.3827032319
1286731.1597999998,1199231.1033223718
636697.2958666666,1101446.5465684943
636697.2958666666,671523.2495189165
636697.2958666666,1096022.0385984937
636697.2958666666,1101446.5465684943
636697.2958666666,1098646.566881816
636697.2958666666,1098646.566881816
636697.2958666666,1038656.0889952453
636697.2958666666,1038656.0889952453
636697.2958666666,630013.5430587577
696133.6437749999,821733.3330444389
696133.6437749999,781301.9759980383
696133.6437749999,777983.6690613714
696133.6437749999,819598.5693890763
696133.6437749999,820271.0833383779
696133.6437749999,760745.3190996888
1004204.76005,973597.1401788506
1004204.76005,960323.9902270474
1004204.76005,962038.5492301981
1004204.76005,960918.7213655466
1004204.76005,976092.392982416
1004204.76005,932813.6665793525
491314.96215,594731.8845517715
491314.96215,513761.04038479226
669233.97535,768347.4472315148
669233.97535,816343.6473518199
669233.97535,837542.647522474
1031298.73,980327.9976111911
1031298.73,1014959.1497065979
275454.9242,177940.9552125733
275454.9242,289997.2945785769
275454.9242,172251.67660546175
405458.8251,508149.38142240845
405458.8251,435166.92367754434
405458.8251,435142.3638035881
1105688.6078062502,1097707.7809659196
1105688.6078062502,1074593.694933125
1105688.6078062502,1093260.1948392058
1105688.6078062502,1074093.710665509
1105688.6078062502,1505810.2173783975
1105688.6078062502,1503310.9810071758
1105688.6078062502,1503346.727025148
1105688.6078062502,1058002.3286170021
1105688.6078062502,1056037.4752280347
1105688.6078062502,1047306.4097851956
1105688.6078062502,1058002.3286170021
1105688.6078062502,1054770.987559823
490517.6708999999,545531.3052111143
490517.6708999999,525250.0891295001
616336.9783399999,668376.2359641073
616336.9783399999,666809.9478303418
616336.9783399999,810540.4207875939
616336.9783399999,807201.6973828154
616336.9783399999,654116.0385427638
597657.0649,731417.0903881801
597657.0649,717895.3714553312
597657.0649,718536.7013185384
597657.0649,1164063.6342427186
597657.0649,755763.570809922
597657.0649,1167966.5464110237
597657.0649,716329.0833215656
597657.0649,1064291.5338788442
597657.0649,1111298.4247830317
278262.30712500005,224606.89611734822
278262.30712500005,267564.2060803759
754837.9721,668117.4681482025
754837.9721,1128522.3679990757
754837.9721,1101816.038359281
756260.86795,1032747.0031374255
756260.86795,748059.5076770955
762563.3783900001,1158425.0079084996
762563.3783900001,773902.8402947024
762563.3783900001,793362.091458503
762563.3783900001,793362.091458503
762563.3783900001,773391.8220349475
762563.3783900001,1158643.8032388038
762563.3783900001,1144859.0736775768
762563.3783900001,756839.6779543982
762563.3783900001,1134241.6093861512
762563.3783900001,795278.8035484677
445551.7411,472732.02241480775
445551.7411,468315.78826434305
746401.235,1010086.8359710566
746401.235,741384.7288440857
393430.14884999994,434327.99176552333
393430.14884999994,412825.5184037608
206397.1764,146200.02685933188
206397.1764,233777.43214087142
206397.1764,250101.94242513605
642877.4720999999,577637.7605966467
2383769.8096999996,2857533.775669757
2383769.8096999996,2346557.5223420225
2383769.8096999996,2860338.8712073704
171383.11010000002,179065.57207580743
171383.11010000002,233501.86797004892
2589992.2660499993,2626611.3758072946
2589992.2660499993,3174960.9330388936
662544.3582499999,701046.9062507941
662544.3582499999,731493.9061007265
662544.3582499999,1049732.3722212429
689725.25,1016679.8344322338
689725.25,999973.8845659895
669931.18965,759122.122424324
669931.18965,779320.6692972875
341653.991,358227.5167832467
341653.991,296350.1661660296
568567.758325,807786.4815435654
568567.758325,701433.5154928045
640552.6504500001,635679.8739859377
640552.6504500001,522798.15444663446
2504216.7021500003,2920258.743178336
2504216.7021500003,2514083.2039201944
232336.02629999997,186505.16686611244
232336.02629999997,270313.9451086103
712638.2404,1123905.6954411422
712638.2404,725205.5361088598
825002.8731000001,1034654.8115340343
825002.8731000001,1020356.5390008416
277290.651425,322513.3686137936
277290.651425,232198.43185836961
510559.981,546645.8947374205
510559.981,509916.84417635005
1324781.2798,1289182.0197122288
1324781.2798,1284654.3560796436
1324781.2798,1286699.6471254835
1324781.2798,1728146.9811849273
1324781.2798,1295591.2303643345
1324781.2798,1279863.7446365943
1324781.2798,1298537.823741573
1324781.2798,1684374.221179278
1324781.2798,1665805.449155044
1324781.2798,1250389.1181565197
1324781.2798,1240231.8567519253
1324781.2798,1684374.221179278
629489.7348999999,662729.0201773976
629489.7348999999,665931.0142349537
629489.7348999999,588968.6260824908
685546.9568399999,848725.6914522152
685546.9568399999,758824.8171802765
685546.9568399999,822885.1425650544
685546.9568399999,757306.2207427518
685546.9568399999,731282.2786787886
346055.4906,376115.6036431232
346055.4906,414865.9527832321
252017.08177499997,210409.738382129
252017.08177499997,165366.79780346766
539307.2434,574230.3823159796
539307.2434,618834.5674261253
1111307.27335,978843.865116803
1111307.27335,990957.401349697
586893.83085,730087.0579964856
586893.83085,780168.4931862926
676885.2459999999,761088.8746218838
676885.2459999999,1230696.789906097
676885.2459999999,1151570.4974195068
676885.2459999999,1155910.5280973942
676885.2459999999,1153074.8023927435
676885.2459999999,763920.6836222056
676885.2459999999,1123207.5875505204
676885.2459999999,1123207.5875505204
676885.2459999999,1123207.5875505204
676885.2459999999,1254264.9660720644
572329.1625750001,505076.7157696178
572329.1625750001,506943.838885193
225781.9038,263009.6188267176
225781.9038,201909.04416764196
225781.9038,168506.86421774526
2732899.8769499995,3176545.231617154
2732899.8769499995,2647839.391960304
602172.9709000001,758607.2238250257
602172.9709000001,802690.689324631
605453.2662000001,575456.9723111705
605453.2662000001,575267.1153550937
605453.2662000001,573890.684177405
605453.2662000001,567638.3354982798
374908.21645,284324.4909629548
374908.21645,329643.7710143156
585079.6863,966043.4714881838
585079.6863,633865.4533390448
731920.29825,892880.5197581879
731920.29825,1028037.2082282213
189014.1164,140990.2966658657
189014.1164,143504.31035537412
687124.4523,711058.4735144912
687124.4523,1075156.3022416963
738695.1482500001,847130.3680697914
738695.1482500001,801825.3356920668
232647.3520875,192603.9646055983
232647.3520875,181487.65994632168
232647.3520875,233397.0332161793
232647.3520875,181661.22284567362
525477.3725749999,549333.7608122904
525477.3725749999,611093.2771471587
595435.5606,565147.9513090602
595435.5606,556730.0613992149
388412.3564,349402.384168306
388412.3564,387928.65608813555
220891.6744,296972.8136094444
220891.6744,276840.887305241
241818.50275,240169.1877029866
241818.50275,260424.31851174298
516859.1939,627707.9196607469
516859.1939,659626.9622212843
516859.1939,596433.4728566678
516859.1939,579860.832175574
728901.4684,1097441.8325523422
728901.4684,694642.9513026921
728901.4684,697963.0515960369
728901.4684,687161.4969490776
728901.4684,1097441.8325523422
728901.4684,1077349.1486653162
652442.0671999999,973440.5343484465
411594.55895,527234.5231663411
411594.55895,527469.4158870858
411594.55895,519261.3393898022
475567.737575,562890.0148632615
475567.737575,471857.173580604
571682.0162999999,674994.8080807565
571682.0162999999,647031.7611314189
529237.5463,470859.52662531857
529237.5463,431092.9566640479
692424.1268,780545.5532416225
692424.1268,721830.9920462501
692424.1268,693505.6543397412
692424.1268,723741.6874987863
534286.557275,555693.8063809843
534286.557275,515577.3295123171
2681731.3034999995,2481024.5551550095
2681731.3034999995,2516917.7082582884
594016.338525,730362.2776416835
594016.338525,662303.2205206077
594016.338525,625504.9526266746
594016.338525,662303.2205206077
594016.338525,652572.9000560021
594016.338525,624761.90406889
594016.338525,680213.3708499225
297013.495925,255820.28008981934
297013.495925,213392.85818074364
659917.488125,776522.6096579975
659917.488125,1102853.7604616208
659917.488125,754456.0467682695
659917.488125,750869.0488001256
659917.488125,1102853.7604616208
659917.488125,751380.0670598806
659917.488125,750869.0488001256
659917.488125,1085408.0060337714
659917.488125,1062771.3926809847
659917.488125,736431.1987280259
378711.247,360581.4767066221
378711.247,567458.0559332342
534725.791675,666564.0545274043
534725.791675,671603.0907992139
691205.58165,758082.971258549
590812.493125,1075778.8167088244
590812.493125,728535.3608054097
590812.493125,766933.8943972883
590812.493125,766933.8943972883
590812.493125,753570.9567833343
590812.493125,755894.3106386083
590812.493125,753688.7223397222
590812.493125,727074.0967936293
590812.493125,713629.913443455
590812.493125,691549.7798621791
590812.493125,1037823.114304564
590812.493125,727755.0128984428
420034.13145,418346.96941497346
420034.13145,413294.28949573624
420034.13145,499819.14067863044
420034.13145,400172.9716081294
728358.5875,700249.2608965777
728358.5875,1101267.211673271
728358.5875,683796.7955566393
728358.5875,689213.0652969475
728358.5875,675525.3770989615
728358.5875,651674.7354144729
728358.5875,1075062.327286087
728358.5875,649964.8200151164
728358.5875,1095847.865925588
503578.46455,542322.0006085581
503578.46455,542606.0859765721
503578.46455,549166.8209856475
503578.46455,451899.22597312887
655819.2327874999,675442.6415236386
655819.2327874999,643257.3247448262
655819.2327874999,746076.5004003119
655819.2327874999,700112.5058536379
694799.2760000001,774264.3471978973
694799.2760000001,685747.758551381
694799.2760000001,803751.4600300469
694799.2760000001,793631.6540221017
694799.2760000001,677203.1074274321
694799.2760000001,692317.3954603506
661936.8453999999,734070.1231074079
661936.8453999999,1191816.435062002
661936.8453999999,1120193.175348713
661936.8453999999,731238.314107086
661936.8453999999,1123028.9010533635
661936.8453999999,1193781.4795341298
970869.74795,826525.1728319353
970869.74795,809083.7562229126
570391.34815,601835.2131318045
570391.34815,972909.3101989765
570391.34815,1070773.7235875335
841475.9861333333,1179953.0235826103
841475.9861333333,783829.3263978472
841475.9861333333,1177135.3823746229
841475.9861333333,1179953.0235826103
841475.9861333333,1179953.0235826103
841475.9861333333,776176.7909567589
841475.9861333333,731911.049406341
841475.9861333333,724018.3605208208
841475.9861333333,1119794.016782738
370830.7525499999,298457.8684281674
370830.7525499999,312802.45701237646
495530.06554999994,555761.3801464732
495530.06554999994,531179.2523053009
495530.06554999994,625571.4077557478
822308.8406500001,863245.8329520262
822308.8406500001,873017.105850412
822308.8406500001,850808.1561235606
822308.8406500001,854428.7849235856
822308.8406500001,826260.3464438409
822308.8406500001,1136504.8117170392
822308.8406500001,1139488.3796151544
822308.8406500001,1168778.2124273835
439158.4959285714,443536.5553236118
439158.4959285714,591293.9299546905
439158.4959285714,621923.0160267899
439158.4959285714,440741.57776101737
439158.4959285714,589517.1407604652
439158.4959285714,589517.1407604652
439158.4959285714,590073.9631048382
329628.8770999999,305352.6033988204
329628.8770999999,395072.0900708866
350829.89129999996,374452.14081104787
350829.89129999996,447847.8534997915
350829.89129999996,366191.77293653245
888057.5516,1067851.8020624972
888057.5516,1017950.1169121086
888057.5516,1032807.8710698835
888057.5516,1032807.8710698835
888057.5516,1021537.1148802526
888057.5516,1396786.8628857103
888057.5516,993876.2422064976
888057.5516,1356845.2061086628
888057.5516,1387374.3866696162
888057.5516,994557.158311311
888057.5516,1015050.2033835768
888057.5516,1002848.3698956023
254803.71425,183230.94081812998
254803.71425,219010.65090499865
254803.71425,288620.06390974787
882927.085775,771959.5494790112
882927.085775,804733.096127194
420324.8052499999,420473.09790372854
420324.8052499999,476360.6362039541
420324.8052499999,399383.63248786976
923914.1600500002,881859.3282834676
923914.1600500002,915493.5673744559
570424.7426,618177.1360990201
570424.7426,788985.982956673
635578.3456,1167149.6534349064
635578.3456,740493.2372540185
635578.3456,715710.0678056495
635578.3456,717276.3559394152
635578.3456,731326.051522719
635578.3456,742557.3746490135
635578.3456,1166113.767237065
635578.3456,1063453.7230326238
635578.3456,1065023.6857373351
461338.96605,725455.0925552871
461338.96605,579336.5292898847
461338.96605,563944.1823762964
461338.96605,572194.6953651364
479110.30006250006,655238.3691565574
479110.30006250006,816229.1833299538
479110.30006250006,790877.2078907477
479110.30006250006,593095.046809828
362425.7746499999,338224.122677646
362425.7746499999,344358.403991437
879134.7975000001,750894.3008918288
879134.7975000001,1165565.7401323235
879134.7975000001,742414.9342688114
879134.7975000001,748469.1898247304
879134.7975000001,1165565.7401323235
879134.7975000001,741192.4332726703
879134.7975000001,736939.608332078
879134.7975000001,705924.2203598483
879134.7975000001,1138471.0948176282
879134.7975000001,1139323.1005035508
879134.7975000001,714403.903313803
879134.7975000001,706976.5013008087
879134.7975000001,1157257.5331128836
318754.2454249999,279252.0603617185
318754.2454249999,242357.3668440893
530370.8711125,583808.6103279946
530370.8711125,520190.8674127961
530370.8711125,509882.7134799964
530370.8711125,492631.87888143916
338999.40514999995,391881.7288475459
338999.40514999995,393687.9566067486
738961.4546500001,841901.7039915398
738961.4546500001,850426.7980546514
938639.9857199998,956517.9784409439
938639.9857199998,936598.4092748463
938639.9857199998,1341113.8325263932
938639.9857199998,1323690.2346674455
938639.9857199998,1310995.788330207
426914.52335,550363.5592945565
426914.52335,397560.4494291216
426914.52335,444043.0091876546
450133.36348749994,455004.8895005244
450133.36348749994,529231.9216531175
450133.36348749994,461313.39886402886
450133.36348749994,440449.9251061904
618857.26759375,750811.7480382732
618857.26759375,763105.8431400739
618857.26759375,763105.8431400739
618857.26759375,737952.4816057613
618857.26759375,777079.6398331827
618857.26759375,762235.451730571
618857.26759375,737452.2822822019
618857.26759375,1049381.8431493666
618857.26759375,736499.120011449
618857.26759375,714691.178024187
618857.26759375,700029.808106372
618857.26759375,1087447.1189381275
898046.0448909091,1185808.9238617676
898046.0448909091,1185844.6698797396
898046.0448909091,779361.683180265
898046.0448909091,1185808.9238617676
898046.0448909091,773004.7836034502
898046.0448909091,1184207.376519938
898046.0448909091,772420.4323948976
898046.0448909091,737766.9496854981
898046.0448909091,736133.7491526519
898046.0448909091,1124969.0009570816
898046.0448909091,744969.0088422261
613435.09525,594965.3071422798
613435.09525,963478.3970431618
613435.09525,588897.2045622757
1015570.2763333332,1424455.0121120843
1015570.2763333332,1004175.6638107743
1015570.2763333332,1425411.2283647908
1015570.2763333332,1038953.9184846788
1015570.2763333332,1425630.023695095
1015570.2763333332,955461.887186693
1015570.2763333332,1381341.9050542172
1015570.2763333332,1387352.9968155934
1015570.2763333332,1449888.99659445
669065.633975,770251.1589752911
669065.633975,758503.0153577862
669065.633975,1141173.4482943362
669065.633975,1144249.4280027251
669065.633975,1143790.3786686826
669065.633975,1111072.5793311007
669065.633975,730449.5509019615
669065.633975,1111072.5793311007
271079.17335,216019.4812116744
271079.17335,304510.362264556
597469.5967499999,1009327.4228640785
597469.5967499999,1129969.0344777494
597469.5967499999,715008.6835518874
577289.1440718749,623470.4878729763
577289.1440718749,1070972.2367833657
577289.1440718749,642066.4066184558
577289.1440718749,636060.868355916
577289.1440718749,640872.6606329638
577289.1440718749,1066767.217807646
577289.1440718749,643078.2489318497
577289.1440718749,619269.4589633981
817396.45715,880566.0089405769
817396.45715,1082871.7785892137
817396.45715,924292.9475990605
817396.45715,935206.3145617971
817396.45715,855510.7986732689
817396.45715,901411.9816092534
817396.45715,1036311.5830601798
274173.13575,236650.83925275615
274173.13575,232810.8738274715
274173.13575,375653.68185096397
769672.2091999999,775355.857096971
769672.2091999999,1161894.7779617151
769672.2091999999,794270.856646516
769672.2091999999,1227336.3981974805
769672.2091999999,794943.3705958175
769672.2091999999,1144575.9045010216
769672.2091999999,757918.3409874697
769672.2091999999,1134639.356314409
769672.2091999999,776706.7058460638
394865.4296,601672.618140873
394865.4296,388049.6013178329
394865.4296,567726.6208874424
394865.4296,402677.6293277193
607976.9349,595599.6252500494
607976.9349,588791.6545324402
410537.68105,454453.70255819487
410537.68105,452191.81648133334
410537.68105,535562.3891688272
640991.044225,697621.5619783546
640991.044225,758015.9188290715
414239.97565,516582.0492660242
414239.97565,383104.546519278
465629.28899999993,661526.1877079626
465629.28899999993,441025.5152101241
465629.28899999993,439982.6165897723
653729.7337999999,854970.3966457978
653729.7337999999,851675.6216071047
653729.7337999999,761729.9218202379
653729.7337999999,828116.4003494274
653729.7337999999,848901.5654631268
457721.373075,526326.500842676
457721.373075,458407.9780535875
457721.373075,453355.2981343502
457721.373075,532266.4131649345
404151.0682,319533.0413348795
404151.0682,326642.39558254497
432943.66795,420810.4668801797
432943.66795,374057.22458181414
432943.66795,417670.83968189557
182260.19314999995,136353.1205845232
182260.19314999995,149946.82314663782
182260.19314999995,167710.21957342076
426516.9968,319533.0413348795
426516.9968,372743.3563925035
299955.39430000004,292768.9648562256
299955.39430000004,340068.8293813567
299955.39430000004,331613.73473781784
299955.39430000004,347747.6487192243
748927.10535,725696.8173554209
748927.10535,622908.4247480467
748927.10535,651479.4786458609
548515.4738,670116.5831690026
548515.4738,696637.1367310006
383590.0139,341547.28281934257
383590.0139,414034.098105176
383590.0139,308593.24405053694
383590.0139,337897.5306190382
790142.3109999999,754234.4950462007
790142.3109999999,758207.7973311527
285561.28054999997,270323.1701606733
285561.28054999997,261086.2186991332
392455.07468,338367.7429577009
392455.07468,409911.1944431651
392455.07468,358069.55801313434
392455.07468,353239.8302008513
392455.07468,385644.4251847368
552522.2378,557489.8962923447
552522.2378,569980.1391974527
605041.1358249999,670257.7582956678
605041.1358249999,721447.7201966373
511858.50595,867794.0029312186
511858.50595,767270.1997298991
644059.0721,791791.6336000388
644059.0721,945892.8117697111
644059.0721,779105.5739278444
644059.0721,717373.9284605171
644059.0721,726723.8988828737
486236.1993,657588.7834562256
486236.1993,657369.9881259215
486236.1993,556093.6208066844
486236.1993,547493.6977882411
486236.1993,653708.2829977319
487673.2160875,468733.6382567391
487673.2160875,562531.7196999111
487673.2160875,470154.0343670841
487673.2160875,463650.0873008297
487673.2160875,463193.4379201379
487673.2160875,464765.4791447228
487673.2160875,463957.0080121347
487673.2160875,464424.2663014855
531327.734875,825293.8684684805
531327.734875,576540.2575797276
531327.734875,825592.7182322901
531327.734875,825293.8684684805
531327.734875,581051.6191969379
531327.734875,827049.2077901853
531327.734875,827049.2077901853
531327.734875,797044.3282016715
710558.98905,742749.5303612094
710558.98905,1137211.9547780205
710558.98905,742749.5303612094
710558.98905,1154967.7448072485
710558.98905,735698.7326791208
710558.98905,689907.4153577387
710558.98905,685559.1544398024
721874.8295,1110814.0489690215
721874.8295,1093130.5099786627
674886.4621416667,669953.3021251231
674886.4621416667,1093220.7772623424
674886.4621416667,659305.1455271073
674886.4621416667,672329.5544082824
674886.4621416667,1092982.159743389
674886.4621416667,1052615.9739732929
674886.4621416667,613526.1565235018
674886.4621416667,627674.6605007654
674886.4621416667,1076923.5706637036
649095.0887703125,760339.4652062375
649095.0887703125,776139.5949101107
649095.0887703125,785482.0078043547
649095.0887703125,785482.0078043547
649095.0887703125,784611.6163948517
649095.0887703125,1112535.6381703925
649095.0887703125,1109356.6521239397
649095.0887703125,801178.9962700375
649095.0887703125,1072829.2966229387
649095.0887703125,722321.3669707406
649095.0887703125,745333.2080607761
649095.0887703125,722321.3669707406
649095.0887703125,745333.2080607761
649095.0887703125,1071092.163542064
649095.0887703125,1071092.163542064
649095.0887703125,789682.344534477
637637.020625,715178.2495301771
637637.020625,713812.4820252144
637637.020625,790984.5876109593
637637.020625,714048.1054467221
637637.020625,789917.5636336505
637637.020625,792091.6957114106
637637.020625,690692.5612553249
637637.020625,695308.8970520227
637139.4788,683657.2383528132
637139.4788,695345.2794025706
637139.4788,686547.5371402802
637139.4788,694528.6270475133
637139.4788,655717.2988545484
637139.4788,979155.2339760181
637139.4788,1004255.2278369856
363625.88715,490899.6960434009
363625.88715,386561.59690299566
363625.88715,346533.89540462254
390267.5992,323061.0856396527
390267.5992,367162.03227393486
390267.5992,329375.82137890684
566858.0139749999,684699.8647689751
566858.0139749999,630924.8470616644
566858.0139749999,685540.585616601
566858.0139749999,650341.9218030605
567636.9012000001,544604.2814463116
567636.9012000001,570256.1605727739
438307.5583,451880.3913394073
438307.5583,532151.2896441362
438307.5583,423547.75203994964
438307.5583,519737.5776732606
438307.5583,437636.778692326
673938.3041000001,851852.7310481098
673938.3041000001,815861.0826052781
673938.3041000001,758367.3363933088
851886.4039499998,886145.7580286292
851886.4039499998,882793.2516944245
847241.966675,927469.4838709965
847241.966675,927978.5047840332
847241.966675,928797.1544858089
847241.966675,1194186.320261755
847241.966675,1147045.644845165
847241.966675,1146364.7287403517
404897.2836,307542.7344477184
404897.2836,356342.1540472702
577984.49144,799246.7110608799
577984.49144,796137.1005206099
577984.49144,796384.4979351326
577984.49144,686666.7878920222
577984.49144,667516.3229076958
369636.3657,295464.2746816528
369636.3657,399409.5990162404
369636.3657,376007.0460728202
418580.94545,503044.73414687684
418580.94545,413771.92388076545
557026.1809,594254.6449444821
557026.1809,601668.4477910947
591897.3265593749,664448.8166131459
591897.3265593749,642859.2863249256
591897.3265593749,662807.654269936
591897.3265593749,648305.8201755845
591897.3265593749,868631.25430567
591897.3265593749,644205.7661562831
591897.3265593749,663710.6006962776
591897.3265593749,818046.4270471104
372833.27925,385927.43033621385
372833.27925,468391.60464455496
372833.27925,386509.806048028
335631.6621,324273.931724833
335631.6621,323036.17648699414
335631.6621,368774.234567442
335631.6621,377347.8239193313
605124.6345999999,655715.4874203402
605124.6345999999,713691.806415843
605124.6345999999,775154.6421077492
245636.26289999997,176550.17973122012
245636.26289999997,213884.20545673044
734661.6611428572,772358.0771170658
734661.6611428572,750821.5195597446
734661.6611428572,1205333.7179854587
734661.6611428572,1140004.3977457471
734661.6611428572,774172.5452727133
734661.6611428572,746069.9715219853
734661.6611428572,1138849.2442783276
530214.04805,482996.9078680205
530214.04805,637915.8278006385
737025.4267999999,1116666.0893055028
737025.4267999999,848714.7165972989
267241.31344999996,208477.42143519974
267241.31344999996,208282.6640118856
267241.31344999996,230534.83882786124
749671.379925,683283.753413788
749671.379925,674229.9208025066
749671.379925,677986.1058870472
749671.379925,1096043.6281647582
749671.379925,1095743.3042425087
749671.379925,663318.9637219748
532489.69342,607768.8601839596
532489.69342,799324.1134150348
532489.69342,607768.8601839596
532489.69342,641614.1378089646
532489.69342,641614.1378089646
508575.1874749999,626531.6555161559
508575.1874749999,628793.5415930174
508575.1874749999,446905.3321197366
508575.1874749999,511624.14602665824
343446.59315000003,355262.80600620696
343446.59315000003,250985.25542821496
595523.44985,707427.9221938057
595523.44985,857951.5140276287
554275.9476000001,662104.1613454918
554275.9476000001,795810.6169877374
290711.94947500003,212900.68053638964
290711.94947500003,258320.3081847938
329471.87645,490818.7436354407
329471.87645,333072.9002660086
329471.87645,313807.14126698923
329471.87645,472414.0912612847
217214.5939,267345.1996176309
217214.5939,257207.45472064492
426297.58265,486390.34439527255
426297.58265,590161.0925835713
426297.58265,411216.8833045005
529463.5986,545863.8882145565
529463.5986,961766.4747037408
592965.2222999999,671410.233877128
592965.2222999999,686958.8066282356
648061.3094857142,734258.3566627838
648061.3094857142,742968.2550661284
648061.3094857142,1080116.5782894387
648061.3094857142,1084401.2004127195
648061.3094857142,685641.4280885116
648061.3094857142,685641.4280885116
648061.3094857142,704393.6368106755
564979.9096666666,685712.1981662373
564979.9096666666,670344.7244731694
564979.9096666666,668963.3148039116
564979.9096666666,1090574.8933699708
564979.9096666666,985431.4111579086
564979.9096666666,616552.4847468045
564979.9096666666,648299.325212045
564979.9096666666,973264.9347456417
564979.9096666666,642015.5530571565
462854.73745,529883.6861405469
462854.73745,791942.152252759
455696.4872749999,444668.82439916185
455696.4872749999,498734.22327327693
530705.19555,509765.4600011513
530705.19555,502104.99994814466
530705.19555,524052.0721316518
360645.8103625,279690.7800834593
360645.8103625,309584.9255921013
360645.8103625,278895.58938329143
360645.8103625,279213.58090513
630778.0746607144,713163.3075356986
630778.0746607144,687782.2050154554
630778.0746607144,671853.1420591796
630778.0746607144,810144.2903214502
630778.0746607144,662680.5111457284
630778.0746607144,663608.891433665
630778.0746607144,771799.2452750376
322132.261875,479938.6986504487
322132.261875,366573.86602026393
322132.261875,295287.86302773614
322132.261875,482027.44027984375
588473.8823249999,693743.9739618835
588473.8823249999,1085410.626715644
576002.2625,801094.6425841884
576002.2625,663558.4351300957
739446.365475,800027.086436929
739446.365475,863629.9028635818
2505072.8059,2438826.4815852228
2505072.8059,2421840.8656295743
2505072.8059,2449734.654595276
2505072.8059,2909116.35116439
2505072.8059,2901247.3055229275
2505072.8059,2899165.03513101
2505072.8059,2425638.730855222
2505072.8059,2422507.2385043744
2505072.8059,2901383.104057452
2505072.8059,2434035.870142174
2505072.8059,2931396.7728017257
376542.122325,405391.3217059628
376542.122325,419465.7414945871
376542.122325,383636.263060285
376542.122325,592287.8548168903
293067.18844999996,258593.47556982923
293067.18844999996,225788.75587149116
293067.18844999996,204279.04757460696
541239.82465,513255.4724415014
541239.82465,514656.41397090437
541239.82465,594732.8231714207
541239.82465,578328.3477341103
823736.6777071428,900486.6894360129
823736.6777071428,926040.8590126717
823736.6777071428,882710.2985764393
823736.6777071428,901435.5788545811
823736.6777071428,1067296.1214959484
823736.6777071428,1067977.0376007617
823736.6777071428,866491.8813330121
750428.9999714285,724169.6969458495
750428.9999714285,1122654.7692879834
750428.9999714285,1131340.1178459409
750428.9999714285,734891.2782063355
750428.9999714285,733657.0644769382
750428.9999714285,732727.2480375459
750428.9999714285,722022.4933909969
852505.8700000001,854231.9815626622
852505.8700000001,1265257.6016476331
852505.8700000001,836013.7271322277
852505.8700000001,854234.3016613083
852505.8700000001,836696.4848216488
852505.8700000001,1265293.3476656051
852505.8700000001,799062.4917730353
852505.8700000001,1231785.7040222706
852505.8700000001,1255429.5404417808
852505.8700000001,818128.0273784158
386559.3823625,589488.871981536
386559.3823625,644990.4954566053
386559.3823625,474559.54947045865
386559.3823625,420533.6766565754
614393.1198,917231.4734173347
614393.1198,917450.2687476389
614393.1198,746885.7974640969
614393.1198,678019.2627254064
614393.1198,678700.1788302199
574951.27785,653341.9484866605
574951.27785,675421.6635579494
701541.4501363636,1241575.145643291
701541.4501363636,1162257.994427052
701541.4501363636,1165029.69362976
701541.4501363636,1239879.9819404057
701541.4501363636,1239879.9819404057
701541.4501363636,773614.8939162691
701541.4501363636,750495.6748359611
701541.4501363636,760754.9615640548
701541.4501363636,740706.3869925145
701541.4501363636,1145844.388884401
701541.4501363636,786438.6102458034
417649.52895,425185.45767154684
417649.52895,658759.5705393468
224343.424025,182631.52540493436
224343.424025,224426.12219508528
857723.9912499998,1184705.0510347635
857723.9912499998,884085.9211113803
857723.9912499998,914056.1886349502
857723.9912499998,892591.1515926382
857723.9912499998,1184923.8463650676
857723.9912499998,897618.3720753177
535786.08115,578290.5558583415
535786.08115,529098.2952432542
535786.08115,575485.3811304641
402405.37088125,457563.2222645335
402405.37088125,388351.2140761741
402405.37088125,411683.194724459
402405.37088125,488955.76172532554
983517.3013499998,1406094.8898428828
983517.3013499998,958345.7030105265
923910.9054499998,903085.4246848314
923910.9054499998,1368273.7691593433
248320.32425,161857.3544523425
248320.32425,282388.64999874105
428707.0028,409923.61058237264
428707.0028,424338.0437063923
433427.8227,424787.50211748865
433427.8227,407267.7621881
835288.113725,712045.8563356956
664553.8626666667,701468.8262460537
664553.8626666667,897897.946541567
664553.8626666667,968050.5315928925
664553.8626666667,689371.3299462489
664553.8626666667,684770.2691677293
664553.8626666667,683008.4336427661
664553.8626666667,680201.225086359
664553.8626666667,677854.7579011237
664553.8626666667,675271.1842142795
823497.5697318182,756069.8434650068
823497.5697318182,756069.8434650068
823497.5697318182,744084.2959341133
823497.5697318182,1143042.981660851
823497.5697318182,1152239.2206295633
823497.5697318182,1142419.438549683
823497.5697318182,700618.250556773
823497.5697318182,705647.4275795228
823497.5697318182,705887.8243137014
823497.5697318182,705647.4275795228
823497.5697318182,1144474.0922483206
404632.3677375,377404.4817347439
404632.3677375,485638.23748933605
404632.3677375,402698.74778980046
404632.3677375,363418.6656115497
763913.1528250001,864197.9739466405
763913.1528250001,1261563.640156894
2566413.581875,2486787.667941426
2566413.581875,2507474.633163817
500350.9157499999,871789.8046775789
500350.9157499999,602392.4191897588
255879.93190000005,210409.738382129
255879.93190000005,216319.29017113533
800851.557275,858636.5155175908
800851.557275,995171.5701870458
206099.1232,186170.1339180963
206099.1232,171707.7800747116
209959.275125,167482.86218552518
209959.275125,275417.52435291675
209959.275125,168539.64012372476
209959.275125,255331.3369659339
628291.9491,879745.1395535611
628291.9491,713709.2185207237
367062.3837499999,371116.06923246477
367062.3837499999,414213.09413741156
869194.2967333334,1175618.1562222997
869194.2967333334,779220.6176770951
869194.2967333334,766118.1816638176
869194.2967333334,768013.5437360114
869194.2967333334,779220.6176770951
869194.2967333334,767330.7860465904
869194.2967333334,722671.2014265863
869194.2967333334,727302.3406855891
869194.2967333334,727302.3406855891
441701.7981,432888.4163949111
441701.7981,440033.3997232902
789283.5238549999,1133301.7295071916
789283.5238549999,731318.4102249226
789283.5238549999,1133027.8881467509
789283.5238549999,1133027.8881467509
789283.5238549999,717126.5296689599
789283.5238549999,738042.043191251
789283.5238549999,682189.9452556652
789283.5238549999,682189.9452556652
789283.5238549999,682189.9452556652
789283.5238549999,686436.0950967105
877358.5958,870510.384454848
877358.5958,829364.7043544827
938147.06375,903233.3529844615
938147.06375,895079.3636512188
938147.06375,899983.839796851
938147.06375,1347711.043616565
938147.06375,895635.6464422952
938147.06375,901109.0155747654
938147.06375,1331300.0133155794
938147.06375,1347078.4300798723
938147.06375,891806.3670588228
938147.06375,865059.3137657978
938147.06375,880189.7677179598
938147.06375,1321089.0097918103
938147.06375,1321089.0097918103
938147.06375,863322.180684923
938147.06375,1340379.773363064
726766.7802500001,809468.1252525696
726766.7802500001,812832.7269430591
1025566.396775,1023014.0226708968
1025566.396775,1004223.8993925772
1025566.396775,1463836.1935821897
1025566.396775,1428838.9827645137
1025566.396775,1428620.1874342095
1025566.396775,1007055.7083928991
1025566.396775,974871.4466276255
1025566.396775,981896.0414136369
1025566.396775,974871.4466276255
1025566.396775,958852.9500285726
1025566.396775,1426987.2530153901
558124.2757499999,485349.45173092675
558124.2757499999,488051.7983783342
505355.016325,585141.328061637
505355.016325,606969.6077661088
556050.5825071428,646963.6131947802
556050.5825071428,968347.8491944026
556050.5825071428,636867.9185629784
556050.5825071428,654995.6788571154
556050.5825071428,669558.9124132977
556050.5825071428,636867.9185629784
556050.5825071428,629506.5979545967
605221.9957000001,572149.4575864013
605221.9957000001,552949.9698986057
286721.44655,218722.11958710843
286721.44655,165387.75224491296
427664.68814999994,426208.91871072905
427664.68814999994,402647.5869682099
876827.465525,750418.1506782372
876827.465525,761532.8578029729
876827.465525,767944.7667091127
876827.465525,1161716.3404522627
876827.465525,765124.998299692
876827.465525,766307.4733493112
876827.465525,1110609.1397819521
876827.465525,1131231.9431827434
876827.465525,718241.1388551298
876827.465525,723168.2048009884
876827.465525,763533.0583077101
449151.8601499999,575352.8255846943
449151.8601499999,573804.7732109762
449151.8601499999,485615.8129590208
449151.8601499999,480787.4123483285
1084792.4476214284,1033317.7724458876
1084792.4476214284,1034044.4008681045
1084792.4476214284,1466236.8405378652
1084792.4476214284,1056880.625271843
1084792.4476214284,1052626.4199779625
1084792.4476214284,1467765.9977545156
1084792.4476214284,1028382.8397898083
1276249.5612999997,1246014.4878176819
1276249.5612999997,1688788.1018902662
1276249.5612999997,1242513.1145457067
1276249.5612999997,1255493.252332769
1276249.5612999997,1253385.429297238
1276249.5612999997,1242513.1145457067
1276249.5612999997,1241223.8763746328
1276249.5612999997,1248849.7106305375
1276249.5612999997,1226043.2186191762
583114.4257,927952.931708876
583114.4257,660401.2128551255
303654.69375,251776.3608205567
303654.69375,336919.0424911978
466965.4082499999,511282.4900706123
1145993.1758499998,994851.0807400739
1145993.1758499998,1004508.8671145989
194301.8126,136726.02246095263
194301.8126,235600.16786372638
194301.8126,266704.7334450863
555344.0681375,684246.8157838691
555344.0681375,774445.0068675453
555344.0681375,774911.1996123722
555344.0681375,628851.0192364462
528180.5213,560546.9911505871
528180.5213,600542.9227705953
528180.5213,583602.4664261832
461696.2646249999,622416.9943664321
461696.2646249999,622797.3425720583
461696.2646249999,672393.9459768411
461696.2646249999,622431.7587622277
461696.2646249999,451489.70967421937
461696.2646249999,435179.6902287529
1297809.0069499998,1308222.703563068
1297809.0069499998,1310226.8969091838
1297809.0069499998,1322195.8708822448
1297809.0069499998,1743183.540177645
1297809.0069499998,1757569.9836242446
1297809.0069499998,1315297.1467661867
1297809.0069499998,1313273.0514905178
1297809.0069499998,1312871.7324118621
1297809.0069499998,1291119.6687272722
891025.4713750001,763568.1978459463
891025.4713750001,1171165.9065037633
891025.4713750001,781479.8032947798
891025.4713750001,769005.6204557224
891025.4713750001,781479.8032947798
891025.4713750001,1181915.0778062057
891025.4713750001,781479.8032947798
891025.4713750001,731408.3915414894
891025.4713750001,736720.4469053057
891025.4713750001,736039.5308004924
891025.4713750001,731408.3915414894
891025.4713750001,758964.4393841734
535551.613675,620642.5699943062
535551.613675,619875.8482477823
535551.613675,714430.194129411
535551.613675,612676.9492636072
535551.613675,643113.7213414428
535551.613675,797125.733664399
613815.3110999999,595404.0956956615
597352.87471,1166161.7842009433
597352.87471,1163492.6356906807
597352.87471,1063720.5353268064
597352.87471,740030.2359581421
597352.87471,717965.7027665006
597352.87471,1066391.2047555982
597352.87471,678318.4050750476
597352.87471,701330.2461650833
597352.87471,692979.7749928626
597352.87471,1031931.3258670056
763666.40891,913011.2563053373
763666.40891,920024.7365578254
763666.40891,861345.0069480357
763666.40891,861345.0069480357
763666.40891,845764.7721407347
556595.91655,564952.1652949423
621589.80675,539908.8505499378
621589.80675,555457.0139189839
588116.8186374999,756393.3381205007
588116.8186374999,699140.368389052
588116.8186374999,912769.9265199744
588116.8186374999,886896.5425108902
856332.0960409091,760818.8445667155
856332.0960409091,754461.9449899008
856332.0960409091,1158292.4618152035
856332.0960409091,754461.9449899008
856332.0960409091,1144148.0481988841
856332.0960409091,1158595.1058360992
856332.0960409091,708830.1405474658
856332.0960409091,1118350.0858534463
856332.0960409091,705264.9068112341
856332.0960409091,1117574.7950340342
856332.0960409091,739896.4126950798
816600.0210500001,939320.2102222582
816600.0210500001,948755.1408335743
816600.0210500001,948755.1408335743
816600.0210500001,945679.1611251854
816600.0210500001,971902.9059162757
816600.0210500001,1261188.478812351
816600.0210500001,917497.4810248631
816600.0210500001,901512.919817671
307244.95765,325556.4895172215
307244.95765,483735.22950044565
307244.95765,451959.6884336135
307244.95765,371978.7420827036
203676.75489999997,205390.6313365457
203676.75489999997,222154.78707757068
203676.75489999997,169190.74673063523
240232.83432499997,201936.46881254547
240232.83432499997,153871.39672785753
364740.7993249999,339112.21121557924
364740.7993249999,303795.40125993383
707303.9802666667,778236.5688532694
707303.9802666667,754679.30146157
707303.9802666667,754679.30146157
707303.9802666667,1139712.4873351222
707303.9802666667,754679.30146157
707303.9802666667,1115292.7913924668
707303.9802666667,1115292.7913924668
707303.9802666667,737890.8599607139
707303.9802666667,739779.0327896151
437795.2085,323143.15966505825
437795.2085,454648.84804761095
1113851.7456,1063785.7811731133
1113851.7456,1092981.9854192757
1113851.7456,1059380.4519830656
1113851.7456,1493124.4642914734
1113851.7456,1493088.7182735014
1113851.7456,1046748.8662772817
1113851.7456,1038535.6399063412
1113851.7456,1044784.0128883141
270010.13785,229960.69114091992
270010.13785,196111.71074726485
753908.1305000001,1039840.024887532
753908.1305000001,640356.5953387126
199010.9706,152008.77627079276
199010.9706,239751.8606066811
199010.9706,139790.92609467125
549347.28708,666525.7763499512
549347.28708,666068.931365797
549347.28708,724037.5112821189
549347.28708,824855.2202571982
549347.28708,747599.0095060181
418655.84885,355635.9258473013
418655.84885,358450.3282087752
418655.84885,314166.81402099266
418655.84885,344908.0364472897
463126.1228999999,491505.00579206867
463126.1228999999,516838.4883069628
292182.35925,295932.5251809618
292182.35925,217585.83222636906
292182.35925,242607.08473962167
559468.701,525107.9056149875
354053.85182499996,309311.50255847187
354053.85182499996,348937.0214508099
532051.8597875,645712.2344531538
532051.8597875,543924.8488741617
532051.8597875,497093.18164730666
532051.8597875,509056.01443237497
484522.4541,925610.7047693732
484522.4541,614683.7297254802
972639.1885333334,1417614.1292883072
972639.1885333334,985724.8764019252
972639.1885333334,974578.4502606897
972639.1885333334,985724.8764019252
972639.1885333334,974430.1793913046
972639.1885333334,926375.6918963635
972639.1885333334,939913.2658727063
972639.1885333334,946256.9445539042
972639.1885333334,973910.9546754498
510949.213925,598158.307122765
510949.213925,695626.1985265674
491188.7273749999,634413.5790702506
491188.7273749999,601207.5069393854
577661.7982,575708.7140511334
577661.7982,553276.2474344547
551919.9935,778365.1233664262
551919.9935,777898.9306215994
551919.9935,675718.6197540531
551919.9935,761588.721126404
478019.1108,795535.5850675786
478019.1108,585274.5894934053
478019.1108,675513.0985295186
291638.9258,212388.98683441547
291638.9258,205085.1550560774
452863.72864999995,495420.71469997335
452863.72864999995,422426.5296897107
523443.7467999999,482621.9933306803
792520.61145,1106471.8543466842
792520.61145,833928.5849804645
2410837.5443499996,2348429.4822967313
2410837.5443499996,2327855.1104874895
2410837.5443499996,2350708.0307304333
677755.4014875,727544.732706089
677755.4014875,732937.7458902405
677755.4014875,728597.4242832138
677755.4014875,729256.713412354
677755.4014875,1148087.7977342478
677755.4014875,681544.3646050605
677755.4014875,1099885.6011564054
677755.4014875,680863.4485002471
677755.4014875,680946.7867432779
677755.4014875,1132084.116685635
677534.49105,691306.5671847354
677534.49105,696205.4217391963
677534.49105,1111136.6755359336
324815.24379999994,291690.5029419813
324815.24379999994,286789.8662277111
324815.24379999994,400163.2783524239
1037980.6688125,996788.2066707014
1037980.6688125,1403994.9688310076
1037980.6688125,981968.9235421872
1037980.6688125,1403994.9688310076
1037980.6688125,1406830.6945356582
1037980.6688125,1365255.8211769972
1037980.6688125,933766.1651778608
1037980.6688125,1002239.3453240541
677042.25125,977024.6885169074
677042.25125,790044.0696548361
649085.7088999999,774136.7208373018
649085.7088999999,1085230.564792771
649085.7088999999,761222.7678444216
649085.7088999999,1085348.330349159
649085.7088999999,1185199.3121655043
649085.7088999999,733363.6186876637
649085.7088999999,1082458.865590063
649085.7088999999,1051570.323956055
350755.4634,347543.2584336715
350755.4634,309345.06313217146
350755.4634,301490.0914912015
533991.7472999999,696397.2337277668
533991.7472999999,642626.457246038
721348.18515,737030.2975786211
721348.18515,721810.9927569485
721348.18515,713287.6127620984
695090.0579499999,743809.9082252465
695090.0579499999,736836.2624123471
631398.7635821428,991199.0710237093
631398.7635821428,1003122.304629881
631398.7635821428,1002629.6244639573
631398.7635821428,675375.2973963874
631398.7635821428,675088.1875352361
631398.7635821428,944025.5573748318
631398.7635821428,986752.118954068
720443.736125,797492.3477054437
720443.736125,875553.6130222789
482589.894865,668478.5411248599
482589.894865,466422.473565696
482589.894865,674346.2824824556
482589.894865,668194.4557568459
482589.894865,455083.32985821797
527027.1757,637108.6831168464
527027.1757,660948.7980092767
457398.0324,465059.8889283454
457398.0324,455097.9739022731
457398.0324,545860.4144589982
457398.0324,544902.3418999726
457398.0324,460786.7491200187
274114.65085,455021.8293602206
274114.65085,255203.60959411744
347181.21754999994,367909.09995456366
347181.21754999994,364787.68584771454
347181.21754999994,456773.58231771865
282832.00704999996,238301.12736509123
282832.00704999996,292573.9275506814
426205.61445000005,501869.0698744515
426205.61445000005,501869.0698744515
426205.61445000005,488522.8299828572
426205.61445000005,591756.8158568504
560985.6185249999,672190.6951342822
560985.6185249999,619444.4821705327
398035.4357,429870.66551805777
398035.4357,419540.6855851513
398035.4357,551271.673648573
605006.4402999999,634061.8906532633
2654610.32125,2439737.2504058657
2654610.32125,2995145.9366140664
635916.9968750001,737754.60414556
635916.9968750001,764299.589125566
635916.9968750001,761724.433470816
635916.9968750001,762235.451730571
635916.9968750001,737452.2822822019
635916.9968750001,737963.3005419569
635916.9968750001,1089621.872408205
635916.9968750001,736499.120011449
635916.9968750001,1050037.2643249985
635916.9968750001,1072018.4565021533
635916.9968750001,700029.808106372
635916.9968750001,1139126.8352374043
599810.1752999999,684482.4288045298
599810.1752999999,690445.679055833
599810.1752999999,996869.2904038583
599810.1752999999,659989.4563141961
599810.1752999999,998911.5528549368
599810.1752999999,657517.1557323119
318252.4428,364086.582995409
318252.4428,332522.90807966224
318252.4428,364086.582995409
318252.4428,351561.89589400147
946065.28255,1363521.579465021
946065.28255,896710.2545372287
946065.28255,1316660.465048993
744209.40208,776212.7275973103
744209.40208,777729.0951798444
744209.40208,779165.290232878
744209.40208,781449.7993094734
744209.40208,764848.506666762
744209.40208,1178112.9501106036
744209.40208,1147817.8772757375
744209.40208,1147136.9611709241
744209.40208,726042.4250825958
744209.40208,730342.3458699337
760622.64630625,675915.9364709605
760622.64630625,650717.1567922238
760622.64630625,675404.9182112055
760622.64630625,663689.1466305645
760622.64630625,756883.2647273605
760622.64630625,650686.1520743723
760622.64630625,757564.1808321739
760622.64630625,668609.5355206721
536098.26945,627330.003666778
536098.26945,661863.3373244029
476236.2484,453146.6168593494
476236.2484,547068.7152652052
1125721.3654749996,1583584.5943760355
1125721.3654749996,1116252.0115820013
876480.1828999999,768214.2665300829
604401.32815,659164.6502984031
558594.271775,983232.6835605893
558594.271775,652143.1291932268
558594.271775,983451.4788908935
558594.271775,652351.8255896238
558594.271775,983451.4788908935
558594.271775,652351.8255896238
558594.271775,632414.682122269
558594.271775,632414.682122269
558594.271775,617233.4008516179
558594.271775,1019370.5186590647
381576.2302,389806.69400361297
381576.2302,323185.1997751274
796983.507125,688019.1354299573
796983.507125,794032.051338941
776261.1615,1102686.6660930421
217420.12294999996,278008.12823239143
217420.12294999996,286185.8248372109
641633.0025846155,806594.3942459298
641633.0025846155,765824.5258955908
641633.0025846155,792369.5108755969
641633.0025846155,789794.355220847
641633.0025846155,1218677.1631086995
641633.0025846155,1115050.40920969
641633.0025846155,1118914.8246239738
641633.0025846155,1076865.9000074703
641633.0025846155,728095.103436147
641633.0025846155,1100806.329149238
641633.0025846155,743264.8877265182
641633.0025846155,751106.9445261825
641633.0025846155,1076865.9000074703
359102.39329999994,294804.6469762359
359102.39329999994,431874.25381500635
761507.8825499999,762166.6926265479
643816.3384,932318.7503249757
643816.3384,932037.0687432115
643816.3384,811577.1120406667
643816.3384,687069.3601897956
643816.3384,910378.7956058705
643816.3384,757601.6923152456
341805.09437500004,289297.8882527485
341805.09437500004,242382.92677467462
538183.227875,720926.9025158691
538183.227875,791834.2659214325
295830.43830000004,287883.8988755629
295830.43830000004,296102.0059856764
720471.6173,1121306.828253386
720471.6173,1109673.921303981
494637.253675,513648.6204188282
494637.253675,507576.53114454955
784753.3777600001,793164.9672269273
784753.3777600001,773705.7160631267
784753.3777600001,793675.9854866823
784753.3777600001,1226741.5270376469
784753.3777600001,767602.6037596667
784753.3777600001,757323.4698276359
784753.3777600001,756642.5537228225
784753.3777600001,1134725.4012593888
784753.3777600001,1134044.4851545754
784753.3777600001,795434.5511872047
1275263.4188875,1194651.6397758443
1275263.4188875,1195940.4953771997
1275263.4188875,1191931.5308671207
1275263.4188875,1638794.5712230129
1275263.4188875,1194271.2039497811
1275263.4188875,1641122.8791520912
1275263.4188875,1189226.950692141
1275263.4188875,1155063.3506019444
1275263.4188875,1597117.2031350676
1275263.4188875,1150612.6107734393
1275263.4188875,1159506.2922720911
1275263.4188875,1191108.1742998436
824388.9494499998,1226519.723019945
824388.9494499998,1180943.4203965154
995735.58085,1418655.218632551
995735.58085,961073.6511487453
995735.58085,967881.3919572337
530410.5189749999,633350.3911634551
530410.5189749999,753845.2885340189
530410.5189749999,750983.0754082716
530410.5189749999,784095.983995808
450876.020625,448086.9655063133
450876.020625,507209.15518697345
450876.020625,422151.36357204977
450876.020625,426560.4321355254
450876.020625,514943.84973808
715909.0368,598045.6314067558
715909.0368,582101.7562350782
281231.2784,224161.5417675518
281231.2784,226766.94150211662
2814294.5002999995,2610041.4770460734
2814294.5002999995,2651600.255320941
536954.877675,478583.55898733577
536954.877675,474098.87181700824
536954.877675,449189.56504681223
536954.877675,583810.6325339912
465335.39105,481245.54142558924
465335.39105,481245.54142558924
465335.39105,563243.9196184721
580544.46725,972134.372910939
580544.46725,869415.9047933458
580544.46725,861867.651360939
613140.0241825,739982.2189942636
613140.0241825,743569.2169624075
613140.0241825,1066343.1877917198
613140.0241825,719297.0657737934
613140.0241825,740493.2372540185
613140.0241825,1066343.1877917198
613140.0241825,692931.7580289842
613140.0241825,701282.229201205
613140.0241825,678270.3881111692
613140.0241825,717336.0533196913
432512.06555,422591.08767505677
432512.06555,439059.15713294595
432512.06555,393169.09395532124
432512.06555,495643.72323470516
516881.871275,643309.1146531639
516881.871275,605847.424502119
612556.47795,1122996.9607210532
612556.47795,708503.6089701246
614942.9686928571,624216.6995862123
614942.9686928571,624663.1598553262
614942.9686928571,632370.1937707241
614942.9686928571,619426.0881431631
614942.9686928571,991530.509428366
614942.9686928571,990755.2186089538
614942.9686928571,599846.2567307134
479157.900625,542215.8376105354
479157.900625,467043.29928529053
479157.900625,472699.17422911094
479157.900625,445262.9097486363
479157.900625,468244.09620072815
645853.54635,705054.248910374
645853.54635,662326.148300844
645853.54635,653955.3371038118
776182.8077071429,745068.9040665249
776182.8077071429,755019.7506210926
776182.8077071429,1158513.6352333117
776182.8077071429,1154428.1646991447
776182.8077071429,1166016.6232069775
776182.8077071429,739595.5349340548
776182.8077071429,744386.1463771039
776182.8077071429,711143.5284040658
776182.8077071429,1133108.7942071354
776182.8077071429,698465.1108843728
776182.8077071429,701044.5765697161
776182.8077071429,700363.6604649026
776182.8077071429,700363.6604649026
776182.8077071429,728192.0269668057
406424.1386,500095.8417834628
406424.1386,486243.0290470226
550113.27862,613079.0419268742
550113.27862,637332.7339476857
550113.27862,610293.0498724958
550113.27862,595310.6092161674
550113.27862,633004.2390689894
550572.6538,849799.7894407939
550572.6538,851634.3773667566
806747.2925249998,836873.5500784412
806747.2925249998,931178.4811271885
533600.2698499999,520786.77096233534
533600.2698499999,550091.5855293148
533600.2698499999,492524.4223001533
2732058.1479999996,3179510.731334195
2732058.1479999996,3180571.993687053
261882.34035,237200.9567166312
261882.34035,233147.14739486057
261882.34035,218150.05131920427
579738.5638636363,654034.5732935419
579738.5638636363,983048.1118365164
579738.5638636363,983048.1118365164
579738.5638636363,684797.8128521052
579738.5638636363,669823.5918624045
579738.5638636363,686352.4949408213
579738.5638636363,1086751.0659160884
579738.5638636363,616149.1176924274
579738.5638636363,632692.2311727053
579738.5638636363,632011.3150678918
579738.5638636363,660929.6400781991
345061.9968,380504.6636943607
345061.9968,369200.9775725522
599032.23565,761722.2030096767
599032.23565,679266.7459657704
599032.23565,806266.0304187599
221750.22285,174612.953596121
221750.22285,178904.2996371439
544496.4009,790690.2421704478
544496.4009,788629.7962080669
544496.4009,593612.6359248474
544496.4009,570811.9994498059
544496.4009,663849.2546864371
768405.03745,851887.9421682379
768405.03745,834446.9751970831
768405.03745,834446.9751970831
768405.03745,834957.9934568381
768405.03745,824531.3407667824
680017.74645,648604.8566904367
680017.74645,639089.9007201823
680017.74645,643188.5869501285
680017.74645,646228.6044072773
680017.74645,1076572.0487122177
680017.74645,632477.8752564199
569132.44505,677504.7034958923
569132.44505,708836.4227943871
281656.84294999996,300704.69486114493
281656.84294999996,367094.57515582675
281656.84294999996,406263.8971544765
714673.3584714286,1137931.8061273475
714673.3584714286,764284.8292140638
714673.3584714286,1142127.698399479
714673.3584714286,1218096.8301836704
714673.3584714286,762623.9290344367
714673.3584714286,726801.6687170854
714673.3584714286,1109568.8962583614
609597.6775249998,622963.1209859261
609597.6775249998,622679.7884561287
609597.6775249998,650830.3408064295
609597.6775249998,961138.2219284701
609597.6775249998,651341.3590661845
609597.6775249998,640580.1308415887
609597.6775249998,620472.1704591559
609597.6775249998,608662.7545140814
319044.12659999996,316777.4393090704
319044.12659999996,313114.6323785405
319044.12659999996,292497.32234780095
319044.12659999996,476171.3031167965
426306.5353749999,408522.14835362614
426306.5353749999,504862.5744954962
426306.5353749999,408011.13009387115
426306.5353749999,382190.86874050024
262978.3703,195787.78827050922
262978.3703,175244.79648103833
842573.1572999998,745426.8302795514
925281.03225,883428.9865754184
925281.03225,875152.2541632138
551938.350525,660900.1900547083
551938.350525,710433.6144640542
537521.3008499999,703420.447495974
537521.3008499999,701872.395122256
537521.3008499999,615977.038937649
537521.3008499999,589414.7261998032
537521.3008499999,586559.1078136803
537521.3008499999,696996.3000773747
276759.3789,296521.2893321107
276759.3789,284792.3423871931
628321.202725,767321.6206202321
628321.202725,896633.9583027982
340064.04232499993,252468.25091997744
340064.04232499993,286073.7400455038
1035669.3301227272,1308228.6748729567
1035669.3301227272,1341501.9859862686
1035669.3301227272,1344302.487849431
1035669.3301227272,908537.2037234548
1035669.3301227272,933484.2890693694
1035669.3301227272,1341312.5706925667
1035669.3301227272,1273504.2279793315
1035669.3301227272,894845.4028300575
1035669.3301227272,898620.9868736127
1035669.3301227272,897622.1423164068
1035669.3301227272,1283126.6669251756
1239999.3781,1029556.2351151637
1239999.3781,1064408.4896258316
1276013.50885,1588969.2532188273
1276013.50885,1161483.0548330876
526789.8949,616737.3660165394
526789.8949,671093.3115971425
526789.8949,676435.7766805392
526789.8949,915706.9793419194
526789.8949,870235.2240643254
656136.2597999999,688909.8880326898
656136.2597999999,736011.1467529141
731132.2322374999,913063.3911604821
731132.2322374999,840704.6093474425
731132.2322374999,1032542.3711665386
731132.2322374999,1018249.8392648399
269617.06450000004,262501.60452369595
269617.06450000004,221349.14026462182
269617.06450000004,220504.8988499646
400812.94865,389570.71843644214
400812.94865,356993.86842962494
400812.94865,302558.0333161747
217283.9834,249369.9064783987
886413.5307499998,874213.4584703527
305412.217425,283557.0631458377
305412.217425,378640.93326492805
305412.217425,373050.5448103694
305412.217425,273806.6562346296
385986.9720499999,333781.34208547836
385986.9720499999,314344.52645997354
385986.9720499999,419695.2334948182
429826.73935,582167.9994512397
429826.73935,461532.57255467307
429826.73935,446447.45399756543
429826.73935,399564.2825213051
262345.51845,223629.60894782108
262345.51845,294796.81490716606
262345.51845,195381.68728002638
598445.4085499999,682141.087406507
598445.4085499999,698457.8047612633
598445.4085499999,1104364.3787110907
692322.30875,931916.826352843
692322.30875,809034.7188384153
692322.30875,932417.3032649113
692322.30875,808523.7005786604
692322.30875,741550.480045469
692322.30875,917336.061679027
692322.30875,923731.0141020115
309166.2283,260154.93966772384
309166.2283,221744.4934508379
309166.2283,329357.8470037908
309166.2283,265326.4123052388
867496.8034999999,1334595.561666567
867496.8034999999,967078.1327700145
867496.8034999999,968261.6649790709
867496.8034999999,1331759.8359619165
867496.8034999999,967078.1327700145
867496.8034999999,978058.4900652365
509393.904675,625259.6053703338
509393.904675,786086.4896582782
764764.37846,891797.9218603546
764764.37846,814562.6400587684
764764.37846,895092.6968990477
764764.37846,812378.5481033619
764764.37846,798163.2875536851
561296.64955,703295.5454835731
561296.64955,708739.1306134133
478511.13365,543797.0043496863
478511.13365,583057.2538196428
484112.4971499999,598211.8874310224
484112.4971499999,795000.8579009017
484112.4971499999,596468.3011350802
640074.973432143,759359.7573077054
640074.973432143,759359.7573077054
640074.973432143,785706.8648275101
640074.973432143,800407.9847679022
640074.973432143,783642.7274325151
640074.973432143,798524.14594919
640074.973432143,783131.7091727601
640074.973432143,783131.7091727601
640074.973432143,744364.3190984395
640074.973432143,758330.2042860371
640074.973432143,721352.478008404
640074.973432143,721352.478008404
640074.973432143,736522.2622987754
640074.973432143,1163859.7975229195
790785.7289999999,890944.7476556131
790785.7289999999,912153.0262227845
664973.9602999999,544223.3631563907
721808.58,620357.95008874
721808.58,650579.6805471118
363340.71644999995,385938.1149721955
363340.71644999995,334548.20536247885
363340.71644999995,288823.8209147341
221857.772625,212569.94998060452
221857.772625,297952.6058558015
408531.9857500001,343123.93537892605
408531.9857500001,306924.7769341705
408531.9857500001,308944.9401623006
473799.55794999993,442080.2372490633
473799.55794999993,603873.5549731352
473799.55794999993,573680.7932681798
291524.91745,386888.6808481364
291524.91745,248250.87915881083
429404.9482,556854.3797566671
429404.9482,569358.8527749944
1119569.4231624997,1122941.819088207
1119569.4231624997,1530885.6887656504
1119569.4231624997,1101546.7917883547
1119569.4231624997,1491472.6430925014
1119569.4231624997,1118151.207645158
1119569.4231624997,1122941.819088207
1119569.4231624997,1533683.870530167
1119569.4231624997,1087300.974400362
628482.1048099999,765934.5340100173
628482.1048099999,762530.1970687703
628482.1048099999,765076.2150541589
628482.1048099999,983848.9581211107
628482.1048099999,818019.5896383438
714333.09785,741627.8785394928
242360.1778,354122.3244901948
242360.1778,267631.9657943082
833591.2899714285,806614.1827320415
833591.2899714285,784911.8519368094
833591.2899714285,784911.8519368094
833591.2899714285,806103.1644722865
833591.2899714285,779849.7987009067
833591.2899714285,779168.8825960932
833591.2899714285,867304.6857457287
350239.2809,283033.1642758359
350239.2809,349429.34751546144
350239.2809,353539.8722211844
465397.5644999999,577239.707309561
465397.5644999999,713692.8933057525
872545.42657,1158498.9513559635
872545.42657,1158498.9513559635
872545.42657,1150418.5760659794
872545.42657,746431.7794017874
872545.42657,743086.4790790039
872545.42657,1161573.2945795672
872545.42657,740666.1884080784
872545.42657,709593.6038395775
872545.42657,1123601.5478093107
872545.42657,703880.7920535657
350499.10515,339332.5955601255
350499.10515,342730.5353837434
350499.10515,333963.9842282821
626575.4955499999,684362.8428080293
626575.4955499999,751973.6772662763
685490.542,1085189.5822910666
685490.542,1024056.5825714692
669416.2946357143,1015982.0099314637
669416.2946357143,1013246.0567467278
669416.2946357143,1015193.928849743
669416.2946357143,994044.4818044507
669416.2946357143,843678.9756079935
669416.2946357143,788333.2025670091
669416.2946357143,780643.0158551384
601181.0768,608016.8650572678
601181.0768,697191.8398324645
461144.4386,589388.5697774461
461144.4386,603273.6974738438
563981.2919000001,980975.7401999093
563981.2919000001,1031428.2395679987
551241.2248999999,541554.6930929356
551241.2248999999,565949.9778952167
682313.8696000001,722372.009443782
682313.8696000001,729339.9061712641
866716.2465499999,877055.16479406
866716.2465499999,1167460.1280963565
438737.00129999995,403919.02458829555
438737.00129999995,404849.7012412598
2739062.1864000005,2607210.2815208626
2739062.1864000005,2634435.8709753687
387819.974975,394378.27090183244
387819.974975,534898.7883951981
767044.958075,878388.8069274861
767044.958075,885090.5690815747
767044.958075,1076577.7657495418
767044.958075,909047.8967274154
368821.900625,356352.2627464032
368821.900625,428232.44847164047
278600.58655,254095.03175761097
278600.58655,272335.2053566738
278600.58655,266844.0810504744
656888.43299,830470.5049917779
656888.43299,740058.6124600843
656888.43299,710212.0179576111
656888.43299,833299.0872856441
656888.43299,743460.8334626728
433934.73104999994,425938.83690183423
433934.73104999994,589503.7433064332
433934.73104999994,561008.1021151167
433934.73104999994,558718.4402678694
433934.73104999994,412224.56022063224
433934.73104999994,408670.54295640124
948302.6072,1359651.899275511
948302.6072,910966.513356549
170081.0277,218983.4000318495
170081.0277,107032.53866980737
612844.4761000001,1015908.8936926395
612844.4761000001,1058019.2896303697
766244.1765000001,1010393.8868666841
736900.8395785713,748824.7884591444
736900.8395785713,1154648.8834322148
736900.8395785713,1154648.8834322148
736900.8395785713,1154613.1374142428
736900.8395785713,742095.8945997875
736900.8395785713,742837.3869042097
736900.8395785713,738645.3362571449
820760.3743863637,1147893.9577539777
820760.3743863637,1150694.4596171407
820760.3743863637,1147345.8690334477
820760.3743863637,740628.6547058547
820760.3743863637,753017.0273627462
820760.3743863637,1147620.116393537
820760.3743863637,696782.1735024513
820760.3743863637,1109674.1488150756
820760.3743863637,701028.3233434965
820760.3743863637,1109674.1488150756
820760.3743863637,730146.4306796101
207095.63945,155946.7559477719
207095.63945,287140.69654881716
628132.2851249999,807824.7987412938
628132.2851249999,740256.6283713036
628132.2851249999,740256.6283713036
628132.2851249999,781501.673901247
430802.6392,310609.6628550076
430802.6392,313137.9040490246
799044.6871,1099506.777112158
639991.72644,570284.5412047319
639991.72644,592681.9505758055
639991.72644,587629.2706565682
639991.72644,647635.1838548054
639991.72644,568555.2626772415
253595.4841,294145.97261863254
253595.4841,218025.39165893366
497851.35595,673677.7772366325
497851.35595,673442.8845158879
497851.35595,492113.60788743384
497851.35595,648183.7261132225
449350.7546,465896.8836950218
2496541.1204,2921399.011254201
2496541.1204,2510146.3902886715
292705.8766,284907.1225544883
292705.8766,289356.4034564879
292705.8766,355437.0438781819
544194.2101999999,692897.5997914409
544194.2101999999,688041.6048790319
550718.350875,822563.2566466765
550718.350875,638922.6922425261
550718.350875,638922.6922425261
550718.350875,703269.9459657728
826055.22893125,853551.7369566346
826055.22893125,1273287.2985808281
826055.22893125,859283.6843022875
826055.22893125,858639.7416263229
826055.22893125,1273287.2985808281
826055.22893125,805508.1871806274
826055.22893125,1237740.7358477893
826055.22893125,1307607.1913941253
694160.0917999999,837518.9690349479
694160.0917999999,1034954.1224980776
694160.0917999999,842309.580477997
694160.0917999999,1013192.3445493612
694160.0917999999,1034325.5208190607
694160.0917999999,762529.5070738117
564686.0082500001,809024.4576482635
564686.0082500001,677592.7024045768
700151.3332285716,819292.7960892088
700151.3332285716,819292.7960892088
700151.3332285716,824872.504683332
700151.3332285716,823565.7845826762
700151.3332285716,805672.9914930707
700151.3332285716,761421.9750355528
700151.3332285716,794660.7592496017
554577.3868,717965.7168487755
554577.3868,664165.7806810407
317949.84967499995,288788.4870964835
317949.84967499995,248257.9623629267
229356.114925,194902.49558006
229356.114925,145246.5514844273
755028.6765250001,705864.2403781046
755028.6765250001,759402.1942190331
788016.8102999999,653131.7545704946
788016.8102999999,674085.9066392934
788016.8102999999,1081050.6437952588
815575.695,1031772.6369419527
553239.5846000001,638860.0200697359
553239.5846000001,701821.6170791007
448520.57275,433133.3248351002
448520.57275,416666.9406825253
409883.850375,381052.94103072135
409883.850375,445661.3010317882
300925.3622,317259.9359559546
300925.3622,366995.664789046
547217.2283,639475.205755776
547217.2283,658330.0920185674
547217.2283,817215.287188051
461858.23612500005,658793.5505151046
461858.23612500005,592894.3879904813
380835.0571999999,328393.79734985466
380835.0571999999,327759.9303045369
380835.0571999999,296725.8389613508
287920.92895,320577.3736982892
287920.92895,259116.66638772615
287920.92895,229196.6795578798
668409.4517,665449.7790484289
668409.4517,669924.3533198836
668409.4517,1082207.1477516906
362676.06365,377982.9647688845
362676.06365,286311.87199147145
797802.2778500001,811296.2317194343
797802.2778500001,825317.8445339099
797802.2778500001,825828.8627936649
797802.2778500001,810785.2134596793
797802.2778500001,826518.5488578449
797802.2778500001,788557.5538138478
797802.2778500001,1068446.4168571236
797802.2778500001,780864.2396743638
797802.2778500001,796096.6397264202
663196.1325000001,1037128.3495835349
663196.1325000001,1085090.454290989
698726.7321499999,583150.8614700604
698726.7321499999,572030.9734754236
1260179.3337062497,1116457.4405808905
1260179.3337062497,1108006.5180332132
1260179.3337062497,1500955.5822356862
1260179.3337062497,1113655.4484321207
1260179.3337062497,1518068.6208080403
1260179.3337062497,1515296.921605332
1260179.3337062497,1517663.2956510286
1260179.3337062497,1094795.6109395975
430693.19055,565798.4910207929
430693.19055,484261.9279817919
430693.19055,483750.9097220369
430693.19055,543755.5441504979
586347.036275,702902.8361461682
586347.036275,1127585.6085980819
831859.5528499999,754766.3260647156
831859.5528499999,748292.7641745191
831859.5528499999,754732.6952328344
831859.5528499999,1145117.8010565573
831859.5528499999,760182.5958050238
831859.5528499999,748292.7641745191
831859.5528499999,748292.7641745191
831859.5528499999,709379.1348110726
599882.4323750001,674163.8486412336
599882.4323750001,775777.8902646785
599882.4323750001,811731.0884854917
599882.4323750001,702346.6453996797
599882.4323750001,664653.0155468575
599882.4323750001,795150.3819732089
406423.9811,396185.4026024721
406423.9811,388293.8706897992
300261.1153499999,253741.29851695278
300261.1153499999,387104.9010716129
350172.2395,291150.0911913977
350172.2395,298580.9214415242
2411309.2197,2374667.9191185776
2411309.2197,2346749.101384381
2411309.2197,2826042.6242969604
2411309.2197,2834526.257656604
2411309.2197,2363068.3444652287
2411309.2197,2352663.647772833
2411309.2197,2346082.7285095807
2411309.2197,2823293.981030243
2411309.2197,2347247.0453203414
2411309.2197,2374667.9191185776
2411309.2197,2776160.297221808
2738462.119475,3079083.269819592
2738462.119475,2660708.8007291425
2828649.1978499996,2716312.3161547403
2828649.1978499996,3174699.9148144484
2828649.1978499996,2712455.2118572844
239174.14713750003,187308.9835415263
239174.14713750003,288498.5508868873
239174.14713750003,221318.67466243386
239174.14713750003,298578.2885662287
520624.39744999993,610421.842021361
520624.39744999993,623012.9781356435
312793.67512499995,273917.1350663993
312793.67512499995,317472.6661378896
843003.3576474999,702360.4050637744
843003.3576474999,1125561.2161660164
843003.3576474999,1131625.2439491444
843003.3576474999,713485.2163195263
843003.3576474999,702412.5302234719
843003.3576474999,702792.966049535
843003.3576474999,671878.9785381068
843003.3576474999,671878.9785381068
843003.3576474999,682068.576891418
843003.3576474999,1142215.605821901
569527.49625,602269.355940123
569527.49625,650194.3888619797
590682.6134187499,714933.1802905741
590682.6134187499,1066017.5125308177
590682.6134187499,754367.6677789304
590682.6134187499,715444.198550329
590682.6134187499,716499.4684243397
590682.6134187499,740468.975592058
590682.6134187499,1163535.616256406
590682.6134187499,713750.8141273363
172444.666775,106585.20303391246
172444.666775,147973.32027679926
172444.666775,200477.84762274305
358028.7310999999,363632.1993872413
358028.7310999999,365619.2317836312
489896.26455,617960.0958500158
489896.26455,630993.1906484884
611103.85543,794004.4447176392
611103.85543,802805.0703613735
611103.85543,918548.0948252907
611103.85543,918791.3331091016
611103.85543,762092.3371847294
571666.08615,719386.2034320573
571666.08615,625193.4442623418
571666.08615,688258.5016584188
413610.71699999995,370050.4340408535
413610.71699999995,418650.3588030584
413610.71699999995,358209.54305797233
256642.15057499995,251310.4493564071
256642.15057499995,300372.926485154
299042.6321,257064.12721453002
299042.6321,330391.7383912023
299042.6321,257277.55217679974
299042.6321,220321.54558210366
355193.15972500003,404347.71617569687
355193.15972500003,374422.2591481482
249994.0142375,346237.0058782507
249994.0142375,346237.0058782507
249994.0142375,227583.65782809322
249994.0142375,223496.78136098606
249994.0142375,223496.78136098606
249994.0142375,250650.86691583437
412180.813325,492302.35994943243
412180.813325,380033.26087926247
412180.813325,425998.1344403938
412180.813325,395768.4010811807
1106366.170778846,967180.8382966476
1106366.170778846,965495.3525452733
1106366.170778846,1370597.285068793
1106366.170778846,962106.0542449693
1106366.170778846,1358836.5432164562
1106366.170778846,1368613.6669478056
1106366.170778846,1354929.9834699095
1106366.170778846,962390.2268535984
1106366.170778846,1342184.4207761553
1106366.170778846,928753.0848905395
1106366.170778846,1342184.4207761553
1106366.170778846,941692.0126032599
1106366.170778846,1342184.4207761553
1052800.1016000002,1102335.4713225104
1052800.1016000002,1056591.3782470985
1052800.1016000002,1460676.088070864
1052800.1016000002,1097544.8598794613
1052800.1016000002,1097265.2214655075
1052800.1016000002,1059031.9068698415
1052800.1016000002,1478340.9295151485
1052800.1016000002,1066322.6457866398
1052800.1016000002,1430821.294612683
673582.8344,872292.1661005825
673582.8344,841450.7080902802
2595781.606375,3079339.172069783
2595781.606375,2660988.439143096
1074196.03965,1401258.6500294865
1074196.03965,955116.0592499648
581855.2072000001,626086.1383223225
581855.2072000001,1005893.1437043499
814312.611375,813298.92152075
814312.611375,818602.7282198217
814312.611375,1223612.1193439744
814312.611375,812313.8368635743
814312.611375,813614.6679979766
814312.611375,828415.0042905065
814312.611375,812313.8368635743
814312.611375,788522.440772805
462774.594,529373.3193740604
462774.594,518840.9722310618
371762.00115,394073.31453294697
371762.00115,361407.56794937997
274633.428,176460.27537357964
274633.428,183321.06942399032
197725.2244,248266.44537858758
197725.2244,153025.79916694493
197725.2244,142109.9336941361
265786.0143,292473.4301377901
265786.0143,317608.6120799766
644040.97395,703126.3494627629
644040.97395,709291.2642376734
248941.772025,266474.41656871437
248941.772025,363708.6530926401
608155.589775,642086.0315380323
608155.589775,632755.7087977852
608155.589775,720427.4964629624
608155.589775,607183.7481517133
890529.63776,762350.1338662276
890529.63776,756375.9902141219
890529.63776,747165.7553991413
890529.63776,761166.601657171
890529.63776,1157921.4159553724
890529.63776,762730.5696922906
890529.63776,750934.786719897
890529.63776,710477.4791040773
890529.63776,712929.4602564969
890529.63776,710697.916009335
647942.2414,642122.9058247545
647942.2414,655359.472402029
304669.74494999996,209288.72546300635
304669.74494999996,252179.9048627683
837389.2365812501,989328.8471676135
837389.2365812501,937937.639266851
837389.2365812501,932733.8222337842
837389.2365812501,1207011.397895336
837389.2365812501,1162229.8089768095
837389.2365812501,984483.4378839519
837389.2365812501,984827.3860204321
837389.2365812501,1248681.5058060586
373209.01595,389685.98719514674
373209.01595,379678.9612375704
373209.01595,530026.6244374097
562440.16125,978211.7588919958
562440.16125,654067.3776677988
562440.16125,975322.2941328997
562440.16125,661197.4343710034
562440.16125,653064.749194785
562440.16125,661197.4343710034
562440.16125,661708.4526307584
562440.16125,963684.3577824332
562440.16125,620230.0466661874
562440.16125,607166.4338322938
562440.16125,959615.5845797696
433283.0884571429,530714.2493229072
433283.0884571429,530495.453992603
433283.0884571429,451474.3768753667
433283.0884571429,426899.4025212041
433283.0884571429,454170.70216678607
433283.0884571429,453489.7860619726
433283.0884571429,454252.2436459974
1386835.495625,1348010.0508401596
1386835.495625,1797974.6556555843
1386835.495625,1800746.3548582925
1386835.495625,1359815.4458954907
1386835.495625,1366668.5399026508
1386835.495625,1361292.5258287867
1386835.495625,1364443.0005749166
1386835.495625,1772651.7334753405
1386835.495625,1326389.7602894213
1386835.495625,1326389.7602894213
1386835.495625,1760070.494560962
1386835.495625,1326389.7602894213
1386835.495625,1736013.1976571695
1386835.495625,1316765.8715735716
551241.553025,1005152.0179509145
551241.553025,721612.089928816
597975.7312000002,649258.0933796954
597975.7312000002,648051.2736286477
2395076.2951499997,2333973.9549591234
2395076.2951499997,2359217.5462835096
390577.13285,316897.07625346415
390577.13285,357370.4601753096
390577.13285,428110.0706786418
287547.165225,337885.9523249068
287547.165225,265535.1053962225
409594.9206,516765.5338922782
409594.9206,435926.50085450715
409594.9206,413248.21023749385
409594.9206,502174.9349461233
867124.8907833333,1179200.8597849067
867124.8907833333,766513.5564575065
867124.8907833333,1168982.61763269
867124.8907833333,756459.9647876094
867124.8907833333,763324.6964016317
867124.8907833333,768115.3078446809
867124.8907833333,723455.7232246768
867124.8907833333,728767.7785884931
867124.8907833333,1137367.9240802801
233481.5881,210268.19073088496
233481.5881,276442.5401104859
250214.2665,258873.68636846333
867305.4095999998,912737.9149579275
867305.4095999998,910507.2079178208
393117.0265499999,555927.5070536277
393117.0265499999,441186.86444354034
393117.0265499999,530381.0874585388
323427.014725,290111.3602005297
323427.014725,244194.33442442288
363318.45555,451997.2349923082
363318.45555,457988.29618660983
363318.45555,574379.941594322
260684.04655,283171.58837165905
260684.04655,274748.36016264785
252418.76317499997,358021.760906332
252418.76317499997,260134.60632399062
983331.07145,1022489.4590578341
983331.07145,1021978.4407980791
983331.07145,1060836.3749104186
983331.07145,1042459.7284813898
983331.07145,1022489.4590578341
983331.07145,1025565.438766223
983331.07145,1004658.7444559359
983331.07145,1388670.3369677411
983331.07145,994067.6957345803
983331.07145,1003977.8283511226
983331.07145,1363887.2360095785
983331.07145,1440644.2819153406
869327.40985,1307539.4949566382
869327.40985,1308198.7840857785
869327.40985,887917.5649291703
869327.40985,1310529.412113503
869327.40985,892446.2630758915
869327.40985,852862.4624570514
869327.40985,852908.8622636779
869327.40985,852908.8622636779
869327.40985,852908.8622636779
869327.40985,878372.923082328
832287.5011,1124365.1971127416
579870.13355,624555.9805416088
579870.13355,649145.5244658705
907776.3049999998,899636.0126111368
907776.3049999998,869548.0986546776
654291.4892000001,706236.5948070604
654291.4892000001,885360.0507468705
605812.3627499999,661826.4642398616
605812.3627499999,989436.2724792262
605812.3627499999,653347.1314259089
605812.3627499999,656934.1293940528
605812.3627499999,1040741.3457720059
917696.15815,915333.9127368054
917696.15815,931636.9347393133
917696.15815,923977.0020584676
917696.15815,926846.3232962643
917696.15815,1359031.1121906242
917696.15815,1362067.3892976097
917696.15815,931636.9347393133
917696.15815,1353642.0833320767
957942.4786,926619.6811827568
957942.4786,1265580.5935398124
957942.4786,925977.1604763655
957942.4786,928441.43181891
957942.4786,897303.8667285298
957942.4786,890979.8313750261
957942.4786,904322.8631614754
352611.3497249999,464578.5750302684
352611.3497249999,379225.90288254066
695327.069225,689801.1129618221
695327.069225,686951.7877984785
363336.813475,483687.7828142153
363336.813475,385626.0950632056
576424.7337999999,937842.4481343959
576424.7337999999,643289.5411398133
576424.7337999999,625854.4043024647
562226.38065,515450.1978678665
562226.38065,612934.345259623
562226.38065,529596.4484979255
323262.72195,230346.82931750192
323262.72195,323123.52518673846
455980.14774999995,519587.264042449
455980.14774999995,448582.9264176211
455980.14774999995,425862.47626364254
455980.14774999995,419239.21116379317
484685.41984999995,451102.4896604399
484685.41984999995,456072.3630082797
484685.41984999995,475582.67418195284
229772.6199,235314.38730895176
229772.6199,318000.1242006513
839128.2470499999,1111384.6685510804
839128.2470499999,669480.2901106563
839128.2470499999,649245.406822367
461185.61385,588595.3697466097
461185.61385,588296.5199828001
461185.61385,586512.5998830716
461185.61385,443586.524107201
461185.61385,439391.2170076203
461185.61385,416063.49703866505
301476.80205,288464.77157732757
301476.80205,341814.6012963086
301476.80205,284251.1245911064
757424.5832545456,767465.2257345851
757424.5832545456,762674.6142915359
757424.5832545456,762090.2630829832
757424.5832545456,767465.2257345851
757424.5832545456,762674.6142915359
757424.5832545456,1171777.6405578759
757424.5832545456,1127506.196711944
757424.5832545456,1126654.1910260215
757424.5832545456,709865.3278957081
757424.5832545456,704836.1508729584
757424.5832545456,755363.4670352169
491572.0742,600231.7703382273
491572.0742,681526.4995871559
609813.7874,668704.3008821437
609813.7874,775150.6982786284
609813.7874,711390.7355412015
354459.62065,458659.5284068642
354459.62065,365531.1533725627
354459.62065,445894.671904429
1106869.70615,1039003.667714503
1106869.70615,1051883.912126675
1291335.230625,1295100.8248282392
1291335.230625,1287539.9948343355
1291335.230625,1292330.6062773848
1291335.230625,1294428.734588162
1291335.230625,1287681.5774285905
1291335.230625,1289965.40918866
1291335.230625,1301654.7447477672
1291335.230625,1263790.2035523322
668014.0375000001,610678.5552892117
668014.0375000001,1091078.7737355914
2767574.88345,2716312.3161547403
2767574.88345,3175320.5476682284
2767574.88345,2711208.6951763174
983020.3858442308,1341839.0297181068
983020.3858442308,916443.7091596451
983020.3858442308,1341803.2837001346
983020.3858442308,1331590.2301536496
983020.3858442308,1328818.5309509414
983020.3858442308,914877.4210258796
983020.3858442308,899789.4227643299
983020.3858442308,1319647.969958101
983020.3858442308,1318872.6791386886
983020.3858442308,879470.3681574102
983020.3858442308,861105.8500318014
983020.3858442308,861105.8500318014
983020.3858442308,889960.8629660278
1203667.9974,1341896.6147005763
1265083.9853,1029465.5590181856
1265083.9853,1510098.3208556566
577096.4707,997668.0328016973
577096.4707,679675.231107041
577096.4707,663063.741892753
577096.4707,997483.1543371896
577096.4707,665153.9302982625
577096.4707,681056.6407762988
577096.4707,710997.7728588419
678828.8463,942265.8045568868
678828.8463,974608.4226975203
265426.28862500004,299132.14087523014
265426.28862500004,251083.8217394416
2522130.825299999,3142622.854295235
2522130.825299999,2673875.578661615
633947.61105,656803.468794117
633947.61105,627508.3430057928
663359.56907,834775.5359138865
663359.56907,716584.2847432656
663359.56907,743569.1784517042
663359.56907,703316.6789177844
663359.56907,710297.4310698777
423679.064375,444181.4985865335
423679.064375,419120.01632433
423679.064375,529252.29245309
423679.064375,443670.4803267785
423679.064375,415351.20664595766
423679.064375,527426.2855917987
423679.064375,522344.39303783793
423679.064375,402726.8594543373
425549.53095,413167.7807401144
425549.53095,423504.9728911411
462361.49415,439917.8719092035
462361.49415,555716.759968318
462361.49415,429445.71853332437
462361.49415,543772.6147183463
737762.6573799999,868736.2924724801
737762.6573799999,1094469.128411484
737762.6573799999,873526.9039155293
737762.6573799999,933851.6950712516
737762.6573799999,862088.8611200006
445858.52885,485379.89492095774
445858.52885,475848.4782589306
445858.52885,409485.7211757189
445858.52885,584961.9915645316
134611.1525,125929.6622747063
134611.1525,197074.34344369947
134611.1525,76577.59441316128
156424.9867,246007.0366854993
156424.9867,109907.81799197348
337624.49454999994,302300.70547728764
337624.49454999994,420956.8161540908
156186.882925,170034.11241055065
156186.882925,121441.45182718674
335098.29805000004,243765.41666999809
335098.29805000004,318460.1878395058
709864.46616,700422.2275824914
709864.46616,787405.1733223491
709864.46616,711897.0489891159
709864.46616,784523.750595631
709864.46616,805013.7257155781
2370604.25855,2524461.6344817216
631538.804,709633.2876219086
631538.804,737432.3358475041
718560.15969,639955.6223863631
718560.15969,737623.9177147305
718560.15969,639989.9065536046
718560.15969,642303.3414553396
718560.15969,653326.6313441233
377787.6319999999,429054.04358648555
377787.6319999999,652077.5672814773
377787.6319999999,428117.3729184206
723353.194825,781512.0874271056
723353.194825,1071627.290657442
2631851.207875,3162208.3308792743
2631851.207875,2651314.3677552887
716889.2079285715,724045.1559018615
716889.2079285715,710155.5351204355
716889.2079285715,701540.1914347707
716889.2079285715,706966.6750645608
716889.2079285715,706966.6750645608
716889.2079285715,669089.647453345
716889.2079285715,663928.4171090394
282833.88665,204637.59240328928
282833.88665,325186.25401057553
317832.92105,335028.6900570824
317832.92105,341499.5746574474
586063.93855,602449.0989801598
586063.93855,634215.7603581883
822074.52825,635099.654238293
822074.52825,676748.5666947287
713639.670975,774033.1165834244
713639.670975,770107.2054723751
244056.65374999997,181544.9977017386
244056.65374999997,182844.35035045887
244056.65374999997,313014.4717872738
636371.7507,721115.1997291516
636371.7507,698684.7906099656
636371.7507,630955.4917859604
831336.7533799999,868274.0690405222
831336.7533799999,1165028.491546845
831336.7533799999,865442.2600402004
831336.7533799999,1170655.681258785
831336.7533799999,1143912.4683722039
334293.889,384753.81209288124
334293.889,240850.10913533124
288114.6839250001,260841.304127309
288114.6839250001,206522.83490310435
425477.03625,413038.35589486256
425477.03625,496264.0880962367
661790.325475,637294.9173597891
661790.325475,563883.8455762361
661790.325475,643855.6523688645
661790.325475,575678.3099455298
661790.325475,648233.0769425534
661790.325475,648233.0769425534
595011.4441000001,682483.352749446
595011.4441000001,658185.5642960909
595011.4441000001,713651.0932126972
397991.8072499999,314827.8337223507
397991.8072499999,317429.5852980378
564639.9894,591877.1749403792
564639.9894,871971.6554019175
349277.2688,304220.3830485749
349277.2688,274165.7483360053
349277.2688,264813.5612310846
269275.5303,240918.99603940925
269275.5303,365405.2014129352
441767.33965,447154.0716712825
441767.33965,464273.87469136145
303471.78487499995,298785.7416802382
303471.78487499995,304511.796876949
303471.78487499995,356415.0897241695
303471.78487499995,257499.0648909369
488411.0539,475469.63020759204
488411.0539,556072.7594584575
488411.0539,450934.9698027314
488411.0539,457798.33018272783
667973.1622,1042400.5223472009
667973.1622,665046.2787877508
263268.67775,172589.17664602818
428616.3424,529983.0024768632
428616.3424,491348.59884308337
428616.3424,494418.3544037828
627163.54375,511381.75984981866
627163.54375,625100.2677283104
567533.7903999999,766781.2118768331
567533.7903999999,623562.2426171247
567533.7903999999,648345.5694808651
567533.7903999999,672894.8313949143
638038.4987499999,665044.2606792959
638038.4987499999,622184.5483361691
545924.904,868984.717771545
545924.904,753815.4783767521
545924.904,675310.3445939783
545924.904,666606.0121522299
545924.904,735045.6466753609
545924.904,663525.4156196805
670100.348325,1110491.9335497653
670100.348325,1110491.9335497653
670100.348325,758822.5427473215
670100.348325,1107636.3856564658
670100.348325,1107417.5903261616
670100.348325,1110952.7123502193
670100.348325,1107417.5903261616
670100.348325,721821.5652890371
670100.348325,757359.1696853542
670100.348325,720889.8577802774
670100.348325,737288.3607789674
670100.348325,750261.1381429441
658518.5907499999,1132558.8849648787
658518.5907499999,675424.4213977613
895830.3616,934106.9909853786
895830.3616,963675.6839509421
895830.3616,920062.905514648
895830.3616,919468.1743761488
895830.3616,962508.1017621891
895830.3616,1126450.517393805
895830.3616,1153526.8007085265
895830.3616,940476.2725776681
895830.3616,940476.2725776681
895830.3616,902923.5090478451
602533.7625000001,689905.3915703739
602533.7625000001,593219.9346514243
602533.7625000001,581992.972890928
602533.7625000001,570726.8823289027
602533.7625000001,597791.9528377521
602533.7625000001,618645.244163265
309520.8586,290387.34902350645
309520.8586,400143.61078228435
309520.8586,377946.3382979909
293935.16845,255336.21112562605
293935.16845,326164.97923877754
286183.879975,273797.3448790061
286183.879975,227414.14360069862
767698.4916999999,729404.9968504863
767698.4916999999,724614.3854074371
767698.4916999999,1137079.2162275896
767698.4916999999,1140153.5594511933
767698.4916999999,740909.8390630332
767698.4916999999,729404.9968504863
767698.4916999999,690487.4231775491
767698.4916999999,1099133.2486491282
767698.4916999999,684531.3579371474
767698.4916999999,684531.3579371474
767698.4916999999,1129272.7807576405
543434.3931499999,569717.5445194788
543434.3931499999,620830.7812509908
427615.9141249999,757453.8311970473
427615.9141249999,590600.9656291307
725168.73385,617194.9834599359
618187.5053999999,644569.0638235472
1126670.0305,1530665.3291671334
1126670.0305,1518725.2466744122
300266.235,294345.32568808174
300266.235,260867.08464201837
300266.235,279024.95541382564
505852.73234999995,631303.0231108639
505852.73234999995,647035.5123262268
547577.2488999999,556406.1711037675
504899.237,431871.02530319337
504899.237,485040.7266760955
504899.237,562484.547904276
536952.2075,624732.5898912908
536952.2075,621145.5919231469
536952.2075,765131.2829293793
536952.2075,746554.9913268276
536952.2075,746554.9913268276
536952.2075,616708.5336713109
735955.0257700001,774884.491229097
735955.0257700001,819280.1962842003
735955.0257700001,1037108.7962128381
735955.0257700001,1034032.8165044494
735955.0257700001,827887.6595730514
585663.4123999999,1083987.9672542284
585663.4123999999,1111048.7833008172
500776.78805,904288.2249852265
500776.78805,619341.6875982174
541731.49395,599799.7196002812
541731.49395,590708.4408199288
359471.41570000007,428459.6001632134
359471.41570000007,465790.533784318
561958.9859,654364.6176539998
526090.22825,518623.4774818843
526090.22825,674749.045063025
526090.22825,545834.8073809419
1166470.77605,1578981.7718382766
1166470.77605,1139291.46284598
1166470.77605,1134324.5157612027
1166470.77605,1136439.3506901707
1166470.77605,1139203.4437865948
1166470.77605,1566780.979619423
1166470.77605,1131930.4597568004
1166470.77605,1518585.868050856
1166470.77605,1097109.1971588063
1166470.77605,1518585.868050856
1166470.77605,1100556.2456390378
262263.46194999997,309157.39364773594
262263.46194999997,269614.52235144016
262263.46194999997,243434.01728465868
306149.3026,387054.2663425541
306149.3026,261143.32181749324
306149.3026,267763.86630367633
444582.83635,521968.91983267583
444582.83635,512247.38990589464
444582.83635,388729.6219381774
598209.8905749999,1087066.0245551814
598209.8905749999,723266.0863013687
601572.0361,1021753.9873684274
601572.0361,670168.7187803462
156392.200725,157070.29010841215
156392.200725,258282.9847821857
344531.6643,393249.0105513671
344531.6643,266023.38510177255
344531.6643,417623.5867318334
388764.26062499994,583207.1576052473
388764.26062499994,673737.185618295
542515.88287,972242.1380498335
542515.88287,686447.725276369
542515.88287,986192.1615291433
542515.88287,686447.725276369
542515.88287,642319.6785520394
507646.64312499994,478144.7487618564
507646.64312499994,495452.4625454509
507646.64312499994,536112.0702145986
507646.64312499994,504239.4062940459
507646.64312499994,505346.1097813408
294951.8936499999,422532.058633842
294951.8936499999,346192.35805119236
229878.1477,207553.0626998266
229878.1477,243675.60357950127
804656.2678899999,1091289.0582827467
804656.2678899999,1091070.2629524425
804656.2678899999,855218.7710758995
804656.2678899999,1091070.2629524425
804656.2678899999,898375.9138455726
496892.77545,560382.1593919649
496892.77545,575540.1832071992
496892.77545,535289.0132910376
496892.77545,526417.7417684051
572981.06575,625708.9773015371
572981.06575,622913.8220220351
773762.8496307692,754038.3220251024
773762.8496307692,748161.6292065653
773762.8496307692,755301.9661379723
773762.8496307692,760930.4376895198
773762.8496307692,1145692.7511841587
773762.8496307692,748542.0650326284
773762.8496307692,748542.0650326284
773762.8496307692,1117658.3384706152
773762.8496307692,707720.5276460579
773762.8496307692,1117658.3384706152
773762.8496307692,708964.3242363195
773762.8496307692,1117658.3384706152
773762.8496307692,742199.0199455561
439344.96857499995,394791.9750670187
439344.96857499995,406711.3551116937
1323521.35625,1732621.1187065404
1323521.35625,1300254.6526824452
1323521.35625,1751560.628606272
1323521.35625,1752479.4685226118
1323521.35625,1752074.1433656004
1323521.35625,1306863.754022318
1323521.35625,1304778.8086788775
1323521.35625,1302680.0670367698
1323521.35625,1754260.827398923
582482.4159642857,702083.9600603197
582482.4159642857,674735.120115674
582482.4159642857,698995.377379484
582482.4159642857,676301.4082494397
582482.4159642857,649596.7157702844
582482.4159642857,645281.5490330351
582482.4159642857,657737.9727706185
910307.34865,1264310.3106442923
910307.34865,1264310.3106442923
910307.34865,912734.6076754731
910307.34865,925665.6537634006
910307.34865,885273.6229639861
2464324.9766749996,2522597.1840464827
2464324.9766749996,2978718.3884135536
2406931.4676,2289670.909601982
2406931.4676,2336294.639079212
763708.0682999999,773564.4755462114
306919.31135000003,261005.70904119872
306919.31135000003,337360.55734277173
306919.31135000003,260770.94092625473
306919.31135000003,211793.79230122437
696842.9934999999,623824.7291807246
696842.9934999999,1077104.0343881215
644288.485875,664502.5579714696
644288.485875,656792.0386708269
644288.485875,656792.0386708269
644288.485875,658693.6706457589
644288.485875,666843.6759954913
644288.485875,625605.7569773573
877336.21115,873879.0289368635
877336.21115,1028578.6620447012
877336.21115,1028797.4573750054
877336.21115,902019.7077827964
877336.21115,860367.910471344
656327.3860499999,939967.4108689686
656327.3860499999,754348.7788091875
656327.3860499999,754485.6322810744
656327.3860499999,994711.6626482991
362287.67505,279509.4998988352
362287.67505,309351.9517731868
362287.67505,369983.7310689479
362287.67505,361339.436782402
282010.61535,239894.01294315158
282010.61535,202833.08149336674
282010.61535,192099.75464187638
768137.4370374999,672169.7407336492
768137.4370374999,652529.9776438235
768137.4370374999,675761.446057557
768137.4370374999,645291.9682259475
568045.4872500001,660932.5846036812
568045.4872500001,621191.1033295165
568045.4872500001,648473.7892622602
568045.4872500001,606964.2598923425
568045.4872500001,745559.0534369615
568045.4872500001,674529.1874542088
619524.780375,1021051.5571165889
619524.780375,801694.1297354456
339556.793125,320178.32307380036
339556.793125,376334.20880563627
339556.793125,323608.25430567225
339556.793125,378189.66492819495
339556.793125,313664.20566417795
339556.793125,325531.14345738076
543592.86245,560373.2659374075
543592.86245,656435.572457553
543592.86245,666622.2972662285
558437.4462,986565.0789168125
558437.4462,989235.7483456042
558437.4462,1090486.8283266886
558437.4462,673643.2029635962
558437.4462,989037.8708854029
558437.4462,655454.6066793471
558437.4462,620736.583074502
558437.4462,619666.0847727234
558437.4462,620347.0008775368
558437.4462,951200.2638324278
558437.4462,687612.4114154805
638283.6715999999,804190.3773117963
638283.6715999999,913479.0238052525
638283.6715999999,720230.1471706836
729952.231125,724097.8282238797
729952.231125,632868.9139180488
729952.231125,635388.387475186
729952.231125,639313.3244793345
461256.34705,435674.58475523954
461256.34705,525171.8744331909
461256.34705,411936.154562416
565088.95344,652639.3857748861
565088.95344,664202.7165230209
565088.95344,664202.7165230209
565088.95344,656934.1293940528
565088.95344,710895.7739896589
452718.0873,369938.48271822353
452718.0873,388251.3285232403
452718.0873,554215.0686414351
806466.49005,725288.4356409998
806466.49005,1138042.679685321
806466.49005,728111.239747875
806466.49005,725288.4356409998
806466.49005,725288.4356409998
806466.49005,736626.7392656669
806466.49005,720149.5914542164
267992.843525,315521.4663655307
267992.843525,316155.33341084846
267992.843525,310211.05369129946
267992.843525,204377.19437214802
263750.16985,301135.84341898916
263750.16985,194753.40197304118
676899.464075,1116947.6008930034
676899.464075,726997.169011291
676899.464075,755505.0769371768
676899.464075,726997.169011291
676899.464075,686813.2131172656
676899.464075,1086688.19390671
729088.6430500001,746632.8443639019
729088.6430500001,717252.8074132027
729088.6430500001,812374.2486039067
729088.6430500001,826814.4014024986
729088.6430500001,718281.1216853057
706631.71025,631156.7068318623
706631.71025,620911.2005780833
706631.71025,619603.9078713264
538525.4254,532315.4127261125
538525.4254,531051.7686132427
538525.4254,521474.63034053054
538525.4254,507992.7293667879
456221.9094999999,563194.6722665991
456221.9094999999,632651.2976896998
512221.70719999995,479965.8920895744
512221.70719999995,560011.9232910486
555458.9852,901686.0702461145
555458.9852,689789.9984534993
555458.9852,683968.199422247
555458.9852,685929.346232872
620332.75735,639347.2761991264
620332.75735,653002.2316400917
620332.75735,1076271.1342005292
1129076.2269166668,1109821.5056937386
1129076.2269166668,1079861.3370701422
1129076.2269166668,1105030.8942506893
1129076.2269166668,1510977.082334563
1129076.2269166668,1096465.752926946
1129076.2269166668,1100719.9582208265
1129076.2269166668,1066155.2989604478
1129076.2269166668,1062726.5022849622
1129076.2269166668,1056478.1293029892
801035.4209295455,1163336.9825608823
801035.4209295455,1163960.5256720502
801035.4209295455,751396.8658369089
801035.4209295455,740584.480575531
801035.4209295455,1166732.2248747582
801035.4209295455,750737.5767077688
801035.4209295455,745375.0920185803
801035.4209295455,713198.080195473
801035.4209295455,709936.5305689557
801035.4209295455,713878.9963002865
801035.4209295455,747306.8433962964
606251.8851,602526.8284643417
606251.8851,1061056.1928252983
606251.8851,590556.2555119091
759220.1554999999,1201515.1390361036
759220.1554999999,1307751.8710488582
269711.91485,405884.28004772053
269711.91485,275552.6347234927
269711.91485,267143.883710055
658581.4235499998,801090.1263748463
658581.4235499998,768490.6923605779
658581.4235499998,880371.1983282625
478395.7768000001,570837.206000622
478395.7768000001,561914.5909161787
334237.97819999995,394144.84642594133
334237.97819999995,399167.12480504694
752893.968425,665159.228743556
752893.968425,672248.1369816294
525096.1599,695089.1296212252
525096.1599,735963.6932443756
685684.1986000001,762019.7519795524
685684.1986000001,961222.0997288213
302244.09939999995,219512.34809578035
302244.09939999995,342017.7516444742
557950.34075,747241.4059373871
557950.34075,653460.7214946594
557950.34075,868424.4439789106
557950.34075,695964.4037152863
595702.048125,761583.272044394
595702.048125,814042.8552621884
595702.048125,666813.9042116697
595702.048125,667324.9224714247
595702.048125,692288.6627296295
595702.048125,794392.870447655
595702.048125,692288.6627296295
595702.048125,695958.3510692881
571238.754525,641260.5875295354
571238.754525,612724.5748053029
943772.4269749998,968234.2488435822
943772.4269749998,959280.7657606505
636586.9474000001,732683.9828795987
636586.9474000001,731716.1196356895
636586.9474000001,732517.125549455
636586.9474000001,761153.9620124688
636586.9474000001,923401.3342934016
206399.6524,239442.03156054043
206399.6524,176342.97039731324
206399.6524,176297.9351801903
808610.6098000001,1247700.3350128506
808610.6098000001,881774.5066106466
682167.0388,732781.9267150575
682167.0388,734253.0836578906
580488.7829045454,728766.0781953975
580488.7829045454,1055833.0346637121
580488.7829045454,713179.8650388358
580488.7829045454,742630.9377684424
580488.7829045454,725026.0573459861
580488.7829045454,713179.8650388358
580488.7829045454,1018373.5623313545
580488.7829045454,703558.2900450407
580488.7829045454,702877.3739402272
580488.7829045454,674297.165130496
580488.7829045454,1021245.2174185477
867361.8968,920407.7655996348
867361.8968,1216708.291207295
867361.8968,917791.6922974959
867361.8968,956733.8895930689
867361.8968,1192617.0525199622
867361.8968,955998.22723311
867361.8968,947267.0156558837
453874.8488,538575.9358587196
453874.8488,545681.8685774504
628231.4792000001,728410.3933562879
628231.4792000001,922218.4408184433
832194.7962499999,829264.872535914
832194.7962499999,838868.5666702202
696289.9598000001,617506.4981196877
696289.9598000001,604289.987735397
610761.1597,600223.4453678734
610761.1597,613707.7356984713
610761.1597,622887.4414287686
556079.4556,643184.3663451577
556079.4556,616190.4243884637
460999.1235000001,510222.87709773646
460999.1235000001,588095.8699131752
460999.1235000001,449645.8599342826
859614.599175,915910.5822177923
859614.599175,912935.2926154927
859614.599175,915910.5822177923
859614.599175,882597.4874341458
859614.599175,1181964.194451114
859614.599175,1149747.168193229
677225.188575,800704.4590571062
255854.4127,190992.75167876366
255854.4127,187923.46535977966
255854.4127,306661.6312160724
670493.09945,712422.3973393379
670493.09945,691816.6873589765
670493.09945,712422.3973393379
670493.09945,608856.2499046646
670493.09945,636651.4422941887
670493.09945,701593.3939968995
835878.27284,928474.0093591076
835878.27284,838666.5852730911
835878.27284,810341.247566582
835878.27284,835967.7209025586
835878.27284,896908.2787093231
617353.7933499999,1120904.7462515647
617353.7933499999,684479.4872882498
229088.5426,266772.1638182105
229088.5426,295410.5286242441
313963.5758,504405.6407140482
313963.5758,461857.0689501991
313963.5758,397801.60469275777
253847.4282,303326.6144807109
253847.4282,257698.3328239296
625981.0975,629369.0306678339
460223.399125,596902.3504609617
460223.399125,549554.9135095533
532577.7677000001,883267.4693041418
532577.7677000001,634202.6766273204
356811.938125,306612.6474217548
356811.938125,393178.03026938176
1057966.7897295456,968791.4409135069
1057966.7897295456,976634.8283030939
1057966.7897295456,968791.4409135069
1057966.7897295456,1348361.2785962368
1057966.7897295456,1377229.6887343046
1057966.7897295456,1377229.6887343046
1057966.7897295456,936633.6279353176
1057966.7897295456,1346304.343086242
1057966.7897295456,929166.3524507622
1057966.7897295456,933271.1584073963
1057966.7897295456,1345325.4885128066
489601.31595,554415.4829215298
489601.31595,547854.7479124544
489601.31595,475255.29641120543
489601.31595,452603.62716134463
489601.31595,441351.25338060624
834172.8065999999,864986.2212483005
834172.8065999999,1185877.1595122048
1203844.00715,1159041.777204441
1203844.00715,1167702.1045914257
1203844.00715,1572558.4612023705
1203844.00715,1537995.4540267412
1203844.00715,1172492.716034475
1203844.00715,1143297.4283831017
1203844.00715,1541031.9905677587
1203844.00715,1504382.8424829338
1203844.00715,1541031.9905677587
443726.0487,413452.89885240636
443726.0487,494180.4097081473
443726.0487,419708.35428797326
795198.4192562499,1132609.4112596828
795198.4192562499,1121236.6968460716
795198.4192562499,723266.043097664
795198.4192562499,736372.6366973852
795198.4192562499,736372.6366973852
795198.4192562499,725550.5521742594
795198.4192562499,726434.082618604
795198.4192562499,703107.4473439137
545961.2315,610982.0543336372
545961.2315,514024.2770769961
545961.2315,608482.8942887445
491883.4858,782648.0980250223
491883.4858,840703.0042269559
849447.6012549999,751965.6861481005
849447.6012549999,766636.2477829413
849447.6012549999,737305.1517017079
849447.6012549999,751965.6861481005
849447.6012549999,763926.08507781
849447.6012549999,1161340.4859273671
849447.6012549999,710578.0404507898
849447.6012549999,710578.0404507898
849447.6012549999,714824.190291835
849447.6012549999,1124344.1355978155
621696.1257499999,697092.9000701586
621696.1257499999,677327.8073541641
728732.6380749999,670174.6539580466
728732.6380749999,660784.2544341747
728732.6380749999,667710.382615502
728732.6380749999,664249.9615324871
728732.6380749999,1080731.8032072647
728732.6380749999,657964.3408463671
460851.83505,565735.7939612311
460851.83505,412614.8269690913
2359232.7348000007,2291409.758442601
2359232.7348000007,2311607.5400060406
783054.08832,840799.9809871853
783054.08832,1106496.120942029
783054.08832,835072.3428763904
783054.08832,1101873.7253447073
783054.08832,827600.8259922571
783054.08832,828111.8442520121
783054.08832,783147.221132711
783054.08832,804014.8587696069
783054.08832,796463.8390764743
783054.08832,824624.24572142
906161.53595,890665.1353938499
906161.53595,916423.0870132712
906161.53595,1058128.730007654
906161.53595,893890.3811255109
906161.53595,1075202.8357230525
906161.53595,1075206.4109287788
1268370.026625,1579173.1312780143
1268370.026625,1141881.3402137703
1268370.026625,1128965.1999992738
1268370.026625,1592355.1559072477
1268370.026625,1126919.9089534339
1268370.026625,1136716.3468200942
1268370.026625,1133755.8114423228
1268370.026625,1592355.1559072477
1268370.026625,1134614.1303981813
1268370.026625,1618503.1185490512
587324.6704000001,672105.2549422084
587324.6704000001,653014.0789173829
916858.1701999998,784487.5896158917
916858.1701999998,1196022.9831843432
1033178.4276227272,1018023.6486654758
1033178.4276227272,1043454.4830347474
1033178.4276227272,1027119.4974771291
1033178.4276227272,1384941.0208385773
1033178.4276227272,1490449.7834365815
1033178.4276227272,1018828.3996782881
1033178.4276227272,1005162.3946811762
1033178.4276227272,966222.1617683652
1033178.4276227272,1347348.3126866599
1033178.4276227272,1005162.3946811762
1033178.4276227272,1016683.9877823513
551008.5096999999,770875.2322085919
551008.5096999999,752948.6603747437
443160.1902499999,576635.9191548763
443160.1902499999,590197.1569406404
565245.42348,544074.5511744648
565245.42348,540568.5823602501
565245.42348,523223.8529084135
565245.42348,613504.6010118116
565245.42348,614185.5171166251
594272.3452000001,986434.3035636991
594272.3452000001,1077762.3871548409
2412260.9638000005,2286405.2799845412
2412260.9638000005,2326872.050976771
129513.247775,219901.8092158161
129513.247775,135260.63217284402
377537.3057,388554.374929986
377537.3057,562966.5370153846
377537.3057,378930.53894997743
2371531.1377999997,2776586.058285604
2371531.1377999997,2746089.040852068
2371531.1377999997,2785047.0651249504
472715.753075,500746.36142830446
472715.753075,619829.2481907784
405943.86735,425900.05285481905
405943.86735,305086.01392092725
581925.2789249999,668968.6442812672
581925.2789249999,980507.8104828394
581925.2789249999,671538.4653765754
581925.2789249999,668457.6260215123
581925.2789249999,979031.4421102583
581925.2789249999,684817.9769714808
646122.9634,702417.340221642
646122.9634,717815.1552128622
476227.9403249999,535350.1198136134
476227.9403249999,525392.1122413586
1382566.6874535717,1332265.3048880626
1382566.6874535717,1776114.951262577
1382566.6874535717,1334310.5959339025
1382566.6874535717,1335644.757582141
1382566.6874535717,1780583.5417301862
1382566.6874535717,1776114.951262577
1382566.6874535717,1335644.757582141
1382566.6874535717,1327474.6934450134
1382566.6874535717,1732934.986543394
1382566.6874535717,1279132.1239802642
1382566.6874535717,1294635.8764007105
1382566.6874535717,1279132.1239802642
1382566.6874535717,1299078.8180708569
1382566.6874535717,1317986.6603942947
297144.48149999994,410015.96100507944
297144.48149999994,410015.96100507944
297144.48149999994,446521.7571995434
646848.0223500001,1068639.43683183
646848.0223500001,702497.6764410387
646848.0223500001,702497.6764410387
646848.0223500001,1065867.737629122
646848.0223500001,706084.6744091826
646848.0223500001,665747.4316423618
646848.0223500001,665998.2230463082
646848.0223500001,665776.9400831484
646848.0223500001,1034497.9053429086
2699184.6415000004,2618853.5357835265
2699184.6415000004,2646022.5671480643
512714.7608000001,564580.2563003409
512714.7608000001,608477.2751260926
900062.6442749999,897299.0621132368
900062.6442749999,1268767.7041944584
900062.6442749999,1269426.9933235985
900062.6442749999,1269426.9933235985
900062.6442749999,904425.2020199989
900062.6442749999,1245407.2693080446
440251.7964,488945.8480690393
212279.44465,230457.60472535907
212279.44465,324780.870412285
212279.44465,186492.85654682294
717637.59645,643660.0797976198
595074.422,725385.6568735549
595074.422,730146.1002872648
481213.87655,617059.3403212143
481213.87655,460281.5735354257
481213.87655,502566.3793828782
172500.08604999998,207724.77963728545
172500.08604999998,150069.98477433133
673253.540625,781741.5412683365
673253.540625,791258.3106913186
673253.540625,962749.7378050738
673253.540625,960196.8339326701
673253.540625,806780.2876405901
673253.540625,947565.6653909883
673253.540625,807461.2037454036
673253.540625,785789.9684161089
852096.1123333335,862694.7365898611
852096.1123333335,1285827.4092630274
852096.1123333335,867485.3480329104
852096.1123333335,867485.3480329104
852096.1123333335,872311.8437938053
852096.1123333335,1250831.402123981
852096.1123333335,836283.9551845283
852096.1123333335,829858.6437189161
852096.1123333335,1318886.9023021576
789344.7515799998,739971.5840256913
789344.7515799998,735168.0855816781
789344.7515799998,718215.5819638585
789344.7515799998,716959.7525195911
789344.7515799998,826512.970180288
386605.31814999995,303763.35407773126
515782.2443249999,788796.6605432783
515782.2443249999,786713.8906797402
515782.2443249999,888367.0886326474
515782.2443249999,788497.8107794687
515782.2443249999,788796.6605432783
515782.2443249999,534675.4636935897
907965.3519,918928.5619170857
907965.3519,928023.3803921368
907965.3519,925939.0379581826
594871.9623749999,585655.1872316465
594871.9623749999,585939.2725996606
594871.9623749999,537504.193407659
594871.9623749999,505536.83954054216
289301.27904999995,367077.00929544825
289301.27904999995,265699.44190456206
536846.25526,523376.336359439
536846.25526,525403.3297155558
536846.25526,585292.6122818381
536846.25526,594234.6120010697
536846.25526,518660.7302322341
321077.306275,223136.01532885042
321077.306275,264707.0443858193
659778.4889499999,940359.1902611372
659778.4889499999,754576.8826715458
659778.4889499999,827690.5206664253
659778.4889499999,819247.1177968652
346666.14204999997,295619.53263905895
213307.836,196598.4948990628
213307.836,163506.3137651562
213307.836,187320.0950106221
834085.03079,741218.7712082175
834085.03079,730583.5054310368
834085.03079,755219.6174662472
834085.03079,1156666.9895031492
834085.03079,743881.31384158
834085.03079,735374.116874086
834085.03079,707725.8959687911
834085.03079,703646.2847156255
834085.03079,703646.2847156255
834085.03079,1140782.0152438127
402209.48289999994,382937.0740423435
402209.48289999994,518301.02968403
402209.48289999994,366826.2399438291
606426.04209,614563.0615164309
606426.04209,646024.33102623
606426.04209,614355.798090126
606426.04209,637482.4063439416
606426.04209,619093.5680047123
783262.73855,841638.7905076181
783262.73855,840375.1463947482
783262.73855,860645.6529447101
783262.73855,854833.5330575921
783262.73855,835706.349928338
783262.73855,835025.4338235245
783262.73855,840337.0182639494
745116.1953312501,688343.9226369716
745116.1953312501,695218.4589828064
745116.1953312501,1109630.332619246
745116.1953312501,693853.3458375551
745116.1953312501,690939.4342169862
745116.1953312501,1109666.078637218
745116.1953312501,690939.4342169862
745116.1953312501,681225.7722176819
856643.5265499998,1223527.3814486843
856643.5265499998,893638.2750689711
856643.5265499998,893127.2568092161
856643.5265499998,900969.0812747676
856643.5265499998,1220910.4510743376
856643.5265499998,906831.2770113779
531274.0221,657926.5913709272
531274.0221,696937.675007836
852613.8441999999,1141860.5656746584
852613.8441999999,774029.1629314215
204622.5949,254643.59764040308
204622.5949,179552.85018694977
394369.26855,388945.6769556228
394369.26855,407427.065646222
394369.26855,579744.1126962719
594770.4879,757265.9267009287
594770.4879,639767.4978263448
2163975.5871,2193422.62257492
2163975.5871,2214493.9248687886
763169.327375,762920.6661434956
763169.327375,827703.6419076658
381203.6911,380225.3709400365
381203.6911,369802.0345960706
472039.68595,449858.1012669072
472039.68595,439023.9365864805
333486.74712499994,211510.97712152812
333486.74712499994,267614.51205873734
391777.44240000006,485937.76493027224
391777.44240000006,483169.1454558335
229207.09945000004,305242.1441144965
229207.09945000004,183567.52944991144
873785.1837857142,958287.9859423558
873785.1837857142,959875.3205961394
873785.1837857142,848017.872728874
873785.1837857142,849340.6774709321
873785.1837857142,842552.4534651928
873785.1837857142,843233.3695700062
873785.1837857142,936229.0500996702
962281.7735825,872041.9304105835
962281.7735825,1303886.4092901575
962281.7735825,889380.3289998728
962281.7735825,874149.7534461147
962281.7735825,1303886.4092901575
962281.7735825,887701.7285513649
962281.7735825,859375.520807283
962281.7735825,852493.9753643
962281.7735825,852493.9753643
962281.7735825,878421.2019755947
514158.04082,608398.7537990583
514158.04082,495403.8266731647
514158.04082,621150.2742664628
514158.04082,513101.1414754967
514158.04082,482477.0966015472
448840.5070875,590316.9497983928
448840.5070875,478428.6775842217
448840.5070875,476166.7915073602
448840.5070875,505888.54180926556
333051.39045,462758.0566006823
333051.39045,357431.14776033134
613449.877325,690493.9822144128
613449.877325,1054169.119972017
337396.5586,351396.67593961785
337396.5586,338521.81093094766
337396.5586,432404.2114157765
515213.2540125001,592003.9425460616
515213.2540125001,689019.7850141013
515213.2540125001,622187.1385707702
515213.2540125001,690743.3134943584
737261.9006571429,876089.6422288412
737261.9006571429,876089.6422288412
737261.9006571429,944718.7987792254
737261.9006571429,1069097.6863695085
737261.9006571429,938095.1990453086
737261.9006571429,938095.1990453086
737261.9006571429,937414.2829404952
831048.4323199999,1206390.229882109
831048.4323199999,931859.1700483144
831048.4323199999,891758.5807024122
831048.4323199999,1206531.812476364
831048.4323199999,1123645.5791599813
697568.97448,604095.4607478606
697568.97448,627316.151422237
697568.97448,707831.7287544686
697568.97448,599898.0484878384
697568.97448,626868.999362214
994731.340092857,923644.3882207283
994731.340092857,924908.0323335981
994731.340092857,1366699.110778411
994731.340092857,1366699.110778411
994731.340092857,923644.3882207283
994731.340092857,1366178.5740053067
994731.340092857,918853.7767776791
994731.340092857,1343768.506216965
994731.340092857,904540.3573547672
994731.340092857,886527.1036219654
994731.340092857,888264.2367028403
994731.340092857,904540.3573547672
994731.340092857,886234.0716321671
994731.340092857,924423.1266157178
194779.27630000003,188512.04990687966
194779.27630000003,254643.59764040308
517889.59354999993,622918.9392476388
517889.59354999993,789192.6751299254
968582.75045,944209.0566408001
968582.75045,1406579.6778690254
429343.7746,417514.71380210866
567700.5772350001,880677.8957800507
567700.5772350001,625739.4479242685
567700.5772350001,997136.279446484
567700.5772350001,882336.1305189667
567700.5772350001,880552.2104192383
567700.5772350001,603807.9351957361
567700.5772350001,604438.1108050398
567700.5772350001,591679.7825211621
567700.5772350001,591679.7825211621
567700.5772350001,602359.1216745777
619967.3139500001,710944.9118830797
619967.3139500001,703743.0747830274
316702.1266,401057.47850245086
316702.1266,329722.89446010615
316702.1266,322740.1126080872
316702.1266,286447.68425253005
466287.34264999995,445785.6496500162
466287.34264999995,434336.4248966933
466287.34264999995,614915.5134996499
365913.2249,345116.1909916649
365913.2249,353846.04927561036
497290.8176499999,499271.9474451563
434326.7568,404219.0961138044
434326.7568,458702.90130177885
434326.7568,454042.8867688254
256671.1889,305772.01773900515
256671.1889,180402.4266764719
201986.55025,152008.77627079276
201986.55025,186366.90069779044
201986.55025,263136.5040383914
632540.6862499999,553172.1566981976
599833.6544749999,590432.5131853463
599833.6544749999,525849.5217034884
424037.27017500007,583777.0755008641
424037.27017500007,582980.9243841404
424037.27017500007,492788.360037802
424037.27017500007,600525.4301790583
565391.6049500001,663502.8047655789
565391.6049500001,650127.2146940094
565391.6049500001,665178.1584787479
565391.6049500001,748141.3099886408
565391.6049500001,646650.6997834342
433921.067475,425963.2046644904
433921.067475,425963.2046644904
433921.067475,503117.48594168836
433921.067475,397258.76950122614
433921.067475,425053.96189075033
433921.067475,494504.19530623767
401754.2704,425047.6931236546
401754.2704,349568.5382310109
401754.2704,297204.20452017145
382648.50305000006,331698.46194502426
382648.50305000006,383410.492483529
516859.26812499994,592558.6214614367
516859.26812499994,681192.1462655378
516859.26812499994,678299.8290492665
516859.26812499994,591761.6256227822
516859.26812499994,564363.8643886716
516859.26812499994,553881.2559713208
271992.96395,233852.57982110244
271992.96395,268064.71738207346
271992.96395,232524.12821202952
498464.91115,584921.0295434933
498464.91115,549395.0181792147
498464.91115,649738.331497469
498464.91115,655586.6492797107
720725.9041500001,644572.7528047143
720725.9041500001,623108.7037226321
245372.91745,163947.766674503
245372.91745,286940.582192506
643307.7745999999,675004.9293197563
643307.7745999999,673189.4645129085
643307.7745999999,670367.3469348756
643307.7745999999,636183.7973265334
669145.1264000001,627246.2229168322
669145.1264000001,630339.3581659901
556378.228325,601146.2845661722
556378.228325,687044.9598552324
556378.228325,660045.3949807949
556378.228325,574075.8583677814
852471.3681,780139.5981450544
852471.3681,786047.3049759174
418378.71565,591974.7365802528
418378.71565,479563.21958387375
418378.71565,522753.8887858978
240749.449225,181690.20275794994
240749.449225,224505.5855867989
617238.05155,744472.7093515615
617238.05155,749616.3904162995
617238.05155,692542.1183649531
617238.05155,818197.3592247765
683616.5577,725564.2975636667
683616.5577,751369.9719520117
344956.30922500003,344574.0585583929
344956.30922500003,419399.747276911
625739.082,545138.589956015
625739.082,564267.5646294471
367552.634525,367172.47318034235
367552.634525,346930.8229708653
423616.2125999999,564716.8361055327
423616.2125999999,594996.3324408629
304135.5674499999,345557.1848329816
659873.2283999999,934377.5030685847
659873.2283999999,900508.2668558231
659873.2283999999,772561.0536588201
620305.446840625,642746.9955601377
620305.446840625,660649.3676436844
620305.446840625,981784.3742743385
620305.446840625,674758.8916643137
620305.446840625,1089373.3295879315
620305.446840625,643258.0138198927
620305.446840625,978894.9095152426
620305.446840625,656330.2077031147
620305.446840625,635724.7088026623
620305.446840625,942616.4014036627
620305.446840625,620598.1602753665
620305.446840625,941627.7247437447
620305.446840625,606487.9856410907
620305.446840625,941627.7247437447
620305.446840625,605337.5079596561
620305.446840625,977100.3601590248
776292.2671999999,730618.1549423428
602818.4149,562221.070346744
602818.4149,564579.388951366
607405.4633624998,640238.3542263254
607405.4633624998,573581.2065183702
607405.4633624998,571214.5880145911
607405.4633624998,561018.4033950268
418562.8852,459131.60330233525
418562.8852,570911.1379768283
418562.8852,463990.4057906701
290934.268575,234636.781622487
290934.268575,339793.65279296687
509800.8586124999,637832.8398600104
509800.8586124999,596538.4779810795
509800.8586124999,600159.1067811043
509800.8586124999,600880.4580944921
651834.5866428572,783132.3691938925
651834.5866428572,785108.657722236
651834.5866428572,874518.8054786029
651834.5866428572,783132.3691938925
651834.5866428572,771831.5070226167
651834.5866428572,849114.2111567021
651834.5866428572,771848.4403055778
583949.272075,962445.9392509478
583949.272075,637177.1626424234
418896.65820000006,639197.473289944
418896.65820000006,632484.5224170822
903831.864675,887138.9336961352
903831.864675,932656.3764518194
384012.86732499994,346870.3861380164
384012.86732499994,297105.2858922674
260613.939,199579.92779559758
260613.939,258413.7391267122
897510.8548999999,891408.6019019345
897510.8548999999,1033181.5634883123
897510.8548999999,867570.930404485
897510.8548999999,866161.6685422686
897510.8548999999,850361.3606153372
299871.43395,176948.98635561444
299871.43395,218099.32285894145
318426.88674999995,220417.45334119472
318426.88674999995,219440.40312129952
456010.07579999993,405120.09735830803
456010.07579999993,456789.50018480874
456010.07579999993,410142.3533385817
762373.7899499998,670293.5231917513
762373.7899499998,1102487.2847281136
762373.7899499998,677897.6307705417
197458.86,168400.3260202381
197458.86,164761.0824293421
197458.86,277580.87454712915
708350.9777000002,736208.9721980643
708350.9777000002,778611.1806264897
580464.9889714286,719888.7914471051
580464.9889714286,718833.5215730945
580464.9889714286,1002417.8804201658
580464.9889714286,978517.4745435566
580464.9889714286,692066.5134633024
580464.9889714286,692066.5134633024
580464.9889714286,704364.265107618
699292.1536,849439.5938487204
699292.1536,853984.2375943181
699292.1536,796731.2678628692
699292.1536,973839.2062897186
699292.1536,827340.1032112297
699292.1536,801159.5957411333
398592.1552,376354.2175266314
398592.1552,382095.83481248026
543896.307275,653017.3138754873
543896.307275,600098.8694381779
543896.307275,602751.6349942937
543896.307275,577213.9633135388
543896.307275,577213.9633135388
543896.307275,593294.6641159172
470865.61655,534705.6438802746
470865.61655,623540.1096378048
455690.292275,563478.4366172486
455690.292275,534330.3739655126
573662.8230499999,732135.4943796963
573662.8230499999,850298.6425897944
730044.4456,740383.9116092644
730044.4456,748371.786712647
730044.4456,748371.786712647
730044.4456,765062.120125421
730044.4456,1140526.6217514044
730044.4456,1110899.9852168446
730044.4456,729306.9034209992
264511.67855,276708.3539991637
264511.67855,168269.82728165103
255243.0224,196992.90780222043
255243.0224,189893.53151689837
567838.6072999999,505542.2916824478
567838.6072999999,503747.1746704301
1308173.04755,1678307.222895971
1308173.04755,1241463.8971953418
1308173.04755,1689134.2536690743
1308173.04755,1243509.1882411817
1308173.04755,1259115.0979839005
1308173.04755,1678307.222895971
1308173.04755,1692124.1708259387
1308173.04755,1674846.6392301265
1308173.04755,1219391.6110181045
560793.753125,611024.108531521
560793.753125,566959.1778556656
1145621.4466749998,1520888.236126197
1145621.4466749998,1071218.6572072164
509634.3148499999,514874.2522540902
343489.00989999995,376268.5774521198
343489.00989999995,307736.8955065124
343489.00989999995,299606.94437257294
382052.43334999995,358850.94108534214
382052.43334999995,462579.3199059743
539918.4608249998,719905.0819397994
539918.4608249998,789849.221839833
622858.9608980769,769688.541477356
622858.9608980769,782139.6099558308
622858.9608980769,759131.1028800865
622858.9608980769,782139.6099558308
622858.9608980769,799910.9718314323
622858.9608980769,760075.0767641894
622858.9608980769,783521.0196250887
622858.9608980769,743452.1992611664
622858.9608980769,735088.440624079
622858.9608980769,758633.5156922156
622858.9608980769,743452.1992611664
622858.9608980769,720440.3581711308
622858.9608980769,1151166.8539111644
345174.84455,499920.20181930816
345174.84455,333211.2570582197
345174.84455,377780.06614389224
415416.97660000005,356829.39458138746
415416.97660000005,354968.8396195847
415416.97660000005,352412.4034371991
415416.97660000005,341403.6470455624
301548.87637499993,197035.73689720064
301548.87637499993,235110.51524199877
793935.9274199998,941114.834947262
793935.9274199998,1099638.357073284
793935.9274199998,885436.5619138267
793935.9274199998,945720.0939239239
793935.9274199998,866840.5769960019
355722.71682499995,289770.15979901643
355722.71682499995,251683.64752310922
904419.9813,992954.0051110499
904419.9813,1441959.5052680734
904419.9813,962856.6680188109
904419.9813,1441740.709937769
904419.9813,965932.6477271998
904419.9813,944747.7120936865
508965.0973,602750.3354438496
508965.0973,465322.6209501789
337767.098,259706.75441214367
337767.098,360164.9437124398
577516.877,664218.0879489239
577516.877,723834.6972558122
577516.877,655709.0507021142
577516.877,644422.5987752418
577516.877,727797.4916731167
577516.877,631324.3088933013
798697.7440749999,788047.1907989812
798697.7440749999,1241807.5408815918
718886.63275,641536.5849114442
718886.63275,683851.6603880248
718886.63275,646203.134536763
553924.1849999999,617515.6647895338
553924.1849999999,608043.2783764061
486528.3253,496868.5452560504
486528.3253,515170.10654576897
729366.02375,775542.2208875685
729366.02375,1194988.934845944
729366.02375,1182430.310349274
729366.02375,789495.146203041
729366.02375,764837.2890861605
729366.02375,730331.128289332
729366.02375,1147125.7435903226
729366.02375,730247.7900463011
729366.02375,1175006.1900155921
409907.778175,389283.2865512729
409907.778175,374999.68863218365
356350.44005000003,330692.3698288976
356350.44005000003,347170.5495446889
380453.71965,709746.1714464739
380453.71965,448702.3637891009
380453.71965,445076.18976582645
683923.27175,701217.1858541159
683923.27175,661467.1151698454
683923.27175,770410.295734891
599447.8068,555864.809209073
599447.8068,553719.8470847987
599447.8068,557586.1838672356
599447.8068,539159.3783280727
587240.26,920339.8081332501
587240.26,601501.844577281
587240.26,613608.4905173727
587240.26,638580.5508036547
587240.26,623386.0930927558
839942.3798437499,742565.3352835817
839942.3798437499,1147017.5528102217
839942.3798437499,731227.0316589144
839942.3798437499,732490.6757717843
839942.3798437499,736890.8346961902
839942.3798437499,1147017.5528102217
839942.3798437499,731227.0316589144
839942.3798437499,716718.8297126762
259714.564475,219557.4414966703
259714.564475,186247.7314607852
289908.38409999997,377914.2604122286
289908.38409999997,315136.45730880555
289908.38409999997,417470.6763360143
859148.8643749999,861765.1434667517
859148.8643749999,1311194.3420322966
605373.0386375,707662.3233506156
605373.0386375,708173.3416103706
605373.0386375,748956.6852295466
605373.0386375,828233.5306058376
346398.275875,255542.64369357302
346398.275875,300335.9251766932
451835.550325,534987.8683158777
451835.550325,625840.6879677186
569783.3839,645595.7785709535
569783.3839,645595.7785709535
569783.3839,854409.2618819663
569783.3839,616442.0946908402
569783.3839,675527.9941471108
569783.3839,689755.0271016534
381520.4328,312131.9006633033
381520.4328,436057.54911095486
338998.129,330851.5197397331
338998.129,323963.74423724663
563689.3886,512799.5408039573
563689.3886,523685.8604008022
616244.8876454546,976768.9900238523
616244.8876454546,670830.3125898109
616244.8876454546,670830.3125898109
616244.8876454546,1086511.2461165958
616244.8876454546,1083739.5469138878
616244.8876454546,659681.0156841247
616244.8876454546,979321.8938962561
616244.8876454546,939362.9893017063
616244.8876454546,938682.0731968929
616244.8876454546,963544.1561385756
616244.8876454546,990383.8574901251
482295.726,661858.720139521
482295.726,662312.0013825842
482295.726,531270.1233884552
482295.726,517523.566723955
482295.726,651301.8388237657
482295.726,624106.5808748417
375426.7275,434464.80021600553
375426.7275,447765.9131804408
599150.590375,799009.4044969273
599150.590375,704595.358650288
599150.590375,796703.8980390462
599150.590375,783647.3811195751
631397.0556,559959.5304025565
631397.0556,655880.6671035658
256111.35784999997,258740.79893068725
472393.17115,540568.4230478248
472393.17115,488140.3846170596
472393.17115,531888.9439459704
600595.6155499999,666598.3507843798
600595.6155499999,1074437.3479060347
573687.7517499999,661925.8979646676
573687.7517499999,842559.0744882231
601049.15894,832771.0889161396
601049.15894,834164.2006363084
601049.15894,835398.5297126204
601049.15894,816365.406347462
601049.15894,686096.913222065
738156.34735,1075468.257339492
738156.34735,1196727.3373937658
738156.34735,797278.7265098725
738156.34735,1078239.9565422
738156.34735,795672.5648079615
738156.34735,798450.8339565648
738156.34735,1043052.4615718531
738156.34735,1074267.1238472578
738156.34735,767562.924062477
738156.34735,759358.8213844943
602643.820925,811472.3301772019
602643.820925,720018.5753004968
602643.820925,678227.2910552198
602643.820925,668860.7786106326
602643.820925,669789.1588985692
602643.820925,667579.2206739909
535203.8324000001,706263.9862760163
535203.8324000001,637220.8674970372
420045.0040999999,477321.1874436488
420045.0040999999,390173.74868555367
420045.0040999999,373700.9086499925
1262446.027,978754.5780057698
1262446.027,1494699.8458928955
493174.509375,639620.9341801055
493174.509375,569534.2667963296
493174.509375,563492.6498195971
493174.509375,635831.898373738
493174.509375,566501.645525378
493174.509375,537950.7179565234
493174.509375,565761.7139436355
493174.509375,518872.80291541654
315756.742225,267377.78061627975
315756.742225,314614.31218712043
405486.7115375,527427.4811315984
405486.7115375,528976.1651816663
405486.7115375,417723.5903747964
405486.7115375,429124.15657127206
603076.5886,652672.8064372935
603076.5886,826772.210384673
336507.98384999996,356611.61073124805
336507.98384999996,353797.2083697742
336507.98384999996,426734.3157552851
648560.47175,577231.8824312908
648560.47175,635766.6651243311
648560.47175,567673.3230478545
254123.090975,255367.60462708666
254123.090975,325692.83530862513
769618.76655,1146257.8698477931
769618.76655,1214771.5132085162
769618.76655,1214771.5132085162
769618.76655,761671.1442433549
769618.76655,756581.4793491045
769618.76655,721768.6766214897
769618.76655,721768.6766214897
769618.76655,1121838.1739051377
769618.76655,1189069.6947276485
2487520.255010526,2647852.0229511485
2487520.255010526,2647277.8076490695
2487520.255010526,3120402.370637546
2487520.255010526,2667576.262489221
2487520.255010526,3142426.3258437677
2487520.255010526,2625699.366083109
2487520.255010526,3142426.3258437677
2487520.255010526,2621215.7496836795
2487520.255010526,2649478.3966806815
2487520.255010526,2626006.3611267284
2487520.255010526,2545237.957263957
2487520.255010526,2559055.898832505
2487520.255010526,2564391.984312442
2487520.255010526,2559055.898832505
2487520.255010526,2545237.957263957
2487520.255010526,2559055.898832505
2487520.255010526,2549097.4742045794
2487520.255010526,3031564.991312174
2487520.255010526,3170873.290359798
473864.26735,555394.9767408718
473864.26735,448107.91502808366
473864.26735,466193.65416136803
473864.26735,442061.7736678673
473864.26735,540843.4371304977
473864.26735,454517.1542385198
534609.0813999999,471762.3970699755
534609.0813999999,468715.81083695934
534609.0813999999,548391.5074974367
388851.7648,518578.4699676264
388851.7648,455160.3886143558
342761.12465000007,387605.4898009612
342761.12465000007,387605.4898009612
342761.12465000007,278043.4628239379
342761.12465000007,269994.5326030218
315851.431225,327057.88979847997
315851.431225,257147.11847501068
552971.4384,604497.2598542607
552971.4384,584824.4674701053
850257.3004999998,916007.3807991783
850257.3004999998,1332671.1777327298
767354.2093,738514.5000299497
767354.2093,1143389.4482202148
767354.2093,740824.3697483873
767354.2093,747178.9492265559
767354.2093,733723.8885869005
767354.2093,1080152.6139460444
767354.2093,1100775.4173468356
767354.2093,690560.2480290066
767354.2093,691241.1641338201
804927.9524928571,1138616.8463219318
804927.9524928571,730601.3881866466
804927.9524928571,736656.3298270041
804927.9524928571,730601.3881866466
804927.9524928571,742106.2303991935
804927.9524928571,714890.0480695969
804927.9524928571,725635.3517329639
593843.1444499999,581093.9704964444
593843.1444499999,587761.9344138363
737374.6050999999,697532.5233897754
737374.6050999999,808928.2417600147
246633.42125,222809.40275343048
246633.42125,291776.53630762943
246633.42125,225169.9163365306
246633.42125,260137.61770368787
413920.03841249994,421191.10509457556
413920.03841249994,401456.8062056705
413920.03841249994,431653.9716912246
413920.03841249994,416841.3443182132
2294299.0245999997,2762560.114981182
2294299.0245999997,2726331.3500578706
754662.5448285714,1079539.4329866539
754662.5448285714,952162.9420840717
754662.5448285714,952162.9420840717
754662.5448285714,1076541.8296743548
754662.5448285714,1072508.6359611007
754662.5448285714,945924.7981806414
754662.5448285714,873980.5584084442
603135.32825,642170.1199667483
595866.6732,866732.0305875138
595866.6732,761088.1787998179
314352.46339999995,328153.474630338
314352.46339999995,377945.98152373434
314352.46339999995,408301.2788124293
356421.65695,319204.8458435963
356421.65695,322084.1016991732
556075.7727999999,688902.0476594644
556075.7727999999,600118.2674102244
556075.7727999999,746050.4957236778
780194.0729999999,680582.721069788
780194.0729999999,678254.567031469
780194.0729999999,1088894.852439831
237070.22949999996,207124.68777616753
505933.18495,798513.315149218
505933.18495,676154.2859163082
505933.18495,585025.8901386925
505933.18495,598203.3386919801
222170.36095000003,189142.05201591825
222170.36095000003,345254.882261512
574530.4319750001,661036.0353055954
574530.4319750001,691132.3682487636
555606.1225,514095.3885028919
555606.1225,624948.1437079336
555606.1225,512831.744390022
555606.1225,625166.9390382378
555606.1225,516964.92647694575
555606.1225,537647.7789970167
555606.1225,619270.2430404009
548211.3153,672084.9069767015
548211.3153,748462.7256964282
548211.3153,862946.9460158653
548211.3153,732094.5310746825
548211.3153,792830.9950084806
538857.3222,561053.8622474977
538857.3222,966885.9111511493
512955.02255,480236.1361409761
512955.02255,442323.1516489127
481370.91015000007,438712.5110143707
481370.91015000007,600367.3811774433
481370.91015000007,424491.2878937888
481370.91015000007,602315.5775182918
253294.49004999996,247782.11387884303
253294.49004999996,247527.27370067564
253294.49004999996,298291.3924988668
808118.4661000001,1075387.5711889418
808118.4661000001,1079371.3850257727
346815.6025,503385.9390235575
346815.6025,360180.5640762567
346815.6025,483123.0024876032
546137.94535,594448.3544637132
546137.94535,594448.3544637132
546137.94535,602907.2037231203
546137.94535,617663.2865001004
546137.94535,711296.1924079631
546137.94535,595236.4911069748
546137.94535,585974.2072314848
809421.20745,705293.1462895245
809421.20745,1111781.1476926291
809421.20745,704029.5021766546
809421.20745,1111745.401674657
809421.20745,715518.5407916137
809421.20745,705988.5252195313
242248.21707499996,315877.27238844906
242248.21707499996,232014.9982750399
266425.48067499994,198844.78279188887
266425.48067499994,228392.57404155273
587100.0051999999,1052631.8982869433
587100.0051999999,1125552.281370936
351098.82865,292523.2498734601
351098.82865,282043.5013124776
541609.3532499999,524053.8254192195
541609.3532499999,516251.74296072073
310009.92175,319711.7784977764
310009.92175,249613.08386357076
843764.9874,830098.8312842676
843764.9874,827863.6584023156
427135.53215,401667.1174897366
427135.53215,405244.7878184763
284324.707325,272460.8715646879
284324.707325,317129.4242772003
592199.87184,751792.2113002337
592199.87184,751940.4821696188
592199.87184,752451.5004293738
592199.87184,726526.9711099198
592199.87184,679378.8167482733
242852.7494,247503.09225824493
242852.7494,249269.00441571057
553980.3195499999,550220.015243107
553980.3195499999,1099166.3166456807
638171.712675,748032.159884911
638171.712675,805285.1296163597
638171.712675,748032.159884911
638171.712675,721637.1988061139
638171.712675,729948.1285740169
638171.712675,1011361.8642039686
385392.5541250001,346442.51599225693
385392.5541250001,303861.3579940551
547064.0184,549184.0058254999
547064.0184,599279.6558082831
413358.8338749999,470269.08646646107
401870.9139,352783.3709276332
401870.9139,343133.30987403885
1317311.02255,1137659.7929510172
1317311.02255,1139261.3284617853
1317311.02255,1132869.181507968
1317311.02255,1145426.7073729914
1317311.02255,1600727.7278835513
1317311.02255,1135614.5019051773
1317311.02255,1130572.9802063021
1317311.02255,1582118.7940034484
1317311.02255,1138528.2728944109
1317311.02255,1582424.512821889
595604.0678,795705.2321109
595604.0678,879927.9137243956
595604.0678,795705.2321109
595604.0678,720388.0484884284
697218.7162,690306.7871458535
697218.7162,712819.0464651941
577450.4991571428,1002199.0850898616
577450.4991571428,981289.1737462645
577450.4991571428,1004970.7842925696
577450.4991571428,718833.5215730945
577450.4991571428,692984.2432168871
577450.4991571428,647597.8369963636
577450.4991571428,667842.5989035227
644980.93875,1157541.9624519262
644980.93875,1167008.3068078752
480471.55285,554836.3370413665
480471.55285,461092.5536973791
480471.55285,447852.4546948713
664397.9852500001,699584.7141706495
664397.9852500001,716634.8918048841
805923.76883,709362.0691070184
805923.76883,708851.0508472634
805923.76883,708851.0508472634
805923.76883,770018.3485658866
805923.76883,682115.1218871857
429107.1874249999,398990.3553330226
429107.1874249999,415656.4487546889
460012.75184999994,445808.71528757864
460012.75184999994,445808.71528757864
460012.75184999994,511618.617038502
460012.75184999994,498889.8576488291
752712.29865,885974.4079907159
752712.29865,862734.1898295145
444172.1550999999,406280.8856402674
382776.4320625,359187.67102295626
382776.4320625,359187.67102295626
382776.4320625,394324.2061318815
382776.4320625,483646.1980899011
915478.767725,837372.2879035185
915478.767725,839993.707700412
634561.65345,715351.4968590365
634561.65345,1112389.5562672934
634561.65345,1201229.9399079732
278800.0429,233030.28795432928
278800.0429,200267.53039956657
278800.0429,196448.45587784826
555449.47868,767599.4953639337
555449.47868,621846.0647151704
555449.47868,812900.8410341769
555449.47868,599926.0126211325
555449.47868,640757.1730633407
944721.1621392858,904741.1151638004
944721.1621392858,1343495.2568939128
944721.1621392858,913797.6950169494
944721.1621392858,881035.9424661818
944721.1621392858,897143.4086216342
944721.1621392858,913797.6950169494
944721.1621392858,909007.0835739002
944721.1621392858,885826.553909231
944721.1621392858,907438.0790496821
944721.1621392858,1319543.293608975
944721.1621392858,1294670.7384811463
944721.1621392858,1317806.1605281
944721.1621392858,1317806.1605281
944721.1621392858,1336887.6214714148
414082.9849,487234.0028583477
414082.9849,385823.8697013767
588169.0377142857,636670.4920433386
588169.0377142857,1079517.0004690487
588169.0377142857,969722.3430086786
588169.0377142857,635104.203909573
588169.0377142857,669858.1153024209
588169.0377142857,652687.7125894543
588169.0377142857,605488.6928491999
532809.6192,447971.9286855388
532809.6192,464384.37762768473
334011.24145,355783.2852043914
334011.24145,316330.6101001848
334011.24145,299627.69536157645
334011.24145,304708.02647451335
591504.5436937499,660902.3571784712
591504.5436937499,660391.3389187162
591504.5436937499,975165.2883949874
591504.5436937499,643318.8484985898
591504.5436937499,660902.3571784712
591504.5436937499,651747.6354827429
591504.5436937499,660391.3389187162
591504.5436937499,676032.4848922745
603596.3844999999,640769.042140105
603596.3844999999,687143.8130919539
603596.3844999999,685851.7540432822
603596.3844999999,740528.2362165529
492539.7981,499870.16575586016
492539.7981,451541.4595451816
492539.7981,454091.8217770262
309401.23065,369626.6298108236
309401.23065,291195.3486913832
711002.8580250001,704097.4932880764
711002.8580250001,690641.8952823563
711002.8580250001,1093493.5752706253
711002.8580250001,701531.4689887008
711002.8580250001,680127.5765708296
711002.8580250001,681786.8959742022
827323.8233625,1145678.5959254957
827323.8233625,749473.4727429671
827323.8233625,738651.3882198414
827323.8233625,737968.6305304202
827323.8233625,749473.4727429671
827323.8233625,1135575.3584000075
827323.8233625,694804.9070164378
827323.8233625,1107696.882329062
827323.8233625,1108377.7984338757
827323.8233625,692764.7949051664
827323.8233625,699051.056857483
827323.8233625,706163.5442773842
542353.888225,703630.9495579877
542353.888225,543584.0713723574
542353.888225,703865.8422787323
542353.888225,674179.1437913527
542353.888225,568155.5767115238
542353.888225,649386.4199731909
264269.410325,203381.08484055684
264269.410325,247418.64781880908
615072.673,723362.4320981903
615072.673,713445.8402117456
830922.67575,738766.1352479672
830922.67575,743353.0564024966
830922.67575,729161.175846534
830922.67575,727845.4065739665
830922.67575,726845.2147431228
830922.67575,1149579.7751477691
830922.67575,743464.1948442899
218249.35555000004,317619.2278359417
218249.35555000004,227730.111942339
218249.35555000004,186977.71336876333
368634.9526,406224.7641614995
368634.9526,333401.22530994395
305294.20509999996,219465.51139806764
305294.20509999996,327693.0458954528
305294.20509999996,257804.62724817282
833298.7401625001,1134797.8883908
833298.7401625001,1135387.8006700869
833298.7401625001,739151.0261077893
833298.7401625001,734360.4146647401
833298.7401625001,740714.9941429087
833298.7401625001,688728.6102223052
833298.7401625001,1097441.8330916255
833298.7401625001,725832.180117342
520114.51285,485050.8345862132
520114.51285,598556.7799718617
520114.51285,605455.3234774661
520114.51285,508703.83193118445
520114.51285,481157.2448603874
2564874.8559,2504648.8780544917
2564874.8559,2528353.5045133033
2564874.8559,3033285.7724086014
431067.866,578964.4802896107
431067.866,403182.80814503616
618251.67988,716301.3442189937
618251.67988,772202.5748430615
618251.67988,716591.3318730042
618251.67988,688599.3516233383
618251.67988,772168.5383826512
586956.8316250001,569134.7676581513
586956.8316250001,659226.5982680711
586956.8316250001,641384.860084373
586956.8316250001,554479.1872653447
461769.43285,544789.8981186829
461769.43285,564746.1221202018
541706.7168,905958.2437484409
541706.7168,601213.5581421449
990194.777,1244777.175825514
990194.777,1229853.645628094
251760.19899999996,217904.7523004652
251760.19899999996,276317.0998768041
251760.19899999996,214896.9826401451
257928.34809999997,190012.32084484253
778791.713,742200.3890980833
778791.713,1227570.2533983234
229897.9543,242260.3357174935
229897.9543,242495.22843823815
229897.9543,221850.61445473303
843987.8801,796056.7776331076
680708.8723892857,994900.283608648
680708.8723892857,987708.3562074733
680708.8723892857,795210.1895275327
680708.8723892857,853742.6069694394
680708.8723892857,825580.4546439686
680708.8723892857,973339.9140420777
680708.8723892857,843585.671051199
796494.8201,826214.662811132
796494.8201,819909.3635344259
584418.7821499999,622358.129237406
584418.7821499999,755346.9093359937
309474.01605,305590.9493077674
309474.01605,307274.15543261636
545640.9273,740852.025877542
545640.9273,623839.8722585343
550591.0089750001,549225.7534938783
550591.0089750001,567457.7450693789
550591.0089750001,567457.7450693789
550591.0089750001,524749.7590257267
550591.0089750001,559305.6575657882
550591.0089750001,673927.4611168994
618417.9402999999,753096.657897111
618417.9402999999,751269.0706655562
618417.9402999999,938064.7637970839
618417.9402999999,897151.7629727386
316496.25825,277860.9045609482
316496.25825,293251.17651616485
316496.25825,311917.1611085309
316496.25825,306893.5547543338
316496.25825,286609.35171723535
316496.25825,266892.6624500285
666067.33912,780336.1575775146
666067.33912,965274.9623003921
666067.33912,847624.6895335512
666067.33912,836110.9655910113
666067.33912,765368.382364843
429160.8645,327470.7858904854
429160.8645,356210.08743753785
700880.2387562499,742747.0045980465
700880.2387562499,873935.5512694379
700880.2387562499,783015.3077295544
700880.2387562499,755450.2176047363
700880.2387562499,734005.0121078683
700880.2387562499,849105.4931049867
700880.2387562499,771714.4455582785
700880.2387562499,754521.1546665672
789524.2353999999,1130636.3002055336
789524.2353999999,696735.4968307604
789524.2353999999,688209.3510932465
360392.2410125,328232.1197897258
360392.2410125,467790.17286123784
360392.2410125,446313.22269379563
360392.2410125,355912.9303528306
314310.981825,284005.49459023186
314310.981825,284005.49459023186
314310.981825,435589.1663704454
314310.981825,339668.96595360746
524803.88435,638178.7505393636
524803.88435,533547.01601219
524803.88435,526740.6470705998
741217.0140000001,1061997.7669430724
741217.0140000001,648906.0291050503
387601.79365,681400.1618111006
387601.79365,467130.3202072499
387601.79365,533614.9183198337
387601.79365,458395.95074297546
702389.71655,833048.078932606
702389.71655,877405.1096513893
599899.10295,660476.7008719909
599899.10295,638720.3242479876
708489.708775,630236.0488056435
708489.708775,705846.1854832624
489120.6621,607968.6444206289
489120.6621,609995.6377767457
489120.6621,607733.7516998843
489120.6621,433427.0977235452
422948.73279999994,379376.7683110308
422948.73279999994,391038.49855501426
608785.15527,973915.4404950415
608785.15527,654288.4889542257
608785.15527,973915.4404950415
608785.15527,974134.2358253457
608785.15527,1081622.1613650226
608785.15527,638267.7258634962
608785.15527,654799.5072139807
608785.15527,638267.7258634962
608785.15527,935967.3396187304
608785.15527,616299.607359979
608785.15527,615618.6912551655
608785.15527,600358.0389394551
608785.15527,600358.0389394551
608785.15527,600358.0389394551
608785.15527,628890.2490658908
967274.7687125,996528.2573313039
967274.7687125,1008125.8077547459
967274.7687125,993912.1840291652
967274.7687125,970497.039805736
967274.7687125,1007992.9454292208
967274.7687125,965798.8014415881
967274.7687125,968679.9923348553
967274.7687125,1391916.6544154761
437353.0722,434706.31551192375
207880.36845,134446.8382832997
207880.36845,128968.32119096199
244852.03799999997,306556.9733539191
244852.03799999997,304025.1765556921
578895.354075,967328.71469936
578895.354075,640805.4380668584
816446.3938636363,765049.4696896948
816446.3938636363,748754.0160340986
816446.3938636363,763815.2559602977
816446.3938636363,754227.3851665689
816446.3938636363,753544.6274771478
816446.3938636363,748754.0160340986
816446.3938636363,766613.4377248143
816446.3938636363,710555.2303926628
816446.3938636363,710555.2303926628
816446.3938636363,713091.4648343513
816446.3938636363,727268.3405879558
242233.638425,156542.18401265494
242233.638425,196992.90780222043
315081.68345,335134.62379874475
315081.68345,343806.25590501644
353194.75234999997,414074.4333174626
202044.574325,198686.11082028993
202044.574325,284672.7939705095
607258.6159249999,593237.8327579696
511397.08302499994,600862.5582809913
511397.08302499994,646490.0070205214
595556.4287,654871.1796409773
595556.4287,675712.0471976486
781124.4704000001,1041367.92408113
781124.4704000001,1090282.8210874144
295410.868525,343143.3387228249
295410.868525,343143.3387228249
295410.868525,288260.15308335086
295410.868525,290407.2215437952
295410.868525,344468.1771990411
295410.868525,252422.8731260955
449013.18485,548828.9589668842
449013.18485,548828.9589668842
449013.18485,603835.1274168355
537722.250675,683567.2541845825
537722.250675,669123.914136341
544424.7551749999,938976.8898342643
544424.7551749999,704780.1950063955
544101.1391,657280.0670767096
544101.1391,611673.1498371239
331445.21745,291118.5843770415
331445.21745,350955.65550550295
331445.21745,253114.15894092177
545218.69475,649636.7159292689
545218.69475,595796.0339462844
545218.69475,571510.572082986
545218.69475,661930.6864930971
1180708.5905000002,1459898.8383376794
1180708.5905000002,1491969.47308505
498348.84844999993,469892.1309735093
498348.84844999993,469003.0450147649
270052.6394,325132.93402689905
270052.6394,190166.26692053874
625101.85855,597673.8307051958
625101.85855,624010.5891369374
359690.0235,251356.73366251338
359690.0235,366342.9904637009
359690.0235,244482.56953895843
559579.04345,633642.1816722074
372723.33345,491271.29671609565
372723.33345,338111.5059988187
372723.33345,327404.19154370256
555963.6759250001,662888.2639722365
555963.6759250001,662888.2639722365
555963.6759250001,509928.2339328024
555963.6759250001,661407.2504441765
451611.6486999999,474240.55176307226
451611.6486999999,474240.55176307226
451611.6486999999,413895.6530644115
351046.06085,243162.35953005264
351046.06085,247948.3526683888
749810.3940500001,1214750.9329559205
749810.3940500001,874580.6916128368
848092.3159071428,748770.4142850337
848092.3159071428,749940.6542365246
848092.3159071428,860561.6346684787
848092.3159071428,772022.7205122317
848092.3159071428,754152.4598585347
848092.3159071428,754960.9309911228
848092.3159071428,843374.7471245482
205713.64205,152934.25691090542
205713.64205,229779.72441966034
301665.04565,233400.4503131766
301665.04565,230944.42125449784
458989.43925,560277.2865488967
458989.43925,407329.92085778964
458989.43925,455252.4334980227
503385.93921249994,558381.9891558303
503385.93921249994,558147.0964350856
503385.93921249994,559801.8818490318
503385.93921249994,501137.1977495094
494998.7452875,562108.3123456946
494998.7452875,633976.4783199327
494998.7452875,635743.3260239549
494998.7452875,561597.2940859396
494998.7452875,566464.5804184641
494998.7452875,538669.3880289401
814142.5800000001,762494.0238076709
814142.5800000001,786674.2522131077
814142.5800000001,1201956.9644323024
814142.5800000001,786674.2522131077
814142.5800000001,781224.3516409184
814142.5800000001,746244.7455479682
742950.0782375002,752826.3121864547
742950.0782375002,768470.6651258644
742950.0782375002,744769.7201982809
742950.0782375002,752073.6863333398
742950.0782375002,748730.859073263
742950.0782375002,727810.7485225984
742950.0782375002,727810.7485225984
742950.0782375002,768643.2934288187
732418.5485399999,890623.3510236127
732418.5485399999,846797.575925213
732418.5485399999,1048936.0652379524
732418.5485399999,1049154.8605682566
732418.5485399999,879618.2001715539
771922.01195,1120342.9011686884
771922.01195,1135159.7798392414
771922.01195,730991.4611776687
771922.01195,1132085.4366156377
771922.01195,737045.7167335877
771922.01195,693923.3039721876
808356.9125499999,1118778.9806196908
808356.9125499999,1103586.7830094846
927270.60985,795530.0619241284
927270.60985,798622.8938532204
927270.60985,807758.8265130584
440956.09573750006,518418.22588645946
440956.09573750006,413175.4329126611
440956.09573750006,440374.67895979446
440956.09573750006,441724.86144418793
440956.09573750006,413248.75294985046
440956.09573750006,415297.7740605619
870071.7249249999,810341.8056221496
649479.6703124999,1100787.5507225557
649479.6703124999,1100787.5507225557
649479.6703124999,751866.432675642
649479.6703124999,748664.7676064407
649479.6703124999,1100669.785166168
649479.6703124999,1101192.861002153
649479.6703124999,1100972.4291870636
649479.6703124999,1135894.5512020201
788841.078125,1150388.791103618
788841.078125,747859.4586497624
788841.078125,747859.4586497624
788841.078125,724681.3283701659
788841.078125,734912.3001263707
788841.078125,753977.7407076239
788841.078125,695195.8095127295
788841.078125,1105265.3415717639
788841.078125,690020.9952311848
788841.078125,1164033.4810244995
536094.37745,614020.9515372752
536094.37745,758472.8352883344
536094.37745,614787.6732837991
536094.37745,738430.8333728589
755165.7056,826734.0079346813
428993.3587,500204.80539522495
428993.3587,439741.246617957
536338.2353,597014.2768235831
536338.2353,608382.4933797269
611029.7108333334,702987.2055509689
611029.7108333334,702476.1872912139
611029.7108333334,1056818.4720599211
611029.7108333334,699644.3782908921
611029.7108333334,1053962.9241666216
611029.7108333334,1033690.6634917685
611029.7108333334,671736.3358457043
611029.7108333334,1015166.339252423
611029.7108333334,721936.9242134223
418263.068,577658.2811155659
418263.068,577658.2811155659
418263.068,572136.3957756348
418263.068,603364.9848245361
801699.12495,775146.5569891522
801699.12495,796912.8089942433
561048.1547,506530.968805121
561048.1547,500625.4614355806
561048.1547,528029.8680240179
556522.0804,650858.5682480193
556522.0804,649428.4432360051
556522.0804,654965.1469601674
785678.8522499999,725264.6307152247
785678.8522499999,743002.4006816655
785678.8522499999,725923.9198443649
785678.8522499999,744266.0447945354
785678.8522499999,744185.932890722
785678.8522499999,744566.368716785
785678.8522499999,744185.932890722
785678.8522499999,716505.0171197122
2310344.45835,2284580.989521679
2310344.45835,2866530.9036464426
591698.0791250002,623145.0180682394
591698.0791250002,613009.8167851599
290193.64389999997,262355.0136066833
290193.64389999997,320531.26891898015
290193.64389999997,231197.8637976604
849405.2648062501,1181287.2942623254
849405.2648062501,773582.1613194572
849405.2648062501,768791.5498764081
849405.2648062501,786060.7019812718
849405.2648062501,773582.1613194572
849405.2648062501,1180702.9430537727
849405.2648062501,1181251.5482443532
849405.2648062501,733347.1321935027
849405.2648062501,1147086.2807398431
849405.2648062501,736259.5925454781
849405.2648062501,733807.6113930584
849405.2648062501,764421.6214574445
804675.6371499998,720393.126444163
804675.6371499998,721052.4155733031
804675.6371499998,1121456.2584674817
804675.6371499998,712736.4334166307
804675.6371499998,721052.4155733031
804675.6371499998,727106.6711292221
804675.6371499998,709997.8066473816
602942.68425,907630.9488348265
602942.68425,725726.522156213
926388.0816125,979191.4259912624
926388.0816125,984092.2065083742
926388.0816125,978443.2761094667
926388.0816125,979191.4259912624
926388.0816125,928577.7576586702
926388.0816125,972394.2390438977
926388.0816125,928978.7736156596
926388.0816125,1195902.622827048
1134195.39585,1419458.0151544968
531089.37195,500879.0913350331
531089.37195,534725.8815416789
531089.37195,622233.1922866678
859097.7215687499,810167.9242390945
859097.7215687499,1247773.139928904
859097.7215687499,1247773.139928904
859097.7215687499,1247737.393910932
859097.7215687499,820213.5789958775
859097.7215687499,805377.3127960453
859097.7215687499,1246094.539480396
859097.7215687499,1249099.1706496843
991322.9887142858,945079.5161818815
991322.9887142858,921629.1148201465
991322.9887142858,1114860.3927563978
991322.9887142858,1088559.069053464
991322.9887142858,942422.8822077921
991322.9887142858,1081672.045897305
991322.9887142858,911974.2525098547
411486.8465,504252.35325903015
411486.8465,381751.3023780508
411486.8465,396991.90360216517
203848.15934999997,215640.2533910215
203848.15934999997,224118.4160001527
203848.15934999997,259830.6520452581
735402.0007999999,756779.6945980694
735402.0007999999,760711.9927564563
735402.0007999999,783683.1608726312
617628.3458999998,645793.2170621452
617628.3458999998,649393.9274304925
555584.2402,557314.6565741644
555584.2402,582409.559134022
449798.04779999994,418619.663164779
479012.34975,518661.6456863987
479012.34975,518275.12130228884
479012.34975,487241.96354899474
396231.04495,371722.94408937433
396231.04495,368423.92143041047
566327.770975,821830.2929423354
566327.770975,638346.0445206423
566327.770975,639313.9077645513
566327.770975,631621.0728545713
964579.8134,1046030.6610442521
964579.8134,1464576.5361803484
964579.8134,1466560.1543013358
964579.8134,1009234.1775043607
964579.8134,1014900.5308688087
964579.8134,1040332.7410043209
593949.6755499999,642980.0631687706
593949.6755499999,618300.2906787745
593949.6755499999,653086.5237446142
593949.6755499999,607872.8685726981
498393.44991428574,492883.90285491565
498393.44991428574,492883.90285491565
498393.44991428574,593029.1793668669
498393.44991428574,599371.1190456381
498393.44991428574,495190.47415680694
498393.44991428574,494509.5580519935
498393.44991428574,469326.12387431564
167424.67664999998,142449.5217328358
167424.67664999998,94812.02163778886
790426.5129999999,676470.5594283496
790426.5129999999,1124525.1300588467
790426.5129999999,1107136.1099694632
666037.36255,696512.8616148842
666037.36255,1007115.3547784607
861407.4545250002,766671.2476494568
861407.4545250002,791427.347674032
614216.8483,929166.4000983275
555346.5387,512911.9139298115
555346.5387,519487.7491618594
427823.3863,608627.8185678074
427823.3863,538942.9892384857
427823.3863,599268.0176244925
679528.0078857142,700590.8801990735
679528.0078857142,1131918.1369804495
679528.0078857142,1128458.868164631
679528.0078857142,1125624.4028053654
679528.0078857142,1128458.868164631
679528.0078857142,700590.8801990735
679528.0078857142,1140664.4043630315
497754.86629,481681.2959546379
497754.86629,477948.6226544954
497754.86629,508936.9045079963
497754.86629,479766.1011740158
497754.86629,476771.20993685967
521188.826575,519170.07845810754
521188.826575,473828.1060437843
601022.9980923077,650792.440335584
601022.9980923077,975522.2117105727
601022.9980923077,654296.9244326683
601022.9980923077,640084.5566553292
601022.9980923077,656605.5190696181
601022.9980923077,1083199.00535674
601022.9980923077,669271.5708017128
601022.9980923077,656620.7950022785
601022.9980923077,934579.746990314
601022.9980923077,599065.044128296
601022.9980923077,599065.044128296
601022.9980923077,615006.6125488199
601022.9980923077,615257.4039527661
399093.6057500001,431532.6441369507
399093.6057500001,381420.20879204705
399093.6057500001,373076.8076511368
728606.7028,806073.364192381
728606.7028,862831.1192616629
728606.7028,1003257.4308599143
728606.7028,997113.9534426299
728606.7028,982701.2680592248
728606.7028,779630.9004409303
728606.7028,795309.1260576254
219287.25365,213989.41595485492
219287.25365,315174.1575456793
219287.25365,338731.166437399
219287.25365,319330.75513885665
539967.6228,665561.4449168363
539967.6228,764665.7760759938
539967.6228,663238.0910615624
539967.6228,606224.3283105999
539967.6228,606224.3283105999
539967.6228,625404.163391918
782295.6342499999,681925.3814922777
264549.7799,324739.14844865695
264549.7799,218884.48852407717
351897.4052,396305.70606204856
351897.4052,389169.1074060426
351897.4052,408024.25554131507
1216826.5429000002,1585802.1403152244
1216826.5429000002,1616461.5040322933
330004.72870000004,269376.91720169125
330004.72870000004,210991.16763684584
612042.2786000001,874476.3413155305
612042.2786000001,747719.6052611158
612042.2786000001,746455.961148246
612042.2786000001,845399.8540617526
486605.3499999999,694283.1696292863
486605.3499999999,691974.1349506067
501222.24395,577323.0872676275
501222.24395,507385.2224844704
501222.24395,501672.31043062336
576623.1294000001,512799.5408039573
576623.1294000001,571982.04084687
553535.3472,770697.8267740852
553535.3472,634150.7508518494
400873.84069999994,355543.71018671343
400873.84069999994,359749.7169662316
400873.84069999994,396860.22389083967
577474.60085,591777.2177060132
432482.03495,503700.9781055516
432482.03495,567790.2938801717
198588.9873,261780.1173544962
198588.9873,268402.44456121523
198588.9873,243484.46169045113
620315.5292499999,742537.8583521023
620315.5292499999,1064825.830181406
620315.5292499999,1064825.830181406
620315.5292499999,717593.1932141868
620315.5292499999,1064825.830181406
620315.5292499999,1064825.830181406
620315.5292499999,1064825.830181406
620315.5292499999,717582.3742779911
620315.5292499999,773014.2018421271
630116.62435,750224.2072621719
630116.62435,639060.4573006
771075.5511499998,1113966.5545049894
771075.5511499998,1051015.4362256818
771075.5511499998,645727.4588050094
562602.297,886824.0570861988
562602.297,902138.9368827487
655035.1518999999,577423.8559350669
655035.1518999999,602017.3108588832
655035.1518999999,615463.8735910807
655035.1518999999,582387.0324579674
390010.5298500001,305830.86481082
390010.5298500001,341068.15348774544
390010.5298500001,297639.57254286273
336987.68809999997,541355.5661606718
336987.68809999997,355392.0489405017
336987.68809999997,502840.1127658727
239378.3885,256568.02515579027
239378.3885,318550.1191560399
239378.3885,245240.4822256806
866088.1553999998,766548.4802787104
866088.1553999998,777814.8098383307
866088.1553999998,763462.6896114486
465078.12370000005,617760.8929881221
465078.12370000005,617760.8929881221
465078.12370000005,493934.08462241787
465078.12370000005,505859.9379650127
680899.62098,657540.9741873858
680899.62098,762868.8458532576
680899.62098,768687.5386478162
680899.62098,662701.394363353
680899.62098,720950.0497581854
229158.00895,153026.07728312328
229158.00895,248385.996531892
879789.3895999999,833962.9325668354
879789.3895999999,864202.2654647728
542133.46865,609157.1304254031
542133.46865,650451.4923043341
542133.46865,753142.8214316354
542133.46865,594975.6956828402
542133.46865,807011.8212501243
767211.9178,672522.3180965227
767211.9178,645330.8867179919
767211.9178,646586.7161622592
767211.9178,753107.0112306131
767211.9178,725122.4824850135
356600.706,275085.82125733135
356600.706,277340.21488605463
356600.706,366804.876066994
356600.706,388121.3619648554
269502.2526,265142.6097435517
269502.2526,240833.3213623495
534873.95355,530408.3336934239
534873.95355,531984.094716086
534873.95355,539044.7615461918
534873.95355,538262.8515707598
278521.5085,414772.03710903873
278521.5085,252024.93890962773
1130194.2376000003,1523841.3229410183
1130194.2376000003,1069913.9067977017
1130194.2376000003,1067196.1124278088
1130194.2376000003,1063580.012827829
1130194.2376000003,1473711.5452661095
1130194.2376000003,1098958.3062392373
1130194.2376000003,1069349.1699350434
1130194.2376000003,1054029.3256411934
1130194.2376000003,1488733.9595801928
1130194.2376000003,1521972.52914198
542346.0247499999,894736.6307244156
542346.0247499999,656907.6663531588
640231.36625,719062.0641056029
640231.36625,884648.8085342344
584411.442775,615002.538813821
584411.442775,939239.4318993269
528650.532092857,660636.4819249015
528650.532092857,660636.4819249015
528650.532092857,652927.3784379812
528650.532092857,660556.370021088
528650.532092857,642750.529661548
528650.532092857,659883.8560717865
528650.532092857,651589.9439837344
325925.7747,389498.8035345465
325925.7747,452184.4551834224
2709183.95615,3164380.9893661686
2709183.95615,2642726.404387718
791377.72645,1124155.9001000135
791377.72645,716363.4974901347
791377.72645,729416.5041402132
791377.72645,723061.9246620446
791377.72645,711572.8860470855
791377.72645,1084322.2104833848
548613.3046500001,852030.2718603311
548613.3046500001,660131.3321368861
296181.934625,287226.8704186689
296181.934625,370626.24880248995
712338.5429,702184.731802102
712338.5429,712065.2081913452
368487.80955,284373.61283274106
368487.80955,272621.94902499527
286312.170525,247494.60791794333
286312.170525,207931.4451670929
410143.63877500006,459834.9594274426
410143.63877500006,568673.5829271256
864565.9072499999,951462.7227208262
864565.9072499999,971249.0270528645
864565.9072499999,948741.9403858449
864565.9072499999,1307663.7563816593
864565.9072499999,1311892.5938064787
864565.9072499999,942965.3978851233
582587.4954499999,661448.7892193287
582587.4954499999,587850.6106564549
582587.4954499999,578159.4786830286
597749.0536499999,521313.0773792749
597749.0536499999,641635.3984380866
388860.4148,462179.7537636071
388860.4148,403473.60754203406
367106.8678,390754.4738186484
367106.8678,357120.7379195595
367106.8678,455161.7856369277
710993.6837,755211.8797274479
710993.6837,760801.650600825
710993.6837,759211.9017339881
329880.31534999993,354552.22420597286
329880.31534999993,454638.6426296971
329880.31534999993,359874.5581675404
616160.5819999999,547201.1843965013
616160.5819999999,551230.4125884668
411521.6564625001,382299.8389145106
411521.6564625001,392473.1620966381
411521.6564625001,419195.25030553853
411521.6564625001,383775.1094950099
935507.3659,950635.9128646203
310402.3371,230251.48689536127
310402.3371,261076.97732953238
310402.3371,324002.80974267714
310402.3371,263447.06404102285
217485.2771,208229.06375740812
599925.4957499999,685896.4697672519
599925.4957499999,678116.8643785288
599925.4957499999,1012658.3619400957
599925.4957499999,1010551.6888717077
599925.4957499999,680206.7766945906
599925.4957499999,1043073.6296273089
644406.5114374999,963885.9569952353
644406.5114374999,824458.1380266864
644406.5114374999,962944.986284331
644406.5114374999,1021038.580662493
275334.777825,271243.7620573824
275334.777825,340407.824233332
817474.8463,751540.9583305613
817474.8463,769906.3559680746
613087.2307000001,940131.0863987788
613087.2307000001,940166.832416751
613087.2307000001,754485.6322810744
613087.2307000001,742855.6785976298
456832.53320000006,526249.2740658897
456832.53320000006,416699.1773341739
866203.2375749999,1191476.4370411823
866203.2375749999,790562.1284133701
866203.2375749999,1190852.8939300142
866203.2375749999,783765.2300892726
866203.2375749999,796916.7078915387
866203.2375749999,787700.204415331
866203.2375749999,766357.6645966539
866203.2375749999,738803.3236059104
866203.2375749999,738803.3236059104
866203.2375749999,744355.7757039054
866203.2375749999,743434.4628649133
866203.2375749999,743434.4628649133
279960.51865,205194.3138740101
279960.51865,208435.33925282996
355236.84805,353214.11906579876
355236.84805,461816.28825763235
355236.84805,386967.7252642091
778418.2581999999,1123465.0925213497
778418.2581999999,1104644.506819522
581532.49523,531188.8088649735
581532.49523,598966.606987352
581532.49523,539909.047043453
581532.49523,523965.2591210194
581532.49523,525838.2061028691
737015.43335,837944.3100022087
737015.43335,729038.9085299195
737015.43335,706084.0017048124
565545.1257,633631.3745906857
565545.1257,990354.137003073
565545.1257,664431.6441828201
326655.0855749999,293325.2363331294
326655.0855749999,371987.3513311132
971819.8621,909181.3272892461
971819.8621,929461.7091021284
971819.8621,885732.5705856255
602103.0261499999,594516.0835797837
602103.0261499999,678836.2895675396
602103.0261499999,664414.7607465873
602103.0261499999,572119.0868780925
455723.3451,512534.9785941879
455723.3451,419725.9928803436
641580.012092857,1091981.6843400025
641580.012092857,1091945.9383220305
641580.012092857,662434.6681740108
641580.012092857,660243.4069680347
641580.012092857,657694.5200492176
641580.012092857,662485.1314922668
641580.012092857,632645.9689096862
773557.4756,735492.1390764248
1194865.6213,1170436.3558143661
1194865.6213,1173435.3180261666
1194865.6213,1176742.2552437678
1194865.6213,1620286.993228477
1194865.6213,1173815.7538522296
1194865.6213,1173840.9653407158
1194865.6213,1173815.7538522296
1194865.6213,1617922.9392814266
1194865.6213,1130945.128769429
500831.9533875,853985.7912955824
500831.9533875,595654.23375682
500831.9533875,623602.8417223842
500831.9533875,853985.7912955824
500831.9533875,623151.7000445118
500831.9533875,559085.8457791029
365243.62304999994,324789.16759599594
365243.62304999994,347681.36806988873
365243.62304999994,338730.9391337316
675350.3211599999,842428.2915925949
675350.3211599999,777321.3901130481
675350.3211599999,777173.119243663
675350.3211599999,778289.2533569573
675350.3211599999,953971.6738821664
286071.47285,448608.09871069924
286071.47285,337709.44393134024
286071.47285,425044.786887837
2351057.66865,2195721.901348962
2351057.66865,2748294.3780233115
609553.4217,1021748.1568935226
609553.4217,713677.0547341572
516987.9945250001,625259.6053703338
516987.9945250001,803361.6839146095
579298.6399,536079.9585656723
579298.6399,557340.3299069669
579298.6399,529441.7009638203
569019.4133,875760.014966864
569019.4133,854702.9903813142
601005.648375,662783.2742729001
601005.648375,635644.5972310907
994062.6073,897027.0258952815
809704.3596999999,1111942.2414344233
809704.3596999999,679314.4989273148
809704.3596999999,665459.2718470927
673592.0143333334,1111122.6403035787
673592.0143333334,1108286.9145989283
673592.0143333334,1108322.6606169005
673592.0143333334,683845.7183690068
673592.0143333334,1111058.6138016363
673592.0143333334,1070756.4545334824
673592.0143333334,1048332.1827303299
673592.0143333334,632111.4994684521
673592.0143333334,661746.3783280184
448526.6413,529442.0511516446
448526.6413,523100.1114728733
448526.6413,525955.6593661729
448526.6413,416601.4890548077
448526.6413,408212.27968391846
752211.3202999999,767698.6966559344
530242.1128875,627731.2806202597
530242.1128875,623394.3681807411
530242.1128875,624372.1203977217
530242.1128875,623394.3681807411
530242.1128875,623394.3681807411
530242.1128875,621610.4480810127
530242.1128875,617550.4954993975
530242.1128875,853037.8599821809
530242.1128875,589269.2200415585
530242.1128875,589269.2200415585
530242.1128875,602824.1054578428
530242.1128875,605253.1079272587
475740.47234999994,523482.57517281093
475740.47234999994,534234.1112262539
1389984.024725,1238145.6818512557
1389984.024725,1235970.698455904
1389984.024725,1233830.6520384494
1389984.024725,1680626.3578659908
1389984.024725,1697113.1243108124
1389984.024725,1235325.2048751512
1389984.024725,1230105.5572205964
1389984.024725,1228587.0892928606
1389984.024725,1236659.3665233892
1389984.024725,1236588.8489880208
1389984.024725,1638243.4375881266
1389984.024725,1204428.9365786258
1389984.024725,1195839.61877675
1389984.024725,1657524.9731990562
1389984.024725,1204428.9365786258
1389984.024725,1704181.1161060743
865340.8376,856280.0141074415
865340.8376,825626.7962520141
865340.8376,940891.3484507208
865340.8376,934355.1237933595
865340.8376,825121.5318063162
865340.8376,936453.2910985104
865340.8376,945538.6958165301
675618.77305,696543.9443809727
675618.77305,1116805.0335930279
716568.18485,1107002.5567855996
716568.18485,667543.6826517272
454038.98420000006,406615.41801485314
454038.98420000006,411283.1740289129
460331.9512,506621.55891826435
460331.9512,539823.3451537096
739752.89915,859970.3709358771
739752.89915,778252.2219937643
739752.89915,760269.2346595249
739752.89915,756682.236691381
739752.89915,780384.9248911897
561834.7535833333,973797.3620020867
561834.7535833333,971598.6344047673
561834.7535833333,971817.4297350715
561834.7535833333,640912.3024824996
561834.7535833333,660442.5189659125
561834.7535833333,658855.1843121288
561834.7535833333,603442.7741041614
561834.7535833333,619254.9544257092
561834.7535833333,960641.6141591142
399127.880725,316509.1957653368
399127.880725,316509.1957653368
399127.880725,352441.08981828124
399127.880725,304077.30254171335
639297.144375,742036.5886702558
639297.144375,745226.3936529041
639297.144375,766319.5587950655
639297.144375,741536.3893466964
639297.144375,1190426.833529746
639297.144375,768383.6961900605
639297.144375,1090751.2013765923
639297.144375,745241.6695855645
639297.144375,727131.1413083011
639297.144375,740830.0215880441
639297.144375,1052795.4989723314
639297.144375,727732.652105146
639297.144375,1135533.4122403697
424838.478575,477214.6023677682
424838.478575,475648.31423400255
424838.478575,572986.6263461049
424838.478575,457407.21998454066
252181.83820000003,349086.82781764556
252181.83820000003,220685.10630805395
252181.83820000003,215615.4535004681
257689.39352499996,200523.1169116684
257689.39352499996,230142.34098890406
670642.6767142857,688390.6831196746
670642.6767142857,818781.7784230228
670642.6767142857,728437.2044833236
670642.6767142857,728437.2044833236
670642.6767142857,678230.2479120512
670642.6767142857,678230.2479120512
670642.6767142857,706073.1377315335
848880.6808999999,787987.4070695651
848880.6808999999,778325.2887335547
1154261.0845,1483397.2827042001
1154261.0845,1072472.2222053455
205829.5652,149430.12171319808
205829.5652,270820.6139082588
634529.1175,734435.5503178643
634529.1175,984398.8720174248
590122.5399,674561.7398842253
590122.5399,652356.5406874921
571849.0912,576797.0742183172
571849.0912,576153.1906470523
720441.45156,922487.3389894362
720441.45156,919284.0957368161
720441.45156,1046569.2787846113
720441.45156,1024841.2182172951
720441.45156,902139.4634676753
915863.4194357144,1351369.2838123306
915863.4194357144,1351066.6397914346
915863.4194357144,986218.505391967
915863.4194357144,1463210.4322753705
915863.4194357144,1308549.4885759344
915863.4194357144,926988.4530414363
915863.4194357144,964511.4004413782
771730.0691999999,1121029.8491629118
771730.0691999999,699859.4285390654
771730.0691999999,699859.4285390654
771730.0691999999,699859.4285390654
771730.0691999999,697263.9169590507
771730.0691999999,697263.9169590507
771730.0691999999,1149950.6831332576
277028.165,373191.36316073424
277028.165,283829.5752450414
150029.52525,235113.96735072625
150029.52525,206190.25858568086
271032.54215,247722.5187638402
271032.54215,241994.2661790955
436605.50785,431086.13869859447
436605.50785,407465.1388482272
436605.50785,430634.997020722
436605.50785,410563.57146283425
436605.50785,523361.7947076053
436605.50785,431993.306327241
436605.50785,503418.27708140254
606203.6492999999,539862.8431969954
606203.6492999999,522518.1137451589
606203.6492999999,539862.8431969954
606203.6492999999,612798.861848557
606203.6492999999,522676.3693164822
244395.51815,212685.09063787584
269894.5728,308194.4801049354
269894.5728,287399.6599565901
365233.66215,343601.16100190236
365233.66215,350454.40655568865
365233.66215,329726.79165134183
272963.3311,222975.94555561873
272963.3311,178075.55407367676
763723.3967250001,1055294.351735868
763723.3967250001,867298.3752241692
763723.3967250001,937360.6424114842
763723.3967250001,1016885.1552638233
763723.3967250001,854663.4439839148
763723.3967250001,833706.7717864307
392782.81999999995,469049.86439285777
392782.81999999995,397734.4287120732
392782.81999999995,402901.96502088517
392782.81999999995,397734.4287120732
392782.81999999995,401443.6990289502
392782.81999999995,400611.6310012009
392782.81999999995,446986.755282357
954209.7649,926292.9758727426
954209.7649,951219.8881382932
954209.7649,924372.6957507712
954209.7649,951219.8881382932
954209.7649,1108845.9619887318
954209.7649,1078594.401163281
954209.7649,925091.8259712129
954209.7649,1093692.0866296545
757837.84403,844332.6695526473
757837.84403,888895.5165909894
757837.84403,889039.6549967453
757837.84403,864908.2016770643
757837.84403,832914.4314766242
587112.7736,518165.0221317989
704313.8618750001,780528.9603580149
704313.8618750001,755719.2227438692
704313.8618750001,1148283.4641069057
704313.8618750001,1148363.5760107194
704313.8618750001,761822.3350473291
704313.8618750001,721102.6835817079
704313.8618750001,1121172.180865356
704313.8618750001,743770.2494336031
704313.8618750001,785623.2021187339
302602.75409999996,282897.8903280019
302602.75409999996,300628.80809606845
815264.6109999999,718156.8848283273
725252.830175,646899.0024377243
725252.830175,645239.5496523372
738182.0830499999,1113681.802265661
738182.0830499999,675844.4310235336
738182.0830499999,661583.2672439317
2690765.2784,3171323.5271000518
2690765.2784,2649085.9086412713
638005.4914,717112.0495964098
638005.4914,678141.0415727528
638005.4914,812640.6077808682
638005.4914,665809.9322567567
638005.4914,799557.1662593217
638005.4914,805989.8344038794
412080.8344,349451.8751182399
412080.8344,362734.1393893049
650163.2571999999,678644.4832107724
650163.2571999999,657058.3185596055
611759.3681178571,1085574.195166537
611759.3681178571,730066.4683770505
611759.3681178571,736871.8795490916
611759.3681178571,1147710.8690347653
611759.3681178571,1088868.9702052302
611759.3681178571,730066.4683770505
611759.3681178571,1101044.5050693606
354540.02405,319359.79673685547
354540.02405,278242.7818223516
765947.0984624999,911933.8262438748
765947.0984624999,918435.7667339945
765947.0984624999,897658.3829728243
765947.0984624999,806565.2817472146
735876.77695,856745.0856035496
735876.77695,923049.6118606701
735876.77695,923049.6118606701
735876.77695,1047563.0957057574
735876.77695,912116.8439490495
436692.39975,517222.13888062385
436692.39975,580267.0594343542
436692.39975,487498.5421607838
436692.39975,586898.8470292005
218322.1437,182651.39149681508
218322.1437,222302.25244793185
218322.1437,218170.78131816396
595472.27555,581765.5786507651
595472.27555,501121.43531136954
190597.66202500003,263601.5543612086
190597.66202500003,191324.61960264866
895331.264,947311.4970210744
895331.264,1234450.3706122534
895331.264,1273574.3780055107
895331.264,948302.6783024581
895331.264,923688.3379098205
895331.264,1307151.3447967973
454153.493725,373765.74139184697
454153.493725,428103.00749561726
728962.3266357142,725059.7114496052
728962.3266357142,723493.4233158395
728962.3266357142,723493.4233158395
728962.3266357142,711507.875784946
728962.3266357142,1121785.4481621357
728962.3266357142,1121511.606801695
728962.3266357142,1099888.3588816985
791931.7596,873055.6310812347
791931.7596,1065158.5535318595
791931.7596,879593.1863486626
791931.7596,939948.7700489555
791931.7596,851769.3816475876
792802.6902249999,753222.9180642698
792802.6902249999,759453.0671174985
792802.6902249999,1162566.7507799068
792802.6902249999,752540.1603748489
792802.6902249999,1162566.7507799068
792802.6902249999,752540.1603748489
792802.6902249999,709773.2966066706
792802.6902249999,701482.5699574035
792802.6902249999,710454.212711484
792802.6902249999,701482.5699574035
792802.6902249999,1119988.4659244996
792802.6902249999,738727.7519789409
327479.59355,402967.50681152864
327479.59355,528773.817261765
327479.59355,313051.40958433715
327479.59355,332379.2694920843
477865.1842666667,494111.40459147457
477865.1842666667,493133.65237449406
477865.1842666667,484821.4815677734
477865.1842666667,672043.9294198888
477865.1842666667,493749.08574323135
477865.1842666667,485652.21794863266
477865.1842666667,490024.00949001743
477865.1842666667,672169.4520942676
477865.1842666667,479994.1039969445
349759.477925,580320.4643334645
349759.477925,583918.355491552
349759.477925,553499.7375578096
349759.477925,365835.78318713326
407877.7617,569919.9205073849
407877.7617,449178.18634381215
407877.7617,576413.7154599171
628472.42245,637211.8395414974
628472.42245,635956.0100972301
628472.42245,657661.0921721448
628472.42245,625033.9526841168
507967.40467499994,526516.9216590989
507967.40467499994,649063.9569266784
515283.02784,449868.07358167134
515283.02784,544476.1630503434
515283.02784,449742.38822085893
515283.02784,445959.9895478843
515283.02784,506260.9299908365
1115343.171409091,1530880.9920983184
1115343.171409091,1533108.5026152874
1115343.171409091,1122141.9294731235
1115343.171409091,1533108.5026152874
1115343.171409091,1528970.065926665
1115343.171409091,1531124.8844943
1115343.171409091,1459379.2402351568
1115343.171409091,1085096.3038458931
1115343.171409091,1083812.366561739
1115343.171409091,1085096.3038458931
1115343.171409091,1083131.4504569257
439080.65855,433703.0935919935
439080.65855,370415.78076968214
439080.65855,375590.1390489683
626902.3066785715,684261.6784285107
626902.3066785715,696530.5954930926
626902.3066785715,822285.2755748063
626902.3066785715,684980.9473084257
626902.3066785715,678465.8586273539
626902.3066785715,710441.7701369956
626902.3066785715,680250.6791321841
470796.78560000006,425162.80575090845
470796.78560000006,479194.4930116543
470796.78560000006,453675.3208904298
597658.64371,686578.991658863
597658.64371,686578.991658863
597658.64371,986374.829493657
597658.64371,987879.1344668937
597658.64371,677314.3159524369
210367.976725,313223.2074353371
210367.976725,220569.4021568112
439654.0791999999,431209.96990794607
439654.0791999999,404796.5196723227
441063.9295999999,478587.93589398195
441063.9295999999,384206.47385115916
441063.9295999999,375815.6141995011
197933.3389,318493.3012425038
197933.3389,286729.4750654872
347582.99960000004,287560.547058404
347582.99960000004,287560.547058404
347582.99960000004,286587.55149464204
347582.99960000004,286888.5929272373
542915.0754000001,701162.5102594491
542915.0754000001,714555.6328448572
419748.6345,488807.27729561913
419748.6345,489935.1879034875
419748.6345,559397.0150507098
546684.6722142857,706047.3770552179
546684.6722142857,609676.4115134625
546684.6722142857,706047.3770552179
546684.6722142857,712945.9205608224
546684.6722142857,712107.4930717435
546684.6722142857,596747.516571788
546684.6722142857,584720.6164826493
295284.21692499996,251655.45310207084
295284.21692499996,335849.8270598742
810502.1849999999,1019502.6863075851
810502.1849999999,706488.4228130785
282738.428975,262114.8527749919
282738.428975,327760.8324468235
694242.705925,762348.950366225
694242.705925,735885.8051854873
694242.705925,762859.96862598
694242.705925,762348.950366225
694242.705925,742905.5028000125
694242.705925,741851.0811824121
2460550.9577499996,2449192.552312171
2460550.9577499996,2521476.5371990986
544043.0896500001,589759.4480608662
544043.0896500001,571684.3352497271
350676.98265,461258.17026985355
350676.98265,352403.2387760602
405503.44965,312172.6413920531
405503.44965,397593.6788588944
623171.17195,728173.0504707874
623171.17195,710684.6320118573
532891.88475,721332.0373590044
532891.88475,656792.483677438
532891.88475,539635.4068634929
550146.4439000001,587041.956735301
550146.4439000001,696424.1989686841
550146.4439000001,696424.1989686841
550146.4439000001,585020.1079451562
550146.4439000001,585020.1079451562
269410.70790000004,298286.75471470424
269410.70790000004,316491.16583784035
640705.791125,758899.4139891475
640705.791125,1086542.0763346509
640705.791125,758899.4139891475
640705.791125,771741.8637588347
640705.791125,1185807.4492951166
640705.791125,773005.5078717045
640705.791125,1085150.4528889575
640705.791125,1095616.779623468
598981.28495,686424.9310001786
598981.28495,1111919.385485653
471983.3744625,517593.8409108183
471983.3744625,622831.8007881449
471983.3744625,441238.3378699481
471983.3744625,454097.46359696524
757662.1432250001,830697.3270425717
757662.1432250001,891753.2492178138
757662.1432250001,1027476.0637203571
757662.1432250001,804022.6743693497
757662.1432250001,860306.1505346317
757662.1432250001,871054.023369631
653044.5276,1022243.3382180831
653044.5276,632080.3768476406
442476.94845,387831.3046342004
442476.94845,511396.0374673146
543934.6417250001,653254.9672513093
543934.6417250001,799196.1518595191
142624.8558,138463.9185109248
142624.8558,211705.77631904784
142624.8558,131714.29780037643
464956.3980499999,414614.6448488958
464956.3980499999,411212.99636902055
464956.3980499999,430550.07586761354
277133.9083,252696.200125781
277133.9083,276782.721914635
468353.8981,603378.7544174703
468353.8981,545640.7686190312
468353.8981,699616.1069185834
887302.1568125,886588.0091153206
887302.1568125,1312250.719200555
887302.1568125,878149.987863326
887302.1568125,856658.0111644279
887302.1568125,1312286.4652185272
887302.1568125,868750.1905109492
887302.1568125,1315322.7423255127
887302.1568125,869306.4802503118
354747.24245,290922.1343012369
354747.24245,278234.2742247524
256916.0194,224056.88787287724
256916.0194,227746.74405748502
256916.0194,218892.49957814394
580251.3902142857,1086154.5985251612
580251.3902142857,685947.1128252704
580251.3902142857,982341.1925279078
580251.3902142857,659974.6462097911
580251.3902142857,667422.7340568552
580251.3902142857,668804.143726113
580251.3902142857,648849.0220642915
360960.9610125,388806.57104554557
360960.9610125,323391.99886798766
360960.9610125,287715.08513506
360960.9610125,287650.86233327497
276148.60255,303250.1517614522
276148.60255,296757.7480525657
276148.60255,215699.30679521698
642655.0333642856,818429.4074399489
642655.0333642856,820482.9348385595
642655.0333642856,724522.767877801
642655.0333642856,724522.767877801
642655.0333642856,711749.4049382409
642655.0333642856,712430.3210430543
642655.0333642856,785114.8963888205
386749.25239999994,509688.7226300825
386749.25239999994,532216.7554177991
435133.6014,363166.79743075836
435133.6014,356899.7428165097
538623.5459,535939.9158064064
755796.807175,752984.0210976187
755796.807175,679114.2711822427
590454.6399249999,1031440.618813948
590454.6399249999,693336.6432788
604530.354675,608588.4682433201
604530.354675,586093.2505684842
769460.5701785714,928509.6383655391
769460.5701785714,871528.2147202974
769460.5701785714,868696.4057199756
769460.5701785714,926679.5386012723
769460.5701785714,846461.7509809057
769460.5701785714,892362.9339168904
769460.5701785714,871557.8708468265
351087.663525,285092.65536177973
351087.663525,313195.6011279637
475546.726875,498672.40914982127
475546.726875,457375.4993851475
580710.5766,784720.4214366307
580710.5766,662954.4401131211
580710.5766,693880.4176299891
580710.5766,688557.7578616316
580710.5766,702909.0863194899
419295.9962,475016.5674176839
419295.9962,498122.8436868265
419295.9962,476438.9344305895
419295.9962,489151.89017880335
1364626.645,1179595.733373057
1364626.645,1179595.733373057
1364626.645,1167434.180450452
1364626.645,1173793.247947901
1364626.645,1632738.950645486
1364626.645,1632218.4138723817
1364626.645,1632738.950645486
1364626.645,1632774.696663458
1364626.645,1171747.9569020611
1364626.645,1127612.167673314
1364626.645,1127612.167673314
1364626.645,1127612.167673314
1364626.645,1136879.8985218895
1364626.645,1138617.0316027643
1364626.645,1580673.6672706157
1364626.645,1127612.167673314
1364626.645,1168761.7482076741
661694.0233785714,793285.421465309
661694.0233785714,779974.6451549995
661694.0233785714,769839.4786044097
661694.0233785714,768142.878867192
661694.0233785714,769839.4786044097
661694.0233785714,793285.421465309
661694.0233785714,781290.4144275669
661694.0233785714,1078895.5772030181
661694.0233785714,730124.780631695
661694.0233785714,1102836.0063447861
661694.0233785714,1078895.5772030181
661694.0233785714,745294.5649220663
661694.0233785714,745294.5649220663
661694.0233785714,1197100.8306566307
183021.21599999996,148397.87704660924
183021.21599999996,298011.1302771978
352060.20670000004,313091.62687064224
352060.20670000004,296973.62402056827
492900.91007,451723.33505294257
492900.91007,633537.7029327648
492900.91007,443115.2383290798
492900.91007,692152.0321965918
492900.91007,609784.8296693907
534939.501,986179.7302559402
534939.501,715530.192904409
1025453.0909,1058679.3515928988
1025453.0909,1051900.4655558711
1025453.0909,1472721.7602912667
1025453.0909,1484922.5525101204
1025453.0909,1050075.9353748371
1025453.0909,1040118.9803052412
1025453.0909,1019181.4837637055
332580.94334999996,296167.68940893473
332580.94334999996,300451.46205366007
407614.47527,398169.3986163042
407614.47527,442680.4304502598
407614.47527,399570.3401457071
407614.47527,506632.6135163521
407614.47527,384089.3579798299
704097.9481409091,747321.8489449348
704097.9481409091,747386.4069355759
704097.9481409091,747386.4069355759
704097.9481409091,747321.8489449348
704097.9481409091,750462.3866439647
704097.9481409091,761733.1428335957
704097.9481409091,1101303.9054017207
704097.9481409091,707605.1136594046
704097.9481409091,1101303.9054017207
704097.9481409091,706484.7773231003
704097.9481409091,737105.8696107294
668823.36295,651906.6176045515
668823.36295,1085265.7127736707
414640.3365,599131.6281098858
414640.3365,584190.6213831914
414640.3365,405700.9790782257
414640.3365,571863.2313621466
371093.5798500001,594323.0566375109
371093.5798500001,481099.9875277999
1146658.74925,1032600.4250246562
1146658.74925,1038187.1185655114
749865.9546249999,890634.3732445864
749865.9546249999,793338.1065978822
522753.6548571428,683564.7046352751
522753.6548571428,658344.8638729106
522753.6548571428,665040.3258668599
522753.6548571428,983253.5593766056
522753.6548571428,657081.2197600408
522753.6548571428,668627.3238350038
522753.6548571428,633017.0247346528
291257.6688,363325.60891473026
291257.6688,238887.8880548632
343000.15914999996,395044.32269056403
343000.15914999996,391654.52600583417
343000.15914999996,339065.9626068095
2531056.91185,2481786.0883913003
2531056.91185,2977013.962965282
1373871.39843125,1286680.9865665794
1373871.39843125,1284255.5722122549
1373871.39843125,1713949.2899894854
1373871.39843125,1279464.9607692058
1373871.39843125,1278602.6357349916
1373871.39843125,1283719.1660630861
1373871.39843125,1285859.2124805406
1373871.39843125,1251320.0998248155
509136.84367500007,575684.9293012448
509136.84367500007,550020.828947982
509136.84367500007,649618.6380937224
509136.84367500007,639509.1913201048
382849.49865,426207.76509499364
382849.49865,406575.61440042773
382849.49865,343392.1424936465
730465.6518000001,1033939.7167595318
730465.6518000001,654282.8253445403
469829.883325,589133.1918184133
469829.883325,768226.0048330716
469829.883325,655434.7966846968
469829.883325,738312.1790706767
935196.1337999998,966099.7742007708
935196.1337999998,904293.3733093324
935196.1337999998,936664.5038041536
777659.71965,1113032.5146390907
777659.71965,757560.9847488306
633105.1719,672546.1970869377
633105.1719,725235.1256686507
486417.47035,597058.202686501
486417.47035,788200.1589394999
486417.47035,656186.860353156
411839.67785,355879.3921064856
411839.67785,317589.2750202204
900249.3282249998,960116.2703861704
293268.69382499997,304217.53520748264
293268.69382499997,241534.5706343553
223643.290325,212656.8069472919
223643.290325,291686.9140309344
412985.95285,362324.6371709501
412985.95285,476238.22165465343
730921.0806,617960.368137041
730921.0806,634801.1920649989
729423.7396249999,635637.7437482934
729423.7396249999,672774.5805779212
469751.2017624999,452619.4812508817
469751.2017624999,447380.9657940084
469751.2017624999,448947.253927774
469751.2017624999,462439.0775737325
394396.576525,412920.5602065141
394396.576525,375575.5838973195
410607.037425,520140.5905617748
410607.037425,638558.6471684579
485626.2322,460236.77277093724
485626.2322,449547.0541023575
1167221.7187115385,1572049.2817490008
1167221.7187115385,1120062.6809328368
1167221.7187115385,1127249.8478145332
1167221.7187115385,1569313.3285642648
1167221.7187115385,1571641.636493343
1167221.7187115385,1569277.5825462926
1167221.7187115385,1127249.8478145332
1167221.7187115385,1568757.0457731884
1167221.7187115385,1525396.980479003
1167221.7187115385,1087712.9897206076
1167221.7187115385,1091804.6669979473
1167221.7187115385,1509601.323503098
1167221.7187115385,1121393.4768858391
296336.30230000004,316058.4806873338
296336.30230000004,379645.02716980287
677934.8533,770897.3424238012
677934.8533,1019884.9529936125
283467.28229999996,271182.31892052694
283467.28229999996,327502.69998883427
283467.28229999996,316151.2202638717
362518.4233999999,397084.66240597103
362518.4233999999,326629.7919063674
440169.882125,378801.4483308431
440169.882125,441068.747978174
440169.882125,364456.6819183055
440169.882125,422798.5377535069
669581.1312,839886.1489039487
669581.1312,750573.9404852396
669581.1312,839886.1489039487
669581.1312,738173.1559179204
351493.4999,540125.871175702
351493.4999,435626.8417490864
351493.4999,438923.0739675425
478124.13745,454625.48922735255
478124.13745,427989.2072808901
823498.6593599999,752023.3909579285
823498.6593599999,1164622.7968110417
823498.6593599999,1153250.082397431
823498.6593599999,1167278.6380919642
823498.6593599999,769882.8126486441
823498.6593599999,1164622.7968110417
823498.6593599999,1126815.409644106
823498.6593599999,1126815.409644106
823498.6593599999,1105417.3154239026
823498.6593599999,742310.3197814798
1066433.7540857142,1446740.207247415
1066433.7540857142,1012125.6543151981
1066433.7540857142,1037249.5598697691
1066433.7540857142,1046084.2136158887
1066433.7540857142,1031600.6294708616
1066433.7540857142,1017195.904172201
1066433.7540857142,1020668.2549802659
428963.3754999999,421889.9629957211
428963.3754999999,517598.31708637293
428963.3754999999,497260.3638868816
428963.3754999999,511216.0479945577
622806.045659375,705058.6585583712
622806.045659375,705058.6585583712
622806.045659375,690844.4426035944
622806.045659375,708134.63826676
622806.045659375,665566.4142605929
622806.045659375,1009660.4123182781
622806.045659375,671073.1646784265
622806.045659375,705661.2342694595
545274.05604,870203.2086072695
545274.05604,671154.4407064612
545274.05604,753232.4928361529
545274.05604,856770.4249711544
545274.05604,829392.8188841862
516634.16035,529300.7198344115
610631.5349000001,823741.1368721244
610631.5349000001,692501.0752063264
610631.5349000001,693267.7969528504
610631.5349000001,796999.7203331975
610631.5349000001,690440.153029304
582303.8286249998,534614.1980909283
582303.8286249998,615026.763394393
572100.6293857143,598353.1233908271
572100.6293857143,597842.1051310721
572100.6293857143,599840.7469684613
572100.6293857143,697951.3307557739
572100.6293857143,717048.942030881
572100.6293857143,717048.942030881
572100.6293857143,680330.5965703542
2505055.2121499996,2487498.873652745
2505055.2121499996,2474589.977921025
545232.5376,607323.3554524954
545232.5376,566335.7972380011
829335.3720900001,753424.9480683876
829335.3720900001,752278.7533983756
829335.3720900001,1152767.4974715367
829335.3720900001,1138356.1858522939
829335.3720900001,731107.7205944627
829335.3720900001,736503.8361155323
829335.3720900001,1111747.1866694717
829335.3720900001,1112428.102774285
829335.3720900001,1111747.1866694717
829335.3720900001,1166953.3377887844
463269.7858,441207.168536652
463269.7858,441207.168536652
463269.7858,371980.134916198
394655.2533,405583.5095012395
394655.2533,416603.0541585763
394655.2533,395765.5282210829
961263.4823,1094428.1195988015
777026.2354333334,823814.1387178148
777026.2354333334,848576.2714203469
777026.2354333334,824325.1569775698
777026.2354333334,1227409.791417277
777026.2354333334,1109757.8031202506
777026.2354333334,1111524.6508242728
777026.2354333334,793759.0853500277
777026.2354333334,1112219.6184372797
777026.2354333334,816215.8230936057
501480.3579375,469561.7882907016
501480.3579375,469561.7882907016
501480.3579375,444137.2046161931
501480.3579375,444936.2465766661
501480.3579375,445306.8043603367
501480.3579375,446722.8644644199
1192594.6567499998,1523907.7968425516
1192594.6567499998,1063228.8112659943
1192594.6567499998,1077498.3250375236
341677.37577499996,394609.48684873903
341677.37577499996,531342.4396480653
312396.1065,357443.62638854206
312396.1065,381451.1071508618
718311.2565000001,943145.5144726001
718311.2565000001,927872.178878376
414606.32884999993,608597.7183397047
414606.32884999993,600572.5890394727
414606.32884999993,595862.4362404419
718811.8363857141,722459.3307732153
718811.8363857141,1155707.8143665376
718811.8363857141,743633.7383262544
718811.8363857141,723722.9748860851
718811.8363857141,1155851.9527722937
718811.8363857141,732964.8592231474
718811.8363857141,704620.8873973042
690136.5449,1066946.1445090943
690136.5449,1078369.8024678444
437334.71089999995,566731.2352591372
437334.71089999995,577386.5834789062
437334.71089999995,529302.9947777787
437334.71089999995,597376.0860043396
513350.86855,815791.1045979707
513350.86855,618420.6105372934
513350.86855,588439.7088724255
424457.1576,400117.74102147546
424457.1576,391023.2694809563
555284.0298499999,692659.4782102164
555284.0298499999,580028.4571097823
555284.0298499999,567162.3629151047
513402.1734,610372.5164258308
513402.1734,792177.6918057012
513402.1734,604164.7277435134
498905.98645,443203.27028021653
498905.98645,664287.2442481118
498905.98645,703450.3371065072
594820.1117,1018145.295710259
594820.1117,1063952.496546299
546639.391075,586700.1403369099
546639.391075,672681.4713283253
546639.391075,559529.8714354491
546639.391075,666076.989368076
578394.76778,689451.1031496007
578394.76778,647645.7230109147
578394.76778,648156.7412706696
578394.76778,745087.5311480742
578394.76778,660383.3162808619
889059.4831839285,767014.8636915238
889059.4831839285,758721.9399506497
889059.4831839285,1179812.982097837
889059.4831839285,753931.3285076006
889059.4831839285,773562.5558731419
889059.4831839285,779536.6995252474
889059.4831839285,753647.1558989715
889059.4831839285,726815.6325299602
889059.4831839285,726815.6325299602
889059.4831839285,726815.6325299602
889059.4831839285,730895.2437831258
889059.4831839285,1144831.5068717953
889059.4831839285,1144831.5068717953
889059.4831839285,1194469.9297988252
621742.7691249999,587460.7249981491
621742.7691249999,581460.4230479606
322718.33310000005,327685.5795057519
322718.33310000005,328103.10201019427
322718.33310000005,455968.53054371406
312046.58182499994,358482.0981788202
312046.58182499994,481440.5513530603
584829.2565392858,637165.0122257207
584829.2565392858,636956.3158293237
584829.2565392858,648561.4355056398
584829.2565392858,671407.9053588136
584829.2565392858,655292.7725198576
584829.2565392858,653726.484386092
584829.2565392858,1020315.2612136799
415641.1456,599025.0214803019
415641.1456,602857.8053591339
415641.1456,472001.7792851073
415641.1456,569438.3678098205
495905.03535,780745.6074964777
495905.03535,604812.7264777911
1111553.2987,1070113.5045270124
1111553.2987,1055937.9632719802
1111553.2987,1500707.039683185
1111553.2987,1501112.3648401964
1111553.2987,1060728.5747150294
1111553.2987,1498376.4116554605
1111553.2987,1498340.6656374885
1111553.2987,1058306.8077878961
1111553.2987,1032904.172207306
425404.162675,503658.0566871036
425404.162675,482349.59951913316
425404.162675,425080.67923762783
425404.162675,503014.3513724357
425404.162675,396650.566090962
316260.12225,451437.3619549277
316260.12225,307718.5182775422
316260.12225,348568.92103335337
316260.12225,350059.81570383755
2742326.3806000003,3090814.4794408125
2742326.3806000003,3172279.211778066
2450842.8951499993,2463763.3459585714
2450842.8951499993,2513058.7221460384
378777.9795,357963.3583732971
378777.9795,357792.71997289674
358486.42514999997,285118.7704395233
358486.42514999997,245692.1030209823
174324.422575,176893.81318650086
174324.422575,280076.38036539213
662542.4518999999,685623.5419304647
662542.4518999999,684057.2537966991
662542.4518999999,685320.897909569
662542.4518999999,673210.3214919446
168667.8905,196966.7811123976
168667.8905,285849.6178149401
253091.83389999997,194065.82032102376
253091.83389999997,235504.06490245118
513780.37749999994,627679.8919804605
513780.37749999994,553601.1786344398
513780.37749999994,529050.7146319911
513780.37749999994,625913.0442764383
513780.37749999994,557870.0475563069
513780.37749999994,557870.0475563069
513780.37749999994,505354.65708323533
556457.08755,549331.8966929917
556457.08755,730123.3683906163
327247.38985000004,293797.32149758906
327247.38985000004,263082.59757748834
327247.38985000004,344041.7282133547
311141.5939,429137.20658618945
311141.5939,422629.39686975966
311141.5939,343106.62918224913
786337.9217714285,728903.1317525206
786337.9217714285,1133663.7713521058
786337.9217714285,1130927.8181673698
786337.9217714285,714711.2511965578
786337.9217714285,729652.6210667433
786337.9217714285,728903.1317525206
786337.9217714285,1112677.3723658908
223371.89295,175405.9548795661
223371.89295,220536.10675732448
633121.4884999999,1013049.1350192532
633121.4884999999,777082.7399051975
633121.4884999999,734999.5242532389
1139366.07425,1523160.2116053996
1139366.07425,1104806.820690122
673261.4397,747821.5780492339
673261.4397,883731.8408259648
582887.0520499999,788416.172532931
582887.0520499999,659296.8744503522
570008.6800625,606712.0060408842
570008.6800625,606200.9877811292
570008.6800625,661186.9883160666
570008.6800625,584981.3335519156
268670.8569,358571.3866842121
268670.8569,342146.36861030647
268670.8569,267506.6051782543
1301823.0227,1064678.0936344182
1301823.0227,1062133.8552094414
200675.99440000005,134645.32875692053
200675.99440000005,176714.2399494587
200675.99440000005,168034.12737510138
167990.8824,151552.67499831133
167990.8824,147470.46633455163
167990.8824,144723.44350804808
709895.69375,758266.7716170562
709895.69375,1168603.8134802883
709895.69375,756328.4892007485
709895.69375,1164311.6605040594
709895.69375,752387.7134747442
709895.69375,755882.0289316346
709895.69375,709065.7744157643
709895.69375,1098014.2198987054
709895.69375,709663.3522775468
709895.69375,743362.1965970208
1152076.5359999998,1091140.3778560495
1152076.5359999998,1581049.8325410853
591016.9016999999,621102.2310650873
591016.9016999999,639896.7343084211
478527.9890624999,605626.1760132092
478527.9890624999,512527.14460724697
478527.9890624999,539726.3906543805
478527.9890624999,544901.1083444166
478527.9890624999,614399.9561920752
478527.9890624999,513471.4447793351
432245.6864,566093.4947789022
334086.46645,289647.4607063401
334086.46645,281675.68404869345
284647.70075,244961.68836693547
284647.70075,310684.6216961867
808111.37812,914259.8042754872
808111.37812,1155569.3694578572
808111.37812,866898.108064353
808111.37812,910941.5431721733
808111.37812,853899.8070319046
289017.5869,210147.520876944
289017.5869,340386.966836286
538810.06175,562925.7586871778
538810.06175,789579.8110536659
278297.80240000004,326595.1541819329
278297.80240000004,314130.1476719038
1111082.05035,1036200.3368050731
1111082.05035,1037681.9650475173
1111082.05035,1028736.014118277
167080.98160000003,261880.62271544122
167080.98160000003,253270.47402605723
703527.1965999999,1017410.9455321237
703527.1965999999,755620.3390294685
1032564.3536499998,993811.6043812473
1032564.3536499998,1011503.554825468
695963.0303,851803.6333970777
695963.0303,839935.9859380956
635583.7590000001,682921.1013879454
635583.7590000001,677072.5817261997
635583.7590000001,670162.7734756871
635583.7590000001,688158.1731001085
635583.7590000001,681517.9903375034
635583.7590000001,677826.4558526436
754084.4545,692432.7739029443
754084.4545,707605.5415572015
484488.5629249999,563762.1586975032
484488.5629249999,633432.2172102878
414462.164,403453.33767776046
414462.164,362419.8696991505
357162.54695,400275.63387998234
357162.54695,280915.613184123
214029.67379999996,224180.6016808618
214029.67379999996,177714.68055148155
311193.6757,375903.7255297554
311193.6757,348973.49747218634
711506.03968,840644.9083462309
711506.03968,981979.2593841029
711506.03968,842749.2733067267
711506.03968,758900.5297722303
711506.03968,795196.5560035994
925402.7849,1143427.3456520166
503153.6048,526175.7908012979
328298.5783,341822.6550446215
328298.5783,334626.5131881486
827307.6507714285,1159034.9405807415
827307.6507714285,746695.9092358367
827307.6507714285,744467.9353135993
827307.6507714285,733528.7951080482
827307.6507714285,737924.0412984309
827307.6507714285,1156176.602808259
827307.6507714285,1148065.0191864762
1321201.1721,1230840.4234424455
1321201.1721,1669676.6555078714
1321201.1721,1667859.5422394755
1321201.1721,1669676.6555078714
1321201.1721,1238565.1495094355
1321201.1721,1237088.0695761396
1321201.1721,1237664.9722605902
1321201.1721,1197098.2764274275
396978.46435,385027.3784093356
303944.51185,254680.2997720837
303944.51185,371969.16335100814
591607.3115999999,643452.5669496666
1150175.171325,1017113.0932258074
1150175.171325,1028538.2665911118
519990.19592499995,930556.527892893
519990.19592499995,641751.484301501
292238.96655,213113.46607313625
292238.96655,205100.37382304657
814129.6656,636341.0868710813
814129.6656,673920.3153080712
273071.41915,410441.34767968877
273071.41915,242964.34809967736
273071.41915,304122.7754169338
349182.89924999996,282269.37513145414
994517.8242232144,1343377.157474428
994517.8242232144,1343377.157474428
994517.8242232144,1342856.6207013237
994517.8242232144,933489.0072193111
994517.8242232144,916178.4825226464
994517.8242232144,916178.4825226464
994517.8242232144,1310306.6356348442
994517.8242232144,1309983.9372480356
994517.8242232144,899135.0328626118
994517.8242232144,899135.0328626118
994517.8242232144,899815.9489674253
994517.8242232144,896358.2933762624
994517.8242232144,900372.886959601
994517.8242232144,1369188.700359336
604357.8408499999,754935.5832236817
604357.8408499999,735417.6808194125
925148.7494714288,938680.8104173355
925148.7494714288,1068515.1396830652
925148.7494714288,910372.9043430365
925148.7494714288,941488.8245996856
925148.7494714288,1056680.5075918203
925148.7494714288,910773.5681776033
925148.7494714288,1072781.8077966084
1245579.889495,1289024.0334897817
1245579.889495,1291436.8621933986
1245579.889495,1291853.4499491295
1245579.889495,1286883.9870723272
1245579.889495,1729934.3239116403
1245579.889495,1281640.4243267383
1245579.889495,1289932.4090417628
1245579.889495,1285141.7975987135
1245579.889495,1297303.3505213186
1245579.889495,1732607.6978369758
657344.7363999999,862849.3007854854
657344.7363999999,743002.5209429779
657344.7363999999,731961.2831157912
657344.7363999999,733559.1731998646
657344.7363999999,849678.8484137282
657344.7363999999,726496.2281033833
657344.7363999999,848452.4802646054
2474354.2262999997,2510371.7816160987
1364186.0053499998,1748257.6830815766
1364186.0053499998,1304858.822000037
1364186.0053499998,1303058.7717379988
1364186.0053499998,1748293.429099549
1364186.0053499998,1748257.6830815766
1364186.0053499998,1307991.7701675547
1364186.0053499998,1306020.5922414917
1364186.0053499998,1307284.2363543618
1364186.0053499998,1281238.1769416765
352487.15424999996,365255.15189703234
352487.15424999996,479950.5932069267
659569.3346000001,672397.0432774506
659569.3346000001,725897.9377032504
419072.4075,409128.15225742804
419072.4075,382570.24208950123
419072.4075,467385.37638579623
419072.4075,410108.1683104272
419072.4075,409735.5929758706
490385.41675,793525.7583792605
490385.41675,533124.6144669814
499520.3471,624807.6391013815
499520.3471,679469.0385878846
1069286.342,1391297.976920416
1069286.342,964739.2243014334
920112.09155,905409.7274012176
920112.09155,1351320.5562628624
542734.95465,629828.1672058151
542734.95465,729868.8577365838
767064.6470300001,1222104.4982486595
767064.6470300001,1109044.7038228638
767064.6470300001,1107496.6514491457
767064.6470300001,1107496.6514491457
767064.6470300001,818324.4279155979
767064.6470300001,836011.859666371
767064.6470300001,800392.472648463
767064.6470300001,799286.0072937905
767064.6470300001,813954.6714225009
767064.6470300001,1069413.9011538532
331147.27150000003,371053.0122199741
331147.27150000003,299081.35818602407
567850.9892500001,490555.1610158649
567850.9892500001,584871.7615069558
654764.1751250001,765735.1011368417
654764.1751250001,726330.0207581947
438531.741775,792911.2781967926
438531.741775,590800.0292274912
588320.30745,672480.2074195006
588320.30745,952603.4141770166
588320.30745,685016.8671772078
233389.28129999997,318563.9021941185
233389.28129999997,195678.58537564945
603279.8053799999,727407.1585324222
603279.8053799999,708223.128471521
603279.8053799999,726395.3162190282
603279.8053799999,1153664.055868325
603279.8053799999,708233.9474077165
603279.8053799999,726483.3352784134
603279.8053799999,669351.2474993768
603279.8053799999,1012772.2235246035
603279.8053799999,684188.168817115
603279.8053799999,691547.6259275994
266120.46499999997,355854.24371803476
266120.46499999997,261834.47568455944
1202777.84335,1530409.7598008316
1202777.84335,1530130.1213868777
1202777.84335,1161047.4099875602
1202777.84335,1170876.1954241733
1202777.84335,1573134.5019978252
1202777.84335,1169612.5513113034
1202777.84335,1123712.688295483
1202777.84335,1124844.1232987489
1202777.84335,1535250.3266033598
1202777.84335,1124844.1232987489
1202777.84335,1122096.2427280769
825388.7065000001,808844.7782596956
825388.7065000001,808899.9423287775
675156.48085,647094.3710686526
675156.48085,1101549.2330993963
959922.757285714,1002425.282546655
959922.757285714,986198.6404016598
959922.757285714,966228.3709781042
959922.757285714,987764.9285354253
959922.757285714,1341799.1013284768
959922.757285714,968581.6156553081
959922.757285714,980461.9467273678
474092.63,494507.4258966675
474092.63,600367.3811774433
474092.63,571534.8239842432
474092.63,485567.80662402255
535653.8161,591269.3707068588
535653.8161,667334.6494370018
619426.5495788461,774455.5222504478
619426.5495788461,1202112.5193554456
619426.5495788461,774966.5405102028
619426.5495788461,1102287.6478508252
619426.5495788461,750183.3710618337
619426.5495788461,750694.3893215887
619426.5495788461,764039.8023421649
619426.5495788461,1063179.6137683436
619426.5495788461,1063179.6137683436
619426.5495788461,1063179.6137683436
619426.5495788461,735778.1230234383
619426.5495788461,735778.1230234383
619426.5495788461,737638.4779117327
479761.33035,459231.2492536396
479761.33035,447788.06606331345
479761.33035,683731.3127363725
337956.6816499999,320536.8928800666
337956.6816499999,320536.8928800666
337956.6816499999,311453.5629990031
207875.70545,134446.8382832997
207875.70545,123761.12790266774
652311.657075,731340.2770254551
652311.657075,820774.958552567
652311.657075,822828.4859511777
652311.657075,706102.9024023332
349354.99351249996,374555.3938954291
349354.99351249996,303298.85966097686
349354.99351249996,362828.3180865379
349354.99351249996,340224.7421981868
465659.0127357143,555937.6170991476
465659.0127357143,449450.4009084252
465659.0127357143,552148.5812927803
465659.0127357143,476968.09457404236
465659.0127357143,480438.4378004621
465659.0127357143,452118.9808784535
465659.0127357143,432138.33828366164
493048.06818749994,506699.9853939987
493048.06818749994,485102.7873837567
493048.06818749994,484047.51750974613
493048.06818749994,483536.49924999115
493048.06818749994,486509.4425644873
493048.06818749994,486126.6056471403
706260.67533,755709.9074561752
706260.67533,1148460.6411784675
706260.67533,780323.3815048675
706260.67533,783778.8503750222
706260.67533,1145386.2979548639
706260.67533,760864.1303410667
706260.67533,744245.5866852691
706260.67533,743564.6705804557
706260.67533,743564.6705804557
706260.67533,1236688.7117636334
443156.6642624999,521880.2596270401
443156.6642624999,444312.67506580235
443156.6642624999,510017.8810641614
443156.6642624999,399941.561936135
871033.7911499998,795536.8199885607
607501.3627124999,775183.0721107838
607501.3627124999,680354.4938102467
607501.3627124999,639812.7577844305
607501.3627124999,740966.5729002473
857462.5739,824302.1092448034
292104.52735000005,265009.62452598684
292104.52735000005,269370.13795972796
445059.01634999993,572278.2792222137
445059.01634999993,485462.36294452107
518054.8726125,656192.4133151893
518054.8726125,519970.33173775475
518054.8726125,531032.6333698452
518054.8726125,512679.85397441196
874256.9121,1154017.1975455424
874256.9121,749502.5743244896
874256.9121,743147.994846321
874256.9121,1149318.8006910519
874256.9121,739992.0155872594
874256.9121,737283.0603541238
874256.9121,743147.994846321
874256.9121,738199.9275886563
372008.16945,329968.1081124559
699781.6322,721300.4439204349
699781.6322,797488.3614710992
699781.6322,794935.4575986953
699781.6322,783490.7913402726
699781.6322,696345.416851324
699781.6322,724140.6092408481
893467.8889,903364.1401552407
893467.8889,902917.6798861267
893467.8889,907776.3695456273
893467.8889,902917.6798861267
893467.8889,902622.7398316583
893467.8889,1237028.2166358167
533888.9257499999,732993.3645537862
533888.9257499999,772566.3334684337
476567.9442499999,543621.9057324848
476567.9442499999,493455.75337858126
476567.9442499999,485743.8905727563
530682.8926,691056.0636390459
530682.8926,674405.6170052929
680818.2756500001,678779.5622570772
680818.2756500001,713925.6454021883
331474.2700000001,274738.4695214124
331474.2700000001,266978.74794906
542874.5538999999,647155.498114609
542874.5538999999,662337.1623628105
542874.5538999999,749846.8272419104
542874.5538999999,630793.6685049203
269384.50659999996,220294.36638185167
269384.50659999996,214250.55199936457
389683.0438500001,524214.81164339953
389683.0438500001,396551.09869940573
389683.0438500001,381510.6855761742
389683.0438500001,548286.0867538853
337614.48655,363967.6261343476
337614.48655,348379.01626367733
354216.50525,511946.6833823676
354216.50525,402297.4236309838
1218932.83484,1154216.4902528333
1218932.83484,1591229.345467188
1218932.83484,1549018.1180295227
1218932.83484,1591360.1043018072
1218932.83484,1548982.3720115507
1218932.83484,1155480.1343657032
1218932.83484,1143357.2954641986
1218932.83484,1517890.4528520391
1218932.83484,1554539.600936864
1218932.83484,1553858.684832051
324800.99289999995,329212.27987748216
324800.99289999995,395134.8464984392
324800.99289999995,325234.7583849853
617096.4675,653863.8538186959
617096.4675,694647.197437872
617096.4675,653352.8355589409
617096.4675,644608.7242110887
617096.4675,776231.1734344161
617096.4675,755843.624749722
741329.2987749999,715527.4580785002
741329.2987749999,620100.5898428278
582802.05325,676316.4121397573
582802.05325,642156.7934187053
582802.05325,946219.6314070013
747953.02125,782110.0207161877
747953.02125,808903.6391978275
454190.85385,647348.7238891994
454190.85385,571505.6575207977
454190.85385,605430.8271046629
603029.2583571428,636452.315453962
603029.2583571428,629874.509902072
603029.2583571428,954157.8334399534
603029.2583571428,630338.4337787994
603029.2583571428,636368.1103259822
603029.2583571428,957013.3813332529
603029.2583571428,607037.7745115716
410218.96220000007,489019.3348142165
410218.96220000007,341949.97644145554
151857.3878,121853.26856330154
151857.3878,161237.72443559294
947049.6837,848384.7949962975
947049.6837,853987.4684376074
947049.6837,822714.1972941515
767117.4063833334,767746.0754748576
767117.4063833334,762880.4647417549
767117.4063833334,767746.0754748576
767117.4063833334,1163302.5110108193
767117.4063833334,760506.6948444443
767117.4063833334,712343.4579726731
767117.4063833334,712343.4579726731
767117.4063833334,1128250.2996445547
767117.4063833334,747240.3353466222
832490.5164500001,1152899.8644152167
832490.5164500001,1164862.4911081144
832490.5164500001,1153489.7766945036
832490.5164500001,1164238.9479969463
832490.5164500001,1154109.010517881
832490.5164500001,751913.8418550154
832490.5164500001,756704.4532980645
832490.5164500001,1185195.9812160404
622771.47835,573587.2472319402
622771.47835,656490.8268832247
622771.47835,641482.6180934953
622771.47835,549291.6052553683
842423.4644857142,1321384.28500748
842423.4644857142,998166.8333427703
842423.4644857142,996860.1132421145
842423.4644857142,1318548.5593028292
842423.4644857142,1321622.902526433
842423.4644857142,1318767.3546331334
842423.4644857142,960392.680090168
711810.5929999999,719129.5683521453
576336.335925,677547.8470189502
576336.335925,684912.3277665547
576336.335925,999301.2616507288
576336.335925,670391.0269577762
576336.335925,1002375.6048743324
576336.335925,701125.4565559622
576336.335925,644893.49753971
576336.335925,665328.1395776491
576336.335925,648386.2856509612
576336.335925,644893.49753971
576336.335925,990793.6385290201
576336.335925,696209.0606978389
612536.750115625,810581.2523588449
612536.750115625,660660.2396866195
612536.750115625,812708.8975940705
612536.750115625,810581.2523588449
612536.750115625,813071.2164423137
612536.750115625,662624.0874773376
612536.750115625,805107.9312064036
612536.750115625,646267.5212527121
299997.0813,443265.6229920831
299997.0813,476377.0499729377
468368.1516,451687.626889962
468368.1516,546799.2225238178
469650.73605,482810.0427636981
469650.73605,549604.362450964
469650.73605,467908.4067259762
614792.4621,658004.1106457369
614792.4621,647260.6213055038
662147.6543999999,706805.7126065515
662147.6543999999,623470.3622813399
662147.6543999999,634317.2246434216
662147.6543999999,595997.7627400261
662147.6543999999,601945.3610766667
320708.9763,272252.21710784634
320708.9763,280831.54914467887
269150.47550000006,218920.84194930422
269150.47550000006,221270.16756786295
269150.47550000006,188735.67154200166
318673.575675,361518.9807316404
318673.575675,307014.1696303545
318673.575675,307014.1696303545
318673.575675,361323.68370459654
800885.40715,749669.2518398579
800885.40715,740908.3996490187
800885.40715,761257.2852409434
800885.40715,656452.8699336892
800885.40715,683177.934029556
800885.40715,721001.8644715548
566026.068775,777998.032548157
566026.068775,674080.3299127817
566026.068775,675633.3803993239
566026.068775,761999.458759138
399097.07215,411377.82453821413
399097.07215,503048.91877538926
399097.07215,539198.9975569777
621190.532625,675813.9862547864
621190.532625,683309.093401255
337397.98799999995,506206.02981171093
337397.98799999995,502047.91033344035
337397.98799999995,481922.21252280544
337397.98799999995,486919.5949941718
418815.204,376339.7432140035
418815.204,375186.2641432691
418815.204,373528.029404353
418815.204,456230.8831963487
418815.204,383439.38986500225
418815.204,421123.74678791664
795450.8768062501,860046.9475104784
795450.8768062501,1140926.3922562993
795450.8768062501,860569.5865089436
795450.8768062501,844126.3634637275
795450.8768062501,846610.1114103273
795450.8768062501,844126.3634637275
795450.8768062501,846099.0931505723
795450.8768062501,1103805.449724527
795450.8768062501,816223.2725417673
795450.8768062501,1103805.449724527
795450.8768062501,838680.0102853454
795450.8768062501,1154158.1780609223
844445.364025,753803.7107921953
844445.364025,833654.5510382766
844445.364025,724989.4101149479
844445.364025,823157.0789129823
844445.364025,831598.3719193725
844445.364025,758939.1728257508
844445.364025,730447.2607338252
844445.364025,809064.3491317267
607986.8389937499,1182424.8709394187
607986.8389937499,733537.1846492541
607986.8389937499,733745.881045651
607986.8389937499,758888.423643768
607986.8389937499,735442.4807828688
607986.8389937499,1186327.783107724
607986.8389937499,733745.881045651
607986.8389937499,750933.9160729239
1082834.5184,1435351.939404036
1082834.5184,1008164.3855303507
619657.4124500001,660913.0046111842
619657.4124500001,675917.757318585
2779286.4341999996,3178258.6403835453
2779286.4341999996,2649085.9086412713
526518.1563,651595.300006063
526518.1563,515566.52417332894
526518.1563,530594.7085335243
526518.1563,552586.6493110849
478404.4236,459693.09181478183
478404.4236,616983.1280326373
478404.4236,589860.6418321613
560489.5597812501,709178.9036129834
560489.5597812501,655515.2247043679
560489.5597812501,844914.5008416052
560489.5597812501,844695.705511301
560489.5597812501,800254.4679870962
560489.5597812501,800254.4679870962
560489.5597812501,632923.8502749122
560489.5597812501,713104.168525443
725161.0818,759563.0886512776
725161.0818,1144596.2745248296
725161.0818,760009.5489203916
725161.0818,752678.4671226891
725161.0818,778895.4474241481
725161.0818,718242.4841720487
725161.0818,719990.4834830327
725161.0818,1118992.8975605103
725161.0818,803173.1982401261
435649.73344999994,502477.51284398197
435649.73344999994,498853.823929201
568578.674875,672002.2041253877
568578.674875,1041818.816336164
472611.24637000007,522172.9575801835
472611.24637000007,430048.56060561375
472611.24637000007,422791.9876862444
472611.24637000007,524166.55445322115
472611.24637000007,524847.4705580345
299956.229625,299960.01301689656
299956.229625,331470.0577052289
299956.229625,285306.0365051445
822736.029825,844191.5714966829
822736.029825,812917.7266610414
238360.2931,201706.58523428766
238360.2931,206879.45938191912
238360.2931,192818.74096684327
564646.200325,541509.9485392461
564646.200325,511739.4936914415
348491.3390928572,406706.24548774364
348491.3390928572,385110.1287468385
348491.3390928572,336597.2300448805
348491.3390928572,356003.11918317166
348491.3390928572,413146.4600511015
348491.3390928572,364598.29917595274
348491.3390928572,398228.04060582456
456539.80094999995,442855.7865013557
456539.80094999995,441479.35532366694
456539.80094999995,536068.6196975656
456539.80094999995,530893.71350628
456539.80094999995,443826.7631227197
679975.0109999999,642986.3254190017
679975.0109999999,628529.7300111213
162570.22775000002,229652.1845994678
162570.22775000002,222317.45557189197
162570.22775000002,200748.70030819322
2430681.3697500005,2295446.4035823504
2430681.3697500005,2363718.712350689
245953.49304999996,173596.6645541765
245953.49304999996,286426.65203914297
389209.4505,489008.7567170018
389209.4505,340926.1639735601
188450.68375,130187.69799716503
188450.68375,126395.8572231076
588210.2945,826749.7859637219
588210.2945,728212.215902738
588210.2945,851699.6028103688
588210.2945,710665.8140948784
588210.2945,692394.7216186927
629464.1205416666,755252.552550167
629464.1205416666,741784.7667192363
629464.1205416666,741982.6441794375
629464.1205416666,717895.3714553312
629464.1205416666,1064072.73854854
629464.1205416666,744188.2324783236
629464.1205416666,1068155.9492931277
629464.1205416666,756501.6650299767
629464.1205416666,1096378.498408982
361621.4721,380570.6189320823
361621.4721,381316.1231045962
361621.4721,388457.9255175282
559276.6892375001,621321.0645278419
559276.6892375001,661848.704660249
559276.6892375001,647360.9170352324
559276.6892375001,643792.2158749785
559276.6892375001,613355.4437971428
559276.6892375001,675132.4368131957
313394.55655,208924.78916391562
313394.55655,310095.9011096809
360351.6972,332025.50647196535
360351.6972,339253.6193574802
308425.004325,291770.76816638187
308425.004325,254624.67833349924
511742.63045,602319.0310454633
511742.63045,568106.1708697085
807555.3875961539,1242029.327525279
807555.3875961539,1244854.6736924872
807555.3875961539,854804.0462309531
807555.3875961539,855315.064490708
807555.3875961539,861179.6621912182
807555.3875961539,868678.8693670293
807555.3875961539,854804.0462309531
807555.3875961539,824381.0043649956
807555.3875961539,811064.3864212323
807555.3875961539,818306.9838064334
807555.3875961539,818987.8999112467
807555.3875961539,811315.1778251786
807555.3875961539,810383.4703164189
632543.5267642858,583085.5346142666
632543.5267642858,568439.9128247291
632543.5267642858,565972.7902443404
632543.5267642858,631758.0583280541
632543.5267642858,652169.3246769371
632543.5267642858,590582.6364285755
632543.5267642858,560414.2748686359
415225.58384999994,356630.73121729575
415225.58384999994,438729.1775693622
415225.58384999994,302772.6970021243
628078.2255999999,723719.9189450382
628078.2255999999,1113516.1134870874
628078.2255999999,725672.3546737632
628078.2255999999,720441.6496756026
628078.2255999999,726894.0874759493
628078.2255999999,1124557.4807192176
389749.529,574488.6732526901
389749.529,580348.450487639
389749.529,398967.63861080736
177230.813425,153353.8340880769
177230.813425,233527.7948426836
760257.80225,792837.6640648018
519441.36649999995,559738.0958688639
519441.36649999995,493704.6230662952
519441.36649999995,493193.6048065403
519441.36649999995,574145.32230629
519441.36649999995,496816.3119598554
519441.36649999995,475252.8173933616
645506.6242,1016945.5375481249
645506.6242,638765.2435804178
418922.6624,515390.9547326329
830468.6343,1458883.5577794856
830468.6343,988042.7406373408
830468.6343,987531.7223775858
830468.6343,988859.3929923982
830468.6343,976346.8252070899
830468.6343,1000514.1467807522
830468.6343,949509.2104569105
830468.6343,969764.7515900969
830468.6343,934184.2910895601
626721.11815,641616.5662892162
626721.11815,652004.847166444
601773.3224999999,827915.3889727293
601773.3224999999,659156.0913754517
368258.14685,442289.2719076916
368258.14685,434987.99275360076
363583.95035000006,433853.30692426825
363583.95035000006,637872.7870756065
363583.95035000006,516903.2997046901
467322.6717199999,724307.4549244744
467322.6717199999,529018.4313270743
467322.6717199999,529018.4313270743
467322.6717199999,556422.9893484749
467322.6717199999,601551.6412537954
1066422.7852499995,1462238.0763521977
1066422.7852499995,1054106.6778574083
1066422.7852499995,1461855.3204274885
1066422.7852499995,1020825.6975693437
1066422.7852499995,1420806.7549373223
1066422.7852499995,1030659.3854363032
283501.56230000005,233105.58583623212
283501.56230000005,234369.6939225038
283501.56230000005,198466.3196394067
387864.8284499999,369704.66922347195
479752.8034199999,583866.9147728665
479752.8034199999,583895.9487634416
479752.8034199999,583910.7131592372
479752.8034199999,584276.2969690679
479752.8034199999,429162.3333653017
364119.7702,409855.894293885
364119.7702,326885.1271121179
364119.7702,339584.66858108976
2500637.5777999996,2284100.494705259
2500637.5777999996,2308484.8731021043
1222644.335225,1129067.293836359
1222644.335225,1631643.8716984848
536511.0199000001,581047.3240013731
536511.0199000001,926946.5770435171
653856.44525,630636.572822634
653856.44525,635427.1842656832
653856.44525,1010770.8980627428
653856.44525,630636.572822634
653856.44525,990051.5689212037
653856.44525,607179.957259655
653856.44525,607928.4496472533
653856.44525,592243.8236748818
527161.7408500001,462821.11237519
527161.7408500001,465318.593212776
204745.61855,257198.69829718547
204745.61855,207525.30341059086
497862.1895999999,487840.3762224437
231387.6046,182183.6509761705
231387.6046,289258.2736454239
231387.6046,211098.85459615604
726198.1313999998,752712.9314010534
726198.1313999998,750848.1646369417
726198.1313999998,752712.9314010534
726198.1313999998,751385.260786241
726198.1313999998,1120664.4589813105
726198.1313999998,717199.8753493539
537713.7847,833615.8800116667
537713.7847,653807.4826485493
537713.7847,665063.8669376142
566828.7002,641017.6554193067
566828.7002,1056816.2042193182
652959.1272,627192.4484835076
652959.1272,627192.4484835076
652959.1272,600037.4010968688
652959.1272,715501.5820113336
652959.1272,629384.0782146008
652959.1272,611095.2321719761
311570.3708,349675.48865601
311570.3708,279877.159531316
311570.3708,236825.06652394112
634168.4725,776987.8351413913
634168.4725,660274.2422307488
780264.6392175,721369.6284918415
780264.6392175,1134231.9446015498
780264.6392175,1124873.1146008298
780264.6392175,1120703.841643082
780264.6392175,719531.57968436
780264.6392175,721816.0887609554
780264.6392175,670075.740654089
780264.6392175,679047.3834081696
780264.6392175,679047.3834081696
780264.6392175,703510.5234332895
533572.129,591270.5616971168
533572.129,741579.6885633528
361753.7175,354516.8683366261
361753.7175,529291.2398424794
361753.7175,423261.93975062756
502683.9104,372700.60517758346
502683.9104,384088.3863398617
324431.28912499995,268651.55366460106
324431.28912499995,210418.77026673383
708189.9479,706280.7597347447
708189.9479,621325.9589859977
708189.9479,601427.4849870753
536489.94265,516045.95320946246
536489.94265,501176.0937017663
621169.5534,630160.528986001
633113.1633,568871.6697717685
633113.1633,589973.5951099745
633113.1633,590755.212735068
383922.9283875,467325.3242617628
383922.9283875,423334.565934694
383922.9283875,399122.22189388634
383922.9283875,403074.5475749736
310535.42932500003,293136.74839846126
310535.42932500003,371969.16335100814
242766.8816,192764.85323111346
242766.8816,299639.5294894771
680932.1584874999,678078.373048354
680932.1584874999,566633.3083815775
680932.1584874999,592568.9103158411
680932.1584874999,556878.6566335052
455152.14825,436611.1648895818
455152.14825,623572.7410751823
282614.2229,241887.41925374756
282614.2229,303070.93514846265
717926.75165,1142773.9016260891
717926.75165,1141131.047195553
717926.75165,1142150.358514921
717926.75165,738102.4954474249
717926.75165,730634.3380447463
717926.75165,1128020.4932509952
448280.6427,458429.78513491177
448280.6427,463438.933620201
665870.1227357143,1206688.1117229103
665870.1227357143,772363.7385975616
665870.1227357143,752695.7910373642
665870.1227357143,1143330.3608339443
665870.1227357143,752393.4691740061
665870.1227357143,1143394.387335887
665870.1227357143,767024.9800255537
757756.5759999999,1209089.1546196966
757756.5759999999,1140762.2829799794
757756.5759999999,775355.4675159805
757756.5759999999,774844.4492562255
757756.5759999999,1143834.306104937
757756.5759999999,1136185.0227591835
684031.7384875,764428.7883135974
684031.7384875,774992.512509358
684031.7384875,1111221.8279190524
684031.7384875,787561.3465442208
684031.7384875,1111003.0325887483
684031.7384875,786179.936874963
684031.7384875,777315.866364632
684031.7384875,1074774.4517977075
684031.7384875,726217.818171138
684031.7384875,740865.900624086
684031.7384875,724480.685090263
684031.7384875,1146319.8002911648
847074.6458437501,751294.4418390938
847074.6458437501,754159.8373391381
847074.6458437501,760168.8732377494
847074.6458437501,759610.4239957661
847074.6458437501,765967.3235725808
847074.6458437501,765965.0034739347
847074.6458437501,765584.5676478717
847074.6458437501,709749.6752309364
847074.6458437501,1122740.4795585496
847074.6458437501,1122740.4795585496
847074.6458437501,707169.0417092323
847074.6458437501,1123592.4852444723
390501.76312500006,374317.7142638498
390501.76312500006,399350.88761193753
390501.76312500006,484989.7845057569
390501.76312500006,412319.01789402973
308645.6933,337063.99894544913
308645.6933,338372.2490408865
308645.6933,349163.46095533273
659970.7821,673830.5432916223
659970.7821,772702.1333908329
659970.7821,779371.8160596061
2283844.3309750003,2200432.0194619587
2283844.3309750003,2712513.0347462045
551097.0944,594360.1771875718
551097.0944,624907.6845154656
551097.0944,1001577.7095982269
852644.3316599999,855344.7379133662
852644.3316599999,828533.7523896677
852644.3316599999,832011.4909115395
852644.3316599999,960337.1782868437
852644.3316599999,820542.2478511706
417037.5229999999,568071.5920457967
417037.5229999999,457838.08177481906
417037.5229999999,442330.2043022572
778480.56421,1124083.5359760958
778480.56421,940284.8326744884
778480.56421,947856.2336425399
778480.56421,1123784.5905828008
778480.56421,929486.7792702346
340430.8469,294295.4171319755
340430.8469,326470.46743451327
340430.8469,321797.8906176877
217096.8327,167242.65442415385
217096.8327,167242.65442415385
217096.8327,168129.7168234898
217096.8327,166122.20229670138
845314.54455,1292755.0706813554
845314.54455,908830.901240258
759379.3397000001,745960.4346423711
759379.3397000001,720362.219103764
303610.60380000004,229631.7197038795
303610.60380000004,234171.8104252724
303610.60380000004,282975.6233625024
571740.5175,610176.6238631818
589791.6309000001,650854.632695451
589791.6309000001,787488.5911346743
589791.6309000001,654441.6306635949
589791.6309000001,679804.1512004209
589791.6309000001,680874.2794940784
589791.6309000001,662772.3349714731
531383.0962500001,569093.8565030379
531383.0962500001,626770.6131920057
305037.66115,342985.47842501506
305037.66115,258694.50886839413
305037.66115,218810.30305887957
261663.64675,308874.1319806278
261663.64675,315400.7313187616
867525.7118499998,933579.1180593732
867525.7118499998,934054.6810905223
867525.7118499998,892228.4783738295
867525.7118499998,931772.1175762401
867525.7118499998,933579.1180593732
867525.7118499998,1246515.7739330207
1385554.4714375,1161491.885999326
1385554.4714375,1163607.6945805345
1385554.4714375,1162821.2396064503
1385554.4714375,1155437.6304434068
1385554.4714375,1157198.7488806178
1385554.4714375,1603969.0202229843
1385554.4714375,1160681.193188996
1385554.4714375,1621219.2356298806
1385554.4714375,1156635.6918765744
1385554.4714375,1588773.7956706262
1385554.4714375,1117829.5857385842
1385554.4714375,1132535.855749638
1385554.4714375,1117829.5857385842
1385554.4714375,1123637.0607085861
1385554.4714375,1125360.1835062846
1385554.4714375,1109331.794337178
410793.8275999999,390334.1629375778
410793.8275999999,395454.8635519141
410793.8275999999,587359.3901267672
541539.0092699999,862824.2619063063
541539.0092699999,749746.7912880615
541539.0092699999,865231.2708876978
541539.0092699999,862864.8968420014
541539.0092699999,660720.3726438598
236432.79850000003,191942.68273731042
236432.79850000003,226196.28332438017
236432.79850000003,218480.59062467568
659618.78275,756793.5909907082
659618.78275,652382.240607248
659618.78275,761371.587244373
535081.6137,557175.1656300274
535081.6137,544012.4631933798
603220.4948875,594888.0945420512
603220.4948875,594888.0945420512
603220.4948875,675892.3383751289
603220.4948875,579332.1003775862
2466728.8626,2433865.894422964
2466728.8626,2461787.0921692466
564703.0478,579112.8570171145
564703.0478,684200.5671650014
549614.2483999999,630900.1665861874
549614.2483999999,605861.136235678
549614.2483999999,749846.8272419104
549614.2483999999,605459.3909441106
825782.151,727849.1957156522
825782.151,757923.9029181733
926603.6661538462,873534.9342551527
926603.6661538462,873797.6900354221
926603.6661538462,881598.4040901694
926603.6661538462,855315.8159482221
926603.6661538462,883868.9501732445
926603.6661538462,888622.9325167021
926603.6661538462,871968.6461213871
926603.6661538462,874230.3772027914
926603.6661538462,853404.5194538529
926603.6661538462,851640.5834534263
926603.6661538462,835040.0013282441
926603.6661538462,853404.5194538529
926603.6661538462,843430.4225197888
195225.72895,208815.64997914643
195225.72895,173882.34716395184
195225.72895,286303.22875263414
658945.7754,716979.7548729556
372260.19145,554990.9097896054
372260.19145,394145.17743393715
653861.17905,754491.9014976609
653861.17905,746332.057709752
653861.17905,728161.8633827678
180115.083825,194162.6895100235
180115.083825,256701.5007081987
520818.848,675949.3522683111
520818.848,715988.0006177179
652300.8433678573,705487.5090146044
652300.8433678573,781047.9346995649
652300.8433678573,781350.5787204606
652300.8433678573,705487.5090146044
652300.8433678573,683367.4648426545
652300.8433678573,783373.2728470672
652300.8433678573,711634.7802185763
261794.42065,222345.55849543877
261794.42065,276882.2417052088
261794.42065,215688.03968703863
597524.06435,667186.3258271762
597524.06435,1083476.947812192
406038.8508,394652.8421930613
406038.8508,385138.02825573966
406038.8508,353606.7800204322
1378329.2181999998,1560475.4500513382
668229.4817,996474.7429333946
398317.86280000006,330334.8728002281
398317.86280000006,277178.967018039
398317.86280000006,294661.74341150385
932229.647475,813522.2231361688
932229.647475,810503.2902086074
622469.1338142857,642675.3482369657
622469.1338142857,667874.1279157023
622469.1338142857,684906.1293771436
622469.1338142857,678898.7965676526
622469.1338142857,642318.8744679329
622469.1338142857,666909.0386975673
622469.1338142857,630741.0627350411
499388.91445,505583.0629108387
499388.91445,600073.4132550413
499388.91445,442628.661752891
330033.22264999995,309644.88997442595
330033.22264999995,396051.27667255583
401830.76115,364757.79264302325
401830.76115,486239.87203136296
401830.76115,397209.7055580877
784800.2774499999,803884.1628915889
784800.2774499999,680355.6596811273
1086297.11,1400764.006173906
1086297.11,1032795.0283924848
1086297.11,1400586.677561679
1086297.11,1026062.9331891753
1086297.11,1000513.9684805516
1086297.11,1438550.6916456178
1086297.11,1003030.1864046673
854736.3863499999,1208204.0192357285
854736.3863499999,1225993.5667376332
547369.3338499999,578713.077399109
547369.3338499999,562819.141469735
754382.6621999999,716452.0502473824
489658.6034,561897.9805720412
489658.6034,553880.5483013832
642811.5892499998,637414.7475594955
642811.5892499998,636713.119110716
642811.5892499998,604664.6615692805
585797.677125,632476.6852880366
585797.677125,632476.6852880366
585797.677125,1075818.5838490317
585797.677125,648997.6477023255
585797.677125,1075599.7885187275
585797.677125,632976.884611596
585797.677125,634042.9734218022
585797.677125,955404.3977434151
585797.677125,595147.1770672111
585797.677125,611238.6151574973
585797.677125,611238.6151574973
585797.677125,987345.081083348
1413735.1904,1125194.0178634825
1233835.0821999998,1639882.8852598616
1233835.0821999998,1625820.043163616
588701.138325,632263.653956244
588701.138325,634773.6456387711
508589.2890749999,561858.9071509105
508589.2890749999,613473.288148182
410833.5042249999,392885.90772094496
410833.5042249999,493316.6408275851
987609.967,1354188.6545272928
987609.967,977026.0203964907
987609.967,1351114.3113036891
987609.967,996996.2898200462
987609.967,1014156.2674704376
987609.967,997298.9338409419
987609.967,996251.3311490943
721375.9062,834036.1772053634
721375.9062,886782.184624459
721375.9062,852822.240980613
721375.9062,888045.8287373289
721375.9062,1010809.409318322
721375.9062,809317.5575468502
549399.5904,601853.3630421909
549399.5904,493551.71513796115
549399.5904,519674.8365725548
674181.0595142856,852565.9939831602
674181.0595142856,1014348.7385553564
674181.0595142856,792180.203449445
674181.0595142856,789895.6943728495
674181.0595142856,841364.7881270729
674181.0595142856,783517.1903393075
674181.0595142856,995361.6300267712
1047582.404,1054124.6530954211
1047582.404,1043834.7442998346
1047582.404,1046450.8176019733
1047582.404,1048625.3557428839
1047582.404,1047790.7591255484
1047582.404,1469984.0107020917
1047582.404,1018602.5526055249
1047582.404,1432996.9316650736
1047582.404,1018602.5526055249
1047582.404,1012206.1000555903
1047582.404,1038351.0846331543
255298.3221,307896.97503080545
255298.3221,320837.86767760274
255298.3221,233849.0116399094
253597.24299999996,195099.77996854007
253597.24299999996,236538.02454996743
270529.55305,195842.06699699123
515464.60875,519843.39392205724
515464.60875,523632.42972842464
515464.60875,523632.42972842464
515464.60875,519090.76806894236
515464.60875,523494.7822731
515464.60875,599142.4208943256
515464.60875,490519.52989387466
571149.573275,656450.7065988189
571149.573275,656897.1668679329
571149.573275,659364.2705657955
571149.573275,679255.8314049472
571149.573275,994197.7915565487
571149.573275,689268.278390429
302044.64499999996,331451.4519559937
302044.64499999996,271106.4527420767
220477.97669999997,229333.32509200112
220477.97669999997,186738.32618008973
220477.97669999997,180708.7434775069
702008.0588500001,615502.878676205
702008.0588500001,1059115.0099916006
960175.02612,1032815.6305647646
960175.02612,906915.7281049342
960175.02612,931682.010437876
960175.02612,905614.896970532
960175.02612,907535.1770925035
960175.02612,931490.1463012272
960175.02612,1029843.2826678813
960175.02612,908188.6446869227
960175.02612,1029843.2826678813
960175.02612,892687.8966286617
258224.09695,258497.87273899472
258224.09695,253285.28625512478
258224.09695,312088.4727897142
918875.0069666666,1355709.024116763
918875.0069666666,1355709.024116763
918875.0069666666,1358781.0472417206
918875.0069666666,929883.129101296
918875.0069666666,922869.260493987
918875.0069666666,1358781.0472417206
918875.0069666666,903792.1366221987
918875.0069666666,1358781.0472417206
918875.0069666666,1354753.980162336
457603.8899375,403310.77716913004
457603.8899375,570359.2490930159
457603.8899375,444983.0122203611
457603.8899375,552045.5134822488
587897.6259545455,680015.5270016892
587897.6259545455,982523.8300686756
587897.6259545455,663777.6618991185
587897.6259545455,647216.1897387471
587897.6259545455,978047.0306557962
587897.6259545455,663777.6618991185
587897.6259545455,647216.1897387471
587897.6259545455,611416.8488959278
587897.6259545455,627909.945322289
587897.6259545455,627229.0292174756
587897.6259545455,631745.2266650142
377991.0562,366275.40742128296
377991.0562,357809.7533667024
377991.0562,343886.2772622373
599080.83645,620859.1947643373
599080.83645,617431.5974978213
599080.83645,706645.3761705973
599080.83645,680471.1014767111
2792021.9207999995,3223901.442461429
2792021.9207999995,3176676.9692123486
2792021.9207999995,2734419.286473439
1236101.81185,1646888.6861308105
1236101.81185,1189495.3508828243
1236101.81185,1195630.2309827986
276857.1928,283324.62808250124
276857.1928,251993.6734107359
276857.1928,287131.3718706157
271184.66469999996,320913.23110366124
271184.66469999996,245633.88889566256
608219.7632250001,791143.6902202496
608219.7632250001,727205.4783807108
624632.6227249999,621244.0904953154
624632.6227249999,599159.2836439128
624632.6227249999,625206.1755520842
624632.6227249999,702245.2536515369
602504.77095,558227.0841891526
602504.77095,555952.7153292233
727778.1389178572,1153567.6709202814
727778.1389178572,784446.2849735807
727778.1389178572,784577.8140715699
727778.1389178572,1219009.2911560468
727778.1389178572,758504.4323445543
727778.1389178572,1126993.165377789
727778.1389178572,748987.1080762249
417265.66152499994,600571.8690498611
417265.66152499994,496430.87533811445
463292.42155,468126.26552539924
463292.42155,626107.0016155757
463292.42155,468126.26552539924
463292.42155,625283.4987537161
613557.5921375,718811.4025617099
613557.5921375,678069.8001683787
613557.5921375,664652.5089909276
613557.5921375,710511.1066541349
904106.9925499998,1259071.9549882081
904106.9925499998,805049.2518222276
904106.9925499998,814883.5015632941
844986.1751,678555.1531622814
844986.1751,701700.7768067522
265760.1342,252983.25575453724
265760.1342,389740.83718486596
265760.1342,238520.1953211857
265760.1342,252767.10505027702
323966.5036,307209.89861147944
323966.5036,347680.6071312571
323966.5036,332856.93356208346
325001.07529375,307846.0228966332
325001.07529375,323061.487804881
325001.07529375,281113.2414569511
325001.07529375,295943.09963994793
846918.7848857142,740970.7003937287
846918.7848857142,745831.0174645048
846918.7848857142,752185.5969426734
846918.7848857142,734290.7865405506
846918.7848857142,1147345.0115885076
846918.7848857142,741303.0506799507
846918.7848857142,744662.5916268895
2563682.8946999996,2640397.6772782523
2563682.8946999996,2676598.0585844796
754863.8911875001,738903.0317829902
754863.8911875001,730805.0159036241
754863.8911875001,740086.5639920468
754863.8911875001,727297.9200781598
754863.8911875001,721824.5509456896
754863.8911875001,678819.1215978108
754863.8911875001,1094462.800057219
754863.8911875001,707122.1081034504
1241843.5865,1020648.0843561869
1241843.5865,1069966.625458106
594371.70226,536827.4490842114
594371.70226,608125.5175606784
594371.70226,608125.5175606784
594371.70226,527304.0182046031
594371.70226,517891.7463462426
249088.906925,289105.93416138494
249088.906925,221157.01401309745
401416.6483875,477666.55795454036
401416.6483875,381859.54718551366
401416.6483875,458058.88106896635
401416.6483875,347173.37418078555
450168.47745,308901.40295882814
450168.47745,376293.01730817865
366075.804875,451307.62465106
366075.804875,415067.2140757356
366075.804875,415819.8399288505
366075.804875,448714.48108161136
431589.8903,445450.14910478226
431589.8903,445450.14910478226
431589.8903,444049.20757537935
431589.8903,480468.2801036461
596105.145,580561.2907495352
596105.145,554715.5187954931
596105.145,569538.2130705747
596105.145,538889.5898644025
498014.56375,501652.82028200437
545150.369275,631570.2220077219
545150.369275,750516.8826634447
545150.369275,752022.3213415252
545150.369275,759867.2774612188
692261.7633,576608.5974860627
692261.7633,545981.0313765239
359683.75828124996,327245.5649275644
359683.75828124996,316562.8601534815
359683.75828124996,367223.30618045025
359683.75828124996,300182.9481584715
944487.51525,847508.6654826531
944487.51525,853546.3954251683
1253165.9654875,1251013.7123084986
1253165.9654875,1252813.762570537
1253165.9654875,1662925.129502649
1253165.9654875,1251013.7123084986
1253165.9654875,1246231.4769098593
1253165.9654875,1245951.8384959055
1253165.9654875,1246687.020053473
1253165.9654875,1214868.4634799547
1092779.9273,1107127.3433778961
1092779.9273,1509961.50182527
1092779.9273,1074707.099226287
1092779.9273,1101991.9277383173
1092779.9273,1510366.8269822816
1092779.9273,1468573.0895396182
1092779.9273,1061407.7389952305
1092779.9273,1061407.7389952305
1092779.9273,1059442.8856062633
1092779.9273,1059442.8856062633
405203.0278,306172.3418389204
405203.0278,346787.0089850342
405203.0278,342331.0528243521
894346.8478499999,1184641.738629509
894346.8478499999,873829.5096359272
463853.58265,454715.1073179081
463853.58265,429100.9160646738
707100.7738499999,770936.077618375
442513.7418,391138.2301898857
442513.7418,400721.84661761305
526532.88285,678352.5142905542
526532.88285,626737.0862762395
526532.88285,682559.9830324467
546120.9791875,529096.9682306416
546120.9791875,498953.6100481206
546120.9791875,616401.8500967849
546120.9791875,604645.245466543
213243.9262,248244.30940313125
213243.9262,153506.4959665581
213243.9262,212213.30713116314
2404922.4834999996,2130178.5104044504
771628.6646499999,847122.5037142393
771628.6646499999,848450.1743290517
771628.6646499999,848306.0359232959
771628.6646499999,844403.6831371472
771628.6646499999,859972.2230283079
771628.6646499999,845072.1539482934
735005.2830999999,711586.1922105913
735005.2830999999,706493.2589041842
735005.2830999999,1120966.3801161721
735005.2830999999,723571.7397414848
735005.2830999999,718781.1282984356
735005.2830999999,709682.1189600589
735005.2830999999,679683.0382951307
396063.6415,396976.47319306
396063.6415,396452.92781933496
462816.69105,597285.8208729916
462816.69105,542997.0856403075
462816.69105,672706.840578946
233668.519625,207044.52152796293
233668.519625,162598.69784106844
890088.0336,878445.0873690421
890088.0336,1216139.3936393505
890088.0336,1201245.5688703032
696009.5518499998,727558.3346314507
696009.5518499998,766950.0723532492
696009.5518499998,779370.8910312589
205525.28240000003,186155.3216133688
205525.28240000003,190273.68576874875
205525.28240000003,137387.4863824119
835495.8788749998,1219354.846610649
835495.8788749998,771356.9767503438
718086.6045499999,720646.5119551051
718086.6045499999,801746.4588368328
718086.6045499999,692079.5666552362
718086.6045499999,708521.954822193
248306.69195,229612.773682273
248306.69195,255783.0225027848
248306.69195,218545.31837500987
561276.5752499999,671805.191288765
561276.5752499999,663815.7893763212
561276.5752499999,925361.5842819676
1078075.4598,966740.4285063099
1078075.4598,978686.5638536545
383741.198775,349682.02801090066
383741.198775,303109.8801440878
367660.34455,377199.10248617403
367660.34455,519295.79568695516
515429.4885499999,649221.1500459332
515429.4885499999,641165.1132946099
515429.4885499999,588080.8431219498
515429.4885499999,779413.3058697003
507203.368125,754950.2806689331
507203.368125,622540.3529761761
507203.368125,590062.1506661129
507203.368125,733559.986623111
507203.368125,732877.1570465578
507203.368125,594934.134726088
815437.8629,743065.9619602088
815437.8629,743646.8483836576
815437.8629,742383.2042707878
815437.8629,742383.2042707878
815437.8629,732018.4992610367
815437.8629,742383.2042707878
815437.8629,716008.7934338712
718537.5432000001,1139949.6971081253
718537.5432000001,727597.8677694735
718537.5432000001,722360.7960573104
718537.5432000001,1140013.723610068
718537.5432000001,722360.7960573104
718537.5432000001,1140013.723610068
718537.5432000001,679628.1941235581
718537.5432000001,1094191.6243593236
718537.5432000001,678947.2780187447
718537.5432000001,1072793.53013912
718537.5432000001,684657.3711463079
718537.5432000001,698003.0883219265
395320.004275,349148.9781631039
395320.004275,293018.54043280584
391675.0202249999,424905.6851760091
391675.0202249999,355661.9306038339
178874.9897,265829.50146381697
260309.857325,238776.4981207557
260309.857325,291919.70636904676
700898.8248000001,615600.9145645306
700898.8248000001,623339.0803122403
431332.29269999993,529725.4294003188
431332.29269999993,377711.7958147901
857490.3066749999,868377.2640667348
857490.3066749999,1154405.6486651483
737708.6286999999,1022376.7778837627
737708.6286999999,764500.8379516418
737708.6286999999,1215179.0455616666
444407.4964,455956.77473522024
444407.4964,455956.77473522024
444407.4964,450125.77032995864
408359.78145,407834.1038241725
408359.78145,355661.9306038339
2402790.8732,2485541.6662951177
2402790.8732,2502627.6141581563
609799.1106375001,650676.668623535
609799.1106375001,677287.1172009588
609799.1106375001,736686.0270988276
609799.1106375001,735762.2830020636
793820.4541,709032.3895176529
793820.4541,811161.6611186529
605879.5718625,988510.296290138
605879.5718625,663837.1082300587
605879.5718625,663032.3572172462
605879.5718625,664587.5168261433
605879.5718625,929480.3827399074
605879.5718625,658270.1935215243
619862.8333999999,1031827.2707463331
619862.8333999999,696411.9607766909
619862.8333999999,750038.9756937403
396119.4329,350119.73724452755
396119.4329,422367.81370921806
396119.4329,397827.5415905954
541392.546,522033.37556444673
541392.546,526071.6383383911
541392.546,648447.6941908848
541392.546,527105.8650316935
909861.8307538462,883310.0184967361
909861.8307538462,1301425.4402101664
909861.8307538462,1318006.238020387
909861.8307538462,872129.1012338913
909861.8307538462,888100.6299397852
909861.8307538462,883310.0184967361
909861.8307538462,873012.631678236
909861.8307538462,1314931.8947967833
909861.8307538462,1292189.930040957
909861.8307538462,836254.8318322022
909861.8307538462,852882.216876936
909861.8307538462,831690.2703783134
909861.8307538462,854792.7428321011
714361.6223999999,1038277.8920109024
714361.6223999999,652972.4754693635
686485.3438833334,749683.1954325672
686485.3438833334,774466.3648809362
686485.3438833334,749683.1954325672
686485.3438833334,777668.0299501375
686485.3438833334,1202127.02604002
686485.3438833334,1098778.4423349663
686485.3438833334,713165.2117791916
686485.3438833334,735245.3453604674
686485.3438833334,712233.5042704318
399918.5347,471695.105330053
399918.5347,309769.16507844854
399918.5347,362261.94495234475
476403.57497,433558.72957868624
476403.57497,469023.5572162983
476403.57497,531089.1030435868
476403.57497,439466.0238514483
476403.57497,460197.58490969345
313123.36847499997,275349.2170919686
313123.36847499997,252382.5202694747
584715.1722799999,509530.74413144216
584715.1722799999,597617.6226667007
584715.1722799999,527178.1176041743
584715.1722799999,531842.8141034156
584715.1722799999,494912.2297361118
234630.96667499997,227623.32449671533
234630.96667499997,181237.7605525978
234630.96667499997,186192.57869808772
234630.96667499997,302960.44790238317
313335.72959999996,316351.73001073115
313335.72959999996,313563.35646829
529317.51685,485349.45173092675
529317.51685,536046.7523759911
522041.6939499999,626735.6099384807
522041.6939499999,623698.4715248039
635984.38085,1041139.914480953
635984.38085,705868.5486048606
430513.9353,447859.2615263369
430513.9353,500246.3349988132
430513.9353,390890.47957193496
463345.11155,756976.8903645538
463345.11155,550604.2535176763
547529.218975,645163.0367512873
547529.218975,913004.4442077207
401450.3270000001,348856.9771496256
401450.3270000001,311350.31050700037
401450.3270000001,412155.74582902336
401450.3270000001,351007.6431952159
588458.3964000001,546010.0070633801
588458.3964000001,557817.2595030132
890907.9486214285,1347513.104286836
890907.9486214285,1347513.104286836
890907.9486214285,1453372.5728062603
890907.9486214285,990623.3836004853
890907.9486214285,971678.6882393212
890907.9486214285,990559.3570985426
890907.9486214285,976326.0265486334
673032.55525,604626.2107384496
673032.55525,610893.4818865128
629405.6111000001,577147.5639310335
629405.6111000001,603982.7420923607
629405.6111000001,574841.5503749172
681813.96332,765168.1610425935
681813.96332,763261.3766345034
681813.96332,995728.1638369947
681813.96332,763325.9346251443
681813.96332,746911.5642349274
648916.0852499999,702074.8020190606
648916.0852499999,698038.6762460921
317962.87135000003,292089.4778199072
317962.87135000003,329452.4185667377
317962.87135000003,430246.29951197933
610059.4201999999,541276.5706500023
610059.4201999999,548985.3673101709
610059.4201999999,541276.5706500023
610059.4201999999,539963.798905722
610059.4201999999,531738.3558441421
562269.379275,565830.2323192289
562269.379275,653908.6077758992
616737.8070899999,809632.5481749204
616737.8070899999,787034.493703292
616737.8070899999,719468.0530577493
616737.8070899999,809413.7528446162
616737.8070899999,852887.2729955853
394631.899375,382360.3253438474
394631.899375,380194.89112628787
423419.26965,411023.9622753121
423419.26965,576539.2606937069
387045.10605,479033.95383160084
387045.10605,333963.24645379203
527011.5371499999,471426.6189408663
527011.5371499999,460979.09996793896
643044.477275,730485.5794611628
643044.477275,730485.5794611628
643044.477275,731144.8685903029
643044.477275,703448.9131731149
643044.477275,921638.1488834465
643044.477275,770233.0187260613
246346.38425000003,205400.25110664882
246346.38425000003,207795.11347632663
246346.38425000003,194005.5800800047
570931.18805,644511.3704705153
570931.18805,537437.1627779575
278068.55845,189654.2569477494
278068.55845,226572.4330583968
471357.64559999993,449219.2479767972
471357.64559999993,466962.97620340745
694568.0887125001,724749.3296345613
694568.0887125001,731330.5496886265
694568.0887125001,729743.215034843
694568.0887125001,694193.7704381254
354453.3255,379319.43222713406
354453.3255,335483.0247402804
354453.3255,356198.57096479775
674397.8639571428,767497.9005323374
674397.8639571428,772288.5119753865
674397.8639571428,826651.143989005
674397.8639571428,772288.5119753865
674397.8639571428,763270.2377902165
674397.8639571428,763270.2377902165
674397.8639571428,824106.0142156893
222919.51745,174129.09937529266
222919.51745,226191.64407727617
562242.8475999999,595699.766357104
562242.8475999999,612872.1864239014
894534.5164071427,840126.7309090102
894534.5164071427,818016.3287076503
894534.5164071427,813225.7172646011
894534.5164071427,819768.3058813217
894534.5164071427,837580.7129236215
894534.5164071427,1250720.018367619
894534.5164071427,811420.7312788568
869100.4692499998,776031.6444190346
869100.4692499998,794622.5064278841
623096.10705,530701.4864104562
623096.10705,548525.5854169204
263547.3526,240236.06783683156
263547.3526,235393.69574224128
590752.5042,643374.5699827996
339338.65129999997,271510.34481236176
339338.65129999997,363571.54222619155
729113.6117000001,621967.3311840092
729113.6117000001,608924.5517897593
262657.83925,191326.59964790544
262657.83925,194396.325798604
262657.83925,220108.43981874076
533870.21925,652081.0521566214
533870.21925,555203.598330322
533870.21925,652081.0521566214
533870.21925,578002.3388106008
533870.21925,659009.3149578379
533870.21925,554546.1336171312
533870.21925,536748.2644282952
1013889.4734423076,1397530.488834801
1013889.4734423076,979073.9772667934
1013889.4734423076,971198.6964068623
1013889.4734423076,983864.5887098424
1013889.4734423076,985428.556744962
1013889.4734423076,969390.6106213694
1013889.4734423076,962770.9552642854
1013889.4734423076,985428.556744962
1013889.4734423076,1389194.1995053522
1013889.4734423076,929348.3489236892
1013889.4734423076,931361.0434694816
1013889.4734423076,949374.2972022833
1013889.4734423076,949212.2605705268
589391.130825,958312.3768307875
589391.130825,640280.997903983
589391.130825,622680.9476837943
589391.130825,622878.8251439957
589391.130825,622378.6258204363
589391.130825,958531.1721610917
589391.130825,945297.0351746327
589391.130825,585026.5270335615
589391.130825,920421.664768083
589391.130825,966857.4544849191
408504.4018,416860.5995929506
452493.01405,454835.2472451037
452493.01405,548911.0316695397
770666.5422299999,889039.6549967453
770666.5422299999,1045068.4823435659
770666.5422299999,844397.2275432883
770666.5422299999,843771.5692460292
770666.5422299999,829723.6644372173
538150.2902999999,638108.1691023196
538150.2902999999,520978.90972591005
538150.2902999999,555619.4313548711
881262.5203499999,752207.5100090082
881262.5203499999,1204986.308060818
881262.5203499999,1182174.2415354
839467.6098,767565.6247028896
771618.7649374998,1147452.4525937831
771618.7649374998,1146828.909482615
771618.7649374998,744993.933355015
771618.7649374998,744263.8310107876
771618.7649374998,1136527.5968111898
771618.7649374998,727120.3780177047
771618.7649374998,1147452.4525937831
771618.7649374998,1132307.7615924003
788807.16304375,790068.1417770359
788807.16304375,809613.8434153647
788807.16304375,782536.3462241376
788807.16304375,809858.4913806663
788807.16304375,811286.2058142932
788807.16304375,780891.0125378306
788807.16304375,891857.0600734208
788807.16304375,899231.9448596588
696283.1275749999,1095238.6848751742
696283.1275749999,628190.50255723
879511.1169,1250895.5713898302
879511.1169,1316199.5653884693
759950.6712499999,858459.7503979153
759950.6712499999,914464.8796140819
759950.6712499999,876122.8440245388
759950.6712499999,1057965.5344359372
759950.6712499999,1034110.3279253729
759950.6712499999,831039.9603070787
759950.6712499999,1034110.3279253729
759950.6712499999,898924.461340699
421951.3437000001,384935.8463815776
421951.3437000001,378197.9229746444
385276.83645000006,415983.6640509366
385276.83645000006,335303.41265877447
210162.7254,245276.04761815595
210162.7254,234144.633815595
814342.06195,870427.8640222894
814342.06195,850563.9448817589
517991.010625,676113.1692252484
517991.010625,635536.9995808132
566550.1465,667936.1203208658
566550.1465,689802.7709951344
261520.2246,282968.93008089875
261520.2246,377682.86048874585
302769.81005,271882.7990526359
302769.81005,234864.99195583188
387216.78665,425286.08467063814
387216.78665,421731.8337228601
387216.78665,429471.02717993467
550691.67065,684786.9697761955
550691.67065,679736.1085726604
651493.6990166666,750897.6402179333
651493.6990166666,1075939.531262023
651493.6990166666,739984.9547853905
651493.6990166666,754484.6381860772
651493.6990166666,1175166.407468467
651493.6990166666,1075939.531262023
651493.6990166666,1039479.5760422837
651493.6990166666,1037742.4429614088
651493.6990166666,725655.1212399158
773160.8622000001,783690.2336285599
773160.8622000001,814647.9425068779
1266918.80915,1152224.0084101702
1266918.80915,1153073.2284738382
1266918.80915,1133262.6245436915
1266918.80915,1559372.2249540482
1266918.80915,1559407.9709720202
1266918.80915,1146169.7528542513
1266918.80915,1153418.032670368
1266918.80915,1122227.6413385477
1266918.80915,1111478.0807074846
1266918.80915,1531324.9873353373
1266918.80915,1531324.9873353373
1266918.80915,1122908.5574433613
605596.9995999999,528408.3783272998
605596.9995999999,598560.2931313594
605596.9995999999,522175.4933176556
605596.9995999999,579444.4389264961
551045.40755,548438.8252891911
551045.40755,580844.1130343333
588433.6680249999,590276.0365239691
588433.6680249999,657249.6630189613
279361.51128750003,329987.2825615435
279361.51128750003,423358.912291039
279361.51128750003,256304.07760916254
279361.51128750003,259481.89642420196
275421.65027499996,237692.01512803952
275421.65027499996,341014.7249239835
1070947.9345,1009170.8266152139
1070947.9345,1012072.8565175778
298215.061,245366.56065752922
298215.061,220038.96259887127
298215.061,212531.11359412246
615076.250625,740519.9407485141
615076.250625,755171.2587885014
615076.250625,728638.8327406329
615076.250625,717511.4336727699
615076.250625,1064210.2401171788
615076.250625,741030.9590082691
615076.250625,1026694.0679213777
615076.250625,694150.3958880482
615076.250625,701819.9509554554
615076.250625,722932.6148234695
631807.9996125,663941.7100414359
631807.9996125,663941.7100414359
631807.9996125,767550.5884279042
631807.9996125,674865.9950302662
476200.3137499999,471878.97934102174
476200.3137499999,545921.3735828118
476200.3137499999,476931.659260259
476200.3137499999,446454.39566651324
476200.3137499999,471949.63217300456
352568.17309999996,552692.3533584634
352568.17309999996,542007.5812729956
1198468.9963,1542537.4165064208
1198468.9963,1580674.561158508
300771.2016,283206.6008802933
300771.2016,266211.916344214
300771.2016,346107.22032421984
300771.2016,275709.24532220874
300771.2016,276205.44620935415
300771.2016,257283.43302450795
669769.9170571428,727397.0963118154
669769.9170571428,796481.9242575547
669769.9170571428,722187.3588963624
669769.9170571428,697793.9523901296
669769.9170571428,696377.3072306497
669769.9170571428,698025.8971987459
669769.9170571428,783978.2232174781
476119.06664999994,555518.1789822757
476119.06664999994,456324.5580789681
476119.06664999994,561037.6805991218
409420.14274999994,510357.60868991807
409420.14274999994,377834.6269462543
409420.14274999994,504349.15386739967
659387.372175,661069.9229289182
659387.372175,1085962.7717270956
659387.372175,650895.6778295238
659387.372175,1088798.497431746
659387.372175,656279.3114858691
659387.372175,649044.0691309355
389092.572,314893.0205279198
571365.4057499999,878617.5192031567
571365.4057499999,718694.4236652206
571365.4057499999,855282.6121378121
2573530.194675,2695934.258859017
2573530.194675,3174206.3169103377
996530.2228,1016813.4148475154
996530.2228,1021604.0262905646
996530.2228,1016813.4148475154
996530.2228,1020912.3091601022
996530.2228,1026561.2395590097
996530.2228,984279.5483063689
582964.84485,638991.9254123037
582964.84485,659718.3896135184
582964.84485,672732.0194777236
400420.21075,429370.0680871946
400420.21075,426892.16767415096
314442.626,336494.35251751234
314442.626,437455.78604930406
676045.2581999999,1066698.697116397
676045.2581999999,723978.0433087911
396967.68715,388468.2445973924
396967.68715,406668.6292811575
328727.3079,236243.47871019907
328727.3079,242367.49702456413
328706.061025,290765.82774446637
328706.061025,402329.1128637076
701192.673475,632710.2843965071
701192.673475,623557.7873348825
290294.34937500005,326350.50832769554
290294.34937500005,403300.12274865183
281759.44594999996,244716.1321142689
281759.44594999996,247809.85989435506
806778.5413999999,1328020.776252397
806778.5413999999,896703.4684222533
806778.5413999999,1339166.1236150912
402923.8873,472255.26202417887
402923.8873,383123.3311873484
402923.8873,452942.33169368876
639807.32615,533784.1552744454
639807.32615,527878.4892889444
229509.5487,223024.23147656722
229509.5487,338722.59058832313
229509.5487,218716.83482305
512031.475325,628087.776574052
512031.475325,524794.4205654123
512031.475325,598424.711476153
512031.475325,512862.9848763798
259133.43874999997,168274.559050878
259133.43874999997,159533.3095146331
345399.09864999994,544377.6750783651
345399.09864999994,381036.8607776139
345399.09864999994,390137.039109225
345399.09864999994,381528.22485218616
543140.6524499999,566427.9423403534
543140.6524499999,561146.103798638
587335.2362500001,971357.3166557534
587335.2362500001,640159.9664737306
587335.2362500001,651552.4155511527
587335.2362500001,974129.0158584614
587335.2362500001,640159.9664737306
587335.2362500001,640159.9664737306
587335.2362500001,603201.4563551474
587335.2362500001,603201.4563551474
587335.2362500001,619013.6366766952
587335.2362500001,637699.0210951312
419903.5969,304985.6710269412
419903.5969,415679.07171929465
419903.5969,307389.35834019026
310822.82764999993,197686.92734445125
310822.82764999993,242001.87643088214
296155.95375,248202.93188148615
263214.9219,230123.45594378508
263214.9219,231988.66299251205
263214.9219,202464.30233612686
593086.6641749999,679365.3381718016
593086.6641749999,696790.9418160736
2460849.3608,2921399.011254201
2460849.3608,2996099.995201894
472782.29405,501763.7963392964
472782.29405,508005.947517429
472782.29405,628002.279766441
472782.29405,633970.6540642896
1006420.6398,951292.4260341888
1006420.6398,952182.6483853473
788225.8143000002,707630.0783582832
788225.8143000002,726796.2022852363
475950.21785,498136.9188074019
475950.21785,566434.5129849839
478859.261225,603717.8771604805
478859.261225,526889.8717076285
878569.9666749999,965314.3178587045
878569.9666749999,965825.3361184595
878569.9666749999,950472.3672985176
878569.9666749999,978162.2542655203
878569.9666749999,1000121.5565189269
878569.9666749999,925054.9854536118
301007.30765,220730.69723651523
301007.30765,332676.85681159387
492884.51799999987,661532.4270328669
492884.51799999987,785599.3923093432
492884.51799999987,585069.2245101052
644029.2495,767090.618455168
644029.2495,1098253.8789423082
644029.2495,740973.1864720896
644029.2495,1097951.2349214125
644029.2495,750408.1170834057
644029.2495,1071756.4038758837
644029.2495,1071756.4038758837
644029.2495,1071756.4038758837
644029.2495,721751.0135679021
237247.79790000003,252735.7204747703
237247.79790000003,257089.55797638092
237247.79790000003,257823.69188268878
241956.8396,207995.94262871094
241956.8396,362097.67818857206
581240.037975,677773.1917066667
581240.037975,593714.964093376
795435.0022818181,743408.7546673436
795435.0022818181,754611.2750165325
795435.0022818181,1153651.180398786
795435.0022818181,741504.6814168112
795435.0022818181,1150255.93808491
795435.0022818181,742351.7967989484
795435.0022818181,704188.8591310483
795435.0022818181,1112933.5136176166
795435.0022818181,699942.7092900032
795435.0022818181,704188.8591310483
795435.0022818181,697362.0757682992
583692.0046000001,548473.5623296325
583692.0046000001,546247.2821468695
664898.6179,971346.8141554953
455053.42425,570743.584856922
455053.42425,396388.01485113613
455053.42425,541981.2130739301
455053.42425,552429.849246155
164973.55659999998,251190.9955836038
164973.55659999998,130009.68497443292
778264.57005,1089217.0660042984
778264.57005,1067970.4788886404
1328710.7874,1738617.0749596804
1328710.7874,1307196.4280829793
1328710.7874,1307281.9209932592
1328710.7874,1305095.2378010105
1328710.7874,1307281.9209932592
1328710.7874,1738617.0749596804
1328710.7874,1305056.381665525
1328710.7874,1700233.4459927436
1328710.7874,1269925.6199697973
1328710.7874,1678059.4065304012
1328710.7874,1256899.7847918663
1328710.7874,1729436.2580443122
350215.65625,351708.0847288757
350215.65625,304329.02178224525
624308.6357,644440.1806130204
624308.6357,623406.5692496788
612318.0719999999,910927.7966877564
612318.0719999999,972352.7204883029
783161.6045,1216790.903484636
783161.6045,1254698.2251825635
668264.0503499999,688244.7818552161
718333.1300499999,693259.7582961401
806343.4671,893011.0613497306
806343.4671,873871.1809195578
2474159.8464,2601937.103012967
2474159.8464,2656033.7769030686
442465.83516,422151.36357204977
442465.83516,526141.057975592
442465.83516,435125.8746088368
442465.83516,453674.708420236
442465.83516,454355.62452504947
735579.9003000001,818169.2578450416
735579.9003000001,776699.0274117909
735579.9003000001,775946.401558676
735579.9003000001,825751.0597261864
735579.9003000001,802338.4073040048
735579.9003000001,802338.4073040048
206646.99205,184358.76355827315
206646.99205,181503.67488126463
553338.0834,638549.1136715607
553338.0834,774964.2767804796
553338.0834,680354.4938102467
553338.0834,654848.4015288707
582134.9716666667,643543.0161116553
582134.9716666667,945779.6877315457
582134.9716666667,699688.8961737728
582134.9716666667,650818.811608514
582134.9716666667,699688.8961737728
582134.9716666667,923612.7511306999
582134.9716666667,620531.3430133666
582134.9716666667,677409.1567006686
582134.9716666667,671302.9115460203
434795.7272625,422583.0228214356
434795.7272625,506200.43357317883
434795.7272625,438210.0766085577
434795.7272625,422656.34285862494
434795.7272625,447447.363736955
434795.7272625,414413.0827739561
581153.4145000001,526924.3432085305
581153.4145000001,526924.3432085305
581153.4145000001,590518.2987345952
581153.4145000001,600727.497910827
581153.4145000001,509051.6666035636
581153.4145000001,515409.01231355034
445246.488425,450853.3426492807
445246.488425,400683.2942377545
430527.40264999995,320370.6563348349
430527.40264999995,417111.57652284653
584107.80674,569018.0630390688
584107.80674,576215.8414394824
584107.80674,604232.5604887712
584107.80674,589327.5638505716
584107.80674,585365.5202085401
802699.2181714287,904471.6765416965
802699.2181714287,858922.4588438054
802699.2181714287,858922.4588438054
802699.2181714287,857977.3145242839
802699.2181714287,1041899.5788240087
802699.2181714287,833136.1526454436
802699.2181714287,847851.5793313019
891841.62556875,1147670.1524020527
891841.62556875,1142626.3630846255
891841.62556875,734561.5860994672
891841.62556875,743068.7830669612
891841.62556875,755547.3237287758
891841.62556875,729770.9746564181
891841.62556875,755166.8879027128
891841.62556875,733626.4792275826
310987.20509999996,257918.28234981018
310987.20509999996,346293.46274625126
587991.040625,1013297.7561657059
587991.040625,1010223.4129421022
587991.040625,698967.6733569085
587991.040625,675587.1653445488
587991.040625,640891.0350751844
587991.040625,957911.6581294131
587991.040625,669485.3124534693
353073.799425,337499.1973209489
353073.799425,285548.4404015238
424565.37232500006,454656.1286862867
424565.37232500006,614616.9533443524
424565.37232500006,582227.6381114444
424565.37232500006,500735.90975335386
440454.33302499994,646243.8194368682
440454.33302499994,521717.84226013406
440454.33302499994,571961.7051017691
440454.33302499994,496019.21355361195
241325.13055,193848.27339542564
241325.13055,163599.01510634524
438197.08835,508327.80552769615
438197.08835,390492.8940023325
561972.7171,661117.5204200329
561972.7171,566365.7422478355
561972.7171,657862.5123215509
366989.116375,335825.96033668553
366989.116375,394167.21570104867
434937.6921499999,491286.4924171575
434937.6921499999,579241.4676686018
434937.6921499999,586112.4525563475
584857.8767499999,686035.2315950977
584857.8767499999,685831.4079729536
697479.58655,669386.2753990318
697479.58655,685444.4742874695
549220.21205,953325.9971485459
549220.21205,671759.9827947197
573684.1005999999,678578.8513810924
573684.1005999999,698205.2545584454
650603.479975,763412.1018223374
650603.479975,750710.615912809
541999.2296000001,833250.2528062738
541999.2296000001,756329.9294561191
491203.2203999999,480412.26521226764
2896182.6106,2663693.6694419845
2896182.6106,2686234.076482972
671498.81995,620340.9749631173
671498.81995,622184.4327148466
350590.7481999999,272212.0753807505
619896.2931699998,708161.9811618291
619896.2931699998,804736.1172882254
619896.2931699998,711748.9791299729
619896.2931699998,711748.9791299729
619896.2931699998,721387.365875341
303976.06687499996,284209.86319241964
401398.1632125,397530.8624907125
401398.1632125,399375.79113906465
401398.1632125,502773.655464511
401398.1632125,501636.83280294045
401398.1632125,423068.23991099093
401398.1632125,487556.2728688775
199161.6764875,177878.61924799986
199161.6764875,279378.68577538064
199161.6764875,170927.17153804674
199161.6764875,170972.5363016487
765919.94705,634987.8824548034
765919.94705,663138.2211901112
412291.8489499999,549076.6260693622
412291.8489499999,556368.215408822
412291.8489499999,450487.5374947676
799519.2693099999,843045.516621969
799519.2693099999,861952.1970391844
799519.2693099999,776939.2730583786
799519.2693099999,748613.9353518697
799519.2693099999,834972.429286272
333829.93435,328902.96400551486
474548.670025,632645.631233381
474548.670025,587069.6522234443
497281.4515999999,565989.4537339231
497281.4515999999,590203.9950710468
825839.9658499999,1130329.4424930639
825839.9658499999,694756.1627940953
825839.9658499999,1130329.4424930639
825839.9658499999,1129705.8993818958
825839.9658499999,717009.0380332186
825839.9658499999,717941.9754921608
825839.9658499999,708496.9507186683
825839.9658499999,708616.4991602212
825839.9658499999,1146360.6322076474
502134.2817499999,493751.6433367097
855807.0983250001,744454.2645377596
855807.0983250001,756237.3124792547
687464.3607999999,657673.6369127837
687464.3607999999,649497.1433305991
708377.283325,1012998.1247926384
708377.283325,834490.8969498407
708377.283325,815762.5431306986
708377.283325,801550.2137161342
215167.573,185579.6862259998
215167.573,222209.87402839225
215167.573,212117.59411336505
779159.5368,727875.8931230565
779159.5368,1203986.3603960527
650526.1038124999,753270.193400711
650526.1038124999,762040.0327156245
650526.1038124999,790758.4043896198
650526.1038124999,789222.5339241626
650526.1038124999,1098778.4423349663
650526.1038124999,777542.3445893251
650526.1038124999,1101550.1415376742
650526.1038124999,1175756.2882846952
449735.76995,415487.74183774146
449735.76995,464542.3957128072
449735.76995,587944.5874944865
307309.22515,223456.10996341245
554004.7099499999,830434.7778422964
554004.7099499999,578008.5093366243
788797.3599700001,743399.9397729519
788797.3599700001,1141138.6607837584
788797.3599700001,1144213.0040073618
788797.3599700001,1141138.6607837584
788797.3599700001,738876.8740557941
788797.3599700001,743399.9397729519
788797.3599700001,1077843.197812961
788797.3599700001,680735.3960660684
788797.3599700001,1098560.3759283512
788797.3599700001,736779.1025354749
483884.70848999993,543516.6603555859
483884.70848999993,550077.3953646612
483884.70848999993,456671.8863276752
483884.70848999993,541751.6060775244
483884.70848999993,546379.505348825
670204.5358999999,683817.8683645272
670204.5358999999,601951.6813967543
670204.5358999999,583724.8761226594
670204.5358999999,672249.5163553556
799489.2555,881770.1288305031
799489.2555,912839.6657813411
633181.0529,707007.2397466305
633181.0529,707076.2285525721
633181.0529,707151.9666012361
633181.0529,721849.1903068174
633181.0529,721849.1903068174
633181.0529,688117.6506303523
519508.74605,460467.57480461465
519508.74605,465929.6454501828
317796.05500000005,268365.8166285256
317796.05500000005,289461.5102461462
326971.360675,225057.72895855957
326971.360675,258885.5577986677
326971.360675,259393.7293160215
326971.360675,261629.0694193513
481462.0134249999,575971.0508909223
481462.0134249999,632470.4773490928
732696.2007571429,761087.3081798155
732696.2007571429,1183739.0834881
732696.2007571429,1167487.2275748071
732696.2007571429,774619.5618851011
732696.2007571429,1183356.3275633908
732696.2007571429,766324.3798919787
732696.2007571429,731828.06897783
591752.3115000001,567685.2667156372
591752.3115000001,600128.3891966972
221566.70799999996,313657.89268740796
221566.70799999996,353956.95030556637
620244.53764,798176.5991937292
620244.53764,725786.2333918202
620244.53764,790488.8686182911
620244.53764,900417.215014545
620244.53764,869269.4463151989
564943.2501,1002960.9550714358
564943.2501,1084877.317273226
845395.1945562501,894443.2775062599
845395.1945562501,891594.9769066399
845395.1945562501,1190850.43502702
845395.1945562501,1190630.0032119306
845395.1945562501,1225576.8512293147
845395.1945562501,1167403.8672812497
845395.1945562501,1171068.3512841782
845395.1945562501,863752.8305014834
729238.6644428571,755532.676948924
729238.6644428571,751017.4263314717
729238.6644428571,1141420.7800962336
729238.6644428571,755834.998812282
729238.6644428571,755532.676948924
729238.6644428571,1141420.7800962336
729238.6644428571,764806.1720416566
456393.50765,433788.52055857505
547991.1183099999,927015.2181578802
547991.1183099999,652919.2380438305
547991.1183099999,927756.0654322123
547991.1183099999,662802.1194887178
547991.1183099999,614910.7385868552
198929.17769375,210271.57625064807
198929.17769375,206563.16201608256
198929.17769375,168327.9310022309
198929.17769375,192364.31505101686
579163.8734,514263.46862202976
579163.8734,531608.1980738661
579163.8734,514263.46862202976
579163.8734,537564.8606902747
579163.8734,605336.0605315359
579163.8734,581040.2728275143
332995.88307499996,350163.25060872076
332995.88307499996,292401.4182324401
313207.59339999995,289063.19629269576
545559.6288625,781074.0122565458
545559.6288625,634560.2679581443
545559.6288625,781074.0122565458
545559.6288625,663455.0885146696
634719.9881,698278.5095520562
634719.9881,757626.6874715738
634719.9881,645796.7572111161
802643.4688499998,820808.0115220841
802643.4688499998,1057236.2724641827
2724344.126525,2651314.3677552887
2724344.126525,3165112.9977036766
592324.782,851008.8762305217
592324.782,735239.484071034
705079.763725,656813.3153247825
705079.763725,630736.4684018252
505035.34087500005,530683.3710577281
505035.34087500005,527293.5743729982
505035.34087500005,458109.59943027736
505035.34087500005,517330.27870241844
761063.9360999999,657100.0689941326
761063.9360999999,659093.0033253602
761063.9360999999,1080074.684756512
632310.60855,669264.5028202207
2497889.8094,2348548.7989682164
2497889.8094,2371742.9707381115
434372.1984,383285.3584554043
434372.1984,505291.2202261784
434372.1984,520037.9061946784
627885.5969499999,937459.1983893148
627885.5969499999,793572.62441963
627885.5969499999,751545.0290697059
627885.5969499999,942444.1742916919
627885.5969499999,782673.4307976747
627885.5969499999,830317.9119470232
816176.872175,861857.4602932783
816176.872175,1121037.681294773
816176.872175,834972.4319221976
816176.872175,1118201.9555901226
816176.872175,1094884.3306499808
816176.872175,843405.5239151254
816176.872175,813473.8266060018
816176.872175,850302.3433107072
787203.3574,813611.1095247631
282150.04199999996,298164.8467849195
282150.04199999996,295858.2628270845
282150.04199999996,389571.69665795134
255466.2551,195863.15803354728
255466.2551,189617.32444319426
161242.2141,234255.4280755294
161242.2141,211947.81342817354
388862.59115,379216.6721357238
388862.59115,348742.6620140864
662000.4833142858,656020.662597661
662000.4833142858,678729.5779725206
662000.4833142858,677891.1924968289
662000.4833142858,901023.0931609921
662000.4833142858,671962.8438743425
662000.4833142858,653602.7370127263
662000.4833142858,662852.48951288
705623.7204,1096629.7169741623
705623.7204,662610.5164105356
705623.7204,634906.5054696195
466169.48895,766111.7644917695
466169.48895,730089.4871133778
466169.48895,706996.7920942252
524594.7736249999,496398.03198140976
601187.1291,583850.1029802022
601187.1291,699157.6175041554
601187.1291,671832.4290788535
601187.1291,574490.512437692
651665.786525,715795.43927851
366155.019075,393324.52855306445
366155.019075,346355.3788739396
366155.019075,333950.17979868426
366155.019075,379016.50274969265
407903.0813687499,465505.1419094462
407903.0813687499,497772.4529734593
407903.0813687499,510186.16494433477
407903.0813687499,415631.46011316974
569651.719,504939.4996364934
569651.719,515660.9912678056
565236.49106875,712789.7135252011
565236.49106875,687007.1617143209
565236.49106875,999999.8486691329
565236.49106875,714117.3841400134
565236.49106875,982280.8388753821
565236.49106875,958050.5689444168
565236.49106875,686190.2595067251
565236.49106875,707055.4751442211
745622.838,689047.9555110661
745622.838,689047.9555110661
745622.838,1098917.576863189
745622.838,700873.5610386158
745622.838,1098291.9185659299
745622.838,1108775.5710960466
439156.406,458628.97394851083
439156.406,573361.2587800066
439156.406,582861.0972075543
739563.3987250001,781058.4537712184
739563.3987250001,751875.4615039328
739563.3987250001,777437.8249711934
739563.3987250001,777437.8249711934
739563.3987250001,1145336.4671258405
739563.3987250001,777437.8249711934
739563.3987250001,740679.1140467817
739563.3987250001,1118081.0454785347
739563.3987250001,740679.1140467817
739563.3987250001,750066.976081996
716209.386775,894943.3477128339
716209.386775,892395.7939797454
716209.386775,823043.4127405529
716209.386775,890412.5527387131
716209.386775,872759.7127421375
716209.386775,1001627.3479876108
716209.386775,1001912.980105909
716209.386775,794430.3536351542
727313.9393499999,730546.3164715802
727313.9393499999,737587.6218440568
550014.2353,962332.145580309
550014.2353,661458.0013858469
586939.8167999999,785004.0890326921
586939.8167999999,820119.9044337275
919909.69805,872282.8126674452
919909.69805,896156.7973944205
563231.5267,609757.6862034041
563231.5267,651381.8792779907
553554.486275,924683.5535547296
553554.486275,633942.4030581414
893047.5613500001,1209502.0279885563
893047.5613500001,786604.9736328078
361359.8844,331966.6508862621
361359.8844,423916.4068256719
348448.00539999997,392643.5438205529
348448.00539999997,279220.4334165547
597786.9071249999,645936.9973245842
597786.9071249999,673070.6758045236
772331.09445,634899.4820441596
772331.09445,1102631.276412312
579890.6626625,709189.4498650949
579890.6626625,709700.4681248498
579890.6626625,683742.7252337926
579890.6626625,832990.9917052864
185834.8952,167637.58570951328
185834.8952,155354.3651578414
380863.351575,387576.30592509505
380863.351575,341112.23014554137
504600.8825499999,493924.8490115035
735037.7525000001,825839.3677377236
735037.7525000001,1098494.883014468
735037.7525000001,780324.6486871347
735037.7525000001,1096128.5089687714
735037.7525000001,772217.2539643934
735037.7525000001,771400.9779799744
735037.7525000001,815188.6004495237
735037.7525000001,1063555.0935477666
654883.0043500001,635102.7675546055
654883.0043500001,1115031.8011562978
504587.53835,478549.88145119895
504587.53835,560837.0123827487
504587.53835,496433.4181203249
313143.93564999994,426778.5851615965
313143.93564999994,330865.67790325725
313143.93564999994,420663.7876089916
531406.3780499999,515643.7448089132
531406.3780499999,614800.4937296276
531406.3780499999,606841.9020593606
531406.3780499999,515643.7448089132
531406.3780499999,579086.3476382253
1198111.1182214285,1117342.1196324627
1198111.1182214285,1526360.8550387425
1198111.1182214285,1112957.155503963
1198111.1182214285,1117747.766947012
1198111.1182214285,1114926.851721248
1198111.1182214285,1118606.0859028704
1198111.1182214285,1093971.1448250937
2426028.1832999997,2291252.444524114
2426028.1832999997,2310634.727033861
586879.71236,849110.3523236999
586879.71236,722780.1255404705
586879.71236,721213.8374067049
586879.71236,833136.8255561773
586879.71236,856511.4527980847
579035.1692,686695.3799779557
579035.1692,666760.6354353373
380706.8710178571,412181.6989764575
380706.8710178571,408030.8736173456
380706.8710178571,408314.95898535964
380706.8710178571,360407.38113842125
380706.8710178571,369574.2828090661
380706.8710178571,351362.06020323595
380706.8710178571,336915.67541416484
991234.482142857,1396823.2120709703
991234.482142857,989616.4499106642
991234.482142857,975308.185041905
991234.482142857,988169.3506268745
991234.482142857,975308.185041905
991234.482142857,986641.1603083644
991234.482142857,1419572.1622186368
730266.6134545455,795997.24621056
730266.6134545455,783446.9294304873
730266.6134545455,1186555.0462635015
730266.6134545455,789124.2139454471
730266.6134545455,786983.8432746077
730266.6134545455,772667.0597084918
730266.6134545455,738160.8989116633
730266.6134545455,738077.5606686324
730266.6134545455,1129100.4407139649
730266.6134545455,1129194.8154285636
730266.6134545455,755124.3959799187
645424.3206999999,702866.6520410264
645424.3206999999,736425.8179089624
645424.3206999999,730142.6727491468
645424.3206999999,730062.8564060791
645424.3206999999,618321.4537183844
645424.3206999999,602820.8057744813
600681.565575,726820.8888866492
600681.565575,726820.8888866492
600681.565575,717631.5107751177
600681.565575,727359.5934829356
600681.565575,1062311.5723875104
600681.565575,713918.8274461614
600681.565575,738190.9786347755
600681.565575,715498.4092945213
351917.63109999994,315500.4510772228
351917.63109999994,316134.3181225406
351917.63109999994,307050.9882414772
422393.7344,483961.9057637527
422393.7344,496466.2784000634
646723.0843500001,658417.046968731
646723.0843500001,550675.012644934
304016.2587,308289.4283362172
616799.6517599999,747895.406704352
616799.6517599999,725828.843814624
616799.6517599999,734598.6831295375
616799.6517599999,749177.1717492293
616799.6517599999,1074028.680047774
616799.6517599999,722752.8641062351
616799.6517599999,736784.6287556643
616799.6517599999,1056790.814547781
616799.6517599999,686539.2992328746
616799.6517599999,1056790.814547781
825830.6442499999,795776.569016332
760770.1323250001,898771.208547295
760770.1323250001,828662.0818076448
694154.8979272728,1142069.4607576362
694154.8979272728,721011.8994406426
694154.8979272728,1144905.1864622869
694154.8979272728,713857.3921559596
694154.8979272728,712249.9934571567
694154.8979272728,718648.0035990088
694154.8979272728,670762.8622910313
694154.8979272728,670762.8622910313
694154.8979272728,675503.3267467617
694154.8979272728,1105440.5006858623
694154.8979272728,680148.9511697231
475239.35214999993,478169.43250829953
777153.62209375,898557.3669144013
777153.62209375,928656.2541102706
777153.62209375,881601.8368810145
777153.62209375,1083034.9605882026
777153.62209375,896961.4443112848
777153.62209375,1065120.9703066323
777153.62209375,1065120.9703066323
777153.62209375,1154782.1875737663
626805.6238499999,645133.61592598
626805.6238499999,548069.0548280082
471176.9295999999,475247.2673546588
471176.9295999999,527251.9612592878
471176.9295999999,466886.367105182
494646.17917812505,505738.73780127557
494646.17917812505,574879.9288621381
494646.17917812505,574879.9288621381
494646.17917812505,474734.6523501868
494646.17917812505,578252.4020988015
494646.17917812505,504116.2131614737
494646.17917812505,577571.485993988
494646.17917812505,477644.9970879729
326102.34744999994,340297.5143306214
598152.5564000001,566644.4233444197
598152.5564000001,564319.0589677659
470466.5585,437434.21922369616
470466.5585,551158.3770749167
470466.5585,421992.4666292074
463351.8721,388896.2999434536
463351.8721,569963.9552066614
149906.094425,133773.80751212768
149906.094425,88267.32605890522
374093.0396,342594.8306863044
374093.0396,338805.6457188582
284150.30325000006,286177.561450051
284150.30325000006,352467.2058837506
284150.30325000006,397969.2090190753
825387.756,763419.3291882795
825387.756,783940.5922140491
183970.41980625,266265.4322736521
183970.41980625,193226.0377997809
183970.41980625,195440.43485042674
183970.41980625,185624.48233012424
492334.64,893464.4158049142
492334.64,586345.983348701
286062.5509,285761.1424938407
286062.5509,284523.3872560019
286062.5509,344439.3174205055
309746.24345000007,369418.86940679594
309746.24345000007,252763.11011261586
411763.71305,347723.3305725498
411763.71305,474476.4883803831
897396.5087312501,1178817.4516212454
897396.5087312501,766380.5068775755
897396.5087312501,763539.6334077055
897396.5087312501,763539.6334077055
897396.5087312501,770907.6602950837
897396.5087312501,1178781.7056032734
897396.5087312501,1178781.7056032734
897396.5087312501,726461.6655290149
897396.5087312501,730626.2738122913
897396.5087312501,1121540.551996437
897396.5087312501,1121540.551996437
897396.5087312501,723958.8944371501
550048.8059,517658.0840531688
550048.8059,541517.0048733348
375402.91885,487471.095297607
375402.91885,487471.095297607
375402.91885,675585.1567064126
375402.91885,746087.5283622995
554806.2065,711465.6289116275
554806.2065,940417.2014584035
554806.2065,656680.6487997997
422436.1636,496337.2271955953
422436.1636,490076.1223985391
422436.1636,465068.3154036758
457442.79165,563167.6841358958
457442.79165,588603.1678018939
457442.79165,563706.1131607225
241357.72605,220643.00555849646
241357.72605,212601.11746418674
2336002.9658,2241680.0964997015
2336002.9658,2242688.491769195
2336002.9658,2773295.725834534
452968.4864249999,437734.279825547
361528.8572,329968.1081124559
907465.435,975835.8069473349
907465.435,988042.7406373408
907465.435,1018181.6454164742
907465.435,978189.0516245388
907465.435,990252.504712567
907465.435,935115.9985983197
907465.435,934865.2071943735
907465.435,949509.2104569105
907465.435,978122.5141899202
588216.2990000001,559195.8422842693
588216.2990000001,1041801.221665666
237193.896275,227854.86740327603
237193.896275,195185.74852056056
631477.734675,651851.5126691383
631477.734675,571758.2681145734
377375.6514,373516.443712264
412178.42865,408566.1003757977
412178.42865,396651.6040888775
412178.42865,409198.56704772357
514858.9946999999,511118.304377089
514858.9946999999,510607.28611733404
514858.9946999999,494459.421121605
234980.7387,299669.05064684356
234980.7387,274922.95645775733
358074.34,303052.0123758394
358074.34,303681.0214736113
600901.5323699999,715864.5841602
600901.5323699999,670452.1403417843
600901.5323699999,710979.7804741914
600901.5323699999,768772.1360859084
600901.5323699999,801188.7020924257
385967.251,351109.16878942883
385967.251,447692.3855611085
385967.251,474500.58502770215
395280.4823749999,357586.97792741546
395280.4823749999,300693.2771859928
517920.9842999999,583767.3708596055
517920.9842999999,627815.9785794034
530942.832075,520877.3081020643
530942.832075,587894.0358858757
487864.9839999999,482497.614347043
487864.9839999999,501527.07117609936
487864.9839999999,545217.118711283
594689.0567249999,692126.6537866741
594689.0567249999,664306.138926576
791560.0078071428,782244.5784975514
791560.0078071428,1073872.7039127876
791560.0078071428,1073872.7039127876
791560.0078071428,1074297.9625499658
791560.0078071428,1187151.4003389399
791560.0078071428,783545.4096319536
791560.0078071428,765365.9062431332
570753.8175499999,547042.2488459366
570753.8175499999,624826.2301763314
570753.8175499999,524004.4911341861
437309.2700999999,401492.82356349763
309935.69035,432802.44157749333
309935.69035,306919.5508342013
591508.7013,1125045.6410581649
591508.7013,1041464.4092540916
1007923.1569999998,1451089.3500719657
1007923.1569999998,949898.8403845031
521204.20225,678517.2455117421
521204.20225,627244.0311886613
521204.20225,542734.5821294384
439039.035215,404358.18722160574
439039.035215,403847.1689618507
439039.035215,434810.9404636376
439039.035215,401751.87545071956
439039.035215,493079.8626767185
781304.1529,859402.7190592312
781304.1529,886536.8580093402
781304.1529,1045091.2114335541
781304.1529,898408.3988825476
781304.1529,873714.2495275156
346565.6880999999,470143.522474666
346565.6880999999,500017.15036430786
438175.89055000007,446324.6845321191
438175.89055000007,454665.53787483834
598769.8646499999,667415.1485394295
598769.8646499999,631439.3601364149
598769.8646499999,625281.1392827195
598769.8646499999,710354.5595286434
400397.4991,590094.4661434079
400397.4991,708767.8348974641
400397.4991,506523.6575646715
559918.1866,963988.7240074964
559918.1866,961318.0545787045
559918.1866,1068532.1431122078
559918.1866,643252.7587861037
559918.1866,626731.7963718148
559918.1866,644261.6263070881
559918.1866,923208.547185696
559918.1866,923208.547185696
559918.1866,603074.0617668848
559918.1866,938489.1198633033
338849.4113,541653.5662159396
338849.4113,345744.5064110621
338849.4113,515464.0751919054
338849.4113,432126.4986763281
2525605.9556,2606131.2710581524
2525605.9556,2662320.9724382004
428777.55565000005,508223.3866791625
428777.55565000005,423772.9213443805
275698.0548,243367.0605234601
275698.0548,241681.87930313247
275698.0548,242427.73459651374
383244.6190999999,367948.4766971698
383244.6190999999,401191.1859834012
383244.6190999999,361151.92814784264
239657.9072,197003.85071863304
239657.9072,255915.65136476804
239657.9072,156779.03158267308
200362.093475,202226.57451490615
200362.093475,287884.0758007059
595950.45405,528764.2187523711
595950.45405,571732.955704111
595950.45405,507401.6096791944
459578.0271,542500.9123556495
459578.0271,545962.7937894071
459578.0271,531939.2688361816
459578.0271,542721.2967905223
553886.7585250001,561388.7067693212
553886.7585250001,580055.1748734356
810433.70295,820312.4092481694
810433.70295,821991.6583872276
632295.87545,729874.7567890049
632295.87545,692877.0103566793
632295.87545,617406.8943855468
294677.702,352280.13516027655
294677.702,352629.0257810907
294677.702,332771.5427192226
454804.6875178572,440422.7481764564
454804.6875178572,447552.0102750137
454804.6875178572,447552.0102750137
454804.6875178572,558614.3975659285
454804.6875178572,449762.47964259423
454804.6875178572,450362.31934026827
454804.6875178572,556751.007374682
276446.466975,246831.56891737093
276446.466975,224921.18929838657
776547.87155,739189.5291159101
453962.57062500005,468456.02486560424
453962.57062500005,534826.4952809748
453962.57062500005,437467.7430121035
453962.57062500005,440921.5734541673
453962.57062500005,465268.27553747676
453962.57062500005,527871.0377270887
763231.378075,1109467.938339976
763231.378075,685531.4100089285
763231.378075,713029.0123796246
763231.378075,701539.9737646657
763231.378075,714212.5445886811
763231.378075,679751.3588305244
235481.01754999996,281972.1632241696
235481.01754999996,199996.2128562287
210745.53241875,168068.11331241805
210745.53241875,168068.11331241805
210745.53241875,170582.876285496
210745.53241875,196327.39254671487
1220389.6985,958669.5213777579
598012.2873000001,691801.8788652696
598012.2873000001,669869.1483816284
552479.738,570521.5260177795
552479.738,570445.869388523
288643.8636,205489.1554293217
540036.37016,662986.2365481538
540036.37016,989278.8060526113
540036.37016,688264.9322289521
540036.37016,989214.7795506688
540036.37016,1043692.7660916735
1119859.834275,1085470.3168840155
1119859.834275,1131494.499063758
1119859.834275,1549801.0464627987
1119859.834275,1085470.3168840155
1119859.834275,1124762.4038604484
1119859.834275,1122146.3305583098
1119859.834275,1464631.9474558262
1119859.834275,1463951.0313510126
1119859.834275,1094734.4069523986
1119859.834275,1094734.4069523986
1119859.834275,1092769.5535634314
1119859.834275,1577499.5637472048
186751.477775,196290.24011829152
186751.477775,241562.09755317477
548245.5745000001,576935.1480908731
548245.5745000001,687573.2197685235
548245.5745000001,578701.9957948955
548245.5745000001,687166.1099229491
548245.5745000001,606480.2553685578
222257.2407,230649.07969217916
258337.30065,252223.27260292182
258337.30065,250994.8645338997
343366.807,280314.37871408823
343366.807,402474.62872291455
671515.312925,767396.0112517703
671515.312925,739598.6784583768
217516.14154999997,191052.6644158468
217516.14154999997,201694.69481923408
581658.53106,628434.8939306637
581658.53106,627923.8756709087
581658.53106,628424.0749944681
581658.53106,631510.8736390525
581658.53106,962860.2947071469
581658.53106,627923.8756709087
581658.53106,921567.2880046681
581658.53106,920886.3718998547
581658.53106,945761.7423064044
581658.53106,590571.7768840339
584217.9734000001,641307.8325677438
584217.9734000001,637829.4284966424
487264.4999357143,501120.6397064207
487264.4999357143,512370.1281473737
487264.4999357143,475513.06573448476
487264.4999357143,506517.15118557366
487264.4999357143,477819.63703637605
487264.4999357143,578404.989751189
487264.4999357143,458191.5395060085
703126.4782499999,792761.5918777069
703126.4782499999,792542.7965474026
703126.4782499999,732965.5869572208
703126.4782499999,714282.6758102399
525089.9544375,499209.2825335662
525089.9544375,575032.422426067
525089.9544375,505250.8995102987
525089.9544375,562871.3629794846
525089.9544375,467611.7516876672
525089.9544375,490252.5856745121
596703.6284400001,738384.9852708146
596703.6284400001,645566.9658318486
596703.6284400001,784088.8020091556
596703.6284400001,642637.5296765512
596703.6284400001,670195.7580496396
576032.796875,975539.6129781341
576032.796875,660524.9517715022
576032.796875,650991.2142532666
576032.796875,658504.2419371239
576032.796875,640376.481642987
576032.796875,657448.9720631132
576032.796875,603587.8693694622
576032.796875,618719.1335861966
576032.796875,933565.6901708422
576032.796875,1009157.1827754837
2787953.9583499995,3141246.6897684257
2787953.9583499995,3177711.320746233
508065.8604999999,636059.1326968679
508065.8604999999,561140.2114580104
508065.8604999999,640450.0597951411
508065.8604999999,678092.1254598345
586222.7891574999,623234.2113384838
586222.7891574999,635567.1885085105
586222.7891574999,638928.9654250578
586222.7891574999,621526.7926650705
586222.7891574999,957179.1396821665
586222.7891574999,621537.6116012661
586222.7891574999,632603.5264152413
586222.7891574999,945534.6160807831
586222.7891574999,943945.0026957076
586222.7891574999,583674.4945546363
804413.7331,1106607.088608329
804413.7331,886694.582547535
804413.7331,1107782.1001913399
804413.7331,887958.2266604048
804413.7331,846576.303044541
804413.7331,1059005.3322296229
661634.5465499999,673965.9032002385
661634.5465499999,632014.9695351325
661634.5465499999,591878.3590584603
635585.50715,985987.9575555448
635585.50715,979361.0899281641
735105.4352,1105733.0286598061
735105.4352,681431.0237755033
735105.4352,657188.3907899569
377071.4959499999,318051.5999015832
377071.4959499999,320157.49533915153
377071.4959499999,298571.47231026756
685982.20705,645061.3200221177
685982.20705,639849.2576170119
598980.9923999999,650909.6132030932
598980.9923999999,786688.9514959215
598980.9923999999,786688.9514959215
598980.9923999999,674137.9494012682
518237.6918,568156.4260835332
518237.6918,997720.9838920082
295016.061,401301.1022467385
295016.061,431485.37823085114
442696.17094999994,412996.49662830646
442696.17094999994,421308.0258255254
236679.979725,214747.21916945232
236679.979725,294063.4995621653
234193.5217,178046.95640901837
234193.5217,180211.33817992744
234193.5217,276875.1339937187
712691.8798999999,734698.0280767799
360386.1197999999,466764.8981149051
360386.1197999999,359373.558723962
360386.1197999999,364463.8125340278
615369.3749,736915.4181726312
615369.3749,733006.3678280269
383729.07405,490352.4159592525
383729.07405,674046.822056796
542006.92,600133.3868366493
542006.92,522355.92499034747
542006.92,591143.6043352856
542006.92,531391.3102939636
542006.92,510146.42460783705
542006.92,530183.553149685
279978.15155,257042.19788978348
279978.15155,257042.19788978348
279978.15155,216020.01234938804
279978.15155,290838.3712060018
1156169.7194,1423388.6808065877
1156169.7194,1026569.1296760156
306853.24265000003,222231.16016866476
306853.24265000003,351226.8436110359
632477.84895,648390.2956823518
632477.84895,1120118.4599325382
619666.2600750001,671383.7350681559
619666.2600750001,767643.2405374899
398249.9085749999,388130.82772348856
398249.9085749999,476793.8875437017
398249.9085749999,476347.3631831454
398249.9085749999,477662.6242958987
610055.88475,660853.6535557715
610055.88475,684503.4625162042
1245668.968775,1153538.4216973493
1245668.968775,1155976.4702710873
1245668.968775,1165806.4991789816
1245668.968775,1595566.1564291087
1245668.968775,1151141.8662587025
1245668.968775,1158908.0647004012
1245668.968775,1154394.4205545613
1245668.968775,1595566.1564291087
1245668.968775,1535714.4649786358
1245668.968775,1106400.3464440915
1245668.968775,1097483.879988323
1245668.968775,1097483.879988323
1245668.968775,1097483.879988323
1245668.968775,1119930.9909564499
317699.1784,268730.52073417185
317699.1784,266411.9639836296
600316.26845,592965.9690129925
547994.9917,509232.9724967801
547994.9917,626998.5330831535
804978.0005750001,1155239.1171888239
804978.0005750001,747383.7036885348
187644.157825,156217.56594069191
187644.157825,215341.87501683476
525737.02625,596696.0235028345
525737.02625,467801.6672117459
441024.3936499999,358932.0237146165
590052.11349,662873.951630676
590052.11349,799080.3358739688
590052.11349,704921.2132214031
590052.11349,798859.9040588795
590052.11349,782663.190302803
443165.0805,412166.8646540739
443165.0805,479047.6565760657
1197426.3853999998,1149328.6834781168
1197426.3853999998,1624463.0120055815
560680.2625,705477.479411127
560680.2625,1011589.9237171479
560680.2625,1008754.1980124974
560680.2625,685106.3034008226
560680.2625,652082.1174505533
560680.2625,655716.3680829894
560680.2625,1015809.9538859006
417880.26585,365375.282744646
417880.26585,385442.2098692055
417880.26585,354101.0176182759
445716.26905,420268.723407153
445716.26905,537495.9049121126
445716.26905,433640.0839295806
445716.26905,539563.9103798552
445716.26905,418484.80330742453
445716.26905,417156.6279853492
2303880.50985,2196193.4398583025
2303880.50985,2747873.935434528
479039.4511999999,474544.7806436136
479039.4511999999,477375.81118264806
621433.81925,1009595.472619001
621433.81925,1012658.3619400957
621433.81925,1013387.4145763582
621433.81925,674947.6609185054
621433.81925,1010770.484202012
621433.81925,672060.6324746719
620647.6377821428,1076520.17604884
620647.6377821428,763649.9857314987
620647.6377821428,763138.9674717437
620647.6377821428,749239.0566357716
620647.6377821428,1175978.4598693075
620647.6377821428,749239.0566357716
620647.6377821428,734708.1133532206
620647.6377821428,723612.7973347943
620647.6377821428,694753.4292639426
620647.6377821428,1037593.1668174979
620647.6377821428,1038274.0829223113
620647.6377821428,709590.3505816809
620647.6377821428,709979.7751198298
620647.6377821428,744320.319882269
1232830.96525,1155858.4829529016
1232830.96525,1630319.6265662918
646866.1476999999,654676.9114545472
646866.1476999999,747655.9012581663
646866.1476999999,762737.1143348004
374413.648975,685965.4350375235
374413.648975,480244.62424893084
374413.648975,684239.6697735761
374413.648975,552171.563542314
571259.4446,498764.1498572378
571259.4446,526851.8168498544
508902.675575,466399.43956143287
508902.675575,595320.5417396816
1058757.369675,986738.0383345558
1058757.369675,979553.771162479
458737.8803,520451.20232519455
458737.8803,456019.6959097965
458737.8803,456044.2062615106
458737.8803,428509.7548500736
458737.8803,527348.1035229566
458737.8803,413787.96582913003
767997.2303999999,647507.74732491
767997.2303999999,667878.2662200131
611030.3356,962834.368426336
611030.3356,558855.5269884088
580792.21946,708731.162773275
580792.21946,685187.626609856
580792.21946,631711.7510420426
580792.21946,599515.8382001006
580792.21946,710686.6526468716
681035.202675,612957.1928905161
681035.202675,608571.4877790555
571044.4733,967232.0698842716
571044.4733,712392.0341215588
571044.4733,684841.0506896194
503947.75395,514419.78148922545
503947.75395,512915.33614021173
481093.73725,668726.8165845631
481093.73725,688687.05238899
1099265.45785,1074136.164597846
1099265.45785,1065975.2445825469
1099265.45785,1076033.055828048
337235.00950000004,316840.9237052179
337235.00950000004,388008.1296645627
337235.00950000004,377989.58035284845
856277.5582812501,842464.3399685624
856277.5582812501,842464.3399685624
856277.5582812501,843727.9840814322
856277.5582812501,837673.7285255131
856277.5582812501,1275084.766349038
856277.5582812501,837014.4393963731
856277.5582812501,843147.0976579833
856277.5582812501,1256223.701702808
856277.5582812501,1256103.8320590276
856277.5582812501,814505.8490859364
856277.5582812501,804316.250732625
856277.5582812501,1279679.8233915311
737998.5551250001,622291.3227982138
737998.5551250001,659347.5192055064
975225.3744666664,951930.837211496
975225.3744666664,1384937.8221404133
975225.3744666664,949353.421767167
975225.3744666664,959744.5406616385
975225.3744666664,1384973.5681583853
975225.3744666664,951930.837211496
975225.3744666664,935795.0365151297
975225.3744666664,1384973.5681583853
975225.3744666664,942607.724788873
696257.302009375,857640.1066581276
696257.302009375,800256.6932915868
696257.302009375,991620.3568078999
696257.302009375,801339.196573
696257.302009375,954593.2615867775
696257.302009375,775005.731177593
696257.302009375,774783.93141854
696257.302009375,959061.6021447056
322898.02589999995,421580.67490912613
322898.02589999995,400317.8575477708
322898.02589999995,425124.29309319507
327849.82954999997,249428.5960449712
327849.82954999997,348248.78756942716
567934.79738,615216.2322185056
567934.79738,759420.7185550422
567934.79738,671238.9500419906
567934.79738,638728.4273287646
567934.79738,792589.9684362977
472148.36835,521698.3657009291
472148.36835,529481.2925868866
472148.36835,480928.6376350949
828094.829525,1267572.1276774122
828094.829525,827708.3367639274
605672.5151500001,539349.9298959335
605672.5151500001,565948.3277030906
605672.5151500001,564684.6835902208
605672.5151500001,528662.8326734739
605672.5151500001,528662.8326734739
605672.5151500001,545939.7821575094
908935.4575,854536.3197273405
908935.4575,846965.5662889986
908935.4575,857000.1973272294
908935.4575,861790.8087702786
908935.4575,1291740.5058067753
908935.4575,1288668.4826818174
908935.4575,845136.5223749637
908935.4575,854655.8681688934
908935.4575,840285.3375021587
705241.5286000001,710936.2522649152
705241.5286000001,1010599.7017466202
2644571.2920499993,2465244.9838084155
2644571.2920499993,2466792.329450331
521212.8506999999,873310.3508728818
521212.8506999999,588028.0477070053
432723.72,531912.8998956531
432723.72,415074.7939962202
432723.72,446078.87944730895
432723.72,415585.8122559752
432723.72,412899.47772113053
432723.72,519211.7480081974
432723.72,443691.17839121097
2259109.86945,2336504.328181723
2259109.86945,2357695.2472155103
592595.85415,647117.2809580888
592595.85415,639064.282944357
592595.85415,651371.9362522481
252743.398,197235.40115067112
252743.398,197798.8470112782
768861.104,944808.9343567663
756690.3808749999,712242.4294722601
641957.9430199999,675017.9283929588
641957.9430199999,805456.9841449913
641957.9430199999,718347.700102444
641957.9430199999,782620.2315987496
641957.9430199999,825294.647190661
398158.8398000001,521629.2141792181
398158.8398000001,524443.6165406918
398158.8398000001,498420.4279193277
706320.9047,848288.7015091524
706320.9047,844890.1822717979
706320.9047,777601.6503157613
706320.9047,959879.0218600107
706320.9047,817148.9890500613
627911.44895,735716.251613825
627911.44895,714202.6452062147
1111554.7158642856,1478117.3362337048
1111554.7158642856,1064074.927535337
1111554.7158642856,1489800.8135679222
1111554.7158642856,1052810.0665419982
1111554.7158642856,1054364.4470689953
1111554.7158642856,1489767.182736041
1111554.7158642856,1000760.398286924
886047.68315,779183.0550679502
886047.68315,795503.2825812134
634016.2773999999,818027.4001192879
634016.2773999999,697392.7550053991
400712.88692499994,363780.0021807887
400712.88692499994,403186.4349153291
400712.88692499994,388754.5846015038
400712.88692499994,456079.3174029749
241511.09402500003,279189.8843830061
241511.09402500003,216662.97277866112
612750.0041,718260.7645066339
612750.0041,867216.4322867303
543049.1295500001,773713.1324819599
543049.1295500001,641011.8299950075
543049.1295500001,737822.6421504244
569973.7861499999,638860.0200697359
569973.7861499999,597898.4998260566
757598.408105,765176.8177687102
757598.408105,1165799.7623732067
757598.408105,763924.1464439512
757598.408105,761539.4037585296
757598.408105,756089.5031863402
757598.408105,770042.4285018127
757598.408105,715404.0653474727
757598.408105,707517.5576811718
757598.408105,714723.1492426592
757598.408105,759210.2744530274
479382.13482,464052.20969300205
479382.13482,456269.5224804746
479382.13482,469104.88961223926
479382.13482,539532.832323801
479382.13482,516850.13280889555
707143.69295,994791.5171182125
707143.69295,803458.7049385129
707143.69295,803969.7231982679
707143.69295,1001153.7898658011
707143.69295,778208.1755516306
707143.69295,834165.8425786173
707143.69295,1059309.1578747323
1237124.1437,1415955.26652803
1237124.1437,980339.6716944098
950129.2762875,1060087.8418354155
950129.2762875,1042700.1186798085
950129.2762875,1031804.871182367
950129.2762875,1042764.145181751
950129.2762875,1400311.6254420094
950129.2762875,1021977.2234031379
950129.2762875,1361807.445470015
950129.2762875,1361807.445470015
950129.2762875,1003229.2952761193
950129.2762875,1361807.445470015
950129.2762875,1003229.2952761193
950129.2762875,1009557.6898379473
1021391.1196,996001.2495790859
1021391.1196,983926.7509101414
1021391.1196,1428652.7254411187
802570.1101136365,1156626.6182503088
802570.1101136365,734969.1614718809
802570.1101136365,740990.9352902096
802570.1101136365,740990.9352902096
802570.1101136365,745686.1998573618
802570.1101136365,1153590.3411433233
802570.1101136365,737666.1253577626
802570.1101136365,702617.8232192764
802570.1101136365,1115608.6275468897
802570.1101136365,1115608.6275468897
802570.1101136365,712538.3910798853
921417.573725,818069.8173931721
921417.573725,826904.9852739319
572042.8846,801104.7713703096
572042.8846,809026.2041705141
1150377.80655,1429903.5760337464
1150377.80655,1040642.3391884301
2408019.4734249995,3008741.698175804
2408019.4734249995,2527832.84770422
182513.09555,261880.62271544122
182513.09555,274825.7649318337
749751.1082,905642.3815892396
749751.1082,912788.9564908275
749751.1082,912450.6647926559
749751.1082,1046068.693187491
749751.1082,1025480.3817744101
749751.1082,879048.5972879159
583741.561175,633775.5877708299
583741.561175,643846.2659361147
435655.5334,583137.9316685381
435655.5334,566819.6461951043
435655.5334,415615.9507324266
578901.7988,672560.1832451677
578901.7988,672560.1832451677
578901.7988,622592.3097697553
578901.7988,525804.1306795705
578901.7988,575681.5066995049
857510.9253499999,881826.4195143038
857510.9253499999,1193337.3704505917
857510.9253499999,857660.1194299271
387512.55519999994,400424.2847598838
387512.55519999994,402293.39146153023
387512.55519999994,345625.69660702534
271605.24615,292631.11834674847
271605.24615,191802.06343796063
956942.8082666666,937986.9797631826
956942.8082666666,1253085.706216238
956942.8082666666,980332.6973316658
956942.8082666666,968799.0772779196
956942.8082666666,935812.4416222723
956942.8082666666,971402.9032557475
956942.8082666666,969523.303630647
956942.8082666666,1243960.20851803
956942.8082666666,917113.7491623092
610281.1512999999,673320.653033635
610281.1512999999,734266.1520424827
610281.1512999999,678716.0594113751
494660.4376999999,456264.8927684379
682236.18075,658646.5692095628
682236.18075,1088316.2505271365
560489.1564499999,652013.9007183828
560489.1564499999,699929.3229377475
494875.9898499999,469870.5480679068
481328.58685,746770.3731837576
481328.58685,541039.7945279686
483826.9083499999,596965.2464247278
483826.9083499999,603106.716136274
483826.9083499999,806985.212864313
483826.9083499999,772681.381142715
381561.8234,331535.14296932163
381561.8234,397420.09540444845
381561.8234,336629.2323876808
588244.0516000001,617108.2231461904
588244.0516000001,754984.7304069208
603738.7887999999,713716.4281312535
603738.7887999999,714205.1335994276
603738.7887999999,751846.2340196512
648662.8223062501,781550.0609037629
648662.8223062501,852208.1586366703
648662.8223062501,781290.166837761
648662.8223062501,971225.3432223035
648662.8223062501,768478.2579154508
648662.8223062501,767797.3418106375
648662.8223062501,962341.0835706799
648662.8223062501,760953.5913733707
440147.23795,795327.8181665947
440147.23795,622299.7585290242
440147.23795,622346.2684774647
598612.0127000001,730108.3243532062
598612.0127000001,799240.2542406613
371943.3239,385367.2420329788
371943.3239,348526.20622145315
371943.3239,381722.4311758632
534118.3400249999,716422.7563727549
534118.3400249999,894845.4151316171
688680.0045499998,719437.783165555
688680.0045499998,739253.5468640646
688680.0045499998,713467.790834737
442144.392075,526361.9478916095
442144.392075,514496.3246412642
442144.392075,442484.1375619826
442144.392075,405550.750631034
577683.96345,733815.4038063838
577683.96345,734805.0684392663
634898.6422,697654.8012202797
634898.6422,982030.4279170089
584991.7392000001,693511.6550424378
584991.7392000001,653735.8896010314
584991.7392000001,789470.4023789318
584991.7392000001,682174.3898462465
584991.7392000001,649282.0567917612
584991.7392000001,683844.8278375845
375317.33469999995,346804.0997346986
375317.33469999995,308091.1797788973
375317.33469999995,297330.22378937213
623159.446875,964516.6963902373
623159.446875,641020.6970495873
623159.446875,624499.7346352984
623159.446875,963728.2606843426
623159.446875,641531.7153093423
623159.446875,641531.7153093423
623159.446875,587147.6358484236
623159.446875,602408.2881641339
623159.446875,617309.1146165134
258235.45055,345961.40605044237
258235.45055,354051.781771145
258235.45055,381099.6287938335
564250.42635,700011.8882649355
564250.42635,657326.2710903342
762983.6238999999,713442.7942060656
589382.2588,673195.3139862431
589382.2588,651238.2839559634
589382.2588,652868.4729360004
589382.2588,678107.5087294565
589382.2588,1048701.0724717653
726072.61075,761063.3372630918
726072.61075,761993.0453455475
726072.61075,1133426.3529243476
726072.61075,747646.3094475276
726072.61075,747135.2911877726
726072.61075,1136043.2832986938
726072.61075,768228.8970792608
287554.01215,237231.54760246247
287554.01215,297655.2684746124
519494.105675,935055.2764294969
519494.105675,622175.2561324814
664735.9281,869940.1166396487
664735.9281,732493.2381283033
614292.6847249999,1032851.3644415112
614292.6847249999,585239.8303382604
417050.387125,417923.0578161041
417050.387125,579111.7525050408
417050.387125,403018.09153291833
417050.387125,464647.99066925276
190038.8102,112641.85132528876
190038.8102,109234.86249318847
460035.0055,643801.7124326582
460035.0055,641774.7190765413
460035.0055,612027.1457164541
460035.0055,480901.2326683754
549590.1455,568640.4342848026
363981.51695,403506.57759258326
363981.51695,492196.3577644733
363981.51695,365203.0225654936
735239.3146,636391.5821512315
735239.3146,656093.0065849501
796066.2321999999,876074.626937287
796066.2321999999,857155.9359535053
199429.90365,188352.25188217597
199429.90365,269146.4803149277
552172.54995,595300.2896450323
552172.54995,648691.4305768479
552172.54995,603282.6868870758
801678.033275,754959.975959277
801678.033275,1170874.5122224526
801678.033275,755619.2650884172
801678.033275,761092.6342208873
801678.033275,767124.1073009642
801678.033275,767124.1073009642
801678.033275,767682.5565429475
801678.033275,721666.6292880264
801678.033275,1130411.2837745948
801678.033275,721666.6292880264
801678.033275,717420.4794469812
801678.033275,717420.4794469812
386409.6885,457530.2235656442
578403.623,1086606.347868462
578403.623,1038550.6513722414
222545.5111,229699.24254674604
665083.985975,695993.3167253736
665083.985975,809740.6578309888
665083.985975,712482.0518221561
665083.985975,727121.7229122357
481100.2492999999,580494.7553096954
578456.4841,958473.804792774
578456.4841,946405.6300547959
780569.8763928572,1024074.4105499366
780569.8763928572,795312.0478902583
780569.8763928572,836734.0554191542
780569.8763928572,794048.4037773884
780569.8763928572,777370.6767711242
780569.8763928572,821839.3532380628
780569.8763928572,820210.233149033
472103.9460499999,515110.7433840111
472103.9460499999,415040.7021807354
492738.95784999995,551371.9762778296
492738.95784999995,428818.6667346717
492738.95784999995,425200.0940953812
606064.0742500001,1041486.8004368902
606064.0742500001,699452.2212857412
592027.7855000001,846589.8702796831
592027.7855000001,846847.9425862815
394029.02940000006,351333.49162265135
394029.02940000006,447762.2634539518
748604.9250142857,798506.5129807835
748604.9250142857,807980.7221998157
748604.9250142857,839993.0785003206
748604.9250142857,798060.0527116696
748604.9250142857,827250.3620511098
748604.9250142857,1042864.1617604832
748604.9250142857,831662.2045024317
442090.14460000006,310740.07651748176
442090.14460000006,313268.31771149876
753452.64125,1136773.9524047868
753452.64125,685384.6593073322
553461.9566,980902.1708701982
553461.9566,687278.5593258885
607110.3587999999,1070169.8768315462
607110.3587999999,1207226.3710372895
438448.17755,424629.2512021883
438448.17755,428571.56417153054
438448.17755,379640.809993343
352413.87409999996,315580.4178671812
352413.87409999996,279763.73974245647
413765.87995,350126.3009645607
413765.87995,298223.90023373044
1115530.19475,1035567.2810199498
1115530.19475,1031217.3871604463
300529.40390000003,252511.1319700232
300529.40390000003,284890.6474172488
300529.40390000003,270272.5279212145
575027.27795,880196.777476836
575027.27795,756963.4155638887
575027.27795,687340.161926651
575027.27795,867831.3010982083
575027.27795,843687.3198410608
706530.1217500002,1063383.8348456924
706530.1217500002,687853.432003179
270413.5758,397748.1629785564
270413.5758,301798.32785537664
270413.5758,242967.4388056437
576199.8653000001,645610.5811227508
576199.8653000001,698207.7580444544
886411.7998999999,1177777.4286210616
886411.7998999999,877602.7275248112
886411.7998999999,1176462.3329863532
886411.7998999999,904597.7054460815
886411.7998999999,907061.976788626
886411.7998999999,890931.4422876141
700906.0278,719440.9919878036
700906.0278,718781.7028586635
700906.0278,1137399.700849333
700906.0278,1142040.5131964372
700906.0278,732300.4837139323
700906.0278,675840.4038256542
700906.0278,674304.2943790385
700906.0278,677633.6574680418
700906.0278,690346.648374833
810544.60945,1211436.2366147093
810544.60945,771194.3107680887
589212.7227999999,643027.9181953802
523602.3625,691450.3255295733
523602.3625,586541.485520158
523602.3625,691450.3255295733
523602.3625,584165.1167545911
418275.04515,486410.950064508
418275.04515,438294.88695500453
418275.04515,480730.8642624377
657294.9878857143,648431.5647735429
657294.9878857143,648147.4794055289
657294.9878857143,660297.1880238882
657294.9878857143,568629.3329885545
657294.9878857143,575002.7828506497
657294.9878857143,590536.8861535048
657294.9878857143,575567.1561584886
232651.5424,226881.02958280133
232651.5424,327904.72368572775
405822.9555,452512.7151419981
405822.9555,451384.80453412974
405822.9555,437007.6065697161
536878.7890100001,882634.9802827764
536878.7890100001,880552.2104192383
536878.7890100001,625124.0145555312
536878.7890100001,882336.1305189667
536878.7890100001,608820.9156466316
536878.7890100001,625124.0145555312
536878.7890100001,604438.1108050398
536878.7890100001,603807.9351957361
536878.7890100001,618599.2257693743
536878.7890100001,913184.9130809484
310466.96147499996,261644.2061628715
310466.96147499996,305934.36259784887
249918.5288,237041.15289294033
249918.5288,308448.965293699
249918.5288,208033.85888933
400990.34450000006,401669.53135964955
400990.34450000006,478058.4193364477
400990.34450000006,504390.16775769106
613538.7064499999,910981.7741894741
613538.7064499999,698167.8211701489
613538.7064499999,910541.2803906382
613538.7064499999,725242.6856553885
323508.63060000003,330288.8338163219
323508.63060000003,329452.4185667377
323508.63060000003,287942.3014611434
962941.6867142858,935169.0460304221
962941.6867142858,1274302.1964992506
962941.6867142858,961019.2559060778
962941.6867142858,1318053.964436219
962941.6867142858,948482.9132014065
962941.6867142858,1313679.0026686569
962941.6867142858,934951.3187011188
399488.78035,343226.40056097176
399488.78035,348597.3724413681
399488.78035,408395.6499918166
399488.78035,298834.4765797559
1063623.29215,1090184.963739722
1063623.29215,1073612.867046043
1063623.29215,1080800.0339277391
1063623.29215,1523096.480584138
1063623.29215,1090184.963739722
1063623.29215,1073612.867046043
1063623.29215,1073612.867046043
1063623.29215,1076009.4224846899
1063623.29215,1521772.4656223021
353164.525,441546.915982329
353164.525,360317.66783492826
746714.8098499998,1119603.5906917178
746714.8098499998,721518.8177732402
746714.8098499998,709929.5096659977
746714.8098499998,723082.7858083596
746714.8098499998,1119013.678412431
746714.8098499998,1094632.860029891
570759.55406,787916.602935662
570759.55406,786329.2682818784
570759.55406,642388.4027905742
570759.55406,769892.2409575334
570759.55406,698049.7833570252
382283.24769999995,387140.71942512074
382283.24769999995,475625.6933121616
510572.771225,530528.4987016987
510572.771225,526455.3865987306
510572.771225,457803.5237353182
510572.771225,520793.95168589184
471793.0980499999,603827.5997626598
471793.0980499999,594445.0689717443
471793.0980499999,557037.4601413729
471793.0980499999,602575.2958603265
823336.9723,885249.3084191299
823336.9723,909282.7823382156
644490.0146,744702.0070472655
644490.0146,750554.9840090657
644490.0146,714283.5379724754
644490.0146,813635.3582546951
644490.0146,802302.1907752994
199555.2826,179031.73059479444
199555.2826,252321.69757376087
199555.2826,139212.7486054696
502203.4578,451006.7904791258
649278.9655,732475.7710949609
649278.9655,645372.7116456463
649278.9655,649140.4207697492
649278.9655,652900.7705035051
649278.9655,656132.3321562409
561903.8246,723433.402486046
561903.8246,723433.402486046
561903.8246,666217.4484228389
561903.8246,825887.3309085519
561903.8246,860164.3207588018
599926.0718,674367.1672072591
599926.0718,672060.4697938653
544941.30725,614020.9515372752
544941.30725,640323.6260006544
544941.30725,640840.1510435177
544941.30725,596539.8942091721
634395.14595,736567.0325511623
634395.14595,738133.3206849279
634395.14595,695783.6889319862
634395.14595,691398.2940615522
634395.14595,686672.879974168
634395.14595,748127.3562344732
604405.5490499999,747725.2536433766
604405.5490499999,653686.2921355907
604405.5490499999,747506.4583130724
604405.5490499999,760555.3101047177
538615.4091500001,502719.26323088206
538615.4091500001,499631.64665876364
764644.6915499999,1263611.8637130177
764644.6915499999,791833.1238412489
471237.64885,502616.0314652242
471237.64885,503743.94207309256
471237.64885,569751.7088909872
471237.64885,448062.6974432877
343522.78304999997,368928.46172778285
343522.78304999997,361714.87843573175
670570.42025,698781.812047662
670570.42025,803110.1674609818
670570.42025,711881.7034153099
670570.42025,712866.1786319286
537655.1741000001,637803.1439597355
537655.1741000001,727422.8262772905
537655.1741000001,637803.1439597355
537655.1741000001,695075.4199966674
537655.1741000001,622088.5199416804
537655.1741000001,633513.7037695524
901407.4864,884900.4603760598
901407.4864,1231148.208172809
587447.93955,673662.9749451192
587447.93955,759144.9744441139
587447.93955,716648.7559723766
707496.9947,1102599.725164603
707496.9947,662310.5235515907
707496.9947,678794.0592767756
707496.9947,1101643.5089118965
707496.9947,682002.9160035028
707496.9947,1098254.4373981664
707496.9947,677000.1444442411
684930.803425,599023.4019548568
684930.803425,671486.3908808245
198364.7625,281745.40942794963
198364.7625,159247.99373029562
198364.7625,251532.94192803162
614237.9312,711576.4091707686
614237.9312,763092.4487101865
787652.3995357143,1121017.0508636008
787652.3995357143,1099119.2174758518
787652.3995357143,918733.2748102278
787652.3995357143,978749.6924525413
787652.3995357143,1114265.5034783736
787652.3995357143,964638.0378038657
787652.3995357143,966933.8148110879
620292.4731,636645.572000516
620292.4731,647543.1104055283
620292.4731,1046219.3608483012
620292.4731,630893.3495649687
620292.4731,627058.9886478973
620292.4731,634289.1835754218
629102.5756000001,879669.8240269766
629102.5756000001,785041.6996246993
649405.3589999999,628370.5313561283
649405.3589999999,631813.306889261
1479674.7828499998,1570991.52602864
668580.58505,647637.5930714167
279492.51615,261198.0710449181
279492.51615,428217.47570713353
580208.9031375,719574.0430835071
580208.9031375,599152.8087913642
580208.9031375,578952.7525230257
580208.9031375,609836.6398546379
927092.8869499998,1292719.9989770232
927092.8869499998,914670.7120696781
927092.8869499998,1249974.5018862174
927092.8869499998,930672.7249111463
927092.8869499998,915076.3593842274
927092.8869499998,1263923.9245462692
660623.6961000001,680026.2588528022
660623.6961000001,651328.5494075908
660623.6961000001,651328.5494075908
660623.6961000001,681878.0917377033
660623.6961000001,651839.5676673457
660623.6961000001,665771.9877346104
660623.6961000001,665091.071629797
660623.6961000001,624884.9888487044
595818.618,686014.5325348683
595818.618,685503.5142751134
595818.618,700231.8702196673
595818.618,670256.9396333075
595818.618,771680.2312465196
595818.618,699025.1353392527
550167.7607,827162.9266858122
550167.7607,842532.0813229892
759992.37905,991218.0925626613
759992.37905,803638.31065748
1239721.30679375,1684332.7723721962
1239721.30679375,1254687.4631706113
1239721.30679375,1249038.5327717038
1239721.30679375,1684332.7723721962
1239721.30679375,1252140.0110361874
1239721.30679375,1252690.1595834536
1239721.30679375,1252998.3299920456
1239721.30679375,1225236.1776345242
562895.35005,559192.0337417605
937988.59325,927399.7290266864
937988.59325,911501.1107071247
490729.98775,471269.57613192225
490729.98775,465537.6934408798
618799.27428,785832.5543798001
618799.27428,785832.5543798001
618799.27428,787096.19849267
618799.27428,1113759.277797435
618799.27428,786343.5726395551
618799.27428,763768.0211881588
618799.27428,789537.8346186683
618799.27428,1110869.813038339
618799.27428,739223.1075058153
618799.27428,748802.2973863545
618799.27428,1074354.92175848
618799.27428,739223.1075058153
618799.27428,1074561.2528676423
618799.27428,1096764.548928535
618799.27428,739565.4248509044
815844.9684,1046173.5474357097
399960.2054,489836.280900068
399960.2054,593607.0290883668
399960.2054,470270.3000759262
632459.5852999999,596705.349194055
461581.93019999994,475249.89791261643
461581.93019999994,424025.8759633264
461581.93019999994,587417.9287734338
691027.920225,730207.601296293
691027.920225,726382.5472386922
445563.0735,538070.6109188619
445563.0735,394295.8167969445
445563.0735,395553.5897117228
584955.6481999999,522062.0220339749
527659.5217,447377.7045204666
527659.5217,460278.5431394307
842859.76455,906640.3623081965
529752.44175,506995.47022021515
529752.44175,520312.2318182149
529752.44175,505276.63602684287
432390.8269,404043.13657661807
432390.8269,403808.2438558734
432390.8269,544364.759726011
432390.8269,385005.51276240195
432390.8269,385005.51276240195
432390.8269,382894.23072406143
423188.7568999999,387371.00700620655
423188.7568999999,550198.1530577511
530235.0555,709798.5643631574
530235.0555,620310.8566037088
530235.0555,672752.4456904896
530235.0555,742407.5800558439
530235.0555,641198.5271574341
202494.2217,129180.49306421052
202494.2217,136077.90819048358
821559.461975,763041.9577108164
821559.461975,1195186.9429165442
299295.47390000004,257299.01993527467
299295.47390000004,331592.9708932276
299295.47390000004,257277.55217679974
299295.47390000004,223212.70775745506
596052.579525,700392.678970869
596052.579525,782177.972277656
430752.0109,450853.3426492807
430752.0109,459320.1449470044
404215.1919499999,333444.682339586
404215.1919499999,336259.08470105985
404215.1919499999,328688.2260219291
594946.2707999999,636546.6069438709
594946.2707999999,628516.8073115041
594946.2707999999,628516.8073115041
594946.2707999999,650316.4084927517
594946.2707999999,650379.3482816865
594946.2707999999,815470.2630891551
690815.88435,736285.8175936079
690815.88435,1193165.2654265868
690815.88435,1120941.6353224514
690815.88435,1124972.1947987617
690815.88435,1121897.851575158
690815.88435,720565.7784450755
659493.0244875,766483.8079301468
659493.0244875,780830.5438281668
659493.0244875,1153804.707240154
659493.0244875,769559.7876385357
659493.0244875,766483.8079301468
659493.0244875,766275.1115337498
659493.0244875,1138878.2011520893
659493.0244875,1125441.7973711677
659493.0244875,725792.3327450738
659493.0244875,771617.0901948587
977490.3945625,1305935.0417557093
977490.3945625,1303570.987808659
977490.3945625,1267140.488325374
977490.3945625,1303606.7338266312
977490.3945625,873588.3933787167
977490.3945625,893257.1628250993
977490.3945625,859229.2250452058
977490.3945625,1269216.403346735
977490.3945625,858898.0091279463
977490.3945625,880636.7728318435
2570992.52145,2519599.3197797025
2570992.52145,2493170.1799572753
444987.566075,437223.3020397313
487063.8867,524846.8232677956
487063.8867,547451.3930667358
484932.5574875,486713.5088516865
484932.5574875,485350.70552307344
484932.5574875,573627.2044205014
484932.5574875,480572.18292509223
873799.08,1013199.9011897123
549460.6191093749,676839.6653083357
549460.6191093749,642488.42876262
549460.6191093749,974042.6457295667
549460.6191093749,1082595.638306658
549460.6191093749,659560.9191827463
549460.6191093749,660233.4331320478
549460.6191093749,659049.9009229913
549460.6191093749,637348.1343653674
509248.56970000005,645168.924875486
509248.56970000005,497711.6532236
261153.37869999997,189895.75040911877
261153.37869999997,293438.30649021926
261153.37869999997,283150.5775006324
261153.37869999997,179941.79336481437
772302.4696000001,743627.1099028635
772302.4696000001,1041445.0863464529
294175.49679999996,226588.28297896235
294175.49679999996,333403.21154295554
294175.49679999996,325840.7637351904
470453.6065,492138.54924822063
470453.6065,669616.1147713275
296810.2961,243735.89806005562
296810.2961,299923.1720968161
296810.2961,237693.47073728882
368509.7716,338152.7221914784
368509.7716,364012.9560952602
692847.2965749999,646210.854146397
692847.2965749999,646216.1443452407
657804.53975,699094.0006451597
910570.169275,783049.5719687657
1325863.5087,1171543.7828264982
1325863.5087,1230487.5261982684
280131.9509,204929.20640745893
280131.9509,201702.165007448
667697.94705,703097.4212785397
667697.94705,977814.7642990898
1108966.0831999998,1049460.1850131543
1108966.0831999998,1017756.6246850177
758000.61915,659787.7987692173
758000.61915,1089311.7851930798
869448.6796500001,883566.7818098834
537504.2400499999,967263.523552699
537504.2400499999,659338.368061691
750193.6682999999,721645.4001170057
750193.6682999999,712791.0823648425
351504.84420000005,527495.8853381656
351504.84420000005,405754.53100804595
351504.84420000005,386282.21511575
557432.6037499999,905153.5854103185
557432.6037499999,735300.6205426867
429385.56000000006,462102.5979250211
429385.56000000006,396432.445515771
429385.56000000006,375737.6484487595
429385.56000000006,375737.6484487595
429385.56000000006,400726.2916013418
429385.56000000006,468044.8567560005
485277.94456,435731.4818262239
485277.94456,527080.652752573
485277.94456,436621.4050958718
485277.94456,539516.8361792184
485277.94456,439659.45608749357
598119.561825,704394.1426896441
598119.561825,702493.8424209642
858421.9482,899610.6146751444
858421.9482,894004.7102796084
934575.29540625,1322491.898439538
934575.29540625,1327405.1130280562
934575.29540625,902822.7027842834
934575.29540625,1326848.8302369798
934575.29540625,902102.0701882055
934575.29540625,1317948.3829576345
934575.29540625,900538.102153086
934575.29540625,1330441.390135042
934575.29540625,1304438.762448638
934575.29540625,845951.7973317865
934575.29540625,1304438.762448638
934575.29540625,846766.531159008
1024302.4521,989490.361493492
1024302.4521,1003798.6263622511
1024302.4521,1003798.6263622511
1024302.4521,1003798.6263622511
1024302.4521,989792.68335685
1024302.4521,1372777.2591283019
1024302.4521,939422.1456044738
1024302.4521,970651.0561623618
400060.50962499995,413087.5320908596
400060.50962499995,358831.00463456655
279510.34865,180106.14503015927
279510.34865,258253.13631857268
629486.8003125,708179.929376403
629486.8003125,664049.4876782642
629486.8003125,705856.575521129
629486.8003125,787545.1826539796
629486.8003125,689495.7888460816
629486.8003125,740380.8691014543
576736.99905,662371.2124826951
576736.99905,661939.193104855
2437338.00365,2881041.26339343
2437338.00365,2835369.091404623
2437338.00365,2877255.2540738527
224030.65115,267169.32103704853
224030.65115,204907.67561466515
224030.65115,254616.94092302275
211696.25985000003,254643.59764040308
211696.25985000003,153229.23323674197
717204.7441499998,632203.2108435074
717204.7441499998,651266.53259367
650729.6723499999,703976.275102454
650729.6723499999,674477.1698742361
555812.6206285715,650404.9268557765
555812.6206285715,958378.2929251379
555812.6206285715,955488.828166042
555812.6206285715,958378.2929251379
555812.6206285715,636993.2379893704
555812.6206285715,619406.1867648752
555812.6206285715,660441.0890967402
583684.80425,652334.8611225693
583684.80425,659462.919458605
583684.80425,983863.1723231247
583684.80425,667134.0147413382
583684.80425,659533.2546670408
583684.80425,667053.9028375249
583684.80425,1084710.578509397
583684.80425,664377.8155379404
861016.546325,780314.8400658364
861016.546325,768448.3848070679
384127.27055,254439.9440098403
384127.27055,261675.6974470066
1023922.922425,985921.3750526353
1023922.922425,998696.59656448
452811.78851999994,435971.928307612
452811.78851999994,474069.01656718017
452811.78851999994,463163.3596861428
452811.78851999994,529636.4123154178
452811.78851999994,437942.2736139386
519961.2251999999,671829.269524764
519961.2251999999,674922.7343537888
385495.1513062501,365209.84734997666
385495.1513062501,476793.8875437017
385495.1513062501,479581.5503298356
385495.1513062501,377853.2186527178
668085.391925,618232.4947271831
668085.391925,1091218.2617194308
414854.5663999999,360353.3502440521
984820.13761875,922928.9874124506
984820.13761875,1345297.0684657209
984820.13761875,1350318.8504630374
984820.13761875,1350354.5964810094
984820.13761875,1350318.8504630374
984820.13761875,1353475.3984041575
984820.13761875,1353390.8735879948
984820.13761875,1356156.7522748425
314888.807575,371486.97076971957
314888.807575,277743.75110332243
179600.86365,128969.4269976404
179600.86365,250116.56419743842
633007.5806999999,673338.7443758186
788553.9449499999,1136529.8928650548
788553.9449499999,1135629.4613108097
788553.9449499999,865646.3259536641
788553.9449499999,1135136.781144886
788553.9449499999,813809.6646311514
788553.9449499999,821988.320055084
788553.9449499999,855059.1461371414
537139.405,660416.8108771921
537139.405,676312.0119373346
537139.405,989317.7365811425
537139.405,676614.6559582304
537139.405,657925.8603504219
537139.405,992612.5116198355
537139.405,654384.3782325981
537139.405,638499.7351428219
537139.405,623239.0485642025
537139.405,639180.6512476354
537139.405,1004660.0615759611
305680.59859999997,278776.5253702199
305680.59859999997,293232.84349482664
305680.59859999997,354861.5047915252
305680.59859999997,277658.3890435916
588491.3346,699688.8961737728
588491.3346,942741.0905259141
588491.3346,941749.1282552357
588491.3346,657728.6198590266
588491.3346,643989.4763807693
588491.3346,677409.1567006686
588491.3346,620531.3430133666
588491.3346,620531.3430133666
588491.3346,646586.1555433273
965061.6320571428,899114.4283187392
965061.6320571428,1342047.5657168606
965061.6320571428,882324.2044738657
965061.6320571428,1341491.2829257841
965061.6320571428,1333390.89659372
965061.6320571428,1333390.89659372
965061.6320571428,893356.88657764
965061.6320571428,910295.3455815841
965061.6320571428,879692.1115545055
965061.6320571428,1297696.133569705
965061.6320571428,879692.1115545055
965061.6320571428,879692.1115545055
965061.6320571428,879692.1115545055
965061.6320571428,886787.843316194
198663.06577499997,259820.9438803795
198663.06577499997,177841.49411030964
852099.5453142858,939934.5721128453
852099.5453142858,940040.9181787496
852099.5453142858,939934.5721128453
852099.5453142858,939934.5721128453
852099.5453142858,1183554.9214893854
852099.5453142858,1158969.2408118295
852099.5453142858,1183554.9214893854
279262.215025,266204.5515130453
279262.215025,224041.93995371257
294327.00152499997,235621.8438863943
294327.00152499997,279542.96515869617
509557.16625,585096.1534378092
509557.16625,597277.0458917051
532962.9162,611425.8302614031
532962.9162,457659.08992065
532962.9162,511404.19082636083
532962.9162,487336.1389930961
536660.9618999999,524365.167053605
536660.9618999999,521994.700321049
1229375.77465,1077555.6166307116
737484.4044999998,705766.1793761553
737484.4044999998,718038.2451728188
737484.4044999998,716738.2787962084
737484.4044999998,714541.2991779427
737484.4044999998,724156.5272306803
737484.4044999998,679243.3348092404
555315.1566999999,643520.8311528342
555315.1566999999,729165.1787611068
555315.1566999999,734003.3756411085
408963.50525,371551.70504607406
408963.50525,448612.2162410429
408963.50525,318555.8559734378
399657.5913,395181.0477706433
669713.51985,699971.1143584006
669713.51985,973994.2640941069
300534.88105,373191.36316073424
300534.88105,238379.08067217423
1393025.5286464286,1203286.73682715
1393025.5286464286,1217120.852564471
1393025.5286464286,1628181.422274243
1393025.5286464286,1628181.422274243
1393025.5286464286,1219798.5998309823
1393025.5286464286,1221911.4640075203
1393025.5286464286,1627454.310250453
1393025.5286464286,1600466.5178242156
1393025.5286464286,1192079.126145726
1393025.5286464286,1182198.0523230345
1393025.5286464286,1601147.433929029
1393025.5286464286,1600466.5178242156
1393025.5286464286,1191398.2100409125
1393025.5286464286,1178755.253798188
625173.737,1038039.6926032293
625173.737,651159.0679497226
391548.03465,391064.9227457057
391548.03465,445927.8084604449
568321.2043900001,973136.3134289435
568321.2043900001,644321.374581881
568321.2043900001,653735.9528689134
568321.2043900001,972917.5180986393
568321.2043900001,643286.4560503822
568321.2043900001,675830.2667917215
568321.2043900001,936215.7961206514
568321.2043900001,936871.2172962832
568321.2043900001,936101.31080904
568321.2043900001,620573.8381195812
724822.31085,745247.8305175522
724822.31085,728483.6415739523
724822.31085,713781.7726809639
724822.31085,739487.0174231614
724822.31085,826242.3832751884
724822.31085,725764.850863024
662480.2296699999,675547.4171449336
662480.2296699999,675547.4171449336
662480.2296699999,682128.637198999
662480.2296699999,641776.193800519
662480.2296699999,675226.4245604458
615149.6433,557825.5420348138
615149.6433,577302.0876632828
357684.67467499996,297516.5220719713
357684.67467499996,246135.62638805923
603958.5757071429,780450.1738719866
603958.5757071429,659151.0100307091
603958.5757071429,655347.9535673114
603958.5757071429,655858.9718270663
603958.5757071429,655818.4739672332
603958.5757071429,774156.0690698714
603958.5757071429,631821.5970475407
1092900.8077,1012398.6936162012
1092900.8077,1478773.129642535
1092900.8077,1508793.5952369703
316901.2499,327057.88979847997
316901.2499,231929.59441527608
493401.5780571429,561045.8868290224
493401.5780571429,458045.0624237717
493401.5780571429,459308.7065366416
493401.5780571429,557971.5436054188
493401.5780571429,561074.4479414526
493401.5780571429,487619.17510893825
493401.5780571429,475563.65083907207
924836.2387214288,1179924.7538813264
924836.2387214288,762051.8514233348
924836.2387214288,1179404.2171082222
924836.2387214288,1182996.777006284
924836.2387214288,1182696.4530840344
924836.2387214288,1172058.6518179623
924836.2387214288,773390.1550480023
924836.2387214288,728294.5216927351
924836.2387214288,726927.4043134496
924836.2387214288,731007.0155666152
924836.2387214288,731007.0155666152
924836.2387214288,1145624.1947600981
924836.2387214288,726927.4043134496
924836.2387214288,744901.214639056
566017.3889,545963.8199776687
566017.3889,482451.776622451
569465.817525,655952.634053608
569465.817525,647569.3418881516
869811.2215625,778096.2589543794
869811.2215625,765707.8862974878
869811.2215625,760234.5171650175
869811.2215625,1161425.462586548
869811.2215625,772297.808619548
869811.2215625,765025.1286080668
869811.2215625,722052.9370422321
869811.2215625,726299.0868832772
869811.2215625,726980.0029880906
869811.2215625,1135895.747055768
869811.2215625,1135724.657474659
869811.2215625,756039.9493966666
555007.79325,702183.1855920171
555007.79325,689240.1430271765
472931.197,500707.69070210814
472931.197,421670.1742224312
471388.23464999994,447239.2508245229
471388.23464999994,451960.14099464595
609098.66695,629019.5440076492
609098.66695,631013.96957957
609098.66695,628978.6757469418
2644664.33875,2676092.0872089737
2644664.33875,2664453.568651282
800631.9103499999,1192339.7383546792
800631.9103499999,862504.6749068736
800631.9103499999,1108272.2791535011
754980.8313399999,784455.1681431048
754980.8313399999,750570.6469020405
754980.8313399999,781838.4483569436
754980.8313399999,784882.1190731652
754980.8313399999,751470.0171427045
626143.82125,597109.1833341805
626143.82125,582233.1367956633
906941.0581,924776.6990761057
906941.0581,921127.503965969
657924.18275,1215853.8541232464
657924.18275,790887.8222232921
657924.18275,766104.6527749229
657924.18275,768312.2707718957
657924.18275,1119497.2733666638
657924.18275,1119497.2733666638
657924.18275,1118303.527381172
657924.18275,1115414.062622076
657924.18275,1077368.3693705043
657924.18275,743767.3570895522
657924.18275,751609.4138892165
657924.18275,752621.1007776323
657924.18275,751609.4138892165
657924.18275,807068.0693538196
398596.3708,534675.5474848798
398596.3708,429969.0891368362
398596.3708,536519.9690036563
576650.477675,700107.8321678102
576650.477675,625668.5981676125
418494.401675,360216.1567667701
418494.401675,446248.28582340875
461952.581325,431252.1582469784
461952.581325,400462.64122326294
682907.13596875,656890.5395769741
682907.13596875,661681.1510200233
682907.13596875,1088879.417762654
682907.13596875,1091359.80764022
682907.13596875,663957.0278022718
682907.13596875,615367.9963490752
682907.13596875,621818.3762041623
682907.13596875,614687.0802442618
609475.8618999999,596891.5169517492
609475.8618999999,595325.2288179836
609475.8618999999,707413.5203142801
609475.8618999999,621676.4915191194
609475.8618999999,709276.8395919492
253773.67440000005,307687.7485123887
253773.67440000005,201809.9315644593
253773.67440000005,194931.439142098
249947.47775,214634.75523831102
249947.47775,176852.38173621095
249947.47775,262672.42192985484
615703.2721000001,655636.0484214537
615703.2721000001,702082.7900589844
498091.013,502788.61546585243
498091.013,496456.2116994095
758602.9895142858,1106447.5433999433
758602.9895142858,1110296.7165138032
758602.9895142858,717686.9720361731
758602.9895142858,1117211.412689705
758602.9895142858,1117175.666671733
758602.9895142858,657127.3601810342
758602.9895142858,1074361.0843960186
651652.9625,729404.2667162383
651652.9625,898025.258168343
189237.99672500003,174862.75965278584
189237.99672500003,121743.49238149764
801867.4786999999,1320624.5482517562
801867.4786999999,870577.7465285566
674222.1682,591618.7915192903
674222.1682,686334.5474706601
570286.2770125,637356.771642765
570286.2770125,730864.2837003773
570286.2770125,773471.4057499869
570286.2770125,697584.5844817276
1009826.9516,933468.3146741448
1009826.9516,1382407.9277982512
179415.561375,128696.46313958161
179415.561375,170740.1545342058
794004.6618499999,692802.5359299816
858824.5894545455,1165872.5973929346
858824.5894545455,1165908.3434109068
858824.5894545455,1162836.0114203775
858824.5894545455,1165872.5973929346
858824.5894545455,744615.4707818438
858824.5894545455,1165908.3434109068
858824.5894545455,716223.8299733308
858824.5894545455,713348.1178229391
858824.5894545455,712887.6386233834
858824.5894545455,717648.1659813623
858824.5894545455,751962.2648175933
424570.96695,636544.5329164015
424570.96695,485800.89765039505
424570.96695,606704.0228432835
424570.96695,481485.0718884806
771789.3224000001,680115.1187486374
771789.3224000001,706915.9390903021
771789.3224000001,706715.7934139387
546747.16304,608096.5579949222
546747.16304,609360.202107792
546747.16304,649390.9198738531
546747.16304,631608.7531051813
546747.16304,745351.9527773319
410546.2914,375032.78482230986
410546.2914,407411.4679755559
410546.2914,405667.87319372105
550088.89905,605735.2160186712
550088.89905,593035.6074445171
512301.18975,595289.3432878164
512301.18975,829284.5947181564
634110.46365,1056257.4189238837
634110.46365,709764.5919528541
538380.6070874999,584978.2912974138
538380.6070874999,668396.2973249805
538380.6070874999,559079.7050313919
538380.6070874999,606912.7423134572
679100.8493499999,1092803.4963171906
679100.8493499999,1060392.110734313
600608.6786999999,672384.818066637
600608.6786999999,1031178.281356732
600608.6786999999,718370.33914844
725443.8157312501,722235.6780940078
725443.8157312501,707592.4032603848
725443.8157312501,1132190.6054058925
725443.8157312501,712383.0147034338
725443.8157312501,712829.4749725478
725443.8157312501,714494.8367883293
725443.8157312501,675548.1914918221
725443.8157312501,675550.7465225783
725443.8157312501,675550.7465225783
725443.8157312501,675550.7465225783
725443.8157312501,1099030.158078035
725443.8157312501,702144.3204920244
215706.4766375,289886.5182544988
215706.4766375,230241.89241875155
215706.4766375,309624.3201606372
215706.4766375,293797.9748764446
325655.13145,443381.75165365235
325655.13145,453615.594073314
340148.95584999997,376824.2366846781
593308.475625,688853.6171726385
593308.475625,700397.5198166401
593308.475625,688644.9207762416
593308.475625,699213.9876075835
593308.475625,1028434.1836474842
593308.475625,665739.5119873938
593308.475625,1003471.842353488
593308.475625,1004152.7584583014
593308.475625,671125.5392108301
276819.88075,303253.75458096445
276819.88075,227516.8897590863
276819.88075,276320.70269631624
303445.7302,251596.7292752891
303445.7302,308019.7834224511
326608.4364125,337449.78688988084
326608.4364125,382098.48338552384
326608.4364125,376245.50642372377
326608.4364125,375219.2972122066
326608.4364125,328542.42414315307
326608.4364125,350820.16355203773
564037.884375,766346.3405688535
564037.884375,873851.2384039941
467549.0792,632762.5182379036
467549.0792,440681.81889530265
467549.0792,633142.8664435298
467549.0792,632733.4842473286
467549.0792,431472.2421305835
350591.920425,438582.2083208753
350591.920425,344206.84684499603
546635.503625,638965.3823528173
546635.503625,934725.5452292189
597598.6068000001,810288.7833285895
597598.6068000001,672968.211739482
597598.6068000001,714041.3241806615
597598.6068000001,701831.9246027414
597598.6068000001,663457.3786451059
597598.6068000001,693637.944832123
237702.84875,199853.1246680388
658746.1901250001,766110.9342486139
658746.1901250001,1113759.458144744
658746.1901250001,1213180.393368329
658746.1901250001,788816.7973034624
658746.1901250001,1213180.393368329
658746.1901250001,1116531.157347452
658746.1901250001,764544.6461148483
658746.1901250001,1075793.7442728283
658746.1901250001,750129.3866087979
658746.1901250001,750129.3866087979
658746.1901250001,1075793.7442728283
658746.1901250001,1195941.0334203742
1043921.2633,1492467.0415447378
1043921.2633,1047649.6279553527
1043921.2633,1032998.0880066063
386101.15135,374350.02839077316
386101.15135,358991.7680811942
477351.26034999994,490472.6201634933
477351.26034999994,490472.6201634933
477351.26034999994,662279.1336105382
498543.6948499999,536161.2720581831
498543.6948499999,486954.9677901897
498543.6948499999,441707.2454214663
535853.951825,590993.0497614921
535853.951825,773989.4379597122
614849.8356,885020.5864373916
778998.38085,1071644.1562968122
778998.38085,922191.6379503983
897623.2283,1183306.4441434313
897623.2283,856072.6359624957
940334.5293,823287.0650201256
940334.5293,862506.96519963
673439.4360250001,767825.061135301
673439.4360250001,896957.0280737311
387952.738775,324775.71455659845
387952.738775,278597.75303520093
696886.93655,702380.172474426
696886.93655,702077.5284535303
696886.93655,702141.5549554728
696886.93655,699343.3731909561
696886.93655,695363.9837684712
696886.93655,670517.9036757967
516291.4272625,511846.4339574471
516291.4272625,560035.3672451258
516291.4272625,548477.7561608003
516291.4272625,538527.3069385545
523379.20932499995,567747.7345544001
523379.20932499995,591310.6980345487
363920.56965,480014.53518109804
363920.56965,417361.30084556557
950250.863875,1337890.6484236836
950250.863875,979673.2571225201
950250.863875,1335273.7180493372
950250.863875,980936.90123539
950250.863875,1442167.6302992117
950250.863875,991524.7977592722
667140.0550142857,966721.028756448
667140.0550142857,966884.7042862581
667140.0550142857,775619.875113063
667140.0550142857,778542.4693653573
667140.0550142857,836081.2122819005
667140.0550142857,824738.5922669679
667140.0550142857,771772.9288156973
810852.9044874999,756379.5533400597
810852.9044874999,751588.9418970105
810852.9044874999,1152652.0739203293
810852.9044874999,1152890.169262798
810852.9044874999,739424.8105553234
810852.9044874999,757643.1974529296
810852.9044874999,1152616.327902357
810852.9044874999,734419.2899879551
217847.61975,162783.71975713968
217847.61975,265735.43678959436
774674.0603166667,806100.90383259
774674.0603166667,1097224.1383291213
774674.0603166667,807867.7515366123
774674.0603166667,1100079.6862224208
774674.0603166667,816908.9726135602
774674.0603166667,1062992.2723419846
774674.0603166667,795627.1255952219
774674.0603166667,785390.0606274789
774674.0603166667,1130473.0543053735
732264.5270499999,618107.3834965909
732264.5270499999,624451.6011416728
751184.56905,646395.9745113332
751184.56905,1107622.704869957
441378.5985,576701.9746457727
441378.5985,571691.7603697993
352752.21679999994,364803.82070487563
352752.21679999994,332323.5572452831
599628.10795,645166.1252775934
599628.10795,1024896.0285155624
599628.10795,695917.4689016481
614736.0343499999,616784.7983664967
614736.0343499999,617949.5178347472
614736.0343499999,631697.2898049832
1265822.9248,1618712.458515904
1265822.9248,1172945.5182652636
1265822.9248,1655541.4233183125
711609.56335,618245.678615593
711609.56335,666828.4831675489
634005.84546,702888.2626377428
634005.84546,662635.7631038231
634005.84546,662635.7631038231
634005.84546,688975.3914537673
634005.84546,853783.9196283086
531670.040875,652692.440830293
531670.040875,572482.3517864698
492994.763125,474523.592847968
492994.763125,531104.3668311969
441342.9907,407022.19213991496
441342.9907,462829.50749604945
640443.9694125,753077.5429337085
640443.9694125,742822.7483573349
640443.9694125,1193795.1196453553
640443.9694125,1192561.3559873125
640443.9694125,1094006.3942775226
640443.9694125,1093360.737012561
640443.9694125,780120.9872413321
640443.9694125,726851.2121851739
640443.9694125,726851.2121851739
640443.9694125,740295.3955353483
640443.9694125,1054252.7029300793
640443.9694125,761481.5064907437
655394.7935500001,1006659.4296435025
655394.7935500001,922138.5329487597
519511.0436,538466.909097018
519511.0436,652438.2434640614
469862.4793285714,473222.0240940677
469862.4793285714,478274.704013305
469862.4793285714,447781.63682197116
469862.4793285714,546344.7035407032
469862.4793285714,450809.8412380122
469862.4793285714,450806.9476984359
469862.4793285714,431895.58368739276
643213.07825,667772.670320829
643213.07825,696982.1576815472
643213.07825,687634.1877017925
333047.60959999997,291267.3686505658
333047.60959999997,282768.030758753
333047.60959999997,276376.1195922049
2673826.3231499996,2666064.8069418143
2673826.3231499996,2646799.0943910866
467581.476175,618808.7512066873
467581.476175,724959.5248710597
536557.7061999999,697264.3513832313
536557.7061999999,647190.3621424426
731086.811775,804005.4475615934
731086.811775,821692.8793123666
731086.811775,1097221.608109084
731086.811775,822748.1491863772
731086.811775,1097002.8127787798
731086.811775,822382.5653765465
731086.811775,790725.7902416424
731086.811775,1066587.522685746
731086.811775,790044.8741368289
191382.85625,197157.46361753723
191382.85625,165431.15096426965
191382.85625,160917.34744077164
340604.6307,305311.9787659253
340604.6307,367937.12126407615
340604.6307,377305.9672059523
552315.5373249999,678812.7644208597
552315.5373249999,590244.1772053363
552315.5373249999,577052.0619420131
552315.5373249999,548698.1616810161
512536.21,502716.7977984847
512536.21,607630.2599661092
512536.21,497641.73379800364
512536.21,602325.3717248393
512536.21,524512.2277411696
512536.21,524512.2277411696
512536.21,513887.4552523132
410917.3255,363270.1596751637
410917.3255,473877.676867072
267060.93635,271067.370152881
267060.93635,201726.33950192505
267060.93635,312606.5532109409
586853.26555,643556.8623096575
586853.26555,690046.8459440916
586853.26555,963510.6294927893
710431.43278,735054.7000665962
710431.43278,709119.0981323324
710431.43278,707863.2686880651
710431.43278,735565.7183263511
710431.43278,708080.9270385671
423777.05875,692166.1465166754
423777.05875,486165.6013414869
580294.799,629448.6654804582
580294.799,629448.6654804582
580294.799,767999.7029759946
580294.799,628732.2191928289
714429.4878499999,659641.348071733
714429.4878499999,1062142.1865920522
1131969.2860687498,1101390.947733429
1131969.2860687498,1106737.8419675545
1131969.2860687498,1548879.89646769
1131969.2860687498,1111616.7699929466
1131969.2860687498,1106737.8419675545
1131969.2860687498,1122329.2642889265
1131969.2860687498,1546513.5224219933
1131969.2860687498,1545992.985648889
1131969.2860687498,1053949.4116076087
1131969.2860687498,1053949.4116076087
1131969.2860687498,1071965.2909070824
1131969.2860687498,1502646.1277530452
1131969.2860687498,1069939.3889629482
1131969.2860687498,1486850.4707771402
1131969.2860687498,1062184.961958564
1131969.2860687498,1097304.1536840121
748997.41565,783858.6358769113
748997.41565,1006629.7955509016
748997.41565,748341.3022929498
351217.19659999997,376213.6164969559
351217.19659999997,308728.55414105527
322611.22302499996,264504.35721254215
322611.22302499996,357341.1632512278
425875.9745125001,532185.2652848389
425875.9745125001,441065.9763146909
425875.9745125001,427939.0159815008
425875.9745125001,424926.9508356155
520272.2450375,582603.5021314747
520272.2450375,545525.4485578461
520272.2450375,479988.29723263683
520272.2450375,506337.1545743033
468895.3899,434612.13375077874
468895.3899,427958.28605867794
468895.3899,421045.81320863264
672063.70101,778409.1083567011
672063.70101,834861.0721743845
672063.70101,795307.7927119923
672063.70101,795307.7927119923
672063.70101,786961.7115692154
301389.30615,240313.06499831815
301389.30615,195412.67351637618
2392689.9676272725,2317353.5754839536
2392689.9676272725,2334311.834809936
2392689.9676272725,2328697.749560589
2392689.9676272725,2351965.665019204
2392689.9676272725,2334032.1963959825
2392689.9676272725,2340366.090365855
2392689.9676272725,2334032.1963959825
2392689.9676272725,2323687.469453826
2392689.9676272725,2322116.830297337
2392689.9676272725,2328697.749560589
2392689.9676272725,2270604.1734186886
585338.79115,637325.1039520702
585338.79115,625443.9394062348
694761.32705,996049.5491291976
694761.32705,855996.4127377876
694761.32705,993365.4352128885
694761.32705,843821.589068781
454164.178,407335.35372173344
454164.178,576308.2222162907
454164.178,392355.4131099873
454164.178,575986.2093478548
590881.3966999999,816258.3069609489
590881.3966999999,593597.669227152
676205.5517000001,834117.9281827002
676205.5517000001,774814.0762247153
676205.5517000001,996509.1269956925
676205.5517000001,774964.6847260328
676205.5517000001,769278.3080157663
676205.5517000001,823789.4582031235
1225095.59185,1045207.9853291473
1225095.59185,1445013.7428800934
592998.5989,891952.0423244666
592998.5989,865645.9182026224
756765.40605,814878.6791882725
756765.40605,834770.2400274242
756765.40605,1084756.796158904
756765.40605,803829.0021737765
756765.40605,788172.5777318078
419863.57,428201.81454717205
419863.57,420434.22336804774
419863.57,525625.5013474395
419863.57,435531.11756456236
419863.57,418147.10653447406
419863.57,417466.19042966067
419863.57,404586.1679888623
479562.342196875,590499.2851219176
479562.342196875,590133.7013120869
479562.342196875,443719.66270781937
479562.342196875,432140.0854028321
479562.342196875,442180.89306993457
479562.342196875,452733.0723519779
479562.342196875,455190.46309297835
479562.342196875,553773.3194872822
2178680.2457749997,2341196.282091958
2178680.2457749997,2883386.501442933
678810.57895,746754.5211959787
678810.57895,1119688.545532063
678810.57895,744855.0755255341
678810.57895,1116852.8198274127
678810.57895,731175.4986958493
678810.57895,711639.6781836826
339133.34955,371280.6344809991
339133.34955,301853.57657715207
1255023.01885,1254888.745766394
1255023.01885,1688502.2480848776
1255023.01885,1686405.496402528
1255023.01885,1686649.3887985095
1255023.01885,1253831.055545745
1255023.01885,1253088.6955043557
1255023.01885,1212823.5224250774
1255023.01885,1214703.1220501773
1255023.01885,1649045.9186943523
613728.12605,620860.5979992258
613728.12605,959832.7041594886
613728.12605,620360.3986756664
613728.12605,956943.2394003926
613728.12605,620860.5979992258
613728.12605,638447.649223721
613728.12605,959832.7041594886
613728.12605,649179.1994189919
634330.60075,743873.5805297173
634330.60075,870061.6639332137
613106.8586,614279.567507059
613106.8586,643098.513786816
533601.6905142857,503867.5426242271
533601.6905142857,519597.195277257
533601.6905142857,595764.636715764
533601.6905142857,595764.636715764
533601.6905142857,524512.2277411696
533601.6905142857,521472.32896923716
533601.6905142857,524512.2277411696
593924.70995,680731.9378279941
593924.70995,669588.7553114024
653301.9334999999,750806.5936324815
653301.9334999999,662248.0483416677
653301.9334999999,629231.6715195375
653301.9334999999,725592.0365644067
725710.593955,1086816.9418122699
725710.593955,793231.5624522854
725710.593955,1089525.701226043
725710.593955,802783.801788988
725710.593955,804039.6312332554
725710.593955,1209778.420947967
725710.593955,1052818.7299461458
725710.593955,774042.7918713837
725710.593955,1052818.7299461458
725710.593955,759484.4182138786
763657.2787499999,645327.9756457384
763657.2787499999,649656.8341940679
763657.2787499999,1069098.8813237636
585246.2520357143,649273.8524490241
585246.2520357143,648010.2083361542
585246.2520357143,971174.3355294776
585246.2520357143,967510.0800265869
585246.2520357143,619137.2355153706
585246.2520357143,952785.4630859975
585246.2520357143,623593.6521113814
626580.5742999999,726905.837772139
626580.5742999999,729981.8174805279
626580.5742999999,1076139.1561291583
626580.5742999999,1079213.499352762
626580.5742999999,728602.4375093568
626580.5742999999,1079028.6208882541
626580.5742999999,722036.7128977075
367160.20505,413193.4291788592
367160.20505,328625.52948339045
2708812.3954,2481980.942390308
2708812.3954,3015322.379053211
455531.9162499999,647838.8868220748
455531.9162499999,425988.60483243095
347930.6755,247915.33049597748
347930.6755,257983.04156173172
965566.9209333332,1382262.5116690001
965566.9209333332,983940.073008196
965566.9209333332,1003751.3897438468
965566.9209333332,1414889.8733143585
965566.9209333332,1005531.267312648
965566.9209333332,1343523.3640149897
965566.9209333332,935290.8543747556
965566.9209333332,935290.8543747556
965566.9209333332,1412789.3129569234
518949.7977999999,851531.6099369857
518949.7977999999,850593.3450641232
518949.7977999999,700380.8950554843
1134424.5886,1047761.4504772255
1134424.5886,1433615.0046681399
582598.8177,664785.3537488579
582598.8177,674119.4577607759
522877.0825125,508815.15345300594
522877.0825125,508815.15345300594
522877.0825125,526231.9853313037
522877.0825125,506049.16799353994
189509.62119999997,167103.21026867052
189509.62119999997,126539.56050200842
787943.3569499999,718265.5577214175
787943.3569499999,719867.309108592
787943.3569499999,727643.3178146157
787943.3569499999,732155.1785028435
787943.3569499999,727364.5670597943
787943.3569499999,1119372.6413222589
787943.3569499999,1141762.4160568335
543422.5115499999,660563.4817640673
543422.5115499999,632030.9955156477
2578961.8855000003,2990048.2128480584
2578961.8855000003,2499450.5372501174
794796.4334999999,852254.1984841179
794796.4334999999,1010894.798451076
372525.59545,308803.9448650099
372525.59545,437214.74146372476
580804.5325,669025.0449913808
580804.5325,647227.3034132661
788492.6331568182,742825.204970256
788492.6331568182,1138371.0390236445
788492.6331568182,1139030.3281527846
788492.6331568182,1138994.5821348126
788492.6331568182,1138720.334774723
788492.6331568182,732886.6508914747
788492.6331568182,688156.6392437269
788492.6331568182,688156.6392437269
788492.6331568182,688156.6392437269
788492.6331568182,1101048.6145563512
788492.6331568182,1160211.5514619835
850816.51025,1226490.0312162759
850816.51025,863314.8620025895
956106.405415,934573.0656388561
956106.405415,926683.540895541
956106.405415,924944.8662789904
956106.405415,924498.4060098765
956106.405415,927194.559155296
956106.405415,890680.5073287728
956106.405415,888676.9065760581
956106.405415,891961.730169397
956106.405415,891961.730169397
956106.405415,905573.7918264038
759850.3922000001,781147.4172843529
759850.3922000001,805422.3784792249
667831.2442499999,688059.0261408415
667831.2442499999,688860.0320546069
667831.2442499999,699567.6661242779
667831.2442499999,688570.0444005964
667831.2442499999,718683.6521225921
304141.3286,343241.6129892555
304141.3286,300288.59343156894
304141.3286,267267.8979737627
304141.3286,258634.5382409488
338766.59809999994,392307.02837977203
338766.59809999994,395014.51359975256
820074.1419749999,688658.8820541813
820074.1419749999,691713.8916796781
696520.8982999999,718170.09653519
696520.8982999999,702959.234043515
696520.8982999999,704195.7232946658
696520.8982999999,731769.8329466659
696520.8982999999,718170.09653519
696520.8982999999,717244.2486254075
594610.97215,630403.5019961393
594610.97215,691674.8498388876
685890.47185,1171597.2036790508
685890.47185,1155494.906553722
685890.47185,762411.0926434295
685890.47185,749197.2865566276
685890.47185,747595.3196043819
685890.47185,1185833.2883619147
475494.5127,427187.8002881986
645241.703975,649597.9237248921
645241.703975,692088.9146043209
342661.1306,335068.5538895949
342661.1306,319928.8649021792
2272810.8123,2735155.861275209
2272810.8123,2311965.794803052
548984.38805,628396.4364799047
548984.38805,776462.9235866859
537067.564975,626866.1160158287
537067.564975,728200.9646843799
325736.36195000005,448454.6184200774
325736.36195000005,442607.01238396217
325736.36195000005,369234.66197985946
595419.20185,629678.9294867124
595419.20185,652000.0320058648
852150.1884999998,845412.4236225693
852150.1884999998,1108046.5844771448
475762.61068,582952.1578176204
475762.61068,612204.4280854776
475762.61068,435855.3672526211
475762.61068,435855.3672526211
475762.61068,408977.50532483985
1105094.2969,1282876.2993893288
1023974.8693727272,957245.2353473075
1023974.8693727272,1334628.2774967868
1023974.8693727272,971251.666470217
1023974.8693727272,957829.5865558602
1023974.8693727272,1372430.852909386
1023974.8693727272,972107.6653274293
1023974.8693727272,927999.1047927674
1023974.8693727272,925317.5513696595
1023974.8693727272,929692.1529196538
1023974.8693727272,919502.830013669
1023974.8693727272,909848.5041473428
510926.89685,810461.2388442951
510926.89685,682257.8925455626
510926.89685,741969.7302518099
286669.86640000006,274944.1583188331
286669.86640000006,331264.5393871404
286669.86640000006,262939.6970469113
401851.30035,444168.82145180897
401851.30035,444168.82145180897
401851.30035,579986.2177694989
633816.7915500001,713011.9151652695
633816.7915500001,712803.2187688726
633816.7915500001,1058959.859828839
633816.7915500001,728598.1283218312
633816.7915500001,731173.2839765812
633816.7915500001,715021.899532763
633816.7915500001,1059191.7276809313
633816.7915500001,729979.537991089
633816.7915500001,688966.1365746679
633816.7915500001,1017435.7059705451
633816.7915500001,674129.2152569297
633816.7915500001,688966.1365746679
860531.5058181818,1165812.9144177565
860531.5058181818,750371.3974752647
860531.5058181818,1163121.327118862
860531.5058181818,756259.8005277428
860531.5058181818,1166195.6703424656
860531.5058181818,1165812.9144177565
860531.5058181818,1155040.951828878
860531.5058181818,713472.559699258
860531.5058181818,710136.3683493104
860531.5058181818,710596.8475488661
860531.5058181818,751971.0223992183
265724.7585,186017.03748117835
225267.6695,149117.89667055185
225267.6695,258295.38292810164
225267.6695,140350.8814820808
1055214.293975,908886.5327478275
1055214.293975,1300455.1834646533
1055214.293975,1303226.8826673613
1055214.293975,908061.363558723
1055214.293975,1304071.0615900229
1055214.293975,908886.5327478275
1055214.293975,891463.8707439834
1055214.293975,891418.9980970661
502215.03197499993,620286.4772227246
502215.03197499993,671137.4939635039
284967.61475,252013.06348331633
284967.61475,357840.8906859636
862035.12913125,1132338.8601545244
862035.12913125,725263.179602766
862035.12913125,702501.0979026728
862035.12913125,1132962.4032656923
862035.12913125,714587.2314079364
862035.12913125,718275.9865879046
862035.12913125,1132962.4032656923
862035.12913125,717731.946799811
515850.815125,503157.03096998134
515850.815125,449152.2082718457
532182.9150200001,562101.4592480292
532182.9150200001,562612.4775077841
532182.9150200001,532989.44449146
532182.9150200001,510415.7183664326
532182.9150200001,511155.649948175
669578.4874,654449.3782987435
669578.4874,654449.3782987435
669578.4874,645513.0524124698
669578.4874,642681.243412148
669578.4874,1065898.963638607
669578.4874,598486.1530290657
669578.4874,1035834.4374170832
402808.5919,474333.18083980423
519207.48259999993,606841.9020593606
519207.48259999993,500884.59208257834
519207.48259999993,520607.55077898
519207.48259999993,608264.2690722663
519207.48259999993,487115.5866911429
817552.1495,1196256.0711088397
817552.1495,1196474.866439144
817552.1495,876266.9502660169
817552.1495,890321.3713041006
817552.1495,850455.4964734274
817552.1495,861658.0010821689
817552.1495,1179768.762404691
817552.1495,857850.7808854412
478387.5197875,478428.6775842217
478387.5197875,532408.6712106771
478387.5197875,453376.52945678425
478387.5197875,601066.7721934172
880575.3727730769,1186674.4325966218
880575.3727730769,1183638.1554896364
880575.3727730769,788946.9004804259
880575.3727730769,1183638.1554896364
880575.3727730769,774274.0187469389
880575.3727730769,1176439.1566190713
880575.3727730769,782033.7181125348
880575.3727730769,732908.9636156774
880575.3727730769,737530.9500660482
880575.3727730769,737530.9500660482
880575.3727730769,737155.1134567226
880575.3727730769,738211.8661708615
880575.3727730769,773681.9625444906
673902.8340500001,1065539.104798546
673902.8340500001,673306.4792163109
418689.64450000005,446324.6845321191
418689.64450000005,393684.52636762144
361844.78624999995,262732.72446706984
361844.78624999995,381054.99885853834
632164.9051000001,857023.6628637308
632164.9051000001,825260.7574192167
750326.8876999998,841198.2480082188
750326.8876999998,904296.5041607122
484527.6604,654955.4948923908
484527.6604,822210.8336805814
484527.6604,606858.3509543116
484527.6604,783745.600350095
670063.1862,785003.4572638903
670063.1862,668434.6094800585
670063.1862,760924.4569957475
502151.38849999994,593454.6254575932
502151.38849999994,623701.3126285481
345703.32924999995,392057.3246901639
345703.32924999995,374221.20768407197
345703.32924999995,367459.37664317107
669339.8599500001,666707.0348905178
669339.8599500001,710408.0991059779
723520.3152249999,613346.5629296795
723520.3152249999,653454.6464385416
421817.72300000006,432061.29382077977
421817.72300000006,436381.78162160487
811637.2595624999,865325.0185534825
811637.2595624999,1124972.1690977546
811637.2595624999,866665.8331786286
811637.2595624999,1124972.1690977546
811637.2595624999,835388.4280109865
811637.2595624999,835388.4280109865
811637.2595624999,834364.4664188117
811637.2595624999,815172.8080565031
811637.2595624999,1093055.5121598614
811637.2595624999,807384.7344416355
811637.2595624999,819678.3806623016
811637.2595624999,814491.8919516897
816197.1887428571,738562.4449594475
816197.1887428571,1149579.7751477691
816197.1887428571,1145884.2089116436
816197.1887428571,733975.5238049179
816197.1887428571,1146507.7520228117
816197.1887428571,727845.4065739665
816197.1887428571,729312.4890345044
240422.54325,203393.83759928914
240422.54325,262915.409505468
240422.54325,291397.08132779144
318893.0672,284901.32552307536
318893.0672,284547.91785050754
440289.3898999999,427236.6554477535
440289.3898999999,487850.02839036036
204510.35807499997,178303.9913617652
204510.35807499997,236891.65788217454
301444.2027,353665.8479601107
301444.2027,350276.05127538077
301444.2027,337067.95426753804
301444.2027,287012.8200083054
232594.810225,237791.47141393175
232594.810225,170790.30235439003
759895.606225,653995.0628048074
759895.606225,669090.476483034
861096.3227,769799.654523405
861096.3227,772273.5888789883
742078.7523999999,807597.2961784775
742078.7523999999,818466.0056041924
1013236.0384,821120.7291286536
1013236.0384,800621.1155155805
255004.86647499996,268363.6040342133
255004.86647499996,212948.79641692073
864916.3487999999,737534.2997782305
864916.3487999999,733114.6764062991
864916.3487999999,736875.0106490904
864916.3487999999,742324.9112212796
864916.3487999999,737534.2997782305
864916.3487999999,730986.6075966124
864916.3487999999,1143705.1056229621
864916.3487999999,718337.8540392946
567207.3021999999,933203.8276497531
567207.3021999999,602074.8851081125
567207.3021999999,948705.468538732
567207.3021999999,628589.8522302945
567207.3021999999,581118.9249718491
564028.4635000001,552093.2148832271
564028.4635000001,644379.6203010103
564028.4635000001,675536.6206097554
442287.7901875,425166.3695372953
442287.7901875,425401.2622580399
442287.7901875,409318.27233761153
442287.7901875,359621.5778237023
881804.5268750001,1046895.8445070779
881804.5268750001,915458.1566468074
881804.5268750001,1043821.5012834743
881804.5268750001,1044512.7212590205
881804.5268750001,1034438.9246295437
881804.5268750001,890018.0896118458
1199219.5803318182,1062771.5226813252
1199219.5803318182,1081578.8775964584
1199219.5803318182,1067562.1341243742
1199219.5803318182,1081858.5160104122
1199219.5803318182,1093631.937450308
1199219.5803318182,1498662.7438434847
1199219.5803318182,1050622.4957727736
1199219.5803318182,1042409.2694018332
1199219.5803318182,1048657.642383806
1199219.5803318182,1050622.4957727736
1199219.5803318182,1059877.515746917
367240.69055,395409.96630728757
367240.69055,287269.0301409346
367240.69055,290692.2618052147
2367145.1524499995,2242118.7789492905
2367145.1524499995,2743476.51333081
430854.94875,500395.452418015
430854.94875,604070.6312339252
430854.94875,606926.1791272248
430854.94875,499505.5291483671
430854.94875,497161.00394971063
430854.94875,603358.1166026989
430854.94875,609563.2010977005
430854.94875,481286.09406686516
367696.98635,294236.2046454833
367696.98635,374502.3385568945
521664.5783874999,652787.0338102247
521664.5783874999,659288.9743003445
521664.5783874999,569974.8829123068
521664.5783874999,649093.68113812
645437.7574749999,779947.6091048568
645437.7574749999,708803.8804261883
600759.74225,689999.0171976838
600759.74225,738547.9650269913
600759.74225,747363.2769030407
600759.74225,902242.3769579097
1273709.0079,1056433.5241273518
1273709.0079,1048968.160637082
510362.21395,659830.9940706769
510362.21395,621636.1771189832
494324.29375,609590.6154897189
494324.29375,455757.2317148497
589300.2488499999,627227.9898547683
589300.2488499999,657349.6682855642
589300.2488499999,625520.5711813549
589300.2488499999,956741.4651941252
589300.2488499999,655465.8294668519
589300.2488499999,641628.6215338672
589300.2488499999,956522.6698638209
589300.2488499999,644196.0953560403
573888.50425,582540.2068526446
573888.50425,566697.1516008233
786581.6709571428,1107146.3353608167
786581.6709571428,828417.3830029404
786581.6709571428,1220431.0372176217
786581.6709571428,1111955.6631873162
786581.6709571428,1217386.895720109
786581.6709571428,1107146.3353608167
786581.6709571428,797699.4156275649
543657.0776,570913.9141642989
543657.0776,596146.3018005622
375557.3169499999,320725.94896635856
375557.3169499999,369323.41025120334
375557.3169499999,380754.1057492477
587811.792425,544369.2833604517
587811.792425,520506.0388904528
251188.45675,253945.04892596067
251188.45675,185454.94478053326
251188.45675,172795.68849267683
316226.03459999996,301312.19973038224
316226.03459999996,293515.9604955709
487003.715725,453966.930353476
487003.715725,492781.8132460845
1245405.299125,1151282.7252221077
1245405.299125,1562687.7175772926
1245405.299125,1156352.9750791104
1245405.299125,1156352.9750791104
1245405.299125,1562651.9715593206
1245405.299125,1155503.7550154426
1245405.299125,1156697.7792756404
1245405.299125,1534604.7339406097
1245405.299125,1125507.38794382
1245405.299125,1116307.2302259426
1245405.299125,1126188.3040486334
1245405.299125,1125507.38794382
493175.412025,564201.8159735134
493175.412025,837942.6352086685
534454.6153999999,624559.1853874166
534454.6153999999,641018.4139346633
330330.9762999999,381829.2241732164
330330.9762999999,454916.880233307
330330.9762999999,341263.62810475164
399520.9533,410546.1639403318
399520.9533,509920.4163652848
399520.9533,361968.06681472564
393538.70219999994,420934.6489302366
393538.70219999994,292380.37782522204
418351.4623,510385.90568032034
418351.4623,614596.9412331255
722900.3396699999,855580.5920908803
722900.3396699999,923936.1362422968
722900.3396699999,923936.1362422968
722900.3396699999,855443.7386189934
722900.3396699999,894864.7469950168
325178.37327499996,267774.0339854208
325178.37327499996,307431.85055629915
333422.5992,464513.7208969553
333422.5992,478000.3107955926
1307685.41245,1193916.599523911
1307685.41245,1222375.6917980886
255931.38847499996,257735.68929520785
255931.38847499996,222359.29840338277
343168.96150000003,472124.9564888319
343168.96150000003,331258.8424855801
447817.68725,404065.42296491255
447817.68725,607018.0499881357
2326332.06955,2496085.277046628
2326332.06955,3005972.183202698
670515.8058,671124.314593463
670515.8058,643198.7051728008
670515.8058,674836.9979224192
670515.8058,762626.2825262918
2325265.7953000003,2294700.6347887022
2325265.7953000003,2360524.7620221935
335634.8069,411135.00081572257
335634.8069,340949.7710405137
429740.5115749999,471303.8677570545
429740.5115749999,401865.2536798086
311592.59935,332128.9252302083
311592.59935,259250.54217707703
311592.59935,311433.06704954477
402337.54094999994,423557.0329436336
402337.54094999994,592235.8492636252
2390027.926081818,2834793.1041330383
2390027.926081818,2342419.7715182994
2390027.926081818,2824114.6404383914
2390027.926081818,2834793.1041330383
2390027.926081818,2826863.283705109
2390027.926081818,2826196.9108303087
2390027.926081818,2347210.3829613486
2390027.926081818,2826886.3396410993
2390027.926081818,2835346.917064753
2390027.926081818,2353484.307180981
2390027.926081818,2377692.8926143777
555826.381525,619414.0736597797
555826.381525,1071886.4842291125
226908.505325,174389.9368959313
226908.505325,123761.12790266774
327148.2149,402674.9709655419
327148.2149,287171.7597182839
373032.579225,346016.62213849445
373032.579225,398536.4318623236
373032.579225,328182.62537316704
373032.579225,375485.48186886724
373032.579225,359788.86674693634
373032.579225,358920.09052523423
439180.92204999994,409560.5652734254
566025.8261000001,997683.5594943266
566025.8261000001,1014867.9643843075
179389.46515,168547.03238561196
179389.46515,176330.3514046669
179389.46515,130750.93112673354
444524.81135,502964.1406278418
444524.81135,502964.1406278418
444524.81135,427320.36551598273
444524.81135,448413.9211907084
574700.7074000001,689909.7830204074
574700.7074000001,787144.0621642254
574700.7074000001,689875.3289713899
574700.7074000001,771258.9629508883
574700.7074000001,709286.4908630797
740832.5792928571,701344.5927679517
740832.5792928571,703569.9139238468
740832.5792928571,1110409.9597939868
740832.5792928571,1110445.705811959
740832.5792928571,710995.1154002699
740832.5792928571,1122212.69152844
740832.5792928571,1111915.8878191656
570015.5083,512216.53554460104
570015.5083,598647.3770961307
554191.21615,642919.1501490104
554191.21615,643279.3214225817
554191.21615,529853.4466428019
313436.64385,368853.43471891095
313436.64385,375374.7696325731
313436.64385,379922.70454377396
340604.0942,298140.85495671007
340604.0942,316419.7512079848
533881.152775,683076.8694209183
533881.152775,635816.1721541025
533881.152775,841850.0849914008
533881.152775,642890.5112417863
627000.6529699999,650087.5209408505
627000.6529699999,681343.1136910111
627000.6529699999,678886.0180205101
627000.6529699999,678374.9997607551
627000.6529699999,652973.8406681058
601106.19716875,970884.0712327808
601106.19716875,641638.8380016475
601106.19716875,974812.7819251302
601106.19716875,651053.4162886799
601106.19716875,657491.5314257673
601106.19716875,657676.4098902751
601106.19716875,639339.9531997412
601106.19716875,661797.9880531251
312573.666825,255985.44337266166
312573.666825,217616.18938428554
312573.666825,217773.78689352615
312573.666825,243357.67204399483
754541.3663499998,820906.3068600658
258131.8139,363352.69838662597
258131.8139,221427.90103743423
258131.8139,255236.09112294903
2169215.028525,2671714.5155888684
2169215.028525,2270222.77525118
499053.9939,517531.5610268036
388730.244475,347826.91161113215
388730.244475,439017.34532874054
766443.5785650001,1154135.228102312
766443.5785650001,786927.4379907979
766443.5785650001,1151025.617562042
766443.5785650001,1149850.6059790314
766443.5785650001,789330.9037498854
766443.5785650001,1151025.617562042
766443.5785650001,748985.1948573297
766443.5785650001,749666.1109621432
766443.5785650001,726317.6290054345
766443.5785650001,1155382.6290084114
716554.91225,740288.4694236479
716554.91225,1073291.6182823284
610895.7243,598394.563010612
610895.7243,587496.0610173428
324069.73860000004,410673.4698898588
324069.73860000004,402549.7848851545
324069.73860000004,300625.704290662
445723.4040499999,401747.3654460836
445723.4040499999,591894.9162321135
287952.36765,304254.86587876757
287952.36765,245542.32960697997
287952.36765,261680.49723385187
323566.81412500003,292958.8143439078
323566.81412500003,269031.3867750312
953902.6135636364,1287055.1174229565
953902.6135636364,921833.3157125206
953902.6135636364,1324421.728226539
953902.6135636364,911658.0072655377
953902.6135636364,911632.7957770515
953902.6135636364,915602.3542037067
953902.6135636364,894807.8328308826
953902.6135636364,874868.8753252539
953902.6135636364,875549.7914300673
953902.6135636364,869054.1539692634
953902.6135636364,898361.9286007939
378858.4479,347101.54807404196
378858.4479,340017.5961098429
995899.71875,974980.6461114155
995899.71875,1452696.9605810912
650873.9868,638434.6181775358
650873.9868,643899.7270040255
426821.694525,355408.30112285435
426821.694525,413790.52982878697
392326.3624,556407.8292216884
392326.3624,560221.6653988176
392326.3624,668648.4092920785
538286.1511499999,1018162.1860542502
538286.1511499999,942485.9388664179
440112.86584999994,414774.0583376491
440112.86584999994,567986.2474826508
534193.7269499999,560681.0789885976
534193.7269499999,588317.9607864891
604225.8617499999,1005026.2485364572
604225.8617499999,680084.9155097028
604225.8617499999,673895.2381694255
604225.8617499999,683160.8952180916
604225.8617499999,679573.8972499478
604225.8617499999,651155.0819512496
460062.9997,554913.5464798621
460062.9997,668870.8578723014
502809.04279999994,632335.213341917
502809.04279999994,471042.1635486438
502809.04279999994,451214.7557140067
502809.04279999994,637282.5038874327
614561.34959,695594.4470258597
614561.34959,813655.7040542136
614561.34959,723710.0042673467
614561.34959,722668.1419223355
614561.34959,799993.6460255773
422514.7031,510003.4987314627
422514.7031,409284.7613772317
308074.33940000006,327324.5937348803
308074.33940000006,325004.51810088527
308074.33940000006,319654.80563581083
787596.7370249998,746978.9177667211
787596.7370249998,1148631.9620693268
787596.7370249998,747604.5760639801
787596.7370249998,740890.3452944824
787596.7370249998,736099.7338514333
787596.7370249998,752395.1875070293
787596.7370249998,1148667.708087299
787596.7370249998,1167713.6402560042
612225.7314499998,595206.9262062147
612225.7314499998,588161.3390647457
1294366.21865,1188161.5781587414
1294366.21865,1184450.3275621154
648735.99305,700867.400526228
648735.99305,706384.3838162615
596082.75515,740267.2962991971
596082.75515,819146.668062306
170887.81005,100691.51598750427
170887.81005,98760.39940033609
2342468.9777999995,2367994.631321572
2342468.9777999995,2358497.240310682
413358.40634999995,536160.309466542
413358.40634999995,541301.1283791177
413358.40634999995,438114.56301269017
205609.75405,261369.8664920173
205609.75405,154869.52012121113
579371.7246999999,684066.5630177304
579371.7246999999,774964.2767804796
579371.7246999999,679843.4755504917
579371.7246999999,630270.3804611105
907840.2355,890361.3894789201
907840.2355,899954.7440079253
907840.2355,1264962.8418172444
907840.2355,890361.3894789201
907840.2355,890663.7113422782
907840.2355,1239561.4651030013
606300.2564874999,869070.1157042028
606300.2564874999,718934.5954027278
606300.2564874999,768713.6690574402
606300.2564874999,743513.7655697329
183054.60105625,147040.37178346887
183054.60105625,248328.53423584666
183054.60105625,179467.52063602454
183054.60105625,214721.39531225228
886411.1145500002,834915.2544296973
886411.1145500002,804584.1837815454
230412.504275,178782.76763454615
230412.504275,216594.07257413573
1364185.170584375,1338929.651317994
1364185.170584375,1782333.8056871719
1364185.170584375,1336608.9486114183
1364185.170584375,1340514.8783573
1364185.170584375,1768305.5133272875
1364185.170584375,1341509.981354501
1364185.170584375,1341509.981354501
1364185.170584375,1334563.6575655784
1364185.170584375,1781255.5206781689
1364185.170584375,1735233.3392209103
1364185.170584375,1735233.3392209103
1364185.170584375,1735233.3392209103
1364185.170584375,1281430.47665778
1364185.170584375,1290698.2075063554
1364185.170584375,1292435.34058723
1364185.170584375,1735233.3392209103
428575.18865,470333.62407218036
428575.18865,469205.713464312
428575.18865,402578.3572191567
428575.18865,407776.3569410086
570447.53465,812794.4476570486
570447.53465,621583.355355585
570447.53465,621072.33709583
570447.53465,777947.8336522933
661926.0719,579163.6636864282
661926.0719,663165.5408462199
661926.0719,596508.3931382645
661926.0719,603093.9361530534
661926.0719,635169.2511911355
304603.12879999995,381699.9832209898
304603.12879999995,369020.4964475373
304603.12879999995,483539.971034655
667518.9471,720310.7820977715
667518.9471,720343.0397492275
667518.9471,1166810.039813877
469437.84915,484724.7959353699
469437.84915,596413.1313669179
469437.84915,565985.4769412179
607030.1264000001,630281.4958278146
607030.1264000001,649139.0492730469
541673.809325,533438.2795463222
541673.809325,612539.8813739102
584715.4924999999,693217.3066869068
584715.4924999999,588641.2732618195
407109.0989,539142.8618708735
407109.0989,519918.4199306085
364396.46775,361676.8050844709
364396.46775,345273.3771562279
477985.187775,589410.1644999827
477985.187775,673721.2346520007
2314453.736425,2211549.5284053916
2314453.736425,2259543.8664047047
359461.13035000005,546966.4011550727
359461.13035000005,378214.6088550356
886883.7044500001,1176692.3347247113
886883.7044500001,1167878.2253967917
886883.7044500001,957094.0357139367
886883.7044500001,927749.3516664223
886883.7044500001,1146945.1524715212
886883.7044500001,1146945.1524715212
886883.7044500001,1147679.803022162
886883.7044500001,946443.6656870933
494333.076825,583675.8334218444
494333.076825,621079.036292901
962557.7685,812590.7754518363
607874.095925,686400.6622164638
607874.095925,904403.284956287
182943.47355,212141.33486853167
182943.47355,134556.96597088815
182943.47355,158167.94390364032
453188.463825,595309.7701668578
453188.463825,601335.9822431693
453188.463825,573101.488966547
453188.463825,426488.25594956527
249612.32174999997,336637.06258116127
249612.32174999997,323506.7579907067
422083.231325,427088.1932923719
422083.231325,465634.004035629
467611.4858,407991.387143446
467611.4858,414155.4132622322
585376.311425,661696.5377833107
585376.311425,736631.3349433406
385401.571525,341860.35815407423
385401.571525,417147.3220170776
813401.43655,754058.1896529627
813401.43655,757813.1896449223
541142.90335,472186.8893139828
541142.90335,649234.3183662978
854886.279009091,764035.6501144872
854886.279009091,1174837.1457601078
854886.279009091,774950.2227411822
854886.279009091,1162058.3736156335
854886.279009091,773383.9346074166
854886.279009091,768008.971955815
854886.279009091,759383.0883493869
854886.279009091,722234.3328547671
854886.279009091,1135121.4757151848
854886.279009091,1112739.5648575847
854886.279009091,723375.7281591363
567419.9047,663522.2299835326
625655.9907,572869.265851619
625655.9907,531275.8597649968
543927.0804,667451.4271153763
543927.0804,612738.3779425494
222650.54655000003,203960.97886301094
222650.54655000003,206310.30448156968
222650.54655000003,191418.06143959257
417212.5115,375883.2930863023
417212.5115,537210.1758452363
417212.5115,374981.7244079219
417212.5115,523591.5211837366
412095.002025,440286.3800430851
412095.002025,386828.116048194
412095.002025,518379.76941319916
412095.002025,559018.3297661238
883187.0828000001,995514.3808479381
405046.62759999995,412005.51430388994
405046.62759999995,304683.50426630414
405046.62759999995,296962.3620873534
723965.5430250001,737410.6467004853
723965.5430250001,747771.1673088251
541245.9153700001,662442.8110139198
541245.9153700001,554530.3923344738
541245.9153700001,662661.6063442241
541245.9153700001,573349.1005857767
541245.9153700001,658916.5786180828
332808.44589999993,312906.31747396453
332808.44589999993,301886.3167891336
468885.0854,755320.4831788889
468885.0854,559406.2034753906
468885.0854,574001.1498350251
468885.0854,543742.6055843451
468885.0854,695861.5452893467
468885.0854,818018.4036617128
733254.2982000001,713494.1991969434
733254.2982000001,715060.4873307091
733254.2982000001,710017.6951850202
733254.2982000001,710017.6951850202
733254.2982000001,705922.2420718286
733254.2982000001,660868.9097641729
733254.2982000001,663391.0901799129
733254.2982000001,667319.2896192599
733254.2982000001,1097384.3865930843
1108815.9962,1417385.2841827674
1108815.9962,1041061.6781687464
1313108.761,1689036.659134937
1313108.761,1677139.3068299275
1313108.761,1220860.6244906916
288181.15219,339727.50783827284
288181.15219,278655.43634753686
288181.15219,339305.9015547224
288181.15219,287176.4935499268
288181.15219,247467.29342697072
1499123.7612342106,1696950.4819227832
1499123.7612342106,1708580.3048865204
1499123.7612342106,1252595.137566706
1499123.7612342106,1250968.7638371729
1499123.7612342106,1247687.0980496935
1499123.7612342106,1248545.417005552
1499123.7612342106,1247687.0980496935
1499123.7612342106,1248140.0493522333
1499123.7612342106,1246943.2412802633
1499123.7612342106,1708616.0509044924
1499123.7612342106,1671727.7082674014
1499123.7612342106,1200783.4983353594
1499123.7612342106,1671727.7082674014
1499123.7612342106,1202520.6314162342
1499123.7612342106,1202520.6314162342
1499123.7612342106,1211886.1491714083
1499123.7612342106,1214197.6053156643
1499123.7612342106,1671727.7082674014
1499123.7612342106,1208095.6965809204
266218.6593,233885.7695920004
266218.6593,233316.59902931424
584877.0558,674143.9081810034
584877.0558,672511.3592155203
584877.0558,554853.9087642223
590106.4308,576153.708440222
590106.4308,636774.4090707197
590106.4308,630238.1844133585
590106.4308,641820.2678893573
590106.4308,641820.2678893573
590106.4308,548058.5326040214
305754.57840000006,339525.2932766591
305754.57840000006,329050.52243056864
538106.22,768560.550136084
538106.22,766007.6462636802
538106.22,652801.7627716081
538106.22,614604.2609429685
538106.22,608028.3192727956
538106.22,799176.8961449357
446979.692025,558690.4605075972
446979.692025,553552.7583007549
446979.692025,729214.141387962
446979.692025,548667.6198613707
606011.6457,683020.5878605293
606011.6457,690059.7817255796
592776.58965,821755.1825625073
592776.58965,760937.4521740715
317879.88455,208378.7709667493
739787.345825,830953.4611713926
739787.345825,954670.6606435643
370820.89805,358974.58132144576
370820.89805,292449.0741995775
370820.89805,313841.04255435144
867281.4920249999,867930.3189083638
689926.6479499999,567886.1161900042
524007.2144749999,599891.0804784412
524007.2144749999,597864.0871223243
524007.2144749999,512422.9367721842
524007.2144749999,523944.95346323494
566967.888425,726782.4433368122
566967.888425,815094.0410248992
331134.6289,298870.89524850715
331134.6289,332880.04543272936
533241.4774999999,605138.4724427402
533241.4774999999,1031884.0413418324
548681.8944999999,677235.7780488341
548681.8944999999,852183.401753087
557736.6364499999,570539.4751430214
557736.6364499999,599420.7788096614
372487.59114999993,307960.76611642324
372487.59114999993,307960.76611642324
372487.59114999993,294602.24328079185
492048.34145000007,792913.8289699398
492048.34145000007,595433.446618581
501135.3462,622598.7819438847
501135.3462,463832.9081225159
501135.3462,451591.6914860187
690565.4582499999,747529.6411777145
690565.4582499999,688028.9859269345
690565.4582499999,775011.931666792
690565.4582499999,684885.2831040372
713600.1160999999,771561.6281528581
713600.1160999999,771561.6281528581
713600.1160999999,769852.1915624116
713600.1160999999,771050.6098931031
713600.1160999999,771888.9953687949
713600.1160999999,744016.0561589159
722169.9878642857,700096.5905023452
722169.9878642857,696366.3119711855
722169.9878642857,704516.3461933471
722169.9878642857,715940.8576102486
722169.9878642857,717175.0713396459
722169.9878642857,704887.2019453944
722169.9878642857,687627.6127531498
417973.344375,494049.9959861443
417973.344375,396411.2920560659
636901.8178500001,1201437.6705365272
636901.8178500001,742570.0253160553
636901.8178500001,743810.0565399585
636901.8178500001,1125361.812076249
636901.8178500001,732977.2827520235
636901.8178500001,713488.6614487651
258753.9381499999,296270.55281235074
258753.9381499999,290702.7652269621
385456.6740499999,386318.5756829457
385456.6740499999,386318.5756829457
385456.6740499999,387071.2015360606
385456.6740499999,373626.9612321282
552039.110675,571701.8952456416
552039.110675,712578.0153664555
392944.5033,343362.10963386524
392944.5033,475404.6957276312
392944.5033,410354.2437020972
709286.9859999998,884498.9716115128
709286.9859999998,813426.7162612602
709286.9859999998,1007874.7445220344
709286.9859999998,813426.7162612602
709286.9859999998,807325.9261619498
645346.6672140625,1085485.4146650953
645346.6672140625,1085946.1934655493
645346.6672140625,1082411.0714414916
645346.6672140625,760106.8141276357
645346.6672140625,1183177.2917697881
645346.6672140625,734964.2715295188
645346.6672140625,738158.5335086319
645346.6672140625,748130.6393443695
645346.6672140625,720648.9419565258
645346.6672140625,1044375.3896575749
645346.6672140625,733933.9110393099
645346.6672140625,712125.969052048
645346.6672140625,1044375.3896575749
645346.6672140625,696956.1847616767
645346.6672140625,719968.0258517123
645346.6672140625,754122.6951432861
777014.3054500001,727403.0901823604
777014.3054500001,980454.669784619
245646.74907499997,207533.10690483835
245646.74907499997,157224.94864800887
765130.5921,1059735.9913512114
765130.5921,1106727.0166016503
747790.0254,1006045.3231124771
747790.0254,773404.4763816735
747790.0254,773404.4763816735
747790.0254,822698.1162894291
747790.0254,759450.2051552901
747790.0254,800586.1052908492
556898.628,1001175.4258208266
556898.628,680705.0635235062
631261.8682200001,598823.1863819914
631261.8682200001,599654.3151326836
631261.8682200001,598312.1681222364
631261.8682200001,627049.2814705065
631261.8682200001,602783.8509386387
2360593.59075,2679449.998602553
2360593.59075,2235779.6731494707
243404.3093,284014.2598653063
243404.3093,274338.44256738684
243404.3093,246548.33827502275
427169.550025,489031.39047064027
427169.550025,498807.51000317925
427169.550025,591369.7189914576
427169.550025,613367.770141428
235548.38012499997,204613.92294751393
235548.38012499997,293526.8524929297
608968.0633,778424.6981728786
608968.0633,805315.2011116683
608968.0633,673856.3441155661
608968.0633,792545.4216834649
781098.8464625,755479.5488224352
781098.8464625,755212.8939976477
781098.8464625,759209.7901098469
781098.8464625,811678.9905135368
613066.659625,684741.2983040479
613066.659625,700137.9464785331
694104.807625,873176.1182500586
694104.807625,783297.7370551863
694104.807625,783297.7370551863
694104.807625,782255.8747101751
694104.807625,733245.5790884891
694104.807625,770955.0125388992
694104.807625,733245.5790884891
694104.807625,732198.2942058552
808853.4139,1103751.00509806
808853.4139,663555.9154991611
808853.4139,649713.4282084712
848806.5390125,1162256.5222481037
848806.5390125,754129.9160553018
848806.5390125,743317.530793924
848806.5390125,743317.530793924
848806.5390125,759210.170040412
848806.5390125,761787.5854847408
848806.5390125,749339.3046122526
848806.5390125,725329.2603896869
863795.3142999999,817646.8192101773
288846.66870000004,310967.22368231893
288846.66870000004,241718.85215144837
281518.2678,363723.84049263794
281518.2678,360270.3377413559
308982.21439999994,305018.92277535156
308982.21439999994,293124.9215089289
308982.21439999994,456537.3215361817
360301.1859375,394525.8713273601
360301.1859375,348937.7539855623
360301.1859375,348537.2118591295
360301.1859375,312218.7160370179
631970.3400499999,658239.081314038
631970.3400499999,1079381.6394959034
631970.3400499999,655770.8016153121
631970.3400499999,647543.153581362
631970.3400499999,1072646.5094531672
631970.3400499999,621371.5527892563
607768.90515,634373.0007060862
607768.90515,522733.2068522344
607768.90515,546862.1702068798
607768.90515,555952.7936092819
268300.74669999996,197066.08294511872
268300.74669999996,208645.48862192285
626343.14715,1135909.6020743807
626343.14715,1084145.677812947
460336.191875,417593.8760375344
460336.191875,521241.4425033398
460336.191875,521460.237833644
460336.191875,444360.27930315747
460336.191875,393961.6401386146
467102.91815,451128.91376885155
933604.94970625,1308047.126580276
933604.94970625,1306063.5084592886
933604.94970625,1306099.2544772609
933604.94970625,983040.3687958154
933604.94970625,1273016.0423669117
933604.94970625,1264857.190585512
933604.94970625,1300965.490752362
933604.94970625,1339804.9567875238
144622.45312500003,134605.56803317345
144622.45312500003,91121.75840540102
144622.45312500003,90893.54168791045
476950.3337999999,509001.67033093877
476950.3337999999,433637.9974277257
579044.5635500001,518776.7132447944
579044.5635500001,513527.2051110954
213607.6968,151060.19012553972
213607.6968,239965.38895596407
213607.6968,143773.43372968934
666638.6428999999,940338.8550893422
666638.6428999999,755502.5172667215
666638.6428999999,855756.4016722512
587037.9721142858,675587.3546578343
587037.9721142858,1000885.9439632525
587037.9721142858,717520.3804464854
587037.9721142858,718337.0328015428
587037.9721142858,971043.4158210929
587037.9721142858,971043.4158210929
587037.9721142858,709151.7771012665
686164.7456812501,742777.3856988866
686164.7456812501,1133527.4888016372
686164.7456812501,1132352.4772186263
686164.7456812501,1136144.4191759834
686164.7456812501,767901.8780073338
686164.7456812501,708237.0618305549
686164.7456812501,730904.62768245
686164.7456812501,1161140.7839174587
530031.13065,610524.9049112597
530031.13065,657372.4252345879
530031.13065,928267.4071406184
530031.13065,615315.5163543087
530031.13065,882172.7731478878
574477.9888,548282.1108590139
574477.9888,924057.8324439586
354335.0234500001,292399.2120740958
354335.0234500001,292443.02114040364
354335.0234500001,325906.2677878906
303808.1265,329617.36492561636
303808.1265,234677.5526111042
303808.1265,223266.60922508698
260348.3104,234245.98247113137
260348.3104,288613.7729146667
260348.3104,195779.8036574833
996404.4595,1030357.4810486478
996404.4595,993238.1083507215
996404.4595,1418099.8793441923
996404.4595,1415264.153639542
996404.4595,993749.1266104765
996404.4595,948557.9984117104
996404.4595,961053.846585448
996404.4595,1439615.9084916934
531252.177,611351.7754972932
531252.177,602758.8471511744
588890.3325,662065.007001642
588890.3325,665020.7652691036
588890.3325,671072.0345797922
588890.3325,664766.216034556
588890.3325,654832.4757020157
2191905.2877,2291275.937973342
2191905.2877,2271484.6007847553
2191905.2877,2309782.4201206793
1321379.164267857,1734196.3427296309
1321379.164267857,1736808.823267338
1321379.164267857,1290569.9114572876
1321379.164267857,1293904.0581044834
1321379.164267857,1290595.1229457739
1321379.164267857,1296068.1809464695
1321379.164267857,1287849.8025485645
1321379.164267857,1236918.1001678216
1321379.164267857,1250684.7195073934
1321379.164267857,1234892.1982236877
1321379.164267857,1246185.8310163973
1321379.164267857,1671898.601724728
1321379.164267857,1671898.601724728
1321379.164267857,1258311.178303074
569269.75195,588562.1769198839
569269.75195,937932.1912519757
569269.75195,1111074.916610723
659985.0676964285,753124.9213057394
659985.0676964285,749537.9233375955
659985.0676964285,783033.6251386731
659985.0676964285,781203.5253744064
659985.0676964285,749984.3836067095
659985.0676964285,750048.9415973505
659985.0676964285,784812.4366681753
589412.0274499999,716589.9606189097
589412.0274499999,689398.8324756101
589412.0274499999,685261.1415598862
466495.9428500001,532408.6712106771
466495.9428500001,526024.7898990626
466495.9428500001,598393.8578526541
466495.9428500001,472794.25055424694
917423.6229596154,904009.5834444071
917423.6229596154,880304.4107467885
917423.6229596154,885095.0221898376
917423.6229596154,1340442.7921722666
917423.6229596154,908820.9158722195
917423.6229596154,913611.5273152686
917423.6229596154,886358.6663027075
917423.6229596154,906206.563062673
917423.6229596154,876494.5590474427
917423.6229596154,859839.9563211903
917423.6229596154,878204.4744467994
917423.6229596154,859839.9563211903
917423.6229596154,890083.2234283481
642388.9473400001,665229.9530077877
642388.9473400001,663887.8059973405
642388.9473400001,751295.4188712086
642388.9473400001,659204.474858134
642388.9473400001,762388.567592743
363617.19805000006,401040.59135369345
363617.19805000006,470395.2034191444
363617.19805000006,489351.1849430462
897451.9394714285,1454944.9793266025
897451.9394714285,972925.5575419753
897451.9394714285,976099.7260728863
897451.9394714285,1352943.8473075014
897451.9394714285,1352943.8473075014
897451.9394714285,1350108.1216028507
897451.9394714285,996714.2725612979
550507.7744374999,559788.1283811376
550507.7744374999,586926.7503335695
550507.7744374999,563826.3911550819
550507.7744374999,571447.4992807404
818271.8639499999,777836.2423611871
818271.8639499999,766065.1553302336
818271.8639499999,782297.4612078962
621221.11296,690333.3348571552
621221.11296,648542.0506118783
621221.11296,664226.4573968456
621221.11296,677680.0854917362
621221.11296,749260.7620663099
233761.39225,183567.52944991144
233761.39225,332521.02167035226
568721.8026999999,725400.4611232077
568721.8026999999,825544.1722420293
568721.8026999999,711662.0489648139
173318.7665,185219.7230853687
443368.6752,397368.68333498127
408119.3148,354293.67896563676
408119.3148,422214.42605184164
408119.3148,422214.42605184164
408119.3148,341282.9593157257
871774.3359000002,835332.592568215
871774.3359000002,847407.5550597092
217722.281075,211419.4587657586
1220322.845857143,1164797.1203213355
1220322.845857143,1157593.4535981235
1220322.845857143,1159990.00903677
1220322.845857143,1602017.74376853
1220322.845857143,1171479.7431409291
1220322.845857143,1602053.489786502
1220322.845857143,1160465.5720679192
1220322.845857143,1157568.2421096372
1220322.845857143,1559698.8423748366
1220322.845857143,1112851.9337835126
1220322.845857143,1112851.9337835126
1220322.845857143,1103935.467327744
1220322.845857143,1103935.467327744
1220322.845857143,1121809.0317896535
378330.7104,465437.2370888203
378330.7104,320418.1352886807
378330.7104,324278.65803521825
500146.6269,610291.3176095486
500146.6269,617083.5643602604
399461.97542500007,508727.17974789767
399461.97542500007,403559.47057063907
399461.97542500007,391250.3216430311
399461.97542500007,481498.5093234573
376985.9175999999,287611.3298056335
376985.9175999999,287611.3298056335
376985.9175999999,378277.82250729407
957120.2366,1179264.2480840916
552775.8620999999,984220.920079319
552775.8620999999,647213.4763989018
552775.8620999999,650556.3036589785
552775.8620999999,981385.1943746684
552775.8620999999,664051.6869234444
1314898.82055,1200402.3626044942
1314898.82055,1218756.2625956729
191318.44010000004,141770.20298939198
191318.44010000004,183077.23646076932
191318.44010000004,142973.0662628169
803441.7943499999,833369.4010779182
803441.7943499999,809505.5438703799
803441.7943499999,833369.4010779182
803441.7943499999,915598.5682797858
803441.7943499999,816140.5622106232
426343.24944,394424.48066306877
426343.24944,506009.2133156385
426343.24944,412052.30569345655
426343.24944,498804.7729918952
426343.24944,501268.00858605205
552635.51546,629550.2738773813
552635.51546,632370.5500990013
552635.51546,629294.5703906124
552635.51546,753674.556887839
552635.51546,754355.4729926524
669906.310625,1053280.7169579624
669906.310625,701530.0184906157
669906.310625,697166.3277901288
669906.310625,702282.6443437305
669906.310625,1053499.5122882666
669906.310625,669792.7618635928
669906.310625,664011.46875087
669906.310625,663003.0463755999
2742490.12475,3080224.7339416603
2742490.12475,2654783.1743012997
678941.9024499998,608260.0999510548
678941.9024499998,701989.7314732186
960843.9699,1328012.1351787297
960843.9699,932905.8380989822
1316991.5845499998,1312581.9537525994
1316991.5845499998,1312581.9537525994
1316991.5845499998,1309620.1332491064
1316991.5845499998,1313057.5167837488
1316991.5845499998,1312254.667709052
1316991.5845499998,1309620.1332491064
1316991.5845499998,1307791.3423095504
1316991.5845499998,1309915.6649128413
679439.1453300001,806007.9623917597
679439.1453300001,805789.1670614555
679439.1453300001,701403.101692028
679439.1453300001,730464.7922343955
679439.1453300001,819417.6804897834
548856.660525,464384.37762768473
548856.660525,514194.71697346086
487674.5288,434289.3714418883
1438183.3401656249,1239406.6709336177
1438183.3401656249,1240230.094118521
1438183.3401656249,1700670.3496528077
1438183.3401656249,1234986.5313729323
1438183.3401656249,1239777.1428159815
1438183.3401656249,1234986.5313729323
1438183.3401656249,1700149.8128797035
1438183.3401656249,1240230.094118521
1438183.3401656249,1239777.1428159815
1438183.3401656249,1700670.3496528077
1438183.3401656249,1202239.0608568215
1438183.3401656249,1663817.7530336895
1438183.3401656249,1192873.5431016472
1438183.3401656249,1663817.7530336895
1438183.3401656249,1203976.193937696
1438183.3401656249,1665554.8861145645
1265431.0252090911,1617451.8758545485
1265431.0252090911,1172016.518723965
1265431.0252090911,1174030.5070563927
1265431.0252090911,1173280.1628368348
1265431.0252090911,1613497.194195937
1265431.0252090911,1167225.9072809159
1265431.0252090911,1165180.6162350764
1265431.0252090911,1130022.882804939
1265431.0252090911,1569369.6157390059
1265431.0252090911,1115926.1790505478
1265431.0252090911,1603309.265656046
342039.2499,497874.6853175789
342039.2499,366414.46512664825
342039.2499,351785.06096960756
207916.32224999997,187028.90728494077
207916.32224999997,238203.40574865259
835491.107125,878690.6157793894
835491.107125,1303252.506660541
663251.30425,755979.0844301154
663251.30425,756412.6203113641
688715.36036875,759012.8018495108
688715.36036875,782982.6311747669
688715.36036875,1110880.0701121558
688715.36036875,1110695.1916476479
688715.36036875,759210.6793097121
688715.36036875,1108024.5222188563
688715.36036875,784166.1633838234
688715.36036875,1069834.6279692375
688715.36036875,744289.8354327036
688715.36036875,1071571.7610501125
688715.36036875,721277.994342668
688715.36036875,1149993.9112164788
581984.38845,963469.5890339927
581984.38845,728085.2811562448
660613.096,690315.0873929354
513413.499375,628530.191063352
513413.499375,533299.8973317851
513413.499375,523181.16034776357
513413.499375,534866.1854655507
513413.499375,633070.6773326328
513413.499375,518276.4593034117
513413.499375,518276.4593034117
513413.499375,622651.0762883268
557378.4014,532931.689059562
557378.4014,523706.79268853756
557378.4014,515586.9596077256
557378.4014,496430.2484026643
742433.5794499998,661343.3627818172
742433.5794499998,681881.2588185784
742433.5794499998,658947.71607223
227451.85014999995,166949.32289270102
227451.85014999995,299556.90640225215
475161.3523999999,542206.4256194923
475161.3523999999,439855.86001541873
838128.5443000001,808776.2982343892
838128.5443000001,806515.2347249016
447424.176325,459477.4156168775
447424.176325,452640.33240600594
447424.176325,448571.75873584015
447424.176325,427186.0220558545
447424.176325,498076.95659340505
471855.1091499999,530271.8068884276
471855.1091499999,528602.0927700951
471855.1091499999,472326.6280387142
556929.517625,520356.38513001794
567525.3936,765903.1530416633
567525.3936,655660.1862843172
258837.25060000003,301151.6137251001
258837.25060000003,181556.92965080595
406449.45820000005,402763.97124282335
406449.45820000005,422127.9238812431
452334.48915,416027.43502379535
452334.48915,604484.5993292305
651679.42101,771480.7016415665
651679.42101,758859.5579841459
651679.42101,758859.5579841459
651679.42101,759370.5762439009
651679.42101,1108168.967831299
651679.42101,785794.8838868954
651679.42101,784315.2413818166
651679.42101,784395.35328563
651679.42101,721352.478008404
651679.42101,723089.611089279
651679.42101,1070123.2745797273
651679.42101,744364.3190984395
651679.42101,721352.478008404
651679.42101,744364.3190984395
651679.42101,770953.2570582202
232042.9314,175414.24298677908
232042.9314,206879.45938191912
232042.9314,206595.12688627111
750152.412425,734638.7747552756
235830.77802500004,167807.81681248726
235830.77802500004,204341.89902990486
848948.1624125,901060.3331440188
848948.1624125,1196736.4999423097
848948.1624125,902774.8921471694
848948.1624125,901655.0642825178
848948.1624125,906968.5262293536
848948.1624125,1150005.71154266
848948.1624125,1175326.0427708568
848948.1624125,894417.5748044607
575751.85932,706694.2442178903
575751.85932,712977.3893777059
575751.85932,706475.4488875861
575751.85932,706583.09518541
575751.85932,628129.6599275394
417555.32425,333535.6318097709
417555.32425,345391.23041686625
417555.32425,329588.1796721992
802661.1452999999,785941.838721917
802661.1452999999,784257.5546486323
308791.83285,281758.2094299804
308791.83285,342306.04191069526
308791.83285,245922.3715666465
587664.512775,680769.1096472446
587664.512775,924131.6098890855
587664.512775,924131.6098890855
587664.512775,926967.3355937361
587664.512775,905981.1928555751
587664.512775,658242.4075321592
816831.5992785714,1233245.388663949
816831.5992785714,867145.1242839287
816831.5992785714,863558.1263157848
816831.5992785714,867556.3946033348
816831.5992785714,838777.8962287647
816831.5992785714,838777.8962287647
816831.5992785714,873288.3666950673
739686.8223499999,846147.9911889611
739686.8223499999,870022.6546784452
584881.7457000001,578894.4946194529
584881.7457000001,558330.5410653678
679469.0662,998855.9954598055
679469.0662,990789.8161211322
381023.188,372441.42425208294
413228.31640000007,284351.42087532865
413228.31640000007,272545.026464921
616547.8386,867216.9192979399
616547.8386,616718.6156224723
307425.56355,287304.9383620427
307425.56355,349233.4958088671
307425.56355,244734.63644641935
856358.1703749999,1141104.5641053682
856358.1703749999,784974.0551784077
804770.0925,1042661.0959301137
994635.13248,1334794.9310564916
994635.13248,1347252.89810517
994635.13248,903921.1756262567
994635.13248,1350573.3478207844
994635.13248,914096.297612752
994635.13248,1347501.324695827
994635.13248,920575.4620215719
994635.13248,915228.5677874464
994635.13248,866817.0984258354
994635.13248,866817.0984258354
994635.13248,1324583.9275327227
994635.13248,883684.6854588724
994635.13248,885181.6165514443
994635.13248,866817.0984258354
994635.13248,908919.0233074122
539064.107925,592469.8128890403
539064.107925,506477.7188325296
539064.107925,590450.5361255785
539064.107925,508164.8045558233
449521.43739999994,608024.4615900896
449521.43739999994,503125.8027939225
449521.43739999994,444109.37534158723
618278.7231692309,656926.0948212747
618278.7231692309,671398.3120408648
618278.7231692309,976458.4485448332
618278.7231692309,640916.1506667408
618278.7231692309,640405.1324069859
618278.7231692309,976677.2438751374
618278.7231692309,979993.570568891
618278.7231692309,603756.5402909737
618278.7231692309,603075.6241861603
618278.7231692309,604146.1224879388
618278.7231692309,963601.1373298746
618278.7231692309,965051.9599219311
618278.7231692309,633474.9154050206
473273.81342499994,483327.19104142056
473273.81342499994,551972.8888885335
607158.4366,707924.9632890489
607158.4366,702595.1552569638
586359.8156499999,648981.3036777603
553589.2971,572908.4083643061
562475.9771562499,649838.9269036883
562475.9771562499,650036.8043638897
562475.9771562499,981796.3663157301
562475.9771562499,981796.3663157301
562475.9771562499,666659.1125143733
562475.9771562499,981796.3663157301
562475.9771562499,666659.1125143733
562475.9771562499,678013.384325125
471231.9307375,437652.09414193267
471231.9307375,443890.79242224246
471231.9307375,537630.0903179863
471231.9307375,437769.93856810214
644146.4429,726105.9229717972
644146.4429,791680.9760441765
644146.4429,791680.9760441765
644146.4429,679745.2501176186
644146.4429,676381.6682398613
644146.4429,708278.0794207733
662243.7725,629480.7144169225
662243.7725,1017489.0713664942
662243.7725,637634.2086014344
662243.7725,624690.1029738734
662243.7725,629480.7144169225
662243.7725,597531.5440543257
662243.7725,614245.1693212403
662243.7725,1000096.1650414503
662243.7725,961865.0367405636
598332.9883999999,657461.4506787126
598332.9883999999,637321.6951602212
640850.6551,592586.4203893074
533242.6749,465863.342593672
533242.6749,464384.37762768473
759641.5797875,703218.1141893633
759641.5797875,710198.351964791
759641.5797875,708634.3839296715
759641.5797875,1120947.2334219564
759641.5797875,703184.4833574822
759641.5797875,1118255.646123062
759641.5797875,699564.7477208022
759641.5797875,1116785.8025145743
848909.6536000002,860221.0044346342
848909.6536000002,1339249.3563187835
836016.24625,875730.8696581547
836016.24625,920593.264387665
836016.24625,919357.3428651128
836016.24625,883527.4932141859
836016.24625,875939.5660545516
836016.24625,1142669.2874518102
651556.5459749999,797126.4307232478
651556.5459749999,704376.9329377098
242036.621625,340043.1067204872
242036.621625,341244.33922251244
242036.621625,320693.50220535183
242036.621625,243825.19745092443
553821.90365,605874.3533826849
577443.806425,957776.6811800336
577443.806425,641503.2532815639
974742.60326875,921925.327260114
974742.60326875,921305.8782725448
974742.60326875,922931.2598506698
974742.60326875,920005.0471381426
974742.60326875,944924.2550871223
974742.60326875,1074226.7525506525
974742.60326875,944243.3389823089
974742.60326875,930495.6947183548
2633500.6602999996,2610041.4770460734
2633500.6602999996,2660262.2939143823
642529.866225,1070252.775133945
642529.866225,741648.4790955465
642529.866225,740082.190961781
642529.866225,1067363.310374849
642529.866225,754439.6828713039
642529.866225,741463.6006310388
642529.866225,723984.9595454643
642529.866225,685555.8890832727
642529.866225,1029076.5427416414
642529.866225,700392.8104010109
642529.866225,701409.7138577693
642529.866225,1028395.6266368281
642529.866225,686236.8051880861
642529.866225,749368.198323587
388805.62125,455285.02861820534
388805.62125,538097.1795161233
388805.62125,460313.19818572846
388805.62125,448562.9954549244
388805.62125,448562.9954549244
388805.62125,425868.04041823774
474289.46939999994,616177.4696125765
474289.46939999994,521006.95652074204
285015.14026875,280658.5314108259
285015.14026875,283974.15051110164
285015.14026875,268815.77873304195
285015.14026875,240990.56391014514
548577.2473500001,594876.5576250341
548577.2473500001,944670.6152421494
632581.0584999999,665132.2649532299
632581.0584999999,691765.3496226432
632581.0584999999,654211.6410310554
592401.1842999998,674105.4292315547
592401.1842999998,642926.6126502284
592401.1842999998,633044.8062931212
583632.8105285714,619880.2283043416
583632.8105285714,634193.5727216577
583632.8105285714,954255.4510320949
583632.8105285714,619238.8984411344
583632.8105285714,618183.6285671238
583632.8105285714,956947.0383309895
583632.8105285714,625829.6715912084
591419.6171800001,610897.2167633864
591419.6171800001,548838.6666403203
591419.6171800001,539194.0675879903
591419.6171800001,528374.1464982604
591419.6171800001,514371.81008033094
314552.76385000005,374649.29737581965
314552.76385000005,285419.78096976486
280788.7817,399840.5881965272
280788.7817,262337.67724764376
282256.97062499996,202884.37861712946
282256.97062499996,246256.8057401491
403807.2413,400932.2421569084
403807.2413,293699.51916154136
237729.2849,292298.17227105255
237729.2849,286351.0438772807
237729.2849,176235.98608933453
309937.426725,375286.3028669399
309937.426725,381116.5116787737
309937.426725,451959.6884336135
309937.426725,466454.81868323835
287792.52739999996,243714.78058477608
287792.52739999996,240248.76610331103
799101.4649214285,1133102.440593348
799101.4649214285,710456.5389365149
799101.4649214285,1136417.5710034105
799101.4649214285,715247.150379564
799101.4649214285,1136798.0068294734
799101.4649214285,701059.5206367653
799101.4649214285,683614.9023543006
593973.6525499999,567201.9380415215
593973.6525499999,674779.1688915092
224118.3806,248375.38143676607
224118.3806,217560.36664702737
788901.3495999998,749757.9672168046
788901.3495999998,1158013.9057752662
788901.3495999998,1160812.087539783
788901.3495999998,744967.3557737553
788901.3495999998,1157740.0644148253
788901.3495999998,749757.9672168046
788901.3495999998,734626.0305137788
608293.5666499999,707274.7465937001
608293.5666499999,704198.7668853112
608293.5666499999,702645.886280545
608293.5666499999,690784.4421393606
2388814.4878499997,2803925.175210251
2388814.4878499997,2341048.3246772354
2388814.4878499997,2336257.7132341866
2388814.4878499997,2329613.7612803057
2388814.4878499997,2324369.703765207
2388814.4878499997,2319579.0923221577
2388814.4878499997,2807633.8193317004
2388814.4878499997,2806696.874412959
2388814.4878499997,2336257.7132341866
2388814.4878499997,2803925.175210251
2388814.4878499997,2266381.9021734996
412400.67520000006,542047.0101645126
412400.67520000006,538125.6892337687
551493.9121,684022.5216040298
551493.9121,684816.9449121238
544153.5401000001,908851.4730666184
544153.5401000001,660024.1235073865
1225290.5144999998,1629893.1812810232
1225290.5144999998,1191065.5576997576
689651.30045625,1095213.3741517505
689651.30045625,740216.6656220189
689651.30045625,746000.0402745501
689651.30045625,739705.6473622639
689651.30045625,746511.0585343051
689651.30045625,709155.8981560881
689651.30045625,1071790.2423089293
689651.30045625,751459.4745119469
549314.4985000001,834873.2276277911
549314.4985000001,832324.9241771244
549314.4985000001,834873.2276277911
549314.4985000001,693765.6152328947
549314.4985000001,717698.7881514293
591059.73128125,696961.0641886332
591059.73128125,750537.3364671472
591059.73128125,877855.5145323926
591059.73128125,877855.5145323926
591059.73128125,677515.1947726308
591059.73128125,677515.1947726308
591059.73128125,682286.9318323644
591059.73128125,739575.7488068696
334987.138175,303597.063177935
334987.138175,335913.9136994847
2448684.9637499996,2472866.3005866194
2448684.9637499996,2485230.394731592
1161169.96351875,1138864.0853411756
1161169.96351875,1580239.4709120472
1161169.96351875,1148179.4712700306
1161169.96351875,1579615.927800879
1161169.96351875,1139650.5403152597
1161169.96351875,1151126.0646472692
1161169.96351875,1580239.4709120472
1161169.96351875,1569439.475837827
743676.0896999999,671533.0067379812
743676.0896999999,1124773.7038170455
636213.2274,761961.8625173589
636213.2274,703617.7653622057
1031582.5831,1422080.7899881909
1031582.5831,1414097.6384993647
1031582.5831,970878.8499663223
301758.01804999996,315581.2044018734
301758.01804999996,313554.2110457566
301758.01804999996,358902.1633080671
597854.24458,653649.4532892669
597854.24458,653347.1314259089
597854.24458,656952.5871487479
597854.24458,652563.647726222
597854.24458,640337.4113849796
715269.65976,923820.6546216337
715269.65976,854422.1781019543
715269.65976,917766.3990657148
715269.65976,1042072.3906449631
715269.65976,1001496.7238427391
731195.1277999999,795948.2939357203
731195.1277999999,810441.9280733609
603860.5434,773019.612738834
603860.5434,648054.7337918988
389858.00860625,364911.6914552254
389858.00860625,417863.7453886281
389858.00860625,477064.9796236417
389858.00860625,470303.77925591485
551276.8575999999,510052.3361128453
551276.8575999999,498701.1009633429
258207.9193749999,177856.5475865348
258207.9193749999,217487.04632952047
1058887.7277999998,1403841.4894245442
1058887.7277999998,954070.1059363865
361456.0533,343448.84860350995
361456.0533,307960.76611642324
361456.0533,294602.24328079185
637882.0349,706992.7112118833
637882.0349,708835.8888054563
637882.0349,699126.3847874367
945005.423425,920945.7180413803
945005.423425,1353111.9235611563
302800.78595,200292.51648209133
302800.78595,228948.64591491234
650372.8345625,676695.0653583104
650372.8345625,1071295.4858771884
650372.8345625,1077833.8992302078
650372.8345625,679947.8588399491
650372.8345625,1080669.6249348582
650372.8345625,656938.0782118957
650372.8345625,619503.6179788981
650372.8345625,630764.4718028439
650372.8345625,1018731.1730475319
650372.8345625,1084099.6769965547
399267.916975,363307.2481460064
399267.916975,459684.53592915216
314775.900525,261300.34718395007
314775.900525,286425.95652725373
483993.56255,523721.4610824781
483993.56255,513162.1941067497
663632.8787875,1062369.0030328236
663632.8787875,707772.9280699327
663632.8787875,1059752.0726584771
663632.8787875,1062369.0030328236
663632.8787875,1059752.0726584771
663632.8787875,1039479.8119836241
663632.8787875,1039479.8119836241
663632.8787875,671744.1912248371
663632.8787875,677525.4843375599
663632.8787875,1070330.9619439878
820900.08815,930419.6573359552
820900.08815,798973.9320613139
596892.69575,725647.7779282127
596892.69575,855502.0943020207
598273.621725,574273.5930647985
598273.621725,661530.9267643772
598273.621725,578195.5764391656
598273.621725,553089.1620974961
871085.7550500002,885030.0634200305
871085.7550500002,912400.0279009024
592599.2191625,665138.5026773259
592599.2191625,643370.3045846806
592599.2191625,663937.7983533909
592599.2191625,825129.4902087902
592599.2191625,825129.4902087902
592599.2191625,663029.6845914641
592599.2191625,818046.4270471104
592599.2191625,649184.1480687606
432461.0201749999,417197.0623704229
432461.0201749999,407100.4610009887
432461.0201749999,551812.2178894061
432461.0201749999,407239.95920595934
649119.8481,725911.7472144291
649119.8481,700833.3575571645
649119.8481,692334.6843762556
509823.69980000006,588779.8280850765
509823.69980000006,591299.3016422138
509823.69980000006,668892.8300213832
320832.80615,361645.16658906953
320832.80615,426000.7029655352
320832.80615,358419.7506893451
552997.5028750001,632085.7356752119
552997.5028750001,630549.8661772546
480557.94105,570848.0222540147
480557.94105,471477.47983458906
480557.94105,468707.4957654817
575155.96175,727704.1962941958
575155.96175,599715.2551243801
647793.1545000001,606848.7585978635
647793.1545000001,632784.3605321271
647793.1545000001,632031.7346790122
647793.1545000001,600803.3893606714
420618.62712499994,407144.45618688327
420618.62712499994,476698.97673592815
531289.821,571457.246895059
531289.821,684765.8330175654
531289.821,572713.0763393263
531289.821,603152.4626963485
531289.821,640292.430458199
245203.1594,202493.5502896041
245203.1594,276001.915574641
245203.1594,198394.0992641244
547304.4711,617415.7451294292
547304.4711,682968.6384215584
547304.4711,793422.6419999213
431252.00015,569261.9391565815
431252.00015,569261.9391565815
431252.00015,399922.8675785015
533970.71465,846162.865720907
533970.71465,660050.8031890973
533970.71465,654600.9026169081
533970.71465,632977.63850436
847273.96436,727551.4579337945
847273.96436,722760.8464907452
847273.96436,720307.9050791702
847273.96436,728234.2156232154
847273.96436,738889.7615584617
847273.96436,1143373.4107023492
847273.96436,1143073.0867800997
847273.96436,687997.3449126534
847273.96436,1105284.1143869583
847273.96436,691396.0400610056
363395.25215,409068.4686649691
363395.25215,339617.4178845925
363395.25215,307681.7565408359
515937.9588000001,678738.9673358288
515937.9588000001,629636.8936773882
515937.9588000001,548809.0626444593
269214.38495,262258.09761463536
269214.38495,226193.98228635202
269214.38495,301475.41056839353
861094.382,1295082.3413706725
861094.382,925825.1850672336
675428.5185,1043081.4384520144
675428.5185,670258.4614180193
298544.03245,259388.14306998596
298544.03245,231355.4425673695
422077.4298,375186.2641432691
422077.4298,445003.0684239218
422077.4298,466288.40864577575
422077.4298,375186.2641432691
422077.4298,400250.50733913796
422077.4298,387205.0204210694
776889.271825,729232.6863652479
776889.271825,734136.1879084688
776889.271825,729613.1221913109
776889.271825,1131874.9089192753
776889.271825,1121146.7856474856
776889.271825,1131874.9089192753
776889.271825,729345.5764654196
776889.271825,720268.1597422084
211714.007825,152733.65975058643
211714.007825,204069.00552956044
416063.21953750006,419584.7260739702
416063.21953750006,418650.77224336035
416063.21953750006,413163.15407234314
416063.21953750006,410827.965484275
416063.21953750006,416108.65762926516
416063.21953750006,415971.93717564153
416063.21953750006,415971.93717564153
416063.21953750006,465047.59515547595
581502.95565,1018121.658804751
581502.95565,692878.4565619614
401299.94115,479297.8509115725
401299.94115,469011.85037208
603554.9858499999,876240.987541094
603554.9858499999,698283.5617363611
638506.35645,700606.9128932289
638506.35645,693353.9222520622
638506.35645,663341.6767319379
660510.2695249999,808397.7894851964
660510.2695249999,893602.3709561193
605682.9722,678883.9008684309
605682.9722,663729.9831229387
495475.54475,784282.8536732813
495475.54475,643773.9265886022
495475.54475,646883.5371288722
495475.54475,643593.9345393202
768108.3228,714121.7238867909
330740.5335,374675.3596650037
330740.5335,405128.9767215317
272952.213,218892.49957814394
272952.213,225915.86914362165
272952.213,181146.04056009656
734496.8714090909,741596.8415444052
734496.8714090909,742166.3884735097
734496.8714090909,1157821.7344266092
734496.8714090909,740283.0702129463
734496.8714090909,1157101.8155942098
734496.8714090909,1149514.1481349682
734496.8714090909,1102891.9737329409
734496.8714090909,1123846.9935517535
734496.8714090909,1123166.07744694
734496.8714090909,1102986.3484475398
734496.8714090909,700505.8107346802
569282.2581333334,656240.5427151427
569282.2581333334,637984.5200859598
569282.2581333334,969400.6655982868
569282.2581333334,638495.5383457148
569282.2581333334,672846.7748914306
569282.2581333334,655057.0105060862
569282.2581333334,931684.7468735699
569282.2581333334,616838.1902889245
569282.2581333334,601026.0099673767
394825.50466,341863.524825984
394825.50466,346668.74228655273
394825.50466,394668.1490771996
394825.50466,341863.524825984
394825.50466,373819.7893108205
158891.87682499998,196878.5375727638
158891.87682499998,288704.1193229747
879505.1327642855,720573.6617514653
879505.1327642855,1133292.1597778148
879505.1327642855,726495.6956358245
879505.1327642855,735102.307140785
879505.1327642855,1133327.905795787
879505.1327642855,721256.4194408864
879505.1327642855,715316.5809261827
521641.32774999994,471349.2743140275
521641.32774999994,536046.7523759911
543046.6786374999,664864.7392541993
543046.6786374999,577532.3647436049
543046.6786374999,616254.811346316
543046.6786374999,637253.9781671127
419326.8403,540459.4159093024
419326.8403,506506.6477142676
402803.40115,357470.330831438
402803.40115,403967.2643845824
402803.40115,373075.2248027931
436125.1863,752524.0475493615
436125.1863,752524.0475493615
436125.1863,531183.0685649035
608820.674,788677.8770281895
608820.674,750580.689600368
608820.674,774852.8407889821
608820.674,751333.3154534829
608820.674,750580.689600368
608820.674,753774.9515794811
608820.674,750580.689600368
608820.674,762656.4692400759
608820.674,735664.4233022176
608820.674,1085002.2052001613
608820.674,1085002.2052001613
608820.674,727555.3615946989
608820.674,741890.2323476961
660130.486025,813434.5548010537
660130.486025,751650.9847965918
301990.37515,312277.1778840081
301990.37515,286273.9016303101
301990.37515,240579.3031428267
1157991.89338125,1516831.2954539456
1157991.89338125,1107906.357280382
1157991.89338125,1081720.71853748
1157991.89338125,1116816.3028006554
1157991.89338125,1102836.107423379
1157991.89338125,1086511.3299805294
1157991.89338125,1516795.5494359734
1157991.89338125,1089898.761706504
381226.78025,305302.3439507781
381226.78025,306905.67682177323
379068.8121,395897.58900969377
379068.8121,423169.95569435146
624933.23355,912719.0570072418
624933.23355,709359.7844945409
624933.23355,912511.5647414031
624933.23355,900757.7935808923
624933.23355,692847.308779478
624933.23355,698815.673793722
383017.5571999999,431303.8569059642
383017.5571999999,419257.7176855076
383017.5571999999,538981.2252909198
383017.5571999999,402542.50744277955
416780.263575,461925.16326354165
416780.263575,541553.9749064744
777466.0400999999,688048.07033886
777466.0400999999,701618.757161755
777466.0400999999,683549.495486484
777466.0400999999,699570.7397857001
777466.0400999999,694180.7286004702
777466.0400999999,678880.360746239
491415.1889392857,579971.7177741086
491415.1889392857,516902.29900535045
491415.1889392857,506908.6400086648
491415.1889392857,511049.3220435504
491415.1889392857,582744.608735286
491415.1889392857,583425.5248400995
491415.1889392857,568833.8268905106
635043.0142499999,607224.7781567175
635043.0142499999,639943.1530235317
635043.0142499999,724581.44236021
635043.0142499999,701099.689114617
575617.4858,681687.6787304451
575617.4858,745128.1511218655
575617.4858,864686.4926604198
575617.4858,746234.6969124159
575617.4858,739676.5296562972
630855.73191875,1159241.1242775223
630855.73191875,1057250.5304324166
630855.73191875,715003.540967176
630855.73191875,1060545.3054711097
630855.73191875,1060545.3054711097
630855.73191875,714700.8969462803
630855.73191875,724918.5520253199
630855.73191875,1056192.0216005703
372325.2855,378704.4204977963
316652.85205000004,256641.22920385178
316652.85205000004,348165.79118392896
316652.85205000004,290182.73441938777
2421698.1173,2288433.846236814
2421698.1173,2804905.500433988
740793.13965,764439.8844700368
740793.13965,777911.2860733448
740793.13965,776727.7538642882
740793.13965,764439.8844700368
740793.13965,1169630.888283195
740793.13965,713719.6629459901
740793.13965,712009.7475466335
740793.13965,718748.8399687398
740793.13965,751194.7957002823
292145.45850000007,251514.3880792833
292145.45850000007,379701.1732590842
1148775.5832,1066731.4491025107
1148775.5832,1066731.4491025107
1148775.5832,1064309.6821753776
1148775.5832,1506707.5939720203
1148775.5832,1066449.7285928316
1148775.5832,1061281.5485303216
1148775.5832,1019746.2156904822
1148775.5832,1010829.7492347138
1148775.5832,1444136.2760431697
1148775.5832,1514185.02784297
266435.0235,322935.48566185485
266435.0235,306777.50484638195
266435.0235,405193.0532690352
387015.24365,524342.2777410948
387015.24365,442041.1451029321
387015.24365,515278.271242472
387015.24365,501543.33679518895
639896.5782999999,721735.9192559366
639896.5782999999,811170.6007830485
639896.5782999999,813224.1281816593
639896.5782999999,798915.6533789972
725297.0115000001,1145680.1399857271
725297.0115000001,775556.3774468718
725297.0115000001,1145221.0906516844
725297.0115000001,755075.0897635613
725297.0115000001,749393.0914895561
725297.0115000001,736422.0511362276
725297.0115000001,714008.143964018
725297.0115000001,737102.967241041
725297.0115000001,766830.5759406477
735230.46525,717550.7453846133
735230.46525,722341.3568276624
735230.46525,728046.1998064289
735230.46525,1140554.4023269224
735230.46525,722341.3568276624
735230.46525,676416.1728440081
735230.46525,677186.3339774834
735230.46525,677013.7507057906
735230.46525,704204.7123764791
285197.95545,251045.08241754927
285197.95545,304866.47283375415
759923.36378,877499.5803560627
759923.36378,931896.1248564615
759923.36378,932175.7632704152
759923.36378,878015.1986062971
759923.36378,847273.3691701135
481583.1429,474916.00680632156
481583.1429,583746.6758270193
664051.8565499999,729673.7631029822
622425.3189,886231.6872745692
298665.0706,321032.8989777637
298665.0706,317338.9073261883
298665.0706,246542.01051165693
570473.2528,1042001.3756308209
570473.2528,960788.928820093
686523.9402000001,783585.858273784
686523.9402000001,1111298.4187466651
686523.9402000001,759313.7070851699
686523.9402000001,784096.876533539
686523.9402000001,761834.7097124184
686523.9402000001,784967.2679430419
686523.9402000001,759824.7253449248
686523.9402000001,1072157.7826304792
686523.9402000001,721864.0159230346
686523.9402000001,721864.0159230346
686523.9402000001,746612.9900939452
686523.9402000001,785830.8188024209
250052.21054999996,372138.90254586854
250052.21054999996,357594.7142164629
218384.8656,223226.4478462906
349553.3132,320037.33787863347
349553.3132,466738.76200673816
212017.648525,220280.38528999442
212017.648525,292681.8988134175
586126.894125,598949.3369833254
586126.894125,521336.14243578387
381412.25125,399752.49984870927
381412.25125,472056.5214485267
381412.25125,463474.945296769
381412.25125,377606.7902732902
599298.9698625,715309.0784062844
599298.9698625,765268.3767299168
599298.9698625,765268.3767299168
599298.9698625,792905.139759351
599298.9698625,792905.139759351
599298.9698625,666703.0541990051
391908.5185499999,477532.0245234573
391908.5185499999,360156.1196758001
391908.5185499999,515653.7110666227
479659.095925,478842.4837407089
479659.095925,449450.4009084252
479659.095925,549595.6774203765
479659.095925,452627.4418133501
479659.095925,480438.4378004621
479659.095925,495610.5743723443
827932.0073181818,1193586.741383101
827932.0073181818,795954.9891085001
827932.0073181818,782501.1894428759
827932.0073181818,1190550.4642761156
827932.0073181818,783183.9471322969
827932.0073181818,789600.4096303314
827932.0073181818,1183992.0423420519
827932.0073181818,737841.6048228716
827932.0073181818,1129674.795353458
827932.0073181818,1151753.805678475
827932.0073181818,772772.325725491
2675274.00365,3080224.7339416603
2675274.00365,2630660.8946591914
598208.5022374999,795448.79555171
598208.5022374999,697832.7970803023
598208.5022374999,795448.79555171
598208.5022374999,822779.2574200503
373672.9313,296123.78831255523
373672.9313,400932.2421569084
208369.6846,177902.68462284387
556041.852975,746834.920841427
556041.852975,646936.2032278558
212921.75165,135784.36336153618
212921.75165,131327.97288879135
215354.8314,292272.5969546382
215354.8314,289435.3133285059
883247.3476499999,993322.368990537
883247.3476499999,970276.1198585927
883247.3476499999,992456.1533573745
883247.3476499999,1350085.7132277219
883247.3476499999,972118.3462760417
883247.3476499999,949641.0040390472
883247.3476499999,927654.3542919657
883247.3476499999,1311231.5956891251
653768.5005,638755.5223217019
653768.5005,625552.7301872459
503515.350825,579673.5477495391
503515.350825,916046.6226064558
264912.8885,226944.95108133124
264912.8885,285123.32525481336
318290.28144999995,355891.44594723923
318290.28144999995,297735.5721109076
318290.28144999995,452471.9600781824
318290.28144999995,369063.64863821643
747801.710125,693567.429334495
747801.710125,618176.1483501212
393756.5935,385027.3784093356
777014.6278,1050156.8152077429
777014.6278,1093883.1964556305
2706643.2878,2491737.353187251
2706643.2878,2521888.4486397184
1192716.82238,1150308.6587913255
1192716.82238,1145518.0473482762
1192716.82238,1594426.3787500085
1192716.82238,1150283.4473028393
1192716.82238,1580552.5797686945
1192716.82238,1150283.4473028393
1192716.82238,1594390.6327320365
1192716.82238,1114230.355377927
1192716.82238,1096068.943030699
1192716.82238,1550104.1331600284
689435.9845,661506.4167663121
689435.9845,1093592.9874310445
689435.9845,1090821.2882283365
689435.9845,667494.7275639249
689435.9845,665928.4394301592
689435.9845,644094.369983181
539757.1364,551009.0174432884
539757.1364,472934.630408406
539757.1364,474702.3381425927
389046.451175,353514.55266837764
389046.451175,394612.9792588613
487840.871275,565855.7896242533
487840.871275,656577.6647768348
831005.814375,750573.7444074012
831005.814375,1157074.1228307858
831005.814375,1145667.7775852934
831005.814375,1157699.7811280447
831005.814375,751457.2748517457
831005.814375,754586.2512851326
831005.814375,706901.5896334953
831005.814375,711147.7394745403
831005.814375,706901.5896334953
831005.814375,1150483.2579373822
392431.52690000006,476563.17577128275
392431.52690000006,383768.4911725629
392431.52690000006,364599.7445589434
392431.52690000006,374029.70477508835
388117.05574999994,337018.44521006075
388117.05574999994,309500.2285414738
388117.05574999994,331904.42646871775
658222.8416999999,660185.7845068144
658222.8416999999,685714.3358232384
658222.8416999999,675425.2191350007
855804.5164999999,1214658.4813484838
855804.5164999999,895653.5056129714
855804.5164999999,884019.7391900629
855804.5164999999,1211584.1381248801
855804.5164999999,1193831.6198216418
855804.5164999999,863014.8730940128
471475.0511,465481.3383751878
471475.0511,559379.2234008017
471475.0511,411775.7656105088
736500.3941500001,730565.9580367067
736500.3941500001,722462.7664439848
405690.7813,448190.34285003156
405690.7813,437253.15098295134
764413.7519400001,826980.3732376301
764413.7519400001,712748.5690526663
764413.7519400001,826980.3732376301
764413.7519400001,821259.2000038088
764413.7519400001,698339.9210662874
543695.618625,498723.0069650258
543695.618625,531843.0673983068
2333041.5599499997,2531059.8999246424
2333041.5599499997,2506671.162204181
2333041.5599499997,3098962.3238466433
952331.2455,952052.3598631027
952331.2455,1373683.4598772158
952331.2455,965898.3608651599
952331.2455,952869.5437068586
952331.2455,963365.0905274586
952331.2455,919255.596355555
431961.0324,305051.8367422901
321652.7754,311303.7339021428
571401.2398500001,556820.4236265642
571401.2398500001,549425.0088158391
864463.8142499999,1265593.1216499486
864463.8142499999,821168.7742848299
229916.874375,194970.1928621675
229916.874375,185644.65039395617
229916.874375,316112.6131635819
229916.874375,324438.00999113324
755746.95805,1096330.5646823377
755746.95805,1096330.5646823377
755746.95805,740042.5743920291
755746.95805,752982.163458457
755746.95805,792740.085604139
755746.95805,780301.9441822512
557119.74255,985974.1639133446
557119.74255,667491.3568964378
491291.8765,650844.8188304957
491291.8765,817061.3354374906
491291.8765,564308.1589015659
491291.8765,793113.1388345762
431663.13644999993,468380.19250859285
431663.13644999993,406551.6884344946
431663.13644999993,419420.01019712747
265007.71129999997,233451.16908227967
265007.71129999997,204627.46450836502
265007.71129999997,287366.29153320065
265007.71129999997,264320.7400616796
400973.8023499999,387777.82102708035
400973.8023499999,393735.5352228399
400973.8023499999,426069.7658848994
393715.17445,601755.8811497249
393715.17445,598157.9899916375
393715.17445,386229.9321874832
567264.7300000001,664176.1977458354
567264.7300000001,648343.8684236521
567264.7300000001,670235.9383975376
567264.7300000001,706795.2909165699
567264.7300000001,699330.2577533246
567264.7300000001,626841.0050439546
310367.02304999996,339706.5330444318
310367.02304999996,352017.90645588626
580752.7208499999,731556.846758139
580752.7208499999,575049.6414323917
487791.06554999994,546212.2950673145
487791.06554999994,546212.2950673145
487791.06554999994,643737.1557047507
487791.06554999994,628586.121402673
256047.73305,160275.20449124934
256047.73305,188045.8577567491
594399.6075749999,618705.4155003839
594399.6075749999,712400.0956199198
594399.6075749999,706116.9504601044
594399.6075749999,678303.2006076343
173484.18470000004,237516.67451071396
173484.18470000004,119001.32295062137
173484.18470000004,108889.19057753985
458394.665,477295.15070263384
458394.665,452399.015044793
458394.665,542306.06387716
458394.665,562101.7285300856
458394.665,554033.7022969286
458394.665,454369.0560472471
458394.665,445573.8203824641
486586.899175,472964.2322222861
2370069.895425,2367258.2625222746
2370069.895425,2804442.485734729
711925.62665,1095582.8340299227
711925.62665,637764.9579059131
302047.898225,293480.99061563663
302047.898225,401066.477877675
302047.898225,403757.17626232374
302047.898225,392029.4763546559
242332.5744,308026.41136772843
242332.5744,178627.31739134114
145728.88249999998,154051.03989786527
145728.88249999998,211104.21201676293
490527.6522,547225.8977325349
490527.6522,652237.7444335667
490527.6522,521861.52443867014
669445.2209499999,741040.6670604887
178042.9407,239458.75212966406
178042.9407,230908.22942957818
994423.939225,925945.9180183813
994423.939225,1411831.5375998674
2201692.6537749995,2746296.8670070767
2201692.6537749995,2244180.6986730765
560547.573525,821979.6233806708
560547.573525,656081.9927427142
560547.573525,632491.1351954301
560547.573525,667292.315813908
979816.9205,1253153.9372292813
807820.9813000001,846006.3646316768
807820.9813000001,884790.7575619507
1036569.2163,912725.196884322
364292.730625,345934.40339343983
364292.730625,365470.5721841305
429454.98275,447543.83039062686
429454.98275,501953.450198594
429454.98275,547900.0819103683
581324.79845,722029.7951813511
581324.79845,724353.1490366252
581324.79845,720766.1510684813
581324.79845,667414.0566264146
581324.79845,829615.3303454889
679299.2317,680793.237679128
679299.2317,1095058.1688426514
379217.724425,347753.4387401594
379217.724425,301600.2534826971
1013592.4246,1449607.2274892693
1013592.4246,1398925.958066712
609592.24185,1042167.7165417037
609592.24185,691868.5224949733
870571.311307143,783700.7758001551
870571.311307143,762473.3350523867
870571.311307143,775328.5657845893
870571.311307143,782074.4020706222
870571.311307143,780510.4340355026
870571.311307143,774370.247001329
870571.311307143,782076.7221692683
870571.311307143,1146988.773591107
870571.311307143,729653.8153540853
870571.311307143,728972.899249272
870571.311307143,732534.8126741359
870571.311307143,733052.5105024374
870571.311307143,1147669.6896959203
870571.311307143,761587.1168572456
444001.9946125,473497.20862910507
444001.9946125,472369.2980212367
444001.9946125,457284.17946412903
444001.9946125,570861.0268101391
371716.3977437499,416775.028383822
371716.3977437499,370657.16644711123
371716.3977437499,392648.6623151137
371716.3977437499,355591.3019975524
647093.6422499999,621423.7588941229
382550.20404999994,435061.832875372
382550.20404999994,356610.5947115631
382550.20404999994,301621.4135636526
682012.06745,652931.9389288401
682012.06745,1066550.0129347122
1362143.3664833333,1311922.1716219946
1362143.3664833333,1315611.5522467266
1362143.3664833333,1314753.233290868
1362143.3664833333,1759356.6981766506
1362143.3664833333,1306674.88245928
1362143.3664833333,1756990.3241309542
1362143.3664833333,1758843.1834173219
1362143.3664833333,1311922.1716219946
1362143.3664833333,1758883.852214429
530121.5811499999,628425.5890034484
530121.5811499999,649219.72560165
541282.313157143,644849.9969321841
541282.313157143,939300.7722947944
541282.313157143,939300.7722947944
541282.313157143,936500.792608116
541282.313157143,697481.153888197
541282.313157143,670889.3963078212
541282.313157143,670889.3963078212
578371.578275,788127.52481042
578371.578275,645472.7965090522
578371.578275,737216.5395317803
578371.578275,771680.2312465196
578371.578275,670504.4038164306
578371.578275,816345.6324031814
547325.6980000001,451931.1465202399
547325.6980000001,504531.2485154511
1128248.1234,1537330.1453503675
1128248.1234,1446064.978204225
1128248.1234,1078869.0669225154
216573.1849,263276.9820524773
216573.1849,167977.61430915562
216573.1849,228660.1272050994
392299.9913,309544.6656798869
392299.9913,345945.40333813487
392299.9913,389728.0902297478
2338574.47465,2295446.4035823504
2338574.47465,2363998.3507646425
680926.9256000001,734438.8702861632
680926.9256000001,733927.8520264082
680926.9256000001,760390.2758180145
680926.9256000001,822101.7829409236
680926.9256000001,763175.478331607
680926.9256000001,763175.478331607
680926.9256000001,837196.5096348557
505149.32215,793027.9389873405
505149.32215,793166.3597618383
274287.79870000004,233416.58909756434
274287.79870000004,235243.14800332498
274287.79870000004,276596.2442504691
529061.4695,923505.3669289342
529061.4695,626574.3443770466
432791.826,558293.1937932319
432791.826,462636.95736828045
432791.826,590493.1060044562
983073.7616333332,883336.6970112957
983073.7616333332,1286781.1083825268
983073.7616333332,878546.0855682467
983073.7616333332,1247883.9559109998
983073.7616333332,884600.3411241656
983073.7616333332,840004.9949675904
983073.7616333332,841017.1269896635
983073.7616333332,841698.0430944769
983073.7616333332,872526.3312500508
445690.006825,615900.5076589854
445690.006825,547055.3440549346
456639.60385,420826.9500235425
456639.60385,519493.63615868986
456639.60385,433340.7307855574
499328.84445,449930.8207861531
499328.84445,517114.22803448525
428007.53535,595213.9800010328
428007.53535,607586.3207850109
494545.0496,558135.8165569268
494545.0496,613235.525037177
707231.940675,732513.5553992508
501670.3604499999,497318.00835983176
501670.3604499999,606166.0736426606
501670.3604499999,512822.28766301856
501670.3604499999,497492.7335811425
615001.3034999999,686148.5729136274
615001.3034999999,1015078.5343964433
615001.3034999999,1012746.0455539149
615001.3034999999,673965.317201703
615001.3034999999,651173.0298648593
615001.3034999999,637270.7758297045
412555.8256,374230.13394578884
412555.8256,532449.0688132609
496907.033675,614206.4470749306
496907.033675,605408.1681277753
286809.6545499999,214851.73566431715
286809.6545499999,213682.02017302625
286809.6545499999,234561.69168774487
374544.08765,371884.78176066565
374544.08765,371884.78176066565
374544.08765,332949.16507833375
346834.830825,314472.2337704896
346834.830825,362817.0122411507
436252.41508749995,488552.7704817371
436252.41508749995,601745.8835289095
436252.41508749995,639335.4722225132
436252.41508749995,529465.7669489381
630945.92665,649711.8674877747
630945.92665,1147057.5231068893
507889.1071,495624.8276762534
507889.1071,451705.5280591751
527543.72075,604590.7377854235
527543.72075,577107.0637595933
527543.72075,589274.2822429888
275679.35465,238526.40222496964
275679.35465,279610.7156394048
543959.3795,603939.0587743993
543959.3795,616830.95263121
543959.3795,521600.65889964293
543959.3795,616830.95263121
543959.3795,527593.4314418271
543959.3795,506769.77274514915
543959.3795,490431.59741035
809961.87015,734998.8564998275
809961.87015,751075.0802369918
665211.932392857,755443.1385206359
665211.932392857,876815.0655937898
665211.932392857,754173.9876246576
665211.932392857,742331.7438837053
665211.932392857,860850.3150954079
665211.932392857,733782.3032674068
665211.932392857,858498.4761124575
637749.6731125,758040.9391816086
637749.6731125,687341.3724118551
637749.6731125,758259.7345119129
637749.6731125,661389.9668800037
637749.6731125,693296.0917419475
637749.6731125,665485.0957548354
637749.6731125,693977.0078467609
637749.6731125,649488.4891656614
680299.4029750001,613573.9881948974
680299.4029750001,643143.4735202794
199969.953925,149327.8051022626
199969.953925,191133.40684882307
597813.4587075,653264.4579250694
597813.4587075,644503.7314049779
597813.4587075,978026.1596209214
597813.4587075,677303.06866792
597813.4587075,975553.367652331
597813.4587075,1082961.356440007
597813.4587075,625197.4869885198
597813.4587075,624516.5708837063
597813.4587075,940303.037879558
597813.4587075,632138.7369913313
479660.30675,589151.2630305736
299441.7876,216933.6288865856
299441.7876,216933.6288865856
299441.7876,255639.46608841413
940676.0474,867209.0385240259
940676.0474,835577.0837151406
940676.0474,1267710.5394673974
940676.0474,860900.8189959783
940676.0474,841485.5639937655
940676.0474,1227280.8626843828
286875.49777499994,384779.4388999135
286875.49777499994,288028.9528863086
583290.1594,565077.9075833858
688078.2835437501,779208.0497841693
688078.2835437501,991529.9940102518
688078.2835437501,968501.8907844864
688078.2835437501,991970.4878090877
688078.2835437501,752319.6535352278
688078.2835437501,969776.4581463388
688078.2835437501,752319.6535352278
688078.2835437501,905167.2997300152
744443.47425,710928.7316970328
744443.47425,603962.2150870092
557053.22425,494422.2032336135
557053.22425,598162.4378606222
279986.63487500005,253011.4592473163
279986.63487500005,339163.9444435142
466361.28207499994,439973.6740448009
610158.8780499999,612445.5834156784
610158.8780499999,684438.4562185169
610158.8780499999,688696.6612897917
859523.4772,829031.8000970297
859523.4772,819671.3853443271
399054.29338,398485.54198656726
399054.29338,439116.392118203
399054.29338,405742.1149059364
399054.29338,502998.5213703066
399054.29338,406048.6696728049
752361.9852000001,1057663.4053814383
752361.9852000001,1103846.329218128
933727.6684,966124.5538672057
933727.6684,966468.6280010492
933727.6684,1402324.9677282674
933727.6684,955108.5713610623
933727.6684,966239.1939047098
933727.6684,962837.0559597192
441327.9174999999,309464.01523627236
441327.9174999999,319708.2184180645
422280.0935125,432211.08365073346
422280.0935125,489510.8743511629
422280.0935125,517860.21436903946
422280.0935125,389872.47734145675
468898.86734,437586.2095908477
468898.86734,541487.4611087469
468898.86734,527880.1106431864
468898.86734,440428.9900205577
468898.86734,543629.3215823716
727169.8968999999,1064863.7190910869
727169.8968999999,818505.5237593895
727169.8968999999,1064827.9730731146
727169.8968999999,1064863.7190910869
727169.8968999999,820057.9311626256
727169.8968999999,787714.9773991386
688197.39662,1110948.9318728629
688197.39662,682895.9468763858
688197.39662,686174.2161458215
688197.39662,1110948.9318728629
688197.39662,688091.6517183414
688197.39662,685092.9413498989
688197.39662,645184.0649560331
688197.39662,1054954.368362824
688197.39662,1054954.368362824
688197.39662,679551.310008
871510.913525,1305303.0506145575
871510.913525,1305338.7966325297
871510.913525,849678.9109611823
871510.913525,1291857.078359076
871510.913525,862453.8479971248
871510.913525,862453.8479971248
871510.913525,1291821.3323411038
871510.913525,849678.9109611823
871510.913525,843125.9486295225
737598.50516,758519.3138572895
737598.50516,842751.6327492967
737598.50516,758519.3138572895
737598.50516,762088.1346894664
737598.50516,747791.4726675875
337993.231575,382042.6073689254
337993.231575,303648.620801971
772727.56415,1098069.0780491661
772727.56415,817298.8805703489
407394.6261,463260.6408729815
407394.6261,453040.3435610919
407394.6261,454667.40741131746
636558.7016200001,653518.1363400307
636558.7016200001,566232.9290330156
636558.7016200001,674273.0242559515
636558.7016200001,563386.9541574845
636558.7016200001,674756.5106699949
622436.7845899999,674210.5762652872
622436.7845899999,1025590.1183006081
622436.7845899999,670542.2624044197
622436.7845899999,671188.7891155966
622436.7845899999,667333.5467212114
2314927.55535,2359583.697998264
2314927.55535,2346518.369436622
2314927.55535,2909303.7300902507
591095.2971499999,531820.1785322865
591095.2971499999,531433.6541481767
591095.2971499999,501984.73649590136
618306.22312,554838.0732736373
618306.22312,536229.6997089309
618306.22312,541646.7102029274
618306.22312,566309.7758683813
618306.22312,531817.9382890151
791257.5,939686.4460485786
791257.5,920018.7512563269
434209.716,402019.71896527614
434209.716,546145.3778320568
836063.4080749998,759444.5868999672
836063.4080749998,780045.7180987953
1325085.9948649998,1306058.9760660212
1325085.9948649998,1306058.9760660212
1325085.9948649998,1746096.6369538722
1325085.9948649998,1745470.9786566128
1325085.9948649998,1745437.3478247318
1325085.9948649998,1303821.2469069161
1325085.9948649998,1731113.9873678116
1325085.9948649998,1304602.8938398862
1325085.9948649998,1746096.6369538722
1325085.9948649998,1724352.5758077938
417890.0913,404281.75863953156
417890.0913,487517.15127422474
417890.0913,430217.3605737952
417890.0913,508060.39042586426
1169822.203975,1172906.722015242
1169822.203975,1616646.161533164
1169822.203975,1170791.887086274
1169822.203975,1616646.161533164
1169822.203975,1616265.7257071012
1169822.203975,1169476.2038129396
1169822.203975,1614282.1075861137
1169822.203975,1127751.7023881471
1169822.203975,1135286.4838832342
1169822.203975,1553886.2037986931
1169822.203975,1126014.5693072723
1169822.203975,1126014.5693072723
702992.23904,853553.2583464123
702992.23904,780336.1575775146
702992.23904,780336.1575775146
702992.23904,823835.3708441904
702992.23904,924536.0347138025
268082.5959,229010.41991119273
268082.5959,283817.5205243515
750740.7369,1067057.1158202372
947118.0965636364,1292370.379056709
947118.0965636364,854559.0849194981
947118.0965636364,875138.1861033565
947118.0965636364,1253878.1055008424
947118.0965636364,863058.392111645
947118.0965636364,1290278.3685479378
947118.0965636364,844652.4303241323
947118.0965636364,844652.4303241323
947118.0965636364,842658.7180194873
947118.0965636364,1255651.7406477344
947118.0965636364,1275146.9332011025
574195.6945,687736.1478859278
574195.6945,650130.6098705189
574195.6945,1051051.95795786
236599.7766,192266.54012638022
236599.7766,187207.03738297056
737738.0799499999,596386.5416093902
737738.0799499999,589485.0242546676
488509.71429999993,430578.8985506536
585877.2172000001,624844.1926136884
585877.2172000001,615326.5209518207
585877.2172000001,620230.1966436987
585877.2172000001,566138.1613117938
585877.2172000001,605216.1569711652
650961.136475,1059104.8362085135
650961.136475,728358.523333034
507678.6218,570870.3698735787
507678.6218,590008.0273011907
309167.5971,247015.0871490942
309167.5971,281371.32104310876
309167.5971,249203.83603387175
791753.34355,669929.5318682032
791753.34355,729661.1948999469
791753.34355,743234.3666967413
728098.7606999999,770847.982906316
728098.7606999999,774434.98087446
728098.7606999999,983939.967878227
728098.7606999999,783091.8090718391
728098.7606999999,817813.7073191404
728098.7606999999,1029097.9307218494
479881.4334,607712.2620806382
479881.4334,589786.1289629232
479881.4334,762798.3885751293
660689.6948375,790580.7050155097
660689.6948375,732816.7170243061
660689.6948375,932434.0706086308
660689.6948375,867833.5446248199
913539.28735,966432.2137779626
913539.28735,978059.2602429799
913539.28735,986402.4832015182
913539.28735,966943.2320377177
913539.28735,1002737.4687591362
913539.28735,1308439.6106489026
913539.28735,948445.1922039322
913539.28735,938548.3470522572
436602.7665,598950.1188145773
436602.7665,614794.2663645719
542978.23775,924884.2651294626
542978.23775,618091.8794713286
565125.392825,507655.56627374294
565125.392825,494417.4652578348
565125.392825,529543.1724043447
565125.392825,507029.2858176037
924319.4996,887175.7681403742
924319.4996,854502.2015360044
924319.4996,857685.1816263049
168647.45142499998,104829.97675246163
168647.45142499998,151764.28293126455
662139.0464875001,1110284.9718448198
662139.0464875001,750772.3228299721
662139.0464875001,743071.5159119171
662139.0464875001,743071.5159119171
662139.0464875001,1189023.3495636557
662139.0464875001,1080417.7570025967
662139.0464875001,720697.5791088464
662139.0464875001,1080417.7570025967
611039.5296499999,1035459.0029781642
611039.5296499999,706965.6339200526
611039.5296499999,1196890.3956329382
758626.47259,708358.7588157789
758626.47259,715862.1068908826
758626.47259,706792.4706820133
758626.47259,713634.1329686451
758626.47259,1125203.9066092242
758626.47259,1127975.6058119321
758626.47259,662559.8603759238
758626.47259,1095157.9763404513
758626.47259,1095933.2671598634
758626.47259,700794.2544189256
566947.2450700001,584217.2435757513
566947.2450700001,667054.5078424363
566947.2450700001,561086.3828815962
566947.2450700001,656619.1683044042
566947.2450700001,632353.5813758194
400010.08395,428380.2568410719
400010.08395,382991.1356970433
400010.08395,502115.3261715951
400010.08395,405862.0509051447
518399.08961999987,502895.57766514376
518399.08961999987,486147.5256792201
518399.08961999987,480955.9197834782
518399.08961999987,504159.2217780136
518399.08961999987,475858.4521476722
456301.0418999999,493704.4446053124
456301.0418999999,523001.30807215325
538009.0621999999,414294.7019468867
538009.0621999999,565687.0984400032
884579.2391499999,820788.4136770321
884579.2391499999,834759.4202124076
612908.4297142858,685978.3104343357
612908.4297142858,683882.0976742135
612908.4297142858,1023214.4987718173
612908.4297142858,1019919.7237331241
612908.4297142858,979782.7681445507
612908.4297142858,646453.9659800081
612908.4297142858,992852.8920995018
605519.1037500001,617532.0860694133
605519.1037500001,694528.7176056057
605519.1037500001,609823.2894092448
605519.1037500001,612491.0491503672
605519.1037500001,619044.4485781932
784878.2568,847252.9313852359
784878.2568,837554.5590317283
239485.45875,213035.12180191645
239485.45875,263149.22200878395
780423.1788,1004981.75375625
780423.1788,751007.4303466692
780423.1788,774204.9612197881
229122.424525,248203.50263407704
229122.424525,216682.68075233005
640696.0538250001,726093.1132711257
640696.0538250001,752752.0062244957
639583.0866653847,977353.7888249808
639583.0866653847,975461.902587624
639583.0866653847,658300.4382603054
639583.0866653847,644410.8248409615
639583.0866653847,672630.2785297681
639583.0866653847,1080977.298950374
639583.0866653847,675327.2424156498
639583.0866653847,973270.5780803928
639583.0866653847,935322.4772040816
639583.0866653847,935322.4772040816
639583.0866653847,936003.3933088949
639583.0866653847,619630.6405612453
639583.0866653847,668679.0820637764
816987.9288999998,697157.3090425836
816987.9288999998,691494.4955998944
124689.2353,123694.5710628553
124689.2353,194261.48210422142
124689.2353,115611.63961546472
193956.86295,141066.69585918228
358152.658375,416961.5358491945
358152.658375,586973.6870659775
799713.3046249999,816565.5258150126
799713.3046249999,800555.9689674531
404722.10485,364693.210091299
404722.10485,364693.210091299
404722.10485,474789.27662823227
404722.10485,449992.82260338136
605961.903825,743612.633769297
605961.903825,825340.1400804797
2662691.0458249995,3175188.9631626946
2662691.0458249995,2678629.929568923
359869.2669,392088.80453212064
534236.9540375,497180.42637916387
534236.9540375,544037.3569603381
534236.9540375,572618.9507261862
534236.9540375,561195.4314551207
490078.421,583390.5933819385
490078.421,608756.7784119997
595650.82565,773554.3139504425
595650.82565,929271.613220776
595650.82565,716758.1892031479
595650.82565,688599.3516233383
595650.82565,888629.4232609923
265986.1923,238677.84540102852
399347.57517499995,330370.2989517286
399347.57517499995,387577.1943801532
610129.2599999999,646648.6168385413
675206.7596999999,1086433.2414337015
675206.7596999999,1056624.755801694
440663.362775,418088.70092506707
440663.362775,526038.7708835618
477890.50946,451255.7080113912
477890.50946,451255.7080113912
477890.50946,522137.75100721803
477890.50946,530840.3464899182
477890.50946,501163.77276579954
597534.8047999999,708290.5755154998
597534.8047999999,707833.7305313456
597534.8047999999,797834.5230673694
597534.8047999999,758199.165645785
525787.858975,619138.2258383955
525787.858975,603804.4411602891
775087.9475,641167.3355794617
775087.9475,1068687.310952202
589167.2072000001,717842.7005224777
589167.2072000001,713999.5000466254
686525.4030500001,578984.6140212151
686525.4030500001,640319.2260535328
180399.5599,214969.29968227813
180399.5599,145613.80962054472
248813.551475,309293.1207810366
248813.551475,232320.3897235993
777950.4120199999,792306.1540481878
777950.4120199999,795651.528569567
777950.4120199999,692714.3468039886
777950.4120199999,792306.1540481878
777950.4120199999,774986.3484608938
627765.0820500001,792711.1620546449
627765.0820500001,697185.0524551085
627765.0820500001,702599.8250222503
627765.0820500001,779846.5158634024
627765.0820500001,685882.0714261587
627765.0820500001,852501.2005597708
1324420.0242333333,1330495.7801423082
1324420.0242333333,1775460.4868013076
1324420.0242333333,1328397.0385002005
1324420.0242333333,1337650.9753427515
1324420.0242333333,1775424.7407833352
1324420.0242333333,1325971.624145876
1324420.0242333333,1330356.588274376
1324420.0242333333,1758338.0901699723
1324420.0242333333,1780661.504705284
2646733.0286000003,2609052.8964301115
2646733.0286000003,2677988.1949019977
766401.2894142857,697230.6062990713
766401.2894142857,1111642.479935511
766401.2894142857,702021.2177421205
766401.2894142857,694487.6728530746
766401.2894142857,703585.18577724
766401.2894142857,1111678.225953483
766401.2894142857,685461.1963751784
987545.9381,955298.508942375
987545.9381,1387839.0191994803
987545.9381,1370670.577423568
848056.3130300001,1137729.6607312744
848056.3130300001,1149066.6291269136
848056.3130300001,745988.8453019734
848056.3130300001,1149066.6291269136
848056.3130300001,1152138.652251871
848056.3130300001,730481.1954734433
848056.3130300001,698129.8572208387
848056.3130300001,702616.4037960625
848056.3130300001,696419.9418214821
848056.3130300001,1160901.9831226813
473883.6799,763095.1391255442
473883.6799,610950.4354376156
473883.6799,589628.4341603033
722780.3265357142,776328.6854937398
722780.3265357142,1165491.316475342
722780.3265357142,1182373.8638731348
722780.3265357142,1182409.609891107
722780.3265357142,776090.0679747865
722780.3265357142,767889.3650948614
722780.3265357142,722236.6429048209
434210.90625000006,381334.14820735063
434210.90625000006,467750.151678201
819212.7055,1156318.6147610312
819212.7055,856105.5147369759
365562.31965,315287.8777165081
365562.31965,315287.8777165081
365562.31965,327401.84107066947
652600.888475,735602.6784182638
652600.888475,908611.8478986664
652600.888475,908611.8478986664
652600.888475,770724.2038617078
652600.888475,715751.5908059622
652600.888475,877772.3656948262
840606.80155,777551.3262442157
840606.80155,1243731.5739911709
527599.295825,665632.651577895
527599.295825,595499.2579123701
318630.53322499996,305224.01611747884
318630.53322499996,377764.9163748837
679817.4158,708614.1290631427
679817.4158,763884.1664767725
890095.2923,858312.1794369147
890095.2923,855792.657206927
457163.5803,521402.9661263953
457163.5803,418789.70290054195
457163.5803,521402.9661263953
457163.5803,495936.9681277371
384905.6445499999,375006.52927982586
384905.6445499999,363425.0509996049
395627.86622500006,415343.13816114306
395627.86622500006,371540.6872248686
1067384.10081875,1495352.07958495
1067384.10081875,1499342.5072615338
1067384.10081875,1495387.8256029224
1067384.10081875,1057542.4301142502
1067384.10081875,1058618.3531685853
1067384.10081875,1495352.07958495
1067384.10081875,1068939.8374809194
1067384.10081875,1458340.8753574183
1067384.10081875,1013273.6889588409
1067384.10081875,1022596.2398784534
1067384.10081875,1024636.3519897249
1067384.10081875,1497523.0068291759
377354.0915499999,424746.7606733681
377354.0915499999,303454.4857321532
556493.3779999999,628835.4962674547
556493.3779999999,564322.9565003146
556493.3779999999,673199.6746825787
556493.3779999999,571782.3138549468
295050.80880625,304335.7766788259
295050.80880625,268983.3533157146
295050.80880625,301864.7089342464
295050.80880625,327316.52040581295
441870.6634875001,455513.24430932937
441870.6634875001,482071.1544772559
441870.6634875001,486612.8161367382
441870.6634875001,454667.1022139526
441870.6634875001,483423.01028220844
441870.6634875001,566738.0147435266
568431.9285333334,969181.8702679826
568431.9285333334,638495.5383457148
568431.9285333334,969400.6655982868
568431.9285333334,639248.1641988297
568431.9285333334,637984.5200859598
568431.9285333334,640585.7267512243
568431.9285333334,1077953.658175378
568431.9285333334,971953.5694706906
568431.9285333334,1006794.1381094977
768008.5737857142,774112.7123494097
768008.5737857142,1084260.7344015213
768008.5737857142,831910.9759525708
768008.5737857142,1084260.7344015213
768008.5737857142,1074714.958274885
768008.5737857142,1074949.7297752292
768008.5737857142,800462.2076170044
1254809.21445,1385963.7904090427
623968.889125,573474.1941192925
623968.889125,601370.9127812758
643668.5275428572,1039711.4114710246
643668.5275428572,697785.0443246989
643668.5275428572,697785.0443246989
643668.5275428572,1034534.2500966704
643668.5275428572,657334.9756515978
643668.5275428572,657849.6924741447
643668.5275428572,662950.0694820541
594369.2427999999,900288.8057288212
594369.2427999999,701473.57423404
594369.2427999999,701473.57423404
594369.2427999999,792868.8518365121
283185.5445,323678.4559158716
283185.5445,248908.4290354913
323766.03695000004,342177.9867445876
323766.03695000004,429742.9763177616
323766.03695000004,292621.2323982066
373257.2053,393035.25717727584
373257.2053,560800.2330223685
373257.2053,442750.2364635651
2558634.8797750003,2447710.816019874
2558634.8797750003,3005317.031872778
384522.253675,366409.14889772946
384522.253675,362753.6396350136
422143.1868625,377464.5278319668
422143.1868625,430783.7486433862
422143.1868625,497356.7559961326
422143.1868625,500708.0072205514
576381.5554249999,648847.3534307933
576381.5554249999,626065.7385636865
427164.320575,353580.002753057
427164.320575,316843.157660631
489488.58374999993,541464.4959501267
489488.58374999993,457749.6029525163
489488.58374999993,389664.14693287166
345909.68445,358961.2236451228
345909.68445,349645.4959466736
754457.2939,1177150.5169417064
754457.2939,781278.5854715325
406482.7052,390988.2900055135
571558.6545000001,978080.8144573853
571558.6545000001,988366.3607952828
748486.50765,1095804.5512586394
748486.50765,813303.6173714113
748486.50765,819755.011509147
748486.50765,804901.8146972723
748486.50765,798535.1650475509
748486.50765,812792.5991116563
748486.50765,1129064.038679907
629204.3875562501,642683.1451394254
629204.3875562501,975464.7144988447
629204.3875562501,626947.1857088936
629204.3875562501,972039.0765149074
629204.3875562501,957347.2881819606
629204.3875562501,931531.8183425666
629204.3875562501,957347.2881819606
629204.3875562501,603346.9382843749
600345.6254,551057.1608323795
600345.6254,551135.6637299568
600345.6254,557502.3133796782
600345.6254,664029.7620984899
600345.6254,538810.0354117908
600345.6254,539852.3143262366
267998.3453,252659.06208032474
267998.3453,420152.8348750875
455588.2247,469513.8341806276
455588.2247,470876.63750924054
455588.2247,472923.8214112385
422441.94877500006,366156.3816906557
422441.94877500006,462844.43408610695
606853.05605,817034.8224561473
606853.05605,687777.50162501
589387.4187999999,557939.2343092032
589387.4187999999,587458.6558832005
181419.61744999996,128573.82566814474
181419.61744999996,163820.2623299252
649599.56685,680244.026291473
553776.0839285714,955290.6070670593
553776.0839285714,635009.933426318
553776.0839285714,1065472.3318963284
553776.0839285714,629957.5606731366
553776.0839285714,955071.8117367551
553776.0839285714,618488.971012029
553776.0839285714,629895.82771774
322300.0643999999,386362.56553580915
322300.0643999999,386362.56553580915
322300.0643999999,344388.62956231757
885762.0183714287,939585.2510526534
885762.0183714287,895014.9940874901
885762.0183714287,948824.0216734296
885762.0183714287,1150544.7479177571
885762.0183714287,915874.8214196241
885762.0183714287,1129204.8120255317
885762.0183714287,1135332.2276906052
375718.6392999999,394460.34120615403
375718.6392999999,482575.5784521539
375718.6392999999,476722.6014903538
375718.6392999999,382598.01756628085
321709.25299999997,272447.1196583987
321709.25299999997,328736.8080729812
607431.6688999999,651873.0745793451
610687.2123,792516.5352091108
610687.2123,916791.3194239852
592633.9895599999,1005875.4596570036
592633.9895599999,1002026.2865431439
592633.9895599999,665273.2607220184
592633.9895599999,1005354.692413718
592633.9895599999,665065.0243082771
432771.09385000006,499680.02560124284
432771.09385000006,377680.184124242
1296077.809,1300385.7243772857
1296077.809,1733016.6977676079
1296077.809,1736937.199514687
1296077.809,1295595.1129342364
1296077.809,1286768.0892285453
1296077.809,1288224.1714546806
1296077.809,1286768.0892285453
1296077.809,1732393.1546564396
1296077.809,1736169.4768040662
893035.62785,890349.5266793699
893035.62785,1315419.0075707007
300759.52517499996,236765.9798267419
300759.52517499996,188546.3522895896
312317.322525,262576.0177722101
312317.322525,215919.1129807051
604600.0171399999,784060.8861198337
604600.0171399999,784279.6814501379
604600.0171399999,649212.0111446803
604600.0171399999,784279.6814501379
604600.0171399999,721201.5494927743
800837.6581199999,792074.6222115034
800837.6581199999,788124.1599722876
800837.6581199999,819525.4773871854
800837.6581199999,900633.0666217442
800837.6581199999,818444.7390752451
457762.48704999994,819590.4742309394
457762.48704999994,649338.371203262
594639.6165499999,683688.6172024455
594639.6165499999,688592.2928943236
594639.6165499999,556132.958813408
2728922.5429,3042081.1213355404
2728922.5429,2543817.2337976806
2728922.5429,3039255.600863322
381323.88836249994,395848.6467981967
381323.88836249994,477257.0728217179
381323.88836249994,415849.4191091924
381323.88836249994,475051.4663503112
847182.9221000001,839911.9969924431
847182.9221000001,866210.1696449112
2602537.620275,3006159.827695019
2602537.620275,2492861.662683336
418975.53185,447579.2445144087
418975.53185,532101.2559167047
871578.9484499998,901750.8237174074
871578.9484499998,900845.136542201
871578.9484499998,902261.8419771625
871578.9484499998,900845.136542201
871578.9484499998,899286.5523748628
871578.9484499998,901948.1806867038
811964.2734642857,1240756.3895014152
811964.2734642857,806839.928991574
811964.2734642857,811630.5404346231
811964.2734642857,1243792.6666084006
811964.2734642857,1240097.100372275
811964.2734642857,803833.9315010268
811964.2734642857,775957.4356530568
449058.979375,437105.0623597294
449058.979375,429600.172376962
449058.979375,423782.44813483546
449058.979375,415204.0693959216
449058.979375,438210.89451681817
449058.979375,529380.71836874
449058.979375,522165.62336398533
510296.9523,539877.6426175981
510296.9523,562333.844763436
543832.89175,660988.594922482
543832.89175,931962.1977729513
265158.435975,358468.4014285624
265158.435975,271509.6414135988
722713.0778000001,1070025.5872549152
722713.0778000001,1130110.8384230463
803826.61475,646684.7029236102
803826.61475,1109334.1637411318
564806.94575,557761.2253427705
564806.94575,577921.8902370561
564806.94575,585363.6232617006
617888.61735,681549.4223663321
534409.1464285715,514779.2574841785
534409.1464285715,495480.56697859534
534409.1464285715,517653.39155528194
534409.1464285715,495343.2695620623
534409.1464285715,497135.0674578444
534409.1464285715,520950.1193923584
534409.1464285715,490793.962733387
483709.8016,789035.955434823
483709.8016,580635.3638108921
483709.8016,587634.7559202826
823759.6458812502,1166894.8226067545
823759.6458812502,1166894.8226067545
823759.6458812502,750050.6651383787
823759.6458812502,1169666.5218094625
823759.6458812502,1162224.848218263
823759.6458812502,757500.6029279651
823759.6458812502,748430.9667190958
823759.6458812502,1137045.8093335284
823759.6458812502,705076.1895133664
823759.6458812502,715175.141347716
823759.6458812502,715856.0574525294
823759.6458812502,745876.9224162425
427606.682875,385061.81449162925
427606.682875,483558.27367401356
427606.682875,362535.478300371
427606.682875,378311.80123351974
295479.46005,266894.83529274527
295479.46005,262295.981183881
573842.975625,688773.7852245568
573842.975625,1014486.8948271023
573842.975625,728629.5046196872
573842.975625,687207.4970907912
573842.975625,1014486.8948271023
573842.975625,951492.4533538392
573842.975625,657712.2864288319
573842.975625,700762.6770802453
573842.975625,981616.0891064126
573842.975625,717362.3714304792
369989.107625,294056.01653934363
369989.107625,327132.14085284976
550919.8950199999,624375.8722170811
550919.8950199999,650426.2540516779
550919.8950199999,645635.6426086287
550919.8950199999,923561.0107299145
550919.8950199999,957812.5914379845
616738.95282,880438.3299943506
616738.95282,880438.3299943506
616738.95282,639741.1413330729
616738.95282,830531.9345343492
616738.95282,815099.286099796
585631.8482499999,860102.913911093
585631.8482499999,690873.1069062166
585631.8482499999,676556.9858537735
587348.3899000001,686865.7424804531
587348.3899000001,675434.1390571586
587348.3899000001,757270.4551490047
245583.2425,202987.52468918083
245583.2425,322937.2905001162
245583.2425,315922.3419859294
371960.05859999993,668588.4015841583
371960.05859999993,543605.5656145654
371960.05859999993,556354.6526617648
221523.01294999995,215453.9513679928
221523.01294999995,232305.33545337757
221523.01294999995,146110.59775256272
900560.6665700001,1256605.012760672
900560.6665700001,826696.055600844
900560.6665700001,819218.8179906774
900560.6665700001,1256605.012760672
900560.6665700001,1256605.012760672
900560.6665700001,817942.2430780893
900560.6665700001,777404.5050977457
900560.6665700001,1229192.0864241477
900560.6665700001,778085.4212025591
900560.6665700001,807289.4088105962
859832.7513999998,738118.5455688369
859832.7513999998,719860.9066626832
859832.7513999998,1139534.485988491
859832.7513999998,726780.2419441696
859832.7513999998,728043.8860570395
859832.7513999998,1139498.7399705187
859832.7513999998,1130306.1827171624
302569.66845,307944.2000665847
302569.66845,391062.24389935203
520464.00619999995,583268.5728374156
520464.00619999995,672497.0075277175
619432.5491749998,698637.0681964146
619432.5491749998,694905.0466965085
619432.5491749998,702527.0035418024
619432.5491749998,701710.351186745
619432.5491749998,1056424.9124938792
619432.5491749998,698464.7087523098
619432.5491749998,714164.5101620654
528542.30085,691198.8260021786
528542.30085,921218.2842501595
785832.81088,732970.4588569098
785832.81088,1161378.60860652
785832.81088,746508.5333531203
785832.81088,1165259.2787184964
785832.81088,750513.258407758
785832.81088,757529.4471137129
785832.81088,1133717.487343702
785832.81088,700780.0619410091
785832.81088,711944.91929813
785832.81088,715746.4486216333
452865.53185,477543.7397087222
452865.53185,612994.5626554702
774060.09035,913865.3456910647
774060.09035,1094698.3503646064
670436.7382000001,1064184.963386913
670436.7382000001,697211.2676827903
605807.1295499998,500367.3154508384
605807.1295499998,502071.3510334317
270692.19405,210075.84751696524
270692.19405,296641.51343504875
603310.1788999999,878984.4834770658
603310.1788999999,874898.204502434
603310.1788999999,868981.9217974511
871198.2018999999,1221450.011976361
871198.2018999999,1193693.677980394
670955.0156500001,1017866.9936344046
670955.0156500001,621601.4760965628
665197.03,810284.2794842175
665197.03,718036.4177182456
665197.03,742640.6950092952
665197.03,705205.8367987749
665197.03,807895.0308698083
665197.03,819841.3583870026
665197.03,727855.3192017762
665197.03,716964.5820569908
427457.5384,453384.74411001464
427457.5384,569933.273429087
427457.5384,543301.2477550342
587277.5876,572847.6053164308
587277.5876,689612.9084827134
587277.5876,627182.0166032312
587277.5876,588755.4293412822
358295.0323,324567.8459606925
549843.2818250001,665088.548355957
549843.2818250001,559846.7073795028
549843.2818250001,635788.8105107225
549843.2818250001,534892.4336897673
530483.777109375,522540.6354633187
530483.777109375,535565.2375218065
530483.777109375,614880.2553763314
530483.777109375,517910.3433992071
530483.777109375,518706.06271262426
530483.777109375,517635.93441896694
530483.777109375,517635.93441896694
530483.777109375,494797.3398758957
612948.1634363637,975629.9764324087
612948.1634363637,644943.6445101409
612948.1634363637,975629.9764324087
612948.1634363637,644943.6445101409
612948.1634363637,663996.0671972824
612948.1634363637,975629.9764324087
612948.1634363637,644432.6262503859
612948.1634363637,619856.8128608828
612948.1634363637,938928.2544544206
612948.1634363637,608155.0322366161
612948.1634363637,643080.6860913597
830778.9204999998,1289318.8034655796
830778.9204999998,1321027.8698286335
830778.9204999998,917789.032685858
529600.7599000001,541501.6708909087
529600.7599000001,538850.3653388312
529600.7599000001,531585.5272521267
825567.0136250001,936630.0403619618
825567.0136250001,1093611.7918714369
825567.0136250001,891827.1394164623
825567.0136250001,1099770.1260953648
825567.0136250001,912178.2383479011
825567.0136250001,912178.2383479011
825567.0136250001,1077011.3588690571
825567.0136250001,921157.2529735212
552232.6562999999,659985.6461718808
552232.6562999999,620996.7907508308
552232.6562999999,619733.1466379609
552232.6562999999,702714.5375466292
514799.5988499999,683616.6845483597
514799.5988499999,629511.3438856128
792137.6486099999,836513.2570500441
792137.6486099999,834560.8213213191
792137.6486099999,838160.8522441098
792137.6486099999,837344.1998890524
792137.6486099999,822705.7004683082
644583.64865,1073403.2382075961
644583.64865,719462.4045128416
768773.2385307692,1148368.1150955306
768773.2385307692,1151059.7023944252
768773.2385307692,733554.6791034039
768773.2385307692,739072.7244317301
768773.2385307692,733725.8301976046
768773.2385307692,1148368.1150955306
768773.2385307692,740636.6924668496
768773.2385307692,683894.5189022908
768773.2385307692,684083.153083464
768773.2385307692,696572.9364219838
768773.2385307692,1118344.775392807
768773.2385307692,685793.0684828205
768773.2385307692,1097628.765113778
426494.188075,416564.77585515147
426494.188075,474560.04923147534
846810.3326500001,1248024.6881160429
846810.3326500001,797946.8581968436
440769.159075,500168.53933154664
440769.159075,432472.73293103115
267923.08732500003,229040.76495002134
267923.08732500003,299664.2975278074
626199.7599000001,678228.0398828349
626199.7599000001,657355.951675487
626199.7599000001,752374.0718208503
626199.7599000001,679086.4538946581
388236.1038,516787.7974446716
388236.1038,530532.1091113017
886645.5789000001,897507.2014722091
886645.5789000001,897507.2014722091
886645.5789000001,871846.7498202466
886645.5789000001,1176267.9134635397
886645.5789000001,873110.3939331165
886645.5789000001,851626.7372615258
606443.2738,697684.524581494
606443.2738,612598.4201768608
873012.8268,1212182.3929365864
873012.8268,938506.2320949017
873012.8268,1005838.1497766946
873012.8268,998939.7152981143
873012.8268,932633.9092903873
873012.8268,991061.4126304241
873012.8268,1168117.4661408458
873012.8268,993374.0014465465
578127.38745,552153.0184109063
578127.38745,641113.9212814351
720077.90175,720738.4516059884
1434578.7237227273,1686499.7523765157
1434578.7237227273,1687047.8410970457
1434578.7237227273,1684945.6246751333
1434578.7237227273,1222382.5367017724
1434578.7237227273,1682614.9966474087
1434578.7237227273,1220797.3096624664
1434578.7237227273,1687047.8410970457
1434578.7237227273,1219189.2947214628
1434578.7237227273,1682579.2506294367
1434578.7237227273,1222032.402025271
1434578.7237227273,1185077.8345575535
277772.17215,180106.14503015927
277772.17215,258780.72695033404
378297.12619999994,347880.99820732273
378297.12619999994,387541.52849875507
378297.12619999994,347731.83125808527
410188.05519999994,399766.1028682663
410188.05519999994,430238.75603234593
377091.0764,554067.1903647176
377091.0764,556787.4683166312
211256.4566,163549.66798700835
211256.4566,264940.3965522848
211256.4566,251664.2106540621
667089.4187999999,1014805.4167543605
667089.4187999999,917344.6262152304
1244914.0028,982360.3540547553
247772.2487,251487.90772157873
247772.2487,329647.86873467994
247772.2487,321784.8397553133
397676.71895,501135.7933516576
397676.71895,505888.4406472126
648369.66845,778461.5562980231
648369.66845,778480.2099864233
648369.66845,778480.2099864233
648369.66845,778461.5562980231
648369.66845,814943.4957003627
978361.46595,1248096.5257312004
726249.7105071427,687666.8975233509
726249.7105071427,688930.5416362208
726249.7105071427,694508.5598099827
726249.7105071427,693049.881175626
726249.7105071427,688930.5416362208
726249.7105071427,674436.7091997036
726249.7105071427,1098186.2572568902
382805.00404999993,348537.1160540545
382805.00404999993,438711.6998067424
1055992.8427,1396177.7294299034
1055992.8427,982047.4517526678
425457.380525,458948.23701397417
425457.380525,464872.51104769064
738685.7435000001,706089.1385020037
738685.7435000001,696351.2234229117
508526.09190000006,587334.121916522
508526.09190000006,555956.094434433
508526.09190000006,553541.7054958207
508526.09190000006,639522.3347146508
508526.09190000006,580609.3148979666
508526.09190000006,553479.235015668
508526.09190000006,533302.9263959802
759189.8058,681808.5213680465
759189.8058,685266.8200182314
188939.74925,210162.46803006192
188939.74925,148346.25003377628
896160.8559249999,871055.8302674714
896160.8559249999,848926.7789387824
462632.8996999999,430625.7759000443
462632.8996999999,430625.7759000443
462632.8996999999,421930.95235522935
462632.8996999999,489089.2012855406
164552.129,140326.25105094886
164552.129,213133.17559178668
164552.129,134023.94384348823
899492.7909499999,911891.5354810221
899492.7909499999,923318.9809780614
899492.7909499999,917264.7254221424
899492.7909499999,1239157.1008101879
899492.7909499999,1191715.3097946048
899492.7909499999,954778.5617714901
899492.7909499999,1276559.2825528607
579368.5442749999,528447.2620696304
579368.5442749999,520491.4451624773
929013.679295,936542.9302658492
929013.679295,1388098.4498869502
929013.679295,1385026.4267619927
929013.679295,1385062.1727799647
929013.679295,1385026.4267619927
929013.679295,943162.5856229328
929013.679295,944651.4149456976
929013.679295,942016.2993983192
929013.679295,959200.5317465253
929013.679295,931243.014812558
587621.6636,612442.462202466
587621.6636,586906.5885540495
587621.6636,695777.8125276775
587621.6636,614684.8481277118
587621.6636,681077.129635536
508493.08455,789956.4217740322
508493.08455,603537.9068418142
367257.458425,291388.0705052752
367257.458425,333862.23552028846
440586.2812,506726.2081850283
440586.2812,411998.33504415955
440586.2812,427951.6747024092
577032.811655,685873.3744217849
577032.811655,708490.382356011
577032.811655,709818.0529708234
577032.811655,681907.675848288
577032.811655,708490.382356011
577032.811655,650957.5909416844
577032.811655,991104.8685496352
577032.811655,990423.9524448218
577032.811655,680889.2882508081
577032.811655,728027.0421630264
2532444.8698,2536447.4419467603
2532444.8698,2509436.7113619866
2532444.8698,2556734.320264873
469236.7027,460985.8061995795
469236.7027,472733.8681273042
469236.7027,458572.14686147857
494696.46984999994,448055.65676353546
494696.46984999994,531866.2189801516
410415.9166749998,500058.9952604875
410415.9166749998,450789.30312866846
637351.8663999999,723531.4730695052
637351.8663999999,745721.9539293151
637351.8663999999,746270.0426498454
637351.8663999999,739460.0948904603
637351.8663999999,738274.242678348
486536.71735,583996.3408917708
486536.71735,620513.6845929939
486536.71735,448252.7287784178
796603.9365714286,1165156.0356960269
796603.9365714286,769028.0241105392
796603.9365714286,1165120.2896780549
796603.9365714286,758704.4806138
796603.9365714286,1159108.5041727182
796603.9365714286,770211.5563195957
796603.9365714286,1187132.380234489
554817.0746500001,595942.1212655781
554817.0746500001,942843.8617872498
786460.986,897918.0693729381
786460.986,871985.2270293729
786460.986,854092.2942745385
786460.986,854092.2942745385
786460.986,1039158.1517540533
786460.986,875520.8807562846
751227.579740909,1121314.212415121
751227.579740909,839201.5002590194
751227.579740909,1121314.212415121
751227.579740909,839201.5002590194
751227.579740909,847770.3499988732
751227.579740909,848281.3682586282
751227.579740909,804448.3583759934
751227.579740909,826224.1800147579
751227.579740909,817084.0602149435
751227.579740909,1091349.6194539398
751227.579740909,801923.0751010493
615673.8712625,733065.4542937296
615673.8712625,679290.4365864191
615673.8712625,829902.3708538737
615673.8712625,827710.4440600103
876225.2300214285,1292751.0061147334
876225.2300214285,858171.3658693023
876225.2300214285,870826.5489020898
876225.2300214285,1308262.557831454
876225.2300214285,858171.3658693023
876225.2300214285,874825.6522646173
876225.2300214285,873403.9643464186
876225.2300214285,863644.7350017725
876225.2300214285,844411.0580431588
876225.2300214285,826727.4560223634
876225.2300214285,1282461.777349012
876225.2300214285,844411.0580431588
876225.2300214285,845091.9741479722
876225.2300214285,832875.3230273324
256191.7465,208051.376804162
256191.7465,165979.44363107887
552471.5896,711237.5512220478
552471.5896,839594.3136696771
552471.5896,711237.5512220478
552471.5896,691297.9007342556
552471.5896,824262.5594314267
552471.5896,705050.6019010709
456997.96675,598117.0082195085
456997.96675,524504.300323362
456997.96675,701919.8861210257
456997.96675,590824.9414934989
632536.8317,644907.7143650498
660933.704375,707498.5186067784
660933.704375,676231.6144113491
375151.1406,301933.980762872
375151.1406,305252.1129740506
732343.6643,815780.3425487472
732343.6643,1052131.4343742165
732343.6643,1069808.9389654424
732343.6643,1055205.77759782
732343.6643,800339.7687282737
527687.4221,560578.3770804958
527687.4221,489187.2329423077
527687.4221,466742.8917044232
801572.4737,891864.2921912107
801572.4737,1293936.6037573428
246658.34492499995,210634.80369751365
246658.34492499995,177076.88095863088
501670.68030000007,492232.3014408591
501670.68030000007,645999.0417816122
501670.68030000007,522166.9945368726
501670.68030000007,529465.9817689596
413026.719575,393207.560970266
413026.719575,496377.39882475813
558525.8847249999,661797.7291672536
558525.8847249999,605861.136235678
558525.8847249999,647700.9704233814
558525.8847249999,623253.5790480883
455013.9188,413768.85373280157
455013.9188,416975.37153065647
455013.9188,533596.0460680751
455013.9188,438930.03011813585
280902.63905,240560.00148491614
280902.63905,240183.73102802993
280902.63905,193070.93685645983
458928.7311,686661.3065646256
458928.7311,576474.7197835951
458928.7311,666298.8381985633
192191.72245000003,268863.36083055916
192191.72245000003,182247.56522931467
473198.9801,738670.0227378735
473198.9801,740157.6112593894
1279029.454,1675993.758273648
1279029.454,1223081.7539041052
497417.02357499994,581436.2746423946
497417.02357499994,523489.1572263959
719432.4440142856,773274.972450242
719432.4440142856,1140700.861263834
719432.4440142856,775263.0738618677
719432.4440142856,759153.305748949
719432.4440142856,777066.914407599
719432.4440142856,755532.676948924
719432.4440142856,746971.9651438784
952978.0656000002,896220.6864043952
952978.0656000002,1335725.9182572123
952978.0656000002,1332653.8951322543
952978.0656000002,896315.9765055487
952978.0656000002,1332653.8951322543
952978.0656000002,907006.1624843131
952978.0656000002,1335345.482431149
952978.0656000002,1309723.2905708083
952978.0656000002,1309723.2905708083
952978.0656000002,1309723.2905708083
952978.0656000002,868651.6414063605
952978.0656000002,1332409.6707705683
716362.55565,1015718.3953928682
716362.55565,812843.7173278324
857398.0362999999,1190953.7947426806
857398.0362999999,836185.7716734798
573020.2881499999,850671.6113817077
573020.2881499999,653430.8818230744
666287.1517749999,721849.7506198549
666287.1517749999,722360.7688796099
666287.1517749999,815006.8439431286
666287.1517749999,699486.8296026048
744577.3742499999,1080002.2294041065
744577.3742499999,844431.5548796912
744577.3742499999,796896.3318766962
627975.1951,780882.4194674605
627975.1951,655302.5789324469
260639.57745,208771.47078456555
260639.57745,337698.3464146431
308015.82649999997,224887.13580849243
308015.82649999997,233761.60696746712
308015.82649999997,347329.8901830868
666723.527334375,1118734.6846786113
666723.527334375,1118515.8893483072
666723.527334375,769717.4977609093
666723.527334375,794860.0403590262
666723.527334375,793989.6489495233
666723.527334375,769206.4795011543
666723.527334375,793989.6489495233
666723.527334375,1222134.6668959302
666723.527334375,731699.3995254122
666723.527334375,1082000.9980684482
666723.527334375,731699.3995254122
666723.527334375,756448.3736963227
666723.527334375,747880.8707041994
666723.527334375,1082207.3291776103
666723.527334375,1080470.1960967355
666723.527334375,1196342.9524538433
397951.61655,376590.3020272185
397951.61655,320768.478128915
397951.61655,340712.5369344051
349522.80994999997,307241.42125300964
349522.80994999997,267112.47241984145
349522.80994999997,256163.23672918405
447783.74805,477966.0431640146
447783.74805,498927.37181743456
447783.74805,611160.1653078956
292883.4597,212963.42726174957
292883.4597,321828.95670220343
292883.4597,213708.67944838415
590292.81465,677348.3022486827
590292.81465,1004153.9397966686
590292.81465,1002493.1171195812
590292.81465,668816.0710068446
590292.81465,665740.0912984557
590292.81465,684444.3486161473
407831.0528,414902.6064423757
407831.0528,466897.67543705186
407831.0528,578044.8810858045
287824.87889999995,418747.65844054514
287824.87889999995,409796.1498850216
287824.87889999995,312253.4798555455
465469.52754,467173.95034719456
465469.52754,469870.382564415
465469.52754,479209.75131168676
465469.52754,468304.0944306494
465469.52754,538137.6309406967
318456.13665,247419.73132310587
318456.13665,371318.46792228613
951691.736771154,908272.056194924
951691.736771154,1321065.3799289016
951691.736771154,890434.2375905525
951691.736771154,1321029.6339109293
951691.736771154,885087.343356427
951691.736771154,873764.239716613
951691.736771154,892263.2815045875
951691.736771154,897753.5850228607
951691.736771154,1312820.915179551
951691.736771154,870184.5400248262
951691.736771154,871681.471117398
951691.736771154,853316.9529917893
951691.736771154,849078.022300334
595611.5211499999,633017.7049607096
595611.5211499999,674386.3214061932
595611.5211499999,624665.6955779004
595611.5211499999,603248.6538711244
580384.038225,597170.7096199727
580384.038225,623049.5275508541
421686.6155999999,353640.9958901393
421686.6155999999,427361.039170672
421686.6155999999,366463.6531638822
305234.20135,342402.3456818339
305234.20135,342509.68597313826
305234.20135,317880.2625617425
334730.3647,296761.36455797625
334730.3647,299342.81912778
334730.3647,255233.25964059692
256805.594,274112.8702402528
256805.594,198847.96175701392
488211.38154999993,552690.309374044
488211.38154999993,398309.42545766203
676455.6372,1094541.9287048038
676455.6372,617115.827315308
463858.0877875,537240.7187445048
463858.0877875,459058.94015254406
463858.0877875,431608.0133856612
463858.0877875,492841.7673764003
462943.298925,586015.9429903888
462943.298925,496029.3301459992
462943.298925,578743.4922185484
462943.298925,481436.7330538997
563087.5234499999,626891.5617146043
563087.5234499999,626380.5434548494
563087.5234499999,626891.5617146043
563087.5234499999,626891.5617146043
563087.5234499999,629967.5414229932
563087.5234499999,626880.7427784087
563087.5234499999,639117.181761899
437467.83235,394096.3937392932
437467.83235,566723.7454715504
437467.83235,387381.2621012558
341131.84355,395085.5227813764
636998.0056999999,665237.5606683863
636998.0056999999,658852.5510880888
569061.65532,702383.1578568956
569061.65532,834152.8345336593
569061.65532,832092.3885712782
569061.65532,816354.0402448128
569061.65532,680275.5703244573
231410.1482,200717.65762906318
231410.1482,189825.69217134075
679453.6876749999,831329.5489394057
679453.6876749999,958127.0027631847
679453.6876749999,826538.9374963565
679453.6876749999,813903.8760773139
679453.6876749999,745556.3379679982
679453.6876749999,926165.0039341518
543775.68705,811241.0120800278
543775.68705,667348.1030561312
543775.68705,795200.6176086846
463787.417375,508512.28764134075
463787.417375,928975.9036315058
874248.1211142858,744618.8728462581
874248.1211142858,740657.6743325515
874248.1211142858,740657.6743325515
874248.1211142858,760386.786981113
874248.1211142858,745213.5854832932
874248.1211142858,746039.7199060526
874248.1211142858,860718.7803011946
173810.3102,178400.3330821984
173810.3102,141706.20487067802
173810.3102,167435.56750713557
378143.3201,390807.3884267834
378143.3201,365711.8001505451
378143.3201,343965.8928721974
535670.07175,628293.897156365
535670.07175,912737.509207956
948698.9032357144,1079687.7417636435
948698.9032357144,1075134.5175567607
948698.9032357144,908857.6481492794
948698.9032357144,907630.147564695
948698.9032357144,927167.1569963773
948698.9032357144,905697.964417668
948698.9032357144,886271.4340029408
711776.1522,660040.3380805389
711776.1522,1108108.271931246
779838.7367749999,1126309.1927425847
779838.7367749999,1127952.0471731205
779838.7367749999,726712.5960904659
779838.7367749999,732766.8516463849
779838.7367749999,733067.1755686345
779838.7367749999,720681.1230103892
779838.7367749999,715207.7538779189
779838.7367749999,1153487.572643006
581272.7925999999,1082819.8712593727
581272.7925999999,681481.1725938845
581272.7925999999,650552.4972851676
581272.7925999999,664599.0250508216
581272.7925999999,648229.1434298935
581272.7925999999,680217.5284810147
581272.7925999999,672254.660501107
674210.8036000001,1038234.3139465975
674210.8036000001,1031970.2411360359
318328.64358750003,317595.6053855023
318328.64358750003,317595.6053855023
318328.64358750003,349375.84947912605
318328.64358750003,463693.9815135581
333939.3664,376827.4449546432
333939.3664,227325.23850804666
438416.02416,449253.7864472171
438416.02416,452914.46792528115
438416.02416,430194.0177713026
438416.02416,520771.65425913443
438416.02416,505262.6809937038
924805.87575,956410.9248517649
924805.87575,956683.3876832512
924805.87575,931195.1931654834
924805.87575,931336.7757597384
924805.87575,909670.7880774327
924805.87575,1374631.8125785415
490708.65974999993,579023.2808318172
490708.65974999993,453122.1015350275
713569.33515,720814.8771549312
713569.33515,732492.2547272724
471731.3433,543848.183512388
471731.3433,473029.44584645017
620359.9561000001,687671.9730647998
620359.9561000001,767601.6630647335
298820.56192500005,306557.14843350527
298820.56192500005,251045.08241754927
259229.88909999997,254154.32310547924
259229.88909999997,416098.1772849425
402397.978925,412500.4431704156
402397.978925,364334.36779908603
497071.3729000001,607458.4191980439
497071.3729000001,654232.1386608852
569390.4577,631989.0735943705
569390.4577,561453.0403526052
463813.9644,582748.9233462096
463813.9644,600656.5527851332
463014.2051999999,620568.3728552158
463014.2051999999,620568.3728552158
463014.2051999999,616853.0925002691
560024.1651399999,592127.7220332613
560024.1651399999,579134.0029953275
560024.1651399999,574319.0820102283
560024.1651399999,596615.7825163428
560024.1651399999,575410.684507514
941910.681875,927948.6145903082
941910.681875,929514.9027240737
941910.681875,911645.5925878
941910.681875,929512.5826254276
941910.681875,920288.6819094624
941910.681875,896934.773604651
941910.681875,1355307.0460236468
941910.681875,916274.9703574982
562098.4938,595530.8885352463
562098.4938,490429.0672699602
688925.4095499999,775250.3728508274
688925.4095499999,728357.736179279
688925.4095499999,1060316.363903319
688925.4095499999,733546.127842675
688925.4095499999,1097786.0416499581
405091.36464999994,424028.2547246329
405091.36464999994,344848.2070336124
405091.36464999994,298517.71031008055
739674.1111,713474.256254898
739674.1111,673866.8419633175
658228.68461,700817.962139705
658228.68461,794068.0290986211
658228.68461,789821.6177139409
658228.68461,667824.1517136362
658228.68461,783183.2991740205
329320.7154,325025.85984120605
329320.7154,376802.5671909371
329320.7154,316341.39018756663
612988.4088,645142.5065263049
612988.4088,638209.7060353785
233056.983475,286778.901585626
233056.983475,228664.98615591566
701344.693725,962932.5907478195
701344.693725,965226.5547899934
701344.693725,842055.9567215405
701344.693725,798226.4170596098
701344.693725,921703.344987982
701344.693725,819735.8215294555
400697.69875,516353.78360364854
400697.69875,516353.78360364854
400697.69875,365106.74940580403
487572.47522499994,601126.2973495508
487572.47522499994,768880.2551918032
517838.52737499995,588689.3173872296
533993.5923,675273.7857983349
533993.5923,523534.0388136986
533993.5923,673246.7924422179
533993.5923,643712.3625153047
533993.5923,498695.034119435
533993.5923,499849.1731016272
509743.9208625,575173.9110414898
509743.9208625,664522.286596769
509743.9208625,664488.0024295275
509743.9208625,551175.3166772933
908971.5107,1374958.076894059
908971.5107,1335036.9116884237
611468.9774999999,574784.6113245535
611468.9774999999,661530.9267643772
611468.9774999999,661749.7220946813
611468.9774999999,544080.714070047
481684.51739375,679573.0769308285
481684.51739375,499284.3512267872
481684.51739375,685440.818288424
481684.51739375,492546.8298591393
481684.51739375,679573.0769308285
481684.51739375,485570.7187145862
481684.51739375,489073.14703500684
481684.51739375,684558.1719708723
648003.12138,1093070.1662887356
648003.12138,665533.5054085099
648003.12138,674740.683259807
648003.12138,669950.0718167578
648003.12138,674740.683259807
648003.12138,1061953.3928405242
648003.12138,627823.6436814932
648003.12138,630085.7893522901
648003.12138,1061833.5231967438
648003.12138,660691.1978482148
560331.2169,624856.1639283332
560331.2169,622343.4832321706
560331.2169,624856.1639283332
560331.2169,613969.1492933101
759658.0315071429,912510.6276139366
759658.0315071429,1052297.3294128503
759658.0315071429,1056637.3600907377
759658.0315071429,861046.3824290333
759658.0315071429,1036811.5012470187
759658.0315071429,888187.3509718131
759658.0315071429,894663.04865032
613616.0349,885186.2941710724
874538.0754,1136535.7384970714
521339.75007499993,631157.9942933363
521339.75007499993,982828.3373720443
750368.197325,680410.7254200611
750368.197325,694919.2027435384
750368.197325,693084.9662088377
750368.197325,695342.6087768928
750368.197325,693465.4020349007
750368.197325,689469.3021713492
750368.197325,702635.3077360536
750368.197325,1126677.3197943156
274820.0301,280088.5444733549
274820.0301,299287.42303195136
274820.0301,258141.39309287508
879066.8138499999,843759.8481399448
531860.1816125,990041.4614311733
531860.1816125,675772.0926744955
531860.1816125,658649.5852004527
531860.1816125,694404.8148555334
531860.1816125,661250.791865717
531860.1816125,658649.5852004527
531860.1816125,661250.791865717
531860.1816125,639921.5816163166
531860.1816125,655806.2247060927
531860.1816125,954231.7310909298
531860.1816125,954231.7310909298
531860.1816125,621132.5186016636
695339.3739727272,783190.8559612257
695339.3739727272,763731.604797425
695339.3739727272,1148472.5677415263
695339.3739727272,763220.5865376701
695339.3739727272,784518.5265760381
695339.3739727272,1151548.5474499152
695339.3739727272,723764.5791849187
695339.3739727272,1123834.076468567
695339.3739727272,746432.1450368139
695339.3739727272,746432.1450368139
695339.3739727272,724445.4952897321
564697.7058499999,524775.6332462007
564697.7058499999,631628.7577592144
690293.1893,614059.2432344488
690293.1893,588077.4806667092
317929.505725,302029.0524558861
317929.505725,374108.76145580574
631691.9356,1059617.6206580438
631691.9356,1055574.031274141
344993.053,333368.734368691
344993.053,358075.3875657766
947430.14995,845303.6411048814
553793.93875,835252.5470036196
553793.93875,834997.4956261807
553793.93875,562134.1895697467
553793.93875,602113.1119688571
553793.93875,576949.29429606
553793.93875,532672.7935312912
599936.29144,606372.6077426474
599936.29144,623983.4977274999
599936.29144,537263.7762948049
599936.29144,617422.7627184246
599936.29144,534663.337808383
809360.0650999999,866416.6167578112
809360.0650999999,1163049.5417567813
809360.0650999999,867680.260870681
809360.0650999999,866927.6350175662
809360.0650999999,853774.1879775691
388899.0021874999,503305.53246410214
388899.0021874999,418346.96941497346
388899.0021874999,413294.28949573624
388899.0021874999,400463.29023130174
471270.13716250006,591096.9233405029
471270.13716250006,593358.8094173644
471270.13716250006,461157.8053372137
471270.13716250006,420989.2689279658
506214.114975,906710.5264691437
506214.114975,606309.0586501334
541205.21935,486823.45258047257
541205.21935,491262.43262309954
541205.21935,598781.3455924031
541205.21935,488199.88375816133
541205.21935,572330.5608019823
631979.5654,1088042.6598149876
631979.5654,1118498.9124674238
2231109.71615,2228839.128114395
2231109.71615,2261946.9019901943
1197917.8908500003,1046457.2793419033
1197917.8908500003,1490817.8596846515
244329.9695,183584.36602753546
244329.9695,329593.58496981784
615884.8867500001,611670.9813501242
615884.8867500001,647688.8844540777
1180028.6495727273,1497034.9853859378
1180028.6495727273,1539759.7275829318
1180028.6495727273,1131167.5270394078
1180028.6495727273,1536448.0310590868
1180028.6495727273,1539246.2128236033
1180028.6495727273,1136582.5810929406
1180028.6495727273,1091890.6540583067
1180028.6495727273,1092571.57016312
1180028.6495727273,1091890.6540583067
1180028.6495727273,1091890.6540583067
1180028.6495727273,1562262.414364557
380136.9554499999,521870.84465440386
380136.9554499999,521870.84465440386
380136.9554499999,595983.5262150896
620350.8755249999,681932.3481240282
620350.8755249999,731169.7631238184
620350.8755249999,645899.0297882449
620350.8755249999,750069.1247368983
620350.8755249999,750069.1247368983
620350.8755249999,646966.2358926169
454382.097425,560801.4623031642
454382.097425,689018.4701901702
539843.72906,667716.4926376197
539843.72906,1086126.4061344778
539843.72906,984757.5605970053
539843.72906,654180.9831317207
539843.72906,671429.175966576
539843.72906,651857.6292764468
539843.72906,615305.6625805126
539843.72906,615305.6625805126
539843.72906,631167.859955977
539843.72906,697020.2110242976
803857.4442000001,863900.8249949678
803857.4442000001,1266111.225743509
535663.05004,981418.9994070933
535663.05004,961645.1841978205
535663.05004,697986.1172983313
535663.05004,697475.0990385764
535663.05004,706726.3002585095
647058.7540500001,767821.3195796479
647058.7540500001,700335.6013514246
340548.0663499999,382984.2282176945
340548.0663499999,380694.92656444304
341360.33304999996,323355.51158936496
341360.33304999996,344813.80417242803
152891.5982,222164.84776129038
152891.5982,214989.10298122815
152891.5982,235372.12257492216
583067.09855,657403.1214746442
583067.09855,839333.1643631144
583067.09855,839114.3690328102
583067.09855,667530.1859761825
341769.99809999997,295642.67397802527
341769.99809999997,356052.2987767558
451678.26375,543209.6909972285
451678.26375,457805.36075659393
451678.26375,449446.3333470128
451678.26375,431275.0627371919
739885.75795,830836.4061978294
739885.75795,812313.2269609895
739885.75795,874472.9230571033
577452.59225,640999.6812071609
577452.59225,755039.2030918344
617245.2307357142,878680.2920080115
617245.2307357142,856108.3232209868
617245.2307357142,764947.6470250282
617245.2307357142,854813.1942300131
617245.2307357142,862483.0938047087
617245.2307357142,684893.9339072638
617245.2307357142,744097.8448221316
321610.83650000003,210926.8665464961
321610.83650000003,220272.82920754765
455073.64605,375902.16219123814
455073.64605,518496.27406514145
297124.90115,252461.79015116894
577715.3513499999,740596.4868049108
577715.3513499999,647778.4673659446
577715.3513499999,649042.1114788145
577715.3513499999,784412.4258051679
577715.3513499999,665737.7447832945
848235.6801000001,1213582.9996442879
848235.6801000001,1216381.1814088044
848235.6801000001,1217025.1240847693
848235.6801000001,806959.7106147783
848235.6801000001,1214253.424882061
848235.6801000001,816871.3236244518
848235.6801000001,1202034.3474329242
848235.6801000001,816871.3236244518
848235.6801000001,815161.4082250951
295741.18305,321728.3558834191
295741.18305,273046.8142474
666746.9447500001,665572.8655754986
666746.9447500001,1095081.1892754256
1241574.529425,1123349.951027982
1241574.529425,1170265.4789169389
342292.1772,403111.62976987043
342292.1772,402477.76272455265
342292.1772,286931.3133532443
245927.474225,224787.9984703714
245927.474225,304345.6961857753
442684.6801,446918.5811890187
442684.6801,428239.55217412446
442684.6801,446407.5629292637
442684.6801,526909.066313663
442684.6801,448340.47342171357
442684.6801,400555.48602705897
516797.421575,643309.1146531639
516797.421575,605902.9622696979
626787.6497000001,665322.564412462
626787.6497000001,722987.2097827867
626787.6497000001,818002.6907009084
626787.6497000001,652749.059432711
529066.09665,591609.941852495
529066.09665,537177.8714422358
529066.09665,502559.1194961784
483444.94729999994,517621.9258932547
483444.94729999994,518784.80351395195
309198.00085625,281985.2926524209
309198.00085625,303912.8082515729
309198.00085625,286790.51011298964
309198.00085625,298044.08472245367
274307.57115,199940.4239820693
274307.57115,303696.7241179815
274307.57115,229067.71339966974
1432378.4990666667,1321014.812716106
1432378.4990666667,1323440.2270704303
1432378.4990666667,1770467.9293535654
1432378.4990666667,1320735.1743021524
1432378.4990666667,1327409.064427441
1432378.4990666667,1329494.4826263494
1432378.4990666667,1323160.5886564767
1432378.4990666667,1770467.9293535654
1432378.4990666667,1312774.7970225685
609526.6992749999,640577.9399721691
866035.9606000001,846875.821309389
866035.9606000001,783862.7656557541
866035.9606000001,747575.516021576
866035.9606000001,747064.4977618209
866035.9606000001,777981.4674821693
866035.9606000001,853205.7683453877
866035.9606000001,777981.4674821693
866035.9606000001,742206.1958733608
560596.6852,612732.8600953458
560596.6852,606557.54065275
560596.6852,500111.51781615877
414897.3415499999,393618.6991812305
414897.3415499999,491114.34792517417
753335.4367857144,703281.485703813
753335.4367857144,701443.4368963315
753335.4367857144,708360.5305239551
753335.4367857144,1102786.8179174797
753335.4367857144,697831.5851316238
753335.4367857144,1113587.5385839199
753335.4367857144,673663.6157252375
658254.3491,1038270.7949099249
658254.3491,1056098.7541903127
582998.69005,666014.8327406154
582998.69005,650854.632695451
582998.69005,787488.5911346743
582998.69005,642110.5213475989
582998.69005,642110.5213475989
582998.69005,648436.1847203148
418547.99875,408923.3559239719
418547.99875,302080.8304302496
236596.240425,220194.6774564287
236596.240425,283132.78841899516
1011179.53455,864147.236961484
434507.1746,415794.09810706665
434507.1746,405417.15557689226
342322.7378,395114.4393329
342322.7378,390073.206336541
342322.7378,275331.3870694068
467846.924,724110.3306917682
467846.924,723259.1969431242
467846.924,490270.2099106329
467846.924,497131.88464377605
578561.7622000001,557546.0322429362
578561.7622000001,1011760.3092503413
464214.3111,518195.2215993091
464214.3111,629659.6052417839
464214.3111,669914.5761251564
464214.3111,489887.32956064865
464214.3111,546685.7557326573
509964.8283499999,645661.0078451802
509964.8283499999,604402.6751080902
491890.31805,475828.4386447823
491890.31805,540611.2101763557
491890.31805,552649.9827376835
491675.415375,563796.9763615673
491675.415375,469977.0742740558
491675.415375,563578.181031263
491675.415375,465556.65277752315
491675.415375,465414.8165476705
491675.415375,493225.81253478257
491675.415375,446467.63512211636
634865.1122000001,632916.3103231415
634865.1122000001,613953.3115653422
376154.9583499999,394839.27313053334
376154.9583499999,355523.7617025022
700141.84005,641607.9728093288
700141.84005,655066.2333294817
700141.84005,1073349.9126914742
927221.5263,801730.0811812362
927221.5263,1240483.3772538425
927221.5263,1231372.6584954974
575204.0005999999,614609.9681078002
575204.0005999999,618923.4688206809
807618.1453,731557.9496146025
807618.1453,742386.9268999752
197320.85625,173389.32085785602
197320.85625,279075.5168916336
300717.95680000004,304753.07487622416
300717.95680000004,304514.94581628975
384321.09705,417536.8213705631
384321.09705,316615.0396336052
384321.09705,396648.42142282455
340256.6859999999,298987.068286215
340256.6859999999,311542.57772760006
340256.6859999999,366465.3380567946
340256.6859999999,353527.5713011115
771259.3327928571,699082.8415746277
771259.3327928571,1121478.3866557071
771259.3327928571,726593.5150512211
771259.3327928571,1111886.0395409735
771259.3327928571,1121204.1392956176
771259.3327928571,1121478.3866557071
771259.3327928571,1113638.3203538768
599442.107,773406.6142452682
615289.3770999999,640550.7468798714
615289.3770999999,632943.3424825231
615289.3770999999,607207.3261573508
764375.1905625,784588.6411692101
764375.1905625,781849.6489872176
764375.1905625,784077.6229094551
764375.1905625,785641.5909445746
764375.1905625,784077.6229094551
764375.1905625,747555.2094053505
764375.1905625,1125812.0581108609
764375.1905625,788723.0190749788
828174.569175,858483.1250885118
828174.569175,1151470.65263283
521550.38895,538177.2028747353
521550.38895,538922.7070472493
521550.38895,564133.5372516704
435659.71014999994,410528.9075307539
435659.71014999994,551082.4242953188
516732.7357375001,569793.6961220556
516732.7357375001,449222.2496056546
516732.7357375001,579884.5280894283
516732.7357375001,486267.97272687225
816100.6540999999,772496.1985608769
816100.6540999999,778912.6610589116
816100.6540999999,761421.7419272544
816100.6540999999,771813.4408714559
816100.6540999999,776050.7370608725
816100.6540999999,771813.4408714559
816100.6540999999,783703.2725019606
816100.6540999999,1140385.1410022418
816100.6540999999,731784.9955104546
816100.6540999999,1140385.1410022418
297878.15914999996,250334.8669789016
297878.15914999996,261685.93602055148
796302.4254075,747294.5348803006
796302.4254075,1165186.8871523836
796302.4254075,747294.5348803006
796302.4254075,746611.7771908796
796302.4254075,757632.6909514721
796302.4254075,1165567.3229784465
796302.4254075,698759.0341233222
796302.4254075,700883.3057787685
796302.4254075,1133940.6008252418
796302.4254075,726376.504144819
231010.63169999997,151469.75798891403
607361.1395,626500.014731229
607361.1395,743366.4702863897
514647.231225,677024.1865517314
514647.231225,558025.8835579485
1217916.093975,1513748.781537271
1217916.093975,1109821.5056937386
1217916.093975,1470618.7141832656
1217916.093975,1512829.941620931
1217916.093975,1107368.1281257516
1217916.093975,1066155.2989604478
1217916.093975,1475880.586160245
1217916.093975,1460670.080705578
298614.29144999996,323628.7489092994
298614.29144999996,250912.805674556
357084.71945,485063.1713909218
357084.71945,378626.079039264
357084.71945,372279.16433339735
972885.28255,1372813.8797756801
972885.28255,961975.9411001732
972885.28255,1370314.6434044586
972885.28255,999250.2374913028
972885.28255,976334.4910981366
972885.28255,976006.6159043565
972885.28255,974293.0586534552
972885.28255,1359274.1556663443
972885.28255,1317600.1806776035
607330.1453333333,773345.0960281662
607330.1453333333,1087136.4410829982
607330.1453333333,1086951.5626184903
607330.1453333333,1086833.7970621025
607330.1453333333,1183726.5647264472
607330.1453333333,1084280.8931896987
607330.1453333333,737174.4689539679
607330.1453333333,762826.0001137531
607330.1453333333,755182.0947956075
378495.11165,381860.1943406269
378495.11165,451604.30690034654
792873.1702000002,715793.9482752839
792873.1702000002,1146707.1929004865
539705.65345,466922.64715768606
539705.65345,606866.9479324454
638996.644,741681.7209116436
240059.25342499997,230650.47031979408
240059.25342499997,180636.38258160913
814710.6974000001,1192801.8508188054
814710.6974000001,759167.1909584445
783959.6409,743928.6103875856
783959.6409,774347.8872306996
466285.19822499994,603273.6974738438
466285.19822499994,528706.0929118273
874196.3674400001,964898.2559230952
874196.3674400001,972342.920520463
874196.3674400001,976348.0560068156
874196.3674400001,872547.7454707747
874196.3674400001,830362.9946908728
181065.068425,121059.94935232017
181065.068425,160161.2399818438
614026.5994,529282.0899534095
614026.5994,631256.6087411871
618674.37458,577043.671529473
618674.37458,688683.4653833245
618674.37458,603453.2760552497
618674.37458,575469.6582541809
618674.37458,620989.3711760171
360675.5913125,320135.8653744753
360675.5913125,288236.0869916144
360675.5913125,286950.5534564146
360675.5913125,369907.1120508319
518244.6981,570085.1267142734
518244.6981,567028.146906541
956545.687525,785914.8070133026
956545.687525,804582.9475000529
625641.71115,559859.1743733318
249439.01725,209328.47977289767
249439.01725,194359.44403933012
426393.7307500001,421084.1007547121
426393.7307500001,376847.24107377516
426393.7307500001,489929.8921743891
426393.7307500001,417192.945261013
372801.26105,258124.5861374805
372801.26105,274436.6912365655
372801.26105,265412.7268531224
1205903.1361999998,1109984.6373732095
1205903.1361999998,1087496.2861765507
1205903.1361999998,1112955.8205056053
1205903.1361999998,1519931.3462666767
1205903.1361999998,1104914.3875162066
1205903.1361999998,1519417.831507348
1205903.1361999998,1112442.3057462766
1205903.1361999998,1493466.4087273297
462458.4185,477813.60152900085
462458.4185,490861.77630756306
601394.8036499999,676957.3809537176
601394.8036499999,688330.0473518682
794024.77665,757528.358175923
794024.77665,740045.4782835598
625679.1754,563737.860977487
625679.1754,1032285.2252725328
411484.2304125,349275.13489178475
411484.2304125,421924.9836180407
411484.2304125,307863.77916044166
411484.2304125,401367.04273328994
830554.05435,1125583.571433374
830554.05435,707891.157265039
830554.05435,1124993.659154087
830554.05435,1120145.2019475051
830554.05435,707891.157265039
830554.05435,1120180.9479654771
830554.05435,700739.1876840608
830554.05435,706829.1877355884
648022.2702500001,666692.7772643997
648022.2702500001,750934.5588762979
648022.2702500001,686484.782781412
648022.2702500001,764885.0683888214
648022.2702500001,664754.3629017039
648022.2702500001,667971.2016639654
224962.9587,264747.4280171521
224962.9587,243751.19468823832
267872.617325,308653.4679153705
267872.617325,227822.37772176776
676611.88225,612604.9828625646
676611.88225,639449.2572741085
743453.1224636364,768457.2366274896
743453.1224636364,1153490.4225010416
743453.1224636364,1156182.009799936
743453.1224636364,768968.2548872445
743453.1224636364,788938.5243108001
743453.1224636364,788427.5060510451
743453.1224636364,751668.7951266333
743453.1224636364,751668.7951266333
743453.1224636364,729001.2292747381
743453.1224636364,1129070.7265583863
743453.1224636364,1129070.7265583863
590669.4511374999,601653.3245717175
590669.4511374999,712668.1157705837
590669.4511374999,603029.7557494063
590669.4511374999,609684.8748891139
845217.6321076924,764169.4785234865
845217.6321076924,777611.8754903886
845217.6321076924,764950.3104922883
845217.6321076924,1189001.5410372482
845217.6321076924,773804.6417262404
845217.6321076924,1189037.2870552205
845217.6321076924,774304.6259938563
845217.6321076924,721921.5759952391
845217.6321076924,735756.1812374727
845217.6321076924,724591.3238803518
845217.6321076924,736437.0973422861
845217.6321076924,735756.1812374727
845217.6321076924,1187759.8405811526
765482.9371249999,743214.5729743809
765482.9371249999,733307.3926325908
264427.84205,221981.71213455888
264427.84205,336894.0222976381
345143.62072500004,316494.0921907622
345143.62072500004,301597.49459589756
345143.62072500004,321299.309651331
345143.62072500004,306601.4775470188
621240.259,611238.3887810309
621240.259,967876.9542428884
251288.86940000005,259873.32539983006
251288.86940000005,264437.76127702853
384185.6214,380156.455356597
384185.6214,481443.58545299753
384185.6214,493404.0161808099
384185.6214,392290.45885623846
384185.6214,473787.26621040236
384185.6214,387601.69666472985
308857.63,327645.5755420471
308857.63,317205.69849792484
308857.63,359117.88373754127
308857.63,316416.92782407574
308857.63,361871.9327938622
630953.3285899999,640260.2657807905
630953.3285899999,940923.9276867793
630953.3285899999,959383.9198185492
630953.3285899999,635280.9678326931
630953.3285899999,900751.9350508349
675095.2493250001,839161.43147564
675095.2493250001,961212.2326955139
675095.2493250001,832920.3768643136
675095.2493250001,748818.8965125545
675095.2493250001,817166.43462187
675095.2493250001,917605.6254593405
741714.53925,801509.2398030735
741714.53925,965398.8973174085
376802.0973,302116.58413462434
376802.0973,333929.6587623475
376802.0973,315429.69838323
252525.52545,309110.9516837982
581902.92965,607894.0165502297
581902.92965,757567.3186003752
479849.4981,444398.10886162234
479849.4981,542999.6738599872
479849.4981,479862.9364992344
479849.4981,469468.29787795205
479849.4981,525725.9824833912
421803.35875,540459.4159093024
421803.35875,394710.43511248427
524542.41785,461392.01067841216
631771.1809500001,677895.9255892236
631771.1809500001,745506.7600474707
288388.58499999996,271804.42106707377
288388.58499999996,322018.1746837865
253532.337425,203721.25776555127
253532.337425,241325.51799150108
708864.4689500001,735794.9902952743
708864.4689500001,1029893.247794727
379828.508275,495756.22202199796
379828.508275,702396.674960218
379828.508275,557910.6685321856
379828.508275,682446.7117978145
191996.2373,140406.79117744754
745467.1042999999,745296.6857243051
745467.1042999999,1147669.7401884673
745467.1042999999,1159226.5225504872
745467.1042999999,1156534.9352515927
745467.1042999999,745955.9748534452
745467.1042999999,1166866.8839920445
350075.8158,281515.44724694244
350075.8158,403489.6059440037
391264.8148750001,548290.0138828612
391264.8148750001,439971.3677351789
2409557.1001500003,2679449.998602553
2409557.1001500003,2232547.7369087245
431779.1336,510008.8041068817
431779.1336,496125.0556790643
564148.120275,534983.6206625187
564148.120275,656647.6761719788
413200.2765499999,371164.33343058603
135080.0198,202827.62942224747
135080.0198,206382.74059483886
429783.80595,367585.8201702211
429783.80595,415499.28690196533
708134.2020312501,768741.8663316881
708134.2020312501,758819.2947650105
708134.2020312501,755476.4675049337
708134.2020312501,773677.0489227854
708134.2020312501,770789.7783798712
708134.2020312501,718127.8195799376
708134.2020312501,1118632.2014797889
708134.2020312501,1154146.667889807
257349.5871,233741.29527702287
257349.5871,287517.2458842341
393082.98225,309656.30895654275
393082.98225,310687.4589624903
393082.98225,411592.75692799524
393082.98225,339771.94099391816
707569.1665500001,1092257.392081462
707569.1665500001,1099541.9092907018
707569.1665500001,689261.5736874371
707569.1665500001,703099.9276178663
707569.1665500001,702797.2835969706
707569.1665500001,690521.3099873327
556547.21535,615701.0348245656
556547.21535,626134.3702298419
610800.51873,973234.4758506948
610800.51873,976932.3621854665
610800.51873,973234.4758506948
610800.51873,973858.0189618628
610800.51873,667768.829478453
610800.51873,611119.4802642027
610800.51873,649592.6782233481
610800.51873,949651.5132117975
610800.51873,649592.6782233481
610800.51873,652934.2308813734
223361.48355,229700.7993626407
223361.48355,178465.00117438938
868185.6703,801794.4770162395
868185.6703,796899.8407815609
323147.65209999995,227204.63419426384
323147.65209999995,390882.48298948
493606.3867464286,444508.5249310062
493606.3867464286,461565.28668361413
493606.3867464286,465000.7126200254
493606.3867464286,444508.5249310062
493606.3867464286,453547.08340326475
493606.3867464286,462755.968437635
493606.3867464286,430500.908803019
300977.5935,377627.3517008784
300977.5935,365486.6288234557
300977.5935,269975.24519489805
557691.74825,1034087.9741135633
557691.74825,665676.3184070756
575686.5657374999,745318.6771350089
575686.5657374999,741477.5815414122
575686.5657374999,688065.70740356
575686.5657374999,766001.1787135248
198682.66730000003,253545.378123208
198682.66730000003,178721.30865846906
351423.0120875,510141.6012516171
351423.0120875,421638.73373504076
351423.0120875,353568.7819269584
351423.0120875,365336.0777515828
354805.5037,318442.6578960815
376281.0125499999,412763.5869035864
376281.0125499999,416744.3644987788
376281.0125499999,336164.3356437337
535363.9301499999,541382.728098876
535363.9301499999,514664.4785492917
535363.9301499999,500975.5267869163
359401.01850000006,492249.4054143457
359401.01850000006,332303.9171599688
359401.01850000006,392588.19920053583
388991.370225,430156.50070292596
388991.370225,398811.1558580709
637497.7558124999,743684.1799960268
637497.7558124999,1193438.2693552845
637497.7558124999,1091439.6939461324
637497.7558124999,767012.3573005381
637497.7558124999,767130.122856926
637497.7558124999,780365.8253299801
637497.7558124999,742740.206111924
637497.7558124999,1172739.7623336194
2852036.9407,3070856.160860188
2852036.9407,2660848.449154394
302693.809825,318888.00429695024
302693.809825,250029.89605996158
302693.809825,250089.87450010167
302693.809825,293079.3984358017
841391.1562250002,639945.90560073
841391.1562250002,1104021.64266711
547767.07175,563010.275048151
547767.07175,539503.83875316
795738.753525,884795.0394957743
795738.753525,1089062.5828532465
795738.753525,884284.0212360194
795738.753525,929453.2705468193
795738.753525,904937.4420308163
795738.753525,858811.7875943212
795738.753525,859036.2590948315
795738.753525,1057336.9117850577
1199630.4601788465,1155424.283850519
1199630.4601788465,1154922.912402142
1199630.4601788465,1155424.283850519
1199630.4601788465,1591560.6289544203
1199630.4601788465,1150633.67240747
1199630.4601788465,1169424.004311533
1199630.4601788465,1159713.523845191
1199630.4601788465,1101753.090181798
1199630.4601788465,1108656.8620917741
1199630.4601788465,1539903.2271163827
1199630.4601788465,1110669.5566375665
1199630.4601788465,1101753.090181798
1199630.4601788465,1134538.0172098526
1366110.8627142855,1781021.688528431
1366110.8627142855,1340282.2695159265
1366110.8627142855,1335641.3753354696
1366110.8627142855,1779038.0704074437
1366110.8627142855,1346925.3592649018
1366110.8627142855,1337781.421752924
1366110.8627142855,1338497.3591916396
1366110.8627142855,1781880.28714552
1366110.8627142855,1735858.1056882616
1366110.8627142855,1297558.9955455777
1366110.8627142855,1293060.1070545814
1366110.8627142855,1294098.7396670047
1366110.8627142855,1717035.7446820375
1366110.8627142855,1291322.9739737066
202103.86279999997,282130.7763143526
202103.86279999997,282238.1166056569
202103.86279999997,253602.40660823276
283651.84674999997,319818.6237790452
283651.84674999997,204192.63933051768
642879.7638999999,907604.5577913311
403753.92245,487958.47669403884
403753.92245,372308.86527219316
394462.3666,596798.6058920275
394462.3666,596798.6058920275
394462.3666,473265.22366749076
199234.0547,184950.60822957678
199234.0547,243558.38838150952
458959.238125,483023.1986953791
458959.238125,491491.4968447101
458959.238125,575434.671443458
458959.238125,568900.9032399806
458959.238125,447276.04358601535
313948.67175,295634.89895743306
313948.67175,273005.1987504177
313948.67175,328188.92471129325
653164.61493,655714.4002430917
653164.61493,655714.4002430917
653164.61493,547521.1596296461
653164.61493,656127.3969689806
653164.61493,574986.3113776773
383778.41885,368036.33833039994
383778.41885,377211.56386370177
383778.41885,377975.62604150525
399871.61475,447448.41180075315
399871.61475,373672.6548357799
399871.61475,374606.60866638983
399871.61475,360113.6032478774
373995.99225,475019.17140247376
373995.99225,375937.59122930694
293217.69399999996,285411.2550562396
293217.69399999996,408964.89973226085
293217.69399999996,336514.8161071317
602993.5989,544720.1781177913
602993.5989,601290.9055668404
726391.7254,1090149.7533050487
490556.31705,602750.3354438496
490556.31705,518692.8202708075
541991.7684000001,564158.9785230471
541991.7684000001,665078.6511691102
541991.7684000001,576668.534898268
541991.7684000001,536966.0144981055
541991.7684000001,537338.5898326621
541991.7684000001,566826.8469310084
454018.9519,534757.6388085353
454018.9519,379659.52435441146
454018.9519,422135.923005005
351305.933525,332452.34977226565
351305.933525,294198.5553600612
521002.6759875,622066.2254951906
521002.6759875,663360.5873741216
521002.6759875,622066.2254951906
521002.6759875,793552.7427056232
345370.94645000005,286452.5095899391
345370.94645000005,289633.13318073587
820733.4403125001,781673.1582291484
820733.4403125001,781673.1582291484
820733.4403125001,1177941.3644086933
820733.4403125001,1169315.6128846272
820733.4403125001,1177941.3644086933
820733.4403125001,783239.4463629139
820733.4403125001,1140192.313825779
820733.4403125001,727882.4256029788
820733.4403125001,1140873.2299305922
820733.4403125001,727201.5094981655
820733.4403125001,731447.6593392106
820733.4403125001,767856.80717955
2249132.8364,2188523.6195295025
2249132.8364,2211718.7542790687
525468.90825,922323.9934888806
525468.90825,829874.7628512095
478063.797675,815446.598650531
478063.797675,537193.797991668
499512.9719999999,478437.69998184266
499512.9719999999,546125.908210399
499512.9719999999,452670.95441338397
499512.9719999999,546344.7035407032
499512.9719999999,553968.3461829501
499512.9719999999,478617.9436855479
258244.62674999997,335055.4045729982
258244.62674999997,374386.30668186897
483802.234425,1011981.7646878886
483802.234425,623308.4311776255
738198.88175,764903.1965929996
979162.9681666668,1377571.3863708233
979162.9681666668,994490.6551979594
979162.9681666668,974374.2153769485
979162.9681666668,1360996.8913646147
979162.9681666668,1361656.1804937548
979162.9681666668,934991.5940087674
979162.9681666668,1334258.6925834934
979162.9681666668,934991.5940087674
979162.9681666668,949171.6057010791
231377.3142,191337.84770051588
231377.3142,196510.72184814734
231377.3142,154509.34902689676
342145.29374999995,291797.7869386795
342145.29374999995,243938.86094354326
692994.8845749999,764096.6632060767
692994.8845749999,829028.5408099737
834770.0176285715,729373.2540037138
834770.0176285715,728620.628150599
834770.0176285715,753859.1478202727
834770.0176285715,759054.9008229771
834770.0176285715,731408.1354979599
834770.0176285715,834625.9234721633
834770.0176285715,721154.614360574
255894.860625,223920.48933255934
255894.860625,293772.64624464576
462542.12879999995,532619.0868333078
462542.12879999995,493190.77803960163
611178.431325,832291.9169511792
611178.431325,829801.9528677103
611178.431325,829583.1575374061
611178.431325,669810.965336246
611178.431325,675948.9985475364
611178.431325,810735.601473073
632406.27439,663721.2752224492
632406.27439,662089.1009711343
632406.27439,799409.672560242
632406.27439,662089.1009711343
632406.27439,673616.9917878046
145438.19775,104499.22379508626
145438.19775,99740.79279722786
2533452.4437,2436448.644254837
2533452.4437,2474123.0724930563
202688.35535,205567.96735091676
202688.35535,151520.07476459164
202688.35535,257763.51829301874
973534.9231,1360068.1082540066
973534.9231,1411160.9128265379
973534.9231,994106.4836661785
973534.9231,994106.4836661785
973534.9231,990007.5893535919
973534.9231,1439331.8763436656
557905.26714,659874.5495701139
557905.26714,653517.115454167
557905.26714,652073.803929834
557905.26714,977438.6933654846
557905.26714,974362.7136570958
557905.26714,974143.9183267916
557905.26714,623325.916888471
557905.26714,624006.8329932844
557905.26714,938316.9824678977
557905.26714,652052.8203331436
438497.0032000001,614616.9533443524
438497.0032000001,454656.1286862867
438497.0032000001,485317.8714649059
438497.0032000001,500735.90975335386
326590.1087,302862.98194785457
326590.1087,302862.98194785457
326590.1087,304453.56394503446
679544.4069225,1233874.5808984286
679544.4069225,779955.4935165502
679544.4069225,1230546.1750278543
679544.4069225,778627.8229017379
679544.4069225,774203.6585703957
679544.4069225,741144.6624047594
679544.4069225,741825.5785095729
679544.4069225,741144.6624047594
679544.4069225,741144.6624047594
679544.4069225,792221.9549381667
305844.68134999997,342970.6411869761
305844.68134999997,280191.49727103
305844.68134999997,234002.03253508848
341789.5128,370622.01780803077
341789.5128,288643.7198903936
341789.5128,284099.2454658254
369256.116,394710.0815971555
369256.116,528505.2279465018
547627.8972749999,464384.37762768473
547627.8972749999,514194.71697346086
985395.8461249998,948673.2433499724
985395.8461249998,907706.0620562374
581391.1944,751945.6031723112
581391.1944,696285.2385409054
384431.3373,355589.6283237385
384431.3373,350672.4732511271
384431.3373,344681.403064295
1145726.384525,1497855.914065363
1145726.384525,1126615.9300232143
1145726.384525,1122936.6958415918
1145726.384525,1099571.9723244545
1145726.384525,1100413.5191671797
1145726.384525,1535514.0750498963
1145726.384525,1089525.1106545427
1145726.384525,1085755.0609356484
1145726.384525,1464013.0669027325
1145726.384525,1080979.3760003508
536856.40925,552097.7039763117
536856.40925,552222.1978519567
536856.40925,508872.3110343018
536856.40925,544293.9604492345
391669.8728999999,310605.72718564636
391669.8728999999,413512.90506462124
391669.8728999999,397536.7292152189
625177.6034,629402.2612852049
625177.6034,964824.9940358009
625177.6034,648999.2034078826
625177.6034,648999.2034078826
625177.6034,1075941.9947376095
625177.6034,1072039.0825693042
625177.6034,591556.3497572255
625177.6034,592488.0572659853
625177.6034,592157.8605540704
625177.6034,591556.3497572255
625177.6034,608341.991417192
625177.6034,969370.5292829915
668324.6706,762475.6007031432
668324.6706,793127.5225875992
551848.10905,741917.3186184771
551848.10905,719165.314143606
551072.6178499999,599283.2739993951
551072.6178499999,705337.9620884694
562853.6119499999,785747.7895768117
562853.6119499999,596239.2849836497
846094.94745,829401.3979971132
846094.94745,857270.7112714318
553852.51075,675426.6910068608
553852.51075,665960.4727275866
216300.6846,155660.58263870142
216300.6846,279931.0494645297
639810.144375,847165.8213278227
639810.144375,755061.2132390148
639810.144375,716073.3045419523
639810.144375,713716.5937134784
639810.144375,742886.08113116
639810.144375,832244.659508751
639810.144375,738722.7869449537
639810.144375,757679.6605438421
552547.9256,652669.2580958819
573908.7452,603449.6405778761
573908.7452,639042.6568847843
861412.059625,812350.5590354708
861412.059625,852422.3854035588
681295.3179499999,650712.816625146
879523.45761,1348846.4697156474
879523.45761,934078.8037219277
879523.45761,933632.3434528138
879523.45761,1348627.6743853432
879523.45761,1327259.102289371
741121.0134999999,1114140.281467898
741121.0134999999,828404.3736941922
741121.0134999999,799461.4328597983
852222.2841750002,771044.8518839108
852222.2841750002,767762.4160075252
734657.2231,745996.3139472187
734657.2231,747116.1418118704
734657.2231,766783.7672145303
734657.2231,1137009.821174028
734657.2231,1136550.7718399856
734657.2231,766847.7937164728
734657.2231,750558.8330380293
733483.4205,1210222.515053609
733483.4205,1142398.7072647298
733483.4205,1145234.4329693802
733483.4205,754349.5491318947
733483.4205,754349.5491318947
733483.4205,1112516.6336317984
733483.4205,732748.5224764168
733483.4205,716125.1793990621
733483.4205,754699.8698137059
786116.005,1224353.0853223046
786116.005,1278011.5656222817
970358.94325,926693.1241409163
970358.94325,1083452.2145336885
970358.94325,1083781.1000192824
970358.94325,955600.0675343551
970358.94325,1083781.1000192824
970358.94325,924977.1855925331
970358.94325,927412.2543613581
970358.94325,1070194.5217348067
970358.94325,916841.1619943166
373536.3415,397588.2657229298
373536.3415,481852.7180505595
373536.3415,475291.9830414841
373536.3415,356607.4182334323
373536.3415,371491.8077271427
398779.78484999994,301460.8257245255
564136.3688714285,634139.6219390075
564136.3688714285,629349.0104959584
564136.3688714285,640397.5898125449
564136.3688714285,944281.5042975086
564136.3688714285,925465.321999931
564136.3688714285,614501.2670154225
564136.3688714285,925230.5504995869
238973.8085,173216.49742994353
238973.8085,208969.87160407956
238973.8085,198827.79574858042
309907.11600624997,288321.7346559677
309907.11600624997,307509.87702347984
309907.11600624997,300172.9868667668
309907.11600624997,365022.51041788765
216501.47395,136532.2826508995
216501.47395,129095.03058134089
594585.557140625,730875.922245452
594585.557140625,714778.6908291352
594585.557140625,730875.922245452
594585.557140625,1058810.7637584456
594585.557140625,715081.0126924932
594585.557140625,730875.922245452
594585.557140625,1058810.7637584456
594585.557140625,1136881.6785342975
1352580.59185,1055331.5519584431
1352580.59185,1535392.2015481752
1352580.59185,1100477.297881864
416190.991,413742.51886993524
416190.991,419620.0061834494
416190.991,404252.30056744034
416190.991,379977.473331122
416190.991,411149.49553437496
416190.991,374739.33106726914
600645.8470000001,663270.1926975873
600645.8470000001,697525.1652847417
363092.1228,321724.7927598073
363092.1228,320720.9590520479
1030241.6456363638,928661.5266408421
1030241.6456363638,924915.8556758252
1030241.6456363638,1337403.0237257686
1030241.6456363638,928661.5266408421
1030241.6456363638,1334631.3245230603
1030241.6456363638,1334197.1967055944
1030241.6456363638,901916.4398850842
1030241.6456363638,887518.022983334
1030241.6456363638,887518.022983334
1030241.6456363638,890294.7624696832
1030241.6456363638,1365670.7969947155
803083.7348,690536.5335314103
803083.7348,655481.3548818318
214790.2097,211362.1611042829
618998.1290000001,650317.6199053931
618998.1290000001,706588.3524179424
1264673.8947333335,1539383.4487554417
1264673.8947333335,1519534.4569983517
1264673.8947333335,1119417.7436859268
1264673.8947333335,1132283.9309985866
1264673.8947333335,1127794.241581437
1264673.8947333335,1522483.8460035138
1264673.8947333335,1111228.777564594
1264673.8947333335,1519534.4569983517
1264673.8947333335,1111535.0158828974
2536280.71305,2455005.481651539
2536280.71305,2483939.033353137
607173.8465999999,621810.6158128798
339063.209,281422.1220494474
339063.209,387787.2825978935
744541.306690625,687496.4571254487
744541.306690625,1116427.0702248605
744541.306690625,713360.0411960667
744541.306690625,698716.7663624437
744541.306690625,703507.3778054928
744541.306690625,659955.6836042167
744541.306690625,1072674.556871552
744541.306690625,1149495.502489351
596730.4092,545746.4257289286
637091.07225,630786.525221322
637091.07225,611493.0454663858
471529.657005,472234.26803845883
471529.657005,547784.717370087
471529.657005,443160.60040228226
471529.657005,438761.87345052534
471529.657005,434667.5745307235
388330.2869625,422732.7222276522
388330.2869625,337601.0697765702
388330.2869625,412988.35072810925
388330.2869625,407627.8190535266
324369.63224999997,292339.2306777762
324369.63224999997,342044.20152092975
784845.6174999999,1273355.3638429358
784845.6174999999,930672.1131089204
747037.8162,1072116.8406053463
747037.8162,697697.8382103909
415721.29759999993,728381.3003070557
415721.29759999993,598324.4538336827
415721.29759999993,511305.9009309979
601938.0095125,663616.1557754204
601938.0095125,556305.7257269218
601938.0095125,572426.7904454297
601938.0095125,648972.9239421993
500540.34665,621451.017575045
500540.34665,522686.6401807612
500540.34665,446016.10695163807
500540.34665,516319.9545764738
429752.3639750001,411892.2833201742
429752.3639750001,422592.7601538957
429752.3639750001,419536.7082284782
429752.3639750001,526466.6197747089
429752.3639750001,420402.476880913
429752.3639750001,433959.04195589817
429752.3639750001,420676.9874460028
380083.334925,334132.135267507
380083.334925,282135.5176705783
552333.4796124999,613268.8442823987
552333.4796124999,500325.4321509117
552333.4796124999,518038.5505508317
552333.4796124999,618001.8824255592
552333.4796124999,616816.0302134468
552333.4796124999,552119.4611065873
569488.0326,679745.9853853856
569488.0326,655590.891645671
316940.53235,227972.89288421697
239965.3306,216907.73280136118
239965.3306,325526.16946762573
595087.1589562501,659749.3217186036
595087.1589562501,965324.9023816809
595087.1589562501,648487.2694403687
595087.1589562501,969408.1131262688
595087.1589562501,629391.1513713299
595087.1589562501,647293.5234548766
595087.1589562501,965324.9023816809
595087.1589562501,608841.899763072
595087.1589562501,927451.3958376271
595087.1589562501,607997.8265236293
595087.1589562501,592056.2581031056
595087.1589562501,645669.3895050797
2812321.3534999997,3225416.7893195464
2812321.3534999997,2701056.9010937475
2812321.3534999997,3263502.7318932894
299006.0942,254457.8493326542
299006.0942,254009.65625544055
299006.0942,204907.96784774616
491543.57137499994,795123.3015208507
491543.57137499994,583778.4055360467
604200.6186,658802.8024011375
604200.6186,657483.7749796616
578253.48425,803887.5383580256
578253.48425,700863.1797019368
767009.4106499997,977766.4623929219
767009.4106499997,1046627.009081186
1340039.8479615385,1331631.9704294992
1340039.8479615385,1334592.5058072705
1340039.8479615385,1773043.5584709719
1340039.8479615385,1332179.6771036536
1340039.8479615385,1332895.614542369
1340039.8479615385,1324796.06794061
1340039.8479615385,1775409.9325166685
1340039.8479615385,1773043.5584709719
1340039.8479615385,1287445.155006969
1340039.8479615385,1729850.3863534476
1340039.8479615385,1712498.1535202442
1340039.8479615385,1278177.4241583939
1340039.8479615385,1278177.4241583939
543368.74415,604597.7089027351
543368.74415,714485.8818898705
504243.7974,473653.26643859607
504243.7974,560228.550938905
309965.74389999994,316896.3473699848
309965.74389999994,449007.13116900786
309965.74389999994,325254.6774304392
800643.33615,1263339.4526970938
800643.33615,869268.1290183534
800643.33615,869268.1290183534
800643.33615,884005.0813824264
800643.33615,881663.9633584046
800643.33615,1237577.8899929067
624507.6271,662555.8832090852
624507.6271,704825.6857596947
388716.308425,345933.08450318244
388716.308425,436365.6915762642
332609.1078,429264.7590156299
332609.1078,429137.20658618945
332609.1078,349592.3372640675
846525.0596500001,820361.3745843156
846525.0596500001,824500.6251602548
731091.412942857,714304.6170963738
731091.412942857,721710.1741812873
731091.412942857,714895.6739195059
731091.412942857,714212.916230085
731091.412942857,726500.7856243365
731091.412942857,726500.7856243365
731091.412942857,1147162.1209461298
602447.3143,660529.1604921927
602447.3143,675528.2301022705
849474.2347,853170.1193140476
849474.2347,1213171.2726836689
614905.212025,840823.2792415996
614905.212025,805416.890393951
614905.212025,658822.044029423
614905.212025,825765.8470199477
739378.2700499999,628812.9634765027
540077.070775,537242.0290290504
540077.070775,626543.3801891207
540077.070775,640179.2107946287
540077.070775,538722.505530845
540077.070775,562928.4109233522
540077.070775,542938.1624285816
691492.3186892858,983335.4115031234
691492.3186892858,1005019.8559444183
691492.3186892858,886425.8672155669
691492.3186892858,820968.1696257815
691492.3186892858,993721.2335385259
691492.3186892858,806418.7639144703
691492.3186892858,993873.6320785985
178455.85095,173462.40268606314
178455.85095,174096.26973138092
178455.85095,177786.1259159887
509017.1008,579531.7159570572
509017.1008,675991.4088670203
509017.1008,578275.8865127899
509017.1008,602118.7183164062
509017.1008,685093.097570487
509017.1008,606855.8197948951
509017.1008,652281.2027498276
184195.769675,199381.68930937367
184195.769675,285039.1905951734
703213.5208999999,714858.4287374964
703213.5208999999,728870.5717432043
703213.5208999999,728870.5717432043
703213.5208999999,727542.901128392
703213.5208999999,722126.6313880838
703213.5208999999,714858.4287374964
703213.5208999999,717120.4135407652
361716.77675,403605.2108480059
361716.77675,295464.2746816528
361716.77675,323291.5796389378
765128.937125,635083.3171551608
765128.937125,670028.9917456881
172952.5158375,169882.4448431502
172952.5158375,139815.8095736954
172952.5158375,141612.03845135495
172952.5158375,166839.1593810997
793023.704,915794.6973805717
793023.704,876301.00700133
793023.704,1070552.3931744231
793023.704,1085824.5786720358
793023.704,1036344.3331974759
793023.704,851040.9106507947
793023.704,900943.6800377273
788525.6975,1137455.9387243404
788525.6975,1134419.661617355
788525.6975,715897.3109609018
788525.6975,738214.5384348264
788525.6975,1134383.915599383
788525.6975,683545.9727082972
788525.6975,688473.0386541558
788525.6975,683545.9727082972
788525.6975,721710.0289367158
133638.74882500002,158602.66104605683
133638.74882500002,212325.28414777963
339525.42882499995,357196.65542028623
339525.42882499995,302810.81458091026
861921.100275,1274209.165367994
861921.100275,935465.4101854125
861921.100275,970549.9771854938
861921.100275,935976.4284451674
861921.100275,907621.3515310793
861921.100275,907621.3515310793
615556.3366,799245.2869154202
615556.3366,668766.2812694629
615556.3366,797357.4091773364
615556.3366,657874.5005137365
615556.3366,648287.900699712
536674.933975,551270.4179019331
536674.933975,668070.0052354571
536674.933975,661500.3166627163
536674.933975,583092.3198809542
209336.30275,157603.14414924092
209336.30275,207567.59964930976
523875.85345000005,565735.853344222
523875.85345000005,1030228.5777105875
2495831.5177749996,2997965.204776661
2495831.5177749996,2529675.0667165536
523476.7817749999,501211.2024073254
523476.7817749999,570916.9732587363
878894.1157,814534.6568531641
878894.1157,1255295.5076841486
305909.16154999996,334665.48480869964
305909.16154999996,327381.0065016504
305909.16154999996,263457.17127963516
421259.750125,438971.5812436661
421259.750125,379371.96194369526
511890.1087999999,396437.40369609883
511890.1087999999,399451.88761984225
823112.175,680688.516702094
823112.175,768861.5441363391
823112.175,669809.3738076332
728411.2678,741654.376142309
728411.2678,796442.3486226453
728411.2678,754999.6125232861
728411.2678,1098565.9095437857
728411.2678,782044.4875760197
728411.2678,1083852.6938743414
427913.33309999993,489374.999211922
612159.9964,1053651.9219478462
612159.9964,1161858.3929266927
441614.526875,598706.7811737136
441614.526875,602304.672331801
441614.526875,573024.279623748
441614.526875,434448.64731329563
716239.1457,698520.4870186658
716239.1457,1135011.2339354283
716239.1457,1132175.508230778
716239.1457,708754.0510721504
716239.1457,713494.1991969434
716239.1457,708754.0510721504
716239.1457,661549.8258689863
716239.1457,660868.9097641729
716239.1457,667319.2896192599
521821.948675,631189.7939446163
521821.948675,676297.3957337713
545005.97015,591777.2177060132
510331.6979999999,493324.0304711767
510331.6979999999,543490.1828250801
510331.6979999999,538591.0583841112
747658.71201875,818447.7120887678
747658.71201875,1094285.195613002
747658.71201875,801688.7425663252
747658.71201875,1094285.195613002
747658.71201875,818447.7120887678
747658.71201875,773155.72175353
747658.71201875,773155.72175353
747658.71201875,786472.3396972934
916229.2603,1271409.2966951556
916229.2603,935491.5606366344
916229.2603,930952.5311331647
916229.2603,929090.8530402492
916229.2603,1254750.7189768346
916229.2603,1254786.3914583893
916229.2603,1247930.9365140772
907694.04555,822524.9938004479
907694.04555,796165.7240005465
423881.3652499999,572937.5119544374
423881.3652499999,414822.7875459677
280440.42905,253829.3448477398
280440.42905,419680.4406637284
411863.8515375,365592.01536957826
411863.8515375,406435.4064768873
411863.8515375,347061.0577225069
411863.8515375,353672.41664781125
747024.777175,1074273.5995667907
747024.777175,802179.2408998108
747024.777175,1071501.9003640828
747024.777175,796109.6388907164
747024.777175,790960.755842462
747024.777175,747463.3563241155
392530.03425,497643.63942721044
392530.03425,392510.93730148196
392530.03425,462561.89690338646
401215.2109,428335.4230867751
401215.2109,424138.83762129734
401215.2109,422240.90572774527
401215.2109,438121.14000862
403407.307,622554.6099563052
403407.307,699326.9956384299
403407.307,519629.96282201575
316229.4795,441731.3453869146
316229.4795,480845.5846904869
542957.6238749999,753460.7823236403
542957.6238749999,643051.8367615299
293388.0902875,267066.11677844235
293388.0902875,342914.5349657479
293388.0902875,352100.461275199
293388.0902875,341894.9221935398
275245.0987,197440.57674862142
601095.3790124999,672293.2318006773
601095.3790124999,745149.2768749242
601095.3790124999,747920.9760776322
601095.3790124999,733774.5747673659
326335.53422499995,309721.0184579754
326335.53422499995,394850.081382622
316809.7465,258814.70968005387
316809.7465,343540.0604044843
316809.7465,314847.95480954
609051.3401,792895.3041860837
609051.3401,722766.6827386853
609051.3401,720000.6863062296
609051.3401,904940.9162420409
609051.3401,712168.7357915568
609051.3401,882452.2307632465
1329153.5464,1194481.6787213539
1329153.5464,1674980.2675578073
665772.2906,708258.8788421499
665772.2906,732952.9540311568
629974.3452499999,722106.7387065752
629974.3452499999,722617.7569663301
629974.3452499999,722553.1989756891
629974.3452499999,730861.8862516434
629974.3452499999,1179969.5970510105
629974.3452499999,715314.4907172384
613137.1110624999,640182.9275580181
613137.1110624999,531472.1903940784
613137.1110624999,531472.1903940784
613137.1110624999,560296.7389251192
510814.345725,575971.0508909223
510814.345725,642351.8693465068
493153.4552,909803.7921424117
493153.4552,982819.4438658071
680439.308625,669771.3543549158
680439.308625,612004.1005159908
326544.77300000004,257623.68264557543
326544.77300000004,296934.5221517121
607423.1096499999,602012.5806170556
607423.1096499999,675390.9524994546
607423.1096499999,674937.6712563914
607423.1096499999,583113.5891700363
614374.698275,689378.6865964968
624911.28085,640714.7990905064
624911.28085,640998.8844585204
624911.28085,571222.4242267315
624911.28085,577886.3101930912
624911.28085,595152.696693357
631134.4592499998,1103271.139363394
631134.4592499998,1100600.4699346023
631134.4592499998,751286.4277018987
631134.4592499998,790175.6910328247
631134.4592499998,775558.5788905128
631134.4592499998,775558.5788905128
631134.4592499998,1100600.4699346023
631134.4592499998,1103676.4496429912
631134.4592499998,758101.6310791906
489133.4373000001,549434.6115562354
489133.4373000001,523917.1155937518
426311.81064999994,564647.3653048954
426311.81064999994,560783.4341528309
693050.65135,608015.6055527889
693050.65135,677737.6226092089
693050.65135,693923.2970805448
730022.4549,624709.5382594864
730022.4549,655295.5878319152
686594.8695,1082075.2984014247
686594.8695,736060.4913640704
180458.45745,270957.88821331033
180458.45745,192643.20745640458
635145.64865,670643.5424685376
635145.64865,1085807.3454909911
203836.7478,271490.9177864627
203836.7478,153738.98664450715
513004.28705,473785.01519447507
513004.28705,463933.63332456315
465811.2036,480234.9073946301
302721.8767,473096.9487771577
302721.8767,355987.89268652943
302721.8767,288393.0082360246
302721.8767,347901.65128922724
444103.254125,660049.6399513568
444103.254125,576614.2177639178
1098898.0692272726,1488045.0811574846
1098898.0692272726,1067938.5305081573
1098898.0692272726,1502807.7423719561
1098898.0692272726,1064962.346883284
1098898.0692272726,1072271.5515450793
1098898.0692272726,1071413.232589221
1098898.0692272726,1023441.3406789415
1098898.0692272726,1032413.1722056556
1098898.0692272726,1022760.4245741281
1098898.0692272726,1466117.695573349
1098898.0692272726,1495214.609312533
570595.8710204546,965719.6234405916
570595.8710204546,962645.280216988
570595.8710204546,638799.4805401223
570595.8710204546,626711.529206637
570595.8710204546,630298.5271747808
570595.8710204546,962645.280216988
570595.8710204546,962864.0755472921
570595.8710204546,604620.0827354725
570595.8710204546,924754.5681542837
570595.8710204546,951080.76115289
570595.8710204546,951027.5020832324
575136.72956,758552.023553001
575136.72956,656905.5432082653
575136.72956,708901.8830980931
575136.72956,600847.0185787149
575136.72956,740712.1747415569
470988.62453999993,432321.03390465176
470988.62453999993,431243.1548772039
470988.62453999993,432177.1087078138
470988.62453999993,612321.0227923589
470988.62453999993,416657.66121245676
595172.95025,764752.2900058326
595172.95025,791594.4442237106
406273.0718374999,432852.0574875911
406273.0718374999,431588.41337472125
406273.0718374999,510676.80908395187
406273.0718374999,413125.29684395646
266736.8224,266828.0404714719
266736.8224,261674.7724273234
559191.5208,592803.7969253619
559191.5208,610442.4201774412
623075.07455,678218.5145225773
623075.07455,650803.9233616702
623075.07455,650292.9051019152
623075.07455,769482.4405381461
623075.07455,763461.9620884943
712946.0362999999,662279.4995878417
712946.0362999999,666573.1874435209
712946.0362999999,1090886.0376416654
712946.0362999999,668139.4755772864
712946.0362999999,659001.2303184059
712946.0362999999,621970.2645028667
712946.0362999999,621289.3483980533
712946.0362999999,1097295.0145922475
484414.39034999994,488047.16498253547
402322.3893,449855.61094180396
402322.3893,401590.0052008081
402322.3893,402339.4907453829
855561.0049499999,1121098.9390218086
855561.0049499999,699925.5966403319
855561.0049499999,1099423.938292945
604893.81545,672998.9119310415
604893.81545,760607.2329347853
604893.81545,678164.3607004285
676134.0607285714,1002873.4465132724
676134.0607285714,786452.2032167
676134.0607285714,781002.3026445108
676134.0607285714,843409.2282157757
676134.0607285714,996159.9842263915
676134.0607285714,835341.7372579664
676134.0607285714,774966.9318830566
536500.71855,979691.8137234908
536500.71855,677195.2835402507
633736.178515,703684.9715627669
633736.178515,706419.5957374471
633736.178515,704740.2414367776
633736.178515,703684.9715627669
633736.178515,702055.9050369603
633736.178515,667182.1990768315
633736.178515,1038501.7264641393
633736.178515,667892.6236224314
633736.178515,673673.9167351542
633736.178515,1119160.7365543654
581119.33155,546295.6317904913
581119.33155,555938.5642077879
422288.67944999994,346780.55099322915
506250.75959999993,482337.27436354477
506250.75959999993,436816.50969022734
948762.02915,851766.063691289
204706.92095,143141.42206564907
204706.92095,266035.5892965189
197401.08214999997,132527.21822563722
197401.08214999997,125518.3962928413
475881.5127,564694.2801777944
475881.5127,598001.960359466
603263.622675,963011.2015840709
603263.622675,761131.8451057944
418767.785925,441076.7198979926
418767.785925,520164.386447851
418767.785925,415652.13622348406
418767.785925,451982.37677902996
418767.785925,525660.4166942411
418767.785925,443690.5464952559
375833.913525,317837.75304276607
375833.913525,337176.7731202348
390390.52366875,441816.4476699126
390390.52366875,395532.2937695083
390390.52366875,393748.3736697798
390390.52366875,400699.83007832005
390390.52366875,399556.00117163424
390390.52366875,410966.5051856829
390390.52366875,478633.36170041375
390390.52366875,367678.3268544868
394936.0730875,341638.61203687923
394936.0730875,341638.61203687923
394936.0730875,356510.69928002957
394936.0730875,398974.8654512343
779996.49644,773869.80930892
779996.49644,790348.4606973683
779996.49644,792576.4346196058
779996.49644,772606.1651960502
779996.49644,770010.6536160355
779996.49644,1157858.1463999064
779996.49644,735229.2140499734
779996.49644,734067.3713684193
779996.49644,756734.9372203144
779996.49644,817067.3586905568
331063.11468750006,307704.36305947026
331063.11468750006,322411.1036982581
331063.11468750006,389981.4463698122
331063.11468750006,337247.81216017
331063.11468750006,336379.0359384679
331063.11468750006,367007.6312213259
970644.1578,828662.023530134
970644.1578,1294554.1250400876
781239.4322599999,792329.2151581852
781239.4322599999,796858.317692441
781239.4322599999,800716.3836460677
781239.4322599999,797119.8266012344
781239.4322599999,1198469.497987599
526971.9933000001,548993.5000878795
526971.9933000001,551020.4934439963
526971.9933000001,525242.9461125217
526971.9933000001,489115.54485357215
256442.32704999996,276708.3539991637
256442.32704999996,168269.82728165103
541224.812825,803858.0886489211
541224.812825,710214.4598925961
350438.18375,391062.8268863715
350438.18375,449259.2061676272
350438.18375,551308.2419423921
390087.6463,396870.5619294128
390087.6463,545672.0308697785
390087.6463,531238.5533116976
215005.280625,188388.93982373778
215005.280625,246786.6402834896
183693.1011,148075.47601473297
183693.1011,151735.5245439568
442928.3995499999,435070.56618175644
442928.3995499999,422290.8979436598
590503.13275,537620.6246776631
590503.13275,644845.7120508164
566528.8078,571550.4918406296
566528.8078,580028.3310676145
480906.5574499999,544529.8864971851
480906.5574499999,419118.9100289875
480906.5574499999,406693.68403756444
323907.5185499999,471931.9766029472
323907.5185499999,380208.20995233074
896958.0258999998,1319872.397234904
896958.0258999998,1333138.7691464107
896958.0258999998,935834.0508097595
642873.9922812501,794141.9042839642
642873.9922812501,794141.9042839642
642873.9922812501,791857.3952073688
642873.9922812501,854192.161683918
642873.9922812501,798926.8742392284
642873.9922812501,843814.8531925258
642873.9922812501,787788.164046728
642873.9922812501,784079.4194657262
677169.6330749999,723186.8524087057
452982.10365,609764.0427907495
452982.10365,452668.9937967862
452982.10365,437972.2380315867
843010.4176,812886.4660509623
843010.4176,1103272.3354609543
503078.5022000001,540843.2392005528
503078.5022000001,574931.9733284051
503078.5022000001,398077.13508126285
503078.5022000001,417756.6013052843
264676.1796,191200.76481012948
264676.1796,285582.69128756557
264676.1796,317818.35440660134
423033.4415,384408.28338398505
423033.4415,387865.7176328806
210826.25355,151931.60589945887
210826.25355,248205.94170794397
691966.7978,803963.0383470913
691966.7978,797399.5593090764
444007.3783,486478.6161309418
444007.3783,486478.6161309418
444007.3783,572441.7992490656
444007.3783,476099.82239316555
841332.7543499998,914826.8596932596
841332.7543499998,914826.8596932596
841332.7543499998,922433.1196227701
841332.7543499998,948399.3380236493
841332.7543499998,921616.4672677127
841332.7543499998,1263474.6061303285
676761.1209999999,729917.4238025008
676761.1209999999,757983.8491492406
676761.1209999999,717456.2090168335
676761.1209999999,708331.8699764535
676761.1209999999,863624.3612005216
898091.2643999999,998734.758780634
557370.6197749999,610659.3249830029
557370.6197749999,1013379.8222967305
286130.94537500007,253011.4592473163
286130.94537500007,299421.9549929562
577228.2755,651443.0604016108
577228.2755,684803.4329782244
577228.2755,655030.0583697546
577228.2755,684803.4329782244
577228.2755,687198.2900566915
577228.2755,982834.9366323312
577228.2755,947008.0007734376
577228.2755,616154.7378185465
577228.2755,628537.4345476266
577228.2755,632016.935194011
736046.5543999999,790156.492364112
736046.5543999999,798860.1537661704
848182.06725,1133306.6211236673
848182.06725,716834.0816350513
848182.06725,1124796.228512841
848182.06725,1130270.344016682
848182.06725,715650.5494259949
848182.06725,1130234.5979987099
848182.06725,1130234.5979987099
848182.06725,1133006.2972014179
848182.06725,1117788.9801799231
662985.5048,711713.4618175272
662985.5048,602397.5986833109
662985.5048,639143.0473114143
662985.5048,712000.7464469136
662985.5048,712000.7464469136
662985.5048,610050.7480272294
356474.044175,296804.1482262321
356474.044175,310747.51660853886
370374.9685,325710.6814359081
370374.9685,319814.3786672763
370374.9685,323046.2792234875
256521.22562499996,251071.56890578382
256521.22562499996,217334.42876974732
421399.0474,367906.6521965554
421399.0474,366875.50219060783
421399.0474,328660.46064368566
611075.3822999999,679248.870902231
611075.3822999999,677839.877878029
611075.3822999999,1018644.6519456396
611075.3822999999,673768.1431338271
611075.3822999999,1019600.8681983463
611075.3822999999,676855.6144500849
749820.3121,1012078.2687961657
749820.3121,844056.4153984075
749820.3121,962080.4836672451
653412.32085,683103.530654414
653412.32085,1083992.950743575
567083.1257,592653.9990311848
567083.1257,993924.3120362875
202919.47145,146358.967037073
202919.47145,189103.39302635932
690087.4345499999,792361.6492226911
690087.4345499999,683422.6915360698
690087.4345499999,680565.6367226996
358601.36775,479777.19967719575
358601.36775,391009.20527236164
358601.36775,338096.0118422984
625220.38103,546435.0112710686
625220.38103,536522.45796767
625220.38103,625387.1415246394
625220.38103,631240.1184864395
625220.38103,529468.576702894
576887.1483,1003840.6649871491
576887.1483,1039481.2879362673
216277.55169999995,238920.05620269536
216277.55169999995,139152.62620179623
628290.1102,671609.4812141914
628290.1102,636481.8555601711
641245.6967000001,714372.9294196034
641245.6967000001,710951.6888638459
641245.6967000001,1068069.5643965865
641245.6967000001,1064993.5846881976
641245.6967000001,1067466.376656788
641245.6967000001,1068103.1952284677
641245.6967000001,1045805.0868067499
641245.6967000001,680849.1399426276
641245.6967000001,680849.1399426276
184666.5452,130569.32644254842
184666.5452,141995.5617715998
184666.5452,251746.12012115202
640023.67035,539802.465698322
599162.20655,692352.9869466507
599162.20655,666014.2684573926
599162.20655,725382.0276474485
615914.11194,790303.3659509298
615914.11194,697860.2979968099
615914.11194,787008.5909122366
615914.11194,669547.1461275119
615914.11194,653806.5687157575
532801.5015249999,1004392.5755663523
532801.5015249999,596133.9706003125
288748.28028,341433.7972778026
288748.28028,262076.3479202214
288748.28028,260476.7522142225
288748.28028,284235.8013018616
288748.28028,284235.8013018616
175092.39835,210535.04336461856
175092.39835,101152.1759617225
256591.59189999997,277276.7831539594
256591.59189999997,247785.20407867956
256591.59189999997,238132.50901915348
271755.045225,227941.48942089692
271755.045225,267375.2189471807
683860.6345,792737.3826444872
683860.6345,813610.197010787
598473.6267125,606482.8993198405
598473.6267125,621869.9672768845
598473.6267125,643849.5543238858
598473.6267125,597536.0676869206
531430.9036249999,514866.2768760921
531430.9036249999,542672.7675823835
549701.4344,634424.257875122
549701.4344,778117.7259519036
549701.4344,634424.257875122
549701.4344,736449.7531762975
223253.7241,232730.28427421622
744130.7340500001,1145605.093285168
744130.7340500001,780323.3815048675
744130.7340500001,755513.6438907217
744130.7340500001,780834.3997646224
744130.7340500001,760864.1303410667
744130.7340500001,1131584.0663036343
744130.7340500001,743564.6705804557
744130.7340500001,748909.3757275193
744130.7340500001,1120966.6020122087
744130.7340500001,767396.9600023802
721200.615075,1174223.6443670497
721200.615075,1174223.6443670497
721200.615075,1166146.9527583048
721200.615075,1169613.1894690942
721200.615075,1173713.099586653
721200.615075,1130469.9378049993
721200.615075,1129694.6469855872
721200.615075,712599.6988883568
721200.615075,730327.762282332
456571.84915,465145.04850137193
456571.84915,465185.45729129226
868984.3951142858,1349933.0971173188
868984.3951142858,1349933.0971173188
868984.3951142858,1461662.1571778923
868984.3951142858,1352768.8228219694
868984.3951142858,1350151.892447623
868984.3951142858,928626.6095700285
868984.3951142858,1310187.6451045265
369831.33075,297434.76774837397
369831.33075,301005.26863277983
369831.33075,414775.41939848225
618829.6099,608031.4042360671
618829.6099,570695.8217902208
360843.7433,405505.4878085315
360843.7433,343409.3607277989
360843.7433,300832.8185108655
360843.7433,289603.755047613
680052.0146999998,1045058.7726104968
680052.0146999998,773130.4295337901
584163.5519,688941.9485745742
584163.5519,675090.1793339922
660992.953075,710942.3611210028
660992.953075,797284.3549399524
432248.906625,418074.24650820123
432248.906625,496976.4890096474
599593.2606,1019647.8600712452
599593.2606,674672.8751762445
599593.2606,1022503.4079645447
599593.2606,679829.6932979404
599593.2606,640610.4127668868
599593.2606,647636.997328207
528454.0625499999,561423.1360866105
528454.0625499999,475641.3332180239
424969.34542500007,353580.002753057
424969.34542500007,314231.5476018171
950090.3971,1199558.0708752107
950090.3971,823711.3530512102
199536.43895,167136.06449175504
199536.43895,222070.32636489207
199536.43895,166634.19794507645
759605.9626,745677.0486844013
669127.2125499998,696738.6164941342
669807.061,1056319.805981391
669807.061,1087302.853038614
669807.061,1062806.6408284174
483833.049890625,598132.8991282952
483833.049890625,451356.5416757846
483833.049890625,440139.2832190405
483833.049890625,598118.1347324997
483833.049890625,593709.373110786
483833.049890625,448223.10198653274
483833.049890625,448904.01809134614
483833.049890625,439865.30449875526
296339.93834999995,272885.01037787896
296339.93834999995,313286.6157912603
296339.93834999995,276087.9361128155
530692.1028499999,576020.8566267921
530692.1028499999,902326.2450793007
449399.90590000007,463486.9433756788
449399.90590000007,511424.81847533537
361959.19274999993,345492.03785548755
361959.19274999993,514690.5554939545
276481.4362,264846.39158947626
276481.4362,342820.2511414972
497770.80362499994,528755.9157883421
497770.80362499994,586745.632357833
302737.7863999999,251182.2189814126
302737.7863999999,322106.9658229567
344417.699875,423070.6554152546
344417.699875,519156.06399584026
647498.1864250001,745270.2021359653
647498.1864250001,732636.4682749693
647498.1864250001,744006.5580230955
647498.1864250001,744006.5580230955
647498.1864250001,1170138.1062658967
647498.1864250001,1167468.9577556343
647498.1864250001,732636.4682749693
647498.1864250001,1079720.9359054319
651297.3750500001,705588.6918327326
651297.3750500001,835534.7648981579
377630.20480000007,326442.8550511107
377630.20480000007,293171.0327863786
377630.20480000007,328362.9617061763
412342.1844,484214.3957341438
412342.1844,555645.2493072778
412342.1844,524973.0770058746
412342.1844,734039.0394941396
333666.07965,404683.53787081566
333666.07965,356588.2966498915
333666.07965,338313.8234820554
393556.8406,468716.3523896553
393556.8406,422344.85492330196
592115.5065281249,1055905.5365415665
592115.5065281249,1055707.6590813652
592115.5065281249,727330.5249834139
592115.5065281249,1053016.0717824707
592115.5065281249,1151805.000558375
592115.5065281249,1053234.8671127749
592115.5065281249,710362.9021575942
592115.5065281249,1195914.6398286484
288101.52144999994,297689.2330185
288101.52144999994,210104.17109820805
288101.52144999994,200493.19451349403
926739.6051,1339318.602938709
926739.6051,901788.9776185151
680803.6392,1018596.3113182501
680803.6392,1097045.893116467
687919.3699500001,674360.2204268444
687919.3699500001,672180.7101875622
687919.3699500001,702444.0688504026
687919.3699500001,695907.6448375004
687919.3699500001,666233.7349354858
687919.3699500001,701142.3391197292
648710.4719499999,655987.3021512198
648710.4719499999,1153448.263263598
239823.86204999997,273597.58461844915
239823.86204999997,183170.71552980662
239823.86204999997,174907.06292229798
523530.382225,652688.3011393085
523530.382225,619897.4829952596
625207.75495,677583.4901028273
625207.75495,1113292.3011438367
625207.75495,1195118.319267977
1021400.217125,1418919.8186442775
1021400.217125,966821.5870075957
1054313.087575,1367807.1612503747
1054313.087575,982299.4398353206
816209.9757999998,878772.3018207494
816209.9757999998,862037.2916035941
816209.9757999998,864955.4076712788
480828.82175,509044.9691970493
2426938.4554,2441177.1394855278
2426938.4554,2492824.2540564146
780171.8067818182,793689.7500265588
780171.8067818182,1160481.1533814827
780171.8067818182,1226847.0966858678
780171.8067818182,795710.4598609371
780171.8067818182,1157405.1736730938
780171.8067818182,766050.0801657776
780171.8067818182,734539.9439028538
780171.8067818182,732697.1851164863
780171.8067818182,734539.9439028538
780171.8067818182,733378.1012212997
780171.8067818182,792718.9138892947
567676.1061,608017.0683742028
567676.1061,612055.3311481472
567676.1061,637479.9148226557
567676.1061,635775.6519999622
419586.4255,567552.7842737283
419586.4255,562098.1085184934
299813.01275000005,244071.67699540587
299813.01275000005,331858.679674244
299813.01275000005,277538.402695476
356451.99465,413191.8208823075
356451.99465,303754.2092204773
483370.8994375001,440055.20195199945
483370.8994375001,490883.2754060414
483370.8994375001,467705.2576683286
483370.8994375001,481103.46973798913
325598.33365,384470.5838160496
325598.33365,260057.36325401423
465241.1820375,629280.8364337907
465241.1820375,453940.1334153357
465241.1820375,452962.3811983551
465241.1820375,600339.4076238074
465241.1820375,443438.4351377961
465241.1820375,459446.86183336837
465241.1820375,596105.4038480066
465241.1820375,428943.0730637859
361110.4906,402900.66084847803
361110.4906,332395.4252439025
562315.2720499999,609769.0250744995
562315.2720499999,600165.4235426057
1073977.1362,1005275.9343297158
1073977.1362,1497221.1254254351
2684730.5064999997,3160965.8549617883
2684730.5064999997,3153345.1791171464
599298.1359875,706695.8277692893
599298.1359875,1036770.9410829475
599298.1359875,1032080.8604638043
599298.1359875,1034697.7908381505
599298.1359875,707206.8460290442
599298.1359875,1012489.5158937648
599298.1359875,659303.2945163569
599298.1359875,1084138.4588356488
555585.1308,655164.0412624943
555585.1308,759116.028065111
555585.1308,758897.2327348068
555585.1308,607986.9647609979
555585.1308,610474.4834767386
1200828.32345,1141093.7402989091
1200828.32345,1163564.873477659
407474.12595,395422.84809252975
407474.12595,605685.5447929451
508278.07305,553992.4050881189
508278.07305,520187.27902723325
684639.417225,781714.8753696718
684639.417225,834032.354409483
576395.94625,642013.2187640262
576395.94625,760840.6939461706
576395.94625,641650.899915783
576395.94625,625164.9363773603
576395.94625,619244.3314794912
576395.94625,754978.9987908562
576395.94625,616849.3667981502
588076.9825500001,624041.1451301508
588076.9825500001,593148.6734638476
588076.9825500001,703135.2728218691
588076.9825500001,633370.183962205
194178.7267,174612.953596121
194178.7267,133548.22431187483
223965.35420000003,179789.89136831602
223965.35420000003,278823.8753518544
223965.35420000003,264053.39445500367
472984.3188999999,458618.29274841107
472984.3188999999,437899.68960164906
448886.2536,458719.4739924633
448886.2536,418083.4536919568
448886.2536,397319.3054197918
594926.2760999999,733766.2887672682
594926.2760999999,633800.0951116098
433881.85975000006,722777.057465585
433881.85975000006,629966.432340286
279540.0225,285364.1993206021
279540.0225,351836.75706661
279540.0225,282593.34649927326
491009.6939,591129.8419978926
491009.6939,694283.1696292863
746598.6258500001,702948.8552397053
746598.6258500001,702289.5661105651
746598.6258500001,693879.219030836
746598.6258500001,1111551.4958029154
746598.6258500001,702948.8552397053
746598.6258500001,1087035.336132323
746598.6258500001,1087035.336132323
746598.6258500001,654437.2201677955
746598.6258500001,1087035.336132323
746598.6258500001,665389.9930008746
449428.06492,532151.2896441362
449428.06492,459125.36674238066
449428.06492,505326.2190019017
449428.06492,426012.260385742
449428.06492,447821.76136005437
457656.42395,504534.56330493843
457656.42395,411674.25546776
743839.9971625,729448.0389859047
743839.9971625,713107.8775283705
743839.9971625,729448.0389859047
743839.9971625,1139754.0918660117
743839.9971625,729448.0389859047
743839.9971625,679106.8335185294
743839.9971625,1095405.9331535697
743839.9971625,1117973.9498374055
387576.55427499994,395369.9885307373
387576.55427499994,341005.1468396215
453680.0597,414040.8455071053
453680.0597,401087.59001343517
453680.0597,407790.1130062107
556065.67904,714251.4279147378
556065.67904,871373.1124980801
556065.67904,869904.3683895511
556065.67904,686727.6603389552
556065.67904,852195.8532356224
210233.3345,318897.35833387775
210233.3345,230753.75426336244
452162.15195,396874.0460520474
452162.15195,408917.57263076014
553888.8724,493317.9815106555
650232.9123699999,823873.8812271544
650232.9123699999,824092.6765574586
650232.9123699999,733928.1814402875
650232.9123699999,735028.7677683709
650232.9123699999,681209.6770523475
623000.62,1130517.8117172641
623000.62,1051998.1218149585
677294.2879,688400.1189395166
677294.2879,617744.5353434416
677294.2879,595355.8327264942
677294.2879,676250.4103211572
677294.2879,602287.336160488
677294.2879,686205.9052260282
677294.2879,588206.1177574369
350658.07039999997,344326.06156746205
267133.89324999996,212370.81325000187
267133.89324999996,327882.40169585816
301305.27037499996,266093.45168269816
301305.27037499996,354394.18577463104
512101.95609642856,496627.91618589434
512101.95609642856,601826.9779120327
512101.95609642856,521315.6776048761
512101.95609642856,583528.1379570971
512101.95609642856,598063.644215849
512101.95609642856,524608.3713833347
512101.95609642856,521046.7319680982
290808.3018,244002.78358746105
290808.3018,244571.9959958567
290808.3018,253424.26774602802
742705.5532214284,754401.3198153418
742705.5532214284,1146916.4065198423
742705.5532214284,760809.5080422286
742705.5532214284,780343.1724443682
742705.5532214284,764430.1368422535
742705.5532214284,761492.2657316496
742705.5532214284,775055.7337422039
771316.70965,721942.890179581
771316.70965,742252.7789492017
542283.7696749999,577115.6709112835
542283.7696749999,568156.8395318901
506185.49775,561177.4015012855
506185.49775,461373.7853494326
506185.49775,460407.6773720571
838734.411,764397.618274797
548892.848359091,981611.7664600543
548892.848359091,978840.0672573464
548892.848359091,656769.9528603888
548892.848359091,667627.4618830954
548892.848359091,1085539.4383223208
548892.848359091,648761.8521934121
548892.848359091,943013.1313984524
548892.848359091,943694.0475032658
548892.848359091,943013.1313984524
548892.848359091,613141.5930062376
548892.848359091,610076.6635457156
509056.3630149999,555969.4983456082
509056.3630149999,555969.4983456082
509056.3630149999,562530.2333546837
509056.3630149999,555969.4983456082
509056.3630149999,462520.2222415324
799083.45125,1153280.3477652618
799083.45125,734969.1614718809
799083.45125,756052.1752164084
799083.45125,745026.9107282218
799083.45125,752495.7775027566
799083.45125,747347.8348670243
799083.45125,740990.9352902096
799083.45125,699356.2735927589
799083.45125,1116460.6332328124
799083.45125,1115608.6275468897
799083.45125,1116289.5436517033
506982.997,560943.733324533
506982.997,522735.6212932019
738958.8557,1048089.8472478772
738958.8557,826850.0890322232
738958.8557,1045398.2599489826
738958.8557,1062685.3660627755
738958.8557,784627.2327458578
738958.8557,806751.864112697
372496.50462500006,370607.67531512707
372496.50462500006,327543.8042043361
338866.80840000004,393713.39302661875
338866.80840000004,345115.93174177385
338866.80840000004,466282.6092564635
338866.80840000004,382949.2411841335
406980.2985,398679.0997865281
406980.2985,390208.1865297701
551157.2274249999,659917.5975289922
551157.2274249999,1076542.4275617804
551157.2274249999,974819.4057492237
551157.2274249999,1080445.3397300858
551157.2274249999,641278.8189751002
551157.2274249999,651993.8752792798
551157.2274249999,658862.3276549815
551157.2274249999,648619.500441751
1086914.1667,980072.6356985667
1086914.1667,985722.8684961969
343879.51222499995,352790.42056849634
343879.51222499995,293742.63307301915
597892.643725,673158.362873665
597892.643725,757502.9105759964
597892.643725,675855.3267595468
597892.643725,640697.0938399851
605571.6603750001,1062948.9430404182
605571.6603750001,719868.2816888407
605571.6603750001,737229.479375565
605571.6603750001,739250.1892099432
605571.6603750001,732049.8874904059
605571.6603750001,719565.9598254827
605571.6603750001,1062730.147710114
605571.6603750001,681234.9526835771
605571.6603750001,696071.8740013153
605571.6603750001,681915.8687883905
605571.6603750001,1104345.522125738
601755.6975,676314.2516593519
601755.6975,719562.6931458456
601755.6975,719591.1080816475
601755.6975,809861.9742902389
601755.6975,665061.1911339372
601755.6975,796668.4795889689
601755.6975,665061.1911339372
601755.6975,882365.8199468112
440995.4424499999,489664.30860316596
440995.4424499999,496274.00464135886
440995.4424499999,509060.8447831968
440995.4424499999,488224.6591981302
686698.390275,752450.8926276442
686698.390275,825696.8624265991
828752.7153624999,754241.2996543166
828752.7153624999,1149185.6274432894
828752.7153624999,747225.1109483617
828752.7153624999,736379.5578649549
828752.7153624999,1137574.8176872095
828752.7153624999,754241.2996543166
828752.7153624999,1149185.6274432894
828752.7153624999,718195.7102842857
313677.92644999997,373069.8979735873
313677.92644999997,252229.18665505358
737539.3687999999,1125331.1622964193
737539.3687999999,722801.8298425637
737539.3687999999,728856.0853984829
737539.3687999999,1128166.88800107
737539.3687999999,728920.1119004253
737539.3687999999,715304.5718913614
737539.3687999999,667953.1497849398
737539.3687999999,664691.6001584224
737539.3687999999,672301.4107028762
543922.9463000001,651539.2797129102
543922.9463000001,668161.5878633936
543922.9463000001,669542.9975326514
543922.9463000001,668672.6061231486
543922.9463000001,651039.0803893508
543922.9463000001,946604.0207611775
543922.9463000001,946604.0207611775
543922.9463000001,615750.7578062864
543922.9463000001,980497.5618995269
618606.1702375001,663048.5018433096
618606.1702375001,840880.7068322849
618606.1702375001,657354.673504153
618606.1702375001,840661.9115019806
618606.1702375001,660176.7910821859
618606.1702375001,659360.7413508984
618606.1702375001,657999.9938801676
618606.1702375001,657999.9938801676
332648.1478,396941.56027291063
332648.1478,282008.53757844213
702729.48575,674942.8122191246
702729.48575,671477.7781754253
372508.549675,390216.8351737081
372508.549675,508849.8270377696
189448.9794,250372.54573241726
189448.9794,243137.17496305687
189448.9794,278079.7586091183
801847.0482499999,829520.072002932
801847.0482499999,838496.0100230966
474453.39774999995,447412.8056361817
474453.39774999995,446849.23118412145
479058.8008,427536.9077041235
479058.8008,419281.15981704154
586742.9108499999,631603.325576606
586742.9108499999,689916.6836256924
2536920.813475,2499117.5502916304
2536920.813475,2487058.9589926465
608870.50875,854902.0226449991
608870.50875,863463.7590205722
608870.50875,664520.5865078666
608870.50875,683983.1552398768
608870.50875,662857.4365252212
608870.50875,680307.9061276778
608870.50875,677351.2364837559
608870.50875,675911.3060797072
687128.4121428571,771345.1461023352
687128.4121428571,791927.2929847416
687128.4121428571,791927.2929847416
687128.4121428571,1119854.0164023764
687128.4121428571,767655.1417961275
687128.4121428571,791927.2929847416
687128.4121428571,771345.1461023352
687128.4121428571,730228.0412000417
687128.4121428571,753239.8822900772
687128.4121428571,1078998.837771365
687128.4121428571,1078998.837771365
687128.4121428571,730829.5519968865
687128.4121428571,731965.1742809166
687128.4121428571,1196016.046042942
2642287.457975,2492969.542461269
2642287.457975,2508645.5177792767
760048.45196,744789.2157290045
760048.45196,645997.568720494
760048.45196,674506.3029208734
760048.45196,678790.286106233
760048.45196,735502.5868356283
342345.08045,307208.8691312273
1036512.4678100002,1388626.2639576856
1036512.4678100002,1359561.6016929597
1036512.4678100002,988682.8713758235
1036512.4678100002,987824.5524199652
1036512.4678100002,1356541.4758995948
1036512.4678100002,983033.940976916
1036512.4678100002,962336.9789729072
1036512.4678100002,1388662.0099756578
1036512.4678100002,1323492.6033074162
1036512.4678100002,1357772.4622919862
1036512.4678100002,944972.2435198075
1036512.4678100002,948334.7130477289
1036512.4678100002,946007.3890117276
1036512.4678100002,947653.7969429155
1036512.4678100002,966345.3741447328
519496.9357857144,492883.90285491565
519496.9357857144,494147.5469677855
519496.9357857144,599371.1190456381
519496.9357857144,592810.3840365628
519496.9357857144,494509.5580519935
519496.9357857144,495190.47415680694
519496.9357857144,494669.734088234
600615.48222,906080.0379669953
600615.48222,931926.1074584924
600615.48222,719552.6482380033
600615.48222,776805.617969452
600615.48222,800335.0014193605
934642.421075,827305.440484989
934642.421075,846928.8690275277
492363.3976999999,474159.1764487062
492363.3976999999,471941.79001580586
418697.7749749999,354890.98764069966
418697.7749749999,430632.24535784684
812261.2517499999,1113241.68078604
812261.2517499999,1132556.9540226413
812261.2517499999,693070.697526451
571165.87035,960610.7524209665
571165.87035,666759.1540656926
646627.124225,674265.7541105013
646627.124225,678906.6901037242
289925.8121,336421.0205143968
289925.8121,328662.5708960961
289925.8121,227871.67373748164
404237.968975,390832.25363177946
404237.968975,515343.30328826676
708332.17525,616927.3371114007
708332.17525,617463.5885824204
558962.6723999999,489365.05196933623
558962.6723999999,487936.43385233695
533113.919375,486476.5749907802
533113.919375,450599.8032129652
828753.0049767856,1202507.0372673143
828753.0049767856,795673.2177842275
828753.0049767856,794409.5736713576
828753.0049767856,806299.4053018622
828753.0049767856,795092.3313607787
828753.0049767856,1196198.6345778427
828753.0049767856,1202507.0372673143
828753.0049767856,1163065.2605292506
828753.0049767856,749785.7870157443
828753.0049767856,749785.7870157443
828753.0049767856,1141892.8883839636
828753.0049767856,749785.7870157443
828753.0049767856,747732.4675061313
828753.0049767856,755595.1379387192
932253.31827,882710.3557421197
932253.31827,1300178.8461157791
932253.31827,872422.1038335825
932253.31827,888764.6112980389
932253.31827,887475.7556966827
932253.31827,852460.8973832023
932253.31827,1263460.2077068044
932253.31827,853473.0294052755
932253.31827,852460.8973832023
932253.31827,873942.5867105501
234576.56045,175369.77143541758
234576.56045,321776.40216341923
536437.7762,641749.6978686427
536437.7762,693165.146424281
359246.25260000007,589945.1026885221
359246.25260000007,463283.60311989405
359246.25260000007,434312.8862319392
587640.3316500001,598604.7301780208
587640.3316500001,619586.2602350845
2261447.8670750004,2668098.9956568666
2261447.8670750004,2237536.7700027274
674674.0647499999,779990.2096212445
674674.0647499999,672802.0140484405
605528.0591000001,607194.8635192966
605528.0591000001,692570.3393810632
605528.0591000001,616523.919721667
605528.0591000001,600850.1212441693
605528.0591000001,598003.696977219
398278.7848,376884.3625783157
398278.7848,454486.687811099
398278.7848,372348.98421836464
746877.6293,808622.3774128123
746877.6293,777837.8700491172
664040.160025,671325.9873670702
664040.160025,668461.2442563159
475376.633075,585876.2187166299
475376.633075,681855.115942665
561415.44505,502516.4473069997
561415.44505,497520.21885644156
845107.4924,1193048.6608654638
845107.4924,849851.4853824385
845107.4924,822658.9457906912
642594.795325,1122158.7280314364
642594.795325,745432.0724630834
642594.795325,729262.451288084
642594.795325,1122158.7280314364
642594.795325,741640.1305057263
642594.795325,744096.6689607418
487398.3656875001,450286.71595069213
487398.3656875001,483329.26412669127
487398.3656875001,451687.65748009505
487398.3656875001,451967.3339545907
487398.3656875001,475802.6815634273
487398.3656875001,450583.03542979306
345526.4605214286,392541.3578995264
345526.4605214286,398476.1033583668
345526.4605214286,398476.1033583668
345526.4605214286,338629.53339305206
345526.4605214286,341471.9261149994
345526.4605214286,404916.31792172475
345526.4605214286,370934.41003312403
555703.53125,638400.3290049458
555703.53125,600181.9468344037
555703.53125,639455.5988789564
555703.53125,622547.219720654
691066.22205,774429.6747759003
691066.22205,1147543.2000693055
691066.22205,755476.4675049337
691066.22205,758819.2947650105
691066.22205,1151573.7595456159
691066.22205,718127.8195799376
691066.22205,1118632.2014797889
691066.22205,754914.8544244327
364700.19355,368440.0345156233
364700.19355,279267.6745205016
424974.354485,406291.34169373626
424974.354485,506114.8740986504
424974.354485,508149.7500430059
424974.354485,506365.82994327747
424974.354485,480921.242147452
417813.9048500001,382389.68850549305
417813.9048500001,397928.8984307262
1462437.1085499998,1553873.8557269
222601.76104999997,182558.18040939036
222601.76104999997,153071.8868835565
430765.5572499999,440586.483489849
430765.5572499999,439326.5234057326
430765.5572499999,412127.27735859924
430765.5572499999,406425.0931861114
1185942.5586,1585591.3014000244
1185942.5586,1625100.5784742134
444802.67095,529613.6916533121
444802.67095,517199.97968243656
444802.67095,517199.97968243656
444802.67095,496224.676333277
1336348.89386,1647644.8593695115
1336348.89386,1655508.8581049049
1336348.89386,1196023.153397568
1336348.89386,1652666.6413668285
1336348.89386,1192119.792762663
1336348.89386,1191232.5419545192
1336348.89386,1192119.792762663
1336348.89386,1640893.4243643777
1336348.89386,1652702.3873848007
1336348.89386,1663110.1731088243
1413016.0552461538,1827918.0587456878
1413016.0552461538,1383062.2888946673
1413016.0552461538,1385487.7032489916
1413016.0552461538,1827882.3127277158
1413016.0552461538,1381580.0032055858
1413016.0552461538,1378271.677451618
1413016.0552461538,1385487.7032489916
1413016.0552461538,1773844.5103951413
1413016.0552461538,1752165.055037804
1413016.0552461538,1328339.0012220507
1413016.0552461538,1326459.4015969504
1413016.0552461538,1773844.5103951413
1413016.0552461538,1345197.6544946285
912518.717,1100816.3002353262
323397.0129,303402.62713809643
325846.06067499996,449685.8781279405
325846.06067499996,348010.3637394115
466024.8594,722825.54816936
466024.8594,645344.5680165798
466024.8594,665125.8103779145
466024.8594,554738.6921876569
748969.3800500002,1103861.63904107
748969.3800500002,719673.8510968332
295473.68455,413906.671885047
295473.68455,285275.3166270974
650838.17935,649667.298176368
650838.17935,666044.7234044012
670606.4021,730542.8960898857
670606.4021,717314.9595576945
670606.4021,823214.9492483998
670606.4021,851849.7962621853
670606.4021,720242.0196681682
1177175.2448,1029389.1794012232
1177175.2448,1040964.6154572829
1177175.2448,1456099.4948594633
886837.6659,987969.595738962
886837.6659,881643.0869075665
886837.6659,861029.2144756461
886837.6659,881643.0869075665
886837.6659,884088.7364574724
886837.6659,863871.1141092031
886837.6659,981682.7270708869
426636.40264999995,579364.6168539075
426636.40264999995,593766.2997555634
826224.5432,869598.3013662556
826224.5432,849995.8116046708
790020.7020428572,694577.5719135391
790020.7020428572,693244.1456125388
790020.7020428572,1116269.7222623134
790020.7020428572,694958.0077396022
790020.7020428572,1120802.9877515954
790020.7020428572,1121435.601288288
790020.7020428572,693675.6792092831
431734.502875,467492.0106320439
431734.502875,467492.0106320439
431734.502875,558947.8482244168
431734.502875,594733.5194552941
516084.49746,501672.5973204197
516084.49746,588754.7811880308
516084.49746,479732.9394387541
516084.49746,500106.30918665405
516084.49746,454175.2007213159
885328.99574,1158115.8323070975
885328.99574,748117.5145843552
885328.99574,1158775.1214362378
885328.99574,741198.8343316192
885328.99574,1155702.7894457085
885328.99574,1158775.1214362378
885328.99574,709771.5241034749
885328.99574,709834.0279018795
885328.99574,710514.944006693
885328.99574,706750.1692526415
582898.4336999999,937304.873049692
582898.4336999999,652930.9006221778
582898.4336999999,615852.1943958038
582898.4336999999,937269.1270317199
582898.4336999999,956016.9962274255
582898.4336999999,626314.7515925127
609594.342775,797232.9894519331
609594.342775,665526.7350413081
609594.342775,666037.7533010631
609594.342775,661483.8062596741
176596.26715000003,144872.67301112384
176596.26715000003,253950.934486693
640846.55154,635172.7176745625
640846.55154,628677.0373897329
640846.55154,630689.8505340359
640846.55154,604839.6142700436
640846.55154,637309.408320853
607361.3028375,628882.7990200418
607361.3028375,644379.6756464145
607361.3028375,657033.3513703428
607361.3028375,644577.5531066159
607361.3028375,626675.1810230692
607361.3028375,962827.7273637243
607361.3028375,590393.5805379729
607361.3028375,606498.3060931261
607361.3028375,589323.0822361943
607361.3028375,593003.9939892673
757125.3194785714,1104705.2539616502
757125.3194785714,1105425.1727940498
757125.3194785714,693575.9366784217
757125.3194785714,695803.9106006593
757125.3194785714,1105425.1727940498
757125.3194785714,687997.9185046599
757125.3194785714,655167.5881519824
380489.749125,398289.50733439473
380489.749125,371134.4599477561
380489.749125,456020.68709499016
380489.749125,477044.0462153899
378779.533,440299.78420387814
378779.533,440299.78420387814
378779.533,419283.85084334435
382118.7505,299794.3578567783
382118.7505,294441.46115806256
539692.9411999999,647089.8686524801
539692.9411999999,647600.8869122351
539692.9411999999,608663.235861778
539692.9411999999,622887.5112941564
1042036.0561,1452322.4685490322
1042036.0561,1048503.4326402057
1042036.0561,1050998.7406325298
1042036.0561,1092566.3284265157
1042036.0561,1502452.246223941
1042036.0561,1502452.246223941
1042036.0561,1048641.0093227795
1042036.0561,1049924.9466069334
1042036.0561,1467344.8828631155
393412.56295,468234.3600844871
393412.56295,503215.30027453793
397266.72715,591132.7504670764
397266.72715,477407.42016346985
691308.9834687499,775667.4020261709
691308.9834687499,775667.4020261709
691308.9834687499,1061544.4230990305
691308.9834687499,774004.2520435255
691308.9834687499,1027546.2112329063
691308.9834687499,752760.1080897725
691308.9834687499,1027546.2112329063
691308.9834687499,1110185.3665790032
416370.349825,403453.33767776046
416370.349825,368690.565393919
372428.89644999994,422063.3199127667
372428.89644999994,515020.6317955641
372428.89644999994,511824.4964403204
224190.7674,175643.77943678392
224190.7674,173694.7666307072
224190.7674,162794.93504079856
781424.5432000001,1055138.0111648352
781424.5432000001,1081182.9044466906
382929.3659,307302.37336286576
382929.3659,343025.3485706971
382929.3659,403595.449505787
382929.3659,308752.60969321476
810810.9008750002,1100201.503673784
810810.9008750002,863062.3424919144
697890.2459999999,710356.298873036
697890.2459999999,683411.5548745133
776275.678,816812.358713402
776275.678,1120407.7005545027
632568.0067,677110.5085339864
632568.0067,700864.7003736694
682954.4879,718604.4603180306
682954.4879,729246.756975206
469761.46685,559098.812531287
469761.46685,459662.0795355728
582155.0192999999,645981.330628772
582155.0192999999,696378.3404285987
582155.0192999999,778300.5158157621
756874.2852000002,597548.0887422431
756874.2852000002,637854.4922524175
804830.981125,730826.7031648605
804830.981125,724146.7893116825
804830.981125,719451.5247445302
804830.981125,731582.0252543361
804830.981125,736372.6366973852
804830.981125,724867.7944848384
804830.981125,731582.0252543361
804830.981125,694952.871597623
680365.84363125,691052.4832732597
680365.84363125,1130613.9429706251
680365.84363125,706554.8260465728
680365.84363125,707536.5664481167
680365.84363125,701764.2146035236
680365.84363125,1069041.83561629
680365.84363125,652221.2793400963
680365.84363125,680240.5597242049
488599.08585,558792.334758111
488599.08585,549785.6469973085
488599.08585,467569.285227028
892873.1968000002,830371.6515939865
892873.1968000002,849825.08340045
2224404.2206,2699446.951865479
2224404.2206,2754096.4033776363
581020.3042250001,616714.5509182215
581020.3042250001,683893.744482423
940907.7125,1374254.893971786
940907.7125,918461.7351900844
940907.7125,904790.151056136
1076393.1071499998,900240.3216448501
785711.70494,803443.8089407741
785711.70494,822508.8599990322
785711.70494,1179907.723524147
785711.70494,797993.9083685849
785711.70494,822508.8599990322
785711.70494,795070.4004406461
785711.70494,809453.2167124778
785711.70494,809453.2167124778
785711.70494,809453.2167124778
785711.70494,801671.9666173724
574322.2171,653941.435286003
574322.2171,645706.7713906529
778883.801125,754496.4732081873
778883.801125,1184376.0038984923
476290.8402375,577762.5010503521
476290.8402375,551972.3767399114
476290.8402375,396032.33721325756
476290.8402375,461553.27639438206
433253.3655,582013.9999675575
433253.3655,504078.02894771285
383178.7038,499874.8103821102
383178.7038,410937.866769172
383178.7038,394930.19933073653
613551.88925,677654.2979653536
613551.88925,831534.8243174463
513285.06965,621019.2039141478
513285.06965,631051.7157840363
370338.6183,284738.3873783625
370338.6183,282643.77788466314
704287.1223999999,1077975.1974773114
704287.1223999999,681746.0330951212
704287.1223999999,657834.3891775096
393248.4744,438705.76271669526
393248.4744,490665.68979581323
393248.4744,426881.5366007082
461546.77134999994,641370.7545819484
461546.77134999994,620216.0330966265
461546.77134999994,621540.7272944644
281583.9231,267711.3777106739
281583.9231,267659.2573794241
742484.1049500001,1140523.2204179552
742484.1049500001,741061.0083442042
742484.1049500001,739733.3377293919
742484.1049500001,1126169.2913236788
742484.1049500001,711030.5942968645
742484.1049500001,1093308.9877882064
742484.1049500001,682133.4398905148
1169325.6440727273,1526464.3099576512
1169325.6440727273,1120861.109916395
1169325.6440727273,1526464.3099576512
1169325.6440727273,1092312.637291495
1169325.6440727273,1120861.109916395
1169325.6440727273,1125651.7213594443
1169325.6440727273,1072063.6948023678
1169325.6440727273,1454474.0155321807
1169325.6440727273,1072744.6109071812
1169325.6440727273,1076762.6648711553
1169325.6440727273,1056344.606283278
610092.695525,631304.4454032179
610092.695525,727146.3809691528
610092.695525,607627.0677081201
610092.695525,724437.6215553797
610092.695525,610887.309804932
610092.695525,725434.485501381
610092.695525,611568.2259097453
610092.695525,614061.2453558914
606755.7317499999,648777.960954639
606755.7317499999,641433.8664181939
702369.6406500001,789572.4808103417
702369.6406500001,846510.1266729713
702369.6406500001,789657.4175583523
702369.6406500001,793382.1429086003
702369.6406500001,1035502.3237428819
702369.6406500001,783182.7233047163
702369.6406500001,763863.3927400882
691794.3369499999,647590.929117153
691794.3369499999,628287.8164126241
561330.48635,645447.3896124279
561330.48635,730563.115246646
561330.48635,690056.0088040016
580954.1177,667197.1831116137
219112.0553,248375.38143676607
219112.0553,216900.02135999704
766254.44418,646762.816512042
766254.44418,649584.9340900749
766254.44418,649282.2900691791
766254.44418,652716.5846805017
766254.44418,743421.5951724077
827882.6510285714,1117129.306554041
827882.6510285714,715193.3916932101
827882.6510285714,1126219.09667032
827882.6510285714,715876.1493826311
827882.6510285714,715193.3916932101
827882.6510285714,1113663.0698432517
827882.6510285714,1089250.4452770157
597734.2804249999,956943.2394003926
597734.2804249999,635524.3297175405
597734.2804249999,620360.3986756664
597734.2804249999,956943.2394003926
597734.2804249999,620871.4169354214
597734.2804249999,638262.7707592133
597734.2804249999,960238.0144390857
597734.2804249999,607960.5952576114
441604.09584999987,574663.3018761564
441604.09584999987,572823.5387121394
441604.09584999987,651633.8409888557
267396.31915,233852.57982110244
267396.31915,268064.71738207346
267396.31915,348407.019193789
621443.49925,678394.8191131812
675397.3114,1057855.4854800338
675397.3114,1089293.1454438015
479738.5417999999,626326.22396327
479738.5417999999,584545.9219506586
479738.5417999999,872667.0298892868
769253.2653,812134.6899553086
769253.2653,1051650.200424772
769253.2653,1098671.5581226707
676642.86015,729141.02771922
676642.86015,669059.6960277653
521370.3549499999,651941.8137501223
521370.3549499999,554792.64752639
521370.3549499999,538208.2787203582
432903.324,425405.22039771406
432903.324,416262.66496697254
895030.7621062499,1268368.1924045342
895030.7621062499,1265331.9152975485
895030.7621062499,829555.743521774
895030.7621062499,830756.1656585671
895030.7621062499,814758.9821700695
895030.7621062499,822310.4298674307
895030.7621062499,814758.9821700695
895030.7621062499,817169.6331359041
416177.5976999999,386741.37092689227
416177.5976999999,444007.93673162296
1367433.1927,1231865.0695269876
1367433.1927,1230193.0794119039
592991.25668125,699790.2120669978
592991.25668125,1024205.1771677152
592991.25668125,1021369.4514630646
592991.25668125,685331.8254041539
592991.25668125,685778.2856732678
592991.25668125,648810.6808459214
592991.25668125,647302.1829131037
592991.25668125,684508.2184614745
439868.52792499994,591335.0471048949
439868.52792499994,428625.9961009395
439868.52792499994,457797.14730070304
439868.52792499994,559961.8415211047
270882.61295,238107.33032577095
270882.61295,238107.33032577095
270882.61295,204426.71768330567
655917.85465,1084096.551595285
655917.85465,694224.7688054711
659878.4742,733732.4817487958
659878.4742,729948.9323924778
770762.8597124999,941683.5026930989
770762.8597124999,818404.2897643328
770762.8597124999,814817.2917961889
770762.8597124999,838174.0642217961
240535.43449999997,193821.777779244
240535.43449999997,163326.0290969354
240535.43449999997,161810.5271698606
846337.6903166667,1157684.0962824086
846337.6903166667,1157684.0962824086
846337.6903166667,760181.6763734659
846337.6903166667,749911.0478903161
846337.6903166667,762599.4223119196
846337.6903166667,748309.2965031418
846337.6903166667,709698.2819816984
846337.6903166667,1119912.4551334446
846337.6903166667,711848.7167516898
327370.97119999997,317968.9745735722
327370.97119999997,366306.7522879846
327370.97119999997,301918.89790797315
327370.97119999997,342065.32841612946
327370.97119999997,309543.5385479414
700647.1662999999,708513.9366925706
700647.1662999999,682983.0117171053
269425.84414999996,350460.47342678346
269425.84414999996,239952.4205566498
721120.3990999999,1134313.0365328107
721120.3990999999,1149428.7084836205
539745.2060386364,663777.6618991185
539745.2060386364,646705.1714789921
539745.2060386364,657292.6855314061
539745.2060386364,650292.169447136
539745.2060386364,656487.9345185936
539745.2060386364,665041.3060119883
539745.2060386364,643794.5884120652
539745.2060386364,627909.945322289
539745.2060386364,623799.545625008
539745.2060386364,643113.6723072517
539745.2060386364,664387.344735814
1304817.0796166663,1187104.912190122
1304817.0796166663,1191895.5236331713
1304817.0796166663,1192371.0866643204
1304817.0796166663,1653337.084836172
1304817.0796166663,1186445.6230609817
1304817.0796166663,1635985.6979109088
1304817.0796166663,1185157.4080508808
1304817.0796166663,1653337.084836172
1304817.0796166663,1129333.8264996272
633869.0455500002,729500.3674599449
633869.0455500002,613826.4193628383
569527.3938750001,881433.1624725696
569527.3938750001,720743.1775275926
569527.3938750001,841573.3172968534
569527.3938750001,697367.3669820633
2414710.1929999995,2256818.082454797
2414710.1929999995,2248496.386592829
1329681.5345687498,1737797.9472461431
1329681.5345687498,1289176.3564176606
1329681.5345687498,1295570.6081289956
1329681.5345687498,1720675.5506148061
1329681.5345687498,1293966.9678607099
1329681.5345687498,1293966.9678607099
1329681.5345687498,1296392.3822150342
1329681.5345687498,1268127.0683211556
454912.312675,524198.9314722647
454912.312675,421108.3191014312
454912.312675,421108.3191014312
454912.312675,445461.6417571956
454912.312675,448465.81326838967
454912.312675,504505.0723449392
1267775.1882,1004115.678381486
1267775.1882,1010529.8734792545
508695.141325,570806.0588808978
508695.141325,617921.2154058017
567986.17755,503839.05230611365
567986.17755,532089.4386389875
567986.17755,521183.7817579502
567986.17755,507369.1914563428
567986.17755,595704.3608789175
567986.17755,515726.20488009404
471288.3910750001,572732.3530942586
471288.3910750001,468803.72241330973
841484.666475,987017.1103001456
841484.666475,932467.5509607161
841484.666475,1199397.7405356984
841484.666475,987805.1913818662
841484.666475,921957.9617348949
841484.666475,919015.877572808
841484.666475,920082.2495081078
841484.666475,951415.8121774627
778031.40065,896850.0924202343
778031.40065,927715.1227538268
560912.17895,544900.9910648369
560912.17895,574291.7233942429
560912.17895,544979.4939624142
560912.17895,667709.3501777615
560912.17895,531583.7373505908
560912.17895,533150.4219684097
574898.97538125,1065312.0794410226
574898.97538125,1161091.297336245
574898.97538125,1164796.3320443488
574898.97538125,752271.7611818827
574898.97538125,735355.6582136122
574898.97538125,737876.6608408607
574898.97538125,748684.7632137389
574898.97538125,680909.33571476
574898.97538125,695843.2348446599
574898.97538125,680909.33571476
574898.97538125,680909.33571476
574898.97538125,696427.1731373116
1564015.92716,1431642.7551348538
1564015.92716,1419717.7692972263
1564015.92716,1419717.7692972263
1564015.92716,1427278.5992911297
1564015.92716,1869141.8477211972
1564015.92716,1869141.8477211972
1564015.92716,1426933.7950946
1564015.92716,1422414.6104135173
1564015.92716,1815204.01924799
1564015.92716,1370282.6091003206
1564015.92716,1374345.4274619822
1564015.92716,1794088.3938585217
1564015.92716,1369885.0669270265
1564015.92716,1372019.7421811954
1564015.92716,1389906.837315319
436940.312025,627638.4621081582
436940.312025,830726.0324873589
638393.5379000001,715299.3743642404
638393.5379000001,720715.0221355053
638393.5379000001,814968.1710748863
638393.5379000001,675813.5965768446
638393.5379000001,666983.6795872819
638393.5379000001,773667.8418920408
604189.6749115385,1065752.8651558156
604189.6749115385,1068423.5345846075
604189.6749115385,738858.5664894554
604189.6749115385,738347.5482297004
604189.6749115385,754310.5198480778
604189.6749115385,1068931.8512022682
604189.6749115385,734069.1747537944
604189.6749115385,724457.9348103566
604189.6749115385,699419.0631534
604189.6749115385,699755.050505345
604189.6749115385,684582.1418356618
604189.6749115385,1027327.2815719597
604189.6749115385,1064164.7765345003
681275.7726923077,774455.5222504478
681275.7726923077,750694.3893215887
681275.7726923077,775836.9319197056
681275.7726923077,763037.1738691512
681275.7726923077,750694.3893215887
681275.7726923077,791453.4387357319
681275.7726923077,1202753.877462155
681275.7726923077,712766.2819334026
681275.7726923077,736709.830532198
681275.7726923077,1061442.4806874688
681275.7726923077,712766.2819334026
681275.7726923077,1061442.4806874688
681275.7726923077,809138.1116236418
710785.163375,581151.5102583147
710785.163375,665176.0404174189
632879.4962375,598387.778566879
632879.4962375,728992.4764279908
632879.4962375,706913.81821163
632879.4962375,607726.8763761254
744463.27175,1069939.4605137156
744463.27175,1062568.6123409716
526228.0642,609080.8211583146
526228.0642,778298.3741570557
335277.0269,298451.0903554362
335277.0269,284683.80341502646
155416.08774999998,288389.11683645885
155416.08774999998,145194.13309194666
683251.06572,763960.5760806911
683251.06572,747897.8933111784
683251.06572,758081.5179383791
683251.06572,765288.2466955035
683251.06572,747897.8933111784
683251.06572,1161045.5805668973
683251.06572,1098917.412919291
683251.06572,710649.8835411634
683251.06572,709968.96743635
683251.06572,709885.629193319
278687.66355,280941.2364386252
278687.66355,348287.1407937151
278687.66355,397158.02574010123
655491.0379499999,695921.672290751
655491.0379499999,703811.4091778693
343986.557425,340328.4635654964
343986.557425,518549.4768130335
343986.557425,490732.28521525743
343986.557425,493728.5806155036
1132754.4129500005,1344956.1111455387
1132754.4129500005,1342627.8032164606
1132754.4129500005,934185.4456590742
1132754.4129500005,933779.798344525
1132754.4129500005,933779.798344525
1132754.4129500005,936269.4509199345
1132754.4129500005,897805.8995494355
1132754.4129500005,1298439.4435973992
1132754.4129500005,1316127.0130624473
1132754.4129500005,897805.8995494355
1132754.4129500005,937399.2524711377
521677.4867499999,559714.6120533133
521677.4867499999,610406.799841202
521677.4867499999,667702.8157442602
511676.44359999994,566792.5018747093
511676.44359999994,588471.0115353903
330960.7971,422897.8804004862
330960.7971,297098.73616153304
330960.7971,335591.2394434528
551104.444025,618361.0595980489
551104.444025,676563.7961211293
551104.444025,809634.6312473596
551104.444025,596959.4021507099
551104.444025,596959.4021507099
551104.444025,606060.6539740677
649442.74025,723656.9654008922
649442.74025,683915.4841267274
649442.74025,814644.5275327704
649442.74025,802389.5801287189
409860.8999,654619.5571256389
409860.8999,587295.9117038732
409860.8999,585805.0391606704
409860.8999,679444.1178053577
409860.8999,566390.6260994162
409860.8999,502649.24054241704
298899.04654999997,305435.8349816067
298899.04654999997,217265.73606150446
298899.04654999997,207048.03216991475
621953.403105,626303.0516188237
621953.403105,965260.9063934775
621953.403105,1072842.7850712282
621953.403105,644888.1514281075
621953.403105,961725.7843694198
621953.403105,643694.4054426155
621953.403105,950300.0560983405
621953.403105,588439.934572194
621953.403105,923835.0723067155
621953.403105,1003303.31218803
721906.07932,937800.0329373166
721906.07932,938038.6504562697
721906.07932,799901.1245376416
721906.07932,935183.1025629702
721906.07932,904284.8472389881
949357.736425,847753.6170359751
949357.736425,1265917.143875145
311467.4753,356468.8451810351
311467.4753,319629.57031057385
824341.3061333334,1138232.9988263696
824341.3061333334,827845.289143465
824341.3061333334,808869.603360565
824341.3061333334,811773.4859473656
824341.3061333334,1138232.9988263696
824341.3061333334,1167979.0377482004
824341.3061333334,797253.0228507549
824341.3061333334,797253.0228507549
824341.3061333334,811445.7410609655
504569.26969999995,512804.2103757807
504569.26969999995,624895.2664177853
504569.26969999995,643106.3031348347
351844.108375,446363.8208117434
351844.108375,452183.8794032254
351844.108375,344819.8173987298
351844.108375,358309.5562907155
619571.495575,748802.3931066269
619571.495575,838590.0627877528
604863.66545,1043534.4512317956
604863.66545,991545.5454422503
553470.0471,536816.6865619207
553470.0471,562154.1616629442
668520.075925,992412.8080935088
668520.075925,646537.3870660168
668520.075925,639043.1820106449
668520.075925,654715.4155338457
668520.075925,633626.9122703368
668520.075925,612064.8396621069
668520.075925,612745.7557669203
668520.075925,606315.9046478966
668520.075925,993892.3677438165
668520.075925,613305.4061042041
527587.74385,602750.3354438496
527587.74385,467190.61497433914
589135.5573,521282.9073586154
589135.5573,585093.6742566715
605388.153125,768469.3756305997
605388.153125,686776.520894929
605388.153125,671640.7499462412
605388.153125,671640.7499462412
605388.153125,700496.0188690753
605388.153125,795074.7899785105
605388.153125,850639.9564278482
505400.0592999999,605722.0761728662
505400.0592999999,626950.9736345775
891474.7178999998,1227303.0450852884
891474.7178999998,890840.2415478192
485383.77905,664911.1395626096
485383.77905,825404.6599220396
485383.77905,700786.6751066658
485383.77905,783577.587793038
1224206.34515,1113311.1707285875
1224206.34515,1146611.650987639
1224206.34515,1127956.337457445
537853.8404999999,588734.8433283889
537853.8404999999,576127.6045790543
650550.15065,733845.1490579692
650550.15065,711274.1898284338
782002.8660699999,838543.0981996392
782002.8660699999,817965.9613935917
782002.8660699999,816846.13352894
782002.8660699999,828518.902469808
782002.8660699999,1160517.978457502
756729.019375,874541.5741698536
756729.019375,859930.3593411616
420731.0836,414803.0091924268
420731.0836,400960.11228495283
553420.3932,549745.3501376774
553420.3932,575127.6696506876
557979.6709475,984606.4030078421
557979.6709475,653714.7261006809
557979.6709475,670848.0525109194
557979.6709475,671718.4439204222
557979.6709475,984825.1983381463
557979.6709475,653725.5450368765
557979.6709475,634469.3176743351
557979.6709475,618607.1202988706
557979.6709475,633788.4015695216
557979.6709475,650604.7521680574
137427.95760000002,133617.00880804483
137427.95760000002,136351.73549699597
137427.95760000002,86247.41945249133
534814.0375,910083.9943134922
534814.0375,584906.5114095509
343212.48841874994,320167.8434216007
343212.48841874994,325446.3307455433
343212.48841874994,336558.92836389993
343212.48841874994,298156.2289230824
630104.847975,1018635.5137906675
630104.847975,704850.7845318314
612843.31945,760774.6249862112
612843.31945,717203.1240795882
548850.7082499999,789004.0097760481
548850.7082499999,582849.0776403601
880821.7327,865036.9165320438
880821.7327,902205.6575914776
548688.6871,674860.4210394297
548688.6871,683321.4975673703
548688.6871,641668.9702846243
478945.23975000007,602024.8905108585
478945.23975000007,545559.6414917399
478945.23975000007,532325.0190303385
478945.23975000007,505951.15099915897
392289.4727,417687.2742870251
392289.4727,314864.66829706484
392289.4727,410334.22742105427
392289.4727,302605.6074253149
663787.4721375001,1105891.5844549616
663787.4721375001,1105891.5844549616
663787.4721375001,1109207.9111487153
663787.4721375001,757088.560482013
663787.4721375001,757088.560482013
663787.4721375001,758785.1602192308
663787.4721375001,743894.0307496839
663787.4721375001,1067701.6902053428
663787.4721375001,1067701.6902053428
663787.4721375001,742156.8976688089
663787.4721375001,719145.0565787733
663787.4721375001,805886.682101666
1018559.6925636363,952643.3082415259
1018559.6925636363,921107.6100427188
1018559.6925636363,947193.4076693365
1018559.6925636363,1353388.3668632288
1018559.6925636363,952643.3082415259
1018559.6925636363,943701.3785189107
1018559.6925636363,909485.932627318
1018559.6925636363,906709.1931409686
1018559.6925636363,909485.932627318
1018559.6925636363,1286062.2218599226
1018559.6925636363,906709.1931409686
428985.0842625,584684.6298209417
428985.0842625,481196.41446390207
428985.0842625,461157.8053372137
428985.0842625,469053.5928859561
265853.4584,252078.36731234228
265853.4584,245626.15014978644
544012.6469749999,670372.1077554236
544012.6469749999,677975.3995873369
135244.05000000002,96136.89878268947
135244.05000000002,91404.30185312417
135244.05000000002,224731.5058891849
563612.0675625,640397.7186610677
563612.0675625,658456.0003840735
563612.0675625,969642.951892201
563612.0675625,1082317.6519679017
563612.0675625,640397.7186610677
563612.0675625,655380.0206756847
563612.0675625,638307.5302555582
563612.0675625,645505.5524352682
792385.9778045454,720713.9342124299
792385.9778045454,1139465.0511170262
792385.9778045454,725504.545655479
792385.9778045454,1140088.594228194
792385.9778045454,720129.5830038772
792385.9778045454,1143793.2308898438
792385.9778045454,1143162.9374517978
792385.9778045454,1112971.3583474492
792385.9778045454,686591.7775725247
792385.9778045454,675297.5321164279
792385.9778045454,676091.6194818598
602783.7171,614397.7042486314
654357.2224,733518.7455603911
654357.2224,703643.5470127864
1046068.68135,973011.1207006734
1046068.68135,1406880.7764359973
598296.0615,543658.4244194693
598296.0615,540791.535481765
165108.41830000002,112774.18143663811
165108.41830000002,222499.81015060778
165108.41830000002,105591.74691304448
627712.060625,579984.0920925927
627712.060625,597344.625142017
627712.060625,603649.0015202673
627712.060625,597344.625142017
627712.060625,671459.9903240373
627712.060625,603769.7036415413
627712.060625,608121.194437398
627712.060625,578164.2664341016
386904.41245,337975.4920085775
386904.41245,399182.350403226
386904.41245,421997.1425802163
2428859.2144,2242668.083937295
2428859.2144,2262633.93678636
2428859.2144,2278955.6277257986
368770.0797125,351565.1703858687
368770.0797125,351565.1703858687
368770.0797125,354410.9758180638
368770.0797125,467887.18306326447
362935.796,463220.40760692453
362935.796,446426.4531908793
362935.796,482598.268804299
665036.4591999999,1088215.2135645745
665036.4591999999,635815.5091103374
665036.4591999999,626171.9119161587
269404.5624,271807.6898853446
269404.5624,206743.7320075559
269404.5624,188520.70132053707
630250.2969374999,571559.1304221089
630250.2969374999,545512.2385139373
630250.2969374999,567711.635305891
630250.2969374999,532925.1470869965
858444.138325,785471.5531955624
858444.138325,1246917.5095601259
553975.51515,517207.00706886663
553975.51515,557385.6298285242
1106244.2037000002,985995.0034177785
1106244.2037000002,1468436.2275780411
925550.68987,944018.951729277
925550.68987,940977.873890934
925550.68987,1283824.800454113
925550.68987,943202.2993742196
925550.68987,942691.2811144646
925550.68987,1276028.9459893857
925550.68987,905113.3226618166
925550.68987,1266926.5950694536
925550.68987,911553.7160240846
925550.68987,911553.7160240846
693389.8721,1015758.7681042386
693389.8721,585687.0176209825
247352.95514999997,175425.529957443
247352.95514999997,335339.5184512394
541602.4386,679994.9887274171
541602.4386,698938.2800872292
809064.6619999999,890678.8644182973
809064.6619999999,935680.0361429339
809064.6619999999,936538.3550987921
809064.6619999999,1180954.250957865
809064.6619999999,930906.4188545374
418089.23992499994,517716.1903070832
418089.23992499994,608191.9055687416
638385.65165,710572.5868673831
638385.65165,698245.743396209
787019.9703,1229118.665445793
787019.9703,749412.5036514815
787019.9703,1214673.1616147975
634519.557,745360.2780096373
634519.557,893655.2378111822
634519.557,867615.0430981753
2535162.7095999997,2128630.0000249483
218104.63049999997,263663.29545451066
218104.63049999997,312793.6188186386
658856.9767499998,740805.3622014549
658856.9767499998,743892.1608460394
658856.9767499998,752150.981901198
658856.9767499998,752150.981901198
658856.9767499998,740305.1628778955
658856.9767499998,1089619.205110599
658856.9767499998,779844.501369491
658856.9767499998,1092289.8745393907
658856.9767499998,1090820.398679397
355426.64574999997,471606.04511141265
355426.64574999997,615141.4461955337
355426.64574999997,469444.5435570183
587224.81915,1021683.8974963701
587224.81915,588782.2916545213
587224.81915,573918.1595936156
517939.7874,500715.2921723785
517939.7874,500715.2921723785
517939.7874,529614.7632745771
517939.7874,547503.5852095046
526206.0343,626697.1213966019
526206.0343,662167.8678955188
559355.891525,706003.4040025122
559355.891525,824247.7863951348
682436.0244,957331.4057495231
682436.0244,868018.6151376022
682436.0244,796923.4774374327
682436.0244,969485.5885923386
682436.0244,851160.319321461
682436.0244,789207.2896796201
427248.767775,471303.8677570545
427248.767775,403128.89779267844
418786.331,401992.2480950704
418786.331,389163.8278151706
368564.47395,460027.0717899925
368564.47395,406728.9357053018
368564.47395,443366.20711016376
368564.47395,566385.4924596042
366784.93759999995,439974.7127683008
366784.93759999995,445474.24104912835
366784.93759999995,440747.12043577427
314202.58434999996,265592.57681481936
314202.58434999996,307623.2045023555
632805.2622545455,777664.7927324483
632805.2622545455,766752.1072999054
632805.2622545455,753903.6598035892
632805.2622545455,777664.7927324483
632805.2622545455,756979.6395119781
632805.2622545455,765749.4788268916
632805.2622545455,717680.0834625738
632805.2622545455,1089668.731858355
632805.2622545455,1064499.5840082685
632805.2622545455,1087931.5987774802
632805.2622545455,728721.4002455818
798641.3184,1114380.461139989
798641.3184,829496.0497811795
798641.3184,835713.0226353924
798641.3184,839631.1876547989
798641.3184,838587.5385194984
798641.3184,838903.284996725
798641.3184,801850.0654082077
798641.3184,807378.6097371035
798641.3184,817199.6456417314
798641.3184,806016.7115976863
713294.3953,632393.9722979902
713294.3953,1062692.574864659
502802.682775,674228.1823935658
502802.682775,579895.3682103665
502802.682775,586889.9835640785
502802.682775,554799.0157657124
628788.4792187499,740586.741148446
628788.4792187499,739205.3314791882
628788.4792187499,715444.198550329
628788.4792187499,716499.4684243397
628788.4792187499,753856.6495191754
628788.4792187499,1067409.135976511
628788.4792187499,1063544.7205622275
628788.4792187499,1139223.5833967412
582971.8960124999,678766.9182462314
582971.8960124999,664641.7445665575
582971.8960124999,664096.272257785
582971.8960124999,730833.7067331735
975938.84086875,1380098.6592367184
975938.84086875,1380134.4052546904
975938.84086875,953506.6036345377
975938.84086875,946711.2914341332
975938.84086875,1383803.2958983686
975938.84086875,1379578.1224636142
975938.84086875,939032.6255460649
975938.84086875,937203.5816320301
975938.84086875,1358927.4120942387
975938.84086875,918121.7751041604
975938.84086875,1357190.2790133636
975938.84086875,918121.7751041604
975938.84086875,1357190.2790133636
975938.84086875,901845.6544522333
975938.84086875,916398.6523064623
975938.84086875,935031.8069656144
626329.4888,672148.2555174361
626329.4888,678247.5659546731
546651.1821000001,661186.4579718272
546651.1821000001,657984.792902626
546651.1821000001,971817.4297350715
546651.1821000001,640901.483546304
546651.1821000001,643988.2821908884
546651.1821000001,674423.3640384641
546651.1821000001,635139.5975154855
546651.1821000001,934101.5110103547
546651.1821000001,934782.4271151682
851776.377375,738242.0156329665
851776.377375,720400.6711214514
851776.377375,1151215.6871160215
851776.377375,736678.047597847
851776.377375,1151215.6871160215
851776.377375,1151215.6871160215
851776.377375,715664.0801584306
851776.377375,1124121.0418013255
851776.377375,1124121.0418013255
851776.377375,695397.038576772
851776.377375,695066.8418648571
851776.377375,722798.8090170539
756363.7769575,808536.448606394
756363.7769575,1152483.1220060682
756363.7769575,1117830.443195261
756363.7769575,798823.2695270685
756363.7769575,808797.9575151872
756363.7769575,1104263.0960558208
756363.7769575,837741.9483786313
756363.7769575,1103582.1799510075
756363.7769575,1137907.5571324178
756363.7769575,1202227.3581107012
598808.845,630628.7092496974
598808.845,654523.7469542158
598808.845,813614.0586846462
598808.845,656090.0350879814
598808.845,631965.3099613981
598808.845,653348.1720264081
598808.845,775474.2746763377
366870.6858999999,367890.1741783906
366870.6858999999,411493.62912357214
663748.7790999999,632837.3994205269
391326.42185,261731.02143530006
391326.42185,251762.82474060624
492794.84845,495853.7234824429
492794.84845,526735.4036429485
409200.38859999995,385028.4171945117
409200.38859999995,385028.4171945117
409200.38859999995,377308.28542437236
527860.9999285714,548089.18199895
527860.9999285714,570887.9224792288
527860.9999285714,544936.5169473771
527860.9999285714,545447.5352071321
527860.9999285714,571391.7691147851
527860.9999285714,547345.7954139838
527860.9999285714,552153.928284315
334804.52019999997,433951.28740044625
334804.52019999997,297098.73616153304
334804.52019999997,334353.48420561396
290334.75774999993,380798.64743136015
290334.75774999993,359741.06136369216
421906.921425,382549.35438716
421906.921425,438767.3023042873
678353.6672499999,1021462.1342160138
678353.6672499999,940618.3940159415
420208.885425,350174.17690271133
420208.885425,313137.9040490246
919945.627025,918496.1674317135
919945.627025,1332580.0785025093
653183.5792500001,794992.8277923876
653183.5792500001,734509.6595491624
653183.5792500001,833256.9495534286
653183.5792500001,833256.9495534286
653183.5792500001,791817.0074522562
653183.5792500001,791817.0074522562
653183.5792500001,723777.5414453023
653183.5792500001,714597.8949132703
213099.989,223737.4260774753
213099.989,242211.76573820575
213099.989,143856.20412383962
1220322.5688410716,1576618.3898222197
1220322.5688410716,1145271.4463096657
1220322.5688410716,1132689.4249364312
1220322.5688410716,1135967.1907207766
1220322.5688410716,1579505.3006410205
1220322.5688410716,1132714.6364249175
1220322.5688410716,1132689.4249364312
1220322.5688410716,1533271.5319263758
1220322.5688410716,1533271.5319263758
1220322.5688410716,1086135.8544717927
1220322.5688410716,1097942.085364445
1220322.5688410716,1079245.2899601583
1220322.5688410716,1519213.0080313457
1220322.5688410716,1598107.2471311204
524132.3883999999,521031.5734542465
524132.3883999999,516186.4203133555
681457.0042,959322.2993639788
681457.0042,791848.22364056
681457.0042,979500.6033325444
681457.0042,766019.7234822689
904045.4862075,1305789.586889756
904045.4862075,962183.9637610225
904045.4862075,1306008.38222006
904045.4862075,969295.0090283661
904045.4862075,1308561.2860924639
904045.4862075,940977.5926777998
904045.4862075,940898.1873698313
904045.4862075,1315476.796404808
904045.4862075,931636.530827471
904045.4862075,1289019.0355610284
2633488.11225,2599341.3072333373
2633488.11225,2651914.76898621
613920.4755,723530.1605219349
613920.4755,685378.5039023303
613920.4755,723912.385506418
275356.168325,174048.4404596018
275356.168325,210277.26169269072
436842.841,289804.6164237146
436842.841,331988.7071778605
547748.8792999999,680354.4938102467
547748.8792999999,775183.0721107838
547748.8792999999,777017.8041790901
547748.8792999999,675713.7922755092
611448.269409375,696819.3841551036
611448.269409375,696907.4725326968
611448.269409375,1039071.7782342242
611448.269409375,1037491.308155351
611448.269409375,696044.3425991102
611448.269409375,665721.1608180732
611448.269409375,660214.4104002396
611448.269409375,717555.4405547424
676229.29985,678535.6591968393
676229.29985,1105227.999764515
563842.3655,608019.5886307971
563842.3655,598191.4575134098
563842.3655,631686.8758850462
752600.390625,847777.1896618733
752600.390625,832319.051273833
752600.390625,845998.7212191408
752600.390625,853630.1666236734
752600.390625,1120798.413079656
752600.390625,847765.5689231631
752600.390625,847254.5506634081
752600.390625,817249.1769842918
752600.390625,1090833.8201184748
752600.390625,803932.5590405284
752600.390625,846519.0034314427
1025820.73805,810377.4579356054
1025820.73805,1212061.9243454519
919201.5472428572,985386.5858237917
919201.5472428572,1349490.6813233166
919201.5472428572,1352326.4070279673
919201.5472428572,987596.3498990181
919201.5472428572,1349490.6813233166
919201.5472428572,1309712.400702882
919201.5472428572,928333.4689408448
294540.68684999994,216460.65932370583
294540.68684999994,256834.20848207275
294540.68684999994,257336.81587301113
2608011.086525,2510968.6534068836
2608011.086525,3051164.5376721527
522476.3364624999,749972.5695303539
522476.3364624999,647281.2404030525
522476.3364624999,606497.8967838766
522476.3364624999,743701.4135877058
625893.6140571429,821537.6049198147
625893.6140571429,820032.1662417343
625893.6140571429,781242.1872444168
625893.6140571429,781460.982574721
625893.6140571429,675450.1784157366
625893.6140571429,780645.7515391724
625893.6140571429,827426.7723688425
723776.0394999998,722369.8853372083
723776.0394999998,724739.6369127932
378321.79185,262296.6880267962
378321.79185,343056.6988965719
344811.3400749999,387341.5785663796
344811.3400749999,493276.91756045434
775129.6191749999,1077240.765075917
775129.6191749999,702897.227944837
499078.08165000007,663664.4236864594
499078.08165000007,520971.3618534796
473345.62129999994,515746.69586758345
473345.62129999994,513398.62146236264
572323.77205,788052.9939980472
572323.77205,632436.5095395007
513540.3523,658742.7571891918
513540.3523,564925.8392806037
570219.8107500001,656834.709965599
570219.8107500001,971178.3650577995
570219.8107500001,971178.3650577995
570219.8107500001,973731.2689302033
570219.8107500001,971178.3650577995
570219.8107500001,648702.0247893805
570219.8107500001,934143.3624378962
570219.8107500001,602803.7094268894
570219.8107500001,602803.7094268894
570219.8107500001,992630.0880632631
368539.1901,392656.0928278453
368539.1901,388727.7367432758
468031.594,518119.8077291992
468031.594,526971.4564137348
468934.0660500001,477176.19702121743
468934.0660500001,538497.8872140296
468934.0660500001,448927.62160917977
468934.0660500001,537537.3869572985
518487.3764100001,609468.9420178612
518487.3764100001,811751.7491134171
518487.3764100001,808817.9706725138
518487.3764100001,798007.4125672852
518487.3764100001,662614.8548455313
429538.85077499994,445837.1640254498
429538.85077499994,583921.9358971948
258586.20319999996,267570.94716955523
258586.20319999996,339811.3156668318
258586.20319999996,319935.26333177206
802590.3594999999,1200322.631552863
802590.3594999999,787375.7955542678
315676.33175,350223.69359195844
315676.33175,346072.8682328463
315676.33175,285662.2461347717
315676.33175,332834.3988414148
720037.37,1032148.8304740041
720037.37,1085810.0201193457
595063.7671999999,661930.4334619417
595063.7671999999,676945.498174188
595063.7671999999,668349.2404304073
595063.7671999999,665208.7027313774
595063.7671999999,1001070.178845885
595063.7671999999,683977.51803971
615195.25945,604964.4327807024
615195.25945,660824.5024009113
615195.25945,578638.9356684788
596048.9127214286,663863.5750657507
596048.9127214286,628568.4337748854
596048.9127214286,938746.0621513587
596048.9127214286,666849.2042953954
596048.9127214286,648258.215588664
596048.9127214286,605453.5694856124
596048.9127214286,655155.676869831
299532.48467499996,259715.28658009967
299532.48467499996,344336.4915319834
761083.9543174999,770614.8813245543
761083.9543174999,769048.5931907888
761083.9543174999,781336.4625850401
761083.9543174999,776545.8511419911
761083.9543174999,764079.5351192704
761083.9543174999,1189014.97687869
761083.9543174999,1115787.6653976669
761083.9543174999,718328.371666742
761083.9543174999,719009.2877715555
761083.9543174999,735262.2163366046
352080.585725,355711.19241624273
352080.585725,412565.97490583954
582239.2635499999,741548.7988226865
582239.2635499999,729741.9700912968
582239.2635499999,729741.9700912968
582239.2635499999,705173.7945372702
310092.07619999995,219307.74659708806
310092.07619999995,219072.8538763434
310092.07619999995,307518.21735991404
194010.580875,254643.59764040308
194010.580875,181872.57835130382
300557.9478,418688.81825913175
300557.9478,404911.61891151225
813208.8764,773672.7255613161
376828.24895,336501.8622702188
376828.24895,336736.75499096344
376828.24895,379369.4002856473
487364.2826499999,484994.67844753515
263170.21005,325758.31955704227
568953.3579999999,664056.9284997522
568953.3579999999,766703.4321121254
568953.3579999999,664091.3825487696
568953.3579999999,737776.5841947789
622037.9445249999,676890.5595715531
622037.9445249999,679731.6186168055
313361.22024999995,283520.931718563
313361.22024999995,426799.2889487874
508809.420175,673367.9635512575
508809.420175,735794.8209280351
329894.2753,243610.14728840312
329894.2753,236165.40934960596
2587016.9191999994,2628668.6388056064
2587016.9191999994,2644309.067877547
851767.005375,1266283.5869891988
851767.005375,823892.0742570641
851767.005375,823892.0742570641
851767.005375,829032.0251890447
851767.005375,829946.3298129832
851767.005375,838726.0203582502
851767.005375,1269055.2861919068
851767.005375,821663.9983016666
851767.005375,1261647.9295994886
266600.494425,307766.3886452686
266600.494425,233461.28284245176
632251.985925,590322.3506604092
632251.985925,655295.8932798833
346337.95154999994,348120.2645670992
346337.95154999994,334650.26958661486
720560.8165,1112434.8122772817
720560.8165,1082869.651151735
751965.4513,819552.133309551
751965.4513,1062304.1633469192
751965.4513,819552.133309551
751965.4513,827198.9514655721
751965.4513,774281.1566653474
411467.7748,471336.61591308855
411467.7748,591260.0743651905
411467.7748,561979.6816571376
411467.7748,575196.7922758432
191382.90445,192852.03159784043
191382.90445,258908.06485002383
191382.90445,159672.3322997751
905040.7306999998,769719.0438446137
887835.37205,1271169.6168728173
887835.37205,1284350.3000803893
574566.708775,531918.000405234
574566.708775,650733.8221300034
407592.1171250001,423671.92705946334
407592.1171250001,419504.98171353096
407592.1171250001,405676.47255272564
407592.1171250001,481612.47527038987
552274.51875,647433.7203647611
552274.51875,699444.3642613294
494416.4505,476644.4378289768
494416.4505,478038.20666077046
494416.4505,523285.77431119606
580101.7225468749,638232.2259572536
580101.7225468749,654793.698117625
580101.7225468749,658380.6960857689
580101.7225468749,654793.698117625
580101.7225468749,658380.6960857689
580101.7225468749,972457.1123529923
580101.7225468749,656359.9862513905
580101.7225468749,626521.4840398994
608969.2487,703019.9326368226
608969.2487,798978.6799733166
608969.2487,705593.7989483579
608969.2487,785922.1630538458
608969.2487,759058.2014375565
382237.66565,464167.99801221036
382237.66565,370908.7471507825
409188.97805,390163.96297732287
409188.97805,395683.9185934566
409188.97805,461466.8242623746
1172691.7980000002,1130040.2546194773
1172691.7980000002,1121130.3090992034
1172691.7980000002,1491225.351374417
1172691.7980000002,1494454.378793533
1172691.7980000002,1530629.6270695175
1172691.7980000002,1530349.988655564
1172691.7980000002,1076352.0740321982
1172691.7980000002,1083281.3631189843
1172691.7980000002,1496178.3009820408
1172691.7980000002,1083427.2431161266
258736.97265,308653.4679153705
258736.97265,186101.84291017015
498105.2197,448093.2095294121
498105.2197,521870.5952164178
640264.0362982142,758196.1100938108
640264.0362982142,1080719.162737971
640264.0362982142,760519.9806634211
640264.0362982142,1080500.3674076668
640264.0362982142,733042.7485594983
640264.0362982142,759389.856079303
640264.0362982142,1080719.162737971
640264.0362982142,759222.1174704335
640264.0362982142,695045.4807278519
640264.0362982142,718057.3218178875
640264.0362982142,695045.4807278519
640264.0362982142,1042464.6856237501
640264.0362982142,1043995.4875954629
640264.0362982142,694708.3948450184
761176.8209999999,1157663.671593457
761176.8209999999,1225389.9422919801
711132.4533249999,725407.3335453912
711132.4533249999,824759.1538276109
711132.4533249999,752095.5613327697
711132.4533249999,828133.9891943344
711132.4533249999,726250.4469095671
711132.4533249999,812538.9235846454
576471.396675,502507.44725746475
576471.396675,518503.4179824692
709379.831625,742678.389064118
709379.831625,723389.814086403
709379.831625,748836.6099178136
709379.831625,707550.580544343
653865.26755,758102.3443520527
597410.1630000001,1017445.1573701338
597410.1630000001,1028763.5693209029
507253.1152374999,671332.2440906644
507253.1152374999,655481.293362865
507253.1152374999,655481.293362865
507253.1152374999,597456.7940886883
288766.90884999995,309983.9071330342
288766.90884999995,207010.12454358552
318845.8017,251582.19273254328
318845.8017,261130.34948894707
369751.1591,459484.88588750875
369751.1591,376295.411846549
1434642.1358499995,1548430.805965521
513833.62945,523713.1145272382
513833.62945,517185.958545812
836035.54412,1139028.370338107
836035.54412,731318.4049430316
836035.54412,724849.1930514744
836035.54412,1139028.370338107
836035.54412,1139028.370338107
836035.54412,726527.7934999825
836035.54412,692400.8312700946
836035.54412,692400.8312700946
836035.54412,688154.6814290493
836035.54412,730832.6647552077
869649.2205857143,837264.3642579365
869649.2205857143,946132.9842320087
869649.2205857143,837185.8613603591
869649.2205857143,836433.2355072442
869649.2205857143,837361.5130194746
869649.2205857143,948012.3562068555
869649.2205857143,949069.058799008
785021.5470999999,711413.8463005968
785021.5470999999,1119367.5281527492
785021.5470999999,701762.5945147191
785021.5470999999,718128.0770700946
785021.5470999999,1113360.966190358
785021.5470999999,706623.2348575477
785021.5470999999,1112186.7509800592
632207.268105,741666.3805093098
632207.268105,764372.2435641583
632207.268105,1092483.845446301
632207.268105,740100.0923755442
632207.268105,740100.0923755442
632207.268105,1192402.1975962715
632207.268105,756411.2403391724
632207.268105,765938.531697924
632207.268105,1051373.8204387806
632207.268105,1051373.8204387806
632207.268105,703614.710755873
632207.268105,725614.8649574928
632207.268105,725614.8649574928
632207.268105,702603.0238674572
632207.268105,727351.9980383677
600159.4032999999,621406.3158281646
600159.4032999999,965607.9727074069
600159.4032999999,609558.3594773246
600159.4032999999,963983.348487054
600159.4032999999,960230.3131229373
507029.668375,808164.7036148664
507029.668375,661891.7535979499
679694.4599249999,855996.4127377876
679694.4599249999,816317.2342091429
679694.4599249999,798743.4430063387
679694.4599249999,843821.589068781
715889.920625,1126057.6386752848
715889.920625,709696.5945385041
715889.920625,690900.3723456692
715889.920625,1116600.0997031957
715889.920625,715146.4951106935
715889.920625,653883.7394606372
715889.920625,666048.6337065577
715889.920625,1088834.2264531192
715889.920625,672223.2077646642
453580.87485,659130.7652002643
453580.87485,490412.24003379815
286375.629125,203757.52602811262
286375.629125,256599.84279249946
1449654.1688071429,1245446.0310213603
1449654.1688071429,1707625.6661397954
1449654.1688071429,1246002.3138124365
1449654.1688071429,1239099.631121843
1449654.1688071429,1247101.3908170029
1449654.1688071429,1704783.4494017188
1449654.1688071429,1247101.3908170029
1449654.1688071429,1245446.0310213603
1449654.1688071429,1196986.6428505578
1449654.1688071429,1643617.5264193993
1449654.1688071429,1667930.8527826
1449654.1688071429,1669667.9858634751
1449654.1688071429,1208089.293686607
1449654.1688071429,1239380.735548167
208906.48074999996,189311.0032177663
208906.48074999996,191959.41556951014
352650.45185000007,345040.17775304505
352650.45185000007,310480.45211695036
352650.45185000007,430520.12236265134
352650.45185000007,430282.424284597
327905.72135,346085.93671845633
327905.72135,299738.02377777343
507829.3859,576410.3046081626
507829.3859,453882.8281227929
671507.24195,608126.0639235242
671507.24195,648122.7814196931
196931.88630000004,146234.1544803772
196931.88630000004,148075.47601473297
812875.2890571429,1182542.3639061314
812875.2890571429,872551.8246035778
812875.2890571429,886543.9332244834
812875.2890571429,1182542.3639061314
812875.2890571429,1162760.2801632895
812875.2890571429,1162760.2801632895
812875.2890571429,897545.7965467157
820882.3300000001,728903.4840323103
820882.3300000001,723487.2142920021
820882.3300000001,1138930.0744373682
820882.3300000001,1132090.6891889414
820882.3300000001,1138930.0744373682
820882.3300000001,681107.4432413823
820882.3300000001,681107.4432413823
820882.3300000001,1097127.0804013733
820882.3300000001,728248.7167889285
1038471.34845,974374.2153769485
1038471.34845,980630.1372599739
1038471.34845,1361030.522196496
1038471.34845,974374.2153769485
1038471.34845,980119.1190002188
1038471.34845,942796.1018720352
1038471.34845,934991.5940087674
1038471.34845,1334939.6086883065
1038471.34845,1351839.726843395
329889.60205,346489.76967712643
329889.60205,339526.575264194
329889.60205,387655.7444775065
838804.6293,821496.4995537373
838804.6293,838150.7859490523
838804.6293,839414.4300619222
838804.6293,838150.7859490523
838804.6293,838150.7859490523
838804.6293,821496.4995537373
838804.6293,804825.6933227174
619234.9365500001,673912.3023712877
619234.9365500001,712338.9351619899
619234.9365500001,685786.7430713755
619234.9365500001,711297.0728169786
619234.9365500001,662300.4619352067
619234.9365500001,662981.3780400201
717606.3584,672238.3554128789
717606.3584,700421.5584482385
732670.532775,659563.5839475048
732670.532775,668173.5327183175
614406.7341,622617.1588256906
614406.7341,608691.292754923
436824.6151,568246.2722447952
436824.6151,400076.64575969736
436824.6151,393758.46030355035
303648.81149999995,208828.37954062468
303648.81149999995,222100.88353111857
421002.2615,398813.3494528035
421002.2615,333907.32828146784
531970.3793749999,600817.6540218721
531970.3793749999,683430.3829583317
661010.7704,640626.5328356884
661010.7704,725510.6638419047
661010.7704,642175.3135166932
661010.7704,644591.2129401932
661010.7704,644591.2129401932
661010.7704,603350.2740607773
830911.7497999999,779933.1568642807
550607.863925,631399.3336238441
550607.863925,638097.2127550015
1084904.82995,1434591.8430394903
1084904.82995,1006418.2030409961
525397.5199,598285.6794333777
525397.5199,647220.4036659109
525397.5199,496925.9801666383
765421.5759499999,651537.7121640025
765421.5759499999,1056149.2495591373
765421.5759499999,668528.2730110867
541628.41605,561500.5857926372
541628.41605,553076.8174483866
541628.41605,652765.9518879855
565333.3685999999,737749.8599513083
565333.3685999999,714744.8409585042
686080.02735,684867.8888943217
305071.42225,329786.550802957
305071.42225,222440.69002775662
659108.818975,560307.9426991967
659108.818975,631352.5793844588
837128.1145062499,757638.3592147056
837128.1145062499,1148719.8855148663
837128.1145062499,1160716.1430396456
837128.1145062499,1160716.1430396456
837128.1145062499,1160989.9844000863
837128.1145062499,1149343.4286260344
837128.1145062499,753625.8523369743
837128.1145062499,722979.8963353047
120050.9929,132534.1866380208
120050.9929,132920.93668627949
120050.9929,231388.7692034169
611513.7643500001,619799.9180371405
611513.7643500001,708161.0022808636
618552.186409091,659181.6949624731
618552.186409091,667266.0413909386
618552.186409091,670913.8449425396
618552.186409091,669730.3127334832
618552.186409091,1059046.6321303046
618552.186409091,671057.9833482956
618552.186409091,633107.7383545877
618552.186409091,1015474.2861530464
618552.186409091,620053.0560744667
618552.186409091,1035982.5013523165
618552.186409091,643203.3708114005
810504.5887500001,718047.4147638764
810504.5887500001,1146984.4615297702
810504.5887500001,723497.3153360656
810504.5887500001,733583.9451661117
810504.5887500001,1150056.4846547276
810504.5887500001,717099.9174256935
810504.5887500001,716123.0364806596
810504.5887500001,682215.9899840533
810504.5887500001,1119889.8162150746
810504.5887500001,1119889.8162150746
810504.5887500001,691119.40393598
810504.5887500001,719730.2873559926
504699.93804999994,831400.3090904983
504699.93804999994,828664.3559057624
504699.93804999994,691958.8133255859
504699.93804999994,705021.0135890319
611675.2319999998,705281.113928166
611675.2319999998,639789.2931610092
611675.2319999998,644783.1785612908
611675.2319999998,608842.7051443119
244273.26500000004,227171.90317859815
244273.26500000004,225061.3820828764
244273.26500000004,177912.97273759218
529731.6041499999,590469.6571962568
529731.6041499999,579386.7477236921
436810.98169999995,496697.7048837552
436810.98169999995,516173.2974482208
436810.98169999995,397586.68997229706
374295.1464,377816.4319694922
374295.1464,583005.6875602866
489650.44645,499162.5332269268
489650.44645,510260.12062247656
2481317.7185289473,2845162.265296268
2481317.7185289473,2359283.275103725
2481317.7185289473,2381515.3655005647
2481317.7185289473,2381515.3655005647
2481317.7185289473,2845925.1233380307
2481317.7185289473,2376724.754057516
2481317.7185289473,2859274.0363541422
2481317.7185289473,2364836.744588536
2481317.7185289473,2845925.1233380307
2481317.7185289473,2849598.0214415076
2481317.7185289473,2322612.982082925
2481317.7185289473,2317173.1891232845
2481317.7185289473,2322612.982082925
2481317.7185289473,2790156.8463922082
2481317.7185289473,2322612.982082925
2481317.7185289473,2790231.040334235
2481317.7185289473,2322612.982082925
2481317.7185289473,2322538.7881408976
2481317.7185289473,2364428.8804772315
601739.6481499999,679834.1070049612
601739.6481499999,649862.8587586194
513140.6109375,784909.1865324193
513140.6109375,706306.329812081
513140.6109375,706306.329812081
513140.6109375,824198.030396676
513140.6109375,619060.887941692
513140.6109375,691457.0493791387
636117.251425,684068.5369934549
636117.251425,674496.164402169
326279.87132499996,366276.41665961634
326279.87132499996,315472.82912621065
631599.23045,717215.8292869049
631599.23045,603006.6024261417
605132.066825,671165.1369179464
605132.066825,1078271.1182121704
605132.066825,640035.3017433374
605132.066825,637945.1133378281
605132.066825,969280.5349744707
605132.066825,637934.2944016325
605132.066825,1027464.4968591015
436884.14422499994,536019.2193250426
436884.14422499994,417599.335087504
436884.14422499994,534105.9332086876
436884.14422499994,430057.1082733486
436884.14422499994,417318.9499387785
436884.14422499994,396630.33025299996
2706611.5313999997,3161531.042008389
2706611.5313999997,3146285.2602844094
779230.432775,697891.4362735674
779230.432775,749696.5972378224
452131.9992,540791.8919699573
452131.9992,486695.2556668699
600983.4010999999,687529.1896175138
600983.4010999999,723552.7818060621
829712.9496999999,794524.132710377
377984.59079999995,440455.5500496883
377984.59079999995,479977.974867727
427908.4731,527634.6552107644
427908.4731,498989.5714254471
311202.947575,281995.4243799234
804774.744575,821610.9620923873
804774.744575,821283.5948764505
804774.744575,810219.295431606
804774.744575,836155.706878644
804774.744575,837316.5843568513
804774.744575,789484.0008395434
804774.744575,777615.9038687366
804774.744575,794452.2533100441
210922.63137499997,199946.81881810946
210922.63137499997,279492.889167434
593567.6473,566107.0018632292
691907.78445,777066.3350219103
691907.78445,1214347.9295407338
691907.78445,757096.0655983548
691907.78445,777066.3350219103
691907.78445,760716.6943983797
691907.78445,1117709.5555292515
691907.78445,740307.6240974986
691907.78445,740307.6240974986
691907.78445,1118390.4716340648
888898.7855363636,773235.2030809025
888898.7855363636,773894.4922100427
888898.7855363636,778685.1036530918
888898.7855363636,778685.1036530918
888898.7855363636,1186698.6324683598
888898.7855363636,1189390.2197672543
888898.7855363636,778685.1036530918
888898.7855363636,738897.0550262693
888898.7855363636,1125858.7095636742
888898.7855363636,738656.6582920905
888898.7855363636,1212425.7521368507
202046.887,161629.35978827573
202046.887,263317.3237885819
202046.887,275626.5455042352
379560.5779,535466.8195180192
379560.5779,439015.69572119066
737503.4104999999,902248.5075554405
737503.4104999999,869113.089856014
547747.035225,529100.7888658881
556430.359525,1021080.8166981604
556430.359525,695284.2698477489
137219.138875,113621.9570643314
736824.719325,830085.5917258762
736824.719325,970417.9191058283
2251613.2616000003,2228214.767528251
2251613.2616000003,2279003.7263865573
555516.3117,674647.9213073433
555516.3117,724496.9839952384
357627.6600999999,310048.45900440647
357627.6600999999,314935.1916937609
428236.10195,347826.91161113215
428236.10195,324209.45940837485
746173.80525,708493.2261775818
746173.80525,1069321.5072507835
493757.8297,804686.4443866778
493757.8297,634176.4149731013
493757.8297,611441.580426489
443470.19275,422447.69214772404
443470.19275,428047.84822772327
383727.05760000006,359532.1401015728
383727.05760000006,311335.02639209776
618371.173625,641457.4501234544
618371.173625,696192.0699114262
834668.11179,1167493.6001390559
834668.11179,1143838.9435420563
834668.11179,947350.6090261168
834668.11179,952999.5394250242
834668.11179,1204309.8377677915
764956.347925,643787.4817568682
764956.347925,677252.2153628978
386545.74765,320086.81788921525
386545.74765,503947.3268006259
2446108.2042,2622546.8435276784
2446108.2042,2635088.167692694
379983.39329999994,344064.64132310124
379983.39329999994,338498.69329051126
403390.5652,406063.6697419951
403390.5652,389800.03528939123
302673.76635,332543.16209454316
302673.76635,336622.3370547059
302673.76635,276396.55224616826
559454.5490464286,520598.2133981744
559454.5490464286,504112.82676443155
559454.5490464286,610848.6041877446
559454.5490464286,501243.9326550447
559454.5490464286,620561.5452729018
559454.5490464286,506448.24334849406
559454.5490464286,490718.525355977
286604.99679999996,245606.268730012
286604.99679999996,240288.59294912673
502477.90065,528537.7744004858
791899.4596571428,785799.3903434144
791899.4596571428,813682.6809164382
791899.4596571428,812287.3663773091
791899.4596571428,897220.9141898904
791899.4596571428,815042.7980007184
791899.4596571428,815042.7980007184
791899.4596571428,870945.4412421469
784940.0236999999,845075.4821403265
784940.0236999999,888901.2572387261
784940.0236999999,900118.1257370267
784940.0236999999,889412.2754984811
784940.0236999999,835159.8477100258
614922.9419999999,681895.4646756729
614922.9419999999,667455.9389082519
614922.9419999999,715144.7960478149
614922.9419999999,665889.6507744864
614922.9419999999,876682.9267344738
256274.81184999997,336183.4350586276
256274.81184999997,373659.90940001636
537670.9362499999,728884.7542010942
537670.9362499999,728884.7542010942
537670.9362499999,680724.0607324754
537670.9362499999,824986.441579634
783494.3768499999,727547.868413958
302360.3389,327057.88979847997
302360.3389,210614.7188372417
711811.4881375,718422.4615433265
711811.4881375,743160.8012816918
711811.4881375,823807.7586903402
711811.4881375,711185.4424434527
789597.9970400002,664441.0873424376
789597.9970400002,761852.2203700298
789597.9970400002,659217.6826253472
789597.9970400002,764048.1192358362
789597.9970400002,748091.319995489
661718.9944,1080854.3251081933
661718.9944,731109.9884914191
661718.9944,755382.1396800332
661718.9944,1084149.1001468864
661718.9944,755893.1579397882
661718.9944,1083743.7898672894
661718.9944,1228696.8960923676
522904.330975,579117.5087444653
522904.330975,643178.7626451028
572727.9088,956200.692085254
572727.9088,585183.0248496465
379221.45605,296695.6450962113
379221.45605,398527.01761680807
379221.45605,427318.2612175583
170944.19565,143033.64660059998
170944.19565,146770.98052999994
365908.4752,402971.3438026881
365908.4752,295464.2746816528
365908.4752,397734.5433423135
356479.9938,274344.95628106996
356479.9938,427234.06214370206
946803.0324499998,1200717.4592286993
2481773.4068500004,2474696.334887309
2481773.4068500004,2993512.745976248
444581.6758999999,434870.918030313
444581.6758999999,439196.15713958367
805774.6787,814243.9739381146
805774.6787,778036.5300252857
805774.6787,769581.0938514922
325829.97474999994,309763.8533297077
325829.97474999994,298097.38256286975
662920.9495999999,1040624.5597758282
662920.9495999999,766512.0285307969
662920.9495999999,766250.5196220035
662920.9495999999,825678.464253499
662920.9495999999,967790.2678888217
452235.24015,551098.741933177
452235.24015,551098.741933177
452235.24015,538733.6645173905
292819.8413,343216.85048571497
292819.8413,285918.64293626684
292819.8413,442665.7762503228
846029.2501076923,780985.5638879942
846029.2501076923,775155.180983428
846029.2501076923,1170066.8088004533
846029.2501076923,768241.998615537
846029.2501076923,768241.998615537
846029.2501076923,1181067.1055965563
846029.2501076923,785093.7350622094
846029.2501076923,1143566.4816042993
846029.2501076923,1143686.3512480797
846029.2501076923,730622.0863312266
846029.2501076923,734868.2361722718
846029.2501076923,730622.0863312266
846029.2501076923,763792.4238328936
411623.77024999994,549193.2517650803
411623.77024999994,462038.89680510695
411623.77024999994,549193.2517650803
411623.77024999994,426643.97855168185
2473559.49795,2284932.26970208
2473559.49795,2350168.8276281785
426300.1711499999,509457.74931274436
426300.1711499999,572632.7163677674
426300.1711499999,455477.75568628893
426300.1711499999,492523.4788075066
588777.1450499999,564372.706322153
588777.1450499999,564348.1959704389
588777.1450499999,541975.2969510793
588777.1450499999,539262.1733785432
622331.6984499999,712561.0857586558
622331.6984499999,884643.0616726547
467156.647,589633.701127959
467156.647,491442.9523089916
467156.647,434634.43921056786
575961.106275,671811.265570847
575961.106275,674364.1694432508
575961.106275,663672.8819097102
575961.106275,548911.2898672292
919430.0755,825879.6941249608
919430.0755,1263661.9059830855
2412213.7674499997,2284526.82354486
2412213.7674499997,2837104.5746537847
605148.3407999999,501016.6811389943
468984.83469999995,590220.4696773388
468984.83469999995,615283.8682975774
995446.3109499998,954435.3596939007
1153609.7085714284,1108041.17010364
1153609.7085714284,1522036.3581342066
1153609.7085714284,1521055.289638086
1153609.7085714284,1521055.289638086
1153609.7085714284,1522000.6121162344
1153609.7085714284,1116885.9498413375
1153609.7085714284,1096063.563877556
908000.5376,911070.0038516154
908000.5376,903024.5513090296
908000.5376,1336429.578392105
908000.5376,904428.9316661715
908000.5376,1336429.578392105
908000.5376,904713.1042748007
908000.5376,909503.7157178498
908000.5376,1313512.1812290002
908000.5376,1313512.1812290002
908000.5376,855452.3201323148
908000.5376,1313512.1812290002
908000.5376,853692.0326125
908000.5376,874109.8702477219
908000.5376,866717.0975568
539424.83266,692909.6778656836
539424.83266,692690.8825353794
539424.83266,575317.7954339583
539424.83266,692690.8825353794
539424.83266,577538.1831899758
704636.52065,1037834.8677879893
704636.52065,625117.7744381216
207286.2232,155715.73041071423
207286.2232,279379.8355127883
306525.83109999995,218992.37841326353
306525.83109999995,208095.2097406019
483356.0803,507533.663968656
483356.0803,610470.8457342344
483356.0803,610470.8457342344
483356.0803,509104.0665195859
874919.56464,1324313.7375460241
874919.56464,889354.5115816224
874919.56464,1332934.6606511925
874919.56464,906008.7979769374
874919.56464,889656.8334449804
874919.56464,1320228.2670118571
874919.56464,899529.6335681172
874919.56464,1332414.1238780883
874919.56464,1310017.263488088
874919.56464,852250.4343812008
874919.56464,850234.2795937044
874919.56464,870614.9525068096
874919.56464,852250.4343812008
874919.56464,1286881.8414411345
874919.56464,885954.3673696049
489607.50552000006,598243.5351773414
489607.50552000006,659383.8421013249
489607.50552000006,592932.7544058443
489607.50552000006,629865.9437741956
489607.50552000006,876916.433454237
591954.1771249999,578203.3241496143
591954.1771249999,647409.577705824
485802.327,417010.1579649564
485802.327,416873.0458594032
700227.0450666666,1174223.6443670497
700227.0450666666,1173633.7320877626
700227.0450666666,1177297.9875906534
700227.0450666666,1174223.6443670497
700227.0450666666,1177059.3700717
700227.0450666666,715320.7271044417
700227.0450666666,1129694.6469855872
700227.0450666666,1129694.6469855872
700227.0450666666,738615.3570975041
598890.9745874999,665848.3356207638
598890.9745874999,666359.3538805188
598890.9745874999,799141.9246851725
598890.9745874999,727255.9337719431
2395203.0417000004,2194764.309069922
2395203.0417000004,2223685.710231496
412777.42087500007,396370.8941259365
412777.42087500007,493081.5415075296
608247.5031125001,572577.2871210647
608247.5031125001,687919.0858122597
608247.5031125001,596125.046805747
608247.5031125001,569644.5602452622
549453.5963428571,935508.8303374377
549453.5963428571,693024.9973751693
549453.5963428571,691841.4651661129
549453.5963428571,649640.6083752332
549453.5963428571,671617.4575851078
549453.5963428571,894457.5437443072
549453.5963428571,677683.6663980039
635148.9590178572,695905.1779511828
635148.9590178572,740802.3413958456
635148.9590178572,736207.765249932
635148.9590178572,802879.5853573396
635148.9590178572,724525.2684329597
635148.9590178572,814564.7629153642
635148.9590178572,793878.2021622706
251166.4031999999,225053.00544629723
470421.0483,508048.3091132523
470421.0483,508048.3091132523
470421.0483,488516.9897663533
470421.0483,500148.0965538641
636815.38245,614795.5962730116
636815.38245,724947.5924418652
1103504.3586499998,1462886.173664251
1103504.3586499998,1014184.2753539647
518327.63025,601328.9568716215
518327.63025,514468.61121600785
727239.5339285714,744126.6303546499
727239.5339285714,1127999.4102689675
727239.5339285714,761121.6101759057
727239.5339285714,743615.6120948949
727239.5339285714,738864.0640571355
727239.5339285714,765984.7775162893
727239.5339285714,737189.0292165221
631194.8426,696231.2364443467
631194.8426,655703.5963119396
631194.8426,792769.7402568547
631194.8426,650994.0600159004
631194.8426,646192.7632175635
631194.8426,850506.2513633701
775667.3643333333,1223492.9254356292
775667.3643333333,766399.2449508524
775667.3643333333,766607.9413472493
775667.3643333333,785935.6634130608
775667.3643333333,761257.4548969043
775667.3643333333,726640.915734743
775667.3643333333,749308.4815866381
775667.3643333333,1126710.413018391
775667.3643333333,1162988.46715652
221192.29262499997,321783.2620832594
221192.29262499997,219579.42817640916
425944.71355,600627.4902142403
425944.71355,485350.0551551578
425944.71355,412209.97880790685
583958.86289,978165.0305554795
583958.86289,651598.5762154025
583958.86289,651087.5579556475
583958.86289,961550.4824350551
583958.86289,645836.7051919146
627037.2244500001,589462.3486228611
627037.2244500001,588951.3303631061
627037.2244500001,613005.2927471399
627037.2244500001,617414.1216947776
627037.2244500001,617414.1216947776
627037.2244500001,606060.6486833581
236196.3869,259457.68994966574
236196.3869,197587.0985352627
363552.3844,299783.28302333097
363552.3844,406415.53103550366
363552.3844,292379.56515407487
814101.9434999999,806423.2599084037
814101.9434999999,782947.3246343592
518940.10385,1061432.351711795
518940.10385,651474.0611373532
763811.734792857,714887.2636144323
763811.734792857,713713.1336022062
763811.734792857,1121940.6568147994
763811.734792857,720427.3643717042
763811.734792857,1111563.5779288702
763811.734792857,714887.2636144323
763811.734792857,1143678.9060107935
1024464.05245,1276199.0626234198
1024464.05245,841689.5029488293
1024464.05245,829540.9541353656
555391.7642,542833.6329613356
555391.7642,543331.4362386666
552336.8111999999,763412.4551109734
552336.8111999999,759832.3230035761
552336.8111999999,707495.8555879524
1053269.60494375,1067064.2896445284
1053269.60494375,1069460.8450831755
1053269.60494375,1062273.6782014794
1053269.60494375,1067039.0781560421
1053269.60494375,1067064.2896445284
1053269.60494375,1069460.8450831755
1053269.60494375,1069460.8450831755
1053269.60494375,1525413.0357130277
461706.4546499999,450045.04653308354
461706.4546499999,451100.3164070941
461706.4546499999,549730.8197796864
461706.4546499999,539272.657554588
544243.3618999999,582553.2247217014
544243.3618999999,694707.1661577924
544243.3618999999,690513.0999421788
544243.3618999999,568111.71327594
459660.7832,384863.14999082393
459660.7832,518976.9120851876
459660.7832,426899.43492401193
481148.66805,543725.0755458248
481148.66805,493324.0304711767
481148.66805,489055.878755789
745342.42096,701939.2020671809
745342.42096,776321.0611656533
745342.42096,676458.2226236785
745342.42096,707881.2254437377
745342.42096,764182.7546560854
882768.9018333334,744959.2182162307
882768.9018333334,1152045.344822552
882768.9018333334,745843.1073605733
882768.9018333334,752197.6868387419
882768.9018333334,750633.7188036223
882768.9018333334,753824.0605682747
882768.9018333334,703139.9973061662
882768.9018333334,699060.3860530007
882768.9018333334,699060.3860530007
617478.6855,1027431.5802023483
617478.6855,667401.8528866908
413602.009925,415497.6933107576
413602.009925,396616.09312978835
713807.7847999999,761702.3278570175
713807.7847999999,744012.7646989208
713807.7847999999,762965.9719698874
713807.7847999999,1136853.609743538
713807.7847999999,777999.1574762983
713807.7847999999,707639.7105415522
713807.7847999999,1120962.5427667846
465022.74889999995,685998.56874092
465022.74889999995,708021.9025139138
1008802.7468,979850.5147783803
1008802.7468,947024.2772302257
718325.6514500001,606981.0198055374
718325.6514500001,584659.2405817962
502936.9659999999,640150.9154398709
502936.9659999999,562366.9341094762
502936.9659999999,559271.6385413613
874432.8431999999,915671.8387186041
874432.8431999999,944902.8031960421
583259.7427500001,514526.3564339779
615553.71125,1174606.0064107266
615553.71125,750337.2391601929
615553.71125,764443.3330427499
615553.71125,1075160.334873978
615553.71125,727328.7320844487
615553.71125,751718.6488294507
615553.71125,726831.8532630503
615553.71125,704218.4857036732
615553.71125,1037182.0419036683
615553.71125,686204.6016932696
628075.774125,693002.2756032762
628075.774125,724725.83639246
628075.774125,721105.2075924351
628075.774125,672746.5614465002
1122382.6449,1385366.4688731753
616773.65855,671685.7588147202
616773.65855,795628.3595302196
333889.67309999996,479564.98663935775
333889.67309999996,330040.7255744505
333889.67309999996,303106.5371919212
897338.9392499998,1208979.7337374408
897338.9392499998,898994.5724747059
897338.9392499998,899505.5907344609
897338.9392499998,898139.2423127351
897338.9392499998,869991.6767558755
266830.7633749999,324681.7787707911
266830.7633749999,438694.1611927786
564198.2265875,696750.726925615
564198.2265875,678401.742181036
564198.2265875,637618.39856186
564198.2265875,662435.9298518267
564198.2265875,624982.7585493786
564198.2265875,695726.4351199752
778161.8759,781103.6399958774
778161.8759,1186877.3201540906
665233.02165,692052.7806062956
665233.02165,657886.5823537774
665233.02165,681152.2291276458
489129.97069999995,615611.1736901895
489129.97069999995,458833.4069044009
489129.97069999995,503450.9769738234
292835.4780625,322622.07096636883
292835.4780625,322938.00054050225
292835.4780625,249389.09599108848
292835.4780625,201440.94790037937
423435.9332,378546.2659332336
423435.9332,413184.27018666
531288.8583000001,652101.5362991561
531288.8583000001,654386.163410529
447002.116,418287.574906096
447002.116,490455.5549960276
513909.716625,559703.1084031791
513909.716625,502528.5900644122
344793.81715,278869.27364440274
344793.81715,308763.41915304476
344793.81715,311099.44475847826
344793.81715,266329.817153867
307365.03300000005,252670.01398660935
307365.03300000005,333952.25251579314
307365.03300000005,236284.14071012463
908215.09285,906593.1079695865
908215.09285,906737.2463753425
908215.09285,906801.8043659835
908215.09285,906852.161379219
908215.09285,911149.4757657291
908215.09285,1246669.1938012647
250014.342025,322213.55174261716
250014.342025,250893.41558201524
413369.6024,293459.17631353857
413369.6024,297672.6533848365
312165.9388,343557.1974570909
312165.9388,347284.12599865266
275232.6679,205964.61152654147
275232.6679,194482.1509883348
349835.53400000004,370137.61574656103
349835.53400000004,361971.1439545905
218458.3526,182040.8566324428
218458.3526,186366.90069779044
218458.3526,185179.36223629734
562560.5236499999,654079.5002633231
562560.5236499999,606270.9585222332
698698.6524500002,841702.6824348657
698698.6524500002,755986.7490361292
613649.0219999999,699438.4982125142
613649.0219999999,693461.0273750691
613649.0219999999,767388.2639827804
613649.0219999999,658356.4705683405
661323.3129499999,677222.4145124133
661323.3129499999,685189.3246478797
661323.3129499999,716495.0439517901
665667.3237711538,1100621.6937096864
665667.3237711538,775584.4350511476
665667.3237711538,791451.1385708344
665667.3237711538,776095.4533109026
665667.3237711538,792384.4740762303
665667.3237711538,1200564.3307706949
665667.3237711538,775584.4350511476
665667.3237711538,1086526.4410675378
665667.3237711538,1064116.8138974826
665667.3237711538,736827.056444482
665667.3237711538,736827.056444482
665667.3237711538,729666.4898213188
665667.3237711538,714826.9022428622
327163.560875,306729.68750883575
327163.560875,267118.9020523147
553294.8226500001,631654.8548532724
553294.8226500001,937023.9039462252
615932.702825,688000.4647116055
615932.702825,708490.382356011
615932.702825,712111.0111560359
615932.702825,710056.6704897765
615932.702825,1018446.0066744955
615932.702825,680889.2882508081
615932.702825,680889.2882508081
615932.702825,680889.2882508081
615932.702825,990423.9524448218
615932.702825,699714.9812341261
712886.7049499999,1119397.1281295945
712886.7049499999,716598.2468799442
712886.7049499999,704326.1810832807
712886.7049499999,709419.1143896879
712886.7049499999,721388.8583229934
712886.7049499999,693419.4160813987
882907.0326285715,908016.9846116251
882907.0326285715,945022.8213340277
882907.0326285715,1191653.642403378
882907.0326285715,1184780.2609878725
882907.0326285715,920927.3991669524
882907.0326285715,1140386.9085300302
882907.0326285715,887130.4979404146
309801.68220000004,259965.36233249627
309801.68220000004,259662.71696403052
283994.7292,353545.8361233141
283994.7292,230096.30607235286
283994.7292,351819.30465183343
432138.908,433971.255405883
432138.908,391525.19459619105
432138.908,425925.78302262817
588808.4825249999,629347.2534591997
588808.4825249999,734460.725089935
263999.9414,219984.34350777435
263999.9414,316662.7884733422
263999.9414,327111.90002174757
564541.803575,795568.4889554566
564541.803575,672384.4507823382
564541.803575,703821.4465589611
564541.803575,682651.8307368048
316838.77047499997,358825.0956326654
316838.77047499997,294279.2800450538
631913.4761499999,694348.9900774129
631913.4761499999,701804.5281700994
601644.5349772729,976423.0130339586
601644.5349772729,1085194.8009413541
601644.5349772729,979717.7880726517
601644.5349772729,677693.0605789395
601644.5349772729,665885.1512402062
601644.5349772729,665885.1512402062
601644.5349772729,645736.681111691
601644.5349772729,939606.8057443594
601644.5349772729,608267.1527333529
601644.5349772729,608267.1527333529
601644.5349772729,1153733.597717104
353182.2987,401355.17613847466
353182.2987,525229.5130973073
578271.21795,689847.4071121151
578271.21795,675754.9559543297
578271.21795,729507.1945869115
578271.21795,805733.6663409093
511811.50783,595985.0181196958
511811.50783,483901.43974695296
511811.50783,484412.4580067079
511811.50783,604305.9286382059
511811.50783,477998.8182786774
356893.19345,305834.16154235747
356893.19345,272992.37374516996
557019.9403,620344.8096206328
557019.9403,663664.1312467639
639172.23328,657540.9741873858
639172.23328,683476.5761216492
639172.23328,663684.5706046369
639172.23328,685907.9674134629
639172.23328,762151.9129050295
206791.03015,269579.3557497626
206791.03015,154300.36522086168
1247741.9185,1592384.1260017157
1247741.9185,1153383.544803531
1247741.9185,1150553.7808059242
1247741.9185,1140488.197541765
1247741.9185,1576217.765109296
1247741.9185,1150465.7617465388
1247741.9185,1145938.0981139543
1247741.9185,1147983.389159794
1247741.9185,1571567.5107207145
900409.7658500001,1233187.6712880223
900409.7658500001,901256.2608176065
900409.7658500001,1233154.0404561413
900409.7658500001,901256.2608176065
900409.7658500001,1236430.2599596279
900409.7658500001,877252.4373230801
588106.02025,719751.469144892
588106.02025,838468.1390429595
504480.2765999999,617810.7912269544
504480.2765999999,676552.0111551847
504480.2765999999,640066.6682365448
355011.3729,423243.20031241263
355011.3729,406568.92548015626
661864.8029,772693.3847594273
661864.8029,758346.6488614074
661864.8029,774021.0553742398
661864.8029,1224611.736885544
661864.8029,1226306.900588429
661864.8029,1117803.4506347808
661864.8029,1117122.5345299675
661864.8029,717655.1736763344
661864.8029,1117122.5345299675
503961.31729999994,585549.5152746148
503961.31729999994,566475.3557322779
405011.5670375,516479.36058320774
405011.5670375,383185.9901812279
405011.5670375,366672.643924834
405011.5670375,431729.4106197178
311391.96494999994,414750.3814200482
311391.96494999994,400654.8260249338
545692.47395,611728.7622490027
545692.47395,835075.093753853
545692.47395,794311.4786028867
545692.47395,641812.2175389355
545692.47395,729801.065036187
732138.835259375,747420.5903240234
732138.835259375,1136603.468510026
732138.835259375,1136603.468510026
732138.835259375,767390.8597475789
732138.835259375,1202041.1321623602
732138.835259375,708237.0618305549
732138.835259375,1109161.4763879604
732138.835259375,728473.5782511709
240453.9689,307972.68537366524
240453.9689,299235.06704012357
891172.6179,801140.3575324719
