y_true,y_pred
1.3085726e+06,1.204149e+06
1.3085726e+06,1.1848716e+06
616447.5,964893.6
616447.5,963878.3
616447.5,967206.8
616447.5,976182.94
616447.5,975834.4
616447.5,969021.6
616447.5,967913.06
616447.5,969895.3
616447.5,943155.5
616447.5,943533.94
616447.5,944658.6
616447.5,942411.06
616447.5,945618.6
526454.56,648152.7
526454.56,623999.8
526454.56,624293.8
526454.56,665826.25
523064.84,828687.4
523064.84,894028.44
531280.8,773635.06
531280.8,774354.44
619471.44,888859.94
619471.44,884269.44
619471.44,886614.0
619471.44,871453.8
619471.44,857232.25
474903.25,631241.7
474903.25,633504.4
474903.25,613104.25
474903.25,619997.0
509804.8,510329.94
509804.8,510924.78
509804.8,511938.6
765082.9,886676.8
765082.9,887721.2
765082.9,911735.9
765082.9,870845.06
765082.9,896713.25
382040.3,526053.5
382040.3,534642.9
583078.44,993623.6
1.1294334e+06,1.1331512e+06
1.1294334e+06,1.1542271e+06
298042.88,239845.95
298042.88,234533.33
206951.4,122828.7
206951.4,118523.016
206951.4,114007.64
409176.56,525944.75
409176.56,527329.3
409176.56,530985.06
409176.56,538486.44
456839.94,515872.66
456839.94,530709.94
456839.94,523042.44
456839.94,536716.5
359154.0,257841.23
541893.44,770006.4
541893.44,769645.5
634151.9,964992.44
634151.9,971707.6
634151.9,965061.1
634151.9,969755.25
634151.9,960817.75
634151.9,967950.6
634151.9,936533.94
634151.9,937226.3
634151.9,937108.4
634151.9,939391.4
634151.9,950663.94
634151.9,970038.9
545971.6,489967.5
545971.6,482596.28
705205.75,994075.94
705205.75,1.00069056e+06
520558.03,701117.3
520558.03,678345.7
310714.38,410667.5
310714.38,421191.4
310714.38,414264.47
319021.6,213538.86
319021.6,197618.52
211859.11,133250.39
406336.4,470025.3
406336.4,500059.62
773163.7,877074.7
773163.7,873179.5
773163.7,874247.94
773163.7,898725.44
773163.7,869691.9
504076.53,664798.06
504076.53,668711.9
504076.53,662147.0
504076.53,652786.8
649177.3,913778.7
649177.3,894832.7
649177.3,908992.7
649177.3,882018.25
649177.3,881432.1
247102.25,150912.39
247102.25,149448.17
247102.25,144549.92
755502.3,1.0484295e+06
755502.3,1.0428544e+06
755502.3,1.03759694e+06
755502.3,1.03662656e+06
755502.3,1.04653575e+06
755502.3,1.0504634e+06
755502.3,1.012393e+06
755502.3,1.01852444e+06
755502.3,1.03661344e+06
755502.3,1.02817106e+06
755502.3,1.0145919e+06
755502.3,1.03979094e+06
694461.4,1.0373368e+06
694461.4,1.0284462e+06
694461.4,1.0278864e+06
694461.4,1.02695294e+06
694461.4,1.0289965e+06
694461.4,1.0450638e+06
694461.4,1.0063167e+06
694461.4,1.0117945e+06
694461.4,1.0307143e+06
694461.4,1.0093298e+06
618016.7,969891.2
618016.7,965508.5
618016.7,962920.2
618016.7,969787.8
618016.7,970484.94
618016.7,969160.44
618016.7,964311.9
618016.7,969260.7
618016.7,957269.2
618016.7,947709.94
618016.7,959107.1
618016.7,944903.44
618016.7,959348.6
210328.94,165261.39
210328.94,146289.17
359183.34,558682.6
359183.34,550724.75
359183.34,551751.1
359183.34,556709.8
689117.4,800238.44
689117.4,799435.0
689117.4,800332.06
546139.7,917497.1
546139.7,917685.56
908143.75,1.0066424e+06
908143.75,1.0144105e+06
908143.75,1.0142581e+06
908143.75,1.02970044e+06
908143.75,993769.5
908143.75,985431.4
908143.75,1.0134231e+06
313614.72,197453.02
313614.72,196512.89
313614.72,186658.42
291533.1,276526.38
291533.1,279824.62
291533.1,263614.78
552345.1,1.00350094e+06
552345.1,1.0103775e+06
552345.1,1.0047002e+06
552345.1,1.0060191e+06
552345.1,1.00408394e+06
552345.1,1.0011714e+06
552345.1,972217.44
552345.1,984659.1
552345.1,971712.06
552345.1,973348.9
552345.1,978384.5
430714.3,463984.28
430714.3,427540.75
430714.3,439120.44
430714.3,435532.7
430714.3,418951.0
430714.3,424287.34
430714.3,416449.4
732366.1,948542.1
732366.1,999757.1
612060.56,930143.0
612060.56,1.00489725e+06
933935.8,1.0644162e+06
933935.8,1.071351e+06
933935.8,1.0745824e+06
933935.8,1.0647286e+06
933935.8,1.067243e+06
933935.8,1.0330181e+06
933935.8,1.0461897e+06
933935.8,1.0585729e+06
560564.4,921421.5
560564.4,935334.2
666295.25,961322.4
666295.25,974045.4
666295.25,966759.06
666295.25,959559.5
666295.25,974271.5
666295.25,969437.1
666295.25,965229.4
666295.25,943188.06
666295.25,939877.5
666295.25,954376.4
666295.25,972563.44
1.3795201e+06,1.1275882e+06
1.3795201e+06,1.1720765e+06
425143.62,497546.0
425143.62,494603.97
425143.62,511638.97
425143.62,507093.34
1.1407415e+06,1.1425401e+06
1.1407415e+06,1.1569028e+06
559074.06,663995.94
559074.06,660116.56
559074.06,669344.2
559074.06,650679.94
559074.06,662194.25
614978.44,746667.56
614978.44,750951.06
533513.75,687287.4
533513.75,690659.2
456294.0,616570.7
456294.0,631111.0
456294.0,619756.1
456294.0,624103.1
456294.0,609991.9
391361.7,373669.7
391361.7,409360.78
391361.7,362723.1
342063.22,222987.64
342063.22,232027.17
342063.22,216233.7
617370.75,932458.06
617370.75,940800.56
617370.75,923296.8
781993.4,809476.75
781993.4,812788.75
781993.4,819091.0
781993.4,805349.0
781993.4,769660.7
855780.75,836474.06
855780.75,840072.56
855780.75,820189.06
855780.75,828469.9
855780.75,789803.56
855780.75,781379.1
855780.75,839132.56
758392.4,1.0507421e+06
758392.4,1.041498e+06
581976.6,956657.4
581976.6,951325.44
581976.6,952991.3
581976.6,953841.1
581976.6,957295.7
581976.6,952332.9
581976.6,952546.1
581976.6,955355.0
581976.6,941990.06
678260.75,947883.56
678260.75,940233.4
667018.75,712988.75
667018.75,711692.25
911319.8,1.0542322e+06
676955.9,751631.75
676955.9,790295.75
648940.5,890033.4
648940.5,888510.4
648940.5,893975.1
648940.5,894264.1
648940.5,864998.0
880092.1,962082.44
880092.1,968472.9
571067.6,574673.3
571067.6,562099.25
279533.25,303020.22
279533.25,303352.28
408585.4,481176.7
408585.4,488648.97
479558.12,526925.9
479558.12,510956.12
479558.12,536356.2
479558.12,509171.72
480154.47,595408.0
480154.47,581039.4
480154.47,555256.56
495849.88,657951.0
495849.88,663494.8
495849.88,657339.1
495849.88,629720.9
495849.88,634008.7
495849.88,650731.7
269424.12,288736.78
269424.12,278486.03
570183.5,965073.75
570183.5,963936.6
570183.5,965861.56
570183.5,966994.2
570183.5,964131.4
570183.5,964324.56
570183.5,965392.75
570183.5,964004.94
570183.5,952265.7
570183.5,939034.75
570183.5,938122.06
570183.5,938222.25
570183.5,970505.1
548071.94,694667.4
548071.94,681698.56
548071.94,679665.1
548071.94,682910.44
548071.94,675322.3
548071.94,691307.44
491262.38,960653.0
491262.38,966758.9
879325.6,1.1036718e+06
879325.6,1.0935184e+06
879325.6,1.0924999e+06
879325.6,1.1009356e+06
879325.6,1.0888561e+06
879325.6,1.0903722e+06
879325.6,1.0885684e+06
879325.6,1.0701146e+06
879325.6,1.0667348e+06
879325.6,1.0626436e+06
879325.6,1.0715536e+06
879325.6,1.0622771e+06
879325.6,1.0711991e+06
879325.6,1.1168702e+06
552074.9,931760.2
552074.9,951314.6
552074.9,932161.06
663761.8,934487.94
663761.8,935747.06
663761.8,928105.06
663761.8,934012.8
663761.8,920337.2
663761.8,924576.56
663761.8,923760.8
310743.03,175643.73
310743.03,189974.98
310743.03,175092.61
310743.03,180598.02
246589.14,271242.78
246589.14,284090.6
246589.14,268126.1
246589.14,261288.58
806290.6,947180.75
806290.6,946112.2
806290.6,940293.25
806290.6,952479.75
806290.6,925837.75
377697.1,375733.66
306184.5,288264.88
306184.5,292975.7
165837.92,105772.7
165837.92,101625.45
165837.92,102405.58
2.5149102e+06,1.6744529e+06
2.5149102e+06,1.671931e+06
420476.56,540765.0
420476.56,553890.56
384611.44,557658.1
384611.44,553621.5
384611.44,546769.0
384611.44,535559.94
384611.44,542055.6
384611.44,563316.2
528260.3,963845.75
528260.3,956629.8
167346.89,109731.39
167346.89,107224.89
1.2359634e+06,1.11606e+06
1.2359634e+06,1.1475021e+06
657417.3,990051.6
657417.3,1.0192379e+06
657417.3,996120.44
657417.3,987004.5
657417.3,1.00011044e+06
657417.3,1.0138632e+06
810956.75,1.021967e+06
810956.75,1.0214644e+06
810956.75,1.0130416e+06
810956.75,1.0139074e+06
810956.75,1.01281256e+06
810956.75,1.0238475e+06
810956.75,991298.44
223939.69,135228.58
606041.06,820345.56
606041.06,851728.2
769558.1,1.0202816e+06
769558.1,1.0179747e+06
769558.1,1.01697225e+06
769558.1,1.0124119e+06
769558.1,1.0125671e+06
769558.1,1.0467905e+06
467500.84,502236.47
467500.84,492105.12
548652.4,817068.9
548652.4,776402.3
468866.38,448109.3
468866.38,439242.97
451673.22,584810.3
451673.22,600468.1
451673.22,576797.4
742722.94,1.0074301e+06
742722.94,1.00915956e+06
742722.94,1.0048516e+06
742722.94,995966.6
742722.94,1.0093671e+06
742722.94,1.0025216e+06
742722.94,966098.94
702831.2,789642.9
702831.2,793261.56
702831.2,792389.25
702831.2,786080.0
702831.2,816658.5
647925.2,1.0359187e+06
647925.2,1.0327377e+06
647925.2,1.01877244e+06
647925.2,1.0322875e+06
647925.2,1.0283153e+06
647925.2,1.0364588e+06
647925.2,993292.7
647925.2,995859.0
647925.2,993292.7
647925.2,1.0470253e+06
483034.78,746062.3
483034.78,734749.44
483034.78,731681.44
483034.78,695033.06
483034.78,695090.25
483034.78,708546.8
526904.7,931088.1
526904.7,959420.8
305997.5,211255.05
305997.5,206326.36
305997.5,192929.17
509838.66,664051.1
528030.1,681512.4
528030.1,690501.56
528030.1,682463.25
528030.1,674094.9
410467.94,264968.9
410467.94,272830.94
410467.94,243577.95
382050.56,472258.28
382050.56,470870.0
382050.56,477077.44
382050.56,456575.1
554289.06,751000.7
554289.06,783840.94
360155.6,239465.58
360155.6,239519.05
360155.6,227367.45
488229.44,692780.75
643680.0,966993.25
643680.0,966633.44
643680.0,961644.44
643680.0,962827.8
643680.0,968486.44
643680.0,963695.56
643680.0,966457.56
643680.0,962740.5
643680.0,940876.75
643680.0,945030.5
643680.0,943605.4
643680.0,944451.94
643680.0,953109.8
632591.3,938964.9
632591.3,982454.25
349357.0,306735.28
349357.0,309114.0
382807.75,246942.52
382807.75,255451.36
373456.56,227289.14
373456.56,229447.42
373456.56,232214.73
900370.6,1.0674649e+06
900370.6,1.0693366e+06
278502.9,163115.52
278502.9,167477.73
634832.4,777400.06
634832.4,768016.9
634832.4,758700.06
634832.4,750505.8
634832.4,742842.5
634832.4,770322.75
564751.5,604206.3
564751.5,600974.75
811477.06,991925.2
698948.9,984908.75
698948.9,964733.25
700926.4,1.03952906e+06
700926.4,1.029374e+06
700926.4,1.0351318e+06
700926.4,1.0341559e+06
700926.4,1.0347944e+06
700926.4,1.0402272e+06
700926.4,1.0292776e+06
700926.4,1.0085354e+06
700926.4,1.02242925e+06
700926.4,1.0593314e+06
280393.84,331169.6
280393.84,293081.03
337506.88,448556.5
337506.88,438633.3
337506.88,427949.25
620792.75,880068.75
620792.75,888540.0
270435.16,257385.42
270435.16,245144.77
925754.0,864423.8
925754.0,897697.3
746636.1,767151.1
746636.1,764673.1
746636.1,774133.6
746636.1,765781.0
746636.1,740252.0
827827.44,850164.06
827827.44,866337.1
827827.44,840676.9
827827.44,857214.7
827827.44,805840.7
827827.44,808427.6
827827.44,812942.75
554397.44,981102.94
554397.44,982526.9
554397.44,961145.06
554397.44,948263.75
554397.44,982699.1
603783.0,657798.06
603783.0,649834.4
603783.0,652538.1
515126.72,590451.8
515126.72,570693.8
690071.1,697163.0
690071.1,707954.06
347722.62,301340.7
347722.62,301201.94
446754.44,370521.84
446754.44,397240.5
931281.9,1.1309198e+06
931281.9,1.1294422e+06
931281.9,1.1312828e+06
931281.9,1.1359599e+06
931281.9,1.135351e+06
931281.9,1.1305721e+06
931281.9,1.1316781e+06
931281.9,1.132208e+06
931281.9,1.1068894e+06
931281.9,1.1091551e+06
931281.9,1.1091551e+06
931281.9,1.1097068e+06
931281.9,1.1072208e+06
931281.9,1.1094919e+06
931281.9,1.1285991e+06
203651.34,122160.7
203651.34,121291.2
522175.47,525580.0
590543.44,714018.4
590543.44,709881.0
590543.44,727352.5
590543.44,744043.0
1.1861794e+06,1.1612305e+06
1.1861794e+06,1.1802338e+06
783474.3,997796.94
783474.3,1.0283604e+06
389074.44,372116.66
389074.44,368020.25
808869.2,1.0184406e+06
808869.2,1.0223105e+06
808869.2,1.01947056e+06
808869.2,1.027467e+06
808869.2,1.02444606e+06
808869.2,1.0105794e+06
808869.2,1.01141644e+06
808869.2,1.0250444e+06
529557.9,997808.8
529557.9,997900.9
529557.9,1.0045782e+06
529557.9,996862.25
529557.9,997228.6
529557.9,1.001874e+06
529557.9,989258.25
576218.75,934108.7
576218.75,940187.94
576218.75,934995.4
576218.75,933475.6
576218.75,957153.1
614008.6,952122.44
614008.6,953290.4
614008.6,956760.2
614008.6,951659.75
614008.6,956923.56
614008.6,954153.8
614008.6,958123.6
614008.6,954582.75
614008.6,945275.06
2.8596812e+06,1.6919774e+06
2.8596812e+06,1.7066021e+06
454729.22,591487.0
454729.22,609066.94
1.0288362e+06,1.1691565e+06
566642.7,904854.25
566642.7,940623.9
299922.16,351747.34
299922.16,345441.9
299922.16,341912.2
357503.6,351630.5
357503.6,339647.7
357503.6,349275.06
444468.16,609361.9
444468.16,610032.1
233295.6,198918.27
233295.6,199902.36
233295.6,191763.52
459324.38,561865.25
459324.38,561114.44
459324.38,568951.3
459324.38,560620.44
459324.38,561591.6
269320.88,142738.95
269320.88,139031.83
414059.4,251831.52
414059.4,261131.89
364340.34,376360.1
364340.34,397378.84
364340.34,369619.22
364340.34,377587.4
364340.34,360024.66
364340.34,371757.66
654180.56,745455.2
654180.56,761506.9
654180.56,728001.8
770427.3,808720.2
770427.3,819878.1
770427.3,823424.9
770427.3,816537.94
770427.3,786521.2
209244.69,243301.92
209244.69,231389.11
209244.69,244422.52
687930.94,992333.6
687930.94,978873.25
687930.94,974625.7
687930.94,994772.4
687930.94,987293.2
687930.94,952182.8
687930.94,960071.44
687930.94,939428.3
341215.12,336317.56
341215.12,363633.6
490785.22,662373.0
490785.22,653492.9
490785.22,652256.0
490785.22,660976.4
490785.22,631910.7
583952.94,523721.03
583952.94,529685.5
583952.94,518505.97
583952.94,510868.78
583952.94,509133.34
583952.94,513127.03
389963.72,250285.67
389963.72,239962.8
598859.2,736403.56
598859.2,747533.9
461629.6,618062.7
461629.6,619318.7
461629.6,608845.25
461629.6,602060.8
129687.04,133691.33
129687.04,143493.7
129687.04,134060.39
420136.06,602107.9
315166.4,176610.77
315166.4,175217.61
315166.4,174192.58
233426.34,160285.86
233426.34,151769.45
420260.9,555629.56
420260.9,558200.25
420260.9,560675.5
420260.9,566853.9
607572.6,954617.4
607572.6,957942.25
607572.6,960760.75
607572.6,956021.06
607572.6,963358.44
607572.6,955771.3
607572.6,961768.1
607572.6,934157.94
607572.6,947698.8
607572.6,944997.75
607572.6,934813.2
515863.6,662179.56
515863.6,652866.3
515863.6,660600.6
754069.75,733574.25
754069.75,755832.25
709065.2,1.03503875e+06
709065.2,1.0312709e+06
709065.2,1.0313949e+06
709065.2,1.0242639e+06
709065.2,1.02887075e+06
709065.2,1.03221556e+06
709065.2,991175.8
709065.2,992950.44
709065.2,1.0132695e+06
709065.2,991000.75
209692.84,119053.266
209692.84,125989.7
296490.16,193465.55
296490.16,187023.86
660966.0,819907.25
660966.0,822465.9
515490.22,978152.6
515490.22,942044.2
571541.9,606023.5
571541.9,617875.75
355503.6,238481.95
355503.6,226691.02
648874.0,1.0022269e+06
648874.0,1.01135575e+06
884202.94,1.0793432e+06
651832.8,668125.94
651832.8,678869.2
644698.9,976604.9
644698.9,994517.7
644698.9,982675.8
381602.34,571141.25
381602.34,585138.0
555118.44,701431.4
555118.44,705539.8
555118.44,699652.75
480052.38,571090.4
480052.38,584358.06
480052.38,588131.8
512880.47,593882.6
230169.55,248809.05
230169.55,255898.58
230169.55,238528.64
580838.4,523970.03
580838.4,544213.0
893991.4,888816.9
893991.4,884680.3
893991.4,895305.6
893991.4,905826.2
893991.4,930952.7
306662.9,168092.45
306662.9,167829.02
621469.06,744914.3
621469.06,736648.6
621469.06,728321.56
621469.06,733501.94
621469.06,702625.3
621469.06,689016.8
1.2119718e+06,1.0841158e+06
1.2119718e+06,1.1230814e+06
548875.56,704443.8
548875.56,709538.0
548875.56,711346.44
548875.56,698607.8
548875.56,710048.2
359326.34,401826.03
359326.34,400797.62
359326.34,413301.28
682573.2,815441.56
682573.2,827852.1
682573.2,815752.4
682573.2,772647.44
682573.2,792038.1
682573.2,804644.6
637351.44,1.0107021e+06
637351.44,1.0096322e+06
637351.44,1.00553375e+06
637351.44,1.01203925e+06
637351.44,1.0058094e+06
637351.44,1.0000441e+06
637351.44,979712.4
637351.44,971870.9
637351.44,983392.2
870001.44,1.0228345e+06
870001.44,1.0411389e+06
792816.9,1.00038894e+06
792816.9,960448.9
613557.7,746027.5
613557.7,749518.4
613557.7,748498.94
613557.7,735496.25
613557.7,733764.7
613557.7,754026.9
464183.38,576224.44
464183.38,564529.9
464183.38,591294.56
464183.38,556545.25
225581.2,124059.95
225581.2,119567.7
225581.2,124097.64
623278.2,754600.56
623278.2,769467.75
623278.2,766864.3
623278.2,736944.6
580582.7,995624.25
580582.7,995719.25
580582.7,994029.0
580582.7,997466.06
580582.7,996244.75
580582.7,994822.75
580582.7,996347.94
580582.7,992155.25
617419.94,904326.4
617419.94,933010.3
1.28426e+06,1.1379855e+06
1.28426e+06,1.1317978e+06
1.28426e+06,1.1377828e+06
1.28426e+06,1.1379518e+06
1.28426e+06,1.1490499e+06
1.28426e+06,1.1387094e+06
1.28426e+06,1.1110946e+06
1.28426e+06,1.1110946e+06
1.28426e+06,1.1226181e+06
1.28426e+06,1.1578924e+06
1.2299435e+06,1.1282971e+06
1.2299435e+06,1.0970214e+06
490321.47,466696.16
490321.47,481737.75
2.3523652e+06,1.6257405e+06
2.3523652e+06,1.637141e+06
2.3523652e+06,1.6313154e+06
2.3523652e+06,1.6317364e+06
2.3523652e+06,1.6273789e+06
2.3523652e+06,1.630556e+06
2.3523652e+06,1.6322305e+06
2.3523652e+06,1.6280024e+06
2.3523652e+06,1.6321696e+06
2.3523652e+06,1.627349e+06
2.3523652e+06,1.63505e+06
2.3523652e+06,1.6282156e+06
2.3523652e+06,1.6270632e+06
2.3523652e+06,1.6270846e+06
2.3523652e+06,1.6269968e+06
2.3523652e+06,1.6270375e+06
2.3523652e+06,1.6297106e+06
371763.12,427915.4
371763.12,439639.94
603966.06,765334.56
603966.06,753831.25
531378.25,855679.0
531378.25,862942.4
572888.25,806895.75
572888.25,807535.5
572888.25,804920.25
1.4119692e+06,1.2726151e+06
1.4119692e+06,1.2597792e+06
1.4119692e+06,1.2783825e+06
1.4119692e+06,1.2591044e+06
1.4119692e+06,1.27014e+06
1.4119692e+06,1.2599132e+06
1.4119692e+06,1.2649172e+06
1.4119692e+06,1.25954e+06
1.4119692e+06,1.2581695e+06
1.4119692e+06,1.239295e+06
1.4119692e+06,1.2390178e+06
1.4119692e+06,1.2385452e+06
1.4119692e+06,1.2407431e+06
1.4119692e+06,1.2777411e+06
892471.8,1.0619051e+06
892471.8,1.0686535e+06
892471.8,1.0724686e+06
892471.8,1.0801089e+06
892471.8,1.0578939e+06
892471.8,1.0539046e+06
892471.8,1.0600554e+06
892471.8,1.03202356e+06
892471.8,1.032697e+06
892471.8,1.0929914e+06
416953.4,441907.62
416953.4,446857.72
416953.4,427221.88
167490.92,181889.08
167490.92,176875.3
167490.92,185569.36
469159.66,701447.25
469159.66,703946.94
257437.1,271926.72
257437.1,285734.0
257437.1,269616.75
435215.97,596144.6
435215.97,597713.3
239454.78,225250.14
239454.78,204182.73
630268.7,1.00355094e+06
630268.7,1.01811444e+06
848958.3,979591.9
848958.3,942841.25
848958.3,956584.06
848958.3,973781.25
848958.3,960175.5
848958.3,922481.06
848958.3,922091.7
848958.3,985102.9
810971.5,1.0828168e+06
810971.5,1.0841262e+06
810971.5,1.0980799e+06
810971.5,1.0785258e+06
810971.5,1.0777341e+06
810971.5,1.0981829e+06
810971.5,1.0770574e+06
810971.5,1.0674306e+06
810971.5,1.0550314e+06
810971.5,1.0552089e+06
810971.5,1.0547412e+06
810971.5,1.1058732e+06
772526.3,756461.44
772526.3,769982.44
298147.6,309960.62
298147.6,307121.1
298147.6,310155.06
298147.6,337997.78
931612.1,1.0653454e+06
931612.1,1.0635389e+06
931612.1,1.0739129e+06
931612.1,1.0623799e+06
931612.1,1.065571e+06
931612.1,1.0639276e+06
931612.1,1.0311066e+06
931612.1,1.029909e+06
931612.1,1.03251556e+06
931612.1,1.02876375e+06
931612.1,1.0254096e+06
931612.1,1.0338453e+06
837154.2,1.04631156e+06
404874.4,575695.7
404874.4,555528.25
571457.7,828544.94
571457.7,820036.75
434417.97,286688.5
469767.2,509738.1
469767.2,509524.47
469767.2,514617.12
541333.1,921764.75
541333.1,938898.94
518901.47,667698.9
518901.47,655657.44
518901.47,664929.94
518901.47,665129.94
518901.47,657046.6
518901.47,652453.8
518901.47,609767.3
743012.1,822007.5
1.208271e+06,1.1826769e+06
1.208271e+06,1.1616674e+06
524920.94,853363.44
524920.94,854673.9
835188.1,1.0771849e+06
835188.1,1.055059e+06
835188.1,1.0525342e+06
835188.1,1.0538156e+06
835188.1,1.0685749e+06
835188.1,1.0757841e+06
835188.1,1.0620549e+06
249777.19,142591.27
249777.19,139514.89
230089.95,132005.95
230089.95,131782.45
721379.8,1.0120123e+06
721379.8,1.01358844e+06
721379.8,1.0262093e+06
721379.8,1.007923e+06
721379.8,1.01358844e+06
721379.8,1.02240794e+06
721379.8,1.04005325e+06
534517.7,682776.56
534517.7,675755.3
534517.7,691064.3
534517.7,698456.6
534517.7,668365.25
751610.0,1.04129375e+06
751610.0,1.01714e+06
751610.0,1.0142487e+06
751610.0,1.0118435e+06
751610.0,1.02091144e+06
751610.0,1.02000494e+06
751610.0,1.04476656e+06
350041.38,492469.78
391527.53,264883.06
391527.53,268147.2
391527.53,258271.98
485894.16,559303.94
485894.16,546166.7
278297.5,142081.33
278297.5,149826.83
740082.6,1.0218211e+06
740082.6,1.02178794e+06
876946.9,1.0649735e+06
876946.9,1.0675956e+06
876946.9,1.0723665e+06
876946.9,1.0648052e+06
876946.9,1.0570888e+06
876946.9,1.0779735e+06
595056.7,939766.25
595056.7,994061.6
608295.75,747294.2
608295.75,743943.44
608295.75,749705.7
541224.94,658031.6
541224.94,657234.5
820631.0,1.0387863e+06
592258.7,766134.9
592258.7,762513.7
521026.94,636643.9
521026.94,680892.7
210805.4,128590.016
210805.4,120882.14
295753.88,274985.53
295753.88,269346.06
295753.88,271892.28
295753.88,282660.53
335184.0,396551.78
335184.0,386253.06
643285.25,821200.7
643285.25,806643.9
643285.25,796981.7
542852.9,918432.44
542852.9,943736.56
622231.7,855568.06
622231.7,854182.7
699473.7,1.01803494e+06
699473.7,1.02280944e+06
699473.7,1.0196101e+06
699473.7,1.0229958e+06
699473.7,1.02228375e+06
699473.7,996002.44
699473.7,994242.9
699473.7,1.00244844e+06
699473.7,1.0641345e+06
897051.6,1.0670345e+06
897051.6,1.0635075e+06
897051.6,1.064317e+06
897051.6,1.0642244e+06
897051.6,1.065119e+06
897051.6,1.0429505e+06
897051.6,1.0262762e+06
897051.6,1.02720056e+06
897051.6,1.030728e+06
897051.6,1.0401368e+06
465280.84,633698.3
465280.84,616818.94
797597.25,924866.7
797597.25,890697.4
1.1281786e+06,1.1679058e+06
1.1281786e+06,1.1553082e+06
1.1281786e+06,1.1538406e+06
1.1281786e+06,1.1624221e+06
1.1281786e+06,1.1672835e+06
1.1281786e+06,1.1513654e+06
1.1281786e+06,1.1473294e+06
1.1281786e+06,1.1255468e+06
1.1281786e+06,1.1261444e+06
1.1281786e+06,1.1229429e+06
1.1281786e+06,1.1914822e+06
597824.7,956213.44
597824.7,959330.56
597824.7,959472.56
597824.7,958864.9
597824.7,958635.5
597824.7,954324.06
597824.7,952959.2
597824.7,958678.75
597824.7,940233.75
610844.75,638757.1
610844.75,638150.8
610844.75,639266.25
610844.75,630715.2
610844.75,633766.3
441029.12,481061.5
441029.12,464674.44
301169.22,204677.89
301169.22,201621.05
438958.88,647698.8
438958.88,657073.25
569376.8,954644.94
569376.8,935561.7
569376.8,943998.0
569376.8,942274.4
569376.8,902204.2
569376.8,916329.9
520327.3,622507.75
520327.3,632174.75
520327.3,632771.56
520327.3,637991.25
520327.3,645298.4
520327.3,638836.06
843242.9,1.0739358e+06
843242.9,1.0659416e+06
843242.9,1.0715808e+06
843242.9,1.069099e+06
843242.9,1.073891e+06
843242.9,1.0753524e+06
843242.9,1.0452546e+06
843242.9,1.0504144e+06
843242.9,1.04738625e+06
843242.9,1.0466624e+06
483841.1,606313.75
483841.1,603888.2
483841.1,570579.9
483841.1,616971.44
310189.9,180709.48
310189.9,180464.83
310189.9,177182.02
310189.9,174928.3
737913.75,795532.06
737913.75,865293.44
445942.78,582724.1
445942.78,605071.5
391825.44,430837.47
391825.44,475643.38
1.4066296e+06,1.2156355e+06
1.4066296e+06,1.2156505e+06
1.4066296e+06,1.2210315e+06
1.4066296e+06,1.2173319e+06
1.4066296e+06,1.2155502e+06
1.4066296e+06,1.2210366e+06
1.4066296e+06,1.216925e+06
1.4066296e+06,1.2153954e+06
1.4066296e+06,1.1882662e+06
1.4066296e+06,1.1947872e+06
1.4066296e+06,1.1932418e+06
1.4066296e+06,1.1910101e+06
1.4066296e+06,1.228758e+06
644296.7,890369.3
644296.7,893672.3
644296.7,890978.06
644296.7,878165.4
644296.7,879478.44
644296.7,881023.2
644296.7,866588.2
1.3499782e+06,1.2736718e+06
1.3499782e+06,1.2752032e+06
1.3499782e+06,1.2737759e+06
1.3499782e+06,1.2686509e+06
1.3499782e+06,1.2675726e+06
1.3499782e+06,1.2658105e+06
1.3499782e+06,1.2683405e+06
1.3499782e+06,1.2840044e+06
1.3499782e+06,1.2659794e+06
1.3499782e+06,1.2707635e+06
375259.12,388159.97
375259.12,374985.78
375259.12,394286.12
375259.12,377396.8
423561.2,584067.25
423561.2,573641.6
423561.2,578455.94
423561.2,560396.4
423561.2,555428.75
423561.2,564465.0
574697.94,813260.2
574697.94,839034.7
407802.1,558401.6
407802.1,554233.4
407802.1,557555.6
407802.1,538111.7
424730.16,410393.28
424730.16,410983.66
424730.16,403012.22
167029.1,96455.516
167029.1,102027.266
1.2523139e+06,1.1897546e+06
1.2523139e+06,1.1906666e+06
1.2523139e+06,1.1927734e+06
1.2523139e+06,1.1939246e+06
1.2523139e+06,1.1910985e+06
1.2523139e+06,1.1927828e+06
1.2523139e+06,1.1927745e+06
1.2523139e+06,1.1929672e+06
1.2523139e+06,1.1984954e+06
406105.97,449377.5
406105.97,449873.12
406105.97,444685.88
406105.97,442342.16
259287.22,139142.27
259287.22,136029.2
476423.6,533831.1
476423.6,570859.8
294334.66,284727.03
294334.66,289052.88
294334.66,270763.2
501245.25,666000.44
501245.25,660674.06
501245.25,668015.7
501245.25,663813.25
501245.25,659661.44
295179.66,164009.42
295179.66,162698.2
295179.66,169839.05
746416.1,1.0304199e+06
746416.1,1.02950156e+06
746416.1,1.03876356e+06
746416.1,1.03106525e+06
746416.1,1.0308566e+06
746416.1,1.0118503e+06
746416.1,1.0141943e+06
746416.1,1.046482e+06
473537.97,683982.75
473537.97,702121.75
441035.97,593770.5
441035.97,621169.75
224624.31,246693.36
224624.31,247488.23
224624.31,235771.2
520900.4,526507.2
520900.4,508435.6
443157.06,637655.1
443157.06,653514.3
376481.56,385496.0
376481.56,382781.12
376481.56,386473.16
376481.56,420754.44
376481.56,377965.9
376481.56,394005.7
318390.0,167034.8
318390.0,177536.39
196782.47,261325.45
196782.47,260141.83
196782.47,264296.7
632228.8,966699.94
632228.8,957815.25
632228.8,956413.9
632228.8,960233.9
632228.8,958165.8
632228.8,958361.2
632228.8,961044.94
632228.8,950664.44
398022.9,273101.5
398022.9,268836.6
398022.9,261615.98
291568.75,155880.08
291568.75,141509.83
442468.62,269598.9
442468.62,255625.92
485522.75,587541.94
485522.75,623113.6
577778.94,722366.44
577778.94,695640.8
413110.28,409878.84
413110.28,393769.4
572926.3,785488.6
572926.3,795525.5
572926.3,814576.0
572926.3,782232.94
572926.3,795741.8
930860.0,1.0527359e+06
930860.0,1.0488964e+06
930860.0,1.0498784e+06
930860.0,1.052402e+06
930860.0,1.0519511e+06
930860.0,1.0585958e+06
930860.0,1.0178453e+06
808263.2,1.00614244e+06
808263.2,1.0231592e+06
617061.25,818737.7
617061.25,834748.2
740894.3,997173.3
740894.3,1.0183952e+06
418731.1,460607.62
602258.56,817464.94
602258.56,842960.44
427591.66,487844.72
427591.66,470264.12
576337.06,749186.0
576337.06,752476.0
576337.06,726876.2
200612.64,113220.7
200612.64,118112.58
826837.0,1.0137952e+06
826837.0,1.0098463e+06
826837.0,1.0148122e+06
826837.0,1.01928825e+06
826837.0,1.00917706e+06
826837.0,1.00777156e+06
826837.0,990125.0
560172.7,744291.56
560172.7,743011.6
306793.06,164866.23
306793.06,184297.83
369293.0,228379.36
369293.0,240420.98
928493.9,1.0920336e+06
928493.9,1.0975285e+06
928493.9,1.0882445e+06
928493.9,1.096664e+06
928493.9,1.0902931e+06
928493.9,1.0964884e+06
928493.9,1.0896092e+06
200004.27,228270.8
200004.27,213807.58
1.1327759e+06,1.1098452e+06
1.1327759e+06,1.0905121e+06
667313.75,946664.2
667313.75,989059.75
761834.75,1.0455356e+06
761834.75,1.0472538e+06
761834.75,1.04484594e+06
761834.75,1.04766456e+06
761834.75,1.0405199e+06
761834.75,1.04840156e+06
761834.75,1.0140589e+06
761834.75,1.0173896e+06
761834.75,1.01995525e+06
761834.75,1.0151051e+06
761834.75,1.0672202e+06
691430.8,856801.4
691430.8,857800.75
691430.8,858947.2
691430.8,855481.0
691430.8,846172.6
691430.8,853244.0
691430.8,863246.9
738505.25,634132.4
738505.25,664038.3
487948.9,665462.6
487948.9,659334.44
487948.9,681483.9
487948.9,640441.0
870804.3,1.0218985e+06
870804.3,983052.7
870804.3,1.0158368e+06
870804.3,1.02118825e+06
870804.3,980632.3
870804.3,1.0230352e+06
377941.47,219263.98
377941.47,225001.58
257601.72,152334.58
334813.44,341473.06
334813.44,335895.4
757802.5,997635.44
757802.5,1.00732106e+06
2.753735e+06,1.6949681e+06
2.753735e+06,1.6979476e+06
2.753735e+06,1.6940578e+06
896571.8,1.1033416e+06
896571.8,1.1075396e+06
896571.8,1.1066059e+06
896571.8,1.110657e+06
896571.8,1.111742e+06
896571.8,1.1051586e+06
896571.8,1.10672e+06
896571.8,1.1066796e+06
896571.8,1.0854821e+06
896571.8,1.0825778e+06
896571.8,1.0848262e+06
896571.8,1.0846862e+06
896571.8,1.0861688e+06
896571.8,1.1173772e+06
679854.5,772822.6
679854.5,807036.4
575317.4,767772.8
575317.4,786035.75
575317.4,760038.94
575317.4,799517.3
616879.6,552837.5
616879.6,543376.8
616879.6,542928.44
616879.6,529566.44
630148.0,893401.9
630148.0,913264.1
630148.0,900766.75
630148.0,885001.56
630148.0,883454.1
630148.0,862265.3
457930.84,584121.94
457930.84,612035.8
277408.38,158489.89
277408.38,139322.27
809891.56,969604.9
809891.56,957570.8
809891.56,990057.2
809891.56,972517.5
809891.56,936704.9
544720.5,753965.3
544720.5,769510.7
544720.5,771310.56
544720.5,750753.3
544720.5,713053.25
887481.0,1.1068609e+06
887481.0,1.0962818e+06
887481.0,1.0970442e+06
887481.0,1.1056911e+06
887481.0,1.099601e+06
887481.0,1.095193e+06
887481.0,1.0715894e+06
887481.0,1.075492e+06
887481.0,1.0700146e+06
887481.0,1.0671894e+06
887481.0,1.0768665e+06
583340.3,831857.9
583340.3,831902.56
387306.3,344039.2
387306.3,343393.2
490187.72,479468.25
490187.72,506319.12
490187.72,481597.9
766756.94,884952.6
766756.94,870381.56
333286.8,235719.8
333286.8,220855.11
573549.9,734621.4
573549.9,746476.56
704083.1,820628.2
704083.1,805105.9
704083.1,815605.06
704083.1,809638.4
704083.1,804827.5
317551.12,308015.56
317551.12,300796.16
761379.56,1.0201739e+06
761379.56,1.0571305e+06
761379.56,1.0368324e+06
540606.5,693448.06
540606.5,681633.9
416185.4,557848.6
416185.4,546992.4
416185.4,562195.06
416185.4,535029.8
416185.4,534601.06
416185.4,561996.0
440625.75,581237.25
440625.75,599120.25
393442.88,376205.25
393442.88,375128.2
733549.44,891033.5
733549.44,904907.94
733549.44,866080.75
752007.4,745369.5
752007.4,760338.6
752007.4,753094.06
199927.52,110658.08
199927.52,123915.766
829130.75,940944.9
829130.75,952259.75
829130.75,963430.7
829130.75,950635.94
829130.75,985039.25
829130.75,985298.1
829130.75,1.0015098e+06
566930.06,924958.8
566930.06,951768.25
686837.75,853055.3
686837.75,851674.2
686837.75,856212.0
686837.75,834531.25
686837.75,793085.1
686837.75,799533.56
792269.25,1.0713086e+06
792269.25,1.0662638e+06
792269.25,1.0701602e+06
792269.25,1.0723938e+06
792269.25,1.0710586e+06
792269.25,1.076068e+06
792269.25,1.0858266e+06
792269.25,1.0514822e+06
792269.25,1.04156356e+06
792269.25,1.04139744e+06
792269.25,1.04206656e+06
792269.25,1.0414665e+06
317038.75,197679.48
317038.75,198978.42
317038.75,198394.14
884331.94,1.0879131e+06
884331.94,1.0875295e+06
884331.94,1.0838758e+06
884331.94,1.0835409e+06
884331.94,1.0845872e+06
884331.94,1.0809592e+06
884331.94,1.0879054e+06
884331.94,1.085533e+06
603929.4,793124.3
603929.4,781885.5
603929.4,784231.9
603929.4,773178.44
809497.1,1.0722201e+06
809497.1,1.0679615e+06
809497.1,1.0451249e+06
809497.1,1.0497052e+06
809497.1,1.055624e+06
809497.1,1.0517932e+06
809497.1,1.0516004e+06
809497.1,1.0777746e+06
797261.25,870677.9
797261.25,927015.2
551990.25,754592.6
551990.25,751419.25
551990.25,749285.7
551990.25,738062.1
551990.25,738453.3
551990.25,756570.75
370337.6,513194.6
370337.6,536783.6
548411.9,569732.9
548411.9,574722.44
548411.9,574991.75
548411.9,555990.0
548411.9,573573.9
548411.9,536507.9
1.3028688e+06,1.219086e+06
1.3028688e+06,1.2103595e+06
1.3028688e+06,1.2094622e+06
1.3028688e+06,1.210273e+06
1.3028688e+06,1.2102614e+06
1.3028688e+06,1.2145862e+06
1.3028688e+06,1.2144215e+06
1.3028688e+06,1.210156e+06
1.3028688e+06,1.2143892e+06
1.3028688e+06,1.2336642e+06
786980.1,1.0411665e+06
786980.1,1.0486922e+06
786980.1,1.0484886e+06
786980.1,1.0653858e+06
786980.1,1.0413626e+06
786980.1,1.0320995e+06
786980.1,1.03406206e+06
786980.1,1.051273e+06
820433.8,1.0338213e+06
820433.8,1.0535819e+06
557528.3,781266.5
557528.3,778424.2
557528.3,761585.25
557177.3,936491.94
557177.3,917590.8
671854.7,1.03308894e+06
671854.7,1.02494825e+06
671854.7,1.0188362e+06
671854.7,1.03714206e+06
671854.7,1.0142362e+06
671854.7,1.001126e+06
671854.7,994853.4
1.1352756e+06,1.0081587e+06
1.1352756e+06,1.0511435e+06
632560.9,645535.25
632560.9,630484.06
632560.9,619158.3
632560.9,589284.8
632560.9,637980.5
582344.6,1.01430125e+06
582344.6,1.01541825e+06
582344.6,1.00816925e+06
582344.6,1.00897106e+06
582344.6,981733.25
582344.6,970573.9
582344.6,972478.9
582344.6,1.0330112e+06
592294.6,746387.6
592294.6,739670.0
2.8561372e+06,1.7063899e+06
2.8561372e+06,1.7067132e+06
2.8561372e+06,1.7056265e+06
911689.75,1.03611625e+06
911689.75,1.0471467e+06
911689.75,1.030678e+06
911689.75,1.0367023e+06
911689.75,1.0134941e+06
911689.75,1.02096175e+06
911689.75,1.0030785e+06
343684.66,237450.89
662716.56,883523.1
662716.56,873330.0
638489.2,966437.8
638489.2,976154.9
638489.2,973169.06
638489.2,966330.25
638489.2,975530.5
638489.2,973129.75
638489.2,965973.06
638489.2,971573.56
638489.2,948938.1
638489.2,946167.6
638489.2,953300.9
638489.2,946538.25
638489.2,947649.06
638489.2,961746.3
445881.25,536266.3
445881.25,529534.7
425123.84,381017.94
425123.84,391700.75
425123.84,374072.0
583967.0,910919.5
583967.0,950785.2
496211.22,641395.6
496211.22,645216.75
832426.06,1.0752839e+06
832426.06,1.060513e+06
832426.06,1.0756292e+06
832426.06,1.0739405e+06
832426.06,1.0591949e+06
832426.06,1.0834816e+06
832426.06,1.067649e+06
832426.06,1.0743961e+06
644705.94,812187.3
644705.94,826289.7
549106.44,837832.4
549106.44,814393.0
245469.53,145605.86
245469.53,162651.14
712845.9,821143.56
712845.9,816216.8
712845.9,822865.44
712845.9,826964.1
712845.9,774003.9
712845.9,777840.2
712845.9,780137.3
555054.2,508102.53
555054.2,520542.0
555054.2,494222.97
217117.03,245678.2
217117.03,249483.11
217117.03,242679.17
217117.03,245829.67
242429.17,132302.64
242429.17,136992.39
242429.17,135222.89
509976.72,633919.0
509976.72,606940.3
509976.72,604779.06
509976.72,632238.0
900886.2,1.0656032e+06
586714.44,793087.3
586714.44,824168.25
709828.0,737177.2
709828.0,750879.1
709828.0,740336.56
709828.0,717463.3
709828.0,714283.9
803363.1,900335.94
803363.1,923153.9
589960.6,737976.7
589960.6,744583.9
589960.6,747108.25
589960.6,759118.4
560811.0,956821.44
560811.0,922738.56
894342.5,856464.1
894342.5,852937.25
683288.4,958819.0
683288.4,984950.7
683288.4,987404.6
1.2958544e+06,1.17495e+06
1.2958544e+06,1.1974326e+06
780127.4,764982.75
780127.4,778526.5
463911.56,556200.3
463911.56,549075.7
463911.56,551755.1
526034.3,717459.94
526034.3,711400.06
787546.94,1.0220401e+06
787546.94,1.02823756e+06
787546.94,1.01363744e+06
801938.6,928272.7
801938.6,972517.94
255811.78,155562.83
255811.78,156966.7
255811.78,144136.77
805060.3,1.0611291e+06
805060.3,1.062284e+06
805060.3,1.0592036e+06
805060.3,1.0577454e+06
805060.3,1.0635759e+06
805060.3,1.0551792e+06
805060.3,1.0387851e+06
805060.3,1.0353045e+06
805060.3,1.0338885e+06
805060.3,1.04109506e+06
805060.3,1.03792944e+06
625036.0,813436.4
625036.0,834348.44
664299.3,886324.7
502172.12,492783.75
502172.12,496352.9
689913.75,972099.6
689913.75,969757.75
689913.75,971101.9
689913.75,968970.1
689913.75,969531.25
689913.75,963374.8
689913.75,970548.3
689913.75,940331.4
689913.75,942319.75
689913.75,941020.4
689913.75,943419.75
689913.75,943136.0
689913.75,973333.8
417955.12,428256.1
417955.12,394168.06
351333.53,222678.23
351333.53,217643.23
533767.56,749716.75
533767.56,764464.94
743941.75,1.0618401e+06
674325.1,840527.94
674325.1,792380.06
211647.84,115036.516
211647.84,129058.64
411844.16,248899.98
411844.16,239683.14
771412.8,1.0459211e+06
617352.6,699523.9
617352.6,732947.2
322007.56,219236.98
322007.56,219243.48
322007.56,216319.55
481862.1,614325.9
481862.1,623495.1
481862.1,615056.75
637721.94,984991.0
637721.94,964156.94
689661.1,698989.44
689661.1,701362.56
689661.1,692562.56
329440.88,291239.56
329440.88,295290.16
329440.88,285117.06
641342.25,746560.1
641342.25,820927.0
853214.5,984452.44
853214.5,944359.56
298935.28,170338.89
268751.66,301265.8
268751.66,292944.6
1.1661749e+06,1.1240745e+06
1.1661749e+06,1.1158402e+06
980990.2,1.129887e+06
494521.38,540894.0
502442.25,615986.44
502442.25,633968.94
406687.4,556362.56
406687.4,560804.4
406687.4,555945.5
406687.4,537179.1
1.2485591e+06,1.1200632e+06
1.2485591e+06,1.1537812e+06
643068.1,1.0180115e+06
643068.1,1.0212875e+06
643068.1,1.0258483e+06
643068.1,1.0203736e+06
643068.1,1.0159246e+06
643068.1,987326.5
643068.1,1.007672e+06
643068.1,1.0155315e+06
237933.97,331116.6
237933.97,311406.94
556072.75,538189.0
556072.75,540043.8
1.2416252e+06,1.1298469e+06
1.2416252e+06,1.1401028e+06
530990.8,744025.25
530990.8,754442.8
268408.84,226822.67
268408.84,239416.17
453531.6,446793.7
453531.6,466756.0
571384.25,955498.2
571384.25,952173.25
571384.25,955396.8
571384.25,951832.1
571384.25,953069.94
571384.25,952081.2
571384.25,940116.4
586082.5,903869.1
586082.5,921827.4
837561.0,881963.8
837561.0,962830.44
726230.56,1.01645206e+06
726230.56,1.00880006e+06
726230.56,1.01521656e+06
726230.56,1.010843e+06
726230.56,1.01626794e+06
726230.56,1.0038893e+06
726230.56,995177.06
726230.56,1.026964e+06
649275.56,874380.2
649275.56,878445.56
649275.56,871773.1
649275.56,854103.7
649275.56,851787.0
382935.5,537614.94
382935.5,543420.0
601925.8,643018.4
601925.8,633158.25
601925.8,627624.3
601925.8,617805.6
613201.8,738320.4
613201.8,718019.7
503557.22,402223.1
503557.22,423280.56
1.2455178e+06,1.088631e+06
1.2455178e+06,1.1373494e+06
2.2092502e+06,1.6309671e+06
2.2092502e+06,1.628563e+06
304445.94,329359.56
304445.94,342376.25
304445.94,314567.38
561902.1,636286.5
561902.1,654553.8
321616.38,180972.14
321616.38,163762.7
210699.84,112611.7
210699.84,117147.45
210699.84,108763.516
194802.45,212883.45
194802.45,202683.42
579409.4,840345.8
579409.4,846497.0
579409.4,836440.7
579409.4,825076.06
602165.94,841029.3
602165.94,819739.9
876850.5,994409.3
876850.5,1.0044294e+06
2.6753502e+06,1.6776422e+06
2.6753502e+06,1.6804068e+06
423343.03,447245.16
615747.25,947448.94
615747.25,945372.44
406976.78,402108.34
406976.78,402691.84
406976.78,408960.75
406976.78,416103.22
663220.5,1.02189394e+06
663220.5,1.02434644e+06
663220.5,1.0267701e+06
663220.5,1.0194686e+06
663220.5,1.04703294e+06
663220.5,1.0138232e+06
663220.5,1.0152978e+06
663220.5,1.00325275e+06
774757.9,1.032826e+06
774757.9,1.0378125e+06
774757.9,1.03265575e+06
774757.9,1.0371995e+06
774757.9,1.0390954e+06
774757.9,1.0336652e+06
774757.9,1.03180375e+06
774757.9,1.0617821e+06
731886.44,769484.56
731886.44,756586.2
731886.44,764150.7
731886.44,732506.8
731886.44,732216.7
731886.44,737468.2
299516.12,201758.92
299516.12,200466.8
206192.97,130913.89
301515.25,197103.64
301515.25,199458.39
301515.25,204233.3
496266.34,566755.9
496266.34,536428.4
496266.34,550314.75
496266.34,545636.4
496266.34,543271.06
496266.34,540655.6
353685.6,307412.1
353685.6,295704.8
567878.25,958713.9
567878.25,956584.3
567878.25,957267.2
567878.25,953435.2
567878.25,958430.9
567878.25,957203.25
567878.25,960431.3
567878.25,960684.0
684415.75,965665.06
684415.75,965356.06
684415.75,967265.0
684415.75,965140.6
684415.75,966731.3
684415.75,979476.8
684415.75,972446.75
684415.75,965356.06
684415.75,962552.4
684415.75,942855.8
684415.75,946988.56
684415.75,962662.6
684415.75,948347.7
329896.22,319120.1
329896.22,319779.75
329896.22,301291.4
848049.3,1.03874644e+06
848049.3,1.0647452e+06
583740.06,840816.5
583740.06,803076.4
768274.25,840795.6
768274.25,896210.9
573121.75,662917.44
573121.75,664622.44
284432.06,162056.05
284432.06,162056.05
284432.06,167382.05
284432.06,153897.02
541933.6,667531.94
541933.6,673285.3
541933.6,650465.25
477728.72,469877.75
477728.72,459897.03
477728.72,445571.72
230833.75,235871.86
355020.53,497097.6
355020.53,492524.1
210043.77,235832.33
210043.77,238844.83
441258.44,570685.9
441258.44,590874.9
441258.44,569582.06
600155.56,1.0158015e+06
600155.56,1.0020153e+06
600155.56,1.03176906e+06
600155.56,1.0113547e+06
600155.56,1.01498256e+06
600155.56,974853.75
600155.56,999709.6
600155.56,997541.3
600155.56,976786.2
1.3055116e+06,1.2195971e+06
1.3055116e+06,1.2333858e+06
1.3055116e+06,1.218491e+06
352282.44,349007.06
352282.44,335158.44
657823.06,804687.7
657823.06,818241.5
657823.06,805405.9
657823.06,810573.5
657823.06,803725.1
677207.6,1.017197e+06
677207.6,1.034142e+06
677207.6,1.01581775e+06
677207.6,1.0072762e+06
677207.6,1.0191322e+06
677207.6,1.0080597e+06
165415.55,195749.02
165415.55,186687.8
467832.25,528715.0
467832.25,512558.94
615486.4,801381.56
615486.4,836020.2
532880.44,594958.6
532880.44,588622.8
247745.03,252141.42
247745.03,261902.48
225020.11,125527.266
225020.11,124666.58
344050.78,364862.53
376499.53,228192.45
376499.53,204864.48
390585.97,387576.03
390585.97,391087.94
390585.97,390834.56
739559.44,1.0389911e+06
739559.44,1.0273737e+06
739559.44,1.0231254e+06
739559.44,1.03903875e+06
739559.44,1.0288554e+06
739559.44,1.0175142e+06
739559.44,1.0656364e+06
588854.3,936050.2
588854.3,965274.25
1.2349619e+06,1.1965178e+06
1.2349619e+06,1.1835708e+06
566051.2,804757.2
566051.2,803630.44
566051.2,813128.94
566051.2,815563.94
156890.98,97080.08
156890.98,99526.766
429737.28,430384.97
429737.28,427233.72
429737.28,418989.84
616271.94,1.0249618e+06
616271.94,987385.5
616271.94,985900.06
616271.94,991860.9
616271.94,990775.5
616271.94,975227.56
616271.94,969185.0
616271.94,976251.9
235577.7,186953.17
235577.7,198608.08
575725.94,717529.3
575725.94,732038.0
543547.7,778023.94
543547.7,779873.8
543547.7,766347.6
543547.7,766347.6
543547.7,736773.8
2.4349565e+06,1.6433024e+06
2.4349565e+06,1.6430702e+06
2.4349565e+06,1.6460251e+06
2.4349565e+06,1.6433024e+06
2.4349565e+06,1.644179e+06
2.4349565e+06,1.6402278e+06
2.4349565e+06,1.6476728e+06
2.4349565e+06,1.643251e+06
2.4349565e+06,1.6430374e+06
2.4349565e+06,1.6432251e+06
2.4349565e+06,1.6403658e+06
2.4349565e+06,1.6402724e+06
2.4349565e+06,1.6436055e+06
2.4349565e+06,1.6402615e+06
2.4349565e+06,1.6484691e+06
2.4349565e+06,1.6418138e+06
2.4349565e+06,1.6471664e+06
319272.38,220716.36
319272.38,205515.89
664498.44,800401.25
664498.44,795887.5
664498.44,804409.4
664498.44,759642.6
664498.44,765343.5
691504.75,800822.1
691504.75,854218.3
516162.16,718267.8
516162.16,730291.44
557099.9,551081.44
557099.9,527939.44
833601.44,1.082394e+06
833601.44,1.0982959e+06
833601.44,1.0836108e+06
833601.44,1.0929948e+06
833601.44,1.0780796e+06
833601.44,1.0782042e+06
833601.44,1.0534971e+06
833601.44,1.0574136e+06
833601.44,1.0542532e+06
226825.06,295004.9
226825.06,301648.56
226825.06,294147.84
209629.39,126100.33
209629.39,122487.39
209629.39,114565.08
343277.44,229239.23
343277.44,218752.39
343277.44,208742.02
855777.0,913607.7
985984.2,1.1193885e+06
985984.2,1.1172636e+06
985984.2,1.1122896e+06
985984.2,1.1247056e+06
985984.2,1.1127319e+06
985984.2,1.1183102e+06
985984.2,1.1208278e+06
985984.2,1.116292e+06
985984.2,1.124993e+06
985984.2,1.112136e+06
774805.4,920260.75
774805.4,955694.4
774805.4,892379.6
485018.56,643214.0
485018.56,641014.94
485018.56,644692.75
648077.94,993614.06
648077.94,1.0261933e+06
648077.94,995353.56
576753.56,906302.6
576753.56,947318.06
125322.8,74235.39
125322.8,78339.2
125322.8,69724.45
532631.4,933811.75
532631.4,939314.7
504331.8,682362.44
618419.56,972335.56
456929.56,547494.75
456929.56,552563.44
718006.3,941390.1
718006.3,935988.8
718006.3,949019.3
718006.3,946004.9
718006.3,919813.5
506454.53,719396.3
506454.53,719406.5
837493.94,826120.06
837493.94,795813.44
837493.94,804281.8
837493.94,805140.94
837493.94,825641.75
669526.2,1.0343981e+06
669526.2,1.02332244e+06
669526.2,1.00455744e+06
669526.2,1.01410375e+06
669526.2,1.013941e+06
669526.2,1.0099716e+06
588613.75,972333.6
588613.75,964993.25
2.7338125e+06,1.6990842e+06
2.7338125e+06,1.7003304e+06
492967.34,541803.94
492967.34,559605.5
522366.34,569293.94
522366.34,566523.75
148008.58,87120.33
148008.58,84381.83
378665.1,364565.12
378665.1,361229.72
296201.84,199447.2
296201.84,204442.92
321984.94,205119.95
321984.94,207946.92
321984.94,209231.86
610886.2,643310.44
316472.97,309464.62
316472.97,309543.94
715172.0,1.01795456e+06
715172.0,1.00446556e+06
715172.0,1.0122829e+06
715172.0,1.01080544e+06
715172.0,1.0145004e+06
715172.0,1.0127324e+06
715172.0,1.0662022e+06
698158.1,1.0531785e+06
698158.1,1.0528541e+06
698158.1,1.0337048e+06
698158.1,1.0241582e+06
698158.1,1.0337038e+06
698158.1,1.0104361e+06
698158.1,994275.75
698158.1,992828.8
698158.1,1.03676906e+06
392946.9,578283.5
392946.9,573658.94
392946.9,567634.25
392946.9,572262.06
430551.8,642275.44
430551.8,620647.8
2.3736808e+06,1.6588995e+06
2.3736808e+06,1.6673542e+06
558329.9,966019.8
558329.9,970311.6
2.2524812e+06,1.6216831e+06
2.2524812e+06,1.6262421e+06
274635.34,212096.83
274635.34,217559.89
394103.34,544202.56
394103.34,553416.06
470862.38,645506.56
470862.38,634849.0
470862.38,645771.3
470862.38,653827.9
470862.38,624813.6
472785.53,476793.47
472785.53,465907.88
608613.0,829022.2
608613.0,821114.9
729280.8,853763.44
729280.8,866758.3
729280.8,857053.06
729280.8,828489.94
729280.8,827261.7
729280.8,908064.4
331414.97,297588.84
331414.97,280036.7
388726.38,372115.5
388726.38,377573.8
388726.38,375105.28
388726.38,366044.62
388726.38,362979.0
908666.94,1.0586762e+06
518160.8,913514.8
518160.8,854027.2
534543.6,669244.7
534543.6,697307.7
835622.75,923905.75
835622.75,954846.25
245977.72,332552.7
245977.72,335479.97
369525.12,503247.4
369525.12,529118.4
289418.22,158859.8
289418.22,169118.48
552498.56,715530.5
552498.56,716665.5
552498.56,703931.3
649980.3,927622.44
649980.3,952902.3
649980.3,924676.75
649980.3,937801.94
649980.3,922456.4
649980.3,921887.3
649980.3,918349.5
649980.3,934859.7
567006.8,825296.25
659497.75,792371.5
659497.75,790158.0
659497.75,770328.25
659497.75,793375.6
894039.5,1.0734188e+06
894039.5,1.0775271e+06
894039.5,1.0711801e+06
496641.47,544031.2
496641.47,533850.4
621800.56,975012.56
285984.6,164041.17
285984.6,165623.33
285984.6,164002.08
285984.6,153901.08
617157.1,939352.25
617157.1,938533.9
617157.1,921297.2
511919.56,698648.75
511919.56,696024.94
511919.56,699204.9
385291.97,417890.56
385291.97,418274.7
385291.97,431906.28
385291.97,417518.4
353320.78,231569.73
353320.78,225872.55
353320.78,213000.17
355154.5,507843.72
355154.5,521263.6
666441.3,815751.4
666441.3,800728.0
666441.3,810061.06
666441.3,798797.3
666441.3,790350.3
666441.3,805583.9
387306.84,536812.9
387306.84,537878.25
387306.84,533350.06
387306.84,522628.34
387306.84,520674.06
387306.84,541155.44
247116.23,137687.52
247116.23,128962.89
638227.4,673932.75
638227.4,667765.5
638227.4,668951.5
638227.4,659577.9
737229.3,879682.75
737229.3,866429.4
737229.3,869960.8
737229.3,874985.06
737229.3,833541.75
737229.3,833636.56
737229.3,870047.1
461867.8,452988.44
461867.8,458908.5
461867.8,458602.94
461867.8,457986.44
461867.8,459363.66
461867.8,439537.44
461867.8,455279.03
461867.8,445562.56
461867.8,497002.38
344745.8,377544.12
344745.8,382775.25
276685.9,285073.75
276685.9,301343.0
540766.3,615536.5
540766.3,613999.44
540766.3,613660.5
540766.3,621788.2
540766.3,617758.3
503166.5,668484.75
503166.5,660404.75
503166.5,661133.2
503166.5,649312.6
568899.7,685777.06
568899.7,668282.94
568899.7,686560.06
568899.7,655800.25
1.1544114e+06,1.1389271e+06
1.1544114e+06,1.1623176e+06
814787.8,1.0307511e+06
814787.8,1.0560925e+06
814787.8,1.02892756e+06
1.3120596e+06,1.1699904e+06
1.3120596e+06,1.143412e+06
538823.75,930996.94
538823.75,968666.1
748740.2,1.0411419e+06
748740.2,1.0578422e+06
748740.2,1.0651948e+06
748740.2,1.0509411e+06
748740.2,1.0658419e+06
748740.2,1.0493158e+06
748740.2,1.049829e+06
255627.05,148666.83
255627.05,149213.11
255627.05,145958.95
547376.3,933542.2
547376.3,904311.4
2.5224932e+06,1.6615911e+06
2.5224932e+06,1.6608931e+06
452805.1,616551.2
452805.1,602246.1
641998.7,977232.75
641998.7,1.0085523e+06
1.246396e+06,1.1687808e+06
1.246396e+06,1.1526936e+06
828385.0,909923.4
828385.0,953046.3
453774.72,479870.12
453774.72,468267.3
540910.9,995991.3
540910.9,996878.7
540910.9,1.00387225e+06
540910.9,1.0041029e+06
540910.9,996058.3
540910.9,997864.0
540910.9,1.0011498e+06
540910.9,984445.1
257576.64,137348.64
257576.64,129931.08
1.3742689e+06,1.2784794e+06
1.3742689e+06,1.2593231e+06
1.3742689e+06,1.2576389e+06
1.3742689e+06,1.2639078e+06
1.3742689e+06,1.2604899e+06
1.3742689e+06,1.2658992e+06
1.3742689e+06,1.2604856e+06
1.3742689e+06,1.259157e+06
1.3742689e+06,1.2360951e+06
1.3742689e+06,1.2424371e+06
1.3742689e+06,1.241275e+06
1.3742689e+06,1.2375905e+06
1.3742689e+06,1.2502968e+06
1.3742689e+06,1.2375138e+06
1.3742689e+06,1.238983e+06
200491.77,218142.73
200491.77,231587.55
475326.34,572751.44
475326.34,571863.2
475326.34,563651.6
354872.94,230543.83
354872.94,230600.58
354872.94,232207.73
354872.94,238008.33
660503.8,956753.44
660503.8,960526.75
296130.12,169089.67
296130.12,166962.8
365894.66,329049.9
365894.66,335294.16
207855.72,126368.516
207855.72,124036.39
207855.72,131958.45
512711.8,604411.1
512711.8,619469.06
462124.47,536499.44
462124.47,533302.1
690934.5,940873.44
690934.5,956496.0
719499.94,1.02602356e+06
719499.94,1.03852356e+06
719499.94,1.0389255e+06
719499.94,1.0238752e+06
719499.94,1.0241688e+06
719499.94,1.0543225e+06
719499.94,994550.94
719499.94,996919.4
719499.94,1.01692044e+06
719499.94,1.0458652e+06
557398.44,733991.06
557398.44,730076.25
557398.44,764440.8
557398.44,740279.8
649179.2,807661.2
649179.2,787643.7
649179.2,792731.44
649179.2,783220.8
547197.9,689897.44
547197.9,678210.8
547197.9,670245.5
212774.08,116043.39
212774.08,112318.7
539837.44,919684.6
539837.44,939073.3
500684.0,702638.94
500684.0,674935.6
787898.3,1.0345559e+06
787898.3,1.041172e+06
787898.3,1.0343642e+06
787898.3,1.04357175e+06
787898.3,1.03106094e+06
787898.3,1.0299163e+06
787898.3,1.037743e+06
985254.06,959300.4
985254.06,919914.0
206953.69,139246.33
206953.69,135002.2
651160.94,1.02619306e+06
651160.94,1.02636706e+06
651160.94,1.02799525e+06
651160.94,1.03089275e+06
651160.94,1.0435803e+06
651160.94,1.0023744e+06
651160.94,1.02159275e+06
651160.94,1.0027065e+06
651160.94,1.0022092e+06
439856.34,657105.6
439856.34,652138.94
439856.34,631492.44
371655.28,512904.0
371655.28,503424.12
371655.28,510795.56
371655.28,507751.84
2.3778605e+06,1.6266234e+06
2.3778605e+06,1.6302374e+06
558334.3,671194.5
558334.3,663033.94
551506.0,939115.25
551506.0,933718.25
551506.0,890812.2
576107.1,918764.44
576107.1,999720.7
697054.1,982034.7
697054.1,984823.2
697054.1,976257.56
697054.1,970655.44
697054.1,976428.1
697054.1,942504.3
697054.1,940630.94
697054.1,943706.4
890616.7,1.0001478e+06
890616.7,1.0386329e+06
591477.4,760888.25
591477.4,768460.56
591477.4,768961.75
547462.8,784991.0
547462.8,775143.8
547462.8,770020.75
547462.8,767233.75
547462.8,779400.94
376596.88,376574.12
376596.88,371094.5
376596.88,373142.8
376596.88,383629.38
376596.88,358135.78
368324.03,516652.0
368324.03,512299.94
309723.97,189919.23
309723.97,195263.64
635732.5,965044.1
635732.5,966553.25
635732.5,955451.8
635732.5,960507.44
635732.5,954883.1
635732.5,958765.56
635732.5,958048.44
635732.5,956505.44
635732.5,964072.4
233837.39,185183.3
233837.39,175185.39
738635.3,1.0104646e+06
738635.3,1.0099507e+06
586668.9,816097.6
586668.9,796231.0
586668.9,825378.94
586668.9,799402.44
586668.9,799457.9
586668.9,856663.44
638655.4,950959.3
638655.4,987048.2
881709.44,1.03802906e+06
881709.44,1.01347394e+06
881709.44,1.02103594e+06
881709.44,1.02426e+06
881709.44,1.00998044e+06
881709.44,986237.2
881709.44,986476.1
881709.44,985046.06
881709.44,1.00565594e+06
881709.44,1.00874075e+06
582596.5,618995.2
582596.5,618226.4
582596.5,618026.06
582596.5,631632.75
312736.94,225623.33
968366.5,947889.56
968366.5,919698.1
293556.78,200209.3
293556.78,182583.42
1.296268e+06,1.164329e+06
1.296268e+06,1.1664059e+06
1.296268e+06,1.1769501e+06
1.296268e+06,1.1736156e+06
1.296268e+06,1.1670595e+06
1.296268e+06,1.1664251e+06
1.296268e+06,1.1740846e+06
1.296268e+06,1.139318e+06
1.296268e+06,1.1389112e+06
1.296268e+06,1.1350222e+06
1.296268e+06,1.1399326e+06
1.296268e+06,1.1432231e+06
1.296268e+06,1.15326e+06
544885.56,905620.5
544885.56,936932.3
403113.4,550313.6
403113.4,552740.56
634562.8,972034.4
634562.8,1.0130169e+06
634562.8,970192.75
664538.7,957371.0
664538.7,983582.4
621263.25,746961.8
621263.25,773846.2
685863.94,814812.9
685863.94,810949.44
685863.94,816523.9
685863.94,826854.1
599358.56,765761.7
599358.56,772480.3
599358.56,773944.75
599358.56,771675.75
436456.47,608801.25
436456.47,592012.1
436456.47,595201.7
436456.47,590996.9
729463.75,994662.5
729463.75,994147.06
773456.1,1.0395062e+06
773456.1,1.0308366e+06
773456.1,1.04361506e+06
773456.1,1.04187325e+06
773456.1,1.0343042e+06
773456.1,1.0348915e+06
773456.1,1.0174111e+06
773456.1,1.0261199e+06
773456.1,1.0102155e+06
773456.1,1.0692801e+06
627465.5,875869.0
627465.5,875999.6
627465.5,873666.7
627465.5,857819.9
627465.5,886016.25
269902.97,154329.67
269902.97,152917.23
269902.97,152695.36
785287.06,988944.9
785287.06,1.0254826e+06
380800.6,246685.55
380800.6,249153.92
294535.06,164132.8
294535.06,184011.05
294535.06,160035.39
1.2037811e+06,1.112107e+06
1.2037811e+06,1.1136839e+06
1.2037811e+06,1.1136896e+06
1.2037811e+06,1.1138806e+06
1.2037811e+06,1.1088879e+06
1.2037811e+06,1.1039899e+06
1.2037811e+06,1.1138806e+06
1.2037811e+06,1.0888668e+06
1.2037811e+06,1.0908952e+06
1.2037811e+06,1.0964911e+06
1.2037811e+06,1.1036262e+06
237974.19,271274.94
237974.19,274216.0
237974.19,287710.0
237974.19,266404.94
442767.53,455438.84
442767.53,461470.56
347176.62,443283.1
347176.62,443283.1
347176.62,434804.88
347176.62,433919.38
266219.12,171468.77
266219.12,146333.55
570166.2,925432.5
570166.2,954450.1
570166.2,924029.3
567465.9,768746.94
567465.9,758774.6
557486.94,750676.9
557486.94,774705.4
557486.94,754679.2
609427.5,835792.2
609427.5,823301.3
541992.3,778389.1
541992.3,775279.7
541992.3,779121.9
541992.3,763380.9
541992.3,768226.44
580085.7,667535.1
580085.7,660270.1
533006.6,614359.75
533006.6,586757.75
1.1668369e+06,1.0563978e+06
1.1668369e+06,1.1050094e+06
576813.94,828488.7
576813.94,825021.6
787318.6,815362.75
787318.6,788392.9
333895.75,228331.77
333895.75,224020.67
333895.75,214270.95
733191.75,989177.6
733191.75,977616.4
733191.75,983070.94
733191.75,973046.0
733191.75,986977.5
733191.75,992444.8
733191.75,946992.9
733191.75,956493.3
733191.75,958871.8
733191.75,946878.3
733191.75,976277.0
292854.56,311341.38
292854.56,318365.84
292854.56,299867.97
750407.75,1.0464241e+06
750407.75,1.03009606e+06
750407.75,1.0306396e+06
750407.75,1.03384225e+06
750407.75,1.0357024e+06
750407.75,1.03808525e+06
750407.75,1.0044823e+06
750407.75,1.0093454e+06
750407.75,1.019369e+06
750407.75,1.04618844e+06
395992.56,591275.06
395992.56,588966.06
395992.56,580471.25
411829.75,509253.0
574778.5,919710.2
574778.5,963324.25
441514.44,611148.75
441514.44,639330.7
771801.25,1.035264e+06
771801.25,1.0696901e+06
404992.06,525584.44
404992.06,518917.25
404992.06,530834.56
1.1761204e+06,1.1930011e+06
1.1761204e+06,1.2039295e+06
1.1761204e+06,1.1925052e+06
1.1761204e+06,1.1929868e+06
1.1761204e+06,1.1922149e+06
1.1761204e+06,1.1925052e+06
1.1761204e+06,1.193315e+06
1.1761204e+06,1.1775426e+06
419722.5,556307.1
419722.5,564428.4
419722.5,540911.3
391651.1,480726.8
391651.1,485961.7
391651.1,451073.94
505148.16,557626.06
505148.16,571625.94
559200.2,707044.5
559200.2,703673.3
559200.2,702155.9
559200.2,697241.0
530159.9,969699.56
530159.9,992750.2
530159.9,970119.1
506463.7,605903.75
506463.7,602014.75
506463.7,603473.06
506463.7,623195.7
358188.22,372367.25
358188.22,378675.4
616214.2,1.036393e+06
616214.2,985858.06
277515.88,303279.0
277515.88,307647.7
277515.88,302548.12
277515.88,301810.34
629337.9,919197.8
629337.9,905851.94
629337.9,904829.5
629337.9,916479.0
629337.9,899897.1
629337.9,899568.6
629337.9,902127.9
629337.9,881040.3
635753.8,768505.1
635753.8,767248.1
543350.6,922707.0
543350.6,913352.1
305415.25,252558.89
305415.25,251120.23
305415.25,255093.52
613543.06,851629.75
613543.06,848368.7
613543.06,819848.9
444883.06,475211.84
444883.06,483714.88
602520.8,982734.1
602520.8,977216.8
370381.78,258075.17
458931.53,639224.06
458931.53,700262.06
586718.44,787633.94
586718.44,823198.6
784111.5,898181.75
784111.5,892108.4
784111.5,890235.56
784111.5,891783.06
784111.5,900072.8
579456.75,663245.6
579456.75,670286.0
605333.2,967519.75
605333.2,962157.9
605333.2,962016.06
605333.2,961416.06
605333.2,961707.94
605333.2,968362.7
605333.2,963130.2
605333.2,966138.06
605333.2,939235.4
605333.2,938505.44
605333.2,937931.6
605333.2,953684.9
605333.2,948695.5
547528.06,695325.7
547528.06,675085.4
551170.5,969756.0
551170.5,973859.3
551170.5,970858.75
551170.5,970650.4
551170.5,969308.8
551170.5,977128.3
551170.5,971306.8
551170.5,967645.8
583666.5,836011.75
583666.5,826660.7
583666.5,832454.1
583666.5,826991.75
583666.5,828932.94
583666.5,853541.8
565248.6,680201.5
565248.6,667456.94
565248.6,661962.1
565248.6,638320.75
820271.56,1.0063906e+06
820271.56,1.003709e+06
631400.9,828283.5
631400.9,865020.9
241514.77,133713.52
241514.77,123086.33
525365.25,491477.16
525365.25,483592.62
249986.58,275143.44
249986.58,270193.78
249986.58,253304.67
321503.3,228495.92
321503.3,220796.8
321503.3,217889.33
454859.03,432070.75
454859.03,436152.25
889886.1,992492.56
889886.1,997959.44
619324.94,677432.7
619324.94,671692.3
619324.94,659342.3
619324.94,659893.3
339321.34,307082.84
339321.34,311165.8
339321.34,308697.94
339321.34,299906.1
805268.4,1.00093725e+06
141603.03,93039.14
141603.03,69160.89
894056.8,1.0926735e+06
894056.8,1.095782e+06
894056.8,1.0959222e+06
894056.8,1.1008245e+06
894056.8,1.0959489e+06
894056.8,1.0993769e+06
894056.8,1.0980375e+06
894056.8,1.0994379e+06
894056.8,1.089896e+06
604522.94,738468.4
604522.94,749097.56
604522.94,722096.9
711210.8,1.02111225e+06
711210.8,1.0153396e+06
711210.8,996512.9
711210.8,1.00227275e+06
711210.8,1.0085878e+06
711210.8,1.03387756e+06
490330.62,551684.94
490330.62,550561.9
490330.62,562943.7
490330.62,562914.44
599362.0,831980.0
541433.5,607402.8
541433.5,590218.56
773656.75,1.0290612e+06
773656.75,1.0150786e+06
773656.75,1.0226242e+06
773656.75,1.0161426e+06
773656.75,989440.44
773656.75,1.00018644e+06
773656.75,993149.06
661868.9,835716.1
661868.9,890603.75
628048.75,581616.75
628048.75,616157.56
370932.44,473961.88
370932.44,483358.3
987751.6,1.0927864e+06
987751.6,1.0831258e+06
1.1322842e+06,1.1516251e+06
1.1322842e+06,1.1631394e+06
736136.7,1.04205944e+06
923719.6,1.1018581e+06
923719.6,1.0980419e+06
923719.6,1.0981781e+06
923719.6,1.0993381e+06
923719.6,1.1041799e+06
923719.6,1.0991868e+06
923719.6,1.1042909e+06
923719.6,1.1101892e+06
348286.25,507279.22
348286.25,505239.38
209742.48,260663.95
209742.48,255916.67
225078.6,271791.0
225078.6,272256.25
420221.56,398423.88
420221.56,398460.66
175348.25,206298.27
175348.25,202670.95
660262.9,953847.06
660262.9,984244.6
520011.2,645562.94
520011.2,616850.06
956437.7,1.031333e+06
956437.7,1.0842324e+06
532028.75,576767.2
532028.75,595443.8
532028.75,588144.44
252719.23,145790.48
252719.23,152010.27
759212.94,997714.5
565509.1,720990.44
565509.1,733273.8
565509.1,715359.3
565509.1,679616.5
565509.1,675745.4
686274.7,611558.06
686274.7,620828.1
604246.9,627668.8
604246.9,651658.3
791473.2,1.0497828e+06
267010.16,152815.61
267010.16,157435.67
450993.38,448793.22
933474.25,1.113125e+06
933474.25,1.1093614e+06
933474.25,1.1169221e+06
933474.25,1.108841e+06
933474.25,1.1208972e+06
933474.25,1.112424e+06
933474.25,1.1122185e+06
933474.25,1.1153298e+06
933474.25,1.1036926e+06
158393.5,168932.45
158393.5,166737.23
195639.2,120575.7
195639.2,118552.58
195639.2,120631.516
330082.1,175938.11
914002.75,1.0190473e+06
914002.75,1.02254575e+06
914002.75,1.01019556e+06
914002.75,1.01049994e+06
914002.75,1.01005994e+06
914002.75,1.0227474e+06
914002.75,1.0268251e+06
2.5000832e+06,1.6781914e+06
2.5000832e+06,1.6863335e+06
2.5000832e+06,1.6718324e+06
514722.8,655175.94
514722.8,649738.8
514722.8,650300.4
514722.8,627817.06
514722.8,632406.7
514722.8,648520.56
562907.0,924292.3
562907.0,951449.2
234729.31,187167.14
234729.31,194146.52
1.3959135e+06,1.2668715e+06
1.3959135e+06,1.2650275e+06
1.3959135e+06,1.2652968e+06
1.3959135e+06,1.2651024e+06
1.3959135e+06,1.2668721e+06
1.3959135e+06,1.2723859e+06
1.3959135e+06,1.2723748e+06
1.3959135e+06,1.2667376e+06
1.3959135e+06,1.2780471e+06
1.3959135e+06,1.2647882e+06
1.3959135e+06,1.2478765e+06
1.3959135e+06,1.2499641e+06
1.3959135e+06,1.2448704e+06
1.3959135e+06,1.2446991e+06
1.3959135e+06,1.2448704e+06
1.3959135e+06,1.2445284e+06
1.3959135e+06,1.2478765e+06
1.3959135e+06,1.2420475e+06
1.3959135e+06,1.2899236e+06
962078.25,925869.1
962078.25,919628.0
962078.25,888091.25
557558.5,928957.0
557558.5,944484.6
557558.5,929320.1
678449.9,800649.44
678449.9,796470.0
678449.9,790463.3
678449.9,780412.3
618915.94,675225.75
335562.28,229083.3
584622.4,824165.5
584622.4,834549.1
828266.44,1.03762875e+06
828266.44,1.0408218e+06
828266.44,1.0312324e+06
828266.44,1.0391081e+06
828266.44,1.0375989e+06
828266.44,1.00897044e+06
828266.44,1.025659e+06
828266.44,1.0106788e+06
828266.44,1.0223142e+06
828266.44,1.0600149e+06
592105.9,1.0042783e+06
592105.9,954665.0
259703.27,147873.2
259703.27,145547.48
627391.9,873586.5
627391.9,874458.06
627391.9,867111.2
627391.9,863201.75
1.00446294e+06,967569.3
1.00446294e+06,967542.5
1.00446294e+06,950514.1
1.00446294e+06,986271.94
1.00446294e+06,980454.4
1.00446294e+06,943313.5
508851.1,592016.2
549265.44,770541.6
549265.44,776803.06
549265.44,774224.6
549265.44,764850.1
456080.1,618800.56
456080.1,630396.1
456080.1,616112.06
812843.75,1.0107999e+06
812843.75,1.00839056e+06
812843.75,1.0154079e+06
812843.75,1.00600794e+06
812843.75,1.00723856e+06
812843.75,1.01126375e+06
812843.75,986765.25
375924.06,374002.6
375924.06,364846.25
613315.5,1.02532525e+06
613315.5,997922.0
613315.5,1.0212131e+06
613315.5,989963.06
613315.5,969328.8
613315.5,970560.1
613315.5,1.039789e+06
848730.7,1.0391231e+06
848730.7,1.0535998e+06
556649.7,636195.2
442748.9,445370.44
442748.9,425901.1
481755.88,563503.8
692674.06,655889.4
692674.06,666977.06
693743.25,884692.75
693743.25,864708.94
693743.25,872324.44
693743.25,864516.2
693743.25,861133.56
693743.25,863188.0
555148.75,799688.6
555148.75,762768.3
395465.03,456992.53
395465.03,458655.16
395465.03,461903.84
593026.2,877320.8
593026.2,878119.8
593026.2,881837.94
593026.2,863340.6
349483.97,371777.44
349483.97,357653.56
451516.28,507601.4
702887.25,1.0587789e+06
327227.0,376726.44
327227.0,377320.53
327227.0,363011.7
467821.12,514894.8
467821.12,527841.75
467821.12,516065.3
886354.4,1.0614158e+06
886354.4,1.0617274e+06
886354.4,1.0774882e+06
886354.4,1.0594674e+06
886354.4,1.0709875e+06
886354.4,1.02950156e+06
886354.4,1.03714806e+06
886354.4,1.03455425e+06
886354.4,1.0708679e+06
653163.7,837053.06
653163.7,869029.06
313990.8,313148.44
313990.8,307631.66
736560.1,1.02880675e+06
736560.1,1.0276108e+06
736560.1,1.0492665e+06
736560.1,1.0460714e+06
736560.1,1.0450147e+06
736560.1,1.0271019e+06
736560.1,1.0498726e+06
527407.6,746524.75
527407.6,752710.7
862875.25,1.01756e+06
862875.25,968537.4
592512.56,845950.7
592512.56,866874.5
320303.94,178649.11
320303.94,192158.55
320303.94,177874.08
320303.94,184918.42
567508.06,808753.5
567508.06,829482.94
239647.75,337842.62
239647.75,330596.1
271007.03,223555.17
271007.03,225680.33
738397.8,980427.25
738397.8,988147.44
738397.8,993662.9
738397.8,983025.56
738397.8,979809.7
738397.8,983724.4
738397.8,953111.44
238039.38,127621.95
238039.38,132188.39
604182.25,905611.5
604182.25,915384.2
242166.02,134415.89
242166.02,140823.45
605233.25,710334.1
605233.25,707432.1
605233.25,708279.06
605233.25,688534.06
605233.25,683637.25
605233.25,711686.44
425742.53,570559.4
425742.53,560885.75
425742.53,570391.06
425742.53,549541.75
425742.53,553261.8
425742.53,557806.1
339696.4,400668.75
339696.4,401146.06
339696.4,392756.44
748424.8,1.0247867e+06
748424.8,1.02612744e+06
748424.8,1.02491544e+06
748424.8,1.04400494e+06
748424.8,1.0286518e+06
748424.8,1.0466932e+06
748424.8,1.0344084e+06
283484.22,195746.7
283484.22,197279.92
283484.22,200913.27
1.0038264e+06,1.1489285e+06
540642.25,676678.9
540642.25,672464.94
540642.25,662949.0
540642.25,662271.5
540642.25,677057.7
713181.25,1.02971594e+06
713181.25,1.0283308e+06
713181.25,1.0356365e+06
713181.25,1.0290993e+06
713181.25,1.02129894e+06
713181.25,1.00861125e+06
713181.25,992017.3
713181.25,1.0098937e+06
713181.25,1.0374889e+06
750190.44,1.0122868e+06
750190.44,1.01895375e+06
750190.44,1.0108268e+06
750190.44,1.0320631e+06
750190.44,1.00663925e+06
750190.44,1.0144739e+06
750190.44,1.02664175e+06
465984.28,648905.6
465984.28,654728.5
816947.56,1.00809144e+06
816947.56,1.00843775e+06
816947.56,1.013218e+06
816947.56,1.0060757e+06
816947.56,1.01054575e+06
816947.56,1.01228975e+06
816947.56,992783.6
816947.56,992861.6
816947.56,994123.4
816947.56,989938.75
733163.94,1.0297629e+06
733163.94,1.03145356e+06
733163.94,1.044545e+06
733163.94,1.0312062e+06
733163.94,1.03013156e+06
733163.94,1.03086144e+06
733163.94,1.00208406e+06
733163.94,1.0048672e+06
733163.94,1.0057815e+06
733163.94,1.0549795e+06
298514.38,378909.5
523805.47,679115.8
523805.47,689062.2
523805.47,691726.44
523805.47,683638.94
392380.53,378561.4
392380.53,374076.03
392380.53,379140.3
657399.44,983097.3
657399.44,972595.06
607172.0,960443.4
607172.0,985107.8
607172.0,972076.6
607172.0,956607.3
607172.0,938145.1
607172.0,939306.44
607172.0,979873.6
450621.25,514810.6
450621.25,530893.5
450621.25,512262.9
738420.94,837882.9
738420.94,863453.7
738420.94,842713.94
639918.7,642705.7
639918.7,643622.25
639918.7,640273.9
639918.7,621433.1
363639.16,246309.39
363639.16,249217.23
363639.16,246560.08
177170.8,215096.77
177170.8,215127.05
177170.8,218355.17
466156.53,468009.28
466156.53,464247.16
466156.53,463013.9
298104.3,259606.58
298104.3,261091.55
646761.8,923934.94
646761.8,922796.8
560728.1,596769.8
560728.1,613953.3
560728.1,594632.6
560728.1,611018.25
628362.0,964971.75
628362.0,963759.4
403766.75,419262.97
403766.75,414447.0
403766.75,439845.1
403766.75,423282.6
403766.75,416677.03
403766.75,416307.3
403766.75,408962.62
403766.75,430321.66
316566.72,429249.84
316566.72,458752.62
544990.1,754486.4
544990.1,738223.06
341086.72,325940.97
341086.72,325305.97
1.0957008e+06,1.1085581e+06
1.0957008e+06,1.152496e+06
729777.2,1.0338782e+06
729777.2,1.039555e+06
729777.2,1.0280205e+06
729777.2,1.04224575e+06
729777.2,1.0288438e+06
729777.2,1.0511668e+06
297384.8,314609.66
297384.8,305098.06
297384.8,329003.72
566918.5,719577.3
566918.5,724187.7
566918.5,703565.7
937453.5,998427.8
937453.5,997220.6
937453.5,999362.75
937453.5,1.01157075e+06
937453.5,996163.4
937453.5,981679.56
937453.5,1.03090906e+06
474308.97,444374.47
474308.97,431854.84
275571.25,149390.27
275571.25,148206.23
275571.25,146968.36
666929.9,956923.44
666929.9,985596.25
388199.03,553555.0
388199.03,562357.56
388199.03,538174.0
388199.03,553797.44
395494.3,470992.12
395494.3,470065.9
395494.3,471453.8
395494.3,469176.1
934530.94,1.0628401e+06
934530.94,1.0725752e+06
934530.94,1.0561245e+06
934530.94,1.0665966e+06
934530.94,1.0728074e+06
934530.94,1.0666952e+06
577680.6,837156.06
585571.06,1.0634038e+06
372724.62,398022.12
372724.62,388772.88
372724.62,400192.1
372724.62,388408.94
372724.62,382266.38
372724.62,383472.84
372724.62,406071.94
397515.2,336633.06
397515.2,346112.84
524059.22,674906.1
524059.22,677627.2
524059.22,678556.0
524059.22,625388.06
524059.22,663587.7
797790.25,991572.9
797790.25,1.0468623e+06
131005.914,73693.83
131005.914,68329.266
715738.1,1.00833025e+06
715738.1,1.01584606e+06
715738.1,1.00904644e+06
715738.1,1.0149215e+06
715738.1,1.01814694e+06
715738.1,989328.3
715738.1,990068.06
715738.1,1.0206338e+06
2.475614e+06,1.6777465e+06
2.475614e+06,1.6873421e+06
430103.25,582777.3
430103.25,583214.5
430103.25,584363.44
430103.25,562444.0
430103.25,573839.1
364877.44,371534.97
364877.44,366787.34
364877.44,371660.3
364877.44,369889.25
613942.4,845689.9
613942.4,843398.3
613942.4,833004.94
613942.4,841998.6
613942.4,826147.1
613942.4,822945.8
613942.4,839864.8
760700.1,988352.44
760700.1,1.0321892e+06
523535.8,869931.5
523535.8,878734.56
608372.3,964832.2
608372.3,966368.7
608372.3,969129.06
608372.3,963699.6
608372.3,963242.5
608372.3,965389.0
608372.3,963464.8
494817.88,628704.4
494817.88,643431.75
494817.88,634662.44
494817.88,615670.2
176303.53,225983.42
176303.53,227198.86
176303.53,226732.61
274416.06,206401.55
274416.06,207716.52
274416.06,209436.58
768150.3,1.0209915e+06
768150.3,1.0337209e+06
768150.3,1.03751694e+06
768150.3,1.0177016e+06
768150.3,989544.8
768150.3,994047.5
768150.3,1.03384706e+06
540662.6,756624.8
463267.7,600219.4
463267.7,631229.8
851516.7,1.0991421e+06
851516.7,1.0831391e+06
851516.7,1.083612e+06
851516.7,1.0814209e+06
851516.7,1.0836848e+06
851516.7,1.0967081e+06
851516.7,1.0654399e+06
851516.7,1.0567562e+06
851516.7,1.0586306e+06
851516.7,1.0860524e+06
557083.2,620057.1
557083.2,618900.44
516821.2,580757.4
516821.2,574893.5
516821.2,588696.1
516821.2,573759.06
696767.8,1.0175387e+06
696767.8,1.03121025e+06
696767.8,1.0283563e+06
696767.8,1.0290234e+06
696767.8,1.018939e+06
696767.8,1.01817275e+06
696767.8,992041.06
696767.8,994725.06
696767.8,990554.4
696767.8,1.0029855e+06
421660.4,424440.56
421660.4,451638.22
597162.1,544074.94
597162.1,544347.94
597162.1,538127.56
597162.1,531960.4
501194.2,547686.7
501194.2,531557.0
542291.1,666452.9
542291.1,675679.94
542291.1,668948.44
398346.44,393136.34
398346.44,385107.72
398346.44,385975.1
286365.16,202594.7
286365.16,222403.48
807775.25,1.03824344e+06
807775.25,1.0359737e+06
605500.9,939923.6
605500.9,958385.7
605500.9,938852.2
959902.5,1.1042671e+06
959902.5,1.1063741e+06
959902.5,1.1089271e+06
959902.5,1.1057225e+06
959902.5,1.1039969e+06
959902.5,1.1030614e+06
959902.5,1.1062151e+06
959902.5,1.1053455e+06
329184.8,173656.95
329184.8,186419.7
308614.25,165261.42
308614.25,171540.08
308614.25,162005.7
549348.94,682203.8
549348.94,720082.5
584583.2,728794.2
584583.2,735404.4
2.667307e+06,1.6803538e+06
2.667307e+06,1.6833516e+06
206422.98,135062.39
206422.98,119294.766
482070.3,626080.1
482070.3,614228.75
406278.3,271711.8
655965.0,977592.4
584414.75,672743.3
584414.75,688226.8
584414.75,687977.2
584414.75,680147.4
290014.6,170012.92
290014.6,168583.11
290014.6,174235.92
470445.38,514700.0
470445.38,529270.1
470445.38,538905.3
470445.38,535447.9
182667.56,218110.98
182667.56,216505.8
182667.56,219763.45
511990.6,653958.1
511990.6,649148.56
511990.6,640086.8
511990.6,655007.8
511990.6,629599.56
448678.34,591507.0
448678.34,587870.44
359856.88,480614.66
359856.88,485457.6
359856.88,486288.4
361362.44,534648.3
363412.4,228328.55
363412.4,233954.55
582057.5,531434.44
582057.5,529123.06
1.141771e+06,1.1896555e+06
1.141771e+06,1.1903759e+06
1.141771e+06,1.2001344e+06
1.141771e+06,1.1901846e+06
1.141771e+06,1.1998904e+06
1.141771e+06,1.1911729e+06
1.141771e+06,1.1891318e+06
1.141771e+06,1.1877074e+06
544621.0,743899.75
544621.0,707927.44
1.3104338e+06,1.1619445e+06
1.3104338e+06,1.1564745e+06
1.3104338e+06,1.1611556e+06
1.3104338e+06,1.157642e+06
1.3104338e+06,1.1538416e+06
1.3104338e+06,1.1572494e+06
1.3104338e+06,1.1611556e+06
1.3104338e+06,1.1376495e+06
1.3104338e+06,1.1338005e+06
1.3104338e+06,1.1406844e+06
1.3104338e+06,1.1975426e+06
276171.06,150882.67
276171.06,150436.17
276171.06,154056.89
608332.1,939610.56
608332.1,976427.5
534158.75,788006.1
534158.75,770194.56
534158.75,772347.0
640790.0,617262.06
640790.0,655315.6
592790.75,903867.1
592790.75,935214.75
686552.5,800157.9
686552.5,847543.44
573842.6,730903.44
573842.6,707661.9
779050.94,920781.8
779050.94,928188.7
779050.94,923343.25
779050.94,921000.94
779050.94,903162.7
779050.94,896202.0
779050.94,938307.0
357374.47,243287.42
357374.47,216646.89
266917.56,141884.52
266917.56,133278.45
567673.2,904593.06
567673.2,918769.1
682394.7,825136.3
682394.7,839984.9
682394.7,838982.3
556905.06,957818.2
556905.06,938269.94
556905.06,952229.8
556905.06,980425.75
556905.06,945351.3
676275.0,939648.5
224119.77,129361.33
224119.77,130177.64
363027.6,228519.11
363027.6,229910.05
363027.6,232145.98
699592.9,959474.56
699592.9,966836.5
699592.9,912161.4
334295.12,373324.2
334295.12,344444.97
334295.12,342512.7
334295.12,339967.06
334295.12,332517.94
342956.84,337814.8
342956.84,339388.38
342956.84,365849.97
342956.84,347730.34
785273.1,1.00339825e+06
785273.1,1.0074334e+06
785273.1,1.0148503e+06
785273.1,1.00625175e+06
785273.1,1.01173556e+06
785273.1,1.0065544e+06
785273.1,977263.6
785273.1,981355.9
785273.1,978774.5
785273.1,998456.3
748719.8,834740.3
748719.8,860995.0
578428.75,754975.94
578428.75,765853.75
511593.84,962065.4
511593.84,947531.7
557540.5,648684.75
557540.5,626485.5
514251.0,643940.06
514251.0,621580.94
514251.0,617296.06
509706.22,774642.56
509706.22,744737.8
1.0195698e+06,1.1071409e+06
1.0195698e+06,1.1065752e+06
1.0195698e+06,1.1065752e+06
1.0195698e+06,1.0989258e+06
1.0195698e+06,1.1044791e+06
1.0195698e+06,1.1069436e+06
1.0195698e+06,1.0776668e+06
1.0195698e+06,1.0768774e+06
1.0195698e+06,1.0792806e+06
1.0195698e+06,1.0873951e+06
1.0195698e+06,1.102162e+06
603097.75,707575.5
603097.75,747525.0
603097.75,706219.1
603097.75,743338.5
675927.6,712744.9
675927.6,723305.25
675927.6,710310.25
675927.6,684415.44
675927.6,685641.25
675927.6,686059.25
332209.22,343897.38
332209.22,341982.44
332209.22,339435.88
718031.75,1.0262585e+06
718031.75,1.02642294e+06
718031.75,1.0371803e+06
718031.75,1.0197975e+06
718031.75,1.02149025e+06
718031.75,1.030491e+06
718031.75,1.0431881e+06
280280.25,366897.0
280280.25,368033.75
280280.25,361068.3
518101.94,630562.3
518101.94,608609.44
225259.9,122869.83
225259.9,114923.83
404281.84,452049.88
404281.84,433479.47
404281.84,426590.53
637736.4,729848.0
637736.4,738241.3
494252.2,634964.3
494252.2,585918.7
937739.44,990242.5
620863.0,792234.1
620863.0,800114.25
620863.0,786193.6
620863.0,777479.56
481130.53,550807.8
664356.2,776553.56
664356.2,777781.7
664356.2,810264.7
664356.2,749310.94
664356.2,747311.2
664356.2,819424.9
864623.4,1.0440661e+06
864623.4,1.0595759e+06
864623.4,1.03809056e+06
510979.56,677670.6
510979.56,671044.8
510979.56,676680.5
510979.56,661253.9
510979.56,685423.6
615288.25,867424.9
615288.25,848234.1
615288.25,868183.5
615288.25,860996.7
615288.25,870020.9
399062.84,262856.7
399062.84,264410.66
226296.66,137858.58
226296.66,130290.33
937370.25,955456.3
937370.25,1.00771406e+06
1.2115221e+06,1.1865245e+06
1.2115221e+06,1.2017335e+06
1.2115221e+06,1.1802892e+06
586100.2,673082.0
751865.56,811330.7
751865.56,818607.94
751865.56,825662.94
751865.56,823651.1
751865.56,789476.75
751865.56,786151.2
751865.56,789926.56
269584.78,167598.64
269584.78,155239.05
269584.78,154565.55
649370.4,959106.94
649370.4,952602.6
381652.62,232150.23
381652.62,216654.33
441025.47,443693.62
441025.47,454270.94
809442.5,1.0469467e+06
1.0190462e+06,1.0788679e+06
1.0190462e+06,1.1259009e+06
605645.56,957706.3
605645.56,956867.8
605645.56,958786.94
605645.56,961992.56
605645.56,957141.3
605645.56,955451.25
605645.56,955524.1
605645.56,969634.06
656553.06,777951.9
656553.06,787111.4
465694.47,412206.03
465694.47,411891.84
465694.47,420549.06
465694.47,412699.72
645955.6,956991.3
645955.6,998826.94
746128.5,1.0212658e+06
746128.5,1.04361156e+06
746128.5,1.024271e+06
746128.5,1.01946956e+06
746128.5,1.0228072e+06
746128.5,1.0234446e+06
746128.5,1.0001415e+06
746128.5,1.0092157e+06
746128.5,1.0079236e+06
598391.3,664492.2
598391.3,706581.56
856409.1,951570.0
856409.1,994271.3
591976.2,714018.0
591976.2,713851.4
547605.44,650451.75
547605.44,645906.75
547605.44,644129.94
547605.44,661321.3
974451.6,1.124451e+06
974451.6,1.1224722e+06
974451.6,1.1284785e+06
974451.6,1.1209799e+06
974451.6,1.1201975e+06
974451.6,1.1182796e+06
974451.6,1.1231571e+06
974451.6,1.1322068e+06
974451.6,1.1011296e+06
974451.6,1.0979051e+06
974451.6,1.0982841e+06
974451.6,1.0955895e+06
974451.6,1.0998404e+06
579931.1,677560.7
579931.1,668635.6
812937.0,1.0557361e+06
812937.0,1.0192285e+06
724053.94,870444.94
724053.94,855238.9
724053.94,868243.0
724053.94,810123.25
724053.94,851047.44
514811.34,757491.4
514811.34,754839.25
514811.34,747159.06
514811.34,774534.75
661862.75,749271.94
661862.75,760678.56
505508.44,557498.8
505508.44,588103.56
612918.1,953031.0
612918.1,1.0065007e+06
778191.6,1.0457678e+06
558220.75,901222.9
558220.75,886408.06
658284.94,983211.0
658284.94,955961.94
437852.25,511949.12
437852.25,522752.38
437852.25,523162.06
437852.25,503465.78
782952.2,1.0370267e+06
782952.2,1.0571595e+06
782952.2,1.0343717e+06
2.582016e+06,1.6717619e+06
2.582016e+06,1.675208e+06
254823.31,149141.67
254823.31,138588.45
858222.9,1.00654625e+06
290875.3,237547.05
290875.3,221702.02
438544.7,586646.5
438544.7,583303.44
438544.7,588136.94
438544.7,565561.9
338585.38,208257.67
338585.38,205595.33
482206.56,563430.25
482206.56,564846.44
482206.56,557040.56
482206.56,560302.06
270394.9,153406.39
270394.9,153621.89
270394.9,150964.39
557026.6,820301.2
401436.4,360199.34
401436.4,371046.9
401436.4,388161.16
401436.4,369085.66
696770.3,847031.0
696770.3,804087.0
746041.75,1.0216848e+06
746041.75,1.0204247e+06
746041.75,1.02606556e+06
746041.75,1.02242994e+06
746041.75,1.0220711e+06
746041.75,979480.8
746041.75,996737.1
500336.16,664853.1
500336.16,686825.8
500336.16,663458.06
500336.16,698091.75
560544.3,924276.4
560544.3,944793.2
486826.1,558061.2
486826.1,576984.1
257183.16,139964.7
257183.16,138066.77
257183.16,138829.2
572536.2,633056.6
572536.2,623788.4
853859.06,901776.4
853859.06,943601.8
714038.1,1.0298868e+06
714038.1,1.04293125e+06
714038.1,1.0555471e+06
714038.1,1.0375927e+06
714038.1,1.051605e+06
714038.1,1.03354456e+06
714038.1,1.0091036e+06
714038.1,1.01321406e+06
714038.1,1.0138602e+06
714038.1,1.06534e+06
715796.2,1.049254e+06
499157.28,639576.75
499157.28,633881.7
499157.28,635249.25
499157.28,604197.5
499157.28,613880.44
745788.9,1.0407704e+06
745788.9,1.01167744e+06
531459.94,908136.5
531459.94,920828.94
188429.44,126749.516
188429.44,130596.2
188429.44,125820.33
381764.28,255919.77
381764.28,257294.23
381764.28,269099.06
344981.75,353659.5
344981.75,353796.22
344981.75,346896.56
344981.75,348475.3
344981.75,340061.72
344981.75,367062.94
469309.3,667628.3
469309.3,691264.56
287011.75,160475.98
287011.75,160272.08
287011.75,161758.05
287011.75,144488.45
1.4313122e+06,1.2605246e+06
382484.84,377269.12
382484.84,359441.3
1.311624e+06,1.1290079e+06
1.311624e+06,1.1732112e+06
622669.8,968663.75
622669.8,965163.75
622669.8,973069.75
622669.8,962516.6
622669.8,971235.56
622669.8,966235.6
622669.8,962387.06
622669.8,967450.7
622669.8,944366.56
622669.8,943712.2
622669.8,942488.5
622669.8,941367.6
638155.75,964254.1
638155.75,970772.4
638155.75,975725.4
638155.75,964539.9
638155.75,966624.56
638155.75,976284.6
638155.75,964337.94
638155.75,977893.44
638155.75,961873.8
638155.75,941262.6
638155.75,940590.3
638155.75,942764.7
638155.75,956897.0
1.3452558e+06,1.2318211e+06
1.3452558e+06,1.2321585e+06
1.3452558e+06,1.2453968e+06
1.3452558e+06,1.2322346e+06
1.3452558e+06,1.2319525e+06
1.3452558e+06,1.2269222e+06
1.3452558e+06,1.2270019e+06
1.3452558e+06,1.2320236e+06
1.3452558e+06,1.2045419e+06
1.3452558e+06,1.2091598e+06
1.3452558e+06,1.2077442e+06
1.3452558e+06,1.2083241e+06
763074.44,963181.9
763074.44,1.0084875e+06
611887.1,950404.56
611887.1,952287.1
611887.1,952287.1
611887.1,953581.6
611887.1,950124.3
611887.1,954300.44
611887.1,935226.06
358897.28,230649.64
358897.28,238863.23
358897.28,229650.92
564133.94,704019.06
564133.94,724796.7
298423.16,258392.08
298423.16,243183.08
600648.3,605793.75
600648.3,574898.2
317391.4,331177.9
317391.4,331894.84
317391.4,319618.3
633220.5,898247.75
732490.44,713452.9
732490.44,715007.3
732490.44,692161.8
428046.06,509441.06
428046.06,490193.28
425594.62,616130.56
425594.62,596887.1
425594.62,607125.75
425594.62,599319.75
425594.62,587658.3
624098.2,745016.3
624098.2,748503.75
624098.2,757425.0
624098.2,747045.9
624098.2,764470.2
517525.03,612578.94
517525.03,608184.25
482597.9,606332.25
482597.9,621747.7
543544.94,657503.3
543544.94,680520.7
1.2959492e+06,1.1694601e+06
1.2959492e+06,1.1887904e+06
1.2959492e+06,1.1600895e+06
699671.06,980044.7
699671.06,1.0014359e+06
699671.06,983469.6
441969.9,605265.44
441969.9,608868.06
783700.7,913061.1
783700.7,922244.2
783700.7,914274.25
584321.8,824004.9
584321.8,787546.3
546727.6,679849.4
546727.6,678211.8
546727.6,689830.25
546727.6,672055.6
546727.6,664976.2
546727.6,680396.9
546727.6,646999.0
546727.6,655891.25
546727.6,655022.75
546727.6,664816.4
546727.6,650966.5
593145.4,960903.0
593145.4,963492.94
593145.4,962739.0
593145.4,962685.56
593145.4,960733.25
593145.4,962771.0
593145.4,961563.06
593145.4,946869.8
545321.44,912525.2
545321.44,931560.2
176753.73,120681.266
176753.73,122870.95
176753.73,101852.64
540899.94,942924.4
540899.94,970979.3
540899.94,940245.2
732477.6,972410.25
732477.6,951870.06
527136.06,623751.7
527136.06,627839.0
527136.06,620192.9
527136.06,666650.4
549091.3,650908.25
549091.3,696397.44
674330.06,976155.94
2.3947238e+06,1.645132e+06
2.3947238e+06,1.6361558e+06
467004.1,540233.94
467004.1,540479.4
467004.1,541396.6
467004.1,549761.6
467004.1,547645.75
436494.94,634812.75
436494.94,632787.4
436494.94,615213.06
436494.94,604979.6
599482.8,812422.9
599482.8,793133.4
563122.6,575936.56
563122.6,562255.4
409582.8,560053.5
409582.8,549319.3
409582.8,538994.56
409582.8,532362.94
409582.8,560627.2
249310.75,248553.33
283624.03,403054.3
283624.03,402444.8
283624.03,410385.03
486524.22,554059.2
486524.22,541617.1
615093.75,546916.3
615093.75,580716.06
836103.94,1.0892519e+06
836103.94,1.097242e+06
836103.94,1.0865095e+06
836103.94,1.0893571e+06
836103.94,1.0865012e+06
836103.94,1.0981408e+06
836103.94,1.0618872e+06
836103.94,1.0700656e+06
836103.94,1.059582e+06
836103.94,1.0609206e+06
836103.94,1.0905345e+06
339735.7,416517.28
339735.7,417273.8
339735.7,409407.6
725548.9,848721.7
725548.9,846923.56
813591.0,1.0089728e+06
813591.0,1.0523449e+06
374475.88,352491.72
374475.88,397017.53
342387.34,546545.4
342387.34,543981.25
342387.34,557162.0
588387.1,703300.7
588387.1,713738.06
588387.1,698971.56
588387.1,688721.25
588387.1,713774.7
240617.77,224795.48
240617.77,224097.95
240617.77,203234.11
493663.34,512903.28
493663.34,512130.4
493663.34,460993.5
493663.34,489539.94
599094.4,708916.5
599094.4,681557.25
671278.75,868275.2
671278.75,863674.75
671278.75,839828.4
274231.38,295158.53
274231.38,299110.47
274231.38,289616.72
497001.47,645759.06
497001.47,656591.6
497001.47,651388.6
426992.9,598251.25
426992.9,601487.75
426992.9,586232.9
426992.9,558838.3
426992.9,589867.8
400008.0,558058.1
400008.0,548382.75
400008.0,550109.2
400008.0,523549.0
400008.0,548276.75
860338.44,1.0966012e+06
860338.44,1.0961916e+06
860338.44,1.1098601e+06
860338.44,1.095065e+06
860338.44,1.1101136e+06
860338.44,1.0949389e+06
860338.44,1.0706652e+06
860338.44,1.0647428e+06
860338.44,1.0678251e+06
860338.44,1.1064838e+06
194913.55,212421.36
194913.55,218463.02
352869.12,349277.75
352869.12,329524.78
548946.4,613640.56
548946.4,659018.7
590181.8,992325.9
590181.8,978690.94
590181.8,1.0126197e+06
590181.8,982815.94
590181.8,985581.9
590181.8,1.02333375e+06
562469.2,803001.6
2.27228e+06,1.6339136e+06
2.27228e+06,1.634319e+06
535702.44,886341.3
535702.44,851196.94
461897.3,619148.7
461897.3,637128.25
461897.3,643254.56
461897.3,625390.94
461897.3,628029.7
2.7289782e+06,1.682285e+06
2.7289782e+06,1.6830371e+06
2.7289782e+06,1.6807228e+06
558293.06,513154.3
558293.06,502180.66
292796.5,167507.73
292796.5,166017.11
292796.5,153107.89
682485.1,987648.5
682485.1,1.0313859e+06
187035.98,201542.89
187035.98,205169.52
187035.98,212505.27
638512.25,956214.5
638512.25,960997.8
217521.02,130534.516
217521.02,148288.3
623953.06,955509.7
623953.06,954379.0
623953.06,954183.2
623953.06,952660.3
623953.06,952225.6
623953.06,956849.25
623953.06,955465.75
623953.06,940611.9
422461.25,478444.78
422461.25,463873.25
422461.25,481338.03
193418.39,216353.45
193418.39,221346.58
508326.56,739241.9
508326.56,763642.1
882349.4,948350.5
882349.4,1.0035549e+06
264724.9,147197.95
264724.9,147061.11
264724.9,139948.45
607766.5,778015.06
607766.5,760176.8
607766.5,757614.75
2.5167662e+06,1.6850534e+06
2.5167662e+06,1.6866168e+06
532125.3,661979.1
532125.3,643969.56
532125.3,637899.5
555838.4,683086.94
555838.4,655596.1
314121.1,211487.83
314121.1,214608.08
314121.1,195756.52
424697.38,394613.9
424697.38,391411.62
625559.9,778464.3
625559.9,781568.7
625559.9,764671.7
625559.9,762006.4
625559.9,735879.06
207644.67,224368.77
259643.95,160959.05
259643.95,154141.58
259643.95,142056.08
405847.03,247375.42
405847.03,244067.7
1.1645044e+06,1.194765e+06
1.1645044e+06,1.1947198e+06
1.1645044e+06,1.204927e+06
1.1645044e+06,1.1926766e+06
1.1645044e+06,1.2050904e+06
1.1645044e+06,1.2057054e+06
1.1645044e+06,1.2050225e+06
1.1645044e+06,1.2035714e+06
437191.75,572897.3
437191.75,569523.9
437191.75,568391.5
437191.75,558967.75
735556.7,1.053592e+06
592792.2,933654.4
592792.2,983846.2
471308.94,639592.4
824708.8,1.0410016e+06
824708.8,1.0464807e+06
633838.94,794357.75
633838.94,792938.6
633838.94,779866.8
633838.94,760969.9
633838.94,754839.8
320463.78,459881.78
320463.78,473749.88
917455.44,923989.4
917455.44,922704.9
917455.44,904931.5
917455.44,929613.9
917455.44,944171.6
410518.62,565922.2
410518.62,568540.56
410518.62,565287.06
319699.6,328990.28
319699.6,344852.62
319699.6,352393.25
319699.6,331499.72
702959.7,1.0178733e+06
702959.7,1.02296906e+06
702959.7,1.0126289e+06
702959.7,1.0052339e+06
702959.7,1.0082795e+06
702959.7,1.01124994e+06
702959.7,1.0350092e+06
481685.4,665152.7
481685.4,694070.1
569103.9,753341.56
569103.9,750630.0
825868.8,1.0235617e+06
825868.8,1.0650049e+06
370031.34,498610.4
370031.34,500282.16
370031.34,480572.72
295492.47,320774.0
295492.47,304234.88
295492.47,303705.5
295492.47,296180.2
295492.47,294773.78
295492.47,310063.9
896158.7,981295.8
896158.7,1.0085457e+06
896158.7,998911.1
563156.06,894262.44
563156.06,920900.9
371374.78,358780.38
371374.78,358498.1
371374.78,348172.38
301818.53,200865.08
301818.53,193979.7
838485.56,1.0903145e+06
329225.12,222382.55
329225.12,222125.42
464691.44,512604.0
464691.44,496999.06
514679.62,928424.44
514679.62,928589.8
438776.5,518055.38
438776.5,511285.0
438776.5,522482.22
438776.5,527814.25
608364.9,957047.1
608364.9,1.0011038e+06
340006.78,212176.08
340006.78,221061.83
645069.75,992695.7
645069.75,997192.0
689065.8,855167.06
689065.8,848500.0
689065.8,853972.8
689065.8,856227.75
552066.44,656527.1
552066.44,666242.7
552066.44,650669.0
623261.2,778738.75
623261.2,756625.3
623261.2,763199.8
623261.2,722655.0
623261.2,769119.94
440296.94,571896.0
440296.94,566147.1
440296.94,553003.1
835766.0,941004.75
835766.0,954076.1
835766.0,947584.2
835766.0,947584.2
835766.0,943060.1
835766.0,992966.1
627862.0,871549.5
627862.0,846321.06
216740.89,127029.33
216740.89,120875.7
407826.53,417716.3
407826.53,419845.22
407826.53,420298.44
407826.53,413606.16
407826.53,403193.53
407826.53,403536.75
611552.25,961390.06
611552.25,970439.0
611552.25,957206.2
611552.25,968398.7
611552.25,965059.0
520097.3,712204.56
465903.66,613913.4
465903.66,637468.44
465903.66,631311.56
839086.9,1.0740168e+06
839086.9,1.0769369e+06
839086.9,1.0918499e+06
839086.9,1.0791628e+06
839086.9,1.0786145e+06
839086.9,1.0792096e+06
839086.9,1.0794151e+06
839086.9,1.1055916e+06
604928.9,963994.4
604928.9,962622.9
604928.9,959967.7
604928.9,963961.06
604928.9,961931.9
604928.9,964996.9
604928.9,933675.06
604928.9,935395.94
604928.9,936400.2
604928.9,938969.1
604928.9,950363.75
604928.9,966428.8
561851.2,824935.56
561851.2,776543.1
567025.25,729825.3
567025.25,734095.2
567025.25,734095.2
567025.25,708750.7
726102.44,965691.9
726102.44,983466.94
726102.44,981846.44
726102.44,969423.75
726102.44,962719.44
726102.44,937314.25
726102.44,941672.06
726102.44,945601.56
784680.5,868196.75
784680.5,906525.75
784680.5,886813.44
1.2685212e+06,1.1602141e+06
1.2685212e+06,1.1730105e+06
1.2685212e+06,1.144511e+06
457837.16,588308.2
457837.16,588703.6
457837.16,587239.3
457837.16,566019.75
457837.16,570014.1
871313.4,1.0800518e+06
871313.4,1.0741279e+06
871313.4,1.0794161e+06
871313.4,1.075652e+06
871313.4,1.090056e+06
871313.4,1.0783245e+06
871313.4,1.0801661e+06
871313.4,1.0541526e+06
871313.4,1.0493442e+06
871313.4,1.060541e+06
871313.4,1.0933738e+06
642599.56,953649.1
642599.56,998768.56
366146.28,380206.9
366146.28,372434.28
582301.3,1.0191839e+06
582301.3,1.00557e+06
582301.3,969576.75
583625.6,822281.8
583625.6,827565.3
583625.6,802277.25
991920.06,1.0466576e+06
991920.06,1.0508052e+06
991920.06,1.02011106e+06
991920.06,1.0252903e+06
991920.06,1.0338228e+06
991920.06,1.0183683e+06
991920.06,998028.06
991920.06,1.0736788e+06
414756.06,252803.48
414756.06,250705.42
729231.1,900041.9
729231.1,912333.1
729231.1,908897.06
729231.1,897853.4
729231.1,909806.5
261477.02,138073.39
261477.02,128462.39
402415.06,250914.77
402415.06,247966.95
778734.4,771623.94
778734.4,750928.9
423776.72,580099.44
423776.72,582634.44
423776.72,580310.6
423776.72,570067.5
861311.5,968172.56
861311.5,991627.56
233186.5,136389.77
233186.5,135140.08
521022.16,716078.25
521022.16,680329.6
407484.56,268459.0
407484.56,264543.38
878526.7,1.075153e+06
878526.7,1.0791696e+06
878526.7,1.0761608e+06
878526.7,1.0798554e+06
878526.7,1.0786746e+06
878526.7,1.0941269e+06
878526.7,1.0775041e+06
878526.7,1.0836415e+06
613575.0,828800.56
613575.0,836960.56
613575.0,811672.6
753227.75,915867.6
753227.75,897018.06
753227.75,906763.6
753227.75,905919.8
753227.75,916433.4
982024.9,1.1192499e+06
982024.9,1.1217662e+06
982024.9,1.1240479e+06
982024.9,1.1247511e+06
982024.9,1.1314956e+06
982024.9,1.1265348e+06
982024.9,1.1213744e+06
982024.9,1.1032748e+06
982024.9,1.1042732e+06
982024.9,1.1025702e+06
982024.9,1.1057884e+06
982024.9,1.1005354e+06
982024.9,1.1019016e+06
982024.9,1.1402508e+06
640683.56,1.01076844e+06
640683.56,1.01597206e+06
640683.56,1.0250028e+06
640683.56,1.0112885e+06
640683.56,1.0036867e+06
640683.56,1.03746156e+06
617295.2,764260.94
617295.2,769076.06
617295.2,783781.2
617295.2,753584.1
437055.22,502802.06
437055.22,486643.03
740819.75,952338.3
543893.06,905941.4
543893.06,937339.7
645334.25,754229.06
645334.25,746312.9
805436.56,1.01721875e+06
805436.56,1.0162465e+06
805436.56,1.0372289e+06
805436.56,1.0174023e+06
805436.56,1.02088425e+06
805436.56,993586.4
805436.56,1.00211875e+06
805436.56,1.0730638e+06
564962.56,693006.5
564962.56,696383.75
645070.94,871225.3
645070.94,870678.56
645070.94,864044.44
645070.94,857554.75
645070.94,885957.75
537723.6,498932.12
767099.2,1.0158523e+06
767099.2,1.024335e+06
767099.2,1.02645075e+06
767099.2,1.0244169e+06
767099.2,1.0205562e+06
767099.2,980152.75
767099.2,980634.25
767099.2,980754.9
767099.2,1.0043778e+06
596058.8,795305.6
596058.8,817075.9
596058.8,806148.3
596058.8,790690.9
596058.8,794382.9
596058.8,821963.44
492825.8,957166.3
492825.8,967152.75
578417.0,937399.1
578417.0,915023.56
599024.06,719004.0
599024.06,719683.0
599024.06,721034.94
599024.06,695799.7
599024.06,689859.94
599024.06,684663.56
1.0631625e+06,1.0376921e+06
1.0631625e+06,1.0713351e+06
634375.9,949514.3
634375.9,1.02041494e+06
755626.9,1.0284708e+06
755626.9,1.00384806e+06
418556.88,524859.06
418556.88,539629.5
563702.7,904984.3
563702.7,933339.0
527759.25,1.01319506e+06
527759.25,1.0065618e+06
527759.25,1.01360906e+06
527759.25,1.0101106e+06
527759.25,1.0066253e+06
527759.25,1.0132912e+06
527759.25,980880.2
527759.25,975495.9
527759.25,986773.56
527759.25,984604.2
491706.25,545537.94
491706.25,536347.6
654202.5,767705.6
654202.5,804526.8
2.8400175e+06,1.6961204e+06
2.8400175e+06,1.7046884e+06
242246.39,139851.89
242246.39,157038.02
242246.39,136910.2
397452.8,263430.72
397452.8,264606.66
397452.8,258542.27
597582.7,696683.3
597582.7,665635.3
472902.2,445038.84
472902.2,441563.34
979228.7,1.0482894e+06
979228.7,1.0532596e+06
979228.7,1.0523284e+06
979228.7,1.0557124e+06
979228.7,1.0609892e+06
979228.7,1.0665934e+06
286004.8,273693.94
286004.8,255215.64
197930.03,265052.4
197930.03,268766.62
197930.03,262142.2
537733.9,892915.44
537733.9,914044.1
537733.9,892484.3
273570.3,153780.33
273570.3,153674.98
273570.3,154655.36
422081.5,567495.2
422081.5,569465.44
422081.5,563522.6
422081.5,560291.0
838804.2,1.0059142e+06
838804.2,1.03188194e+06
477981.38,569112.8
477981.38,568712.06
477981.38,584791.06
732286.94,1.0231019e+06
732286.94,1.02032075e+06
732286.94,1.01839456e+06
732286.94,1.01324694e+06
732286.94,1.0368447e+06
732286.94,1.01214456e+06
732286.94,1.0221155e+06
377862.28,467621.78
377862.28,435159.88
440651.22,423671.06
440651.22,420521.8
440651.22,421203.72
440651.22,414481.62
538015.4,764447.5
538015.4,760918.3
538015.4,763238.0
538015.4,766193.7
538015.4,729863.0
538015.4,728861.9
538015.4,729077.9
245647.05,266033.03
245647.05,279497.2
245647.05,262170.84
840521.2,963484.0
840521.2,970340.75
840521.2,991097.3
840521.2,988062.44
840521.2,970856.44
840521.2,970542.25
840521.2,970992.25
448426.28,471226.06
448426.28,475903.53
448426.28,483174.66
448426.28,474866.66
541470.4,511480.16
541470.4,495093.03
572479.1,721841.8
572479.1,688958.75
218730.48,275789.88
218730.48,274905.66
283127.66,164293.36
283127.66,154236.58
794592.7,865255.1
794592.7,872961.56
886327.1,1.0775742e+06
886327.1,1.0900354e+06
886327.1,1.0968905e+06
886327.1,1.0965634e+06
886327.1,1.0814206e+06
886327.1,1.0760811e+06
886327.1,1.0796972e+06
886327.1,1.080982e+06
886327.1,1.0889548e+06
304295.16,207112.11
304295.16,204914.11
417237.2,573785.5
417237.2,567846.1
417237.2,574620.9
417237.2,546774.44
417237.2,552921.94
836223.75,811492.6
836223.75,814004.9
836223.75,831877.4
836223.75,832615.25
836223.75,790016.3
845658.8,974407.4
845658.8,976415.4
845658.8,948995.75
845658.8,981182.7
845658.8,948362.5
845658.8,1.0100403e+06
434862.03,465982.94
496863.25,600106.1
496863.25,586856.2
305348.5,211395.2
305348.5,217616.48
365400.7,313338.62
365400.7,303396.4
365400.7,305002.94
571885.75,893143.6
571885.75,929375.44
589312.6,600464.2
589312.6,633712.06
274942.3,306880.22
274942.3,291783.5
508629.06,467391.2
508629.06,463131.25
508629.06,460285.06
508629.06,472602.12
312624.6,165844.86
312624.6,169297.3
749398.5,1.0583489e+06
749398.5,1.0411318e+06
749398.5,1.0458746e+06
749398.5,1.0465826e+06
749398.5,1.0347294e+06
749398.5,1.04613256e+06
749398.5,1.0356737e+06
513037.0,587612.25
513037.0,584180.9
213816.22,230282.98
213816.22,253379.05
772677.75,866544.0
271840.3,313533.22
271840.3,312379.06
371281.94,243181.45
371281.94,238135.23
481931.22,602346.75
481931.22,580326.56
475065.7,557557.9
475065.7,565190.5
538935.5,504836.53
538935.5,525139.1
721672.7,1.0124969e+06
721672.7,1.0211413e+06
721672.7,1.0222882e+06
721672.7,1.017257e+06
721672.7,1.0207749e+06
721672.7,1.00832006e+06
721672.7,1.0067764e+06
356749.5,347755.03
356749.5,370685.84
566241.6,781284.1
566241.6,782123.94
566241.6,775658.4
566241.6,760105.5
411404.97,387056.72
411404.97,386346.34
411404.97,390780.5
411404.97,382956.62
2.1031758e+06,1.6263249e+06
2.1031758e+06,1.6205112e+06
472493.72,610723.5
472493.72,600608.2
472493.72,615570.5
472493.72,615519.4
542309.94,563183.9
542309.94,538083.25
220979.64,131868.83
220979.64,122924.266
521420.72,791133.44
521420.72,776755.75
656813.7,956234.7
656813.7,952685.2
656813.7,951271.56
656813.7,955063.06
656813.7,954873.25
656813.7,951874.3
656813.7,967307.7
651672.1,1.0261675e+06
651672.1,1.0311759e+06
651672.1,1.01791344e+06
651672.1,1.0263597e+06
651672.1,1.01026756e+06
651672.1,982611.94
651672.1,983098.44
651672.1,1.0032571e+06
537552.25,587891.5
537552.25,583247.94
298077.75,409186.16
298077.75,404130.0
298077.75,410131.62
470724.5,612780.44
470724.5,627786.5
207270.38,127792.64
207270.38,109821.33
654249.1,955023.5
654249.1,955866.2
654249.1,955945.2
654249.1,963766.7
654249.1,957255.8
654249.1,954683.25
654249.1,960515.8
654249.1,959677.0
654249.1,965206.7
458613.16,453694.53
458613.16,455985.97
458613.16,438242.94
456892.25,572856.94
456892.25,599775.44
847676.5,1.0824688e+06
847676.5,1.0964458e+06
847676.5,1.0811782e+06
847676.5,1.0812024e+06
847676.5,1.0949552e+06
847676.5,1.085166e+06
847676.5,1.0862488e+06
847676.5,1.0862211e+06
847676.5,1.0547369e+06
847676.5,1.0591214e+06
847676.5,1.0572066e+06
847676.5,1.0592821e+06
847676.5,1.0781782e+06
753421.0,811267.0
753421.0,851566.7
647982.9,1.01649206e+06
647982.9,976556.2
596554.9,968742.44
596554.9,962508.75
566481.6,997989.75
566481.6,994128.56
566481.6,994238.06
566481.6,1.0012713e+06
566481.6,1.00094225e+06
566481.6,993848.4
566481.6,994392.06
566481.6,997614.75
530292.44,492029.7
530292.44,499658.03
254672.16,151234.92
254672.16,144510.2
437719.06,458855.6
437719.06,454907.9
374129.1,382739.62
374129.1,382261.22
374129.1,379818.34
374129.1,382821.12
244248.92,222856.7
244248.92,216824.61
282230.12,162582.27
282230.12,142565.27
489552.47,608553.2
489552.47,618260.6
723216.75,858575.9
723216.75,873572.6
723216.75,866360.0
723216.75,857341.0
723216.75,874981.0
474421.28,647501.8
474421.28,662929.9
474421.28,659727.0
474421.28,666495.1
474421.28,633942.0
605748.5,747174.0
605748.5,754089.8
605748.5,740735.06
605748.5,738355.3
556131.3,518680.75
556131.3,508186.12
556131.3,519767.22
556131.3,518651.4
338832.7,224953.58
338832.7,217463.92
624733.4,940481.6
624733.4,963226.9
852901.7,950397.1
852901.7,956793.5
357207.72,332545.56
357207.72,332616.3
831168.3,1.0183305e+06
831168.3,1.0163301e+06
831168.3,1.0127241e+06
831168.3,1.0067983e+06
831168.3,1.0083501e+06
831168.3,1.0093622e+06
831168.3,991695.75
831168.3,990714.4
831168.3,995391.7
831168.3,1.0079114e+06
284235.53,166824.08
284235.53,167071.05
284235.53,166370.83
782218.5,1.01284425e+06
782218.5,1.02455394e+06
782218.5,1.0127122e+06
782218.5,1.0153814e+06
782218.5,1.0206477e+06
782218.5,987145.1
782218.5,1.005841e+06
340025.62,222395.89
340025.62,215274.73
514877.7,916930.6
514877.7,920729.06
306758.28,205904.33
306758.28,194484.05
2.4427542e+06,1.6348932e+06
2.4427542e+06,1.6347921e+06
2.4427542e+06,1.6317811e+06
2.4427542e+06,1.6300565e+06
2.4427542e+06,1.639449e+06
2.4427542e+06,1.6285485e+06
2.4427542e+06,1.6324656e+06
2.4427542e+06,1.6325048e+06
2.4427542e+06,1.6319014e+06
2.4427542e+06,1.6392865e+06
2.4427542e+06,1.6340954e+06
668160.75,962221.56
668160.75,960568.06
668160.75,960163.44
668160.75,958510.5
668160.75,962073.6
668160.75,960060.4
668160.75,961062.56
668160.75,937369.1
668160.75,951009.94
668160.75,939525.1
668160.75,936259.06
668160.75,950745.06
1.0329461e+06,980677.25
1.0329461e+06,918434.56
362818.7,498832.88
362818.7,509537.9
239904.97,148383.36
435288.2,507691.5
622099.25,961165.1
622099.25,959235.7
622099.25,960015.56
622099.25,963123.0
622099.25,963996.56
622099.25,957021.0
622099.25,959842.56
622099.25,935986.5
622099.25,931308.1
622099.25,934058.9
622099.25,932901.25
878386.8,1.0762656e+06
878386.8,1.0766121e+06
878386.8,1.0753395e+06
878386.8,1.0796669e+06
878386.8,1.079529e+06
878386.8,1.0746152e+06
878386.8,1.0753884e+06
878386.8,1.0982686e+06
584256.3,508750.88
584256.3,532613.4
866733.56,913010.2
498973.88,613642.7
498973.88,626929.44
664014.94,645721.3
664014.94,631747.4
664014.94,640217.94
664014.94,642395.1
664014.94,642990.94
246894.9,283948.8
246894.9,273108.0
246894.9,282954.1
246894.9,273738.72
408159.75,505245.25
408159.75,504953.7
408159.75,511182.3
321003.38,207283.3
321003.38,210440.11
321003.38,207724.92
370604.06,451356.3
370604.06,452598.4
370604.06,453260.94
370604.06,440444.84
591149.6,1.0167341e+06
591149.6,1.00006644e+06
591149.6,1.0143763e+06
591149.6,1.03483506e+06
591149.6,1.006727e+06
591149.6,990926.56
591149.6,983813.6
591149.6,991152.5
591149.6,1.0099243e+06
446659.03,422042.78
446659.03,402588.16
436590.38,577195.44
436590.38,585401.2
436590.38,584568.25
436590.38,556600.06
436590.38,568010.25
436590.38,583250.0
768924.8,683197.9
768924.8,720100.4
505062.06,747384.56
505062.06,747628.3
505062.06,753053.3
505062.06,749371.9
505062.06,729027.44
392308.6,256699.92
392308.6,254407.95
392308.6,243218.52
412296.97,381213.28
412296.97,380950.25
412296.97,393950.56
412296.97,361327.7
352183.84,329622.84
352183.84,342328.16
537237.6,486319.2
537237.6,516110.78
2.7984035e+06,1.712604e+06
2.7984035e+06,1.70911e+06
2.7984035e+06,1.7123522e+06
557423.7,787065.9
557423.7,768827.56
860350.3,1.0683295e+06
860350.3,1.0672904e+06
860350.3,1.0624149e+06
860350.3,1.0610148e+06
860350.3,1.0622069e+06
860350.3,1.035853e+06
860350.3,1.0345638e+06
860350.3,1.0300505e+06
860350.3,1.0363829e+06
393625.38,349211.44
393625.38,340460.56
379413.62,289098.97
379413.62,291303.38
886520.4,987982.8
886520.4,967064.8
886520.4,978418.44
886520.4,996317.2
886520.4,953800.56
886520.4,956418.06
886520.4,978758.2
756707.4,926572.6
756707.4,913441.7
756707.4,901697.0
756707.4,920378.8
756707.4,875689.75
756707.4,873837.44
756707.4,879646.3
756707.4,911400.6
846543.25,996698.75
846543.25,984550.0
846543.25,992263.44
846543.25,996698.75
846543.25,979329.7
846543.25,989297.2
733306.44,1.015594e+06
733306.44,1.0025603e+06
585510.9,524488.25
585510.9,532156.3
405545.78,445225.34
405545.78,419874.75
401559.8,381776.3
401559.8,386315.6
401559.8,406982.4
401559.8,365961.44
401559.8,370125.56
401559.8,364264.4
415494.7,453896.8
415494.7,440100.16
611900.06,848379.3
611900.06,843530.75
611900.06,856281.5
611900.06,852807.94
611900.06,807504.56
204228.02,211811.7
204228.02,211119.02
1.1030429e+06,1.04554906e+06
1.1030429e+06,1.0222878e+06
283413.7,196890.58
283413.7,189431.83
259248.06,150791.73
259248.06,142178.83
647422.94,896693.56
647422.94,896858.44
647422.94,915225.8
647422.94,911102.9
647422.94,892915.3
647422.94,891033.5
576998.3,975444.6
576998.3,974264.1
576998.3,967172.7
576998.3,974117.1
576998.3,973643.2
576998.3,968547.25
576998.3,969664.25
576998.3,939738.6
576998.3,939677.94
576998.3,942096.8
576998.3,949551.44
658841.94,869081.4
658841.94,870166.9
658841.94,875088.1
658841.94,866666.06
658841.94,876104.5
480266.28,696093.3
574711.6,550042.2
574711.6,532821.94
574697.7,961025.1
574697.7,959111.3
574697.7,960183.7
574697.7,962264.9
574697.7,962424.3
574697.7,960040.8
574697.7,930925.25
574697.7,933333.25
574697.7,932946.6
574697.7,945983.4
574697.7,945639.25
472096.88,456678.94
472096.88,450804.8
472096.88,439263.4
472096.88,440819.22
1.1373956e+06,1.1937076e+06
1.1373956e+06,1.2022078e+06
1.1373956e+06,1.1941906e+06
1.1373956e+06,1.1927775e+06
1.1373956e+06,1.1930491e+06
1.1373956e+06,1.1928362e+06
1.1373956e+06,1.1941622e+06
1.1373956e+06,1.2027456e+06
440949.06,644959.44
440949.06,639246.56
231104.97,129826.83
231104.97,128496.39
231104.97,121659.766
761202.25,933120.44
761202.25,943633.3
217646.67,120932.58
217646.67,115872.83
645115.44,902818.2
645115.44,909191.5
645115.44,901077.75
645115.44,876707.56
645115.44,873026.4
895868.2,1.0067951e+06
895868.2,989824.94
895868.2,986738.75
895868.2,984465.0
895868.2,1.00388256e+06
895868.2,985045.75
895868.2,976451.7
895868.2,999579.25
453876.06,462142.25
453876.06,467507.53
453876.06,474798.84
453876.06,468057.03
1.3443576e+06,1.215075e+06
1.3443576e+06,1.2168878e+06
1.3443576e+06,1.2270286e+06
1.3443576e+06,1.2206932e+06
1.3443576e+06,1.2207044e+06
1.3443576e+06,1.2168998e+06
1.3443576e+06,1.2173789e+06
1.3443576e+06,1.1896689e+06
1.3443576e+06,1.1954331e+06
1.3443576e+06,1.1927969e+06
1.3443576e+06,1.1959718e+06
1.3443576e+06,1.1901592e+06
1.3443576e+06,1.228233e+06
538559.56,1.0091026e+06
538559.56,1.0149531e+06
538559.56,1.00821675e+06
538559.56,1.0056282e+06
538559.56,1.0056944e+06
538559.56,1.0060733e+06
538559.56,980821.25
538559.56,974890.5
538559.56,992388.6
538559.56,975928.9
538559.56,998229.2
542337.6,548160.4
542337.6,542011.8
542337.6,548848.9
542337.6,542812.5
146454.06,150800.8
146454.06,155430.3
146454.06,158098.08
558159.2,957552.2
558159.2,963112.3
558159.2,956860.1
558159.2,954603.25
558159.2,957679.7
558159.2,962221.4
558159.2,938595.94
2.5803652e+06,1.6375271e+06
2.5803652e+06,1.6381062e+06
843825.94,1.069521e+06
843825.94,1.0675045e+06
843825.94,1.0620446e+06
843825.94,1.0665284e+06
843825.94,1.0840681e+06
843825.94,1.085115e+06
843825.94,1.0682668e+06
843825.94,1.0635948e+06
698942.4,955514.4
698942.4,954804.7
698942.4,947170.8
698942.4,965333.4
698942.4,953799.5
698942.4,936706.6
698942.4,933329.8
698942.4,939465.56
584351.75,970549.7
584351.75,969537.9
584351.75,969817.56
584351.75,973099.94
584351.75,970373.8
584351.75,970296.3
584351.75,974154.75
584351.75,940826.1
584351.75,939795.2
584351.75,942319.2
584351.75,941718.56
584351.75,939050.0
584351.75,953855.8
803196.5,956145.8
803196.5,971400.44
163649.28,89634.83
163649.28,105040.766
966985.4,1.0772168e+06
966985.4,1.0747324e+06
966985.4,1.077237e+06
966985.4,1.069378e+06
966985.4,1.0774918e+06
966985.4,1.0914979e+06
966985.4,1.0509434e+06
966985.4,1.0672808e+06
966985.4,1.072643e+06
869780.56,1.0906905e+06
399564.75,472811.7
399564.75,473702.66
399564.75,486696.97
399564.75,470831.25
626303.6,957630.94
626303.6,959736.0
626303.6,957154.0
626303.6,961671.7
626303.6,959003.44
626303.6,962476.94
626303.6,955790.2
626303.6,936158.5
626303.6,933347.94
626303.6,935294.8
626303.6,931899.3
626303.6,945198.4
320802.7,349665.6
320802.7,333874.44
317404.56,387293.2
317404.56,401737.6
317404.56,394048.56
437082.47,531737.5
437082.47,555118.9
437082.47,529594.7
201736.44,135405.2
201736.44,135648.83
201736.44,126531.7
1.0131792e+06,1.0523654e+06
1.0131792e+06,1.039944e+06
1.0131792e+06,1.03960656e+06
1.0131792e+06,1.04018475e+06
1.0131792e+06,1.0498881e+06
1.0131792e+06,1.0421744e+06
1.0131792e+06,1.01430175e+06
1.0131792e+06,1.0344057e+06
1.0131792e+06,1.0181497e+06
1.0131792e+06,1.0428878e+06
1.0131792e+06,1.0127274e+06
401537.8,537467.5
286468.4,228035.48
286468.4,235991.3
262383.06,148121.77
262383.06,151110.92
262383.06,145434.2
579817.6,952667.0
579817.6,960093.94
579817.6,965951.44
579817.6,951288.1
579817.6,936988.75
579817.6,930110.25
579817.6,926276.94
579817.6,967477.75
514769.47,877680.6
514769.47,894022.2
406212.03,465317.34
406212.03,454301.28
791435.1,1.0186439e+06
791435.1,1.0028692e+06
791435.1,1.0092058e+06
791435.1,1.0133072e+06
791435.1,1.00621875e+06
791435.1,980538.75
791435.1,987038.9
791435.1,987607.2
791435.1,974186.94
609484.25,869496.8
609484.25,875727.7
588744.4,915787.9
588744.4,947224.1
864856.6,864227.25
864856.6,834787.8
936574.4,1.0801356e+06
936574.4,1.0996316e+06
419877.62,448172.3
419877.62,460761.12
419877.62,453339.22
419877.62,470299.25
419877.62,454340.38
419877.62,439094.6
419877.62,446782.53
419877.62,436438.53
419877.62,447784.5
775340.2,1.0342878e+06
775340.2,1.04611125e+06
775340.2,1.0287837e+06
775340.2,1.0176558e+06
775340.2,1.02311006e+06
775340.2,1.0212717e+06
775340.2,1.0008861e+06
775340.2,1.0177438e+06
2.59721e+06,1.6699399e+06
2.59721e+06,1.6745548e+06
666380.3,1.0482178e+06
666380.3,1.0469585e+06
666380.3,1.0343437e+06
666380.3,1.04380006e+06
666380.3,1.0459655e+06
666380.3,1.04588456e+06
666380.3,1.00242744e+06
666380.3,1.0043543e+06
666380.3,1.00302244e+06
666380.3,1.0078575e+06
666380.3,1.0106542e+06
666380.3,1.03147644e+06
184697.03,155923.67
568860.06,960359.75
568860.06,958943.75
568860.06,964008.9
568860.06,971549.4
568860.06,987923.56
568860.06,927501.3
568860.06,925914.7
668540.1,938565.0
668540.1,940460.56
668540.1,928115.25
668540.1,930976.06
668540.1,924727.3
668540.1,925198.1
668540.1,925978.9
668540.1,947353.44
783409.6,1.04377606e+06
783409.6,1.0395526e+06
783409.6,1.03763506e+06
783409.6,1.03763506e+06
783409.6,1.0509949e+06
783409.6,1.0296389e+06
406370.28,502599.16
406370.28,512887.7
406370.28,505870.94
406370.28,508306.3
406370.28,512739.88
417230.84,474512.72
302522.03,174828.55
302522.03,175633.95
302522.03,172702.42
302522.03,172733.8
566526.2,1.0213429e+06
537485.5,947451.25
537485.5,971331.0
576916.25,694185.7
576916.25,689429.56
620734.0,837730.44
620734.0,838166.06
620734.0,839429.9
620734.0,824196.25
620734.0,855486.6
415111.16,554480.75
415111.16,540333.8
365965.9,382739.2
365965.9,352092.5
365965.9,357237.38
365965.9,360021.12
608753.4,622356.5
608753.4,634861.8
608753.4,606433.25
544472.94,569547.0
544472.94,575496.44
544472.94,569547.0
544472.94,567504.6
544472.94,558461.56
707122.8,1.04071506e+06
707122.8,1.01890575e+06
707122.8,1.0237917e+06
707122.8,1.0193208e+06
707122.8,1.0150299e+06
707122.8,1.02324806e+06
707122.8,1.02803075e+06
882294.44,1.00726856e+06
291045.16,158074.8
291045.16,146119.36
443324.4,588918.3
443324.4,600195.8
443324.4,602754.6
443324.4,593675.6
919931.75,1.0705124e+06
649944.7,1.0275745e+06
649944.7,1.02344775e+06
649944.7,1.0257048e+06
649944.7,1.01366525e+06
649944.7,1.0274544e+06
649944.7,1.0105937e+06
649944.7,990749.56
649944.7,986698.94
484490.62,631838.75
484490.62,632342.75
484490.62,646510.25
484490.62,636976.2
484490.62,646323.44
484490.62,623249.8
484490.62,622286.8
649314.06,933302.2
649314.06,936786.1
649314.06,947681.75
649314.06,934740.94
649314.06,936017.9
649314.06,909953.6
393849.84,370531.5
393849.84,377113.03
584966.44,841531.25
584966.44,824398.25
405838.56,475171.25
405838.56,456162.2
646306.0,746505.1
646306.0,746400.2
646306.0,744076.4
646306.0,726364.75
646306.0,751345.3
416519.22,388282.28
416519.22,386037.6
332714.2,359461.75
332714.2,358437.16
1.3786345e+06,1.2018378e+06
1.3786345e+06,1.2025575e+06
1.3786345e+06,1.2037492e+06
1.3786345e+06,1.1991104e+06
1.3786345e+06,1.1991135e+06
1.3786345e+06,1.200977e+06
1.3786345e+06,1.1766589e+06
1.3786345e+06,1.177245e+06
1.3786345e+06,1.1805282e+06
1.3786345e+06,1.1775062e+06
1.3786345e+06,1.2144518e+06
681158.75,1.0208027e+06
681158.75,986003.1
509073.78,723853.94
509073.78,722133.9
509073.78,702728.3
509073.78,708971.44
509073.78,683000.1
509073.78,681939.6
509073.78,681418.4
509073.78,711099.44
782123.44,776711.8
782123.44,798536.75
782123.44,793737.8
782123.44,780551.7
782123.44,742167.9
782123.44,738420.1
782123.44,789803.56
379157.28,403881.53
379157.28,424516.1
495071.62,682528.5
495071.62,686691.7
495071.62,672593.75
495071.62,679706.3
495071.62,663028.0
588563.5,960305.44
588563.5,965050.9
588563.5,958396.9
588563.5,959793.25
588563.5,957436.0
588563.5,956413.25
588563.5,931275.8
588563.5,931364.25
588563.5,944618.44
588563.5,961261.9
420464.66,424545.34
420464.66,416279.22
420464.66,428638.97
666583.06,783220.2
666583.06,788436.75
666583.06,772896.6
666583.06,729771.4
666583.06,743497.7
452720.3,534463.75
452720.3,527070.6
452720.3,552725.75
623049.44,845196.94
623049.44,846801.4
623049.44,850753.3
623049.44,842537.75
623049.44,813671.44
495586.72,611082.6
495586.72,603266.3
495586.72,602699.6
806675.2,1.0518154e+06
806675.2,1.03758606e+06
806675.2,1.0485742e+06
806675.2,1.0508112e+06
806675.2,1.0526686e+06
806675.2,1.0202214e+06
232376.53,118943.14
232376.53,135042.14
524506.1,733120.06
524506.1,723881.44
524506.1,718305.1
524506.1,714844.1
524506.1,693680.3
524506.1,680456.2
524506.1,680067.25
524506.1,710247.9
543488.25,734390.75
543488.25,704133.56
846612.2,985205.25
846612.2,995264.94
846612.2,990772.6
846612.2,987537.25
846612.2,969292.44
846612.2,968283.44
846612.2,970149.0
537541.4,1.0016856e+06
537541.4,1.00233944e+06
537541.4,1.00097106e+06
537541.4,1.0057931e+06
537541.4,1.00539306e+06
537541.4,1.00205594e+06
537541.4,974874.4
836688.4,1.0800231e+06
836688.4,1.0726162e+06
836688.4,1.0767239e+06
836688.4,1.076087e+06
836688.4,1.0758349e+06
836688.4,1.0750544e+06
836688.4,1.0790592e+06
836688.4,1.0792346e+06
607818.94,998280.75
607818.94,989264.06
601610.0,730938.25
601610.0,728800.2
601610.0,711352.9
203700.14,124975.516
203700.14,121467.83
640071.75,692636.6
640071.75,687454.0
496434.25,607817.3
496434.25,596888.8
601811.0,704310.2
601811.0,708426.2
719176.7,948577.0
719176.7,961362.44
719176.7,964087.5
719176.7,959879.75
719176.7,959614.7
719176.7,941853.75
507946.66,646223.4
507946.66,640822.94
507946.66,662468.2
507946.66,635892.0
507946.66,639729.25
507946.66,638297.4
617805.5,1.0425066e+06
511299.34,601652.1
511299.34,607990.8
511299.34,600503.1
657588.7,853700.56
657588.7,832272.2
479868.84,519991.97
479868.84,512125.75
479868.84,535676.3
479868.84,507230.47
479868.84,528048.44
479868.84,508383.12
479868.84,504067.25
479868.84,504517.88
479868.84,537561.2
358941.56,249257.17
358941.56,249546.64
358941.56,251090.33
403652.06,528898.75
403652.06,528517.6
403652.06,533255.5
512712.72,518204.8
512712.72,505596.22
789748.1,911784.94
789748.1,917318.3
291770.22,138939.89
291770.22,152253.39
757644.9,883640.2
757644.9,900345.75
764722.8,1.03709206e+06
764722.8,1.0577192e+06
764722.8,1.04830375e+06
525494.25,663884.44
525494.25,647140.75
525494.25,642270.56
525494.25,627700.6
525494.25,630361.25
525494.25,639833.75
525494.25,626737.6
525494.25,618586.06
525494.25,639833.75
525494.25,638173.8
585352.8,939084.4
585352.8,943376.0
585352.8,952595.9
585352.8,961647.75
585352.8,928772.4
585352.8,960418.94
502879.4,585352.2
502879.4,574178.7
621673.44,1.0216761e+06
621673.44,1.0290285e+06
621673.44,1.0156254e+06
621673.44,1.02447956e+06
621673.44,1.0233098e+06
621673.44,1.02648956e+06
621673.44,1.012959e+06
621673.44,990861.56
621673.44,995747.8
621673.44,1.0194292e+06
831065.8,931476.4
459587.6,637735.2
459587.6,624906.0
459587.6,628145.2
459587.6,607510.2
639867.9,755661.25
639867.9,748882.1
835119.4,963127.25
835119.4,1.0056361e+06
835119.4,969440.44
258352.42,151174.08
258352.42,155610.02
606926.8,565425.94
606926.8,564090.06
606926.8,562494.3
606926.8,562322.8
647011.06,780195.6
647011.06,763581.75
647011.06,757050.3
647011.06,755645.0
647011.06,775598.9
650766.94,945481.0
650766.94,985551.3
389895.06,553107.3
389895.06,555664.75
389895.06,559487.6
389895.06,537524.56
675219.0,970444.56
675219.0,965153.3
675219.0,966857.44
675219.0,966956.25
675219.0,967797.4
675219.0,972154.44
675219.0,964838.1
675219.0,971921.9
675219.0,947423.2
675219.0,949771.9
675219.0,947496.6
675219.0,949650.4
675219.0,944075.56
675219.0,949650.4
325505.7,427784.56
325505.7,430628.4
325505.7,420858.34
722631.3,1.0247512e+06
722631.3,1.01728975e+06
722631.3,1.0200541e+06
722631.3,1.0224596e+06
722631.3,1.02389744e+06
722631.3,1.0401532e+06
371905.9,531552.25
371905.9,538875.7
534767.0,650628.75
534767.0,653088.1
534767.0,660094.8
499829.28,521507.47
499829.28,505970.34
499829.28,535677.3
499829.28,535161.75
499829.28,519410.03
499829.28,497987.97
499829.28,505713.3
499829.28,537927.8
332812.72,321709.7
332812.72,334149.7
332812.72,322288.88
364696.22,239946.95
364696.22,235305.52
448542.16,271145.2
448542.16,263029.84
584612.56,803793.4
584612.56,793778.94
483115.75,645373.4
483115.75,667529.56
835808.2,970541.0
835808.2,942788.1
887385.25,1.04061494e+06
887385.25,1.0347098e+06
887385.25,1.034011e+06
887385.25,1.02972906e+06
887385.25,1.0169714e+06
887385.25,1.00460406e+06
887385.25,1.02718625e+06
332221.97,216270.92
332221.97,221997.83
441983.88,519213.4
624358.2,766215.06
624358.2,734236.94
591612.2,903470.5
591612.2,923853.8
463542.03,616279.3
306386.7,172546.67
306386.7,169461.36
620968.2,766887.9
620968.2,786412.6
620968.2,764113.94
620968.2,743579.6
620968.2,743990.44
620968.2,804947.75
729956.1,970342.56
729956.1,1.03923294e+06
525957.06,950351.1
525957.06,959144.4
668123.25,949528.8
668123.25,957819.94
668123.25,954359.7
668123.25,954724.3
668123.25,956621.44
668123.25,950780.6
668123.25,952559.75
668123.25,952069.1
2.3052122e+06,1.6529774e+06
2.3052122e+06,1.6573174e+06
660853.4,914373.44
660853.4,927967.6
660853.4,911186.1
660853.4,918948.75
660853.4,912645.4
660853.4,912483.3
660853.4,926671.44
425115.4,483359.9
425115.4,469740.6
967641.56,1.0562878e+06
967641.56,1.0564022e+06
967641.56,1.054501e+06
967641.56,1.0575735e+06
967641.56,1.0575372e+06
967641.56,1.0565906e+06
967641.56,1.0165498e+06
967641.56,1.02371956e+06
967641.56,1.0227797e+06
967641.56,1.03438806e+06
967641.56,1.02444594e+06
967641.56,1.0559672e+06
922850.7,1.1169308e+06
922850.7,1.1248838e+06
922850.7,1.117298e+06
922850.7,1.1140902e+06
922850.7,1.1163345e+06
922850.7,1.1198595e+06
922850.7,1.1174131e+06
922850.7,1.1194506e+06
922850.7,1.1117874e+06
949500.3,957340.3
949500.3,970531.0
949500.3,965779.06
949500.3,951755.6
949500.3,974730.8
949500.3,963639.9
857719.06,1.0896148e+06
857719.06,1.0721781e+06
857719.06,1.089703e+06
857719.06,1.0697434e+06
857719.06,1.0760696e+06
857719.06,1.0748774e+06
857719.06,1.0722306e+06
857719.06,1.1016701e+06
518768.03,694024.9
518768.03,736337.56
655830.0,684941.75
655830.0,683990.1
671474.75,905189.94
624532.56,791927.2
624532.56,808248.94
634990.8,853540.7
634990.8,855576.2
1.0453161e+06,1.101782e+06
1.0453161e+06,1.126269e+06
294311.3,300750.44
294311.3,312552.72
644550.75,957717.9
782010.56,1.054441e+06
782010.56,1.0706469e+06
782010.56,1.0562359e+06
782010.56,1.0555605e+06
782010.56,1.0559231e+06
782010.56,1.0595741e+06
782010.56,1.0660681e+06
782010.56,1.0539294e+06
2.458467e+06,1.6518589e+06
2.458467e+06,1.6469406e+06
204685.31,264144.7
204685.31,268788.12
204685.31,266450.9
620648.25,929032.25
620648.25,937261.06
620648.25,920785.7
2.3246125e+06,1.6379924e+06
2.3246125e+06,1.6269962e+06
540824.94,602837.94
540824.94,579084.9
386365.88,573703.7
386365.88,590606.8
438993.44,545201.7
438993.44,538531.06
438993.44,545752.4
438993.44,549317.75
638314.9,1.03594156e+06
638314.9,1.0330318e+06
638314.9,1.01998306e+06
638314.9,1.0259022e+06
638314.9,1.0544956e+06
638314.9,1.0205045e+06
638314.9,992084.25
638314.9,999582.56
638314.9,1.025294e+06
638314.9,991466.75
638314.9,1.0246577e+06
644436.0,697246.94
644436.0,736159.44
668609.5,938556.3
668609.5,960875.5
2.2924168e+06,1.638627e+06
2.2924168e+06,1.6439571e+06
281974.28,423201.5
281974.28,425454.78
281974.28,450571.84
512403.34,526021.6
512403.34,519232.0
512403.34,536008.0
489012.3,644123.0
489012.3,668624.25
620940.44,944787.9
620940.44,979145.75
929863.7,1.0711078e+06
929863.7,1.0766751e+06
929863.7,1.0572432e+06
616996.7,904499.0
616996.7,923784.44
636818.06,560120.56
636818.06,563888.44
636818.06,568789.06
636818.06,548874.0
723460.25,1.01746094e+06
723460.25,1.0262072e+06
723460.25,1.0239662e+06
723460.25,1.0271225e+06
723460.25,1.02503506e+06
723460.25,1.0257556e+06
723460.25,1.027064e+06
723460.25,1.01101194e+06
717675.44,1.0527722e+06
312600.88,426484.97
312600.88,431701.94
312600.88,437561.16
312600.88,427715.6
537810.6,794410.5
537810.6,783263.94
365120.3,257443.64
484318.7,558516.7
484318.7,567023.7
694676.6,701728.9
694676.6,697452.25
488807.4,701696.3
488807.4,699729.75
488807.4,700190.0
488807.4,703406.56
488807.4,672591.25
488807.4,671498.8
488807.4,670423.4
488807.4,674613.06
675673.7,922538.4
675673.7,912349.2
675673.7,923133.5
675673.7,915603.7
675673.7,910727.6
675673.7,910051.0
675673.7,931856.94
435302.7,568554.8
435302.7,570609.94
435302.7,568292.4
435302.7,581656.06
388379.53,476943.4
388379.53,474762.28
388379.53,463225.44
1.0842968e+06,1.182844e+06
1.0842968e+06,1.1793089e+06
1.0842968e+06,1.1837268e+06
1.0842968e+06,1.182022e+06
1.0842968e+06,1.1926122e+06
1.0842968e+06,1.1828969e+06
1.0842968e+06,1.177005e+06
1.0842968e+06,1.1953155e+06
1.0842968e+06,1.1490208e+06
1.0842968e+06,1.1547825e+06
1.0842968e+06,1.1575679e+06
1.0842968e+06,1.1486809e+06
1.0842968e+06,1.1504072e+06
1.0842968e+06,1.1824924e+06
913094.94,998849.06
913094.94,999899.0
913094.94,998707.4
913094.94,986124.9
913094.94,997543.94
913094.94,999484.1
913094.94,1.0277503e+06
477005.38,537061.6
477005.38,504128.1
618618.25,850280.7
618618.25,865065.8
319614.06,297178.84
319614.06,299476.22
319614.06,306788.53
319614.06,306817.97
743696.2,1.01902244e+06
743696.2,1.0089666e+06
345964.8,485524.06
685957.2,610142.44
685957.2,638825.56
755454.3,1.0483794e+06
755454.3,1.0677885e+06
755454.3,1.0543441e+06
755454.3,1.0698126e+06
755454.3,1.0605828e+06
755454.3,1.0647545e+06
755454.3,1.04595075e+06
513638.03,516571.28
513638.03,506880.06
286522.9,194628.92
286522.9,195618.7
878672.06,922298.94
878672.06,915289.94
609601.4,962635.6
609601.4,967508.06
341854.22,365420.4
341854.22,359938.78
341854.22,371037.94
341854.22,359135.0
538340.25,810409.4
358350.5,414929.78
303792.75,175895.64
303792.75,156056.08
1.2601304e+06,1.2181409e+06
1.2601304e+06,1.2194324e+06
1.2601304e+06,1.2255861e+06
1.2601304e+06,1.2219284e+06
1.2601304e+06,1.2254156e+06
1.2601304e+06,1.2185272e+06
1.2601304e+06,1.2257095e+06
1.2601304e+06,1.2185109e+06
1.2601304e+06,1.2209468e+06
1.2601304e+06,1.2323424e+06
570539.75,671344.2
570539.75,692731.8
313380.72,242858.2
313380.72,244919.83
392482.03,373795.12
392482.03,373135.56
392482.03,376337.75
392482.03,394636.56
920754.94,1.0687578e+06
920754.94,1.0701288e+06
920754.94,1.0710492e+06
920754.94,1.0751665e+06
920754.94,1.0835806e+06
920754.94,1.0580809e+06
920754.94,1.0381888e+06
920754.94,1.03693375e+06
920754.94,1.03301356e+06
920754.94,1.0696111e+06
785625.1,1.00828075e+06
785625.1,1.04208856e+06
548949.5,698198.2
548949.5,711364.75
548949.5,709617.8
548949.5,682963.06
420000.75,394700.22
420000.75,388916.5
420000.75,391023.6
420000.75,385993.4
420000.75,385872.75
255700.05,156711.8
255700.05,149103.45
255700.05,138863.39
794207.44,851212.2
794207.44,903621.2
448235.75,608272.3
448235.75,610596.75
448235.75,622325.1
448235.75,590455.25
448235.75,584591.5
677177.5,999608.4
677177.5,1.0005016e+06
677177.5,987517.0
399949.78,251934.27
399949.78,253652.36
399949.78,256430.2
399949.78,248462.14
1.1919839e+06,1.1504561e+06
1.1919839e+06,1.1432784e+06
504998.72,754795.7
504998.72,747508.56
501204.06,642173.5
501204.06,643341.1
576868.44,941124.3
576868.44,988389.8
665333.94,1.00212525e+06
665333.94,984106.25
817072.7,1.0363339e+06
817072.7,1.0524054e+06
817072.7,1.02852756e+06
304518.5,174315.73
304518.5,177998.27
1.3221635e+06,1.1858322e+06
1.3221635e+06,1.2094785e+06
395771.9,262225.06
395771.9,262760.03
395771.9,266107.38
395771.9,265557.62
2.5177772e+06,1.6672981e+06
2.5177772e+06,1.6653944e+06
610314.3,790239.0
610314.3,786462.9
610314.3,776407.56
610314.3,759689.25
610314.3,778402.75
882735.1,925824.56
882735.1,984181.3
2.5832455e+06,1.6718262e+06
2.5832455e+06,1.6811354e+06
648167.3,1.043751e+06
648167.3,1.03889075e+06
648167.3,1.03988425e+06
648167.3,1.0606694e+06
648167.3,1.0415577e+06
648167.3,1.0560132e+06
648167.3,1.0400604e+06
648167.3,1.0318097e+06
648167.3,1.0185587e+06
648167.3,1.0129731e+06
648167.3,1.0455566e+06
619014.3,771984.94
619014.3,771330.3
619014.3,763594.56
619014.3,715284.56
619014.3,732212.25
619014.3,742657.6
222510.39,127041.95
222510.39,125717.64
222510.39,117914.45
377161.6,352379.16
377161.6,356958.1
377161.6,351002.03
1.2673342e+06,1.1735448e+06
1.2673342e+06,1.1874474e+06
1.2673342e+06,1.1551824e+06
631633.2,983372.56
631633.2,960273.8
420086.16,265515.38
710730.9,799778.4
710730.9,830017.9
710730.9,788353.3
480354.62,606680.2
480354.62,617601.5
480354.62,591802.5
2.6095698e+06,1.6855518e+06
2.6095698e+06,1.6725886e+06
591633.75,642793.75
591633.75,624706.1
591633.75,636884.4
743834.44,947777.3
743834.44,964299.25
743834.44,945794.25
227878.64,130062.33
227878.64,118968.08
1.2439504e+06,1.1265426e+06
1.2439504e+06,1.147709e+06
326152.56,232546.05
326152.56,214953.42
662646.2,882107.25
662646.2,890102.8
662646.2,881235.44
662646.2,862986.06
758459.7,878620.06
758459.7,870412.56
758459.7,888434.6
758459.7,871501.6
758459.7,872073.2
219248.45,275723.66
219248.45,282483.1
219248.45,280567.0
597421.56,875677.0
597421.56,874538.8
597421.56,868381.5
597421.56,849906.6
597421.56,854627.9
409169.1,267556.7
409169.1,264850.03
626850.7,689599.1
626850.7,674117.75
424577.53,591386.44
424577.53,595752.3
206320.08,153751.7
206320.08,159346.48
206320.08,158881.17
743171.3,888477.3
743171.3,833278.56
393058.8,388435.56
393058.8,404302.62
393058.8,385813.2
393058.8,398888.38
642021.9,815223.0
642021.9,852258.6
609925.5,959657.1
609925.5,966811.25
472269.22,593650.0
472269.22,610911.94
590330.5,702219.0
590330.5,721695.2
2.3545152e+06,1.6498346e+06
2.3545152e+06,1.6549391e+06
2.3545152e+06,1.6495432e+06
510993.88,634858.7
510993.88,654955.0
510993.88,655778.94
510993.88,644496.7
510993.88,632792.6
661559.4,619236.44
661559.4,662164.8
473630.72,630260.9
473630.72,667538.44
219546.5,159717.45
219546.5,171268.17
282583.53,260673.05
282583.53,254125.39
282583.53,265154.12
297922.9,263440.53
297922.9,267504.84
750853.0,1.0409604e+06
750853.0,1.0538174e+06
750853.0,1.0540338e+06
750853.0,1.02841975e+06
750853.0,1.03509125e+06
750853.0,1.0405141e+06
750853.0,1.00297256e+06
750853.0,1.0016977e+06
750853.0,1.0014361e+06
750853.0,1.0348752e+06
528743.8,1.00485806e+06
528743.8,1.011359e+06
528743.8,1.0029646e+06
528743.8,1.00582275e+06
528743.8,1.00445456e+06
528743.8,1.0109882e+06
528743.8,975804.56
528743.8,972632.4
528743.8,976958.7
528743.8,982588.3
849190.9,980821.8
849190.9,973262.3
849190.9,990646.2
849190.9,972718.25
849190.9,942570.44
849190.9,949226.0
849190.9,938865.4
395319.75,450056.38
395319.75,435580.0
523648.75,689273.7
523648.75,712749.8
541514.5,505977.97
541514.5,505840.97
541514.5,508004.7
541514.5,494483.6
519017.47,952841.06
519017.47,906384.0
675837.3,1.02419825e+06
675837.3,1.0249629e+06
675837.3,1.03475606e+06
675837.3,1.02514675e+06
675837.3,1.0288331e+06
675837.3,1.03010994e+06
675837.3,1.0005151e+06
675837.3,1.01434794e+06
675837.3,995192.8
675837.3,1.0100695e+06
576223.6,699137.3
576223.6,711511.56
576223.6,711697.4
576223.6,679453.8
576223.6,698442.94
576223.6,703292.44
574803.1,712360.06
574803.1,702919.7
574803.1,718817.5
574803.1,718239.25
539091.06,759587.56
539091.06,741362.3
539091.06,742306.9
539091.06,721981.44
539091.06,757541.7
450631.7,511257.16
450631.7,488682.5
756411.2,1.02898556e+06
756411.2,1.04843925e+06
630309.9,726154.3
630309.9,717507.25
475041.75,694360.44
475041.75,722894.8
475041.75,713315.8
475041.75,678249.7
475041.75,698394.4
2.250637e+06,1.6389392e+06
2.250637e+06,1.6387294e+06
542113.1,759487.2
542113.1,749018.75
542113.1,756008.3
542113.1,713467.3
542113.1,706458.25
314673.4,331910.4
314673.4,318461.28
564479.3,568638.3
564479.3,589337.1
564479.3,598981.8
564479.3,585930.0
213253.64,232862.58
213253.64,254052.61
385850.5,430443.12
385850.5,432008.47
385850.5,435024.28
385850.5,407541.4
868029.2,998778.8
868029.2,981720.94
868029.2,986350.9
868029.2,989037.3
868029.2,949312.44
868029.2,954306.5
868029.2,938453.5
478639.9,596289.25
478639.9,617951.5
684656.3,1.0081995e+06
684656.3,968564.2
455799.66,426838.03
455799.66,424016.72
455799.66,447861.25
455799.66,431323.5
455799.66,430519.78
774212.6,936264.1
774212.6,955361.3
774212.6,934545.6
774212.6,945200.7
774212.6,947223.1
904398.44,979955.1
904398.44,972146.4
904398.44,1.00396025e+06
904398.44,971816.2
904398.44,948357.06
904398.44,961935.44
904398.44,941002.56
904398.44,1.0241295e+06
775119.6,986026.5
775119.6,1.03698506e+06
309509.3,329485.47
309509.3,329824.25
280592.44,417767.88
280592.44,420332.75
280592.44,420261.62
580944.3,967816.56
580944.3,969031.0
580944.3,969268.5
580944.3,967694.1
580944.3,969879.94
580944.3,967177.25
580944.3,968034.8
580944.3,955173.44
580944.3,954074.2
580944.3,941602.7
580944.3,955365.5
580944.3,953820.75
580944.3,950711.6
821214.5,767417.2
821214.5,778255.56
821214.5,787643.7
821214.5,768398.4
821214.5,729895.4
821214.5,727971.06
773897.9,1.0455826e+06
773897.9,1.046031e+06
773897.9,1.0549608e+06
773897.9,1.0440531e+06
773897.9,1.0434744e+06
773897.9,1.0565661e+06
773897.9,1.0438625e+06
773897.9,1.0539015e+06
644327.56,564610.75
644327.56,565325.9
644327.56,566141.94
644327.56,554646.4
644327.56,563418.4
952244.6,1.1129599e+06
254931.47,139780.02
254931.47,134844.64
670242.94,965523.4
670242.94,970698.44
670242.94,966437.6
670242.94,964610.2
670242.94,968703.44
670242.94,965282.1
670242.94,962299.2
670242.94,975781.8
670242.94,958435.25
670242.94,940078.8
670242.94,942466.56
670242.94,944792.44
670242.94,958332.0
427297.94,535831.4
427297.94,513028.84
588212.0,927301.4
588212.0,960263.94
588212.0,927501.2
588212.0,932070.3
588212.0,970073.1
588212.0,949290.75
320106.8,320596.16
320106.8,292885.38
375422.47,355767.7
375422.47,357108.16
548135.0,804155.2
548135.0,793374.6
548135.0,799867.8
548135.0,821388.7
314011.56,170643.77
314011.56,175063.52
840247.5,864892.0
840247.5,868211.44
840247.5,866689.2
840247.5,860978.7
840247.5,828713.44
840247.5,818723.94
840247.5,838213.6
907050.3,1.03383144e+06
907050.3,1.0595129e+06
597269.1,732142.5
597269.1,726746.1
597269.1,723584.25
597269.1,698723.9
597269.1,690805.4
597269.1,703718.75
129466.55,173380.05
522670.53,518228.38
522670.53,487030.62
522670.53,478736.0
522670.53,486800.75
868900.4,980603.0
868900.4,1.01153325e+06
868900.4,1.01147875e+06
868900.4,994537.9
868900.4,979279.06
868900.4,952729.6
868900.4,958467.25
868900.4,976793.4
255128.88,345417.0
255128.88,351067.16
255128.88,354367.7
255128.88,334886.9
514586.66,548305.2
514586.66,532920.44
666745.56,1.065207e+06
637185.25,753364.9
637185.25,758822.2
637185.25,773967.9
637185.25,745368.3
637185.25,767382.44
808659.7,1.0804738e+06
808659.7,1.0758402e+06
808659.7,1.0974692e+06
808659.7,1.0936788e+06
808659.7,1.0882036e+06
808659.7,1.0860282e+06
808659.7,1.0534376e+06
808659.7,1.0509368e+06
808659.7,1.0518778e+06
808659.7,1.0481565e+06
808659.7,1.0775031e+06
928536.06,990503.56
928536.06,1.0326502e+06
2.4748945e+06,1.670737e+06
2.4748945e+06,1.6653288e+06
274721.12,297675.7
274721.12,317811.62
597385.1,841795.1
597385.1,826110.8
567242.8,523091.12
567242.8,523657.94
567242.8,528534.75
567242.8,509612.44
567242.8,514871.8
579691.1,521610.34
579691.1,539995.75
579691.1,510824.03
694007.7,858445.2
694007.7,883260.06
708305.8,915115.5
708305.8,925273.1
886493.1,1.04490906e+06
886493.1,1.04540406e+06
886493.1,1.0427233e+06
886493.1,1.0395519e+06
886493.1,1.0349666e+06
886493.1,1.028016e+06
886493.1,1.01945794e+06
886493.1,1.026668e+06
886493.1,1.0178591e+06
631892.0,786679.06
631892.0,801883.3
706702.25,1.01943775e+06
706702.25,1.03539925e+06
706702.25,1.0200378e+06
706702.25,1.0180957e+06
706702.25,1.0324825e+06
706702.25,994935.75
706702.25,1.0023661e+06
706702.25,996608.8
706702.25,1.0273515e+06
684765.9,953680.75
684765.9,1.01352744e+06
406922.97,636026.06
406922.97,640876.0
406922.97,643638.4
406922.97,628637.06
435949.1,465346.5
435949.1,472509.44
435949.1,483178.6
820174.0,1.04265756e+06
820174.0,1.0528112e+06
200175.14,227181.45
200175.14,219825.3
714210.94,973536.8
714210.94,1.0065865e+06
254979.62,137837.64
254979.62,128953.2
317819.62,270722.1
317819.62,271810.88
317819.62,274067.53
344163.47,350818.56
344163.47,354029.53
344163.47,355715.28
344163.47,345762.22
731259.25,906189.4
731259.25,903984.7
731259.25,894803.4
731259.25,906080.75
731259.25,894126.5
731259.25,882292.1
595305.5,1.001814e+06
595305.5,985488.56
237285.78,144255.83
237285.78,135188.58
603262.06,837584.1
603262.06,849338.44
603262.06,839213.2
603262.06,815088.1
809344.3,837678.4
809344.3,839460.75
809344.3,841713.25
809344.3,839291.75
809344.3,801335.25
809344.3,796590.6
809344.3,864973.8
651833.0,783232.06
651833.0,801966.5
651833.0,793562.4
651833.0,785041.1
651833.0,773726.56
386449.25,564103.44
386449.25,547608.1
766823.06,853066.6
766823.06,869165.1
284451.25,210906.2
284451.25,197243.58
2.742777e+06,1.6864589e+06
2.742777e+06,1.684787e+06
598824.7,800042.0
598824.7,784128.0
598824.7,791037.25
598824.7,773635.1
598824.7,802301.5
2.452962e+06,1.6610922e+06
2.452962e+06,1.6710861e+06
774041.7,770330.75
774041.7,769349.5
318190.56,308784.53
318190.56,293222.22
590257.9,954317.2
590257.9,980256.44
590257.9,937421.06
590257.9,934851.0
590257.9,967198.4
590257.9,956247.25
285357.66,300883.6
285357.66,309644.16
583537.75,796997.44
531790.56,859941.5
531790.56,889502.0
646813.7,909553.0
646813.7,906182.2
646813.7,915745.25
646813.7,898036.06
646813.7,895809.06
646813.7,932176.9
261416.23,156602.55
261416.23,147434.73
669527.0,848553.56
669527.0,867341.5
673314.4,1.0118153e+06
673314.4,969823.25
717129.6,1.0288465e+06
717129.6,1.0227886e+06
717129.6,1.02867544e+06
717129.6,1.03460294e+06
717129.6,1.0233451e+06
717129.6,1.02307294e+06
717129.6,992275.2
717129.6,996488.1
717129.6,1.00162944e+06
507938.38,862974.7
507938.38,829729.56
2.8604145e+06,1.7101389e+06
2.8604145e+06,1.7080415e+06
1.21401e+06,1.1396718e+06
1.21401e+06,1.1455822e+06
1.21401e+06,1.144265e+06
1.21401e+06,1.1546582e+06
1.21401e+06,1.1507126e+06
1.21401e+06,1.1593525e+06
1.21401e+06,1.1321675e+06
1.21401e+06,1.1244612e+06
1.21401e+06,1.1293274e+06
1.21401e+06,1.1266874e+06
328499.62,327447.97
328499.62,328816.2
503792.97,628927.9
503792.97,638678.25
503792.97,642515.3
2.3250555e+06,1.6472344e+06
2.3250555e+06,1.6493578e+06
512226.72,769680.1
512226.72,767246.56
895771.56,946498.2
895771.56,994990.75
277083.78,166814.08
277083.78,177932.64
277083.78,168499.7
912029.25,1.1080602e+06
912029.25,1.1074115e+06
912029.25,1.1067874e+06
912029.25,1.1132981e+06
912029.25,1.105546e+06
912029.25,1.1060548e+06
912029.25,1.108282e+06
912029.25,1.0835999e+06
912029.25,1.0803831e+06
912029.25,1.0892059e+06
912029.25,1.0852598e+06
590941.25,595993.75
590941.25,571845.1
438923.4,503250.44
438923.4,493777.6
759308.3,1.02383256e+06
759308.3,1.0046067e+06
759308.3,1.0279783e+06
759308.3,1.0086379e+06
759308.3,1.0065297e+06
759308.3,1.0164291e+06
759308.3,1.0164006e+06
601413.8,943221.8
601413.8,943537.9
601413.8,923297.94
696381.8,773745.2
696381.8,804291.9
491010.16,560869.4
421110.0,451120.34
421110.0,447338.6
1.491988e+06,1.3165736e+06
640209.94,659492.2
640209.94,657777.1
867491.7,1.0736675e+06
636102.8,964396.94
636102.8,963853.8
636102.8,972504.7
636102.8,963360.75
636102.8,965515.94
636102.8,962672.06
636102.8,962315.44
636102.8,937310.7
636102.8,953737.4
636102.8,939801.25
636102.8,954907.94
636102.8,941336.56
636102.8,971715.3
408165.25,431661.44
408165.25,427349.12
665235.94,758602.0
665235.94,760469.75
665235.94,765971.8
665235.94,750919.9
665235.94,725979.94
665235.94,726334.3
665235.94,786141.25
299179.53,316480.6
299179.53,336745.34
299179.53,320949.38
299179.53,348950.2
859405.25,994053.5
859405.25,981361.06
795704.6,1.03188675e+06
795704.6,1.0504539e+06
795704.6,1.04675644e+06
795704.6,1.0334628e+06
795704.6,1.0340804e+06
795704.6,1.0264661e+06
795704.6,1.0560998e+06
777798.5,676917.1
777798.5,716372.3
1.0639299e+06,1.03051894e+06
1.0639299e+06,1.0606626e+06
1.4188828e+06,1.2536801e+06
451507.25,540423.4
451507.25,524912.8
451507.25,530930.2
620245.2,746816.3
620245.2,721896.2
408970.03,493124.47
408970.03,503231.84
330818.6,332910.75
330818.6,351550.5
330818.6,349432.03
659288.9,984186.4
1.3635e+06,1.1607045e+06
1.3635e+06,1.1732998e+06
1.3635e+06,1.1502619e+06
181166.25,200291.39
181166.25,204911.86
181166.25,211149.8
760405.6,988603.8
760405.6,1.03791044e+06
846809.6,960172.75
846809.6,922867.7
846809.6,921379.1
846809.6,962324.3
846809.6,935984.6
846809.6,926668.7
846809.6,911306.0
314258.22,215991.02
314258.22,208442.58
579306.44,931478.5
579306.44,937560.6
169385.75,107681.7
169385.75,115914.14
826828.1,1.0640166e+06
826828.1,1.06327e+06
826828.1,1.0522785e+06
826828.1,1.0529259e+06
826828.1,1.0613654e+06
826828.1,1.0696174e+06
826828.1,1.03447225e+06
826828.1,1.0511149e+06
826828.1,1.0454028e+06
826828.1,1.0583255e+06
275940.34,147678.83
275940.34,154488.64
776168.7,1.00044444e+06
776168.7,1.03432806e+06
520391.16,727876.4
520391.16,727786.3
520391.16,728415.0
520391.16,744966.2
662595.56,680172.6
662595.56,699145.7
422446.38,601549.2
422446.38,597608.25
631739.44,782469.4
631739.44,776687.1
348363.62,451019.72
348363.62,444753.62
646796.2,1.00344394e+06
640983.0,884194.06
640983.0,887589.2
640983.0,888025.8
640983.0,859663.8
640983.0,865559.75
693757.0,1.0174283e+06
693757.0,1.0104423e+06
693757.0,1.01125744e+06
693757.0,1.01789494e+06
693757.0,1.0211525e+06
693757.0,1.01531906e+06
693757.0,1.00636606e+06
930371.6,970293.6
930371.6,960462.9
1.0797871e+06,1.0305492e+06
1.0797871e+06,1.0482894e+06
1.0797871e+06,1.04576456e+06
1.0797871e+06,1.04125206e+06
1.0797871e+06,1.0487808e+06
1.0797871e+06,1.04583606e+06
1.0797871e+06,1.0159218e+06
1.0797871e+06,1.02141806e+06
1.0797871e+06,1.0098134e+06
1.0797871e+06,1.0259392e+06
1.0797871e+06,1.0385992e+06
235153.27,133126.02
235153.27,129576.64
152620.16,102835.64
152620.16,114920.016
152620.16,91273.14
672445.4,1.0315604e+06
672445.4,1.02704175e+06
672445.4,1.0322927e+06
672445.4,1.042607e+06
672445.4,1.0340248e+06
672445.4,1.0320507e+06
672445.4,1.0684351e+06
310817.7,173712.61
1.3203438e+06,1.2052964e+06
1.3203438e+06,1.2094991e+06
1.3203438e+06,1.2046319e+06
1.3203438e+06,1.2075834e+06
1.3203438e+06,1.2119378e+06
1.3203438e+06,1.2073776e+06
1.3203438e+06,1.2075848e+06
1.3203438e+06,1.2178679e+06
238114.28,133314.39
238114.28,136266.02
916467.8,955034.3
916467.8,1.0043872e+06
836328.2,962845.3
836328.2,935818.5
459542.34,595055.9
459542.34,580627.6
635474.2,801055.9
635474.2,790091.4
635474.2,796293.7
635474.2,791262.44
635474.2,756114.8
514967.7,602259.6
514967.7,587181.3
522943.78,698197.2
522943.78,709093.0
783309.75,1.0417693e+06
783309.75,1.0616479e+06
783309.75,1.04091156e+06
783309.75,1.0553495e+06
783309.75,1.04091156e+06
783309.75,1.01310744e+06
783309.75,1.01234844e+06
783309.75,1.0196157e+06
783309.75,1.007506e+06
383352.06,434320.0
383352.06,435289.0
383352.06,423855.2
808093.4,1.0084612e+06
808093.4,1.0503431e+06
227038.52,298334.16
227038.52,293451.47
227038.52,282971.4
262684.47,305783.3
262684.47,293430.6
262684.47,306224.22
390418.75,380927.44
390418.75,389977.12
1.1624605e+06,1.0898054e+06
1.1624605e+06,1.0642482e+06
255493.11,214923.3
255493.11,217461.58
397205.5,552025.5
397205.5,551318.2
397205.5,528929.44
471872.2,521868.28
471872.2,506162.4
525043.8,492374.3
525043.8,509910.28
525043.8,493472.75
525043.8,498680.34
2.3031425e+06,1.6525559e+06
2.3031425e+06,1.6517628e+06
684108.1,1.01142794e+06
684108.1,1.0123765e+06
684108.1,1.03335006e+06
684108.1,1.0067356e+06
684108.1,1.0104771e+06
684108.1,1.01176075e+06
684108.1,1.03960725e+06
316353.16,308150.6
316353.16,305240.84
452181.1,391184.1
452181.1,364913.66
658508.3,869466.4
658508.3,889768.6
658508.3,852761.44
755316.7,1.03259294e+06
755316.7,1.0234259e+06
755316.7,1.03334075e+06
755316.7,1.0335874e+06
755316.7,1.0302479e+06
755316.7,1.0331562e+06
755316.7,991572.44
755316.7,990069.1
755316.7,990603.75
755316.7,1.01677125e+06
585740.4,532111.7
585740.4,524531.56
747173.94,1.03849906e+06
747173.94,1.0494432e+06
747173.94,1.0400003e+06
747173.94,1.0346421e+06
747173.94,1.02792675e+06
747173.94,1.0488982e+06
747173.94,1.0346257e+06
747173.94,1.04008994e+06
752691.06,745094.44
752691.06,743755.06
752691.06,746640.1
752691.06,740898.6
752691.06,701980.4
752691.06,702507.56
752691.06,700535.2
559097.0,983883.0
559097.0,990099.6
559097.0,987943.06
559097.0,985621.75
559097.0,990377.8
559097.0,982792.75
559097.0,989742.7
559097.0,967286.5
559097.0,955418.1
559097.0,953790.6
559097.0,956246.6
737543.8,697601.06
737543.8,697915.6
731243.5,901224.4
731243.5,858468.0
710758.2,982106.7
710758.2,1.0106757e+06
581560.06,848918.94
581560.06,851253.8
581560.06,843161.25
581560.06,834275.56
581560.06,836533.44
581560.06,855595.06
890434.75,1.0733312e+06
890434.75,1.0714149e+06
890434.75,1.072335e+06
890434.75,1.0820724e+06
890434.75,1.075945e+06
890434.75,1.0836549e+06
890434.75,1.0896919e+06
565013.5,918641.9
565013.5,932923.94
138475.4,139740.7
138475.4,138951.52
580533.0,615037.4
580533.0,619088.5
906036.2,1.0086187e+06
906036.2,1.0311677e+06
278216.28,302360.03
278216.28,314161.97
237487.25,138716.45
237487.25,140022.2
237487.25,131578.52
2.4069858e+06,1.6335551e+06
2.4069858e+06,1.6374291e+06
219040.19,299588.4
219040.19,285808.7
296482.12,174984.83
296482.12,155190.36
461558.4,393836.97
461558.4,373012.62
362844.5,249494.11
362844.5,228949.73
600791.56,956186.44
600791.56,955078.2
600791.56,958638.7
600791.56,955676.1
600791.56,956577.75
600791.56,953156.56
600791.56,951854.75
600791.56,957932.6
600791.56,947847.6
544321.8,663079.9
544321.8,712928.3
2.4113565e+06,1.6661819e+06
2.4113565e+06,1.6625019e+06
349879.34,222606.67
349879.34,220058.73
520921.88,489272.8
520921.88,514574.34
509972.88,967157.4
509972.88,986097.25
347566.8,503211.12
347566.8,517982.3
620924.1,551985.6
620924.1,551229.5
620924.1,548912.8
620924.1,536044.5
620924.1,530933.75
620924.1,544105.1
802337.2,901943.0
802337.2,920922.5
627459.8,953440.5
627459.8,1.0089897e+06
653447.3,998987.4
653447.3,1.00164294e+06
466494.56,512673.75
466494.56,500868.34
714330.06,1.0564988e+06
366697.22,422694.2
366697.22,426316.84
366697.22,418870.56
349817.22,464269.4
349817.22,469020.44
349817.22,450804.88
681392.9,837331.1
681392.9,857019.75
681392.9,841904.7
681392.9,840638.3
681392.9,830132.94
1.0518145e+06,1.0812278e+06
313208.47,409956.28
313208.47,422791.8
729131.0,928008.1
729131.0,929250.3
729131.0,922525.06
729131.0,916766.44
729131.0,910717.75
1.3456308e+06,1.237319e+06
1.3456308e+06,1.2575638e+06
1.3456308e+06,1.2375735e+06
1.3456308e+06,1.2574838e+06
1.3456308e+06,1.2387118e+06
1.3456308e+06,1.2430642e+06
1.3456308e+06,1.2512858e+06
1.3456308e+06,1.2420181e+06
1.3456308e+06,1.2166399e+06
1.3456308e+06,1.2141704e+06
1.3456308e+06,1.218889e+06
1.3456308e+06,1.2125614e+06
1.3456308e+06,1.213387e+06
1.3456308e+06,1.2166166e+06
1.3456308e+06,1.2140125e+06
1.3456308e+06,1.2246781e+06
375207.8,352196.72
375207.8,370580.56
375207.8,344010.28
412408.97,390115.9
412408.97,386747.12
412408.97,393859.22
412408.97,393600.62
667330.6,1.038382e+06
667330.6,1.0304847e+06
667330.6,1.03190756e+06
667330.6,1.0372004e+06
667330.6,1.0330025e+06
667330.6,1.01247244e+06
667330.6,1.0109292e+06
667330.6,1.0101703e+06
667330.6,1.02956606e+06
667330.6,1.03250544e+06
577720.9,940284.3
577720.9,903597.6
692619.7,941206.44
859608.2,1.0906788e+06
859608.2,1.0893618e+06
859608.2,1.0757395e+06
859608.2,1.0796468e+06
859608.2,1.0949334e+06
859608.2,1.0773136e+06
859608.2,1.0908004e+06
859608.2,1.0785229e+06
342552.03,204787.05
342552.03,208370.39
414638.1,572233.3
414638.1,572468.1
414638.1,561452.7
414638.1,560209.56
847709.06,894898.0
882239.2,831067.2
882239.2,825091.3
882239.2,833917.8
882239.2,853093.4
882239.2,788124.2
882239.2,789491.4
882239.2,863573.6
593775.56,968142.1
593775.56,972413.4
593775.56,967948.1
593775.56,968028.0
593775.56,966808.25
593775.56,980580.9
593775.56,980614.56
593775.56,980648.5
593775.56,962338.94
593775.56,948975.56
593775.56,945397.7
593775.56,963811.94
593775.56,948748.06
593775.56,946812.1
593775.56,961298.9
505851.25,738472.25
302878.1,442086.2
302878.1,437531.16
302878.1,449673.97
302878.1,433200.97
276883.7,163838.39
276883.7,145507.64
647875.2,771372.94
647875.2,779673.2
647875.2,774680.1
647875.2,783875.0
1.1480048e+06,1.0878188e+06
1.1480048e+06,1.077268e+06
1.1480048e+06,1.0895871e+06
1.1480048e+06,1.0786515e+06
1.1480048e+06,1.0783411e+06
1.1480048e+06,1.0762245e+06
1.1480048e+06,1.0655758e+06
1.1480048e+06,1.0630334e+06
1.1480048e+06,1.0660841e+06
1.1480048e+06,1.0671249e+06
877706.1,945547.7
877706.1,1.001373e+06
395480.72,448512.25
395480.72,448244.56
395480.72,457050.5
618303.75,964004.0
618303.75,958177.6
618303.75,960850.8
618303.75,959420.6
618303.75,968514.9
618303.75,958773.06
618303.75,960175.94
618303.75,960228.5
618303.75,936044.9
618303.75,947829.94
618303.75,935976.56
618303.75,934382.0
635638.06,954584.8
635638.06,975251.6
547878.44,990905.25
547878.44,985026.0
547878.44,986197.9
547878.44,985933.5
547878.44,985632.4
547878.44,991185.1
547878.44,983775.75
547878.44,977341.8
330345.94,359593.28
330345.94,335409.53
330345.94,362952.44
330345.94,324720.62
330345.94,353946.28
361865.28,337244.66
361865.28,338965.72
361865.28,342713.3
361865.28,338382.78
266092.9,155656.7
266092.9,154763.61
266092.9,152683.92
437866.44,383241.7
437866.44,356669.9
291705.78,170772.52
291705.78,181912.3
291705.78,167951.83
291705.78,166694.98
736550.7,1.04696344e+06
646681.7,980654.8
646681.7,964655.9
560364.2,783582.5
560364.2,804928.7
380358.3,559336.5
380358.3,536937.0
380358.3,525433.5
463496.3,447891.03
463496.3,432462.1
637645.44,938446.56
637645.44,964967.06
343817.44,367755.38
343817.44,372126.47
343817.44,373436.78
563145.44,1.0092686e+06
563145.44,1.0130698e+06
563145.44,1.0070028e+06
563145.44,1.0051226e+06
563145.44,1.0022414e+06
563145.44,1.00445175e+06
1.0454663e+06,1.1322479e+06
1.0454663e+06,1.1393928e+06
1.0454663e+06,1.122774e+06
834467.2,954759.3
834467.2,962716.5
834467.2,954323.44
834467.2,961147.25
834467.2,953145.56
834467.2,917567.94
834467.2,919755.4
834467.2,918989.0
834467.2,953452.44
1.3542646e+06,1.2102694e+06
1.3542646e+06,1.213067e+06
1.3542646e+06,1.2066922e+06
1.3542646e+06,1.2039624e+06
1.3542646e+06,1.2110665e+06
1.3542646e+06,1.2061632e+06
1.3542646e+06,1.2066959e+06
1.3542646e+06,1.1959745e+06
703374.8,756411.2
703374.8,815071.4
306218.1,296999.72
306218.1,300146.0
306218.1,287849.22
303650.78,288635.34
303650.78,287203.44
539529.6,669621.7
539529.6,677367.5
539529.6,678043.06
482855.84,716742.6
482855.84,719917.8
482855.84,719140.25
482855.84,704202.9
378567.47,549033.56
378567.47,551824.94
378567.47,541425.06
378567.47,523780.88
378567.47,534038.4
497616.66,627266.4
497616.66,630047.6
497616.66,605122.1
497616.66,629491.25
885174.5,959722.2
885174.5,970095.94
615645.6,953545.6
615645.6,1.0099312e+06
653728.3,952459.8
653728.3,952235.2
653728.3,951944.8
653728.3,949268.06
653728.3,949798.2
653728.3,953393.7
653728.3,952904.8
653728.3,972003.6
1.3541285e+06,1.2653695e+06
1.3541285e+06,1.2705999e+06
1.3541285e+06,1.2723612e+06
1.3541285e+06,1.2655596e+06
1.3541285e+06,1.2653855e+06
1.3541285e+06,1.2668832e+06
1.3541285e+06,1.2724479e+06
1.3541285e+06,1.2664401e+06
1.3541285e+06,1.2719802e+06
1.3541285e+06,1.2704275e+06
1.3541285e+06,1.2462155e+06
1.3541285e+06,1.2573665e+06
1.3541285e+06,1.2457744e+06
1.3541285e+06,1.248057e+06
1.3541285e+06,1.2445852e+06
1.3541285e+06,1.2843985e+06
301082.75,164225.8
301082.75,158553.61
2.3353072e+06,1.6377375e+06
2.3353072e+06,1.6335672e+06
553494.0,770891.94
553494.0,771777.8
553494.0,774262.94
553494.0,774847.9
367327.56,348360.8
367327.56,355167.34
367327.56,353334.6
367327.56,380349.53
237682.88,130222.516
237682.88,128292.08
640069.7,789396.4
640069.7,789572.2
640069.7,798071.94
640069.7,782390.56
640069.7,783936.6
640069.7,798040.2
720720.8,962533.4
720720.8,1.0058406e+06
873704.1,1.0845648e+06
873704.1,1.082976e+06
873704.1,1.0843548e+06
873704.1,1.0798231e+06
873704.1,1.0841852e+06
873704.1,1.0801966e+06
873704.1,1.0586762e+06
873704.1,1.060197e+06
873704.1,1.0624644e+06
925031.1,1.1005059e+06
925031.1,1.1002489e+06
925031.1,1.1073672e+06
925031.1,1.1073272e+06
925031.1,1.1027364e+06
925031.1,1.0973035e+06
925031.1,1.0978825e+06
925031.1,1.1072408e+06
925031.1,1.1038772e+06
671034.4,994970.44
671034.4,1.0057637e+06
671034.4,978777.25
257373.45,148525.8
257373.45,150913.36
359924.66,443933.03
359924.66,448748.16
725006.9,1.0314946e+06
725006.9,1.04280475e+06
725006.9,1.02551044e+06
725006.9,1.02432206e+06
725006.9,1.02252956e+06
725006.9,1.0280752e+06
725006.9,994513.56
725006.9,1.00785206e+06
725006.9,1.0012913e+06
495431.53,617876.4
495431.53,623507.9
889351.06,1.104934e+06
889351.06,1.1060421e+06
889351.06,1.0986801e+06
889351.06,1.1020661e+06
889351.06,1.1013748e+06
889351.06,1.104469e+06
889351.06,1.1042465e+06
889351.06,1.10226e+06
889351.06,1.0728175e+06
889351.06,1.0780802e+06
889351.06,1.0766714e+06
889351.06,1.0746985e+06
889351.06,1.1075425e+06
247207.11,146548.2
247207.11,139565.02
606365.44,761639.8
606365.44,762436.2
388592.7,268990.25
388592.7,258052.27
388592.7,253311.3
650963.9,949976.0
650963.9,943893.25
650963.9,946207.25
650963.9,949248.0
650963.9,945897.6
650963.9,920834.8
650963.9,914611.06
650963.9,918230.8
650963.9,921732.94
1.1654381e+06,1.1160498e+06
1.1654381e+06,1.1606021e+06
2.2128765e+06,1.6304651e+06
2.2128765e+06,1.6310678e+06
615780.4,731979.7
615780.4,722374.7
564265.0,522364.94
564265.0,518732.0
649167.8,947352.4
649167.8,951420.0
649167.8,953416.9
649167.8,953474.56
649167.8,949834.3
649167.8,948925.8
649167.8,949925.0
649167.8,958599.94
414985.22,410179.25
414985.22,403285.28
414985.22,387418.8
483593.03,520568.75
549037.0,689113.2
549037.0,690562.7
549037.0,681266.9
549037.0,680947.56
404609.06,396655.53
404609.06,402912.7
404609.06,399250.56
404609.06,407974.56
843057.56,967713.4
843057.56,982417.6
843057.56,964414.75
843057.56,971377.8
843057.56,969585.3
843057.56,1.0106282e+06
471790.56,518625.72
471790.56,519745.78
471790.56,527671.44
471790.56,511799.25
1.4286439e+06,1.2580142e+06
1.4286439e+06,1.2569905e+06
1.4286439e+06,1.256844e+06
1.4286439e+06,1.2596082e+06
1.4286439e+06,1.27483e+06
1.4286439e+06,1.2670204e+06
1.4286439e+06,1.2595812e+06
1.4286439e+06,1.2579982e+06
1.4286439e+06,1.2567148e+06
1.4286439e+06,1.2620559e+06
672679.8,626855.7
672679.8,665944.5
259024.11,202064.52
259024.11,202215.83
259024.11,194003.67
780818.2,1.0029667e+06
780818.2,1.0115201e+06
780818.2,998781.06
780818.2,1.0109014e+06
780818.2,1.00089606e+06
780818.2,999989.4
780818.2,983848.8
499120.62,601575.7
499120.62,597585.9
717368.94,1.0096527e+06
717368.94,1.0302821e+06
717368.94,993472.0
619496.6,926247.06
619496.6,930101.6
619496.6,922788.44
619496.6,936565.5
619496.6,908089.75
619496.6,909100.8
619496.6,914172.4
619496.6,909564.7
738198.3,836269.5
738198.3,845698.0
738198.3,836590.2
738198.3,846553.7
738198.3,808089.44
738198.3,807098.9
738198.3,829020.3
774568.6,1.02702856e+06
774568.6,1.0270604e+06
774568.6,1.01964106e+06
774568.6,1.021417e+06
774568.6,1.02713044e+06
774568.6,1.0262038e+06
774568.6,1.0541772e+06
382897.4,484475.9
382897.4,485142.16
550344.7,774566.75
550344.7,747914.1
654550.94,978708.1
654550.94,999994.6
863139.8,954177.7
863139.8,955337.2
815558.0,982497.56
815558.0,975518.06
815558.0,968528.06
815558.0,986918.0
815558.0,941062.7
815558.0,948095.5
815558.0,940549.25
815558.0,965199.8
527784.2,666189.56
527784.2,679318.3
527784.2,667207.9
679821.4,1.0106987e+06
679821.4,1.01973644e+06
679821.4,993425.25
832732.2,1.0529699e+06
832732.2,1.0556276e+06
832732.2,1.0564515e+06
832732.2,1.0772668e+06
832732.2,1.0553871e+06
832732.2,1.0588498e+06
832732.2,1.0502591e+06
832732.2,1.0744188e+06
609291.4,789106.06
609291.4,826029.2
743873.0,1.0272762e+06
743873.0,1.01736806e+06
292934.97,398642.47
292934.97,396627.7
292934.97,392271.25
463007.34,617603.56
626093.25,758651.8
626093.25,716955.7
410843.72,595353.44
410843.72,600049.44
410843.72,595259.44
410843.72,576609.5
410843.72,579054.4
410843.72,595072.9
324846.62,174037.11
324846.62,175923.55
823611.75,916865.25
823611.75,989279.44
288653.5,166171.61
288653.5,167276.89
693451.5,1.0446915e+06
693451.5,1.0332675e+06
693451.5,1.0409736e+06
693451.5,1.0308254e+06
693451.5,1.0227973e+06
693451.5,995633.25
693451.5,1.0015978e+06
693451.5,994719.1
693451.5,1.00455744e+06
303407.22,290819.06
303407.22,284080.66
303407.22,294799.34
433848.5,475750.72
393676.0,581610.6
393676.0,571835.44
532066.1,916983.2
532066.1,946147.7
826547.44,1.0061134e+06
826547.44,1.04688975e+06
734924.8,954792.7
734924.8,969844.4
485278.94,576823.56
485278.94,555454.94
255359.25,273074.84
255359.25,275401.2
255359.25,275908.0
255359.25,276484.78
1.3158066e+06,1.2177065e+06
1.3158066e+06,1.2134209e+06
1.3158066e+06,1.2134376e+06
1.3158066e+06,1.2217262e+06
1.3158066e+06,1.2175981e+06
1.3158066e+06,1.2134142e+06
1.3158066e+06,1.2113409e+06
1.3158066e+06,1.1871301e+06
1.3158066e+06,1.188559e+06
1.3158066e+06,1.192857e+06
1.3158066e+06,1.2251925e+06
417243.94,258384.02
417243.94,258945.11
417243.94,263383.62
417243.94,260165.2
342020.4,350684.84
342020.4,323093.1
250638.1,148864.86
250638.1,150563.61
250638.1,148752.67
250638.1,138326.45
2.432527e+06,1.6420272e+06
2.432527e+06,1.6486206e+06
848272.44,859169.1
848272.44,856467.2
848272.44,871650.2
848272.44,859815.1
848272.44,822925.0
848272.44,819747.44
848272.44,855071.94
762883.75,776658.3
621074.9,574182.44
621074.9,600722.0
761661.8,1.0019516e+06
761661.8,1.03920775e+06
604359.25,990779.25
907501.8,1.0681908e+06
907501.8,1.057122e+06
907501.8,1.0770002e+06
907501.8,1.0647938e+06
907501.8,1.03058675e+06
907501.8,1.0326847e+06
907501.8,1.0526414e+06
907501.8,1.0799124e+06
818884.56,969928.5
818884.56,994954.9
818884.56,971197.94
818884.56,975837.75
818884.56,975653.94
818884.56,934804.56
818884.56,944273.0
818884.56,963997.1
729838.5,1.01778675e+06
729838.5,1.021957e+06
729838.5,1.0149904e+06
729838.5,1.0345036e+06
729838.5,1.01052056e+06
729838.5,991618.56
729838.5,990617.44
729838.5,992574.2
221045.25,265276.6
221045.25,267717.66
221045.25,251076.8
574747.4,587208.9
574747.4,592353.94
723929.7,952739.4
597454.3,757583.1
597454.3,730083.8
466182.62,504613.94
466182.62,496425.4
774804.0,911121.1
774804.0,911775.0
774804.0,887561.2
774804.0,929593.06
774804.0,894325.25
774804.0,938789.7
450567.3,459866.97
450567.3,451609.22
450567.3,458899.53
450567.3,461090.62
450567.3,460926.56
450567.3,440608.56
450567.3,439326.53
450567.3,439844.0
450567.3,447484.25
433529.56,502639.94
433529.56,467709.8
472118.0,559803.06
472118.0,569091.0
472118.0,575929.0
472118.0,558259.56
620227.7,689493.0
620227.7,710416.56
264039.5,158143.39
264039.5,158195.2
264039.5,158395.17
263993.28,253566.67
263993.28,259757.11
499316.78,634625.2
499316.78,648756.4
499316.78,647165.75
586395.3,755293.7
586395.3,762711.7
586395.3,756576.44
586395.3,750023.06
472470.28,531159.9
472470.28,544210.1
472470.28,556366.8
568326.5,923051.4
568326.5,930283.3
526567.3,915754.8
526567.3,937879.25
782819.94,1.0373763e+06
782819.94,1.0431806e+06
782819.94,1.0444673e+06
782819.94,1.059371e+06
782819.94,1.0437231e+06
782819.94,1.03670094e+06
782819.94,1.0128993e+06
782819.94,1.0202439e+06
782819.94,1.0286632e+06
2.4618265e+06,1.6555519e+06
2.4618265e+06,1.6513639e+06
612257.0,964214.25
612257.0,956364.0
612257.0,958293.4
612257.0,958775.06
612257.0,959186.7
612257.0,956037.8
612257.0,930794.9
612257.0,943111.75
612257.0,941060.4
471148.6,475536.66
471148.6,470014.72
471148.6,480387.16
471148.6,480270.12
908611.6,1.0692096e+06
514104.5,769587.7
514104.5,777299.3
514104.5,766993.7
514104.5,754926.7
547864.8,907404.94
547864.8,936124.7
750527.44,1.0219873e+06
750527.44,1.0372083e+06
750527.44,1.03615594e+06
473422.94,626432.5
473422.94,622510.44
473422.94,612594.4
1.1074514e+06,1.2030864e+06
1.1074514e+06,1.1926619e+06
1.1074514e+06,1.2026364e+06
1.1074514e+06,1.1897012e+06
1.1074514e+06,1.1922969e+06
1.1074514e+06,1.1929326e+06
1.1074514e+06,1.1928714e+06
1.1074514e+06,1.1761039e+06
312527.28,395437.22
312527.28,373700.75
650825.4,965869.0
650825.4,964841.44
650825.4,961075.4
650825.4,960931.06
650825.4,961835.7
650825.4,966742.9
650825.4,963370.8
650825.4,950204.7
650825.4,955735.4
650825.4,940002.1
650825.4,938784.56
650825.4,951638.75
650825.4,948018.7
562819.56,939557.75
562819.56,961051.6
198387.66,119181.2
198387.66,110418.45
756935.9,1.0379639e+06
756935.9,1.03375206e+06
756935.9,1.0401631e+06
756935.9,1.052584e+06
756935.9,1.0431409e+06
756935.9,1.03844744e+06
756935.9,1.0061626e+06
756935.9,1.02105256e+06
756935.9,1.0298235e+06
756935.9,1.067997e+06
678107.3,915782.25
678107.3,915169.94
678107.3,916097.75
678107.3,913329.25
678107.3,931920.3
678107.3,897656.44
280656.56,144723.23
280656.56,134768.33
437216.38,594190.8
437216.38,580668.8
635632.6,859380.44
635632.6,827206.9
472030.53,582156.7
472030.53,564924.3
505499.94,687700.56
505499.94,704205.4
505499.94,694949.6
387430.0,429808.28
387430.0,440932.7
387430.0,445599.7
269347.72,336020.88
269347.72,332903.88
596987.3,905231.6
596987.3,949845.44
860582.75,1.0607139e+06
860582.75,1.0605738e+06
860582.75,1.0608166e+06
860582.75,1.0514501e+06
860582.75,1.065797e+06
860582.75,1.0328779e+06
860582.75,1.0259236e+06
860582.75,1.0312224e+06
860582.75,1.0566618e+06
684048.9,819871.6
684048.9,819507.5
684048.9,854845.44
684048.9,816155.4
684048.9,799081.6
684048.9,797815.06
424056.4,458217.06
424056.4,457456.94
424056.4,456822.4
424056.4,466534.2
827531.94,1.0914766e+06
827531.94,1.0898122e+06
827531.94,1.0817099e+06
827531.94,1.0774746e+06
827531.94,1.0783394e+06
827531.94,1.090665e+06
827531.94,1.050823e+06
827531.94,1.0605085e+06
827531.94,1.0536592e+06
827531.94,1.0939004e+06
344677.88,327673.6
344677.88,324761.2
344677.88,327891.38
622489.2,1.0289535e+06
622489.2,1.02962394e+06
622489.2,1.0455442e+06
622489.2,1.0189391e+06
622489.2,1.03466525e+06
622489.2,992624.7
622489.2,1.0012126e+06
622489.2,994897.94
622489.2,1.0712114e+06
390520.56,239881.02
390520.56,247728.33
1.2665596e+06,1.1841406e+06
1.2665596e+06,1.209362e+06
377183.2,244713.92
377183.2,240318.8
705910.9,954725.6
705910.9,984815.4
611126.8,881925.1
611126.8,875492.06
611126.8,861815.6
465486.75,546067.8
465486.75,547642.9
465486.75,565244.8
392754.22,245333.48
392754.22,247087.61
831715.2,1.0882891e+06
831715.2,1.0879111e+06
831715.2,1.0861346e+06
831715.2,1.0865186e+06
831715.2,1.0854649e+06
831715.2,1.0827732e+06
831715.2,1.0617659e+06
831715.2,1.059725e+06
831715.2,1.0627445e+06
831715.2,1.0641534e+06
831715.2,1.0609656e+06
357976.4,336265.34
357976.4,331858.0
1.0831844e+06,1.04769256e+06
1.0831844e+06,1.0676494e+06
344989.2,302058.97
344989.2,291289.16
752713.94,831753.25
752713.94,842514.9
752713.94,848557.0
752713.94,832752.06
752713.94,862949.6
317346.66,220685.17
317346.66,222621.89
317346.66,227560.45
733681.2,941588.44
733681.2,981632.2
1.1141321e+06,1.0660032e+06
1.1141321e+06,1.0501839e+06
1.1141321e+06,1.0464096e+06
1.1141321e+06,1.0499834e+06
1.1141321e+06,1.03521544e+06
1.1141321e+06,1.0681306e+06
295074.84,171111.95
295074.84,161493.8
295074.84,161579.02
295074.84,169162.67
312479.56,323367.6
312479.56,323093.12
312479.56,332229.1
312479.56,326275.1
846284.6,1.0571315e+06
846284.6,1.0526588e+06
720630.3,1.035756e+06
720630.3,1.03289844e+06
720630.3,1.0248678e+06
720630.3,1.0236343e+06
720630.3,1.0414881e+06
720630.3,1.01083575e+06
720630.3,1.0031555e+06
720630.3,1.0048862e+06
720630.3,1.0674156e+06
1.1379471e+06,1.1773321e+06
1.1379471e+06,1.1751085e+06
1.1379471e+06,1.1764535e+06
1.1379471e+06,1.1875814e+06
1.1379471e+06,1.1765358e+06
1.1379471e+06,1.1835851e+06
1.1379471e+06,1.1764619e+06
1.1379471e+06,1.1785692e+06
390184.28,520049.06
390184.28,527172.25
455279.94,437981.16
455279.94,447469.5
455279.94,438649.38
455279.94,440420.56
455279.94,432640.8
455279.94,457546.56
457724.44,695454.1
457724.44,700808.8
457724.44,701851.7
457724.44,667198.25
457724.44,662098.94
457724.44,670573.25
428350.94,664073.06
428350.94,671430.75
644061.94,764593.6
644061.94,795614.44
194684.39,128667.45
194684.39,118020.266
194684.39,117936.266
537096.8,636444.94
537096.8,625330.06
537096.8,607991.5
498764.7,661913.8
498764.7,655962.06
498764.7,658745.06
498764.7,628431.4
504918.34,673799.4
504918.34,668210.44
504918.34,663868.4
504918.34,662172.56
504918.34,632234.56
504918.34,642662.75
504918.34,639979.4
591621.5,713570.75
591621.5,716200.06
378102.97,250137.8
378102.97,240189.7
392032.56,254793.23
392032.56,249411.05
2.1509972e+06,1.6249999e+06
2.1509972e+06,1.6219858e+06
672563.25,828759.8
672563.25,834276.75
672563.25,830605.75
672563.25,831275.6
672563.25,793170.7
672563.25,798672.7
672563.25,794273.75
486850.1,541564.8
486850.1,548357.3
486850.1,541932.9
861793.8,1.0442478e+06
861793.8,1.02245125e+06
430822.16,528701.75
430822.16,522206.25
430822.16,539165.0
617593.56,982742.94
617593.56,975980.7
469339.3,603416.56
469339.3,615361.75
469339.3,613387.8
469339.3,603907.3
668242.25,1.0073862e+06
668242.25,1.0029556e+06
668242.25,993005.75
668242.25,996853.5
668242.25,1.0068848e+06
668242.25,1.02365256e+06
446566.84,463486.28
446566.84,421203.1
556830.94,761098.94
556830.94,801751.9
412410.5,619552.06
412410.5,638040.6
418805.88,425433.9
418805.88,422051.44
585037.75,963802.7
585037.75,963753.8
585037.75,966621.44
585037.75,965447.3
585037.75,963478.94
585037.75,968694.6
585037.75,965958.7
585037.75,962978.56
585037.75,946968.1
239053.45,145438.11
239053.45,147113.7
239053.45,138316.14
351208.28,382069.16
917369.0,1.028346e+06
917369.0,1.0611382e+06
879625.0,1.0434197e+06
879625.0,1.0126215e+06
650810.1,920904.6
650810.1,920531.06
511123.44,754107.2
511123.44,743089.7
511123.44,745275.56
651409.25,798775.4
651409.25,818021.9
276279.94,210359.89
276279.94,197795.92
844521.25,856467.5
888188.3,967969.0
888188.3,953276.75
537224.75,951026.0
537224.75,981292.75
399930.9,244639.11
399930.9,249451.64
1.1605305e+06,1.1450422e+06
1.1605305e+06,1.1462244e+06
1.1605305e+06,1.132975e+06
1.1605305e+06,1.1326905e+06
1.1605305e+06,1.1453685e+06
1.1605305e+06,1.1398566e+06
1.1605305e+06,1.1397679e+06
1.1605305e+06,1.1634719e+06
1.1100755e+06,1.1766911e+06
1.1100755e+06,1.1764591e+06
1.1100755e+06,1.1756775e+06
1.1100755e+06,1.1733322e+06
1.1100755e+06,1.176436e+06
1.1100755e+06,1.176781e+06
1.1100755e+06,1.1849381e+06
1.1100755e+06,1.1697936e+06
488874.0,593051.0
488874.0,582802.75
488874.0,588152.6
488874.0,583379.1
823278.2,1.0530582e+06
823278.2,1.0672928e+06
823278.2,1.0511826e+06
823278.2,1.0527606e+06
823278.2,1.0449454e+06
823278.2,1.0235232e+06
823278.2,1.0249344e+06
823278.2,1.0180368e+06
823278.2,1.0251006e+06
823278.2,1.0870828e+06
397839.97,463288.25
397839.97,463464.56
397839.97,446888.94
620387.7,610913.44
620387.7,607826.8
583024.5,776016.75
583024.5,786299.44
690130.06,975803.3
690130.06,997006.3
397727.56,436747.75
397727.56,427272.5
397727.56,456036.03
397727.56,426918.53
397727.56,429156.88
397727.56,426501.1
397727.56,415090.47
397727.56,422596.06
231566.83,163570.11
231566.83,157255.23
380682.44,520031.53
380682.44,530802.2
807361.0,1.016707e+06
807361.0,1.0135447e+06
807361.0,1.03531306e+06
807361.0,1.01898925e+06
807361.0,1.0228746e+06
807361.0,1.0149924e+06
807361.0,1.01089994e+06
807361.0,1.0395997e+06
1.0502962e+06,1.2138669e+06
708224.5,1.0153026e+06
708224.5,1.0295533e+06
708224.5,1.012236e+06
708224.5,1.0193808e+06
708224.5,1.0084854e+06
708224.5,1.01170856e+06
708224.5,1.0516058e+06
521400.5,649775.94
521400.5,671051.44
521400.5,639279.44
408088.03,404166.03
408088.03,402529.47
675799.3,935964.8
675799.3,989880.2
595435.7,820072.4
595435.7,836661.6
568348.06,989159.4
568348.06,987453.0
568348.06,986148.94
568348.06,987154.0
568348.06,986551.2
568348.06,988748.8
568348.06,958224.3
568348.06,959215.25
568348.06,961395.3
568348.06,969174.6
568348.06,980494.56
807978.3,933482.6
807978.3,891032.1
362295.2,355624.4
362295.2,341462.4
2.3593978e+06,1.6635241e+06
2.3593978e+06,1.6691929e+06
2.4645125e+06,1.67932e+06
2.4645125e+06,1.6788072e+06
386915.72,441092.3
386915.72,457401.5
386915.72,463360.44
423675.1,672508.4
423675.1,665423.8
992167.25,896104.3
992167.25,891292.5
992167.25,904526.9
992167.25,895480.3
992167.25,876186.8
992167.25,873326.75
992167.25,957945.6
689535.7,899742.7
689535.7,888892.94
689535.7,891399.1
689535.7,889856.6
689535.7,873507.4
689535.7,874720.44
689535.7,900456.0
635867.5,1.0351448e+06
635867.5,995667.75
475747.97,588652.1
475747.97,585103.8
475747.97,606762.0
475747.97,594249.75
475747.97,594611.6
475747.97,515061.2
836284.25,1.06735e+06
836284.25,1.0770465e+06
836284.25,1.0734725e+06
836284.25,1.0681841e+06
836284.25,1.0598345e+06
836284.25,1.0610016e+06
836284.25,1.0342131e+06
515634.5,760863.8
515634.5,741295.06
582959.2,738246.5
582959.2,742067.44
582959.2,743551.3
582959.2,746386.1
986096.25,933527.4
986096.25,988838.8
304618.62,170031.23
304618.62,159257.52
599745.9,570278.8
599745.9,570773.3
599745.9,569532.5
599745.9,555259.3
173031.45,203209.27
173031.45,198853.83
648862.06,574275.5
648862.06,570858.1
648862.06,581266.25
648862.06,549266.3
648862.06,553573.7
648862.06,568567.6
471567.78,636523.25
471567.78,627970.8
559488.44,724911.25
559488.44,726632.06
559488.44,716312.3
559488.44,719660.3
559488.44,712080.56
559488.44,700392.0
708572.1,849889.56
708572.1,836603.6
645311.1,915527.7
645311.1,913543.75
731181.44,1.0076114e+06
731181.44,1.0230424e+06
731181.44,1.00050844e+06
731181.44,1.003381e+06
731181.44,1.00380206e+06
731181.44,1.0580839e+06
787015.3,692804.6
787015.3,710017.6
701520.1,955186.44
701520.1,952914.56
701520.1,959969.56
701520.1,950659.06
701520.1,933267.9
701520.1,906911.3
701520.1,912213.9
320148.0,208319.7
320148.0,196985.17
598676.3,744389.0
598676.3,731580.75
169752.23,197633.58
169752.23,202990.77
393624.5,407827.53
393624.5,406446.75
393624.5,392479.25
333309.25,331423.34
395102.06,434291.88
395102.06,422217.22
395102.06,445203.44
395102.06,424276.47
792674.3,1.0124255e+06
792674.3,1.0156099e+06
792674.3,1.01885556e+06
792674.3,1.01901856e+06
792674.3,1.0230745e+06
792674.3,987447.25
792674.3,996890.06
792674.3,986798.6
516076.28,931885.3
516076.28,954478.0
596608.06,958423.5
596608.06,949458.1
596608.06,951465.1
596608.06,950344.9
596608.06,949606.0
596608.06,954048.4
596608.06,960817.1
596608.06,943380.3
940602.25,1.1055258e+06
940602.25,1.0943815e+06
940602.25,1.094527e+06
940602.25,1.1104456e+06
940602.25,1.1041108e+06
940602.25,1.0872089e+06
940602.25,1.1315779e+06
984070.44,1.0486555e+06
984070.44,1.05623e+06
984070.44,1.05454e+06
984070.44,1.0525034e+06
984070.44,1.0580365e+06
984070.44,1.0566774e+06
984070.44,1.0330204e+06
984070.44,1.0138117e+06
984070.44,1.0168077e+06
984070.44,1.03351125e+06
984070.44,1.03040706e+06
984070.44,1.0234931e+06
670138.0,838907.56
670138.0,813431.1
503579.25,636250.06
503579.25,624560.7
352957.12,501032.5
352957.12,499535.5
486921.5,593942.4
486921.5,595211.25
486921.5,611548.8
534654.8,788725.5
534654.8,784630.56
575938.1,850852.94
575938.1,850951.6
399670.88,555300.9
399670.88,562811.0
399670.88,562439.3
399670.88,552111.94
550017.06,1.0060164e+06
550017.06,967652.0
550017.06,985329.25
550017.06,985871.25
550017.06,952307.1
550017.06,939326.06
550017.06,996055.5
320377.94,215381.27
320377.94,213784.14
320377.94,218649.27
1.3031932e+06,1.2031258e+06
1.3031932e+06,1.2027158e+06
1.3031932e+06,1.2001615e+06
1.3031932e+06,1.2028121e+06
1.3031932e+06,1.2019361e+06
1.3031932e+06,1.2029322e+06
1.3031932e+06,1.2060728e+06
1.3031932e+06,1.2065004e+06
487607.72,584519.8
487607.72,592688.8
487607.72,603605.8
487607.72,581944.8
487607.72,589410.44
819534.9,780430.44
819534.9,851875.25
828828.25,965136.56
828828.25,971115.8
828828.25,966530.6
828828.25,959441.94
828828.25,933339.4
828828.25,949606.06
828828.25,1.00496025e+06
647471.7,913066.2
647471.7,916270.8
647471.7,911254.44
647471.7,900632.75
647471.7,898266.75
158973.84,178227.39
158973.84,179718.14
231169.12,137990.08
231169.12,128241.33
622486.0,743484.3
622486.0,751807.9
622486.0,744809.0
622486.0,772737.75
597694.0,935047.75
597694.0,963614.8
312138.22,203629.42
312138.22,208410.27
312138.22,211454.73
1.1623695e+06,1.1823218e+06
1.1623695e+06,1.1828192e+06
1.1623695e+06,1.1827401e+06
1.1623695e+06,1.1806702e+06
1.1623695e+06,1.1820158e+06
1.1623695e+06,1.1827774e+06
1.1623695e+06,1.1921568e+06
1.1623695e+06,1.1698456e+06
247628.55,269868.97
281421.06,173824.27
281421.06,173718.58
281421.06,146628.95
818643.2,1.0774582e+06
818643.2,1.0840722e+06
818643.2,1.0763168e+06
818643.2,1.0979181e+06
818643.2,1.0837018e+06
818643.2,1.0752336e+06
818643.2,1.0831274e+06
818643.2,1.0662984e+06
818643.2,1.0693188e+06
818643.2,1.0556439e+06
818643.2,1.0503798e+06
818643.2,1.0551239e+06
818643.2,1.0867385e+06
433613.8,551119.9
433613.8,544310.94
433613.8,551544.2
763827.0,1.0209366e+06
763827.0,1.0138956e+06
763827.0,1.00865e+06
763827.0,1.01188694e+06
763827.0,1.0092762e+06
763827.0,973662.75
215465.69,116862.016
215465.69,116982.64
976731.0,957927.06
976731.0,1.01966175e+06
1.126552e+06,1.1360311e+06
1.126552e+06,1.1505999e+06
221490.55,173571.61
221490.55,176816.39
221490.55,156271.73
707025.56,855638.2
707025.56,841585.06
422187.47,261109.02
422187.47,252278.02
487106.1,467820.3
487106.1,474363.72
487106.1,479667.3
675530.6,915939.75
675530.6,930555.2
447785.8,437725.88
447785.8,429726.78
447785.8,430262.78
447785.8,453698.28
447785.8,439345.84
429708.2,594484.25
429708.2,594370.4
2.4177518e+06,1.6607414e+06
2.4177518e+06,1.6643815e+06
389826.75,241132.45
389826.75,248513.08
607968.2,750415.7
607968.2,731918.6
607968.2,723509.3
592524.1,972258.94
592524.1,975236.3
592524.1,973744.9
592524.1,975696.4
592524.1,979196.06
592524.1,979307.94
592524.1,976641.7
592524.1,974677.5
592524.1,946583.9
592524.1,949832.5
592524.1,946983.56
592524.1,959530.9
592524.1,963960.9
592524.1,945929.5
592524.1,948449.1
592524.1,958673.8
597583.25,850408.7
597583.25,855108.3
597583.25,821157.94
587013.1,572085.94
587013.1,574542.44
587013.1,580076.7
587013.1,580997.7
587013.1,559425.7
587013.1,561710.56
587013.1,561843.8
587013.1,567879.5
595346.7,528792.25
595346.7,555078.8
262228.7,155181.3
483411.28,544342.1
483411.28,562240.75
483411.28,572483.4
483411.28,562037.4
704096.8,925079.2
704096.8,952614.8
404295.78,523017.94
404295.78,533595.9
404295.78,517443.97
404295.78,507340.72
448790.34,609701.06
448790.34,614374.4
448790.34,612705.06
666012.2,933154.4
666012.2,931341.7
666012.2,921302.3
666012.2,919686.3
666012.2,919953.1
666012.2,890256.4
592093.25,717742.7
592093.25,720837.94
592093.25,720345.2
592093.25,679899.06
592093.25,731286.9
262000.25,167091.42
262000.25,154662.33
262000.25,143097.7
1.1088916e+06,1.1460724e+06
1.1088916e+06,1.157172e+06
700551.7,958572.4
700551.7,983670.56
596055.25,956131.56
596055.25,959507.5
596055.25,952946.0
596055.25,963850.7
596055.25,959597.2
596055.25,963173.3
596055.25,956699.0
596055.25,954530.56
596055.25,966056.1
543219.44,670615.6
543219.44,677137.5
768596.9,1.01657994e+06
768596.9,1.0149291e+06
768596.9,1.0099559e+06
768596.9,1.01512075e+06
768596.9,1.0160273e+06
768596.9,1.0055436e+06
768596.9,1.013929e+06
768596.9,1.0039998e+06
461823.84,612497.4
461823.84,613676.9
461823.84,607683.6
461823.84,581459.8
461823.84,590022.1
563767.0,642473.3
563767.0,673304.5
261139.23,241936.64
261139.23,243019.23
642196.3,751275.9
782589.8,1.0366118e+06
782589.8,1.04001325e+06
782589.8,1.0584902e+06
782589.8,1.0327582e+06
782589.8,1.0340405e+06
782589.8,1.0181472e+06
301021.6,312340.75
301021.6,314130.2
301021.6,317777.5
301021.6,341774.2
375402.97,380165.1
375402.97,373129.2
375402.97,376165.16
1.1167715e+06,1.1557628e+06
1.1167715e+06,1.1700415e+06
535294.3,721268.3
535294.3,737594.0
535294.3,736089.2
535294.3,756591.94
444222.2,518096.88
444222.2,496667.1
354867.72,498480.4
354867.72,484234.56
354867.72,491198.16
354867.72,500044.78
354867.72,491627.53
379912.5,239857.83
379912.5,257692.7
379912.5,237484.95
2.67717e+06,1.7091099e+06
2.67717e+06,1.7027775e+06
945199.9,918441.1
945199.9,938212.44
945199.9,935002.0
945199.9,914819.2
945199.9,952344.25
945199.9,900120.06
945199.9,892911.8
945199.9,916816.06
945199.9,968132.0
388127.1,265274.03
388127.1,271687.47
388127.1,264027.3
388127.1,253532.27
334457.28,394221.5
334457.28,406397.3
334457.28,388506.75
209704.86,197634.73
209704.86,179544.86
763071.2,1.04689144e+06
763071.2,1.0476447e+06
763071.2,1.0547128e+06
763071.2,1.0492531e+06
763071.2,1.0562181e+06
763071.2,1.0555104e+06
763071.2,1.0220903e+06
763071.2,1.03783425e+06
763071.2,1.0252737e+06
763071.2,1.02349325e+06
763071.2,1.0638268e+06
225510.31,146514.64
225510.31,133967.02
225510.31,128887.7
776964.3,1.0372039e+06
776964.3,1.0494476e+06
437358.1,680769.75
269042.9,364938.75
269042.9,361488.78
674368.7,1.0037447e+06
674368.7,1.0053054e+06
674368.7,1.0120433e+06
674368.7,1.004837e+06
674368.7,1.00437356e+06
674368.7,1.00460175e+06
569321.25,739719.2
569321.25,730653.8
916782.5,1.1062922e+06
916782.5,1.1101322e+06
916782.5,1.1113824e+06
916782.5,1.1063518e+06
916782.5,1.1111101e+06
916782.5,1.1052902e+06
916782.5,1.1164644e+06
916782.5,1.1059761e+06
916782.5,1.0857456e+06
916782.5,1.0792029e+06
916782.5,1.0782305e+06
916782.5,1.0796705e+06
302898.78,333193.78
302898.78,297770.62
2.6026912e+06,1.6793786e+06
2.6026912e+06,1.6866702e+06
2.6026912e+06,1.6777956e+06
742357.1,1.01416494e+06
742357.1,1.0190658e+06
742357.1,1.02695294e+06
742357.1,1.02395694e+06
742357.1,1.03255144e+06
742357.1,1.0018806e+06
742357.1,998930.06
742357.1,999183.4
742357.1,997834.44
642673.56,988579.2
642673.56,1.0031555e+06
630314.3,1.0209467e+06
630314.3,1.01839406e+06
630314.3,1.0377556e+06
630314.3,1.0186022e+06
630314.3,1.00953275e+06
630314.3,990834.25
630314.3,996440.6
630314.3,1.0431521e+06
980170.8,1.1214605e+06
980170.8,1.1196708e+06
980170.8,1.1232521e+06
980170.8,1.1265092e+06
980170.8,1.1270106e+06
980170.8,1.1207988e+06
980170.8,1.124302e+06
980170.8,1.0981494e+06
980170.8,1.0969524e+06
980170.8,1.094052e+06
980170.8,1.094294e+06
980170.8,1.0961121e+06
980170.8,1.1193402e+06
350197.53,223664.77
350197.53,223571.64
470494.9,608151.6
470494.9,613824.75
470494.9,606455.44
470494.9,578811.3
470494.9,591699.5
1.2103976e+06,1.1590202e+06
1.2103976e+06,1.1790015e+06
222313.1,147528.08
222313.1,136379.33
222313.1,129745.7
753279.5,1.05501e+06
753279.5,1.0416858e+06
533529.75,624198.1
747108.56,1.02588975e+06
747108.56,1.01779206e+06
762686.7,954426.8
762686.7,959107.8
740934.06,1.00003394e+06
740934.06,1.0473177e+06
725521.2,973364.06
725521.2,1.01255244e+06
725521.2,976909.7
322163.97,194180.61
322163.97,181369.73
698945.4,943193.0
698945.4,981866.6
637236.56,725748.44
637236.56,742155.75
637236.56,714746.94
560160.6,688629.2
560160.6,692202.44
560160.6,700749.3
560160.6,672360.25
560160.6,700027.4
221580.4,238063.02
221580.4,237216.64
210741.64,126865.14
210741.64,117507.64
209629.72,115702.95
209629.72,128387.89
756272.6,965079.3
756272.6,1.0099406e+06
295816.2,326511.06
295816.2,295491.6
428429.5,592984.25
428429.5,584241.4
428429.5,601533.25
428429.5,574984.6
366617.06,437293.4
2.4692272e+06,1.6765306e+06
2.4692272e+06,1.673649e+06
803897.8,965484.8
803897.8,1.0049191e+06
271250.9,145244.42
271250.9,142637.7
844440.56,1.0806251e+06
844440.56,1.0824164e+06
844440.56,1.0780721e+06
844440.56,1.0825561e+06
844440.56,1.0792874e+06
844440.56,1.0960215e+06
844440.56,1.0974132e+06
844440.56,1.0830556e+06
531504.1,598536.4
1.2356872e+06,1.2044166e+06
1.2356872e+06,1.2000725e+06
1.2356872e+06,1.2009789e+06
1.2356872e+06,1.2041758e+06
1.2356872e+06,1.2039791e+06
1.2356872e+06,1.2104862e+06
1.2356872e+06,1.2131575e+06
1.2356872e+06,1.201654e+06
1.2356872e+06,1.2059996e+06
373835.9,556382.1
373835.9,564024.44
685783.06,957270.94
685783.06,961915.1
328548.78,206316.52
328548.78,211506.55
328548.78,213426.3
605833.1,841321.25
605833.1,869247.7
697396.7,965495.56
697396.7,970863.5
697396.7,978595.2
697396.7,975510.25
697396.7,966908.94
697396.7,972877.4
697396.7,951350.25
697396.7,943500.3
697396.7,943869.6
697396.7,973957.8
382298.66,551630.1
382298.66,552926.9
382298.66,556493.8
382298.66,535403.44
382298.66,524415.5
417851.06,541346.94
417851.06,544139.25
417851.06,530027.2
417851.06,549222.06
601107.25,855597.5
601107.25,857856.1
601107.25,862153.5
601107.25,877969.5
601107.25,868381.06
601107.25,832629.8
841822.44,775237.1
841822.44,817654.25
2.4466672e+06,1.6776741e+06
2.4466672e+06,1.6703919e+06
549645.75,889545.75
549645.75,901882.25
549645.75,907845.0
398393.56,533295.6
398393.56,526617.4
588899.3,917301.7
588899.3,940685.3
831931.9,910344.3
831931.9,922749.5
831931.9,922944.94
831931.9,909876.5
831931.9,924859.56
831931.9,897486.75
831931.9,885783.2
831931.9,915930.6
831931.9,894671.5
831931.9,946500.4
728280.3,1.0375684e+06
728280.3,1.0046511e+06
185315.69,226903.7
185315.69,223945.77
1.3636738e+06,1.2244376e+06
459371.75,618684.94
459371.75,628356.25
572953.25,982243.94
572953.25,967847.4
572953.25,981211.06
572953.25,978983.06
572953.25,977805.25
572953.25,940441.3
572953.25,939043.25
572953.25,960838.6
572953.25,959808.1
799641.44,1.0591665e+06
799641.44,1.0572698e+06
799641.44,1.0775989e+06
799641.44,1.0590351e+06
799641.44,1.064133e+06
799641.44,1.0612838e+06
799641.44,1.066713e+06
245791.81,138199.83
245791.81,129006.95
591669.5,1.04853044e+06
2.635504e+06,1.6711289e+06
2.635504e+06,1.6783676e+06
2.635504e+06,1.6750461e+06
560309.9,661520.8
560309.9,684190.9
368813.8,313248.25
368813.8,328239.12
368813.8,323298.2
301608.53,176658.39
301608.53,189040.8
301608.53,162608.98
598781.5,671904.56
598781.5,653428.44
598781.5,656425.2
606086.9,837902.5
606086.9,841626.06
606086.9,854546.8
606086.9,835695.1
606086.9,835934.06
606086.9,863221.1
573022.56,725581.44
573022.56,730788.94
573022.56,729555.2
573022.56,715635.25
463745.3,597929.44
463745.3,598464.0
463745.3,626118.75
465228.16,504765.0
465228.16,489516.9
465228.16,472970.4
366234.62,420372.5
366234.62,415416.4
189013.33,118124.58
189013.33,110055.766
896476.1,863879.44
896476.1,887655.9
896476.1,825031.4
396358.97,553734.3
396358.97,573876.25
415536.94,386878.25
415536.94,387842.22
601133.4,989319.7
601133.4,1.0308769e+06
601133.4,987168.8
601133.4,1.00376625e+06
601133.4,994664.8
601133.4,998059.4
601133.4,1.01075556e+06
547323.4,959101.06
547323.4,984582.5
547323.4,979449.44
319134.53,436731.6
319134.53,431650.28
319134.53,415091.5
231500.67,132266.64
231500.67,130340.45
964171.44,1.1356398e+06
964171.44,1.1270452e+06
964171.44,1.1405349e+06
964171.44,1.1154104e+06
964171.44,1.1206482e+06
964171.44,1.1222606e+06
964171.44,1.1224895e+06
964171.44,1.0931402e+06
964171.44,1.0976514e+06
964171.44,1.0961482e+06
964171.44,1.1003256e+06
964171.44,1.0982578e+06
964171.44,1.1107295e+06
2.4556898e+06,1.662521e+06
2.4556898e+06,1.6597041e+06
573328.25,816397.2
573328.25,831750.7
573328.25,814247.9
612276.94,955703.3
612276.94,989258.6
612276.94,964277.4
612276.94,956126.94
612276.94,981429.56
612276.94,955604.25
612276.94,943330.75
612276.94,968586.6
445247.78,504507.22
445247.78,511361.78
445247.78,511645.53
445247.78,499762.25
310321.06,196939.86
310321.06,197577.02
310321.06,184000.02
465952.5,521440.53
465952.5,518368.6
465952.5,511683.9
559228.8,716767.2
559228.8,725064.3
559228.8,707321.6
559228.8,739436.6
210268.58,125573.766
210268.58,121930.266
210268.58,115822.266
721573.6,1.0598369e+06
2.2979512e+06,1.6287382e+06
2.2979512e+06,1.6310009e+06
810573.4,948742.9
810573.4,949747.56
810573.4,946839.3
810573.4,945039.25
810573.4,909405.8
810573.4,911977.9
366391.0,521405.84
366391.0,528303.44
645111.9,1.0070542e+06
645111.9,991261.25
2.596153e+06,1.6490284e+06
2.596153e+06,1.6558548e+06
2.596153e+06,1.6497972e+06
2.596153e+06,1.6590274e+06
2.596153e+06,1.6513902e+06
2.596153e+06,1.6532622e+06
2.596153e+06,1.6497972e+06
2.596153e+06,1.6600431e+06
2.596153e+06,1.6546758e+06
2.596153e+06,1.6500346e+06
2.596153e+06,1.6541608e+06
2.596153e+06,1.6492234e+06
2.596153e+06,1.6456932e+06
2.596153e+06,1.6491984e+06
2.596153e+06,1.6563202e+06
2.596153e+06,1.65262e+06
445534.66,484240.56
445534.66,478169.03
549771.7,908829.44
549771.7,953563.6
575086.2,794007.5
575086.2,810298.0
2.6549592e+06,1.6617604e+06
2.6549592e+06,1.6744111e+06
397691.62,565485.9
397691.62,577069.1
397691.62,557363.75
397691.62,537519.8
397691.62,543309.0
397691.62,553693.94
544386.8,956338.2
544386.8,925449.44
659405.3,947263.75
659405.3,980071.94
649276.25,990736.6
649276.25,989482.8
203352.1,138204.7
203352.1,117260.33
589457.6,723116.0
589457.6,726831.44
589457.6,703869.94
507616.03,508166.75
507616.03,487764.7
754663.75,1.02920806e+06
754663.75,1.0297281e+06
754663.75,1.0239792e+06
754663.75,1.02930744e+06
754663.75,1.01891144e+06
754663.75,1.0164057e+06
754663.75,986494.75
754663.75,989196.3
754663.75,987069.4
461429.12,472671.44
461429.12,465106.62
341227.66,509748.28
341227.66,508480.88
528693.5,937168.75
528693.5,960429.44
399850.12,262022.58
399850.12,266522.97
399850.12,252111.17
285688.22,233514.42
285688.22,220750.39
285688.22,230365.61
373537.88,322037.34
373537.88,318187.1
361013.53,224739.36
361013.53,204395.11
344615.66,210868.77
344615.66,219697.92
631605.0,950667.75
631605.0,969310.25
631605.0,989932.06
631605.0,964394.8
631605.0,948725.1
631605.0,1.00091575e+06
597408.94,722033.3
597408.94,722637.1
597408.94,741959.7
597408.94,708444.06
597408.94,702798.0
597408.94,757790.9
299736.34,339219.88
299736.34,345733.12
507201.25,622027.75
507201.25,609062.4
507201.25,594224.3
507201.25,586111.7
565750.94,677957.2
565750.94,669458.9
565750.94,691427.8
565750.94,679426.9
565750.94,698660.2
875742.56,1.0277867e+06
875742.56,1.01771856e+06
875742.56,1.0477177e+06
875742.56,1.0287691e+06
875742.56,1.0173294e+06
875742.56,1.01771856e+06
875742.56,1.0594812e+06
702391.1,617903.75
702391.1,684818.94
2.2925412e+06,1.6278791e+06
2.2925412e+06,1.6306652e+06
2.2925412e+06,1.6280526e+06
965000.6,1.060599e+06
965000.6,1.0539311e+06
965000.6,1.0613689e+06
965000.6,1.0513801e+06
965000.6,1.02897625e+06
965000.6,1.0272495e+06
965000.6,1.0302671e+06
965000.6,1.02548094e+06
764191.25,905992.25
764191.25,905844.06
764191.25,897249.6
764191.25,894199.44
764191.25,883791.8
864219.1,1.0084469e+06
864219.1,1.02347856e+06
247645.61,247669.77
247645.61,225667.98
695266.06,803053.56
695266.06,837866.9
366460.72,228390.23
366460.72,229845.77
298004.5,287220.47
298004.5,282557.66
298004.5,263778.6
809738.2,1.0246405e+06
809738.2,1.04107806e+06
809738.2,1.014972e+06
322212.8,279862.72
322212.8,281811.22
344384.47,358367.8
344384.47,354378.94
344384.47,353654.66
344384.47,337074.25
437196.47,506258.03
437196.47,476919.47
576757.8,735149.8
576757.8,721302.94
576757.8,715109.25
576757.8,730431.94
576757.8,707853.0
515621.06,588460.5
515621.06,585517.2
420440.6,456017.0
420440.6,445163.5
451237.5,420944.06
451237.5,420358.03
622289.44,763008.1
622289.44,770607.0
515762.25,753555.2
515762.25,760799.06
774319.25,999762.8
774319.25,1.0199359e+06
534127.94,598878.3
606456.5,823262.56
606456.5,795578.25
606456.5,807151.44
606456.5,786592.0
606456.5,786592.0
167062.38,199660.61
167062.38,191735.58
417297.28,244181.73
417297.28,235057.39
431776.4,551302.1
431776.4,534381.0
695561.4,944551.5
695561.4,957314.2
695561.4,937064.0
695561.4,952445.2
695561.4,924337.2
695561.4,928228.7
695561.4,909686.5
1.2575769e+06,1.1310654e+06
1.2575769e+06,1.1427232e+06
1.2575769e+06,1.117801e+06
365027.22,432801.03
365027.22,411153.4
800938.7,790470.25
800938.7,806985.7
625556.7,913709.1
625556.7,911841.06
625556.7,926140.06
625556.7,933208.56
625556.7,909392.9
625556.7,911933.56
625556.7,909573.6
625556.7,893158.4
436652.34,567788.94
436652.34,582939.75
436652.34,579115.3
436652.34,554469.94
436652.34,549661.75
693992.6,942666.94
693992.6,993155.8
270133.75,318218.28
270133.75,299667.9
270133.75,303171.2
378202.94,584858.2
378202.94,575855.06
378202.94,567218.2
562312.8,903623.4
562312.8,928607.2
715508.06,1.03116456e+06
715508.06,1.02772294e+06
715508.06,1.0307141e+06
715508.06,1.0419805e+06
715508.06,1.0311662e+06
715508.06,1.0497908e+06
715508.06,999410.1
715508.06,1.0053862e+06
715508.06,1.0059104e+06
715508.06,1.0055671e+06
321724.47,259968.95
321724.47,269725.0
321724.47,266331.16
687102.2,855734.9
687102.2,862787.44
687102.2,849771.56
687102.2,865109.4
687102.2,847392.44
687102.2,868709.94
269446.53,266040.38
269446.53,243494.98
615428.94,833898.9
615428.94,820242.2
615428.94,841397.9
615428.94,816131.3
615428.94,805147.2
615428.94,805586.25
615428.94,816124.0
182247.6,211843.36
182247.6,195278.83
465025.6,561189.7
465025.6,511394.4
896842.9,843179.8
896842.9,894696.44
784907.2,1.0163569e+06
784907.2,1.03200444e+06
471020.62,595010.9
471020.62,597185.4
2.360285e+06,1.6346316e+06
2.360285e+06,1.631386e+06
759509.94,1.01761375e+06
759509.94,1.0263679e+06
509860.84,773345.1
509860.84,735116.8
391439.7,463215.84
391439.7,469008.28
391439.7,464107.4
763285.75,1.01309625e+06
763285.75,1.0219044e+06
301524.56,308012.38
301524.56,316287.53
301524.56,307349.9
577304.25,546768.0
577304.25,541840.25
577304.25,542689.25
577304.25,532347.25
2.7833618e+06,1.7107224e+06
2.7833618e+06,1.7080002e+06
576581.8,696667.75
576581.8,695011.7
406687.6,562691.8
406687.6,575480.25
673012.44,983450.6
673012.44,968539.5
426064.84,443713.25
426064.84,450493.16
426064.84,452865.06
426064.84,441744.88
403886.12,486696.8
403886.12,480629.7
574085.0,582756.3
574085.0,588759.9
574085.0,565139.5
574085.0,569806.06
743870.0,853545.44
743870.0,844684.4
743870.0,845335.9
743870.0,817370.8
743870.0,857905.5
310234.8,171510.52
569012.7,700147.9
569012.7,686277.75
569012.7,697975.94
569012.7,666706.3
362684.75,237779.3
362684.75,226172.8
580379.2,930448.0
580379.2,905169.94
676645.8,925616.4
676645.8,928213.9
676645.8,919440.3
676645.8,914967.7
676645.8,908840.8
676645.8,907540.94
676645.8,920235.9
409981.72,485089.25
689630.25,838222.3
689630.25,837926.75
689630.25,850318.0
689630.25,831544.94
689630.25,838273.3
885233.94,1.1005568e+06
885233.94,1.084601e+06
885233.94,1.1026639e+06
885233.94,1.0877945e+06
885233.94,1.0871354e+06
885233.94,1.087501e+06
885233.94,1.1014625e+06
885233.94,1.0586556e+06
885233.94,1.0592801e+06
885233.94,1.0604049e+06
815006.25,810453.25
815006.25,791243.2
566848.94,760566.0
566848.94,756488.94
573767.75,690709.9
573767.75,687338.6
573767.75,641887.94
573767.75,660172.8
611180.8,833656.94
611180.8,861700.75
825387.2,934293.6
825387.2,936735.7
825387.2,962235.06
825387.2,929283.4
825387.2,928314.94
825387.2,946874.3
825387.2,911554.8
825387.2,897351.94
825387.2,906898.5
825387.2,958741.9
702718.1,969498.9
702718.1,954246.75
702718.1,961797.94
702718.1,962589.75
702718.1,955870.3
702718.1,961161.2
702718.1,960278.06
702718.1,961904.6
702718.1,966100.75
252419.08,284973.2
662587.06,1.0185799e+06
662587.06,1.0256283e+06
662587.06,1.0271362e+06
662587.06,1.0185799e+06
662587.06,1.03457056e+06
662587.06,1.01786706e+06
662587.06,991100.56
662587.06,987815.9
662587.06,991606.44
546765.1,896541.56
546765.1,867109.9
433732.16,557560.2
433732.16,575422.1
574456.4,990538.7
574456.4,957148.25
182660.89,212927.08
182660.89,198151.98
596773.5,976610.1
1.4474391e+06,1.2711205e+06
1.4474391e+06,1.2729235e+06
1.4474391e+06,1.2729332e+06
1.4474391e+06,1.2707729e+06
1.4474391e+06,1.289314e+06
1.4474391e+06,1.2830621e+06
1.4474391e+06,1.2830809e+06
1.4474391e+06,1.2719435e+06
1.4474391e+06,1.2830796e+06
1.4474391e+06,1.2572665e+06
1.4474391e+06,1.2600902e+06
1.4474391e+06,1.2526004e+06
1.4474391e+06,1.2548288e+06
1.4474391e+06,1.2531142e+06
1.4474391e+06,1.2486482e+06
1.4474391e+06,1.2829752e+06
380276.3,546392.4
380276.3,531670.25
427268.75,440216.03
427268.75,455911.34
427268.75,446199.97
427268.75,431435.38
605167.3,667687.3
605167.3,660895.06
420699.06,568852.4
420699.06,568215.44
420699.06,566445.94
420699.06,562287.9
408786.9,530314.44
408786.9,555284.0
603185.75,748622.1
603185.75,750598.9
309526.03,319027.62
309526.03,319389.84
309526.03,328071.75
309526.03,311036.88
599366.9,818029.25
599366.9,822513.94
859138.4,1.0949658e+06
859138.4,1.0917525e+06
859138.4,1.0955502e+06
859138.4,1.0900416e+06
859138.4,1.0942494e+06
859138.4,1.1091025e+06
859138.4,1.0656966e+06
859138.4,1.0654082e+06
859138.4,1.0635522e+06
859138.4,1.0655521e+06
859138.4,1.0685925e+06
859138.4,1.098425e+06
652077.8,966484.3
652077.8,966442.56
652077.8,962156.4
652077.8,962415.6
652077.8,967154.7
652077.8,963502.56
652077.8,962611.56
652077.8,940715.9
652077.8,937265.1
652077.8,941215.0
652077.8,941215.0
652077.8,938946.9
652077.8,969158.56
604904.4,960473.9
604904.4,1.02715025e+06
449464.6,525451.94
449464.6,519602.0
561448.25,985216.06
561448.25,1.00719944e+06
561448.25,925193.5
212057.16,124816.64
212057.16,124069.766
876639.44,975047.1
876639.44,973458.3
876639.44,971311.4
876639.44,975047.1
876639.44,954488.0
876639.44,961771.8
876639.44,952536.5
876639.44,964947.0
628171.06,932796.4
554246.4,887209.56
554246.4,851547.56
789343.9,1.0123887e+06
789343.9,1.0273989e+06
697945.2,828814.0
697945.2,843038.06
697945.2,823157.94
697945.2,797147.1
697945.2,798010.4
697945.2,817340.1
406846.6,554247.7
406846.6,551751.44
406846.6,554063.56
406846.6,545015.3
752979.6,971240.25
752979.6,979487.44
752979.6,962689.25
752979.6,980109.56
752979.6,972376.7
752979.6,980407.25
752979.6,938830.25
752979.6,938374.4
752979.6,940110.5
752979.6,962160.94
458745.2,463461.16
458745.2,435953.6
605305.75,850967.3
605305.75,844617.44
605305.75,851669.6
605305.75,851394.5
539473.4,936728.06
539473.4,942633.56
641543.6,913678.4
641543.6,929818.94
578398.75,861791.44
578398.75,877371.0
738519.4,895673.5
738519.4,889258.1
738519.4,895283.56
738519.4,869142.7
365875.94,403638.7
365875.94,405481.5
365875.94,415220.03
365875.94,390424.9
761284.6,1.0451013e+06
761284.6,1.040016e+06
867233.94,1.0739188e+06
867233.94,1.0750219e+06
867233.94,1.0551234e+06
867233.94,1.0574182e+06
867233.94,1.058825e+06
867233.94,1.0318745e+06
867233.94,1.0314226e+06
867233.94,1.0308873e+06
867233.94,1.03976444e+06
232120.67,163623.36
232120.67,157858.92
510785.62,653234.4
510785.62,661948.5
510785.62,673561.2
510785.62,652332.3
510785.62,646143.1
787888.06,1.0320914e+06
787888.06,1.0546974e+06
787888.06,1.0381642e+06
787888.06,1.03102194e+06
787888.06,1.0316202e+06
787888.06,1.02279775e+06
787888.06,1.0103911e+06
787888.06,1.00930956e+06
1.2413192e+06,1.1846188e+06
1.2413192e+06,1.1910932e+06
1.2413192e+06,1.171423e+06
874271.56,1.0626846e+06
463657.5,435335.06
463657.5,481259.72
463657.5,416372.72
604744.3,825132.6
604744.3,801242.94
581289.1,917074.06
581289.1,932483.8
263229.38,278097.78
263229.38,301806.7
263229.38,277995.3
295879.06,306677.47
295879.06,306424.28
584162.1,822259.8
584162.1,818577.75
703041.6,750359.56
703041.6,755775.8
703041.6,742330.6
703041.6,739795.56
529989.1,860685.25
529989.1,856756.6
662940.4,945601.44
662940.4,968242.6
594307.75,849693.1
594307.75,843557.94
594307.75,838059.7
357892.1,232248.05
357892.1,229777.39
357892.1,237562.27
582013.75,975192.06
582013.75,980368.94
582013.75,979898.06
582013.75,975223.6
582013.75,974351.06
582013.75,974312.06
582013.75,960551.44
582013.75,956243.9
582013.75,956673.7
582013.75,950175.2
367955.25,243795.08
367955.25,241655.17
367955.25,246106.89
367955.25,233551.52
912504.25,894432.44
912504.25,829306.25
677022.56,712064.6
677022.56,727014.75
677022.56,709654.6
677022.56,706284.06
677022.56,704558.3
475384.88,645275.25
475384.88,653221.3
475384.88,632285.8
475384.88,629707.94
947489.5,1.1024411e+06
947489.5,1.1019404e+06
947489.5,1.1028539e+06
947489.5,1.1068842e+06
947489.5,1.1073892e+06
947489.5,1.1017682e+06
947489.5,1.1077908e+06
947489.5,1.0797508e+06
947489.5,1.0850321e+06
947489.5,1.081355e+06
947489.5,1.0810634e+06
947489.5,1.082252e+06
947489.5,1.1147232e+06
376759.1,561194.7
376759.1,558004.3
364086.78,543105.4
364086.78,531188.56
417722.38,483566.44
417722.38,482530.97
417722.38,468204.1
273755.56,213234.2
273755.56,221705.17
273755.56,219434.98
240296.56,189744.89
240296.56,193673.45
240296.56,195587.67
311287.62,167771.11
311287.62,175410.73
694129.0,734917.6
694129.0,731667.3
512386.53,485216.56
512386.53,488453.88
512386.53,493056.47
512386.53,487974.9
588146.94,932045.2
588146.94,955283.7
905109.0,1.0711406e+06
905109.0,1.0794126e+06
905109.0,1.0646392e+06
905109.0,1.0691165e+06
905109.0,1.0664176e+06
905109.0,1.068171e+06
905109.0,1.0346789e+06
905109.0,1.0299927e+06
905109.0,1.0363018e+06
905109.0,1.0530422e+06
905109.0,1.0661018e+06
465404.16,468803.2
465404.16,465760.3
465404.16,452801.38
465404.16,453415.84
709403.94,1.01237706e+06
709403.94,1.0039949e+06
709403.94,1.02359344e+06
709403.94,1.0047446e+06
709403.94,1.0285914e+06
709403.94,1.0104656e+06
709403.94,1.02354944e+06
757397.25,1.0604854e+06
388736.12,456227.06
388736.12,445738.0
645570.3,726532.75
645570.3,745338.44
755012.1,1.0586579e+06
755012.1,1.0450885e+06
755012.1,1.02699625e+06
267946.06,221755.42
267946.06,227628.42
586554.4,746714.0
586554.4,740037.2
1.1020058e+06,1.0795545e+06
1.1020058e+06,1.0550181e+06
303966.16,208384.42
303966.16,209591.7
303966.16,209008.05
457736.34,523289.2
457736.34,514285.94
406975.2,561918.7
406975.2,551321.5
406975.2,560567.1
406975.2,552265.7
471953.75,547148.6
471953.75,514746.78
599174.5,840696.44
599174.5,840682.75
584025.6,676637.8
584025.6,689888.94
2.4236788e+06,1.6488902e+06
836507.44,920708.5
836507.44,901176.1
836507.44,918541.56
836507.44,915234.44
836507.44,900514.2
836507.44,884754.7
836507.44,884754.7
836507.44,926911.0
1.2061788e+06,1.091677e+06
1.2061788e+06,1.111348e+06
1.2061788e+06,1.0819021e+06
595803.0,924922.5
595803.0,942820.06
595803.0,920972.9
429024.94,488902.53
429024.94,490232.12
350004.2,232088.2
350004.2,218351.23
569919.94,706199.94
569919.94,688853.44
569919.94,699111.44
569919.94,679018.6
569919.94,685772.4
484475.44,504266.66
484475.44,497112.53
484475.44,501632.2
484475.44,484924.9
826954.25,1.0678745e+06
826954.25,1.0686181e+06
826954.25,1.0711472e+06
826954.25,1.0731186e+06
826954.25,1.06996e+06
826954.25,1.0683121e+06
826954.25,1.0832761e+06
348287.6,380221.06
348287.6,355083.03
348287.6,360898.88
348287.6,347901.1
348287.6,348829.97
348287.6,353193.2
611285.9,716514.4
611285.9,708564.44
611285.9,731188.8
611285.9,691531.94
611285.9,692423.56
611285.9,720873.0
219944.27,142273.2
219944.27,137831.45
646162.06,955428.56
646162.06,983916.4
1.1712649e+06,1.0634626e+06
1.1712649e+06,1.1184519e+06
697157.94,1.0512752e+06
697157.94,1.03193706e+06
697157.94,1.0335738e+06
697157.94,1.03368206e+06
697157.94,1.0267915e+06
697157.94,1.0371229e+06
697157.94,1.0148184e+06
697157.94,1.02245644e+06
697157.94,1.0013486e+06
697157.94,1.0221619e+06
634994.44,942437.56
634994.44,967656.7
681361.5,885521.5
681361.5,868805.7
514004.7,628159.3
514004.7,633994.4
514004.7,625563.56
856588.75,1.01579106e+06
856588.75,1.0469437e+06
575826.0,747750.75
575826.0,741203.6
575826.0,779698.06
418372.72,262073.67
418372.72,274747.06
418372.72,255800.89
531829.5,730306.94
531829.5,718854.1
531829.5,735446.9
531829.5,729240.4
531829.5,724461.25
531829.5,694638.9
531829.5,688211.44
531829.5,693468.75
531829.5,698337.44
660881.94,976597.6
660881.94,1.01189625e+06
660881.94,975696.6
1.2323522e+06,1.1266361e+06
1.2323522e+06,1.1099461e+06
729143.2,996930.8
729143.2,1.01219744e+06
825450.94,1.0048901e+06
825450.94,965288.6
825450.94,970623.6
825450.94,969049.44
825450.94,946162.25
825450.94,940133.4
825450.94,955039.75
647017.1,1.01467175e+06
647017.1,1.0029693e+06
647017.1,1.01355706e+06
647017.1,1.01348606e+06
647017.1,1.01348606e+06
647017.1,1.00092106e+06
647017.1,1.0142221e+06
728353.56,1.03252556e+06
728353.56,1.0396559e+06
728353.56,1.0396559e+06
728353.56,1.0503362e+06
728353.56,1.03285775e+06
728353.56,1.03783275e+06
728353.56,1.0078484e+06
728353.56,1.0292001e+06
728353.56,1.0132214e+06
728353.56,1.0284196e+06
728353.56,1.0307211e+06
728353.56,1.0355404e+06
635341.1,741772.44
635341.1,807470.2
610367.2,824666.56
610367.2,839076.7
610367.2,792857.75
577477.1,667475.7
577477.1,672457.3
577477.1,656818.4
577477.1,689120.75
522495.4,697501.9
522495.4,683144.5
514334.16,721270.5
435968.6,566177.06
435968.6,582511.25
435968.6,575574.9
843807.5,1.00740556e+06
843807.5,1.00769106e+06
598098.75,961652.7
598098.75,962564.06
598098.75,958095.06
598098.75,961278.56
598098.75,962327.3
598098.75,961239.06
598098.75,956557.94
598098.75,947052.56
598098.75,935486.7
598098.75,947871.56
932461.5,1.0605722e+06
932461.5,1.0679681e+06
932461.5,1.0697955e+06
932461.5,1.0646102e+06
932461.5,1.0734221e+06
932461.5,1.060103e+06
562498.94,759649.7
562498.94,785356.9
563689.56,726194.8
563689.56,754656.4
478847.62,580780.4
478847.62,581193.5
478847.62,598265.1
1.0463356e+06,964405.1
1.0463356e+06,971126.8
1.0463356e+06,951201.0
1.0463356e+06,962950.6
1.0463356e+06,967619.8
1.0463356e+06,927535.44
1.0463356e+06,940341.7
860993.56,948908.5
860993.56,946473.94
590895.56,726658.0
590895.56,719070.6
490096.62,599792.4
490096.62,591314.8
430787.16,383054.9
430787.16,403298.94
430787.16,381899.9
523968.9,667813.5
523968.9,677709.4
523968.9,673747.0
523968.9,647711.4
1.2604819e+06,1.1630061e+06
1.2604819e+06,1.155962e+06
1.2604819e+06,1.1462106e+06
1.2604819e+06,1.1667909e+06
1.2604819e+06,1.1501806e+06
1.2604819e+06,1.1618452e+06
1.2604819e+06,1.1462106e+06
1.2604819e+06,1.1317042e+06
1.2604819e+06,1.1362218e+06
1.2604819e+06,1.1282148e+06
1.2604819e+06,1.1294035e+06
1.2604819e+06,1.1292036e+06
706585.75,846575.94
706585.75,828682.6
173497.98,208043.95
173497.98,210994.42
173497.98,195861.33
638934.25,911684.94
638934.25,907255.4
638934.25,910529.06
638934.25,905792.44
638934.25,893323.1
638934.25,890913.0
535541.8,798667.5
535541.8,787400.9
535541.8,794551.5
535541.8,795726.3
714413.7,949627.94
714413.7,1.0048122e+06
336188.56,222745.77
336188.56,227454.39
336188.56,213470.42
405617.72,327588.38
405617.72,308640.62
576839.06,716042.94
576839.06,718160.4
208023.8,173805.14
342794.84,463574.38
342794.84,455920.78
724347.75,1.01290994e+06
724347.75,1.0215548e+06
724347.75,1.0297087e+06
724347.75,1.0201283e+06
724347.75,1.025647e+06
724347.75,1.0252074e+06
724347.75,1.0425688e+06
447373.56,611208.5
447373.56,614761.94
447373.56,620543.2
447373.56,583750.8
447373.56,597497.6
637472.5,884965.44
637472.5,861087.94
396873.78,466784.6
396873.78,453661.34
488270.2,649839.44
488270.2,654652.6
488270.2,665511.1
488270.2,662455.0
488270.2,644596.9
352659.12,369532.97
352659.12,344747.16
595387.25,961741.75
595387.25,956128.06
595387.25,952757.94
595387.25,952854.56
595387.25,950863.94
595387.25,952006.1
595387.25,956896.06
595387.25,950012.44
485618.25,970484.9
485618.25,974941.25
540524.6,646118.6
540524.6,638381.1
540524.6,629799.1
559495.3,920467.8
559495.3,952279.1
605195.5,603057.75
605195.5,598882.5
605195.5,617837.3
605195.5,614776.8
558320.5,674685.1
558320.5,668339.8
191470.23,132286.58
191470.23,138404.52
191470.23,120483.266
740367.4,902194.75
740367.4,883767.3
740367.4,886351.44
740367.4,891444.7
522184.0,732979.5
522184.0,752247.25
522184.0,730330.0
522184.0,718940.1
522184.0,718966.4
522184.0,756857.75
603782.94,743138.25
603782.94,739274.06
360855.94,521631.22
360855.94,538061.6
333063.6,238711.27
333063.6,233792.45
333063.6,233037.95
333063.6,224481.3
418605.3,421437.94
572381.25,920677.75
572381.25,912134.6
544701.3,776444.7
544701.3,810035.5
690817.3,1.0044138e+06
690817.3,1.00535e+06
690817.3,1.00468025e+06
690817.3,1.0128075e+06
690817.3,1.0051925e+06
690817.3,1.0023626e+06
804151.25,930428.75
804151.25,947804.9
245110.7,196640.45
245110.7,208057.89
1.2127994e+06,1.1177689e+06
1.2127994e+06,1.1312274e+06
475690.94,538900.75
754483.2,995353.2
754483.2,1.04829325e+06
425219.06,567672.0
425219.06,582620.2
1.1982235e+06,1.1895314e+06
1.1982235e+06,1.1726565e+06
566105.25,974107.7
566105.25,974928.06
566105.25,973908.2
566105.25,978922.2
566105.25,977076.2
566105.25,974077.2
566105.25,974786.2
566105.25,983157.56
466740.0,572067.2
466740.0,575077.94
475063.75,526465.25
475063.75,538439.5
475063.75,551299.1
271060.34,304399.7
271060.34,305977.6
271060.34,321145.1
271060.34,322499.0
651609.44,775262.7
651609.44,769742.6
651609.44,778189.2
651609.44,752645.1
452970.0,410497.16
452970.0,410497.16
452970.0,416736.2
1.0945029e+06,1.1632461e+06
1.0945029e+06,1.1640276e+06
1.0945029e+06,1.1662269e+06
1.0945029e+06,1.1627699e+06
1.0945029e+06,1.1754812e+06
1.0945029e+06,1.1642351e+06
1.0945029e+06,1.1746242e+06
1.0945029e+06,1.1772304e+06
863223.25,1.0083279e+06
863223.25,997274.4
863223.25,997857.06
863223.25,1.0004383e+06
863223.25,1.00864106e+06
863223.25,1.00033175e+06
863223.25,1.045677e+06
970031.56,1.0275433e+06
970031.56,1.0380049e+06
970031.56,1.02255825e+06
970031.56,1.0191831e+06
970031.56,1.0140818e+06
970031.56,1.0585845e+06
954750.8,977282.56
954750.8,1.00689125e+06
768490.56,813435.8
768490.56,867684.5
603029.4,594545.9
603029.4,588932.25
646134.56,1.0325981e+06
646134.56,1.0105841e+06
646134.56,1.0163455e+06
646134.56,1.00926694e+06
646134.56,1.007484e+06
646134.56,975932.75
646134.56,976289.8
646134.56,977684.44
631405.44,958802.06
631405.44,961155.3
631405.44,953837.0
631405.44,958576.25
631405.44,956878.9
631405.44,959610.3
631405.44,941424.7
631405.44,944371.1
631405.44,928271.7
631405.44,931594.0
1.0071098e+06,1.0929092e+06
1.0071098e+06,1.1328354e+06
482399.2,663489.4
482399.2,667856.7
511537.12,486337.72
511537.12,505061.47
445551.38,412417.94
445551.38,418846.97
707190.3,961965.25
707190.3,983807.1
707190.3,972636.44
1.1670686e+06,1.171213e+06
1.1670686e+06,1.1817074e+06
169621.75,144952.23
404304.9,238596.02
404304.9,246243.48
454419.06,511262.7
454419.06,514344.03
454419.06,526055.3
454419.06,508238.3
789751.4,1.0176223e+06
789751.4,1.0200853e+06
789751.4,1.0425888e+06
789751.4,1.02494175e+06
789751.4,1.0263836e+06
789751.4,1.0013138e+06
789751.4,998426.9
789751.4,1.0179654e+06
703976.4,726193.06
703976.4,725354.4
703976.4,720116.7
703976.4,704589.3
703976.4,704181.06
309781.53,459141.88
309781.53,474503.8
629891.25,898139.8
629891.25,885209.8
221451.22,128669.83
221451.22,123059.64
492520.3,486662.06
492520.3,486112.22
694941.06,947059.3
694941.06,1.0028709e+06
578657.8,669731.94
578657.8,664794.44
578657.8,677190.8
578657.8,670758.44
603623.0,923531.9
603623.0,937193.8
542295.6,609835.6
542295.6,595436.56
697668.94,657388.8
697668.94,644779.8
697668.94,647286.56
777054.1,1.04668894e+06
745234.44,781144.8
745234.44,761892.9
871939.2,1.01493825e+06
871939.2,1.02295225e+06
871939.2,1.01891975e+06
871939.2,1.0103955e+06
871939.2,992783.0
871939.2,992006.9
871939.2,990934.06
871939.2,996811.94
960906.44,927890.94
960906.44,926673.25
960906.44,925925.56
960906.44,951381.44
960906.44,918214.56
960906.44,900506.7
960906.44,886114.6
960906.44,959217.2
491023.1,684148.3
491023.1,690915.0
712588.0,1.0291891e+06
712588.0,1.02200475e+06
712588.0,1.0169721e+06
712588.0,1.02086544e+06
712588.0,1.0384483e+06
712588.0,1.0257545e+06
712588.0,1.04199006e+06
1.2760092e+06,1.1944295e+06
484748.4,652073.7
484748.4,655934.7
1.0964178e+06,1.1739108e+06
1.0964178e+06,1.1740528e+06
1.0964178e+06,1.183931e+06
1.0964178e+06,1.1739384e+06
1.0964178e+06,1.1710302e+06
1.0964178e+06,1.1736665e+06
1.0964178e+06,1.1724546e+06
1.0964178e+06,1.1952762e+06
597754.44,944273.2
597754.44,951066.9
597754.44,947790.06
597754.44,940440.75
597754.44,933851.75
597754.44,955580.4
551272.8,934306.06
551272.8,919108.2
495835.25,705530.2
495835.25,715551.75
495835.25,725192.4
495835.25,722242.44
495835.25,709342.94
484167.56,535114.75
484167.56,519364.2
484167.56,528787.44
484167.56,531326.9
484167.56,503595.78
484167.56,493863.5
484167.56,500416.34
484167.56,464127.97
297908.88,181037.11
297908.88,183074.89
297908.88,168484.45
297908.88,182417.92
594786.9,953683.44
594786.9,953274.6
594786.9,957133.1
594786.9,954914.9
594786.9,956760.2
594786.9,956388.44
594786.9,955332.5
594786.9,942146.94
556827.3,938355.7
556827.3,966609.3
556827.3,946378.8
707932.5,1.0026196e+06
707932.5,1.0071546e+06
267296.5,295207.4
267296.5,300819.9
267296.5,290462.03
348239.5,337625.9
348239.5,339068.6
348239.5,332699.03
621984.8,742971.7
621984.8,750876.7
621984.8,765800.8
621984.8,749840.0
361441.8,492748.16
361441.8,506334.88
460956.2,629793.5
460956.2,637638.0
357858.56,240143.98
357858.56,251112.95
357858.56,236437.17
530949.25,664153.56
530949.25,658560.7
530949.25,658420.9
530949.25,646668.56
530949.25,654637.0
530949.25,647686.25
177627.81,183389.8
177627.81,191698.45
657009.0,772448.3
657009.0,774264.56
657009.0,792248.1
657009.0,790258.56
413913.9,561314.6
413913.9,560911.75
1.1841182e+06,1.1262645e+06
1.1841182e+06,1.1485908e+06
740184.44,1.0635074e+06
592701.5,963034.94
592701.5,964201.4
592701.5,954340.44
592701.5,953011.5
592701.5,960521.2
592701.5,948612.06
592701.5,925604.25
592701.5,928607.5
448361.3,522864.9
448361.3,531415.0
448361.3,510525.34
608858.4,1.0625046e+06
615274.3,844096.3
216700.0,296340.47
902081.1,1.0987829e+06
902081.1,1.1002595e+06
902081.1,1.1011612e+06
902081.1,1.1028964e+06
902081.1,1.109437e+06
902081.1,1.0997499e+06
902081.1,1.1061381e+06
902081.1,1.0699262e+06
902081.1,1.0768286e+06
902081.1,1.0755151e+06
902081.1,1.0739861e+06
902081.1,1.1116104e+06
877431.6,876233.94
877431.6,803393.6
803269.25,896373.4
803269.25,974020.9
836521.5,1.0624808e+06
836521.5,1.0616106e+06
836521.5,1.0635536e+06
836521.5,1.0668535e+06
836521.5,1.0629514e+06
836521.5,1.0529908e+06
836521.5,1.0320223e+06
166324.44,103983.08
166324.44,98513.7
166324.44,99256.516
499447.78,551988.7
499447.78,536004.4
588358.25,844172.5
588358.25,844601.2
901392.1,927157.0
901392.1,945161.9
901392.1,899126.0
901392.1,924500.3
901392.1,940454.94
901392.1,906978.3
549631.75,705508.3
549631.75,669303.3
1.2362354e+06,1.14286e+06
1.2362354e+06,1.1359144e+06
1.2362354e+06,1.1320196e+06
1.2362354e+06,1.1344874e+06
1.2362354e+06,1.1378535e+06
1.2362354e+06,1.1359226e+06
1.2362354e+06,1.1429364e+06
1.2362354e+06,1.1546622e+06
641236.56,959451.9
641236.56,959042.5
641236.56,956199.44
641236.56,958515.8
641236.56,956966.06
641236.56,963558.8
641236.56,964455.9
641236.56,948129.25
641236.56,941601.75
641236.56,933862.5
562629.7,728370.75
562629.7,716264.44
562629.7,738880.2
562629.7,696758.8
562629.7,699491.8
562629.7,712609.9
540353.94,1.0018226e+06
630625.2,773763.1
630625.2,752834.75
630625.2,746883.0
630625.2,767034.75
714981.7,924803.4
714981.7,932882.2
714981.7,911179.3
714981.7,917359.06
714981.7,900925.6
714981.7,895901.56
714981.7,933884.1
1.2867311e+06,1.1212289e+06
1.2867311e+06,1.1574632e+06
636697.3,1.0293448e+06
636697.3,1.0339561e+06
636697.3,1.04773356e+06
636697.3,1.0288218e+06
636697.3,1.03491506e+06
636697.3,1.0352969e+06
636697.3,1.02569556e+06
636697.3,1.0248756e+06
636697.3,1.0309493e+06
696133.6,1.00629906e+06
696133.6,994985.7
696133.6,983617.9
696133.6,1.0059746e+06
696133.6,995924.56
696133.6,933135.0
1.00420475e+06,1.02337375e+06
1.00420475e+06,1.01575425e+06
1.00420475e+06,1.0117894e+06
1.00420475e+06,1.0099434e+06
1.00420475e+06,1.0156191e+06
1.00420475e+06,1.0443557e+06
491314.97,699510.25
491314.97,669659.4
669234.0,652734.56
669234.0,661111.1
669234.0,636897.4
1.03129875e+06,1.1296055e+06
1.03129875e+06,1.1222445e+06
275454.94,203731.14
275454.94,211442.39
275454.94,203245.23
405458.8,592987.7
405458.8,596876.94
405458.8,554262.75
1.1056886e+06,1.0588154e+06
1.1056886e+06,1.0786124e+06
1.1056886e+06,1.0443952e+06
1.1056886e+06,1.07805e+06
1.1056886e+06,1.057201e+06
1.1056886e+06,1.0607879e+06
1.1056886e+06,1.0607185e+06
1.1056886e+06,1.02526125e+06
1.1056886e+06,1.0368279e+06
1.1056886e+06,1.04704956e+06
1.1056886e+06,1.02526125e+06
1.1056886e+06,1.076321e+06
490517.66,697277.94
490517.66,717003.75
616337.0,804518.75
616337.0,811333.94
616337.0,822804.2
616337.0,786302.56
616337.0,784458.44
597657.06,959157.94
597657.06,954712.4
597657.06,953246.4
597657.06,963748.8
597657.06,959831.8
597657.06,962624.25
597657.06,955428.4
597657.06,959475.1
597657.06,968366.44
278262.3,208467.23
278262.3,213926.58
754838.0,1.03238444e+06
754838.0,1.0448338e+06
754838.0,1.02519875e+06
756260.9,969751.94
756260.9,958293.8
762563.4,1.02903144e+06
762563.4,1.0232393e+06
762563.4,1.03260575e+06
762563.4,1.03285094e+06
762563.4,1.02279394e+06
762563.4,1.03054875e+06
762563.4,1.00264625e+06
762563.4,993037.06
762563.4,987924.0
762563.4,1.0170255e+06
445551.75,654475.6
445551.75,660252.56
746401.25,958391.56
746401.25,955448.44
393430.16,590882.06
393430.16,610663.56
206397.17,124959.89
206397.17,123476.016
206397.17,114935.39
642877.5,1.0679925e+06
2.3837698e+06,1.6639984e+06
2.3837698e+06,1.6678552e+06
2.3837698e+06,1.6626414e+06
171383.11,201121.83
171383.11,202943.77
2.5899922e+06,1.7004745e+06
2.5899922e+06,1.7075605e+06
662544.4,881875.25
662544.4,911359.75
662544.4,889416.94
689725.25,938440.4
689725.25,941113.25
669931.2,814672.4
669931.2,821224.25
341654.0,342969.62
341654.0,360699.53
568567.75,837217.5
568567.75,835009.3
640552.6,670994.06
640552.6,676080.2
2.5042168e+06,1.6761108e+06
2.5042168e+06,1.6737748e+06
232336.03,197388.02
232336.03,208767.86
712638.25,961180.4
712638.25,1.00782325e+06
825002.9,847433.44
825002.9,925689.9
277290.66,233184.33
277290.66,234537.55
510559.97,626720.56
510559.97,629002.56
1.3247812e+06,1.2271252e+06
1.3247812e+06,1.2288501e+06
1.3247812e+06,1.229692e+06
1.3247812e+06,1.2341575e+06
1.3247812e+06,1.2428018e+06
1.3247812e+06,1.2289634e+06
1.3247812e+06,1.2415966e+06
1.3247812e+06,1.2098229e+06
1.3247812e+06,1.218147e+06
1.3247812e+06,1.2079999e+06
1.3247812e+06,1.206369e+06
1.3247812e+06,1.2055786e+06
629489.75,763597.1
629489.75,752705.9
629489.75,744767.25
685546.94,900627.4
685546.94,918350.8
685546.94,902033.44
685546.94,907951.1
685546.94,926062.4
346055.5,420169.72
346055.5,412888.25
252017.08,144859.83
252017.08,130093.33
539307.25,950511.4
539307.25,980711.25
1.1113072e+06,1.0936844e+06
1.1113072e+06,1.1440499e+06
586893.8,735137.06
586893.8,726277.44
676885.25,1.0251847e+06
676885.25,1.0565008e+06
676885.25,1.0313614e+06
676885.25,1.03335856e+06
676885.25,1.03568325e+06
676885.25,1.0279344e+06
676885.25,997133.44
676885.25,997052.44
676885.25,997875.6
676885.25,1.0513445e+06
572329.2,509514.3
572329.2,522720.28
225781.9,137241.27
225781.9,137209.39
225781.9,135050.89
2.7329e+06,1.7104808e+06
2.7329e+06,1.7003115e+06
602173.0,804214.5
602173.0,821548.5
605453.25,747859.1
605453.25,746801.9
605453.25,754183.75
605453.25,751122.5
374908.22,222231.3
374908.22,225922.27
585079.7,937264.75
585079.7,928445.4
731920.3,706299.6
731920.3,699520.06
189014.11,115640.016
189014.11,104501.64
687124.44,753093.44
687124.44,799721.94
738695.1,884194.5
738695.1,865813.0
232647.36,262987.4
232647.36,253843.11
232647.36,261864.7
232647.36,262829.06
525477.4,916155.2
525477.4,933313.4
595435.56,734015.2
595435.56,737555.7
388412.34,368018.3
388412.34,369916.0
220891.67,185537.23
220891.67,199096.36
241818.5,131793.2
241818.5,135965.02
516859.2,660873.7
516859.2,662159.8
516859.2,653096.7
516859.2,637399.56
728901.44,1.0045313e+06
728901.44,1.0100256e+06
728901.44,1.0016248e+06
728901.44,1.00308775e+06
728901.44,1.0032138e+06
728901.44,1.0148274e+06
652442.06,966375.06
411594.56,410802.88
411594.56,411484.3
411594.56,405476.12
475567.75,536140.75
475567.75,511387.06
571682.0,825706.7
571682.0,818236.5
529237.56,504302.1
529237.56,516433.53
692424.1,846439.2
692424.1,850980.56
692424.1,848630.3
692424.1,852020.56
534286.56,594551.8
534286.56,567877.1
2.6817312e+06,1.6774622e+06
2.6817312e+06,1.6740971e+06
594016.3,744980.9
594016.3,731535.5
594016.3,737774.3
594016.3,731013.9
594016.3,715506.56
594016.3,717994.25
594016.3,728710.2
297013.5,157591.2
297013.5,156937.48
659917.5,957231.94
659917.5,962138.44
659917.5,961980.3
659917.5,960094.44
659917.5,962048.75
659917.5,961447.75
659917.5,959914.2
659917.5,950226.0
659917.5,941852.8
659917.5,936359.44
378711.25,438972.8
378711.25,463150.1
534725.8,690012.44
534725.8,694982.0
691205.56,812091.0
590812.5,963551.3
590812.5,959605.1
590812.5,964897.1
590812.5,964682.3
590812.5,959280.8
590812.5,961393.5
590812.5,958554.44
590812.5,951101.1
590812.5,934902.44
590812.5,939857.5
590812.5,939330.7
590812.5,947223.2
420034.12,557365.94
420034.12,562907.1
420034.12,564270.44
420034.12,558411.1
728358.56,1.03258806e+06
728358.56,1.0450964e+06
728358.56,1.02987575e+06
728358.56,1.02740256e+06
728358.56,1.03760094e+06
728358.56,1.0031121e+06
728358.56,999477.8
728358.56,1.0052143e+06
728358.56,1.0302425e+06
503578.47,483670.22
503578.47,477018.53
503578.47,471935.12
503578.47,464661.47
655819.25,757657.9
655819.25,772083.94
655819.25,767424.9
655819.25,747698.44
694799.25,847512.94
694799.25,848675.3
694799.25,838580.0
694799.25,841039.56
694799.25,843762.5
694799.25,856888.2
661936.9,1.00802575e+06
661936.9,1.03428106e+06
661936.9,1.0156646e+06
661936.9,1.0055027e+06
661936.9,1.0117513e+06
661936.9,1.01112075e+06
970869.75,1.1006089e+06
970869.75,1.067962e+06
570391.4,943899.1
570391.4,949405.2
570391.4,943530.2
841476.0,1.0818666e+06
841476.0,1.0811556e+06
841476.0,1.0951485e+06
841476.0,1.0822218e+06
841476.0,1.082466e+06
841476.0,1.0971231e+06
841476.0,1.0532064e+06
841476.0,1.0608934e+06
841476.0,1.0566601e+06
370830.75,238357.11
370830.75,251667.45
495530.06,619596.8
495530.06,615882.2
495530.06,615047.75
822308.8,1.0555698e+06
822308.8,1.0606106e+06
822308.8,1.04380006e+06
822308.8,1.04576825e+06
822308.8,1.0170497e+06
822308.8,1.0309652e+06
822308.8,1.01252956e+06
822308.8,1.02789425e+06
439158.5,472607.4
439158.5,456909.16
439158.5,486025.5
439158.5,456118.8
439158.5,442738.3
439158.5,443113.66
439158.5,475290.78
329628.88,216799.52
329628.88,212748.52
350829.9,474135.25
350829.9,471835.0
350829.9,475208.88
888057.56,1.0833562e+06
888057.56,1.0680431e+06
888057.56,1.075481e+06
888057.56,1.075634e+06
888057.56,1.0687318e+06
888057.56,1.0722101e+06
888057.56,1.04090825e+06
888057.56,1.0340533e+06
888057.56,1.0560175e+06
888057.56,1.03869806e+06
888057.56,1.0608242e+06
888057.56,1.0735816e+06
254803.72,140323.52
254803.72,139335.27
254803.72,129399.33
882927.06,1.04847025e+06
882927.06,1.054908e+06
420324.8,554605.75
420324.8,579053.94
420324.8,553620.4
923914.2,960178.75
923914.2,1.0258765e+06
570424.75,812517.75
570424.75,813964.2
635578.4,961809.8
635578.4,954744.56
635578.4,954102.4
635578.4,953426.3
635578.4,960502.1
635578.4,951104.44
635578.4,960718.4
635578.4,958028.75
635578.4,949835.56
461338.97,450987.78
461338.97,456042.56
461338.97,449063.16
461338.97,447046.2
479110.3,593316.44
479110.3,598979.75
479110.3,596044.94
479110.3,612130.9
362425.78,511579.03
362425.78,522793.25
879134.8,1.0925131e+06
879134.8,1.0944572e+06
879134.8,1.0905509e+06
879134.8,1.0892924e+06
879134.8,1.0944836e+06
879134.8,1.1021364e+06
879134.8,1.0981809e+06
879134.8,1.0670125e+06
879134.8,1.0658309e+06
879134.8,1.0679112e+06
879134.8,1.0684701e+06
879134.8,1.0742539e+06
879134.8,1.0863805e+06
318754.25,216684.67
318754.25,196153.05
530370.9,504378.4
530370.9,514845.0
530370.9,501241.25
530370.9,492339.12
338999.4,378174.16
338999.4,366273.72
738961.44,813912.06
738961.44,873660.1
938640.0,1.02254306e+06
938640.0,999970.7
938640.0,1.01762525e+06
938640.0,1.0069199e+06
938640.0,1.00787894e+06
426914.53,502201.53
426914.53,506032.56
426914.53,500726.56
450133.38,633094.44
450133.38,628534.7
450133.38,617717.56
450133.38,592636.6
618857.25,965693.44
618857.25,959032.1
618857.25,958601.56
618857.25,960320.9
618857.25,963621.5
618857.25,961436.2
618857.25,962100.4
618857.25,942096.56
618857.25,948906.0
618857.25,953157.44
618857.25,940497.25
618857.25,969281.8
898046.06,1.0889604e+06
898046.06,1.0891116e+06
898046.06,1.0842209e+06
898046.06,1.0885748e+06
898046.06,1.0860908e+06
898046.06,1.0893804e+06
898046.06,1.086399e+06
898046.06,1.0613109e+06
898046.06,1.0645928e+06
898046.06,1.0655954e+06
898046.06,1.0808591e+06
613435.1,996191.5
613435.1,1.0076902e+06
613435.1,970130.7
1.01557025e+06,1.0378876e+06
1.01557025e+06,1.0420246e+06
1.01557025e+06,1.04357125e+06
1.01557025e+06,1.0632746e+06
1.01557025e+06,1.0455294e+06
1.01557025e+06,1.0191255e+06
1.01557025e+06,1.03316425e+06
1.01557025e+06,1.01347575e+06
1.01557025e+06,1.0855104e+06
669065.6,1.0312979e+06
669065.6,1.0211726e+06
669065.6,1.0288429e+06
669065.6,1.0292546e+06
669065.6,1.02492225e+06
669065.6,989761.75
669065.6,994765.94
669065.6,989411.94
271079.2,221971.8
271079.2,235546.67
597469.6,924249.1
597469.6,955364.75
597469.6,924270.94
577289.1,956283.44
577289.1,961941.0
577289.1,953259.25
577289.1,959972.44
577289.1,954492.4
577289.1,962211.25
577289.1,957285.6
577289.1,940694.25
817396.44,921053.6
817396.44,926106.06
817396.44,933182.06
817396.44,946098.3
817396.44,886253.0
817396.44,889251.2
817396.44,932875.2
274173.12,242047.14
274173.12,243333.77
274173.12,229640.45
769672.2,1.0206534e+06
769672.2,1.0249528e+06
769672.2,1.03202475e+06
769672.2,1.0431804e+06
769672.2,1.02993194e+06
769672.2,1.00216725e+06
769672.2,989766.8
769672.2,986774.44
769672.2,1.0344164e+06
394865.44,488179.97
394865.44,480291.38
394865.44,485448.66
394865.44,481315.56
607976.94,996614.6
607976.94,1.0191139e+06
410537.7,465324.28
410537.7,463305.1
410537.7,467965.94
640991.06,834517.3
640991.06,848328.06
414239.97,380797.3
414239.97,413684.72
465629.28,543702.3
465629.28,539680.5
465629.28,482447.53
653729.75,926471.44
653729.75,917395.06
653729.75,924017.25
653729.75,929307.8
653729.75,918156.56
457721.38,620279.4
457721.38,609103.25
457721.38,615791.25
457721.38,593483.44
404151.06,265331.1
404151.06,258499.27
432943.66,466549.16
432943.66,466684.75
432943.66,467750.3
182260.19,199297.55
182260.19,206589.17
182260.19,193522.58
426517.0,264607.1
426517.0,271207.25
299955.4,326343.06
299955.4,324261.38
299955.4,331293.5
299955.4,328269.0
748927.1,761811.5
748927.1,767045.3
748927.1,727954.3
548515.5,754347.2
548515.5,778582.3
383590.0,252244.7
383590.0,263082.3
383590.0,253998.14
383590.0,245711.83
790142.3,1.00086025e+06
790142.3,1.0230631e+06
285561.28,190705.05
285561.28,183862.2
392455.06,366395.94
392455.06,361048.16
392455.06,361675.97
392455.06,370674.75
392455.06,372325.38
552522.25,948593.9
552522.25,971808.4
605041.1,942168.8
605041.1,957660.1
511858.5,567077.7
511858.5,583264.4
644059.06,761649.56
644059.06,772257.7
644059.06,765843.9
644059.06,734307.6
644059.06,756519.7
486236.2,608464.7
486236.2,602036.94
486236.2,603093.75
486236.2,584468.25
486236.2,604920.6
487673.22,669296.6
487673.22,689816.0
487673.22,668346.56
487673.22,674207.1
487673.22,642981.75
487673.22,654154.3
487673.22,652894.0
487673.22,678453.9
531327.75,645008.0
531327.75,627050.3
531327.75,633583.25
531327.75,644641.0
531327.75,643097.2
531327.75,627949.6
531327.75,626475.44
531327.75,614901.7
710559.0,1.0170442e+06
710559.0,1.02930375e+06
710559.0,1.0175254e+06
710559.0,1.0060705e+06
710559.0,1.0060365e+06
710559.0,988299.2
710559.0,983973.6
721874.8,1.01142256e+06
721874.8,1.02307006e+06
674886.44,1.0270703e+06
674886.44,1.0256386e+06
674886.44,1.03953844e+06
674886.44,1.03352356e+06
674886.44,1.0244584e+06
674886.44,1.00224625e+06
674886.44,1.0198725e+06
674886.44,1.0266743e+06
674886.44,1.0363957e+06
649095.06,972176.1
649095.06,979872.06
649095.06,969112.0
649095.06,969171.6
649095.06,971279.6
649095.06,976833.6
649095.06,976320.5
649095.06,977470.0
649095.06,953209.94
649095.06,951766.56
649095.06,950186.2
649095.06,950885.75
649095.06,950894.8
649095.06,956206.75
649095.06,956084.3
649095.06,983563.3
637637.0,812077.56
637637.0,810243.8
637637.0,808853.5
637637.0,815840.9
637637.0,785660.25
637637.0,771993.94
637637.0,787638.3
637637.0,795106.6
637139.5,975717.4
637139.5,982345.5
637139.5,1.01558406e+06
637139.5,990938.8
637139.5,988054.0
637139.5,981018.1
637139.5,1.0313547e+06
363625.88,387536.78
363625.88,396822.03
363625.88,382442.72
390267.6,386226.0
390267.6,387573.78
390267.6,388480.12
566858.0,729014.75
566858.0,737550.25
566858.0,737123.44
566858.0,766661.3
567636.9,922640.4
567636.9,948897.9
438307.56,599461.8
438307.56,602152.8
438307.56,599434.9
438307.56,612979.75
438307.56,591387.8
673938.3,654509.2
673938.3,678237.25
673938.3,660748.1
851886.4,997777.8
851886.4,1.0143923e+06
847241.94,992107.3
847241.94,1.0113841e+06
847241.94,986276.8
847241.94,991791.9
847241.94,972021.2
847241.94,973036.25
404897.28,244441.48
404897.28,254697.55
577984.5,855084.3
577984.5,850845.7
577984.5,837894.9
577984.5,823502.3
577984.5,858216.9
369636.38,240299.27
369636.38,245990.98
369636.38,241519.27
418580.94,406338.28
418580.94,390797.62
557026.2,701423.1
557026.2,698572.1
591897.3,893953.75
591897.3,884311.3
591897.3,895847.8
591897.3,870980.8
591897.3,878924.94
591897.3,841836.8
591897.3,839251.2
591897.3,837930.4
372833.28,528989.7
372833.28,534034.75
372833.28,522058.25
335631.66,357266.94
335631.66,357216.78
335631.66,364476.84
335631.66,357027.16
605124.6,856695.6
605124.6,853215.8
605124.6,825702.25
245636.27,215110.83
245636.27,203036.23
734661.7,1.024488e+06
734661.7,1.0156399e+06
734661.7,1.041712e+06
734661.7,1.02438025e+06
734661.7,1.04309544e+06
734661.7,1.02600656e+06
734661.7,1.00440644e+06
530214.06,641074.2
530214.06,602184.06
737025.44,871791.0
737025.44,883930.75
267241.3,155896.3
267241.3,155331.77
267241.3,143976.83
749671.4,1.01920425e+06
749671.4,1.01242625e+06
749671.4,1.0320169e+06
749671.4,1.01123706e+06
749671.4,1.01474175e+06
749671.4,1.04331144e+06
532489.7,732369.1
532489.7,727412.25
532489.7,732800.3
532489.7,716149.75
532489.7,715240.6
508575.2,597396.0
508575.2,598774.25
508575.2,608541.7
508575.2,595341.5
343446.6,220373.67
343446.6,202382.52
595523.44,844934.44
595523.44,835417.0
554275.94,728672.2
554275.94,755158.75
290711.94,158229.45
290711.94,157805.64
329471.88,469878.97
329471.88,462520.8
329471.88,470965.4
329471.88,472561.94
217214.6,130060.89
217214.6,129515.08
426297.6,497767.7
426297.6,504702.53
426297.6,493620.6
529463.6,919440.06
529463.6,923491.2
592965.25,729208.6
592965.25,710537.44
648061.3,1.00978644e+06
648061.3,1.01005094e+06
648061.3,994530.44
648061.3,1.0067431e+06
648061.3,973430.0
648061.3,971042.4
648061.3,979957.75
564979.94,1.01282156e+06
564979.94,1.00446944e+06
564979.94,1.0061849e+06
564979.94,1.01301894e+06
564979.94,1.0060082e+06
564979.94,976848.3
564979.94,987399.06
564979.94,985015.5
564979.94,1.00660156e+06
462854.75,570882.75
462854.75,546471.44
455696.5,590345.0
455696.5,623053.1
530705.2,651561.56
530705.2,660940.25
530705.2,654328.4
360645.8,227166.58
360645.8,229050.23
360645.8,230605.67
360645.8,231630.86
630778.06,883081.75
630778.06,869548.3
630778.06,875795.6
630778.06,870259.25
630778.06,865719.3
630778.06,869501.94
630778.06,869431.9
322132.25,452499.25
322132.25,443264.94
322132.25,445315.1
322132.25,437730.34
588473.9,966803.06
588473.9,998517.44
576002.25,830570.94
576002.25,816040.5
739446.4,890761.6
739446.4,900430.75
2.5050728e+06,1.6488376e+06
2.5050728e+06,1.6447465e+06
2.5050728e+06,1.6535466e+06
2.5050728e+06,1.6577282e+06
2.5050728e+06,1.648695e+06
2.5050728e+06,1.6524451e+06
2.5050728e+06,1.650271e+06
2.5050728e+06,1.645426e+06
2.5050728e+06,1.6532871e+06
2.5050728e+06,1.649692e+06
2.5050728e+06,1.651514e+06
376542.12,505784.38
376542.12,504725.06
376542.12,510611.9
376542.12,518789.12
293067.2,187804.55
293067.2,187196.77
293067.2,161756.05
541239.8,528155.75
541239.8,518997.06
541239.8,525376.75
541239.8,526128.4
823736.7,945917.9
823736.7,936833.25
823736.7,931639.5
823736.7,936344.5
823736.7,895681.6
823736.7,893671.5
823736.7,923984.9
750429.0,1.0158001e+06
750429.0,1.03189175e+06
750429.0,1.0219808e+06
750429.0,1.02349044e+06
750429.0,1.01727894e+06
750429.0,1.0354871e+06
750429.0,1.0524471e+06
852505.9,1.0865976e+06
852505.9,1.1020396e+06
852505.9,1.0891029e+06
852505.9,1.0888021e+06
852505.9,1.0865816e+06
852505.9,1.1023326e+06
852505.9,1.0665676e+06
852505.9,1.0675852e+06
852505.9,1.061818e+06
852505.9,1.0810475e+06
386559.38,516161.34
386559.38,517321.47
386559.38,498851.8
386559.38,525390.8
614393.1,738457.56
614393.1,741320.56
614393.1,743221.75
614393.1,707539.4
614393.1,705843.1
574951.25,956482.0
574951.25,951213.2
701541.44,1.0564492e+06
701541.44,1.0391245e+06
701541.44,1.0390403e+06
701541.44,1.0609911e+06
701541.44,1.0610888e+06
701541.44,1.0327262e+06
701541.44,1.00877144e+06
701541.44,1.0326313e+06
701541.44,1.02476025e+06
701541.44,1.02539175e+06
701541.44,1.0279323e+06
417649.53,519181.06
417649.53,533861.75
224343.42,271122.28
224343.42,275912.62
857724.0,991719.56
857724.0,966612.56
857724.0,982041.75
857724.0,977609.94
857724.0,994793.0
857724.0,1.01153494e+06
535786.06,640719.75
535786.06,641641.44
535786.06,650969.6
402405.38,567009.44
402405.38,547276.5
402405.38,550236.4
402405.38,545850.2
983517.3,943225.7
983517.3,949063.06
923910.9,1.0054954e+06
923910.9,1.0437266e+06
248320.33,130201.64
248320.33,121488.64
428707.0,600666.2
428707.0,580113.7
433427.8,556750.7
433427.8,563468.7
835288.1,1.0594918e+06
664553.9,927872.5
664553.9,930060.6
664553.9,919310.06
664553.9,931368.4
664553.9,919800.25
664553.9,880260.75
664553.9,889573.44
664553.9,888354.2
664553.9,881576.1
823497.56,1.04841425e+06
823497.56,1.049076e+06
823497.56,1.0392704e+06
823497.56,1.0626172e+06
823497.56,1.0472821e+06
823497.56,1.0633205e+06
823497.56,1.0212737e+06
823497.56,1.023906e+06
823497.56,1.03916844e+06
823497.56,1.0208334e+06
823497.56,1.0446606e+06
404632.38,544019.56
404632.38,555651.8
404632.38,553789.75
404632.38,548462.94
763913.1,989546.6
763913.1,984069.0
2.5664135e+06,1.6680458e+06
2.5664135e+06,1.6684269e+06
500350.9,452442.75
500350.9,471652.28
255879.94,144033.89
255879.94,142281.14
800851.56,935879.3
800851.56,942195.0
206099.12,142163.52
206099.12,120038.89
209959.28,225388.92
209959.28,225695.64
209959.28,229089.67
209959.28,230108.33
628291.94,824505.6
628291.94,862295.5
367062.38,399847.34
367062.38,375928.03
869194.3,1.0708335e+06
869194.3,1.0756268e+06
869194.3,1.0913738e+06
869194.3,1.0693638e+06
869194.3,1.0750018e+06
869194.3,1.0723628e+06
869194.3,1.0466537e+06
869194.3,1.0490404e+06
869194.3,1.0490404e+06
441701.8,409117.12
441701.8,404917.75
789283.5,1.0362646e+06
789283.5,1.0582411e+06
789283.5,1.04157294e+06
789283.5,1.04234894e+06
789283.5,1.0447765e+06
789283.5,1.04140325e+06
789283.5,1.01309656e+06
789283.5,1.0129597e+06
789283.5,1.01566406e+06
789283.5,1.0176007e+06
877358.6,943869.94
877358.6,958861.94
938147.06,1.1233839e+06
938147.06,1.1174959e+06
938147.06,1.1235536e+06
938147.06,1.1198649e+06
938147.06,1.117419e+06
938147.06,1.1144244e+06
938147.06,1.127689e+06
938147.06,1.1211296e+06
938147.06,1.1206339e+06
938147.06,1.0934498e+06
938147.06,1.0988521e+06
938147.06,1.0940492e+06
938147.06,1.0955002e+06
938147.06,1.096191e+06
938147.06,1.118763e+06
726766.75,986933.7
726766.75,1.0092039e+06
1.0255664e+06,1.0555821e+06
1.0255664e+06,1.0427233e+06
1.0255664e+06,1.0608206e+06
1.0255664e+06,1.0516838e+06
1.0255664e+06,1.0509426e+06
1.0255664e+06,1.0468983e+06
1.0255664e+06,1.0253442e+06
1.0255664e+06,1.0467767e+06
1.0255664e+06,1.0269282e+06
1.0255664e+06,1.02260706e+06
1.0255664e+06,1.0737724e+06
558124.25,621725.75
558124.25,615224.94
505355.03,972231.0
505355.03,948347.9
556050.56,993018.5
556050.56,989566.06
556050.56,992771.6
556050.56,990255.44
556050.56,997440.6
556050.56,992635.5
556050.56,968628.75
605222.0,536390.6
605222.0,541264.7
286721.44,190413.11
286721.44,197893.77
427664.7,409851.53
427664.7,445579.97
876827.44,1.0821358e+06
876827.44,1.0690531e+06
876827.44,1.0784705e+06
876827.44,1.089197e+06
876827.44,1.0885715e+06
876827.44,1.0790018e+06
876827.44,1.0587928e+06
876827.44,1.0473366e+06
876827.44,1.04709244e+06
876827.44,1.0465581e+06
876827.44,1.1114501e+06
449151.88,690863.7
449151.88,698863.44
449151.88,696132.4
449151.88,668194.7
1.0847925e+06,1.04414044e+06
1.0847925e+06,1.04135475e+06
1.0847925e+06,1.03231344e+06
1.0847925e+06,1.0236706e+06
1.0847925e+06,1.02622725e+06
1.0847925e+06,1.04009944e+06
1.0847925e+06,1.0611425e+06
1.2762495e+06,1.2307614e+06
1.2762495e+06,1.2253115e+06
1.2762495e+06,1.2210691e+06
1.2762495e+06,1.2327102e+06
1.2762495e+06,1.2329325e+06
1.2762495e+06,1.221074e+06
1.2762495e+06,1.2307402e+06
1.2762495e+06,1.2291006e+06
1.2762495e+06,1.2119582e+06
583114.44,903367.4
583114.44,907879.5
303654.7,201720.77
303654.7,209096.42
466965.4,499791.75
1.1459931e+06,1.0505231e+06
1.1459931e+06,1.0788351e+06
194301.81,125130.95
194301.81,143127.45
194301.81,131906.08
555344.06,820734.7
555344.06,825114.06
555344.06,815660.56
555344.06,805225.25
528180.5,938943.0
528180.5,961022.94
528180.5,937597.25
461696.25,525514.0
461696.25,517667.5
461696.25,541358.3
461696.25,513879.12
461696.25,532128.9
461696.25,516683.38
1.297809e+06,1.208765e+06
1.297809e+06,1.2097208e+06
1.297809e+06,1.2139275e+06
1.297809e+06,1.2189865e+06
1.297809e+06,1.2130059e+06
1.297809e+06,1.210108e+06
1.297809e+06,1.2134615e+06
1.297809e+06,1.2088855e+06
1.297809e+06,1.1922018e+06
891025.5,1.096093e+06
891025.5,1.103843e+06
891025.5,1.0898321e+06
891025.5,1.0859561e+06
891025.5,1.0899758e+06
891025.5,1.0900325e+06
891025.5,1.089916e+06
891025.5,1.0602251e+06
891025.5,1.0598391e+06
891025.5,1.0606094e+06
891025.5,1.0617724e+06
891025.5,1.1123738e+06
535551.6,778570.25
535551.6,787923.9
535551.6,795566.1
535551.6,778118.7
535551.6,781784.1
535551.6,799074.25
613815.3,908347.2
597352.9,963352.8
597352.9,965731.9
597352.9,961462.7
597352.9,956607.5
597352.9,954570.25
597352.9,958948.7
597352.9,934989.7
597352.9,932140.0
597352.9,945045.3
597352.9,950919.8
763666.44,726151.5
763666.44,708977.44
763666.44,720672.2
763666.44,722081.44
763666.44,726098.94
556595.94,821071.0
621589.8,739999.4
621589.8,737177.56
588116.8,738762.94
588116.8,738862.94
588116.8,723322.0
588116.8,765537.94
856332.1,1.0664052e+06
856332.1,1.0687598e+06
856332.1,1.0665051e+06
856332.1,1.0685536e+06
856332.1,1.08319e+06
856332.1,1.0659618e+06
856332.1,1.0398553e+06
856332.1,1.0392925e+06
856332.1,1.0341345e+06
856332.1,1.03677506e+06
856332.1,1.106626e+06
816600.0,1.0530031e+06
816600.0,1.0702289e+06
816600.0,1.0703994e+06
816600.0,1.0694171e+06
816600.0,1.0603724e+06
816600.0,1.02441206e+06
816600.0,1.03032075e+06
816600.0,1.0362772e+06
307244.97,455913.38
307244.97,463455.8
307244.97,469320.72
307244.97,461413.7
203676.75,116837.08
203676.75,121605.016
203676.75,117638.7
240232.83,136156.83
240232.83,126771.516
364740.8,345536.84
364740.8,350490.6
707304.0,1.033512e+06
707304.0,1.0212787e+06
707304.0,1.02169275e+06
707304.0,1.0291667e+06
707304.0,1.0215546e+06
707304.0,989771.2
707304.0,989532.5
707304.0,994533.06
707304.0,1.02180394e+06
437795.22,265794.84
437795.22,257907.58
1.1138518e+06,1.0679295e+06
1.1138518e+06,1.0481795e+06
1.1138518e+06,1.0517458e+06
1.1138518e+06,1.0521289e+06
1.1138518e+06,1.0521705e+06
1.1138518e+06,1.02146975e+06
1.1138518e+06,1.04020744e+06
1.1138518e+06,1.0328232e+06
270010.12,149365.48
270010.12,146535.08
753908.1,989069.56
753908.1,1.00771056e+06
199010.97,121168.95
199010.97,119535.39
199010.97,109081.516
549347.3,688000.8
549347.3,701790.75
549347.3,690261.6
549347.3,676375.44
549347.3,696941.4
418655.84,266541.38
418655.84,266874.66
418655.84,272608.44
418655.84,263218.94
463126.12,621392.3
463126.12,594117.9
292182.34,166934.52
292182.34,177984.27
292182.34,160961.3
559468.7,587944.4
354053.84,303066.7
354053.84,307244.6
532051.9,673727.75
532051.9,668442.0
532051.9,674714.9
532051.9,676812.4
484522.47,966685.5
484522.47,967036.0
972639.2,1.0541382e+06
972639.2,1.0403715e+06
972639.2,1.0325456e+06
972639.2,1.04134944e+06
972639.2,1.0340972e+06
972639.2,1.0086932e+06
972639.2,1.0139937e+06
972639.2,1.03424606e+06
972639.2,1.064057e+06
510949.22,490375.66
510949.22,500061.4
491188.72,766117.2
491188.72,748226.06
577661.8,691537.75
577661.8,689376.9
551920.0,794937.56
551920.0,801085.8
551920.0,808565.7
551920.0,793973.7
478019.12,453553.0
478019.12,455430.5
478019.12,426849.53
291638.94,154105.55
291638.94,158770.83
452863.72,473082.6
452863.72,464013.94
523443.75,769997.56
792520.6,924430.3
792520.6,911903.44
2.4108375e+06,1.653454e+06
2.4108375e+06,1.6557264e+06
2.4108375e+06,1.6551391e+06
677755.4,1.0375173e+06
677755.4,1.0480809e+06
677755.4,1.0327646e+06
677755.4,1.0326029e+06
677755.4,1.0241667e+06
677755.4,1.0038547e+06
677755.4,998956.0
677755.4,1.0054875e+06
677755.4,998984.5
677755.4,1.0728522e+06
677534.5,1.002857e+06
677534.5,1.0226431e+06
677534.5,1.0048578e+06
324815.25,322973.53
324815.25,320718.72
324815.25,328220.22
1.0379807e+06,1.0398265e+06
1.0379807e+06,1.0344127e+06
1.0379807e+06,1.0296145e+06
1.0379807e+06,1.0318924e+06
1.0379807e+06,1.02780094e+06
1.0379807e+06,1.0063244e+06
1.0379807e+06,1.0089404e+06
1.0379807e+06,1.0828454e+06
677042.25,894755.1
677042.25,901913.8
649085.7,957705.25
649085.7,957261.75
649085.7,954964.25
649085.7,955935.56
649085.7,964988.06
649085.7,954714.8
649085.7,957995.0
649085.7,949286.06
350755.47,232972.64
350755.47,236596.61
350755.47,225888.55
533991.75,737711.8
533991.75,761703.44
721348.2,889191.56
721348.2,928061.2
721348.2,859473.3
695090.06,971544.3
695090.06,1.0144299e+06
631398.75,997541.94
631398.75,980971.7
631398.75,969556.75
631398.75,962627.06
631398.75,951399.6
631398.75,973433.75
631398.75,963606.25
720443.75,822392.44
720443.75,857349.1
482589.9,591597.5
482589.9,592080.06
482589.9,580203.2
482589.9,598214.8
482589.9,580276.94
527027.2,698549.1
527027.2,746459.75
457398.03,448313.5
457398.03,455320.47
457398.03,467145.94
457398.03,452264.9
457398.03,443020.7
274114.66,306146.4
274114.66,305188.9
347181.22,366498.7
347181.22,370633.38
347181.22,362430.25
282832.0,218914.77
282832.0,220737.77
426205.62,405039.3
426205.62,404772.5
426205.62,388867.6
426205.62,391639.88
560985.6,815023.3
560985.6,789264.2
398035.44,455938.5
398035.44,444043.72
398035.44,429480.75
605006.44,778536.75
2.6546102e+06,1.6725434e+06
2.6546102e+06,1.6828825e+06
635917.0,960586.9
635917.0,958172.94
635917.0,960191.2
635917.0,961284.75
635917.0,961120.9
635917.0,962717.25
635917.0,963893.8
635917.0,950632.7
635917.0,941973.8
635917.0,952558.06
635917.0,938725.44
635917.0,952639.1
599810.2,949666.06
599810.2,964240.0
599810.2,989122.44
599810.2,947727.5
599810.2,961213.5
599810.2,942068.06
318252.44,340110.56
318252.44,351494.44
318252.44,340986.34
318252.44,340641.1
946065.3,1.0109947e+06
946065.3,1.0171413e+06
946065.3,994704.94
744209.4,1.0242257e+06
744209.4,1.04318125e+06
744209.4,1.01916456e+06
744209.4,1.0200662e+06
744209.4,1.0367038e+06
744209.4,1.04310894e+06
744209.4,996655.6
744209.4,999010.94
744209.4,1.02002375e+06
744209.4,1.00071925e+06
760622.6,781329.06
760622.6,773058.1
760622.6,779217.4
760622.6,762589.44
760622.6,757199.5
760622.6,756688.3
760622.6,756099.3
760622.6,758742.2
536098.25,861253.2
536098.25,861120.3
476236.25,604199.7
476236.25,614068.0
1.1257214e+06,1.1590585e+06
1.1257214e+06,1.1567831e+06
876480.2,1.0885721e+06
604401.3,951646.6
558594.25,1.0053788e+06
558594.25,1.0068743e+06
558594.25,1.0062865e+06
558594.25,1.008392e+06
558594.25,1.0060634e+06
558594.25,1.0083296e+06
558594.25,975243.75
558594.25,974691.0
558594.25,976186.56
558594.25,1.00473406e+06
381576.22,244699.27
381576.22,226931.48
796983.5,782794.25
796983.5,782090.5
776261.2,1.0613035e+06
217420.12,133382.83
217420.12,123862.766
641633.0,971116.44
641633.0,965214.2
641633.0,962822.75
641633.0,964854.25
641633.0,977246.4
641633.0,971463.25
641633.0,968434.75
641633.0,948792.3
641633.0,947495.94
641633.0,961255.06
641633.0,959350.56
641633.0,942768.2
641633.0,949275.0
359102.4,236181.64
359102.4,237347.98
761507.9,1.0522186e+06
643816.3,752154.0
643816.3,765173.2
643816.3,778327.44
643816.3,730277.4
643816.3,735606.3
643816.3,792533.2
341805.1,214342.55
341805.1,213247.45
538183.25,634221.4
538183.25,654169.44
295830.44,401895.56
295830.44,408208.34
720471.6,835036.4
720471.6,899860.1
494637.25,552898.8
494637.25,559320.4
784753.4,1.0335725e+06
784753.4,1.02412475e+06
784753.4,1.0345822e+06
784753.4,1.0455014e+06
784753.4,1.0354032e+06
784753.4,992018.2
784753.4,993952.3
784753.4,987665.56
784753.4,988417.2
784753.4,1.03727625e+06
1.2752634e+06,1.210512e+06
1.2752634e+06,1.2109709e+06
1.2752634e+06,1.2113701e+06
1.2752634e+06,1.2131889e+06
1.2752634e+06,1.2106752e+06
1.2752634e+06,1.2117291e+06
1.2752634e+06,1.2113159e+06
1.2752634e+06,1.1918614e+06
1.2752634e+06,1.1835865e+06
1.2752634e+06,1.1869858e+06
1.2752634e+06,1.1918014e+06
1.2752634e+06,1.2353382e+06
824388.94,1.03694e+06
824388.94,1.0644782e+06
995735.56,1.1268896e+06
995735.56,1.136094e+06
995735.56,1.112616e+06
530410.5,760686.3
530410.5,779407.7
530410.5,762057.25
530410.5,778266.4
450876.03,606440.75
450876.03,604496.06
450876.03,602694.06
450876.03,577564.94
450876.03,583225.75
715909.06,688909.7
715909.06,687775.06
281231.28,210042.98
281231.28,215308.42
2.8142945e+06,1.6995468e+06
2.8142945e+06,1.7076851e+06
536954.9,548130.3
536954.9,558618.44
536954.9,566164.9
536954.9,569415.25
465335.4,551891.7
465335.4,552433.5
465335.4,560208.2
580544.44,761765.44
580544.44,739162.25
580544.44,727173.44
613140.0,953416.9
613140.0,955455.56
613140.0,956126.1
613140.0,956262.75
613140.0,954572.7
613140.0,956126.1
613140.0,941758.25
613140.0,929058.94
613140.0,931686.6
613140.0,960997.4
432512.06,559711.75
432512.06,557635.4
432512.06,560308.44
432512.06,553689.56
516881.88,710813.4
516881.88,737984.7
612556.5,950253.7
612556.5,918895.56
614942.94,1.00222244e+06
614942.94,997372.1
614942.94,1.0141697e+06
614942.94,1.00460125e+06
614942.94,984114.2
614942.94,983267.0
614942.94,1.007742e+06
479157.9,640280.5
479157.9,647809.9
479157.9,638206.56
479157.9,608595.94
479157.9,613177.0
645853.56,862176.56
645853.56,859921.4
645853.56,843196.6
776182.8,1.0671065e+06
776182.8,1.0722711e+06
776182.8,1.0873441e+06
776182.8,1.0889996e+06
776182.8,1.072294e+06
776182.8,1.0691579e+06
776182.8,1.0681549e+06
776182.8,1.04724225e+06
776182.8,1.0445709e+06
776182.8,1.0537729e+06
776182.8,1.0440265e+06
776182.8,1.0451209e+06
776182.8,1.0467323e+06
776182.8,1.0998244e+06
406424.12,574955.06
406424.12,588246.8
550113.25,785409.5
550113.25,774765.8
550113.25,772697.44
550113.25,772044.4
550113.25,768431.7
550572.6,642372.25
550572.6,686524.7
806747.3,934691.44
806747.3,936273.3
533600.25,511210.47
533600.25,505059.53
533600.25,490343.9
2.7320582e+06,1.7028635e+06
2.7320582e+06,1.6950198e+06
261882.34,163760.48
261882.34,150875.67
261882.34,140076.7
579738.56,992655.9
579738.56,990695.5
579738.56,990839.9
579738.56,996489.6
579738.56,990256.06
579738.56,994919.7
579738.56,996683.9
579738.56,963184.5
579738.56,960040.56
579738.56,961594.1
579738.56,965559.56
345062.0,291005.7
345062.0,299820.75
599032.25,840917.5
599032.25,846160.3
599032.25,826198.5
221750.22,123515.266
221750.22,121054.45
544496.4,695150.7
544496.4,708215.25
544496.4,707378.8
544496.4,689830.44
544496.4,730196.9
768405.06,886468.25
768405.06,866554.6
768405.06,863260.2
768405.06,866996.25
768405.06,873822.2
680017.75,1.01467394e+06
680017.75,1.0079119e+06
680017.75,1.01669925e+06
680017.75,1.00667144e+06
680017.75,1.0066255e+06
680017.75,1.0671639e+06
569132.44,718192.3
569132.44,705472.25
281656.84,291055.16
281656.84,297906.88
281656.84,284517.66
714673.4,1.016942e+06
714673.4,1.0270281e+06
714673.4,1.02070044e+06
714673.4,1.0378816e+06
714673.4,1.0329338e+06
714673.4,990814.44
714673.4,985830.0
609597.7,963434.25
609597.7,959796.3
609597.7,965296.94
609597.7,958605.94
609597.7,965700.3
609597.7,961765.4
609597.7,962212.8
609597.7,944402.9
319044.12,397806.53
319044.12,394599.88
319044.12,395051.56
319044.12,412736.44
426306.53,571712.94
426306.53,570280.25
426306.53,565504.56
426306.53,574102.6
262978.38,145623.45
262978.38,133107.7
842573.2,1.0688314e+06
925281.06,983009.1
925281.06,1.00738044e+06
551938.4,795656.3
551938.4,789903.06
537521.3,811989.25
537521.3,815142.75
537521.3,797721.3
537521.3,799577.44
537521.3,811686.56
537521.3,770505.44
276759.38,151287.11
276759.38,146798.45
628321.2,737177.44
628321.2,774709.1
340064.03,226422.92
340064.03,208950.17
1.0356693e+06,1.1272455e+06
1.0356693e+06,1.1103556e+06
1.0356693e+06,1.1145012e+06
1.0356693e+06,1.1331672e+06
1.0356693e+06,1.1073836e+06
1.0356693e+06,1.1153266e+06
1.0356693e+06,1.095624e+06
1.0356693e+06,1.097493e+06
1.0356693e+06,1.0991189e+06
1.0356693e+06,1.0879665e+06
1.0356693e+06,1.1518058e+06
1.2399994e+06,1.179672e+06
1.2399994e+06,1.2077874e+06
1.2760135e+06,1.0978774e+06
1.2760135e+06,1.1305359e+06
526789.9,921877.4
526789.9,939871.25
526789.9,963675.44
526789.9,936037.5
526789.9,920228.1
656136.25,939102.25
656136.25,968883.2
731132.25,688707.4
731132.25,693316.8
731132.25,703984.9
731132.25,695456.0
269617.06,200082.39
269617.06,193880.27
269617.06,211617.7
400812.94,258720.83
400812.94,277112.97
400812.94,251272.95
217283.98,251790.14
886413.5,947140.5
305412.22,179603.52
305412.22,179484.45
305412.22,178158.86
305412.22,173328.08
385986.97,241925.11
385986.97,257741.05
385986.97,239994.95
429826.75,519155.5
429826.75,511491.5
429826.75,521112.72
429826.75,520601.3
262345.53,153323.86
262345.53,152011.42
262345.53,158078.36
598445.44,936935.4
598445.44,943499.44
598445.44,927199.4
692322.3,906398.06
692322.3,920752.44
692322.3,902401.06
692322.3,918947.0
692322.3,889330.6
692322.3,890172.5
692322.3,920734.75
309166.22,175873.05
309166.22,177598.45
309166.22,174577.98
309166.22,193404.92
867496.8,1.0614919e+06
867496.8,1.0675328e+06
867496.8,1.0654804e+06
867496.8,1.0639916e+06
867496.8,1.0676755e+06
867496.8,1.0573035e+06
509393.9,573104.0
509393.9,619745.75
764764.4,942865.56
764764.4,932893.1
764764.4,949212.8
764764.4,921143.2
764764.4,914363.56
561296.6,661686.3
561296.6,652760.25
478511.12,602241.75
478511.12,640957.8
484112.5,491456.25
484112.5,506061.97
484112.5,495363.22
640075.0,964679.8
640075.0,964921.25
640075.0,963228.8
640075.0,971141.4
640075.0,966328.3
640075.0,972641.94
640075.0,965127.7
640075.0,965745.25
640075.0,944116.4
640075.0,957905.1
640075.0,945323.06
640075.0,945890.56
640075.0,960352.0
640075.0,988657.8
790785.75,899752.44
790785.75,914638.6
664973.94,677426.4
721808.56,950033.25
721808.56,1.0001855e+06
363340.72,267098.94
363340.72,259410.64
363340.72,241314.45
221857.77,133955.08
221857.77,130521.266
408532.0,246900.11
408532.0,246684.83
408532.0,250869.95
473799.56,560140.7
473799.56,566868.44
473799.56,562898.0
291524.9,257668.05
291524.9,237247.64
429404.94,473891.53
429404.94,483743.56
1.1195694e+06,1.1086709e+06
1.1195694e+06,1.1108835e+06
1.1195694e+06,1.1267229e+06
1.1195694e+06,1.1227061e+06
1.1195694e+06,1.1089735e+06
1.1195694e+06,1.1083961e+06
1.1195694e+06,1.1131602e+06
1.1195694e+06,1.1284902e+06
628482.1,756193.94
628482.1,750394.56
628482.1,759373.44
628482.1,763606.75
628482.1,740333.44
714333.1,798533.25
242360.17,209048.48
242360.17,197501.2
833591.3,961290.06
833591.3,961219.56
833591.3,961645.4
833591.3,954360.1
833591.3,945725.0
833591.3,948218.56
833591.3,950413.3
350239.28,345745.4
350239.28,357606.66
350239.28,339466.53
465397.56,681290.8
465397.56,666524.6
872545.44,1.0889231e+06
872545.44,1.0890311e+06
872545.44,1.1030082e+06
872545.44,1.0839204e+06
872545.44,1.1035025e+06
872545.44,1.0878502e+06
872545.44,1.0953961e+06
872545.44,1.0628015e+06
872545.44,1.0610859e+06
872545.44,1.0636966e+06
350499.1,246768.58
350499.1,254220.11
350499.1,246219.95
626575.5,719766.2
626575.5,759221.3
685490.56,814309.94
685490.56,843189.25
669416.3,795743.0
669416.3,803461.94
669416.3,792784.9
669416.3,800505.8
669416.3,754650.7
669416.3,753522.7
669416.3,791840.8
601181.06,780009.7
601181.06,814099.6
461144.44,375325.28
461144.44,348253.28
563981.3,939838.44
563981.3,987364.2
551241.25,928693.44
551241.25,951976.5
682313.9,888010.4
682313.9,929254.8
866716.25,979903.75
866716.25,988731.4
438737.0,431524.88
438737.0,427225.3
2.7390622e+06,1.6911166e+06
2.7390622e+06,1.6988376e+06
387819.97,400496.47
387819.97,393136.3
767044.94,706594.06
767044.94,715681.25
767044.94,706545.7
767044.94,720140.06
368821.9,500658.2
368821.9,529679.75
278600.6,394028.25
278600.6,385371.34
278600.6,367497.9
656888.44,895689.44
656888.44,904220.5
656888.44,899284.25
656888.44,910050.5
656888.44,895218.0
433934.72,444015.5
433934.72,460716.2
433934.72,435038.5
433934.72,440984.3
433934.72,436031.03
433934.72,455457.97
948302.6,1.00252756e+06
948302.6,1.01993006e+06
170081.03,202924.92
170081.03,183438.58
612844.5,967793.44
612844.5,993190.44
766244.2,986741.1
736900.8,1.0166727e+06
736900.8,1.01325175e+06
736900.8,1.0129097e+06
736900.8,1.0092333e+06
736900.8,1.00537244e+06
736900.8,1.03241425e+06
736900.8,1.04856406e+06
820760.4,1.0518361e+06
820760.4,1.055201e+06
820760.4,1.0510214e+06
820760.4,1.04708344e+06
820760.4,1.0557316e+06
820760.4,1.0567761e+06
820760.4,1.02577994e+06
820760.4,1.0242011e+06
820760.4,1.02831975e+06
820760.4,1.0253992e+06
820760.4,1.05876e+06
207095.64,121217.016
207095.64,124584.39
628132.3,614599.3
628132.3,614508.94
628132.3,611777.4
628132.3,616591.3
430802.62,258687.77
430802.62,265188.22
799044.7,1.0511589e+06
639991.75,579074.2
639991.75,572243.0
639991.75,576438.6
639991.75,572073.4
639991.75,551449.7
253595.48,144824.55
253595.48,135003.7
497851.34,599731.75
497851.34,599520.7
497851.34,606993.0
497851.34,602774.1
449350.75,662731.4
2.496541e+06,1.6759974e+06
2.496541e+06,1.6847918e+06
292705.88,271154.66
292705.88,274163.2
292705.88,279216.66
544194.2,947595.5
544194.2,919545.6
550718.4,751908.5
550718.4,763162.94
550718.4,763340.94
550718.4,785606.6
826055.25,938306.06
826055.25,957659.6
826055.25,953380.6
826055.25,950306.4
826055.25,957391.6
826055.25,945813.6
826055.25,929193.56
826055.25,984143.44
694160.06,823731.56
694160.06,827223.3
694160.06,822437.7
694160.06,834420.6
694160.06,807236.4
694160.06,844439.5
564686.0,521236.94
564686.0,542438.0
700151.3,950578.9
700151.3,951928.2
700151.3,943857.75
700151.3,951181.5
700151.3,923986.3
700151.3,920555.44
700151.3,967293.5
554577.4,721165.44
554577.4,725673.44
317949.84,267899.88
317949.84,251127.73
229356.11,130690.516
229356.11,120089.14
755028.7,751798.8
755028.7,767722.5
788016.8,1.0122076e+06
788016.8,1.0504499e+06
788016.8,1.0253004e+06
815575.7,1.0011571e+06
553239.56,598727.3
553239.56,622318.6
448520.56,570476.94
448520.56,584092.9
409883.84,445930.97
409883.84,433623.03
300925.38,209727.39
300925.38,199207.36
547217.25,742649.4
547217.25,738460.25
547217.25,728149.0
461858.25,565287.06
461858.25,600332.3
380835.06,244300.23
380835.06,244320.8
380835.06,247496.92
287920.94,184755.8
287920.94,185203.86
287920.94,179826.39
668409.44,994789.5
668409.44,1.02183425e+06
668409.44,981855.94
362676.06,337285.8
362676.06,366834.97
797802.25,1.00681306e+06
797802.25,1.0123613e+06
797802.25,1.0134065e+06
797802.25,1.00610994e+06
797802.25,1.00574444e+06
797802.25,981070.9
797802.25,979131.3
797802.25,977761.3
797802.25,990062.44
663196.1,954432.9
663196.1,1.0113476e+06
698726.75,712664.9
698726.75,711338.56
1.2601794e+06,1.1621228e+06
1.2601794e+06,1.1629331e+06
1.2601794e+06,1.173098e+06
1.2601794e+06,1.1617589e+06
1.2601794e+06,1.1678945e+06
1.2601794e+06,1.1688008e+06
1.2601794e+06,1.1671008e+06
1.2601794e+06,1.1502604e+06
430693.2,654919.8
430693.2,660264.4
430693.2,654096.1
430693.2,651708.25
586347.06,921999.9
586347.06,921672.4
831859.56,1.0682778e+06
831859.56,1.0624395e+06
831859.56,1.0681341e+06
831859.56,1.0766911e+06
831859.56,1.0671925e+06
831859.56,1.0619814e+06
831859.56,1.0628806e+06
831859.56,1.0685491e+06
599882.44,860923.06
599882.44,889016.94
599882.44,864103.2
599882.44,860751.1
599882.44,860806.2
599882.44,836905.94
406423.97,383286.9
406423.97,427536.72
300261.12,256983.98
300261.12,255800.8
350172.25,356851.44
350172.25,351263.56
2.4113092e+06,1.641288e+06
2.4113092e+06,1.6337829e+06
2.4113092e+06,1.6378291e+06
2.4113092e+06,1.6410462e+06
2.4113092e+06,1.6374344e+06
2.4113092e+06,1.6390376e+06
2.4113092e+06,1.6327312e+06
2.4113092e+06,1.6400492e+06
2.4113092e+06,1.639111e+06
2.4113092e+06,1.6415366e+06
2.4113092e+06,1.6427371e+06
2.738462e+06,1.702915e+06
2.738462e+06,1.7044055e+06
2.8286492e+06,1.7111588e+06
2.8286492e+06,1.7191901e+06
2.8286492e+06,1.7047515e+06
239174.14,145010.83
239174.14,144165.14
239174.14,146865.17
239174.14,134411.58
520624.4,600904.56
520624.4,582513.5
312793.7,271255.12
312793.7,275303.22
843003.4,1.088934e+06
843003.4,1.0951784e+06
843003.4,1.0829628e+06
843003.4,1.0766144e+06
843003.4,1.0884082e+06
843003.4,1.0878904e+06
843003.4,1.054037e+06
843003.4,1.0528916e+06
843003.4,1.0550889e+06
843003.4,1.0941791e+06
569527.5,926090.9
569527.5,927057.5
590682.6,951380.44
590682.6,953465.0
590682.6,956373.3
590682.6,952462.3
590682.6,950521.2
590682.6,949682.44
590682.6,961040.3
590682.6,935145.06
172444.67,117434.33
172444.67,122017.14
172444.67,121425.64
358028.72,332991.84
358028.72,336309.47
489896.25,756580.3
489896.25,737115.8
611103.9,729281.06
611103.9,739076.25
611103.9,716620.5
611103.9,729084.4
611103.9,744458.56
571666.06,669660.0
571666.06,700839.8
571666.06,704475.94
413610.72,422589.2
413610.72,418845.53
413610.72,415077.1
256642.16,367913.0
256642.16,345427.03
299042.62,173155.67
299042.62,172041.23
299042.62,170168.14
299042.62,178396.83
355193.16,533634.25
355193.16,542946.2
249994.02,271023.34
249994.02,271285.66
249994.02,282176.53
249994.02,271698.0
249994.02,271687.06
249994.02,265418.34
412180.8,560687.5
412180.8,553918.9
412180.8,564347.9
412180.8,547884.56
1.1063661e+06,1.187277e+06
1.1063661e+06,1.1830688e+06
1.1063661e+06,1.1871504e+06
1.1063661e+06,1.1870981e+06
1.1063661e+06,1.1958184e+06
1.1063661e+06,1.1877618e+06
1.1063661e+06,1.1985068e+06
1.1063661e+06,1.1872244e+06
1.1063661e+06,1.1580116e+06
1.1063661e+06,1.1583892e+06
1.1063661e+06,1.1562386e+06
1.1063661e+06,1.1643092e+06
1.1063661e+06,1.1543671e+06
1.0528001e+06,1.0039792e+06
1.0528001e+06,1.0091094e+06
1.0528001e+06,1.02142544e+06
1.0528001e+06,1.0039684e+06
1.0528001e+06,1.00426894e+06
1.0528001e+06,1.0179828e+06
1.0528001e+06,969838.1
1.0528001e+06,969943.1
1.0528001e+06,977828.25
673582.8,824800.44
673582.8,815938.6
2.5957815e+06,1.6845551e+06
2.5957815e+06,1.6853776e+06
1.074196e+06,1.0898506e+06
1.074196e+06,1.1215346e+06
581855.2,907910.7
581855.2,937254.6
814312.6,1.00967444e+06
814312.6,1.01765275e+06
814312.6,1.0201264e+06
814312.6,1.0113673e+06
814312.6,1.01000544e+06
814312.6,1.0124045e+06
814312.6,1.01176244e+06
814312.6,998523.5
462774.6,467923.06
462774.6,475016.97
371762.0,517207.47
371762.0,534097.94
274633.44,200015.67
274633.44,205275.05
197725.22,121042.64
197725.22,119369.14
197725.22,109669.64
265786.0,148992.55
265786.0,143127.02
644041.0,790306.6
644041.0,764711.4
248941.77,186251.61
248941.77,189065.8
608155.56,780358.25
608155.56,785163.75
608155.56,791038.4
608155.56,796557.3
890529.6,1.0900261e+06
890529.6,1.0919025e+06
890529.6,1.1051619e+06
890529.6,1.09161e+06
890529.6,1.0933036e+06
890529.6,1.0886005e+06
890529.6,1.0874558e+06
890529.6,1.0746562e+06
890529.6,1.0747834e+06
890529.6,1.0623329e+06
647942.25,787177.44
647942.25,800718.06
304669.75,247845.23
304669.75,239370.08
837389.25,849380.3
837389.25,855490.5
837389.25,834145.06
837389.25,854096.3
837389.25,803986.3
837389.25,806043.44
837389.25,807874.0
837389.25,865012.94
373209.03,432552.34
373209.03,440488.16
373209.03,453082.6
562440.2,975374.06
562440.2,982047.25
562440.2,976763.7
562440.2,976961.3
562440.2,983580.75
562440.2,977120.6
562440.2,977911.25
562440.2,959296.25
562440.2,961568.94
562440.2,950025.06
562440.2,955318.4
433283.1,630259.2
433283.1,625198.06
433283.1,622417.56
433283.1,611462.0
433283.1,598605.75
433283.1,599094.9
433283.1,607105.44
1.3868355e+06,1.2225874e+06
1.3868355e+06,1.2225599e+06
1.3868355e+06,1.2222821e+06
1.3868355e+06,1.2266501e+06
1.3868355e+06,1.2195321e+06
1.3868355e+06,1.2259254e+06
1.3868355e+06,1.2160608e+06
1.3868355e+06,1.2274035e+06
1.3868355e+06,1.1920401e+06
1.3868355e+06,1.1918755e+06
1.3868355e+06,1.1950231e+06
1.3868355e+06,1.1935515e+06
1.3868355e+06,1.1992274e+06
1.3868355e+06,1.1951428e+06
551241.56,914958.56
551241.56,938137.25
597975.75,732826.9
597975.75,751990.44
2.3950762e+06,1.6451022e+06
2.3950762e+06,1.6412475e+06
390577.12,265257.06
390577.12,272563.0
390577.12,269212.4
287547.16,324346.5
287547.16,327923.34
409594.9,464131.03
409594.9,453728.4
409594.9,467704.8
409594.9,472378.94
867124.9,1.0777911e+06
867124.9,1.0736112e+06
867124.9,1.0952951e+06
867124.9,1.0896518e+06
867124.9,1.0774782e+06
867124.9,1.0766126e+06
867124.9,1.0497644e+06
867124.9,1.0497514e+06
867124.9,1.0464291e+06
233481.6,135824.14
233481.6,134445.45
250214.27,294996.25
867305.44,902843.2
867305.44,877752.8
393117.03,448821.38
393117.03,441567.4
393117.03,442954.25
323427.0,197975.48
323427.0,193725.64
363318.47,453519.12
363318.47,448897.94
363318.47,450824.62
260684.05,243074.27
260684.05,244938.05
252418.77,214016.14
252418.77,216147.42
983331.06,1.054221e+06
983331.06,1.0537221e+06
983331.06,1.0599131e+06
983331.06,1.0537382e+06
983331.06,1.0545082e+06
983331.06,1.0545319e+06
983331.06,1.0147703e+06
983331.06,1.0264268e+06
983331.06,1.03232894e+06
983331.06,1.01612094e+06
983331.06,1.0138017e+06
983331.06,1.0221552e+06
869327.44,996760.25
869327.44,996505.44
869327.44,981175.75
869327.44,994285.3
869327.44,994695.6
869327.44,962987.2
869327.44,974344.3
869327.44,973426.75
869327.44,974809.0
869327.44,1.0140572e+06
832287.5,1.0664975e+06
579870.1,918959.3
579870.1,936399.9
907776.3,1.01427506e+06
907776.3,980999.2
654291.5,743601.44
654291.5,769769.5
605812.4,935190.1
605812.4,944212.06
605812.4,936181.56
605812.4,939074.8
605812.4,937624.06
917696.2,1.1094085e+06
917696.2,1.109213e+06
917696.2,1.113022e+06
917696.2,1.1104508e+06
917696.2,1.1151816e+06
917696.2,1.1125942e+06
917696.2,1.1101194e+06
917696.2,1.1043371e+06
957942.5,1.04095556e+06
957942.5,1.02897425e+06
957942.5,1.0144549e+06
957942.5,1.02006925e+06
957942.5,996870.06
957942.5,1.0177701e+06
957942.5,1.0136869e+06
352611.34,496788.38
352611.34,474687.0
695327.06,939930.56
695327.06,960479.75
363336.8,356555.88
363336.8,333983.38
576424.75,929453.5
576424.75,958073.0
576424.75,927295.94
562226.4,695947.3
562226.4,688235.25
562226.4,672345.1
323262.72,188515.55
323262.72,179937.23
455980.16,606838.4
455980.16,602040.75
455980.16,601435.94
455980.16,604542.2
484685.4,475041.8
484685.4,488699.12
484685.4,477939.44
229772.62,173080.92
229772.62,178322.02
839128.25,1.03902125e+06
839128.25,1.0548259e+06
839128.25,1.03441944e+06
461185.62,447182.88
461185.62,464491.8
461185.62,465962.75
461185.62,473373.34
461185.62,475080.44
461185.62,477876.72
301476.8,419135.66
301476.8,419233.06
301476.8,423636.72
757424.56,1.033566e+06
757424.56,1.0353932e+06
757424.56,1.03648775e+06
757424.56,1.0342399e+06
757424.56,1.0361559e+06
757424.56,1.0297447e+06
757424.56,1.0031735e+06
757424.56,1.0013729e+06
757424.56,1.0068692e+06
757424.56,1.00379856e+06
757424.56,1.0625886e+06
491572.06,451750.3
491572.06,458741.7
609813.8,871190.06
609813.8,864421.1
609813.8,854131.4
354459.62,343354.0
354459.62,338804.84
354459.62,347945.03
1.1068698e+06,1.0742218e+06
1.1068698e+06,1.0834815e+06
1.2913352e+06,1.1995595e+06
1.2913352e+06,1.200073e+06
1.2913352e+06,1.2002628e+06
1.2913352e+06,1.2056702e+06
1.2913352e+06,1.2000178e+06
1.2913352e+06,1.2015512e+06
1.2913352e+06,1.2025169e+06
1.2913352e+06,1.2158314e+06
668014.06,975831.9
668014.06,998547.06
2.767575e+06,1.7101002e+06
2.767575e+06,1.7166619e+06
2.767575e+06,1.703974e+06
983020.4,1.1123755e+06
983020.4,1.1066801e+06
983020.4,1.111817e+06
983020.4,1.1169602e+06
983020.4,1.1173954e+06
983020.4,1.1081856e+06
983020.4,1.1062042e+06
983020.4,1.086398e+06
983020.4,1.084352e+06
983020.4,1.0841959e+06
983020.4,1.088002e+06
983020.4,1.08438e+06
983020.4,1.1282381e+06
1.203668e+06,1.2480952e+06
1.265084e+06,1.205915e+06
1.265084e+06,1.2200938e+06
577096.5,1.00959444e+06
577096.5,1.0120442e+06
577096.5,1.01322206e+06
577096.5,1.0088773e+06
577096.5,1.01048806e+06
577096.5,1.01025856e+06
577096.5,1.021864e+06
678828.9,872210.44
678828.9,873608.8
265426.28,335449.22
265426.28,334997.75
2.5221308e+06,1.6985641e+06
2.5221308e+06,1.683841e+06
633947.6,731216.9
633947.6,745139.44
663359.56,906128.6
663359.56,890441.0
663359.56,896803.8
663359.56,901799.4
663359.56,884185.5
423679.06,631211.44
423679.06,615052.94
423679.06,624154.9
423679.06,628382.2
423679.06,606455.6
423679.06,602129.56
423679.06,608551.75
423679.06,613972.1
425549.53,459360.1
425549.53,454809.88
462361.5,456883.3
462361.5,465003.88
462361.5,463534.22
462361.5,468165.94
737762.7,740457.25
737762.7,733399.2
737762.7,734059.5
737762.7,730160.1
737762.7,719899.56
445858.53,488228.44
445858.53,495623.06
445858.53,510346.75
445858.53,483982.75
134611.16,138668.52
134611.16,140215.45
134611.16,126978.58
156424.98,161567.23
156424.98,158948.73
337624.5,307680.22
337624.5,322409.6
156186.89,86428.266
156186.89,89196.2
335098.3,206687.36
335098.3,209125.33
709864.44,839276.0
709864.44,838591.2
709864.44,840145.1
709864.44,823777.9
709864.44,832625.1
2.3706042e+06,1.6412295e+06
631538.8,872650.56
631538.8,873881.7
718560.2,771688.06
718560.2,788225.4
718560.2,773081.7
718560.2,730257.9
718560.2,731355.4
377787.62,511822.1
377787.62,516714.4
377787.62,525483.06
723353.2,942873.2
723353.2,944519.5
2.6318512e+06,1.6929416e+06
2.6318512e+06,1.6899689e+06
716889.2,1.012504e+06
716889.2,1.00280325e+06
716889.2,1.02108744e+06
716889.2,1.00857556e+06
716889.2,1.00822394e+06
716889.2,1.004595e+06
716889.2,986214.44
282833.88,155934.64
282833.88,143491.08
317832.9,321962.25
317832.9,320748.28
586063.94,907121.4
586063.94,951234.7
822074.5,1.00290594e+06
822074.5,1.047945e+06
713639.7,955988.7
713639.7,932998.6
244056.66,164243.98
244056.66,176498.27
244056.66,170730.02
636371.75,734932.44
636371.75,747281.5
636371.75,724560.94
831336.75,953018.75
831336.75,967305.06
831336.75,942602.75
831336.75,969669.6
831336.75,993242.75
334293.88,270321.2
334293.88,272906.0
288114.7,165526.55
288114.7,160611.02
425477.03,396720.03
425477.03,409061.06
661790.3,576930.4
661790.3,565613.4
661790.3,570839.4
661790.3,579405.44
661790.3,559148.3
661790.3,559111.44
595011.44,828889.44
595011.44,831896.8
595011.44,815457.06
397991.8,255438.89
397991.8,248190.7
564640.0,962193.6
564640.0,905893.7
349277.28,218048.64
349277.28,219956.89
349277.28,217371.89
269275.53,216817.92
269275.53,230854.3
441767.34,468355.88
441767.34,471170.6
303471.78,334399.97
303471.78,342360.34
303471.78,314002.75
303471.78,325124.47
488411.06,646774.75
488411.06,640809.8
488411.06,634040.56
488411.06,612080.9
667973.2,943598.0
667973.2,982187.75
263268.7,239005.23
428616.34,452611.6
428616.34,469146.16
428616.34,454527.7
627163.56,637551.25
627163.56,665070.1
567533.8,788042.6
567533.8,777270.8
567533.8,790406.56
567533.8,795791.75
638038.5,793117.4
638038.5,809516.4
545924.9,669937.5
545924.9,668676.9
545924.9,680210.5
545924.9,637455.0
545924.9,631468.75
545924.9,663353.56
670100.4,967231.5
670100.4,967177.8
670100.4,962387.25
670100.4,969068.25
670100.4,968147.44
670100.4,965373.2
670100.4,968597.4
670100.4,945156.2
670100.4,954244.0
670100.4,942006.94
670100.4,953708.6
670100.4,957357.5
658518.56,1.0128217e+06
658518.56,965907.44
895830.4,1.00733175e+06
895830.4,1.0049156e+06
895830.4,985405.25
895830.4,993597.7
895830.4,1.00862644e+06
895830.4,974599.1
895830.4,961700.75
895830.4,967280.6
895830.4,968843.6
895830.4,1.02409856e+06
602533.75,759032.56
602533.75,757088.2
602533.75,758045.8
602533.75,750568.4
602533.75,734767.44
602533.75,753131.9
309520.84,300672.03
309520.84,308679.7
309520.84,307136.3
293935.16,200614.27
293935.16,207954.17
286183.88,218905.11
286183.88,221011.73
767698.5,1.0385221e+06
767698.5,1.0388259e+06
767698.5,1.0452384e+06
767698.5,1.04267775e+06
767698.5,1.046157e+06
767698.5,1.03825744e+06
767698.5,1.0186901e+06
767698.5,1.01419194e+06
767698.5,1.01907525e+06
767698.5,1.0192325e+06
767698.5,1.0425024e+06
543434.4,930477.75
543434.4,949786.94
427615.9,601174.1
427615.9,595251.06
725168.75,698582.56
618187.5,955549.9
1.12667e+06,1.1445345e+06
1.12667e+06,1.1413032e+06
300266.25,263712.3
300266.25,264130.4
300266.25,246639.61
505852.72,673138.44
505852.72,665409.2
547577.25,627925.7
504899.25,512133.94
504899.25,505434.34
504899.25,513614.4
536952.2,800844.9
536952.2,797089.56
536952.2,800367.1
536952.2,787129.8
536952.2,789024.2
536952.2,780165.4
735955.0,978046.7
735955.0,999007.94
735955.0,999641.0
735955.0,997857.0
735955.0,992042.4
585663.44,947014.06
585663.44,922365.94
500776.78,950317.2
500776.78,962051.1
541731.5,942240.94
541731.5,938533.4
359471.4,437870.5
359471.4,429272.94
561959.0,985925.5
526090.25,614197.0
526090.25,629511.5
526090.25,631725.56
1.1664708e+06,1.1985076e+06
1.1664708e+06,1.1949902e+06
1.1664708e+06,1.1974486e+06
1.1664708e+06,1.195187e+06
1.1664708e+06,1.1955451e+06
1.1664708e+06,1.2091702e+06
1.1664708e+06,1.1980988e+06
1.1664708e+06,1.1723356e+06
1.1664708e+06,1.1785679e+06
1.1664708e+06,1.1770865e+06
1.1664708e+06,1.1715061e+06
262263.47,386274.62
262263.47,385221.97
262263.47,392048.34
306149.3,297328.34
306149.3,285869.62
306149.3,280552.06
444582.84,398105.22
444582.84,445424.97
444582.84,383699.44
598209.9,939390.0
598209.9,931460.56
601572.06,911796.44
601572.06,934457.1
156392.2,89308.516
156392.2,90000.766
344531.66,334800.72
344531.66,337160.22
344531.66,318704.94
388764.25,434660.66
388764.25,463643.34
542515.9,942466.0
542515.9,925755.44
542515.9,917542.75
542515.9,928225.3
542515.9,899880.1
507646.66,494026.34
507646.66,498133.03
507646.66,502042.44
507646.66,479260.1
507646.66,501115.97
294951.9,320970.5
294951.9,312458.8
229878.14,134360.08
229878.14,126656.95
804656.25,916156.8
804656.25,908782.7
804656.25,916884.6
804656.25,913776.8
804656.25,915448.06
496892.78,626613.6
496892.78,611973.3
496892.78,615874.56
496892.78,621740.6
572981.06,956761.1
572981.06,922253.4
773762.9,1.0777415e+06
773762.9,1.0542566e+06
773762.9,1.0772625e+06
773762.9,1.0638485e+06
773762.9,1.0787468e+06
773762.9,1.0539258e+06
773762.9,1.0535476e+06
773762.9,1.03244756e+06
773762.9,1.0564625e+06
773762.9,1.03389375e+06
773762.9,1.03895856e+06
773762.9,1.0340581e+06
773762.9,1.0618962e+06
439344.97,424818.16
439344.97,420774.5
1.3235214e+06,1.216084e+06
1.3235214e+06,1.2062061e+06
1.3235214e+06,1.2090291e+06
1.3235214e+06,1.2105309e+06
1.3235214e+06,1.2104646e+06
1.3235214e+06,1.2133151e+06
1.3235214e+06,1.2097195e+06
1.3235214e+06,1.207406e+06
1.3235214e+06,1.2080956e+06
582482.44,950097.56
582482.44,939412.7
582482.44,978705.25
582482.44,935154.94
582482.44,927279.94
582482.44,916357.25
582482.44,925051.9
910307.4,884844.75
910307.4,884571.5
910307.4,864266.4
910307.4,867698.5
910307.4,885442.5
2.464325e+06,1.6736115e+06
2.464325e+06,1.6733908e+06
2.4069315e+06,1.6553708e+06
2.4069315e+06,1.6604012e+06
763708.06,1.0286357e+06
306919.3,175551.86
306919.3,175673.42
306919.3,173433.33
306919.3,169060.08
696843.0,982770.9
696843.0,1.0032743e+06
644288.5,1.03377156e+06
644288.5,1.0019095e+06
644288.5,1.0031708e+06
644288.5,1.00654025e+06
644288.5,1.02923875e+06
644288.5,1.0224441e+06
877336.2,1.022566e+06
877336.2,1.0095906e+06
877336.2,1.01683006e+06
877336.2,1.0221692e+06
877336.2,989179.56
656327.4,617614.1
656327.4,620789.4
656327.4,614361.44
656327.4,634793.2
362287.7,229423.11
362287.7,231455.17
362287.7,235727.39
362287.7,245044.11
282010.62,234415.55
282010.62,237147.05
282010.62,213949.33
768137.44,795285.8
768137.44,777539.56
768137.44,782382.1
768137.44,759483.9
568045.5,797019.8
568045.5,802514.4
568045.5,796655.5
568045.5,794023.6
568045.5,792510.5
568045.5,824771.9
619524.75,738631.6
619524.75,732239.94
339556.78,351958.12
339556.78,361785.28
339556.78,373751.22
339556.78,361034.06
339556.78,348686.34
339556.78,384796.72
543592.9,643606.2
543592.9,645085.25
543592.9,633004.94
558437.44,994457.1
558437.44,992228.9
558437.44,1.0012567e+06
558437.44,993903.1
558437.44,992836.8
558437.44,994760.56
558437.44,968137.3
558437.44,966986.0
558437.44,965771.1
558437.44,962037.94
558437.44,971977.94
638283.7,709441.25
638283.7,727890.6
638283.7,713756.7
729952.25,767146.44
729952.25,776808.75
729952.25,767951.25
729952.25,741898.3
461256.34,443900.62
461256.34,443209.94
461256.34,452102.53
565088.94,952989.56
565088.94,945250.9
565088.94,947167.8
565088.94,938882.5
565088.94,949991.2
452718.1,465737.4
452718.1,467513.97
452718.1,457102.8
806466.5,1.0749918e+06
806466.5,1.0791299e+06
806466.5,1.0714955e+06
806466.5,1.0752418e+06
806466.5,1.0751442e+06
806466.5,1.0774891e+06
806466.5,1.0714009e+06
267992.84,158814.67
267992.84,158778.14
267992.84,158938.89
267992.84,163038.23
263750.16,146557.3
263750.16,152657.17
676899.44,1.0083793e+06
676899.44,998116.0
676899.44,1.035633e+06
676899.44,998915.7
676899.44,970667.25
676899.44,972700.6
729088.6,901725.4
729088.6,900068.44
729088.6,889922.3
729088.6,874911.2
729088.6,887119.5
706631.7,733041.75
706631.7,745353.44
706631.7,730888.1
538525.44,514828.62
538525.44,520066.38
538525.44,510942.84
538525.44,525700.8
456221.9,680816.9
456221.9,648071.75
512221.72,512016.1
512221.72,519512.6
555459.0,733893.7
555459.0,727860.94
555459.0,710696.4
555459.0,736157.1
620332.75,998177.44
620332.75,1.0426092e+06
620332.75,997747.1
1.1290762e+06,1.0982089e+06
1.1290762e+06,1.1116295e+06
1.1290762e+06,1.0979191e+06
1.1290762e+06,1.0998308e+06
1.1290762e+06,1.089735e+06
1.1290762e+06,1.0867494e+06
1.1290762e+06,1.0658829e+06
1.1290762e+06,1.0763041e+06
1.1290762e+06,1.085138e+06
801035.44,1.075659e+06
801035.44,1.0750159e+06
801035.44,1.0697008e+06
801035.44,1.0813974e+06
801035.44,1.07382e+06
801035.44,1.0701855e+06
801035.44,1.0804114e+06
801035.44,1.0424195e+06
801035.44,1.0558328e+06
801035.44,1.0421036e+06
801035.44,1.080302e+06
606251.9,989863.7
606251.9,1.0160036e+06
606251.9,986878.56
759220.1,985979.1
759220.1,1.01582156e+06
269711.9,337321.28
269711.9,328659.6
269711.9,328877.62
658581.44,773588.3
658581.44,799233.6
658581.44,771288.6
478395.78,557741.06
478395.78,591954.8
334237.97,382366.22
334237.97,372852.2
752893.94,1.02633775e+06
752893.94,1.0026924e+06
525096.2,750614.94
525096.2,757465.9
685684.2,755771.75
685684.2,846272.06
302244.1,165309.02
302244.1,153945.08
557950.3,691532.5
557950.3,683979.06
557950.3,685585.9
557950.3,711270.9
595702.06,885622.3
595702.06,873444.2
595702.06,865683.7
595702.06,867987.94
595702.06,859593.3
595702.06,857868.0
595702.06,859720.3
595702.06,862627.94
571238.75,705435.3
571238.75,707336.25
943772.44,932009.3
943772.44,895694.8
636586.94,750183.94
636586.94,760031.1
636586.94,751696.25
636586.94,725204.44
636586.94,730325.44
206399.66,123814.016
206399.66,122227.14
206399.66,123854.95
808610.6,996234.9
808610.6,1.036866e+06
682167.06,943353.7
682167.06,949463.5
580488.8,957506.94
580488.8,960792.6
580488.8,958654.25
580488.8,963671.2
580488.8,962300.9
580488.8,958782.1
580488.8,935705.2
580488.8,942833.9
580488.8,944671.8
580488.8,933264.5
580488.8,950225.56
867361.9,865753.44
867361.9,902840.56
867361.9,875108.25
867361.9,896035.06
867361.9,860131.75
867361.9,853597.0
867361.9,876784.75
453874.84,439261.28
453874.84,434538.2
628231.5,682736.7
628231.5,740196.7
832194.8,957291.4
832194.8,941733.2
696289.94,715220.5
696289.94,729981.5
610761.2,799333.25
610761.2,817544.2
610761.2,786933.44
556079.44,826576.5
556079.44,824388.7
460999.12,535924.0
460999.12,539165.4
460999.12,522776.94
859614.6,987254.5
859614.6,975303.2
859614.6,988748.56
859614.6,961115.56
859614.6,979534.94
859614.6,989311.75
677225.2,773849.44
255854.4,150879.83
255854.4,141665.14
255854.4,140201.7
670493.1,748578.06
670493.1,752014.44
670493.1,750802.3
670493.1,716061.7
670493.1,711306.0
670493.1,724208.0
835878.25,942729.7
835878.25,955410.3
835878.25,955765.8
835878.25,920547.44
835878.25,924408.44
617353.8,961971.6
617353.8,949555.25
229088.55,134047.89
229088.55,130471.08
313963.56,403677.3
313963.56,397996.8
313963.56,393614.34
253847.42,362512.3
253847.42,340723.9
625981.1,895715.94
460223.4,533253.94
460223.4,567898.9
532577.75,931030.8
532577.75,973592.94
356811.94,419803.47
356811.94,430606.44
1.0579668e+06,1.1366825e+06
1.0579668e+06,1.140834e+06
1.0579668e+06,1.1364948e+06
1.0579668e+06,1.1518259e+06
1.0579668e+06,1.1413112e+06
1.0579668e+06,1.1412664e+06
1.0579668e+06,1.1100274e+06
1.0579668e+06,1.1152241e+06
1.0579668e+06,1.128503e+06
1.0579668e+06,1.1160111e+06
1.0579668e+06,1.1697289e+06
489601.3,475209.9
489601.3,481045.9
489601.3,481687.7
489601.3,465640.9
489601.3,458521.62
834172.8,987464.6
834172.8,954919.44
1.203844e+06,1.1476824e+06
1.203844e+06,1.152499e+06
1.203844e+06,1.1493652e+06
1.203844e+06,1.1607795e+06
1.203844e+06,1.152271e+06
1.203844e+06,1.1609179e+06
1.203844e+06,1.1271035e+06
1.203844e+06,1.1260506e+06
1.203844e+06,1.1273179e+06
443726.06,593693.9
443726.06,609422.56
443726.06,595751.9
795198.44,1.0464514e+06
795198.44,1.0621061e+06
795198.44,1.03514006e+06
795198.44,1.0456134e+06
795198.44,1.0450293e+06
795198.44,1.03608625e+06
795198.44,1.0380236e+06
795198.44,1.0855264e+06
545961.25,600513.06
545961.25,599506.44
545961.25,591862.94
491883.5,587518.1
491883.5,565741.75
849447.6,1.0627068e+06
849447.6,1.0698292e+06
849447.6,1.0798518e+06
849447.6,1.062048e+06
849447.6,1.0665511e+06
849447.6,1.071646e+06
849447.6,1.04038744e+06
849447.6,1.04203894e+06
849447.6,1.044533e+06
849447.6,1.0417364e+06
621696.1,970955.8
621696.1,962723.0
728732.6,1.01681706e+06
728732.6,1.0091925e+06
728732.6,1.0125534e+06
728732.6,1.0293057e+06
728732.6,1.0163923e+06
728732.6,1.0396005e+06
460851.84,483695.03
460851.84,472561.72
2.3592328e+06,1.6532528e+06
2.3592328e+06,1.6507895e+06
783054.06,1.01431906e+06
783054.06,1.00860006e+06
783054.06,1.0226342e+06
783054.06,1.0137111e+06
783054.06,1.0124899e+06
783054.06,1.01476806e+06
783054.06,979964.25
783054.06,993736.06
783054.06,985502.44
783054.06,989501.6
906161.56,1.04199806e+06
906161.56,1.0353247e+06
906161.56,1.0274079e+06
906161.56,1.0441631e+06
906161.56,1.0433539e+06
906161.56,1.019068e+06
1.26837e+06,1.2585316e+06
1.26837e+06,1.2537202e+06
1.26837e+06,1.2425412e+06
1.26837e+06,1.2476962e+06
1.26837e+06,1.2415154e+06
1.26837e+06,1.2394021e+06
1.26837e+06,1.2426018e+06
1.26837e+06,1.2473418e+06
1.26837e+06,1.2418745e+06
1.26837e+06,1.2447724e+06
587324.7,682764.25
587324.7,697211.7
916858.2,1.058371e+06
916858.2,1.044831e+06
1.03317844e+06,1.0646e+06
1.03317844e+06,1.0697132e+06
1.03317844e+06,1.0616475e+06
1.03317844e+06,1.0591122e+06
1.03317844e+06,1.0673231e+06
1.03317844e+06,1.0632868e+06
1.03317844e+06,1.0417693e+06
1.03317844e+06,1.0280053e+06
1.03317844e+06,1.0215791e+06
1.03317844e+06,1.042577e+06
1.03317844e+06,1.064279e+06
551008.5,825090.56
551008.5,788780.6
443160.2,566832.9
443160.2,558043.44
565245.44,536322.44
565245.44,536216.94
565245.44,534036.94
565245.44,521512.6
565245.44,520825.97
594272.4,909059.7
594272.4,950573.7
2.412261e+06,1.6573591e+06
2.412261e+06,1.6618108e+06
129513.25,142897.52
129513.25,139976.83
377537.3,450066.2
377537.3,460615.2
377537.3,450966.4
2.3715312e+06,1.639006e+06
2.3715312e+06,1.641463e+06
2.3715312e+06,1.6367451e+06
472715.75,522054.66
472715.75,516967.8
405943.88,259871.61
405943.88,246238.52
581925.25,935691.44
581925.25,952147.5
581925.25,954922.7
581925.25,933136.3
581925.25,968220.06
581925.25,920338.4
646122.94,850094.5
646122.94,876886.44
476227.94,581225.75
476227.94,610608.75
1.3825666e+06,1.2411514e+06
1.3825666e+06,1.2482514e+06
1.3825666e+06,1.2426254e+06
1.3825666e+06,1.2417439e+06
1.3825666e+06,1.2456036e+06
1.3825666e+06,1.2482264e+06
1.3825666e+06,1.2417439e+06
1.3825666e+06,1.2416944e+06
1.3825666e+06,1.2231758e+06
1.3825666e+06,1.2215591e+06
1.3825666e+06,1.2226651e+06
1.3825666e+06,1.2210191e+06
1.3825666e+06,1.2217654e+06
1.3825666e+06,1.2694711e+06
297144.47,335735.5
297144.47,335695.2
297144.47,311107.94
646848.0,1.0349548e+06
646848.0,1.0030002e+06
646848.0,1.0032485e+06
646848.0,1.03636675e+06
646848.0,1.0051542e+06
646848.0,1.0032062e+06
646848.0,1.00675475e+06
646848.0,980126.75
646848.0,979441.0
2.6991848e+06,1.6925052e+06
2.6991848e+06,1.7001889e+06
512714.75,937595.2
512714.75,967719.4
900062.6,1.0075005e+06
900062.6,1.01515044e+06
900062.6,1.0143229e+06
900062.6,1.0147404e+06
900062.6,1.03222156e+06
900062.6,1.00991825e+06
440251.78,643207.25
212279.44,236538.8
212279.44,238915.64
212279.44,240833.58
717637.6,709880.9
595074.44,658570.2
595074.44,685804.4
481213.88,588594.06
481213.88,582558.2
481213.88,578304.44
172500.1,124255.95
172500.1,115030.95
673253.56,945478.56
673253.56,954716.94
673253.56,948652.1
673253.56,956189.3
673253.56,939414.6
673253.56,932721.25
673253.56,937090.94
673253.56,951887.3
852096.1,950786.3
852096.1,957486.7
852096.1,949904.6
852096.1,950376.4
852096.1,959580.8
852096.1,934821.5
852096.1,928378.7
852096.1,935753.56
852096.1,988288.2
789344.75,821073.7
789344.75,835338.9
789344.75,831519.9
789344.75,837462.25
789344.75,786251.4
386605.3,263311.28
515782.25,614854.4
515782.25,632206.44
515782.25,635586.06
515782.25,630232.5
515782.25,613609.6
515782.25,561966.1
907965.4,1.01465606e+06
907965.4,1.0449472e+06
907965.4,1.01754794e+06
594871.94,543891.4
594871.94,540235.9
594871.94,529714.4
594871.94,539690.2
289301.28,285378.8
289301.28,262162.28
536846.25,544579.7
536846.25,545303.56
536846.25,550851.25
536846.25,559884.8
536846.25,550616.0
321077.3,170423.33
321077.3,170689.64
659778.5,639925.06
659778.5,635396.3
659778.5,630262.94
659778.5,591983.94
346666.16,431111.12
213307.84,224408.73
213307.84,235702.73
213307.84,224670.8
834085.0,1.1020994e+06
834085.0,1.097864e+06
834085.0,1.0878841e+06
834085.0,1.0886818e+06
834085.0,1.0851974e+06
834085.0,1.0973828e+06
834085.0,1.0614325e+06
834085.0,1.0589595e+06
834085.0,1.0585311e+06
834085.0,1.0800548e+06
402209.47,450285.94
402209.47,467951.28
402209.47,448709.12
606426.06,838932.3
606426.06,826947.9
606426.06,836992.75
606426.06,849625.44
606426.06,806227.9
783262.75,1.0338235e+06
783262.75,1.03454225e+06
783262.75,1.0594216e+06
783262.75,1.0550894e+06
783262.75,1.0318499e+06
783262.75,1.03489075e+06
783262.75,1.0267081e+06
745116.2,1.0176056e+06
745116.2,1.0297186e+06
745116.2,1.0271705e+06
745116.2,1.04106794e+06
745116.2,1.02191725e+06
745116.2,1.0284459e+06
745116.2,1.0220321e+06
745116.2,1.0473915e+06
856643.5,989988.5
856643.5,989123.5
856643.5,987577.44
856643.5,992439.44
856643.5,998238.1
856643.5,1.0228222e+06
531274.0,680384.3
531274.0,704795.2
852613.9,965862.1
852613.9,986894.25
204622.6,118613.45
204622.6,114021.89
394369.28,464057.8
394369.28,458057.5
394369.28,453959.94
594770.5,798470.3
594770.5,818863.5
2.1639755e+06,1.6233188e+06
2.1639755e+06,1.6241792e+06
763169.3,882012.2
763169.3,893560.0
381203.7,231819.27
381203.7,241889.36
472039.7,623954.0
472039.7,616155.7
333486.75,248106.83
333486.75,250690.17
391777.44,413837.75
391777.44,409307.5
229207.1,188113.58
229207.1,196565.67
873785.2,972303.7
873785.2,971949.25
873785.2,980247.0
873785.2,989880.3
873785.2,967927.8
873785.2,966528.75
873785.2,963814.06
962281.75,1.0927045e+06
962281.75,1.0836038e+06
962281.75,1.0760212e+06
962281.75,1.0916829e+06
962281.75,1.0839959e+06
962281.75,1.0762809e+06
962281.75,1.0608239e+06
962281.75,1.0794361e+06
962281.75,1.0746906e+06
962281.75,1.1325842e+06
514158.03,681172.1
514158.03,682542.75
514158.03,672307.5
514158.03,684987.06
514158.03,659936.0
448840.5,545324.2
448840.5,545011.06
448840.5,544107.6
448840.5,545479.75
333051.38,339035.88
333051.38,323493.28
613449.9,902420.4
613449.9,926304.5
337396.56,337026.28
337396.56,341698.53
337396.56,335447.72
515213.25,624022.75
515213.25,644974.4
515213.25,599809.9
515213.25,651286.6
737261.9,743495.06
737261.9,743259.0
737261.9,747117.6
737261.9,738498.94
737261.9,701290.9
737261.9,701422.4
737261.9,703701.7
831048.44,858258.1
831048.44,848578.2
831048.44,830291.4
831048.44,858872.2
831048.44,897883.6
697569.0,726096.7
697569.0,727924.9
697569.0,734507.1
697569.0,691144.06
697569.0,703295.44
994731.3,1.1180145e+06
994731.3,1.1167184e+06
994731.3,1.1242561e+06
994731.3,1.1242561e+06
994731.3,1.1180145e+06
994731.3,1.1243806e+06
994731.3,1.1184906e+06
994731.3,1.0969179e+06
994731.3,1.0948282e+06
994731.3,1.0964162e+06
994731.3,1.0927184e+06
994731.3,1.0961166e+06
994731.3,1.1000799e+06
994731.3,1.1142918e+06
194779.28,124037.95
194779.28,121093.016
517889.6,485890.38
517889.6,504820.9
968582.75,1.1230195e+06
968582.75,1.1080654e+06
429343.78,582287.8
567700.56,673539.9
567700.56,665242.56
567700.56,671863.44
567700.56,670749.75
567700.56,672933.25
567700.56,652022.5
567700.56,650901.06
567700.56,639438.8
567700.56,639244.6
567700.56,660579.9
619967.3,837606.44
619967.3,864219.56
316702.12,308905.1
316702.12,307600.56
316702.12,308504.06
316702.12,289200.47
466287.34,522113.84
466287.34,532908.5
466287.34,546800.2
365913.22,364892.97
365913.22,352237.03
497290.8,538445.06
434326.75,513857.7
434326.75,512743.9
434326.75,517690.97
256671.19,159018.67
256671.19,139564.27
201986.55,124221.58
201986.55,123297.08
201986.55,117857.08
632540.7,1.062749e+06
599833.6,550395.9
599833.6,518598.06
424037.28,391327.78
424037.28,390510.34
424037.28,401321.38
424037.28,354640.34
565391.6,786944.75
565391.6,783781.94
565391.6,784748.9
565391.6,780383.2
565391.6,776804.25
433921.06,589573.3
433921.06,589573.3
433921.06,596473.7
433921.06,564000.4
433921.06,562391.6
433921.06,592865.06
401754.28,263521.6
401754.28,261907.73
401754.28,259000.14
382648.5,363636.53
382648.5,344792.53
516859.28,662558.3
516859.28,678283.9
516859.28,671492.8
516859.28,625801.3
516859.28,645274.0
516859.28,643861.1
271992.97,234092.86
271992.97,238899.92
271992.97,224542.55
498464.9,639202.25
498464.9,640775.3
498464.9,632690.94
498464.9,639034.9
720725.9,1.0164659e+06
720725.9,998931.3
245372.92,134199.83
245372.92,132956.89
643307.75,763743.56
643307.75,759373.7
643307.75,770497.7
643307.75,741615.44
669145.1,989603.44
669145.1,1.00669325e+06
556378.25,689621.7
556378.25,684407.56
556378.25,679719.2
556378.25,648558.3
852471.4,1.0151251e+06
852471.4,1.03921894e+06
418378.72,547370.5
418378.72,546788.6
418378.72,547524.56
240749.45,186897.52
240749.45,199494.95
617238.06,707159.75
617238.06,724982.7
617238.06,713815.25
617238.06,766116.75
683616.56,873209.6
683616.56,882329.4
344956.3,308161.94
344956.3,307136.1
625739.06,631325.06
625739.06,627925.44
367552.62,358327.8
367552.62,361019.3
423616.22,435233.66
423616.22,400878.2
304135.56,333222.0
659873.25,791685.5
659873.25,787812.8
659873.25,761645.4
620305.44,970708.44
620305.44,968144.4
620305.44,970639.06
620305.44,975265.9
620305.44,979731.6
620305.44,971182.7
620305.44,971931.6
620305.44,975368.94
620305.44,959416.06
620305.44,948695.44
620305.44,946596.4
620305.44,945133.06
620305.44,947980.6
620305.44,945331.56
620305.44,946905.1
620305.44,976263.7
776292.25,1.0636324e+06
602818.44,709701.2
602818.44,673706.56
607405.44,561611.06
607405.44,565234.7
607405.44,570559.56
607405.44,557196.06
418562.88,494183.88
418562.88,497772.75
418562.88,496682.72
290934.28,228026.64
290934.28,214447.23
509800.84,762841.75
509800.84,761205.3
509800.84,770481.1
509800.84,782988.5
651834.56,950426.2
651834.56,957271.94
651834.56,945267.25
651834.56,952012.25
651834.56,938783.9
651834.56,936846.6
651834.56,921880.2
583949.25,897259.75
583949.25,937311.1
418896.66,521792.7
418896.66,532337.44
903831.9,992939.94
903831.9,1.03646444e+06
384012.88,241802.64
384012.88,237023.73
260613.94,209169.98
260613.94,223116.2
897510.9,1.01419775e+06
897510.9,1.0045865e+06
897510.9,1.0136456e+06
897510.9,1.0230377e+06
897510.9,991777.1
299871.44,214512.33
299871.44,204647.64
318426.88,172679.11
318426.88,172200.42
456010.06,520494.97
456010.06,520261.06
456010.06,524073.1
762373.8,1.0395449e+06
762373.8,1.0161408e+06
762373.8,1.0028212e+06
197458.86,238129.17
197458.86,233308.95
197458.86,219020.48
708351.0,922059.0
708351.0,958408.44
580465.0,952177.5
580465.0,958959.6
580465.0,954805.56
580465.0,968732.6
580465.0,925464.25
580465.0,923186.0
580465.0,969730.0
699292.1,833388.75
699292.1,843952.3
699292.1,842260.6
699292.1,806705.0
699292.1,805585.8
699292.1,847622.4
398592.16,527051.75
398592.16,536742.7
543896.3,702502.0
543896.3,699897.3
543896.3,715331.06
543896.3,695851.1
543896.3,695851.1
543896.3,714385.44
470865.62,697569.6
470865.62,699778.4
455690.28,624729.75
455690.28,651292.1
573662.8,571078.0
573662.8,585247.44
730044.44,1.0291972e+06
730044.44,1.0144606e+06
730044.44,1.0151372e+06
730044.44,1.044328e+06
730044.44,1.0225724e+06
730044.44,984877.06
730044.44,989964.06
264511.7,204064.73
264511.7,191121.67
255243.02,133464.77
255243.02,126879.08
567838.6,522886.62
567838.6,514535.47
1.308173e+06,1.2378969e+06
1.308173e+06,1.2220762e+06
1.308173e+06,1.2267158e+06
1.308173e+06,1.2230642e+06
1.308173e+06,1.2337295e+06
1.308173e+06,1.2373186e+06
1.308173e+06,1.2262442e+06
1.308173e+06,1.2387032e+06
1.308173e+06,1.2257844e+06
560793.75,739067.6
560793.75,749800.75
1.1456215e+06,1.0815692e+06
1.1456215e+06,1.0984765e+06
509634.3,802993.5
343489.0,233401.2
343489.0,232206.52
343489.0,226830.36
382052.44,545494.6
382052.44,552928.06
539918.44,614592.9
539918.44,640775.2
622858.94,970732.06
622858.94,962695.1
622858.94,963165.75
622858.94,962402.2
622858.94,970115.94
622858.94,961888.06
622858.94,960757.75
622858.94,941446.3
622858.94,956311.7
622858.94,952583.3
622858.94,940100.1
622858.94,944277.56
622858.94,954730.5
345174.84,438915.75
345174.84,438560.9
345174.84,432526.72
415416.97,266971.75
415416.97,265490.84
415416.97,266562.34
415416.97,260801.39
301548.88,218510.52
301548.88,222415.02
793935.94,742571.5
793935.94,756134.75
793935.94,759554.7
793935.94,764230.7
793935.94,754051.9
355722.72,204342.7
355722.72,211281.14
904420.0,1.0728506e+06
904420.0,1.0735575e+06
904420.0,1.0598866e+06
904420.0,1.0722961e+06
904420.0,1.0604882e+06
904420.0,1.0608708e+06
508965.1,599652.25
508965.1,584237.44
337767.1,223818.17
337767.1,222182.02
577516.9,729451.75
577516.9,741357.56
577516.9,728632.4
577516.9,709703.7
577516.9,704002.25
577516.9,705384.25
798697.75,1.04097806e+06
798697.75,1.0356726e+06
718886.6,1.0207156e+06
718886.6,1.02066025e+06
718886.6,1.024045e+06
553924.2,932474.25
553924.2,945199.6
486528.3,618081.75
486528.3,614263.3
729366.0,1.02087206e+06
729366.0,1.0157503e+06
729366.0,1.0351806e+06
729366.0,1.02318175e+06
729366.0,1.03296044e+06
729366.0,997112.94
729366.0,995485.6
729366.0,1.00028475e+06
729366.0,1.0513934e+06
409907.78,381576.06
409907.78,413240.6
356350.44,345090.47
356350.44,378475.44
380453.72,426930.75
380453.72,452354.34
380453.72,444276.2
683923.25,844957.5
683923.25,843462.06
683923.25,840201.8
599447.8,557781.8
599447.8,558726.0
599447.8,559139.94
599447.8,556346.56
587240.25,964565.7
587240.25,948432.5
587240.25,965185.3
587240.25,961311.5
587240.25,981949.5
839942.4,1.0797001e+06
839942.4,1.0774521e+06
839942.4,1.0781406e+06
839942.4,1.0770758e+06
839942.4,1.0908119e+06
839942.4,1.0778146e+06
839942.4,1.0781406e+06
839942.4,1.0754132e+06
259714.56,140479.83
259714.56,136854.2
289908.38,314409.34
289908.38,307946.8
289908.38,300862.3
859148.9,1.076345e+06
859148.9,1.0576778e+06
605373.06,889868.25
605373.06,896406.3
605373.06,891540.94
605373.06,867277.8
346398.28,274728.0
346398.28,261517.64
451835.56,570533.56
451835.56,562082.94
569783.4,696583.8
569783.4,695364.4
569783.4,702193.0
569783.4,668793.94
569783.4,663478.5
569783.4,708269.2
381520.44,260999.23
381520.44,240999.08
338998.12,347697.56
338998.12,334660.5
563689.4,670339.4
563689.4,670405.0
616244.9,964565.25
616244.9,967130.44
616244.9,967163.4
616244.9,970235.0
616244.9,970823.7
616244.9,959560.6
616244.9,963521.75
616244.9,934978.7
616244.9,937142.9
616244.9,952580.0
616244.9,969107.94
482295.72,609431.9
482295.72,616018.6
482295.72,594030.06
482295.72,578096.94
482295.72,594703.1
482295.72,607346.1
375426.72,557644.94
375426.72,538450.75
599150.56,835394.5
599150.56,850307.25
599150.56,831554.25
599150.56,826889.06
631397.06,763042.25
631397.06,781967.0
256111.36,266979.1
472393.16,583598.6
472393.16,582807.56
472393.16,571258.25
600595.6,943309.5
600595.6,947781.9
573687.75,699589.2
573687.75,722399.7
601049.2,772396.1
601049.2,771724.9
601049.2,789694.25
601049.2,760797.25
601049.2,763645.44
738156.4,1.0007461e+06
738156.4,1.01003456e+06
738156.4,1.0018518e+06
738156.4,999096.6
738156.4,989955.06
738156.4,1.00506125e+06
738156.4,969693.2
738156.4,972291.8
738156.4,973632.5
738156.4,968717.3
602643.8,878285.7
602643.8,883019.06
602643.8,873594.4
602643.8,867032.44
602643.8,869637.5
602643.8,854194.1
535203.8,759092.75
535203.8,798805.7
420045.0,574815.75
420045.0,569880.25
420045.0,555711.4
1.262446e+06,1.1551432e+06
1.262446e+06,1.1787689e+06
493174.5,759385.6
493174.5,752075.3
493174.5,757094.56
493174.5,762474.5
493174.5,730100.75
493174.5,731796.9
493174.5,729153.3
493174.5,725850.6
315756.75,275489.47
315756.75,278673.16
405486.72,619934.9
405486.72,613362.56
405486.72,588948.6
405486.72,588623.06
603076.56,843439.75
603076.56,869412.4
336507.97,328757.03
336507.97,328453.56
336507.97,346158.5
648560.5,708115.8
648560.5,690166.3
648560.5,700129.2
254123.1,266309.1
254123.1,262831.7
769618.75,1.0304563e+06
769618.75,1.048061e+06
769618.75,1.0467322e+06
769618.75,1.02158806e+06
769618.75,1.0334979e+06
769618.75,992724.75
769618.75,993563.3
769618.75,990312.4
769618.75,1.0328791e+06
2.4875202e+06,1.6296931e+06
2.4875202e+06,1.6323525e+06
2.4875202e+06,1.6342916e+06
2.4875202e+06,1.6374218e+06
2.4875202e+06,1.6397256e+06
2.4875202e+06,1.6271846e+06
2.4875202e+06,1.6397834e+06
2.4875202e+06,1.6303881e+06
2.4875202e+06,1.6289654e+06
2.4875202e+06,1.630214e+06
2.4875202e+06,1.6271905e+06
2.4875202e+06,1.6290714e+06
2.4875202e+06,1.6361148e+06
2.4875202e+06,1.6290618e+06
2.4875202e+06,1.6271992e+06
2.4875202e+06,1.6290749e+06
2.4875202e+06,1.6272912e+06
2.4875202e+06,1.6301742e+06
2.4875202e+06,1.6323374e+06
473864.28,458525.34
473864.28,460095.12
473864.28,468282.4
473864.28,452390.06
473864.28,457956.3
473864.28,448852.03
534609.06,495825.0
534609.06,507542.2
534609.06,494340.66
388851.75,580202.06
388851.75,591733.06
342761.12,239495.17
342761.12,239478.3
342761.12,231505.67
342761.12,218522.23
315851.44,165585.48
315851.44,169165.02
552971.44,703502.0
552971.44,706119.25
850257.3,1.02750875e+06
850257.3,1.00058294e+06
767354.2,1.0458624e+06
767354.2,1.0289967e+06
767354.2,1.0317858e+06
767354.2,1.025992e+06
767354.2,1.04607256e+06
767354.2,1.01678944e+06
767354.2,1.001187e+06
767354.2,1.0078997e+06
767354.2,1.0048887e+06
804927.94,1.0490258e+06
804927.94,1.05075e+06
804927.94,1.0566711e+06
804927.94,1.0504214e+06
804927.94,1.0545461e+06
804927.94,1.0661216e+06
804927.94,1.050869e+06
593843.1,706604.8
593843.1,713386.75
737374.6,895330.0
737374.6,877808.6
246633.42,150013.8
246633.42,148101.08
246633.42,148373.61
246633.42,142843.58
413920.03,570862.2
413920.03,563576.8
413920.03,571094.6
413920.03,561501.75
2.294299e+06,1.639392e+06
2.294299e+06,1.6467118e+06
754662.56,764981.6
754662.56,757170.5
754662.56,757410.94
754662.56,748636.94
754662.56,720867.1
754662.56,716122.75
754662.56,732452.6
603135.3,909985.1
595866.7,552494.7
595866.7,556544.25
314352.47,295311.97
314352.47,305169.12
314352.47,295880.84
356421.66,228047.45
356421.66,233571.45
556075.75,787728.56
556075.75,780449.25
556075.75,752349.44
780194.06,1.03277744e+06
780194.06,1.0397755e+06
780194.06,1.02033e+06
237070.23,250384.77
505933.2,482865.25
505933.2,484037.28
505933.2,465941.53
505933.2,501721.97
222170.36,246009.05
222170.36,226395.58
574530.44,915246.8
574530.44,931324.56
555606.1,708343.44
555606.1,717489.3
555606.1,709262.5
555606.1,720325.7
555606.1,681385.7
555606.1,677195.0
555606.1,683820.25
548211.3,685223.7
548211.3,683177.1
548211.3,670048.4
548211.3,636809.0
548211.3,656066.6
538857.3,942556.6
538857.3,945866.7
512955.03,557677.44
512955.03,540496.5
481370.9,559213.5
481370.9,566649.6
481370.9,560266.5
481370.9,548863.94
253294.48,347768.3
253294.48,353649.3
253294.48,352947.0
808118.44,996741.6
808118.44,1.0601821e+06
346815.6,414751.3
346815.6,408665.44
346815.6,423814.47
546137.94,810252.9
546137.94,811440.7
546137.94,801307.6
546137.94,813210.44
546137.94,775510.0
546137.94,763053.2
546137.94,769283.2
809421.2,1.0250801e+06
809421.2,1.03467256e+06
809421.2,1.0262673e+06
809421.2,1.03258944e+06
809421.2,1.0337557e+06
809421.2,1.0585585e+06
242248.22,211498.52
242248.22,217247.95
266425.47,152550.39
266425.47,140429.02
587100.0,936218.2
587100.0,960506.25
351098.84,214782.77
351098.84,222869.8
541609.4,608063.56
541609.4,593939.0
310009.9,204343.52
310009.9,202014.58
843765.0,991181.7
843765.0,937310.44
427135.53,488290.9
427135.53,486728.75
284324.72,298021.97
284324.72,299671.7
592199.9,733691.3
592199.9,727041.7
592199.9,731755.1
592199.9,696853.44
592199.9,740116.3
242852.75,313673.47
242852.75,316169.97
553980.3,926093.06
553980.3,941886.3
638171.7,790297.44
638171.7,795881.94
638171.7,791233.5
638171.7,754481.6
638171.7,755672.4
638171.7,812898.06
385392.56,239818.45
385392.56,242297.67
547064.0,920211.44
547064.0,949873.8
413358.84,613656.4
401870.9,264493.72
401870.9,251717.89
1.317311e+06,1.2449181e+06
1.317311e+06,1.2526236e+06
1.317311e+06,1.2449054e+06
1.317311e+06,1.2566712e+06
1.317311e+06,1.2472119e+06
1.317311e+06,1.2434204e+06
1.317311e+06,1.2544022e+06
1.317311e+06,1.2619406e+06
1.317311e+06,1.2566529e+06
1.317311e+06,1.2568629e+06
595604.06,599714.06
595604.06,618829.0
595604.06,603727.06
595604.06,606885.9
697218.7,939638.2
697218.7,965772.56
577450.5,951636.2
577450.5,966032.1
577450.5,945575.06
577450.5,959651.75
577450.5,925439.06
577450.5,919660.5
577450.5,954359.0
644980.94,969469.94
644980.94,989409.2
480471.56,645791.8
480471.56,644343.0
480471.56,632220.94
664398.0,908087.1
664398.0,926068.3
805923.75,814075.44
805923.75,810823.2
805923.75,808597.56
805923.75,812168.5
805923.75,781439.06
429107.2,605179.6
429107.2,598930.8
460012.75,608776.3
460012.75,609949.5
460012.75,597541.1
460012.75,606367.3
752712.3,938962.8
752712.3,916203.5
444172.16,662696.06
382776.44,373636.03
382776.44,374661.9
382776.44,378881.66
382776.44,385396.8
915478.75,1.00146294e+06
915478.75,962916.4
634561.6,981523.9
634561.6,997416.9
634561.6,999304.5
278800.03,154089.36
278800.03,153745.89
278800.03,157308.64
555449.5,764189.9
555449.5,736791.5
555449.5,740096.75
555449.5,724478.56
555449.5,762894.94
944721.2,1.1178474e+06
944721.2,1.1163076e+06
944721.2,1.1128428e+06
944721.2,1.1167948e+06
944721.2,1.1124146e+06
944721.2,1.1128839e+06
944721.2,1.113319e+06
944721.2,1.1160439e+06
944721.2,1.1171901e+06
944721.2,1.0865956e+06
944721.2,1.0968979e+06
944721.2,1.0898081e+06
944721.2,1.0917816e+06
944721.2,1.1282522e+06
414083.0,589592.25
414083.0,593958.25
588169.06,982187.3
588169.06,986021.3
588169.06,980731.75
588169.06,982692.7
588169.06,986320.06
588169.06,983233.6
588169.06,961416.1
532809.6,611041.2
532809.6,595471.3
334011.25,328968.7
334011.25,327094.0
334011.25,332806.2
334011.25,313448.3
591504.56,974493.5
591504.56,973420.0
591504.56,973045.1
591504.56,974511.5
591504.56,974012.3
591504.56,978346.06
591504.56,973384.9
591504.56,952301.94
603596.4,811669.2
603596.4,812903.6
603596.4,810317.2
603596.4,804514.1
492539.8,477720.4
492539.8,466747.1
492539.8,449397.4
309401.22,220413.2
309401.22,210341.61
711002.9,1.0061159e+06
711002.9,1.0031168e+06
711002.9,1.01831406e+06
711002.9,1.0024111e+06
711002.9,1.0177228e+06
711002.9,1.03348656e+06
827323.8,1.0566985e+06
827323.8,1.0570209e+06
827323.8,1.04607306e+06
827323.8,1.04812775e+06
827323.8,1.0566234e+06
827323.8,1.0723761e+06
827323.8,1.0250209e+06
827323.8,1.0258178e+06
827323.8,1.0223508e+06
827323.8,1.0284744e+06
827323.8,1.0278804e+06
827323.8,1.0557889e+06
542353.9,638118.56
542353.9,622287.44
542353.9,638571.75
542353.9,643889.44
542353.9,638206.6
542353.9,630606.06
264269.4,150505.98
264269.4,152457.27
615072.7,761636.25
615072.7,749740.9
830922.7,1.0569452e+06
830922.7,1.0795295e+06
830922.7,1.0703574e+06
830922.7,1.0721902e+06
830922.7,1.0683981e+06
830922.7,1.0579698e+06
830922.7,1.0782379e+06
218249.36,254241.48
218249.36,251639.45
218249.36,255882.39
368634.94,528658.4
368634.94,504102.6
305294.22,173843.8
305294.22,172409.67
305294.22,170447.83
833298.75,1.0503e+06
833298.75,1.0495325e+06
833298.75,1.049068e+06
833298.75,1.0495855e+06
833298.75,1.0458081e+06
833298.75,1.0231514e+06
833298.75,1.01577744e+06
833298.75,1.0611711e+06
520114.5,670140.06
520114.5,672705.5
520114.5,668104.1
520114.5,632811.9
520114.5,634381.6
2.5648748e+06,1.6681336e+06
2.5648748e+06,1.6772296e+06
2.5648748e+06,1.6718456e+06
431067.88,486840.94
431067.88,474379.75
618251.7,750293.25
618251.7,736671.06
618251.7,740666.94
618251.7,720165.0
618251.7,746400.75
586956.8,704251.3
586956.8,699362.9
586956.8,701615.0
586956.8,699186.2
461769.44,684679.0
461769.44,674526.94
541706.7,939904.9
541706.7,944739.3
990194.75,1.0789746e+06
990194.75,1.0875608e+06
251760.2,209247.98
251760.2,215910.42
251760.2,190277.45
257928.34,156318.48
778791.7,1.03775606e+06
778791.7,1.034046e+06
229897.95,263923.6
229897.95,264211.22
229897.95,257061.45
843987.9,1.052445e+06
680708.9,833217.25
680708.9,860564.0
680708.9,835110.5
680708.9,838696.56
680708.9,807121.06
680708.9,810858.6
680708.9,839517.56
796494.8,906549.1
796494.8,912161.5
584418.8,788105.3
584418.8,792198.3
309474.03,362359.38
309474.03,371500.47
545640.94,816442.3
545640.94,788085.6
550591.0,677149.3
550591.0,682304.0
550591.0,683110.56
550591.0,678618.06
550591.0,670542.2
550591.0,666933.9
618417.94,609224.0
618417.94,635290.7
618417.94,611494.8
618417.94,632876.5
316496.25,329074.0
316496.25,326101.1
316496.25,352237.7
316496.25,317558.94
316496.25,322497.44
316496.25,324628.16
666067.3,656282.2
666067.3,667912.2
666067.3,660023.25
666067.3,616030.2
666067.3,660197.25
429160.88,273065.4
429160.88,249826.95
700880.25,963562.1
700880.25,955138.44
700880.25,957096.9
700880.25,957670.6
700880.25,945053.8
700880.25,943517.94
700880.25,945775.4
700880.25,956171.25
789524.25,1.0233919e+06
789524.25,1.03868856e+06
789524.25,1.0176135e+06
360392.25,339404.7
360392.25,351075.3
360392.25,351413.03
360392.25,335402.53
314310.97,366670.4
314310.97,366617.12
314310.97,355349.22
314310.97,368242.03
524803.9,655674.44
524803.9,651956.94
524803.9,640131.3
741217.0,975573.9
741217.0,1.0276746e+06
387601.78,547942.94
387601.78,543552.75
387601.78,545653.0
387601.78,558998.0
702389.7,652948.44
702389.7,683162.4
599899.1,791764.0
599899.1,764856.06
708489.7,746631.1
708489.7,740044.6
489120.66,520005.16
489120.66,520611.3
489120.66,519137.9
489120.66,497783.06
422948.72,563330.9
422948.72,567160.06
608785.1,972584.94
608785.1,970979.3
608785.1,972791.75
608785.1,973206.56
608785.1,978016.75
608785.1,971471.56
608785.1,971256.4
608785.1,971517.44
608785.1,943352.1
608785.1,941930.8
608785.1,942179.3
608785.1,947012.94
608785.1,946405.3
608785.1,947100.94
608785.1,973421.4
967274.75,931226.44
967274.75,946347.1
967274.75,937990.9
967274.75,973615.5
967274.75,948060.8
967274.75,922645.25
967274.75,911013.25
967274.75,943261.4
437353.06,612781.1
207880.38,118982.83
207880.38,110118.64
244852.03,214700.55
244852.03,208902.3
578895.4,943289.8
578895.4,960413.8
816446.4,1.0715002e+06
816446.4,1.0667634e+06
816446.4,1.0672098e+06
816446.4,1.0623902e+06
816446.4,1.0656485e+06
816446.4,1.0667634e+06
816446.4,1.0679705e+06
816446.4,1.03996394e+06
816446.4,1.0419357e+06
816446.4,1.0459602e+06
816446.4,1.0638932e+06
242233.64,134340.2
242233.64,133548.77
315081.7,410599.03
315081.7,416083.66
353194.75,350098.1
202044.58,220667.27
202044.58,217343.48
607258.6,1.0692315e+06
511397.1,718485.25
511397.1,738446.4
595556.44,804778.9
595556.44,810030.25
781124.5,966772.7
781124.5,1.014341e+06
295410.88,328384.2
295410.88,330493.4
295410.88,350051.5
295410.88,319300.4
295410.88,321365.9
295410.88,312716.03
449013.2,554835.75
449013.2,555278.5
449013.2,534304.6
537722.25,920649.3
537722.25,939288.2
544424.75,723729.7
544424.75,685093.25
544101.1,672439.5
544101.1,678810.9
331445.22,217483.08
331445.22,234433.67
331445.22,210014.89
545218.7,683119.3
545218.7,659651.0
545218.7,676089.56
545218.7,662061.44
1.1807086e+06,1.1136379e+06
1.1807086e+06,1.1542706e+06
498348.84,638950.8
498348.84,627182.1
270052.62,218729.83
270052.62,218724.48
625101.9,786959.94
625101.9,757902.1
359690.03,299964.78
359690.03,307214.06
359690.03,296725.06
559579.06,760170.0
372723.34,367730.6
372723.34,358568.34
372723.34,350437.16
555963.7,666776.44
555963.7,668265.8
555963.7,663695.7
555963.7,675052.44
451611.66,541612.8
451611.66,541612.8
451611.66,547386.3
351046.06,223128.05
351046.06,216364.86
749810.4,985109.4
749810.4,1.0031557e+06
848092.3,858201.6
848092.3,854513.1
848092.3,864106.06
848092.3,850682.06
848092.3,825032.44
848092.3,825806.56
848092.3,833431.75
205713.64,122311.266
205713.64,124235.14
301665.03,250741.83
301665.03,251996.64
458989.44,527620.9
458989.44,522011.62
458989.44,497404.16
503385.94,620813.6
503385.94,620029.1
503385.94,612534.8
503385.94,628793.2
494998.75,759329.9
494998.75,763146.2
494998.75,762372.56
494998.75,755376.6
494998.75,707321.06
494998.75,712216.9
814142.56,928345.1
814142.56,901541.5
814142.56,907594.94
814142.56,902854.5
814142.56,904997.1
814142.56,991620.6
742950.06,1.0172265e+06
742950.06,1.0489171e+06
742950.06,1.0330897e+06
742950.06,1.0183335e+06
742950.06,1.01546525e+06
742950.06,991717.3
742950.06,991542.1
742950.06,1.0376112e+06
732418.56,883909.75
732418.56,882020.06
732418.56,882253.25
732418.56,885528.1
732418.56,867330.44
771922.0,1.0665571e+06
771922.0,1.04655344e+06
771922.0,1.048954e+06
771922.0,1.04854494e+06
771922.0,1.0464825e+06
771922.0,1.0532999e+06
808356.94,1.04008825e+06
808356.94,1.02112925e+06
927270.6,1.0251259e+06
927270.6,1.01699106e+06
927270.6,1.00171206e+06
440956.1,610213.0
440956.1,592551.1
440956.1,595750.5
440956.1,569739.5
440956.1,573479.7
440956.1,595266.44
870071.75,1.0004302e+06
649479.7,956924.9
649479.7,957095.06
649479.7,957174.3
649479.7,956781.6
649479.7,958091.8
649479.7,960426.4
649479.7,957774.9
649479.7,968917.4
788841.06,1.0238578e+06
788841.06,1.0316943e+06
788841.06,1.03186194e+06
788841.06,1.03651906e+06
788841.06,1.0239409e+06
788841.06,1.0266414e+06
788841.06,1.01972994e+06
788841.06,996588.56
788841.06,1.00103344e+06
788841.06,1.0500606e+06
536094.4,772743.44
536094.4,768809.4
536094.4,763922.94
536094.4,768840.44
755165.7,991411.8
428993.34,507192.2
428993.34,503572.0
536338.25,975026.3
536338.25,950767.1
611029.7,997621.25
611029.7,996289.56
611029.7,1.0034293e+06
611029.7,991554.94
611029.7,1.0089125e+06
611029.7,974320.2
611029.7,978863.75
611029.7,1.0041782e+06
611029.7,1.00114825e+06
418263.06,492634.88
418263.06,491669.7
418263.06,503563.2
418263.06,479538.2
801699.1,901752.06
801699.1,890520.9
561048.1,679857.0
561048.1,675895.5
561048.1,653095.7
556522.06,730156.56
556522.06,710705.94
556522.06,709305.1
785678.9,1.01879656e+06
785678.9,1.02398325e+06
785678.9,1.0182504e+06
785678.9,1.0223154e+06
785678.9,1.0215706e+06
785678.9,1.02033656e+06
785678.9,1.02123906e+06
785678.9,1.0708376e+06
2.3103445e+06,1.6401695e+06
2.3103445e+06,1.6503091e+06
591698.06,832155.4
591698.06,830085.6
290193.66,212830.8
290193.66,209101.58
290193.66,191258.77
849405.25,1.1015781e+06
849405.25,1.0971676e+06
849405.25,1.0984695e+06
849405.25,1.0965364e+06
849405.25,1.0973109e+06
849405.25,1.1017536e+06
849405.25,1.1013335e+06
849405.25,1.072862e+06
849405.25,1.0734612e+06
849405.25,1.081649e+06
849405.25,1.0809275e+06
849405.25,1.1013001e+06
804675.6,1.0372125e+06
804675.6,1.0362905e+06
804675.6,1.03662344e+06
804675.6,1.0238296e+06
804675.6,1.0367191e+06
804675.6,1.03421444e+06
804675.6,1.0355167e+06
602942.7,586744.44
602942.7,605862.44
926388.06,908272.44
926388.06,884576.56
926388.06,889291.56
926388.06,909843.25
926388.06,849887.94
926388.06,858057.0
926388.06,852020.06
926388.06,882533.7
1.1341954e+06,1.1396271e+06
531089.4,656141.75
531089.4,654100.4
531089.4,667456.4
859097.75,1.0712815e+06
859097.75,1.0762228e+06
859097.75,1.0761872e+06
859097.75,1.0760512e+06
859097.75,1.0715658e+06
859097.75,1.072158e+06
859097.75,1.0766004e+06
859097.75,1.087527e+06
991323.0,1.0506791e+06
991323.0,1.0585055e+06
991323.0,1.0599798e+06
991323.0,1.052962e+06
991323.0,1.0301961e+06
991323.0,1.02722894e+06
991323.0,1.0524115e+06
411486.84,419467.8
411486.84,420731.28
411486.84,405822.9
203848.16,126214.64
203848.16,122225.016
203848.16,118102.766
735402.0,932543.9
735402.0,952487.56
735402.0,927715.1
617628.4,991767.7
617628.4,1.01675856e+06
555584.25,921666.8
555584.25,928688.25
449798.06,707177.25
479012.34,591729.0
479012.34,578969.5
479012.34,586733.9
396231.03,353605.3
396231.03,340314.5
566327.75,756551.8
566327.75,759458.6
566327.75,748547.2
566327.75,784668.06
964579.8,964882.9
964579.8,981395.8
964579.8,978142.9
964579.8,985846.2
964579.8,997161.9
964579.8,967644.25
593949.7,736305.5
593949.7,733041.5
593949.7,716437.7
593949.7,716684.4
498393.44,682609.5
498393.44,682185.3
498393.44,696013.6
498393.44,683510.4
498393.44,654316.9
498393.44,655670.44
498393.44,664483.44
167424.67,103086.2
167424.67,96503.83
790426.5,1.0288173e+06
790426.5,1.0443459e+06
790426.5,1.02226144e+06
666037.4,804109.75
666037.4,788268.75
861407.44,973405.94
861407.44,1.01916056e+06
614216.9,969410.8
555346.56,663561.94
555346.56,659697.25
427823.38,398134.53
427823.38,411809.97
427823.38,393223.1
679528.0,1.0223131e+06
679528.0,1.0183975e+06
679528.0,1.0258459e+06
679528.0,1.03305475e+06
679528.0,1.0258459e+06
679528.0,1.0215973e+06
679528.0,1.0494838e+06
497754.88,648108.56
497754.88,658802.8
497754.88,655700.2
497754.88,626571.3
497754.88,632077.94
521188.8,502339.38
521188.8,507510.4
601023.0,975760.1
601023.0,968984.06
601023.0,966727.25
601023.0,971562.3
601023.0,969396.8
601023.0,976693.0
601023.0,972790.3
601023.0,969591.8
601023.0,941458.6
601023.0,943640.56
601023.0,944162.1
601023.0,939560.56
601023.0,942260.2
399093.6,447695.9
399093.6,443131.53
399093.6,453507.0
728606.7,861211.56
728606.7,864593.2
728606.7,864086.1
728606.7,887025.4
728606.7,830453.3
728606.7,828568.3
728606.7,861471.44
219287.25,250592.86
219287.25,253672.7
219287.25,245464.14
219287.25,255273.42
539967.6,804677.4
539967.6,793025.9
539967.6,792669.4
539967.6,783002.6
539967.6,782550.6
539967.6,806768.9
782295.6,1.0465229e+06
264549.78,294824.84
264549.78,278166.0
351897.4,248983.92
351897.4,241217.95
351897.4,235503.73
1.2168265e+06,1.1558491e+06
1.2168265e+06,1.1953599e+06
330004.72,172726.64
330004.72,169332.3
612042.25,555668.75
612042.25,552215.5
612042.25,560688.7
612042.25,580431.44
486605.34,417694.06
486605.34,433576.16
501222.25,700901.9
501222.25,691614.06
501222.25,685343.5
576623.1,671786.1
576623.1,675335.7
553535.4,777054.94
553535.4,762086.2
400873.84,438601.62
400873.84,442981.88
400873.84,421017.16
577474.6,826821.56
432482.03,654141.9
432482.03,676829.2
198588.98,230800.89
198588.98,222594.23
198588.98,228153.14
620315.5,951819.5
620315.5,957167.6
620315.5,957034.3
620315.5,954835.8
620315.5,957540.5
620315.5,957986.5
620315.5,957079.94
620315.5,952191.56
620315.5,959663.56
630116.6,744530.9
630116.6,760123.5
771075.56,1.01978825e+06
771075.56,1.04204894e+06
771075.56,1.02300744e+06
562602.3,916125.5
562602.3,923493.4
655035.1,699281.56
655035.1,708062.9
655035.1,707206.25
655035.1,687822.25
390010.53,241260.23
390010.53,245532.23
390010.53,239652.45
336987.7,447698.9
336987.7,431782.3
336987.7,425895.7
239378.39,237010.64
239378.39,240048.45
239378.39,222364.2
866088.1,1.056859e+06
866088.1,1.0574884e+06
866088.1,1.0549041e+06
465078.12,579099.75
465078.12,578426.75
465078.12,581853.25
465078.12,580202.2
680899.6,774366.2
680899.6,775376.1
680899.6,772417.3
680899.6,743074.9
680899.6,762509.06
229158.02,120981.08
229158.02,127629.266
879789.4,924970.3
879789.4,989732.8
542133.44,766263.25
542133.44,775677.9
542133.44,774390.75
542133.44,760453.5
542133.44,787422.3
767211.94,789524.4
767211.94,793288.44
767211.94,785200.56
767211.94,738231.8
767211.94,749961.0
356600.72,226391.05
356600.72,226454.73
356600.72,232942.7
356600.72,222542.64
269502.25,277865.53
269502.25,281213.66
534873.94,694766.06
534873.94,690361.3
534873.94,680647.75
534873.94,679104.1
278521.5,309721.94
278521.5,302527.3
1.1301942e+06,1.02018094e+06
1.1301942e+06,1.02190925e+06
1.1301942e+06,1.01747025e+06
1.1301942e+06,1.02312325e+06
1.1301942e+06,1.0355557e+06
1.1301942e+06,1.0045196e+06
1.1301942e+06,990798.56
1.1301942e+06,1.0060289e+06
1.1301942e+06,986989.8
1.1301942e+06,1.044799e+06
542346.0,651980.6
542346.0,643606.5
640231.4,741426.0
640231.4,770356.0
584411.44,905794.75
584411.44,968756.0
528650.56,998899.6
528650.56,998949.9
528650.56,1.0023238e+06
528650.56,998384.75
528650.56,999080.25
528650.56,1.00001325e+06
528650.56,972914.75
325925.78,349183.62
325925.78,345895.6
2.709184e+06,1.7061552e+06
2.709184e+06,1.7075056e+06
791377.75,1.0423704e+06
791377.75,1.0358899e+06
791377.75,1.0366589e+06
791377.75,1.04262594e+06
791377.75,1.03745625e+06
791377.75,1.0764268e+06
548613.3,674168.1
548613.3,716583.7
296181.94,201797.73
296181.94,193804.08
712338.56,879447.75
712338.56,853400.6
368487.8,237863.08
368487.8,218277.23
286312.16,151750.36
286312.16,158351.52
410143.62,482527.06
410143.62,491794.06
864565.94,1.0631266e+06
864565.94,1.0720241e+06
864565.94,1.0661289e+06
864565.94,1.0635588e+06
864565.94,1.0590434e+06
864565.94,1.0667328e+06
582587.5,770119.7
582587.5,741582.56
582587.5,739021.25
597749.06,677764.7
597749.06,674711.5
388860.4,532449.94
388860.4,556839.06
367106.88,520524.8
367106.88,518226.22
367106.88,512290.6
710993.7,671438.3
710993.7,671723.8
710993.7,660088.8
329880.3,331769.5
329880.3,338202.7
329880.3,350323.94
616160.56,661195.75
616160.56,653969.2
411521.66,474768.16
411521.66,464401.6
411521.66,486386.94
411521.66,484968.94
935507.4,1.0608545e+06
310402.34,183481.83
310402.34,173427.86
310402.34,171866.8
310402.34,174557.73
217485.28,234176.36
599925.5,978839.6
599925.5,964316.06
599925.5,978108.25
599925.5,972957.25
599925.5,1.0009832e+06
599925.5,1.0116935e+06
644406.5,795244.4
644406.5,797382.06
644406.5,811569.75
644406.5,819084.44
275334.78,242053.86
275334.78,249676.64
817474.9,1.0621889e+06
817474.9,1.02722056e+06
613087.25,621703.44
613087.25,633798.06
613087.25,611569.2
613087.25,596208.3
456832.53,588578.6
456832.53,600852.44
866203.25,1.0918109e+06
866203.25,1.092335e+06
866203.25,1.0928769e+06
866203.25,1.0872976e+06
866203.25,1.0895229e+06
866203.25,1.1060855e+06
866203.25,1.1000401e+06
866203.25,1.0646665e+06
866203.25,1.064512e+06
866203.25,1.0705508e+06
866203.25,1.0642686e+06
866203.25,1.066509e+06
279960.53,230133.3
279960.53,213542.89
355236.84,511917.8
355236.84,520610.5
355236.84,505722.78
778418.25,1.0388149e+06
778418.25,1.0170702e+06
581532.5,529865.1
581532.5,543840.44
581532.5,531795.6
581532.5,527317.7
581532.5,530090.2
737015.44,888348.75
737015.44,893975.4
737015.44,891468.25
565545.1,899584.56
565545.1,932395.7
565545.1,896460.2
326655.1,208500.67
326655.1,201757.7
971819.9,909382.0
971819.9,930136.44
971819.9,892354.8
602103.0,719133.25
602103.0,726130.5
602103.0,727726.3
602103.0,730723.25
455723.34,588280.75
455723.34,580650.7
641580.0,1.0205915e+06
641580.0,1.0170254e+06
641580.0,1.0245768e+06
641580.0,1.0304119e+06
641580.0,1.0175924e+06
641580.0,1.0160044e+06
641580.0,1.0256456e+06
773557.5,1.0637145e+06
1.1948656e+06,1.2030459e+06
1.1948656e+06,1.202125e+06
1.1948656e+06,1.2019235e+06
1.1948656e+06,1.204294e+06
1.1948656e+06,1.2018802e+06
1.1948656e+06,1.2030364e+06
1.1948656e+06,1.201791e+06
1.1948656e+06,1.2066768e+06
1.1948656e+06,1.2211615e+06
500831.97,651797.2
500831.97,656683.8
500831.97,665347.7
500831.97,657022.8
500831.97,679354.4
500831.97,605286.5
365243.62,244256.73
365243.62,263178.22
365243.62,240606.64
675350.3,821451.75
675350.3,808267.3
675350.3,815847.44
675350.3,804444.5
675350.3,833935.2
286071.47,418056.4
286071.47,415312.03
286071.47,417828.7
2.3510578e+06,1.6367351e+06
2.3510578e+06,1.6346975e+06
609553.44,919890.6
609553.44,938039.1
516988.0,572977.3
516988.0,635210.3
579298.6,748893.3
579298.6,717575.94
579298.6,710205.4
569019.44,933489.8
569019.44,1.0053689e+06
601005.6,812530.44
601005.6,833551.9
994062.6,1.0732152e+06
809704.4,1.0397411e+06
809704.4,1.0575158e+06
809704.4,1.0332876e+06
673592.0,1.0282623e+06
673592.0,1.03258844e+06
673592.0,1.034186e+06
673592.0,1.0376757e+06
673592.0,1.0300551e+06
673592.0,1.00554825e+06
673592.0,1.0209183e+06
673592.0,1.0077813e+06
673592.0,1.0390906e+06
448526.66,596778.0
448526.66,608916.75
448526.66,599217.5
448526.66,600964.4
448526.66,586650.0
752211.3,1.04061444e+06
530242.1,664140.06
530242.1,670228.94
530242.1,660566.7
530242.1,668344.44
530242.1,666167.4
530242.1,673782.56
530242.1,661518.3
530242.1,643275.8
530242.1,639469.56
530242.1,640238.75
530242.1,651638.75
530242.1,627932.56
475740.47,481571.1
475740.47,472470.28
1.389984e+06,1.2839394e+06
1.389984e+06,1.2729488e+06
1.389984e+06,1.2731198e+06
1.389984e+06,1.2928504e+06
1.389984e+06,1.2809001e+06
1.389984e+06,1.2765464e+06
1.389984e+06,1.2841042e+06
1.389984e+06,1.2752292e+06
1.389984e+06,1.2753505e+06
1.389984e+06,1.2759936e+06
1.389984e+06,1.2719664e+06
1.389984e+06,1.2597311e+06
1.389984e+06,1.2543765e+06
1.389984e+06,1.2622134e+06
1.389984e+06,1.2635698e+06
1.389984e+06,1.2791801e+06
865340.8,976502.25
865340.8,976225.0
865340.8,972207.25
865340.8,975289.8
865340.8,965334.9
865340.8,961090.6
865340.8,954693.56
675618.75,999516.1
675618.75,980259.4
716568.2,1.01361406e+06
716568.2,1.01914356e+06
454038.97,496227.4
454038.97,484645.44
460331.94,536503.9
460331.94,553746.5
739752.9,920456.94
739752.9,924255.7
739752.9,929729.3
739752.9,923330.6
739752.9,912648.4
561834.75,979802.7
561834.75,978553.25
561834.75,979202.94
561834.75,980766.6
561834.75,977155.8
561834.75,977758.56
561834.75,951231.0
561834.75,949848.7
561834.75,958699.94
399127.88,266106.94
399127.88,266629.53
399127.88,265459.97
399127.88,262527.38
639297.1,961818.4
639297.1,964511.1
639297.1,963319.44
639297.1,963083.4
639297.1,972740.6
639297.1,959853.8
639297.1,966451.25
639297.1,964608.44
639297.1,937814.1
639297.1,953719.2
639297.1,943349.4
639297.1,940888.44
639297.1,952305.7
424838.47,667624.3
424838.47,669337.4
424838.47,682678.44
424838.47,643834.4
252181.84,208968.17
252181.84,190690.02
252181.84,192445.95
257689.39,157525.86
257689.39,140815.39
670642.7,898310.25
670642.7,894698.56
670642.7,910233.9
670642.7,910020.7
670642.7,893402.94
670642.7,894770.7
670642.7,917048.7
848880.7,1.03712025e+06
848880.7,1.0558206e+06
1.1542611e+06,1.1250242e+06
1.1542611e+06,1.143702e+06
205829.56,129455.95
205829.56,113601.58
634529.1,729371.44
634529.1,785080.7
590122.56,555089.0
590122.56,560422.6
571849.06,655647.3
571849.06,656235.75
720441.44,729799.94
720441.44,714764.1
720441.44,713083.7
720441.44,731313.94
720441.44,693500.06
915863.44,1.0649401e+06
915863.44,1.0654428e+06
915863.44,1.066745e+06
915863.44,1.0782062e+06
915863.44,1.0272375e+06
915863.44,1.0290748e+06
915863.44,1.0711065e+06
771730.06,1.0377498e+06
771730.06,1.03473894e+06
771730.06,1.033835e+06
771730.06,1.03455344e+06
771730.06,1.0287986e+06
771730.06,1.0289779e+06
771730.06,1.0525204e+06
277028.16,233355.98
277028.16,221508.39
150029.53,94764.58
150029.53,99217.58
271032.53,287826.28
271032.53,289986.2
436605.5,455388.94
436605.5,442810.8
436605.5,462982.2
436605.5,431667.66
436605.5,419249.44
436605.5,421003.84
436605.5,443240.75
606203.6,535888.6
606203.6,536022.6
606203.6,537632.75
606203.6,523122.88
606203.6,511370.34
244395.52,145728.98
269894.56,366731.16
269894.56,363497.78
365233.66,257202.02
365233.66,266319.72
365233.66,246739.92
272963.34,201843.27
272963.34,207197.45
763723.4,719886.75
763723.4,741091.44
763723.4,718643.1
763723.4,680468.8
763723.4,685330.7
763723.4,745236.9
392782.8,418283.38
392782.8,421471.88
392782.8,413654.34
392782.8,421811.5
392782.8,417851.38
392782.8,406376.25
392782.8,437410.62
954209.75,1.0562912e+06
954209.75,1.0688471e+06
954209.75,1.0619668e+06
954209.75,1.0679306e+06
954209.75,1.068333e+06
954209.75,1.03627e+06
954209.75,1.0418837e+06
954209.75,1.02579094e+06
757837.9,874693.1
757837.9,876099.5
757837.9,872947.06
757837.9,840637.0
757837.9,899648.4
587112.75,638398.44
704313.9,1.0327259e+06
704313.9,1.033387e+06
704313.9,1.02753275e+06
704313.9,1.02805594e+06
704313.9,1.02131294e+06
704313.9,992519.6
704313.9,989247.44
704313.9,994744.06
704313.9,1.0396891e+06
302602.75,428429.1
302602.75,424871.34
815264.6,1.0616155e+06
725252.8,1.0102976e+06
725252.8,992689.2
738182.06,1.02491406e+06
738182.06,1.02913256e+06
738182.06,1.0107684e+06
2.6907652e+06,1.696557e+06
2.6907652e+06,1.6878842e+06
638005.5,883241.25
638005.5,887328.25
638005.5,887726.94
638005.5,870955.8
638005.5,870369.44
638005.5,891254.5
412080.84,432174.12
412080.84,431471.47
650163.25,705356.5
650163.25,719545.06
611759.4,1.0068717e+06
611759.4,995794.0
611759.4,1.01219894e+06
611759.4,1.0283443e+06
611759.4,1.0096974e+06
611759.4,996615.1
611759.4,994844.75
354540.03,292853.5
354540.03,299283.06
765947.1,947957.75
765947.1,939836.9
765947.1,940031.9
765947.1,923511.94
735876.75,703322.5
735876.75,710180.06
735876.75,711254.9
735876.75,713721.94
735876.75,687819.75
436692.4,605081.94
436692.4,607104.5
436692.4,598983.7
436692.4,630076.25
218322.14,267004.47
218322.14,270475.3
218322.14,268377.34
595472.25,538571.75
595472.25,539383.2
190597.66,121107.016
190597.66,119515.95
895331.25,889938.1
895331.25,913001.4
895331.25,892897.25
895331.25,886079.44
895331.25,874104.8
895331.25,924167.1
454153.5,425998.72
454153.5,411397.9
728962.3,1.0144466e+06
728962.3,1.0175246e+06
728962.3,1.0178084e+06
728962.3,1.0084914e+06
728962.3,1.005382e+06
728962.3,1.0120571e+06
728962.3,1.062376e+06
791931.75,728500.4
791931.75,728935.9
791931.75,713142.25
791931.75,713440.1
791931.75,735695.2
792802.7,1.0388437e+06
792802.7,1.0504829e+06
792802.7,1.0477011e+06
792802.7,1.0398938e+06
792802.7,1.04682325e+06
792802.7,1.0402738e+06
792802.7,1.02329606e+06
792802.7,1.03212175e+06
792802.7,1.02031175e+06
792802.7,1.03586675e+06
792802.7,1.01757875e+06
792802.7,1.08794e+06
327479.6,442533.78
327479.6,447701.06
327479.6,440078.28
327479.6,443462.03
477865.2,561065.4
477865.2,573028.3
477865.2,554455.4
477865.2,575126.0
477865.2,562844.0
477865.2,534743.56
477865.2,547574.25
477865.2,539962.06
477865.2,503785.06
349759.47,460205.1
349759.47,460511.62
349759.47,457936.62
349759.47,451615.22
407877.75,511046.16
407877.75,509897.53
407877.75,521623.22
628472.44,790354.3
628472.44,797636.44
628472.44,792305.94
628472.44,789975.75
507967.4,618678.4
507967.4,602969.6
515283.03,646852.75
515283.03,662994.7
515283.03,646155.4
515283.03,618677.56
515283.03,642867.9
1.1153431e+06,1.0834455e+06
1.1153431e+06,1.0818744e+06
1.1153431e+06,1.0691131e+06
1.1153431e+06,1.0818744e+06
1.1153431e+06,1.083491e+06
1.1153431e+06,1.0835774e+06
1.1153431e+06,1.0606958e+06
1.1153431e+06,1.051471e+06
1.1153431e+06,1.0572625e+06
1.1153431e+06,1.0494978e+06
1.1153431e+06,1.0627464e+06
439080.66,449628.03
439080.66,453033.97
439080.66,431288.1
626902.3,872201.0
626902.3,890918.2
626902.3,879686.0
626902.3,888219.4
626902.3,873004.94
626902.3,876253.6
626902.3,886500.25
470796.78,511229.84
470796.78,510805.84
470796.78,513861.28
597658.6,957585.8
597658.6,958602.2
597658.6,920060.25
597658.6,935977.94
597658.6,944610.2
210367.98,143624.95
210367.98,147520.2
439654.1,579713.44
439654.1,581330.9
441063.94,585619.06
441063.94,586239.4
441063.94,574030.2
197933.34,138416.45
197933.34,143800.7
347583.0,234732.55
347583.0,234766.27
347583.0,237792.33
347583.0,238806.02
542915.06,502210.84
542915.06,536769.44
419748.62,491963.03
419748.62,493441.25
419748.62,492228.9
546684.7,806100.56
546684.7,808288.9
546684.7,804446.25
546684.7,795689.6
546684.7,760356.3
546684.7,763495.4
546684.7,769237.9
295284.22,156936.48
295284.22,144549.61
810502.2,960204.5
810502.2,981402.44
282738.44,290063.9
282738.44,292171.84
694242.7,1.0131998e+06
694242.7,1.017525e+06
694242.7,1.01420075e+06
694242.7,1.0132931e+06
694242.7,1.0049451e+06
694242.7,1.02880994e+06
2.460551e+06,1.6555039e+06
2.460551e+06,1.666581e+06
544043.06,720168.44
544043.06,740340.6
350676.97,377323.56
350676.97,370303.66
405503.44,253337.52
405503.44,252046.33
623171.2,885188.94
623171.2,881730.4
532891.9,667162.3
532891.9,648552.25
532891.9,645934.3
550146.44,693475.5
550146.44,697440.75
550146.44,698831.25
550146.44,671031.25
550146.44,671358.5
269410.72,147296.58
269410.72,136898.02
640705.8,953472.25
640705.8,956230.44
640705.8,953472.25
640705.8,959835.06
640705.8,962806.6
640705.8,958904.5
640705.8,957533.94
640705.8,966225.3
598981.3,914067.06
598981.3,947499.56
471983.38,596456.8
471983.38,603523.9
471983.38,613679.0
471983.38,608130.1
757662.1,849651.06
757662.1,872843.44
757662.1,858782.8
757662.1,826665.9
757662.1,823066.3
757662.1,863341.75
653044.5,945483.94
653044.5,984512.06
442476.94,406118.7
442476.94,418744.8
543934.6,631035.56
543934.6,680735.1
142624.86,92091.95
142624.86,92535.266
142624.86,82712.39
464956.4,601207.06
464956.4,598564.9
464956.4,590088.5
277133.9,317213.5
277133.9,343445.3
468353.9,657117.0
468353.9,650765.25
468353.9,670274.25
887302.2,1.0926124e+06
887302.2,1.0987544e+06
887302.2,1.0982106e+06
887302.2,1.1006461e+06
887302.2,1.0992574e+06
887302.2,1.0947601e+06
887302.2,1.0959132e+06
887302.2,1.0898316e+06
354747.25,206375.86
354747.25,198038.11
256916.02,146343.2
256916.02,144498.33
256916.02,137102.08
580251.4,1.01489356e+06
580251.4,1.01360006e+06
580251.4,1.0080661e+06
580251.4,1.01446456e+06
580251.4,1.0091783e+06
580251.4,1.0073502e+06
580251.4,1.0062324e+06
360960.97,241099.3
360960.97,238870.17
360960.97,240047.86
360960.97,241497.45
276148.6,224589.55
276148.6,225821.17
276148.6,211195.27
642655.06,880536.06
642655.06,873053.56
642655.06,892859.4
642655.06,892038.4
642655.06,874778.25
642655.06,873492.3
642655.06,882270.94
386749.25,626650.75
386749.25,606846.5
435133.6,263719.3
435133.6,259929.55
538623.56,595083.3
755796.8,773599.94
755796.8,770931.56
590454.6,937554.4
590454.6,916909.6
604530.4,1.00328306e+06
604530.4,1.00908456e+06
769460.56,954157.4
769460.56,931240.8
769460.56,924120.6
769460.56,963967.94
769460.56,897685.7
769460.56,901587.44
769460.56,928336.75
351087.66,230630.42
351087.66,223693.89
475546.72,567047.5
475546.72,529252.4
580710.56,828672.25
580710.56,832863.8
580710.56,842899.0
580710.56,826651.7
580710.56,818027.1
419296.0,584870.0
419296.0,580863.3
419296.0,577001.2
419296.0,560281.94
1.3646266e+06,1.2839195e+06
1.3646266e+06,1.2840136e+06
1.3646266e+06,1.2818256e+06
1.3646266e+06,1.2732651e+06
1.3646266e+06,1.2790626e+06
1.3646266e+06,1.2793508e+06
1.3646266e+06,1.2793616e+06
1.3646266e+06,1.2793809e+06
1.3646266e+06,1.2718505e+06
1.3646266e+06,1.2515716e+06
1.3646266e+06,1.2510594e+06
1.3646266e+06,1.254045e+06
1.3646266e+06,1.2549079e+06
1.3646266e+06,1.2496261e+06
1.3646266e+06,1.2653639e+06
1.3646266e+06,1.2545828e+06
1.3646266e+06,1.2575425e+06
661694.0,964790.2
661694.0,974335.44
661694.0,965228.1
661694.0,967938.0
661694.0,965294.25
661694.0,964433.5
661694.0,973613.1
661694.0,951367.25
661694.0,947445.6
661694.0,962405.6
661694.0,948852.9
661694.0,960333.3
661694.0,961890.2
661694.0,963439.2
183021.22,126060.766
183021.22,111646.83
352060.22,337231.5
352060.22,368401.8
492900.9,533302.6
492900.9,530850.2
492900.9,508272.38
492900.9,548212.3
492900.9,529995.75
534939.5,921493.06
534939.5,952821.25
1.02545306e+06,1.1713312e+06
1.02545306e+06,1.1725161e+06
1.02545306e+06,1.1715218e+06
1.02545306e+06,1.1630129e+06
1.02545306e+06,1.1678502e+06
1.02545306e+06,1.1616291e+06
1.02545306e+06,1.1661665e+06
332580.94,210122.52
332580.94,216282.42
407614.47,583792.9
407614.47,575591.94
407614.47,576525.4
407614.47,555371.5
407614.47,561985.56
704097.94,1.02627994e+06
704097.94,1.0278512e+06
704097.94,1.0278125e+06
704097.94,1.02627994e+06
704097.94,1.0283345e+06
704097.94,1.0387596e+06
704097.94,997572.06
704097.94,1.01571656e+06
704097.94,996729.0
704097.94,997474.1
704097.94,1.040207e+06
668823.4,958022.9
668823.4,960310.2
414640.34,490283.78
414640.34,478245.7
414640.34,481269.97
414640.34,501246.34
371093.6,492841.6
371093.6,489222.22
1.1466588e+06,1.0897229e+06
1.1466588e+06,1.0496594e+06
749865.94,903660.2
749865.94,898560.1
522753.66,1.0127105e+06
522753.66,1.0127351e+06
522753.66,1.00877225e+06
522753.66,1.00869444e+06
522753.66,1.0136296e+06
522753.66,1.0097173e+06
522753.66,981168.75
291257.66,202668.02
291257.66,189927.61
343000.16,388952.94
343000.16,386427.94
343000.16,380899.84
2.531057e+06,1.6608938e+06
2.531057e+06,1.6678391e+06
1.3738714e+06,1.1968488e+06
1.3738714e+06,1.1949154e+06
1.3738714e+06,1.199609e+06
1.3738714e+06,1.1947121e+06
1.3738714e+06,1.1979515e+06
1.3738714e+06,1.1938251e+06
1.3738714e+06,1.1925919e+06
1.3738714e+06,1.2094136e+06
509136.84,643627.4
509136.84,643301.25
509136.84,629264.4
509136.84,651282.75
382849.5,371291.72
382849.5,390717.06
382849.5,361123.34
730465.6,959849.0
730465.6,1.00688094e+06
469829.88,600275.56
469829.88,582806.0
469829.88,602132.06
469829.88,600958.1
935196.1,1.0320655e+06
935196.1,1.0250749e+06
935196.1,1.00074944e+06
777659.75,854548.4
777659.75,909615.1
633105.2,859679.1
633105.2,844270.5
486417.47,486891.25
486417.47,482369.84
486417.47,461411.53
411839.7,265846.03
411839.7,259324.14
900249.3,1.0639534e+06
293268.7,159625.92
293268.7,159980.58
223643.3,131048.7
223643.3,121888.266
412985.94,568130.3
412985.94,566494.2
730921.06,980944.0
730921.06,1.0007936e+06
729423.75,980243.4
729423.75,1.0073133e+06
469751.2,462050.72
469751.2,466534.75
469751.2,465150.25
469751.2,468870.38
394396.56,374165.4
394396.56,409890.7
410607.03,514291.3
410607.03,514959.88
485626.22,602152.06
485626.22,631076.06
1.1672218e+06,1.203579e+06
1.1672218e+06,1.202335e+06
1.1672218e+06,1.2037974e+06
1.1672218e+06,1.2038946e+06
1.1672218e+06,1.202985e+06
1.1672218e+06,1.2040395e+06
1.1672218e+06,1.203789e+06
1.1672218e+06,1.2038242e+06
1.1672218e+06,1.1749891e+06
1.1672218e+06,1.179553e+06
1.1672218e+06,1.1791066e+06
1.1672218e+06,1.1804415e+06
1.1672218e+06,1.221938e+06
296336.3,298722.94
296336.3,300152.56
677934.9,857438.3
677934.9,889333.3
283467.28,196669.77
283467.28,200916.7
283467.28,203699.61
362518.44,538526.25
362518.44,508067.16
440169.88,451026.25
440169.88,448278.84
440169.88,449861.66
440169.88,442434.88
669581.1,898152.9
669581.1,889157.75
669581.1,898152.9
669581.1,880441.3
351493.5,449857.22
351493.5,447345.0
351493.5,442198.12
478124.12,474689.38
478124.12,486907.34
823498.7,1.0728401e+06
823498.7,1.0781656e+06
823498.7,1.0930756e+06
823498.7,1.0757122e+06
823498.7,1.0748241e+06
823498.7,1.078244e+06
823498.7,1.0455648e+06
823498.7,1.0435141e+06
823498.7,1.0540241e+06
823498.7,1.0849648e+06
1.0664338e+06,1.02687275e+06
1.0664338e+06,1.0452432e+06
1.0664338e+06,1.011419e+06
1.0664338e+06,1.0204732e+06
1.0664338e+06,1.0130776e+06
1.0664338e+06,1.0447076e+06
1.0664338e+06,1.0593151e+06
428963.38,584156.6
428963.38,608185.6
428963.38,594507.94
428963.38,585116.8
622806.06,997291.5
622806.06,998135.6
622806.06,974903.2
622806.06,998858.06
622806.06,996979.7
622806.06,962605.1
622806.06,967404.94
622806.06,976298.2
545274.06,671550.3
545274.06,660872.8
545274.06,679882.56
545274.06,634123.44
545274.06,668921.2
516634.16,559718.6
610631.56,898680.75
610631.56,899517.75
610631.56,891392.1
610631.56,887543.4
610631.56,895973.7
582303.8,634115.8
582303.8,632989.94
572100.6,806963.1
572100.6,802530.75
572100.6,797449.5
572100.6,805360.8
572100.6,764795.0
572100.6,764857.94
572100.6,785085.94
2.5050552e+06,1.6779001e+06
2.5050552e+06,1.6799789e+06
545232.56,667801.94
545232.56,700120.5
829335.4,1.0564105e+06
829335.4,1.0518579e+06
829335.4,1.0552575e+06
829335.4,1.0736068e+06
829335.4,1.0609609e+06
829335.4,1.0507001e+06
829335.4,1.0259858e+06
829335.4,1.0239914e+06
829335.4,1.02808706e+06
829335.4,1.0688212e+06
463269.78,465557.97
463269.78,465355.16
463269.78,484123.75
394655.25,259262.33
394655.25,252202.83
394655.25,268006.1
961263.5,1.0670159e+06
777026.25,1.0225194e+06
777026.25,1.0298337e+06
777026.25,1.0233008e+06
777026.25,1.0255018e+06
777026.25,1.02190744e+06
777026.25,1.0214402e+06
777026.25,995683.06
777026.25,1.00252825e+06
777026.25,1.0096459e+06
501480.34,653154.1
501480.34,652382.3
501480.34,652433.4
501480.34,603796.44
501480.34,618105.56
501480.34,624712.3
1.1925946e+06,1.1640424e+06
1.1925946e+06,1.1711709e+06
1.1925946e+06,1.1482655e+06
341677.38,429438.84
341677.38,444100.44
312396.1,214739.52
312396.1,208981.7
718311.25,871330.6
718311.25,894721.9
414606.34,547185.3
414606.34,522255.38
414606.34,534521.5
718811.8,1.0236414e+06
718811.8,1.00870375e+06
718811.8,1.0181874e+06
718811.8,1.02148206e+06
718811.8,1.0076004e+06
718811.8,1.03360475e+06
718811.8,1.0182577e+06
690136.56,929592.7
690136.56,937614.1
437334.72,588772.44
437334.72,604115.06
437334.72,596452.75
437334.72,621190.06
513350.88,773957.75
513350.88,756485.9
513350.88,748380.6
424457.16,412368.84
424457.16,403098.38
555284.0,674819.2
555284.0,676717.06
555284.0,676497.3
513402.2,623912.8
513402.2,628316.25
513402.2,600472.1
498906.0,542121.7
498906.0,586181.5
498906.0,526330.4
594820.1,906586.75
594820.1,937364.5
546639.4,665248.9
546639.4,662913.94
546639.4,645794.9
546639.4,656884.25
578394.75,835363.44
578394.75,826577.7
578394.75,828706.0
578394.75,807255.1
578394.75,848205.4
889059.5,1.1001169e+06
889059.5,1.109462e+06
889059.5,1.103861e+06
889059.5,1.1099354e+06
889059.5,1.1032701e+06
889059.5,1.1016515e+06
889059.5,1.1101079e+06
889059.5,1.0766951e+06
889059.5,1.0779811e+06
889059.5,1.0779811e+06
889059.5,1.076393e+06
889059.5,1.0733929e+06
889059.5,1.0749608e+06
889059.5,1.11705e+06
621742.75,996727.6
621742.75,999066.1
322718.34,468972.78
322718.34,464252.12
322718.34,471609.22
312046.6,446549.7
312046.6,439251.44
584829.25,985289.94
584829.25,983916.06
584829.25,988997.3
584829.25,987707.0
584829.25,983254.5
584829.25,984118.06
584829.25,989481.7
415641.16,486401.28
415641.16,488379.06
415641.16,472092.28
415641.16,486422.62
495905.03,564337.2
495905.03,574644.25
1.1115532e+06,1.1833902e+06
1.1115532e+06,1.173454e+06
1.1115532e+06,1.1732296e+06
1.1115532e+06,1.1737394e+06
1.1115532e+06,1.1735091e+06
1.1115532e+06,1.1737289e+06
1.1115532e+06,1.1737926e+06
1.1115532e+06,1.1704866e+06
1.1115532e+06,1.1752055e+06
425404.16,593057.5
425404.16,590735.6
425404.16,590781.56
425404.16,567153.3
425404.16,562833.5
316260.12,341399.12
316260.12,340062.1
316260.12,345710.22
316260.12,327070.56
2.7423265e+06,1.7056832e+06
2.7423265e+06,1.7135554e+06
2.450843e+06,1.6718746e+06
2.450843e+06,1.6723952e+06
378777.97,409793.8
378777.97,400969.78
358486.44,210741.05
358486.44,210331.42
174324.42,203440.08
174324.42,195215.73
662542.44,836183.44
662542.44,841253.75
662542.44,837583.2
662542.44,835474.94
168667.89,114914.14
168667.89,104323.58
253091.83,267529.0
253091.83,256934.52
513780.38,761229.2
513780.38,751547.94
513780.38,743098.9
513780.38,762294.3
513780.38,716952.94
513780.38,716397.0
513780.38,726286.44
556457.06,654093.25
556457.06,635706.5
327247.38,219136.83
327247.38,220887.3
327247.38,226170.73
311141.6,317151.88
311141.6,315935.5
311141.6,332487.1
786337.94,1.0541992e+06
786337.94,1.03517256e+06
786337.94,1.0371484e+06
786337.94,1.0417583e+06
786337.94,1.0378932e+06
786337.94,1.0536136e+06
786337.94,1.0769026e+06
223371.89,235824.58
223371.89,230897.3
633121.5,720575.4
633121.5,743965.3
633121.5,725425.1
1.1393661e+06,1.1322562e+06
1.1393661e+06,1.1728955e+06
673261.44,724067.6
673261.44,780230.6
582887.06,838482.4
582887.06,818459.8
570008.7,678818.44
570008.7,672703.06
570008.7,673201.25
570008.7,670278.44
268670.84,259103.8
268670.84,260514.2
268670.84,258147.61
1.301823e+06,1.066351e+06
1.301823e+06,1.1051294e+06
200676.0,220293.33
200676.0,225318.23
200676.0,230032.33
167990.88,108249.766
167990.88,98967.39
167990.88,114745.39
709895.7,1.03203444e+06
709895.7,1.02026394e+06
709895.7,1.01937375e+06
709895.7,1.03975294e+06
709895.7,1.0471532e+06
709895.7,1.0227699e+06
709895.7,1.00081225e+06
709895.7,1.0143486e+06
709895.7,1.00370444e+06
709895.7,1.0447893e+06
1.1520765e+06,1.1321412e+06
1.1520765e+06,1.1614321e+06
591016.9,808356.9
591016.9,796126.94
478528.0,720305.0
478528.0,719603.9
478528.0,721884.2
478528.0,688982.8
478528.0,695995.56
478528.0,713554.4
432245.7,604861.75
334086.47,268692.62
334086.47,273102.06
284647.7,155029.92
284647.7,153959.48
808111.4,962984.3
808111.4,932252.06
808111.4,937444.6
808111.4,948506.8
808111.4,914004.3
289017.6,167827.95
289017.6,161783.92
538810.06,592022.3
538810.06,636645.3
278297.8,286457.0
278297.8,287618.6
1.111082e+06,1.0676906e+06
1.111082e+06,1.0675932e+06
1.111082e+06,1.03869656e+06
167080.98,205547.27
167080.98,206425.23
703527.2,956523.9
703527.2,959296.94
1.0325644e+06,1.1326219e+06
1.0325644e+06,1.1506576e+06
695963.0,667746.8
695963.0,661656.4
635583.75,1.01273225e+06
635583.75,1.02261794e+06
635583.75,1.0275671e+06
635583.75,1.0069216e+06
635583.75,1.0361739e+06
635583.75,1.04046956e+06
754084.44,855110.25
754084.44,852093.7
484488.56,687016.2
484488.56,704571.94
414462.16,445240.72
414462.16,438766.03
357162.56,236764.33
357162.56,220173.67
214029.67,121994.89
214029.67,119378.89
311193.7,174591.23
311193.7,175318.23
711506.06,814079.7
711506.06,819821.2
711506.06,820225.25
711506.06,791912.4
711506.06,813009.8
925402.8,1.0877186e+06
503153.6,568003.25
328298.6,298367.97
328298.6,281706.16
827307.6,1.0606421e+06
827307.6,1.0598272e+06
827307.6,1.0553949e+06
827307.6,1.0762962e+06
827307.6,1.0555339e+06
827307.6,1.0754855e+06
827307.6,1.0530186e+06
1.3212011e+06,1.1692131e+06
1.3212011e+06,1.1710179e+06
1.3212011e+06,1.1744964e+06
1.3212011e+06,1.1708108e+06
1.3212011e+06,1.1771599e+06
1.3212011e+06,1.178482e+06
1.3212011e+06,1.1702864e+06
1.3212011e+06,1.1930204e+06
396978.47,395084.75
303944.5,208021.2
303944.5,199915.83
591607.3,990259.4
1.1501751e+06,1.0642239e+06
1.1501751e+06,1.1240074e+06
519990.2,961928.06
519990.2,983823.0
292238.97,163733.3
292238.97,149884.14
814129.7,1.006932e+06
814129.7,1.0637004e+06
273071.4,313784.38
273071.4,306464.47
273071.4,293120.84
349182.9,251068.61
994517.8,1.1184336e+06
994517.8,1.1185161e+06
994517.8,1.1181386e+06
994517.8,1.1092516e+06
994517.8,1.1379256e+06
994517.8,1.1379299e+06
994517.8,1.1322395e+06
994517.8,1.0881115e+06
994517.8,1.0928646e+06
994517.8,1.0926451e+06
994517.8,1.0875775e+06
994517.8,1.100441e+06
994517.8,1.0992809e+06
994517.8,1.1349266e+06
604357.8,731460.56
604357.8,764727.9
925148.75,1.03391825e+06
925148.75,1.03160175e+06
925148.75,1.0495455e+06
925148.75,1.0530771e+06
925148.75,1.0189395e+06
925148.75,1.0252715e+06
925148.75,1.0244329e+06
1.2455799e+06,1.2320656e+06
1.2455799e+06,1.2325251e+06
1.2455799e+06,1.2477304e+06
1.2455799e+06,1.2331268e+06
1.2455799e+06,1.240654e+06
1.2455799e+06,1.2346962e+06
1.2455799e+06,1.2455862e+06
1.2455799e+06,1.2455831e+06
1.2455799e+06,1.2479152e+06
1.2455799e+06,1.2394331e+06
657344.75,932239.06
657344.75,944134.8
657344.75,935173.3
657344.75,946401.4
657344.75,923896.8
657344.75,923148.8
657344.75,908594.25
2.4743542e+06,1.6421402e+06
1.364186e+06,1.2102546e+06
1.364186e+06,1.2055811e+06
1.364186e+06,1.2049151e+06
1.364186e+06,1.2101454e+06
1.364186e+06,1.2102546e+06
1.364186e+06,1.204589e+06
1.364186e+06,1.2073308e+06
1.364186e+06,1.2070586e+06
1.364186e+06,1.2109462e+06
352487.16,333139.28
352487.16,321300.94
659569.3,941009.2
659569.3,965946.6
419072.4,565896.56
419072.4,556450.3
419072.4,557464.6
419072.4,539423.44
419072.4,538167.8
490385.4,595361.9
490385.4,577382.3
499520.34,516240.8
499520.34,510255.84
1.0692864e+06,1.0882438e+06
1.0692864e+06,1.1234954e+06
920112.06,1.0763919e+06
920112.06,1.062238e+06
542734.94,587016.25
542734.94,647670.0
767064.6,1.02784506e+06
767064.6,1.0202151e+06
767064.6,1.0221823e+06
767064.6,1.0220739e+06
767064.6,1.017248e+06
767064.6,1.02237906e+06
767064.6,1.003898e+06
767064.6,1.0028909e+06
767064.6,1.00731675e+06
767064.6,995559.75
331147.28,333527.53
331147.28,370885.03
567851.0,531307.0
567851.0,545332.94
654764.2,736206.0
654764.2,791818.4
438531.75,615766.44
438531.75,599987.7
588320.3,903068.06
588320.3,923129.7
588320.3,897864.4
233389.28,260276.95
233389.28,247485.3
603279.8,957352.06
603279.8,955446.3
603279.8,953717.6
603279.8,962667.3
603279.8,957202.3
603279.8,953547.75
603279.8,930587.1
603279.8,932653.44
603279.8,928912.75
603279.8,944477.75
266120.47,218918.42
266120.47,193391.23
1.2027779e+06,1.1477201e+06
1.2027779e+06,1.1474981e+06
1.2027779e+06,1.1326158e+06
1.2027779e+06,1.1386772e+06
1.2027779e+06,1.1390982e+06
1.2027779e+06,1.1391675e+06
1.2027779e+06,1.1142936e+06
1.2027779e+06,1.1131688e+06
1.2027779e+06,1.1134572e+06
1.2027779e+06,1.1146796e+06
1.2027779e+06,1.1166964e+06
825388.7,932271.25
825388.7,946789.4
675156.5,956016.8
675156.5,995110.8
959922.75,1.0613848e+06
959922.75,1.0544872e+06
959922.75,1.0534675e+06
959922.75,1.0538269e+06
959922.75,1.0531272e+06
959922.75,1.0503758e+06
959922.75,1.0571055e+06
474092.62,562725.25
474092.62,568307.8
474092.62,577996.25
474092.62,562852.0
535653.8,954011.0
535653.8,995169.4
619426.56,963644.6
619426.56,974698.8
619426.56,964201.7
619426.56,966845.9
619426.56,964927.5
619426.56,965645.4
619426.56,969510.7
619426.56,941987.6
619426.56,942093.4
619426.56,941987.6
619426.56,940681.44
619426.56,940681.44
619426.56,958489.7
479761.34,554097.44
479761.34,590674.2
479761.34,524813.0
337956.7,238542.64
337956.7,238488.11
337956.7,227848.73
207875.7,120084.516
207875.7,108087.516
652311.7,894446.2
652311.7,887044.4
652311.7,875116.9
652311.7,905015.8
349355.0,225681.11
349355.0,223669.98
349355.0,226859.77
349355.0,225577.02
465659.0,660727.5
465659.0,659749.9
465659.0,663950.06
465659.0,661118.2
465659.0,632846.06
465659.0,625318.44
465659.0,637377.1
493048.06,673017.4
493048.06,673258.2
493048.06,682075.1
493048.06,679770.44
493048.06,641485.1
493048.06,628508.3
706260.7,1.03626044e+06
706260.7,1.0320814e+06
706260.7,1.0363855e+06
706260.7,1.0507799e+06
706260.7,1.03374175e+06
706260.7,1.0265728e+06
706260.7,996130.3
706260.7,996950.94
706260.7,997288.25
706260.7,1.03754294e+06
443156.66,603793.1
443156.66,609695.25
443156.66,597981.2
443156.66,587399.1
871033.8,1.0961036e+06
607501.4,822291.94
607501.4,823850.4
607501.4,808568.5
607501.4,817467.0
857462.56,1.0329952e+06
292104.53,243818.23
292104.53,245659.45
445059.03,506502.5
445059.03,476237.1
518054.88,651069.6
518054.88,636444.3
518054.88,651115.8
518054.88,655948.2
874256.94,1.0793252e+06
874256.94,1.0786005e+06
874256.94,1.0827465e+06
874256.94,1.0837919e+06
874256.94,1.0956106e+06
874256.94,1.0779138e+06
874256.94,1.0826971e+06
874256.94,1.0949871e+06
372008.16,250361.33
699781.6,816787.25
699781.6,812444.06
699781.6,821496.8
699781.6,808381.2
699781.6,777906.75
699781.6,773194.44
893467.9,990368.0
893467.9,995934.25
893467.9,1.01839856e+06
893467.9,996361.94
893467.9,1.0001118e+06
893467.9,1.0322e+06
533888.94,803042.4
533888.94,763878.75
476567.94,608854.06
476567.94,609598.06
476567.94,602775.06
530682.9,502497.44
530682.9,513290.66
680818.25,943675.7
680818.25,1.00668344e+06
331474.28,201691.27
331474.28,200164.17
542874.56,770321.0
542874.56,781203.06
542874.56,771660.75
542874.56,766656.6
269384.5,197686.36
269384.5,184735.05
389683.03,447422.1
389683.03,445505.38
389683.03,450942.25
389683.03,434089.34
337614.5,209540.95
337614.5,222393.67
354216.5,417373.1
354216.5,391566.6
1.2189329e+06,1.1551171e+06
1.2189329e+06,1.1503375e+06
1.2189329e+06,1.1603016e+06
1.2189329e+06,1.1517301e+06
1.2189329e+06,1.16036e+06
1.2189329e+06,1.1547565e+06
1.2189329e+06,1.1264231e+06
1.2189329e+06,1.1240249e+06
1.2189329e+06,1.1220001e+06
1.2189329e+06,1.1240172e+06
324801.0,433708.5
324801.0,435221.94
324801.0,443055.72
617096.44,845406.6
617096.44,844124.8
617096.44,841861.75
617096.44,833373.75
617096.44,833041.4
617096.44,846883.1
741329.3,715304.3
741329.3,731780.06
582802.06,892765.5
582802.06,910555.3
582802.06,907946.8
747953.0,947001.3
747953.0,990568.0
454190.84,577906.94
454190.84,582545.7
454190.84,596961.6
603029.25,957167.44
603029.25,962551.8
603029.25,960516.9
603029.25,962948.1
603029.25,960907.06
603029.25,958553.6
603029.25,964425.0
410218.97,377839.6
410218.97,371452.3
151857.39,89008.33
151857.39,91174.516
947049.7,1.0690408e+06
947049.7,1.0834546e+06
947049.7,1.0725315e+06
767117.44,1.0237361e+06
767117.44,1.0378641e+06
767117.44,1.0232322e+06
767117.44,1.03248706e+06
767117.44,1.01816225e+06
767117.44,1.0014141e+06
767117.44,1.0020773e+06
767117.44,997244.5
767117.44,1.0756244e+06
832490.5,1.089881e+06
832490.5,1.0747225e+06
832490.5,1.0892508e+06
832490.5,1.075252e+06
832490.5,1.0850512e+06
832490.5,1.072058e+06
832490.5,1.070687e+06
832490.5,1.0758561e+06
622771.5,565062.7
622771.5,569295.75
622771.5,573079.25
622771.5,565645.3
842423.44,1.0610882e+06
842423.44,1.0713508e+06
842423.44,1.0753101e+06
842423.44,1.0652748e+06
842423.44,1.0633876e+06
842423.44,1.0666731e+06
842423.44,1.0643905e+06
711810.56,1.0649349e+06
576336.3,1.0147631e+06
576336.3,1.0082235e+06
576336.3,1.0071869e+06
576336.3,1.00778544e+06
576336.3,1.0064262e+06
576336.3,1.0147712e+06
576336.3,991706.0
576336.3,992537.25
576336.3,976922.6
576336.3,992664.5
576336.3,989998.7
576336.3,1.02003775e+06
612536.75,889753.56
612536.75,893559.25
612536.75,877348.1
612536.75,888825.75
612536.75,875510.9
612536.75,838829.75
612536.75,823627.25
612536.75,863906.0
299997.1,406912.56
299997.1,393177.6
468368.16,633624.8
468368.16,615748.9
469650.75,515045.75
469650.75,515410.6
469650.75,498999.47
614792.44,741237.2
614792.44,737070.0
662147.6,773821.44
662147.6,775020.9
662147.6,763387.8
662147.6,768429.0
662147.6,775321.56
320708.97,281305.38
320708.97,281876.66
269150.47,144346.39
269150.47,145184.33
269150.47,140264.95
318673.56,332573.56
318673.56,356294.28
318673.56,353874.84
318673.56,328519.2
800885.44,797775.75
800885.44,795677.0
800885.44,783390.5
800885.44,759146.1
800885.44,753057.9
800885.44,777574.06
566026.06,809962.75
566026.06,795783.56
566026.06,791655.7
566026.06,791442.44
399097.06,452095.62
399097.06,441526.94
399097.06,423243.84
621190.56,943459.75
621190.56,957568.6
337398.0,389748.2
337398.0,388737.06
337398.0,395138.44
337398.0,393998.06
418815.22,393235.84
418815.22,401423.3
418815.22,402275.3
418815.22,388868.38
418815.22,419469.44
418815.22,407987.5
795450.9,1.02427556e+06
795450.9,1.0198468e+06
795450.9,1.02154106e+06
795450.9,1.0194136e+06
795450.9,1.0274232e+06
795450.9,1.0194136e+06
795450.9,1.0258894e+06
795450.9,999828.94
795450.9,1.001943e+06
795450.9,1.00066e+06
795450.9,1.0157018e+06
795450.9,1.00798506e+06
844445.4,854663.1
844445.4,845937.9
844445.4,854812.9
844445.4,840926.25
844445.4,818869.8
844445.4,816210.56
844445.4,822727.1
844445.4,829659.94
607986.8,961506.44
607986.8,951721.0
607986.8,954291.75
607986.8,949746.0
607986.8,950501.94
607986.8,960136.75
607986.8,954291.75
607986.8,936473.2
1.0828345e+06,1.1045882e+06
1.0828345e+06,1.1392152e+06
619657.44,832065.4
619657.44,818393.56
2.7792865e+06,1.718866e+06
2.7792865e+06,1.7084351e+06
526518.2,658423.06
526518.2,654243.06
526518.2,658637.0
526518.2,668418.1
478404.44,580161.44
478404.44,586913.0
478404.44,580321.9
560489.56,805285.56
560489.56,788921.9
560489.56,808227.3
560489.56,804327.8
560489.56,791699.44
560489.56,790182.4
560489.56,786424.25
560489.56,826619.94
725161.06,1.0227645e+06
725161.06,1.0306362e+06
725161.06,1.02152525e+06
725161.06,1.03665506e+06
725161.06,1.04619175e+06
725161.06,994999.4
725161.06,1.0086495e+06
725161.06,989852.75
725161.06,1.0448504e+06
435649.72,489045.16
435649.72,476643.28
568578.7,959369.1
568578.7,936569.56
472611.25,614598.3
472611.25,602352.94
472611.25,616166.4
472611.25,590069.7
472611.25,589693.3
299956.22,344488.66
299956.22,334051.66
299956.22,322277.84
822736.0,876070.0
822736.0,904559.44
238360.3,135584.83
238360.3,133186.77
238360.3,125803.016
564646.2,698432.0
564646.2,688034.7
348491.34,384237.56
348491.34,406097.34
348491.34,386149.1
348491.34,386676.53
348491.34,381291.22
348491.34,392708.44
348491.34,383647.56
456539.8,451106.25
456539.8,454696.9
456539.8,465820.8
456539.8,454253.12
456539.8,436708.03
679975.0,1.01080844e+06
679975.0,988530.3
162570.23,111434.08
162570.23,110769.58
162570.23,115458.266
2.4306812e+06,1.6499662e+06
2.4306812e+06,1.6580532e+06
245953.5,175938.33
245953.5,180438.58
389209.44,381121.53
389209.44,365808.12
188450.69,205926.77
188450.69,194501.23
588210.3,819261.0
588210.3,812951.3
588210.3,815854.94
588210.3,801592.0
588210.3,817937.9
629464.1,958970.4
629464.1,952382.8
629464.1,952178.44
629464.1,953863.9
629464.1,958151.7
629464.1,955278.9
629464.1,955457.8
629464.1,956182.75
629464.1,965705.6
361621.47,520612.97
361621.47,528545.0
361621.47,516180.47
559276.7,783001.6
559276.7,799884.6
559276.7,784725.25
559276.7,782216.2
559276.7,779867.0
559276.7,819345.5
313394.56,168746.73
313394.56,171431.17
360351.7,230991.73
360351.7,240687.61
308425.0,256617.11
308425.0,257540.33
511742.62,958214.2
511742.62,954736.5
807555.4,1.0357541e+06
807555.4,1.0323254e+06
807555.4,1.0246417e+06
807555.4,1.02616494e+06
807555.4,1.022424e+06
807555.4,1.0324613e+06
807555.4,1.0256274e+06
807555.4,1.00457656e+06
807555.4,1.0029295e+06
807555.4,1.01361756e+06
807555.4,1.0120125e+06
807555.4,1.00611894e+06
807555.4,1.0043473e+06
632543.5,577551.5
632543.5,572978.25
632543.5,581778.25
632543.5,593716.9
632543.5,568374.75
632543.5,565731.7
632543.5,571240.7
415225.6,263266.16
415225.6,267314.34
415225.6,261391.61
628078.25,988924.3
628078.25,1.00232606e+06
628078.25,994989.5
628078.25,985818.1
628078.25,994886.94
628078.25,988159.1
389749.53,489506.66
389749.53,491798.94
389749.53,494620.38
177230.81,113794.516
177230.81,114118.45
760257.8,1.0197505e+06
519441.38,670604.9
519441.38,681014.5
519441.38,674197.75
519441.38,633728.56
519441.38,640681.0
519441.38,645400.9
645506.6,955593.6
645506.6,968122.06
418922.66,552234.6
830468.6,1.0790875e+06
830468.6,1.0737768e+06
830468.6,1.0722745e+06
830468.6,1.0708075e+06
830468.6,1.0621201e+06
830468.6,1.0656609e+06
830468.6,1.0370992e+06
830468.6,1.0564981e+06
830468.6,1.0318285e+06
626721.1,795113.1
626721.1,793154.75
601773.3,852185.4
601773.3,864370.25
368258.16,511962.78
368258.16,519557.62
363583.94,445516.28
363583.94,442622.2
363583.94,432699.22
467322.66,622676.06
467322.66,611215.1
467322.66,611387.25
467322.66,606372.06
467322.66,659501.25
1.0664228e+06,1.0440264e+06
1.0664228e+06,1.04225194e+06
1.0664228e+06,1.0428956e+06
1.0664228e+06,1.0500002e+06
1.0664228e+06,1.0580716e+06
1.0664228e+06,1.0411261e+06
283501.56,157547.89
283501.56,156219.48
283501.56,155341.8
387864.84,261209.08
479752.8,448449.78
479752.8,453197.78
479752.8,442006.12
479752.8,447388.62
479752.8,440607.28
364119.78,352080.12
364119.78,341969.03
364119.78,341809.62
2.5006375e+06,1.6488209e+06
2.5006375e+06,1.649112e+06
1.2226444e+06,1.145998e+06
1.2226444e+06,1.1701155e+06
536511.0,926235.7
536511.0,940561.9
653856.44,1.02172575e+06
653856.44,1.01870094e+06
653856.44,1.0129712e+06
653856.44,1.0217954e+06
653856.44,1.02790175e+06
653856.44,1.0165851e+06
653856.44,994040.6
653856.44,987197.8
527161.75,596017.44
527161.75,587013.75
204745.62,230171.17
204745.62,234929.02
497862.2,533739.06
231387.61,204657.42
231387.61,206784.86
231387.61,199822.52
726198.1,1.0147714e+06
726198.1,1.03772956e+06
726198.1,1.0150986e+06
726198.1,1.0178143e+06
726198.1,1.01755444e+06
726198.1,1.0072929e+06
537713.8,728261.75
537713.8,735675.44
537713.8,716367.75
566828.7,907033.25
566828.7,937375.56
652959.1,776826.8
652959.1,778970.7
652959.1,783033.6
652959.1,766755.7
652959.1,766859.9
652959.1,761494.1
311570.38,190612.48
311570.38,178711.83
311570.38,177344.83
634168.5,834159.94
634168.5,851875.7
780264.6,1.0228513e+06
780264.6,1.0207268e+06
780264.6,1.03814206e+06
780264.6,1.0414022e+06
780264.6,1.01912056e+06
780264.6,1.01939506e+06
780264.6,1.0150291e+06
780264.6,1.0015535e+06
780264.6,1.0009398e+06
780264.6,1.03349e+06
533572.1,796204.2
533572.1,776089.8
361753.72,447074.75
361753.72,445828.9
361753.72,449362.2
502683.9,450043.03
502683.9,456204.16
324431.28,182285.36
324431.28,166034.67
708189.94,744377.25
708189.94,743072.94
708189.94,740949.06
536489.94,494618.78
536489.94,513999.12
621169.56,686210.7
633113.2,661001.9
633113.2,672017.75
633113.2,654387.06
383922.94,475707.6
383922.94,465944.47
383922.94,486359.8
383922.94,466057.78
310535.44,207874.55
310535.44,199722.05
242766.88,143548.08
242766.88,142215.89
680932.2,705823.1
680932.2,703111.5
680932.2,705198.0
680932.2,700478.3
455152.16,504987.56
455152.16,508337.56
282614.22,378112.88
282614.22,372509.78
717926.75,1.0060893e+06
717926.75,1.0086436e+06
717926.75,1.0084399e+06
717926.75,1.006286e+06
717926.75,1.0273886e+06
717926.75,1.01337175e+06
448280.66,597851.5
448280.66,615107.9
665870.1,1.04293994e+06
665870.1,1.0256447e+06
665870.1,1.0145231e+06
665870.1,1.0220524e+06
665870.1,1.01550344e+06
665870.1,1.0194059e+06
665870.1,1.0379415e+06
757756.56,1.0349904e+06
757756.56,1.01707444e+06
757756.56,1.0200684e+06
757756.56,1.01876525e+06
757756.56,1.01248044e+06
757756.56,1.01797356e+06
684031.75,965113.5
684031.75,969215.1
684031.75,968592.4
684031.75,960388.6
684031.75,967548.1
684031.75,962622.1
684031.75,970788.06
684031.75,942049.6
684031.75,940500.94
684031.75,952873.06
684031.75,943810.75
684031.75,976035.94
847074.6,1.0606268e+06
847074.6,1.0632944e+06
847074.6,1.0850172e+06
847074.6,1.072975e+06
847074.6,1.0704294e+06
847074.6,1.0695729e+06
847074.6,1.0698421e+06
847074.6,1.04029175e+06
847074.6,1.0407224e+06
847074.6,1.0420618e+06
847074.6,1.0520768e+06
847074.6,1.04345075e+06
390501.75,538124.3
390501.75,551693.9
390501.75,526737.75
390501.75,527949.25
308645.7,337041.16
308645.7,340653.22
308645.7,335008.44
659970.8,840859.9
659970.8,825657.25
659970.8,816030.3
2.2838442e+06,1.6316492e+06
2.2838442e+06,1.639581e+06
551097.1,970202.1
551097.1,986004.8
551097.1,960026.56
852644.3,955974.75
852644.3,972502.06
852644.3,971944.9
852644.3,956615.2
852644.3,960314.4
417037.53,484187.22
417037.53,481021.9
417037.53,488693.44
778480.56,776665.9
778480.56,770170.44
778480.56,781790.0
778480.56,763500.6
778480.56,787481.5
340430.84,238293.17
340430.84,242875.98
340430.84,236105.42
217096.83,231285.64
217096.83,231146.77
217096.83,234533.64
217096.83,237778.83
845314.56,1.0052717e+06
845314.56,1.0392937e+06
759379.3,879842.06
759379.3,870495.7
303610.6,246571.86
303610.6,248083.36
303610.6,251872.64
571740.5,868396.56
589791.6,826888.1
589791.6,835871.8
589791.6,832438.94
589791.6,812262.5
589791.6,814125.94
589791.6,849597.8
531383.1,700867.94
531383.1,719575.1
305037.66,174510.95
305037.66,174477.48
305037.66,179585.67
261663.64,147217.08
261663.64,144973.48
867525.7,866526.44
867525.7,860198.6
867525.7,854742.8
867525.7,854046.0
867525.7,863003.9
867525.7,895957.3
1.3855545e+06,1.2587565e+06
1.3855545e+06,1.2589381e+06
1.3855545e+06,1.2569875e+06
1.3855545e+06,1.2594505e+06
1.3855545e+06,1.2606698e+06
1.3855545e+06,1.2785424e+06
1.3855545e+06,1.2579866e+06
1.3855545e+06,1.2662106e+06
1.3855545e+06,1.2708848e+06
1.3855545e+06,1.2377359e+06
1.3855545e+06,1.235119e+06
1.3855545e+06,1.242169e+06
1.3855545e+06,1.2354561e+06
1.3855545e+06,1.2409331e+06
1.3855545e+06,1.2388945e+06
1.3855545e+06,1.2725656e+06
410793.8,483872.12
410793.8,480307.72
410793.8,471860.56
541539.0,664022.44
541539.0,673425.4
541539.0,668260.5
541539.0,680079.0
541539.0,663817.75
236432.8,206873.42
236432.8,206140.14
236432.8,214568.11
659618.8,747777.75
659618.8,774460.75
659618.8,757065.56
535081.6,629002.25
535081.6,649432.5
603220.5,741602.75
603220.5,739224.2
603220.5,752160.8
603220.5,730132.0
2.4667288e+06,1.6552419e+06
2.4667288e+06,1.6621609e+06
564703.06,715810.06
564703.06,712952.44
549614.25,763527.06
549614.25,763256.06
549614.25,763466.06
549614.25,784969.5
825782.1,752702.5
825782.1,784346.94
926603.7,1.1014428e+06
926603.7,1.0993121e+06
926603.7,1.1073699e+06
926603.7,1.1081668e+06
926603.7,1.1062066e+06
926603.7,1.1035098e+06
926603.7,1.1025381e+06
926603.7,1.108661e+06
926603.7,1.0765058e+06
926603.7,1.0852392e+06
926603.7,1.0808811e+06
926603.7,1.0774942e+06
926603.7,1.1105502e+06
195225.73,245488.36
195225.73,241238.36
195225.73,232430.14
658945.75,907194.4
372260.2,435274.8
372260.2,409951.03
653861.2,879589.56
653861.2,882100.0
653861.2,845606.9
180115.08,114206.08
180115.08,111975.08
520818.84,738212.56
520818.84,742930.06
652300.8,806337.56
652300.8,803439.56
652300.8,802970.1
652300.8,801951.5
652300.8,759274.4
652300.8,776864.56
652300.8,771194.44
261794.42,144493.02
261794.42,151447.61
261794.42,140789.33
597524.06,938732.25
597524.06,951018.25
406038.84,542345.2
406038.84,549658.1
406038.84,540289.4
1.3783292e+06,1.2410716e+06
668229.5,976221.5
398317.88,329545.66
398317.88,330878.47
398317.88,333489.38
932229.6,1.0513834e+06
932229.6,1.0518635e+06
622469.1,753271.6
622469.1,763214.94
622469.1,750020.7
622469.1,754177.5
622469.1,735420.6
622469.1,717743.2
622469.1,743122.06
499388.9,564380.1
499388.9,562017.2
499388.9,579047.3
330033.22,218927.39
330033.22,215249.7
401830.75,392663.28
401830.75,392002.7
401830.75,374113.53
784800.25,784841.06
784800.25,783854.7
1.0862971e+06,1.0369524e+06
1.0862971e+06,1.02069544e+06
1.0862971e+06,1.03689694e+06
1.0862971e+06,1.0047094e+06
1.0862971e+06,1.0278649e+06
1.0862971e+06,1.0237027e+06
1.0862971e+06,1.0416478e+06
854736.4,1.0565632e+06
854736.4,1.0530891e+06
547369.3,699999.2
547369.3,691457.2
754382.7,1.0517396e+06
489658.6,613458.06
489658.6,629996.44
642811.56,1.0069872e+06
642811.56,1.0221411e+06
642811.56,993146.56
585797.7,970008.7
585797.7,970273.94
585797.7,975913.1
585797.7,968645.94
585797.7,975527.0
585797.7,969358.0
585797.7,969633.8
585797.7,953581.9
585797.7,942979.56
585797.7,956701.1
585797.7,955188.25
585797.7,971365.75
1.4137352e+06,1.2971421e+06
1.2338351e+06,1.1353485e+06
1.2338351e+06,1.1272044e+06
588701.1,804410.94
588701.1,792517.5
508589.28,942843.56
508589.28,942958.1
410833.5,385353.34
410833.5,373446.28
987609.94,1.049805e+06
987609.94,1.0520598e+06
987609.94,1.0515429e+06
987609.94,1.0530438e+06
987609.94,1.0587121e+06
987609.94,1.0529144e+06
987609.94,1.0628774e+06
721375.9,870267.0
721375.9,870448.56
721375.9,876276.4
721375.9,868429.75
721375.9,835151.75
721375.9,840307.6
549399.56,610167.9
549399.56,590396.75
549399.56,571254.25
674181.06,817768.44
674181.06,793352.3
674181.06,785472.9
674181.06,783630.5
674181.06,753965.94
674181.06,753703.7
674181.06,824516.5
1.0475824e+06,990206.06
1.0475824e+06,977723.06
1.0475824e+06,972916.9
1.0475824e+06,977360.0
1.0475824e+06,991497.1
1.0475824e+06,989159.94
1.0475824e+06,953207.5
1.0475824e+06,959193.9
1.0475824e+06,950485.56
1.0475824e+06,959681.0
1.0475824e+06,977258.56
255298.33,257155.2
255298.33,255654.3
255298.33,232890.02
253597.25,268315.66
253597.25,257828.33
270529.56,155405.42
515464.6,695554.75
515464.6,689529.8
515464.6,691521.7
515464.6,702464.0
515464.6,661743.2
515464.6,663441.3
515464.6,664155.3
571149.56,943963.56
571149.56,938504.75
571149.56,971334.1
571149.56,990669.0
571149.56,942557.94
571149.56,946363.1
302044.66,204391.92
302044.66,190504.73
220477.98,166389.2
220477.98,167857.42
220477.98,158700.86
702008.06,958344.0
702008.06,1.007117e+06
960175.0,1.0409456e+06
960175.0,1.04759606e+06
960175.0,1.0497148e+06
960175.0,1.0492456e+06
960175.0,1.0466384e+06
960175.0,1.0273122e+06
960175.0,1.02285456e+06
960175.0,1.0324911e+06
960175.0,1.02330544e+06
960175.0,1.0292744e+06
258224.1,274171.1
258224.1,289322.16
258224.1,279411.62
918875.0,1.1146692e+06
918875.0,1.1152751e+06
918875.0,1.1128132e+06
918875.0,1.1074369e+06
918875.0,1.1105641e+06
918875.0,1.1126651e+06
918875.0,1.1119391e+06
918875.0,1.1125146e+06
918875.0,1.1042908e+06
457603.88,487352.6
457603.88,494328.03
457603.88,491801.12
457603.88,497996.12
587897.6,994547.6
587897.6,986001.8
587897.6,988103.4
587897.6,989794.4
587897.6,988071.1
587897.6,988377.8
587897.6,989794.4
587897.6,961621.1
587897.6,957671.6
587897.6,959581.25
587897.6,963037.56
377991.06,524475.5
377991.06,515149.56
377991.06,507331.38
599080.8,697862.5
599080.8,700670.56
599080.8,702243.25
599080.8,704917.8
2.792022e+06,1.7026885e+06
2.792022e+06,1.7051106e+06
2.792022e+06,1.6911844e+06
1.2361018e+06,1.148013e+06
1.2361018e+06,1.1619276e+06
1.2361018e+06,1.1343198e+06
276857.2,258906.92
276857.2,262467.66
276857.2,246522.83
271184.66,154043.8
271184.66,153839.14
608219.75,661949.9
608219.75,706306.44
624632.6,786386.2
624632.6,790046.8
624632.6,787279.1
624632.6,785783.06
602504.75,538381.5
602504.75,554025.8
727778.1,1.018791e+06
727778.1,1.0397133e+06
727778.1,1.0247945e+06
727778.1,1.03886406e+06
727778.1,1.02696194e+06
727778.1,979714.7
727778.1,987307.3
417265.66,519555.72
417265.66,491183.66
463292.4,579553.5
463292.4,585353.0
463292.4,577978.6
463292.4,569549.44
613557.56,816154.0
613557.56,810559.1
613557.56,795352.7
613557.56,832729.8
904107.0,1.0040896e+06
904107.0,1.00937694e+06
904107.0,991600.06
844986.2,990297.2
844986.2,1.0123206e+06
265760.12,354706.16
265760.12,362077.72
265760.12,365303.72
265760.12,357357.1
323966.5,324010.56
323966.5,326038.78
323966.5,315973.94
325001.06,321111.44
325001.06,345288.8
325001.06,329965.53
325001.06,337377.72
846918.8,1.0772289e+06
846918.8,1.0802129e+06
846918.8,1.0772116e+06
846918.8,1.07932e+06
846918.8,1.0817088e+06
846918.8,1.0944215e+06
846918.8,1.0969631e+06
2.563683e+06,1.6881556e+06
2.563683e+06,1.6859996e+06
754863.9,1.02169206e+06
754863.9,1.0314925e+06
754863.9,1.0189385e+06
754863.9,1.01142144e+06
754863.9,1.0167283e+06
754863.9,997307.1
754863.9,996426.06
754863.9,1.04801694e+06
1.2418436e+06,1.1683105e+06
1.2418436e+06,1.191391e+06
594371.7,535505.6
594371.7,529187.25
594371.7,532717.8
594371.7,514506.2
594371.7,535297.4
249088.9,140250.89
249088.9,140940.33
401416.66,390739.8
401416.66,385239.75
401416.66,396881.28
401416.66,371693.5
450168.47,365402.56
450168.47,369887.0
366075.8,567837.6
366075.8,577690.44
366075.8,570294.44
366075.8,562815.75
431589.88,620924.06
431589.88,621352.06
431589.88,628266.94
431589.88,628219.0
596105.1,728183.5
596105.1,730512.2
596105.1,717812.94
596105.1,704912.06
498014.56,543228.2
545150.4,766131.94
545150.4,772099.2
545150.4,761516.94
545150.4,764013.5
692261.75,674682.94
692261.75,699230.94
359683.75,336953.88
359683.75,349080.34
359683.75,340894.53
359683.75,329873.47
944487.5,1.03208406e+06
944487.5,1.072081e+06
1.253166e+06,1.1725884e+06
1.253166e+06,1.1739468e+06
1.253166e+06,1.1821172e+06
1.253166e+06,1.1713989e+06
1.253166e+06,1.182624e+06
1.253166e+06,1.1825889e+06
1.253166e+06,1.1771172e+06
1.253166e+06,1.1974508e+06
1.0927799e+06,1.0669045e+06
1.0927799e+06,1.0715065e+06
1.0927799e+06,1.0743051e+06
1.0927799e+06,1.069568e+06
1.0927799e+06,1.0720552e+06
1.0927799e+06,1.0840481e+06
1.0927799e+06,1.0414885e+06
1.0927799e+06,1.0378187e+06
1.0927799e+06,1.0523454e+06
1.0927799e+06,1.0500164e+06
405203.03,260426.64
405203.03,260468.14
405203.03,260237.11
894346.9,868440.6
894346.9,840646.56
463853.6,495266.66
463853.6,515035.72
707100.75,907561.44
442513.75,474763.9
442513.75,467081.06
526532.9,648430.7
526532.9,653367.3
526532.9,683107.06
546121.0,596952.06
546121.0,595025.0
546121.0,591445.1
546121.0,601530.9
213243.92,129844.266
213243.92,128583.45
213243.92,123559.58
2.4049225e+06,1.6405774e+06
771628.7,1.0548891e+06
771628.7,1.0522294e+06
771628.7,1.0525542e+06
771628.7,1.0401312e+06
771628.7,1.04285844e+06
771628.7,1.0140661e+06
735005.3,1.0051853e+06
735005.3,1.0086652e+06
735005.3,1.01199e+06
735005.3,1.0115745e+06
735005.3,1.0140672e+06
735005.3,1.00170506e+06
735005.3,1.02214625e+06
396063.66,573059.1
396063.66,569375.56
462816.7,651452.06
462816.7,637778.8
462816.7,633909.1
233668.52,128133.08
233668.52,124740.2
890088.06,1.0062337e+06
890088.06,1.0152157e+06
890088.06,974941.0
696009.56,805397.6
696009.56,814932.7
696009.56,789407.0
205525.28,150922.17
205525.28,151399.48
205525.28,145170.39
835495.9,1.0334789e+06
835495.9,1.03259075e+06
718086.6,867088.7
718086.6,881439.8
718086.6,877608.56
718086.6,854955.0
248306.69,281378.6
248306.69,277880.34
248306.69,291361.5
561276.56,944254.7
561276.56,931637.3
561276.56,876829.6
1.0780755e+06,938989.4
1.0780755e+06,994161.6
383741.2,246887.58
383741.2,242944.77
367660.34,398453.22
367660.34,394526.38
515429.5,618463.75
515429.5,597460.44
515429.5,616456.25
515429.5,652276.6
507203.38,703333.6
507203.38,699862.8
507203.38,692806.7
507203.38,681018.4
507203.38,682964.5
507203.38,713253.75
815437.9,1.061811e+06
815437.9,1.0635396e+06
815437.9,1.0646424e+06
815437.9,1.0649732e+06
815437.9,1.075925e+06
815437.9,1.0649732e+06
815437.9,1.0613696e+06
718537.56,1.03210775e+06
718537.56,1.0276901e+06
718537.56,1.0314827e+06
718537.56,1.0289958e+06
718537.56,1.031674e+06
718537.56,1.0295507e+06
718537.56,1.0064184e+06
718537.56,1.0048715e+06
718537.56,1.010753e+06
718537.56,1.0206716e+06
718537.56,1.0093136e+06
718537.56,1.0348754e+06
395320.0,324311.78
395320.0,326473.97
391675.03,423120.38
391675.03,409635.9
178874.98,157131.64
260309.86,155672.77
260309.86,150102.23
700898.8,951704.94
700898.8,997115.94
431332.28,464482.78
431332.28,463159.28
857490.3,983783.6
857490.3,982529.4
737708.6,962475.75
737708.6,972663.94
737708.6,966961.8
444407.5,457505.03
444407.5,461465.53
444407.5,446996.5
408359.78,427371.88
408359.78,413797.53
2.4027908e+06,1.6705498e+06
2.4027908e+06,1.6602911e+06
609799.1,763842.0
609799.1,761720.3
609799.1,766260.56
609799.1,739499.75
793820.44,778751.44
793820.44,776146.0
605879.56,953644.7
605879.56,966595.75
605879.56,973196.44
605879.56,950328.0
605879.56,951904.9
605879.56,960079.4
619862.8,924221.94
619862.8,938232.7
619862.8,935875.4
396119.44,263049.6
396119.44,265418.25
396119.44,263247.88
541392.56,675779.2
541392.56,688767.94
541392.56,685032.56
541392.56,692848.0
909861.8,1.1035395e+06
909861.8,1.1114995e+06
909861.8,1.1054389e+06
909861.8,1.1005224e+06
909861.8,1.1027782e+06
909861.8,1.1034105e+06
909861.8,1.1011124e+06
909861.8,1.106283e+06
909861.8,1.0776779e+06
909861.8,1.0767245e+06
909861.8,1.0776496e+06
909861.8,1.0881905e+06
909861.8,1.0937799e+06
714361.6,959092.3
714361.6,994497.56
686485.4,956990.56
686485.4,956008.94
686485.4,956319.0
686485.4,956817.44
686485.4,964830.94
686485.4,960846.25
686485.4,935827.9
686485.4,932087.25
686485.4,933391.2
399918.53,372544.44
399918.53,382107.88
399918.53,358415.22
476403.56,616222.5
476403.56,616461.25
476403.56,627844.6
476403.56,618842.8
476403.56,592954.44
313123.38,309637.2
313123.38,338420.47
584715.2,515069.2
584715.2,518509.06
584715.2,514241.06
584715.2,501186.06
584715.2,524866.9
234630.97,252268.95
234630.97,254307.73
234630.97,256126.42
234630.97,260537.3
313335.72,333266.9
313335.72,320870.3
529317.5,623909.44
529317.5,600043.3
522041.7,855509.25
522041.7,848160.2
635984.4,913081.4
635984.4,934977.0
430513.94,415045.25
430513.94,427388.7
430513.94,423494.78
463345.12,599495.75
463345.12,586143.4
547529.25,880079.1
547529.25,843518.0
401450.3,259763.64
401450.3,260362.14
401450.3,264917.56
401450.3,267577.06
588458.4,923933.75
588458.4,989712.75
890907.94,1.0506654e+06
890907.94,1.0502418e+06
890907.94,1.0596075e+06
890907.94,1.053875e+06
890907.94,1.0525092e+06
890907.94,1.0552228e+06
890907.94,1.04158425e+06
673032.56,961846.25
673032.56,980976.2
629405.6,675925.2
629405.6,686719.5
629405.6,663245.1
681813.94,951120.3
681813.94,953217.6
681813.94,953471.6
681813.94,967068.4
681813.94,915516.0
648916.06,988782.2
648916.06,988086.3
317962.88,284746.5
317962.88,271803.2
317962.88,282196.94
610059.44,662440.4
610059.44,656643.0
610059.44,664701.1
610059.44,649414.75
610059.44,666741.7
562269.4,676409.7
562269.4,677108.4
616737.8,896625.9
616737.8,886059.0
616737.8,899306.1
616737.8,893150.9
616737.8,889853.5
394631.9,377194.8
394631.9,397860.1
423419.28,494678.3
423419.28,492671.5
387045.1,368188.56
387045.1,343595.66
527011.56,487647.06
527011.56,491831.88
643044.5,771594.5
643044.5,771594.5
643044.5,771282.5
643044.5,736046.8
643044.5,735626.2
643044.5,779879.3
246346.39,289525.06
246346.39,282337.78
246346.39,262995.44
570931.2,740030.06
570931.2,742083.2
278068.56,152235.27
278068.56,144449.27
471357.66,522217.75
471357.66,525587.3
694568.06,848171.8
694568.06,842332.7
694568.06,844930.4
694568.06,842951.44
354453.3,504278.47
354453.3,515547.56
354453.3,498620.44
674397.9,805347.56
674397.9,803493.06
674397.9,809506.25
674397.9,801168.25
674397.9,761826.8
674397.9,762497.1
674397.9,819201.56
222919.52,273870.62
222919.52,263219.53
562242.9,780827.4
562242.9,779066.56
894534.5,973085.4
894534.5,1.01415844e+06
894534.5,1.0155535e+06
894534.5,1.0084026e+06
894534.5,967415.8
894534.5,988618.06
894534.5,1.0003302e+06
869100.5,1.0649866e+06
869100.5,1.0345046e+06
623096.1,651601.3
623096.1,673643.2
263547.34,224288.08
263547.34,232633.48
590752.5,997033.2
339338.66,219635.98
339338.66,225164.55
729113.6,729567.6
729113.6,738362.25
262657.84,146365.11
262657.84,145263.36
262657.84,137923.2
533870.25,779860.8
533870.25,755146.9
533870.25,779574.6
533870.25,772845.3
533870.25,722435.5
533870.25,723513.8
533870.25,761413.9
1.0138895e+06,1.1408996e+06
1.0138895e+06,1.1330021e+06
1.0138895e+06,1.1343956e+06
1.0138895e+06,1.1317816e+06
1.0138895e+06,1.1296251e+06
1.0138895e+06,1.1280045e+06
1.0138895e+06,1.1321996e+06
1.0138895e+06,1.1293828e+06
1.0138895e+06,1.110084e+06
1.0138895e+06,1.1119411e+06
1.0138895e+06,1.1082695e+06
1.0138895e+06,1.109888e+06
1.0138895e+06,1.1468215e+06
589391.1,962799.56
589391.1,960195.7
589391.1,962768.7
589391.1,962720.56
589391.1,963588.25
589391.1,964160.94
589391.1,947806.56
589391.1,937566.7
589391.1,934683.5
589391.1,950093.06
408504.4,425066.8
452493.0,594177.1
452493.0,610726.56
770666.56,870060.9
770666.56,864829.0
770666.56,882624.9
770666.56,884203.3
770666.56,901097.56
538150.3,705465.56
538150.3,687112.0
538150.3,691470.2
881262.5,957438.2
881262.5,968875.25
881262.5,945051.0
839467.6,1.0488961e+06
771618.75,1.029048e+06
771618.75,1.0302842e+06
771618.75,1.0431066e+06
771618.75,1.0327125e+06
771618.75,1.04479125e+06
771618.75,1.0350242e+06
771618.75,1.0285923e+06
771618.75,1.0521975e+06
788807.2,953715.75
788807.2,958850.75
788807.2,955436.7
788807.2,965009.4
788807.2,944339.2
788807.2,943336.6
788807.2,943041.0
788807.2,933829.56
696283.1,1.0043304e+06
696283.1,995333.06
879511.1,999965.4
879511.1,1.0383483e+06
759950.7,889691.6
759950.7,904026.1
759950.7,900072.8
759950.7,894340.3
759950.7,862955.6
759950.7,862156.1
759950.7,864780.94
759950.7,900251.4
421951.34,385029.66
421951.34,395451.66
385276.84,245897.23
385276.84,229550.92
210162.72,117884.266
210162.72,118418.95
814342.06,925178.44
814342.06,952738.7
517991.0,740105.25
517991.0,779886.06
566550.1,546853.5
566550.1,569473.56
261520.22,214920.33
261520.22,217777.33
302769.8,268392.66
302769.8,242007.3
387216.78,266322.9
387216.78,276402.28
387216.78,255782.36
550691.7,838538.0
550691.7,796226.7
651493.7,955811.9
651493.7,960612.9
651493.7,959319.2
651493.7,956955.8
651493.7,965271.06
651493.7,961132.56
651493.7,931193.44
651493.7,933374.5
651493.7,943809.94
773160.9,978793.5
773160.9,1.01833256e+06
1.2669188e+06,1.1729989e+06
1.2669188e+06,1.1774212e+06
1.2669188e+06,1.1815455e+06
1.2669188e+06,1.1798236e+06
1.2669188e+06,1.1796066e+06
1.2669188e+06,1.1740464e+06
1.2669188e+06,1.1758365e+06
1.2669188e+06,1.1485702e+06
1.2669188e+06,1.1566941e+06
1.2669188e+06,1.1537756e+06
1.2669188e+06,1.1545972e+06
1.2669188e+06,1.14619e+06
605597.0,536357.94
605597.0,547963.0
605597.0,532844.8
605597.0,551347.06
551045.44,918637.75
551045.44,942021.75
588433.7,707782.44
588433.7,736888.94
279361.5,329927.03
279361.5,343994.4
279361.5,336835.34
279361.5,339238.78
275421.66,219592.64
275421.66,213271.17
1.0709479e+06,1.0547214e+06
1.0709479e+06,1.0076901e+06
298215.06,158956.2
298215.06,167693.08
298215.06,158329.23
615076.25,954880.2
615076.25,959829.06
615076.25,961182.3
615076.25,955549.75
615076.25,960419.25
615076.25,956571.9
615076.25,931309.25
615076.25,941440.94
615076.25,929735.56
615076.25,964830.75
631808.0,783325.75
631808.0,782301.75
631808.0,796839.4
631808.0,755343.44
476200.3,651085.9
476200.3,649850.2
476200.3,642863.2
476200.3,649472.25
476200.3,621577.1
352568.2,447996.34
352568.2,432532.12
1.198469e+06,1.1349454e+06
1.198469e+06,1.1601452e+06
300771.2,315113.6
300771.2,325676.94
300771.2,315096.6
300771.2,312881.6
300771.2,312326.06
300771.2,316938.8
669769.94,814121.1
669769.94,827942.75
669769.94,813525.5
669769.94,812190.5
669769.94,775077.0
669769.94,790692.75
669769.94,797487.75
476119.06,628975.75
476119.06,633130.8
476119.06,622885.5
409420.16,406715.56
409420.16,399706.5
409420.16,401327.78
659387.4,1.0144059e+06
659387.4,1.0084591e+06
659387.4,1.0088694e+06
659387.4,1.0035996e+06
659387.4,1.0159737e+06
659387.4,1.03982306e+06
389092.56,390832.16
571365.4,685000.2
571365.4,684023.7
571365.4,728809.2
2.5735302e+06,1.6909642e+06
2.5735302e+06,1.689275e+06
996530.25,951793.9
996530.25,950058.5
996530.25,951721.7
996530.25,965259.2
996530.25,962603.94
996530.25,980000.94
582964.9,922960.8
582964.9,940637.94
582964.9,916470.3
400420.22,453450.84
400420.22,429514.16
314442.62,352012.4
314442.62,349245.06
676045.25,791155.9
676045.25,824910.06
396967.7,576329.4
396967.7,579543.94
328727.3,262741.72
328727.3,268222.72
328706.06,269278.2
328706.06,259070.83
701192.7,983483.94
701192.7,1.0166038e+06
290294.34,314532.47
290294.34,315363.66
281759.44,154595.39
281759.44,154356.58
806778.56,1.0134225e+06
806778.56,1.0433947e+06
806778.56,1.01177356e+06
402923.88,398856.94
402923.88,394747.97
402923.88,406974.22
639807.3,673543.94
639807.3,664579.6
229509.55,175159.8
229509.55,184951.08
229509.55,170981.92
512031.47,592495.1
512031.47,586199.3
512031.47,602973.4
512031.47,586892.44
259133.44,147014.95
259133.44,134552.64
345399.1,525157.6
345399.1,509569.34
345399.1,516319.6
345399.1,518433.0
543140.6,517750.06
543140.6,523705.03
587335.25,975652.5
587335.25,977923.06
587335.25,982676.0
587335.25,975507.9
587335.25,977764.94
587335.25,977896.5
587335.25,948640.1
587335.25,948889.6
587335.25,948024.4
587335.25,976864.8
419903.6,267084.56
419903.6,275641.25
419903.6,254976.2
310822.8,157547.39
310822.8,154505.05
296155.97,361692.6
263214.94,154715.42
263214.94,158876.11
263214.94,159853.27
593086.7,915322.25
593086.7,938217.4
2.4608492e+06,1.6661031e+06
2.4608492e+06,1.6718431e+06
472782.28,551132.1
472782.28,540782.9
472782.28,560182.7
472782.28,553136.2
1.0064206e+06,898899.4
1.0064206e+06,923792.3
788225.8,882334.44
788225.8,873528.5
475950.22,592669.25
475950.22,630405.25
478859.25,611095.44
478859.25,591986.3
878569.94,1.0665902e+06
878569.94,1.0670426e+06
878569.94,1.0559741e+06
878569.94,1.0517311e+06
878569.94,1.0679748e+06
878569.94,1.0616469e+06
301007.3,165143.61
301007.3,171681.2
492884.53,449214.8
492884.53,461370.72
492884.53,464125.25
644029.25,1.04977e+06
644029.25,1.01863144e+06
644029.25,1.0087025e+06
644029.25,1.0191657e+06
644029.25,1.0270277e+06
644029.25,985251.2
644029.25,984988.25
644029.25,985784.94
644029.25,997157.5
237247.8,285717.56
237247.8,270654.28
237247.8,270462.0
241956.84,235183.39
241956.84,218107.2
581240.06,687006.0
581240.06,686536.94
795435.0,1.0538215e+06
795435.0,1.0623846e+06
795435.0,1.0615819e+06
795435.0,1.0514336e+06
795435.0,1.0633889e+06
795435.0,1.0792385e+06
795435.0,1.0365715e+06
795435.0,1.03238794e+06
795435.0,1.0338928e+06
795435.0,1.0333558e+06
795435.0,1.04252975e+06
583692.0,733523.6
583692.0,757203.2
664898.6,1.066148e+06
455053.44,466928.66
455053.44,457501.97
455053.44,472688.34
455053.44,471310.7
164973.56,202366.95
164973.56,185645.89
778264.56,1.0427357e+06
778264.56,1.02037156e+06
1.3287108e+06,1.203232e+06
1.3287108e+06,1.1954452e+06
1.3287108e+06,1.2008455e+06
1.3287108e+06,1.2064358e+06
1.3287108e+06,1.200451e+06
1.3287108e+06,1.203232e+06
1.3287108e+06,1.1971326e+06
1.3287108e+06,1.1773188e+06
1.3287108e+06,1.1798375e+06
1.3287108e+06,1.1769444e+06
1.3287108e+06,1.1738974e+06
1.3287108e+06,1.1884891e+06
350215.66,288164.7
350215.66,297927.12
624308.6,712823.9
624308.6,728716.1
612318.06,589911.8
612318.06,613348.9
783161.6,985015.4
783161.6,996996.6
668264.06,1.0623885e+06
718333.1,1.0597932e+06
806343.44,905983.5
806343.44,894680.25
2.4741598e+06,1.68323e+06
2.4741598e+06,1.6816721e+06
442465.84,600770.7
442465.84,604960.6
442465.84,588318.56
442465.84,576373.4
442465.84,575282.7
735579.9,975822.8
735579.9,969004.3
735579.9,976748.44
735579.9,992802.56
735579.9,945968.2
735579.9,944773.7
206646.98,154935.83
206646.98,157641.14
553338.06,798593.1
553338.06,807982.44
553338.06,810051.3
553338.06,802297.3
582135.0,981620.8
582135.0,985846.2
582135.0,988020.9
582135.0,998358.25
582135.0,989805.4
582135.0,953447.3
582135.0,948774.2
582135.0,958400.25
582135.0,1.0245944e+06
434795.72,603243.1
434795.72,612319.5
434795.72,607624.0
434795.72,584713.3
434795.72,574023.4
434795.72,596768.4
581153.44,518622.94
581153.44,518066.2
581153.44,531755.0
581153.44,514094.34
581153.44,513790.66
581153.44,530081.25
445246.5,479376.12
445246.5,461532.94
430527.4,264749.2
430527.4,263956.66
584107.8,732313.06
584107.8,720214.0
584107.8,725368.1
584107.8,718920.94
584107.8,705917.56
802699.2,907654.25
802699.2,891998.7
802699.2,891748.6
802699.2,896743.8
802699.2,866376.2
802699.2,866011.06
802699.2,922643.75
891841.6,1.0966784e+06
891841.6,1.1003885e+06
891841.6,1.0960521e+06
891841.6,1.0837945e+06
891841.6,1.0828889e+06
891841.6,1.0970254e+06
891841.6,1.0840959e+06
891841.6,1.0892129e+06
310987.22,183390.02
310987.22,167875.89
587991.06,968688.25
587991.06,973647.56
587991.06,979151.2
587991.06,981010.75
587991.06,943102.06
587991.06,970543.3
587991.06,957394.7
353073.8,237701.14
353073.8,233310.77
424565.38,508153.62
424565.38,515510.3
424565.38,506757.12
424565.38,511116.78
440454.34,583753.0
440454.34,577211.0
440454.34,578482.94
440454.34,596412.1
241325.12,121327.08
241325.12,126888.14
438197.1,584097.9
438197.1,584126.6
561972.7,732080.94
561972.7,743360.75
561972.7,745921.9
366989.12,239635.89
366989.12,236181.02
434937.7,515436.5
434937.7,517728.0
434937.7,500551.7
584857.9,932938.7
584857.9,915358.2
697479.56,994756.3
697479.56,1.0057528e+06
549220.2,891842.56
549220.2,911102.75
573684.1,826377.7
573684.1,841966.1
650603.5,785132.2
650603.5,789168.8
541999.25,656501.2
541999.25,702072.2
491203.22,716496.5
2.8961825e+06,1.6852248e+06
2.8961825e+06,1.6919406e+06
671498.8,976677.3
671498.8,975911.56
350590.75,247518.45
619896.3,863244.9
619896.3,862250.44
619896.3,871242.2
619896.3,870717.8
619896.3,843066.7
303976.06,355479.38
401398.16,575415.8
401398.16,582628.44
401398.16,589975.56
401398.16,564034.7
401398.16,558092.8
401398.16,581206.0
199161.67,234530.39
199161.67,228909.11
199161.67,231610.2
199161.67,233636.02
765919.94,1.0031159e+06
765919.94,1.0528692e+06
412291.84,482223.4
412291.84,471145.97
412291.84,480332.22
799519.25,932617.56
799519.25,928703.56
799519.25,926828.06
799519.25,925462.56
799519.25,912984.5
333829.94,322507.8
474548.66,559405.6
474548.66,589138.4
497281.44,692908.4
497281.44,718274.5
825839.94,1.077724e+06
825839.94,1.0848974e+06
825839.94,1.077724e+06
825839.94,1.0786032e+06
825839.94,1.0742384e+06
825839.94,1.0715505e+06
825839.94,1.0866728e+06
825839.94,1.0877568e+06
825839.94,1.0884719e+06
502134.28,687335.4
855807.1,917632.1
855807.1,961634.1
687464.4,1.00420056e+06
687464.4,1.0095429e+06
708377.3,830255.06
708377.3,836378.7
708377.3,830382.0
708377.3,833882.2
215167.58,187219.73
215167.58,193187.86
215167.58,194871.05
779159.56,1.0061773e+06
779159.56,1.04521275e+06
650526.1,958116.2
650526.1,962898.4
650526.1,960198.3
650526.1,958583.2
650526.1,960001.1
650526.1,956404.56
650526.1,959371.6
650526.1,972718.6
449735.78,517659.22
449735.78,502378.66
449735.78,510552.2
307309.22,206966.83
554004.7,953480.25
554004.7,893163.5
788797.4,1.03371625e+06
788797.4,1.0300323e+06
788797.4,1.0285516e+06
788797.4,1.0305986e+06
788797.4,1.0447555e+06
788797.4,1.033082e+06
788797.4,1.0152886e+06
788797.4,1.0191313e+06
788797.4,1.0029897e+06
788797.4,1.0586935e+06
483884.72,458487.47
483884.72,449791.12
483884.72,449040.62
483884.72,448312.56
483884.72,450698.7
670204.56,723210.4
670204.56,711233.2
670204.56,699006.44
670204.56,691662.4
799489.25,1.01364475e+06
799489.25,1.01373606e+06
633181.06,1.00411856e+06
633181.06,1.01985094e+06
633181.06,1.01623194e+06
633181.06,1.0142729e+06
633181.06,1.01416706e+06
633181.06,995127.4
519508.75,575543.4
519508.75,569270.5
317796.06,422135.94
317796.06,413050.38
326971.38,186475.05
326971.38,177980.42
326971.38,174637.73
326971.38,178473.11
481462.0,965948.3
481462.0,970559.7
732696.2,1.0098356e+06
732696.2,1.0086602e+06
732696.2,1.0245068e+06
732696.2,1.0132316e+06
732696.2,1.0079565e+06
732696.2,1.0058887e+06
732696.2,1.02575644e+06
591752.3,923070.7
591752.3,929161.2
221566.7,296368.56
221566.7,281893.62
620244.56,736703.25
620244.56,737164.56
620244.56,719381.94
620244.56,687696.6
620244.56,680089.06
564943.25,905405.5
564943.25,917501.75
845395.2,1.0550461e+06
845395.2,1.0678506e+06
845395.2,1.0621045e+06
845395.2,1.057888e+06
845395.2,1.0705389e+06
845395.2,1.03999506e+06
845395.2,1.01826225e+06
845395.2,1.0180264e+06
729238.7,1.0109286e+06
729238.7,1.02112375e+06
729238.7,1.01793925e+06
729238.7,1.00964325e+06
729238.7,1.010636e+06
729238.7,1.01804075e+06
729238.7,1.00523006e+06
456393.5,444578.8
547991.1,964130.56
547991.1,962187.4
547991.1,955371.56
547991.1,979254.6
547991.1,978234.56
198929.17,243102.77
198929.17,234229.7
198929.17,236611.61
198929.17,231360.42
579163.9,529416.1
579163.9,531265.6
579163.9,525071.44
579163.9,511170.94
579163.9,516357.84
579163.9,537201.2
332995.88,229035.39
332995.88,206785.95
313207.6,426628.88
545559.6,808000.7
545559.6,787312.56
545559.6,808000.7
545559.6,780631.1
634720.0,843884.44
634720.0,853327.06
634720.0,832626.25
802643.5,880048.2
802643.5,891104.44
2.7243442e+06,1.6908756e+06
2.7243442e+06,1.6927136e+06
592324.8,866232.2
592324.8,863143.56
705079.75,1.01182956e+06
705079.75,1.0191305e+06
505035.34,579157.2
505035.34,576594.44
505035.34,590780.2
505035.34,567308.56
761063.94,1.03706925e+06
761063.94,1.062401e+06
761063.94,1.0250171e+06
632310.6,852190.4
2.4978898e+06,1.6345944e+06
2.4978898e+06,1.6380444e+06
434372.2,413246.3
434372.2,427459.6
434372.2,411727.4
627885.6,814560.56
627885.6,803844.6
627885.6,792584.44
627885.6,765528.44
627885.6,770538.56
627885.6,806226.7
816176.9,1.0518985e+06
816176.9,1.04127225e+06
816176.9,1.0369624e+06
816176.9,1.0480544e+06
816176.9,1.0062678e+06
816176.9,1.0154131e+06
816176.9,1.0100554e+06
816176.9,1.028855e+06
787203.4,1.0453077e+06
282150.03,280060.34
282150.03,281512.72
282150.03,266872.16
255466.25,268425.06
255466.25,256388.83
161242.22,86550.64
161242.22,96453.516
388862.6,553825.1
388862.6,552056.0
662000.5,891017.0
662000.5,886351.94
662000.5,894856.6
662000.5,899838.1
662000.5,846502.5
662000.5,846864.9
662000.5,838539.7
705623.75,999587.5
705623.75,1.0213745e+06
705623.75,987022.4
466169.5,666742.5
466169.5,681488.5
466169.5,657360.75
524594.75,604234.4
601187.1,768670.9
601187.1,760848.25
601187.1,760853.25
601187.1,774290.2
651665.8,987648.3
366155.03,362127.0
366155.03,361036.3
366155.03,368261.03
366155.03,355358.06
407903.1,575174.2
407903.1,568367.0
407903.1,561058.2
407903.1,541540.4
569651.75,665968.94
569651.75,661423.7
565236.5,976219.5
565236.5,959397.44
565236.5,982436.2
565236.5,968396.75
565236.5,938812.75
565236.5,961164.94
565236.5,942082.7
565236.5,955221.0
745622.8,999148.5
745622.8,998819.9
745622.8,1.0060022e+06
745622.8,1.0085313e+06
745622.8,1.0072404e+06
745622.8,1.032879e+06
439156.4,498540.88
439156.4,514696.53
439156.4,498051.28
739563.4,1.0372655e+06
739563.4,1.0380829e+06
739563.4,1.0354747e+06
739563.4,1.0354747e+06
739563.4,1.0301604e+06
739563.4,1.0357323e+06
739563.4,997710.2
739563.4,992666.25
739563.4,997710.2
739563.4,1.03095456e+06
716209.4,720046.0
716209.4,723648.5
716209.4,718515.4
716209.4,736079.94
716209.4,674272.25
716209.4,692591.2
716209.4,688597.9
716209.4,733301.0
727313.94,920388.3
727313.94,952010.3
550014.25,900220.25
550014.25,917361.94
586939.8,840828.6
586939.8,847425.2
919909.7,949482.94
919909.7,1.01223456e+06
563231.5,897390.75
563231.5,914356.3
553554.5,951022.0
553554.5,889798.5
893047.56,1.0669756e+06
893047.56,1.04031256e+06
361359.88,507861.97
361359.88,520630.62
348448.0,226523.39
348448.0,227924.83
597786.94,904076.75
597786.94,914509.4
772331.1,973391.94
772331.1,1.0135252e+06
579890.7,681450.94
579890.7,689901.06
579890.7,660304.06
579890.7,714080.0
185834.89,199798.08
185834.89,186791.2
380863.34,367833.53
380863.34,343191.4
504600.88,540929.2
735037.75,869486.94
735037.75,869256.5
735037.75,856808.56
735037.75,874191.8
735037.75,843840.94
735037.75,830473.5
735037.75,837222.25
735037.75,863861.6
654883.0,942117.1
654883.0,1.0038514e+06
504587.53,500006.22
504587.53,513887.34
504587.53,497031.6
313143.94,305929.7
313143.94,314916.56
313143.94,307752.3
531406.4,691990.75
531406.4,683140.6
531406.4,696547.4
531406.4,689901.3
531406.4,676202.06
1.1981111e+06,1.1132751e+06
1.1981111e+06,1.1230928e+06
1.1981111e+06,1.1154582e+06
1.1981111e+06,1.1153762e+06
1.1981111e+06,1.1097666e+06
1.1981111e+06,1.1141088e+06
1.1981111e+06,1.1425605e+06
2.4260282e+06,1.6559176e+06
2.4260282e+06,1.6523298e+06
586879.7,815283.0
586879.7,811920.7
586879.7,817356.06
586879.7,793499.6
586879.7,805651.8
579035.2,848539.44
579035.2,846035.56
380706.88,384147.22
380706.88,394291.34
380706.88,389576.5
380706.88,383822.2
380706.88,379142.34
380706.88,394672.84
380706.88,412072.06
991234.5,1.0268267e+06
991234.5,1.0352145e+06
991234.5,1.02641475e+06
991234.5,1.03584694e+06
991234.5,1.0261268e+06
991234.5,1.02743956e+06
991234.5,1.054892e+06
730266.6,1.0343504e+06
730266.6,1.028767e+06
730266.6,1.0461953e+06
730266.6,1.0251244e+06
730266.6,1.02326375e+06
730266.6,1.04181794e+06
730266.6,1.0054056e+06
730266.6,1.00844844e+06
730266.6,1.0167929e+06
730266.6,1.01969344e+06
730266.6,1.03471475e+06
645424.3,815900.1
645424.3,808847.8
645424.3,823184.25
645424.3,809424.2
645424.3,806928.06
645424.3,792940.56
600681.56,957341.44
600681.56,957341.44
600681.56,952915.6
600681.56,953539.9
600681.56,954242.1
600681.56,951723.2
600681.56,950703.94
600681.56,957222.4
351917.62,235851.95
351917.62,235662.08
351917.62,225572.77
422393.75,401095.06
422393.75,396408.97
646723.06,689319.2
646723.06,683486.94
304016.25,221803.95
616799.6,954954.06
616799.6,959382.7
616799.6,962619.5
616799.6,953984.8
616799.6,959913.7
616799.6,958669.8
616799.6,961240.06
616799.6,946204.9
616799.6,932444.25
616799.6,945987.6
825830.6,1.04525856e+06
760770.1,658006.3
760770.1,713538.44
694154.9,1.0388103e+06
694154.9,1.03792175e+06
694154.9,1.0338761e+06
694154.9,1.0363324e+06
694154.9,1.0587242e+06
694154.9,1.0358389e+06
694154.9,1.0129551e+06
694154.9,1.0124402e+06
694154.9,1.01774144e+06
694154.9,1.0088259e+06
694154.9,1.0428672e+06
475239.34,541973.7
777153.6,940210.06
777153.6,935260.6
777153.6,931945.06
777153.6,939056.75
777153.6,909742.3
777153.6,898312.5
777153.6,898203.25
777153.6,954070.06
626805.6,694305.3
626805.6,687877.0
471176.94,615837.8
471176.94,613878.4
471176.94,622189.75
494646.2,689830.0
494646.2,700300.06
494646.2,702109.6
494646.2,686916.56
494646.2,662320.75
494646.2,662069.94
494646.2,664029.9
494646.2,670614.06
326102.34,309039.9
598152.56,919129.2
598152.56,955171.2
470466.56,473461.25
470466.56,480087.84
470466.56,476708.28
463351.88,511129.84
463351.88,505968.97
149906.1,165127.27
149906.1,147098.3
374093.03,522374.62
374093.03,536484.94
284150.3,271742.88
284150.3,275533.9
284150.3,259140.86
825387.75,1.01361675e+06
825387.75,1.0638155e+06
183970.42,216630.52
183970.42,215299.23
183970.42,218617.73
183970.42,204286.86
492334.62,578371.0
492334.62,586062.25
286062.56,371124.84
286062.56,370917.62
286062.56,371744.5
309746.25,272743.22
309746.25,264565.66
411763.72,376563.78
411763.72,394723.28
897396.5,1.1038814e+06
897396.5,1.098984e+06
897396.5,1.1156914e+06
897396.5,1.1158859e+06
897396.5,1.1137339e+06
897396.5,1.1035142e+06
897396.5,1.1035825e+06
897396.5,1.0843636e+06
897396.5,1.0736659e+06
897396.5,1.081068e+06
897396.5,1.083387e+06
897396.5,1.113122e+06
550048.8,683847.56
550048.8,672250.44
375402.9,478505.0
375402.9,478284.94
375402.9,478846.66
375402.9,471210.84
554806.2,899523.3
554806.2,885613.7
554806.2,869092.25
422436.16,420310.97
422436.16,416964.2
422436.16,419424.66
457442.78,665168.3
457442.78,660943.0
457442.78,670136.0
241357.72,140101.7
241357.72,129292.016
2.336003e+06,1.6301382e+06
2.336003e+06,1.6341189e+06
2.336003e+06,1.6305622e+06
452968.5,617317.8
361528.84,250178.61
907465.44,1.0607919e+06
907465.44,1.0728266e+06
907465.44,1.0801676e+06
907465.44,1.0567142e+06
907465.44,1.068193e+06
907465.44,1.0327142e+06
907465.44,1.0300505e+06
907465.44,1.03595206e+06
907465.44,1.070867e+06
588216.3,941530.25
588216.3,1.0080172e+06
237193.89,274884.78
237193.89,284016.56
631477.75,767399.56
631477.75,755619.56
377375.66,256182.7
412178.44,567855.0
412178.44,574666.6
412178.44,554817.6
514859.0,681563.6
514859.0,676507.2
514859.0,682648.94
234980.73,156360.58
234980.73,167872.95
358074.34,213327.55
358074.34,216092.52
600901.56,884628.75
600901.56,861871.7
600901.56,876608.7
600901.56,875702.75
600901.56,861983.3
385967.25,535649.5
385967.25,548966.0
385967.25,531022.6
395280.47,327069.47
395280.47,322469.25
517920.97,970669.1
517920.97,972089.2
530942.8,609948.94
530942.8,611273.94
487864.97,489105.53
487864.97,488814.9
487864.97,495107.25
594689.06,957643.4
594689.06,968982.7
791560.0,1.0022695e+06
791560.0,1.00276875e+06
791560.0,1.0028582e+06
791560.0,1.00336206e+06
791560.0,1.0153776e+06
791560.0,1.00106394e+06
791560.0,988559.06
570753.8,620938.2
570753.8,634885.3
570753.8,608471.3
437309.28,649335.7
309935.7,333145.78
309935.7,322497.28
591508.7,961410.94
591508.7,966362.3
1.0079232e+06,999445.0
1.0079232e+06,990683.06
521204.2,644956.44
521204.2,639470.25
521204.2,645744.7
439039.03,584239.3
439039.03,578337.5
439039.03,578780.44
439039.03,560783.25
439039.03,585576.9
781304.1,898471.2
781304.1,871389.56
781304.1,882383.06
781304.1,906758.8
781304.1,885144.8
346565.7,367465.97
346565.7,339535.38
438175.88,466101.44
438175.88,460548.9
598769.9,746139.8
598769.9,721130.94
598769.9,735600.94
598769.9,720819.2
400397.5,482276.12
400397.5,492466.66
400397.5,493326.88
559918.2,962952.44
559918.2,965819.6
559918.2,970987.7
559918.2,962844.4
559918.2,964919.8
559918.2,961705.06
559918.2,936020.6
559918.2,936966.25
559918.2,935974.75
559918.2,947533.6
338849.4,450543.06
338849.4,444848.8
338849.4,449175.5
338849.4,435076.97
2.525606e+06,1.6833152e+06
2.525606e+06,1.6948202e+06
428777.56,459560.62
428777.56,472157.16
275698.06,248047.05
275698.06,253860.42
275698.06,254869.77
383244.62,393227.38
383244.62,407967.88
383244.62,404407.03
239657.9,137624.2
239657.9,135084.7
239657.9,124360.64
200362.1,218322.39
200362.1,205577.36
595950.44,531773.06
595950.44,559571.7
595950.44,539963.56
459578.03,633707.3
459578.03,632732.94
459578.03,634208.5
459578.03,607651.56
553886.75,914841.9
553886.75,924326.56
810433.7,925018.2
810433.7,915650.5
632295.9,755398.94
632295.9,751288.7
632295.9,724490.56
294677.7,420795.2
294677.7,421202.8
294677.7,418850.56
454804.7,459906.97
454804.7,475629.78
454804.7,476700.6
454804.7,444314.06
454804.7,435454.38
454804.7,446559.88
454804.7,430186.97
276446.47,302068.62
276446.47,284240.34
776547.9,835584.1
453962.56,634821.44
453962.56,652742.3
453962.56,638497.3
453962.56,608857.8
453962.56,596366.56
453962.56,630209.06
763231.4,1.02586744e+06
763231.4,1.03741025e+06
763231.4,1.0281153e+06
763231.4,1.02089356e+06
763231.4,1.02478394e+06
763231.4,1.0764291e+06
235481.02,136493.52
235481.02,127523.08
210745.53,238902.52
210745.53,238734.48
210745.53,241450.08
210745.53,234368.83
1.2203898e+06,1.2426499e+06
598012.3,677137.6
598012.3,697418.25
552479.75,924195.1
552479.75,938329.7
288643.88,165278.92
540036.4,918319.9
540036.4,904787.56
540036.4,913894.7
540036.4,909017.94
540036.4,902235.8
1.1198599e+06,1.039169e+06
1.1198599e+06,1.0331282e+06
1.1198599e+06,1.0344494e+06
1.1198599e+06,1.0391711e+06
1.1198599e+06,1.0155156e+06
1.1198599e+06,1.0203133e+06
1.1198599e+06,1.0069707e+06
1.1198599e+06,1.01448006e+06
1.1198599e+06,995377.9
1.1198599e+06,994067.5
1.1198599e+06,1.0113047e+06
1.1198599e+06,1.0498345e+06
186751.48,209247.58
186751.48,220903.89
548245.56,688254.75
548245.56,685928.56
548245.56,687338.06
548245.56,664891.25
548245.56,656499.6
222257.23,144932.67
258337.3,221724.89
258337.3,227918.67
343366.8,222559.7
343366.8,217887.42
671515.3,740320.25
671515.3,791323.75
217516.14,123236.2
217516.14,138888.83
581658.5,959759.56
581658.5,958409.2
581658.5,957242.3
581658.5,960091.44
581658.5,956440.94
581658.5,958484.44
581658.5,929479.5
581658.5,930729.9
581658.5,942606.75
581658.5,931763.9
584218.0,846503.8
584218.0,849624.44
487264.5,688533.2
487264.5,676360.5
487264.5,681701.94
487264.5,679961.0
487264.5,652146.7
487264.5,653830.0
487264.5,656047.2
703126.5,886748.6
703126.5,883618.9
703126.5,877740.7
703126.5,870914.8
525089.94,507956.16
525089.94,493839.75
525089.94,501410.03
525089.94,493054.84
525089.94,489533.0
525089.94,497664.3
596703.6,826033.6
596703.6,815303.4
596703.6,827629.4
596703.6,798917.56
596703.6,836644.44
576032.8,975236.5
576032.8,979140.3
576032.8,982789.4
576032.8,977454.0
576032.8,979864.94
576032.8,978980.5
576032.8,949658.94
576032.8,948661.2
576032.8,948259.9
576032.8,953436.75
2.787954e+06,1.7102642e+06
2.787954e+06,1.7080369e+06
508065.88,581741.94
508065.88,586878.94
508065.88,600689.5
508065.88,604570.44
586222.8,970531.4
586222.8,977418.0
586222.8,969347.8
586222.8,971151.44
586222.8,971163.25
586222.8,972488.6
586222.8,976463.9
586222.8,955300.94
586222.8,953946.4
586222.8,944607.9
804413.75,917880.56
804413.75,940034.0
804413.75,933745.1
804413.75,939026.8
804413.75,895180.75
804413.75,901117.2
661634.56,710629.2
661634.56,694548.94
661634.56,690588.9
635585.5,796349.06
635585.5,793214.8
735105.44,1.0123108e+06
735105.44,1.0198445e+06
735105.44,991349.75
377071.5,355771.94
377071.5,371218.8
377071.5,349812.78
685982.2,1.0161561e+06
685982.2,1.02151275e+06
598981.0,822126.4
598981.0,829098.1
598981.0,827573.3
598981.0,847475.9
518237.7,949318.6
518237.7,961511.3
295016.06,301229.4
295016.06,287125.53
442696.16,612752.1
442696.16,614089.5
236679.98,134714.33
236679.98,125563.08
234193.52,164683.45
234193.52,165653.58
234193.52,147123.61
712691.9,1.0561289e+06
360386.12,531752.94
360386.12,516722.75
360386.12,528073.9
615369.4,790899.25
615369.4,774789.5
383729.06,452590.66
383729.06,464505.06
542006.94,526596.06
542006.94,532357.7
542006.94,539675.4
542006.94,515238.4
542006.94,517790.38
542006.94,522253.44
279978.16,180362.92
279978.16,180501.39
279978.16,165991.33
279978.16,167971.95
1.1561698e+06,1.0735431e+06
1.1561698e+06,1.1069175e+06
306853.25,180220.05
306853.25,160789.23
632477.9,942327.2
632477.9,967519.1
619666.25,824042.3
619666.25,845091.25
398249.9,531472.25
398249.9,545212.6
398249.9,529496.2
398249.9,529068.56
610055.9,807692.4
610055.9,820218.5
1.245669e+06,1.2117511e+06
1.245669e+06,1.2202952e+06
1.245669e+06,1.2225421e+06
1.245669e+06,1.2128609e+06
1.245669e+06,1.2108924e+06
1.245669e+06,1.222295e+06
1.245669e+06,1.210951e+06
1.245669e+06,1.2128164e+06
1.245669e+06,1.1913871e+06
1.245669e+06,1.1834338e+06
1.245669e+06,1.1850375e+06
1.245669e+06,1.185384e+06
1.245669e+06,1.1857331e+06
1.245669e+06,1.2382569e+06
317699.2,299491.03
317699.2,300043.38
600316.25,883556.8
547995.0,560006.1
547995.0,562673.75
804978.0,1.0099402e+06
804978.0,1.0321252e+06
187644.16,117554.266
187644.16,116705.14
525737.0,584106.3
525737.0,568772.2
441024.4,593332.44
590052.1,831227.1
590052.1,851901.3
590052.1,855536.06
590052.1,839232.56
590052.1,823044.8
443165.1,449879.5
443165.1,475721.8
1.1974264e+06,1.1926878e+06
1.1974264e+06,1.1723316e+06
560680.25,986561.1
560680.25,949543.8
560680.25,962064.56
560680.25,967424.3
560680.25,927130.9
560680.25,943304.25
560680.25,989783.75
417880.28,365503.8
417880.28,410967.06
417880.28,359517.7
445716.28,451887.03
445716.28,431961.88
445716.28,421551.97
445716.28,423558.25
445716.28,459317.47
445716.28,468906.12
2.3038805e+06,1.6256994e+06
2.3038805e+06,1.6287796e+06
479039.44,531586.9
479039.44,525682.5
621433.8,963618.8
621433.8,978253.06
621433.8,965245.5
621433.8,983248.5
621433.8,976237.1
621433.8,987514.6
620647.6,967062.6
620647.6,971534.2
620647.6,970975.25
620647.6,963694.7
620647.6,976056.56
620647.6,963731.6
620647.6,963558.7
620647.6,956367.5
620647.6,942872.8
620647.6,943449.4
620647.6,940914.2
620647.6,940444.06
620647.6,955868.0
620647.6,974179.06
1.232831e+06,1.1313532e+06
1.232831e+06,1.1458395e+06
646866.1,758985.25
646866.1,755214.1
646866.1,764225.7
374413.66,467527.72
374413.66,471124.4
374413.66,467139.34
374413.66,467733.38
571259.44,640338.94
571259.44,665507.5
508902.7,496511.6
508902.7,486029.12
1.0587574e+06,1.0169187e+06
1.0587574e+06,998975.0
458737.88,635945.75
458737.88,618974.4
458737.88,617786.2
458737.88,595079.9
458737.88,596992.94
458737.88,615883.0
767997.25,1.01013644e+06
767997.25,1.02805106e+06
611030.3,996438.6
611030.3,963557.56
580792.25,712194.6
580792.25,708108.3
580792.25,705878.2
580792.25,685568.9
580792.25,671801.75
681035.2,965464.6
681035.2,999800.2
571044.5,738009.7
571044.5,758103.56
571044.5,733369.06
503947.75,641725.75
503947.75,624910.8
481093.75,410646.22
481093.75,403568.44
1.0992655e+06,1.1561804e+06
1.0992655e+06,1.1690155e+06
1.0992655e+06,1.1503106e+06
337235.0,235373.33
337235.0,237715.98
337235.0,240140.33
856277.56,1.0873772e+06
856277.56,1.0870238e+06
856277.56,1.0865354e+06
856277.56,1.0880054e+06
856277.56,1.0923326e+06
856277.56,1.088556e+06
856277.56,1.0852984e+06
856277.56,1.0640918e+06
856277.56,1.0632854e+06
856277.56,1.0646864e+06
856277.56,1.0652318e+06
856277.56,1.1013441e+06
737998.56,948388.3
737998.56,998351.2
975225.4,1.1223044e+06
975225.4,1.127511e+06
975225.4,1.1241831e+06
975225.4,1.1175089e+06
975225.4,1.1275561e+06
975225.4,1.123147e+06
975225.4,1.1224611e+06
975225.4,1.1275501e+06
975225.4,1.124084e+06
696257.3,857975.44
696257.3,855371.56
696257.3,863111.9
696257.3,842499.06
696257.3,827922.1
696257.3,822870.7
696257.3,818849.2
696257.3,854762.3
322898.03,313775.0
322898.03,317197.34
322898.03,309060.78
327849.84,201341.52
327849.84,219293.02
567934.8,786233.9
567934.8,791989.06
567934.8,792223.44
567934.8,770033.44
567934.8,795992.44
472148.38,565140.8
472148.38,564420.3
472148.38,573392.44
828094.8,1.0550371e+06
828094.8,1.0408993e+06
605672.5,655098.8
605672.5,648413.6
605672.5,652227.2
605672.5,635368.4
605672.5,635842.7
605672.5,646347.0
908935.44,1.0956982e+06
908935.44,1.0843125e+06
908935.44,1.08905e+06
908935.44,1.0880211e+06
908935.44,1.088611e+06
908935.44,1.092088e+06
908935.44,1.0880625e+06
908935.44,1.0962014e+06
908935.44,1.0880069e+06
705241.5,760398.1
705241.5,828204.8
2.6445712e+06,1.6769056e+06
2.6445712e+06,1.6802755e+06
521212.84,651636.25
521212.84,663437.4
432723.72,609685.4
432723.72,609222.06
432723.72,608127.6
432723.72,610828.44
432723.72,594142.56
432723.72,597983.8
432723.72,594153.94
2.2591098e+06,1.6395371e+06
2.2591098e+06,1.6405702e+06
592595.9,859042.2
592595.9,863078.0
592595.9,840094.25
252743.39,131275.27
252743.39,132684.89
768861.1,980119.9
756690.4,1.0513474e+06
641957.94,872583.4
641957.94,879363.06
641957.94,875555.4
641957.94,871990.8
641957.94,860797.25
398158.84,472751.97
398158.84,473321.62
398158.84,482751.8
706320.9,640253.8
706320.9,659688.1
706320.9,654600.25
706320.9,646980.2
706320.9,658171.4
627911.44,971768.3
627911.44,1.00299456e+06
1.1115548e+06,1.177326e+06
1.1115548e+06,1.175964e+06
1.1115548e+06,1.1683859e+06
1.1115548e+06,1.168764e+06
1.1115548e+06,1.1759928e+06
1.1115548e+06,1.1684124e+06
1.1115548e+06,1.1676145e+06
886047.7,985314.1
886047.7,1.01792144e+06
634016.25,869782.75
634016.25,854199.0
400712.88,525701.25
400712.88,517878.34
400712.88,525174.4
400712.88,527588.56
241511.1,134959.39
241511.1,136637.83
612750.0,690179.7
612750.0,746140.75
543049.1,769508.0
543049.1,779817.2
543049.1,749116.25
569973.8,596107.5
569973.8,654060.2
757598.44,1.03977075e+06
757598.44,1.04040194e+06
757598.44,1.0295128e+06
757598.44,1.0209915e+06
757598.44,1.0218714e+06
757598.44,1.02434856e+06
757598.44,995561.8
757598.44,1.01103875e+06
757598.44,999200.25
757598.44,1.0571856e+06
479382.12,460899.3
479382.12,463983.88
479382.12,452442.34
479382.12,456940.5
479382.12,479231.03
707143.7,878483.25
707143.7,848477.2
707143.7,853973.75
707143.7,859102.06
707143.7,820238.3
707143.7,823437.3
707143.7,874637.7
1.2371241e+06,1.1657976e+06
1.2371241e+06,1.2014209e+06
950129.25,1.0688909e+06
950129.25,1.0611576e+06
950129.25,1.0645221e+06
950129.25,1.0599598e+06
950129.25,1.0560391e+06
950129.25,1.0608845e+06
950129.25,1.0207252e+06
950129.25,1.02099144e+06
950129.25,1.02588456e+06
950129.25,1.0213301e+06
950129.25,1.02482225e+06
950129.25,1.0314487e+06
1.0213911e+06,939696.9
1.0213911e+06,969658.7
1.0213911e+06,923448.44
802570.1,1.063514e+06
802570.1,1.0719272e+06
802570.1,1.0601842e+06
802570.1,1.0602268e+06
802570.1,1.0827275e+06
802570.1,1.0671282e+06
802570.1,1.0707951e+06
802570.1,1.0387897e+06
802570.1,1.03579006e+06
802570.1,1.0340524e+06
802570.1,1.0842862e+06
921417.56,1.0224987e+06
921417.56,1.0581209e+06
572042.9,702303.06
572042.9,688517.94
1.1503778e+06,1.01989825e+06
1.1503778e+06,1.0397443e+06
2.4080195e+06,1.6675568e+06
2.4080195e+06,1.6676761e+06
182513.1,215432.27
182513.1,203662.45
749751.1,874725.94
749751.1,901170.56
749751.1,889635.75
749751.1,872400.75
749751.1,842706.7
749751.1,841082.06
583741.56,766701.75
583741.56,806490.0
435655.53,517032.94
435655.53,507259.1
435655.53,511499.62
578901.8,684901.1
578901.8,684901.1
578901.8,686226.2
578901.8,685815.8
578901.8,702256.44
857510.94,988367.4
857510.94,1.0052628e+06
857510.94,960465.44
387512.56,534708.44
387512.56,540116.25
387512.56,516054.88
271605.25,160141.83
271605.25,138333.52
956942.8,888837.3
956942.8,906236.0
956942.8,897028.2
956942.8,924554.44
956942.8,881421.75
956942.8,871706.1
956942.8,873947.94
956942.8,866566.4
956942.8,941108.3
610281.1,852370.1
610281.1,847888.56
610281.1,810175.06
494660.44,482391.34
682236.2,939577.7
682236.2,965191.44
560489.2,924294.56
560489.2,947065.5
494876.0,504080.44
481328.6,541236.3
481328.6,551279.7
483826.9,463947.25
483826.9,463030.56
483826.9,462576.53
483826.9,468833.66
381561.8,251548.55
381561.8,257481.55
381561.8,241181.14
588244.06,803731.3
588244.06,797149.9
603738.8,926430.5
603738.8,935294.6
603738.8,933972.7
648662.8,761537.44
648662.8,763206.1
648662.8,765529.44
648662.8,760727.6
648662.8,727240.9
648662.8,728587.7
648662.8,732970.2
648662.8,765151.1
440147.25,586202.56
440147.25,589045.56
440147.25,564637.9
598612.0,698380.8
598612.0,766911.5
371943.3,367336.6
371943.3,367735.97
371943.3,356827.2
534118.3,616540.4
534118.3,652012.1
688680.0,972861.0
688680.0,999006.75
688680.0,976762.94
442144.4,603009.94
442144.4,612731.44
442144.4,614126.6
442144.4,602783.25
577683.94,805805.6
577683.94,767406.9
634898.6,732941.94
634898.6,780224.94
584991.75,848881.2
584991.75,854638.0
584991.75,842598.9
584991.75,836691.75
584991.75,829821.6
584991.75,830478.9
375317.34,261937.02
375317.34,263133.97
375317.34,258799.39
623159.44,954996.94
623159.44,956648.94
623159.44,958794.2
623159.44,959140.8
623159.44,957490.25
623159.44,956929.2
623159.44,932293.56
623159.44,928906.6
623159.44,941949.75
258235.45,343180.5
258235.45,337384.47
258235.45,325702.16
564250.44,800647.56
564250.44,774709.9
762983.6,1.0661492e+06
589382.25,974972.7
589382.25,931132.4
589382.25,946477.75
589382.25,939248.6
589382.25,935205.3
726072.6,1.04339675e+06
726072.6,1.02461844e+06
726072.6,1.0233431e+06
726072.6,1.01523206e+06
726072.6,1.0139351e+06
726072.6,1.0179389e+06
726072.6,1.0349157e+06
287554.0,145590.42
287554.0,163516.73
519494.1,965900.7
519494.1,965908.8
664735.94,875111.5
664735.94,849314.0
614292.7,1.02139794e+06
614292.7,982620.1
417050.38,482952.25
417050.38,488028.25
417050.38,492218.78
417050.38,486278.16
190038.81,101380.39
190038.81,114911.89
460035.0,556517.9
460035.0,556139.8
460035.0,558194.7
460035.0,550665.0
549590.1,646083.1
363981.53,387196.0
363981.53,395373.25
363981.53,395665.88
735239.3,950128.44
735239.3,979854.44
796066.25,848096.6
796066.25,773169.06
199429.9,127079.766
199429.9,116354.83
552172.56,946118.0
552172.56,982799.0
552172.56,951891.5
801678.06,1.0713075e+06
801678.06,1.075104e+06
801678.06,1.0706032e+06
801678.06,1.067708e+06
801678.06,1.0775492e+06
801678.06,1.07793e+06
801678.06,1.0896155e+06
801678.06,1.0464065e+06
801678.06,1.0464968e+06
801678.06,1.0484455e+06
801678.06,1.04681675e+06
801678.06,1.047659e+06
386409.7,429889.62
578403.6,950152.5
578403.6,937198.2
222545.52,142278.08
665084.0,842450.3
665084.0,854763.8
665084.0,844082.4
665084.0,850791.5
481100.25,488126.75
578456.5,918231.56
578456.5,887593.44
780569.9,1.0010857e+06
780569.9,994804.2
780569.9,1.0066827e+06
780569.9,1.0000117e+06
780569.9,972394.44
780569.9,971465.56
780569.9,1.0020245e+06
472103.94,616108.1
472103.94,617758.6
492738.97,518569.84
492738.97,518073.6
492738.97,515938.1
606064.06,931349.5
606064.06,971656.56
592027.8,669499.7
592027.8,726947.75
394029.03,531924.0
394029.03,550977.9
748604.94,1.0012716e+06
748604.94,1.00469244e+06
748604.94,1.024051e+06
748604.94,1.00750306e+06
748604.94,992142.0
748604.94,976262.56
748604.94,990633.9
442090.16,264853.28
442090.16,268615.3
753452.6,1.0285674e+06
753452.6,1.0574922e+06
553461.94,921215.9
553461.94,920886.1
607110.4,983333.9
607110.4,987170.75
438448.2,466896.75
438448.2,469380.3
438448.2,477017.34
352413.88,223406.73
352413.88,227086.17
413765.88,256635.64
413765.88,242190.2
1.1155302e+06,1.1121179e+06
1.1155302e+06,1.08208e+06
300529.4,198435.48
300529.4,200346.95
300529.4,198210.3
575027.25,690284.9
575027.25,719739.06
575027.25,712983.4
575027.25,660595.0
575027.25,720710.6
706530.1,945121.44
706530.1,1.02654906e+06
270413.56,319818.06
270413.56,318918.8
270413.56,318158.47
576199.9,819707.7
576199.9,845764.8
886411.8,987155.44
886411.8,965064.3
886411.8,964192.25
886411.8,966076.44
886411.8,974437.94
886411.8,1.00767794e+06
700906.0,1.03205344e+06
700906.0,1.03275875e+06
700906.0,1.0343495e+06
700906.0,1.01277856e+06
700906.0,1.02191894e+06
700906.0,1.0009237e+06
700906.0,1.0083271e+06
700906.0,993490.25
700906.0,1.02789106e+06
810544.6,884686.4
810544.6,957384.3
589212.75,987796.94
523602.38,700876.44
523602.38,689645.2
523602.38,698311.5
523602.38,685270.1
418275.03,505076.53
418275.03,500903.6
418275.03,488190.1
657295.0,597272.44
657295.0,599993.75
657295.0,585883.75
657295.0,586273.44
657295.0,575874.0
657295.0,570041.75
657295.0,585335.06
232651.55,250497.98
232651.55,247462.45
405822.97,491841.7
405822.97,490142.12
405822.97,499147.88
536878.8,660452.3
536878.8,672115.1
536878.8,673904.94
536878.8,670285.9
536878.8,658171.1
536878.8,673217.94
536878.8,650274.25
536878.8,650975.3
536878.8,662452.9
536878.8,628589.1
310466.97,294872.56
310466.97,296830.16
249918.53,229638.2
249918.53,234829.86
249918.53,212597.45
400990.34,425322.3
400990.34,439865.72
400990.34,429590.8
613538.7,725200.9
613538.7,725184.44
613538.7,738849.8
613538.7,760267.5
323508.62,287827.47
323508.62,271737.12
323508.62,272268.44
962941.7,928606.94
962941.7,937549.5
962941.7,920169.7
962941.7,913337.75
962941.7,893369.94
962941.7,889355.5
962941.7,956001.7
399488.78,252662.11
399488.78,254901.08
399488.78,259925.23
399488.78,243533.73
1.0636232e+06,1.1926792e+06
1.0636232e+06,1.1805498e+06
1.0636232e+06,1.1811639e+06
1.0636232e+06,1.181111e+06
1.0636232e+06,1.1926636e+06
1.0636232e+06,1.180453e+06
1.0636232e+06,1.180559e+06
1.0636232e+06,1.1811845e+06
1.0636232e+06,1.1789678e+06
353164.53,512380.47
353164.53,503383.12
746714.8,1.0110779e+06
746714.8,1.0132398e+06
746714.8,1.0039435e+06
746714.8,1.0075381e+06
746714.8,1.0128902e+06
746714.8,1.0667094e+06
570759.56,798584.7
570759.56,800283.94
570759.56,810658.56
570759.56,794119.44
570759.56,819323.3
382283.25,350583.03
382283.25,353999.78
510572.78,582840.56
510572.78,572893.2
510572.78,577436.25
510572.78,583993.0
471793.1,648693.5
471793.1,645682.1
471793.1,654715.4
471793.1,649448.5
823337.0,1.00211494e+06
823337.0,1.0435406e+06
644490.0,800085.25
644490.0,799534.8
644490.0,812316.4
644490.0,814396.7
644490.0,787977.44
199555.28,235180.17
199555.28,239563.05
199555.28,237394.86
502203.47,661115.5
649278.94,804280.7
649278.94,800630.56
649278.94,799405.7
649278.94,786614.1
649278.94,777546.75
561903.8,701533.25
561903.8,699531.2
561903.8,699741.3
561903.8,676783.3
561903.8,674366.8
599926.06,727794.5
599926.06,721414.44
544941.3,774617.1
544941.3,771075.56
544941.3,768930.4
544941.3,781566.2
634395.1,914483.25
634395.1,908196.94
634395.1,915164.44
634395.1,878011.94
634395.1,890391.6
634395.1,889721.1
604405.56,790739.75
604405.56,772698.44
604405.56,786585.75
604405.56,794320.0
538615.44,617129.9
538615.44,604765.06
764644.7,922743.5
764644.7,928854.56
471237.66,568572.6
471237.66,569339.06
471237.66,586222.3
471237.66,570049.9
343522.78,342405.1
343522.78,313135.38
670570.44,892832.1
670570.44,891133.06
670570.44,878329.0
670570.44,908095.6
537655.2,555676.3
537655.2,558356.56
537655.2,556802.3
537655.2,510045.06
537655.2,510425.4
537655.2,556968.25
901407.5,895859.25
901407.5,868367.25
587447.94,814773.2
587447.94,819857.25
587447.94,800625.4
707497.0,1.02337444e+06
707497.0,1.0328435e+06
707497.0,1.0412302e+06
707497.0,1.01706806e+06
707497.0,1.01793375e+06
707497.0,1.03246806e+06
707497.0,1.0430452e+06
684930.8,677984.0
684930.8,692759.8
198364.77,259549.89
198364.77,248270.55
198364.77,260199.2
614237.94,855410.4
614237.94,856612.4
787652.4,780932.4
787652.4,785877.7
787652.4,766904.06
787652.4,770391.94
787652.4,735682.9
787652.4,721565.06
787652.4,730258.44
620292.5,998189.4
620292.5,1.0246107e+06
620292.5,1.0218976e+06
620292.5,1.00358544e+06
620292.5,1.0224538e+06
620292.5,1.0475876e+06
629102.56,808560.94
629102.56,844932.3
649405.4,733328.5
649405.4,730431.44
1.4796748e+06,1.2587141e+06
668580.56,792938.44
279492.53,380717.3
279492.53,377657.25
580208.9,750534.56
580208.9,731120.5
580208.9,738890.1
580208.9,733383.3
927092.9,918363.4
927092.9,896964.7
927092.9,925999.44
927092.9,911307.3
927092.9,900686.4
927092.9,910019.4
660623.7,906501.9
660623.7,901421.56
660623.7,900016.44
660623.7,900017.9
660623.7,901691.7
660623.7,860285.0
660623.7,861544.2
660623.7,866461.1
595818.6,840222.3
595818.6,834155.94
595818.6,842091.7
595818.6,819117.9
595818.6,822958.56
595818.6,820225.7
550167.75,679436.94
550167.75,704244.4
759992.4,856652.1
759992.4,833277.9
1.2397212e+06,1.1824689e+06
1.2397212e+06,1.178997e+06
1.2397212e+06,1.1799236e+06
1.2397212e+06,1.1825562e+06
1.2397212e+06,1.1773781e+06
1.2397212e+06,1.1836412e+06
1.2397212e+06,1.1764442e+06
1.2397212e+06,1.1936265e+06
562895.4,646949.7
937988.56,1.02629756e+06
937988.56,994547.44
490730.0,502837.1
490730.0,501914.28
618799.25,967725.44
618799.25,967686.5
618799.25,967286.56
618799.25,972200.75
618799.25,968581.25
618799.25,966718.4
618799.25,969408.06
618799.25,973156.56
618799.25,963270.2
618799.25,945154.75
618799.25,953578.94
618799.25,963457.3
618799.25,949640.9
618799.25,965151.5
618799.25,966712.94
815844.94,1.0565538e+06
399960.22,495987.4
399960.22,502042.3
399960.22,499718.53
632459.56,741897.3
461581.94,558579.75
461581.94,551678.8
461581.94,523649.97
691027.94,916425.6
691027.94,935540.8
445563.06,486011.25
445563.06,484122.62
445563.06,465715.2
584955.6,546905.56
527659.5,617410.56
527659.5,608551.5
842859.75,1.0537795e+06
529752.44,673141.94
529752.44,658223.3
529752.44,689054.56
432390.8,396352.28
432390.8,395225.72
432390.8,402553.44
432390.8,401844.97
432390.8,401823.16
432390.8,390063.8
423188.75,409441.97
423188.75,398697.4
530235.06,782548.06
530235.06,782988.25
530235.06,781040.9
530235.06,764504.25
530235.06,801720.6
202494.22,221964.67
202494.22,229568.3
821559.44,976273.06
821559.44,921629.0
299295.47,173807.86
299295.47,172497.11
299295.47,169896.48
299295.47,171494.52
596052.56,780488.7
596052.56,793231.5
430752.0,479949.4
430752.0,459054.9
404215.2,395790.03
404215.2,397089.28
404215.2,384617.1
594946.25,861793.6
594946.25,875272.0
594946.25,872690.44
594946.25,870701.06
594946.25,875927.8
594946.25,840725.44
690815.9,1.01085525e+06
690815.9,1.0343094e+06
690815.9,1.011367e+06
690815.9,1.015159e+06
690815.9,1.01747256e+06
690815.9,1.0128018e+06
659493.0,1.0241344e+06
659493.0,1.0347236e+06
659493.0,1.0264224e+06
659493.0,1.02446075e+06
659493.0,1.02388894e+06
659493.0,1.0221111e+06
659493.0,1.01813744e+06
659493.0,994677.56
659493.0,995009.25
659493.0,1.0551711e+06
977490.4,1.0468748e+06
977490.4,1.0512564e+06
977490.4,1.0672859e+06
977490.4,1.0509594e+06
977490.4,1.0587785e+06
977490.4,1.04038144e+06
977490.4,1.03689956e+06
977490.4,1.0253758e+06
977490.4,1.01956906e+06
977490.4,1.0596364e+06
2.5709925e+06,1.6667391e+06
2.5709925e+06,1.6625145e+06
444987.56,613761.7
487063.88,592791.6
487063.88,622012.44
484932.56,545506.44
484932.56,543176.1
484932.56,560795.8
484932.56,547855.4
873799.06,996823.7
549460.6,977673.6
549460.6,975830.06
549460.6,974047.8
549460.6,979733.2
549460.6,974590.9
549460.6,973059.4
549460.6,974393.8
549460.6,954356.06
509248.56,581882.8
509248.56,595882.4
261153.38,147404.14
261153.38,146535.14
261153.38,146411.67
261153.38,138919.45
772302.5,815452.4
772302.5,910174.8
294175.5,185707.77
294175.5,174278.77
294175.5,172449.3
470453.6,637769.2
470453.6,628132.5
296810.28,160129.17
296810.28,173151.95
296810.28,164729.98
368509.78,548035.7
368509.78,518342.88
692847.3,1.00355375e+06
692847.3,989922.94
657804.56,987635.4
910570.2,1.0864759e+06
1.3258635e+06,1.1315451e+06
1.3258635e+06,1.1552776e+06
280131.94,221906.3
280131.94,229487.92
667697.94,908318.1
667697.94,910473.0
1.1089661e+06,1.0736902e+06
1.1089661e+06,1.0661261e+06
758000.6,1.034393e+06
758000.6,1.0148797e+06
869448.7,921315.9
537504.25,874174.6
537504.25,842488.75
750193.7,780563.7
750193.7,818504.44
351504.84,445446.8
351504.84,442337.97
351504.84,435681.9
557432.6,538647.1
557432.6,542600.3
429385.56,394463.5
429385.56,388172.9
429385.56,401845.88
429385.56,402268.25
429385.56,379124.7
429385.56,377828.47
485277.94,635407.5
485277.94,639086.8
485277.94,625795.25
485277.94,606651.75
485277.94,605367.8
598119.56,921365.56
598119.56,938899.06
858421.94,1.0086005e+06
858421.94,1.0377917e+06
934575.3,1.1068646e+06
934575.3,1.1067611e+06
934575.3,1.0984425e+06
934575.3,1.106802e+06
934575.3,1.0995572e+06
934575.3,1.1099551e+06
934575.3,1.1018148e+06
934575.3,1.1032049e+06
934575.3,1.0771865e+06
934575.3,1.0838255e+06
934575.3,1.077854e+06
934575.3,1.0805535e+06
1.02430244e+06,1.02816006e+06
1.02430244e+06,1.0380022e+06
1.02430244e+06,1.0375455e+06
1.02430244e+06,1.0363152e+06
1.02430244e+06,1.0270097e+06
1.02430244e+06,1.00379456e+06
1.02430244e+06,1.0088035e+06
1.02430244e+06,1.03460994e+06
400060.5,392427.75
400060.5,360232.0
279510.34,143817.33
279510.34,138803.39
629486.8,871634.94
629486.8,849972.7
629486.8,860128.9
629486.8,849749.2
629486.8,852569.9
629486.8,882752.56
576737.0,937522.0
576737.0,903574.25
2.437338e+06,1.6521048e+06
2.437338e+06,1.6488714e+06
2.437338e+06,1.644563e+06
224030.66,147778.45
224030.66,136492.33
224030.66,145145.55
211696.27,120074.266
211696.27,118039.766
717204.75,997404.44
717204.75,1.01647475e+06
650729.7,988642.44
650729.7,964568.9
555812.6,961548.8
555812.6,957463.94
555812.6,959391.8
555812.6,957826.4
555812.6,958248.4
555812.6,959050.4
555812.6,957755.06
583684.8,1.0105964e+06
583684.8,1.01143375e+06
583684.8,1.006693e+06
583684.8,1.00809125e+06
583684.8,1.0118879e+06
583684.8,1.0075104e+06
583684.8,1.01476444e+06
583684.8,1.01163706e+06
861016.56,1.01729756e+06
861016.56,1.03730344e+06
384127.28,222198.11
384127.28,226962.92
1.02392294e+06,1.0978951e+06
1.02392294e+06,1.1320989e+06
452811.78,639798.8
452811.78,630605.7
452811.78,639769.56
452811.78,633655.5
452811.78,599999.0
519961.22,729596.6
519961.22,751014.75
385495.16,533536.56
385495.16,545924.6
385495.16,520743.78
385495.16,530552.9
668085.4,958292.6
668085.4,1.01011025e+06
414854.56,279407.7
984820.1,1.1038102e+06
984820.1,1.1094055e+06
984820.1,1.1091766e+06
984820.1,1.1094729e+06
984820.1,1.1091355e+06
984820.1,1.1039429e+06
984820.1,1.1064958e+06
984820.1,1.1173406e+06
314888.8,276757.66
314888.8,270867.97
179600.86,196433.3
179600.86,186368.27
633007.56,745523.44
788553.94,1.03923394e+06
788553.94,1.0511069e+06
788553.94,1.0546942e+06
788553.94,1.0416223e+06
788553.94,1.0115135e+06
788553.94,1.0304071e+06
788553.94,1.01985875e+06
537139.4,1.0083605e+06
537139.4,1.00544106e+06
537139.4,1.0045829e+06
537139.4,1.0052242e+06
537139.4,1.0073116e+06
537139.4,1.0058832e+06
537139.4,987515.56
537139.4,974850.6
537139.4,978553.94
537139.4,973770.44
537139.4,979457.7
305680.6,324880.94
305680.6,323318.72
305680.6,323313.5
305680.6,343978.53
588491.3,990290.1
588491.3,992736.06
588491.3,981504.5
588491.3,991206.2
588491.3,976663.0
588491.3,960976.1
588491.3,951292.7
588491.3,952942.5
588491.3,1.00436775e+06
965061.6,1.107511e+06
965061.6,1.1150566e+06
965061.6,1.1150344e+06
965061.6,1.1151506e+06
965061.6,1.1187192e+06
965061.6,1.1188462e+06
965061.6,1.1111341e+06
965061.6,1.1112358e+06
965061.6,1.0871706e+06
965061.6,1.0899415e+06
965061.6,1.0853576e+06
965061.6,1.0878515e+06
965061.6,1.0881961e+06
965061.6,1.125354e+06
198663.06,121688.016
198663.06,113985.766
852099.56,1.00592125e+06
852099.56,1.0209372e+06
852099.56,1.00653925e+06
852099.56,1.006893e+06
852099.56,968495.4
852099.56,986178.06
852099.56,967797.44
279262.22,276958.34
279262.22,294456.28
294327.0,256378.58
294327.0,246125.7
509557.16,639254.75
509557.16,669561.5
532962.94,546883.3
532962.94,539818.6
532962.94,539734.44
532962.94,541345.5
536660.94,637979.8
536660.94,623485.06
1.2293758e+06,1.2238021e+06
737484.4,1.00358556e+06
737484.4,1.0106266e+06
737484.4,1.02163794e+06
737484.4,1.02520806e+06
737484.4,1.0035567e+06
737484.4,1.0121116e+06
555315.2,756645.1
555315.2,771071.7
555315.2,742029.5
408963.5,389830.34
408963.5,386921.5
408963.5,374893.53
399657.6,480272.2
669713.5,883522.6
669713.5,875746.1
300534.88,244643.42
300534.88,228814.98
1.3930255e+06,1.1958256e+06
1.3930255e+06,1.1884302e+06
1.3930255e+06,1.1895592e+06
1.3930255e+06,1.1895644e+06
1.3930255e+06,1.1842351e+06
1.3930255e+06,1.1883654e+06
1.3930255e+06,1.189465e+06
1.3930255e+06,1.1653746e+06
1.3930255e+06,1.1575446e+06
1.3930255e+06,1.1635218e+06
1.3930255e+06,1.1602269e+06
1.3930255e+06,1.1653746e+06
1.3930255e+06,1.1642024e+06
1.3930255e+06,1.2105809e+06
625173.75,937947.25
625173.75,988729.56
391548.03,428794.6
391548.03,409500.53
568321.2,976045.75
568321.2,975580.5
568321.2,982319.8
568321.2,975606.3
568321.2,976576.25
568321.2,979149.4
568321.2,947459.56
568321.2,947602.75
568321.2,945071.1
568321.2,946982.3
724822.3,867730.8
724822.3,885438.94
724822.3,869475.3
724822.3,865213.44
724822.3,869374.7
724822.3,881117.1
662480.25,806557.4
662480.25,804965.0
662480.25,797094.8
662480.25,803003.25
662480.25,785976.44
615149.6,766879.75
615149.6,750692.9
357684.7,221145.42
357684.7,210268.45
603958.56,851484.1
603958.56,855548.7
603958.56,854249.6
603958.56,858392.06
603958.56,808369.3
603958.56,804709.3
603958.56,817347.6
1.0929008e+06,1.1430059e+06
1.0929008e+06,1.1566805e+06
1.0929008e+06,1.1399556e+06
316901.25,167812.86
316901.25,177454.7
493401.56,675904.44
493401.56,673817.94
493401.56,669226.3
493401.56,681110.5
493401.56,648235.7
493401.56,645938.1
493401.56,662003.6
924836.25,1.1069788e+06
924836.25,1.1043291e+06
924836.25,1.1072535e+06
924836.25,1.1041969e+06
924836.25,1.1060749e+06
924836.25,1.1189642e+06
924836.25,1.1064135e+06
924836.25,1.084266e+06
924836.25,1.0783759e+06
924836.25,1.0807719e+06
924836.25,1.077796e+06
924836.25,1.0745024e+06
924836.25,1.079458e+06
924836.25,1.0957718e+06
566017.4,527860.9
566017.4,513963.2
569465.8,900583.8
569465.8,921327.7
869811.25,1.0822746e+06
869811.25,1.0748574e+06
869811.25,1.0776106e+06
869811.25,1.0972291e+06
869811.25,1.0963046e+06
869811.25,1.077481e+06
869811.25,1.0513065e+06
869811.25,1.0554805e+06
869811.25,1.0524391e+06
869811.25,1.0543069e+06
869811.25,1.0485531e+06
869811.25,1.0940802e+06
555007.8,501707.25
555007.8,537329.75
472931.2,488669.38
472931.2,485467.7
471388.25,617474.25
471388.25,613570.06
609098.7,845239.06
609098.7,842904.8
609098.7,807455.1
2.6446642e+06,1.710209e+06
2.6446642e+06,1.7051316e+06
800631.94,946840.9
800631.94,974431.1
800631.94,926173.6
754980.8,917622.6
754980.8,935265.75
754980.8,938193.2
754980.8,923602.8
754980.8,930754.06
626143.8,748438.0
626143.8,742073.1
906941.06,999806.8
906941.06,995231.56
657924.2,979857.44
657924.2,967469.9
657924.2,966924.56
657924.2,965202.4
657924.2,969930.9
657924.2,969854.75
657924.2,970424.9
657924.2,972315.5
657924.2,949432.2
657924.2,961369.75
657924.2,945099.7
657924.2,947379.3
657924.2,944612.5
657924.2,960667.94
398596.38,461828.5
398596.38,461963.56
398596.38,453515.97
576650.5,736004.06
576650.5,719094.7
418494.4,372505.97
418494.4,381530.1
461952.6,449454.84
461952.6,485582.97
682907.1,1.0203137e+06
682907.1,1.0191824e+06
682907.1,1.03482825e+06
682907.1,1.0237485e+06
682907.1,1.02080775e+06
682907.1,993555.25
682907.1,1.0013561e+06
682907.1,995149.5
609475.9,766104.4
609475.9,767407.4
609475.9,769599.94
609475.9,745455.7
609475.9,752126.9
253773.67,168959.95
253773.67,156368.98
253773.67,160518.61
249947.48,185577.98
249947.48,187000.95
249947.48,186961.8
615703.25,949987.1
615703.25,949918.7
498091.0,620524.9
498091.0,613253.9
758603.0,1.0277899e+06
758603.0,1.02384306e+06
758603.0,1.01269294e+06
758603.0,1.01544756e+06
758603.0,1.01387175e+06
758603.0,992644.9
758603.0,985220.4
651652.94,636275.7
651652.94,631087.8
189238.0,117060.14
189238.0,117008.016
801867.5,1.0188911e+06
801867.5,1.0407506e+06
674222.2,729725.1
674222.2,729278.4
570286.25,795094.25
570286.25,805612.06
570286.25,798498.9
570286.25,821039.6
1.00982694e+06,956871.56
1.00982694e+06,971688.4
179415.56,95495.33
179415.56,114492.95
794004.7,990589.75
858824.56,1.0917372e+06
858824.56,1.0922192e+06
858824.56,1.1028802e+06
858824.56,1.0913616e+06
858824.56,1.099912e+06
858824.56,1.0922192e+06
858824.56,1.0747174e+06
858824.56,1.0724479e+06
858824.56,1.062626e+06
858824.56,1.062412e+06
858824.56,1.1039332e+06
424570.97,541957.6
424570.97,524545.44
424570.97,545194.5
424570.97,512746.6
771789.3,1.0325106e+06
771789.3,1.0604876e+06
771789.3,1.02597956e+06
546747.2,768790.44
546747.2,764856.25
546747.2,770289.8
546747.2,757458.7
546747.2,750216.7
410546.28,441779.78
410546.28,451592.47
410546.28,445400.84
550088.9,796183.44
550088.9,799697.06
512301.2,716544.06
512301.2,752063.7
634110.44,940555.44
634110.44,959850.56
538380.6,660222.25
538380.6,663877.3
538380.6,659970.25
538380.6,643945.94
679100.9,1.00547056e+06
679100.9,993029.56
600608.7,937489.2
600608.7,941496.25
600608.7,937784.06
725443.8,1.0478641e+06
725443.8,1.0413335e+06
725443.8,1.0374476e+06
725443.8,1.0404138e+06
725443.8,1.037849e+06
725443.8,1.0598268e+06
725443.8,1.0142186e+06
725443.8,1.0318743e+06
725443.8,1.0315569e+06
725443.8,1.03375844e+06
725443.8,1.01239225e+06
725443.8,1.0860255e+06
215706.48,259660.95
215706.48,246468.55
215706.48,257976.58
215706.48,248263.73
325655.12,350854.16
325655.12,343694.88
340148.97,506476.78
593308.5,985379.44
593308.5,995016.75
593308.5,980727.2
593308.5,998223.8
593308.5,1.0246083e+06
593308.5,968248.9
593308.5,964052.2
593308.5,961572.3
593308.5,971538.7
276819.88,213968.8
276819.88,212373.27
276819.88,217949.58
303445.72,165570.95
303445.72,158895.58
326608.44,383256.72
326608.44,354771.22
326608.44,356800.34
326608.44,367408.62
326608.44,364894.3
326608.44,382780.84
564037.9,817732.5
564037.9,804662.8
467549.1,517668.78
467549.1,508821.78
467549.1,511666.62
467549.1,513197.66
467549.1,514901.62
350591.9,300469.6
350591.9,313356.3
546635.5,902937.9
546635.5,876128.94
597598.6,879129.3
597598.6,866599.5
597598.6,868715.25
597598.6,854411.56
597598.6,860270.06
597598.6,864329.7
237702.84,222152.14
658746.2,963652.0
658746.2,969280.0
658746.2,975752.06
658746.2,963338.9
658746.2,976013.44
658746.2,968168.9
658746.2,964240.44
658746.2,946324.5
658746.2,940494.9
658746.2,941952.4
658746.2,945141.25
658746.2,961399.7
1.04392125e+06,1.1343032e+06
1.04392125e+06,1.155994e+06
1.04392125e+06,1.1342884e+06
386101.16,520991.84
386101.16,537675.3
477351.25,585928.9
477351.25,587229.6
477351.25,602427.4
498543.7,483843.28
498543.7,470193.06
498543.7,473527.5
535853.94,726466.8
535853.94,766871.94
614849.8,975740.94
778998.4,682472.1
778998.4,688717.75
897623.25,928963.06
897623.25,1.00573825e+06
940334.5,1.0259765e+06
940334.5,1.0581065e+06
673439.44,744877.4
673439.44,781829.75
387952.75,330206.75
387952.75,314079.5
696886.94,1.0047012e+06
696886.94,1.00522294e+06
696886.94,1.0020388e+06
696886.94,1.0010372e+06
696886.94,1.0099995e+06
696886.94,1.03522656e+06
516291.44,650879.75
516291.44,648354.6
516291.44,648432.94
516291.44,642971.4
523379.22,929571.8
523379.22,923187.9
363920.56,566946.25
363920.56,570119.9
950250.9,1.0539899e+06
950250.9,1.0598571e+06
950250.9,1.0577924e+06
950250.9,1.0587409e+06
950250.9,1.0616628e+06
950250.9,1.0697356e+06
667140.06,666529.0
667140.06,681522.56
667140.06,675690.44
667140.06,658945.8
667140.06,634819.9
667140.06,628463.8
667140.06,671903.06
810852.9,1.0670328e+06
810852.9,1.0678862e+06
810852.9,1.0675826e+06
810852.9,1.0619675e+06
810852.9,1.0642575e+06
810852.9,1.0662468e+06
810852.9,1.0674662e+06
810852.9,1.0743484e+06
217847.62,253374.39
217847.62,254178.08
774674.06,999871.0
774674.06,1.00481056e+06
774674.06,999252.75
774674.06,1.0003882e+06
774674.06,1.0087638e+06
774674.06,973426.75
774674.06,978937.7
774674.06,973652.44
774674.06,985521.75
732264.5,728078.1
732264.5,714371.56
751184.56,985847.1
751184.56,1.0323345e+06
441378.6,591548.3
441378.6,588831.9
352752.22,528183.2
352752.22,512033.4
599628.1,925720.7
599628.1,938883.4
599628.1,920235.56
614736.06,834709.6
614736.06,828635.4
614736.06,805327.94
1.2658229e+06,1.1901719e+06
1.2658229e+06,1.1964036e+06
1.2658229e+06,1.1765188e+06
711609.56,996402.7
711609.56,1.01109325e+06
634005.9,859963.44
634005.9,866530.94
634005.9,866530.94
634005.9,843105.75
634005.9,875428.44
531670.06,702352.2
531670.06,685616.3
492994.75,618812.56
492994.75,634414.0
441343.0,508238.22
441343.0,491958.4
640444.0,967993.6
640444.0,962074.56
640444.0,972022.44
640444.0,971323.6
640444.0,963796.9
640444.0,964873.06
640444.0,967920.44
640444.0,939312.3
640444.0,938035.75
640444.0,952476.7
640444.0,939866.25
640444.0,951140.8
655394.8,657165.5
655394.8,647939.44
519511.03,558008.94
519511.03,579490.4
469862.47,656120.3
469862.47,645214.94
469862.47,649545.4
469862.47,660656.6
469862.47,614362.8
469862.47,625130.5
469862.47,636916.8
643213.06,964202.9
643213.06,995365.0
643213.06,967792.56
333047.62,239934.02
333047.62,235431.11
333047.62,225902.8
2.6738262e+06,1.7011085e+06
2.6738262e+06,1.7033292e+06
467581.47,537432.5
467581.47,585105.0
536557.7,749987.75
536557.7,736022.8
731086.8,1.00199206e+06
731086.8,1.010084e+06
731086.8,1.0070497e+06
731086.8,1.00581994e+06
731086.8,1.00637175e+06
731086.8,1.0025596e+06
731086.8,976791.44
731086.8,976070.7
731086.8,977198.44
191382.86,215040.83
191382.86,219964.8
191382.86,222035.67
340604.62,414920.88
340604.62,417783.44
340604.62,410144.5
552315.56,725102.7
552315.56,734867.7
552315.56,716659.06
552315.56,711501.75
512536.22,685482.3
512536.22,691885.1
512536.22,695188.75
512536.22,696102.3
512536.22,665173.7
512536.22,664211.44
512536.22,676749.0
410917.3,543977.4
410917.3,555424.1
267060.94,148577.45
267060.94,152600.17
267060.94,151722.86
586853.25,898237.44
586853.25,929834.25
586853.25,920465.9
710431.44,803225.3
710431.44,806232.5
710431.44,810070.8
710431.44,807950.56
710431.44,782869.0
423777.06,555364.5
423777.06,559280.44
580294.8,819304.0
580294.8,817955.94
580294.8,815688.8
580294.8,822718.94
714429.5,997912.44
714429.5,980149.2
1.1319692e+06,1.2095116e+06
1.1319692e+06,1.2094851e+06
1.1319692e+06,1.2123225e+06
1.1319692e+06,1.2097675e+06
1.1319692e+06,1.2093211e+06
1.1319692e+06,1.2208018e+06
1.1319692e+06,1.2129251e+06
1.1319692e+06,1.2125805e+06
1.1319692e+06,1.1829636e+06
1.1319692e+06,1.1826334e+06
1.1319692e+06,1.1893815e+06
1.1319692e+06,1.1820499e+06
1.1319692e+06,1.19544e+06
1.1319692e+06,1.190745e+06
1.1319692e+06,1.1846682e+06
1.1319692e+06,1.1961691e+06
748997.44,947981.1
748997.44,956855.7
748997.44,916869.56
351217.2,301950.4
351217.2,286654.5
322611.22,244358.58
322611.22,254910.58
425875.97,414968.1
425875.97,413950.12
425875.97,410403.25
425875.97,420094.34
520272.25,490765.3
520272.25,495748.7
520272.25,491894.6
520272.25,501425.94
468895.38,602390.25
468895.38,619248.1
468895.38,608424.3
672063.7,815703.0
672063.7,824678.6
672063.7,838270.5
672063.7,838791.56
672063.7,817523.2
301389.3,223137.89
301389.3,228589.58
2.39269e+06,1.6383479e+06
2.39269e+06,1.6402766e+06
2.39269e+06,1.6419604e+06
2.39269e+06,1.6435384e+06
2.39269e+06,1.6405786e+06
2.39269e+06,1.6391016e+06
2.39269e+06,1.6405168e+06
2.39269e+06,1.6371828e+06
2.39269e+06,1.6355878e+06
2.39269e+06,1.6419981e+06
2.39269e+06,1.644485e+06
585338.8,909988.56
585338.8,929529.2
694761.3,828311.4
694761.3,822169.7
694761.3,809450.06
694761.3,821365.8
454164.2,509183.1
454164.2,513863.4
454164.2,523211.5
454164.2,514195.8
590881.4,802443.9
590881.4,822257.6
676205.56,778559.7
676205.56,791240.9
676205.56,772066.56
676205.56,772179.56
676205.56,729436.8
676205.56,730483.75
1.2250956e+06,1.1220519e+06
1.2250956e+06,1.0898438e+06
592998.6,571937.2
592998.6,588056.5
756765.4,1.00688706e+06
756765.4,1.02408056e+06
756765.4,1.0120216e+06
756765.4,997321.0
756765.4,958819.06
419863.56,598470.4
419863.56,604468.4
419863.56,622844.06
419863.56,604051.7
419863.56,589465.6
419863.56,590465.2
419863.56,599572.94
479562.34,459387.3
479562.34,455210.28
479562.34,463333.3
479562.34,467544.38
479562.34,448928.44
479562.34,447924.1
479562.34,459409.53
479562.34,479298.84
2.1786802e+06,1.6403912e+06
2.1786802e+06,1.6445588e+06
678810.56,1.0146008e+06
678810.56,1.0079433e+06
678810.56,1.0387887e+06
678810.56,1.014049e+06
678810.56,1.0048468e+06
678810.56,998228.0
339133.34,232953.7
339133.34,215869.3
1.255023e+06,1.1798986e+06
1.255023e+06,1.1821901e+06
1.255023e+06,1.1854469e+06
1.255023e+06,1.1850422e+06
1.255023e+06,1.1880496e+06
1.255023e+06,1.1785272e+06
1.255023e+06,1.157098e+06
1.255023e+06,1.1550275e+06
1.255023e+06,1.1585635e+06
613728.1,965647.2
613728.1,962941.4
613728.1,966953.6
613728.1,965291.06
613728.1,965647.2
613728.1,964921.94
613728.1,963572.3
613728.1,975810.94
634330.6,596002.06
634330.6,621768.6
613106.9,871058.0
613106.9,881954.4
533601.7,682584.1
533601.7,703804.1
533601.7,700361.06
533601.7,701701.75
533601.7,665877.4
533601.7,656686.7
533601.7,664778.06
593924.7,700331.4
593924.7,714175.75
653301.94,790492.75
653301.94,768818.6
653301.94,771286.25
653301.94,772397.3
725710.6,997755.0
725710.6,992357.9
725710.6,992267.9
725710.6,1.00261656e+06
725710.6,999513.4
725710.6,1.0068457e+06
725710.6,968201.6
725710.6,969809.75
725710.6,967983.4
725710.6,954669.94
763657.25,1.0318613e+06
763657.25,1.0392909e+06
763657.25,1.0179781e+06
585246.25,999824.06
585246.25,1.0017432e+06
585246.25,995141.56
585246.25,1.001571e+06
585246.25,975772.2
585246.25,970204.9
585246.25,1.0023639e+06
626580.56,950653.3
626580.56,950943.2
626580.56,952176.4
626580.56,951839.44
626580.56,946619.0
626580.56,950708.8
626580.56,958250.6
367160.22,240351.23
367160.22,232396.64
2.7088125e+06,1.678743e+06
2.7088125e+06,1.6810721e+06
455531.9,532345.6
455531.9,523078.66
347930.7,216279.45
347930.7,220774.27
965566.94,1.038054e+06
965566.94,1.0322892e+06
965566.94,1.0621032e+06
965566.94,1.0497885e+06
965566.94,1.0593752e+06
965566.94,1.0107453e+06
965566.94,1.0143891e+06
965566.94,1.0143891e+06
965566.94,1.0835852e+06
518949.8,659676.94
518949.8,679238.4
518949.8,675854.75
1.1344246e+06,1.04856406e+06
1.1344246e+06,1.105222e+06
582598.8,808662.0
582598.8,819788.7
522877.1,675438.0
522877.1,675267.8
522877.1,665268.25
522877.1,687926.6
189509.62,226300.52
189509.62,209341.33
787943.4,1.0072144e+06
787943.4,1.01108156e+06
787943.4,1.0306001e+06
787943.4,1.01739194e+06
787943.4,1.0194131e+06
787943.4,1.03190456e+06
787943.4,1.04188444e+06
543422.5,933552.7
543422.5,918111.9
2.578962e+06,1.6737355e+06
2.578962e+06,1.6676029e+06
794796.44,882405.8
794796.44,862362.25
372525.6,242859.48
372525.6,233036.95
580804.56,752600.06
580804.56,724335.4
788492.6,1.0502908e+06
788492.6,1.0511761e+06
788492.6,1.0506626e+06
788492.6,1.0500509e+06
788492.6,1.04338406e+06
788492.6,1.0414387e+06
788492.6,1.02106056e+06
788492.6,1.0223254e+06
788492.6,1.0202962e+06
788492.6,1.01868294e+06
788492.6,1.062651e+06
850816.5,802282.5
850816.5,829179.0
956106.4,1.03780425e+06
956106.4,1.03662175e+06
956106.4,1.02526175e+06
956106.4,1.028949e+06
956106.4,1.0379958e+06
956106.4,1.0314409e+06
956106.4,1.02552856e+06
956106.4,1.00642906e+06
956106.4,1.0040822e+06
956106.4,1.0270367e+06
759850.4,904925.56
759850.4,902080.3
667831.25,898871.6
667831.25,891573.0
667831.25,897728.3
667831.25,902717.8
667831.25,906065.5
304141.34,324381.47
304141.34,346510.62
304141.34,318581.5
304141.34,314632.66
338766.6,351333.7
338766.6,329611.53
820074.1,784897.75
820074.1,772544.25
696520.9,999948.25
696520.9,1.010442e+06
696520.9,1.0147112e+06
696520.9,1.00286656e+06
696520.9,1.00032844e+06
696520.9,1.0411035e+06
594611.0,772626.2
594611.0,797408.5
685890.5,1.0051112e+06
685890.5,1.01919956e+06
685890.5,1.00956975e+06
685890.5,1.0050944e+06
685890.5,1.027626e+06
685890.5,1.034086e+06
475494.5,710365.5
645241.7,958938.7
645241.7,967033.94
342661.12,342827.53
342661.12,361319.7
2.2728108e+06,1.6454468e+06
2.2728108e+06,1.6399824e+06
548984.4,824079.4
548984.4,802551.2
537067.56,754930.25
537067.56,769960.75
325736.38,371836.34
325736.38,378605.25
325736.38,363324.8
595419.2,737171.3
595419.2,726202.4
852150.2,973075.3
852150.2,1.0013317e+06
475762.62,440184.7
475762.62,479755.22
475762.62,460372.75
475762.62,460896.53
475762.62,466944.34
1.1050942e+06,1.1159189e+06
1.0239749e+06,1.1310516e+06
1.0239749e+06,1.1473148e+06
1.0239749e+06,1.1361485e+06
1.0239749e+06,1.1308665e+06
1.0239749e+06,1.1354679e+06
1.0239749e+06,1.1340916e+06
1.0239749e+06,1.1085014e+06
1.0239749e+06,1.1135774e+06
1.0239749e+06,1.1152498e+06
1.0239749e+06,1.1281479e+06
1.0239749e+06,1.1482136e+06
510926.9,612417.44
510926.9,636227.8
510926.9,605439.75
286669.88,204455.45
286669.88,209331.73
286669.88,204395.92
401851.3,502204.97
401851.3,502862.06
401851.3,507715.5
633816.8,959734.6
633816.8,957930.5
633816.8,962517.7
633816.8,958012.2
633816.8,956171.9
633816.8,960401.3
633816.8,962651.9
633816.8,956800.5
633816.8,933496.5
633816.8,933616.75
633816.8,933880.0
633816.8,933170.94
860531.5,1.0921718e+06
860531.5,1.0896878e+06
860531.5,1.093903e+06
860531.5,1.0935728e+06
860531.5,1.0927176e+06
860531.5,1.0921718e+06
860531.5,1.1072585e+06
860531.5,1.0734902e+06
860531.5,1.0639865e+06
860531.5,1.0748268e+06
860531.5,1.1043532e+06
265724.75,155015.14
225267.67,146371.61
225267.67,159176.11
225267.67,151087.86
1.0552142e+06,1.1340044e+06
1.0552142e+06,1.1473169e+06
1.0552142e+06,1.1466495e+06
1.0552142e+06,1.1300566e+06
1.0552142e+06,1.1459968e+06
1.0552142e+06,1.1344614e+06
1.0552142e+06,1.1457806e+06
1.0552142e+06,1.1513024e+06
502215.03,607488.9
502215.03,613552.3
284967.62,257129.42
284967.62,269096.06
862035.1,1.0752836e+06
862035.1,1.0677009e+06
862035.1,1.0822958e+06
862035.1,1.0744428e+06
862035.1,1.070723e+06
862035.1,1.0724346e+06
862035.1,1.0747681e+06
862035.1,1.0887482e+06
515850.8,539147.2
515850.8,540755.56
532182.94,658828.94
532182.94,664168.1
532182.94,667598.75
532182.94,665990.7
532182.94,666300.3
669578.5,1.01739525e+06
669578.5,1.0194007e+06
669578.5,1.0100068e+06
669578.5,1.00460325e+06
669578.5,1.0358808e+06
669578.5,984869.75
669578.5,989810.7
402808.6,603470.44
519207.47,697797.7
519207.47,680796.75
519207.47,680311.0
519207.47,692064.44
519207.47,658246.4
817552.1,1.0603456e+06
817552.1,1.062501e+06
817552.1,1.0506095e+06
817552.1,1.0751108e+06
817552.1,1.02249925e+06
817552.1,1.0487792e+06
817552.1,1.02053406e+06
817552.1,1.0157938e+06
478387.53,548055.3
478387.53,549155.3
478387.53,555056.4
478387.53,550224.1
880575.4,1.081379e+06
880575.4,1.0851612e+06
880575.4,1.0838864e+06
880575.4,1.0850726e+06
880575.4,1.0751789e+06
880575.4,1.0963871e+06
880575.4,1.0863576e+06
880575.4,1.0543425e+06
880575.4,1.068603e+06
880575.4,1.0689315e+06
880575.4,1.0593845e+06
880575.4,1.0647638e+06
880575.4,1.0931624e+06
673902.8,939598.9
673902.8,999741.0
418689.66,463203.25
418689.66,460764.62
361844.78,297628.75
361844.78,303464.44
632164.9,836682.1
632164.9,847164.94
750326.9,718560.4
750326.9,707942.75
484527.66,639002.5
484527.66,638898.3
484527.66,620572.06
484527.66,649837.0
670063.2,820132.3
670063.2,816847.75
670063.2,798152.1
502151.38,990407.44
502151.38,972937.2
345703.34,478757.9
345703.34,482385.4
345703.34,481156.06
669339.9,939175.06
669339.9,984096.8
723520.3,968129.5
723520.3,1.0095972e+06
421817.72,420334.1
421817.72,408774.2
811637.25,1.03206644e+06
811637.25,1.0195022e+06
811637.25,1.029785e+06
811637.25,1.02025294e+06
811637.25,1.01919594e+06
811637.25,1.019338e+06
811637.25,1.02045256e+06
811637.25,1.00926394e+06
811637.25,998862.94
811637.25,1.0008675e+06
811637.25,1.0032327e+06
811637.25,1.0119326e+06
816197.2,1.0759434e+06
816197.2,1.0534745e+06
816197.2,1.0582624e+06
816197.2,1.0531761e+06
816197.2,1.0567874e+06
816197.2,1.0661819e+06
816197.2,1.0799716e+06
240422.55,134992.27
240422.55,141459.52
240422.55,131745.27
318893.06,253764.05
318893.06,241646.89
440289.38,448883.9
440289.38,439977.25
204510.36,113993.14
204510.36,120039.016
301444.2,438522.9
301444.2,436312.22
301444.2,440284.94
301444.2,435606.84
232594.81,247807.67
232594.81,240184.08
759895.6,1.00669106e+06
759895.6,1.02682994e+06
861096.3,1.00829306e+06
861096.3,1.02995175e+06
742078.75,983279.4
742078.75,958988.06
1.01323606e+06,1.0990746e+06
1.01323606e+06,1.0827042e+06
255004.86,138107.64
255004.86,141049.39
864916.4,1.0777984e+06
864916.4,1.0923286e+06
864916.4,1.0782382e+06
864916.4,1.07671e+06
864916.4,1.0777984e+06
864916.4,1.0753565e+06
864916.4,1.0776885e+06
864916.4,1.0850758e+06
567207.3,984196.75
567207.3,965172.06
567207.3,974477.25
567207.3,975315.6
567207.3,957048.56
564028.44,686938.5
564028.44,681928.7
564028.44,686468.75
442287.78,444786.1
442287.78,445926.47
442287.78,449831.7
442287.78,437097.44
881804.5,1.0189078e+06
881804.5,1.02763e+06
881804.5,1.02233094e+06
881804.5,1.0276003e+06
881804.5,995591.56
881804.5,1.0081447e+06
1.1992196e+06,1.0778142e+06
1.1992196e+06,1.04560056e+06
1.1992196e+06,1.0774209e+06
1.1992196e+06,1.04537525e+06
1.1992196e+06,1.0519219e+06
1.1992196e+06,1.0558989e+06
1.1992196e+06,1.02654144e+06
1.1992196e+06,1.0502544e+06
1.1992196e+06,1.03500725e+06
1.1992196e+06,1.02676056e+06
1.1992196e+06,1.079136e+06
367240.7,240672.2
367240.7,237108.33
367240.7,241261.98
2.3671452e+06,1.6395021e+06
2.3671452e+06,1.6321061e+06
430854.94,696880.3
430854.94,715944.0
430854.94,706722.9
430854.94,705023.4
430854.94,681619.94
430854.94,684351.0
430854.94,673243.4
430854.94,685856.25
367697.0,234256.23
367697.0,233734.73
521664.6,645023.75
521664.6,637414.5
521664.6,639945.6
521664.6,635826.1
645437.75,734353.9
645437.75,755773.3
600759.75,721986.56
600759.75,735322.7
600759.75,716610.25
600759.75,781291.3
1.273709e+06,1.0562692e+06
1.273709e+06,1.0918246e+06
510362.22,469525.16
510362.22,496801.75
494324.28,607685.25
494324.28,581037.3
589300.25,952089.75
589300.25,954435.56
589300.25,953076.75
589300.25,956824.9
589300.25,957383.2
589300.25,954540.6
589300.25,955820.94
589300.25,942570.25
573888.5,996469.75
573888.5,984777.25
786581.7,1.0114575e+06
786581.7,1.0168954e+06
786581.7,1.01681194e+06
786581.7,1.00797125e+06
786581.7,1.0225134e+06
786581.7,1.01176106e+06
786581.7,984686.5
543657.06,755516.0
543657.06,766498.8
375557.3,383823.3
375557.3,387410.94
375557.3,387713.16
587811.8,650968.2
587811.8,658958.2
251188.45,138316.02
251188.45,141607.64
251188.45,131250.64
316226.03,211101.58
316226.03,210238.64
487003.72,591914.1
487003.72,625096.5
1.2454052e+06,1.1838466e+06
1.2454052e+06,1.1857801e+06
1.2454052e+06,1.1834238e+06
1.2454052e+06,1.1834771e+06
1.2454052e+06,1.1858416e+06
1.2454052e+06,1.1797422e+06
1.2454052e+06,1.1819841e+06
1.2454052e+06,1.1595089e+06
1.2454052e+06,1.1589501e+06
1.2454052e+06,1.1586619e+06
1.2454052e+06,1.1535471e+06
1.2454052e+06,1.1543442e+06
493175.4,618491.2
493175.4,567556.3
534454.6,793338.06
534454.6,757597.1
330330.97,372275.3
330330.97,379858.9
330330.97,356139.78
399520.97,453147.4
399520.97,461269.22
399520.97,449948.0
393538.7,244951.77
393538.7,229871.36
418351.47,474443.38
418351.47,449212.38
722900.3,703748.1
722900.3,706379.7
722900.3,705074.94
722900.3,710375.25
722900.3,718319.44
325178.38,270486.62
325178.38,265914.0
333422.6,351468.25
333422.6,340180.6
1.3076854e+06,1.1629025e+06
1.3076854e+06,1.14186e+06
255931.39,293492.22
255931.39,293559.62
343168.97,402008.38
343168.97,393273.75
447817.7,526373.0
447817.7,488957.6
2.326332e+06,1.6195924e+06
2.326332e+06,1.6242969e+06
670515.8,801319.6
670515.8,798980.44
670515.8,807035.9
670515.8,790614.25
2.3252658e+06,1.6501519e+06
2.3252658e+06,1.6575008e+06
335634.8,324292.8
335634.8,317654.25
429740.5,480370.2
429740.5,464088.2
311592.6,174933.89
311592.6,190411.33
311592.6,189645.17
402337.53,464722.84
402337.53,459171.88
2.390028e+06,1.6419566e+06
2.390028e+06,1.6326858e+06
2.390028e+06,1.6371146e+06
2.390028e+06,1.6418845e+06
2.390028e+06,1.6351882e+06
2.390028e+06,1.6343019e+06
2.390028e+06,1.6323191e+06
2.390028e+06,1.6360328e+06
2.390028e+06,1.6383814e+06
2.390028e+06,1.6365002e+06
2.390028e+06,1.6338844e+06
555826.4,895660.75
555826.4,905785.2
226908.5,123948.516
226908.5,112412.95
327148.22,303058.12
327148.22,280964.28
373032.6,376278.38
373032.6,376128.22
373032.6,378730.25
373032.6,403205.44
373032.6,359703.62
373032.6,359777.03
439180.94,502851.38
566025.8,918994.4
566025.8,924521.75
179389.47,194406.48
179389.47,203189.58
179389.47,189172.52
444524.8,513992.6
444524.8,514526.16
444524.8,529688.94
444524.8,512209.72
574700.7,830537.8
574700.7,846253.5
574700.7,847394.2
574700.7,821372.6
574700.7,847845.44
740832.56,1.0293466e+06
740832.56,1.0516499e+06
740832.56,1.0533412e+06
740832.56,1.0545216e+06
740832.56,1.03643375e+06
740832.56,1.03515356e+06
740832.56,1.036791e+06
570015.5,672100.0
570015.5,656862.2
554191.2,686833.06
554191.2,691892.25
554191.2,701638.8
313436.66,225797.55
313436.66,233300.61
313436.66,218414.73
340604.1,305299.2
340604.1,293871.56
533881.1,675890.94
533881.1,670533.75
533881.1,661555.25
533881.1,688902.94
627000.6,785035.1
627000.6,769486.8
627000.6,782733.56
627000.6,778426.25
627000.6,735687.6
601106.2,975660.25
601106.2,975532.56
601106.2,972590.1
601106.2,981938.5
601106.2,975279.56
601106.2,975611.4
601106.2,976442.0
601106.2,985909.6
312573.66,175825.55
312573.66,177416.14
312573.66,182891.48
312573.66,174757.17
754541.4,995467.8
258131.81,178948.95
258131.81,186951.11
258131.81,191393.42
2.169215e+06,1.6260916e+06
2.169215e+06,1.632534e+06
499054.0,571026.8
388730.25,247462.7
388730.25,239971.02
766443.56,1.0320053e+06
766443.56,1.03227825e+06
766443.56,1.031154e+06
766443.56,1.0267961e+06
766443.56,1.0347635e+06
766443.56,1.0313148e+06
766443.56,995438.1
766443.56,992527.5
766443.56,990587.6
766443.56,1.010715e+06
716554.94,937618.4
716554.94,931521.7
610895.75,759467.06
610895.75,744484.94
324069.75,339097.0
324069.75,343199.6
324069.75,328434.12
445723.4,503974.9
445723.4,498020.62
287952.38,216406.02
287952.38,204848.48
287952.38,194195.52
323566.8,323997.72
323566.8,324963.28
953902.6,1.0828596e+06
953902.6,1.0641398e+06
953902.6,1.0646725e+06
953902.6,1.0578675e+06
953902.6,1.0559004e+06
953902.6,1.067674e+06
953902.6,1.0760458e+06
953902.6,1.0499936e+06
953902.6,1.0456581e+06
953902.6,1.0659734e+06
953902.6,1.103242e+06
378858.44,254130.73
378858.44,241578.7
995899.75,954519.4
995899.75,999277.44
650874.0,1.02161694e+06
650874.0,1.021062e+06
426821.7,454469.4
426821.7,444946.25
392326.38,458087.47
392326.38,459945.6
392326.38,471843.2
538286.1,892018.5
538286.1,913018.3
440112.88,493561.3
440112.88,481527.44
534193.75,943225.8
534193.75,965688.25
604225.9,969264.4
604225.9,969869.4
604225.9,992216.6
604225.9,971245.5
604225.9,966766.06
604225.9,942177.2
460063.0,666027.1
460063.0,694512.7
502809.03,572305.6
502809.03,555569.2
502809.03,580450.8
502809.03,579999.6
614561.4,878567.9
614561.4,887015.9
614561.4,893214.9
614561.4,883967.56
614561.4,860308.0
422514.7,582439.06
422514.7,589920.4
308074.34,172642.95
308074.34,172022.39
308074.34,172092.17
787596.75,1.063733e+06
787596.75,1.0614524e+06
787596.75,1.0630588e+06
787596.75,1.0569461e+06
787596.75,1.0576198e+06
787596.75,1.0619611e+06
787596.75,1.0626556e+06
787596.75,1.0693581e+06
612225.75,734923.5
612225.75,718450.9
1.2943662e+06,1.1527109e+06
1.2943662e+06,1.1639005e+06
648736.0,884580.5
648736.0,893747.0
596082.75,879530.06
596082.75,849471.4
170887.81,94733.516
170887.81,96196.14
2.342469e+06,1.6619299e+06
2.342469e+06,1.6595912e+06
413358.4,471141.1
413358.4,472120.7
413358.4,465524.62
205609.75,125105.766
205609.75,123400.58
579371.75,819965.9
579371.75,819910.0
579371.75,818904.06
579371.75,809219.4
907840.25,1.0014517e+06
907840.25,1.0214209e+06
907840.25,1.0030593e+06
907840.25,1.0006879e+06
907840.25,998283.3
907840.25,1.03370244e+06
606300.25,849259.7
606300.25,847130.2
606300.25,843392.2
606300.25,862217.06
183054.6,205473.73
183054.6,206867.95
183054.6,209143.52
183054.6,205044.61
886411.1,1.0264455e+06
886411.1,1.071893e+06
230412.5,252608.33
230412.5,235226.7
1.3641851e+06,1.2689654e+06
1.3641851e+06,1.2616489e+06
1.3641851e+06,1.2584405e+06
1.3641851e+06,1.2682929e+06
1.3641851e+06,1.276066e+06
1.3641851e+06,1.2709896e+06
1.3641851e+06,1.2709581e+06
1.3641851e+06,1.2568335e+06
1.3641851e+06,1.2624579e+06
1.3641851e+06,1.2369576e+06
1.3641851e+06,1.2367942e+06
1.3641851e+06,1.2377875e+06
1.3641851e+06,1.2348506e+06
1.3641851e+06,1.2349158e+06
1.3641851e+06,1.233046e+06
1.3641851e+06,1.2377875e+06
428575.2,520370.0
428575.2,520086.47
428575.2,536103.06
428575.2,526716.3
570447.56,728758.06
570447.56,741419.9
570447.56,734070.6
570447.56,748781.0
661926.06,580161.1
661926.06,576722.4
661926.06,584412.56
661926.06,546890.0
661926.06,572492.44
304603.12,398597.88
304603.12,404463.7
304603.12,408709.88
667518.94,970893.25
667518.94,1.0197506e+06
667518.94,991280.94
469437.84,555589.56
469437.84,562056.2
469437.84,560265.44
607030.1,938492.94
607030.1,974562.1
541673.8,689326.6
541673.8,707852.3
584715.5,709078.8
584715.5,712786.8
407109.1,388786.0
407109.1,399027.2
364396.47,515179.28
364396.47,508762.06
477985.2,644494.75
477985.2,650913.7
2.3144538e+06,1.6302262e+06
2.3144538e+06,1.637194e+06
359461.12,442853.8
359461.12,430183.53
886883.7,996084.56
886883.7,990359.94
886883.7,994724.4
886883.7,985382.6
886883.7,950442.06
886883.7,950030.4
886883.7,953077.7
886883.7,978124.25
494333.06,753044.4
494333.06,729162.5
962557.75,1.1514074e+06
607874.1,768190.7
607874.1,804704.9
182943.47,231334.23
182943.47,233096.92
182943.47,217116.23
453188.47,488267.72
453188.47,490774.34
453188.47,498425.28
453188.47,483738.2
249612.33,180906.23
249612.33,190420.58
422083.22,561190.56
422083.22,594784.7
467611.5,515918.22
467611.5,512304.38
585376.3,918819.3
585376.3,929160.9
385401.56,357864.62
385401.56,364358.72
813401.44,1.0287972e+06
813401.44,1.0462915e+06
541142.9,633577.9
541142.9,609088.94
854886.25,1.0958326e+06
854886.25,1.0969192e+06
854886.25,1.0975589e+06
854886.25,1.1129049e+06
854886.25,1.0984215e+06
854886.25,1.0996112e+06
854886.25,1.1120269e+06
854886.25,1.0734972e+06
854886.25,1.0677695e+06
854886.25,1.0779754e+06
854886.25,1.0771841e+06
567419.9,847730.1
625656.0,678825.3
625656.0,690216.5
543927.06,621190.0
543927.06,599625.2
222650.55,134801.52
222650.55,132682.39
222650.55,123464.2
417212.5,430260.62
417212.5,441795.12
417212.5,441093.22
417212.5,426117.22
412095.0,476357.84
412095.0,472248.97
412095.0,489804.28
412095.0,462329.75
883187.06,987290.2
405046.62,260991.92
405046.62,258617.61
405046.62,254288.98
723965.56,945263.4
723965.56,948373.06
541245.94,639988.7
541245.94,641374.4
541245.94,648170.0
541245.94,619048.9
541245.94,639737.56
332808.44,453859.8
332808.44,447691.25
468885.1,554105.7
468885.1,563492.6
468885.1,584494.4
468885.1,539435.5
468885.1,531609.9
468885.1,574600.5
733254.3,1.03557356e+06
733254.3,1.033257e+06
733254.3,1.0266583e+06
733254.3,1.02648206e+06
733254.3,1.023056e+06
733254.3,1.00689494e+06
733254.3,1.02691975e+06
733254.3,1.0088471e+06
733254.3,1.0719332e+06
1.108816e+06,1.0635855e+06
1.108816e+06,1.049126e+06
1.3131088e+06,1.1628901e+06
1.3131088e+06,1.1732322e+06
1.3131088e+06,1.1511341e+06
288181.16,317996.2
288181.16,319522.84
288181.16,321896.3
288181.16,302878.3
288181.16,310621.2
1.4991238e+06,1.3084266e+06
1.4991238e+06,1.3000861e+06
1.4991238e+06,1.2924438e+06
1.4991238e+06,1.2928091e+06
1.4991238e+06,1.2920032e+06
1.4991238e+06,1.2916864e+06
1.4991238e+06,1.29252e+06
1.4991238e+06,1.2914451e+06
1.4991238e+06,1.2988462e+06
1.4991238e+06,1.3004284e+06
1.4991238e+06,1.2795522e+06
1.4991238e+06,1.2766646e+06
1.4991238e+06,1.282274e+06
1.4991238e+06,1.2735032e+06
1.4991238e+06,1.2733528e+06
1.4991238e+06,1.2734516e+06
1.4991238e+06,1.2857278e+06
1.4991238e+06,1.2790896e+06
1.4991238e+06,1.2786718e+06
266218.66,221757.27
266218.66,206019.2
584877.06,732093.0
584877.06,736188.25
584877.06,734816.9
590106.44,565038.9
590106.44,564308.0
590106.44,567951.9
590106.44,552322.25
590106.44,552006.44
590106.44,551164.4
305754.6,195022.33
305754.6,198383.11
538106.25,796869.3
538106.25,808317.94
538106.25,808457.2
538106.25,785811.8
538106.25,788558.5
538106.25,811209.9
446979.7,434309.6
446979.7,436517.72
446979.7,416659.97
446979.7,420053.25
606011.6,840177.7
606011.6,852589.75
592776.56,838862.56
592776.56,808351.6
317879.88,174560.23
739787.4,790813.3
739787.4,834627.1
370820.9,238165.14
370820.9,245338.58
370820.9,231291.95
867281.5,1.0897568e+06
689926.6,699191.7
524007.22,613736.1
524007.22,613273.2
524007.22,622298.6
524007.22,612122.75
566967.9,677686.44
566967.9,685488.8
331134.62,209713.58
331134.62,214159.42
533241.5,976572.3
533241.5,998234.4
548681.9,690967.1
548681.9,721165.0
557736.6,780016.3
557736.6,781547.06
372487.6,254833.83
372487.6,256115.64
372487.6,250464.61
492048.34,587607.7
492048.34,606416.6
501135.34,566023.6
501135.34,549174.1
501135.34,566119.7
690565.44,830274.2
690565.44,818549.8
690565.44,824493.1
690565.44,806685.1
713600.1,987322.1
713600.1,987503.6
713600.1,981293.9
713600.1,986549.25
713600.1,979760.44
713600.1,945936.1
722170.0,1.01033075e+06
722170.0,1.01821625e+06
722170.0,1.03171256e+06
722170.0,1.00836375e+06
722170.0,1.0146186e+06
722170.0,1.0090459e+06
722170.0,1.0390867e+06
417973.34,562036.6
417973.34,567399.0
636901.8,1.02913856e+06
636901.8,1.01902744e+06
636901.8,1.0208963e+06
636901.8,1.0094066e+06
636901.8,1.0079201e+06
636901.8,993349.94
258753.94,347334.66
258753.94,341504.47
385456.7,566787.06
385456.7,565842.9
385456.7,560109.56
385456.7,561716.8
552039.1,656265.94
552039.1,690396.06
392944.5,425719.5
392944.5,443124.78
392944.5,429661.66
709287.0,707036.3
709287.0,692406.06
709287.0,689611.2
709287.0,691694.6
709287.0,667184.06
645346.7,971264.56
645346.7,969735.6
645346.7,971495.0
645346.7,966559.6
645346.7,979992.5
645346.7,968829.1
645346.7,969666.56
645346.7,975428.4
645346.7,944908.56
645346.7,948885.06
645346.7,960520.3
645346.7,963176.44
645346.7,948357.2
645346.7,949351.75
645346.7,947469.3
645346.7,958199.7
777014.3,958235.1
777014.3,958411.7
245646.75,168286.92
245646.75,148962.08
765130.56,1.00666444e+06
765130.56,1.03494044e+06
747790.0,963508.3
747790.0,973988.4
747790.0,975342.75
747790.0,988203.9
747790.0,939182.94
747790.0,941333.4
556898.6,906704.1
556898.6,919463.56
631261.9,783156.25
631261.9,771388.75
631261.9,778036.9
631261.9,766915.44
631261.9,776444.94
2.3605935e+06,1.6291595e+06
2.3605935e+06,1.6313268e+06
243404.31,142488.14
243404.31,142167.77
243404.31,137271.33
427169.56,495791.8
427169.56,488347.97
427169.56,509843.7
427169.56,508138.75
235548.38,126391.89
235548.38,124246.64
608968.06,885057.8
608968.06,882447.5
608968.06,876089.3
608968.06,842721.4
781098.9,893232.56
781098.9,897098.56
781098.9,889490.1
781098.9,892261.0
613066.7,973925.94
613066.7,976335.6
694104.8,947104.4
694104.8,954324.9
694104.8,955954.44
694104.8,946933.3
694104.8,934740.6
694104.8,935060.56
694104.8,936455.06
694104.8,951512.06
808853.44,1.0313987e+06
808853.44,1.0482645e+06
808853.44,1.0271745e+06
848806.56,1.073345e+06
848806.56,1.0701541e+06
848806.56,1.0818188e+06
848806.56,1.0824638e+06
848806.56,1.0887411e+06
848806.56,1.0855701e+06
848806.56,1.0708984e+06
848806.56,1.0863481e+06
863795.3,978282.7
288846.66,313491.7
288846.66,343479.66
281518.28,264969.6
281518.28,270417.03
308982.22,329671.56
308982.22,345282.38
308982.22,317521.0
360301.2,351606.38
360301.2,375641.28
360301.2,350961.34
360301.2,351673.53
631970.3,1.03333794e+06
631970.3,1.0138211e+06
631970.3,1.0122707e+06
631970.3,1.0229538e+06
631970.3,1.0309368e+06
631970.3,1.0169418e+06
607768.9,661335.2
607768.9,653290.5
607768.9,636410.9
607768.9,646410.56
268300.75,145157.14
268300.75,158922.27
626343.1,1.0051811e+06
626343.1,990421.4
460336.2,587896.94
460336.2,602009.3
460336.2,607470.0
460336.2,569110.1
460336.2,580598.9
467102.9,443048.0
933604.94,914878.25
933604.94,919394.8
933604.94,919741.75
933604.94,907206.56
933604.94,926652.0
933604.94,887361.8
933604.94,882786.9
933604.94,937476.9
144622.45,156222.55
144622.45,144723.02
144622.45,159086.48
476950.34,632398.8
476950.34,601429.56
579044.56,524221.6
579044.56,535870.94
213607.7,133575.27
213607.7,125209.33
213607.7,118136.14
666638.6,849660.6
666638.6,881791.6
666638.6,838699.1
587038.0,938569.25
587038.0,941233.2
587038.0,953477.0
587038.0,940263.75
587038.0,910210.6
587038.0,908761.56
587038.0,937596.3
686164.75,1.0299282e+06
686164.75,1.02677306e+06
686164.75,1.0212607e+06
686164.75,1.0229083e+06
686164.75,1.02975475e+06
686164.75,989708.94
686164.75,992906.75
686164.75,1.012851e+06
530031.1,936696.5
530031.1,938882.4
530031.1,933517.0
530031.1,933016.5
530031.1,952958.25
574478.0,912353.6
574478.0,939038.2
354335.03,232310.92
354335.03,235654.61
354335.03,228568.2
303808.12,199905.67
303808.12,195111.73
303808.12,194323.7
260348.31,165631.2
260348.31,152908.95
260348.31,151506.61
996404.44,1.050512e+06
996404.44,1.03244044e+06
996404.44,1.02911775e+06
996404.44,1.0344666e+06
996404.44,1.03280625e+06
996404.44,1.0237479e+06
996404.44,1.01419175e+06
996404.44,1.0526822e+06
531252.2,627116.44
531252.2,621970.1
588890.3,988746.94
588890.3,955349.1
588890.3,968001.6
588890.3,951516.25
588890.3,966146.3
2.1919052e+06,1.6281301e+06
2.1919052e+06,1.6270862e+06
2.1919052e+06,1.6254714e+06
1.3213791e+06,1.2338264e+06
1.3213791e+06,1.232303e+06
1.3213791e+06,1.227883e+06
1.3213791e+06,1.2294628e+06
1.3213791e+06,1.2287219e+06
1.3213791e+06,1.240259e+06
1.3213791e+06,1.2297745e+06
1.3213791e+06,1.2047112e+06
1.3213791e+06,1.2147629e+06
1.3213791e+06,1.209422e+06
1.3213791e+06,1.2067466e+06
1.3213791e+06,1.2160792e+06
1.3213791e+06,1.2162865e+06
1.3213791e+06,1.240617e+06
569269.75,931601.0
569269.75,944969.7
569269.75,944689.25
659985.06,1.0103988e+06
659985.06,1.00747925e+06
659985.06,1.0377193e+06
659985.06,1.04231e+06
659985.06,1.0051007e+06
659985.06,1.0098327e+06
659985.06,1.034625e+06
589412.0,856191.8
589412.0,861881.8
589412.0,830465.25
466495.94,545169.5
466495.94,536951.8
466495.94,553087.4
466495.94,542838.4
917423.6,1.1117704e+06
917423.6,1.1114724e+06
917423.6,1.111119e+06
917423.6,1.1109401e+06
917423.6,1.1075844e+06
917423.6,1.1072415e+06
917423.6,1.1107761e+06
917423.6,1.1109999e+06
917423.6,1.0856132e+06
917423.6,1.0862271e+06
917423.6,1.0827566e+06
917423.6,1.085054e+06
917423.6,1.1031152e+06
642388.94,810657.75
642388.94,819249.6
642388.94,820705.25
642388.94,816323.4
642388.94,807293.6
363617.2,393363.7
363617.2,404038.78
363617.2,395343.6
897451.94,1.067413e+06
897451.94,1.0594569e+06
897451.94,1.0626806e+06
897451.94,1.0586892e+06
897451.94,1.0591286e+06
897451.94,1.061289e+06
897451.94,1.0669206e+06
550507.75,666469.25
550507.75,654843.06
550507.75,678241.56
550507.75,668171.1
818271.9,1.03988744e+06
818271.9,1.0544388e+06
818271.9,1.03559425e+06
621221.1,834262.4
621221.1,824442.5
621221.1,823520.25
621221.1,817343.9
621221.1,838717.4
233761.39,209067.45
233761.39,193572.02
568721.8,537091.25
568721.8,556202.9
568721.8,530366.8
173318.77,240296.77
443368.7,286013.53
408119.3,370274.56
408119.3,365911.25
408119.3,369951.34
408119.3,388129.78
871774.3,952496.56
871774.3,950841.4
217722.28,234706.77
1.2203229e+06,1.221025e+06
1.2203229e+06,1.2096128e+06
1.2203229e+06,1.2103525e+06
1.2203229e+06,1.2113178e+06
1.2203229e+06,1.2211788e+06
1.2203229e+06,1.2111956e+06
1.2203229e+06,1.2097318e+06
1.2203229e+06,1.2089502e+06
1.2203229e+06,1.1800879e+06
1.2203229e+06,1.1817088e+06
1.2203229e+06,1.1847062e+06
1.2203229e+06,1.1848595e+06
1.2203229e+06,1.1850398e+06
1.2203229e+06,1.220045e+06
378330.72,348526.22
378330.72,360443.47
378330.72,345471.3
500146.62,593315.5
500146.62,611799.06
399461.97,373476.6
399461.97,367755.47
399461.97,369002.56
399461.97,374503.8
376985.9,239413.48
376985.9,239382.3
376985.9,254680.77
957120.25,1.0837486e+06
552775.9,914490.0
552775.9,911083.0
552775.9,923902.8
552775.9,924288.25
552775.9,898137.5
1.3148989e+06,1.166336e+06
1.3148989e+06,1.1593719e+06
191318.44,226901.8
191318.44,231079.73
191318.44,234897.45
803441.8,948812.06
803441.8,953975.8
803441.8,949855.06
803441.8,948871.5
803441.8,935863.06
426343.25,569335.94
426343.25,571146.56
426343.25,560961.94
426343.25,555670.3
426343.25,566748.8
552635.5,783073.6
552635.5,797508.4
552635.5,797161.56
552635.5,781437.56
552635.5,780120.06
669906.3,1.0089126e+06
669906.3,1.0147541e+06
669906.3,1.03996356e+06
669906.3,1.0113339e+06
669906.3,1.011321e+06
669906.3,984683.2
669906.3,979992.4
669906.3,976533.5
2.74249e+06,1.6858552e+06
2.74249e+06,1.6838155e+06
678941.9,733010.9
678941.9,715078.3
960844.0,857662.5
960844.0,880466.9
1.3169916e+06,1.2066114e+06
1.3169916e+06,1.206399e+06
1.3169916e+06,1.2044329e+06
1.3169916e+06,1.2058402e+06
1.3169916e+06,1.2116028e+06
1.3169916e+06,1.2036685e+06
1.3169916e+06,1.2063496e+06
1.3169916e+06,1.1908562e+06
679439.1,918513.5
679439.1,907673.2
679439.1,913729.25
679439.1,889160.7
679439.1,907798.94
548856.7,602806.44
548856.7,582983.8
487674.53,509464.47
1.4381834e+06,1.2897171e+06
1.4381834e+06,1.2806028e+06
1.4381834e+06,1.289392e+06
1.4381834e+06,1.282176e+06
1.4381834e+06,1.2821024e+06
1.4381834e+06,1.2822084e+06
1.4381834e+06,1.2893558e+06
1.4381834e+06,1.2803331e+06
1.4381834e+06,1.2816376e+06
1.4381834e+06,1.2894122e+06
1.4381834e+06,1.2614775e+06
1.4381834e+06,1.2666611e+06
1.4381834e+06,1.2626838e+06
1.4381834e+06,1.2686789e+06
1.4381834e+06,1.2608185e+06
1.4381834e+06,1.2650668e+06
1.265431e+06,1.2014718e+06
1.265431e+06,1.2031315e+06
1.265431e+06,1.2128016e+06
1.265431e+06,1.2027212e+06
1.265431e+06,1.2042471e+06
1.265431e+06,1.2032155e+06
1.265431e+06,1.2030204e+06
1.265431e+06,1.1808931e+06
1.265431e+06,1.1760738e+06
1.265431e+06,1.1740731e+06
1.265431e+06,1.210923e+06
342039.25,552590.4
342039.25,538666.75
342039.25,524395.06
207916.33,129618.89
207916.33,125355.266
835491.1,994923.4
835491.1,1.02900906e+06
663251.3,729659.4
663251.3,788685.1
688715.4,963089.7
688715.4,962651.6
688715.4,967662.1
688715.4,967307.8
688715.4,962924.4
688715.4,969549.7
688715.4,961695.6
688715.4,944559.7
688715.4,940266.7
688715.4,943765.44
688715.4,942837.06
688715.4,955823.56
581984.4,733357.75
581984.4,730188.5
660613.1,978908.6
513413.5,719936.5
513413.5,719201.25
513413.5,707359.9
513413.5,717573.2
513413.5,682389.44
513413.5,685165.7
513413.5,684738.75
513413.5,700840.9
557378.4,526973.9
557378.4,525421.75
557378.4,528105.6
557378.4,525499.6
742433.56,1.01805106e+06
742433.56,1.0410395e+06
742433.56,1.0138754e+06
227451.84,133740.52
227451.84,129615.83
475161.34,622457.44
475161.34,632938.56
838128.56,933483.56
838128.56,948554.2
447424.2,608337.06
447424.2,612326.56
447424.2,616426.56
447424.2,575552.7
447424.2,612419.5
471855.1,581909.25
471855.1,572871.7
471855.1,598720.25
556929.5,756570.5
567525.4,834643.0
567525.4,819520.25
258837.25,144565.86
258837.25,132136.27
406449.47,446473.75
406449.47,410444.25
452334.5,517022.22
452334.5,484695.25
651679.44,973214.75
651679.44,966311.44
651679.44,966794.4
651679.44,967181.56
651679.44,971204.25
651679.44,962925.2
651679.44,964301.75
651679.44,964642.7
651679.44,946460.44
651679.44,944027.0
651679.44,947720.94
651679.44,943576.0
651679.44,946575.4
651679.44,944779.25
651679.44,957399.94
232042.94,142006.39
232042.94,133907.52
232042.94,134675.77
750152.44,1.0508045e+06
235830.78,128312.33
235830.78,121240.33
848948.2,991023.7
848948.2,989311.44
848948.2,985466.2
848948.2,983573.4
848948.2,970587.2
848948.2,979365.0
848948.2,967003.1
848948.2,989983.75
575751.9,722823.44
575751.9,709455.7
575751.9,713943.94
575751.9,688147.5
575751.9,680475.5
417555.3,261350.05
417555.3,266643.7
417555.3,255813.77
802661.1,926554.06
802661.1,927053.9
308791.84,212392.77
308791.84,228334.33
308791.84,203210.45
587664.5,954233.44
587664.5,959533.94
587664.5,962353.3
587664.5,950538.7
587664.5,927293.6
587664.5,944021.5
816831.6,1.0637814e+06
816831.6,1.0500651e+06
816831.6,1.0485291e+06
816831.6,1.0597519e+06
816831.6,1.01877175e+06
816831.6,1.01788994e+06
816831.6,1.0230424e+06
739686.8,993830.44
739686.8,976398.7
584881.75,704506.06
584881.75,733337.1
679469.06,900146.8
679469.06,896168.75
381023.2,533078.9
413228.3,240072.67
413228.3,225817.98
616547.8,862803.8
616547.8,881961.06
307425.56,213024.86
307425.56,216439.92
307425.56,203518.23
856358.2,947192.75
856358.2,997494.25
804770.06,1.0571109e+06
994635.1,1.129252e+06
994635.1,1.1254868e+06
994635.1,1.1185439e+06
994635.1,1.1219601e+06
994635.1,1.1228642e+06
994635.1,1.1250815e+06
994635.1,1.1203951e+06
994635.1,1.1208718e+06
994635.1,1.0981794e+06
994635.1,1.0971739e+06
994635.1,1.097538e+06
994635.1,1.1028462e+06
994635.1,1.0971798e+06
994635.1,1.0990369e+06
994635.1,1.1161208e+06
539064.1,524174.78
539064.1,518543.2
539064.1,527851.44
539064.1,519366.16
449521.44,572734.1
449521.44,564966.94
449521.44,573707.75
618278.75,962401.8
618278.75,969154.56
618278.75,964367.9
618278.75,964944.8
618278.75,964069.25
618278.75,965269.0
618278.75,962423.1
618278.75,937113.2
618278.75,938613.44
618278.75,940121.1
618278.75,951561.1
618278.75,954427.5
618278.75,954883.94
473273.8,608848.1
473273.8,615402.8
607158.44,832490.94
607158.44,875095.06
586359.8,990666.25
553589.3,669958.75
562476.0,1.0083721e+06
562476.0,1.0076027e+06
562476.0,1.00797644e+06
562476.0,1.00811294e+06
562476.0,1.0083725e+06
562476.0,1.0079093e+06
562476.0,1.0079987e+06
562476.0,997897.6
471231.94,632919.75
471231.94,624861.3
471231.94,642975.8
471231.94,630027.0
644146.44,916448.25
644146.44,918034.9
644146.44,913588.6
644146.44,889845.0
644146.44,893625.9
644146.44,911443.6
662243.75,1.01728075e+06
662243.75,1.01840106e+06
662243.75,1.0271933e+06
662243.75,1.01877206e+06
662243.75,1.015877e+06
662243.75,994391.75
662243.75,1.0009902e+06
662243.75,994423.75
662243.75,1.0733999e+06
598333.0,941574.06
598333.0,955506.75
640850.6,689063.94
533242.7,602872.56
533242.7,602896.4
759641.56,1.03866494e+06
759641.56,1.033866e+06
759641.56,1.03708375e+06
759641.56,1.03436594e+06
759641.56,1.0383647e+06
759641.56,1.03704394e+06
759641.56,1.0308574e+06
759641.56,1.0746012e+06
848909.6,999207.75
848909.6,1.0083299e+06
836016.25,952945.2
836016.25,991829.25
836016.25,976895.1
836016.25,974303.7
836016.25,959916.25
836016.25,1.00009406e+06
651556.56,782042.7
651556.56,794512.44
242036.62,265818.34
242036.62,266657.2
242036.62,275484.56
242036.62,279372.78
553821.9,848251.8
577443.8,927718.06
577443.8,902362.2
974742.6,1.054012e+06
974742.6,1.0552414e+06
974742.6,1.059972e+06
974742.6,1.0590385e+06
974742.6,1.0319474e+06
974742.6,1.03437075e+06
974742.6,1.034518e+06
974742.6,1.04604194e+06
2.6335008e+06,1.6905988e+06
2.6335008e+06,1.6971845e+06
642529.9,964852.0
642529.9,962464.56
642529.9,963438.7
642529.9,966214.75
642529.9,971297.6
642529.9,962006.0
642529.9,963836.5
642529.9,939689.75
642529.9,938887.06
642529.9,938293.4
642529.9,953190.06
642529.9,939899.6
642529.9,938344.2
642529.9,981216.06
388805.62,608135.7
388805.62,616514.4
388805.62,602617.6
388805.62,585140.2
388805.62,584503.56
388805.62,586396.7
474289.47,646665.9
474289.47,634037.2
285015.12,322224.88
285015.12,317756.1
285015.12,296874.56
285015.12,307126.25
548577.25,866543.2
548577.25,907794.25
632581.06,750018.75
632581.06,748910.0
632581.06,731065.5
592401.2,937815.44
592401.2,963945.6
592401.2,922045.1
583632.8,952347.94
583632.8,953443.5
583632.8,955167.7
583632.8,953975.7
583632.8,956341.6
583632.8,953181.6
583632.8,938377.9
591419.6,526610.25
591419.6,537275.75
591419.6,527966.2
591419.6,512963.84
591419.6,512809.5
314552.75,184506.95
314552.75,176110.11
280788.78,274800.3
280788.78,272333.66
282256.97,158328.8
282256.97,154134.58
403807.25,249795.2
403807.25,230547.61
237729.28,216278.92
237729.28,218634.3
237729.28,199987.39
309937.44,459604.56
309937.44,461436.2
309937.44,472317.25
309937.44,474467.84
287792.53,233315.33
287792.53,239919.17
799101.44,1.0535709e+06
799101.44,1.0490139e+06
799101.44,1.0496054e+06
799101.44,1.0477671e+06
799101.44,1.0482937e+06
799101.44,1.0571942e+06
799101.44,1.0555032e+06
593973.6,759608.2
593973.6,755335.94
224118.38,127360.766
224118.38,122465.516
788901.4,1.0681166e+06
788901.4,1.0654791e+06
788901.4,1.0665712e+06
788901.4,1.0690684e+06
788901.4,1.0704025e+06
788901.4,1.0675115e+06
788901.4,1.0659262e+06
608293.56,863872.06
608293.56,860311.0
608293.56,847458.44
608293.56,821671.1
2.3888145e+06,1.6343204e+06
2.3888145e+06,1.6319406e+06
2.3888145e+06,1.6329098e+06
2.3888145e+06,1.6314944e+06
2.3888145e+06,1.6304442e+06
2.3888145e+06,1.6305565e+06
2.3888145e+06,1.6312185e+06
2.3888145e+06,1.633802e+06
2.3888145e+06,1.6328359e+06
2.3888145e+06,1.6345274e+06
2.3888145e+06,1.6339421e+06
412400.7,443425.84
412400.7,441805.28
551493.94,921172.25
551493.94,938324.0
544153.56,955551.7
544153.56,999519.6
1.2252905e+06,1.1418045e+06
1.2252905e+06,1.1403075e+06
689651.3,1.0118224e+06
689651.3,1.0039404e+06
689651.3,1.015502e+06
689651.3,1.00166706e+06
689651.3,1.0181239e+06
689651.3,983508.25
689651.3,978537.44
689651.3,1.01914244e+06
549314.5,565087.44
549314.5,548191.06
549314.5,564860.8
549314.5,511533.62
549314.5,544542.44
591059.75,842902.3
591059.75,863345.06
591059.75,851288.44
591059.75,855986.2
591059.75,835158.7
591059.75,837739.7
591059.75,831832.94
591059.75,843518.75
334987.12,322001.3
334987.12,308766.34
2.448685e+06,1.6616128e+06
2.448685e+06,1.6700004e+06
1.16117e+06,1.1903885e+06
1.16117e+06,1.1944534e+06
1.16117e+06,1.2036641e+06
1.16117e+06,1.1939574e+06
1.16117e+06,1.1913576e+06
1.16117e+06,1.2009581e+06
1.16117e+06,1.1944348e+06
1.16117e+06,1.2012266e+06
743676.06,1.024323e+06
743676.06,1.0393883e+06
636213.25,835183.94
636213.25,852461.75
1.03158256e+06,1.1155248e+06
1.03158256e+06,1.1257514e+06
1.03158256e+06,1.1079002e+06
301758.03,456695.2
301758.03,456461.3
301758.03,461779.53
597854.25,934641.9
597854.25,937579.1
597854.25,984347.4
597854.25,965069.8
597854.25,952049.8
715269.7,700369.2
715269.7,704817.56
715269.7,708719.5
715269.7,705221.75
715269.7,721214.06
731195.1,818376.44
731195.1,902335.5
603860.56,832343.4
603860.56,856379.3
389858.0,522324.28
389858.0,524722.75
389858.0,529087.7
389858.0,513396.94
551276.9,609027.44
551276.9,586934.0
258207.92,137095.83
258207.92,136238.64
1.0588878e+06,975348.2
1.0588878e+06,974380.56
361456.06,255160.05
361456.06,255407.3
361456.06,247652.33
637882.06,787172.8
637882.06,767274.25
637882.06,756665.0
945005.44,918258.06
945005.44,927981.06
302800.78,162382.86
302800.78,159837.2
650372.8,1.0347572e+06
650372.8,1.0544416e+06
650372.8,1.0334175e+06
650372.8,1.0551981e+06
650372.8,1.0292746e+06
650372.8,1.04794544e+06
650372.8,1.0069097e+06
650372.8,1.01313275e+06
650372.8,1.02900056e+06
650372.8,1.0637484e+06
399267.9,368004.88
399267.9,380583.34
314775.9,203672.61
314775.9,196664.02
483993.56,635778.4
483993.56,638604.2
663632.9,1.016361e+06
663632.9,1.03157925e+06
663632.9,1.0231894e+06
663632.9,1.0153024e+06
663632.9,1.0224457e+06
663632.9,984694.94
663632.9,984694.94
663632.9,985941.2
663632.9,991778.1
663632.9,1.03882456e+06
820900.06,916153.4
820900.06,932458.1
596892.7,747684.7
596892.7,735199.1
598273.6,663474.4
598273.6,676059.7
598273.6,674601.2
598273.6,641881.56
871085.75,854922.56
871085.75,862835.06
592599.25,881116.75
592599.25,887136.4
592599.25,891072.94
592599.25,893266.75
592599.25,891680.9
592599.25,840713.4
592599.25,839028.0
592599.25,846919.4
432461.03,498594.34
432461.03,511382.34
432461.03,529004.94
432461.03,490153.62
649119.9,993851.1
649119.9,986649.06
649119.9,970001.5
509823.7,678966.3
509823.7,666641.06
509823.7,658749.6
320832.8,348190.5
320832.8,351038.28
320832.8,334422.62
552997.5,763455.3
552997.5,801648.8
480557.94,533303.44
480557.94,509375.22
480557.94,503181.25
575155.94,780312.25
575155.94,783465.44
647793.1,788921.0
647793.1,785882.3
647793.1,796489.8
647793.1,787196.06
420618.62,582133.0
420618.62,592284.7
531289.8,785384.25
531289.8,778699.5
531289.8,782165.75
531289.8,764047.1
531289.8,756175.4
245203.16,187688.73
245203.16,191227.61
245203.16,193635.45
547304.5,731904.2
547304.5,730153.6
547304.5,720863.7
431252.0,488180.5
431252.0,488180.5
431252.0,485150.66
533970.7,659718.5
533970.7,657224.4
533970.7,661743.3
533970.7,667608.0
847273.94,1.0814402e+06
847273.94,1.0818611e+06
847273.94,1.092934e+06
847273.94,1.0787161e+06
847273.94,1.083549e+06
847273.94,1.0821272e+06
847273.94,1.0836449e+06
847273.94,1.054114e+06
847273.94,1.0542405e+06
847273.94,1.0595808e+06
363395.25,254227.83
363395.25,252243.77
363395.25,258787.83
515937.97,634244.9
515937.97,626956.8
515937.97,635860.7
269214.38,145910.98
269214.38,151700.83
269214.38,139876.95
861094.4,1.0358155e+06
861094.4,1.0228996e+06
675428.5,942017.9
675428.5,991349.25
298544.03,326165.28
298544.03,305538.03
422077.44,396850.16
422077.44,418065.06
422077.44,382379.7
422077.44,394216.1
422077.44,376241.47
422077.44,381625.88
776889.25,1.03513856e+06
776889.25,1.02405294e+06
776889.25,1.03469625e+06
776889.25,1.0184176e+06
776889.25,1.0352449e+06
776889.25,1.01972125e+06
776889.25,1.02571394e+06
776889.25,1.04082106e+06
211714.02,126072.33
211714.02,127923.95
416063.22,437252.66
416063.22,444719.8
416063.22,453959.12
416063.22,463167.62
416063.22,434841.94
416063.22,425081.47
416063.22,425081.47
416063.22,470353.78
581502.94,904086.44
581502.94,925863.1
401299.94,477892.78
401299.94,494039.88
603555.0,808226.4
603555.0,806361.7
638506.4,978338.1
638506.4,994834.94
638506.4,961367.75
660510.25,768935.7
660510.25,787808.6
605683.0,871623.8
605683.0,841528.44
495475.53,702079.94
495475.53,696514.4
495475.53,700839.4
495475.53,714169.4
768108.3,1.04963e+06
330740.53,225433.02
330740.53,219794.39
272952.22,138080.77
272952.22,155017.58
272952.22,132972.58
734496.9,1.0596966e+06
734496.9,1.052247e+06
734496.9,1.050399e+06
734496.9,1.0616164e+06
734496.9,1.0465101e+06
734496.9,1.0634865e+06
734496.9,1.0327865e+06
734496.9,1.01669125e+06
734496.9,1.0198058e+06
734496.9,1.03697144e+06
734496.9,1.0216307e+06
569282.25,981569.2
569282.25,982983.75
569282.25,982497.5
569282.25,983710.9
569282.25,986015.0
569282.25,982114.44
569282.25,950911.4
569282.25,951822.7
569282.25,955558.3
394825.5,362877.34
394825.5,359206.12
394825.5,360313.72
394825.5,362877.34
394825.5,382185.06
158891.88,107136.58
158891.88,102149.516
879505.1,1.0718539e+06
879505.1,1.0759015e+06
879505.1,1.0758771e+06
879505.1,1.0704474e+06
879505.1,1.076178e+06
879505.1,1.070309e+06
879505.1,1.0895448e+06
521641.3,631233.94
521641.3,600208.3
543046.7,688973.3
543046.7,686166.6
543046.7,701004.94
543046.7,698939.25
419326.84,388432.9
419326.84,425997.84
402803.4,431751.78
402803.4,424124.47
402803.4,429958.7
436125.2,425635.72
436125.2,425662.47
436125.2,423217.72
608820.7,968723.75
608820.7,964804.7
608820.7,964220.7
608820.7,963547.0
608820.7,965081.06
608820.7,965765.06
608820.7,965128.5
608820.7,970879.1
608820.7,939646.94
608820.7,957270.4
608820.7,957707.6
608820.7,956598.25
608820.7,955961.3
660130.5,586266.5
660130.5,614948.8
301990.38,215614.27
301990.38,217359.27
301990.38,201720.02
1.1579919e+06,1.1072235e+06
1.1579919e+06,1.099188e+06
1.1579919e+06,1.1183124e+06
1.1579919e+06,1.1019232e+06
1.1579919e+06,1.099455e+06
1.1579919e+06,1.1181485e+06
1.1579919e+06,1.1076689e+06
1.1579919e+06,1.1246892e+06
381226.78,247793.95
381226.78,243332.67
379068.8,247917.48
379068.8,233312.08
624933.25,616379.4
624933.25,604980.56
624933.25,606887.7
624933.25,586136.6
624933.25,572220.7
624933.25,602719.7
383017.56,577904.0
383017.56,582089.8
383017.56,589623.9
383017.56,569477.56
416780.25,541456.94
416780.25,530636.25
777466.06,1.01323356e+06
777466.06,1.03072594e+06
777466.06,1.0232503e+06
777466.06,1.0195505e+06
777466.06,1.0064404e+06
777466.06,1.04741775e+06
491415.2,698065.8
491415.2,685112.3
491415.2,686657.0
491415.2,688521.1
491415.2,661951.7
491415.2,660563.75
491415.2,673290.06
635043.0,743065.0
635043.0,733781.44
635043.0,754387.9
635043.0,757164.1
575617.5,684991.94
575617.5,704013.44
575617.5,687345.1
575617.5,688609.56
575617.5,708447.75
630855.75,962254.44
630855.75,956138.6
630855.75,951671.1
630855.75,957201.0
630855.75,957150.9
630855.75,951854.0
630855.75,957908.9
630855.75,960435.7
372325.28,390483.3
316652.84,214117.89
316652.84,218225.14
316652.84,218126.48
2.421698e+06,1.643746e+06
2.421698e+06,1.6592976e+06
740793.1,1.0162938e+06
740793.1,1.0207927e+06
740793.1,1.02335506e+06
740793.1,1.0165834e+06
740793.1,1.03597806e+06
740793.1,992757.4
740793.1,995597.44
740793.1,998910.75
740793.1,1.0418643e+06
292145.47,265028.62
292145.47,272930.47
1.1487756e+06,1.1762959e+06
1.1487756e+06,1.176208e+06
1.1487756e+06,1.1722342e+06
1.1487756e+06,1.1738975e+06
1.1487756e+06,1.1714358e+06
1.1487756e+06,1.1757621e+06
1.1487756e+06,1.1423558e+06
1.1487756e+06,1.1436855e+06
1.1487756e+06,1.1484589e+06
1.1487756e+06,1.1695048e+06
266435.03,329617.75
266435.03,336627.72
266435.03,341031.44
387015.25,594160.94
387015.25,592690.4
387015.25,576715.1
387015.25,594046.25
639896.56,887553.9
639896.56,879590.9
639896.56,869506.4
639896.56,864217.0
725297.0,1.03209356e+06
725297.0,1.0346935e+06
725297.0,1.0266018e+06
725297.0,1.0229661e+06
725297.0,1.0355639e+06
725297.0,997764.56
725297.0,1.0098249e+06
725297.0,996505.9
725297.0,1.0634385e+06
735230.44,1.0148515e+06
735230.44,1.0137312e+06
735230.44,1.0154319e+06
735230.44,1.00989256e+06
735230.44,1.0140375e+06
735230.44,988595.94
735230.44,1.0112727e+06
735230.44,995164.06
735230.44,1.0424608e+06
285197.97,228974.83
285197.97,221221.2
759923.4,743804.44
759923.4,753539.9
759923.4,753124.2
759923.4,742808.4
759923.4,766510.7
481583.16,558069.2
481583.16,562293.94
664051.9,895134.44
622425.3,971821.94
298665.06,184314.55
298665.06,181590.14
298665.06,166281.36
570473.25,946854.2
570473.25,980512.0
686523.94,961869.7
686523.94,965486.25
686523.94,963585.4
686523.94,962862.3
686523.94,965028.5
686523.94,960259.4
686523.94,964459.2
686523.94,942278.6
686523.94,941706.0
686523.94,941126.7
686523.94,937847.3
686523.94,977238.3
250052.2,208374.7
250052.2,211487.92
218384.86,139085.58
349553.3,338085.7
349553.3,332614.06
212017.66,258041.67
212017.66,266326.06
586126.9,555927.2
586126.9,534129.7
381412.25,513719.16
381412.25,533904.94
381412.25,513245.8
381412.25,532262.06
599299.0,879754.94
599299.0,878486.06
599299.0,878486.06
599299.0,849882.06
599299.0,851140.56
599299.0,869442.5
391908.53,450463.7
391908.53,438337.97
391908.53,421747.47
479659.1,654122.5
479659.1,653882.6
479659.1,666970.94
479659.1,629336.3
479659.1,627221.8
479659.1,657369.8
827932.0,1.0857596e+06
827932.0,1.0853404e+06
827932.0,1.0845185e+06
827932.0,1.0886216e+06
827932.0,1.0824019e+06
827932.0,1.0885022e+06
827932.0,1.1027006e+06
827932.0,1.0592681e+06
827932.0,1.0671448e+06
827932.0,1.0549078e+06
827932.0,1.0905882e+06
2.675274e+06,1.6949825e+06
2.675274e+06,1.695833e+06
598208.5,840484.44
598208.5,836923.44
598208.5,844056.7
598208.5,845516.8
373672.94,237475.8
373672.94,248516.73
208369.69,133334.08
556041.9,793609.25
556041.9,810173.3
212921.75,131142.64
212921.75,114650.516
215354.83,149076.98
215354.83,143208.95
883247.4,1.0675166e+06
883247.4,1.063013e+06
883247.4,1.0633679e+06
883247.4,1.0615228e+06
883247.4,1.0598244e+06
883247.4,1.03034506e+06
883247.4,1.0281168e+06
883247.4,1.0251936e+06
653768.5,1.0240275e+06
653768.5,994529.1
503515.34,937875.5
503515.34,940431.5
264912.88,145880.55
264912.88,152133.55
318290.28,387964.03
318290.28,386517.78
318290.28,391561.16
318290.28,376464.53
747801.7,754967.7
747801.7,741243.8
393756.6,400063.0
777014.6,972557.25
777014.6,1.0225038e+06
2.7066432e+06,1.6621875e+06
2.7066432e+06,1.667324e+06
1.1927169e+06,1.2015666e+06
1.1927169e+06,1.201475e+06
1.1927169e+06,1.2028375e+06
1.1927169e+06,1.200032e+06
1.1927169e+06,1.2134046e+06
1.1927169e+06,1.2004069e+06
1.1927169e+06,1.2029251e+06
1.1927169e+06,1.1776238e+06
1.1927169e+06,1.1723819e+06
1.1927169e+06,1.1765792e+06
689436.0,1.0043748e+06
689436.0,1.00715794e+06
689436.0,1.00975306e+06
689436.0,1.0110747e+06
689436.0,1.0136099e+06
689436.0,1.0383885e+06
539757.1,508031.75
539757.1,512318.56
539757.1,492490.84
389046.44,378960.25
389046.44,364640.06
487840.88,417514.66
487840.88,410881.38
831005.8,1.0595578e+06
831005.8,1.0692565e+06
831005.8,1.084703e+06
831005.8,1.0690006e+06
831005.8,1.0603506e+06
831005.8,1.083978e+06
831005.8,1.0376797e+06
831005.8,1.0394111e+06
831005.8,1.038836e+06
831005.8,1.0594316e+06
392431.53,531116.4
392431.53,531171.3
392431.53,524445.0
392431.53,536516.9
388117.06,252258.45
388117.06,265454.25
388117.06,250969.27
658222.8,986801.0
658222.8,1.0159469e+06
658222.8,991035.6
855804.5,991082.25
855804.5,992857.1
855804.5,985718.0
855804.5,994247.5
855804.5,968201.2
855804.5,971302.9
471475.06,531268.25
471475.06,527008.4
471475.06,534759.56
736500.4,897150.5
736500.4,896727.4
405690.78,607163.75
405690.78,605193.8
764413.75,873206.94
764413.75,877785.94
764413.75,872757.3
764413.75,871926.9
764413.75,892795.1
543695.6,659008.4
543695.6,656770.56
2.3330415e+06,1.6230264e+06
2.3330415e+06,1.6230725e+06
2.3330415e+06,1.6245021e+06
952331.25,1.0095289e+06
952331.25,1.0166928e+06
952331.25,1.0205177e+06
952331.25,1.01223194e+06
952331.25,1.0265943e+06
952331.25,1.02063225e+06
431961.03,281161.7
321652.78,184502.42
571401.25,952833.44
571401.25,946764.06
864463.8,1.0428665e+06
864463.8,1.0570186e+06
229916.88,261744.36
229916.88,253640.42
229916.88,255582.3
229916.88,245566.3
755746.94,878975.2
755746.94,879352.25
755746.94,888302.5
755746.94,854285.7
755746.94,858318.7
755746.94,904828.2
557119.75,917503.8
557119.75,915395.9
491291.88,599285.8
491291.88,606620.75
491291.88,601784.6
491291.88,649716.75
431663.12,502450.47
431663.12,509914.25
431663.12,498195.28
265007.72,163096.89
265007.72,159491.52
265007.72,150516.45
265007.72,145319.7
400973.8,255708.05
400973.8,271452.1
400973.8,247395.45
393715.2,498571.3
393715.2,497695.12
393715.2,509728.44
567264.75,591698.2
567264.75,582052.2
567264.75,573865.7
567264.75,532498.06
567264.75,522795.88
567264.75,578718.8
310367.03,319238.53
310367.03,299479.44
580752.75,789695.44
580752.75,768194.5
487791.06,627024.0
487791.06,626909.2
487791.06,632632.8
487791.06,644546.2
256047.73,138102.83
256047.73,134048.33
594399.6,769672.5
594399.6,772078.3
594399.6,784047.25
594399.6,747460.75
173484.19,203743.92
173484.19,202528.55
173484.19,189119.95
458394.66,668749.8
458394.66,653636.3
458394.66,663114.44
458394.66,657216.25
458394.66,638486.4
458394.66,636101.9
458394.66,633917.1
486586.9,569896.25
2.37007e+06,1.6483259e+06
2.37007e+06,1.6474271e+06
711925.6,994384.75
711925.6,981017.8
302047.9,298218.34
302047.9,304817.03
302047.9,307975.25
302047.9,310324.5
242332.58,158540.14
242332.58,132694.89
145728.88,89816.08
145728.88,87248.45
490527.66,627117.4
490527.66,633359.06
490527.66,635015.6
669445.25,947815.2
178042.94,127124.266
178042.94,127124.2
994423.94,1.0846881e+06
994423.94,1.1061266e+06
2.2016928e+06,1.6285482e+06
2.2016928e+06,1.6294369e+06
560547.56,735722.94
560547.56,740351.94
560547.56,732472.06
560547.56,722559.2
979816.94,1.1233392e+06
807821.0,684078.0
807821.0,730341.6
1.0365692e+06,1.0711989e+06
364292.72,530428.8
364292.72,529645.75
429454.97,626061.2
429454.97,621911.2
429454.97,631176.94
581324.8,804431.25
581324.8,815486.44
581324.8,807789.75
581324.8,799327.5
581324.8,820950.56
679299.25,995107.0
679299.25,976687.4
379217.72,241939.27
379217.72,242286.98
1.01359244e+06,995198.9
1.01359244e+06,971504.44
609592.25,929399.9
609592.25,971788.2
870571.3,1.1011162e+06
870571.3,1.110091e+06
870571.3,1.1146145e+06
870571.3,1.1019734e+06
870571.3,1.1044582e+06
870571.3,1.1150055e+06
870571.3,1.1031558e+06
870571.3,1.073156e+06
870571.3,1.074471e+06
870571.3,1.0779558e+06
870571.3,1.0847522e+06
870571.3,1.0786608e+06
870571.3,1.0725691e+06
870571.3,1.1030401e+06
444002.0,503161.28
444002.0,502226.66
444002.0,511412.97
444002.0,515194.25
371716.4,542170.1
371716.4,546022.2
371716.4,543892.9
371716.4,531725.1
647093.6,708283.7
382550.22,266255.6
382550.22,263929.25
382550.22,259879.55
682012.06,1.0028373e+06
682012.06,1.0020439e+06
1.3621434e+06,1.2085892e+06
1.3621434e+06,1.2100356e+06
1.3621434e+06,1.210516e+06
1.3621434e+06,1.2127845e+06
1.3621434e+06,1.2141681e+06
1.3621434e+06,1.2135071e+06
1.3621434e+06,1.2121785e+06
1.3621434e+06,1.2086589e+06
1.3621434e+06,1.19656e+06
530121.56,850902.94
530121.56,861842.25
541282.3,985099.7
541282.3,965966.25
541282.3,967333.9
541282.3,978340.1
541282.3,999565.06
541282.3,945487.56
541282.3,947396.4
578371.56,828964.44
578371.56,820529.2
578371.56,841426.7
578371.56,818972.3
578371.56,821304.0
578371.56,824538.7
547325.7,552018.5
547325.7,533711.75
1.1282481e+06,1.0916076e+06
1.1282481e+06,1.1041872e+06
1.1282481e+06,1.0706879e+06
216573.19,136293.27
216573.19,135676.89
216573.19,142093.52
392300.0,257941.89
392300.0,256913.89
392300.0,255962.7
2.3385745e+06,1.6423691e+06
2.3385745e+06,1.649178e+06
680926.94,836926.7
680926.94,831686.75
680926.94,838935.56
680926.94,836545.0
680926.94,799199.4
680926.94,798384.7
680926.94,800619.7
505149.3,651824.1
505149.3,647331.06
274287.8,155799.58
274287.8,160005.89
274287.8,162246.61
529061.5,701506.44
529061.5,704009.0
432791.8,492052.62
432791.8,498488.66
432791.8,484022.62
983073.75,1.0590869e+06
983073.75,1.0558481e+06
983073.75,1.0590451e+06
983073.75,1.07361e+06
983073.75,1.0586591e+06
983073.75,1.0341301e+06
983073.75,1.04461e+06
983073.75,1.03933275e+06
983073.75,1.0663092e+06
445690.0,533539.75
445690.0,559284.1
456639.6,433007.1
456639.6,447059.97
456639.6,432346.12
499328.84,477315.16
499328.84,501218.25
428007.53,520337.5
428007.53,498407.7
494545.06,943526.94
494545.06,947514.44
707231.94,1.0641208e+06
501670.38,653098.25
501670.38,668533.75
501670.38,666167.1
501670.38,648002.3
615001.3,964646.56
615001.3,988594.0
615001.3,962686.3
615001.3,957175.94
615001.3,945883.5
615001.3,941671.25
412555.8,450126.75
412555.8,449920.44
496907.03,975521.5
496907.03,971779.7
286809.66,172724.27
286809.66,171036.02
286809.66,165093.83
374544.1,366745.75
374544.1,367097.62
374544.1,360519.5
346834.84,336789.22
346834.84,344068.47
436252.4,531647.9
436252.4,543076.56
436252.4,549000.56
436252.4,537369.2
630945.94,957528.2
630945.94,967353.56
507889.1,556584.4
507889.1,570894.06
527543.75,617093.8
527543.75,641050.06
527543.75,648850.5
275679.34,234452.33
275679.34,245273.7
543959.4,706189.6
543959.4,708826.5
543959.4,707729.94
543959.4,708068.1
543959.4,671314.75
543959.4,673399.7
543959.4,699427.8
809961.9,1.02741606e+06
809961.9,1.0490988e+06
665211.94,944363.4
665211.94,954780.9
665211.94,953553.06
665211.94,953052.0
665211.94,932536.5
665211.94,937208.8
665211.94,918837.2
637749.7,801824.0
637749.7,793577.25
637749.7,802216.44
637749.7,792843.6
637749.7,766648.7
637749.7,770044.8
637749.7,765062.3
637749.7,773227.5
680299.4,973695.25
680299.4,1.02002875e+06
199969.95,203421.95
199969.95,214597.3
597813.44,988532.1
597813.44,985256.94
597813.44,982168.6
597813.44,989056.8
597813.44,983613.8
597813.44,988349.94
597813.44,953296.8
597813.44,953569.2
597813.44,954261.06
597813.44,964755.4
479660.3,640496.4
299441.78,179037.67
299441.78,178408.23
299441.78,180929.05
940676.06,1.0513889e+06
940676.06,1.0625682e+06
940676.06,1.0522971e+06
940676.06,1.052485e+06
940676.06,1.0695259e+06
940676.06,1.0645836e+06
286875.5,273132.3
286875.5,256128.73
583290.2,826717.56
688078.3,827907.9
688078.3,844829.56
688078.3,850963.8
688078.3,838240.3
688078.3,799031.44
688078.3,805351.75
688078.3,798381.25
688078.3,862665.0
744443.5,741518.0
744443.5,749609.9
557053.25,634139.06
557053.25,617892.1
279986.62,157163.45
279986.62,145732.89
466361.28,624326.4
610158.9,772628.4
610158.9,778318.56
610158.9,765271.06
859523.5,956157.8
859523.5,980810.6
399054.28,579867.56
399054.28,573172.9
399054.28,569385.7
399054.28,584982.25
399054.28,551884.1
752362.0,983655.75
752362.0,1.03295506e+06
933727.7,1.0278664e+06
933727.7,1.03138694e+06
933727.7,1.03391444e+06
933727.7,1.0180642e+06
933727.7,1.0242553e+06
933727.7,1.071425e+06
441327.9,259224.7
441327.9,271320.8
422280.1,584282.94
422280.1,592011.94
422280.1,586341.5
422280.1,574679.94
468898.88,627147.25
468898.88,633023.06
468898.88,639324.6
468898.88,602565.75
468898.88,592827.06
727169.9,850848.6
727169.9,864571.3
727169.9,850279.06
727169.9,851489.3
727169.9,839600.25
727169.9,886069.6
688197.4,1.0530889e+06
688197.4,1.03150775e+06
688197.4,1.03277425e+06
688197.4,1.0543006e+06
688197.4,1.0382176e+06
688197.4,1.04554044e+06
688197.4,1.0165219e+06
688197.4,1.0289524e+06
688197.4,1.028371e+06
688197.4,1.0732605e+06
871510.94,1.0956178e+06
871510.94,1.0963592e+06
871510.94,1.0990765e+06
871510.94,1.1035348e+06
871510.94,1.0900699e+06
871510.94,1.0891875e+06
871510.94,1.1030724e+06
871510.94,1.0990496e+06
871510.94,1.093353e+06
737598.5,906330.56
737598.5,902507.25
737598.5,906080.56
737598.5,890341.6
737598.5,884488.8
337993.22,214599.89
337993.22,215042.98
772727.56,913375.7
772727.56,895916.8
407394.62,562258.1
407394.62,563882.75
407394.62,540649.2
636558.7,680718.2
636558.7,680355.8
636558.7,693490.9
636558.7,668073.3
636558.7,671242.06
622436.8,987891.44
622436.8,975580.9
622436.8,968328.5
622436.8,1.00570806e+06
622436.8,1.00647956e+06
2.3149275e+06,1.6473451e+06
2.3149275e+06,1.645211e+06
2.3149275e+06,1.6472966e+06
591095.3,645507.56
591095.3,631677.56
591095.3,643989.25
618306.25,546225.3
618306.25,551979.25
618306.25,551460.25
618306.25,528570.8
618306.25,537954.6
791257.5,926777.0
791257.5,933962.8
434209.72,422700.06
434209.72,434038.66
836063.44,1.03588356e+06
836063.44,1.0370224e+06
1.325086e+06,1.2485461e+06
1.325086e+06,1.2485174e+06
1.325086e+06,1.2436249e+06
1.325086e+06,1.2435029e+06
1.325086e+06,1.2435125e+06
1.325086e+06,1.2367786e+06
1.325086e+06,1.2565458e+06
1.325086e+06,1.2386071e+06
1.325086e+06,1.2436489e+06
1.325086e+06,1.2619475e+06
417890.1,581132.2
417890.1,587632.8
417890.1,584804.1
417890.1,567343.1
1.1698222e+06,1.2035889e+06
1.1698222e+06,1.2049716e+06
1.1698222e+06,1.2055082e+06
1.1698222e+06,1.205541e+06
1.1698222e+06,1.2060834e+06
1.1698222e+06,1.2155296e+06
1.1698222e+06,1.2071309e+06
1.1698222e+06,1.1761791e+06
1.1698222e+06,1.1865532e+06
1.1698222e+06,1.1821946e+06
1.1698222e+06,1.1794815e+06
1.1698222e+06,1.177633e+06
702992.25,644392.1
702992.25,652091.56
702992.25,653298.2
702992.25,604553.75
702992.25,645220.3
268082.6,146320.27
268082.6,146225.17
750740.75,1.0346059e+06
947118.1,1.0282958e+06
947118.1,1.0410209e+06
947118.1,1.0170786e+06
947118.1,1.04215106e+06
947118.1,1.0546385e+06
947118.1,1.0303526e+06
947118.1,994685.8
947118.1,994685.8
947118.1,1.011574e+06
947118.1,1.00136775e+06
947118.1,1.0284454e+06
574195.7,958796.8
574195.7,972467.1
574195.7,946976.94
236599.78,275997.53
236599.78,273298.25
737738.06,744827.5
737738.06,732129.7
488509.72,728958.06
585877.2,716948.25
585877.2,713099.8
585877.2,713724.3
585877.2,722641.94
585877.2,724493.25
650961.1,939637.0
650961.1,993492.3
507678.62,746664.44
507678.62,764267.75
309167.6,196546.11
309167.6,202391.45
309167.6,201503.8
791753.3,761729.94
791753.3,777548.7
791753.3,749340.06
728098.75,961173.9
728098.75,966590.6
728098.75,962491.1
728098.75,962545.3
728098.75,979082.75
728098.75,947964.2
479881.44,598119.7
479881.44,614605.3
479881.44,602708.2
660689.7,775071.7
660689.7,768103.9
660689.7,771730.94
660689.7,793850.56
913539.3,1.0607164e+06
913539.3,1.0597726e+06
913539.3,1.0625769e+06
913539.3,1.061062e+06
913539.3,1.0692386e+06
913539.3,1.02073344e+06
913539.3,1.0259342e+06
913539.3,1.0381572e+06
436602.78,563268.25
436602.78,544975.4
542978.25,949975.2
542978.25,981529.06
565125.4,597939.9
565125.4,615162.0
565125.4,610937.1
565125.4,598763.56
924319.5,997294.9
924319.5,1.0382174e+06
924319.5,981472.94
168647.45,104154.14
168647.45,108530.58
662139.06,1.01921025e+06
662139.06,1.02719494e+06
662139.06,1.008432e+06
662139.06,1.0088763e+06
662139.06,1.03534644e+06
662139.06,983981.56
662139.06,1.0139612e+06
662139.06,982023.94
611039.5,928806.9
611039.5,943618.2
611039.5,939988.8
758626.5,1.0337e+06
758626.5,1.0426746e+06
758626.5,1.0344886e+06
758626.5,1.03745675e+06
758626.5,1.04184e+06
758626.5,1.04060556e+06
758626.5,1.0131686e+06
758626.5,1.0121315e+06
758626.5,1.01243506e+06
758626.5,1.055894e+06
566947.25,704673.2
566947.25,720343.56
566947.25,703819.8
566947.25,713019.25
566947.25,730849.94
400010.1,391070.8
400010.1,390558.1
400010.1,403070.22
400010.1,381682.34
518399.1,672630.8
518399.1,654189.44
518399.1,668089.44
518399.1,667447.44
518399.1,632785.9
456301.03,431730.44
456301.03,427733.84
538009.06,514194.0
538009.06,520376.53
884579.25,961489.5
884579.25,967634.4
612908.44,993287.25
612908.44,972924.1
612908.44,987620.5
612908.44,983986.06
612908.44,982774.4
612908.44,980585.1
612908.44,960582.25
605519.1,721535.0
605519.1,735277.44
605519.1,729760.3
605519.1,685778.75
605519.1,688501.7
784878.25,889556.3
784878.25,895065.9
239485.45,148847.8
239485.45,135402.77
780423.2,964089.3
780423.2,979725.5
780423.2,963706.3
229122.42,130512.08
229122.42,137277.7
640696.06,836238.9
640696.06,837880.56
639583.06,963862.56
639583.06,967067.1
639583.06,963274.75
639583.06,961773.6
639583.06,970994.5
639583.06,973814.25
639583.06,970020.25
639583.06,966175.75
639583.06,940883.1
639583.06,939500.2
639583.06,938376.2
639583.06,939105.56
639583.06,980514.2
816987.94,770399.94
816987.94,772189.7
124689.234,139602.14
124689.234,144340.39
124689.234,141732.27
193956.86,263702.62
358152.66,430680.62
358152.66,436435.72
799713.3,929135.0
799713.3,932226.25
404722.1,538742.8
404722.1,538590.6
404722.1,528625.7
404722.1,550116.75
605961.9,590651.2
605961.9,616272.56
2.662691e+06,1.691518e+06
2.662691e+06,1.6934924e+06
359869.28,374519.53
534236.94,502542.6
534236.94,501259.3
534236.94,503966.22
534236.94,505154.1
490078.4,522705.28
490078.4,517402.6
595650.8,755005.7
595650.8,741865.25
595650.8,743039.3
595650.8,723381.94
595650.8,759655.4
265986.2,154333.11
399347.56,357191.9
399347.56,361706.0
610129.25,1.04715144e+06
675206.75,1.0079712e+06
675206.75,991545.56
440663.38,460236.47
440663.38,476555.66
477890.5,621012.1
477890.5,621269.44
477890.5,625029.5
477890.5,582937.3
477890.5,608722.7
597534.8,727675.5
597534.8,741482.06
597534.8,751236.75
597534.8,747853.56
525787.9,745179.0
525787.9,779855.06
775087.94,1.00562944e+06
775087.94,1.0543564e+06
589167.2,651689.1
589167.2,684919.75
686525.4,714545.25
686525.4,734045.5
180399.56,124235.33
180399.56,105988.08
248813.55,268087.56
248813.55,257059.3
777950.44,801685.56
777950.44,812818.7
777950.44,816440.25
777950.44,801372.8
777950.44,787063.8
627765.06,858146.8
627765.06,853773.2
627765.06,869247.94
627765.06,849638.8
627765.06,849741.4
627765.06,875541.2
1.32442e+06,1.2223651e+06
1.32442e+06,1.2204364e+06
1.32442e+06,1.2176185e+06
1.32442e+06,1.2253822e+06
1.32442e+06,1.2206329e+06
1.32442e+06,1.2170081e+06
1.32442e+06,1.2165342e+06
1.32442e+06,1.228492e+06
1.32442e+06,1.2155718e+06
2.646733e+06,1.6813029e+06
2.646733e+06,1.6939326e+06
766401.3,1.03122494e+06
766401.3,1.02870425e+06
766401.3,1.03060894e+06
766401.3,1.0447551e+06
766401.3,1.02680344e+06
766401.3,1.03106606e+06
766401.3,1.0299831e+06
987545.94,931925.06
987545.94,931767.44
987545.94,904776.06
848056.3,1.0732878e+06
848056.3,1.0569719e+06
848056.3,1.0720142e+06
848056.3,1.056946e+06
848056.3,1.053374e+06
848056.3,1.0615219e+06
848056.3,1.0249691e+06
848056.3,1.0469162e+06
848056.3,1.0292033e+06
848056.3,1.0712601e+06
473883.7,671308.4
473883.7,668098.3
473883.7,650925.7
722780.3,1.0147136e+06
722780.3,1.029772e+06
722780.3,1.0119002e+06
722780.3,1.0136731e+06
722780.3,1.0131952e+06
722780.3,1.00722106e+06
722780.3,1.032867e+06
434210.9,410108.56
434210.9,414727.34
819212.7,948636.6
819212.7,967855.7
365562.3,230156.55
365562.3,230302.73
365562.3,242856.55
652600.9,857677.75
652600.9,874800.06
652600.9,873390.94
652600.9,853648.9
652600.9,849771.5
652600.9,882279.4
840606.8,926877.8
840606.8,936853.9
527599.3,774802.94
527599.3,757534.5
318630.53,215855.14
318630.53,221508.64
679817.44,805799.6
679817.44,777216.4
890095.3,998519.2
890095.3,1.01343825e+06
457163.6,599375.0
457163.6,591117.0
457163.6,598859.5
457163.6,602522.1
384905.66,551971.75
384905.66,567546.75
395627.88,385798.97
395627.88,399377.8
1.0673841e+06,1.1807318e+06
1.0673841e+06,1.1775878e+06
1.0673841e+06,1.180425e+06
1.0673841e+06,1.17725e+06
1.0673841e+06,1.1798478e+06
1.0673841e+06,1.1805889e+06
1.0673841e+06,1.1899904e+06
1.0673841e+06,1.1474514e+06
1.0673841e+06,1.1529264e+06
1.0673841e+06,1.1513548e+06
1.0673841e+06,1.1484165e+06
1.0673841e+06,1.1763998e+06
377354.1,250385.39
377354.1,241161.67
556493.4,734334.25
556493.4,728519.75
556493.4,739680.8
556493.4,750666.25
295050.8,341375.4
295050.8,317882.06
295050.8,346661.8
295050.8,329727.06
441870.66,643811.75
441870.66,648780.7
441870.66,636536.0
441870.66,603520.75
441870.66,614494.0
441870.66,619125.75
568431.94,978159.9
568431.94,979954.75
568431.94,978426.2
568431.94,978810.4
568431.94,978974.44
568431.94,977384.3
568431.94,983889.5
568431.94,977075.4
568431.94,954718.8
768008.56,852372.4
768008.56,855212.3
768008.56,880948.56
768008.56,858870.06
768008.56,816479.7
768008.56,819017.25
768008.56,900082.06
1.2548092e+06,1.2379001e+06
623968.9,766609.44
623968.9,770333.25
643668.5,1.0075816e+06
643668.5,982793.2
643668.5,984316.6
643668.5,987441.0
643668.5,994326.6
643668.5,955448.75
643668.5,965316.8
594369.25,588715.0
594369.25,597693.9
594369.25,598295.7
594369.25,594939.8
283185.53,169476.73
283185.53,156958.61
323766.03,323735.44
323766.03,330161.3
323766.03,331241.38
373257.22,453058.84
373257.22,460899.8
373257.22,456206.25
2.558635e+06,1.6769828e+06
2.558635e+06,1.6871246e+06
384522.25,360790.84
384522.25,383858.66
422143.2,428163.75
422143.2,423368.3
422143.2,444591.25
422143.2,431849.38
576381.56,931020.25
576381.56,943962.0
427164.3,256683.86
427164.3,251060.7
489488.6,491569.16
489488.6,484121.97
489488.6,502248.94
345909.7,375829.8
345909.7,372954.0
754457.3,858533.2
754457.3,914699.7
406482.72,553483.4
571558.6,916505.75
571558.6,917239.9
748486.5,991992.3
748486.5,1.0015021e+06
748486.5,1.0051931e+06
748486.5,983786.94
748486.5,985902.75
748486.5,997732.9
748486.5,968794.5
629204.4,1.01224256e+06
629204.4,998707.2
629204.4,998173.7
629204.4,1.0077698e+06
629204.4,976606.2
629204.4,998406.7
629204.4,975225.3
629204.4,1.0099545e+06
600345.6,691447.2
600345.6,688177.3
600345.6,686760.3
600345.6,685612.44
600345.6,697189.4
600345.6,689305.9
267998.34,354757.16
267998.34,352625.78
455588.22,535574.9
455588.22,537294.5
455588.22,538504.44
422441.94,375663.97
422441.94,377857.72
606853.06,759145.2
606853.06,727738.5
589387.44,973059.75
589387.44,1.0049382e+06
181419.62,196220.45
181419.62,190955.8
649599.56,1.0590519e+06
553776.06,965064.9
553776.06,964930.5
553776.06,971913.44
553776.06,970449.2
553776.06,964704.5
553776.06,966755.6
553776.06,949126.6
322300.06,373293.84
322300.06,373828.75
322300.06,373518.47
885762.0,974314.75
885762.0,960829.06
885762.0,984668.56
885762.0,966054.0
885762.0,934983.5
885762.0,928391.9
885762.0,992344.7
375718.62,526875.3
375718.62,528712.7
375718.62,531329.5
375718.62,529314.56
321709.25,343445.03
321709.25,358413.94
607431.7,928422.5
610687.2,664342.9
610687.2,727517.44
592634.0,982371.8
592634.0,988201.06
592634.0,953614.06
592634.0,997156.0
592634.0,940099.4
432771.1,553550.25
432771.1,575192.1
1.2960778e+06,1.2379214e+06
1.2960778e+06,1.2301801e+06
1.2960778e+06,1.2270339e+06
1.2960778e+06,1.2378025e+06
1.2960778e+06,1.2265326e+06
1.2960778e+06,1.235695e+06
1.2960778e+06,1.2265688e+06
1.2960778e+06,1.2303038e+06
1.2960778e+06,1.2289711e+06
893035.6,1.0090176e+06
893035.6,989153.4
300759.53,218264.08
300759.53,201650.67
312317.3,191666.73
312317.3,194633.3
604600.0,831018.94
604600.0,835245.94
604600.0,820805.0
604600.0,835641.06
604600.0,842169.75
800837.7,950725.9
800837.7,950733.25
800837.7,950082.6
800837.7,920185.8
800837.7,933602.0
457762.5,567472.7
457762.5,590073.56
594639.6,745729.2
594639.6,746435.6
594639.6,743721.06
2.7289225e+06,1.6914345e+06
2.7289225e+06,1.6871701e+06
2.7289225e+06,1.6845485e+06
381323.88,534415.6
381323.88,540233.9
381323.88,534049.7
381323.88,532007.4
847182.94,907973.1
847182.94,987895.75
2.6025375e+06,1.6771152e+06
2.6025375e+06,1.6740412e+06
418975.53,613954.1
418975.53,654217.4
871578.94,1.0016832e+06
871578.94,986905.4
871578.94,1.0032788e+06
871578.94,986717.44
871578.94,992938.3
871578.94,1.0268013e+06
811964.25,1.0717004e+06
811964.25,1.0689238e+06
811964.25,1.0682788e+06
811964.25,1.0675919e+06
811964.25,1.0719518e+06
811964.25,1.0651384e+06
811964.25,1.0810451e+06
449058.97,458233.38
449058.97,435251.8
449058.97,463827.78
449058.97,438045.6
449058.97,434494.53
449058.97,420085.88
449058.97,430632.12
510296.94,609773.2
510296.94,574258.3
543832.9,875672.0
543832.9,874982.75
265158.44,241921.83
265158.44,250894.42
722713.06,984557.94
722713.06,1.02102956e+06
803826.6,992269.5
803826.6,1.03423544e+06
564806.94,928820.44
564806.94,950025.4
564806.94,927292.4
617888.6,729411.25
534409.1,707759.2
534409.1,688412.0
534409.1,701465.0
534409.1,692298.3
534409.1,666801.6
534409.1,662740.7
534409.1,694041.4
483709.8,680238.5
483709.8,646945.7
483709.8,629628.7
823759.6,1.0757785e+06
823759.6,1.0765531e+06
823759.6,1.0888251e+06
823759.6,1.0753308e+06
823759.6,1.087041e+06
823759.6,1.0757134e+06
823759.6,1.0702918e+06
823759.6,1.04501794e+06
823759.6,1.04550894e+06
823759.6,1.0501112e+06
823759.6,1.0465164e+06
823759.6,1.0934758e+06
427606.7,388523.78
427606.7,400077.6
427606.7,394298.06
427606.7,394336.3
295479.47,389629.25
295479.47,370972.34
573843.0,969347.06
573843.0,970703.1
573843.0,985630.1
573843.0,971571.0
573843.0,971525.5
573843.0,962024.75
573843.0,945137.94
573843.0,974615.25
573843.0,946203.06
573843.0,965315.75
369989.1,235961.2
369989.1,226049.45
550919.9,963818.5
550919.9,961233.25
550919.9,962052.0
550919.9,956935.8
550919.9,978952.4
616738.94,864850.56
616738.94,863096.6
616738.94,857860.8
616738.94,874762.1
616738.94,826784.7
585631.9,856183.56
585631.9,856076.4
585631.9,825699.44
587348.4,583827.75
587348.4,581447.44
587348.4,566335.75
245583.25,278018.16
245583.25,266480.62
245583.25,268705.22
371960.06,455904.94
371960.06,447069.28
371960.06,446374.5
221523.02,124115.83
221523.02,129374.08
221523.02,118481.766
900560.7,1.0805851e+06
900560.7,1.0769394e+06
900560.7,1.0900084e+06
900560.7,1.0818781e+06
900560.7,1.0807396e+06
900560.7,1.0823329e+06
900560.7,1.0555459e+06
900560.7,1.0522199e+06
900560.7,1.053448e+06
900560.7,1.0968895e+06
859832.75,1.0752031e+06
859832.75,1.0843188e+06
859832.75,1.0760418e+06
859832.75,1.07203e+06
859832.75,1.0716425e+06
859832.75,1.0753579e+06
859832.75,1.0842141e+06
302569.66,294161.72
302569.66,298787.75
520464.0,717889.5
520464.0,719422.44
619432.56,1.015502e+06
619432.56,1.0359902e+06
619432.56,1.0012887e+06
619432.56,1.010023e+06
619432.56,999431.9
619432.56,994338.6
619432.56,988935.94
528542.3,939758.44
528542.3,877727.44
785832.8,1.0767628e+06
785832.8,1.0852952e+06
785832.8,1.0670255e+06
785832.8,1.071362e+06
785832.8,1.0707196e+06
785832.8,1.0683829e+06
785832.8,1.0409595e+06
785832.8,1.0433331e+06
785832.8,1.0456627e+06
785832.8,1.0633288e+06
452865.53,536045.94
452865.53,522437.6
774060.06,719058.9
774060.06,755385.6
670436.75,959917.9
670436.75,989784.44
605807.1,627608.3
605807.1,619070.5
270692.2,154130.27
270692.2,161800.2
603310.2,600640.2
603310.2,608992.44
603310.2,599682.06
871198.2,1.0109785e+06
871198.2,959999.94
670955.0,953211.8
670955.0,1.01092156e+06
665197.0,930819.25
665197.0,930638.7
665197.0,932766.56
665197.0,922446.8
665197.0,921620.44
665197.0,920215.4
665197.0,922694.7
665197.0,936147.1
427457.53,483659.8
427457.53,479290.25
427457.53,488418.72
587277.56,740800.44
587277.56,744227.3
587277.56,736102.5
587277.56,754444.4
358295.03,489232.84
549843.3,640320.9
549843.3,634292.7
549843.3,649697.06
549843.3,624961.75
530483.75,706970.1
530483.75,722749.25
530483.75,720833.1
530483.75,706424.75
530483.75,686945.44
530483.75,686497.4
530483.75,686645.7
530483.75,688582.1
612948.2,975152.56
612948.2,977362.56
612948.2,975212.06
612948.2,977183.8
612948.2,976634.25
612948.2,974711.06
612948.2,976801.6
612948.2,961434.44
612948.2,947091.0
612948.2,947872.9
612948.2,975995.44
830778.94,1.008364e+06
830778.94,1.0414307e+06
830778.94,1.0074985e+06
529600.75,714748.3
529600.75,736027.7
529600.75,724529.75
825567.0,949525.1
825567.0,947317.6
825567.0,937898.2
825567.0,951526.4
825567.0,912142.7
825567.0,913457.8
825567.0,911488.6
825567.0,973925.5
552232.7,772513.44
552232.7,771641.4
552232.7,776186.7
552232.7,813810.44
514799.6,883959.5
514799.6,882977.7
792137.6,1.0370845e+06
792137.6,1.0286618e+06
792137.6,1.0437009e+06
792137.6,1.0507375e+06
792137.6,1.0003072e+06
644583.6,938642.94
644583.6,987384.4
768773.25,1.0629038e+06
768773.25,1.0614394e+06
768773.25,1.0725152e+06
768773.25,1.0639774e+06
768773.25,1.0654179e+06
768773.25,1.0635336e+06
768773.25,1.061277e+06
768773.25,1.04430125e+06
768773.25,1.0355415e+06
768773.25,1.0375574e+06
768773.25,1.0309804e+06
768773.25,1.0345551e+06
768773.25,1.0444969e+06
426494.2,493105.72
426494.2,485951.3
846810.3,1.02184806e+06
846810.3,1.0651246e+06
440769.16,478391.56
440769.16,454073.66
267923.1,147763.86
267923.1,146233.89
626199.75,769757.8
626199.75,761436.4
626199.75,782573.6
626199.75,719152.4
388236.1,630157.25
388236.1,619411.9
886645.56,1.0093543e+06
886645.56,1.0110171e+06
886645.56,971253.5
886645.56,988639.06
886645.56,968533.06
886645.56,969202.9
606443.25,741786.25
606443.25,733423.3
873012.8,856183.3
873012.8,862072.0
873012.8,865258.25
873012.8,871535.2
873012.8,805194.7
873012.8,815114.0
873012.8,804807.8
873012.8,825048.06
578127.4,657670.75
578127.4,679650.2
720077.9,794831.44
1.4345788e+06,1.2699032e+06
1.4345788e+06,1.270578e+06
1.4345788e+06,1.2722845e+06
1.4345788e+06,1.2737479e+06
1.4345788e+06,1.2727806e+06
1.4345788e+06,1.2743025e+06
1.4345788e+06,1.2707011e+06
1.4345788e+06,1.2673955e+06
1.4345788e+06,1.2728102e+06
1.4345788e+06,1.2658436e+06
1.4345788e+06,1.2713042e+06
277772.2,143699.33
277772.2,138606.89
378297.12,390325.4
378297.12,392300.34
378297.12,381394.06
410188.06,262932.12
410188.06,239711.11
377091.06,435031.22
377091.06,429845.8
211256.45,225593.61
211256.45,229059.02
211256.45,244229.36
667089.44,813680.3
667089.44,802691.56
1.244914e+06,1.2501758e+06
247772.25,204102.83
247772.25,218592.52
247772.25,208166.39
397676.72,478962.4
397676.72,475981.47
648369.7,888494.2
648369.7,870979.9
648369.7,871246.75
648369.7,888494.2
648369.7,889428.9
978361.44,1.0471076e+06
726249.7,1.0180101e+06
726249.7,1.0174203e+06
726249.7,1.0188577e+06
726249.7,1.03484156e+06
726249.7,1.01773175e+06
726249.7,1.0298081e+06
726249.7,1.0469122e+06
382805.0,540297.06
382805.0,547184.44
1.0559929e+06,1.0906e+06
1.0559929e+06,1.1186042e+06
425457.38,641308.6
425457.38,635164.6
738685.75,831306.7
738685.75,846283.25
508526.1,762677.25
508526.1,751584.2
508526.1,759635.1
508526.1,766550.1
508526.1,733933.9
508526.1,736333.44
508526.1,734382.4
759189.8,780019.75
759189.8,775760.75
188939.75,127203.45
188939.75,111734.39
896160.9,973871.06
896160.9,983887.8
462632.9,456218.12
462632.9,448767.4
462632.9,448059.56
462632.9,462329.34
164552.12,114374.45
164552.12,115363.08
164552.12,112375.39
899492.8,881973.8
899492.8,859228.6
899492.8,863750.4
899492.8,870858.56
899492.8,844893.6
899492.8,851798.5
899492.8,896411.8
579368.56,646988.4
579368.56,641022.9
929013.7,1.1208739e+06
929013.7,1.123165e+06
929013.7,1.1254732e+06
929013.7,1.1262635e+06
929013.7,1.1261555e+06
929013.7,1.1164496e+06
929013.7,1.1235176e+06
929013.7,1.117688e+06
929013.7,1.1182251e+06
929013.7,1.1155678e+06
587621.7,692872.44
587621.7,696052.0
587621.7,699748.2
587621.7,663614.6
587621.7,690759.3
508493.1,634177.1
508493.1,676049.4
367257.47,234359.73
367257.47,230196.08
440586.28,607353.94
440586.28,602216.7
440586.28,583785.2
577032.8,1.0042976e+06
577032.8,1.0016245e+06
577032.8,998746.7
577032.8,985632.4
577032.8,1.003313e+06
577032.8,964412.8
577032.8,963281.94
577032.8,964902.56
577032.8,972010.25
577032.8,1.019246e+06
2.5324448e+06,1.6794226e+06
2.5324448e+06,1.6820328e+06
2.5324448e+06,1.6785372e+06
469236.7,468747.12
469236.7,464821.66
469236.7,484267.75
494696.47,626450.06
494696.47,640893.75
410415.9,500615.9
410415.9,483096.9
637351.9,754516.2
637351.9,755749.4
637351.9,756048.8
637351.9,728169.8
637351.9,729016.44
486536.72,589533.0
486536.72,597548.0
486536.72,583175.6
796603.94,1.0701459e+06
796603.94,1.0690336e+06
796603.94,1.06999e+06
796603.94,1.064975e+06
796603.94,1.0793296e+06
796603.94,1.0678055e+06
796603.94,1.0719539e+06
554817.06,881360.3
554817.06,889677.75
786461.0,898231.7
786461.0,905156.25
786461.0,891867.7
786461.0,893526.6
786461.0,855749.25
786461.0,853308.8
751227.56,1.0221763e+06
751227.56,1.0137497e+06
751227.56,1.02091125e+06
751227.56,1.0132696e+06
751227.56,1.022687e+06
751227.56,1.0237719e+06
751227.56,993956.2
751227.56,1.0107166e+06
751227.56,1.0010984e+06
751227.56,997181.2
751227.56,987196.5
615673.9,820763.1
615673.9,828746.25
615673.9,827992.3
615673.9,803906.1
876225.25,1.1108819e+06
876225.25,1.1013612e+06
876225.25,1.1072632e+06
876225.25,1.1020572e+06
876225.25,1.101468e+06
876225.25,1.1022189e+06
876225.25,1.1059618e+06
876225.25,1.0985402e+06
876225.25,1.0784591e+06
876225.25,1.0748466e+06
876225.25,1.076189e+06
876225.25,1.0752072e+06
876225.25,1.07328e+06
876225.25,1.0954355e+06
256191.75,142939.39
256191.75,138583.64
552471.56,793259.25
552471.56,788581.06
552471.56,794462.5
552471.56,771245.4
552471.56,770230.2
552471.56,779992.2
456997.97,401044.34
456997.97,414177.2
456997.97,413738.75
456997.97,397789.28
632536.8,781668.9
660933.7,962995.56
660933.7,960056.3
375151.12,221611.33
375151.12,223471.89
732343.7,1.00305644e+06
732343.7,998400.06
732343.7,998864.6
732343.7,995777.56
732343.7,936620.75
527687.44,512590.0
527687.44,493347.47
527687.44,500182.8
801572.5,1.04258625e+06
801572.5,1.0048557e+06
246658.34,136161.27
246658.34,132368.7
501670.7,628937.2
501670.7,634297.3
501670.7,635460.1
501670.7,598375.7
413026.72,419758.03
413026.72,417400.62
558525.9,762530.2
558525.9,761913.5
558525.9,754940.3
558525.9,789760.75
455013.9,416358.16
455013.9,419745.84
455013.9,426338.0
455013.9,423811.06
280902.62,165185.08
280902.62,163382.7
280902.62,156008.11
458928.72,579945.56
458928.72,604931.9
458928.72,591767.4
192191.72,132405.77
192191.72,136768.7
473198.97,670711.6
473198.97,662816.9
1.2790295e+06,1.1580015e+06
1.2790295e+06,1.1497016e+06
497417.03,633729.2
497417.03,596746.56
719432.44,1.0162752e+06
719432.44,1.01329375e+06
719432.44,1.03467194e+06
719432.44,1.01230056e+06
719432.44,1.0175731e+06
719432.44,1.0106327e+06
719432.44,1.0177589e+06
952978.06,1.1090478e+06
952978.06,1.1060456e+06
952978.06,1.1079832e+06
952978.06,1.1053139e+06
952978.06,1.1078784e+06
952978.06,1.1029869e+06
952978.06,1.1067761e+06
952978.06,1.081212e+06
952978.06,1.0776122e+06
952978.06,1.0773028e+06
952978.06,1.086355e+06
952978.06,1.114975e+06
716362.56,652188.5
716362.56,682520.94
857398.06,946172.5
857398.06,977425.7
573020.3,537880.4
573020.3,564734.0
666287.1,899128.6
666287.1,903630.56
666287.1,907341.56
666287.1,909371.1
744577.4,853416.7
744577.4,861843.8
744577.4,850594.06
627975.2,853886.44
627975.2,836032.8
260639.58,274886.66
260639.58,266990.84
308015.8,195522.73
308015.8,195350.48
308015.8,191164.42
666723.5,977633.7
666723.5,976986.2
666723.5,973168.3
666723.5,969955.06
666723.5,972438.0
666723.5,972227.2
666723.5,972696.06
666723.5,986736.3
666723.5,953305.94
666723.5,959575.8
666723.5,953649.1
666723.5,950802.7
666723.5,969016.9
666723.5,955532.8
666723.5,958338.75
666723.5,988165.8
397951.62,397520.47
397951.62,410163.03
397951.62,379199.84
349522.8,308014.03
349522.8,303738.3
349522.8,289934.62
447783.75,582892.4
447783.75,574867.44
447783.75,575636.8
292883.47,167879.02
292883.47,165672.86
292883.47,165570.95
590292.8,963868.2
590292.8,957538.4
590292.8,995011.9
590292.8,955727.4
590292.8,955051.9
590292.8,969949.3
407831.06,492668.22
407831.06,487455.53
407831.06,482085.0
287824.88,349424.53
287824.88,340833.3
287824.88,343883.0
465469.53,651131.1
465469.53,639345.44
465469.53,634858.3
465469.53,645063.94
465469.53,617178.94
318456.12,272717.84
318456.12,278726.34
951691.75,1.1041395e+06
951691.75,1.1143191e+06
951691.75,1.1045722e+06
951691.75,1.1141158e+06
951691.75,1.1060278e+06
951691.75,1.1107529e+06
951691.75,1.1018971e+06
951691.75,1.1103226e+06
951691.75,1.0781251e+06
951691.75,1.0855631e+06
951691.75,1.0812365e+06
951691.75,1.0838184e+06
951691.75,1.1144286e+06
595611.5,743394.1
595611.5,737653.1
595611.5,729052.06
595611.5,741568.94
580384.06,757315.3
580384.06,780804.8
421686.62,374734.0
421686.62,396222.53
421686.62,392057.6
305234.2,176501.02
305234.2,175818.02
305234.2,187090.02
334730.38,212880.33
334730.38,215216.33
334730.38,212788.2
256805.6,295597.0
256805.6,261844.64
488211.38,493316.44
488211.38,485337.88
676455.6,998625.4
676455.6,986151.8
463858.1,461296.75
463858.1,439117.22
463858.1,439147.2
463858.1,459776.62
462943.3,555341.56
462943.3,559039.94
462943.3,558173.7
462943.3,539064.44
563087.5,981096.5
563087.5,980448.4
563087.5,980668.3
563087.5,980706.0
563087.5,981258.2
563087.5,978815.7
563087.5,970818.25
437467.84,504616.66
437467.84,510802.9
437467.84,515022.5
341131.84,398901.75
636998.0,832366.9
636998.0,814259.06
569061.6,764592.94
569061.6,760331.2
569061.6,769672.1
569061.6,751642.5
569061.6,795919.94
231410.14,131483.77
231410.14,121814.766
679453.7,651094.44
679453.7,665871.94
679453.7,653066.8
679453.7,611611.2
679453.7,617400.2
679453.7,676049.0
543775.7,712388.8
543775.7,678382.44
543775.7,689710.3
463787.4,557509.5
463787.4,573211.4
874248.1,844476.3
874248.1,857123.0
874248.1,856141.56
874248.1,858500.94
874248.1,809113.9
874248.1,823010.6
874248.1,820997.06
173810.31,203155.77
173810.31,195796.8
173810.31,189973.17
378143.3,521938.3
378143.3,512771.4
378143.3,504237.97
535670.06,846210.56
535670.06,856489.1
948698.9,1.0368437e+06
948698.9,1.0450562e+06
948698.9,1.04354075e+06
948698.9,1.054692e+06
948698.9,1.0240289e+06
948698.9,1.02901406e+06
948698.9,1.020943e+06
711776.1,1.015095e+06
711776.1,1.0276742e+06
779838.75,1.0387691e+06
779838.75,1.0374206e+06
779838.75,1.03873575e+06
779838.75,1.0364707e+06
779838.75,1.0327573e+06
779838.75,1.0280301e+06
779838.75,1.0319683e+06
779838.75,1.0552615e+06
581272.8,1.0007081e+06
581272.8,1.000588e+06
581272.8,997053.7
581272.8,995873.1
581272.8,995595.7
581272.8,1.00129825e+06
581272.8,996012.75
674210.8,956710.5
674210.8,1.02841425e+06
318328.66,376683.5
318328.66,376632.25
318328.66,382629.78
318328.66,384017.47
333939.38,174707.39
333939.38,171623.05
438416.03,612446.06
438416.03,610819.25
438416.03,608147.44
438416.03,618242.44
438416.03,596022.06
924805.9,916352.0
924805.9,920222.75
924805.9,910072.9
924805.9,911303.9
924805.9,931461.2
924805.9,960174.9
490708.66,563963.5
490708.66,563239.5
713569.3,928668.7
713569.3,948415.7
471731.34,487909.1
471731.34,448714.84
620359.94,826460.4
620359.94,858579.0
298820.56,238398.11
298820.56,239720.39
259229.89,352999.6
259229.89,354575.75
402397.97,260998.2
402397.97,263086.72
497071.38,822678.75
497071.38,865608.1
569390.44,717251.2
569390.44,724520.06
463813.97,564342.0
463813.97,535007.1
463014.22,588949.06
463014.22,588516.6
463014.22,578488.44
560024.2,782795.4
560024.2,759589.44
560024.2,771436.9
560024.2,774466.44
560024.2,742852.6
941910.7,1.1062948e+06
941910.7,1.1045904e+06
941910.7,1.1054845e+06
941910.7,1.1031702e+06
941910.7,1.1097908e+06
941910.7,1.1107516e+06
941910.7,1.1109855e+06
941910.7,1.1015934e+06
562098.5,517718.4
562098.5,538095.2
688925.44,847737.4
688925.44,841128.75
688925.44,843291.44
688925.44,831846.1
688925.44,865600.1
405091.38,265151.72
405091.38,261461.33
405091.38,250543.8
739674.1,839829.6
739674.1,868144.44
658228.7,819852.2
658228.7,817403.06
658228.7,833445.94
658228.7,822618.8
658228.7,818663.44
329320.72,475652.06
329320.72,480610.56
329320.72,482181.88
612988.44,681035.75
612988.44,695940.2
233056.98,323977.97
233056.98,311409.44
701344.7,839247.7
701344.7,833005.9
701344.7,840499.9
701344.7,791470.8
701344.7,801589.06
701344.7,821346.1
400697.7,398418.0
400697.7,397960.3
400697.7,391875.44
487572.47,666031.56
487572.47,697518.9
517838.53,623608.8
533993.56,641325.56
533993.56,636751.25
533993.56,641091.06
533993.56,648260.4
533993.56,648729.5
533993.56,625071.56
509743.9,642313.0
509743.9,642000.4
509743.9,640131.7
509743.9,645227.75
908971.5,1.0070444e+06
908971.5,1.03484175e+06
611469.0,667358.0
611469.0,676591.06
611469.0,685175.8
611469.0,668272.8
481684.53,580601.5
481684.53,587147.1
481684.53,570171.3
481684.53,554442.3
481684.53,580601.5
481684.53,550142.8
481684.53,569960.1
481684.53,564416.7
648003.1,1.0506351e+06
648003.1,1.0455379e+06
648003.1,1.03895694e+06
648003.1,1.0405134e+06
648003.1,1.03825825e+06
648003.1,1.00849144e+06
648003.1,1.01618975e+06
648003.1,1.033565e+06
648003.1,1.0083208e+06
648003.1,1.0583495e+06
560331.2,791690.4
560331.2,777528.8
560331.2,792687.56
560331.2,780139.8
759658.06,890481.7
759658.06,885037.75
759658.06,887608.56
759658.06,884754.44
759658.06,861485.3
759658.06,861063.25
759658.06,926818.2
613616.06,975470.4
874538.06,1.067603e+06
521339.75,970698.56
521339.75,958365.4
750368.2,1.03277925e+06
750368.2,1.0441167e+06
750368.2,1.02342844e+06
750368.2,1.0387572e+06
750368.2,1.0218838e+06
750368.2,1.04548944e+06
750368.2,1.0306461e+06
750368.2,1.0481389e+06
274820.03,324703.34
274820.03,323259.44
274820.03,309809.8
879066.8,1.0509778e+06
531860.2,999657.25
531860.2,999822.56
531860.2,1.0011155e+06
531860.2,1.0055299e+06
531860.2,999530.7
531860.2,1.001272e+06
531860.2,999472.0
531860.2,968760.4
531860.2,981999.94
531860.2,968438.06
531860.2,967747.44
531860.2,974881.8
695339.4,1.03757356e+06
695339.4,1.02757056e+06
695339.4,1.035853e+06
695339.4,1.0267334e+06
695339.4,1.0358999e+06
695339.4,1.0361087e+06
695339.4,998544.9
695339.4,995637.44
695339.4,999142.5
695339.4,1.0002506e+06
695339.4,995402.6
564697.7,699425.75
564697.7,675280.9
690293.2,723840.5
690293.2,728332.6
317929.5,320285.06
317929.5,312878.56
631691.94,926619.25
631691.94,936135.4
344993.06,387188.53
344993.06,391589.9
947430.1,1.0067923e+06
553793.94,641997.1
553793.94,652033.9
553793.94,638600.5
553793.94,662679.8
553793.94,656191.4
553793.94,637905.44
599936.3,563704.06
599936.3,547260.9
599936.3,554377.44
599936.3,555542.44
599936.3,561786.0
809360.06,946599.06
809360.06,958169.06
809360.06,945937.5
809360.06,952302.75
809360.06,971939.2
388899.0,561544.5
388899.0,556144.2
388899.0,565436.7
388899.0,544378.1
471270.12,528655.6
471270.12,530095.2
471270.12,532042.6
471270.12,501232.7
506214.12,954567.3
506214.12,982504.25
541205.25,678855.2
541205.25,669823.06
541205.25,687774.2
541205.25,671922.94
541205.25,656287.9
631979.56,944787.6
631979.56,999793.7
2.2311098e+06,1.6386806e+06
2.2311098e+06,1.6330404e+06
1.1979179e+06,1.0573315e+06
1.1979179e+06,1.103321e+06
244329.97,259123.2
244329.97,246725.92
615884.9,950231.75
615884.9,1.0181239e+06
1.1800286e+06,1.1163034e+06
1.1800286e+06,1.1070032e+06
1.1800286e+06,1.1066234e+06
1.1800286e+06,1.1040601e+06
1.1800286e+06,1.1051818e+06
1.1800286e+06,1.1046166e+06
1.1800286e+06,1.0807658e+06
1.1800286e+06,1.0750115e+06
1.1800286e+06,1.078935e+06
1.1800286e+06,1.0771601e+06
1.1800286e+06,1.1254619e+06
380136.97,502188.38
380136.97,502188.38
380136.97,493037.12
620350.9,765722.6
620350.9,774460.1
620350.9,776688.4
620350.9,749197.3
620350.9,749666.56
620350.9,733961.44
454382.1,610931.1
454382.1,601781.9
539843.75,999526.9
539843.75,1.0065052e+06
539843.75,998380.25
539843.75,1.0020747e+06
539843.75,1.0010783e+06
539843.75,1.0006779e+06
539843.75,971400.5
539843.75,972165.06
539843.75,969067.06
539843.75,992830.0
803857.44,995179.6
803857.44,1.0244417e+06
535663.06,907812.7
535663.06,927532.44
535663.06,918908.06
535663.06,916533.2
535663.06,907675.0
647058.75,787191.44
647058.75,834958.5
340548.06,468488.1
340548.06,453649.9
341360.34,212957.3
341360.34,216256.27
152891.6,109315.766
152891.6,108471.016
152891.6,99127.95
583067.1,782321.1
583067.1,796882.06
583067.1,793417.9
583067.1,819256.94
341770.0,362124.1
341770.0,345150.9
451678.25,437173.28
451678.25,452654.75
451678.25,433503.8
451678.25,438668.3
739885.75,848350.2
739885.75,875067.6
739885.75,848070.44
577452.56,808665.7
577452.56,806828.5
617245.25,875109.0
617245.25,874788.0
617245.25,894163.7
617245.25,886246.6
617245.25,853567.94
617245.25,853340.9
617245.25,888255.1
321610.84,174043.86
321610.84,178403.64
455073.66,406477.84
455073.66,398141.53
297124.9,395723.3
577715.4,832576.44
577715.4,828388.7
577715.4,823058.4
577715.4,835443.3
577715.4,833756.06
848235.7,933090.3
848235.7,937095.25
848235.7,939656.9
848235.7,949983.8
848235.7,942446.0
848235.7,916023.06
848235.7,907859.9
848235.7,915601.56
848235.7,917086.25
295741.2,206240.27
295741.2,196788.17
666746.94,954364.2
666746.94,961910.75
1.2415745e+06,1.141624e+06
1.2415745e+06,1.1604999e+06
342292.2,244884.77
342292.2,244896.61
342292.2,237990.48
245927.47,138774.7
245927.47,128545.58
442684.7,615727.56
442684.7,597335.8
442684.7,610609.0
442684.7,584649.5
442684.7,579598.2
442684.7,593097.75
516797.4,705396.8
516797.4,736885.1
626787.6,800515.9
626787.6,820352.44
626787.6,811114.6
626787.6,824510.8
529066.1,659179.7
529066.1,657787.1
529066.1,657314.56
483444.94,581705.1
483444.94,550643.25
309198.0,323552.75
309198.0,335257.4
309198.0,313648.03
309198.0,308267.3
274307.56,157745.58
274307.56,156933.05
274307.56,149379.45
1.4323785e+06,1.2140239e+06
1.4323785e+06,1.2146304e+06
1.4323785e+06,1.2175792e+06
1.4323785e+06,1.2139778e+06
1.4323785e+06,1.2121704e+06
1.4323785e+06,1.2147084e+06
1.4323785e+06,1.2144085e+06
1.4323785e+06,1.2175169e+06
1.4323785e+06,1.2350938e+06
609526.7,976899.2
866035.94,858835.75
866035.94,848290.5
866035.94,859004.75
866035.94,858063.1
866035.94,821598.06
866035.94,809218.9
866035.94,822173.6
866035.94,829720.2
560596.7,639214.5
560596.7,614459.06
560596.7,601873.56
414897.34,592766.1
414897.34,573848.3
753335.44,1.01012356e+06
753335.44,1.00498494e+06
753335.44,1.03099656e+06
753335.44,1.0280001e+06
753335.44,1.0116388e+06
753335.44,1.0103732e+06
753335.44,1.0232601e+06
658254.4,954962.44
658254.4,988559.94
582998.7,831737.25
582998.7,821926.8
582998.7,833465.2
582998.7,815091.5
582998.7,815212.6
582998.7,835304.8
418548.0,272568.84
418548.0,253069.64
236596.23,167422.33
236596.23,167118.33
1.01117956e+06,1.1663101e+06
434507.2,588163.75
434507.2,601947.6
342322.75,240977.73
342322.75,243381.14
342322.75,234556.52
467846.94,611724.44
467846.94,593787.44
467846.94,588812.75
467846.94,615808.3
578561.75,936880.06
578561.75,978161.75
464214.3,550403.3
464214.3,562048.5
464214.3,569022.7
464214.3,551265.6
464214.3,544191.56
509964.84,767933.2
509964.84,765902.3
491890.3,637749.25
491890.3,650156.7
491890.3,629077.6
491675.4,685678.1
491675.4,663681.9
491675.4,684202.25
491675.4,672987.44
491675.4,649972.44
491675.4,647766.44
491675.4,649397.75
634865.1,664714.7
634865.1,683959.56
376154.97,525534.06
376154.97,519590.94
700141.8,1.00612444e+06
700141.8,1.03171194e+06
700141.8,1.000223e+06
927221.5,1.0337895e+06
927221.5,1.0451991e+06
927221.5,1.02114994e+06
575204.0,777169.8
575204.0,756263.4
807618.1,1.04485156e+06
807618.1,1.0184045e+06
197320.86,232812.58
197320.86,221861.05
300717.97,316253.06
300717.97,345714.3
384321.1,254218.2
384321.1,258046.48
384321.1,257748.48
340256.7,354266.78
340256.7,367815.84
340256.7,346848.25
340256.7,341029.34
771259.3,1.03292206e+06
771259.3,1.02560544e+06
771259.3,1.02157725e+06
771259.3,1.0350157e+06
771259.3,1.01797356e+06
771259.3,1.02436025e+06
771259.3,1.0261474e+06
599442.1,1.051887e+06
615289.4,737471.0
615289.4,736338.56
615289.4,744155.8
764375.2,1.02498225e+06
764375.2,1.0206659e+06
764375.2,1.0238492e+06
764375.2,1.02242694e+06
764375.2,1.02489656e+06
764375.2,983054.1
764375.2,980554.56
764375.2,1.0243152e+06
828174.56,972240.9
828174.56,960105.6
521550.38,659933.1
521550.38,668967.75
521550.38,659766.6
435659.72,452566.47
435659.72,441006.22
516732.75,519622.8
516732.75,520652.34
516732.75,518219.03
516732.75,505239.22
816100.6,1.078469e+06
816100.6,1.0836275e+06
816100.6,1.0916464e+06
816100.6,1.0803221e+06
816100.6,1.0986905e+06
816100.6,1.0807301e+06
816100.6,1.082733e+06
816100.6,1.0522928e+06
816100.6,1.0553504e+06
816100.6,1.0544698e+06
297878.16,158420.89
297878.16,162779.33
796302.44,1.0633069e+06
796302.44,1.0836375e+06
796302.44,1.0638189e+06
796302.44,1.0666552e+06
796302.44,1.0680378e+06
796302.44,1.0827576e+06
796302.44,1.04787175e+06
796302.44,1.0414228e+06
796302.44,1.0432559e+06
796302.44,1.0669409e+06
231010.62,139335.08
607361.1,818465.75
607361.1,803321.2
514647.22,646822.3
514647.22,615629.6
1.2179161e+06,1.0999016e+06
1.2179161e+06,1.0983912e+06
1.2179161e+06,1.1074618e+06
1.2179161e+06,1.0969719e+06
1.2179161e+06,1.0940641e+06
1.2179161e+06,1.0663191e+06
1.2179161e+06,1.0761786e+06
1.2179161e+06,1.0920758e+06
298614.28,245613.86
298614.28,242849.55
357084.72,357509.1
357084.72,350768.9
357084.72,349045.44
972885.3,950684.06
972885.3,956368.1
972885.3,953801.44
972885.3,949475.1
972885.3,938546.7
972885.3,965881.8
972885.3,922607.0
972885.3,916451.06
972885.3,926679.25
607330.1,961062.75
607330.1,959176.5
607330.1,958769.0
607330.1,959415.25
607330.1,966360.56
607330.1,961055.7
607330.1,954677.75
607330.1,957260.56
607330.1,943940.56
378495.12,469120.97
378495.12,460430.88
792873.2,825124.94
792873.2,899247.6
539705.6,567392.6
539705.6,589012.75
638996.6,929889.2
240059.25,158123.83
240059.25,132204.58
814710.7,1.0044417e+06
814710.7,1.0325614e+06
783959.6,900120.0
783959.6,929380.06
466285.2,358795.28
466285.2,378206.94
874196.4,992253.3
874196.4,991202.3
874196.4,980658.06
874196.4,988704.94
874196.4,972916.44
181065.06,188773.48
181065.06,198710.8
614026.6,725829.75
614026.6,725804.8
618674.4,750627.7
618674.4,759167.7
618674.4,755091.0
618674.4,748818.8
618674.4,756505.4
360675.6,236427.86
360675.6,234827.02
360675.6,237891.55
360675.6,243108.11
518244.7,495905.3
518244.7,505781.62
956545.7,1.0008357e+06
956545.7,1.0508475e+06
625641.7,590577.9
249439.02,268729.16
249439.02,249120.17
426393.72,443267.34
426393.72,437024.3
426393.72,467151.7
426393.72,457042.62
372801.25,307043.6
372801.25,311509.34
372801.25,298087.1
1.2059031e+06,1.1495724e+06
1.2059031e+06,1.1573495e+06
1.2059031e+06,1.1529499e+06
1.2059031e+06,1.1552064e+06
1.2059031e+06,1.1498621e+06
1.2059031e+06,1.1538508e+06
1.2059031e+06,1.1511906e+06
1.2059031e+06,1.1447836e+06
462458.4,491861.66
462458.4,474310.8
601394.8,947211.06
601394.8,984905.7
794024.75,1.0479469e+06
794024.75,1.04419144e+06
625679.2,943217.44
625679.2,1.0196747e+06
411484.22,254591.42
411484.22,257893.92
411484.22,257637.73
411484.22,260948.52
830554.06,1.0729096e+06
830554.06,1.0664939e+06
830554.06,1.0744292e+06
830554.06,1.0862394e+06
830554.06,1.0663562e+06
830554.06,1.0866525e+06
830554.06,1.0707916e+06
830554.06,1.0851801e+06
648022.25,777348.2
648022.25,781688.94
648022.25,781715.2
648022.25,753174.0
648022.25,752899.0
648022.25,746841.6
224962.95,160828.77
224962.95,164792.3
267872.62,150768.3
267872.62,140011.45
676611.9,1.0265677e+06
676611.9,994968.5
743453.1,1.02711844e+06
743453.1,1.0344791e+06
743453.1,1.0331583e+06
743453.1,1.02786025e+06
743453.1,1.0388945e+06
743453.1,1.0382722e+06
743453.1,999802.06
743453.1,999450.2
743453.1,998067.3
743453.1,994194.8
743453.1,994667.9
590669.44,787629.75
590669.44,782117.9
590669.44,780035.6
590669.44,776062.7
845217.6,1.0794086e+06
845217.6,1.0779744e+06
845217.6,1.0792082e+06
845217.6,1.0837459e+06
845217.6,1.0941281e+06
845217.6,1.0840708e+06
845217.6,1.0944131e+06
845217.6,1.0653064e+06
845217.6,1.0571276e+06
845217.6,1.0565112e+06
845217.6,1.0536578e+06
845217.6,1.0582884e+06
845217.6,1.0919778e+06
765482.94,955178.0
765482.94,975262.0
264427.84,277993.78
264427.84,289421.22
345143.62,344831.44
345143.62,343625.78
345143.62,339342.03
345143.62,352979.8
621240.25,943668.44
621240.25,985629.5
251288.88,306903.4
251288.88,304842.88
384185.62,529402.56
384185.62,552939.3
384185.62,536477.94
384185.62,525578.44
384185.62,527950.75
384185.62,527466.6
308857.62,350750.8
308857.62,357242.03
308857.62,335503.12
308857.62,322016.34
308857.62,336713.2
630953.3,991160.75
630953.3,1.01472756e+06
630953.3,980106.7
630953.3,1.0203778e+06
630953.3,1.04807956e+06
675095.25,673013.5
675095.25,662798.8
675095.25,642079.25
675095.25,620656.8
675095.25,617048.8
675095.25,651085.06
741714.56,845541.5
741714.56,808014.8
376802.1,249235.7
376802.1,248434.7
376802.1,262749.6
252525.53,351221.9
581902.94,815927.4
581902.94,794742.56
479849.5,639504.94
479849.5,653313.75
479849.5,639192.25
479849.5,652793.8
479849.5,640355.94
421803.34,384885.66
421803.34,422455.62
524542.44,527209.75
631771.2,717039.5
631771.2,760840.0
288388.6,198446.73
288388.6,200621.98
253532.34,210296.61
253532.34,196954.17
708864.5,943183.44
708864.5,959052.5
379828.5,487205.25
379828.5,483485.2
379828.5,471436.97
379828.5,477949.72
191996.23,159777.55
745467.1,1.01450156e+06
745467.1,1.02611475e+06
745467.1,1.00402125e+06
745467.1,1.00848194e+06
745467.1,1.0140145e+06
745467.1,1.0371289e+06
350075.8,230582.39
350075.8,220842.23
391264.8,419292.88
391264.8,417948.6
2.409557e+06,1.6326021e+06
2.409557e+06,1.6350394e+06
431779.12,580846.3
431779.12,602528.44
564148.1,648820.06
564148.1,655831.25
413200.28,591950.4
135080.02,81655.83
135080.02,89897.64
429783.8,402851.03
429783.8,386928.78
708134.2,1.0322985e+06
708134.2,1.0161439e+06
708134.2,1.0117886e+06
708134.2,1.0281554e+06
708134.2,1.021925e+06
708134.2,988579.75
708134.2,985289.4
708134.2,1.0318968e+06
257349.6,146739.02
257349.6,146527.64
393082.97,255583.27
393082.97,255843.61
393082.97,260410.2
393082.97,250281.11
707569.2,1.0158878e+06
707569.2,1.0039245e+06
707569.2,1.0040869e+06
707569.2,1.0072344e+06
707569.2,1.0077329e+06
707569.2,1.0430798e+06
556547.2,939268.9
556547.2,937812.3
610800.5,1.01555525e+06
610800.5,1.01066075e+06
610800.5,1.01555525e+06
610800.5,1.01434556e+06
610800.5,1.0198728e+06
610800.5,979182.44
610800.5,988701.9
610800.5,983536.5
610800.5,988374.6
610800.5,1.0503148e+06
223361.48,128063.58
223361.48,133500.7
868185.7,1.0405042e+06
868185.7,1.0194606e+06
323147.66,175692.83
323147.66,166072.08
493606.38,479837.94
493606.38,474942.78
493606.38,516566.5
493606.38,475904.22
493606.38,472961.3
493606.38,477158.16
493606.38,501960.9
300977.6,309788.62
300977.6,308761.88
300977.6,293404.25
557691.75,921040.75
557691.75,911791.25
575686.56,720300.0
575686.56,706291.06
575686.56,719302.7
575686.56,732787.4
198682.67,119707.266
198682.67,113186.39
351423.0,416110.84
351423.0,408673.9
351423.0,421990.44
351423.0,415051.66
354805.5,241852.77
376281.0,262539.47
376281.0,262795.22
376281.0,259980.48
535363.94,682186.06
535363.94,696257.94
535363.94,675829.56
359401.03,392275.6
359401.03,395897.75
359401.03,386268.1
388991.38,583624.44
388991.38,602169.9
637497.75,952358.94
637497.75,963761.56
637497.75,958922.25
637497.75,952367.25
637497.75,951291.06
637497.75,959744.3
637497.75,953985.94
637497.75,949016.0
2.852037e+06,1.7013056e+06
2.852037e+06,1.7002188e+06
302693.8,180689.36
302693.8,166739.92
302693.8,164742.33
302693.8,160163.2
841391.1,1.0167133e+06
841391.1,1.04785994e+06
547767.06,666343.1
547767.06,660606.44
795738.75,928665.8
795738.75,924119.75
795738.75,927313.06
795738.75,926587.5
795738.75,898311.4
795738.75,896401.25
795738.75,891366.75
795738.75,952415.1
1.1996305e+06,1.2058675e+06
1.1996305e+06,1.2155675e+06
1.1996305e+06,1.2059522e+06
1.1996305e+06,1.2174998e+06
1.1996305e+06,1.2061001e+06
1.1996305e+06,1.2170086e+06
1.1996305e+06,1.2156009e+06
1.1996305e+06,1.1796799e+06
1.1996305e+06,1.1827006e+06
1.1996305e+06,1.18665e+06
1.1996305e+06,1.1793766e+06
1.1996305e+06,1.1793301e+06
1.1996305e+06,1.1918205e+06
1.3661109e+06,1.2542815e+06
1.3661109e+06,1.2471649e+06
1.3661109e+06,1.2466731e+06
1.3661109e+06,1.2550642e+06
1.3661109e+06,1.2630258e+06
1.3661109e+06,1.246055e+06
1.3661109e+06,1.2491916e+06
1.3661109e+06,1.253799e+06
1.3661109e+06,1.2278109e+06
1.3661109e+06,1.2307716e+06
1.3661109e+06,1.2246592e+06
1.3661109e+06,1.2382695e+06
1.3661109e+06,1.2366509e+06
1.3661109e+06,1.2290034e+06
202103.86,234749.2
202103.86,234415.33
202103.86,231228.92
283651.84,153366.2
283651.84,151936.48
642879.75,1.0562289e+06
403753.94,546541.2
403753.94,567814.94
394462.38,501838.38
394462.38,501479.0
394462.38,499323.94
199234.06,234342.2
199234.06,242075.55
458959.25,641225.4
458959.25,654255.2
458959.25,657702.6
458959.25,634259.5
458959.25,636527.44
313948.66,350997.25
313948.66,328640.12
313948.66,317740.7
653164.6,681384.75
653164.6,683275.94
653164.6,663563.3
653164.6,655858.7
653164.6,647726.1
383778.4,548970.6
383778.4,557920.2
383778.4,547879.6
399871.62,381390.72
399871.62,383165.22
399871.62,374502.2
399871.62,385814.34
373996.0,599411.4
373996.0,580041.3
293217.7,329508.84
293217.7,335647.7
293217.7,328534.9
602993.6,646212.5
602993.6,643090.1
726391.75,1.060997e+06
490556.3,606068.8
490556.3,596825.1
541991.75,620225.3
541991.75,649399.2
541991.75,633566.25
541991.75,620246.2
541991.75,620516.4
541991.75,624594.0
454018.94,461685.16
454018.94,461507.34
454018.94,454989.56
351305.94,332048.53
351305.94,357591.6
521002.7,777710.7
521002.7,782909.3
521002.7,779309.6
521002.7,785254.56
345370.94,205630.36
345370.94,208317.73
820733.44,1.0804754e+06
820733.44,1.0805838e+06
820733.44,1.0803081e+06
820733.44,1.0939956e+06
820733.44,1.0805354e+06
820733.44,1.0796755e+06
820733.44,1.0466756e+06
820733.44,1.0470034e+06
820733.44,1.04543706e+06
820733.44,1.0488935e+06
820733.44,1.0521785e+06
820733.44,1.0901415e+06
2.2491328e+06,1.6261761e+06
2.2491328e+06,1.6315571e+06
525468.94,689836.3
525468.94,709134.2
478063.8,597830.94
478063.8,568071.75
499512.97,651973.7
499512.97,660418.94
499512.97,652471.6
499512.97,665320.6
499512.97,623953.6
499512.97,626733.8
258244.62,330208.97
258244.62,315556.84
483802.25,976808.6
483802.25,970937.8
738198.9,1.0555109e+06
979162.94,1.0506406e+06
979162.94,1.0457316e+06
979162.94,1.0319885e+06
979162.94,1.0368871e+06
979162.94,1.03593425e+06
979162.94,1.00880006e+06
979162.94,1.0255995e+06
979162.94,1.00986375e+06
979162.94,1.0366468e+06
231377.31,133017.64
231377.31,130706.58
231377.31,132350.39
342145.28,213817.02
342145.28,206457.52
692994.9,766713.1
692994.9,825360.0
834770.0,838694.9
834770.0,845962.4
834770.0,835781.5
834770.0,834472.44
834770.0,814202.75
834770.0,795583.2
834770.0,813262.6
255894.86,143012.14
255894.86,140868.52
462542.12,597580.75
462542.12,599266.1
611178.44,872192.3
611178.44,887826.94
611178.44,884923.2
611178.44,874240.2
611178.44,871499.6
611178.44,859094.25
632406.25,859552.75
632406.25,845365.75
632406.25,858113.06
632406.25,844853.06
632406.25,873338.5
145438.2,87857.45
145438.2,85188.7
2.5334525e+06,1.6645535e+06
2.5334525e+06,1.671266e+06
202688.36,117583.7
202688.36,125210.45
202688.36,118288.08
973534.94,971691.1
973534.94,953934.44
973534.94,952724.3
973534.94,952799.06
973534.94,939185.8
973534.94,979904.6
557905.25,985070.4
557905.25,988036.3
557905.25,989606.9
557905.25,985064.1
557905.25,984676.75
557905.25,983628.9
557905.25,955536.25
557905.25,954063.56
557905.25,953515.75
557905.25,960549.9
438497.0,513066.44
438497.0,505116.34
438497.0,496632.06
438497.0,505065.06
326590.1,381655.4
326590.1,381655.4
326590.1,369672.2
679544.44,1.0576946e+06
679544.44,1.0372113e+06
679544.44,1.054932e+06
679544.44,1.03864794e+06
679544.44,1.04316844e+06
679544.44,1.0037996e+06
679544.44,1.0014618e+06
679544.44,1.0033142e+06
679544.44,1.0028385e+06
679544.44,1.05422e+06
305844.7,204622.64
305844.7,206131.73
305844.7,192739.23
341789.5,309762.47
341789.5,306278.47
341789.5,304081.8
369256.12,395858.94
369256.12,368318.5
547627.9,602613.6
547627.9,582413.4
985395.9,969477.3
985395.9,922326.25
581391.2,720701.1
581391.2,739960.56
384431.34,358408.8
384431.34,376923.53
384431.34,347881.66
1.1457264e+06,1.1140236e+06
1.1457264e+06,1.0941839e+06
1.1457264e+06,1.0905339e+06
1.1457264e+06,1.118172e+06
1.1457264e+06,1.1086559e+06
1.1457264e+06,1.1051979e+06
1.1457264e+06,1.0783688e+06
1.1457264e+06,1.0884701e+06
1.1457264e+06,1.0861438e+06
1.1457264e+06,1.09089e+06
536856.44,681460.2
536856.44,672769.1
536856.44,685587.44
536856.44,685424.6
391669.88,253560.77
391669.88,261615.73
391669.88,256160.08
625177.6,970097.5
625177.6,969232.75
625177.6,968699.5
625177.6,968804.56
625177.6,973294.56
625177.6,974555.7
625177.6,942582.2
625177.6,944307.5
625177.6,944151.44
625177.6,942296.7
625177.6,953778.2
625177.6,968004.56
668324.7,782653.5
668324.7,802318.7
551848.1,660177.8
551848.1,665350.4
551072.6,802931.06
551072.6,782132.75
562853.6,806023.1
562853.6,771919.7
846094.94,946250.9
846094.94,961657.8
553852.5,830886.9
553852.5,803938.5
216300.69,122837.33
216300.69,120344.766
639810.1,939174.0
639810.1,939861.3
639810.1,935524.94
639810.1,949850.06
639810.1,931077.25
639810.1,927461.44
639810.1,933911.6
639810.1,934315.8
552547.94,800756.75
573908.75,930759.6
573908.75,949061.94
861412.06,1.02751894e+06
861412.06,1.0570175e+06
681295.3,736178.44
879523.44,1.00667044e+06
879523.44,998753.75
879523.44,1.0031535e+06
879523.44,1.0039036e+06
879523.44,1.0056704e+06
741121.0,1.0022032e+06
741121.0,1.02384306e+06
741121.0,962812.5
852222.3,996066.06
852222.3,1.0348543e+06
734657.25,1.0113323e+06
734657.25,1.01213325e+06
734657.25,1.0223975e+06
734657.25,1.0223831e+06
734657.25,1.0169006e+06
734657.25,1.0196561e+06
734657.25,1.03198975e+06
733483.44,1.0507608e+06
733483.44,1.0305661e+06
733483.44,1.0265096e+06
733483.44,1.02021456e+06
733483.44,1.02000606e+06
733483.44,992160.0
733483.44,999196.7
733483.44,996251.3
733483.44,1.0223461e+06
786116.0,1.0012431e+06
786116.0,1.0088729e+06
970358.94,1.0599199e+06
970358.94,1.0485511e+06
970358.94,1.0576986e+06
970358.94,1.0485662e+06
970358.94,1.0575075e+06
970358.94,1.0432172e+06
970358.94,1.04039056e+06
970358.94,1.0342614e+06
970358.94,1.0561196e+06
373536.34,520923.03
373536.34,524513.25
373536.34,533384.44
373536.34,512263.97
373536.34,526848.0
398779.78,279580.25
564136.4,967242.9
564136.4,970147.44
564136.4,990144.0
564136.4,977189.6
564136.4,949017.3
564136.4,955917.4
564136.4,946917.6
238973.81,135008.27
238973.81,134165.08
238973.81,138391.58
309907.12,324718.78
309907.12,320969.12
309907.12,348459.75
309907.12,320869.22
216501.47,126125.7
216501.47,117133.766
594585.56,951005.25
594585.56,951992.2
594585.56,950720.6
594585.56,954842.56
594585.56,950655.2
594585.56,951507.6
594585.56,955434.4
594585.56,941022.8
1.3525806e+06,1.2081938e+06
1.3525806e+06,1.2199868e+06
1.3525806e+06,1.2008211e+06
416191.0,556603.06
416191.0,553216.9
416191.0,561556.7
416191.0,535951.75
416191.0,539844.9
416191.0,554103.7
600645.9,815035.9
600645.9,836376.9
363092.12,497730.53
363092.12,505941.44
1.0302416e+06,1.1045258e+06
1.0302416e+06,1.0966579e+06
1.0302416e+06,1.1039155e+06
1.0302416e+06,1.1045534e+06
1.0302416e+06,1.1044255e+06
1.0302416e+06,1.0993631e+06
1.0302416e+06,1.1223018e+06
1.0302416e+06,1.0846559e+06
1.0302416e+06,1.0842171e+06
1.0302416e+06,1.0795822e+06
1.0302416e+06,1.1231338e+06
803083.75,761750.25
803083.75,773754.7
214790.2,137480.14
618998.1,902602.94
618998.1,917457.7
1.2646739e+06,1.1609168e+06
1.2646739e+06,1.1677581e+06
1.2646739e+06,1.1670479e+06
1.2646739e+06,1.1549271e+06
1.2646739e+06,1.153526e+06
1.2646739e+06,1.1659584e+06
1.2646739e+06,1.1620732e+06
1.2646739e+06,1.1677792e+06
1.2646739e+06,1.175895e+06
2.5362808e+06,1.6800501e+06
2.5362808e+06,1.6779435e+06
607173.9,676473.06
339063.22,221720.8
339063.22,228488.61
744541.3,1.03471094e+06
744541.3,1.042193e+06
744541.3,1.0301127e+06
744541.3,1.0245974e+06
744541.3,1.0241413e+06
744541.3,999601.6
744541.3,1.0098944e+06
744541.3,1.04365275e+06
596730.44,582265.75
637091.06,673837.4
637091.06,646478.75
471529.66,627213.1
471529.66,630492.56
471529.66,623444.75
471529.66,605219.06
471529.66,608127.1
388330.28,349838.53
388330.28,344956.56
388330.28,354105.84
388330.28,346075.03
324369.62,301131.53
324369.62,286733.78
784845.6,999310.0
784845.6,1.00817756e+06
747037.8,994437.8
747037.8,1.022224e+06
415721.3,546536.25
415721.3,519021.25
415721.3,554318.56
601938.0,727777.1
601938.0,712640.44
601938.0,709440.7
601938.0,715744.6
500540.34,611734.0
500540.34,598341.1
500540.34,606173.3
500540.34,615739.7
429752.38,429564.12
429752.38,439222.6
429752.38,459606.97
429752.38,422108.47
429752.38,419090.38
429752.38,415261.72
429752.38,439794.9
380083.34,236498.23
380083.34,232222.89
552333.5,706892.6
552333.5,701398.75
552333.5,705541.94
552333.5,666871.75
552333.5,667342.9
552333.5,689205.5
569488.06,572649.4
569488.06,586592.9
316940.53,298593.8
239965.33,217876.95
239965.33,226344.45
595087.2,968362.25
595087.2,965547.3
595087.2,961990.9
595087.2,963367.75
595087.2,965976.8
595087.2,962712.1
595087.2,965452.3
595087.2,950195.44
595087.2,936955.3
595087.2,935067.44
595087.2,938562.3
595087.2,970409.0
2.8123212e+06,1.706119e+06
2.8123212e+06,1.7029238e+06
2.8123212e+06,1.7051791e+06
299006.1,173499.52
299006.1,175043.27
299006.1,168810.7
491543.56,586291.06
491543.56,632229.6
604200.6,742075.8
604200.6,760961.9
578253.5,619660.6
578253.5,670915.25
767009.44,957134.44
767009.44,963044.4
1.3400399e+06,1.2403841e+06
1.3400399e+06,1.2376915e+06
1.3400399e+06,1.245748e+06
1.3400399e+06,1.2370349e+06
1.3400399e+06,1.2399719e+06
1.3400399e+06,1.2392815e+06
1.3400399e+06,1.2449279e+06
1.3400399e+06,1.2456854e+06
1.3400399e+06,1.2145514e+06
1.3400399e+06,1.2189148e+06
1.3400399e+06,1.2235634e+06
1.3400399e+06,1.2140836e+06
1.3400399e+06,1.2144099e+06
543368.75,771925.4
543368.75,795271.44
504243.8,503153.66
504243.8,499127.84
309965.75,358497.1
309965.75,365625.7
309965.75,357755.4
800643.3,1.0667568e+06
800643.3,1.0505058e+06
800643.3,1.05035e+06
800643.3,1.0646056e+06
800643.3,1.067856e+06
800643.3,1.02415406e+06
624507.6,937473.25
624507.6,998751.56
388716.3,258717.39
388716.3,238906.14
332609.1,323202.25
332609.1,321058.72
332609.1,328629.38
846525.06,1.0681049e+06
846525.06,1.072578e+06
731091.44,1.0333876e+06
731091.44,1.01699806e+06
731091.44,1.0071226e+06
731091.44,1.00963825e+06
731091.44,1.01679525e+06
731091.44,1.01645275e+06
731091.44,1.03559294e+06
602447.3,744740.7
602447.3,736222.9
849474.25,972842.7
849474.25,1.0037197e+06
614905.2,793030.94
614905.2,812545.75
614905.2,795349.2
614905.2,773342.06
739378.25,702814.9
540077.06,753919.2
540077.06,755480.94
540077.06,754293.5
540077.06,700760.44
540077.06,699554.4
540077.06,735415.75
691492.3,710745.25
691492.3,718978.25
691492.3,710983.1
691492.3,702216.2
691492.3,684113.25
691492.3,674131.6
691492.3,684006.6
178455.84,199256.52
178455.84,199109.67
178455.84,202180.83
509017.1,789569.25
509017.1,798603.4
509017.1,792434.2
509017.1,784296.56
509017.1,737981.0
509017.1,752099.44
509017.1,767860.94
184195.77,213730.27
184195.77,201333.55
703213.5,1.0121879e+06
703213.5,1.0199668e+06
703213.5,1.01961475e+06
703213.5,1.0245058e+06
703213.5,1.02627844e+06
703213.5,1.0121879e+06
703213.5,1.041799e+06
361716.78,245286.61
361716.78,242194.48
361716.78,231609.58
765128.94,1.001286e+06
765128.94,1.0427262e+06
172952.52,199601.42
172952.52,199114.92
172952.52,202606.8
172952.52,194368.45
793023.7,910523.5
793023.7,914809.75
793023.7,929805.25
793023.7,912074.25
793023.7,882637.5
793023.7,881322.06
793023.7,952767.25
788525.7,1.03941594e+06
788525.7,1.0455424e+06
788525.7,1.0500569e+06
788525.7,1.043953e+06
788525.7,1.0448394e+06
788525.7,1.01454756e+06
788525.7,1.01440525e+06
788525.7,1.0126993e+06
788525.7,1.04467344e+06
133638.75,81572.516
133638.75,78644.2
339525.44,228956.61
339525.44,217542.17
861921.1,1.059465e+06
861921.1,1.0616619e+06
861921.1,1.0628321e+06
861921.1,1.0634711e+06
861921.1,1.02360656e+06
861921.1,1.0228812e+06
615556.3,874457.75
615556.3,855014.94
615556.3,870296.4
615556.3,851077.2
615556.3,864329.06
536674.94,643315.4
536674.94,652007.9
536674.94,640578.25
536674.94,637782.3
209336.3,142690.83
209336.3,139657.89
523875.84,947379.06
523875.84,981986.94
2.4958315e+06,1.6864474e+06
2.4958315e+06,1.6804685e+06
523476.78,564056.8
523476.78,561115.44
878894.1,1.0303652e+06
878894.1,1.04429056e+06
305909.16,175397.48
305909.16,189085.39
305909.16,190791.02
421259.75,470847.53
421259.75,456878.03
511890.1,479317.28
511890.1,458650.0
823112.2,775249.2
823112.2,775333.8
823112.2,770581.44
728411.25,889879.1
728411.25,870829.25
728411.25,858059.0
728411.25,877231.6
728411.25,843305.6
728411.25,843658.06
427913.34,499004.34
612160.0,938549.7
612160.0,974154.75
441614.53,493359.2
441614.53,493888.44
441614.53,499158.44
441614.53,483469.0
716239.1,1.0358166e+06
716239.1,1.02472206e+06
716239.1,1.0292688e+06
716239.1,1.0258944e+06
716239.1,1.0344008e+06
716239.1,1.0254118e+06
716239.1,1.00237675e+06
716239.1,1.0044456e+06
716239.1,1.00830975e+06
521821.94,895775.44
521821.94,867041.06
545006.0,823126.75
510331.7,601663.4
510331.7,600578.5
510331.7,610851.1
747658.7,998167.9
747658.7,999798.3
747658.7,994144.44
747658.7,997853.4
747658.7,998383.25
747658.7,967151.3
747658.7,966214.5
747658.7,971124.94
916229.25,1.01133194e+06
916229.25,1.02811294e+06
916229.25,1.0235426e+06
916229.25,1.04487106e+06
916229.25,993583.6
916229.25,992427.5
916229.25,1.0197373e+06
907694.06,1.0564396e+06
907694.06,1.0529675e+06
423881.38,493733.9
423881.38,473591.5
280440.44,321748.12
280440.44,314635.88
411863.84,377148.3
411863.84,376512.9
411863.84,383419.72
411863.84,383204.9
747024.75,851171.8
747024.75,841243.0
747024.75,857599.75
747024.75,855664.0
747024.75,815441.4
747024.75,822978.2
392530.03,375818.25
392530.03,370245.22
392530.03,386677.03
401215.22,262715.34
401215.22,270992.03
401215.22,265202.16
401215.22,267089.28
403407.3,560782.7
403407.3,557849.1
403407.3,550471.56
316229.47,448932.28
316229.47,431337.06
542957.6,804478.06
542957.6,766386.2
293388.1,316709.0
293388.1,316988.78
293388.1,310147.62
293388.1,309798.94
275245.1,163838.23
601095.4,771669.94
601095.4,776548.44
601095.4,772150.0
601095.4,744943.75
326335.53,222158.52
326335.53,213268.42
316809.75,211160.27
316809.75,215243.42
316809.75,214110.73
609051.3,722917.2
609051.3,723458.44
609051.3,737541.6
609051.3,695537.0
609051.3,694577.75
609051.3,732659.1
1.3291535e+06,1.1691779e+06
1.3291535e+06,1.1479404e+06
665772.3,970820.8
665772.3,990065.44
629974.4,990064.6
629974.4,992542.44
629974.4,986328.75
629974.4,1.009414e+06
629974.4,1.02827975e+06
629974.4,1.0159748e+06
613137.1,650594.25
613137.1,642683.0
613137.1,640735.4
613137.1,599852.4
510814.34,967431.4
510814.34,973607.2
493153.47,963660.94
493153.47,968771.3
680439.3,741616.06
680439.3,704377.8
326544.78,200540.7
326544.78,209769.45
607423.1,735240.1
607423.1,747738.94
607423.1,738271.0
607423.1,734979.7
614374.7,916388.06
624911.25,585620.94
624911.25,580101.25
624911.25,578688.56
624911.25,552042.56
624911.25,544813.5
631134.44,959985.3
631134.44,963235.8
631134.44,958850.94
631134.44,963913.0
631134.44,957357.06
631134.44,956751.3
631134.44,962925.2
631134.44,963755.56
631134.44,967564.56
489133.44,481159.34
489133.44,496839.34
426311.8,483722.1
426311.8,466934.88
693050.6,708760.1
693050.6,703692.1
693050.6,711232.8
730022.44,967739.75
730022.44,1.0075301e+06
686594.9,936049.75
686594.9,940745.6
180458.45,120461.83
180458.45,117015.516
635145.6,941772.75
635145.6,956893.44
203836.75,128892.64
203836.75,129556.95
513004.28,465710.66
513004.28,493959.53
465811.22,522776.28
302721.88,445916.7
302721.88,438599.97
302721.88,447671.44
302721.88,436720.38
444103.25,584938.2
444103.25,606037.9
1.0988981e+06,1.184757e+06
1.0988981e+06,1.1820371e+06
1.0988981e+06,1.1768631e+06
1.0988981e+06,1.1737938e+06
1.0988981e+06,1.1761375e+06
1.0988981e+06,1.176579e+06
1.0988981e+06,1.1425774e+06
1.0988981e+06,1.1444422e+06
1.0988981e+06,1.1474322e+06
1.0988981e+06,1.1444239e+06
1.0988981e+06,1.1748481e+06
570595.9,963402.94
570595.9,963986.4
570595.9,969879.1
570595.9,965245.3
570595.9,966254.1
570595.9,963919.0
570595.9,964999.75
570595.9,934300.9
570595.9,936459.9
570595.9,950684.1
570595.9,950283.3
575136.75,788757.06
575136.75,778647.1
575136.75,779379.44
575136.75,768828.25
575136.75,764862.8
470988.62,479989.66
470988.62,489922.75
470988.62,482731.7
470988.62,508663.47
470988.62,441726.3
595172.94,577205.7
595172.94,572584.44
406273.06,579818.8
406273.06,583551.5
406273.06,592992.0
406273.06,555816.3
266736.8,212598.05
266736.8,224299.23
559191.5,635300.1
559191.5,664405.3
623075.06,796977.3
623075.06,800872.4
623075.06,797687.6
623075.06,784126.7
623075.06,780869.9
712946.06,1.01682094e+06
712946.06,1.0270139e+06
712946.06,1.0256162e+06
712946.06,1.0257575e+06
712946.06,1.0149645e+06
712946.06,1.0028112e+06
712946.06,1.0041024e+06
712946.06,1.0524678e+06
484414.38,518042.06
402322.38,486044.5
402322.38,485359.12
402322.38,477417.44
855561.0,1.0429606e+06
855561.0,1.0623059e+06
855561.0,1.0351196e+06
604893.8,868752.0
604893.8,854337.3
604893.8,848682.44
676134.06,792619.9
676134.06,783624.7
676134.06,786901.4
676134.06,775083.94
676134.06,748016.3
676134.06,744288.9
676134.06,779504.9
536500.7,908239.25
536500.7,936082.7
633736.2,1.00904175e+06
633736.2,1.02348625e+06
633736.2,1.00635994e+06
633736.2,1.008723e+06
633736.2,1.0475953e+06
633736.2,1.0077336e+06
633736.2,982257.9
633736.2,984177.6
633736.2,989746.25
633736.2,1.01685894e+06
581119.3,695396.5
581119.3,709382.8
422288.7,422122.28
506250.75,547989.75
506250.75,527198.3
948762.0,1.01396444e+06
204706.92,116421.58
204706.92,115438.89
197401.08,224203.7
197401.08,214819.61
475881.5,507958.97
475881.5,501533.72
603263.6,688057.3
603263.6,715625.4
418767.78,606108.44
418767.78,611622.44
418767.78,602580.8
418767.78,596420.06
418767.78,578577.5
418767.78,579515.8
375833.9,257156.77
375833.9,239233.64
390390.53,446513.5
390390.53,426234.9
390390.53,429270.28
390390.53,418758.1
390390.53,412535.75
390390.53,409674.72
390390.53,408363.5
390390.53,418718.03
394936.06,363505.06
394936.06,363654.34
394936.06,368838.8
394936.06,371607.72
779996.5,1.0196177e+06
779996.5,1.02652244e+06
779996.5,1.0302363e+06
779996.5,1.01965e+06
779996.5,1.0181326e+06
779996.5,1.02768175e+06
779996.5,1.00084925e+06
779996.5,985352.6
779996.5,988091.4
779996.5,1.0344046e+06
331063.12,350107.5
331063.12,350013.0
331063.12,344068.22
331063.12,338494.3
331063.12,339211.62
331063.12,365560.22
970644.2,1.0213541e+06
970644.2,1.0651286e+06
781239.44,890047.56
781239.44,882048.3
781239.44,902312.75
781239.44,887683.1
781239.44,897707.7
526972.0,629863.5
526972.0,630453.2
526972.0,637726.4
526972.0,640442.44
256442.33,199012.42
256442.33,185980.02
541224.8,470104.53
541224.8,477676.03
350438.2,464262.72
350438.2,468717.06
350438.2,471256.66
390087.66,433195.56
390087.66,442931.8
390087.66,453320.97
215005.28,125168.016
215005.28,132243.89
183693.1,113179.45
183693.1,101859.89
442928.4,591629.1
442928.4,588178.4
590503.1,741993.3
590503.1,738526.56
566528.8,922377.2
566528.8,939417.3
480906.56,498906.56
480906.56,499940.12
480906.56,487001.72
323907.53,389316.9
323907.53,391562.12
896958.0,1.0127618e+06
896958.0,1.04737075e+06
896958.0,1.0171442e+06
642874.0,788234.5
642874.0,786737.8
642874.0,785988.6
642874.0,789150.56
642874.0,804222.2
642874.0,753607.3
642874.0,754234.3
642874.0,789114.44
677169.6,979372.3
452982.1,585666.6
452982.1,579095.3
452982.1,570294.0
843010.44,863989.75
843010.44,935011.8
503078.5,501338.56
503078.5,508351.53
503078.5,495570.9
503078.5,490560.44
264676.2,147402.89
264676.2,154097.14
264676.2,152540.58
423033.44,576906.6
423033.44,565637.75
210826.25,126076.45
210826.25,134274.95
691966.8,846909.6
691966.8,822044.1
444007.38,548290.5
444007.38,549073.9
444007.38,548691.4
444007.38,531413.2
841332.75,1.0460621e+06
841332.75,1.04622825e+06
841332.75,1.0555968e+06
841332.75,1.0448851e+06
841332.75,1.061535e+06
841332.75,1.0293141e+06
676761.1,896279.75
676761.1,913580.1
676761.1,900208.75
676761.1,891561.1
676761.1,906029.75
898091.25,921968.5
557370.6,964309.2
557370.6,993202.6
286130.94,159270.33
286130.94,154690.67
577228.25,1.00783825e+06
577228.25,1.01326525e+06
577228.25,1.0089675e+06
577228.25,1.01309994e+06
577228.25,1.01208e+06
577228.25,1.00525056e+06
577228.25,974145.56
577228.25,978856.5
577228.25,988549.44
577228.25,975459.44
736046.56,994962.75
736046.56,942824.3
848182.06,1.0708352e+06
848182.06,1.0704509e+06
848182.06,1.087516e+06
848182.06,1.0749605e+06
848182.06,1.0719095e+06
848182.06,1.0737686e+06
848182.06,1.0741841e+06
848182.06,1.073532e+06
848182.06,1.0946548e+06
662985.5,780824.8
662985.5,779408.1
662985.5,770002.0
662985.5,778327.94
662985.5,778520.25
662985.5,784926.0
356474.03,361126.6
356474.03,357979.1
370374.97,327151.75
370374.97,347718.12
370374.97,335965.94
256521.22,235149.14
256521.22,219431.7
421399.06,390899.2
421399.06,390303.3
421399.06,397933.9
611075.4,967143.8
611075.4,992922.44
611075.4,969502.0
611075.4,1.00137556e+06
611075.4,975726.3
611075.4,959264.06
749820.3,857328.44
749820.3,851297.75
749820.3,835241.8
653412.3,943617.56
653412.3,975633.1
567083.1,943831.75
567083.1,922436.06
202919.47,217782.61
202919.47,206146.67
690087.44,834495.56
690087.44,822490.94
690087.44,816622.7
358601.38,354547.9
358601.38,351262.66
358601.38,329472.06
625220.4,545520.75
625220.4,557773.75
625220.4,549705.3
625220.4,548118.44
625220.4,545506.25
576887.1,907477.6
576887.1,934067.3
216277.55,126466.766
216277.55,117028.58
628290.1,719075.94
628290.1,746710.3
641245.7,1.03077e+06
641245.7,1.00611225e+06
641245.7,1.02268275e+06
641245.7,1.0213797e+06
641245.7,1.0161908e+06
641245.7,1.0228475e+06
641245.7,984734.6
641245.7,989803.0
641245.7,990408.25
184666.55,199701.86
184666.55,206630.2
184666.55,201039.73
640023.7,661635.06
599162.2,732122.8
599162.2,746526.5
599162.2,748219.94
615914.1,824946.4
615914.1,829427.75
615914.1,814528.06
615914.1,798778.7
615914.1,835244.7
532801.5,947895.9
532801.5,930413.0
288748.28,304849.84
288748.28,305468.2
288748.28,316027.84
288748.28,298135.47
288748.28,298144.28
175092.39,122993.7
175092.39,105069.39
256591.6,308275.1
256591.6,306511.9
256591.6,279795.12
271755.03,235852.48
271755.03,235818.08
683860.6,640543.5
683860.6,617687.1
598473.6,735850.9
598473.6,728374.75
598473.6,732891.2
598473.6,742800.9
531430.9,639619.56
531430.9,614867.06
549701.44,802367.9
549701.44,806719.4
549701.44,802367.9
549701.44,784785.8
223253.72,141842.14
744130.75,1.0343579e+06
744130.75,1.03674244e+06
744130.75,1.0374737e+06
744130.75,1.0376934e+06
744130.75,1.0267735e+06
744130.75,1.0097217e+06
744130.75,998381.3
744130.75,1.0162277e+06
744130.75,993344.0
744130.75,1.03895544e+06
721200.6,1.0240472e+06
721200.6,1.02271494e+06
721200.6,1.03434406e+06
721200.6,1.0356365e+06
721200.6,1.0171194e+06
721200.6,998122.94
721200.6,996617.94
721200.6,1.0046953e+06
721200.6,1.0263145e+06
456571.84,623893.1
456571.84,601718.2
868984.4,1.0686055e+06
868984.4,1.0682892e+06
868984.4,1.0774515e+06
868984.4,1.0638879e+06
868984.4,1.0688692e+06
868984.4,1.02951956e+06
868984.4,1.0289599e+06
369831.34,249948.8
369831.34,246024.98
369831.34,234646.58
618829.6,527280.9
618829.6,549730.75
360843.75,254483.42
360843.75,251633.7
360843.75,245890.61
360843.75,239594.3
680052.0,812679.94
680052.0,821128.94
584163.56,957336.4
584163.56,937329.0
660992.94,857791.8
660992.94,874866.8
432248.9,593750.4
432248.9,591157.2
599593.25,976439.94
599593.25,1.0027988e+06
599593.25,969391.94
599593.25,959303.94
599593.25,967300.4
599593.25,951279.3
528454.06,527570.75
528454.06,509265.12
424969.34,256850.05
424969.34,266991.9
950090.4,1.0180681e+06
950090.4,1.0590821e+06
199536.44,116324.7
199536.44,122181.766
199536.44,115638.516
759605.94,1.0378876e+06
669127.2,1.0671804e+06
669807.06,1.0235095e+06
669807.06,1.0088213e+06
669807.06,991073.56
483833.06,464217.62
483833.06,472066.22
483833.06,473918.06
483833.06,473402.72
483833.06,453760.62
483833.06,456702.53
483833.06,455441.28
483833.06,505199.9
296339.94,301464.94
296339.94,294769.84
296339.94,290553.16
530692.1,605690.7
530692.1,654054.56
449399.9,643180.1
449399.9,658361.8
361959.2,351826.8
361959.2,345798.38
276481.44,321418.34
276481.44,326466.9
497770.8,619834.06
497770.8,602541.3
302737.78,197470.33
302737.78,205489.3
344417.7,419569.4
344417.7,425243.53
647498.2,951896.1
647498.2,959376.44
647498.2,952624.44
647498.2,953336.0
647498.2,959725.3
647498.2,962245.06
647498.2,959376.44
647498.2,964020.4
651297.4,848570.1
651297.4,861186.56
377630.22,234631.7
377630.22,236120.3
377630.22,239433.89
412342.2,558743.44
412342.2,560208.94
412342.2,545744.25
412342.2,576874.1
333666.1,404560.72
333666.1,403660.72
333666.1,413151.25
393556.84,565354.9
393556.84,569348.7
592115.5,953718.0
592115.5,954559.7
592115.5,951134.44
592115.5,955526.44
592115.5,961999.75
592115.5,956874.75
592115.5,954066.3
592115.5,955686.4
288101.53,172835.77
288101.53,171491.73
288101.53,151512.8
926739.6,1.0356602e+06
926739.6,1.0791654e+06
680803.6,969007.2
680803.6,1.0000691e+06
687919.4,815685.8
687919.4,821684.3
687919.4,832534.7
687919.4,811273.06
687919.4,820171.56
687919.4,813986.2
648710.5,945089.75
648710.5,981462.6
239823.86,217122.11
239823.86,205605.3
239823.86,188622.36
523530.38,627672.9
523530.38,681314.94
625207.75,967524.9
625207.75,998520.1
625207.75,998180.25
1.0214002e+06,979990.7
1.0214002e+06,998665.25
1.0543131e+06,1.0869045e+06
1.0543131e+06,1.1164374e+06
816210.0,977014.06
816210.0,990671.8
816210.0,936869.06
480828.8,665395.25
2.4269385e+06,1.6665815e+06
2.4269385e+06,1.6711376e+06
780171.8,1.0359956e+06
780171.8,1.0350604e+06
780171.8,1.0459834e+06
780171.8,1.0379788e+06
780171.8,1.03428394e+06
780171.8,1.0383259e+06
780171.8,1.00945256e+06
780171.8,994227.75
780171.8,1.0096357e+06
780171.8,994051.25
780171.8,1.0346665e+06
567676.1,735110.6
567676.1,747602.2
567676.1,741109.3
567676.1,719278.2
419586.44,495037.78
419586.44,488168.6
299813.0,199794.55
299813.0,207857.3
299813.0,209086.23
356452.0,329499.7
356452.0,321765.94
483370.9,524754.8
483370.9,516695.5
483370.9,526313.44
483370.9,498118.25
325598.34,300873.94
325598.34,292966.88
465241.2,503864.72
465241.2,470374.03
465241.2,479993.66
465241.2,469794.88
465241.2,468662.56
465241.2,458682.12
465241.2,453835.06
465241.2,456757.5
361110.5,238530.83
361110.5,230654.42
562315.25,704584.7
562315.25,673608.25
1.0739771e+06,1.1166354e+06
1.0739771e+06,1.1323605e+06
2.6847305e+06,1.695601e+06
2.6847305e+06,1.6945711e+06
599298.1,1.0003632e+06
599298.1,1.02719844e+06
599298.1,999273.3
599298.1,990144.8
599298.1,1.00306656e+06
599298.1,964729.25
599298.1,967358.44
599298.1,994126.4
555585.1,770112.8
555585.1,786130.56
555585.1,781687.4
555585.1,761539.06
555585.1,759063.9
1.2008284e+06,1.113846e+06
1.2008284e+06,1.1040469e+06
407474.12,513538.56
407474.12,495494.97
508278.06,644153.44
508278.06,647509.56
684639.44,818198.1
684639.44,807556.94
576395.94,829707.6
576395.94,836579.56
576395.94,831365.8
576395.94,825279.6
576395.94,796292.2
576395.94,775379.6
576395.94,799356.9
588077.0,756560.9
588077.0,765703.94
588077.0,762555.4
588077.0,739490.3
194178.73,120227.39
194178.73,109715.766
223965.36,189766.67
223965.36,198172.36
223965.36,202786.02
472984.3,632228.1
472984.3,624006.8
448886.25,529386.6
448886.25,519636.4
448886.25,544724.94
594926.25,786421.75
594926.25,812242.06
433881.88,540321.44
433881.88,551632.5
279540.03,265754.4
279540.03,269587.22
279540.03,250160.27
491009.7,443830.12
491009.7,420657.12
746598.6,1.04309825e+06
746598.6,1.04376475e+06
746598.6,1.03545556e+06
746598.6,1.050336e+06
746598.6,1.0430508e+06
746598.6,1.0100133e+06
746598.6,1.00987894e+06
746598.6,1.0124767e+06
746598.6,1.0116674e+06
746598.6,1.0622e+06
449428.06,604673.6
449428.06,600368.25
449428.06,617231.56
449428.06,581735.44
449428.06,584667.7
457656.44,469348.47
457656.44,442999.12
743840.0,1.0137598e+06
743840.0,1.02825006e+06
743840.0,1.0137598e+06
743840.0,1.0163201e+06
743840.0,1.0129129e+06
743840.0,991897.75
743840.0,989773.94
743840.0,1.0602344e+06
387576.56,353685.1
387576.56,360127.38
453680.06,408806.97
453680.06,444766.62
453680.06,398958.9
556065.7,700672.2
556065.7,708868.1
556065.7,687349.1
556065.7,664908.7
556065.7,753711.7
210233.33,153010.2
210233.33,142268.52
452162.16,448963.78
452162.16,472616.34
553888.9,625619.3
650232.94,901202.5
650232.94,901670.06
650232.94,902008.44
650232.94,903853.44
650232.94,905937.2
623000.6,996035.0
623000.6,984093.44
677294.3,595444.5
677294.3,599527.0
677294.3,600591.9
677294.3,609006.25
677294.3,584496.7
677294.3,583546.3
677294.3,584211.4
350658.06,241053.55
267133.9,162286.08
267133.9,150754.7
301305.28,182367.55
301305.28,164040.23
512101.97,689441.1
512101.97,693916.56
512101.97,698822.2
512101.97,701411.7
512101.97,665014.8
512101.97,663509.6
512101.97,670538.0
290808.3,250627.73
290808.3,256429.64
290808.3,258302.89
742705.56,1.023187e+06
742705.56,1.01890544e+06
742705.56,1.0107592e+06
742705.56,1.0329277e+06
742705.56,1.01218625e+06
742705.56,1.0087063e+06
742705.56,1.0188071e+06
771316.7,1.0292934e+06
771316.7,1.04420594e+06
542283.75,676943.0
542283.75,655307.6
506185.5,645181.8
506185.5,641507.4
506185.5,632597.06
838734.44,1.0929549e+06
548892.9,983366.75
548892.9,983684.56
548892.9,989714.1
548892.9,982506.0
548892.9,991064.4
548892.9,984823.06
548892.9,953571.56
548892.9,952759.06
548892.9,954358.75
548892.9,958396.06
548892.9,962778.3
509056.38,663312.94
509056.38,658537.3
509056.38,654450.7
509056.38,664038.4
509056.38,625969.9
799083.44,1.0577286e+06
799083.44,1.0675581e+06
799083.44,1.0589671e+06
799083.44,1.0800461e+06
799083.44,1.064283e+06
799083.44,1.0548621e+06
799083.44,1.0562201e+06
799083.44,1.0486248e+06
799083.44,1.0355438e+06
799083.44,1.0348548e+06
799083.44,1.0303584e+06
506983.0,644757.75
506983.0,657924.56
738958.9,1.00219225e+06
738958.9,1.008743e+06
738958.9,1.0089105e+06
738958.9,1.00368594e+06
738958.9,1.0040409e+06
738958.9,1.01206794e+06
372496.5,354038.06
372496.5,358362.97
338866.8,374281.6
338866.8,371033.03
338866.8,373216.12
338866.8,366014.34
406980.3,564535.0
406980.3,567111.7
551157.25,984439.5
551157.25,990603.2
551157.25,985618.3
551157.25,988793.9
551157.25,986170.44
551157.25,987635.2
551157.25,985744.4
551157.25,977475.1
1.0869141e+06,1.0318999e+06
1.0869141e+06,996498.0
343879.5,363390.47
343879.5,339203.62
597892.6,835323.1
597892.6,843500.5
597892.6,830824.94
597892.6,840594.75
605571.7,960916.3
605571.7,955702.56
605571.7,955083.0
605571.7,957134.94
605571.7,960328.56
605571.7,956318.6
605571.7,959724.44
605571.7,931948.3
605571.7,929446.4
605571.7,931652.6
605571.7,941593.5
601755.7,897793.5
601755.7,900022.8
601755.7,909980.3
601755.7,898002.9
601755.7,883702.06
601755.7,883650.7
601755.7,887129.44
601755.7,902044.0
440995.44,662393.9
440995.44,656825.8
440995.44,685075.94
440995.44,658097.94
686698.4,607445.9
686698.4,631413.1
828752.7,1.0642416e+06
828752.7,1.0602878e+06
828752.7,1.0669316e+06
828752.7,1.0615346e+06
828752.7,1.0819494e+06
828752.7,1.0638569e+06
828752.7,1.0602878e+06
828752.7,1.0773848e+06
313677.94,217674.33
313677.94,218526.83
737539.4,1.01758494e+06
737539.4,1.0251595e+06
737539.4,1.0223616e+06
737539.4,1.0145778e+06
737539.4,1.0185518e+06
737539.4,1.0168732e+06
737539.4,994399.44
737539.4,1.00796894e+06
737539.4,996481.25
543922.94,1.009961e+06
543922.94,1.01029044e+06
543922.94,1.0085412e+06
543922.94,1.0105198e+06
543922.94,1.01066994e+06
543922.94,975578.5
543922.94,977160.25
543922.94,980550.5
543922.94,1.006342e+06
618606.2,873820.4
618606.2,894498.1
618606.2,887987.0
618606.2,888585.2
618606.2,879008.6
618606.2,832347.25
618606.2,844781.8
618606.2,842763.44
332648.16,312707.9
332648.16,295257.72
702729.5,871306.06
702729.5,848194.06
372508.56,513108.06
372508.56,521046.25
189448.98,232405.52
189448.98,233491.39
189448.98,223003.8
801847.06,904621.1
801847.06,904271.4
474453.4,462891.5
474453.4,468934.56
479058.8,585119.44
479058.8,611986.3
586742.94,776922.9
586742.94,786256.94
2.5369208e+06,1.6775185e+06
2.5369208e+06,1.6843815e+06
608870.5,904916.9
608870.5,892604.44
608870.5,889221.9
608870.5,911244.3
608870.5,900003.9
608870.5,855994.8
608870.5,861921.7
608870.5,856833.3
687128.44,968282.44
687128.44,965637.94
687128.44,965555.3
687128.44,969432.8
687128.44,966246.3
687128.44,965307.25
687128.44,968330.75
687128.44,946625.4
687128.44,944654.1
687128.44,951127.94
687128.44,951001.75
687128.44,948926.6
687128.44,944799.44
687128.44,963663.9
2.6422875e+06,1.6801249e+06
2.6422875e+06,1.6814048e+06
760048.44,791378.3
760048.44,783349.94
760048.44,777051.1
760048.44,746152.25
760048.44,758055.4
342345.1,232591.48
1.03651244e+06,1.1735194e+06
1.03651244e+06,1.185392e+06
1.03651244e+06,1.1725124e+06
1.03651244e+06,1.1728919e+06
1.03651244e+06,1.185414e+06
1.03651244e+06,1.1729452e+06
1.03651244e+06,1.1870774e+06
1.03651244e+06,1.1733802e+06
1.03651244e+06,1.1544636e+06
1.03651244e+06,1.144485e+06
1.03651244e+06,1.1449039e+06
1.03651244e+06,1.1401239e+06
1.03651244e+06,1.1464992e+06
1.03651244e+06,1.1408169e+06
1.03651244e+06,1.1843331e+06
519496.94,683743.94
519496.94,681987.0
519496.94,685338.3
519496.94,693451.0
519496.94,656393.2
519496.94,655619.7
519496.94,644750.4
600615.5,782984.94
600615.5,762865.56
600615.5,753287.25
600615.5,754992.4
600615.5,764344.0
934642.44,1.03171206e+06
934642.44,1.0658998e+06
492363.4,475787.53
492363.4,489640.0
418697.78,269075.56
418697.78,251047.08
812261.25,1.0598631e+06
812261.25,1.0512622e+06
812261.25,1.0326167e+06
571165.9,979480.06
571165.9,929945.0
646627.1,943888.25
646627.1,957275.75
289925.8,200373.45
289925.8,203714.08
289925.8,188031.08
404237.97,370998.34
404237.97,365299.56
708332.2,1.0169012e+06
708332.2,1.0089536e+06
558962.7,507103.22
558962.7,535020.2
533113.94,480210.88
533113.94,484725.7
828753.0,1.0987655e+06
828753.0,1.0927766e+06
828753.0,1.0930915e+06
828753.0,1.0978786e+06
828753.0,1.0913098e+06
828753.0,1.1119794e+06
828753.0,1.0989011e+06
828753.0,1.0704844e+06
828753.0,1.0698384e+06
828753.0,1.069231e+06
828753.0,1.0776838e+06
828753.0,1.069231e+06
828753.0,1.0728491e+06
828753.0,1.1078526e+06
932253.3,1.0306664e+06
932253.3,1.0388587e+06
932253.3,1.0612146e+06
932253.3,1.0295693e+06
932253.3,1.02817175e+06
932253.3,1.01217175e+06
932253.3,1.0155261e+06
932253.3,1.0230042e+06
932253.3,1.01459094e+06
932253.3,1.0765174e+06
234576.56,205359.42
234576.56,192532.48
536437.75,906407.5
536437.75,920551.3
359246.25,483151.47
359246.25,475929.03
359246.25,472679.94
587640.3,784078.6
587640.3,768390.44
2.2614478e+06,1.6341171e+06
2.2614478e+06,1.6376648e+06
674674.06,824044.25
674674.06,801351.94
605528.06,747109.75
605528.06,743489.94
605528.06,741390.0
605528.06,731557.75
605528.06,724075.8
398278.78,392997.12
398278.78,395027.3
398278.78,378328.2
746877.6,849848.2
746877.6,843822.7
664040.2,943310.7
664040.2,955243.75
475376.62,607842.7
475376.62,613254.06
561415.44,528763.5
561415.44,546780.75
845107.5,959353.94
845107.5,993111.5
845107.5,925908.9
642594.8,1.0046265e+06
642594.8,1.01022506e+06
642594.8,1.0035417e+06
642594.8,1.005044e+06
642594.8,1.0073257e+06
642594.8,1.00598594e+06
487398.38,652373.0
487398.38,645997.3
487398.38,647144.56
487398.38,622477.5
487398.38,607877.94
487398.38,648807.9
345526.47,392462.06
345526.47,378952.34
345526.47,379360.2
345526.47,411145.1
345526.47,378590.88
345526.47,376678.44
345526.47,392371.44
555703.5,776543.8
555703.5,774057.75
555703.5,764986.06
555703.5,772206.1
691066.25,1.02573975e+06
691066.25,1.017328e+06
691066.25,1.0109374e+06
691066.25,1.01560306e+06
691066.25,1.0209393e+06
691066.25,987809.2
691066.25,986250.3
691066.25,1.03260556e+06
364700.2,236286.61
364700.2,222950.05
424974.34,410172.3
424974.34,422685.66
424974.34,406705.06
424974.34,408241.3
424974.34,417602.66
417813.9,368265.16
417813.9,373089.7
1.4624371e+06,1.2538584e+06
222601.77,114660.45
222601.77,118748.95
430765.56,590707.1
430765.56,593568.7
430765.56,594882.44
430765.56,577230.94
1.1859425e+06,1.1565255e+06
1.1859425e+06,1.1810854e+06
444802.66,603496.1
444802.66,614300.5
444802.66,610839.1
444802.66,611346.6
1.3363489e+06,1.2534542e+06
1.3363489e+06,1.2514026e+06
1.3363489e+06,1.2574018e+06
1.3363489e+06,1.2532058e+06
1.3363489e+06,1.2469479e+06
1.3363489e+06,1.2574194e+06
1.3363489e+06,1.247209e+06
1.3363489e+06,1.2658619e+06
1.3363489e+06,1.2536008e+06
1.3363489e+06,1.2387041e+06
1.413016e+06,1.2307008e+06
1.413016e+06,1.2261794e+06
1.413016e+06,1.2277471e+06
1.413016e+06,1.2308889e+06
1.413016e+06,1.2328248e+06
1.413016e+06,1.2261969e+06
1.413016e+06,1.2277588e+06
1.413016e+06,1.201038e+06
1.413016e+06,1.2053598e+06
1.413016e+06,1.2027759e+06
1.413016e+06,1.2039799e+06
1.413016e+06,1.201038e+06
1.413016e+06,1.2242356e+06
912518.7,1.0731178e+06
323397.0,356900.72
325846.06,317231.03
325846.06,297190.22
466024.88,633409.6
466024.88,633505.4
466024.88,609346.0
466024.88,641717.3
748969.4,821184.9
748969.4,915077.4
295473.7,314935.9
295473.7,309580.6
650838.2,691447.6
650838.2,684546.56
670606.4,902165.9
670606.4,911754.9
670606.4,903998.4
670606.4,915910.06
670606.4,921438.75
1.1771752e+06,1.1045939e+06
1.1771752e+06,1.1198036e+06
1.1771752e+06,1.093954e+06
886837.7,1.0006161e+06
886837.7,999354.7
886837.7,997674.56
886837.7,999097.3
886837.7,971434.9
886837.7,982765.56
886837.7,984220.0
426636.4,497077.34
426636.4,485380.78
826224.56,972263.7
826224.56,936893.06
790020.7,1.0585981e+06
790020.7,1.0776328e+06
790020.7,1.0750585e+06
790020.7,1.0577812e+06
790020.7,1.0616015e+06
790020.7,1.0593221e+06
790020.7,1.082643e+06
431734.5,500150.16
431734.5,499782.44
431734.5,515252.16
431734.5,492549.2
516084.5,662430.75
516084.5,659308.06
516084.5,660071.9
516084.5,670765.8
516084.5,644380.8
885329.0,1.0911598e+06
885329.0,1.1040969e+06
885329.0,1.0910194e+06
885329.0,1.0880148e+06
885329.0,1.1014478e+06
885329.0,1.091006e+06
885329.0,1.0686839e+06
885329.0,1.0616096e+06
885329.0,1.0605524e+06
885329.0,1.0942986e+06
582898.44,1.0101591e+06
582898.44,984088.6
582898.44,970832.8
582898.44,1.0066292e+06
582898.44,981519.9
582898.44,1.0300994e+06
609594.3,848508.2
609594.3,852555.7
609594.3,858843.7
609594.3,833973.44
176596.27,97168.766
176596.27,118390.14
640846.56,782515.9
640846.56,779888.75
640846.56,794087.1
640846.56,775701.44
640846.56,784658.2
607361.3,959380.1
607361.3,958068.6
607361.3,962463.5
607361.3,957703.0
607361.3,961032.75
607361.3,961132.0
607361.3,935681.9
607361.3,946345.2
607361.3,934845.8
607361.3,945364.0
757125.3,1.0176141e+06
757125.3,1.02360456e+06
757125.3,1.02070375e+06
757125.3,1.0256069e+06
757125.3,1.0231219e+06
757125.3,1.01812125e+06
757125.3,1.0506574e+06
380489.75,545577.06
380489.75,548747.75
380489.75,545627.7
380489.75,546780.9
378779.53,424920.25
378779.53,424794.8
378779.53,418547.4
382118.75,241341.33
382118.75,234696.64
539692.94,764573.56
539692.94,771033.06
539692.94,751273.5
539692.94,764131.94
1.04203606e+06,1.0257617e+06
1.04203606e+06,1.0100636e+06
1.04203606e+06,1.03055106e+06
1.04203606e+06,1.0073011e+06
1.04203606e+06,1.0113434e+06
1.04203606e+06,1.011078e+06
1.04203606e+06,979215.44
1.04203606e+06,971832.4
1.04203606e+06,980140.06
393412.56,377501.1
393412.56,357600.66
397266.72,507177.22
397266.72,490923.88
691309.0,956519.5
691309.0,956020.7
691309.0,968896.5
691309.0,963097.9
691309.0,934797.6
691309.0,942412.6
691309.0,936122.4
691309.0,953678.2
416370.34,441097.28
416370.34,440942.56
372428.9,385411.88
372428.9,392211.94
372428.9,383527.44
224190.77,140015.08
224190.77,131200.39
224190.77,124088.83
781424.56,1.0038871e+06
781424.56,1.0249774e+06
382929.38,252095.11
382929.38,252112.58
382929.38,254594.61
382929.38,254754.83
810810.9,903726.06
810810.9,913645.25
697890.25,787166.0
697890.25,837619.1
776275.7,1.0077998e+06
776275.7,951013.56
632568.0,799824.8
632568.0,816073.5
682954.5,936482.06
682954.5,958771.44
469761.47,611742.06
469761.47,609004.6
582155.0,856642.3
582155.0,847502.8
582155.0,840822.06
756874.3,997789.75
756874.3,1.02880556e+06
804831.0,1.0646779e+06
804831.0,1.0668086e+06
804831.0,1.04353756e+06
804831.0,1.0490882e+06
804831.0,1.04725094e+06
804831.0,1.04134775e+06
804831.0,1.049361e+06
804831.0,1.069771e+06
680365.8,1.0390104e+06
680365.8,1.0309252e+06
680365.8,1.0468748e+06
680365.8,1.0255557e+06
680365.8,1.0480153e+06
680365.8,1.0146632e+06
680365.8,1.0169085e+06
680365.8,1.03040356e+06
488599.1,625532.5
488599.1,647341.1
488599.1,629659.8
892873.2,939038.1
892873.2,985804.9
2.2244042e+06,1.6242992e+06
2.2244042e+06,1.6292566e+06
581020.3,795905.4
581020.3,800296.2
940907.7,1.074809e+06
940907.7,1.0793111e+06
940907.7,1.0771476e+06
1.0763931e+06,1.2121589e+06
785711.7,942262.56
785711.7,933605.8
785711.7,936495.56
785711.7,944930.3
785711.7,933669.3
785711.7,893576.1
785711.7,902939.94
785711.7,904524.5
785711.7,906113.7
785711.7,940462.7
574322.2,779450.25
574322.2,769349.06
778883.8,888362.7
778883.8,922168.7
476290.84,494135.94
476290.84,485978.88
476290.84,496183.6
476290.84,476886.66
433253.38,528356.7
433253.38,520229.94
383178.72,447097.97
383178.72,443166.06
383178.72,450135.72
613551.9,783874.1
613551.9,787259.6
513285.06,688534.3
513285.06,724074.94
370338.62,227433.7
370338.62,223504.48
704287.1,1.02821106e+06
704287.1,1.0192245e+06
704287.1,991661.7
393248.47,499894.1
393248.47,493508.1
393248.47,491309.0
461546.78,676362.7
461546.78,659927.6
461546.78,666542.7
281583.94,209606.05
281583.94,201404.95
742484.1,1.0113479e+06
742484.1,1.01347244e+06
742484.1,1.0187057e+06
742484.1,1.0303801e+06
742484.1,1.0258642e+06
742484.1,984644.5
742484.1,993188.06
1.1693256e+06,1.0717868e+06
1.1693256e+06,1.0695155e+06
1.1693256e+06,1.0714088e+06
1.1693256e+06,1.0743069e+06
1.1693256e+06,1.0695628e+06
1.1693256e+06,1.069461e+06
1.1693256e+06,1.0591071e+06
1.1693256e+06,1.0520285e+06
1.1693256e+06,1.0559438e+06
1.1693256e+06,1.0522949e+06
1.1693256e+06,1.07837e+06
610092.7,834977.25
610092.7,820329.25
610092.7,831299.2
610092.7,829937.75
610092.7,789901.6
610092.7,784387.75
610092.7,788681.8
610092.7,806187.5
606755.75,739923.4
606755.75,757193.56
702369.6,805293.2
702369.6,823122.8
702369.6,834859.25
702369.6,811751.94
702369.6,779375.0
702369.6,777073.1
702369.6,829771.6
691794.3,1.0282466e+06
691794.3,987595.1
561330.5,922255.7
561330.5,954254.56
561330.5,921555.75
580954.1,825185.8
219112.06,125586.14
219112.06,120455.14
766254.44,792457.6
766254.44,782972.6
766254.44,783187.0
766254.44,756131.7
766254.44,757235.1
827882.6,1.03866e+06
827882.6,1.0227598e+06
827882.6,1.0248398e+06
827882.6,1.019597e+06
827882.6,1.02384294e+06
827882.6,1.0377401e+06
827882.6,1.0700474e+06
597734.25,965097.2
597734.25,972084.0
597734.25,967295.0
597734.25,965957.6
597734.25,968095.94
597734.25,964076.94
597734.25,966744.6
597734.25,962098.5
441604.1,573753.1
441604.1,572828.06
441604.1,565251.4
267396.3,232563.83
267396.3,237608.3
267396.3,226125.67
621443.5,863282.9
675397.3,941899.44
675397.3,965826.1
479738.53,611056.4
479738.53,612830.8
479738.53,612435.56
769253.25,997428.4
769253.25,1.00693756e+06
769253.25,973721.5
676642.9,989960.4
676642.9,962529.94
521370.34,740606.56
521370.34,735654.5
521370.34,745990.7
432903.3,394463.38
432903.3,384735.72
895030.75,1.0741408e+06
895030.75,1.0780122e+06
895030.75,1.069931e+06
895030.75,1.0755094e+06
895030.75,1.0854644e+06
895030.75,1.0747584e+06
895030.75,1.0854039e+06
895030.75,1.0882092e+06
416177.6,563579.2
416177.6,574847.94
1.3674332e+06,1.1705105e+06
1.3674332e+06,1.149749e+06
592991.25,991485.06
592991.25,978834.25
592991.25,984178.2
592991.25,973175.94
592991.25,968732.75
592991.25,956923.2
592991.25,980121.06
592991.25,972964.6
439868.53,513224.34
439868.53,494796.44
439868.53,500214.03
439868.53,510592.47
270882.62,160731.55
270882.62,160731.55
270882.62,158751.89
655917.9,801764.9
655917.9,803160.8
659878.5,755933.5
659878.5,760665.5
770762.9,960320.0
770762.9,964171.44
770762.9,958930.44
770762.9,929469.9
240535.44,133421.58
240535.44,129847.266
240535.44,128285.766
846337.7,1.0629441e+06
846337.7,1.0628605e+06
846337.7,1.0581292e+06
846337.7,1.0576568e+06
846337.7,1.0614454e+06
846337.7,1.0532668e+06
846337.7,1.0504754e+06
846337.7,1.0304448e+06
846337.7,1.03226294e+06
327370.97,349450.88
327370.97,351643.84
327370.97,351112.2
327370.97,372166.5
327370.97,350252.66
700647.2,745363.6
700647.2,761705.25
269425.84,259919.52
269425.84,235952.98
721120.4,840717.1
721120.4,873972.3
539745.2,990414.7
539745.2,991680.0
539745.2,994756.5
539745.2,992241.94
539745.2,995969.8
539745.2,989813.6
539745.2,971359.3
539745.2,959341.56
539745.2,972846.56
539745.2,973096.8
539745.2,971508.3
1.3048171e+06,1.2451836e+06
1.3048171e+06,1.2450801e+06
1.3048171e+06,1.2441481e+06
1.3048171e+06,1.2475475e+06
1.3048171e+06,1.2450622e+06
1.3048171e+06,1.2618392e+06
1.3048171e+06,1.2439608e+06
1.3048171e+06,1.2478105e+06
1.3048171e+06,1.2560518e+06
633869.06,738241.94
633869.06,755290.44
569527.4,685128.7
569527.4,699006.25
569527.4,699172.75
569527.4,669679.25
2.4147102e+06,1.6408366e+06
2.4147102e+06,1.6436268e+06
1.3296815e+06,1.2041312e+06
1.3296815e+06,1.1999795e+06
1.3296815e+06,1.1971861e+06
1.3296815e+06,1.2081248e+06
1.3296815e+06,1.2001775e+06
1.3296815e+06,1.2000008e+06
1.3296815e+06,1.2014789e+06
1.3296815e+06,1.2131138e+06
454912.3,623622.8
454912.3,609116.06
454912.3,610156.9
454912.3,575408.4
454912.3,583953.56
454912.3,605205.75
1.2677752e+06,1.1606331e+06
1.2677752e+06,1.1817375e+06
508695.16,866267.6
508695.16,889729.9
567986.2,519896.62
567986.2,514335.5
567986.2,525863.1
567986.2,507573.22
567986.2,509702.03
567986.2,520597.34
471288.4,657337.4
471288.4,673165.0
841484.7,843098.06
841484.7,852655.56
841484.7,854897.94
841484.7,844536.3
841484.7,803206.0
841484.7,806777.0
841484.7,808930.94
841484.7,880314.8
778031.4,1.0200881e+06
778031.4,1.02114606e+06
560912.2,687648.5
560912.2,697248.44
560912.2,685119.0
560912.2,681332.75
560912.2,692507.8
560912.2,677546.3
574899.0,961277.6
574899.0,970234.8
574899.0,969154.75
574899.0,966978.25
574899.0,959324.75
574899.0,961230.56
574899.0,965885.44
574899.0,934634.94
574899.0,949421.7
574899.0,935730.0
574899.0,935327.4
574899.0,932272.56
1.5640159e+06,1.2522498e+06
1.5640159e+06,1.2429352e+06
1.5640159e+06,1.242934e+06
1.5640159e+06,1.2428835e+06
1.5640159e+06,1.2476649e+06
1.5640159e+06,1.2476594e+06
1.5640159e+06,1.2443121e+06
1.5640159e+06,1.2500018e+06
1.5640159e+06,1.2228818e+06
1.5640159e+06,1.2274338e+06
1.5640159e+06,1.223509e+06
1.5640159e+06,1.2293731e+06
1.5640159e+06,1.2244779e+06
1.5640159e+06,1.2238695e+06
1.5640159e+06,1.268534e+06
436940.3,540264.44
436940.3,576877.2
638393.56,871581.25
638393.56,891398.56
638393.56,865974.2
638393.56,865794.5
638393.56,864086.0
638393.56,863272.94
604189.7,965411.2
604189.7,962683.3
604189.7,962079.2
604189.7,961207.9
604189.7,966656.5
604189.7,965669.6
604189.7,968849.6
604189.7,960071.44
604189.7,935348.75
604189.7,950756.06
604189.7,936336.4
604189.7,937001.8
604189.7,969185.5
681275.75,962981.94
681275.75,965498.1
681275.75,961565.25
681275.75,971509.75
681275.75,965638.7
681275.75,968167.75
681275.75,976408.06
681275.75,944746.6
681275.75,943082.06
681275.75,945514.4
681275.75,941998.94
681275.75,943916.4
681275.75,983935.5
710785.2,716332.6
710785.2,722673.1
632879.5,725754.6
632879.5,727506.3
632879.5,724725.06
632879.5,739766.2
744463.25,755352.56
744463.25,729167.5
526228.06,463292.94
526228.06,488621.78
335277.03,367655.12
335277.03,327159.0
155416.1,109936.64
155416.1,98259.14
683251.06,1.0315458e+06
683251.06,1.0374738e+06
683251.06,1.0458294e+06
683251.06,1.0277288e+06
683251.06,1.0368666e+06
683251.06,1.0442408e+06
683251.06,1.01560256e+06
683251.06,999016.9
683251.06,1.0009561e+06
683251.06,1.0070197e+06
278687.66,268780.53
278687.66,273368.53
278687.66,256088.45
655491.06,887473.75
655491.06,880917.5
343986.56,425414.9
343986.56,432699.5
343986.56,429877.1
343986.56,410699.75
1.1327544e+06,1.1535656e+06
1.1327544e+06,1.1557894e+06
1.1327544e+06,1.1525084e+06
1.1327544e+06,1.151493e+06
1.1327544e+06,1.1517871e+06
1.1327544e+06,1.1568036e+06
1.1327544e+06,1.1277461e+06
1.1327544e+06,1.13352e+06
1.1327544e+06,1.1232735e+06
1.1327544e+06,1.1279372e+06
1.1327544e+06,1.184153e+06
521677.5,648945.4
521677.5,652655.0
521677.5,642721.9
511676.44,917290.94
511676.44,959976.25
330960.8,310254.16
330960.8,307855.12
330960.8,299210.94
551104.44,736528.4
551104.44,749915.7
551104.44,746605.4
551104.44,724897.5
551104.44,725952.8
551104.44,726747.44
649442.75,877944.0
649442.75,886190.44
649442.75,885644.6
649442.75,867258.2
409860.9,483610.06
409860.9,479811.0
409860.9,479529.1
409860.9,466950.0
409860.9,455447.75
409860.9,488252.6
298899.03,177187.58
298899.03,176782.55
298899.03,160772.77
621953.4,963510.9
621953.4,959129.3
621953.4,966209.3
621953.4,958711.06
621953.4,961704.6
621953.4,958981.75
621953.4,948217.4
621953.4,935275.4
621953.4,933512.44
621953.4,943985.94
721906.06,917339.44
721906.06,919996.6
721906.06,941914.5
721906.06,932537.2
721906.06,916039.1
949357.75,1.080186e+06
949357.75,1.0584788e+06
311467.47,322568.53
311467.47,361008.16
824341.3,949176.8
824341.3,913694.56
824341.3,910277.06
824341.3,902318.3
824341.3,948010.9
824341.3,891584.56
824341.3,883871.7
824341.3,885943.75
824341.3,950975.7
504569.28,649322.75
504569.28,645264.9
504569.28,634780.6
351844.1,340418.8
351844.1,342188.22
351844.1,339158.25
351844.1,338586.28
619571.5,842495.8
619571.5,801546.44
604863.7,939204.4
604863.7,960244.5
553470.06,640252.7
553470.06,648589.5
668520.06,1.03925775e+06
668520.06,1.029072e+06
668520.06,1.01818206e+06
668520.06,1.03223825e+06
668520.06,1.01991575e+06
668520.06,1.01447944e+06
668520.06,1.0107652e+06
668520.06,994871.8
668520.06,994215.75
668520.06,1.0524439e+06
527587.75,592131.2
527587.75,580292.06
589135.56,524130.6
589135.56,533752.0
605388.1,886480.56
605388.1,880271.94
605388.1,869717.94
605388.1,871573.8
605388.1,866238.25
605388.1,862760.94
605388.1,883243.56
505400.06,963535.6
505400.06,979143.4
891474.7,880293.6
891474.7,839859.4
485383.78,626274.0
485383.78,630792.06
485383.78,648621.9
485383.78,656227.06
1.2242064e+06,1.1595218e+06
1.2242064e+06,1.1706588e+06
1.2242064e+06,1.1558188e+06
537853.8,759752.56
537853.8,761812.94
650550.1,811822.7
650550.1,770785.44
782002.9,1.03774706e+06
782002.9,1.0190722e+06
782002.9,1.01592125e+06
782002.9,1.0366984e+06
782002.9,1.0072372e+06
756729.0,999621.6
756729.0,975667.06
420731.1,258072.23
420731.1,264091.16
553420.4,914221.94
553420.4,940900.1
557979.7,1.00721806e+06
557979.7,1.0087015e+06
557979.7,1.009434e+06
557979.7,1.0069733e+06
557979.7,1.00837856e+06
557979.7,1.0104382e+06
557979.7,975751.56
557979.7,978733.7
557979.7,976942.5
557979.7,990741.44
137427.95,143523.39
137427.95,143914.14
137427.95,139414.45
534814.06,912259.1
534814.06,929814.7
343212.5,373961.3
343212.5,351252.84
343212.5,366293.72
343212.5,345072.62
630104.9,903996.94
630104.9,933588.2
612843.3,821629.3
612843.3,828895.44
548850.7,788596.75
548850.7,784077.2
880821.75,947804.7
880821.75,1.02806225e+06
548688.7,891384.44
548688.7,944723.44
548688.7,899779.3
478945.25,587513.6
478945.25,595046.4
478945.25,578650.6
478945.25,581692.2
392289.47,258641.8
392289.47,257498.02
392289.47,263883.94
392289.47,251597.89
663787.5,968202.25
663787.5,967732.1
663787.5,964485.2
663787.5,964356.4
663787.5,963861.06
663787.5,960969.0
663787.5,937101.9
663787.5,943175.75
663787.5,944815.94
663787.5,939204.1
663787.5,940205.06
663787.5,982109.3
1.0185597e+06,1.1259149e+06
1.0185597e+06,1.1412476e+06
1.0185597e+06,1.1258022e+06
1.0185597e+06,1.1204795e+06
1.0185597e+06,1.1258915e+06
1.0185597e+06,1.1187882e+06
1.0185597e+06,1.0970386e+06
1.0185597e+06,1.101905e+06
1.0185597e+06,1.1004339e+06
1.0185597e+06,1.100521e+06
1.0185597e+06,1.1027642e+06
428985.1,523586.06
428985.1,510142.72
428985.1,528675.9
428985.1,534731.2
265853.47,298198.28
265853.47,262700.34
544012.6,915749.56
544012.6,914634.8
135244.05,135255.39
135244.05,133196.33
135244.05,135229.14
563612.06,982570.0
563612.06,984655.06
563612.06,983227.75
563612.06,987200.56
563612.06,982570.0
563612.06,984167.44
563612.06,984894.25
563612.06,984276.56
792386.0,1.0800875e+06
792386.0,1.082667e+06
792386.0,1.0790591e+06
792386.0,1.0817188e+06
792386.0,1.0806195e+06
792386.0,1.0781934e+06
792386.0,1.0806388e+06
792386.0,1.050416e+06
792386.0,1.0503765e+06
792386.0,1.0551226e+06
792386.0,1.085189e+06
602783.7,871126.8
654357.25,975156.1
654357.25,1.0131302e+06
1.0460687e+06,1.0208003e+06
1.0460687e+06,1.0034738e+06
598296.06,671160.94
598296.06,666413.1
165108.42,93569.516
165108.42,105014.266
165108.42,98651.33
627712.06,605295.25
627712.06,608550.44
627712.06,607578.7
627712.06,608310.44
627712.06,588713.1
627712.06,584583.4
627712.06,587973.7
627712.06,589854.44
386904.4,247153.42
386904.4,260514.83
386904.4,251699.77
2.4288592e+06,1.6341874e+06
2.4288592e+06,1.6421284e+06
2.4288592e+06,1.6309438e+06
368770.1,360656.1
368770.1,360607.97
368770.1,365785.22
368770.1,349421.1
362935.78,350023.97
362935.78,347206.16
362935.78,331944.84
665036.44,1.00546125e+06
665036.44,1.0133948e+06
665036.44,995624.4
269404.56,149734.55
269404.56,161096.7
269404.56,141000.45
630250.3,681557.25
630250.3,680680.94
630250.3,672361.2
630250.3,665133.7
858444.1,1.05834e+06
858444.1,1.0372064e+06
553975.5,674730.3
553975.5,665347.94
1.1062442e+06,1.1077e+06
1.1062442e+06,1.126324e+06
925550.7,1.035128e+06
925550.7,1.0563852e+06
925550.7,1.0335802e+06
925550.7,1.0400297e+06
925550.7,1.03875675e+06
925550.7,1.0526005e+06
925550.7,1.00737825e+06
925550.7,1.0020808e+06
925550.7,1.0119492e+06
925550.7,1.01296556e+06
693389.9,1.0329603e+06
693389.9,1.01858544e+06
247352.95,194867.7
247352.95,182018.3
541602.44,444698.97
541602.44,466560.5
809064.7,834913.25
809064.7,840041.5
809064.7,837202.2
809064.7,870565.9
809064.7,819906.94
418089.25,557319.0
418089.25,545738.2
638385.6,987936.0
638385.6,967363.2
787020.0,1.0384459e+06
787020.0,1.0682536e+06
787020.0,1.0331121e+06
634519.56,797346.2
634519.56,794732.6
634519.56,774179.9
2.5351628e+06,1.6451931e+06
218104.62,198107.67
218104.62,182571.11
658857.0,954551.3
658857.0,958101.7
658857.0,962014.56
658857.0,961725.3
658857.0,955738.8
658857.0,960198.4
658857.0,957958.4
658857.0,957547.0
658857.0,953718.06
355426.66,493558.78
355426.66,500962.75
355426.66,493598.1
587224.8,1.02536344e+06
587224.8,1.00788825e+06
587224.8,981897.8
517939.78,610931.75
517939.78,610807.5
517939.78,618162.56
517939.78,621922.5
526206.06,843912.6
526206.06,870827.75
559355.9,551328.4
559355.9,557224.4
682436.0,708269.3
682436.0,687040.4
682436.0,681014.94
682436.0,656482.9
682436.0,648524.4
682436.0,686233.6
427248.78,479942.12
427248.78,461464.1
418786.34,391065.2
418786.34,438422.44
368564.47,442103.38
368564.47,441567.78
368564.47,445800.5
368564.47,460412.66
366784.94,424582.5
366784.94,420677.44
366784.94,428231.7
314202.6,273703.5
314202.6,268887.5
632805.25,959914.06
632805.25,966263.4
632805.25,962259.25
632805.25,960002.4
632805.25,963021.1
632805.25,968095.4
632805.25,937829.8
632805.25,951694.8
632805.25,941408.5
632805.25,954527.6
632805.25,957490.1
798641.3,1.0178528e+06
798641.3,1.01103644e+06
798641.3,1.0223504e+06
798641.3,1.0188408e+06
798641.3,1.01638644e+06
798641.3,1.0182711e+06
798641.3,999564.2
798641.3,996787.1
798641.3,1.00433375e+06
798641.3,1.01048394e+06
713294.4,953777.9
713294.4,1.0203455e+06
502802.7,654109.8
502802.7,643337.9
502802.7,634251.06
502802.7,639586.1
628788.5,948409.2
628788.5,950762.8
628788.5,952837.8
628788.5,950752.8
628788.5,955737.6
628788.5,952244.7
628788.5,955965.1
628788.5,943567.56
582971.9,794491.2
582971.9,780542.0
582971.9,790474.3
582971.9,788436.6
975938.8,1.1376195e+06
975938.8,1.1385595e+06
975938.8,1.1320262e+06
975938.8,1.1357811e+06
975938.8,1.1346054e+06
975938.8,1.1386581e+06
975938.8,1.1282328e+06
975938.8,1.1308342e+06
975938.8,1.1094618e+06
975938.8,1.1116162e+06
975938.8,1.1122562e+06
975938.8,1.1087785e+06
975938.8,1.114252e+06
975938.8,1.108463e+06
975938.8,1.113555e+06
975938.8,1.1446091e+06
626329.5,756531.9
626329.5,750162.3
546651.2,981654.4
546651.2,980930.94
546651.2,980488.1
546651.2,979964.4
546651.2,982263.3
546651.2,983895.4
546651.2,961359.4
546651.2,950086.8
546651.2,949155.2
851776.4,1.0820986e+06
851776.4,1.0903668e+06
851776.4,1.0862724e+06
851776.4,1.0845968e+06
851776.4,1.0866144e+06
851776.4,1.0861285e+06
851776.4,1.0923285e+06
851776.4,1.0565931e+06
851776.4,1.0552844e+06
851776.4,1.0612e+06
851776.4,1.0610265e+06
851776.4,1.085735e+06
756363.75,900068.0
756363.75,921733.94
756363.75,946365.0
756363.75,920156.25
756363.75,904223.6
756363.75,897945.44
756363.75,886119.0
756363.75,900725.2
756363.75,887296.0
756363.75,945111.25
598808.9,851745.5
598808.9,853134.5
598808.9,842769.2
598808.9,849106.44
598808.9,798868.44
598808.9,790595.9
598808.9,805856.5
366870.7,234102.11
366870.7,226210.73
663748.75,677310.0
391326.4,297303.9
391326.4,299162.1
492794.84,589345.56
492794.84,587965.8
409200.38,402418.34
409200.38,402522.06
409200.38,410116.88
527861.0,753892.3
527861.0,767573.4
527861.0,762779.44
527861.0,767239.25
527861.0,716320.6
527861.0,731674.5
527861.0,739387.5
334804.53,299318.78
334804.53,309035.3
334804.53,300402.6
290334.75,274627.44
290334.75,280599.44
421906.9,472834.28
421906.9,440479.2
678353.7,665317.06
678353.7,662125.44
420208.88,252504.83
420208.88,262925.66
919945.6,1.0056889e+06
919945.6,1.0117289e+06
653183.56,939451.94
653183.56,921517.3
653183.56,913091.8
653183.56,913091.8
653183.56,913689.8
653183.56,912699.25
653183.56,914228.44
653183.56,909790.6
213099.98,132995.89
213099.98,135862.83
213099.98,117441.08
1.2203226e+06,1.2090684e+06
1.2203226e+06,1.2189176e+06
1.2203226e+06,1.2064922e+06
1.2203226e+06,1.2078748e+06
1.2203226e+06,1.2087029e+06
1.2203226e+06,1.2072051e+06
1.2203226e+06,1.2058514e+06
1.2203226e+06,1.182394e+06
1.2203226e+06,1.1801301e+06
1.2203226e+06,1.1844524e+06
1.2203226e+06,1.1890081e+06
1.2203226e+06,1.1834062e+06
1.2203226e+06,1.1835184e+06
1.2203226e+06,1.203677e+06
524132.38,632121.5
524132.38,620755.44
681457.0,691977.4
681457.0,682932.56
681457.0,676077.3
681457.0,671016.8
904045.5,1.0693388e+06
904045.5,1.0626745e+06
904045.5,1.0702874e+06
904045.5,1.0711776e+06
904045.5,1.0679679e+06
904045.5,1.03477794e+06
904045.5,1.038085e+06
904045.5,1.0515508e+06
904045.5,1.0318002e+06
904045.5,1.064808e+06
2.633488e+06,1.6947898e+06
2.633488e+06,1.7082271e+06
613920.5,875414.7
613920.5,881269.1
613920.5,850010.44
275356.16,141975.2
275356.16,138367.58
436842.84,244693.67
436842.84,246939.67
547748.9,819388.1
547748.9,818899.9
547748.9,803990.7
547748.9,799214.6
611448.25,994405.25
611448.25,984006.4
611448.25,1.02807025e+06
611448.25,1.00147325e+06
611448.25,1.003578e+06
611448.25,974504.06
611448.25,1.0045527e+06
611448.25,982497.7
676229.3,942747.94
676229.3,966932.94
563842.4,735210.4
563842.4,724163.1
563842.4,743993.2
752600.4,1.0199031e+06
752600.4,1.0147153e+06
752600.4,1.0243394e+06
752600.4,1.0186728e+06
752600.4,1.0216258e+06
752600.4,1.02362794e+06
752600.4,1.0233207e+06
752600.4,999247.9
752600.4,996538.7
752600.4,994740.25
752600.4,1.00735875e+06
1.02582075e+06,1.0538359e+06
1.02582075e+06,1.1095365e+06
919201.56,1.0716058e+06
919201.56,1.0669241e+06
919201.56,1.0643908e+06
919201.56,1.0675041e+06
919201.56,1.0669729e+06
919201.56,1.02746375e+06
919201.56,1.03013906e+06
294540.7,178081.8
294540.7,176132.55
294540.7,184039.2
2.608011e+06,1.6743994e+06
2.608011e+06,1.6833125e+06
522476.34,778582.2
522476.34,771238.06
522476.34,775658.3
522476.34,757901.94
625893.6,884444.5
625893.6,894766.2
625893.6,904081.0
625893.6,910262.3
625893.6,886484.6
625893.6,886926.94
625893.6,907062.2
723776.06,1.0255861e+06
723776.06,1.0366013e+06
378321.78,223774.17
378321.78,224559.14
344811.34,486050.47
344811.34,478333.78
775129.6,1.0556916e+06
775129.6,1.020944e+06
499078.1,711284.7
499078.1,725517.94
473345.62,582972.6
473345.62,607071.3
572323.75,760534.44
572323.75,801046.94
513540.34,747728.75
513540.34,732112.44
570219.8,976896.06
570219.8,976982.75
570219.8,976982.75
570219.8,975938.2
570219.8,977039.25
570219.8,982888.9
570219.8,945822.44
570219.8,950641.2
570219.8,950104.9
570219.8,956790.7
368539.2,349057.88
368539.2,354092.47
468031.6,539970.5
468031.6,522685.34
468934.06,461473.8
468934.06,479148.97
468934.06,470929.8
468934.06,466053.8
518487.38,509101.72
518487.38,514464.56
518487.38,510072.88
518487.38,480035.94
518487.38,452277.4
429538.84,427897.5
429538.84,416314.1
258586.2,246896.55
258586.2,247750.45
258586.2,257440.95
802590.4,1.0210258e+06
802590.4,1.03556075e+06
315676.34,314811.22
315676.34,324967.78
315676.34,316636.6
315676.34,325976.25
720037.4,948869.1
720037.4,1.000907e+06
595063.75,941998.56
595063.75,958167.6
595063.75,953527.6
595063.75,945809.06
595063.75,965791.25
595063.75,963672.9
615195.25,743046.6
615195.25,755438.6
615195.25,736678.5
596048.94,985223.94
596048.94,967707.25
596048.94,981284.6
596048.94,970963.44
596048.94,948898.94
596048.94,939003.2
596048.94,1.0063004e+06
299532.5,165281.39
299532.5,155007.33
761083.94,1.01954294e+06
761083.94,1.02028525e+06
761083.94,1.02967075e+06
761083.94,1.0298966e+06
761083.94,1.04490825e+06
761083.94,1.02594906e+06
761083.94,1.01088206e+06
761083.94,998398.7
761083.94,997060.56
761083.94,1.02919675e+06
352080.6,512461.12
352080.6,504170.28
582239.25,753262.7
582239.25,764397.56
582239.25,760917.5
582239.25,747786.5
310092.06,175446.36
310092.06,174081.55
310092.06,173148.33
194010.58,120519.766
194010.58,113720.95
300557.94,321455.34
300557.94,326686.7
813208.9,1.0893625e+06
376828.25,361146.97
376828.25,361344.88
376828.25,368777.03
487364.28,580651.7
263170.22,266729.22
568953.4,792569.44
568953.4,778032.94
568953.4,775096.4
568953.4,788372.94
622037.94,937911.6
622037.94,947288.5
313361.22,289807.3
313361.22,277567.53
508809.4,788242.94
508809.4,762331.9
329894.28,189486.17
329894.28,178876.33
2.587017e+06,1.7033936e+06
2.587017e+06,1.7023186e+06
851767.0,1.0820455e+06
851767.0,1.0792395e+06
851767.0,1.0790946e+06
851767.0,1.0901461e+06
851767.0,1.0774562e+06
851767.0,1.0768912e+06
851767.0,1.0814262e+06
851767.0,1.0922682e+06
851767.0,1.0933824e+06
266600.5,148245.2
266600.5,149229.23
632252.0,755976.06
632252.0,760815.2
346337.94,326006.03
346337.94,316570.12
720560.8,1.0153996e+06
720560.8,1.0011974e+06
751965.44,1.0117377e+06
751965.44,1.0072561e+06
751965.44,1.0119808e+06
751965.44,1.02354394e+06
751965.44,940518.6
411467.78,454403.62
411467.78,463580.56
411467.78,468296.25
411467.78,462341.56
191382.9,219074.98
191382.9,230326.23
191382.9,223447.48
905040.75,1.096476e+06
887835.4,1.03047556e+06
887835.4,974089.7
574566.7,652315.25
574566.7,649523.4
407592.12,383880.2
407592.12,388534.28
407592.12,387499.1
407592.12,401185.56
552274.5,705564.3
552274.5,770667.4
494416.44,610442.5
494416.44,621841.3
494416.44,628536.4
580101.75,980314.4
580101.75,979098.7
580101.75,980322.2
580101.75,979595.9
580101.75,980322.2
580101.75,975999.2
580101.75,978426.9
580101.75,981395.75
608969.25,846930.5
608969.25,841397.1
608969.25,848347.0
608969.25,832420.25
608969.25,820260.25
382237.66,591691.8
382237.66,574302.6
409188.97,542198.94
409188.97,545243.06
409188.97,544595.44
1.1726918e+06,1.0885349e+06
1.1726918e+06,1.0812341e+06
1.1726918e+06,1.1029805e+06
1.1726918e+06,1.1005038e+06
1.1726918e+06,1.093269e+06
1.1726918e+06,1.0931745e+06
1.1726918e+06,1.0809932e+06
1.1726918e+06,1.0679674e+06
1.1726918e+06,1.0644879e+06
1.1726918e+06,1.137514e+06
258736.97,151946.83
258736.97,138077.7
498105.22,566746.5
498105.22,575124.4
640264.06,961563.9
640264.06,967096.25
640264.06,964439.94
640264.06,966330.25
640264.06,961983.94
640264.06,960678.7
640264.06,967176.3
640264.06,964489.6
640264.06,939795.44
640264.06,941080.56
640264.06,941626.9
640264.06,941634.9
640264.06,943660.44
640264.06,954329.56
761176.8,851184.5
761176.8,901881.0
711132.44,823635.75
711132.44,823651.8
711132.44,815663.6
711132.44,780033.2
711132.44,783951.06
711132.44,789576.4
576471.4,608883.6
576471.4,573029.7
709379.8,880089.8
709379.8,871284.9
709379.8,867198.56
709379.8,890375.75
653865.25,926320.56
597410.2,914107.0
597410.2,925770.7
507253.12,713006.5
507253.12,701254.1
507253.12,701507.9
507253.12,708683.9
288766.9,182919.67
288766.9,160125.98
318845.8,250609.95
318845.8,253676.2
369751.16,336813.72
369751.16,341109.66
1.4346421e+06,1.2514418e+06
513833.62,585915.5
513833.62,577275.9
836035.56,1.0488094e+06
836035.56,1.0402737e+06
836035.56,1.0422698e+06
836035.56,1.0488441e+06
836035.56,1.0486174e+06
836035.56,1.041326e+06
836035.56,1.02297075e+06
836035.56,1.01922194e+06
836035.56,1.0197059e+06
836035.56,1.0720395e+06
869649.25,976403.7
869649.25,984256.3
869649.25,979849.2
869649.25,986573.5
869649.25,965953.1
869649.25,963641.06
869649.25,962347.9
785021.56,1.0206689e+06
785021.56,1.0244875e+06
785021.56,1.0331325e+06
785021.56,1.02834194e+06
785021.56,1.0390032e+06
785021.56,1.0220104e+06
785021.56,1.02551856e+06
632207.25,965791.75
632207.25,966356.94
632207.25,969080.75
632207.25,966542.94
632207.25,966031.56
632207.25,977373.2
632207.25,973700.94
632207.25,965046.0
632207.25,946777.75
632207.25,945686.8
632207.25,947006.9
632207.25,943064.0
632207.25,945280.0
632207.25,945753.5
632207.25,941622.7
600159.4,1.0122593e+06
600159.4,1.01341375e+06
600159.4,980412.1
600159.4,1.0073965e+06
600159.4,1.0480653e+06
507029.66,598355.44
507029.66,633777.75
679694.44,820495.8
679694.44,837663.1
679694.44,816227.6
679694.44,819255.5
715889.94,1.03134844e+06
715889.94,1.0387333e+06
715889.94,1.0360501e+06
715889.94,1.04762244e+06
715889.94,1.03659656e+06
715889.94,1.00545125e+06
715889.94,1.0239535e+06
715889.94,1.0024261e+06
715889.94,1.03402256e+06
453580.88,574193.56
453580.88,594892.44
286375.62,151844.3
286375.62,159634.48
1.4496541e+06,1.2872758e+06
1.4496541e+06,1.2828062e+06
1.4496541e+06,1.28728e+06
1.4496541e+06,1.2770336e+06
1.4496541e+06,1.2778399e+06
1.4496541e+06,1.2840611e+06
1.4496541e+06,1.2778399e+06
1.4496541e+06,1.287268e+06
1.4496541e+06,1.2589925e+06
1.4496541e+06,1.2702282e+06
1.4496541e+06,1.2594436e+06
1.4496541e+06,1.2583352e+06
1.4496541e+06,1.2550598e+06
1.4496541e+06,1.2948126e+06
208906.48,129669.516
208906.48,134436.02
352650.44,340364.06
352650.44,338022.38
352650.44,329977.78
352650.44,328248.56
327905.72,280882.2
327905.72,291401.88
507829.38,574004.75
507829.38,568777.6
671507.25,943820.5
671507.25,1.0085098e+06
196931.89,120741.266
196931.89,123864.08
812875.3,1.059753e+06
812875.3,1.0617099e+06
812875.3,1.0476985e+06
812875.3,1.0598815e+06
812875.3,1.0169639e+06
812875.3,1.01541506e+06
812875.3,1.0617345e+06
820882.3,1.02007694e+06
820882.3,1.0218827e+06
820882.3,1.0250855e+06
820882.3,1.0350553e+06
820882.3,1.0243428e+06
820882.3,1.0035111e+06
820882.3,1.00031225e+06
820882.3,1.0016008e+06
820882.3,1.0563826e+06
1.0384714e+06,1.02955225e+06
1.0384714e+06,1.0399627e+06
1.0384714e+06,1.0354722e+06
1.0384714e+06,1.0301017e+06
1.0384714e+06,1.0371882e+06
1.0384714e+06,1.013739e+06
1.0384714e+06,1.0081346e+06
1.0384714e+06,1.0231285e+06
1.0384714e+06,1.060048e+06
329889.6,375158.47
329889.6,381101.53
329889.6,367242.5
838804.6,1.0753325e+06
838804.6,1.0758066e+06
838804.6,1.074987e+06
838804.6,1.0754369e+06
838804.6,1.0755676e+06
838804.6,1.0755564e+06
838804.6,1.0683711e+06
619234.94,848748.3
619234.94,864165.25
619234.94,861220.75
619234.94,856620.7
619234.94,849245.0
619234.94,844815.06
717606.4,936076.94
717606.4,973592.4
732670.56,1.00184175e+06
732670.56,998781.25
614406.75,535071.8
614406.75,541577.75
436824.62,506042.56
436824.62,493273.5
436824.62,479255.78
303648.8,163699.05
303648.8,169125.33
421002.25,259447.92
421002.25,244229.7
531970.4,689984.0
531970.4,678735.75
661010.75,796671.56
661010.75,809846.8
661010.75,802514.3
661010.75,792580.7
661010.75,792642.3
661010.75,793099.56
830911.75,1.09158e+06
550607.9,811439.25
550607.9,765761.25
1.0849049e+06,1.1317726e+06
1.0849049e+06,1.1478526e+06
525397.5,671741.7
525397.5,667498.9
525397.5,673727.7
765421.56,1.00519894e+06
765421.56,1.03676575e+06
765421.56,1.0055543e+06
541628.44,701522.25
541628.44,713698.2
541628.44,717232.56
565333.4,666915.5
565333.4,666145.06
686080.0,944213.94
305071.44,164102.95
305071.44,174566.98
659108.8,671824.8
659108.8,674488.2
837128.1,1.0859144e+06
837128.1,1.0866139e+06
837128.1,1.0703245e+06
837128.1,1.0708001e+06
837128.1,1.065878e+06
837128.1,1.0853649e+06
837128.1,1.0625271e+06
837128.1,1.0870122e+06
120050.99,76779.266
120050.99,84891.14
120050.99,69192.016
611513.75,725807.7
611513.75,728472.0
618552.2,1.0271143e+06
618552.2,1.03383044e+06
618552.2,1.0363678e+06
618552.2,1.0377122e+06
618552.2,1.032903e+06
618552.2,1.0358983e+06
618552.2,1.01296706e+06
618552.2,1.0287271e+06
618552.2,1.0073174e+06
618552.2,1.00485994e+06
618552.2,1.0679706e+06
810504.56,1.0810074e+06
810504.56,1.0851092e+06
810504.56,1.080216e+06
810504.56,1.0809191e+06
810504.56,1.0814318e+06
810504.56,1.0958126e+06
810504.56,1.088356e+06
810504.56,1.0584266e+06
810504.56,1.0561681e+06
810504.56,1.0569509e+06
810504.56,1.0592066e+06
810504.56,1.075681e+06
504699.94,609077.9
504699.94,621845.25
504699.94,619073.8
504699.94,614614.9
611675.25,788249.8
611675.25,789672.25
611675.25,782740.5
611675.25,797314.6
244273.27,155403.92
244273.27,142845.14
244273.27,129868.2
529731.6,972995.25
529731.6,943071.0
436810.97,455663.84
436810.97,446424.5
436810.97,434814.44
374295.16,481140.72
374295.16,484164.5
489650.44,482133.25
489650.44,468319.28
2.4813178e+06,1.6407816e+06
2.4813178e+06,1.6362779e+06
2.4813178e+06,1.6386494e+06
2.4813178e+06,1.6381322e+06
2.4813178e+06,1.6406816e+06
2.4813178e+06,1.638834e+06
2.4813178e+06,1.6459425e+06
2.4813178e+06,1.6360895e+06
2.4813178e+06,1.6406816e+06
2.4813178e+06,1.6360916e+06
2.4813178e+06,1.6346028e+06
2.4813178e+06,1.632726e+06
2.4813178e+06,1.6345416e+06
2.4813178e+06,1.6358271e+06
2.4813178e+06,1.6345242e+06
2.4813178e+06,1.6358438e+06
2.4813178e+06,1.6345592e+06
2.4813178e+06,1.6344938e+06
2.4813178e+06,1.6388982e+06
601739.6,978756.25
601739.6,950284.5
513140.62,656096.75
513140.62,646113.5
513140.62,652240.25
513140.62,626002.94
513140.62,619630.56
513140.62,682456.56
636117.25,864827.3
636117.25,872919.6
326279.88,405454.03
326279.88,412127.62
631599.25,773986.94
631599.25,782868.7
605132.06,981590.4
605132.06,983668.0
605132.06,976364.06
605132.06,978640.56
605132.06,975962.2
605132.06,977035.6
605132.06,985740.94
436884.16,414231.12
436884.16,441874.78
436884.16,425709.72
436884.16,413747.7
436884.16,416290.16
436884.16,406447.75
2.7066115e+06,1.6955959e+06
2.7066115e+06,1.6955951e+06
779230.44,951705.94
779230.44,979845.9
452132.0,549876.0
452132.0,575210.3
600983.4,936929.94
600983.4,914945.7
829712.94,1.00709656e+06
377984.6,360557.9
377984.6,344464.25
427908.47,384639.9
427908.47,419010.5
311202.94,346830.78
804774.75,1.01365944e+06
804774.75,1.0164478e+06
804774.75,1.01962694e+06
804774.75,1.0232884e+06
804774.75,1.02430456e+06
804774.75,993760.9
804774.75,993253.2
804774.75,998244.94
210922.62,129015.33
210922.62,118934.95
593567.6,715785.3
691907.8,1.03324956e+06
691907.8,1.0451913e+06
691907.8,1.0219607e+06
691907.8,1.0330215e+06
691907.8,1.023553e+06
691907.8,989699.94
691907.8,996106.6
691907.8,996620.8
691907.8,988934.0
888898.8,1.0867649e+06
888898.8,1.0863121e+06
888898.8,1.0853518e+06
888898.8,1.0853518e+06
888898.8,1.089042e+06
888898.8,1.0874432e+06
888898.8,1.0850672e+06
888898.8,1.0682302e+06
888898.8,1.0672541e+06
888898.8,1.061316e+06
888898.8,1.0896411e+06
202046.89,224073.05
202046.89,233327.11
202046.89,227962.89
379560.56,439395.28
379560.56,438995.7
737503.44,676477.25
737503.44,695872.44
547747.06,762959.06
556430.4,936022.75
556430.4,912558.1
137219.14,181375.86
736824.75,789275.94
736824.75,836073.75
2.2516132e+06,1.6188922e+06
2.2516132e+06,1.6287782e+06
555516.3,657422.4
555516.3,696231.75
357627.66,220923.36
357627.66,227048.61
428236.1,250491.89
428236.1,267018.7
746173.8,966241.94
746173.8,986484.7
493757.84,619971.8
493757.84,590827.0
493757.84,584481.06
443470.2,605367.5
443470.2,593536.9
383727.06,260158.89
383727.06,253078.73
618371.2,832304.8
618371.2,833424.1
834668.1,811796.75
834668.1,825128.2
834668.1,814165.0
834668.1,805247.06
834668.1,819271.6
764956.4,976600.75
764956.4,1.0200234e+06
386545.75,357731.22
386545.75,350565.3
2.4461082e+06,1.6841285e+06
2.4461082e+06,1.6880792e+06
379983.4,235324.83
379983.4,229764.27
403390.56,557551.3
403390.56,540287.25
302673.78,427187.06
302673.78,425836.03
302673.78,410334.12
559454.56,708347.2
559454.56,693791.5
559454.56,693317.1
559454.56,705072.06
559454.56,669057.8
559454.56,669401.4
559454.56,699959.4
286605.0,254654.11
286605.0,255350.39
502477.9,552772.5
791899.44,948811.2
791899.44,962900.3
791899.44,949213.0
791899.44,949183.0
791899.44,937495.3
791899.44,938029.4
791899.44,945210.7
784940.0,877058.2
784940.0,879181.5
784940.0,890356.44
784940.0,882601.06
784940.0,886740.56
614922.94,844326.0
614922.94,844209.56
614922.94,867377.25
614922.94,846076.94
614922.94,858764.4
256274.81,260250.11
256274.81,232969.83
537670.94,555549.06
537670.94,554206.4
537670.94,566498.2
537670.94,543391.1
783494.4,1.0653482e+06
302360.34,165618.77
302360.34,159712.39
711811.5,891280.56
711811.5,888051.0
711811.5,882286.0
711811.5,878280.1
789598.0,780387.94
789598.0,792702.0
789598.0,794077.4
789598.0,759437.4
789598.0,774708.3
661719.0,954762.7
661719.0,951550.6
661719.0,950118.06
661719.0,956288.5
661719.0,950810.2
661719.0,952359.1
661719.0,955437.94
522904.34,675083.7
522904.34,668971.1
572727.94,944024.6
572727.94,924358.5
379221.47,255953.7
379221.47,262925.5
379221.47,246751.05
170944.2,108820.89
170944.2,99136.516
365908.47,244535.52
365908.47,241293.2
365908.47,249231.42
356480.0,311670.56
356480.0,301407.03
946803.06,1.1076609e+06
2.4817735e+06,1.6666228e+06
2.4817735e+06,1.667866e+06
444581.7,607340.5
444581.7,597235.7
805774.7,900336.25
805774.7,917995.06
805774.7,918624.56
325829.97,218158.58
325829.97,216085.98
662920.94,798137.56
662920.94,807125.6
662920.94,797945.2
662920.94,810904.56
662920.94,794948.06
452235.25,463449.66
452235.25,464495.66
452235.25,465040.0
292819.84,425882.78
292819.84,424200.72
292819.84,438047.3
846029.25,1.1015114e+06
846029.25,1.082115e+06
846029.25,1.1026139e+06
846029.25,1.0840981e+06
846029.25,1.0840981e+06
846029.25,1.0897836e+06
846029.25,1.0886908e+06
846029.25,1.0560316e+06
846029.25,1.0601958e+06
846029.25,1.0596559e+06
846029.25,1.0605278e+06
846029.25,1.0588234e+06
846029.25,1.0901186e+06
411623.78,622863.75
411623.78,613722.5
411623.78,623979.06
411623.78,595010.94
2.4735595e+06,1.650554e+06
2.4735595e+06,1.6473642e+06
426300.16,534030.7
426300.16,534218.5
426300.16,532809.2
426300.16,517848.06
588777.1,547465.25
588777.1,549913.5
588777.1,556231.2
588777.1,561118.94
622331.7,609557.0
622331.7,610356.44
467156.66,588993.6
467156.66,563709.1
467156.66,559902.75
575961.1,733368.94
575961.1,724824.8
575961.1,724437.06
575961.1,718000.0
919430.06,1.0216274e+06
919430.06,1.0524019e+06
2.4122138e+06,1.6394714e+06
2.4122138e+06,1.6436369e+06
605148.3,586912.3
468984.84,518417.9
468984.84,495553.1
995446.3,1.1280941e+06
1.1536098e+06,1.0998979e+06
1.1536098e+06,1.1075025e+06
1.1536098e+06,1.1021846e+06
1.1536098e+06,1.1018882e+06
1.1536098e+06,1.1080136e+06
1.1536098e+06,1.1055946e+06
1.1536098e+06,1.1341865e+06
908000.56,1.1073314e+06
908000.56,1.1116601e+06
908000.56,1.1121756e+06
908000.56,1.109382e+06
908000.56,1.1118571e+06
908000.56,1.1090355e+06
908000.56,1.1081042e+06
908000.56,1.0851862e+06
908000.56,1.0843724e+06
908000.56,1.0897635e+06
908000.56,1.0848578e+06
908000.56,1.0891034e+06
908000.56,1.0855161e+06
908000.56,1.1023348e+06
539424.8,786713.9
539424.8,781363.94
539424.8,780977.25
539424.8,781101.4
539424.8,742546.6
704636.5,968686.6
704636.5,1.0084073e+06
207286.22,126787.45
207286.22,120432.08
306525.84,173843.89
306525.84,152727.23
483356.1,718252.0
483356.1,720814.6
483356.1,721275.8
483356.1,669803.06
874919.56,1.1180448e+06
874919.56,1.1112444e+06
874919.56,1.115676e+06
874919.56,1.1119738e+06
874919.56,1.109684e+06
874919.56,1.1194646e+06
874919.56,1.1144435e+06
874919.56,1.1160784e+06
874919.56,1.0887635e+06
874919.56,1.091519e+06
874919.56,1.0974019e+06
874919.56,1.0873058e+06
874919.56,1.0926649e+06
874919.56,1.0926848e+06
874919.56,1.1089045e+06
489607.5,614173.6
489607.5,619220.5
489607.5,607093.75
489607.5,596515.2
489607.5,656145.7
591954.2,704742.6
591954.2,743889.4
485802.3,431423.28
485802.3,450333.06
700227.06,1.02303044e+06
700227.06,1.0247248e+06
700227.06,1.01952894e+06
700227.06,1.0231714e+06
700227.06,1.01735356e+06
700227.06,1.00041706e+06
700227.06,995131.44
700227.06,995049.06
700227.06,1.03370475e+06
598891.0,858602.9
598891.0,865720.4
598891.0,851525.3
598891.0,868781.7
2.395203e+06,1.6299816e+06
2.395203e+06,1.635898e+06
412777.4,430861.53
412777.4,436327.5
608247.5,753189.44
608247.5,749043.06
608247.5,740215.56
608247.5,759291.75
549453.6,965237.1
549453.6,975262.2
549453.6,979485.06
549453.6,983421.0
549453.6,947884.25
549453.6,952217.1
549453.6,1.00137094e+06
635148.94,910382.0
635148.94,923499.6
635148.94,911204.44
635148.94,924004.2
635148.94,904438.7
635148.94,898031.4
635148.94,911594.56
251166.4,358547.22
470421.06,576370.8
470421.06,576567.6
470421.06,586235.9
470421.06,585677.94
636815.4,790180.56
636815.4,789566.8
1.1035044e+06,1.0295482e+06
1.1035044e+06,1.0527781e+06
518327.62,573186.94
518327.62,582503.3
727239.56,1.01319356e+06
727239.56,1.01413606e+06
727239.56,1.0183564e+06
727239.56,1.012257e+06
727239.56,1.02372425e+06
727239.56,1.02448825e+06
727239.56,1.0226272e+06
631194.8,859025.06
631194.8,843803.44
631194.8,844429.1
631194.8,832280.75
631194.8,842028.2
631194.8,865491.06
775667.4,1.0420079e+06
775667.4,1.02082344e+06
775667.4,1.0223551e+06
775667.4,1.04547856e+06
775667.4,1.0323667e+06
775667.4,991171.25
775667.4,993843.5
775667.4,988995.7
775667.4,1.0301297e+06
221192.3,160574.83
221192.3,156253.33
425944.72,521096.53
425944.72,504865.22
425944.72,510315.0
583958.9,917915.2
583958.9,921429.1
583958.9,919280.9
583958.9,952405.5
583958.9,925141.5
627037.25,772798.1
627037.25,767309.06
627037.25,757428.6
627037.25,755622.4
627037.25,756129.75
627037.25,772324.2
236196.39,258320.7
236196.39,256786.14
363552.38,248770.92
363552.38,260077.2
363552.38,244231.98
814101.94,899457.1
814101.94,907519.5
518940.1,878978.25
518940.1,864649.6
763811.75,1.04482425e+06
763811.75,1.0220254e+06
763811.75,1.019575e+06
763811.75,1.0295498e+06
763811.75,1.0411716e+06
763811.75,1.04510356e+06
763811.75,1.0446333e+06
1.02446406e+06,1.0995572e+06
1.02446406e+06,1.1087169e+06
1.02446406e+06,1.0944399e+06
555391.75,673653.4
555391.75,644481.0
552336.8,530481.44
552336.8,549209.5
552336.8,520012.03
1.0532696e+06,1.1745184e+06
1.0532696e+06,1.1748888e+06
1.0532696e+06,1.1743416e+06
1.0532696e+06,1.1721705e+06
1.0532696e+06,1.1745246e+06
1.0532696e+06,1.1747781e+06
1.0532696e+06,1.1749262e+06
1.0532696e+06,1.1669406e+06
461706.47,643841.75
461706.47,635012.06
461706.47,651094.9
461706.47,622348.3
544243.4,685643.25
544243.4,689833.25
544243.4,702201.25
544243.4,675811.44
459660.78,476803.9
459660.78,470657.7
459660.78,456530.47
481148.66,593320.94
481148.66,593416.3
481148.66,603844.8
745342.44,794964.56
745342.44,806720.4
745342.44,807793.6
745342.44,765218.06
745342.44,775224.1
882768.9,1.0948152e+06
882768.9,1.0851541e+06
882768.9,1.0846214e+06
882768.9,1.0803445e+06
882768.9,1.0842679e+06
882768.9,1.079649e+06
882768.9,1.0558498e+06
882768.9,1.0568235e+06
882768.9,1.0562352e+06
617478.7,940915.4
617478.7,972273.1
413602.0,414251.97
413602.0,450401.88
713807.8,1.0254952e+06
713807.8,1.01097456e+06
713807.8,1.02428406e+06
713807.8,1.021486e+06
713807.8,1.0439169e+06
713807.8,987724.06
713807.8,1.00356506e+06
465022.75,631247.2
465022.75,658076.94
1.00880275e+06,943887.8
1.00880275e+06,971690.8
718325.6,994339.06
718325.6,1.03304225e+06
502936.97,630473.0
502936.97,613865.4
502936.97,604500.25
874432.8,1.0284235e+06
874432.8,1.0160493e+06
583259.75,638278.0
615553.7,966504.3
615553.7,956605.75
615553.7,961784.75
615553.7,961586.5
615553.7,957455.7
615553.7,954834.25
615553.7,943076.4
615553.7,947789.0
615553.7,935638.8
615553.7,948491.2
628075.75,865468.94
628075.75,885953.2
628075.75,879846.75
628075.75,864382.75
1.1223826e+06,1.1216635e+06
616773.7,836642.8
616773.7,855709.1
333889.7,498225.3
333889.7,485100.38
333889.7,497740.66
897338.94,998332.8
897338.94,992071.9
897338.94,996496.44
897338.94,1.01259856e+06
897338.94,1.0215688e+06
266830.75,308429.5
266830.75,311040.16
564198.25,838879.75
564198.25,820175.1
564198.25,816705.8
564198.25,802017.75
564198.25,807945.6
564198.25,848379.75
778161.9,879142.25
778161.9,928438.75
665233.0,844228.7
665233.0,849106.7
665233.0,827941.4
489129.97,590882.3
489129.97,585677.5
489129.97,589165.1
292835.47,164880.48
292835.47,166204.17
292835.47,171512.45
292835.47,157418.77
423435.94,564773.56
423435.94,553747.94
531288.9,635949.4
531288.9,645423.75
447002.12,588168.25
447002.12,617890.6
513909.72,500164.0
513909.72,499219.7
344793.8,227620.14
344793.8,229460.55
344793.8,230629.64
344793.8,217398.58
307365.03,195601.98
307365.03,195801.83
307365.03,196835.27
908215.06,995256.9
908215.06,994668.56
908215.06,1.00055044e+06
908215.06,1.0327199e+06
908215.06,1.0209126e+06
908215.06,1.0606276e+06
250014.34,274968.56
250014.34,294292.22
413369.6,240825.73
413369.6,247683.02
312165.94,334090.66
312165.94,315711.34
275232.66,150417.42
275232.66,138422.64
349835.53,292576.8
349835.53,290422.03
218458.36,125364.33
218458.36,122894.516
218458.36,123204.33
562560.5,922162.8
562560.5,877625.75
698698.6,620083.0
698698.6,673858.06
613649.0,778929.06
613649.0,790731.94
613649.0,794906.4
613649.0,766230.75
661323.3,958691.06
661323.3,980791.1
661323.3,970192.7
665667.3,969459.0
665667.3,964498.94
665667.3,970481.7
665667.3,965785.9
665667.3,970206.94
665667.3,977083.4
665667.3,964417.2
665667.3,960179.5
665667.3,948475.7
665667.3,942288.8
665667.3,942762.4
665667.3,960273.4
665667.3,946645.7
327163.56,302603.66
327163.56,289401.0
553294.8,856853.3
553294.8,895097.06
615932.7,1.0112378e+06
615932.7,1.00227275e+06
615932.7,1.00505425e+06
615932.7,998790.5
615932.7,989878.44
615932.7,969387.44
615932.7,968561.56
615932.7,970723.6
615932.7,965265.5
615932.7,1.01363775e+06
712886.7,1.0008475e+06
712886.7,1.0084302e+06
712886.7,1.0020096e+06
712886.7,997613.3
712886.7,1.0067686e+06
712886.7,1.0135454e+06
882907.06,986260.75
882907.06,1.00947394e+06
882907.06,1.00282944e+06
882907.06,994446.4
882907.06,959083.3
882907.06,969176.9
882907.06,989798.7
309801.7,192626.67
309801.7,196493.64
283994.72,251825.02
283994.72,251913.02
283994.72,245248.42
432138.9,466178.53
432138.9,464927.47
432138.9,471349.0
588808.5,805323.6
588808.5,769366.2
263999.94,282061.44
263999.94,293769.72
263999.94,274778.66
564541.8,844862.2
564541.8,837174.5
564541.8,852999.6
564541.8,857804.2
316838.78,205528.48
316838.78,218039.61
631913.5,872837.0
631913.5,847481.3
601644.56,974834.25
601644.56,981010.9
601644.56,975988.2
601644.56,980281.94
601644.56,976215.2
601644.56,976183.56
601644.56,977168.6
601644.56,945190.4
601644.56,949293.7
601644.56,948269.4
601644.56,971605.94
353182.3,437610.0
353182.3,440154.66
578271.2,805571.4
578271.2,798670.6
578271.2,823700.5
578271.2,812615.5
511811.5,684688.06
511811.5,675327.56
511811.5,676188.25
511811.5,668132.94
511811.5,645224.25
356893.2,313596.03
356893.2,313024.34
557019.94,811236.44
557019.94,789026.4
639172.25,773025.94
639172.25,772798.06
639172.25,766302.75
639172.25,719611.25
639172.25,743980.25
206791.03,138759.14
206791.03,125170.58
1.2477419e+06,1.1983615e+06
1.2477419e+06,1.2067302e+06
1.2477419e+06,1.1949892e+06
1.2477419e+06,1.1984581e+06
1.2477419e+06,1.209898e+06
1.2477419e+06,1.1952929e+06
1.2477419e+06,1.1985985e+06
1.2477419e+06,1.1984259e+06
1.2477419e+06,1.2057022e+06
900409.75,1.00184925e+06
900409.75,991591.3
900409.75,1.0013228e+06
900409.75,989919.25
900409.75,990717.5
900409.75,995354.3
588106.0,687583.75
588106.0,701848.7
504480.28,717128.1
504480.28,733722.3
504480.28,685205.1
355011.38,406221.3
355011.38,412617.75
661864.8,1.03538794e+06
661864.8,1.0248476e+06
661864.8,1.0331757e+06
661864.8,1.0522158e+06
661864.8,1.0477139e+06
661864.8,992541.0
661864.8,992617.6
661864.8,997391.2
661864.8,993955.6
503961.3,621559.8
503961.3,641312.9
405011.56,462665.06
405011.56,455989.0
405011.56,471026.4
405011.56,446010.56
311391.97,319519.16
311391.97,311430.16
545692.5,619725.75
545692.5,640512.06
545692.5,639229.75
545692.5,605706.9
545692.5,662149.0
732138.8,1.01893425e+06
732138.8,1.0277891e+06
732138.8,1.0277891e+06
732138.8,1.0295457e+06
732138.8,1.0462741e+06
732138.8,989022.1
732138.8,986806.25
732138.8,1.0022297e+06
240453.97,221338.3
240453.97,222730.95
891172.6,1.0965178e+06
