source_row,y_true,y_pred
0,1.3085726e+06,1.2923595e+06
0,1.3085726e+06,1.2602694e+06
1,616447.5,621391.5
1,616447.5,622672.56
1,616447.5,624781.94
1,616447.5,629719.06
1,616447.5,629322.1
1,616447.5,626711.8
1,616447.5,625532.94
1,616447.5,627814.7
1,616447.5,622421.56
1,616447.5,622876.3
1,616447.5,625752.0
1,616447.5,621524.56
1,616447.5,626868.06
2,526454.56,521374.4
2,526454.56,505491.38
2,526454.56,520927.75
2,526454.56,532846.2
3,523064.84,629763.0
3,523064.84,643278.5
4,531280.8,601546.4
4,531280.8,589600.06
5,619471.44,671961.25
5,619471.44,671388.6
5,619471.44,673033.44
5,619471.44,659774.8
5,619471.44,645270.1
6,474903.25,520529.47
6,474903.25,522152.03
6,474903.25,512320.72
6,474903.25,521190.56
7,509804.8,425934.94
7,509804.8,431295.1
7,509804.8,436031.4
8,765082.9,688975.1
8,765082.9,688201.8
8,765082.9,698875.56
8,765082.9,675925.44
8,765082.9,695015.5
9,382040.3,460338.94
9,382040.3,465135.1
10,583078.44,647915.1
11,1.1294334e+06,1.1910076e+06
11,1.1294334e+06,1.1872696e+06
12,298042.88,269028.2
12,298042.88,267189.1
13,206951.4,236942.33
13,206951.4,234024.2
13,206951.4,231385.89
14,409176.56,426612.38
14,409176.56,427591.3
14,409176.56,442211.62
14,409176.56,436093.53
15,456839.94,423962.78
15,456839.94,430810.7
15,456839.94,442606.88
15,456839.94,440444.25
16,359154.0,310315.7
17,541893.44,604190.6
17,541893.44,589125.56
18,634151.9,602631.56
18,634151.9,606589.75
18,634151.9,607926.3
18,634151.9,604865.75
18,634151.9,602814.3
18,634151.9,603375.9
18,634151.9,601621.94
18,634151.9,601666.1
18,634151.9,602290.1
18,634151.9,606710.2
18,634151.9,601011.94
18,634151.9,612852.1
19,545971.6,452511.22
19,545971.6,461495.34
20,705205.75,696908.56
20,705205.75,710991.5
21,520558.03,552531.75
21,520558.03,538770.9
22,310714.38,355211.9
22,310714.38,362073.2
22,310714.38,352147.94
23,319021.6,276627.97
23,319021.6,280991.47
24,211859.11,249093.95
25,406336.4,413987.12
25,406336.4,436139.53
26,773163.7,677267.3
26,773163.7,681788.5
26,773163.7,682287.44
26,773163.7,693129.5
26,773163.7,674749.8
27,504076.53,533222.8
27,504076.53,538109.75
27,504076.53,532515.75
27,504076.53,537335.2
28,649177.3,690661.4
28,649177.3,680705.8
28,649177.3,685950.9
28,649177.3,683304.9
28,649177.3,682874.25
29,247102.25,253062.73
29,247102.25,257074.58
29,247102.25,247186.58
30,755502.3,773430.7
30,755502.3,774719.9
30,755502.3,771420.9
30,755502.3,769001.94
30,755502.3,772580.0
30,755502.3,775846.94
30,755502.3,767603.8
30,755502.3,780693.56
30,755502.3,782549.94
30,755502.3,775521.7
30,755502.3,775582.5
30,755502.3,779051.75
31,694461.4,771302.5
31,694461.4,766943.1
31,694461.4,766512.94
31,694461.4,761864.7
31,694461.4,767363.6
31,694461.4,766314.1
31,694461.4,768474.94
31,694461.4,769225.44
31,694461.4,774152.56
31,694461.4,770706.2
32,618016.7,627862.6
32,618016.7,624779.6
32,618016.7,621719.7
32,618016.7,622106.0
32,618016.7,628658.4
32,618016.7,621513.06
32,618016.7,620627.1
32,618016.7,627073.0
32,618016.7,623372.75
32,618016.7,628313.75
32,618016.7,627878.3
32,618016.7,624860.9
32,618016.7,621062.9
33,210328.94,208082.55
33,210328.94,193214.45
34,359183.34,463264.72
34,359183.34,463955.22
34,359183.34,464622.16
34,359183.34,473077.06
35,689117.4,632416.06
35,689117.4,626695.4
35,689117.4,625103.3
36,546139.7,535594.7
36,546139.7,528167.1
37,908143.75,752247.9
37,908143.75,752679.2
37,908143.75,754437.4
37,908143.75,755153.9
37,908143.75,761805.6
37,908143.75,759584.2
37,908143.75,759936.94
38,313614.72,272463.44
38,313614.72,272775.78
38,313614.72,277808.88
39,291533.1,304372.53
39,291533.1,311996.97
39,291533.1,307453.75
40,552345.1,656131.5
40,552345.1,652421.06
40,552345.1,659551.2
40,552345.1,660693.0
40,552345.1,654677.75
40,552345.1,652372.06
40,552345.1,638553.25
40,552345.1,635265.06
40,552345.1,638090.6
40,552345.1,639572.94
40,552345.1,628276.0
41,430714.3,424681.22
41,430714.3,404805.97
41,430714.3,413541.5
41,430714.3,411260.9
41,430714.3,411441.97
41,430714.3,420267.75
41,430714.3,415321.5
42,732366.1,696944.2
42,732366.1,707296.7
43,612060.56,708416.3
43,612060.56,734084.75
44,933935.8,748578.0
44,933935.8,759209.1
44,933935.8,753307.44
44,933935.8,757460.6
44,933935.8,756332.1
44,933935.8,746421.7
44,933935.8,739372.5
44,933935.8,730961.9
45,560564.4,541571.44
45,560564.4,550734.7
46,666295.25,618112.4
46,666295.25,627931.3
46,666295.25,619080.0
46,666295.25,616124.5
46,666295.25,628206.44
46,666295.25,624335.56
46,666295.25,623525.75
46,666295.25,623571.94
46,666295.25,621064.5
46,666295.25,621206.8
46,666295.25,630614.1
47,1.3795201e+06,1.2182224e+06
47,1.3795201e+06,1.2560636e+06
48,425143.62,411398.2
48,425143.62,411955.66
48,425143.62,430052.72
48,425143.62,417350.75
49,1.1407415e+06,1.1434182e+06
49,1.1407415e+06,1.1673511e+06
50,559074.06,535396.8
50,559074.06,532714.4
50,559074.06,537083.3
50,559074.06,540436.8
50,559074.06,538674.25
51,614978.44,599149.0
51,614978.44,593657.0
52,533513.75,547690.6
52,533513.75,546661.4
53,456294.0,515205.1
53,456294.0,520392.0
53,456294.0,518123.62
53,456294.0,521244.97
53,456294.0,516784.03
54,391361.7,381551.44
54,391361.7,398625.2
54,391361.7,382240.22
55,342063.22,288498.3
55,342063.22,292869.62
55,342063.22,290851.03
56,617370.75,570833.9
56,617370.75,572932.0
56,617370.75,553614.8
57,781993.4,637389.6
57,781993.4,639849.1
57,781993.4,641818.25
57,781993.4,634288.9
57,781993.4,619191.4
58,855780.75,783399.3
58,855780.75,785962.8
58,855780.75,777558.5
58,855780.75,779294.25
58,855780.75,795924.9
58,855780.75,787539.44
58,855780.75,797139.6
59,758392.4,774074.8
59,758392.4,771928.44
60,581976.6,590499.56
60,581976.6,584587.2
60,581976.6,589175.6
60,581976.6,588017.0
60,581976.6,591275.2
60,581976.6,588306.0
60,581976.6,585968.3
60,581976.6,589324.0
60,581976.6,577784.5
61,678260.75,687252.25
61,678260.75,680178.5
62,667018.75,574297.94
62,667018.75,572515.25
63,911319.8,735401.6
64,676955.9,611609.25
64,676955.9,617026.6
65,648940.5,676740.94
65,648940.5,675641.44
65,648940.5,674657.06
65,648940.5,674870.56
65,648940.5,646571.3
66,880092.1,709630.3
66,880092.1,707614.5
67,571067.6,530487.56
67,571067.6,535879.7
68,279533.25,339783.47
68,279533.25,336878.53
69,408585.4,445797.53
69,408585.4,427647.5
70,479558.12,428560.03
70,479558.12,420905.72
70,479558.12,446780.06
70,479558.12,426742.9
71,480154.47,488144.88
71,480154.47,484391.44
71,480154.47,471012.22
72,495849.88,541075.6
72,495849.88,549068.75
72,495849.88,543754.4
72,495849.88,538432.3
72,495849.88,543957.0
72,495849.88,545264.2
73,269424.12,331273.2
73,269424.12,335834.66
74,570183.5,608747.8
74,570183.5,604312.5
74,570183.5,605930.7
74,570183.5,607262.2
74,570183.5,607817.9
74,570183.5,604784.0
74,570183.5,605540.75
74,570183.5,604392.9
74,570183.5,597922.0
74,570183.5,600872.56
74,570183.5,599804.3
74,570183.5,599922.06
74,570183.5,606828.4
75,548071.94,543375.06
75,548071.94,533301.2
75,548071.94,535549.3
75,548071.94,550129.0
75,548071.94,546224.5
75,548071.94,553298.1
76,491262.38,611058.44
76,491262.38,588683.2
77,879325.6,851752.9
77,879325.6,854508.6
77,879325.6,854242.56
77,879325.6,851359.06
77,879325.6,849525.94
77,879325.6,851903.5
77,879325.6,849125.0
77,879325.6,836577.4
77,879325.6,852850.75
77,879325.6,846473.4
77,879325.6,837465.6
77,879325.6,846618.7
77,879325.6,834373.06
77,879325.6,859793.2
78,552074.9,550180.5
78,552074.9,566531.6
78,552074.9,543250.1
79,663761.8,709957.56
79,663761.8,710890.2
79,663761.8,700747.7
79,663761.8,705222.44
79,663761.8,721928.5
79,663761.8,717542.94
79,663761.8,700514.4
80,310743.03,265763.94
80,310743.03,268769.97
80,310743.03,271708.6
80,310743.03,273107.3
81,246589.14,321337.62
81,246589.14,317843.62
81,246589.14,320924.03
81,246589.14,320912.16
82,806290.6,716222.2
82,806290.6,715152.0
82,806290.6,707909.3
82,806290.6,719976.1
82,806290.6,702319.6
83,377697.1,338260.38
84,306184.5,315074.5
84,306184.5,313168.8
85,165837.92,165443.73
85,165837.92,171535.67
85,165837.92,173339.48
86,2.5149102e+06,2.5950168e+06
86,2.5149102e+06,2.5886715e+06
87,420476.56,443563.47
87,420476.56,438480.44
88,384611.44,472701.84
88,384611.44,474628.88
88,384611.44,465392.38
88,384611.44,470323.72
88,384611.44,471894.84
88,384611.44,482991.8
89,528260.3,581791.56
89,528260.3,554266.75
90,167346.89,183442.14
90,167346.89,181175.08
91,1.2359634e+06,1.202027e+06
91,1.2359634e+06,1.199576e+06
92,657417.3,707098.1
92,657417.3,721775.6
92,657417.3,711259.75
92,657417.3,710896.06
92,657417.3,715704.1
92,657417.3,712300.2
93,810956.75,724389.3
93,810956.75,724116.06
93,810956.75,726273.1
93,810956.75,728300.3
93,810956.75,727476.56
93,810956.75,726308.9
93,810956.75,716482.6
94,223939.69,251268.48
95,606041.06,636906.6
95,606041.06,644784.56
96,769558.1,731300.7
96,769558.1,729914.25
96,769558.1,729384.4
96,769558.1,725223.9
96,769558.1,723134.56
96,769558.1,748074.5
97,467500.84,426988.44
97,467500.84,409738.66
98,548652.4,627182.7
98,548652.4,590883.3
99,468866.38,394901.9
99,468866.38,396150.1
100,451673.22,506976.72
100,451673.22,519589.84
100,451673.22,501061.8
101,742722.94,737148.0
101,742722.94,738713.44
101,742722.94,735682.94
101,742722.94,731670.3
101,742722.94,738866.75
101,742722.94,734029.4
101,742722.94,717966.4
102,702831.2,673006.4
102,702831.2,675409.0
102,702831.2,674781.3
102,702831.2,671075.75
102,702831.2,682774.25
103,647925.2,740159.9
103,647925.2,742734.94
103,647925.2,736768.0
103,647925.2,742352.0
103,647925.2,739048.75
103,647925.2,740497.7
103,647925.2,735330.56
103,647925.2,734005.94
103,647925.2,735330.56
103,647925.2,739106.25
104,483034.78,596506.56
104,483034.78,591219.44
104,483034.78,588912.2
104,483034.78,582016.94
104,483034.78,582061.06
104,483034.78,577858.94
105,526904.7,549427.4
105,526904.7,561875.44
106,305997.5,275272.6
106,305997.5,282460.44
106,305997.5,281740.8
107,509838.66,540377.2
108,528030.1,585637.9
108,528030.1,592255.9
108,528030.1,591158.8
108,528030.1,580662.4
109,410467.94,304483.88
109,410467.94,311343.53
109,410467.94,311773.97
110,382050.56,408319.03
110,382050.56,407429.44
110,382050.56,420660.94
110,382050.56,405564.6
111,554289.06,585445.75
111,554289.06,594740.6
112,360155.6,296321.47
112,360155.6,296343.0
112,360155.6,301670.62
113,488229.44,563728.3
114,643680.0,622967.1
114,643680.0,622600.56
114,643680.0,615838.5
114,643680.0,617203.8
114,643680.0,621101.94
114,643680.0,618329.25
114,643680.0,622413.2
114,643680.0,619904.06
114,643680.0,618174.6
114,643680.0,623624.6
114,643680.0,623180.94
114,643680.0,624155.06
114,643680.0,608493.1
115,632591.3,654749.4
115,632591.3,678729.2
116,349357.0,293441.44
116,349357.0,287828.34
117,382807.75,302189.0
117,382807.75,311190.7
118,373456.56,293472.0
118,373456.56,296520.28
118,373456.56,298234.44
119,900370.6,896198.06
119,900370.6,889633.5
120,278502.9,256080.77
120,278502.9,263722.75
121,634832.4,620137.56
121,634832.4,612583.8
121,634832.4,604459.5
121,634832.4,610060.1
121,634832.4,605563.1
121,634832.4,608732.44
122,564751.5,479416.8
122,564751.5,475197.7
123,811477.06,734684.8
124,698948.9,660781.94
124,698948.9,647621.9
125,700926.4,766997.94
125,700926.4,757575.6
125,700926.4,763616.2
125,700926.4,761170.25
125,700926.4,761607.94
125,700926.4,767575.1
125,700926.4,765209.8
125,700926.4,761197.9
125,700926.4,763562.3
125,700926.4,778635.2
126,280393.84,346537.12
126,280393.84,340490.88
127,337506.88,373542.88
127,337506.88,373843.8
127,337506.88,358660.22
128,620792.75,670799.5
128,620792.75,663335.06
129,270435.16,295719.56
129,270435.16,293340.5
130,925754.0,895853.5
130,925754.0,889563.56
131,746636.1,608275.6
131,746636.1,605296.3
131,746636.1,613317.75
131,746636.1,607262.6
131,746636.1,593897.0
132,827827.44,803317.2
132,827827.44,808223.7
132,827827.44,800090.7
132,827827.44,808293.8
132,827827.44,806559.0
132,827827.44,815094.1
132,827827.44,820779.1
133,554397.44,730258.4
133,554397.44,731117.94
133,554397.44,724734.2
133,554397.44,713908.44
133,554397.44,733221.1
134,603783.0,535636.9
134,603783.0,536783.2
134,603783.0,535586.4
135,515126.72,471099.06
135,515126.72,460630.88
136,690071.1,562834.7
136,690071.1,573074.25
137,347722.62,286197.22
137,347722.62,282911.38
138,446754.44,365167.72
138,446754.44,396465.2
139,931281.9,988319.7
139,931281.9,987518.1
139,931281.9,976963.9
139,931281.9,995322.75
139,931281.9,995338.5
139,931281.9,988226.75
139,931281.9,989974.5
139,931281.9,990783.3
139,931281.9,979356.5
139,931281.9,982688.9
139,931281.9,982688.9
139,931281.9,968068.7
139,931281.9,981208.5
139,931281.9,983183.8
139,931281.9,981086.56
140,203651.34,236007.3
140,203651.34,240440.61
141,522175.47,451959.94
142,590543.44,570524.8
142,590543.44,569864.3
142,590543.44,582323.3
142,590543.44,588573.94
143,1.1861794e+06,1.2446334e+06
143,1.1861794e+06,1.2564096e+06
144,783474.3,693447.06
144,783474.3,718114.6
145,389074.44,357455.34
145,389074.44,367373.97
146,808869.2,748022.3
146,808869.2,750246.9
146,808869.2,748146.2
146,808869.2,748759.6
146,808869.2,751728.9
146,808869.2,749530.25
146,808869.2,750583.3
146,808869.2,755012.4
147,529557.9,641769.25
147,529557.9,640442.44
147,529557.9,634237.44
147,529557.9,639569.6
147,529557.9,639833.5
147,529557.9,632472.94
147,529557.9,606553.56
148,576218.75,675449.06
148,576218.75,674355.06
148,576218.75,676045.0
148,576218.75,675030.06
148,576218.75,682437.44
149,614008.6,586158.56
149,614008.6,584785.5
149,614008.6,588285.1
149,614008.6,583275.8
149,614008.6,588450.2
149,614008.6,586174.56
149,614008.6,589950.6
149,614008.6,586285.1
149,614008.6,582428.0
150,2.8596812e+06,2.6126825e+06
150,2.8596812e+06,2.6213865e+06
151,454729.22,503927.78
151,454729.22,517209.62
152,1.0288362e+06,1.0972018e+06
153,566642.7,545357.25
153,566642.7,560830.75
154,299922.16,328018.25
154,299922.16,330506.5
154,299922.16,331909.0
155,357503.6,316847.38
155,357503.6,311929.34
155,357503.6,309370.1
156,444468.16,517899.62
156,444468.16,517531.72
157,233295.6,236707.48
157,233295.6,243915.05
157,233295.6,238411.83
158,459324.38,462061.97
158,459324.38,466026.5
158,459324.38,466676.25
158,459324.38,477128.62
158,459324.38,471284.53
159,269320.88,249971.92
159,269320.88,252185.36
160,414059.4,303209.6
160,414059.4,308461.56
161,364340.34,378931.34
161,364340.34,387277.94
161,364340.34,372575.75
161,364340.34,387972.38
161,364340.34,376711.62
161,364340.34,374007.38
162,654180.56,632262.06
162,654180.56,645061.1
162,654180.56,627816.3
163,770427.3,632291.56
163,770427.3,642038.0
163,770427.3,644650.4
163,770427.3,637714.3
163,770427.3,625059.3
164,209244.69,294720.8
164,209244.69,298050.62
164,209244.69,301908.06
165,687930.94,742524.44
165,687930.94,731257.2
165,687930.94,728084.7
165,687930.94,741053.8
165,687930.94,736091.9
165,687930.94,734662.4
165,687930.94,740654.6
165,687930.94,697878.06
166,341215.12,368700.25
166,341215.12,373441.28
167,490785.22,542128.5
167,490785.22,535575.2
167,490785.22,535797.6
167,490785.22,541104.4
167,490785.22,529608.2
168,583952.94,462044.94
168,583952.94,457994.88
168,583952.94,458507.4
168,583952.94,465968.25
168,583952.94,454404.56
168,583952.94,461682.88
169,389963.72,308109.84
169,389963.72,309502.25
170,598859.2,588041.6
170,598859.2,583805.9
171,461629.6,513408.78
171,461629.6,512191.8
171,461629.6,510253.97
171,461629.6,507416.03
172,129687.04,206296.08
172,129687.04,219254.55
172,129687.04,212579.7
173,420136.06,495413.84
174,315166.4,269816.3
174,315166.4,266325.78
174,315166.4,271026.22
175,233426.34,214094.98
175,233426.34,222236.89
176,420260.9,450354.72
176,420260.9,445850.84
176,420260.9,450721.28
176,420260.9,456412.47
177,607572.6,593266.4
177,607572.6,597113.0
177,607572.6,599927.9
177,607572.6,594775.9
177,607572.6,598024.4
177,607572.6,594503.9
177,607572.6,601188.6
177,607572.6,596276.2
177,607572.6,595075.0
177,607572.6,594904.4
177,607572.6,598676.6
178,515863.6,521446.97
178,515863.6,513843.62
178,515863.6,520730.94
179,754069.75,586740.1
179,754069.75,605898.56
180,709065.2,724259.9
180,709065.2,719574.4
180,709065.2,719662.0
180,709065.2,719280.75
180,709065.2,717956.8
180,709065.2,720275.0
180,709065.2,705051.0
180,709065.2,706425.44
180,709065.2,704367.5
180,709065.2,704918.4
181,209692.84,234507.67
181,209692.84,237675.73
182,296490.16,270030.25
182,296490.16,274636.22
183,660966.0,640800.94
183,660966.0,624624.9
184,515490.22,583483.3
184,515490.22,555373.2
185,571541.9,486887.44
185,571541.9,495313.47
186,355503.6,301274.75
186,355503.6,297263.84
187,648874.0,698948.3
187,648874.0,709593.6
188,884202.94,969640.3
189,651832.8,547879.2
189,651832.8,549170.5
190,644698.9,668044.5
190,644698.9,685000.2
190,644698.9,673342.5
191,381602.34,491544.84
191,381602.34,491492.88
192,555118.44,540308.2
192,555118.44,543073.2
192,555118.44,551027.2
193,480052.38,467562.1
193,480052.38,475301.7
193,480052.38,480798.78
194,512880.47,461011.28
195,230169.55,299735.9
195,230169.55,309177.06
195,230169.55,305615.72
196,580838.4,468871.38
196,580838.4,477086.78
197,893991.4,870967.6
197,893991.4,863696.25
197,893991.4,875190.7
197,893991.4,863946.2
197,893991.4,864205.4
198,306662.9,264809.94
198,306662.9,262795.9
199,621469.06,591255.9
199,621469.06,585157.4
199,621469.06,579125.6
199,621469.06,582894.6
199,621469.06,585133.2
199,621469.06,574911.3
200,1.2119718e+06,1.1528339e+06
200,1.2119718e+06,1.1700314e+06
201,548875.56,550693.56
201,548875.56,554097.3
201,548875.56,555299.25
201,548875.56,562225.06
201,548875.56,572442.7
202,359326.34,361503.06
202,359326.34,361121.4
202,359326.34,381046.9
203,682573.2,641702.1
203,682573.2,648923.6
203,682573.2,640152.5
203,682573.2,633154.5
203,682573.2,646486.6
203,682573.2,643041.06
204,637351.44,729589.25
204,637351.44,726288.5
204,637351.44,723688.9
204,637351.44,730497.7
204,637351.44,723856.75
204,637351.44,733473.9
204,637351.44,725870.3
204,637351.44,724199.5
204,637351.44,715681.3
205,870001.44,828945.75
205,870001.44,837141.0
206,792816.9,699087.25
206,792816.9,666154.94
207,613557.7,583337.8
207,613557.7,584398.8
207,613557.7,580735.1
207,613557.7,591068.5
207,613557.7,589807.6
207,613557.7,590004.1
208,464183.38,464605.62
208,464183.38,456065.75
208,464183.38,484384.4
208,464183.38,454553.97
209,225581.2,237117.98
209,225581.2,238624.7
209,225581.2,240178.73
210,623278.2,595987.1
210,623278.2,609882.5
210,623278.2,608000.1
210,623278.2,604552.06
211,580582.7,638204.25
211,580582.7,638295.06
211,580582.7,637018.1
211,580582.7,643516.06
211,580582.7,638810.8
211,580582.7,637541.06
211,580582.7,640300.56
211,580582.7,630548.1
212,617419.94,550083.44
212,617419.94,559552.2
213,1.28426e+06,1.1752552e+06
213,1.28426e+06,1.1718615e+06
213,1.28426e+06,1.1776334e+06
213,1.28426e+06,1.1742879e+06
213,1.28426e+06,1.1690765e+06
213,1.28426e+06,1.1752729e+06
213,1.28426e+06,1.1754635e+06
213,1.28426e+06,1.1754635e+06
213,1.28426e+06,1.1812889e+06
213,1.28426e+06,1.1838116e+06
214,1.2299435e+06,1.1799008e+06
214,1.2299435e+06,1.1385058e+06
215,490321.47,426934.44
215,490321.47,433132.66
216,2.3523652e+06,2.5466185e+06
216,2.3523652e+06,2.5520152e+06
216,2.3523652e+06,2.550338e+06
216,2.3523652e+06,2.5506928e+06
216,2.3523652e+06,2.5470625e+06
216,2.3523652e+06,2.5482875e+06
216,2.3523652e+06,2.5497032e+06
216,2.3523652e+06,2.5458412e+06
216,2.3523652e+06,2.5497572e+06
216,2.3523652e+06,2.5481722e+06
216,2.3523652e+06,2.5575025e+06
216,2.3523652e+06,2.552977e+06
216,2.3523652e+06,2.5522598e+06
216,2.3523652e+06,2.5523025e+06
216,2.3523652e+06,2.5520855e+06
216,2.3523652e+06,2.5522005e+06
216,2.3523652e+06,2.547632e+06
217,371763.12,404117.84
217,371763.12,401116.3
218,603966.06,584501.5
218,603966.06,576296.25
219,531378.25,635482.5
219,531378.25,616702.8
220,572888.25,617130.3
220,572888.25,625993.75
220,572888.25,611618.8
221,1.4119692e+06,1.3689708e+06
221,1.4119692e+06,1.361032e+06
221,1.4119692e+06,1.3777715e+06
221,1.4119692e+06,1.3604681e+06
221,1.4119692e+06,1.3674432e+06
221,1.4119692e+06,1.3605032e+06
221,1.4119692e+06,1.368703e+06
221,1.4119692e+06,1.3609272e+06
221,1.4119692e+06,1.3591908e+06
221,1.4119692e+06,1.362173e+06
221,1.4119692e+06,1.3646218e+06
221,1.4119692e+06,1.3612851e+06
221,1.4119692e+06,1.3643099e+06
221,1.4119692e+06,1.3681909e+06
222,892471.8,767240.75
222,892471.8,765498.2
222,892471.8,771877.4
222,892471.8,766694.9
222,892471.8,763835.8
222,892471.8,762277.8
222,892471.8,770265.0
222,892471.8,764745.5
222,892471.8,765265.06
222,892471.8,779998.75
223,416953.4,408642.0
223,416953.4,403257.9
223,416953.4,411290.25
224,167490.92,237037.73
224,167490.92,234006.89
224,167490.92,236682.52
225,469159.66,572125.56
225,469159.66,570700.2
226,257437.1,313777.4
226,257437.1,331047.0
226,257437.1,323532.6
227,435215.97,507703.94
227,435215.97,505911.6
228,239454.78,273799.22
228,239454.78,270839.44
229,630268.7,719438.94
229,630268.7,735696.94
230,848958.3,848682.9
230,848958.3,835560.7
230,848958.3,842096.4
230,848958.3,846438.6
230,848958.3,839446.0
230,848958.3,853769.2
230,848958.3,853299.56
230,848958.3,849513.25
231,810971.5,838530.25
231,810971.5,838941.4
231,810971.5,841911.3
231,810971.5,834090.3
231,810971.5,833307.25
231,810971.5,844403.75
231,810971.5,832626.2
231,810971.5,835006.4
231,810971.5,839505.7
231,810971.5,839352.56
231,810971.5,836437.94
231,810971.5,845244.3
232,772526.3,615261.56
232,772526.3,616105.8
233,298147.6,339577.84
233,298147.6,335745.44
233,298147.6,339690.4
233,298147.6,352550.56
234,931612.1,752665.44
234,931612.1,753369.75
234,931612.1,749834.2
234,931612.1,752052.44
234,931612.1,745349.5
234,931612.1,751560.5
234,931612.1,741907.6
234,931612.1,739334.75
234,931612.1,742848.25
234,931612.1,738343.0
234,931612.1,732476.44
234,931612.1,714375.25
235,837154.2,744308.9
236,404874.4,492916.4
236,404874.4,484961.03
237,571457.7,630563.9
237,571457.7,632114.2
238,434417.97,324045.75
239,469767.2,425864.28
239,469767.2,425721.47
239,469767.2,442522.56
240,541333.1,540008.6
240,541333.1,552939.4
241,518901.47,552381.9
241,518901.47,551616.1
241,518901.47,553545.3
241,518901.47,558719.4
241,518901.47,552510.8
241,518901.47,549431.06
241,518901.47,528926.5
242,743012.1,736232.7
243,1.208271e+06,1.2370155e+06
243,1.208271e+06,1.2086216e+06
244,524920.94,610678.7
244,524920.94,620954.94
245,835188.1,810716.44
245,835188.1,799501.1
245,835188.1,796546.7
245,835188.1,798063.56
245,835188.1,805751.5
245,835188.1,808930.1
245,835188.1,805707.7
246,249777.19,246819.11
246,249777.19,253586.42
247,230089.95,247461.55
247,230089.95,243898.92
248,721379.8,738744.25
248,721379.8,740604.44
248,721379.8,741722.4
248,721379.8,738857.44
248,721379.8,740604.44
248,721379.8,738294.3
248,721379.8,753886.7
249,534517.7,552999.06
249,534517.7,545400.8
249,534517.7,558935.94
249,534517.7,564556.2
249,534517.7,550440.2
250,751610.0,758421.8
250,751610.0,745117.75
250,751610.0,742942.75
250,751610.0,740275.1
250,751610.0,749488.3
250,751610.0,747161.8
250,751610.0,766508.3
251,350041.38,387428.53
252,391527.53,309325.56
252,391527.53,313226.16
252,391527.53,313817.1
253,485894.16,463862.62
253,485894.16,449499.75
254,278297.5,246526.48
254,278297.5,254406.58
255,740082.6,752206.0
255,740082.6,760500.6
256,876946.9,748057.2
256,876946.9,738009.56
256,876946.9,740662.5
256,876946.9,747933.5
256,876946.9,745053.44
256,876946.9,743940.75
257,595056.7,711783.75
257,595056.7,720071.75
258,608295.75,580624.1
258,608295.75,579246.9
258,608295.75,592861.8
259,541224.94,520110.47
259,541224.94,523249.2
260,820631.0,772519.0
261,592258.7,596510.3
261,592258.7,590514.8
262,521026.94,525801.9
262,521026.94,539160.94
263,210805.4,239714.98
263,210805.4,238189.3
264,295753.88,298206.44
264,295753.88,300244.7
264,295753.88,307261.8
264,295753.88,305569.28
265,335184.0,341147.7
265,335184.0,334541.7
266,643285.25,634837.0
266,643285.25,628130.25
266,643285.25,605407.0
267,542852.9,552364.8
267,542852.9,555975.06
268,622231.7,642670.56
268,622231.7,651996.8
269,699473.7,755712.06
269,699473.7,758907.44
269,699473.7,761800.7
269,699473.7,761468.44
269,699473.7,758576.5
269,699473.7,755110.6
269,699473.7,753556.7
269,699473.7,764135.5
269,699473.7,786148.8
270,897051.6,754465.6
270,897051.6,754059.3
270,897051.6,749995.06
270,897051.6,752495.1
270,897051.6,753121.3
270,897051.6,732601.1
270,897051.6,734561.2
270,897051.6,735368.9
270,897051.6,743808.94
270,897051.6,725444.2
271,465280.84,533032.8
271,465280.84,516646.88
272,797597.25,788525.25
272,797597.25,788821.75
273,1.1281786e+06,1.1201574e+06
273,1.1281786e+06,1.1131239e+06
273,1.1281786e+06,1.1166348e+06
273,1.1281786e+06,1.113954e+06
273,1.1281786e+06,1.1207385e+06
273,1.1281786e+06,1.1114844e+06
273,1.1281786e+06,1.1106658e+06
273,1.1281786e+06,1.1168995e+06
273,1.1281786e+06,1.1159332e+06
273,1.1281786e+06,1.1063431e+06
273,1.1281786e+06,1.1302092e+06
274,597824.7,588988.94
274,597824.7,584515.94
274,597824.7,587820.0
274,597824.7,587024.06
274,597824.7,591693.8
274,597824.7,586866.06
274,597824.7,585473.2
274,597824.7,586794.44
274,597824.7,573452.06
275,610844.75,519094.38
275,610844.75,516953.3
275,610844.75,515226.84
275,610844.75,529351.75
275,610844.75,526882.6
276,441029.12,428688.47
276,441029.12,422513.4
277,301169.22,273025.0
277,301169.22,280755.94
278,438958.88,501547.75
278,438958.88,510196.0
279,569376.8,689858.5
279,569376.8,683338.75
279,569376.8,685800.5
279,569376.8,684737.0
279,569376.8,680603.06
279,569376.8,689345.5
280,520327.3,498225.44
280,520327.3,500403.53
280,520327.3,502984.03
280,520327.3,519008.9
280,520327.3,522699.2
280,520327.3,513116.47
281,843242.9,823724.5
281,843242.9,816905.6
281,843242.9,822734.7
281,843242.9,819044.2
281,843242.9,823707.5
281,843242.9,824560.0
281,843242.9,827754.8
281,843242.9,810868.7
281,843242.9,830712.9
281,843242.9,829707.8
282,483841.1,530667.44
282,483841.1,524563.25
282,483841.1,523824.94
282,483841.1,523256.06
283,310189.9,268979.97
283,310189.9,268887.75
283,310189.9,272563.56
283,310189.9,273578.8
284,737913.75,644103.2
284,737913.75,664087.9
285,445942.78,508319.7
285,445942.78,517579.6
286,391825.44,381889.53
286,391825.44,420497.47
287,1.4066296e+06,1.2857286e+06
287,1.4066296e+06,1.2861672e+06
287,1.4066296e+06,1.287203e+06
287,1.4066296e+06,1.2861576e+06
287,1.4066296e+06,1.2870558e+06
287,1.4066296e+06,1.286934e+06
287,1.4066296e+06,1.288255e+06
287,1.4066296e+06,1.2874169e+06
287,1.4066296e+06,1.2868336e+06
287,1.4066296e+06,1.2904082e+06
287,1.4066296e+06,1.2930825e+06
287,1.4066296e+06,1.2926161e+06
287,1.4066296e+06,1.2705521e+06
288,644296.7,676674.44
288,644296.7,679005.5
288,644296.7,679404.56
288,644296.7,667603.7
288,644296.7,686943.44
288,644296.7,688055.2
288,644296.7,653874.8
289,1.3499782e+06,1.3976035e+06
289,1.3499782e+06,1.3896672e+06
289,1.3499782e+06,1.3982375e+06
289,1.3499782e+06,1.3912634e+06
289,1.3499782e+06,1.3912185e+06
289,1.3499782e+06,1.3887912e+06
289,1.3499782e+06,1.3919802e+06
289,1.3499782e+06,1.4007844e+06
289,1.3499782e+06,1.3892176e+06
289,1.3499782e+06,1.377247e+06
290,375259.12,340997.56
290,375259.12,332462.53
290,375259.12,348258.06
290,375259.12,334251.84
291,423561.2,495844.4
291,423561.2,483308.66
291,423561.2,484271.22
291,423561.2,493277.16
291,423561.2,488735.4
291,423561.2,489743.66
292,574697.94,633617.1
292,574697.94,645214.06
293,407802.1,472131.25
293,407802.1,469627.25
293,407802.1,470107.12
293,407802.1,475000.03
294,424730.16,381685.7
294,424730.16,382082.47
294,424730.16,388430.3
295,167029.1,184475.14
295,167029.1,185219.36
296,1.2523139e+06,1.2493115e+06
296,1.2523139e+06,1.2496139e+06
296,1.2523139e+06,1.2475019e+06
296,1.2523139e+06,1.2497118e+06
296,1.2523139e+06,1.2487212e+06
296,1.2523139e+06,1.2467691e+06
296,1.2523139e+06,1.2468169e+06
296,1.2523139e+06,1.2492491e+06
296,1.2523139e+06,1.2514958e+06
297,406105.97,388113.3
297,406105.97,388483.06
297,406105.97,396570.62
297,406105.97,396704.44
298,259287.22,248102.95
298,259287.22,250493.39
299,476423.6,461700.34
299,476423.6,479793.06
300,294334.66,309441.84
300,294334.66,309348.3
300,294334.66,315590.97
301,501245.25,547080.7
301,501245.25,540114.8
301,501245.25,544651.44
301,501245.25,545502.06
301,501245.25,549438.06
302,295179.66,259072.27
302,295179.66,264741.16
302,295179.66,267402.1
303,746416.1,743805.75
303,746416.1,743434.56
303,746416.1,744036.3
303,746416.1,744247.9
303,746416.1,742623.06
303,746416.1,736029.06
303,746416.1,739392.75
303,746416.1,755640.3
304,473537.97,526833.5
304,473537.97,552912.4
305,441035.97,511445.88
305,441035.97,520292.94
306,224624.31,306981.62
306,224624.31,302016.94
306,224624.31,304032.16
307,520900.4,446089.97
307,520900.4,441202.22
308,443157.06,540391.06
308,443157.06,537471.4
309,376481.56,382870.6
309,376481.56,381120.88
309,376481.56,390050.3
309,376481.56,400894.84
309,376481.56,387764.8
309,376481.56,398695.16
310,318390.0,262029.11
310,318390.0,267661.6
311,196782.47,279326.8
311,196782.47,290413.88
311,196782.47,285301.2
312,632228.8,612423.3
312,632228.8,608628.8
312,632228.8,607090.2
312,632228.8,611215.1
312,632228.8,601612.5
312,632228.8,609213.3
312,632228.8,612258.75
312,632228.8,606694.25
313,398022.9,314071.84
313,398022.9,314090.66
313,398022.9,318011.47
314,291568.75,257604.36
314,291568.75,257413.7
315,442468.62,313128.9
315,442468.62,318838.5
316,485522.75,475476.47
316,485522.75,490296.72
317,577778.94,611728.06
317,577778.94,594683.56
318,413110.28,393827.4
318,413110.28,382956.75
319,572926.3,609475.44
319,572926.3,616652.75
319,572926.3,624521.9
319,572926.3,621327.25
319,572926.3,608700.3
320,930860.0,727603.4
320,930860.0,726727.8
320,930860.0,725482.94
320,930860.0,718606.0
320,930860.0,728785.75
320,930860.0,720934.0
320,930860.0,682615.94
321,808263.2,699931.4
321,808263.2,708755.8
322,617061.25,635122.6
322,617061.25,633140.5
323,740894.3,745646.06
323,740894.3,746169.9
324,418731.1,377171.5
325,602258.56,634781.6
325,602258.56,643970.44
326,427591.66,402348.16
326,427591.66,400150.53
327,576337.06,584405.5
327,576337.06,595484.56
327,576337.06,571140.25
328,200612.64,231037.42
328,200612.64,236735.55
329,826837.0,707767.4
329,826837.0,710946.94
329,826837.0,706632.2
329,826837.0,709358.8
329,826837.0,711591.5
329,826837.0,709518.7
329,826837.0,693367.1
330,560172.7,589863.06
330,560172.7,564780.7
331,306793.06,259786.2
331,306793.06,267476.03
332,369293.0,287562.53
332,369293.0,296994.0
333,928493.9,1.02905294e+06
333,928493.9,1.0321305e+06
333,928493.9,1.02610075e+06
333,928493.9,1.0230103e+06
333,928493.9,1.02493525e+06
333,928493.9,1.0297125e+06
333,928493.9,1.01693625e+06
334,200004.27,288225.9
334,200004.27,290968.5
335,1.1327759e+06,1.1342875e+06
335,1.1327759e+06,1.1271206e+06
336,667313.75,698186.44
336,667313.75,699589.6
337,761834.75,773197.4
337,761834.75,780390.5
337,761834.75,779231.3
337,761834.75,780693.2
337,761834.75,775715.7
337,761834.75,781452.0
337,761834.75,770355.2
337,761834.75,775000.4
337,761834.75,782071.6
337,761834.75,771859.06
337,761834.75,791829.5
338,691430.8,658353.3
338,691430.8,656466.94
338,691430.8,657280.6
338,691430.8,654812.5
338,691430.8,665022.9
338,691430.8,671048.56
338,691430.8,666326.4
339,738505.25,640984.5
339,738505.25,642290.0
340,487948.9,524337.5
340,487948.9,522522.03
340,487948.9,534475.4
340,487948.9,515766.53
341,870804.3,753153.4
341,870804.3,738599.2
341,870804.3,746394.3
341,870804.3,752735.0
341,870804.3,736856.44
341,870804.3,763450.75
342,377941.47,290253.38
342,377941.47,292495.03
343,257601.72,258301.11
344,334813.44,322976.1
344,334813.44,325922.34
345,757802.5,710529.75
345,757802.5,711325.9
346,2.753735e+06,2.6128215e+06
346,2.753735e+06,2.6144505e+06
346,2.753735e+06,2.6078248e+06
347,896571.8,919190.9
347,896571.8,924340.1
347,896571.8,924294.2
347,896571.8,928756.8
347,896571.8,915923.56
347,896571.8,922484.75
347,896571.8,924407.06
347,896571.8,923845.9
347,896571.8,924322.44
347,896571.8,921604.8
347,896571.8,922426.4
347,896571.8,924651.7
347,896571.8,903832.75
347,896571.8,928859.9
348,679854.5,609598.0
348,679854.5,629672.1
349,575317.4,590332.2
349,575317.4,605032.2
349,575317.4,584896.9
349,575317.4,614288.06
350,616879.6,473250.62
350,616879.6,466660.2
350,616879.6,468863.94
350,616879.6,479648.94
351,630148.0,677531.75
351,630148.0,691867.1
351,630148.0,685159.25
351,630148.0,687205.44
351,630148.0,689015.0
351,630148.0,650826.7
352,457930.84,509056.9
352,457930.84,520590.84
353,277408.38,253111.73
353,277408.38,256139.02
354,809891.56,721000.4
354,809891.56,719479.25
354,809891.56,725323.6
354,809891.56,725966.44
354,809891.56,699629.56
355,544720.5,598914.0
355,544720.5,610913.25
355,544720.5,612265.7
355,544720.5,595172.75
355,544720.5,581046.25
356,887481.0,892421.5
356,887481.0,896594.8
356,887481.0,896677.3
356,887481.0,892074.06
356,887481.0,900989.56
356,887481.0,895271.8
356,887481.0,894832.6
356,887481.0,880440.7
356,887481.0,891594.56
356,887481.0,889955.1
356,887481.0,880818.6
357,583340.3,633324.44
357,583340.3,637119.0
358,387306.3,351157.84
358,387306.3,351681.62
359,490187.72,449460.88
359,490187.72,468370.25
359,490187.72,465980.25
360,766756.94,671862.9
360,766756.94,667101.0
361,333286.8,293869.28
361,333286.8,291779.75
362,573549.9,588714.0
362,573549.9,580814.8
363,704083.1,643522.75
363,704083.1,635847.8
363,704083.1,640398.9
363,704083.1,636501.25
363,704083.1,632687.25
364,317551.12,287179.34
364,317551.12,287078.12
365,761379.56,735362.75
365,761379.56,754436.56
365,761379.56,746380.6
366,540606.5,588536.06
366,540606.5,585660.8
367,416185.4,472718.47
367,416185.4,470428.25
367,416185.4,472927.34
367,416185.4,470071.97
367,416185.4,469829.53
367,416185.4,481909.6
368,440625.75,506230.03
368,440625.75,510662.53
369,393442.88,382428.44
369,393442.88,380323.94
370,733549.44,763943.6
370,733549.44,772219.5
370,733549.44,755399.06
371,752007.4,597827.0
371,752007.4,613318.56
371,752007.4,602915.9
372,199927.52,232438.7
372,199927.52,236529.61
373,829130.75,834485.5
373,829130.75,838566.3
373,829130.75,843872.44
373,829130.75,840292.25
373,829130.75,854456.3
373,829130.75,853792.25
373,829130.75,840394.8
374,566930.06,549033.8
374,566930.06,562534.1
375,686837.75,666747.25
375,686837.75,668447.9
375,686837.75,668948.25
375,686837.75,656256.3
375,686837.75,650884.8
375,686837.75,648545.06
376,792269.25,805614.75
376,792269.25,799827.44
376,792269.25,803092.4
376,792269.25,805788.5
376,792269.25,805463.25
376,792269.25,801373.2
376,792269.25,808333.7
376,792269.25,796710.1
376,792269.25,801648.2
376,792269.25,801421.56
376,792269.25,802334.0
376,792269.25,803866.5
377,317038.75,271004.7
377,317038.75,280870.22
377,317038.75,278829.28
378,884331.94,885817.44
378,884331.94,886529.8
378,884331.94,880346.5
378,884331.94,880029.1
378,884331.94,881988.6
378,884331.94,876735.9
378,884331.94,885849.0
378,884331.94,881367.1
379,603929.4,615514.7
379,603929.4,606521.6
379,603929.4,609184.0
379,603929.4,599678.2
380,809497.1,804288.25
380,809497.1,801184.44
380,809497.1,786520.0
380,809497.1,791013.2
380,809497.1,796059.06
380,809497.1,792776.75
380,809497.1,792385.75
380,809497.1,813010.0
381,797261.25,675435.25
381,797261.25,686877.44
382,551990.25,583228.0
382,551990.25,583574.94
382,551990.25,582032.1
382,551990.25,584569.6
382,551990.25,591525.0
382,551990.25,587251.75
383,370337.6,457936.78
383,370337.6,459075.78
384,548411.9,469013.56
384,548411.9,470240.56
384,548411.9,470423.2
384,548411.9,477687.94
384,548411.9,484339.6
384,548411.9,457130.16
385,1.3028688e+06,1.2570356e+06
385,1.3028688e+06,1.2533819e+06
385,1.3028688e+06,1.2531628e+06
385,1.3028688e+06,1.2527265e+06
385,1.3028688e+06,1.252632e+06
385,1.3028688e+06,1.2596014e+06
385,1.3028688e+06,1.2599946e+06
385,1.3028688e+06,1.2545222e+06
385,1.3028688e+06,1.260014e+06
385,1.3028688e+06,1.260993e+06
386,786980.1,776374.5
386,786980.1,783093.8
386,786980.1,783316.7
386,786980.1,790802.94
386,786980.1,776976.6
386,786980.1,785788.4
386,786980.1,786287.56
386,786980.1,794516.0
387,820433.8,798366.3
387,820433.8,825224.6
388,557528.3,594978.9
388,557528.3,600982.0
388,557528.3,580246.06
389,557177.3,549635.25
389,557177.3,526008.6
390,671854.7,757083.7
390,671854.7,758626.06
390,671854.7,756627.75
390,671854.7,757707.9
390,671854.7,752923.9
390,671854.7,758924.8
390,671854.7,750359.0
391,1.1352756e+06,1.059252e+06
391,1.1352756e+06,1.0629264e+06
392,632560.9,599817.8
392,632560.9,591962.06
392,632560.9,584910.2
392,632560.9,592491.2
392,632560.9,597740.06
393,582344.6,757108.5
393,582344.6,757782.4
393,582344.6,756955.5
393,582344.6,753678.94
393,582344.6,761200.25
393,582344.6,756113.44
393,582344.6,757644.6
393,582344.6,774213.44
394,592294.6,571110.75
394,592294.6,574834.5
395,2.8561372e+06,2.622619e+06
395,2.8561372e+06,2.6224082e+06
395,2.8561372e+06,2.6181055e+06
396,911689.75,763837.1
396,911689.75,772113.5
396,911689.75,762074.25
396,911689.75,759520.0
396,911689.75,769972.25
396,911689.75,777736.5
396,911689.75,734854.44
397,343684.66,298545.12
398,662716.56,655472.7
398,662716.56,625962.25
399,638489.2,636776.5
399,638489.2,642704.1
399,638489.2,643188.06
399,638489.2,633758.5
399,638489.2,641872.8
399,638489.2,643139.94
399,638489.2,633345.1
399,638489.2,641368.25
399,638489.2,641543.25
399,638489.2,636319.4
399,638489.2,645464.0
399,638489.2,636768.56
399,638489.2,639942.3
399,638489.2,630230.56
400,445881.25,461609.62
400,445881.25,448274.84
401,425123.84,382594.78
401,425123.84,384579.47
401,425123.84,383716.66
402,583967.0,641367.4
402,583967.0,663079.94
403,496211.22,526011.7
403,496211.22,533825.7
404,832426.06,817452.3
404,832426.06,810008.56
404,832426.06,817639.2
404,832426.06,816311.25
404,832426.06,808588.25
404,832426.06,820817.7
404,832426.06,815580.3
404,832426.06,824302.3
405,644705.94,630019.9
405,644705.94,613972.5
406,549106.44,636921.8
406,549106.44,622364.9
407,245469.53,213050.55
407,245469.53,220804.17
408,712845.9,695846.7
408,712845.9,696165.7
408,712845.9,697809.2
408,712845.9,698820.94
408,712845.9,692206.94
408,712845.9,703736.56
408,712845.9,704969.9
409,555054.2,445984.28
409,555054.2,462444.72
409,555054.2,453540.3
410,217117.03,302771.34
410,217117.03,300228.84
410,217117.03,304565.9
410,217117.03,296445.03
411,242429.17,240636.8
411,242429.17,246836.52
411,242429.17,247165.14
412,509976.72,513001.22
412,509976.72,493509.06
412,509976.72,500140.12
412,509976.72,502505.8
413,900886.2,790815.9
414,586714.44,617027.56
414,586714.44,622356.8
415,709828.0,585897.75
415,709828.0,596183.06
415,709828.0,586523.7
415,709828.0,595152.75
415,709828.0,579936.56
416,803363.1,677582.2
416,803363.1,691071.4
417,589960.6,576364.5
417,589960.6,582154.1
417,589960.6,578575.4
417,589960.6,595738.8
418,560811.0,704721.8
418,560811.0,686394.9
419,894342.5,840373.56
419,894342.5,852215.1
420,683288.4,635554.25
420,683288.4,663230.44
420,683288.4,649177.56
421,1.2958544e+06,1.2846961e+06
421,1.2958544e+06,1.2921135e+06
422,780127.4,621003.56
422,780127.4,618517.0
423,463911.56,454947.06
423,463911.56,452190.75
423,463911.56,466866.44
424,526034.3,580501.44
424,526034.3,576070.44
425,787546.94,741772.1
425,787546.94,747541.1
425,787546.94,742998.94
426,801938.6,694247.8
426,801938.6,712693.2
427,255811.78,254840.45
427,255811.78,256435.48
427,255811.78,254928.95
428,805060.3,806406.9
428,805060.3,807227.44
428,805060.3,804383.56
428,805060.3,803104.56
428,805060.3,809175.44
428,805060.3,800361.0
428,805060.3,815135.5
428,805060.3,810306.6
428,805060.3,808377.56
428,805060.3,818319.9
428,805060.3,813953.56
429,625036.0,630244.75
429,625036.0,640139.5
430,664299.3,651763.8
431,502172.12,435873.6
431,502172.12,451429.84
432,689913.75,627361.6
432,689913.75,624667.7
432,689913.75,631828.7
432,689913.75,629318.1
432,689913.75,624430.3
432,689913.75,624907.4
432,689913.75,631095.25
432,689913.75,621596.75
432,689913.75,623984.75
432,689913.75,622426.2
432,689913.75,625298.9
432,689913.75,626432.3
432,689913.75,632412.0
433,417955.12,393744.7
433,417955.12,394837.44
434,351333.53,292774.62
434,351333.53,286947.56
435,533767.56,589298.75
435,533767.56,591025.9
436,743941.75,778345.94
437,674325.1,681431.56
437,674325.1,685003.6
438,211647.84,232215.77
438,211647.84,240307.64
439,411844.16,310982.25
439,411844.16,304834.22
440,771412.8,758136.4
441,617352.6,575508.0
441,617352.6,578954.8
442,322007.56,283457.1
442,322007.56,290255.78
442,322007.56,284800.2
443,481862.1,487908.06
443,481862.1,495016.8
443,481862.1,494264.38
444,637721.94,675314.6
444,637721.94,663871.2
445,689661.1,569580.06
445,689661.1,572083.4
445,689661.1,560038.94
446,329440.88,294125.75
446,329440.88,300620.4
446,329440.88,298260.5
447,641342.25,611132.75
447,641342.25,637359.56
448,853214.5,724752.4
448,853214.5,693965.7
449,298935.28,270032.3
450,268751.66,330363.1
450,268751.66,337911.66
451,1.1661749e+06,1.1715835e+06
451,1.1661749e+06,1.1550729e+06
452,980990.2,974190.7
453,494521.38,438332.66
454,502442.25,492878.25
454,502442.25,508184.12
455,406687.4,471819.06
455,406687.4,473759.6
455,406687.4,470568.88
455,406687.4,467280.47
456,1.2485591e+06,1.2137896e+06
456,1.2485591e+06,1.2083724e+06
457,643068.1,725341.25
457,643068.1,727431.6
457,643068.1,730618.5
457,643068.1,726856.2
457,643068.1,729454.06
457,643068.1,718919.75
457,643068.1,728284.9
457,643068.1,721050.75
458,237933.97,321537.53
458,237933.97,325921.2
459,556072.75,462498.7
459,556072.75,448204.8
460,1.2416252e+06,1.183448e+06
460,1.2416252e+06,1.1993224e+06
461,530990.8,580163.0
461,530990.8,576792.6
462,268408.84,275741.94
462,268408.84,282588.94
463,453531.6,413495.9
463,453531.6,423869.16
464,571384.25,570154.9
464,571384.25,578622.3
464,571384.25,581401.0
464,571384.25,578207.56
464,571384.25,579368.2
464,571384.25,581719.4
464,571384.25,565934.7
465,586082.5,536231.6
465,586082.5,541551.75
466,837561.0,683175.2
466,837561.0,704058.1
467,726230.56,752546.06
467,726230.56,747300.8
467,726230.56,753914.8
467,726230.56,753967.0
467,726230.56,754683.56
467,726230.56,756863.1
467,726230.56,757461.9
467,726230.56,763021.56
468,649275.56,664277.6
468,649275.56,664779.6
468,649275.56,660169.94
468,649275.56,663557.44
468,649275.56,645145.75
469,382935.5,468482.2
469,382935.5,470670.6
470,601925.8,517580.06
470,601925.8,512714.53
470,601925.8,523478.25
470,601925.8,512295.03
471,613201.8,580991.0
471,613201.8,554034.06
472,503557.22,390715.8
472,503557.22,416947.38
473,1.2455178e+06,1.1593544e+06
473,1.2455178e+06,1.1967402e+06
474,2.2092502e+06,2.5552945e+06
474,2.2092502e+06,2.5482562e+06
475,304445.94,321040.44
475,304445.94,322506.12
475,304445.94,322627.5
476,561902.1,510897.16
476,561902.1,505699.44
477,321616.38,271050.4
477,321616.38,265527.94
478,210699.84,230746.95
478,210699.84,239103.92
478,210699.84,235378.2
479,194802.45,284657.38
479,194802.45,283072.47
480,579409.4,639598.4
480,579409.4,643779.44
480,579409.4,636870.6
480,579409.4,620616.9
481,602165.94,634239.3
481,602165.94,631826.44
482,876850.5,724309.44
482,876850.5,730601.9
483,2.6753502e+06,2.5965258e+06
483,2.6753502e+06,2.5930795e+06
484,423343.03,370859.0
485,615747.25,662178.2
485,615747.25,656198.94
486,406976.78,380272.28
486,406976.78,384928.84
486,406976.78,396131.0
486,406976.78,392407.8
487,663220.5,764395.94
487,663220.5,764239.8
487,663220.5,766148.4
487,663220.5,762538.4
487,663220.5,771858.94
487,663220.5,761039.9
487,663220.5,762323.0
487,663220.5,768462.7
488,774757.9,748730.7
488,774757.9,754815.94
488,774757.9,748558.7
488,774757.9,752188.3
488,774757.9,749962.4
488,774757.9,749628.5
488,774757.9,747803.6
488,774757.9,772279.75
489,731886.44,611279.8
489,731886.44,600126.7
489,731886.44,605927.9
489,731886.44,606613.6
489,731886.44,606385.75
489,731886.44,593560.5
490,299516.12,274673.84
490,299516.12,277391.6
491,206192.97,247728.61
492,301515.25,272249.22
492,301515.25,281150.88
492,301515.25,277436.4
493,496266.34,477393.03
493,496266.34,459823.34
493,496266.34,470725.97
493,496266.34,463673.7
493,496266.34,463654.5
493,496266.34,466970.53
494,353685.6,301705.12
494,353685.6,304301.44
495,567878.25,591179.56
495,567878.25,585389.5
495,567878.25,589446.5
495,567878.25,582952.0
495,567878.25,590813.4
495,567878.25,585860.06
495,567878.25,579663.25
495,567878.25,582280.75
496,684415.75,632130.0
496,684415.75,628955.06
496,684415.75,634117.0
496,684415.75,628707.8
496,684415.75,633412.0
496,684415.75,641157.56
496,684415.75,638465.3
496,684415.75,628955.06
496,684415.75,636338.8
496,684415.75,628876.75
496,684415.75,633638.8
496,684415.75,636477.8
496,684415.75,635335.94
497,329896.22,327860.9
497,329896.22,331741.3
497,329896.22,334809.84
498,848049.3,819572.06
498,848049.3,829185.7
499,583740.06,633598.75
499,583740.06,604551.06
500,768274.25,732133.44
500,768274.25,764078.5
501,573121.75,527051.5
501,573121.75,526550.06
502,284432.06,259287.33
502,284432.06,259287.33
502,284432.06,263174.6
502,284432.06,256024.92
503,541933.6,563316.3
503,541933.6,570742.0
503,541933.6,555765.2
504,477728.72,417585.22
504,477728.72,412270.44
504,477728.72,417519.5
505,230833.75,275771.03
506,355020.53,447725.06
506,355020.53,440619.25
507,210043.77,269995.8
507,210043.77,274580.62
508,441258.44,486100.06
508,441258.44,503490.5
508,441258.44,490175.0
509,600155.56,764838.94
509,600155.56,758841.75
509,600155.56,771489.7
509,600155.56,761873.0
509,600155.56,764282.44
509,600155.56,753424.5
509,600155.56,766331.9
509,600155.56,764489.6
509,600155.56,755125.7
510,1.3055116e+06,1.3276219e+06
510,1.3055116e+06,1.355388e+06
510,1.3055116e+06,1.336137e+06
511,352282.44,356860.38
511,352282.44,355073.28
512,657823.06,633453.7
512,657823.06,643322.2
512,657823.06,633998.56
512,657823.06,639105.0
512,657823.06,631112.0
513,677207.6,720407.6
513,677207.6,722467.8
513,677207.6,719396.44
513,677207.6,712495.6
513,677207.6,722070.3
513,677207.6,709872.0
514,165415.55,272533.3
514,165415.55,274746.12
515,467832.25,426360.34
515,467832.25,416090.28
516,615486.4,628072.56
516,615486.4,643000.44
517,532880.44,465583.62
517,532880.44,468887.0
518,247745.03,311889.38
518,247745.03,311373.3
519,225020.11,245753.39
519,225020.11,243269.45
520,344050.78,355269.16
521,376499.53,289453.9
521,376499.53,288510.9
522,390585.97,371076.72
522,390585.97,377006.4
522,390585.97,378749.44
523,739559.44,742195.6
523,739559.44,738127.56
523,739559.44,739448.7
523,739559.44,744817.1
523,739559.44,745165.3
523,739559.44,738602.8
523,739559.44,762255.0
524,588854.3,665814.1
524,588854.3,667010.8
525,1.2349619e+06,1.2722899e+06
525,1.2349619e+06,1.2626546e+06
526,566051.2,613051.2
526,566051.2,614613.6
526,566051.2,621038.5
526,566051.2,625702.9
527,156890.98,177747.73
527,156890.98,186076.17
528,429737.28,381403.38
528,429737.28,376294.12
528,429737.28,384398.6
529,616271.94,728271.56
529,616271.94,717115.7
529,616271.94,716160.25
529,616271.94,713162.4
529,616271.94,719325.1
529,616271.94,721030.9
529,616271.94,713197.3
529,616271.94,706132.1
530,235577.7,219254.42
530,235577.7,221878.33
531,575725.94,564998.2
531,575725.94,576651.06
532,543547.7,614252.75
532,543547.7,615632.25
532,543547.7,605209.7
532,543547.7,605209.7
532,543547.7,594011.7
533,2.4349565e+06,2.560054e+06
533,2.4349565e+06,2.560602e+06
533,2.4349565e+06,2.564558e+06
533,2.4349565e+06,2.560054e+06
533,2.4349565e+06,2.5626575e+06
533,2.4349565e+06,2.5602255e+06
533,2.4349565e+06,2.564912e+06
533,2.4349565e+06,2.5623375e+06
533,2.4349565e+06,2.5606738e+06
533,2.4349565e+06,2.5601448e+06
533,2.4349565e+06,2.5647798e+06
533,2.4349565e+06,2.564536e+06
533,2.4349565e+06,2.5673438e+06
533,2.4349565e+06,2.5644728e+06
533,2.4349565e+06,2.5702658e+06
533,2.4349565e+06,2.5658522e+06
533,2.4349565e+06,2.5672678e+06
534,319272.38,285574.97
534,319272.38,283639.88
535,664498.44,630664.3
535,664498.44,625401.0
535,664498.44,631973.6
535,664498.44,623738.6
535,664498.44,625963.56
536,691504.75,691293.75
536,691504.75,714493.56
537,516162.16,563480.9
537,516162.16,566662.94
538,557099.9,519975.25
538,557099.9,506387.84
539,833601.44,851414.06
539,833601.44,852226.0
539,833601.44,851922.75
539,833601.44,849938.56
539,833601.44,846711.94
539,833601.44,846868.25
539,833601.44,846592.94
539,833601.44,855461.44
539,833601.44,847730.6
540,226825.06,302825.6
540,226825.06,311271.88
540,226825.06,301579.84
541,209629.39,238872.55
541,209629.39,243817.33
541,209629.39,238237.27
542,343277.44,285240.44
542,343277.44,289947.34
542,343277.44,290624.0
543,855777.0,839729.3
544,985984.2,952134.9
544,985984.2,949937.44
544,985984.2,959839.5
544,985984.2,960836.0
544,985984.2,960513.8
544,985984.2,968896.44
544,985984.2,972408.75
544,985984.2,965286.56
544,985984.2,960707.8
544,985984.2,960805.2
545,774805.4,694009.44
545,774805.4,707784.6
545,774805.4,669276.7
546,485018.56,533953.44
546,485018.56,532805.44
546,485018.56,536669.4
547,648077.94,709687.4
547,648077.94,735054.7
547,648077.94,713133.2
548,576753.56,538945.75
548,576753.56,554372.2
549,125322.8,167797.7
549,125322.8,172836.55
549,125322.8,171829.7
550,532631.4,572488.7
550,532631.4,550178.0
551,504331.8,555069.1
552,618419.56,659205.56
553,456929.56,469415.78
553,456929.56,456921.0
554,718006.3,699450.06
554,718006.3,689196.3
554,718006.3,699577.3
554,718006.3,700765.2
554,718006.3,675822.06
555,506454.53,581470.25
555,506454.53,581199.25
556,837493.94,774718.1
556,837493.94,764343.3
556,837493.94,773515.4
556,837493.94,771170.7
556,837493.94,781542.56
557,669526.2,719866.0
557,669526.2,714990.75
557,669526.2,710308.9
557,669526.2,714140.6
557,669526.2,714020.3
557,669526.2,705680.3
558,588613.75,670370.44
558,588613.75,677730.06
559,2.7338125e+06,2.6182638e+06
559,2.7338125e+06,2.6172742e+06
560,492967.34,461685.9
560,492967.34,463763.78
561,522366.34,453265.62
561,522366.34,454047.3
562,148008.58,176233.05
562,148008.58,179893.92
563,378665.1,361081.66
563,378665.1,363126.53
564,296201.84,278477.1
564,296201.84,277603.1
565,321984.94,277140.1
565,321984.94,286390.62
565,321984.94,285120.6
566,610886.2,535843.56
567,316472.97,308968.78
567,316472.97,312746.75
568,715172.0,752814.7
568,715172.0,746115.06
568,715172.0,746637.7
568,715172.0,745664.75
568,715172.0,750364.25
568,715172.0,749019.0
568,715172.0,777542.06
569,698158.1,735919.1
569,698158.1,733111.4
569,698158.1,731285.25
569,698158.1,726881.06
569,698158.1,729555.75
569,698158.1,717918.6
569,698158.1,712849.3
569,698158.1,711578.9
569,698158.1,729037.44
570,392946.9,482962.38
570,392946.9,479966.4
570,392946.9,486430.56
570,392946.9,492518.78
571,430551.8,532913.4
571,430551.8,521628.5
572,2.3736808e+06,2.5830492e+06
572,2.3736808e+06,2.5833612e+06
573,558329.9,620654.5
573,558329.9,597254.4
574,2.2524812e+06,2.5480532e+06
574,2.2524812e+06,2.5489082e+06
575,274635.34,249563.61
575,274635.34,257995.86
576,394103.34,473268.2
576,394103.34,470969.12
577,470862.38,529983.4
577,470862.38,526687.56
577,470862.38,535667.6
577,470862.38,536625.4
577,470862.38,529943.25
578,472785.53,433448.2
578,472785.53,430408.8
579,608613.0,638699.2
579,608613.0,619997.94
580,729280.8,668386.75
580,729280.8,678013.2
580,729280.8,673391.4
580,729280.8,674880.6
580,729280.8,673895.1
580,729280.8,706920.5
581,331414.97,301551.28
581,331414.97,300935.66
582,388726.38,376468.66
582,388726.38,379935.66
582,388726.38,376662.38
582,388726.38,388009.75
582,388726.38,380608.78
583,908666.94,756217.25
584,518160.8,655393.4
584,518160.8,611921.7
585,534543.6,527978.06
585,534543.6,558493.1
586,835622.75,700835.44
586,835622.75,701667.8
587,245977.72,328855.56
587,245977.72,328574.16
588,369525.12,451963.56
588,369525.12,458750.34
589,289418.22,260039.48
589,289418.22,260661.36
590,552498.56,562062.75
590,552498.56,567601.25
590,552498.56,555684.1
591,649980.3,703026.25
591,649980.3,725052.5
591,649980.3,700790.2
591,649980.3,717752.06
591,649980.3,726275.25
591,649980.3,720849.06
591,649980.3,713045.25
591,649980.3,715658.56
592,567006.8,607837.0
593,659497.75,610742.6
593,659497.75,609212.75
593,659497.75,601067.4
593,659497.75,625245.2
594,894039.5,908285.1
594,894039.5,908784.94
594,894039.5,913249.4
595,496641.47,451374.47
595,496641.47,433361.34
596,621800.56,644530.5
597,285984.6,259395.08
597,285984.6,263793.28
597,285984.6,265209.56
597,285984.6,264064.97
598,617157.1,566337.2
598,617157.1,565714.5
598,617157.1,545028.75
599,511919.56,571462.56
599,511919.56,569609.56
599,511919.56,568051.56
600,385291.97,371672.62
600,385291.97,371955.97
600,385291.97,389007.56
600,385291.97,379122.3
601,353320.78,286624.78
601,353320.78,294701.53
601,353320.78,291280.66
602,355154.5,441499.16
602,355154.5,453544.75
603,666441.3,629441.44
603,666441.3,622843.3
603,666441.3,630673.5
603,666441.3,635655.25
603,666441.3,634068.7
603,666441.3,628426.94
604,387306.84,456314.28
604,387306.84,460492.4
604,387306.84,461432.3
604,387306.84,466403.44
604,387306.84,460070.72
604,387306.84,472318.2
605,247116.23,247735.05
605,247116.23,239589.64
606,638227.4,539112.6
606,638227.4,536025.44
606,638227.4,537901.5
606,638227.4,535882.4
607,737229.3,690126.75
607,737229.3,682157.44
607,737229.3,683955.6
607,737229.3,684602.3
607,737229.3,674053.75
607,737229.3,681737.1
607,737229.3,676989.0
608,461867.8,416740.88
608,461867.8,420485.88
608,461867.8,426770.72
608,461867.8,426415.44
608,461867.8,420791.53
608,461867.8,420766.4
608,461867.8,432134.3
608,461867.8,425900.4
608,461867.8,448254.03
609,344745.8,346368.3
609,344745.8,358447.34
610,276685.9,326369.0
610,276685.9,336225.34
611,540766.3,491016.8
611,540766.3,489996.4
611,540766.3,487367.97
611,540766.3,507144.44
611,540766.3,497058.84
612,503166.5,544611.5
612,503166.5,538911.94
612,503166.5,539420.4
612,503166.5,539557.44
613,568899.7,551992.6
613,568899.7,537698.5
613,568899.7,552511.44
613,568899.7,541887.25
614,1.1544114e+06,1.2051902e+06
614,1.1544114e+06,1.2130709e+06
615,814787.8,711222.2
615,814787.8,725085.9
615,814787.8,694719.56
616,1.3120596e+06,1.248955e+06
616,1.3120596e+06,1.2100438e+06
617,538823.75,568715.3
617,538823.75,572161.25
618,748740.2,764454.44
618,748740.2,774186.2
618,748740.2,778168.0
618,748740.2,773946.25
618,748740.2,778721.44
618,748740.2,773478.0
618,748740.2,774336.75
619,255627.05,254155.92
619,255627.05,252090.86
619,255627.05,255487.55
620,547376.3,690725.3
620,547376.3,674981.1
621,2.5224932e+06,2.582904e+06
621,2.5224932e+06,2.5777448e+06
622,452805.1,516745.22
622,452805.1,514285.53
623,641998.7,662851.6
623,641998.7,676693.6
624,1.246396e+06,1.2405338e+06
624,1.246396e+06,1.2249338e+06
625,828385.0,673084.6
625,828385.0,704698.56
626,453774.72,411419.75
626,453774.72,395861.12
627,540910.9,643329.5
627,540910.9,641689.7
627,540910.9,634597.4
627,540910.9,634829.6
627,540910.9,643378.1
627,540910.9,642591.94
627,540910.9,632800.2
627,540910.9,608924.9
628,257576.64,250157.98
628,257576.64,240193.64
629,1.3742689e+06,1.3741346e+06
629,1.3742689e+06,1.353726e+06
629,1.3742689e+06,1.3520696e+06
629,1.3742689e+06,1.3607726e+06
629,1.3742689e+06,1.3539854e+06
629,1.3742689e+06,1.363241e+06
629,1.3742689e+06,1.3538078e+06
629,1.3742689e+06,1.3539162e+06
629,1.3742689e+06,1.3537846e+06
629,1.3742689e+06,1.3541474e+06
629,1.3742689e+06,1.3607156e+06
629,1.3742689e+06,1.3531005e+06
629,1.3742689e+06,1.3625264e+06
629,1.3742689e+06,1.3528909e+06
629,1.3742689e+06,1.3549094e+06
630,200491.77,288413.12
630,200491.77,295434.7
631,475326.34,457621.03
631,475326.34,457035.22
631,475326.34,455830.88
632,354872.94,291401.75
632,354872.94,291429.97
632,354872.94,301089.28
632,354872.94,295581.56
633,660503.8,626460.5
633,660503.8,638144.44
634,296130.12,257641.42
634,296130.12,260650.2
635,365894.66,332699.1
635,365894.66,340742.8
636,207855.72,241131.14
636,207855.72,244729.83
636,207855.72,240318.45
637,512711.8,506311.28
637,512711.8,512302.2
638,462124.47,453618.25
638,462124.47,450843.5
639,690934.5,643580.4
639,690934.5,635667.4
640,719499.94,732292.94
640,719499.94,739280.06
640,719499.94,739598.25
640,719499.94,730826.75
640,719499.94,731027.06
640,719499.94,738446.9
640,719499.94,718024.0
640,719499.94,725537.6
640,719499.94,721245.8
640,719499.94,742403.94
641,557398.44,573147.4
641,557398.44,566157.44
641,557398.44,590046.6
641,557398.44,572527.94
642,649179.2,621996.56
642,649179.2,610961.44
642,649179.2,613939.44
642,649179.2,611655.8
643,547197.9,541373.06
643,547197.9,541503.75
643,547197.9,527999.75
644,212774.08,236593.45
644,212774.08,237983.36
645,539837.44,537964.4
645,539837.44,555764.75
646,500684.0,548920.44
646,500684.0,520350.16
647,787898.3,764586.6
647,787898.3,766800.1
647,787898.3,764510.6
647,787898.3,768516.7
647,787898.3,763586.5
647,787898.3,759880.5
647,787898.3,774544.94
648,985254.06,965700.7
648,985254.06,938785.75
649,206953.69,201716.36
649,206953.69,206032.52
650,651160.94,764489.4
650,651160.94,764627.25
650,651160.94,769565.0
650,651160.94,769837.2
650,651160.94,773026.44
650,651160.94,763195.56
650,651160.94,767331.75
650,651160.94,763469.8
650,651160.94,763059.56
651,439856.34,541757.56
651,439856.34,544771.3
651,439856.34,524384.06
652,371655.28,439992.25
652,371655.28,442279.72
652,371655.28,446788.97
652,371655.28,448162.06
653,2.3778605e+06,2.5530332e+06
653,2.3778605e+06,2.5545962e+06
654,558334.3,542750.4
654,558334.3,542251.3
655,551506.0,703254.1
655,551506.0,696795.75
655,551506.0,675664.44
656,576107.1,702453.1
656,576107.1,725539.7
657,697054.1,730292.7
657,697054.1,733516.2
657,697054.1,724320.3
657,697054.1,726669.8
657,697054.1,726236.4
657,697054.1,727566.6
657,697054.1,726124.56
657,697054.1,710779.6
658,890616.7,700157.6
658,890616.7,714176.4
659,591477.4,587406.75
659,591477.4,597028.3
659,591477.4,606661.9
660,547462.8,599799.0
660,547462.8,598988.06
660,547462.8,598482.3
660,547462.8,605974.56
660,547462.8,604708.9
661,376596.88,377020.97
661,376596.88,375497.9
661,376596.88,376667.75
661,376596.88,381766.8
661,376596.88,376753.34
662,368324.03,453603.34
662,368324.03,448939.0
663,309723.97,270892.06
663,309723.97,272546.94
664,635732.5,605065.44
664,635732.5,606628.94
664,635732.5,599881.75
664,635732.5,605776.8
664,635732.5,602029.4
664,635732.5,597499.0
664,635732.5,603326.9
664,635732.5,603762.7
664,635732.5,609357.8
665,233837.39,230802.05
665,233837.39,234394.58
666,738635.3,720353.5
666,738635.3,721645.94
667,586668.9,626896.44
667,586668.9,619405.94
667,586668.9,635950.5
667,586668.9,629685.8
667,586668.9,636181.44
667,586668.9,658684.2
668,638655.4,703075.1
668,638655.4,712099.0
669,881709.44,772743.1
669,881709.44,757404.4
669,881709.44,762338.8
669,881709.44,765182.6
669,881709.44,754866.1
669,881709.44,759048.2
669,881709.44,767387.7
669,881709.44,766362.94
669,881709.44,768442.06
669,881709.44,765003.2
670,582596.5,504801.7
670,582596.5,504270.9
670,582596.5,520332.03
670,582596.5,520935.7
671,312736.94,291962.28
672,968366.5,948628.75
672,968366.5,909085.56
673,293556.78,270396.1
673,293556.78,275305.28
674,1.296268e+06,1.2152292e+06
674,1.296268e+06,1.2129091e+06
674,1.296268e+06,1.2120962e+06
674,1.296268e+06,1.2080924e+06
674,1.296268e+06,1.2093985e+06
674,1.296268e+06,1.2128856e+06
674,1.296268e+06,1.2080014e+06
674,1.296268e+06,1.219829e+06
674,1.296268e+06,1.2193515e+06
674,1.296268e+06,1.2144459e+06
674,1.296268e+06,1.2205509e+06
674,1.296268e+06,1.2091272e+06
674,1.296268e+06,1.1939966e+06
675,544885.56,536656.5
675,544885.56,551827.9
676,403113.4,478973.97
676,403113.4,484041.8
677,634562.8,672545.4
677,634562.8,693689.06
677,634562.8,680638.9
678,664538.7,686211.06
678,664538.7,688835.4
679,621263.25,586400.2
679,621263.25,590910.56
680,685863.94,639690.8
680,685863.94,636907.94
680,685863.94,641652.44
680,685863.94,646948.94
681,599358.56,592982.44
681,599358.56,600782.0
681,599358.56,599779.6
681,599358.56,609686.1
682,436456.47,504763.66
682,436456.47,492885.6
682,436456.47,497600.1
682,436456.47,503188.22
683,729463.75,706893.7
683,729463.75,711691.06
684,773456.1,772532.75
684,773456.1,763889.56
684,773456.1,769224.4
684,773456.1,773167.25
684,773456.1,766793.4
684,773456.1,768590.06
684,773456.1,780068.7
684,773456.1,768235.94
684,773456.1,771552.8
684,773456.1,795010.5
685,627465.5,665001.25
685,627465.5,668308.75
685,627465.5,661231.2
685,627465.5,666022.4
685,627465.5,682664.2
686,269902.97,254995.3
686,269902.97,253387.11
686,269902.97,255408.92
687,785287.06,750774.56
687,785287.06,753291.2
688,380800.6,304120.88
688,380800.6,307842.25
689,294535.06,260769.58
689,294535.06,267564.94
689,294535.06,263526.3
690,1.2037811e+06,1.1452946e+06
690,1.2037811e+06,1.1387638e+06
690,1.2037811e+06,1.1422906e+06
690,1.2037811e+06,1.1418541e+06
690,1.2037811e+06,1.1431122e+06
690,1.2037811e+06,1.1393932e+06
690,1.2037811e+06,1.1418541e+06
690,1.2037811e+06,1.156306e+06
690,1.2037811e+06,1.1508376e+06
690,1.2037811e+06,1.1486456e+06
690,1.2037811e+06,1.1296701e+06
691,237974.19,317480.2
691,237974.19,317128.66
691,237974.19,319797.53
691,237974.19,321520.2
692,442767.53,418676.34
692,442767.53,411957.53
693,347176.62,370852.12
693,347176.62,370852.12
693,347176.62,377122.5
693,347176.62,368136.38
694,266219.12,260059.23
694,266219.12,257521.05
695,570166.2,545320.9
695,570166.2,564883.94
695,570166.2,539547.44
696,567465.9,599986.06
696,567465.9,582119.3
697,557486.94,582007.5
697,557486.94,601456.1
697,557486.94,584424.3
698,609427.5,629288.4
698,609427.5,616103.1
699,541992.3,600833.94
699,541992.3,598678.0
699,541992.3,601334.8
699,541992.3,599232.3
699,541992.3,589379.9
700,580085.7,537695.56
700,580085.7,522323.8
701,533006.6,485948.84
701,533006.6,472702.28
702,1.1668369e+06,1.1038889e+06
702,1.1668369e+06,1.1261416e+06
703,576813.94,624827.0
703,576813.94,633833.75
704,787318.6,791560.2
704,787318.6,777354.94
705,333895.75,284749.56
705,333895.75,291256.8
705,333895.75,288070.28
706,733191.75,733948.9
706,733191.75,731786.0
706,733191.75,736958.8
706,733191.75,733536.8
706,733191.75,737961.44
706,733191.75,736031.1
706,733191.75,732594.1
706,733191.75,741710.06
706,733191.75,737018.1
706,733191.75,732506.75
706,733191.75,734126.8
707,292854.56,310291.0
707,292854.56,321042.78
707,292854.56,313527.34
708,750407.75,754785.06
708,750407.75,751990.2
708,750407.75,748455.44
708,750407.75,755141.5
708,750407.75,752791.4
708,750407.75,755689.6
708,750407.75,743566.9
708,750407.75,754771.56
708,750407.75,743191.44
708,750407.75,755962.0
709,395992.56,485856.03
709,395992.56,486610.03
709,395992.56,490767.2
710,411829.75,419533.3
711,574778.5,667755.1
711,574778.5,674596.4
712,441514.44,517251.72
712,441514.44,536167.8
713,771801.25,778695.25
713,771801.25,801917.6
714,404992.06,436657.84
714,404992.06,434557.97
714,404992.06,443321.4
715,1.1761204e+06,1.2121281e+06
715,1.1761204e+06,1.2134584e+06
715,1.1761204e+06,1.2132951e+06
715,1.1761204e+06,1.2120254e+06
715,1.1761204e+06,1.2130858e+06
715,1.1761204e+06,1.2132951e+06
715,1.1761204e+06,1.2115991e+06
715,1.1761204e+06,1.1903274e+06
716,419722.5,473263.84
716,419722.5,487508.25
716,419722.5,471046.0
717,391651.1,409897.34
717,391651.1,410638.28
717,391651.1,402360.56
718,505148.16,453128.38
718,505148.16,462246.47
719,559200.2,564977.7
719,559200.2,560791.2
719,559200.2,559780.9
719,559200.2,571690.0
720,530159.9,606769.06
720,530159.9,626015.9
720,530159.9,593395.4
721,506463.7,495680.5
721,506463.7,493087.03
721,506463.7,506002.12
721,506463.7,510494.53
722,358188.22,348684.97
722,358188.22,354627.5
723,616214.2,741195.06
723,616214.2,718815.2
724,277515.88,333616.28
724,277515.88,335920.78
724,277515.88,345648.8
724,277515.88,342506.94
725,629337.9,699805.94
725,629337.9,689997.25
725,629337.9,689241.56
725,629337.9,697885.3
725,629337.9,704983.7
725,629337.9,701638.5
725,629337.9,703431.75
725,629337.9,663698.56
726,635753.8,613444.75
726,635753.8,595531.2
727,543350.6,543167.44
727,543350.6,526027.1
728,305415.25,268936.44
728,305415.25,278980.5
728,305415.25,274089.94
729,613543.06,649586.0
729,613543.06,654586.25
729,613543.06,616325.25
730,444883.06,404898.34
730,444883.06,409478.84
731,602520.8,715546.2
731,602520.8,716633.06
732,370381.78,310543.4
733,458931.53,512256.47
733,458931.53,550538.06
734,586718.44,618851.94
734,586718.44,632704.3
735,784111.5,693149.44
735,784111.5,688907.8
735,784111.5,688199.1
735,784111.5,688221.6
735,784111.5,690973.3
736,579456.75,533361.4
736,579456.75,526547.1
737,605333.2,619948.9
737,605333.2,613079.6
737,605333.2,615686.6
737,605333.2,615022.5
737,605333.2,615343.2
737,605333.2,616988.4
737,605333.2,614359.44
737,605333.2,618305.44
737,605333.2,614962.8
737,605333.2,612352.94
737,605333.2,611680.2
737,605333.2,614450.2
737,605333.2,599782.5
738,547528.06,551470.44
738,547528.06,530699.2
739,551170.5,602211.2
739,551170.5,594740.4
739,551170.5,603172.6
739,551170.5,603824.94
739,551170.5,601901.06
739,551170.5,600489.9
739,551170.5,604415.56
739,551170.5,584252.94
740,583666.5,643741.6
740,583666.5,630428.5
740,583666.5,641244.94
740,583666.5,645669.7
740,583666.5,652339.6
740,583666.5,662756.44
741,565248.6,544260.2
741,565248.6,535498.06
741,565248.6,531623.6
741,565248.6,532500.56
742,820271.56,674721.9
742,820271.56,657230.56
743,631400.9,642505.6
743,631400.9,649726.2
744,241514.77,245295.55
744,241514.77,246433.92
745,525365.25,428213.88
745,525365.25,422662.2
746,249986.58,317125.06
746,249986.58,315801.4
746,249986.58,314062.62
747,321503.3,284837.25
747,321503.3,291152.6
747,321503.3,285631.56
748,454859.03,389553.16
748,454859.03,381348.12
749,889886.1,673394.25
749,889886.1,649878.1
750,619324.94,543515.56
750,619324.94,541783.44
750,619324.94,530444.75
750,619324.94,536135.8
751,339321.34,304840.2
751,339321.34,303704.56
751,339321.34,312667.53
751,339321.34,306365.56
752,805268.4,751041.0
753,141603.03,180116.17
753,141603.03,168927.95
754,894056.8,912358.56
754,894056.8,916494.75
754,894056.8,915124.0
754,894056.8,907709.06
754,894056.8,915101.8
754,894056.8,921227.56
754,894056.8,920186.94
754,894056.8,920641.94
754,894056.8,912437.2
755,604522.94,594168.7
755,604522.94,603709.6
755,604522.94,585611.8
756,711210.8,736118.9
756,711210.8,735298.6
756,711210.8,729030.56
756,711210.8,733595.9
756,711210.8,736001.94
756,711210.8,752577.6
757,490330.62,441841.72
757,490330.62,443368.4
757,490330.62,461663.72
757,490330.62,450440.03
758,599362.0,614130.06
759,541433.5,491010.12
759,541433.5,474853.53
760,773656.75,739190.9
760,773656.75,731938.1
760,773656.75,734914.9
760,773656.75,732627.56
760,773656.75,733988.3
760,773656.75,735850.2
760,773656.75,718831.1
761,661868.9,643465.44
761,661868.9,669600.06
762,628048.75,577809.8
762,628048.75,594895.1
763,370932.44,389780.9
763,370932.44,397089.72
764,987751.6,1.0226952e+06
764,987751.6,1.02710225e+06
765,1.1322842e+06,1.1460366e+06
765,1.1322842e+06,1.1735062e+06
766,736136.7,702893.4
767,923719.6,922001.94
767,923719.6,932294.4
767,923719.6,932476.6
767,923719.6,933690.75
767,923719.6,920559.56
767,923719.6,933587.2
767,923719.6,941086.0
767,923719.6,939017.2
768,348286.25,440849.4
768,348286.25,448982.03
769,209742.48,285686.03
769,209742.48,278431.56
770,225078.6,296984.22
770,225078.6,285940.3
771,420221.56,388844.16
771,420221.56,382289.1
772,175348.25,274642.78
772,175348.25,281828.78
773,660262.9,704087.44
773,660262.9,706322.25
774,520011.2,534389.8
774,520011.2,512032.72
775,956437.7,988745.06
775,956437.7,1.0204693e+06
776,532028.75,472535.72
776,532028.75,483255.47
776,532028.75,484119.75
777,252719.23,249742.73
777,252719.23,251499.27
778,759212.94,747787.9
779,565509.1,577142.06
779,565509.1,582330.44
779,565509.1,569664.1
779,565509.1,562187.3
779,565509.1,565391.75
780,686274.7,618286.5
780,686274.7,594022.0
781,604246.9,523467.5
781,604246.9,534389.0
782,791473.2,753109.06
783,267010.16,253240.73
783,267010.16,261392.3
784,450993.38,380477.5
785,933474.25,942726.8
785,933474.25,956210.75
785,933474.25,965251.2
785,933474.25,954555.6
785,933474.25,953973.4
785,933474.25,960322.94
785,933474.25,958430.75
785,933474.25,964625.75
785,933474.25,948754.2
786,158393.5,227457.3
786,158393.5,234941.55
787,195639.2,235092.52
787,195639.2,234032.58
787,195639.2,238225.33
788,330082.1,272552.8
789,914002.75,928474.44
789,914002.75,929419.06
789,914002.75,922679.7
789,914002.75,922084.44
789,914002.75,923401.75
789,914002.75,923956.4
789,914002.75,929645.8
790,2.5000832e+06,2.5978848e+06
790,2.5000832e+06,2.6019682e+06
790,2.5000832e+06,2.5879278e+06
791,514722.8,543554.8
791,514722.8,538883.5
791,514722.8,536078.0
791,514722.8,539271.25
791,514722.8,540990.8
791,514722.8,548934.56
792,562907.0,558583.0
792,562907.0,565392.5
793,234729.31,252424.73
793,234729.31,253086.52
794,1.3959135e+06,1.3562021e+06
794,1.3959135e+06,1.3557342e+06
794,1.3959135e+06,1.3555865e+06
794,1.3959135e+06,1.355787e+06
794,1.3959135e+06,1.3566771e+06
794,1.3959135e+06,1.3635292e+06
794,1.3959135e+06,1.3634349e+06
794,1.3959135e+06,1.3568728e+06
794,1.3959135e+06,1.3679369e+06
794,1.3959135e+06,1.354609e+06
794,1.3959135e+06,1.3594368e+06
794,1.3959135e+06,1.3566068e+06
794,1.3959135e+06,1.355513e+06
794,1.3959135e+06,1.3552882e+06
794,1.3959135e+06,1.355513e+06
794,1.3959135e+06,1.3550645e+06
794,1.3959135e+06,1.3594368e+06
794,1.3959135e+06,1.3518188e+06
794,1.3959135e+06,1.3718755e+06
795,962078.25,917764.25
795,962078.25,904884.44
795,962078.25,888360.7
796,557558.5,548834.4
796,557558.5,558734.06
796,557558.5,541198.25
797,678449.9,626494.8
797,678449.9,626690.25
797,678449.9,622725.0
797,678449.9,619750.75
798,618915.94,516611.22
799,335562.28,289927.5
800,584622.4,638165.94
800,584622.4,634683.6
801,828266.44,769932.4
801,828266.44,770954.06
801,828266.44,763126.7
801,828266.44,769855.7
801,828266.44,768959.75
801,828266.44,770238.6
801,828266.44,774212.8
801,828266.44,771814.8
801,828266.44,769866.0
801,828266.44,782676.9
802,592105.9,690332.1
802,592105.9,663252.6
803,259703.27,253259.73
803,259703.27,251991.67
804,627391.9,661483.9
804,627391.9,665464.6
804,627391.9,660182.44
804,627391.9,651943.94
805,1.00446294e+06,952729.2
805,1.00446294e+06,952013.44
805,1.00446294e+06,945274.8
805,1.00446294e+06,956465.4
805,1.00446294e+06,947595.2
805,1.00446294e+06,940261.4
806,508851.1,458573.9
807,549265.44,591459.06
807,549265.44,593773.1
807,549265.44,600237.5
807,549265.44,581161.9
808,456080.1,482917.16
808,456080.1,503802.8
808,456080.1,480691.84
809,812843.75,718514.7
809,812843.75,718447.56
809,812843.75,713604.5
809,812843.75,713667.7
809,812843.75,717505.0
809,812843.75,717576.0
809,812843.75,704279.1
810,375924.06,373668.03
810,375924.06,354859.66
811,613315.5,757507.25
811,613315.5,745981.4
811,613315.5,757083.06
811,613315.5,746993.8
811,613315.5,754138.0
811,613315.5,755126.7
811,613315.5,775089.25
812,848730.7,826405.0
812,848730.7,837924.5
813,556649.7,486312.34
814,442748.9,403905.22
814,442748.9,410177.16
815,481755.88,501508.53
816,692674.06,622835.3
816,692674.06,635632.56
817,693743.25,673624.5
817,693743.25,661303.56
817,693743.25,666805.75
817,693743.25,679999.2
817,693743.25,672510.5
817,693743.25,660482.06
818,555148.75,615118.7
818,555148.75,579518.56
819,395465.03,387205.47
819,395465.03,388347.75
819,395465.03,391495.06
820,593026.2,662287.7
820,593026.2,664931.5
820,593026.2,667562.4
820,593026.2,646893.9
821,349483.97,348667.72
821,349483.97,341852.47
822,451516.28,416027.44
823,702887.25,755569.94
824,327227.0,332962.72
824,327227.0,337454.72
824,327227.0,314115.75
825,467821.12,421329.72
825,467821.12,428640.66
825,467821.12,430863.16
826,886354.4,762564.0
826,886354.4,762868.2
826,886354.4,763654.94
826,886354.4,760938.06
826,886354.4,766538.2
826,886354.4,751396.44
826,886354.4,760740.7
826,886354.4,758566.9
826,886354.4,767062.75
827,653163.7,647884.44
827,653163.7,664978.44
828,313990.8,317219.44
828,313990.8,308455.5
829,736560.1,742263.1
829,736560.1,740976.4
829,736560.1,753919.3
829,736560.1,751055.25
829,736560.1,750204.8
829,736560.1,739832.8
829,736560.1,753601.0
830,527407.6,573977.0
830,527407.6,582918.06
831,862875.25,737318.2
831,862875.25,710071.56
832,592512.56,653024.7
832,592512.56,650749.3
833,320303.94,267308.03
833,320303.94,270170.72
833,320303.94,272875.44
833,320303.94,272255.3
834,567508.06,627104.44
834,567508.06,625790.06
835,239647.75,324369.6
835,239647.75,327547.22
836,271007.03,238754.42
836,271007.03,237519.36
837,738397.8,722055.2
837,738397.8,733298.9
837,738397.8,730487.3
837,738397.8,730863.7
837,738397.8,725011.25
837,738397.8,731369.1
837,738397.8,715954.1
838,238039.38,247005.52
838,238039.38,245212.39
839,604182.25,546341.3
839,604182.25,534445.1
840,242166.02,247630.02
840,242166.02,243213.02
841,605233.25,570037.5
841,605233.25,564162.1
841,605233.25,566359.6
841,605233.25,574388.4
841,605233.25,568099.44
841,605233.25,582076.4
842,425742.53,482184.5
842,425742.53,479442.34
842,425742.53,485600.03
842,425742.53,485593.88
842,425742.53,479976.9
842,425742.53,482139.9
843,339696.4,357930.7
843,339696.4,370896.28
843,339696.4,363603.78
844,748424.8,753002.3
844,748424.8,756482.75
844,748424.8,753130.25
844,748424.8,764774.4
844,748424.8,756633.94
844,748424.8,765990.06
844,748424.8,761400.7
845,283484.22,269820.88
845,283484.22,277182.6
845,283484.22,270774.8
846,1.0038264e+06,1.071773e+06
847,540642.25,531125.2
847,540642.25,526530.1
847,540642.25,521793.78
847,540642.25,536921.9
847,540642.25,544200.25
848,713181.25,731977.4
848,713181.25,732821.8
848,713181.25,732065.06
848,713181.25,733418.56
848,713181.25,730827.1
848,713181.25,725759.1
848,713181.25,719053.25
848,713181.25,726829.9
848,713181.25,737737.6
849,750190.44,738849.75
849,750190.44,742799.4
849,750190.44,737027.9
849,750190.44,747974.7
849,750190.44,733408.7
849,750190.44,739990.7
849,750190.44,756871.9
850,465984.28,502679.66
850,465984.28,521966.88
851,816947.56,707563.1
851,816947.56,711080.75
851,816947.56,705891.1
851,816947.56,709379.0
851,816947.56,710398.1
851,816947.56,705275.5
851,816947.56,717698.44
851,816947.56,714009.9
851,816947.56,717195.0
851,816947.56,698442.56
852,733163.94,744334.1
852,733163.94,745578.06
852,733163.94,748859.75
852,733163.94,745318.94
852,733163.94,743341.06
852,733163.94,744978.06
852,733163.94,746768.5
852,733163.94,747423.4
852,733163.94,751218.9
852,733163.94,757190.8
853,298514.38,323438.62
854,523805.47,536289.75
854,523805.47,540753.6
854,523805.47,540855.3
854,523805.47,541209.06
855,392380.53,346679.2
855,392380.53,344090.16
855,392380.53,356645.3
856,657399.44,677075.7
856,657399.44,666378.25
857,607172.0,701543.94
857,607172.0,705477.6
857,607172.0,701885.75
857,607172.0,699020.7
857,607172.0,696757.0
857,607172.0,701536.7
857,607172.0,707946.4
858,450621.25,425176.22
858,450621.25,430421.97
858,450621.25,425450.5
859,738420.94,655384.6
859,738420.94,669026.44
859,738420.94,650050.94
860,639918.7,611601.9
860,639918.7,601480.3
860,639918.7,598840.06
860,639918.7,581738.25
861,363639.16,300023.75
861,363639.16,300113.78
861,363639.16,305937.03
862,177170.8,283816.38
862,177170.8,283832.03
862,177170.8,296486.34
863,466156.53,416512.06
863,466156.53,417814.97
863,466156.53,429802.34
864,298104.3,297448.7
864,298104.3,297660.72
865,646761.8,680561.8
865,646761.8,674006.1
866,560728.1,487251.75
866,560728.1,496731.53
866,560728.1,500381.7
866,560728.1,504941.03
867,628362.0,664921.9
867,628362.0,653542.8
868,403766.75,406786.44
868,403766.75,403653.5
868,403766.75,414919.56
868,403766.75,414730.62
868,403766.75,408569.6
868,403766.75,408295.78
868,403766.75,414815.8
868,403766.75,412765.44
869,316566.72,391613.75
869,316566.72,399506.84
870,544990.1,588495.75
870,544990.1,563695.7
871,341086.72,319288.7
871,341086.72,319327.53
872,1.0957008e+06,1.1177186e+06
872,1.0957008e+06,1.1534134e+06
873,729777.2,756997.8
873,729777.2,760890.6
873,729777.2,755543.75
873,729777.2,762636.44
873,729777.2,756281.75
873,729777.2,776720.44
874,297384.8,342433.7
874,297384.8,334617.4
874,297384.8,350472.3
875,566918.5,557454.6
875,566918.5,560625.94
875,566918.5,542933.8
876,937453.5,749723.6
876,937453.5,742423.5
876,937453.5,750478.0
876,937453.5,750218.6
876,937453.5,753893.8
876,937453.5,756825.6
876,937453.5,768589.6
877,474308.97,388121.44
877,474308.97,388939.9
878,275571.25,254534.42
878,275571.25,256379.14
878,275571.25,255921.61
879,666929.9,635318.4
879,666929.9,657625.25
880,388199.03,466884.72
880,388199.03,472824.94
880,388199.03,477543.72
880,388199.03,478252.7
881,395494.3,423735.16
881,395494.3,426594.0
881,395494.3,424112.66
881,395494.3,418295.72
882,934530.94,746163.7
882,934530.94,743105.7
882,934530.94,746602.56
882,934530.94,751019.94
882,934530.94,743211.75
882,934530.94,749768.0
883,577680.6,617442.9
884,585571.06,802160.06
885,372724.62,399768.5
885,372724.62,386536.16
885,372724.62,396306.62
885,372724.62,386295.72
885,372724.62,392134.25
885,372724.62,391538.62
885,372724.62,408640.72
886,397515.2,327679.75
886,397515.2,325267.25
887,524059.22,547177.1
887,524059.22,547700.4
887,524059.22,550683.2
887,524059.22,533165.1
887,524059.22,546972.8
888,797790.25,733950.56
888,797790.25,750954.6
889,131005.914,167235.64
889,131005.914,168440.23
890,715738.1,739862.25
890,715738.1,745981.25
890,715738.1,740446.25
890,715738.1,747411.7
890,715738.1,750080.4
890,715738.1,749421.75
890,715738.1,750143.75
890,715738.1,755381.4
891,2.475614e+06,2.6001208e+06
891,2.475614e+06,2.6020418e+06
892,430103.25,489117.62
892,430103.25,493675.97
892,430103.25,487853.0
892,430103.25,487031.16
892,430103.25,495917.94
893,364877.44,325459.75
893,364877.44,324660.38
893,364877.44,336166.3
893,364877.44,327042.62
894,613942.4,647684.25
894,613942.4,646017.25
894,613942.4,645722.44
894,613942.4,652286.2
894,613942.4,655934.8
894,613942.4,657637.56
894,613942.4,642680.94
895,760700.1,741883.94
895,760700.1,752249.1
896,523535.8,623770.25
896,523535.8,634199.56
897,608372.3,592516.5
897,608372.3,596301.56
897,608372.3,584585.06
897,608372.3,591449.25
897,608372.3,593564.9
897,608372.3,595315.44
897,608372.3,589246.4
898,494817.88,513116.88
898,494817.88,520888.62
898,494817.88,514949.03
898,494817.88,515556.9
899,176303.53,258196.52
899,176303.53,265715.03
899,176303.53,268067.9
900,274416.06,243872.64
900,274416.06,250753.67
900,274416.06,252199.05
901,768150.3,738404.5
901,768150.3,740775.1
901,768150.3,738044.56
901,768150.3,731694.9
901,768150.3,732015.2
901,768150.3,739714.5
901,768150.3,747144.1
902,540662.6,610913.8
903,463267.7,520236.28
903,463267.7,529058.4
904,851516.7,854107.06
904,851516.7,850872.0
904,851516.7,851375.8
904,851516.7,849400.25
904,851516.7,851457.2
904,851516.7,851946.56
904,851516.7,845429.56
904,851516.7,849461.06
904,851516.7,854574.44
904,851516.7,849089.5
905,557083.2,490546.1
905,557083.2,498939.0
906,516821.2,459352.22
906,516821.2,457294.25
906,516821.2,475054.6
906,516821.2,460841.78
907,696767.8,732803.4
907,696767.8,738968.5
907,696767.8,734338.5
907,696767.8,736927.6
907,696767.8,733692.6
907,696767.8,733234.06
907,696767.8,731229.0
907,696767.8,729574.25
907,696767.8,730144.44
907,696767.8,719003.1
908,421660.4,403560.03
908,421660.4,404448.2
909,597162.1,469558.84
909,597162.1,474427.4
909,597162.1,465374.03
909,597162.1,469576.28
910,501194.2,450553.53
910,501194.2,436909.28
911,542291.1,538060.94
911,542291.1,542136.25
911,542291.1,546395.1
912,398346.44,371116.62
912,398346.44,373599.62
912,398346.44,368200.7
913,286365.16,226927.55
913,286365.16,237523.42
914,807775.25,823344.25
914,807775.25,827614.75
915,605500.9,664450.1
915,605500.9,681711.0
915,605500.9,658329.5
916,959902.5,943184.6
916,959902.5,948262.4
916,959902.5,950233.75
916,959902.5,947300.56
916,959902.5,943259.6
916,959902.5,942137.7
916,959902.5,948027.9
916,959902.5,941814.6
917,329184.8,270839.84
917,329184.8,265932.25
918,308614.25,257488.39
918,308614.25,264726.9
918,308614.25,265804.3
919,549348.94,538584.56
919,549348.94,568481.3
920,584583.2,559969.44
920,584583.2,577207.94
921,2.667307e+06,2.5989992e+06
921,2.667307e+06,2.5978978e+06
922,206422.98,238071.8
922,206422.98,233826.92
923,482070.3,521813.0
923,482070.3,517179.5
924,406278.3,318336.38
925,655965.0,676475.94
926,584414.75,581713.6
926,584414.75,596745.44
926,584414.75,592374.0
926,584414.75,585690.5
927,290014.6,263445.1
927,290014.6,261854.02
927,290014.6,269874.2
928,470445.38,425555.03
928,470445.38,431601.16
928,470445.38,449418.7
928,470445.38,444060.75
929,182667.56,285542.72
929,182667.56,286110.4
929,182667.56,293507.62
930,511990.6,535323.56
930,511990.6,536422.25
930,511990.6,528868.94
930,511990.6,535520.7
930,511990.6,531801.6
931,448678.34,504013.28
931,448678.34,499896.6
932,359856.88,396605.97
932,359856.88,397298.12
932,359856.88,404997.47
933,361362.44,448301.4
934,363412.4,298814.12
934,363412.4,293840.56
935,582057.5,470041.1
935,582057.5,474277.56
936,1.141771e+06,1.2012561e+06
936,1.141771e+06,1.2012152e+06
936,1.141771e+06,1.2031508e+06
936,1.141771e+06,1.2026745e+06
936,1.141771e+06,1.2029939e+06
936,1.141771e+06,1.2044992e+06
936,1.141771e+06,1.2025221e+06
936,1.141771e+06,1.1870725e+06
937,544621.0,574505.9
937,544621.0,549639.9
938,1.3104338e+06,1.2079151e+06
938,1.3104338e+06,1.206201e+06
938,1.3104338e+06,1.2093674e+06
938,1.3104338e+06,1.2068999e+06
938,1.3104338e+06,1.2044599e+06
938,1.3104338e+06,1.2053955e+06
938,1.3104338e+06,1.2093674e+06
938,1.3104338e+06,1.2155509e+06
938,1.3104338e+06,1.2109149e+06
938,1.3104338e+06,1.22073e+06
938,1.3104338e+06,1.218826e+06
939,276171.06,253049.58
939,276171.06,255185.42
939,276171.06,255646.33
940,608332.1,671271.0
940,608332.1,678803.06
941,534158.75,599824.8
941,534158.75,595056.3
941,534158.75,590956.6
942,640790.0,623711.25
942,640790.0,616115.6
943,592790.75,541899.94
943,592790.75,551080.75
944,686552.5,715676.4
944,686552.5,734700.5
945,573842.6,577160.3
945,573842.6,553784.94
946,779050.94,709503.6
946,779050.94,715123.3
946,779050.94,711287.2
946,779050.94,709568.06
946,779050.94,723841.94
946,779050.94,720624.75
946,779050.94,723381.25
947,357374.47,295944.1
947,357374.47,295324.56
948,266917.56,250225.98
948,266917.56,242016.23
949,567673.2,538278.9
949,567673.2,535117.8
950,682394.7,644056.25
950,682394.7,656816.7
950,682394.7,651749.7
951,556905.06,715873.25
951,556905.06,703660.94
951,556905.06,716199.56
951,556905.06,726654.2
951,556905.06,714045.5
952,676275.0,693601.1
953,224119.77,245241.52
953,224119.77,243549.92
954,363027.6,294199.62
954,363027.6,291188.25
954,363027.6,301042.16
955,699592.9,679137.5
955,699592.9,685999.0
955,699592.9,646098.7
956,334295.12,378308.66
956,334295.12,360080.22
956,334295.12,356873.84
956,334295.12,369994.12
956,334295.12,364442.03
957,342956.84,354160.47
957,342956.84,361826.72
957,342956.84,374024.3
957,342956.84,362547.62
958,785273.1,740541.44
958,785273.1,743109.2
958,785273.1,749246.9
958,785273.1,745961.7
958,785273.1,747074.2
958,785273.1,743688.25
958,785273.1,746202.9
958,785273.1,744507.3
958,785273.1,747289.5
958,785273.1,746768.0
959,748719.8,646877.9
959,748719.8,662283.0
960,578428.75,601046.9
960,578428.75,594727.94
961,511593.84,580876.3
961,511593.84,560443.3
962,557540.5,512412.38
962,557540.5,489922.47
963,514251.0,516116.62
963,514251.0,501067.75
963,514251.0,515049.44
964,509706.22,598511.8
964,509706.22,570346.5
965,1.0195698e+06,1.0452912e+06
965,1.0195698e+06,1.0436183e+06
965,1.0195698e+06,1.0436183e+06
965,1.0195698e+06,1.0411977e+06
965,1.0195698e+06,1.04281856e+06
965,1.0195698e+06,1.0384444e+06
965,1.0195698e+06,1.0482079e+06
965,1.0195698e+06,1.0472108e+06
965,1.0195698e+06,1.050249e+06
965,1.0195698e+06,1.061786e+06
965,1.0195698e+06,1.0320304e+06
966,603097.75,565831.3
966,603097.75,589899.0
966,603097.75,564826.4
966,603097.75,588163.1
967,675927.6,567601.1
967,675927.6,575079.75
967,675927.6,569618.25
967,675927.6,570417.56
967,675927.6,571374.6
967,675927.6,556176.25
968,332209.22,339961.06
968,332209.22,340625.94
968,332209.22,340539.0
969,718031.75,748946.7
969,718031.75,749067.4
969,718031.75,747402.4
969,718031.75,743888.8
969,718031.75,747931.1
969,718031.75,744572.2
969,718031.75,752136.5
970,280280.25,326964.62
970,280280.25,324764.28
970,280280.25,319221.6
971,518101.94,510011.66
971,518101.94,485825.0
972,225259.9,241640.2
972,225259.9,234957.3
973,404281.84,386020.5
973,404281.84,376266.6
973,404281.84,372596.84
974,637736.4,586516.44
974,637736.4,594451.44
975,494252.2,523700.9
975,494252.2,502564.84
976,937739.44,961019.4
977,620863.0,612862.4
977,620863.0,616119.6
977,620863.0,608637.0
977,620863.0,605848.25
978,481130.53,429857.0
979,664356.2,618656.5
979,664356.2,619499.4
979,664356.2,638455.1
979,664356.2,617622.9
979,664356.2,616102.9
979,664356.2,644534.75
980,864623.4,815235.7
980,864623.4,832624.6
980,864623.4,819064.7
981,510979.56,535890.56
981,510979.56,524310.4
981,510979.56,530799.0
981,510979.56,528874.6
981,510979.56,531232.94
982,615288.25,659660.06
982,615288.25,651147.3
982,615288.25,660188.4
982,615288.25,653333.6
982,615288.25,664805.5
983,399062.84,304817.1
983,399062.84,314077.7
984,226296.66,244942.83
984,226296.66,240239.77
985,937370.25,711711.94
985,937370.25,724091.56
986,1.2115221e+06,1.2523159e+06
986,1.2115221e+06,1.2777528e+06
986,1.2115221e+06,1.2393728e+06
987,586100.2,529301.06
988,751865.56,642416.2
988,751865.56,647840.25
988,751865.56,648169.9
988,751865.56,649943.5
988,751865.56,645036.4
988,751865.56,644748.7
988,751865.56,649588.9
989,269584.78,256662.58
989,269584.78,263308.16
989,269584.78,256502.77
990,649370.4,643395.75
990,649370.4,631497.1
991,381652.62,298186.5
991,381652.62,295357.03
992,441025.47,419546.6
992,441025.47,412802.7
993,809442.5,756333.3
994,1.0190462e+06,1.0619826e+06
994,1.0190462e+06,1.0719458e+06
995,605645.56,588061.2
995,605645.56,587434.3
995,605645.56,583532.75
995,605645.56,587080.7
995,605645.56,578183.44
995,605645.56,586356.06
995,605645.56,585888.06
995,605645.56,589961.7
996,656553.06,607173.7
996,656553.06,608632.44
997,465694.47,410770.97
997,465694.47,410186.56
997,465694.47,431537.6
997,465694.47,397075.4
998,645955.6,693076.4
998,645955.6,695554.94
999,746128.5,750235.5
999,746128.5,762736.25
999,746128.5,753791.6
999,746128.5,748700.1
999,746128.5,752436.0
999,746128.5,751894.0
999,746128.5,758109.4
999,746128.5,745060.06
999,746128.5,743444.94
1000,598391.3,602827.94
1000,598391.3,597960.0
1001,856409.1,714364.06
1001,856409.1,718403.3
1002,591976.2,575760.44
1002,591976.2,573964.4
1003,547605.44,510572.53
1003,547605.44,510839.06
1003,547605.44,525987.6
1003,547605.44,520970.1
1004,974451.6,979958.06
1004,974451.6,977604.44
1004,974451.6,985435.9
1004,974451.6,974932.5
1004,974451.6,973782.44
1004,974451.6,971514.94
1004,974451.6,977972.6
1004,974451.6,975581.56
1004,974451.6,956399.25
1004,974451.6,968742.0
1004,974451.6,970781.5
1004,974451.6,967734.3
1004,974451.6,954521.3
1005,579931.1,525260.75
1005,579931.1,526439.25
1006,812937.0,776039.25
1006,812937.0,762264.1
1007,724053.94,674030.1
1007,724053.94,670613.5
1007,724053.94,675501.1
1007,724053.94,656522.6
1007,724053.94,664328.8
1008,514811.34,584978.4
1008,514811.34,587283.7
1008,514811.34,578729.44
1008,514811.34,591677.9
1009,661862.75,604603.44
1009,661862.75,605291.9
1010,505508.44,448263.72
1010,505508.44,477073.72
1011,612918.1,709372.06
1011,612918.1,730786.2
1012,778191.6,736603.4
1013,558220.75,649878.6
1013,558220.75,626693.44
1014,658284.94,675093.06
1014,658284.94,658742.06
1015,437852.25,433315.38
1015,437852.25,440062.62
1015,437852.25,435132.6
1015,437852.25,435052.94
1016,782952.2,802194.0
1016,782952.2,819187.8
1016,782952.2,805482.2
1017,2.582016e+06,2.594662e+06
1017,2.582016e+06,2.5908138e+06
1018,254823.31,256779.08
1018,254823.31,251905.39
1019,858222.9,743945.4
1020,290875.3,241073.48
1020,290875.3,240768.55
1021,438544.7,491686.03
1021,438544.7,493273.47
1021,438544.7,490467.3
1021,438544.7,487719.47
1022,338585.38,283668.6
1022,338585.38,274528.66
1023,482206.56,452459.0
1023,482206.56,453383.0
1023,482206.56,462042.66
1023,482206.56,457676.9
1024,270394.9,253626.36
1024,270394.9,262382.94
1024,270394.9,256822.45
1025,557026.6,605641.2
1026,401436.4,370157.62
1026,401436.4,375129.5
1026,401436.4,381440.66
1026,401436.4,384367.44
1027,696770.3,704681.4
1027,696770.3,698455.1
1028,746041.75,709177.5
1028,746041.75,708312.56
1028,746041.75,713905.1
1028,746041.75,709754.6
1028,746041.75,709465.75
1028,746041.75,687606.75
1028,746041.75,693227.7
1029,500336.16,526539.9
1029,500336.16,545031.9
1029,500336.16,518770.53
1029,500336.16,553596.7
1030,560544.3,559807.4
1030,560544.3,540224.4
1031,486826.1,454481.03
1031,486826.1,458000.3
1032,257183.16,246849.08
1032,257183.16,250486.39
1032,257183.16,248149.83
1033,572536.2,529496.5
1033,572536.2,508081.22
1034,853859.06,693002.4
1034,853859.06,695939.4
1035,714038.1,762137.94
1035,714038.1,770150.1
1035,714038.1,770991.6
1035,714038.1,764013.6
1035,714038.1,768750.06
1035,714038.1,764702.3
1035,714038.1,761905.0
1035,714038.1,763103.7
1035,714038.1,763694.9
1035,714038.1,779558.6
1036,715796.2,731559.75
1037,499157.28,526462.0
1037,499157.28,527534.2
1037,499157.28,523302.38
1037,499157.28,525622.75
1037,499157.28,517198.34
1038,745788.9,750219.1
1038,745788.9,739754.44
1039,531459.94,539493.2
1039,531459.94,536723.25
1040,188429.44,198779.3
1040,188429.44,206496.14
1040,188429.44,200653.83
1041,381764.28,309495.06
1041,381764.28,304720.94
1041,381764.28,306871.5
1042,344981.75,369601.44
1042,344981.75,369691.7
1042,344981.75,360546.0
1042,344981.75,363051.22
1042,344981.75,368342.8
1042,344981.75,365839.28
1043,469309.3,557247.8
1043,469309.3,564703.4
1044,287011.75,261050.48
1044,287011.75,257320.86
1044,287011.75,266978.22
1044,287011.75,259420.02
1045,1.4313122e+06,1.3315359e+06
1046,382484.84,380909.75
1046,382484.84,377164.1
1047,1.311624e+06,1.2260776e+06
1047,1.311624e+06,1.24351e+06
1048,622669.8,629026.1
1048,622669.8,627149.75
1048,622669.8,628858.06
1048,622669.8,620959.2
1048,622669.8,628110.2
1048,622669.8,626203.9
1048,622669.8,620793.3
1048,622669.8,627539.3
1048,622669.8,627901.9
1048,622669.8,625509.0
1048,622669.8,623992.4
1048,622669.8,624367.94
1049,638155.75,620874.1
1049,638155.75,623780.9
1049,638155.75,630178.56
1049,638155.75,621193.2
1049,638155.75,626525.3
1049,638155.75,630732.9
1049,638155.75,620965.7
1049,638155.75,632301.56
1049,638155.75,629428.44
1049,638155.75,620554.56
1049,638155.75,619737.5
1049,638155.75,622370.6
1049,638155.75,620245.25
1050,1.3452558e+06,1.293951e+06
1050,1.3452558e+06,1.2920245e+06
1050,1.3452558e+06,1.301603e+06
1050,1.3452558e+06,1.2925916e+06
1050,1.3452558e+06,1.2940018e+06
1050,1.3452558e+06,1.287552e+06
1050,1.3452558e+06,1.2875771e+06
1050,1.3452558e+06,1.2940044e+06
1050,1.3452558e+06,1.287528e+06
1050,1.3452558e+06,1.2868099e+06
1050,1.3452558e+06,1.2848066e+06
1050,1.3452558e+06,1.2915282e+06
1051,763074.44,705985.8
1051,763074.44,717537.06
1052,611887.1,580325.1
1052,611887.1,579291.8
1052,611887.1,579291.8
1052,611887.1,580587.25
1052,611887.1,577512.7
1052,611887.1,581451.6
1052,611887.1,562139.44
1053,358897.28,288898.9
1053,358897.28,302064.12
1053,358897.28,295999.56
1054,564133.94,552821.06
1054,564133.94,575663.6
1055,298423.16,278731.06
1055,298423.16,275885.72
1056,600648.3,565811.25
1056,600648.3,538441.9
1057,317391.4,318872.12
1057,317391.4,323819.62
1057,317391.4,325417.1
1058,633220.5,661574.06
1059,732490.44,682239.2
1059,732490.44,678740.75
1059,732490.44,664179.25
1060,428046.06,438761.34
1060,428046.06,422677.78
1061,425594.62,512554.12
1061,425594.62,499170.38
1061,425594.62,503748.78
1061,425594.62,504745.12
1061,425594.62,503845.6
1062,624098.2,584061.9
1062,624098.2,580135.56
1062,624098.2,590805.4
1062,624098.2,597386.44
1062,624098.2,603415.4
1063,517525.03,485536.5
1063,517525.03,491514.62
1064,482597.9,518948.34
1064,482597.9,522155.44
1065,543544.94,521246.8
1065,543544.94,524945.7
1066,1.2959492e+06,1.2484896e+06
1066,1.2959492e+06,1.2745688e+06
1066,1.2959492e+06,1.2193791e+06
1067,699671.06,710340.2
1067,699671.06,730476.44
1067,699671.06,716262.25
1068,441969.9,485244.5
1068,441969.9,485850.75
1069,783700.7,692273.25
1069,783700.7,702647.4
1069,783700.7,689290.0
1070,584321.8,622090.9
1070,584321.8,593198.7
1071,546727.6,570398.7
1071,546727.6,569182.06
1071,546727.6,571231.56
1071,546727.6,566376.56
1071,546727.6,563972.25
1071,546727.6,572037.94
1071,546727.6,564767.5
1071,546727.6,567673.6
1071,546727.6,567007.06
1071,546727.6,567164.5
1071,546727.6,555013.56
1072,593145.4,590558.0
1072,593145.4,594223.06
1072,593145.4,591236.1
1072,593145.4,593612.94
1072,593145.4,589711.0
1072,593145.4,591271.7
1072,593145.4,591032.25
1072,593145.4,579999.9
1073,545321.44,646998.1
1073,545321.44,657605.8
1074,176753.73,191397.52
1074,176753.73,200165.67
1074,176753.73,185856.05
1075,540899.94,567295.2
1075,540899.94,576214.7
1075,540899.94,554863.1
1076,732477.6,693323.3
1076,732477.6,671067.75
1077,527136.06,503680.1
1077,527136.06,506368.6
1077,527136.06,501222.22
1077,527136.06,533866.8
1078,549091.3,581238.7
1078,549091.3,582050.56
1079,674330.06,670848.4
1080,2.3947238e+06,2.5661918e+06
1080,2.3947238e+06,2.5554392e+06
1081,467004.1,451911.9
1081,467004.1,452068.0
1081,467004.1,452646.72
1081,467004.1,467873.6
1081,467004.1,471211.44
1082,436494.94,517009.06
1082,436494.94,517385.12
1082,436494.94,524701.5
1082,436494.94,506206.2
1083,599482.8,615020.6
1083,599482.8,596323.75
1084,563122.6,485852.38
1084,563122.6,471453.56
1085,409582.8,471825.4
1085,409582.8,466790.53
1085,409582.8,460333.1
1085,409582.8,465036.97
1085,409582.8,482914.22
1086,249310.75,287104.12
1087,283624.03,366963.2
1087,283624.03,370219.12
1087,283624.03,377924.56
1088,486524.22,455076.12
1088,486524.22,441603.75
1089,615093.75,550752.06
1089,615093.75,542072.7
1090,836103.94,859124.75
1090,836103.94,855321.6
1090,836103.94,856128.44
1090,836103.94,859171.75
1090,836103.94,857295.44
1090,836103.94,855922.4
1090,836103.94,856556.25
1090,836103.94,852012.2
1090,836103.94,855528.56
1090,836103.94,855115.94
1090,836103.94,855452.3
1091,339735.7,370708.7
1091,339735.7,368417.12
1091,339735.7,379504.34
1092,725548.9,658332.0
1092,725548.9,639251.0
1093,813591.0,788326.3
1093,813591.0,800655.94
1094,374475.88,379411.62
1094,374475.88,392960.4
1095,342387.34,454686.38
1095,342387.34,458773.6
1095,342387.34,465941.6
1096,588387.1,560789.94
1096,588387.1,570428.9
1096,588387.1,559923.56
1096,588387.1,570347.0
1096,588387.1,569989.6
1097,240617.77,269678.53
1097,240617.77,273330.84
1097,240617.77,265762.88
1098,493663.34,492476.25
1098,493663.34,485918.4
1098,493663.34,463715.94
1098,493663.34,471524.62
1099,599094.4,553265.4
1099,599094.4,524695.8
1100,671278.75,657727.5
1100,671278.75,662090.75
1100,671278.75,626680.44
1101,274231.38,300953.62
1101,274231.38,303421.72
1101,274231.38,301599.53
1102,497001.47,534266.7
1102,497001.47,544874.5
1102,497001.47,536375.0
1103,426992.9,497829.44
1103,426992.9,500072.75
1103,426992.9,496458.66
1103,426992.9,484672.38
1103,426992.9,508059.44
1104,400008.0,469971.22
1104,400008.0,465849.1
1104,400008.0,464440.56
1104,400008.0,462413.78
1104,400008.0,468114.88
1105,860338.44,885196.44
1105,860338.44,885112.3
1105,860338.44,882271.6
1105,860338.44,884982.5
1105,860338.44,881957.2
1105,860338.44,884401.1
1105,860338.44,886444.06
1105,860338.44,874344.94
1105,860338.44,880652.6
1105,860338.44,882947.7
1106,194913.55,283451.5
1106,194913.55,284656.12
1107,352869.12,348951.7
1107,352869.12,347517.22
1108,548946.4,556935.5
1108,548946.4,566757.9
1109,590181.8,740579.3
1109,590181.8,738866.44
1109,590181.8,749382.3
1109,590181.8,737159.1
1109,590181.8,739225.3
1109,590181.8,768784.5
1110,562469.2,632707.75
1111,2.27228e+06,2.5593675e+06
1111,2.27228e+06,2.5535192e+06
1112,535702.44,632863.0
1112,535702.44,610858.56
1113,461897.3,516682.75
1113,461897.3,524661.94
1113,461897.3,530681.75
1113,461897.3,520747.7
1113,461897.3,530098.5
1114,2.7289782e+06,2.6013395e+06
1114,2.7289782e+06,2.601174e+06
1114,2.7289782e+06,2.5959558e+06
1115,558293.06,461730.12
1115,558293.06,453712.88
1116,292796.5,264643.75
1116,292796.5,269688.62
1116,292796.5,263882.3
1117,682485.1,704657.3
1117,682485.1,736421.9
1118,187035.98,280454.9
1118,187035.98,288918.22
1118,187035.98,277837.66
1119,638512.25,649158.7
1119,638512.25,643239.4
1120,217521.02,204006.17
1120,217521.02,212219.17
1121,623953.06,578888.75
1121,623953.06,583549.06
1121,623953.06,586225.25
1121,623953.06,581699.8
1121,623953.06,581290.75
1121,623953.06,580153.94
1121,623953.06,584371.8
1121,623953.06,568170.4
1122,422461.25,394150.66
1122,422461.25,388999.47
1122,422461.25,403806.16
1123,193418.39,281022.1
1123,193418.39,287497.34
1124,508326.56,576831.1
1124,508326.56,580843.7
1125,882349.4,878921.94
1125,882349.4,903168.2
1126,264724.9,250197.92
1126,264724.9,258488.42
1126,264724.9,245397.14
1127,607766.5,604453.75
1127,607766.5,600335.0
1127,607766.5,587909.9
1128,2.5167662e+06,2.6032512e+06
1128,2.5167662e+06,2.6038595e+06
1129,532125.3,530074.2
1129,532125.3,520023.06
1129,532125.3,524545.0
1130,555838.4,549151.0
1130,555838.4,522581.28
1131,314121.1,277169.38
1131,314121.1,283367.47
1131,314121.1,283441.53
1132,424697.38,385148.22
1132,424697.38,377570.5
1133,625559.9,616511.4
1133,625559.9,616753.8
1133,625559.9,606320.44
1133,625559.9,601925.6
1133,625559.9,591349.1
1134,207644.67,270750.66
1135,259643.95,253455.39
1135,259643.95,256591.27
1135,259643.95,253762.8
1136,405847.03,300210.94
1136,405847.03,300133.34
1137,1.1645044e+06,1.2117734e+06
1137,1.1645044e+06,1.2114985e+06
1137,1.1645044e+06,1.213092e+06
1137,1.1645044e+06,1.2129336e+06
1137,1.1645044e+06,1.2146582e+06
1137,1.1645044e+06,1.2135778e+06
1137,1.1645044e+06,1.2134839e+06
1137,1.1645044e+06,1.2208762e+06
1138,437191.75,486350.97
1138,437191.75,484055.94
1138,437191.75,478776.3
1138,437191.75,481472.22
1139,735556.7,767470.9
1140,592792.2,672695.44
1140,592792.2,671546.9
1141,471308.94,521761.03
1142,824708.8,786888.6
1142,824708.8,786263.1
1143,633838.94,628266.5
1143,633838.94,625505.3
1143,633838.94,618068.56
1143,633838.94,625519.56
1143,633838.94,617438.75
1144,320463.78,412116.75
1144,320463.78,409288.84
1145,917455.44,896490.9
1145,917455.44,909661.25
1145,917455.44,898180.8
1145,917455.44,896057.1
1145,917455.44,922734.3
1146,410518.62,452783.56
1146,410518.62,458243.5
1146,410518.62,460780.06
1147,319699.6,348558.94
1147,319699.6,356129.3
1147,319699.6,360897.97
1147,319699.6,355581.22
1148,702959.7,747717.2
1148,702959.7,745900.9
1148,702959.7,743728.0
1148,702959.7,735400.2
1148,702959.7,743325.6
1148,702959.7,745615.8
1148,702959.7,752427.4
1149,481685.4,528025.44
1149,481685.4,539382.25
1150,569103.9,595417.56
1150,569103.9,579127.1
1151,825868.8,820592.06
1151,825868.8,831831.94
1152,370031.34,408314.6
1152,370031.34,414230.12
1152,370031.34,395040.2
1153,295492.47,345922.6
1153,295492.47,336239.94
1153,295492.47,333626.03
1153,295492.47,341674.6
1153,295492.47,334626.94
1153,295492.47,345422.03
1154,896158.7,723048.94
1154,896158.7,736651.25
1154,896158.7,727654.4
1155,563156.06,651995.7
1155,563156.06,646415.0
1156,371374.78,331676.06
1156,371374.78,343197.25
1156,371374.78,333463.06
1157,301818.53,275745.4
1157,301818.53,277006.62
1158,838485.56,850311.5
1159,329225.12,285233.25
1159,329225.12,291938.03
1160,464691.44,423518.78
1160,464691.44,406229.22
1161,514679.62,564576.4
1161,514679.62,546607.25
1162,438776.5,432259.44
1162,438776.5,432614.4
1162,438776.5,448820.38
1162,438776.5,442084.9
1163,608364.9,712984.2
1163,608364.9,731742.2
1164,340006.78,285925.44
1164,340006.78,287076.22
1165,645069.75,712239.5
1165,645069.75,726871.56
1166,689065.8,652502.5
1166,689065.8,647738.2
1166,689065.8,650147.2
1166,689065.8,654276.3
1167,552066.44,533380.6
1167,552066.44,548466.2
1167,552066.44,530591.5
1168,623261.2,611846.6
1168,623261.2,601195.3
1168,623261.2,603254.56
1168,623261.2,596809.3
1168,623261.2,613257.3
1169,440296.94,466627.34
1169,440296.94,461987.75
1169,440296.94,465503.28
1170,835766.0,830718.8
1170,835766.0,832423.25
1170,835766.0,828580.6
1170,835766.0,828580.6
1170,835766.0,830619.94
1170,835766.0,850437.0
1171,627862.0,667468.4
1171,627862.0,640479.56
1172,216740.89,237880.05
1172,216740.89,245151.64
1173,407826.53,399091.9
1173,407826.53,400513.94
1173,407826.53,400821.34
1173,407826.53,397859.88
1173,407826.53,401846.84
1173,407826.53,402123.94
1174,611552.25,684417.4
1174,611552.25,692634.8
1174,611552.25,681988.25
1174,611552.25,688548.7
1174,611552.25,684438.0
1175,520097.3,576257.8
1176,465903.66,495662.66
1176,465903.66,513674.22
1176,465903.66,507580.8
1177,839086.9,836751.5
1177,839086.9,840246.75
1177,839086.9,843197.6
1177,839086.9,842505.3
1177,839086.9,841406.5
1177,839086.9,842455.75
1177,839086.9,842475.1
1177,839086.9,855754.7
1178,604928.9,600797.6
1178,604928.9,602171.3
1178,604928.9,597080.0
1178,604928.9,600762.6
1178,604928.9,598808.7
1178,604928.9,604738.8
1178,604928.9,591075.75
1178,604928.9,593454.2
1178,604928.9,594425.7
1178,604928.9,599668.6
1178,604928.9,595424.7
1178,604928.9,602174.44
1179,561851.2,633991.3
1179,561851.2,587942.8
1180,567025.25,579548.9
1180,567025.25,582476.4
1180,567025.25,582476.4
1180,567025.25,572913.44
1181,726102.44,723410.94
1181,726102.44,732591.75
1181,726102.44,731379.75
1181,726102.44,721285.75
1181,726102.44,715633.06
1181,726102.44,717791.7
1181,726102.44,727051.94
1181,726102.44,716442.0
1182,784680.5,669801.75
1182,784680.5,691764.25
1182,784680.5,679774.94
1183,1.2685212e+06,1.2122646e+06
1183,1.2685212e+06,1.2468221e+06
1183,1.2685212e+06,1.1915995e+06
1184,457837.16,493011.8
1184,457837.16,497315.53
1184,457837.16,492833.2
1184,457837.16,492659.47
1184,457837.16,488064.44
1185,871313.4,833475.1
1185,871313.4,826438.44
1185,871313.4,833372.75
1185,871313.4,828073.7
1185,871313.4,828718.6
1185,871313.4,830970.44
1185,871313.4,833401.44
1185,871313.4,835927.1
1185,871313.4,826509.4
1185,871313.4,822985.06
1185,871313.4,840565.8
1186,642599.56,688742.3
1186,642599.56,696199.5
1187,366146.28,347274.56
1187,366146.28,348878.1
1188,582301.3,740528.94
1188,582301.3,739845.75
1188,582301.3,717472.6
1189,583625.6,617012.44
1189,583625.6,625684.7
1189,583625.6,605997.94
1190,991920.06,771249.75
1190,991920.06,774009.4
1190,991920.06,761470.5
1190,991920.06,761650.0
1190,991920.06,769676.8
1190,991920.06,775715.2
1190,991920.06,768543.75
1190,991920.06,789617.25
1191,414756.06,309522.06
1191,414756.06,309377.53
1192,729231.1,681854.7
1192,729231.1,693777.44
1192,729231.1,688343.25
1192,729231.1,701344.94
1192,729231.1,694802.9
1193,261477.02,246063.11
1193,261477.02,242461.42
1194,402415.06,304381.72
1194,402415.06,307686.53
1195,778734.4,628096.7
1195,778734.4,592720.7
1196,423776.72,484898.66
1196,423776.72,486701.38
1196,423776.72,485050.3
1196,423776.72,489736.1
1197,861311.5,709921.1
1197,861311.5,721328.6
1198,233186.5,244793.52
1198,233186.5,246133.83
1199,521022.16,564365.3
1199,521022.16,530642.25
1200,407484.56,308667.0
1200,407484.56,314443.97
1201,878526.7,841770.3
1201,878526.7,844167.7
1201,878526.7,841807.5
1201,878526.7,845314.44
1201,878526.7,846019.94
1201,878526.7,845839.2
1201,878526.7,844742.4
1201,878526.7,849056.9
1202,613575.0,632431.2
1202,613575.0,643770.8
1202,613575.0,612686.44
1203,753227.75,694535.8
1203,753227.75,690321.5
1203,753227.75,697495.94
1203,753227.75,696895.25
1203,753227.75,705028.25
1204,982024.9,967522.9
1204,982024.9,971243.25
1204,982024.9,973416.6
1204,982024.9,964111.06
1204,982024.9,970881.25
1204,982024.9,977267.56
1204,982024.9,970670.06
1204,982024.9,970202.06
1204,982024.9,972645.56
1204,982024.9,969164.5
1204,982024.9,955561.7
1204,982024.9,966168.9
1204,982024.9,970375.5
1204,982024.9,975194.9
1205,640683.56,747110.2
1205,640683.56,752457.5
1205,640683.56,752030.5
1205,640683.56,748834.06
1205,640683.56,745623.06
1205,640683.56,761210.25
1206,617295.2,595073.5
1206,617295.2,594271.1
1206,617295.2,604533.06
1206,617295.2,586067.1
1207,437055.22,434329.9
1207,437055.22,426052.28
1208,740819.75,807938.6
1209,543893.06,538681.94
1209,543893.06,549812.0
1210,645334.25,631811.9
1210,645334.25,628699.94
1211,805436.56,744892.25
1211,805436.56,743995.75
1211,805436.56,754641.5
1211,805436.56,743573.8
1211,805436.56,747181.1
1211,805436.56,744591.94
1211,805436.56,758633.94
1211,805436.56,784038.3
1212,564962.56,556445.8
1212,564962.56,551711.75
1213,645070.94,661854.3
1213,645070.94,661454.6
1213,645070.94,654345.5
1213,645070.94,666010.5
1213,645070.94,679403.5
1214,537723.6,430837.66
1215,767099.2,701143.7
1215,767099.2,701682.4
1215,767099.2,704804.8
1215,767099.2,703255.0
1215,767099.2,699040.2
1215,767099.2,683435.25
1215,767099.2,677669.3
1215,767099.2,683908.94
1215,767099.2,676527.75
1216,596058.8,614372.44
1216,596058.8,623260.7
1216,596058.8,615693.6
1216,596058.8,621446.56
1216,596058.8,627257.0
1216,596058.8,636026.7
1217,492825.8,606626.8
1217,492825.8,590855.8
1218,578417.0,551585.25
1218,578417.0,523559.06
1219,599024.06,574267.8
1219,599024.06,572523.25
1219,599024.06,577682.3
1219,599024.06,579970.3
1219,599024.06,572752.56
1219,599024.06,563765.94
1220,1.0631625e+06,998127.0
1220,1.0631625e+06,1.011191e+06
1221,634375.9,712033.1
1221,634375.9,735174.4
1222,755626.9,733674.0
1222,755626.9,720117.56
1223,418556.88,431952.62
1223,418556.88,426702.1
1224,563702.7,547278.5
1224,563702.7,550827.7
1225,527759.25,652421.25
1225,527759.25,660463.6
1225,527759.25,656665.06
1225,527759.25,665641.75
1225,527759.25,658615.8
1225,527759.25,656469.75
1225,527759.25,652476.9
1225,527759.25,642786.25
1225,527759.25,638545.1
1225,527759.25,629885.25
1226,491706.25,448517.78
1226,491706.25,433966.75
1227,654202.5,666427.7
1227,654202.5,672453.8
1228,2.8400175e+06,2.6161755e+06
1228,2.8400175e+06,2.620313e+06
1229,242246.39,248536.64
1229,242246.39,253939.02
1229,242246.39,250844.2
1230,397452.8,310096.16
1230,397452.8,314486.5
1230,397452.8,313967.7
1231,597582.7,543113.4
1231,597582.7,515910.38
1232,472902.2,391457.78
1232,472902.2,392483.1
1233,979228.7,724298.56
1233,979228.7,727785.56
1233,979228.7,730687.2
1233,979228.7,731357.9
1233,979228.7,721939.2
1233,979228.7,723111.06
1234,286004.8,297330.8
1234,286004.8,300588.94
1235,197930.03,285056.56
1235,197930.03,290940.88
1235,197930.03,288768.3
1236,537733.9,635353.8
1236,537733.9,660375.7
1236,537733.9,632719.8
1237,273570.3,253835.27
1237,273570.3,253803.52
1237,273570.3,256849.02
1238,422081.5,478299.9
1238,422081.5,477839.75
1238,422081.5,474143.84
1238,422081.5,479671.94
1239,838804.2,783823.56
1239,838804.2,794767.4
1240,477981.38,455126.9
1240,477981.38,452460.75
1240,477981.38,471491.88
1241,732286.94,707908.5
1241,732286.94,705854.6
1241,732286.94,704300.1
1241,732286.94,704430.06
1241,732286.94,704655.44
1241,732286.94,703491.4
1241,732286.94,701715.8
1242,377862.28,401513.4
1242,377862.28,394550.84
1243,440651.22,397312.78
1243,440651.22,391475.75
1243,440651.22,400029.22
1243,440651.22,402914.06
1244,538015.4,612944.44
1244,538015.4,610314.4
1244,538015.4,610468.5
1244,538015.4,612769.44
1244,538015.4,610402.06
1244,538015.4,609643.06
1244,538015.4,595140.6
1245,245647.05,314309.6
1245,245647.05,317519.88
1245,245647.05,319102.1
1246,840521.2,857715.1
1246,840521.2,856853.5
1246,840521.2,862371.3
1246,840521.2,868432.9
1246,840521.2,854079.3
1246,840521.2,855277.56
1246,840521.2,871232.94
1247,448426.28,393357.53
1247,448426.28,393370.38
1247,448426.28,404310.75
1247,448426.28,394885.9
1248,541470.4,439226.44
1248,541470.4,427828.53
1249,572479.1,562982.3
1249,572479.1,544915.94
1250,218730.48,287979.72
1250,218730.48,287950.5
1251,283127.66,268777.34
1251,283127.66,260348.14
1252,794592.7,672476.9
1252,794592.7,663021.4
1253,886327.1,840806.25
1253,886327.1,843253.8
1253,886327.1,846293.94
1253,886327.1,846388.7
1253,886327.1,846381.56
1253,886327.1,839686.1
1253,886327.1,843491.1
1253,886327.1,844652.0
1253,886327.1,853873.0
1254,304295.16,276716.84
1254,304295.16,279864.12
1255,417237.2,482857.38
1255,417237.2,478595.28
1255,417237.2,481721.22
1255,417237.2,475710.28
1255,417237.2,488238.88
1256,836223.75,777627.75
1256,836223.75,777514.6
1256,836223.75,779254.56
1256,836223.75,783853.6
1256,836223.75,766473.25
1257,845658.8,853181.06
1257,845658.8,851528.9
1257,845658.8,842746.8
1257,845658.8,860565.4
1257,845658.8,843101.94
1257,845658.8,854159.44
1258,434862.03,412788.72
1259,496863.25,476844.8
1259,496863.25,474330.7
1260,305348.5,248291.27
1260,305348.5,256722.36
1261,365400.7,304746.7
1261,365400.7,310260.7
1261,365400.7,306522.34
1262,571885.75,647330.56
1262,571885.75,644125.4
1263,589312.6,503923.78
1263,589312.6,515166.1
1264,274942.3,288520.03
1264,274942.3,274053.72
1265,508629.06,424874.84
1265,508629.06,422511.75
1265,508629.06,422885.16
1265,508629.06,436733.0
1266,312624.6,266401.75
1266,312624.6,263491.2
1267,749398.5,772061.2
1267,749398.5,761581.06
1267,749398.5,768480.44
1267,749398.5,768495.7
1267,749398.5,755977.25
1267,749398.5,765964.06
1267,749398.5,764164.4
1268,513037.0,473966.44
1268,513037.0,459437.84
1269,213816.22,289704.97
1269,213816.22,304802.22
1270,772677.75,641732.6
1271,271840.3,286850.06
1271,271840.3,292976.16
1272,371281.94,294420.75
1272,371281.94,301722.7
1273,481931.22,499440.28
1273,481931.22,490969.3
1274,475065.7,470045.8
1274,475065.7,451726.7
1275,538935.5,443552.2
1275,538935.5,464833.44
1276,721672.7,703830.0
1276,721672.7,698927.9
1276,721672.7,707173.9
1276,721672.7,703130.44
1276,721672.7,705960.0
1276,721672.7,700128.1
1276,721672.7,684243.6
1277,356749.5,369314.38
1277,356749.5,384030.2
1278,566241.6,598674.75
1278,566241.6,599253.3
1278,566241.6,594775.4
1278,566241.6,598187.94
1279,411404.97,375016.4
1279,411404.97,374530.0
1279,411404.97,380324.8
1279,411404.97,366345.12
1280,2.1031758e+06,2.5499748e+06
1280,2.1031758e+06,2.541512e+06
1281,472493.72,527082.56
1281,472493.72,527584.5
1281,472493.72,526486.6
1281,472493.72,529345.8
1282,542309.94,530905.4
1282,542309.94,512129.56
1283,220979.64,246933.05
1283,220979.64,243129.27
1284,521420.72,599339.6
1284,521420.72,597417.6
1285,656813.7,590716.25
1285,656813.7,597304.0
1285,656813.7,595481.6
1285,656813.7,597068.94
1285,656813.7,596857.44
1285,656813.7,596230.2
1285,656813.7,606698.3
1286,651672.1,734401.44
1286,651672.1,733238.0
1286,651672.1,726735.25
1286,651672.1,730438.1
1286,651672.1,727491.44
1286,651672.1,717265.5
1286,651672.1,717701.6
1286,651672.1,721967.9
1287,537552.25,475168.47
1287,537552.25,468782.84
1288,298077.75,348362.0
1288,298077.75,351086.6
1288,298077.75,349763.5
1289,470724.5,514985.7
1289,470724.5,526693.4
1290,207270.38,237785.55
1290,207270.38,238750.48
1291,654249.1,611191.7
1291,654249.1,609078.8
1291,654249.1,612222.0
1291,654249.1,615183.3
1291,654249.1,613795.94
1291,654249.1,610813.1
1291,654249.1,615508.3
1291,654249.1,607546.25
1291,654249.1,620032.1
1292,458613.16,395492.1
1292,458613.16,397079.62
1292,458613.16,393135.0
1293,456892.25,465478.75
1293,456892.25,471009.03
1294,847676.5,837304.44
1294,847676.5,838070.8
1294,847676.5,835748.8
1294,847676.5,835387.94
1294,847676.5,836489.2
1294,847676.5,840455.6
1294,847676.5,840737.2
1294,847676.5,840716.0
1294,847676.5,834170.2
1294,847676.5,840244.44
1294,847676.5,838125.3
1294,847676.5,840466.5
1294,847676.5,831887.3
1295,753421.0,649502.2
1295,753421.0,650479.3
1296,647982.9,727252.0
1296,647982.9,714405.0
1297,596554.9,667721.4
1297,596554.9,663830.2
1298,566481.6,630318.4
1298,566481.6,639475.7
1298,566481.6,639556.5
1298,566481.6,629056.75
1298,566481.6,629796.94
1298,566481.6,635457.8
1298,566481.6,637374.6
1298,566481.6,639158.06
1299,530292.44,443838.5
1299,530292.44,445220.84
1300,254672.16,252383.52
1300,254672.16,256411.7
1301,437719.06,418693.66
1301,437719.06,409006.94
1302,374129.1,367440.53
1302,374129.1,367110.22
1302,374129.1,373581.03
1302,374129.1,364136.94
1303,244248.92,268320.4
1303,244248.92,274803.53
1304,282230.12,260756.55
1304,282230.12,258027.42
1305,489552.47,498251.56
1305,489552.47,512014.12
1306,723216.75,658683.0
1306,723216.75,663768.3
1306,723216.75,661183.4
1306,723216.75,672256.44
1306,723216.75,673685.75
1307,474421.28,533602.0
1307,474421.28,542010.9
1307,474421.28,540707.9
1307,474421.28,545783.56
1307,474421.28,530622.4
1308,605748.5,578931.1
1308,605748.5,586032.4
1308,605748.5,593884.94
1308,605748.5,580110.9
1309,556131.3,453223.22
1309,556131.3,451014.78
1309,556131.3,453941.78
1309,556131.3,462505.3
1310,338832.7,294151.03
1310,338832.7,289387.75
1311,624733.4,660764.9
1311,624733.4,647614.1
1312,852901.7,718310.3
1312,852901.7,706290.8
1313,357207.72,309801.34
1313,357207.72,302745.38
1314,831168.3,745740.6
1314,831168.3,744367.9
1314,831168.3,745449.56
1314,831168.3,740985.7
1314,831168.3,742136.3
1314,831168.3,742899.0
1314,831168.3,748789.3
1314,831168.3,745770.4
1314,831168.3,746767.3
1314,831168.3,744494.1
1315,284235.53,260774.7
1315,284235.53,262030.58
1315,284235.53,266603.28
1316,782218.5,738900.44
1316,782218.5,739881.5
1316,782218.5,738818.9
1316,782218.5,740440.44
1316,782218.5,745957.44
1316,782218.5,737551.9
1316,782218.5,750413.06
1317,340025.62,281624.28
1317,340025.62,288710.8
1318,514877.7,534464.1
1318,514877.7,529239.2
1319,306758.28,279465.84
1319,306758.28,277220.88
1320,2.4427542e+06,2.5525565e+06
1320,2.4427542e+06,2.5525928e+06
1320,2.4427542e+06,2.551182e+06
1320,2.4427542e+06,2.5488135e+06
1320,2.4427542e+06,2.553904e+06
1320,2.4427542e+06,2.549988e+06
1320,2.4427542e+06,2.5511932e+06
1320,2.4427542e+06,2.5504525e+06
1320,2.4427542e+06,2.5511648e+06
1320,2.4427542e+06,2.5539532e+06
1320,2.4427542e+06,2.5563822e+06
1321,668160.75,617482.4
1321,668160.75,612726.75
1321,668160.75,614921.75
1321,668160.75,610340.25
1321,668160.75,617284.6
1321,668160.75,614806.9
1321,668160.75,615968.44
1321,668160.75,614119.25
1321,668160.75,613299.56
1321,668160.75,615056.5
1321,668160.75,610855.75
1321,668160.75,605282.6
1322,1.0329461e+06,964207.8
1322,1.0329461e+06,923111.56
1323,362818.7,434696.75
1323,362818.7,456178.28
1324,239904.97,256180.8
1325,435288.2,415274.72
1326,622099.25,598140.25
1326,622099.25,593817.8
1326,622099.25,594188.6
1326,622099.25,588947.2
1326,622099.25,592904.56
1326,622099.25,591113.94
1326,622099.25,593969.25
1326,622099.25,594161.06
1326,622099.25,586787.9
1326,622099.25,591977.94
1326,622099.25,588738.75
1327,878386.8,845419.1
1327,878386.8,845656.2
1327,878386.8,845544.75
1327,878386.8,849989.44
1327,878386.8,850195.2
1327,878386.8,843869.0
1327,878386.8,844734.3
1327,878386.8,862644.7
1328,584256.3,464546.66
1328,584256.3,471417.6
1329,866733.56,675445.75
1330,498973.88,522828.66
1330,498973.88,523931.44
1331,664014.94,601433.94
1331,664014.94,592584.8
1331,664014.94,599282.7
1331,664014.94,599127.75
1331,664014.94,595059.2
1332,246894.9,324496.88
1332,246894.9,316490.88
1332,246894.9,323150.94
1332,246894.9,319385.84
1333,408159.75,418107.66
1333,408159.75,417913.62
1333,408159.75,419249.0
1334,321003.38,278453.06
1334,321003.38,284993.66
1334,321003.38,281200.4
1335,370604.06,412546.4
1335,370604.06,413685.66
1335,370604.06,420505.25
1335,370604.06,391792.5
1336,591149.6,764307.4
1336,591149.6,755484.6
1336,591149.6,759812.5
1336,591149.6,767980.75
1336,591149.6,754226.44
1336,591149.6,768795.44
1336,591149.6,758296.25
1336,591149.6,768987.9
1336,591149.6,764727.25
1337,446659.03,388045.6
1337,446659.03,390900.0
1338,436590.38,485730.78
1338,436590.38,495705.06
1338,436590.38,488659.25
1338,436590.38,489621.75
1338,436590.38,491138.25
1338,436590.38,494238.16
1339,768924.8,693450.6
1339,768924.8,693299.4
1340,505062.06,594242.94
1340,505062.06,597499.8
1340,505062.06,600070.94
1340,505062.06,597304.8
1340,505062.06,594385.9
1341,392308.6,304428.56
1341,392308.6,304773.34
1341,392308.6,311547.44
1342,412296.97,351732.34
1342,412296.97,351542.38
1342,412296.97,363687.75
1342,412296.97,347476.78
1343,352183.84,346064.38
1343,352183.84,345040.47
1344,537237.6,443846.22
1344,537237.6,461842.2
1345,2.7984035e+06,2.6255488e+06
1345,2.7984035e+06,2.6223092e+06
1345,2.7984035e+06,2.6212612e+06
1346,557423.7,612894.8
1346,557423.7,582595.75
1347,860350.3,761763.7
1347,860350.3,761150.0
1347,860350.3,755596.25
1347,860350.3,762352.3
1347,860350.3,755469.4
1347,860350.3,759839.06
1347,860350.3,758749.75
1347,860350.3,751947.6
1347,860350.3,760284.6
1348,393625.38,335482.78
1348,393625.38,336297.06
1349,379413.62,296055.4
1349,379413.62,297688.97
1350,886520.4,741407.25
1350,886520.4,729071.0
1350,886520.4,734509.94
1350,886520.4,740314.2
1350,886520.4,742783.1
1350,886520.4,744687.8
1350,886520.4,737472.3
1351,756707.4,717368.9
1351,756707.4,712621.2
1351,756707.4,704245.3
1351,756707.4,714142.44
1351,756707.4,711994.44
1351,756707.4,710493.2
1351,756707.4,712288.1
1351,756707.4,704903.06
1352,846543.25,741611.44
1352,846543.25,731379.4
1352,846543.25,736592.5
1352,846543.25,741611.44
1352,846543.25,734844.75
1352,846543.25,740063.25
1353,733306.44,729122.1
1353,733306.44,724872.1
1354,585510.9,469020.5
1354,585510.9,475224.7
1355,405545.78,396711.9
1355,405545.78,385256.78
1356,401559.8,379739.5
1356,401559.8,384697.0
1356,401559.8,392781.62
1356,401559.8,380934.0
1356,401559.8,389215.1
1356,401559.8,388694.25
1357,415494.7,393170.2
1357,415494.7,391849.06
1358,611900.06,636893.8
1358,611900.06,628990.3
1358,611900.06,643818.7
1358,611900.06,639760.2
1358,611900.06,613385.1
1359,204228.02,293048.5
1359,204228.02,284372.53
1360,1.1030429e+06,1.0376906e+06
1360,1.1030429e+06,1.0511521e+06
1361,283413.7,240427.45
1361,283413.7,239297.64
1362,259248.06,252952.86
1362,259248.06,246520.27
1363,647422.94,686166.9
1363,647422.94,679595.94
1363,647422.94,695219.9
1363,647422.94,689964.7
1363,647422.94,698437.3
1363,647422.94,693706.4
1364,576998.3,605635.7
1364,576998.3,600706.7
1364,576998.3,603462.3
1364,576998.3,604029.0
1364,576998.3,600192.44
1364,576998.3,604586.94
1364,576998.3,606051.06
1364,576998.3,596342.7
1364,576998.3,594843.44
1364,576998.3,601305.5
1364,576998.3,582885.25
1365,658841.94,663166.75
1365,658841.94,663997.2
1365,658841.94,662377.3
1365,658841.94,655628.5
1365,658841.94,668229.9
1366,480266.28,566684.75
1367,574711.6,467521.53
1367,574711.6,451567.53
1368,574697.7,595572.75
1368,574697.7,594133.3
1368,574697.7,594926.75
1368,574697.7,596963.94
1368,574697.7,600015.94
1368,574697.7,594472.2
1368,574697.7,586557.8
1368,574697.7,589519.44
1368,574697.7,589052.1
1368,574697.7,589352.7
1368,574697.7,583721.94
1369,472096.88,409812.38
1369,472096.88,406312.3
1369,472096.88,407834.97
1369,472096.88,417864.6
1370,1.1373956e+06,1.2114716e+06
1370,1.1373956e+06,1.2142794e+06
1370,1.1373956e+06,1.2150334e+06
1370,1.1373956e+06,1.2117694e+06
1370,1.1373956e+06,1.2110618e+06
1370,1.1373956e+06,1.2097341e+06
1370,1.1373956e+06,1.2150731e+06
1370,1.1373956e+06,1.2198742e+06
1371,440949.06,531419.1
1371,440949.06,534375.8
1372,231104.97,243228.45
1372,231104.97,244660.67
1372,231104.97,238402.86
1373,761202.25,691008.7
1373,761202.25,699232.06
1374,217646.67,240495.27
1374,217646.67,236487.8
1375,645115.44,682237.3
1375,645115.44,689334.2
1375,645115.44,682655.8
1375,645115.44,682520.5
1375,645115.44,677896.94
1376,895868.2,752420.5
1376,895868.2,744697.5
1376,895868.2,742417.6
1376,895868.2,740785.06
1376,895868.2,748169.94
1376,895868.2,760040.9
1376,895868.2,754895.06
1376,895868.2,751821.56
1377,453876.06,398256.0
1377,453876.06,404628.53
1377,453876.06,418785.84
1377,453876.06,404746.62
1378,1.3443576e+06,1.2577876e+06
1378,1.3443576e+06,1.2594065e+06
1378,1.3443576e+06,1.2650854e+06
1378,1.3443576e+06,1.2626695e+06
1378,1.3443576e+06,1.2627434e+06
1378,1.3443576e+06,1.2593652e+06
1378,1.3443576e+06,1.2581395e+06
1378,1.3443576e+06,1.255813e+06
1378,1.3443576e+06,1.2638356e+06
1378,1.3443576e+06,1.2561002e+06
1378,1.3443576e+06,1.2618361e+06
1378,1.3443576e+06,1.2523359e+06
1378,1.3443576e+06,1.2690661e+06
1379,538559.56,663332.3
1379,538559.56,658799.5
1379,538559.56,662563.5
1379,538559.56,658685.1
1379,538559.56,658734.6
1379,538559.56,659015.25
1379,538559.56,653274.1
1379,538559.56,643027.94
1379,538559.56,649598.0
1379,538559.56,643982.4
1379,538559.56,636232.4
1380,542337.6,451755.53
1380,542337.6,449765.25
1380,542337.6,471086.56
1380,542337.6,457224.03
1381,146454.06,218155.33
1381,146454.06,226281.48
1381,146454.06,226347.45
1382,558159.2,587422.5
1382,558159.2,578864.6
1382,558159.2,584041.06
1382,558159.2,582205.3
1382,558159.2,584800.56
1382,558159.2,580640.4
1382,558159.2,561680.44
1383,2.5803652e+06,2.5633255e+06
1383,2.5803652e+06,2.557206e+06
1384,843825.94,820418.8
1384,843825.94,817864.6
1384,843825.94,812984.9
1384,843825.94,817307.8
1384,843825.94,824484.6
1384,843825.94,825360.25
1384,843825.94,820068.8
1384,843825.94,817940.2
1385,698942.4,719824.7
1385,698942.4,719586.7
1385,698942.4,717570.3
1385,698942.4,728858.7
1385,698942.4,718841.2
1385,698942.4,730801.8
1385,698942.4,728262.56
1385,698942.4,733737.6
1386,584351.75,611663.06
1386,584351.75,613383.75
1386,584351.75,610763.9
1386,584351.75,605527.06
1386,584351.75,614532.7
1386,584351.75,611342.5
1386,584351.75,606606.2
1386,584351.75,601970.56
1386,584351.75,600772.8
1386,584351.75,606763.0
1386,584351.75,602994.9
1386,584351.75,600913.0
1386,584351.75,599023.9
1387,803196.5,647584.4
1387,803196.5,650229.1
1388,163649.28,177291.17
1388,163649.28,185354.11
1389,966985.4,1.0035635e+06
1389,966985.4,1.00261244e+06
1389,966985.4,998674.7
1389,966985.4,998537.3
1389,966985.4,1.0027503e+06
1389,966985.4,998382.7
1389,966985.4,1.01101325e+06
1389,966985.4,1.0144477e+06
1389,966985.4,1.02200894e+06
1390,869780.56,849107.0
1391,399564.75,405397.38
1391,399564.75,406003.22
1391,399564.75,424730.4
1391,399564.75,407240.75
1392,626303.6,598129.06
1392,626303.6,600744.9
1392,626303.6,599902.75
1392,626303.6,602641.56
1392,626303.6,601995.4
1392,626303.6,603550.06
1392,626303.6,596247.7
1392,626303.6,601694.5
1392,626303.6,598448.25
1392,626303.6,599032.06
1392,626303.6,595081.3
1392,626303.6,585254.3
1393,320802.7,329541.78
1393,320802.7,330204.2
1394,317404.56,335330.38
1394,317404.56,349706.1
1394,317404.56,336679.88
1395,437082.47,463356.3
1395,437082.47,483723.66
1395,437082.47,467757.06
1396,201736.44,187377.2
1396,201736.44,192340.77
1396,201736.44,189420.48
1397,1.0131792e+06,776752.1
1397,1.0131792e+06,774870.2
1397,1.0131792e+06,774614.3
1397,1.0131792e+06,775052.56
1397,1.0131792e+06,774975.8
1397,1.0131792e+06,773850.8
1397,1.0131792e+06,771708.5
1397,1.0131792e+06,784807.5
1397,1.0131792e+06,780218.44
1397,1.0131792e+06,787111.3
1397,1.0131792e+06,770320.5
1398,401537.8,449987.44
1399,286468.4,235190.36
1399,286468.4,247783.23
1400,262383.06,253857.7
1400,262383.06,252718.45
1400,262383.06,255195.33
1401,579817.6,699906.3
1401,579817.6,701814.06
1401,579817.6,705963.0
1401,579817.6,698977.4
1401,579817.6,701025.6
1401,579817.6,704606.94
1401,579817.6,703860.06
1401,579817.6,711030.2
1402,514769.47,670604.8
1402,514769.47,670772.06
1403,406212.03,391930.03
1403,406212.03,387733.84
1404,791435.1,745121.1
1404,791435.1,743336.06
1404,791435.1,745520.75
1404,791435.1,748241.56
1404,791435.1,746030.5
1404,791435.1,744018.94
1404,791435.1,741600.56
1404,791435.1,742060.1
1404,791435.1,728901.4
1405,609484.25,660953.4
1405,609484.25,665839.0
1406,588744.4,535521.2
1406,588744.4,557046.0
1407,864856.6,849774.6
1407,864856.6,832097.8
1408,936574.4,1.0082589e+06
1408,936574.4,1.02712356e+06
1409,419877.62,418055.0
1409,419877.62,426130.8
1409,419877.62,421144.72
1409,419877.62,428592.8
1409,419877.62,420239.12
1409,419877.62,428588.47
1409,419877.62,424003.16
1409,419877.62,422468.16
1409,419877.62,424728.97
1410,775340.2,756522.2
1410,775340.2,764826.94
1410,775340.2,757473.8
1410,775340.2,747331.9
1410,775340.2,751874.1
1410,775340.2,765637.5
1410,775340.2,760313.0
1410,775340.2,764314.75
1411,2.59721e+06,2.5911255e+06
1411,2.59721e+06,2.5939565e+06
1412,666380.3,743038.56
1412,666380.3,749666.7
1412,666380.3,742602.9
1412,666380.3,745061.2
1412,666380.3,748884.9
1412,666380.3,748824.2
1412,666380.3,728396.94
1412,666380.3,730054.25
1412,666380.3,728909.5
1412,666380.3,735922.25
1412,666380.3,738197.9
1412,666380.3,732301.0
1413,184697.03,196080.58
1414,568860.06,697549.4
1414,568860.06,696002.75
1414,568860.06,700375.56
1414,568860.06,704174.7
1414,568860.06,711860.0
1414,568860.06,694270.56
1414,568860.06,699322.7
1415,668540.1,710158.06
1415,668540.1,716401.8
1415,668540.1,707513.3
1415,668540.1,709566.7
1415,668540.1,718482.7
1415,668540.1,718834.75
1415,668540.1,722202.4
1415,668540.1,727536.2
1416,783409.6,740326.1
1416,783409.6,735934.2
1416,783409.6,742742.94
1416,783409.6,742742.94
1416,783409.6,748767.06
1416,783409.6,735026.4
1417,406370.28,449372.3
1417,406370.28,455933.38
1417,406370.28,448125.34
1417,406370.28,463266.7
1417,406370.28,448498.3
1418,417230.84,384972.78
1419,302522.03,266079.34
1419,302522.03,269286.62
1419,302522.03,270389.0
1419,302522.03,261684.48
1420,566526.2,735746.5
1421,537485.5,571930.2
1421,537485.5,592139.06
1422,576916.25,567009.56
1422,576916.25,558320.2
1423,620734.0,638734.4
1423,620734.0,642517.56
1423,620734.0,637677.5
1423,620734.0,643858.56
1423,620734.0,667002.9
1424,415111.16,471946.06
1424,415111.16,474843.47
1425,365965.9,378168.84
1425,365965.9,365467.34
1425,365965.9,372977.28
1425,365965.9,373921.16
1426,608753.4,588746.44
1426,608753.4,593768.2
1426,608753.4,583910.8
1427,544472.94,468406.9
1427,544472.94,470524.75
1427,544472.94,468406.9
1427,544472.94,481365.0
1427,544472.94,469039.3
1428,707122.8,752551.75
1428,707122.8,749274.5
1428,707122.8,748295.44
1428,707122.8,749567.75
1428,707122.8,746105.06
1428,707122.8,747907.2
1428,707122.8,750479.56
1429,882294.44,740680.8
1430,291045.16,261944.95
1430,291045.16,256157.17
1431,443324.4,496840.47
1431,443324.4,504459.88
1431,443324.4,502288.97
1431,443324.4,509855.62
1432,919931.75,796350.3
1433,649944.7,735017.06
1433,649944.7,729778.25
1433,649944.7,731473.2
1433,649944.7,729262.9
1433,649944.7,734906.94
1433,649944.7,724445.5
1433,649944.7,725729.25
1433,649944.7,719832.0
1434,484490.62,534248.0
1434,484490.62,536842.5
1434,484490.62,542987.7
1434,484490.62,532960.0
1434,484490.62,543736.44
1434,484490.62,530634.5
1434,484490.62,529023.06
1435,649314.06,688790.75
1435,649314.06,697914.9
1435,649314.06,701919.7
1435,649314.06,696465.6
1435,649314.06,697369.8
1435,649314.06,678573.4
1436,393849.84,384873.44
1436,393849.84,384531.62
1437,584966.44,642079.06
1437,584966.44,620893.56
1438,405838.56,416201.44
1438,405838.56,407221.38
1439,646306.0,579512.5
1439,646306.0,580174.4
1439,646306.0,577860.56
1439,646306.0,583198.6
1439,646306.0,591762.44
1440,416519.22,378452.3
1440,416519.22,367989.3
1441,332714.2,338449.62
1441,332714.2,338344.12
1442,1.3786345e+06,1.2605338e+06
1442,1.3786345e+06,1.2535725e+06
1442,1.3786345e+06,1.2603619e+06
1442,1.3786345e+06,1.2591732e+06
1442,1.3786345e+06,1.2592281e+06
1442,1.3786345e+06,1.2587662e+06
1442,1.3786345e+06,1.2694602e+06
1442,1.3786345e+06,1.2702071e+06
1442,1.3786345e+06,1.2607299e+06
1442,1.3786345e+06,1.263348e+06
1442,1.3786345e+06,1.2672348e+06
1443,681158.75,705408.9
1443,681158.75,696468.8
1444,509073.78,589938.06
1444,509073.78,588576.1
1444,509073.78,574548.5
1444,509073.78,576952.75
1444,509073.78,583248.06
1444,509073.78,580466.8
1444,509073.78,580026.8
1444,509073.78,588135.5
1445,782123.44,733135.1
1445,782123.44,741574.75
1445,782123.44,741779.0
1445,782123.44,738000.94
1445,782123.44,750131.56
1445,782123.44,745863.25
1445,782123.44,736013.06
1446,379157.28,363968.4
1446,379157.28,385481.16
1447,495071.62,554682.75
1447,495071.62,557187.44
1447,495071.62,545711.56
1447,495071.62,552562.44
1447,495071.62,549376.94
1448,588563.5,595240.3
1448,588563.5,592280.94
1448,588563.5,593211.1
1448,588563.5,594855.75
1448,588563.5,592239.56
1448,588563.5,591334.1
1448,588563.5,587597.7
1448,588563.5,590686.44
1448,588563.5,586366.56
1448,588563.5,582414.4
1449,420464.66,372369.5
1449,420464.66,367367.8
1449,420464.66,386109.78
1450,666583.06,616123.7
1450,666583.06,621484.44
1450,666583.06,611570.1
1450,666583.06,604548.1
1450,666583.06,612200.56
1451,452720.3,436916.75
1451,452720.3,430850.03
1451,452720.3,457169.78
1452,623049.44,643865.44
1452,623049.44,642862.2
1452,623049.44,651400.56
1452,623049.44,647221.25
1452,623049.44,613893.4
1453,495586.72,498918.25
1453,495586.72,491403.72
1453,495586.72,509511.56
1454,806675.2,747613.8
1454,806675.2,745210.1
1454,806675.2,739401.2
1454,806675.2,751222.6
1454,806675.2,748117.4
1454,806675.2,722673.75
1455,232376.53,236786.23
1455,232376.53,242958.2
1456,524506.1,594963.56
1456,524506.1,588432.2
1456,524506.1,582986.5
1456,524506.1,578846.4
1456,524506.1,590736.25
1456,524506.1,575678.3
1456,524506.1,576763.0
1456,524506.1,587353.9
1457,543488.25,572101.9
1457,543488.25,554476.44
1458,846612.2,743760.94
1458,846612.2,747681.75
1458,846612.2,747093.1
1458,846612.2,744592.75
1458,846612.2,750809.8
1458,846612.2,751258.75
1458,846612.2,737592.1
1459,537541.4,646932.4
1459,537541.4,647559.5
1459,537541.4,646379.8
1459,537541.4,636469.6
1459,537541.4,637330.06
1459,537541.4,647281.9
1459,537541.4,606783.4
1460,836688.4,851521.3
1460,836688.4,843043.44
1460,836688.4,847479.0
1460,836688.4,847045.25
1460,836688.4,846839.4
1460,836688.4,846037.56
1460,836688.4,849284.94
1460,836688.4,844927.56
1461,607818.94,668773.5
1461,607818.94,661718.9
1462,601610.0,567197.25
1462,601610.0,568566.9
1462,601610.0,571268.2
1463,203700.14,198234.3
1463,203700.14,201808.42
1464,640071.75,574288.3
1464,640071.75,555481.9
1465,496434.25,508612.5
1465,496434.25,495937.7
1466,601811.0,570990.75
1466,601811.0,576969.9
1467,719176.7,708273.6
1467,719176.7,713753.56
1467,719176.7,715645.1
1467,719176.7,705788.75
1467,719176.7,707003.25
1467,719176.7,704550.6
1468,507946.66,523392.3
1468,507946.66,519973.22
1468,507946.66,532633.1
1468,507946.66,534160.8
1468,507946.66,532346.3
1468,507946.66,521893.62
1469,617805.5,759888.94
1470,511299.34,476535.53
1470,511299.34,476236.3
1470,511299.34,487640.94
1471,657588.7,694765.1
1471,657588.7,702133.94
1472,479868.84,453546.3
1472,479868.84,455767.84
1472,479868.84,463309.7
1472,479868.84,453019.3
1472,479868.84,458290.7
1472,479868.84,459814.84
1472,479868.84,455119.66
1472,479868.84,455437.53
1472,479868.84,467266.8
1473,358941.56,305590.12
1473,358941.56,300281.1
1473,358941.56,304514.84
1474,403652.06,440926.25
1474,403652.06,443269.72
1474,403652.06,451715.53
1475,512712.72,456815.66
1475,512712.72,461959.97
1476,789748.1,782545.94
1476,789748.1,801212.0
1477,291770.22,244958.2
1477,291770.22,256517.92
1478,757644.9,683480.6
1478,757644.9,677786.44
1479,764722.8,788751.3
1479,764722.8,805400.75
1479,764722.8,793824.1
1480,525494.25,549071.3
1480,525494.25,545511.7
1480,525494.25,542268.7
1480,525494.25,534976.1
1480,525494.25,536835.7
1480,525494.25,546853.9
1480,525494.25,544407.25
1480,525494.25,541305.06
1480,525494.25,546853.9
1480,525494.25,544985.7
1481,585352.8,682246.6
1481,585352.8,685134.25
1481,585352.8,686624.0
1481,585352.8,690166.2
1481,585352.8,686088.0
1481,585352.8,698438.4
1482,502879.4,467440.28
1482,502879.4,464327.6
1483,621673.44,732561.1
1483,621673.44,737336.0
1483,621673.44,734734.3
1483,621673.44,734270.06
1483,621673.44,733562.8
1483,621673.44,735509.7
1483,621673.44,739214.2
1483,621673.44,733931.25
1483,621673.44,734411.0
1483,621673.44,729822.2
1484,831065.8,689833.9
1485,459587.6,525007.75
1485,459587.6,517564.56
1485,459587.6,518019.38
1485,459587.6,518266.06
1486,639867.9,592611.9
1486,639867.9,582699.94
1487,835119.4,711978.44
1487,835119.4,737823.94
1487,835119.4,719030.06
1488,258352.42,253197.05
1488,258352.42,251398.98
1489,606926.8,483413.4
1489,606926.8,480101.56
1489,606926.8,485620.78
1489,606926.8,485700.94
1490,647011.06,615874.8
1490,647011.06,604125.25
1490,647011.06,601254.7
1490,647011.06,600203.1
1490,647011.06,615550.1
1491,650766.94,689387.6
1491,650766.94,700070.94
1492,389895.06,466590.6
1492,389895.06,474949.94
1492,389895.06,471159.9
1492,389895.06,466861.78
1493,675219.0,631789.56
1493,675219.0,625033.9
1493,675219.0,627224.56
1493,675219.0,627358.2
1493,675219.0,631096.5
1493,675219.0,630469.56
1493,675219.0,627421.8
1493,675219.0,633510.44
1493,675219.0,630677.1
1493,675219.0,633595.9
1493,675219.0,632428.75
1493,675219.0,633445.7
1493,675219.0,628328.44
1493,675219.0,633445.7
1494,325505.7,366383.62
1494,325505.7,361680.4
1494,325505.7,352027.0
1495,722631.3,737574.56
1495,722631.3,728213.4
1495,722631.3,734339.6
1495,722631.3,732452.7
1495,722631.3,736899.4
1495,722631.3,743703.6
1496,371905.9,457048.66
1496,371905.9,468040.97
1497,534767.0,516030.28
1497,534767.0,511796.66
1497,534767.0,534765.9
1498,499829.28,456235.4
1498,499829.28,451929.06
1498,499829.28,465196.16
1498,499829.28,464835.16
1498,499829.28,460260.56
1498,499829.28,457431.78
1498,499829.28,457794.9
1498,499829.28,466680.2
1499,332812.72,335784.4
1499,332812.72,334433.8
1499,332812.72,343144.78
1500,364696.22,302099.16
1500,364696.22,295847.3
1501,448542.16,314040.47
1501,448542.16,316612.53
1502,584612.56,620259.4
1502,584612.56,597260.6
1503,483115.75,517330.66
1503,483115.75,524714.0
1504,835808.2,707937.0
1504,835808.2,699279.94
1505,887385.25,767700.94
1505,887385.25,763309.3
1505,887385.25,764812.9
1505,887385.25,761741.6
1505,887385.25,774817.2
1505,887385.25,766787.5
1505,887385.25,760615.75
1506,332221.97,288496.3
1506,332221.97,287636.06
1507,441983.88,478648.75
1508,624358.2,585998.44
1508,624358.2,574899.0
1509,591612.2,541342.75
1509,591612.2,551515.5
1510,463542.03,505691.16
1511,306386.7,270208.78
1511,306386.7,259664.11
1512,620968.2,610360.8
1512,620968.2,623047.06
1512,620968.2,608404.0
1512,620968.2,605970.8
1512,620968.2,606285.5
1512,620968.2,631711.2
1513,729956.1,719342.5
1513,729956.1,737875.1
1514,525957.06,577066.6
1514,525957.06,580195.1
1515,668123.25,594936.3
1515,668123.25,597733.06
1515,668123.25,603523.06
1515,668123.25,602068.5
1515,668123.25,604037.7
1515,668123.25,599367.75
1515,668123.25,601305.06
1515,668123.25,605963.4
1516,2.3052122e+06,2.5757638e+06
1516,2.3052122e+06,2.5723032e+06
1517,660853.4,699583.4
1517,660853.4,702491.94
1517,660853.4,690172.5
1517,660853.4,697021.0
1517,660853.4,712829.7
1517,660853.4,709714.9
1517,660853.4,707902.44
1518,425115.4,413446.8
1518,425115.4,400071.12
1519,967641.56,740611.8
1519,967641.56,739060.6
1519,967641.56,737717.0
1519,967641.56,740154.2
1519,967641.56,740118.5
1519,967641.56,740859.3
1519,967641.56,716615.75
1519,967641.56,727356.3
1519,967641.56,726603.8
1519,967641.56,718909.06
1519,967641.56,727953.2
1519,967641.56,735042.1
1520,922850.7,973090.7
1520,922850.7,967651.5
1520,922850.7,972789.25
1520,922850.7,969595.2
1520,922850.7,971923.4
1520,922850.7,958418.5
1520,922850.7,972677.44
1520,922850.7,958085.94
1520,922850.7,967380.06
1521,949500.3,953985.3
1521,949500.3,964101.1
1521,949500.3,963208.06
1521,949500.3,954291.2
1521,949500.3,964018.44
1521,949500.3,967869.0
1522,857719.06,835546.3
1522,857719.06,828659.9
1522,857719.06,835602.75
1522,857719.06,827052.3
1522,857719.06,832362.25
1522,857719.06,832856.44
1522,857719.06,828315.8
1522,857719.06,833279.7
1523,518768.03,552262.7
1523,518768.03,572795.1
1524,655830.0,566297.44
1524,655830.0,552074.75
1525,671474.75,755626.25
1526,624532.56,617405.9
1526,624532.56,618042.5
1527,634990.8,661887.0
1527,634990.8,649814.2
1528,1.0453161e+06,1.1088808e+06
1528,1.0453161e+06,1.0981974e+06
1529,294311.3,338401.03
1529,294311.3,341148.78
1530,644550.75,706827.5
1531,782010.56,782217.56
1531,782010.56,786714.9
1531,782010.56,781394.9
1531,782010.56,782906.2
1531,782010.56,781102.56
1531,782010.56,778553.3
1531,782010.56,782488.3
1531,782010.56,782710.06
1532,2.458467e+06,2.5729268e+06
1532,2.458467e+06,2.5652235e+06
1533,204685.31,279595.88
1533,204685.31,291034.2
1533,204685.31,287803.38
1534,620648.25,560727.2
1534,620648.25,561980.6
1534,620648.25,545051.0
1535,2.3246125e+06,2.559266e+06
1535,2.3246125e+06,2.5477415e+06
1536,540824.94,472217.8
1536,540824.94,463483.53
1537,386365.88,490302.84
1537,386365.88,498461.9
1538,438993.44,450189.28
1538,438993.44,450422.62
1538,438993.44,469481.38
1538,438993.44,456223.94
1539,638314.9,748054.6
1539,638314.9,742884.06
1539,638314.9,740634.4
1539,638314.9,737826.75
1539,638314.9,752339.9
1539,638314.9,740994.94
1539,638314.9,730851.25
1539,638314.9,740884.06
1539,638314.9,747024.2
1539,638314.9,730302.0
1539,638314.9,737079.06
1540,644436.0,570453.7
1540,644436.0,580126.3
1541,668609.5,652097.2
1541,668609.5,646442.5
1542,2.2924168e+06,2.564146e+06
1542,2.2924168e+06,2.567066e+06
1543,281974.28,383118.2
1543,281974.28,384599.28
1543,281974.28,394928.34
1544,512403.34,438540.62
1544,512403.34,433173.25
1544,512403.34,461504.16
1545,489012.3,498762.4
1545,489012.3,525532.8
1546,620940.44,707420.44
1546,620940.44,716057.4
1547,929863.7,985967.25
1547,929863.7,999275.8
1547,929863.7,991726.94
1548,616996.7,551578.0
1548,616996.7,559830.06
1549,636818.06,478817.56
1549,636818.06,481560.84
1549,636818.06,482947.16
1549,636818.06,483718.25
1550,723460.25,712903.4
1550,723460.25,714656.3
1550,723460.25,713202.2
1550,723460.25,715332.06
1550,723460.25,713893.5
1550,723460.25,714351.9
1550,723460.25,716809.56
1550,723460.25,693012.2
1551,717675.44,729006.56
1552,312600.88,385757.53
1552,312600.88,382311.4
1552,312600.88,396454.1
1552,312600.88,392879.53
1553,537810.6,601505.4
1553,537810.6,604175.25
1554,365120.3,307874.06
1555,484318.7,464851.72
1555,484318.7,460096.97
1556,694676.6,581040.8
1556,694676.6,561000.25
1557,488807.4,573265.7
1557,488807.4,576021.7
1557,488807.4,576375.4
1557,488807.4,573642.25
1557,488807.4,577049.1
1557,488807.4,576188.25
1557,488807.4,570799.25
1557,488807.4,562067.2
1558,675673.7,698584.4
1558,675673.7,697988.0
1558,675673.7,704379.9
1558,675673.7,695879.94
1558,675673.7,708414.06
1558,675673.7,710652.06
1558,675673.7,717369.56
1559,435302.7,454931.25
1559,435302.7,460005.9
1559,435302.7,454749.47
1559,435302.7,464225.75
1560,388379.53,405216.28
1560,388379.53,403785.44
1560,388379.53,405803.28
1561,1.0842968e+06,1.1594134e+06
1561,1.0842968e+06,1.1545065e+06
1561,1.0842968e+06,1.15545e+06
1561,1.0842968e+06,1.1551702e+06
1561,1.0842968e+06,1.1598104e+06
1561,1.0842968e+06,1.1556339e+06
1561,1.0842968e+06,1.1540315e+06
1561,1.0842968e+06,1.1659004e+06
1561,1.0842968e+06,1.1441278e+06
1561,1.0842968e+06,1.1582719e+06
1561,1.0842968e+06,1.1405776e+06
1561,1.0842968e+06,1.1436589e+06
1561,1.0842968e+06,1.1460395e+06
1561,1.0842968e+06,1.1398685e+06
1562,913094.94,902608.0
1562,913094.94,900721.3
1562,913094.94,902906.1
1562,913094.94,893567.56
1562,913094.94,903140.6
1562,913094.94,899494.3
1562,913094.94,906264.7
1563,477005.38,448882.34
1563,477005.38,419181.75
1564,618618.25,659413.94
1564,618618.25,648842.4
1565,319614.06,319834.8
1565,319614.06,317280.38
1565,319614.06,328256.7
1565,319614.06,322884.72
1566,743696.2,734116.1
1566,743696.2,733482.44
1567,345964.8,408049.94
1568,685957.2,616633.9
1568,685957.2,587905.6
1569,755454.3,773348.6
1569,755454.3,783870.4
1569,755454.3,780495.6
1569,755454.3,785250.75
1569,755454.3,779431.75
1569,755454.3,782212.1
1569,755454.3,780720.75
1570,513638.03,439266.22
1570,513638.03,435223.4
1571,286522.9,274273.34
1571,286522.9,273243.7
1572,878672.06,709051.5
1572,878672.06,677526.06
1573,609601.4,668569.4
1573,609601.4,664119.9
1574,341854.22,336518.53
1574,341854.22,333250.22
1574,341854.22,349730.72
1574,341854.22,336987.22
1575,538340.25,600301.44
1576,358350.5,414338.22
1577,303792.75,267315.72
1577,303792.75,265520.7
1578,1.2601304e+06,1.2765788e+06
1578,1.2601304e+06,1.2782345e+06
1578,1.2601304e+06,1.2866236e+06
1578,1.2601304e+06,1.2803895e+06
1578,1.2601304e+06,1.2833581e+06
1578,1.2601304e+06,1.2770829e+06
1578,1.2601304e+06,1.2851756e+06
1578,1.2601304e+06,1.2773294e+06
1578,1.2601304e+06,1.2798735e+06
1578,1.2601304e+06,1.2887058e+06
1579,570539.75,543945.75
1579,570539.75,548852.0
1580,313380.72,268751.84
1580,313380.72,266720.06
1581,392482.03,362854.1
1581,392482.03,366389.0
1581,392482.03,371375.53
1581,392482.03,377136.8
1582,920754.94,759837.1
1582,920754.94,760583.75
1582,920754.94,759119.44
1582,920754.94,766991.9
1582,920754.94,764997.44
1582,920754.94,758355.44
1582,920754.94,757901.6
1582,920754.94,759911.0
1582,920754.94,750655.6
1582,920754.94,763381.0
1583,785625.1,695720.6
1583,785625.1,722743.56
1584,548949.5,560232.8
1584,548949.5,567791.9
1584,548949.5,568157.5
1584,548949.5,555075.9
1585,420000.75,386295.47
1585,420000.75,388717.47
1585,420000.75,383810.8
1585,420000.75,380636.5
1585,420000.75,387663.62
1586,255700.05,251423.8
1586,255700.05,253544.77
1586,255700.05,253180.27
1587,794207.44,665901.7
1587,794207.44,681560.0
1588,448235.75,506733.56
1588,448235.75,508438.97
1588,448235.75,514466.97
1588,448235.75,508576.38
1588,448235.75,506120.53
1589,677177.5,723916.8
1589,677177.5,733106.0
1589,677177.5,723809.6
1590,399949.78,307334.88
1590,399949.78,308152.5
1590,399949.78,307239.47
1590,399949.78,310193.44
1591,1.1919839e+06,1.2120776e+06
1591,1.1919839e+06,1.197306e+06
1592,504998.72,583812.5
1592,504998.72,572293.1
1593,501204.06,532722.0
1593,501204.06,530174.75
1594,576868.44,705941.9
1594,576868.44,718330.3
1595,665333.94,708346.4
1595,665333.94,697726.9
1596,817072.7,789294.0
1596,817072.7,802844.5
1596,817072.7,787359.3
1597,304518.5,271041.75
1597,304518.5,265648.9
1598,1.3221635e+06,1.3107359e+06
1598,1.3221635e+06,1.3028655e+06
1599,395771.9,309429.44
1599,395771.9,313358.0
1599,395771.9,315197.66
1599,395771.9,312204.5
1600,2.5177772e+06,2.5876928e+06
1600,2.5177772e+06,2.5820905e+06
1601,610314.3,612537.5
1601,610314.3,609899.9
1601,610314.3,603686.9
1601,610314.3,608067.94
1601,610314.3,612079.8
1602,882735.1,701954.2
1602,882735.1,724141.56
1603,2.5832455e+06,2.594748e+06
1603,2.5832455e+06,2.5991468e+06
1604,648167.3,776498.0
1604,648167.3,777199.9
1604,648167.3,773826.6
1604,648167.3,784235.5
1604,648167.3,777079.9
1604,648167.3,778862.3
1604,648167.3,783974.56
1604,648167.3,773132.44
1604,648167.3,778809.3
1604,648167.3,769036.1
1604,648167.3,781232.0
1605,619014.3,611030.0
1605,619014.3,610545.75
1605,619014.3,608675.25
1605,619014.3,594644.9
1605,619014.3,602187.7
1605,619014.3,597218.6
1606,222510.39,241593.64
1606,222510.39,238329.27
1606,222510.39,241135.3
1607,377161.6,330855.75
1607,377161.6,342136.62
1607,377161.6,338053.8
1608,1.2673342e+06,1.2554294e+06
1608,1.2673342e+06,1.2743594e+06
1608,1.2673342e+06,1.2191854e+06
1609,631633.2,679264.5
1609,631633.2,656817.4
1610,420086.16,312181.28
1611,710730.9,673884.94
1611,710730.9,688958.44
1611,710730.9,671693.2
1612,480354.62,494018.28
1612,480354.62,501542.7
1612,480354.62,493320.84
1613,2.6095698e+06,2.6018462e+06
1613,2.6095698e+06,2.588438e+06
1614,591633.75,522405.44
1614,591633.75,516631.2
1614,591633.75,521411.1
1615,743834.44,691204.06
1615,743834.44,698761.56
1615,743834.44,684510.25
1616,227878.64,248461.98
1616,227878.64,244157.7
1617,1.2439504e+06,1.2223196e+06
1617,1.2439504e+06,1.2094308e+06
1618,326152.56,288641.25
1618,326152.56,290154.6
1619,662646.2,666851.8
1619,662646.2,673106.25
1619,662646.2,664495.75
1619,662646.2,675763.6
1620,758459.7,667315.5
1620,758459.7,664131.06
1620,758459.7,674538.2
1620,758459.7,664938.3
1620,758459.7,674721.44
1621,219248.45,294523.03
1621,219248.45,303909.5
1621,219248.45,297266.97
1622,597421.56,668905.2
1622,597421.56,668091.6
1622,597421.56,664606.25
1622,597421.56,661464.1
1622,597421.56,664301.3
1623,409169.1,313953.1
1623,409169.1,305958.22
1624,626850.7,559766.2
1624,626850.7,546219.25
1625,424577.53,504603.9
1625,424577.53,506237.28
1626,206320.08,207745.17
1626,206320.08,219521.08
1626,206320.08,221857.02
1627,743171.3,678104.9
1627,743171.3,635747.25
1628,393058.8,338021.22
1628,393058.8,346081.2
1628,393058.8,342297.78
1628,393058.8,349616.72
1629,642021.9,635308.75
1629,642021.9,650594.1
1630,609925.5,669442.8
1630,609925.5,665831.06
1631,472269.22,511216.62
1631,472269.22,513992.7
1632,590330.5,565051.4
1632,590330.5,581544.0
1633,2.3545152e+06,2.5731205e+06
1633,2.3545152e+06,2.5754948e+06
1633,2.3545152e+06,2.5680245e+06
1634,510993.88,525829.3
1634,510993.88,536712.2
1634,510993.88,537918.6
1634,510993.88,533765.5
1634,510993.88,530312.5
1635,661559.4,625865.3
1635,661559.4,622279.94
1636,473630.72,504126.47
1636,473630.72,515528.16
1637,219546.5,219041.2
1637,219546.5,224182.27
1638,282583.53,292149.8
1638,282583.53,294413.56
1638,282583.53,297940.25
1639,297922.9,295567.53
1639,297922.9,299310.16
1640,750853.0,725671.3
1640,750853.0,729914.7
1640,750853.0,730058.0
1640,750853.0,727093.56
1640,750853.0,727243.4
1640,750853.0,725390.25
1640,750853.0,716941.1
1640,750853.0,715897.4
1640,750853.0,715682.25
1640,750853.0,723919.7
1641,528743.8,656864.44
1641,528743.8,648530.06
1641,528743.8,653639.2
1641,528743.8,657606.4
1641,528743.8,654725.4
1641,528743.8,648333.0
1641,528743.8,644157.56
1641,528743.8,638504.9
1641,528743.8,647317.1
1641,528743.8,631662.6
1642,849190.9,742088.44
1642,849190.9,738248.2
1642,849190.9,742449.94
1642,849190.9,737875.44
1642,849190.9,738128.3
1642,849190.9,738127.8
1642,849190.9,734966.2
1643,395319.75,391664.2
1643,395319.75,374486.97
1644,523648.75,571021.25
1644,523648.75,573630.6
1645,541514.5,449619.3
1645,541514.5,449536.1
1645,541514.5,446194.94
1645,541514.5,445470.1
1646,519017.47,700083.0
1646,519017.47,680821.2
1647,675837.3,726607.56
1647,675837.3,727129.8
1647,675837.3,730028.8
1647,675837.3,727257.4
1647,675837.3,725744.06
1647,675837.3,726697.44
1647,675837.3,719717.9
1647,675837.3,712754.4
1647,675837.3,718589.75
1647,675837.3,708364.75
1648,576223.6,548920.06
1648,576223.6,553782.8
1648,576223.6,553912.3
1648,576223.6,550131.4
1648,576223.6,564420.75
1648,576223.6,559078.75
1649,574803.1,554652.06
1649,574803.1,554217.9
1649,574803.1,560910.1
1649,574803.1,563514.25
1650,539091.06,590253.5
1650,539091.06,583797.5
1650,539091.06,573590.2
1650,539091.06,571938.3
1650,539091.06,581993.75
1651,450631.7,450982.44
1651,450631.7,441546.28
1652,756411.2,771800.75
1652,756411.2,789321.75
1653,630309.9,591051.94
1653,630309.9,575853.4
1654,475041.75,561945.25
1654,475041.75,579810.8
1654,475041.75,572755.44
1654,475041.75,567202.0
1654,475041.75,577727.4
1655,2.250637e+06,2.5610655e+06
1655,2.250637e+06,2.5559265e+06
1656,542113.1,604861.5
1656,542113.1,597011.94
1656,542113.1,602274.5
1656,542113.1,596830.2
1656,542113.1,577633.1
1657,314673.4,355823.22
1657,314673.4,356431.97
1658,564479.3,470746.16
1658,564479.3,481110.06
1658,564479.3,486314.38
1658,564479.3,489315.97
1659,213253.64,296725.28
1659,213253.64,305181.1
1660,385850.5,376436.3
1660,385850.5,377574.53
1660,385850.5,395650.84
1660,385850.5,375852.6
1661,868029.2,745844.25
1661,868029.2,740350.0
1661,868029.2,739264.7
1661,868029.2,746259.1
1661,868029.2,744938.44
1661,868029.2,738639.6
1661,868029.2,738933.94
1662,478639.9,513626.22
1662,478639.9,521890.3
1663,684656.3,728752.4
1663,684656.3,707954.25
1664,455799.66,397240.44
1664,455799.66,394014.34
1664,455799.66,405419.44
1664,455799.66,400104.78
1664,455799.66,405803.16
1665,774212.6,709639.06
1665,774212.6,713874.75
1665,774212.6,708647.44
1665,774212.6,715583.0
1665,774212.6,711627.9
1666,904398.44,743951.44
1666,904398.44,738579.94
1666,904398.44,753704.56
1666,904398.44,739393.9
1666,904398.44,748982.0
1666,904398.44,754832.6
1666,904398.44,745342.8
1666,904398.44,768446.0
1667,775119.6,744618.1
1667,775119.6,758698.8
1668,309509.3,356791.66
1668,309509.3,358068.2
1669,280592.44,379496.6
1669,280592.44,377588.28
1669,280592.44,384023.78
1670,580944.3,608256.9
1670,580944.3,611661.3
1670,580944.3,609256.44
1670,580944.3,610462.8
1670,580944.3,612604.9
1670,580944.3,607466.94
1670,580944.3,610762.25
1670,580944.3,600009.2
1670,580944.3,597386.5
1670,580944.3,601698.8
1670,580944.3,602936.75
1670,580944.3,597033.06
1670,580944.3,593455.3
1671,821214.5,732576.0
1671,821214.5,738077.8
1671,821214.5,738718.1
1671,821214.5,731003.8
1671,821214.5,745665.25
1671,821214.5,746569.94
1672,773897.9,757100.44
1672,773897.9,757573.7
1672,773897.9,764557.44
1672,773897.9,760219.4
1672,773897.9,759591.6
1672,773897.9,765523.56
1672,773897.9,761413.4
1672,773897.9,763842.94
1673,644327.56,486391.2
1673,644327.56,487001.47
1673,644327.56,480517.22
1673,644327.56,495748.0
1673,644327.56,492327.22
1674,952244.6,939561.75
1675,254931.47,244851.3
1675,254931.47,250963.58
1676,670242.94,624145.2
1676,670242.94,624437.56
1676,670242.94,623229.9
1676,670242.94,622918.7
1676,670242.94,625647.56
1676,670242.94,623818.9
1676,670242.94,620235.2
1676,670242.94,628501.4
1676,670242.94,626488.6
1676,670242.94,617971.0
1676,670242.94,621176.7
1676,670242.94,624068.6
1676,670242.94,619585.1
1677,427297.94,445823.84
1677,427297.94,442866.06
1678,588212.0,679787.6
1678,588212.0,693612.5
1678,588212.0,676986.9
1678,588212.0,682818.7
1678,588212.0,699500.8
1678,588212.0,688168.7
1679,320106.8,332868.53
1679,320106.8,325490.0
1680,375422.47,347697.06
1680,375422.47,361016.62
1681,548135.0,614545.9
1681,548135.0,607073.06
1681,548135.0,614997.75
1681,548135.0,624388.6
1682,314011.56,269128.88
1682,314011.56,268363.78
1683,840247.5,672401.75
1683,840247.5,674144.9
1683,840247.5,676958.9
1683,840247.5,670350.06
1683,840247.5,674239.1
1683,840247.5,667603.06
1683,840247.5,664521.6
1684,907050.3,889543.56
1684,907050.3,894583.3
1685,597269.1,582076.3
1685,597269.1,580144.2
1685,597269.1,577777.06
1685,597269.1,576670.44
1685,597269.1,573393.4
1685,597269.1,573340.1
1686,129466.55,226683.14
1687,522670.53,487144.5
1687,522670.53,469976.34
1687,522670.53,483196.4
1687,522670.53,446243.5
1688,868900.4,876048.0
1688,868900.4,890047.75
1688,868900.4,890335.44
1688,868900.4,878247.94
1688,868900.4,875047.3
1688,868900.4,879391.06
1688,868900.4,895914.9
1688,868900.4,897564.6
1689,255128.88,332565.2
1689,255128.88,332554.75
1689,255128.88,349472.66
1689,255128.88,334313.47
1690,514586.66,434907.12
1690,514586.66,431881.7
1691,666745.56,763698.94
1692,637185.25,646624.44
1692,637185.25,645627.1
1692,637185.25,649756.8
1692,637185.25,640509.2
1692,637185.25,650637.0
1693,808659.7,835711.8
1693,808659.7,831461.25
1693,808659.7,842874.25
1693,808659.7,838854.4
1693,808659.7,835043.0
1693,808659.7,833237.06
1693,808659.7,836134.5
1693,808659.7,835240.9
1693,808659.7,833938.25
1693,808659.7,828685.56
1693,808659.7,839271.5
1694,928536.06,722630.94
1694,928536.06,741256.5
1695,2.4748945e+06,2.589792e+06
1695,2.4748945e+06,2.5818102e+06
1696,274721.12,327585.97
1696,274721.12,344532.66
1697,597385.1,633561.0
1697,597385.1,617791.2
1698,567242.8,456273.16
1698,567242.8,452875.9
1698,567242.8,459813.4
1698,567242.8,459478.94
1698,567242.8,459630.44
1699,579691.1,463750.84
1699,579691.1,475248.25
1699,579691.1,458569.97
1700,694007.7,669065.7
1700,694007.7,670383.06
1701,708305.8,674385.5
1701,708305.8,680196.6
1702,886493.1,777001.75
1702,886493.1,777373.06
1702,886493.1,774210.56
1702,886493.1,770951.5
1702,886493.1,769595.44
1702,886493.1,787912.4
1702,886493.1,782013.3
1702,886493.1,786842.06
1702,886493.1,749478.2
1703,631892.0,613329.5
1703,631892.0,610807.5
1704,706702.25,760973.0
1704,706702.25,759484.6
1704,706702.25,761437.4
1704,706702.25,755079.7
1704,706702.25,761668.2
1704,706702.25,753192.6
1704,706702.25,763296.5
1704,706702.25,754807.6
1704,706702.25,763958.94
1705,684765.9,679659.56
1705,684765.9,705376.2
1706,406922.97,518028.25
1706,406922.97,521389.4
1706,406922.97,524889.0
1706,406922.97,522234.47
1707,435949.1,403077.34
1707,435949.1,402007.75
1707,435949.1,411336.28
1708,820174.0,831743.44
1708,820174.0,838554.4
1709,200175.14,301464.88
1709,200175.14,296027.94
1710,714210.94,688184.4
1710,714210.94,701331.2
1711,254979.62,245950.33
1711,254979.62,239396.77
1712,317819.62,265937.4
1712,317819.62,271516.44
1712,317819.62,268611.5
1713,344163.47,362378.03
1713,344163.47,364374.78
1713,344163.47,372087.12
1713,344163.47,358463.66
1714,731259.25,690578.0
1714,731259.25,689003.94
1714,731259.25,683222.3
1714,731259.25,691386.7
1714,731259.25,699345.94
1714,731259.25,686545.3
1715,595305.5,709611.8
1715,595305.5,710154.5
1716,237285.78,247353.92
1716,237285.78,248644.92
1717,603262.06,640416.44
1717,603262.06,643910.1
1717,603262.06,641583.5
1717,603262.06,619135.4
1718,809344.3,792998.6
1718,809344.3,793307.75
1718,809344.3,793273.7
1718,809344.3,793299.75
1718,809344.3,816118.6
1718,809344.3,808631.5
1718,809344.3,780629.6
1719,651833.0,611277.6
1719,651833.0,618692.3
1719,651833.0,616903.5
1719,651833.0,625650.6
1719,651833.0,603563.3
1720,386449.25,481801.72
1720,386449.25,480414.1
1721,766823.06,650979.2
1721,766823.06,659058.9
1722,284451.25,229939.23
1722,284451.25,229369.2
1723,2.742777e+06,2.6073105e+06
1723,2.742777e+06,2.6002552e+06
1724,598824.7,613286.75
1724,598824.7,602235.6
1724,598824.7,610923.5
1724,598824.7,605695.3
1724,598824.7,625009.44
1725,2.452962e+06,2.5849412e+06
1725,2.452962e+06,2.5904148e+06
1726,774041.7,609861.25
1726,774041.7,605430.9
1727,318190.56,309035.0
1727,318190.56,302594.84
1728,590257.9,688919.7
1728,590257.9,699668.44
1728,590257.9,678462.5
1728,590257.9,682085.7
1728,590257.9,691742.5
1728,590257.9,696521.25
1729,285357.66,338431.72
1729,285357.66,337192.28
1730,583537.75,587258.3
1731,531790.56,673052.8
1731,531790.56,671441.0
1732,646813.7,694657.2
1732,646813.7,688989.9
1732,646813.7,698997.75
1732,646813.7,699163.7
1732,646813.7,697662.3
1732,646813.7,710759.7
1733,261416.23,254641.11
1733,261416.23,253014.61
1734,669527.0,650151.3
1734,669527.0,642083.3
1735,673314.4,678161.25
1735,673314.4,663005.2
1736,717129.6,759717.8
1736,717129.6,752950.44
1736,717129.6,759565.06
1736,717129.6,753409.06
1736,717129.6,753332.0
1736,717129.6,753142.2
1736,717129.6,744646.1
1736,717129.6,755448.4
1736,717129.6,757380.44
1737,507938.38,624785.1
1737,507938.38,598973.1
1738,2.8604145e+06,2.6245e+06
1738,2.8604145e+06,2.6198e+06
1739,1.21401e+06,1.1863159e+06
1739,1.21401e+06,1.1868978e+06
1739,1.21401e+06,1.1866132e+06
1739,1.21401e+06,1.1855394e+06
1739,1.21401e+06,1.1860184e+06
1739,1.21401e+06,1.1843601e+06
1739,1.21401e+06,1.1928819e+06
1739,1.21401e+06,1.1924651e+06
1739,1.21401e+06,1.2057342e+06
1739,1.21401e+06,1.2024022e+06
1740,328499.62,316641.56
1740,328499.62,319797.2
1741,503792.97,500242.84
1741,503792.97,510409.34
1741,503792.97,515157.16
1742,2.3250555e+06,2.5695938e+06
1742,2.3250555e+06,2.5705015e+06
1743,512226.72,584304.75
1743,512226.72,596519.56
1744,895771.56,708265.8
1744,895771.56,721269.9
1745,277083.78,260888.36
1745,277083.78,266727.0
1745,277083.78,266369.12
1746,912029.25,943297.5
1746,912029.25,942526.1
1746,912029.25,941679.56
1746,912029.25,950083.44
1746,912029.25,939886.94
1746,912029.25,941396.25
1746,912029.25,943462.8
1746,912029.25,940674.8
1746,912029.25,933527.56
1746,912029.25,926158.4
1746,912029.25,941844.56
1747,590941.25,545876.56
1747,590941.25,551948.5
1748,438923.4,427555.12
1748,438923.4,412520.66
1749,759308.3,743423.9
1749,759308.3,732065.25
1749,759308.3,741539.94
1749,759308.3,739763.56
1749,759308.3,733859.4
1749,759308.3,743063.44
1749,759308.3,748684.6
1750,601413.8,556747.5
1750,601413.8,564442.9
1750,601413.8,538552.44
1751,696381.8,623395.7
1751,696381.8,621528.4
1752,491010.16,440245.2
1753,421110.0,390228.94
1753,421110.0,384583.56
1754,1.491988e+06,1.430385e+06
1755,640209.94,538224.75
1755,640209.94,538292.7
1756,867491.7,818457.94
1757,636102.8,608408.25
1757,636102.8,610120.3
1757,636102.8,609175.44
1757,636102.8,609356.1
1757,636102.8,609538.3
1757,636102.8,608425.3
1757,636102.8,608007.5
1757,636102.8,603749.44
1757,636102.8,604559.3
1757,636102.8,605717.5
1757,636102.8,606623.5
1757,636102.8,607535.25
1757,636102.8,615213.2
1758,408165.25,377693.1
1758,408165.25,373067.4
1759,665235.94,649432.7
1759,665235.94,646236.44
1759,665235.94,649410.1
1759,665235.94,643939.3
1759,665235.94,645042.06
1759,665235.94,645431.9
1759,665235.94,654617.3
1760,299179.53,343491.0
1760,299179.53,356331.8
1760,299179.53,346037.0
1760,299179.53,359368.7
1761,859405.25,720231.6
1761,859405.25,714906.7
1762,795704.6,762114.8
1762,795704.6,770511.0
1762,795704.6,768433.2
1762,795704.6,761655.1
1762,795704.6,762127.56
1762,795704.6,757850.75
1762,795704.6,775006.1
1763,777798.5,688079.7
1763,777798.5,670802.8
1764,1.0639299e+06,1.0742489e+06
1764,1.0639299e+06,1.0784484e+06
1765,1.4188828e+06,1.3136164e+06
1766,451507.25,436650.03
1766,451507.25,429430.7
1766,451507.25,437483.84
1767,620245.2,587577.4
1767,620245.2,559064.2
1768,408970.03,408710.5
1768,408970.03,415651.3
1769,330818.6,355284.84
1769,330818.6,365751.2
1769,330818.6,370237.44
1770,659288.9,683134.8
1771,1.3635e+06,1.2298352e+06
1771,1.3635e+06,1.244476e+06
1771,1.3635e+06,1.220214e+06
1772,181166.25,276534.38
1772,181166.25,279215.78
1772,181166.25,281826.1
1773,760405.6,751320.94
1773,760405.6,766405.4
1774,846809.6,829930.7
1774,846809.6,810880.06
1774,846809.6,810494.25
1774,846809.6,820821.7
1774,846809.6,817586.75
1774,846809.6,835139.0
1774,846809.6,836817.25
1775,314258.22,279879.06
1775,314258.22,276265.53
1776,579306.44,667166.25
1776,579306.44,658172.0
1777,169385.75,164083.89
1777,169385.75,179743.33
1778,826828.1,806312.44
1778,826828.1,806676.44
1778,826828.1,795670.6
1778,826828.1,796392.1
1778,826828.1,804837.9
1778,826828.1,806387.6
1778,826828.1,808644.75
1778,826828.1,809429.56
1778,826828.1,800201.3
1778,826828.1,804152.06
1779,275940.34,252682.3
1779,275940.34,256482.23
1780,776168.7,772687.0
1780,776168.7,776588.94
1781,520391.16,562760.25
1781,520391.16,566278.5
1781,520391.16,565490.1
1781,520391.16,571491.6
1782,662595.56,564918.6
1782,662595.56,566097.44
1783,422446.38,508349.22
1783,422446.38,508149.6
1784,631739.44,609880.06
1784,631739.44,590410.2
1785,348363.62,379962.72
1785,348363.62,371326.56
1786,646796.2,717473.94
1787,640983.0,672835.9
1787,640983.0,675301.75
1787,640983.0,672768.3
1787,640983.0,674684.6
1787,640983.0,647276.6
1788,693757.0,701375.56
1788,693757.0,700390.0
1788,693757.0,701052.7
1788,693757.0,701757.75
1788,693757.0,704336.94
1788,693757.0,699666.9
1788,693757.0,681394.6
1789,930371.6,719947.2
1789,930371.6,691632.8
1790,1.0797871e+06,1.0498324e+06
1790,1.0797871e+06,1.0544568e+06
1790,1.0797871e+06,1.0588854e+06
1790,1.0797871e+06,1.0575896e+06
1790,1.0797871e+06,1.0490709e+06
1790,1.0797871e+06,1.0572432e+06
1790,1.0797871e+06,1.0705015e+06
1790,1.0797871e+06,1.0685151e+06
1790,1.0797871e+06,1.0636234e+06
1790,1.0797871e+06,1.0819185e+06
1790,1.0797871e+06,1.0511818e+06
1791,235153.27,245050.95
1791,235153.27,246173.23
1792,152620.16,162374.86
1792,152620.16,175279.83
1792,152620.16,165881.05
1793,672445.4,761202.06
1793,672445.4,756284.94
1793,672445.4,761782.8
1793,672445.4,758093.0
1793,672445.4,755942.5
1793,672445.4,761584.44
1793,672445.4,775747.25
1794,310817.7,273174.22
1795,1.3203438e+06,1.2697362e+06
1795,1.3203438e+06,1.2614615e+06
1795,1.3203438e+06,1.268543e+06
1795,1.3203438e+06,1.2629166e+06
1795,1.3203438e+06,1.2646698e+06
1795,1.3203438e+06,1.271117e+06
1795,1.3203438e+06,1.2618192e+06
1795,1.3203438e+06,1.2859632e+06
1796,238114.28,250408.08
1796,238114.28,245067.83
1797,916467.8,715972.6
1797,916467.8,720985.75
1798,836328.2,849124.94
1798,836328.2,850232.9
1799,459542.34,506943.28
1799,459542.34,500247.88
1800,635474.2,632262.6
1800,635474.2,622190.9
1800,635474.2,628863.75
1800,635474.2,622329.1
1800,635474.2,611427.0
1801,514967.7,487679.47
1801,514967.7,471374.94
1802,522943.78,551565.1
1802,522943.78,543400.7
1803,783309.75,753468.44
1803,783309.75,757923.8
1803,783309.75,752948.4
1803,783309.75,759841.6
1803,783309.75,752948.4
1803,783309.75,753024.9
1803,783309.75,752396.3
1803,783309.75,756719.6
1803,783309.75,720826.6
1804,383352.06,373890.62
1804,383352.06,378874.16
1804,383352.06,372304.94
1805,808093.4,796114.44
1805,808093.4,806517.8
1806,227038.52,301792.28
1806,227038.52,308500.0
1806,227038.52,303161.3
1807,262684.47,285697.34
1807,262684.47,280164.28
1807,262684.47,282675.2
1808,390418.75,388968.97
1808,390418.75,384478.56
1809,1.1624605e+06,1.1296621e+06
1809,1.1624605e+06,1.0985465e+06
1810,255493.11,235335.08
1810,255493.11,227504.58
1811,397205.5,468481.34
1811,397205.5,467505.62
1811,397205.5,463522.84
1812,471872.2,448356.1
1812,471872.2,440418.5
1813,525043.8,441276.5
1813,525043.8,443988.72
1813,525043.8,441425.25
1813,525043.8,447746.97
1814,2.3031425e+06,2.572504e+06
1814,2.3031425e+06,2.5713135e+06
1815,684108.1,748940.75
1815,684108.1,751602.56
1815,684108.1,757011.4
1815,684108.1,750614.4
1815,684108.1,753483.0
1815,684108.1,749155.3
1815,684108.1,764370.6
1816,316353.16,322658.4
1816,316353.16,330146.62
1817,452181.1,404228.6
1817,452181.1,358555.62
1818,658508.3,654566.4
1818,658508.3,681635.6
1818,658508.3,636256.4
1819,755316.7,721424.2
1819,755316.7,717891.44
1819,755316.7,714444.0
1819,755316.7,722279.94
1819,755316.7,718036.8
1819,755316.7,721867.5
1819,755316.7,704445.2
1819,755316.7,703293.5
1819,755316.7,703692.8
1819,755316.7,699043.44
1820,585740.4,471429.6
1820,585740.4,464420.9
1821,747173.94,753169.06
1821,747173.94,757712.75
1821,747173.94,750402.5
1821,747173.94,751541.8
1821,747173.94,743730.8
1821,747173.94,757164.44
1821,747173.94,749716.94
1821,747173.94,755358.94
1822,752691.06,695959.25
1822,752691.06,698883.2
1822,752691.06,693348.6
1822,752691.06,697786.75
1822,752691.06,705364.6
1822,752691.06,706795.56
1822,752691.06,701411.44
1823,559097.0,629308.5
1823,559097.0,621065.5
1823,559097.0,619158.0
1823,559097.0,630811.94
1823,559097.0,620811.6
1823,559097.0,623905.06
1823,559097.0,620761.1
1823,559097.0,613597.75
1823,559097.0,616403.6
1823,559097.0,614926.8
1823,559097.0,617139.94
1824,737543.8,661212.5
1824,737543.8,662611.1
1825,731243.5,681316.75
1825,731243.5,650110.5
1826,710758.2,718829.5
1826,710758.2,722808.25
1827,581560.06,655120.4
1827,581560.06,650776.6
1827,581560.06,648819.5
1827,581560.06,653949.06
1827,581560.06,655026.75
1827,581560.06,658490.8
1828,890434.75,842316.6
1828,890434.75,842331.56
1828,890434.75,841839.44
1828,890434.75,836414.25
1828,890434.75,847635.2
1828,890434.75,841071.3
1828,890434.75,852595.75
1829,565013.5,538484.8
1829,565013.5,547690.25
1830,138475.4,212806.77
1830,138475.4,208246.42
1831,580533.0,513340.8
1831,580533.0,512266.34
1832,906036.2,679941.3
1832,906036.2,697557.5
1833,278216.28,274031.38
1833,278216.28,288610.06
1834,237487.25,245470.39
1834,237487.25,246241.58
1834,237487.25,240895.23
1835,2.4069858e+06,2.5590108e+06
1835,2.4069858e+06,2.5593168e+06
1836,219040.19,303413.16
1836,219040.19,304686.72
1837,296482.12,266389.62
1837,296482.12,264939.6
1838,461558.4,377972.2
1838,461558.4,379550.97
1839,362844.5,301403.94
1839,362844.5,302676.1
1840,600791.56,588216.1
1840,600791.56,597039.9
1840,600791.56,598171.9
1840,600791.56,597855.1
1840,600791.56,595844.25
1840,600791.56,594603.6
1840,600791.56,593198.1
1840,600791.56,597265.4
1840,600791.56,593812.3
1841,544321.8,542740.6
1841,544321.8,558850.0
1842,2.4113565e+06,2.5843612e+06
1842,2.4113565e+06,2.5769982e+06
1843,349879.34,288282.88
1843,349879.34,286889.03
1844,520921.88,443935.8
1844,520921.88,458248.06
1845,509972.88,623220.1
1845,509972.88,597580.75
1846,347566.8,451027.38
1846,347566.8,452956.47
1847,620924.1,480668.2
1847,620924.1,472052.03
1847,620924.1,478348.78
1847,620924.1,484129.28
1847,620924.1,478463.2
1847,620924.1,473559.6
1848,802337.2,694010.56
1848,802337.2,680054.9
1849,627459.8,699872.9
1849,627459.8,721137.6
1850,653447.3,704973.25
1850,653447.3,710276.6
1851,466494.56,440932.34
1851,466494.56,433184.1
1852,714330.06,762910.3
1853,366697.22,377387.9
1853,366697.22,373933.53
1853,366697.22,382402.7
1854,349817.22,390404.75
1854,349817.22,392430.66
1854,349817.22,375756.66
1855,681392.9,655316.8
1855,681392.9,667245.56
1855,681392.9,658651.94
1855,681392.9,660306.5
1855,681392.9,643212.06
1856,1.0518145e+06,1.0510746e+06
1857,313208.47,373237.4
1857,313208.47,382691.1
1858,729131.0,704005.25
1858,729131.0,704885.94
1858,729131.0,699726.9
1858,729131.0,695853.44
1858,729131.0,684155.1
1859,1.3456308e+06,1.2991568e+06
1859,1.3456308e+06,1.3180478e+06
1859,1.3456308e+06,1.2992742e+06
1859,1.3456308e+06,1.3176844e+06
1859,1.3456308e+06,1.2991635e+06
1859,1.3456308e+06,1.3038122e+06
1859,1.3456308e+06,1.3121922e+06
1859,1.3456308e+06,1.3044212e+06
1859,1.3456308e+06,1.297715e+06
1859,1.3456308e+06,1.2963726e+06
1859,1.3456308e+06,1.304758e+06
1859,1.3456308e+06,1.2961106e+06
1859,1.3456308e+06,1.2953449e+06
1859,1.3456308e+06,1.299586e+06
1859,1.3456308e+06,1.2961654e+06
1859,1.3456308e+06,1.2756244e+06
1860,375207.8,368884.78
1860,375207.8,384212.25
1860,375207.8,369511.47
1861,412408.97,376624.84
1861,412408.97,374828.78
1861,412408.97,386225.44
1861,412408.97,379415.72
1862,667330.6,769782.75
1862,667330.6,769803.5
1862,667330.6,768957.7
1862,667330.6,775165.4
1862,667330.6,771805.06
1862,667330.6,775619.56
1862,667330.6,774304.9
1862,667330.6,773674.94
1862,667330.6,778484.1
1862,667330.6,776138.94
1863,577720.9,658143.3
1863,577720.9,636906.25
1864,692619.7,694811.3
1865,859608.2,846556.94
1865,859608.2,845534.5
1865,859608.2,842673.9
1865,859608.2,848728.94
1865,859608.2,848040.3
1865,859608.2,844707.1
1865,859608.2,846693.3
1865,859608.2,845993.44
1866,342552.03,277968.88
1866,342552.03,280862.06
1867,414638.1,481523.97
1867,414638.1,486137.28
1867,414638.1,474135.5
1867,414638.1,481999.2
1868,847709.06,824103.56
1869,882239.2,785290.4
1869,882239.2,782098.56
1869,882239.2,783426.3
1869,882239.2,790562.4
1869,882239.2,799919.1
1869,882239.2,801546.94
1869,882239.2,784007.06
1870,593775.56,624595.9
1870,593775.56,626740.06
1870,593775.56,621454.9
1870,593775.56,624439.9
1870,593775.56,620086.5
1870,593775.56,629393.06
1870,593775.56,629438.25
1870,593775.56,629483.75
1870,593775.56,624495.6
1870,593775.56,627120.1
1870,593775.56,623051.25
1870,593775.56,627667.56
1870,593775.56,626864.0
1870,593775.56,622098.56
1870,593775.56,623208.1
1871,505851.25,587355.75
1872,302878.1,388540.3
1872,302878.1,392315.1
1872,302878.1,404181.34
1872,302878.1,400390.5
1873,276883.7,260137.64
1873,276883.7,257036.39
1874,647875.2,598630.44
1874,647875.2,605726.5
1874,647875.2,602202.7
1874,647875.2,618195.1
1875,1.1480048e+06,1.1102904e+06
1875,1.1480048e+06,1.105998e+06
1875,1.1480048e+06,1.1051771e+06
1875,1.1480048e+06,1.1034856e+06
1875,1.1480048e+06,1.1038159e+06
1875,1.1480048e+06,1.1056615e+06
1875,1.1480048e+06,1.1279812e+06
1875,1.1480048e+06,1.1161842e+06
1875,1.1480048e+06,1.1199124e+06
1875,1.1480048e+06,1.1298406e+06
1876,877706.1,709498.25
1876,877706.1,728549.8
1877,395480.72,390254.75
1877,395480.72,393137.06
1877,395480.72,400292.94
1878,618303.75,598411.44
1878,618303.75,599420.0
1878,618303.75,602678.2
1878,618303.75,603148.6
1878,618303.75,603088.25
1878,618303.75,602391.9
1878,618303.75,601956.94
1878,618303.75,602028.94
1878,618303.75,602243.56
1878,618303.75,600210.1
1878,618303.75,599775.94
1878,618303.75,600315.56
1879,635638.06,665311.06
1879,635638.06,685005.9
1880,547878.44,615897.5
1880,547878.44,626824.94
1880,547878.44,625535.9
1880,547878.44,623976.44
1880,547878.44,627280.2
1880,547878.44,617115.75
1880,547878.44,623701.8
1880,547878.44,600122.5
1881,330345.94,363959.1
1881,330345.94,353954.9
1881,330345.94,366084.66
1881,330345.94,351761.25
1881,330345.94,364694.34
1882,361865.28,325320.25
1882,361865.28,323498.56
1882,361865.28,333700.97
1882,361865.28,330795.44
1883,266092.9,255731.14
1883,266092.9,263064.47
1883,266092.9,256089.67
1884,437866.44,398126.22
1884,437866.44,357805.38
1885,291705.78,263724.6
1885,291705.78,264345.6
1885,291705.78,267638.97
1885,291705.78,265656.47
1886,736550.7,737014.0
1887,646681.7,680181.6
1887,646681.7,655263.1
1888,560364.2,609031.0
1888,560364.2,627433.3
1889,380358.3,470351.78
1889,380358.3,458404.2
1889,380358.3,461334.97
1890,463496.3,393395.1
1890,463496.3,392251.94
1891,637645.44,640369.94
1891,637645.44,636882.2
1892,343817.44,341252.78
1892,343817.44,343608.78
1892,343817.44,353518.84
1893,563145.44,644545.9
1893,563145.44,643129.9
1893,563145.44,652858.94
1893,563145.44,651241.3
1893,563145.44,648093.1
1893,563145.44,645742.75
1894,1.0454663e+06,1.0763461e+06
1894,1.0454663e+06,1.1123725e+06
1894,1.0454663e+06,1.0942174e+06
1895,834467.2,735369.06
1895,834467.2,733247.3
1895,834467.2,735040.7
1895,834467.2,739266.6
1895,834467.2,734124.9
1895,834467.2,736193.5
1895,834467.2,731521.1
1895,834467.2,737377.25
1895,834467.2,734718.3
1896,1.3542646e+06,1.2780505e+06
1896,1.3542646e+06,1.2702821e+06
1896,1.3542646e+06,1.2764118e+06
1896,1.3542646e+06,1.2747169e+06
1896,1.3542646e+06,1.2686571e+06
1896,1.3542646e+06,1.2768418e+06
1896,1.3542646e+06,1.2750194e+06
1896,1.3542646e+06,1.241209e+06
1897,703374.8,618452.5
1897,703374.8,634856.8
1898,306218.1,302131.62
1898,306218.1,307538.66
1898,306218.1,300307.34
1899,303650.78,317225.44
1899,303650.78,313901.25
1900,539529.6,519984.94
1900,539529.6,526729.3
1900,539529.6,532199.9
1901,482855.84,576617.75
1901,482855.84,576253.06
1901,482855.84,578338.8
1901,482855.84,576244.06
1902,378567.47,463658.62
1902,378567.47,467851.7
1902,378567.47,458282.2
1902,378567.47,462629.06
1902,378567.47,464910.38
1903,497616.66,509651.62
1903,497616.66,509160.44
1903,497616.66,507867.78
1903,497616.66,514130.12
1904,885174.5,718018.4
1904,885174.5,706685.8
1905,615645.6,662973.7
1905,615645.6,692257.75
1906,653728.3,589353.94
1906,653728.3,591998.25
1906,653728.3,588674.56
1906,653728.3,585918.25
1906,653728.3,586438.4
1906,653728.3,593488.9
1906,653728.3,590393.4
1906,653728.3,603925.75
1907,1.3541285e+06,1.3654798e+06
1907,1.3541285e+06,1.3730966e+06
1907,1.3541285e+06,1.374792e+06
1907,1.3541285e+06,1.3651186e+06
1907,1.3541285e+06,1.3654829e+06
1907,1.3541285e+06,1.3659072e+06
1907,1.3541285e+06,1.3742328e+06
1907,1.3541285e+06,1.3664081e+06
1907,1.3541285e+06,1.3746812e+06
1907,1.3541285e+06,1.3728641e+06
1907,1.3541285e+06,1.3673841e+06
1907,1.3541285e+06,1.3765106e+06
1907,1.3541285e+06,1.3693434e+06
1907,1.3541285e+06,1.3698984e+06
1907,1.3541285e+06,1.3651968e+06
1907,1.3541285e+06,1.3737484e+06
1908,301082.75,256079.55
1908,301082.75,258588.83
1909,2.3353072e+06,2.5595655e+06
1909,2.3353072e+06,2.5531395e+06
1910,553494.0,589564.2
1910,553494.0,592168.6
1910,553494.0,597348.3
1910,553494.0,587852.6
1911,367327.56,362696.66
1911,367327.56,364855.9
1911,367327.56,365831.7
1911,367327.56,380471.84
1912,237682.88,243487.11
1912,237682.88,246162.67
1913,640069.7,607578.94
1913,640069.7,609608.8
1913,640069.7,610239.3
1913,640069.7,615595.2
1913,640069.7,621562.9
1913,640069.7,613085.1
1914,720720.8,705251.3
1914,720720.8,714166.56
1915,873704.1,856466.25
1915,873704.1,854292.6
1915,873704.1,856807.5
1915,873704.1,851680.2
1915,873704.1,854752.7
1915,873704.1,851359.0
1915,873704.1,857931.6
1915,873704.1,838962.06
1915,873704.1,845684.0
1916,925031.1,934714.6
1916,925031.1,933541.56
1916,925031.1,942891.6
1916,925031.1,943796.8
1916,925031.1,936329.7
1916,925031.1,930059.25
1916,925031.1,930911.94
1916,925031.1,923742.25
1916,925031.1,938437.4
1917,671034.4,720011.94
1917,671034.4,730517.1
1917,671034.4,722023.56
1918,257373.45,249491.52
1918,257373.45,256968.89
1919,359924.66,366443.88
1919,359924.66,372595.88
1920,725006.9,753817.8
1920,725006.9,760413.9
1920,725006.9,753393.9
1920,725006.9,752375.1
1920,725006.9,749951.2
1920,725006.9,755359.44
1920,725006.9,745630.25
1920,725006.9,743891.56
1920,725006.9,759371.9
1921,495431.53,525269.2
1921,495431.53,522839.4
1922,889351.06,908136.5
1922,889351.06,897407.5
1922,889351.06,900321.6
1922,889351.06,904829.25
1922,889351.06,903938.6
1922,889351.06,907886.25
1922,889351.06,907661.1
1922,889351.06,904354.25
1922,889351.06,894528.5
1922,889351.06,904883.25
1922,889351.06,902841.94
1922,889351.06,898599.06
1922,889351.06,891675.56
1923,247207.11,255308.33
1923,247207.11,248234.02
1924,606365.44,608724.75
1924,606365.44,597602.75
1925,388592.7,306730.7
1925,388592.7,312370.53
1925,388592.7,317551.2
1926,650963.9,711401.2
1926,650963.9,707230.06
1926,650963.9,710582.2
1926,650963.9,715692.5
1926,650963.9,710371.44
1926,650963.9,714560.2
1926,650963.9,712813.3
1926,650963.9,712629.5
1926,650963.9,703743.4
1927,1.1654381e+06,1.1438972e+06
1927,1.1654381e+06,1.1588e+06
1928,2.2128765e+06,2.5542768e+06
1928,2.2128765e+06,2.5502632e+06
1929,615780.4,590185.3
1929,615780.4,580177.9
1930,564265.0,465021.0
1930,564265.0,468106.97
1931,649167.8,583384.5
1931,649167.8,587707.25
1931,649167.8,593315.75
1931,649167.8,593393.8
1931,649167.8,588906.0
1931,649167.8,587965.9
1931,649167.8,585899.4
1931,649167.8,585590.56
1932,414985.22,363404.22
1932,414985.22,362137.84
1932,414985.22,362479.6
1933,483593.03,413027.25
1934,549037.0,540690.5
1934,549037.0,541706.2
1934,549037.0,535265.2
1934,549037.0,548470.5
1935,404609.06,381158.6
1935,404609.06,379797.78
1935,404609.06,384120.5
1935,404609.06,385963.28
1936,843057.56,862074.06
1936,843057.56,864460.75
1936,843057.56,859199.25
1936,843057.56,860789.06
1936,843057.56,863085.56
1936,843057.56,896232.0
1937,471790.56,423181.06
1937,471790.56,423922.62
1937,471790.56,444867.5
1937,471790.56,425579.88
1938,1.4286439e+06,1.369717e+06
1938,1.4286439e+06,1.3690246e+06
1938,1.4286439e+06,1.3683384e+06
1938,1.4286439e+06,1.3710178e+06
1938,1.4286439e+06,1.3829311e+06
1938,1.4286439e+06,1.3711026e+06
1938,1.4286439e+06,1.3718178e+06
1938,1.4286439e+06,1.3700774e+06
1938,1.4286439e+06,1.3681561e+06
1938,1.4286439e+06,1.3730439e+06
1939,672679.8,627205.7
1939,672679.8,634933.44
1940,259024.11,242968.39
1940,259024.11,246808.17
1940,259024.11,248191.23
1941,780818.2,699530.1
1941,780818.2,696208.25
1941,780818.2,698599.7
1941,780818.2,695838.5
1941,780818.2,700076.25
1941,780818.2,697471.1
1941,780818.2,687456.2
1942,499120.62,485669.7
1942,499120.62,471605.53
1943,717368.94,720652.06
1943,717368.94,726601.56
1943,717368.94,717265.5
1944,619496.6,702127.5
1944,619496.6,707512.44
1944,619496.6,699633.25
1944,619496.6,713276.9
1944,619496.6,715369.94
1944,619496.6,711365.56
1944,619496.6,711533.5
1944,619496.6,688446.0
1945,738198.3,656975.1
1945,738198.3,664331.25
1945,738198.3,660607.06
1945,738198.3,664984.6
1945,738198.3,659856.9
1945,738198.3,659014.4
1945,738198.3,662237.25
1946,774568.6,755250.94
1946,774568.6,754656.1
1946,774568.6,749617.2
1946,774568.6,749884.06
1946,774568.6,754674.0
1946,774568.6,755326.25
1946,774568.6,772681.5
1947,382897.4,402919.53
1947,382897.4,390814.75
1948,550344.7,597044.7
1948,550344.7,568415.7
1949,654550.94,702771.9
1949,654550.94,723861.06
1950,863139.8,842815.5
1950,863139.8,836439.5
1951,815558.0,741767.0
1951,815558.0,736398.25
1951,815558.0,733031.1
1951,815558.0,739822.9
1951,815558.0,741084.9
1951,815558.0,743966.0
1951,815558.0,740676.3
1951,815558.0,733717.5
1952,527784.2,533121.0
1952,527784.2,543804.3
1952,527784.2,537972.56
1953,679821.4,714404.06
1953,679821.4,725297.75
1953,679821.4,706878.6
1954,832732.2,797787.7
1954,832732.2,799401.4
1954,832732.2,801393.9
1954,832732.2,812150.9
1954,832732.2,799684.75
1954,832732.2,802955.2
1954,832732.2,794817.6
1954,832732.2,810521.9
1955,609291.4,614470.9
1955,609291.4,637283.0
1956,743873.0,754863.3
1956,743873.0,753388.5
1957,292934.97,361666.56
1957,292934.97,369193.53
1957,292934.97,366339.7
1958,463007.34,506513.88
1959,626093.25,607020.7
1959,626093.25,575877.8
1960,410843.72,492097.16
1960,410843.72,493411.1
1960,410843.72,490151.3
1960,410843.72,493432.78
1960,410843.72,498658.78
1960,410843.72,502991.2
1961,324846.62,274538.62
1961,324846.62,270908.5
1962,823611.75,841781.06
1962,823611.75,853411.25
1963,288653.5,261449.73
1963,288653.5,256968.08
1964,693451.5,767215.8
1964,693451.5,760847.4
1964,693451.5,761164.0
1964,693451.5,764715.4
1964,693451.5,756228.6
1964,693451.5,750945.6
1964,693451.5,759577.0
1964,693451.5,749953.6
1964,693451.5,762353.0
1965,303407.22,310397.3
1965,303407.22,312660.66
1965,303407.22,315891.06
1966,433848.5,385725.16
1967,393676.0,492371.25
1967,393676.0,489545.38
1968,532066.1,548006.6
1968,532066.1,561380.1
1969,826547.44,794660.1
1969,826547.44,805552.25
1970,734924.8,696258.25
1970,734924.8,686617.2
1971,485278.94,485856.8
1971,485278.94,470767.7
1972,255359.25,318465.94
1972,255359.25,317796.25
1972,255359.25,323603.56
1972,255359.25,326745.8
1973,1.3158066e+06,1.2626872e+06
1973,1.3158066e+06,1.2576686e+06
1973,1.3158066e+06,1.257206e+06
1973,1.3158066e+06,1.2609745e+06
1973,1.3158066e+06,1.2618466e+06
1973,1.3158066e+06,1.25769e+06
1973,1.3158066e+06,1.255411e+06
1973,1.3158066e+06,1.2561501e+06
1973,1.3158066e+06,1.258151e+06
1973,1.3158066e+06,1.250103e+06
1973,1.3158066e+06,1.2676115e+06
1974,417243.94,310793.75
1974,417243.94,305769.1
1974,417243.94,309225.16
1974,417243.94,309174.1
1975,342020.4,350744.44
1975,342020.4,343509.44
1976,250638.1,251140.45
1976,250638.1,252848.42
1976,250638.1,259398.14
1976,250638.1,251577.33
1977,2.432527e+06,2.5672812e+06
1977,2.432527e+06,2.564655e+06
1978,848272.44,815321.94
1978,848272.44,814129.5
1978,848272.44,811435.2
1978,848272.44,815406.1
1978,848272.44,835415.25
1978,848272.44,830870.25
1978,848272.44,794082.56
1979,762883.75,604444.44
1980,621074.9,539902.06
1980,621074.9,569538.44
1981,761661.8,771386.9
1981,761661.8,772826.06
1982,604359.25,668965.06
1983,907501.8,762282.1
1983,907501.8,760442.8
1983,907501.8,764324.8
1983,907501.8,760067.8
1983,907501.8,760027.94
1983,907501.8,759504.75
1983,907501.8,761078.25
1983,907501.8,764514.4
1984,818884.56,739766.1
1984,818884.56,751037.5
1984,818884.56,740737.94
1984,818884.56,743825.4
1984,818884.56,744157.1
1984,818884.56,743591.94
1984,818884.56,740526.7
1984,818884.56,734645.75
1985,729838.5,737674.9
1985,729838.5,744385.25
1985,729838.5,738266.56
1985,729838.5,747826.9
1985,729838.5,738127.3
1985,729838.5,745813.25
1985,729838.5,739681.25
1985,729838.5,746615.94
1986,221045.25,286944.4
1986,221045.25,293112.28
1986,221045.25,287343.0
1987,574747.4,496641.34
1987,574747.4,491301.72
1988,723929.7,772925.1
1989,597454.3,578790.56
1989,597454.3,562338.7
1990,466182.62,432024.53
1990,466182.62,429381.0
1991,774804.0,782941.75
1991,774804.0,784176.94
1991,774804.0,772243.0
1991,774804.0,796030.4
1991,774804.0,775648.6
1991,774804.0,805290.56
1992,450567.3,422576.6
1992,450567.3,423464.5
1992,450567.3,421822.06
1992,450567.3,429490.06
1992,450567.3,424510.5
1992,450567.3,423732.3
1992,450567.3,422817.78
1992,450567.3,423189.53
1992,450567.3,427053.38
1993,433529.56,412686.97
1993,433529.56,396571.9
1994,472118.0,447873.06
1994,472118.0,451718.78
1994,472118.0,470809.66
1994,472118.0,449185.7
1995,620227.7,567819.25
1995,620227.7,572049.56
1996,264039.5,256252.77
1996,264039.5,256267.39
1996,264039.5,262007.05
1997,263993.28,287791.06
1997,263993.28,291076.7
1998,499316.78,504535.7
1998,499316.78,523520.94
1998,499316.78,518599.94
1999,586395.3,587063.44
1999,586395.3,590326.3
1999,586395.3,586040.5
1999,586395.3,585257.25
2000,472470.28,433680.53
2000,472470.28,439209.6
2000,472470.28,459784.06
2001,568326.5,553683.94
2001,568326.5,550568.3
2002,526567.3,548280.56
2002,526567.3,533649.56
2003,782819.94,770950.2
2003,782819.94,777839.1
2003,782819.94,777327.56
2003,782819.94,785041.1
2003,782819.94,778001.9
2003,782819.94,771668.1
2003,782819.94,772581.56
2003,782819.94,786658.4
2003,782819.94,778615.3
2004,2.4618265e+06,2.5776338e+06
2004,2.4618265e+06,2.5690968e+06
2005,612257.0,585126.25
2005,612257.0,586995.75
2005,612257.0,588858.7
2005,612257.0,589406.4
2005,612257.0,593161.5
2005,612257.0,589621.56
2005,612257.0,585259.5
2005,612257.0,580882.9
2005,612257.0,578655.06
2006,471148.6,404263.06
2006,471148.6,406479.47
2006,471148.6,425221.0
2006,471148.6,410024.06
2007,908611.6,794364.1
2008,514104.5,594132.2
2008,514104.5,593977.56
2008,514104.5,588882.5
2008,514104.5,574300.6
2009,547864.8,539420.4
2009,547864.8,549428.56
2010,750527.44,740605.56
2010,750527.44,749870.8
2010,750527.44,751224.6
2011,473422.94,527302.44
2011,473422.94,528332.6
2011,473422.94,521130.1
2012,1.1074514e+06,1.2069759e+06
2012,1.1074514e+06,1.2081415e+06
2012,1.1074514e+06,1.204147e+06
2012,1.1074514e+06,1.2029275e+06
2012,1.1074514e+06,1.2055015e+06
2012,1.1074514e+06,1.2082699e+06
2012,1.1074514e+06,1.2082508e+06
2012,1.1074514e+06,1.1812366e+06
2013,312527.28,349054.7
2013,312527.28,327207.56
2014,650825.4,614067.94
2014,650825.4,613034.56
2014,650825.4,611222.0
2014,650825.4,608458.75
2014,650825.4,609479.7
2014,650825.4,611100.75
2014,650825.4,614002.6
2014,650825.4,606713.7
2014,650825.4,612675.8
2014,650825.4,612509.25
2014,650825.4,608983.2
2014,650825.4,610694.4
2014,650825.4,597266.8
2015,562819.56,548884.3
2015,562819.56,565849.1
2016,198387.66,236945.17
2016,198387.66,236848.92
2017,756935.9,758651.25
2017,756935.9,758978.3
2017,756935.9,761776.4
2017,756935.9,762368.3
2017,756935.9,764330.1
2017,756935.9,760515.5
2017,756935.9,748224.8
2017,756935.9,748236.56
2017,756935.9,759774.56
2017,756935.9,778350.94
2018,678107.3,681811.4
2018,678107.3,680143.4
2018,678107.3,682018.94
2018,678107.3,683133.8
2018,678107.3,690897.1
2018,678107.3,671646.4
2019,280656.56,257209.67
2019,280656.56,250946.14
2020,437216.38,505994.88
2020,437216.38,500741.6
2021,635632.6,653553.9
2021,635632.6,618854.6
2022,472030.53,464760.1
2022,472030.53,456564.94
2023,505499.94,531217.56
2023,505499.94,555660.56
2023,505499.94,534742.25
2024,387430.0,370118.5
2024,387430.0,384448.22
2024,387430.0,376399.8
2025,269347.72,334660.06
2025,269347.72,326964.22
2026,596987.3,541696.25
2026,596987.3,561606.3
2027,860582.75,802969.2
2027,860582.75,802441.06
2027,860582.75,802862.94
2027,860582.75,794655.9
2027,860582.75,802604.7
2027,860582.75,807879.7
2027,860582.75,794828.7
2027,860582.75,805551.8
2027,860582.75,802461.25
2028,684048.9,647463.56
2028,684048.9,645874.06
2028,684048.9,667283.2
2028,684048.9,644650.1
2028,684048.9,654685.44
2028,684048.9,647636.44
2029,424056.4,388593.1
2029,424056.4,388072.22
2029,424056.4,397970.1
2029,424056.4,391856.06
2030,827531.94,836312.06
2030,827531.94,834878.3
2030,827531.94,842680.75
2030,827531.94,838281.6
2030,827531.94,838314.06
2030,827531.94,835760.6
2030,827531.94,837623.75
2030,827531.94,830362.56
2030,827531.94,841661.06
2030,827531.94,845288.06
2031,344677.88,338003.34
2031,344677.88,337853.53
2031,344677.88,341368.34
2032,622489.2,771393.3
2032,622489.2,771890.25
2032,622489.2,776112.94
2032,622489.2,766341.0
2032,622489.2,769947.1
2032,622489.2,769778.0
2032,622489.2,772169.44
2032,622489.2,763243.8
2032,622489.2,793016.4
2033,390520.56,292453.38
2033,390520.56,305593.97
2034,1.2665596e+06,1.3012764e+06
2034,1.2665596e+06,1.3239566e+06
2035,377183.2,303192.62
2035,377183.2,292680.88
2036,705910.9,631800.0
2036,705910.9,655467.56
2037,611126.8,665586.44
2037,611126.8,672250.7
2037,611126.8,649572.25
2038,465486.75,444372.16
2038,465486.75,445414.94
2038,465486.75,465694.78
2039,392754.22,305276.0
2039,392754.22,297949.8
2040,831715.2,863658.25
2040,831715.2,863220.94
2040,831715.2,860918.44
2040,831715.2,860249.9
2040,831715.2,858750.94
2040,831715.2,855697.2
2040,831715.2,859056.1
2040,831715.2,856088.25
2040,831715.2,861989.9
2040,831715.2,840945.2
2040,831715.2,857893.3
2041,357976.4,340954.78
2041,357976.4,345973.8
2042,1.0831844e+06,1.0604094e+06
2042,1.0831844e+06,1.0697034e+06
2043,344989.2,286331.44
2043,344989.2,271265.66
2044,752713.94,654343.7
2044,752713.94,661275.9
2044,752713.94,659796.4
2044,752713.94,652196.75
2044,752713.94,672627.0
2045,317346.66,289613.2
2045,317346.66,287071.53
2045,317346.66,293348.22
2046,733681.2,698456.8
2046,733681.2,701780.5
2047,1.1141321e+06,1.0602366e+06
2047,1.1141321e+06,1.0492729e+06
2047,1.1141321e+06,1.0608631e+06
2047,1.1141321e+06,1.04916e+06
2047,1.1141321e+06,1.0529652e+06
2047,1.1141321e+06,1.0761004e+06
2048,295074.84,263030.7
2048,295074.84,258118.7
2048,295074.84,263971.22
2048,295074.84,257755.23
2049,312479.56,347699.1
2049,312479.56,347541.62
2049,312479.56,350639.4
2049,312479.56,365953.25
2050,846284.6,845701.7
2050,846284.6,838770.2
2051,720630.3,766321.06
2051,720630.3,762333.56
2051,720630.3,761099.8
2051,720630.3,760099.1
2051,720630.3,763205.7
2051,720630.3,764298.5
2051,720630.3,755353.56
2051,720630.3,756866.0
2051,720630.3,785118.1
2052,1.1379471e+06,1.162908e+06
2052,1.1379471e+06,1.1609775e+06
2052,1.1379471e+06,1.1615704e+06
2052,1.1379471e+06,1.1639144e+06
2052,1.1379471e+06,1.1609584e+06
2052,1.1379471e+06,1.1592542e+06
2052,1.1379471e+06,1.1603978e+06
2052,1.1379471e+06,1.1613924e+06
2053,390184.28,462561.2
2053,390184.28,462361.4
2054,455279.94,402089.3
2054,455279.94,412819.9
2054,455279.94,407533.34
2054,455279.94,409833.7
2054,455279.94,408008.16
2054,455279.94,417976.94
2055,457724.44,561539.75
2055,457724.44,567528.0
2055,457724.44,566449.6
2055,457724.44,562081.25
2055,457724.44,555594.56
2055,457724.44,554976.6
2056,428350.94,545140.5
2056,428350.94,550162.6
2057,644061.94,671692.1
2057,644061.94,666759.44
2058,194684.39,234430.83
2058,194684.39,241115.08
2058,194684.39,236527.2
2059,537096.8,503190.6
2059,537096.8,507383.66
2059,537096.8,491859.5
2060,498764.7,538956.5
2060,498764.7,537916.25
2060,498764.7,538170.06
2060,498764.7,527799.6
2061,504918.34,554582.06
2061,504918.34,553434.0
2061,504918.34,546757.06
2061,504918.34,548996.8
2061,504918.34,546083.9
2061,504918.34,554169.6
2061,504918.34,538030.9
2062,591621.5,579228.1
2062,591621.5,583714.1
2063,378102.97,308064.9
2063,378102.97,305151.34
2064,392032.56,303833.12
2064,392032.56,308645.56
2065,2.1509972e+06,2.5496938e+06
2065,2.1509972e+06,2.542516e+06
2066,672563.25,650042.94
2066,672563.25,657422.7
2066,672563.25,652867.25
2066,672563.25,655129.1
2066,672563.25,650310.4
2066,672563.25,655978.25
2066,672563.25,636734.9
2067,486850.1,448912.97
2067,486850.1,451298.0
2067,486850.1,456815.28
2068,861793.8,714876.7
2068,861793.8,675475.25
2069,430822.16,443553.88
2069,430822.16,435804.66
2069,430822.16,459747.88
2070,617593.56,713658.7
2070,617593.56,709576.2
2071,469339.3,490276.06
2071,469339.3,498418.9
2071,469339.3,497051.06
2071,469339.3,497756.44
2072,668242.25,744069.44
2072,668242.25,740946.7
2072,668242.25,736802.6
2072,668242.25,739635.5
2072,668242.25,743694.94
2072,668242.25,755370.3
2073,446566.84,411139.94
2073,446566.84,398502.0
2074,556830.94,600152.8
2074,556830.94,612417.06
2075,412410.5,511426.88
2075,412410.5,533113.56
2076,418805.88,371855.66
2076,418805.88,368137.8
2077,585037.75,596784.6
2077,585037.75,596124.94
2077,585037.75,598878.56
2077,585037.75,597463.3
2077,585037.75,596550.3
2077,585037.75,590176.25
2077,585037.75,598031.6
2077,585037.75,596179.3
2077,585037.75,581293.5
2078,239053.45,249277.42
2078,239053.45,250905.3
2078,239053.45,244595.61
2079,351208.28,389117.5
2080,917369.0,871874.3
2080,917369.0,873179.9
2081,879625.0,702520.7
2081,879625.0,677800.2
2082,650810.1,680762.56
2082,650810.1,669874.9
2083,511123.44,581448.06
2083,511123.44,577015.6
2083,511123.44,566876.1
2084,651409.25,623170.2
2084,651409.25,625093.8
2085,276279.94,245983.42
2085,276279.94,250267.3
2086,844521.25,662889.7
2087,888188.3,699331.2
2087,888188.3,684253.75
2088,537224.75,577772.2
2088,537224.75,606326.56
2089,399930.9,308306.8
2089,399930.9,301932.22
2090,1.1605305e+06,1.1693528e+06
2090,1.1605305e+06,1.1699774e+06
2090,1.1605305e+06,1.1704129e+06
2090,1.1605305e+06,1.1716816e+06
2090,1.1605305e+06,1.1588034e+06
2090,1.1605305e+06,1.1747182e+06
2090,1.1605305e+06,1.1699699e+06
2090,1.1605305e+06,1.1513671e+06
2091,1.1100755e+06,1.1578319e+06
2091,1.1100755e+06,1.155427e+06
2091,1.1100755e+06,1.1597736e+06
2091,1.1100755e+06,1.1559022e+06
2091,1.1100755e+06,1.155314e+06
2091,1.1100755e+06,1.1568955e+06
2091,1.1100755e+06,1.1582549e+06
2091,1.1100755e+06,1.128892e+06
2092,488874.0,486530.44
2092,488874.0,477478.8
2092,488874.0,494797.66
2092,488874.0,481390.72
2093,823278.2,788138.75
2093,823278.2,793563.6
2093,823278.2,787698.6
2093,823278.2,787912.06
2093,823278.2,781275.1
2093,823278.2,785892.4
2093,823278.2,791707.44
2093,823278.2,778181.1
2093,823278.2,791932.9
2093,823278.2,799091.1
2094,397839.97,402485.88
2094,397839.97,396499.7
2094,397839.97,399989.9
2095,620387.7,571928.8
2095,620387.7,576684.5
2096,583024.5,608380.5
2096,583024.5,613281.0
2097,690130.06,706441.7
2097,690130.06,709448.44
2098,397727.56,420763.66
2098,397727.56,409698.94
2098,397727.56,428545.3
2098,397727.56,407835.5
2098,397727.56,416389.56
2098,397727.56,413774.25
2098,397727.56,411686.88
2098,397727.56,422022.9
2099,231566.83,205712.61
2099,231566.83,198947.58
2100,380682.44,456013.16
2100,380682.44,466853.25
2101,807361.0,743021.6
2101,807361.0,740941.0
2101,807361.0,751544.44
2101,807361.0,744103.44
2101,807361.0,746668.8
2101,807361.0,742102.0
2101,807361.0,737950.56
2101,807361.0,757429.06
2102,1.0502962e+06,1.1856476e+06
2103,708224.5,749824.5
2103,708224.5,753202.1
2103,708224.5,747847.44
2103,708224.5,754939.06
2103,708224.5,745208.3
2103,708224.5,747493.25
2103,708224.5,774095.25
2104,521400.5,524638.1
2104,521400.5,536764.25
2104,521400.5,533232.0
2105,408088.03,397240.38
2105,408088.03,389658.66
2106,675799.3,703707.2
2106,675799.3,711500.94
2107,595435.7,636314.94
2107,595435.7,629731.4
2108,568348.06,636006.8
2108,568348.06,630331.56
2108,568348.06,629393.44
2108,568348.06,630116.3
2108,568348.06,631491.25
2108,568348.06,631495.56
2108,568348.06,620767.8
2108,568348.06,621655.4
2108,568348.06,625628.0
2108,568348.06,614239.0
2108,568348.06,598627.7
2109,807978.3,694165.25
2109,807978.3,665818.1
2110,362295.2,359354.72
2110,362295.2,353674.3
2111,2.3593978e+06,2.5866798e+06
2111,2.3593978e+06,2.582922e+06
2112,2.4645125e+06,2.598816e+06
2112,2.4645125e+06,2.5942492e+06
2113,386915.72,377506.3
2113,386915.72,393378.88
2113,386915.72,388342.1
2114,423675.1,550900.6
2114,423675.1,549271.75
2115,992167.25,866920.9
2115,992167.25,866957.25
2115,992167.25,874555.5
2115,992167.25,866901.6
2115,992167.25,896503.94
2115,992167.25,875556.94
2115,992167.25,879173.9
2116,689535.7,686434.2
2116,689535.7,682824.25
2116,689535.7,678111.7
2116,689535.7,683509.2
2116,689535.7,682763.8
2116,689535.7,683677.4
2116,689535.7,685774.44
2117,635867.5,728626.25
2117,635867.5,707738.2
2118,475747.97,495114.44
2118,475747.97,492739.28
2118,475747.97,503022.56
2118,475747.97,497861.84
2118,475747.97,498779.12
2118,475747.97,465652.78
2119,836284.25,753910.8
2119,836284.25,755010.06
2119,836284.25,750239.0
2119,836284.25,757285.6
2119,836284.25,754696.0
2119,836284.25,747361.5
2119,836284.25,720812.5
2120,515634.5,592491.44
2120,515634.5,568517.1
2121,582959.2,576366.94
2121,582959.2,577069.8
2121,582959.2,578092.7
2121,582959.2,591690.7
2122,986096.25,948687.7
2122,986096.25,997926.1
2123,304618.62,268817.88
2123,304618.62,267176.12
2124,599745.9,490672.5
2124,599745.9,484293.22
2124,599745.9,490157.5
2124,599745.9,486097.47
2125,173031.45,276912.94
2125,173031.45,278726.6
2126,648862.06,495391.22
2126,648862.06,487653.44
2126,648862.06,495146.9
2126,648862.06,490626.78
2126,648862.06,495086.28
2126,648862.06,497791.72
2127,471567.78,530893.75
2127,471567.78,527637.3
2128,559488.44,559981.1
2128,559488.44,561169.3
2128,559488.44,551891.8
2128,559488.44,570832.7
2128,559488.44,567812.2
2128,559488.44,545073.56
2129,708572.1,659297.9
2129,708572.1,651035.44
2130,645311.1,676382.0
2130,645311.1,666250.94
2131,731181.44,739514.3
2131,731181.44,740537.6
2131,731181.44,739032.9
2131,731181.44,741228.56
2131,731181.44,736689.5
2131,731181.44,764424.6
2132,787015.3,705681.3
2132,787015.3,675721.94
2133,701520.1,714370.75
2133,701520.1,712833.75
2133,701520.1,711231.1
2133,701520.1,709748.9
2133,701520.1,696744.1
2133,701520.1,693726.06
2133,701520.1,708704.7
2134,320148.0,279983.66
2134,320148.0,278823.56
2135,598676.3,589773.94
2135,598676.3,574775.7
2136,169752.23,278076.3
2136,169752.23,282678.47
2137,393624.5,380110.16
2137,393624.5,381790.5
2137,393624.5,389618.5
2138,333309.25,297690.4
2139,395102.06,371310.66
2139,395102.06,363168.03
2139,395102.06,385809.84
2139,395102.06,370943.38
2140,792674.3,737463.5
2140,792674.3,736324.2
2140,792674.3,740277.06
2140,792674.3,740382.8
2140,792674.3,734280.4
2140,792674.3,739571.0
2140,792674.3,735043.25
2140,792674.3,739150.2
2141,516076.28,549336.7
2141,516076.28,572382.4
2142,596608.06,584883.75
2142,596608.06,582158.75
2142,596608.06,587201.9
2142,596608.06,585968.7
2142,596608.06,585184.3
2142,596608.06,587616.7
2142,596608.06,587122.4
2142,596608.06,581678.56
2143,940602.25,1.0187051e+06
2143,940602.25,1.0295008e+06
2143,940602.25,1.0266644e+06
2143,940602.25,1.03123794e+06
2143,940602.25,1.029814e+06
2143,940602.25,1.0233004e+06
2143,940602.25,1.03111544e+06
2144,984070.44,728444.06
2144,984070.44,728579.8
2144,984070.44,737130.5
2144,984070.44,733801.06
2144,984070.44,724683.75
2144,984070.44,728806.6
2144,984070.44,718018.1
2144,984070.44,711511.7
2144,984070.44,717480.3
2144,984070.44,718416.1
2144,984070.44,712788.75
2144,984070.44,705968.44
2145,670138.0,644399.3
2145,670138.0,619363.6
2146,503579.25,522373.16
2146,503579.25,512650.06
2147,352957.12,436560.44
2147,352957.12,451550.6
2148,486921.5,473325.1
2148,486921.5,476348.5
2148,486921.5,485027.06
2149,534654.8,598245.4
2149,534654.8,603832.44
2150,575938.1,645688.06
2150,575938.1,649485.94
2151,399670.88,474801.8
2151,399670.88,475046.03
2151,399670.88,475971.44
2151,399670.88,478936.03
2152,550017.06,750249.2
2152,550017.06,733832.25
2152,550017.06,741940.9
2152,550017.06,742270.75
2152,550017.06,742553.56
2152,550017.06,736794.2
2152,550017.06,748144.2
2153,320377.94,281416.0
2153,320377.94,282773.56
2153,320377.94,286612.28
2154,1.3031932e+06,1.2674215e+06
2154,1.3031932e+06,1.2650305e+06
2154,1.3031932e+06,1.2666356e+06
2154,1.3031932e+06,1.2691379e+06
2154,1.3031932e+06,1.2667405e+06
2154,1.3031932e+06,1.2663926e+06
2154,1.3031932e+06,1.2675121e+06
2154,1.3031932e+06,1.2513832e+06
2155,487607.72,482403.72
2155,487607.72,483244.88
2155,487607.72,490672.97
2155,487607.72,492277.78
2155,487607.72,496027.22
2156,819534.9,787548.25
2156,819534.9,815697.75
2157,828828.25,736384.5
2157,828828.25,740587.1
2157,828828.25,737451.4
2157,828828.25,731960.8
2157,828828.25,736276.6
2157,828828.25,748834.75
2157,828828.25,756483.0
2158,647471.7,692405.75
2158,647471.7,690179.0
2158,647471.7,686675.8
2158,647471.7,678824.56
2158,647471.7,677839.7
2159,158973.84,239789.02
2159,158973.84,230919.64
2160,231169.12,245705.7
2160,231169.12,239313.89
2161,622486.0,592459.6
2161,622486.0,596912.3
2161,622486.0,590250.9
2161,622486.0,608112.25
2162,597694.0,671717.2
2162,597694.0,663059.0
2163,312138.22,276232.25
2163,312138.22,282180.2
2163,312138.22,281547.7
2164,1.1623695e+06,1.1833395e+06
2164,1.1623695e+06,1.1811211e+06
2164,1.1623695e+06,1.1816159e+06
2164,1.1623695e+06,1.1798211e+06
2164,1.1623695e+06,1.181286e+06
2164,1.1623695e+06,1.1815088e+06
2164,1.1623695e+06,1.1822375e+06
2164,1.1623695e+06,1.1676931e+06
2165,247628.55,319869.16
2166,281421.06,260208.8
2166,281421.06,261253.52
2166,281421.06,260471.61
2167,818643.2,832060.2
2167,818643.2,837990.9
2167,818643.2,830977.56
2167,818643.2,843344.44
2167,818643.2,837861.8
2167,818643.2,829707.8
2167,818643.2,837544.3
2167,818643.2,832364.3
2167,818643.2,836709.5
2167,818643.2,839163.3
2167,818643.2,829394.1
2167,818643.2,838469.94
2167,818643.2,841849.1
2168,433613.8,443539.1
2168,433613.8,443208.97
2168,433613.8,444939.12
2169,763827.0,733858.1
2169,763827.0,728809.3
2169,763827.0,727703.75
2169,763827.0,734797.0
2169,763827.0,733023.4
2169,763827.0,715025.0
2170,215465.69,235650.7
2170,215465.69,240530.36
2171,976731.0,717235.0
2171,976731.0,733466.3
2172,1.126552e+06,1.1948368e+06
2172,1.126552e+06,1.1855135e+06
2173,221490.55,222250.83
2173,221490.55,232679.95
2173,221490.55,218919.05
2174,707025.56,656337.8
2174,707025.56,641444.5
2175,422187.47,314267.1
2175,422187.47,312467.7
2176,487106.1,401231.6
2176,487106.1,405469.56
2176,487106.1,419478.28
2177,675530.6,690277.1
2177,675530.6,683909.06
2178,447785.8,401882.7
2178,447785.8,395324.88
2178,447785.8,395648.12
2178,447785.8,406968.1
2178,447785.8,402586.94
2179,429708.2,510537.75
2179,429708.2,502264.94
2180,2.4177518e+06,2.582054e+06
2180,2.4177518e+06,2.5840395e+06
2181,389826.75,301077.1
2181,389826.75,301412.53
2182,607968.2,591376.9
2182,607968.2,580465.94
2182,607968.2,564963.7
2183,592524.1,618618.0
2183,592524.1,620516.6
2183,592524.1,623639.6
2183,592524.1,620965.44
2183,592524.1,617959.5
2183,592524.1,618031.4
2183,592524.1,626848.44
2183,592524.1,620080.56
2183,592524.1,613958.9
2183,592524.1,619977.8
2183,592524.1,612250.9
2183,592524.1,610136.75
2183,592524.1,617902.2
2183,592524.1,613211.06
2183,592524.1,614041.44
2183,592524.1,608626.8
2184,597583.25,642748.94
2184,597583.25,658776.06
2184,597583.25,622085.0
2185,587013.1,492221.78
2185,587013.1,499931.16
2185,587013.1,498302.9
2185,587013.1,498547.88
2185,587013.1,495667.84
2185,587013.1,495301.0
2185,587013.1,495413.5
2185,587013.1,500405.0
2186,595346.7,475476.6
2186,595346.7,482269.66
2187,262228.7,263140.1
2188,483411.28,445136.34
2188,483411.28,451617.88
2188,483411.28,471561.56
2188,483411.28,458844.78
2189,704096.8,663118.7
2189,704096.8,677707.25
2190,404295.78,461441.56
2190,404295.78,469910.38
2190,404295.78,470316.4
2190,404295.78,449061.28
2191,448790.34,517924.44
2191,448790.34,523453.97
2191,448790.34,521127.56
2192,666012.2,702292.06
2192,666012.2,701163.8
2192,666012.2,697516.5
2192,666012.2,694221.56
2192,666012.2,696582.25
2192,666012.2,661328.1
2193,592093.25,617558.56
2193,592093.25,619656.0
2193,592093.25,619307.5
2193,592093.25,611280.9
2193,592093.25,624928.44
2194,262000.25,257406.58
2194,262000.25,263001.12
2194,262000.25,254364.23
2195,1.1088916e+06,1.1509188e+06
2195,1.1088916e+06,1.165243e+06
2196,700551.7,643558.8
2196,700551.7,661416.4
2197,596055.25,596588.4
2197,596055.25,600218.56
2197,596055.25,595510.2
2197,596055.25,598618.9
2197,596055.25,600332.3
2197,596055.25,598003.56
2197,596055.25,599973.5
2197,596055.25,594476.2
2197,596055.25,605837.44
2198,543219.44,564923.5
2198,543219.44,575713.6
2199,768596.9,741367.94
2199,768596.9,740107.7
2199,768596.9,738529.25
2199,768596.9,740252.06
2199,768596.9,732847.6
2199,768596.9,735479.8
2199,768596.9,738047.3
2199,768596.9,736715.1
2200,461823.84,510249.6
2200,461823.84,508879.94
2200,461823.84,504533.0
2200,461823.84,501548.66
2200,461823.84,501116.47
2201,563767.0,573346.9
2201,563767.0,573869.7
2202,261139.23,286287.1
2202,261139.23,286501.44
2203,642196.3,557839.44
2204,782589.8,741296.7
2204,782589.8,743455.2
2204,782589.8,741231.9
2204,782589.8,738750.2
2204,782589.8,739595.9
2204,782589.8,727843.94
2205,301021.6,341084.34
2205,301021.6,345865.03
2205,301021.6,348049.75
2205,301021.6,362461.78
2206,375402.97,363245.22
2206,375402.97,366176.72
2206,375402.97,369990.88
2207,1.1167715e+06,1.1720301e+06
2207,1.1167715e+06,1.2039154e+06
2208,535294.3,559925.6
2208,535294.3,571296.8
2208,535294.3,570271.5
2208,535294.3,588563.25
2209,444222.2,432928.34
2209,444222.2,416730.78
2210,354867.72,423897.2
2210,354867.72,421749.56
2210,354867.72,422204.7
2210,354867.72,437689.75
2210,354867.72,434618.16
2211,379912.5,293892.34
2211,379912.5,312578.25
2211,379912.5,305811.12
2212,2.67717e+06,2.6228625e+06
2212,2.67717e+06,2.615527e+06
2213,945199.9,895350.8
2213,945199.9,895832.94
2213,945199.9,904167.9
2213,945199.9,895334.8
2213,945199.9,910556.1
2213,945199.9,918316.06
2213,945199.9,917497.06
2213,945199.9,928068.06
2213,945199.9,894916.9
2214,388127.1,314796.62
2214,388127.1,310604.28
2214,388127.1,315697.94
2214,388127.1,313176.8
2215,334457.28,360176.03
2215,334457.28,371845.22
2215,334457.28,360964.28
2216,209704.86,253305.73
2216,209704.86,255183.73
2217,763071.2,770116.75
2217,763071.2,770810.75
2217,763071.2,778990.44
2217,763071.2,772387.0
2217,763071.2,779495.8
2217,763071.2,779247.0
2217,763071.2,776634.3
2217,763071.2,774356.44
2217,763071.2,780737.8
2217,763071.2,778445.94
2217,763071.2,779921.06
2218,225510.31,245266.36
2218,225510.31,250671.92
2218,225510.31,239182.77
2219,776964.3,783012.0
2219,776964.3,790914.6
2220,437358.1,509096.34
2221,269042.9,348710.12
2221,269042.9,347101.12
2222,674368.7,709490.5
2222,674368.7,710706.8
2222,674368.7,711724.8
2222,674368.7,705754.44
2222,674368.7,709986.1
2222,674368.7,693165.2
2223,569321.25,576847.25
2223,569321.25,575743.0
2224,916782.5,935109.25
2224,916782.5,926207.8
2224,916782.5,940274.25
2224,916782.5,934434.94
2224,916782.5,940799.4
2224,916782.5,933106.4
2224,916782.5,931226.44
2224,916782.5,934821.6
2224,916782.5,913903.3
2224,916782.5,927624.9
2224,916782.5,926199.5
2224,916782.5,927058.0
2225,302898.78,354794.56
2225,302898.78,343359.4
2226,2.6026912e+06,2.598795e+06
2226,2.6026912e+06,2.6025485e+06
2226,2.6026912e+06,2.5933265e+06
2227,742357.1,743081.3
2227,742357.1,747702.4
2227,742357.1,748295.06
2227,742357.1,750895.0
2227,742357.1,752754.5
2227,742357.1,758544.75
2227,742357.1,757093.9
2227,742357.1,757413.0
2227,742357.1,749677.75
2228,642673.56,711598.4
2228,642673.56,726233.4
2229,630314.3,764847.1
2229,630314.3,762848.94
2229,630314.3,769600.8
2229,630314.3,760760.75
2229,630314.3,764257.2
2229,630314.3,759913.4
2229,630314.3,768600.44
2229,630314.3,779719.8
2230,980170.8,974601.44
2230,980170.8,972300.56
2230,980170.8,964463.44
2230,980170.8,981710.3
2230,980170.8,981693.1
2230,980170.8,973473.5
2230,980170.8,965715.4
2230,980170.8,968149.5
2230,980170.8,966395.4
2230,980170.8,964552.7
2230,980170.8,964168.6
2230,980170.8,967515.1
2230,980170.8,969552.0
2231,350197.53,285917.4
2231,350197.53,295967.66
2232,470494.9,504703.25
2232,470494.9,510936.97
2232,470494.9,509530.75
2232,470494.9,501834.56
2232,470494.9,501381.03
2233,1.2103976e+06,1.2445654e+06
2233,1.2103976e+06,1.2462099e+06
2234,222313.1,245241.73
2234,222313.1,249485.92
2234,222313.1,239669.73
2235,753279.5,785130.94
2235,753279.5,778976.2
2236,533529.75,478306.06
2237,747108.56,751790.5
2237,747108.56,749024.3
2238,762686.7,658287.7
2238,762686.7,629331.25
2239,740934.06,760332.44
2239,740934.06,766487.3
2240,725521.2,644468.2
2240,725521.2,663949.56
2240,725521.2,647160.25
2241,322163.97,276313.88
2241,322163.97,274569.3
2242,698945.4,700412.9
2242,698945.4,703020.0
2243,637236.56,584458.6
2243,637236.56,601677.44
2243,637236.56,574210.6
2244,560160.6,553124.3
2244,560160.6,555615.9
2244,560160.6,559067.94
2244,560160.6,551613.94
2244,560160.6,559901.4
2245,221580.4,307543.25
2245,221580.4,298847.9
2246,210741.64,241393.98
2246,210741.64,236358.92
2247,209629.72,232462.14
2247,209629.72,239908.92
2248,756272.6,713529.44
2248,756272.6,722310.7
2249,295816.2,350243.44
2249,295816.2,341932.2
2250,428429.5,495957.03
2250,428429.5,493704.0
2250,428429.5,499572.16
2250,428429.5,494520.9
2251,366617.06,429366.97
2252,2.4692272e+06,2.5961325e+06
2252,2.4692272e+06,2.589374e+06
2253,803897.8,848457.7
2253,803897.8,878052.44
2254,271250.9,252192.55
2254,271250.9,253593.3
2255,844440.56,855340.94
2255,844440.56,856990.7
2255,844440.56,853027.7
2255,844440.56,856958.25
2255,844440.56,854371.2
2255,844440.56,856588.9
2255,844440.56,857026.6
2255,844440.56,852153.75
2256,531504.1,475384.84
2257,1.2356872e+06,1.2371188e+06
2257,1.2356872e+06,1.2319095e+06
2257,1.2356872e+06,1.2344331e+06
2257,1.2356872e+06,1.2379018e+06
2257,1.2356872e+06,1.2378704e+06
2257,1.2356872e+06,1.2365386e+06
2257,1.2356872e+06,1.236194e+06
2257,1.2356872e+06,1.2337658e+06
2257,1.2356872e+06,1.2347051e+06
2258,373835.9,476256.5
2258,373835.9,480053.06
2259,685783.06,633220.06
2259,685783.06,631392.56
2260,328548.78,281121.75
2260,328548.78,288635.62
2260,328548.78,278247.28
2261,605833.1,642258.75
2261,605833.1,645666.1
2262,697396.7,725998.06
2262,697396.7,729603.06
2262,697396.7,730332.94
2262,697396.7,728231.9
2262,697396.7,726930.3
2262,697396.7,731051.44
2262,697396.7,727920.06
2262,697396.7,731417.2
2262,697396.7,731700.6
2262,697396.7,730919.75
2263,382298.66,465555.62
2263,382298.66,468618.8
2263,382298.66,468815.06
2263,382298.66,467578.4
2263,382298.66,466579.12
2264,417851.06,461612.22
2264,417851.06,463277.72
2264,417851.06,471655.0
2264,417851.06,473446.9
2265,601107.25,646592.25
2265,601107.25,637277.9
2265,601107.25,650912.8
2265,601107.25,659186.9
2265,601107.25,655102.56
2265,601107.25,636794.94
2266,841822.44,790774.25
2266,841822.44,784622.2
2267,2.4466672e+06,2.5962585e+06
2267,2.4466672e+06,2.586845e+06
2268,549645.75,638523.3
2268,549645.75,643374.4
2268,549645.75,643616.3
2269,398393.56,473261.3
2269,398393.56,462486.5
2270,588899.3,534961.56
2270,588899.3,557603.44
2271,831931.9,788515.8
2271,831931.9,794928.9
2271,831931.9,796621.56
2271,831931.9,788303.56
2271,831931.9,796752.5
2271,831931.9,806163.06
2271,831931.9,809368.6
2271,831931.9,821884.2
2271,831931.9,815408.25
2271,831931.9,806516.25
2272,728280.3,738878.6
2272,728280.3,720795.8
2273,185315.69,287585.6
2273,185315.69,293245.56
2274,1.3636738e+06,1.2613419e+06
2275,459371.75,515212.8
2275,459371.75,521137.78
2276,572953.25,713707.6
2276,572953.25,708711.6
2276,572953.25,712996.4
2276,572953.25,711582.3
2276,572953.25,708237.8
2276,572953.25,700701.8
2276,572953.25,708350.94
2276,572953.25,717674.8
2276,572953.25,702361.3
2277,799641.44,802280.75
2277,799641.44,800350.4
2277,799641.44,809152.56
2277,799641.44,802155.3
2277,799641.44,808381.7
2277,799641.44,804175.06
2277,799641.44,811197.56
2278,245791.81,243943.64
2278,245791.81,245565.92
2279,591669.5,760308.94
2280,2.635504e+06,2.5915542e+06
2280,2.635504e+06,2.5964645e+06
2280,2.635504e+06,2.5904952e+06
2281,560309.9,552076.75
2281,560309.9,556509.5
2282,368813.8,310556.53
2282,368813.8,326735.72
2282,368813.8,315708.12
2283,301608.53,270037.5
2283,301608.53,269887.7
2283,301608.53,269326.72
2284,598781.5,537253.2
2284,598781.5,526917.4
2284,598781.5,541950.9
2285,606086.9,638130.0
2285,606086.9,643528.2
2285,606086.9,658156.25
2285,606086.9,654760.6
2285,606086.9,656174.4
2285,606086.9,656413.75
2286,573022.56,576534.6
2286,573022.56,582860.5
2286,573022.56,582016.6
2286,573022.56,587763.44
2287,463745.3,486164.5
2287,463745.3,484647.53
2287,463745.3,498463.44
2288,465228.16,426092.72
2288,465228.16,422198.25
2288,465228.16,419315.16
2289,366234.62,378180.53
2289,366234.62,379804.03
2290,189013.33,238565.23
2290,189013.33,235720.27
2291,896476.1,840627.1
2291,896476.1,835381.5
2291,896476.1,815610.44
2292,396358.97,486766.56
2292,396358.97,497277.47
2293,415536.94,383661.9
2293,415536.94,376969.16
2294,601133.4,716894.3
2294,601133.4,732405.1
2294,601133.4,715526.9
2294,601133.4,722287.0
2294,601133.4,716624.4
2294,601133.4,719716.4
2294,601133.4,725297.0
2295,547323.4,589701.06
2295,547323.4,614021.6
2295,547323.4,585334.8
2296,319134.53,365848.66
2296,319134.53,365468.0
2296,319134.53,350643.5
2297,231500.67,242458.2
2297,231500.67,246051.39
2298,964171.44,1.0684908e+06
2298,964171.44,1.0701425e+06
2298,964171.44,1.0802738e+06
2298,964171.44,1.059882e+06
2298,964171.44,1.0676079e+06
2298,964171.44,1.068455e+06
2298,964171.44,1.0636152e+06
2298,964171.44,1.0625015e+06
2298,964171.44,1.0743249e+06
2298,964171.44,1.066516e+06
2298,964171.44,1.0778045e+06
2298,964171.44,1.0751135e+06
2298,964171.44,1.0749589e+06
2299,2.4556898e+06,2.5821135e+06
2299,2.4556898e+06,2.579836e+06
2300,573328.25,617917.56
2300,573328.25,640060.5
2300,573328.25,617205.2
2301,612276.94,699508.06
2301,612276.94,710028.0
2301,612276.94,699488.25
2301,612276.94,699798.25
2301,612276.94,710916.2
2301,612276.94,712553.5
2301,612276.94,706287.25
2301,612276.94,702064.56
2302,445247.78,413146.06
2302,445247.78,416069.88
2302,445247.78,423986.56
2302,445247.78,409818.47
2303,310321.06,269268.0
2303,310321.06,278217.34
2303,310321.06,276149.72
2304,465952.5,426408.28
2304,465952.5,435295.12
2304,465952.5,426962.56
2305,559228.8,569780.0
2305,559228.8,580235.75
2305,559228.8,567848.2
2305,559228.8,581386.1
2306,210268.58,238560.36
2306,210268.58,243498.42
2306,210268.58,232529.73
2307,721573.6,764678.3
2308,2.2979512e+06,2.554885e+06
2308,2.2979512e+06,2.5503768e+06
2309,810573.4,717592.0
2309,810573.4,717653.56
2309,810573.4,715561.56
2309,810573.4,715073.06
2309,810573.4,712894.06
2309,810573.4,719118.75
2310,366391.0,463447.25
2310,366391.0,459455.22
2311,645111.9,705431.25
2311,645111.9,697604.0
2312,2.596153e+06,2.566023e+06
2312,2.596153e+06,2.5688918e+06
2312,2.596153e+06,2.5688628e+06
2312,2.596153e+06,2.5736915e+06
2312,2.596153e+06,2.568455e+06
2312,2.596153e+06,2.5703492e+06
2312,2.596153e+06,2.5688628e+06
2312,2.596153e+06,2.5725822e+06
2312,2.596153e+06,2.5699888e+06
2312,2.596153e+06,2.568986e+06
2312,2.596153e+06,2.5756728e+06
2312,2.596153e+06,2.57229e+06
2312,2.596153e+06,2.5695062e+06
2312,2.596153e+06,2.5724668e+06
2312,2.596153e+06,2.5772572e+06
2312,2.596153e+06,2.5744462e+06
2313,445534.66,420506.5
2313,445534.66,415220.6
2314,549771.7,540553.44
2314,549771.7,555383.6
2315,575086.2,616349.6
2315,575086.2,623464.3
2316,2.6549592e+06,2.5854552e+06
2316,2.6549592e+06,2.5917472e+06
2317,397691.62,475285.6
2317,397691.62,483248.22
2317,397691.62,477214.78
2317,397691.62,470817.72
2317,397691.62,475810.75
2317,397691.62,477140.66
2318,544386.8,708986.25
2318,544386.8,687070.3
2319,659405.3,694246.44
2319,659405.3,696863.0
2320,649276.25,667120.06
2320,649276.25,680788.44
2321,203352.1,240404.02
2321,203352.1,239880.14
2322,589457.6,569104.4
2322,589457.6,574306.5
2322,589457.6,555474.9
2323,507616.03,459372.0
2323,507616.03,441328.62
2324,754663.75,715275.56
2324,754663.75,715702.6
2324,754663.75,709957.75
2324,754663.75,715356.6
2324,754663.75,711207.7
2324,754663.75,709105.0
2324,754663.75,696917.2
2324,754663.75,695478.0
2324,754663.75,697344.1
2325,461429.12,430609.53
2325,461429.12,426999.66
2326,341227.66,442680.03
2326,341227.66,455469.75
2327,528693.5,577527.44
2327,528693.5,578203.3
2328,399850.12,307624.75
2328,399850.12,307620.28
2328,399850.12,300596.4
2329,285688.22,257437.95
2329,285688.22,254376.08
2329,285688.22,260257.39
2330,373537.88,310504.2
2330,373537.88,314521.0
2331,361013.53,282918.5
2331,361013.53,288263.4
2332,344615.66,277648.78
2332,344615.66,286301.16
2333,631605.0,686963.06
2333,631605.0,699496.56
2333,631605.0,705924.4
2333,631605.0,697598.06
2333,631605.0,685595.9
2333,631605.0,713112.4
2334,597408.94,576187.3
2334,597408.94,576638.4
2334,597408.94,590788.44
2334,597408.94,579561.0
2334,597408.94,579126.9
2334,597408.94,603506.6
2335,299736.34,309075.56
2335,299736.34,308330.44
2336,507201.25,530654.25
2336,507201.25,533896.6
2336,507201.25,519677.3
2336,507201.25,536875.56
2337,565750.94,533741.4
2337,565750.94,526330.8
2337,565750.94,539607.8
2337,565750.94,547274.8
2337,565750.94,551773.0
2338,875742.56,942069.3
2338,875742.56,930863.0
2338,875742.56,947115.9
2338,875742.56,938554.5
2338,875742.56,931613.06
2338,875742.56,930863.0
2338,875742.56,955525.7
2339,702391.1,622294.8
2339,702391.1,648620.94
2340,2.2925412e+06,2.5519468e+06
2340,2.2925412e+06,2.553419e+06
2340,2.2925412e+06,2.5478082e+06
2341,965000.6,775672.06
2341,965000.6,775918.1
2341,965000.6,776451.8
2341,965000.6,774251.75
2341,965000.6,779967.8
2341,965000.6,779514.94
2341,965000.6,782343.75
2341,965000.6,762244.0
2342,764191.25,686098.56
2342,764191.25,689499.56
2342,764191.25,683369.1
2342,764191.25,677671.94
2342,764191.25,680399.25
2343,864219.1,686791.56
2343,864219.1,676085.1
2344,247645.61,283505.53
2344,247645.61,287464.03
2345,695266.06,643126.75
2345,695266.06,650965.8
2346,366460.72,288488.5
2346,366460.72,296813.66
2347,298004.5,308031.1
2347,298004.5,310397.72
2347,298004.5,311394.28
2348,809738.2,753155.7
2348,809738.2,763849.7
2348,809738.2,745243.75
2349,322212.8,311908.4
2349,322212.8,309827.2
2350,344384.47,349098.7
2350,344384.47,347826.66
2350,344384.47,361256.03
2350,344384.47,356481.5
2351,437196.47,425359.2
2351,437196.47,403992.97
2352,576757.8,621770.1
2352,576757.8,616126.8
2352,576757.8,611900.7
2352,576757.8,621213.1
2352,576757.8,601155.1
2353,515621.06,490538.3
2353,515621.06,486297.72
2354,420440.6,387274.8
2354,420440.6,382096.28
2355,451237.5,394409.78
2355,451237.5,387051.22
2356,622289.44,594947.8
2356,622289.44,606496.8
2357,515762.25,588723.3
2357,515762.25,578031.4
2358,774319.25,764439.2
2358,774319.25,766742.4
2359,534127.94,456459.66
2360,606456.5,630258.8
2360,606456.5,616363.1
2360,606456.5,624706.56
2360,606456.5,618276.75
2360,606456.5,618276.75
2361,167062.38,277805.0
2361,167062.38,276459.12
2362,417297.28,304938.84
2362,417297.28,291315.47
2363,431776.4,467411.44
2363,431776.4,466321.5
2364,695561.4,718201.56
2364,695561.4,725235.6
2364,695561.4,712403.94
2364,695561.4,721697.8
2364,695561.4,716055.75
2364,695561.4,722850.56
2364,695561.4,685108.06
2365,1.2575769e+06,1.1683361e+06
2365,1.2575769e+06,1.2011168e+06
2365,1.2575769e+06,1.1683984e+06
2366,365027.22,388597.78
2366,365027.22,379973.97
2367,800938.7,787871.9
2367,800938.7,794568.94
2368,625556.7,692955.06
2368,625556.7,691575.6
2368,625556.7,702332.7
2368,625556.7,709969.3
2368,625556.7,716643.2
2368,625556.7,708317.6
2368,625556.7,706551.6
2368,625556.7,678138.0
2369,436652.34,483537.56
2369,436652.34,489202.3
2369,436652.34,486523.4
2369,436652.34,484355.72
2369,436652.34,475289.53
2370,693992.6,698895.94
2370,693992.6,702981.94
2371,270133.75,296105.88
2371,270133.75,284350.2
2371,270133.75,275947.5
2372,378202.94,483725.8
2372,378202.94,477948.84
2372,378202.94,484606.72
2373,562312.8,634277.8
2373,562312.8,656834.0
2374,715508.06,746955.9
2374,715508.06,747704.94
2374,715508.06,750236.2
2374,715508.06,752292.8
2374,715508.06,750599.7
2374,715508.06,756481.3
2374,715508.06,737509.8
2374,715508.06,747144.0
2374,715508.06,747811.6
2374,715508.06,750500.6
2375,321724.47,278017.16
2375,321724.47,288072.25
2375,321724.47,280110.44
2376,687102.2,720886.06
2376,687102.2,725043.5
2376,687102.2,718839.8
2376,687102.2,726824.06
2376,687102.2,716324.8
2376,687102.2,739671.25
2377,269446.53,296512.28
2377,269446.53,295415.22
2378,615428.94,645130.3
2378,615428.94,630493.25
2378,615428.94,650119.6
2378,615428.94,629745.3
2378,615428.94,640873.3
2378,615428.94,637125.94
2378,615428.94,629260.2
2379,182247.6,283343.03
2379,182247.6,281452.34
2380,465025.6,478910.7
2380,465025.6,454954.94
2381,896842.9,822555.25
2381,896842.9,844887.9
2382,784907.2,742695.2
2382,784907.2,754689.5
2383,471020.62,516392.62
2383,471020.62,503351.6
2384,2.360285e+06,2.5585125e+06
2384,2.360285e+06,2.55599e+06
2385,759509.94,736606.4
2385,759509.94,745624.25
2386,509860.84,591322.5
2386,509860.84,570084.94
2387,391439.7,391329.4
2387,391439.7,390575.12
2387,391439.7,393165.25
2388,763285.75,733716.44
2388,763285.75,733661.4
2389,301524.56,305054.78
2389,301524.56,307127.2
2389,301524.56,308340.88
2390,577304.25,471666.6
2390,577304.25,468220.97
2390,577304.25,473392.2
2390,577304.25,471773.56
2391,2.7833618e+06,2.6240508e+06
2391,2.7833618e+06,2.6211015e+06
2392,576581.8,559105.5
2392,576581.8,546265.0
2393,406687.6,479894.88
2393,406687.6,491364.16
2394,673012.44,653950.6
2394,673012.44,637848.94
2395,426064.84,373673.44
2395,426064.84,380071.38
2395,426064.84,385970.8
2395,426064.84,379556.06
2396,403886.12,450830.2
2396,403886.12,420205.47
2397,574085.0,476504.12
2397,574085.0,480542.22
2397,574085.0,483452.97
2397,574085.0,483376.7
2398,743870.0,666682.44
2398,743870.0,658799.6
2398,743870.0,660713.7
2398,743870.0,664659.8
2398,743870.0,674116.2
2399,310234.8,269717.6
2400,569012.7,557934.06
2400,569012.7,550297.0
2400,569012.7,556389.4
2400,569012.7,557326.8
2401,362684.75,300878.25
2401,362684.75,296952.1
2402,580379.2,652308.75
2402,580379.2,639910.1
2403,676645.8,701149.75
2403,676645.8,706312.1
2403,676645.8,696759.94
2403,676645.8,693403.0
2403,676645.8,707545.5
2403,676645.8,704553.06
2403,676645.8,700073.5
2404,409981.72,406820.34
2405,689630.25,658003.56
2405,689630.25,656996.7
2405,689630.25,664502.1
2405,689630.25,650923.0
2405,689630.25,658552.3
2406,885233.94,854930.7
2406,885233.94,851563.2
2406,885233.94,856133.3
2406,885233.94,854718.56
2406,885233.94,854480.44
2406,885233.94,855782.56
2406,885233.94,855833.06
2406,885233.94,850395.94
2406,885233.94,851333.8
2406,885233.94,853022.4
2407,815006.25,783975.3
2407,815006.25,771924.5
2408,566848.94,583090.75
2408,566848.94,581115.1
2409,573767.75,551469.0
2409,573767.75,548810.44
2409,573767.75,540184.1
2409,573767.75,548643.25
2410,611180.8,637223.5
2410,611180.8,640594.25
2411,825387.2,811215.44
2411,825387.2,811693.1
2411,825387.2,822547.94
2411,825387.2,808704.06
2411,825387.2,807386.75
2411,825387.2,817195.44
2411,825387.2,822505.4
2411,825387.2,824014.4
2411,825387.2,823281.06
2411,825387.2,828373.0
2412,702718.1,622531.3
2412,702718.1,609384.9
2412,702718.1,619280.6
2412,702718.1,620118.06
2412,702718.1,611155.4
2412,702718.1,618597.06
2412,702718.1,619681.5
2412,702718.1,619390.75
2412,702718.1,626144.0
2413,252419.08,328024.0
2414,662587.06,730346.8
2414,662587.06,731521.0
2414,662587.06,730835.06
2414,662587.06,730346.8
2414,662587.06,732555.56
2414,662587.06,729876.4
2414,662587.06,726906.25
2414,662587.06,717347.5
2414,662587.06,727286.2
2415,546765.1,638474.2
2415,546765.1,621614.44
2416,433732.16,486125.78
2416,433732.16,492355.2
2417,574456.4,674260.25
2417,574456.4,669460.44
2418,182660.89,289506.84
2418,182660.89,286932.4
2419,596773.5,635364.4
2420,1.4474391e+06,1.3798865e+06
2420,1.4474391e+06,1.3806934e+06
2420,1.4474391e+06,1.3804664e+06
2420,1.4474391e+06,1.3795278e+06
2420,1.4474391e+06,1.3980242e+06
2420,1.4474391e+06,1.3886739e+06
2420,1.4474391e+06,1.3890496e+06
2420,1.4474391e+06,1.380678e+06
2420,1.4474391e+06,1.3888582e+06
2420,1.4474391e+06,1.3890232e+06
2420,1.4474391e+06,1.3844895e+06
2420,1.4474391e+06,1.3823845e+06
2420,1.4474391e+06,1.3857315e+06
2420,1.4474391e+06,1.3857464e+06
2420,1.4474391e+06,1.3772639e+06
2420,1.4474391e+06,1.3885592e+06
2421,380276.3,478639.03
2421,380276.3,465024.28
2422,427268.75,408133.8
2422,427268.75,409243.25
2422,427268.75,406889.38
2422,427268.75,408598.25
2423,605167.3,544039.1
2423,605167.3,540034.25
2424,420699.06,479216.22
2424,420699.06,476910.12
2424,420699.06,477550.16
2424,420699.06,483952.12
2425,408786.9,470999.94
2425,408786.9,485586.84
2426,603185.75,596169.2
2426,603185.75,586126.1
2427,309526.03,345000.06
2427,309526.03,349425.16
2427,309526.03,350327.1
2427,309526.03,348070.53
2428,599366.9,633789.25
2428,599366.9,626725.44
2429,859138.4,873183.4
2429,859138.4,869837.44
2429,859138.4,874065.0
2429,859138.4,868124.6
2429,859138.4,873710.06
2429,859138.4,871967.06
2429,859138.4,868679.8
2429,859138.4,868265.6
2429,859138.4,863106.0
2429,859138.4,868472.3
2429,859138.4,873657.0
2429,859138.4,875488.94
2430,652077.8,612735.4
2430,652077.8,612679.8
2430,652077.8,607566.0
2430,652077.8,610407.3
2430,652077.8,605946.8
2430,652077.8,611860.0
2430,652077.8,608154.94
2430,652077.8,611174.06
2430,652077.8,605443.7
2430,652077.8,609569.06
2430,652077.8,609569.06
2430,652077.8,606854.3
2430,652077.8,613992.94
2431,604904.4,709819.25
2431,604904.4,723317.6
2432,449464.6,434742.47
2432,449464.6,416207.12
2433,561448.25,722387.44
2433,561448.25,739625.06
2433,561448.25,698923.56
2434,212057.16,240277.42
2434,212057.16,242367.02
2435,876639.44,739241.06
2435,876639.44,738098.2
2435,876639.44,733657.56
2435,876639.44,739241.06
2435,876639.44,742669.4
2435,876639.44,749688.94
2435,876639.44,742466.25
2435,876639.44,743303.7
2436,628171.06,686925.7
2437,554246.4,634312.44
2437,554246.4,612732.8
2438,789343.9,775517.06
2438,789343.9,782209.5
2439,697945.2,654011.8
2439,697945.2,659791.56
2439,697945.2,651371.3
2439,697945.2,647094.7
2439,697945.2,647794.56
2439,697945.2,644953.4
2440,406846.6,467342.1
2440,406846.6,472437.78
2440,406846.6,469495.75
2440,406846.6,474563.7
2441,752979.6,725388.7
2441,752979.6,731153.9
2441,752979.6,724455.44
2441,752979.6,731593.44
2441,752979.6,731100.56
2441,752979.6,731805.7
2441,752979.6,728257.7
2441,752979.6,727905.44
2441,752979.6,729246.56
2441,752979.6,728124.94
2442,458745.2,424911.16
2442,458745.2,406283.53
2443,605305.75,650471.4
2443,605305.75,642152.9
2443,605305.75,650202.9
2443,605305.75,654283.4
2444,539473.4,557439.7
2444,539473.4,553581.2
2445,641543.6,554267.06
2445,641543.6,555437.5
2446,578398.75,638806.8
2446,578398.75,631562.06
2447,738519.4,678862.5
2447,738519.4,676572.3
2447,738519.4,678240.9
2447,738519.4,660856.7
2448,365875.94,366113.03
2448,365875.94,361322.44
2448,365875.94,382826.94
2448,365875.94,365406.53
2449,761284.6,760798.56
2449,761284.6,763158.2
2450,867233.94,761035.75
2450,867233.94,765035.4
2450,867233.94,760565.8
2450,867233.94,762457.6
2450,867233.94,755625.2
2450,867233.94,761417.7
2450,867233.94,761040.8
2450,867233.94,760593.9
2450,867233.94,739151.3
2451,232120.67,213476.27
2451,232120.67,221194.61
2452,510785.62,537774.5
2452,510785.62,540301.1
2452,510785.62,549064.5
2452,510785.62,535796.6
2452,510785.62,541040.9
2453,787888.06,763346.25
2453,787888.06,777081.56
2453,787888.06,769537.8
2453,787888.06,762406.7
2453,787888.06,762888.4
2453,787888.06,766540.25
2453,787888.06,769276.1
2453,787888.06,767728.4
2454,1.2413192e+06,1.2375932e+06
2454,1.2413192e+06,1.2448981e+06
2454,1.2413192e+06,1.2193102e+06
2455,874271.56,765974.56
2456,463657.5,397443.8
2456,463657.5,424318.9
2456,463657.5,400615.75
2457,604744.3,633444.44
2457,604744.3,604023.6
2458,581289.1,695538.25
2458,581289.1,692921.7
2459,263229.38,321829.75
2459,263229.38,331214.78
2459,263229.38,332919.34
2460,295879.06,301980.22
2460,295879.06,305741.1
2461,584162.1,642803.44
2461,584162.1,612058.5
2462,703041.6,594873.7
2462,703041.6,599496.7
2462,703041.6,589677.25
2462,703041.6,600504.9
2463,529989.1,617217.7
2463,529989.1,622812.06
2464,662940.4,661154.2
2464,662940.4,652643.56
2465,594307.75,642197.5
2465,594307.75,653676.25
2465,594307.75,632429.44
2466,357892.1,290485.9
2466,357892.1,291035.03
2466,357892.1,295374.12
2467,582013.75,612452.2
2467,582013.75,608399.3
2467,582013.75,605770.25
2467,582013.75,612488.3
2467,582013.75,611516.2
2467,582013.75,610425.3
2467,582013.75,604830.25
2467,582013.75,598787.1
2467,582013.75,597747.3
2467,582013.75,581400.4
2468,367955.25,297047.78
2468,367955.25,297440.75
2468,367955.25,303804.3
2468,367955.25,299070.97
2469,912504.25,856111.94
2469,912504.25,827333.4
2470,677022.56,570339.9
2470,677022.56,577356.4
2470,677022.56,568482.94
2470,677022.56,566551.75
2470,677022.56,572060.1
2471,475384.88,529694.2
2471,475384.88,536003.94
2471,475384.88,522954.53
2471,475384.88,527880.1
2472,947489.5,919424.6
2472,947489.5,918708.2
2472,947489.5,919987.56
2472,947489.5,925398.7
2472,947489.5,910249.2
2472,947489.5,919263.9
2472,947489.5,925733.44
2472,947489.5,918641.06
2472,947489.5,906323.0
2472,947489.5,922409.8
2472,947489.5,920488.0
2472,947489.5,922158.9
2472,947489.5,929718.7
2473,376759.1,484909.66
2473,376759.1,477604.2
2474,364086.78,475025.25
2474,364086.78,472342.3
2475,417722.38,401977.72
2475,417722.38,401297.0
2475,417722.38,398708.72
2476,273755.56,246348.89
2476,273755.56,257042.61
2476,273755.56,249192.45
2477,240296.56,229309.61
2477,240296.56,242330.58
2477,240296.56,244049.11
2478,311287.62,262388.03
2478,311287.62,270535.44
2479,694129.0,604871.6
2479,694129.0,588803.2
2480,512386.53,428010.8
2480,512386.53,438664.78
2480,512386.53,432922.22
2480,512386.53,440564.0
2481,588146.94,652487.9
2481,588146.94,671847.94
2482,905109.0,761890.94
2482,905109.0,756186.56
2482,905109.0,754524.9
2482,905109.0,760508.56
2482,905109.0,761304.9
2482,905109.0,756707.2
2482,905109.0,753285.1
2482,905109.0,743992.8
2482,905109.0,754486.5
2482,905109.0,749770.6
2482,905109.0,733535.94
2483,465404.16,421061.44
2483,465404.16,424075.12
2483,465404.16,421445.06
2483,465404.16,411498.6
2484,709403.94,753751.6
2484,709403.94,750082.94
2484,709403.94,754676.1
2484,709403.94,746006.8
2484,709403.94,753117.3
2484,709403.94,750339.1
2484,709403.94,762719.9
2485,757397.25,763955.56
2486,388736.12,419795.78
2486,388736.12,403666.84
2487,645570.3,590247.5
2487,645570.3,594822.94
2488,755012.1,786089.94
2488,755012.1,778546.75
2488,755012.1,772110.44
2489,267946.06,236407.05
2489,267946.06,240514.58
2490,586554.4,593943.56
2490,586554.4,578801.44
2491,1.1020058e+06,1.1185615e+06
2491,1.1020058e+06,1.0695288e+06
2492,303966.16,277467.7
2492,303966.16,284481.4
2492,303966.16,285156.12
2493,457736.34,452757.66
2493,457736.34,438348.34
2494,406975.2,478859.78
2494,406975.2,467812.66
2494,406975.2,477937.8
2494,406975.2,479353.22
2495,471953.75,444948.0
2495,471953.75,426778.3
2496,599174.5,649481.56
2496,599174.5,626741.9
2497,584025.6,543438.8
2497,584025.6,543821.5
2498,2.4236788e+06,2.5385525e+06
2499,836507.44,793640.06
2499,836507.44,784224.75
2499,836507.44,792654.0
2499,836507.44,792244.7
2499,836507.44,783730.56
2499,836507.44,808551.06
2499,836507.44,808551.06
2499,836507.44,800931.0
2500,1.2061788e+06,1.1167022e+06
2500,1.2061788e+06,1.1537734e+06
2500,1.2061788e+06,1.1202308e+06
2501,595803.0,545610.25
2501,595803.0,560153.75
2501,595803.0,533815.4
2502,429024.94,413535.0
2502,429024.94,404255.2
2503,350004.2,288337.47
2503,350004.2,296352.4
2504,569919.94,566529.2
2504,569919.94,555272.3
2504,569919.94,559686.06
2504,569919.94,564529.4
2504,569919.94,557546.44
2505,484475.44,422507.94
2505,484475.44,422669.94
2505,484475.44,435927.5
2505,484475.44,422637.4
2506,826954.25,828980.6
2506,826954.25,828704.8
2506,826954.25,830855.8
2506,826954.25,832152.3
2506,826954.25,831523.56
2506,826954.25,829527.2
2506,826954.25,837215.9
2507,348287.6,381462.0
2507,348287.6,364167.97
2507,348287.6,374369.72
2507,348287.6,366566.5
2507,348287.6,367316.53
2507,348287.6,361899.56
2508,611285.9,572103.6
2508,611285.9,569046.44
2508,611285.9,581306.2
2508,611285.9,573949.25
2508,611285.9,574548.4
2508,611285.9,588688.44
2509,219944.27,207021.55
2509,219944.27,211659.02
2510,646162.06,635121.7
2510,646162.06,645089.8
2511,1.1712649e+06,1.1281685e+06
2511,1.1712649e+06,1.1445331e+06
2512,697157.94,732864.94
2512,697157.94,726510.56
2512,697157.94,727635.94
2512,697157.94,727710.2
2512,697157.94,727122.75
2512,697157.94,731871.5
2512,697157.94,710260.7
2512,697157.94,719005.9
2512,697157.94,717388.1
2512,697157.94,718766.6
2513,634994.44,651336.5
2513,634994.44,644592.25
2514,681361.5,655226.5
2514,681361.5,630220.94
2515,514004.7,496234.1
2515,514004.7,498456.7
2515,514004.7,501830.28
2516,856588.75,698347.0
2516,856588.75,706480.3
2517,575826.0,575526.44
2517,575826.0,571003.1
2517,575826.0,604285.94
2518,418372.72,306280.4
2518,418372.72,314126.06
2518,418372.72,318948.03
2519,531829.5,592467.0
2519,531829.5,585641.94
2519,531829.5,596598.94
2519,531829.5,594480.3
2519,531829.5,588542.44
2519,531829.5,587633.25
2519,531829.5,585944.6
2519,531829.5,586626.94
2519,531829.5,575676.25
2520,660881.94,657135.4
2520,660881.94,683904.7
2520,660881.94,662723.5
2521,1.2323522e+06,1.1804514e+06
2521,1.2323522e+06,1.1411889e+06
2522,729143.2,741138.6
2522,729143.2,746215.44
2523,825450.94,746655.75
2523,825450.94,728089.3
2523,825450.94,728483.0
2523,825450.94,730842.44
2523,825450.94,733856.3
2523,825450.94,736734.8
2523,825450.94,724230.2
2524,647017.1,727501.5
2524,647017.1,717460.0
2524,647017.1,722658.75
2524,647017.1,726673.9
2524,647017.1,726673.9
2524,647017.1,715977.5
2524,647017.1,724657.06
2525,728353.56,765460.7
2525,728353.56,769543.5
2525,728353.56,769543.5
2525,728353.56,771492.6
2525,728353.56,763067.06
2525,728353.56,768041.0
2525,728353.56,767184.3
2525,728353.56,771018.25
2525,728353.56,770800.44
2525,728353.56,769960.06
2525,728353.56,773194.06
2525,728353.56,763602.5
2526,635341.1,601157.2
2526,635341.1,626730.06
2527,610367.2,625348.75
2527,610367.2,647010.06
2527,610367.2,599018.56
2528,577477.1,537261.1
2528,577477.1,538432.44
2528,577477.1,542915.56
2528,577477.1,548806.25
2529,522495.4,552145.94
2529,522495.4,544005.44
2530,514334.16,547524.25
2531,435968.6,465668.2
2531,435968.6,474842.78
2531,435968.6,474311.72
2532,843807.5,724416.4
2532,843807.5,734383.94
2533,598098.75,596332.6
2533,598098.75,597488.6
2533,598098.75,602030.94
2533,598098.75,603129.25
2533,598098.75,604440.2
2533,598098.75,603085.3
2533,598098.75,597817.8
2533,598098.75,600327.7
2533,598098.75,599492.8
2533,598098.75,598388.0
2534,932461.5,750085.7
2534,932461.5,752337.5
2534,932461.5,742227.56
2534,932461.5,750231.25
2534,932461.5,743897.8
2534,932461.5,744108.0
2535,562498.94,599822.8
2535,562498.94,604579.1
2536,563689.56,580425.9
2536,563689.56,584937.0
2537,478847.62,464655.28
2537,478847.62,464925.4
2537,478847.62,488494.8
2538,1.0463356e+06,951724.94
2538,1.0463356e+06,941486.3
2538,1.0463356e+06,944615.75
2538,1.0463356e+06,952492.06
2538,1.0463356e+06,949361.75
2538,1.0463356e+06,962648.75
2538,1.0463356e+06,978110.44
2539,860993.56,717708.56
2539,860993.56,696130.44
2540,590895.56,589486.3
2540,590895.56,582814.75
2541,490096.62,495836.75
2541,490096.62,490219.16
2542,430787.16,376945.9
2542,430787.16,390939.2
2542,430787.16,389752.28
2543,523968.9,542312.7
2543,523968.9,549860.5
2543,523968.9,545651.5
2543,523968.9,536852.44
2544,1.2604819e+06,1.1934216e+06
2544,1.2604819e+06,1.1987225e+06
2544,1.2604819e+06,1.1959908e+06
2544,1.2604819e+06,1.1990392e+06
2544,1.2604819e+06,1.196787e+06
2544,1.2604819e+06,1.1928155e+06
2544,1.2604819e+06,1.1959908e+06
2544,1.2604819e+06,1.2098661e+06
2544,1.2604819e+06,1.1995062e+06
2544,1.2604819e+06,1.1987034e+06
2544,1.2604819e+06,1.2001515e+06
2544,1.2604819e+06,1.1999078e+06
2545,706585.75,645394.5
2545,706585.75,638389.6
2546,173497.98,247505.11
2546,173497.98,255505.33
2546,173497.98,249858.2
2547,638934.25,695410.9
2547,638934.25,692899.44
2547,638934.25,691869.56
2547,638934.25,691250.94
2547,638934.25,695845.56
2547,638934.25,693541.44
2548,535541.8,615852.9
2548,535541.8,602800.5
2548,535541.8,611139.4
2548,535541.8,605380.5
2549,714413.7,690490.6
2549,714413.7,711127.94
2550,336188.56,290801.4
2550,336188.56,290341.22
2550,336188.56,293389.94
2551,405617.72,324750.34
2551,405617.72,317843.62
2552,576839.06,575024.0
2552,576839.06,567300.5
2553,208023.8,208169.8
2554,342794.84,410682.47
2554,342794.84,413296.2
2555,724347.75,739765.9
2555,724347.75,746262.4
2555,724347.75,746906.94
2555,724347.75,745145.9
2555,724347.75,744080.9
2555,724347.75,743773.75
2555,724347.75,758559.75
2556,447373.56,512447.38
2556,447373.56,514850.94
2556,447373.56,515419.03
2556,447373.56,505697.97
2556,447373.56,508672.53
2557,637472.5,653510.3
2557,637472.5,629188.4
2558,396873.78,434206.28
2558,396873.78,402386.12
2559,488270.2,535992.94
2559,488270.2,535244.44
2559,488270.2,544520.7
2559,488270.2,545040.0
2559,488270.2,543874.1
2560,352659.12,352308.25
2560,352659.12,332386.7
2561,595387.25,592202.5
2561,595387.25,592745.75
2561,595387.25,591889.94
2561,595387.25,589637.44
2561,595387.25,586728.0
2561,595387.25,590957.8
2561,595387.25,593690.56
2561,595387.25,592989.75
2562,485618.25,628214.94
2562,485618.25,601797.75
2563,540524.6,526825.4
2563,540524.6,524704.6
2563,540524.6,521753.84
2564,559495.3,703982.06
2564,559495.3,702421.8
2565,605195.5,574281.8
2565,605195.5,571573.25
2565,605195.5,576547.1
2565,605195.5,554763.75
2566,558320.5,549903.8
2566,558320.5,542726.6
2567,191470.23,197912.2
2567,191470.23,206576.86
2567,191470.23,203512.3
2568,740367.4,683387.8
2568,740367.4,672494.5
2568,740367.4,671784.75
2568,740367.4,680786.75
2569,522184.0,571172.25
2569,522184.0,587612.6
2569,522184.0,566575.06
2569,522184.0,573506.6
2569,522184.0,578111.4
2569,522184.0,582436.6
2570,603782.94,610424.44
2570,603782.94,588706.8
2571,360855.94,464738.8
2571,360855.94,467436.03
2572,333063.6,291885.2
2572,333063.6,291355.12
2572,333063.6,301553.34
2572,333063.6,293671.28
2573,418605.3,348923.3
2574,572381.25,542776.5
2574,572381.25,522916.16
2575,544701.3,605164.5
2575,544701.3,612725.6
2576,690817.3,707714.0
2576,690817.3,703934.8
2576,690817.3,707931.1
2576,690817.3,708646.5
2576,690817.3,708318.5
2576,690817.3,694760.0
2577,804151.25,822136.3
2577,804151.25,828031.6
2578,245110.7,258270.55
2578,245110.7,263644.16
2579,1.2127994e+06,1.1533476e+06
2579,1.2127994e+06,1.1811216e+06
2580,475690.94,491882.8
2581,754483.2,753539.0
2581,754483.2,763868.44
2582,425219.06,490522.56
2582,425219.06,492697.72
2583,1.1982235e+06,1.2459214e+06
2583,1.1982235e+06,1.2291195e+06
2584,566105.25,610880.2
2584,566105.25,609292.56
2584,566105.25,607227.9
2584,566105.25,603367.4
2584,566105.25,599896.06
2584,566105.25,607371.4
2584,566105.25,611399.3
2584,566105.25,601481.7
2585,466740.0,462546.7
2585,466740.0,468303.28
2586,475063.75,429663.03
2586,475063.75,435064.75
2586,475063.75,447856.62
2587,271060.34,340570.78
2587,271060.34,341364.9
2587,271060.34,339994.12
2587,271060.34,353680.5
2588,651609.44,612764.0
2588,651609.44,605631.1
2588,651609.44,615417.7
2588,651609.44,604670.1
2589,452970.0,384176.22
2589,452970.0,384176.22
2589,452970.0,390345.5
2590,1.0945029e+06,1.134952e+06
2590,1.0945029e+06,1.1325384e+06
2590,1.0945029e+06,1.1355546e+06
2590,1.0945029e+06,1.132917e+06
2590,1.0945029e+06,1.1357954e+06
2590,1.0945029e+06,1.1343782e+06
2590,1.0945029e+06,1.1307041e+06
2590,1.0945029e+06,1.1453785e+06
2591,863223.25,900702.25
2591,863223.25,901343.44
2591,863223.25,900863.06
2591,863223.25,894314.5
2591,863223.25,900707.5
2591,863223.25,896207.0
2591,863223.25,899315.75
2592,970031.56,755909.0
2592,970031.56,753532.2
2592,970031.56,752099.25
2592,970031.56,751366.2
2592,970031.56,744932.56
2592,970031.56,774880.25
2593,954750.8,716027.94
2593,954750.8,723763.4
2594,768490.56,650444.44
2594,768490.56,665299.9
2595,603029.4,496010.72
2595,603029.4,487729.47
2596,646134.56,732925.1
2596,646134.56,725539.5
2596,646134.56,731659.8
2596,646134.56,724699.7
2596,646134.56,725848.3
2596,646134.56,716832.5
2596,646134.56,717121.75
2596,646134.56,725597.1
2597,631405.44,593218.3
2597,631405.44,595718.8
2597,631405.44,592519.3
2597,631405.44,597875.06
2597,631405.44,598412.4
2597,631405.44,591478.8
2597,631405.44,589378.4
2597,631405.44,592709.8
2597,631405.44,589701.9
2597,631405.44,595304.8
2598,1.0071098e+06,1.0876556e+06
2598,1.0071098e+06,1.0995302e+06
2599,482399.2,520245.38
2599,482399.2,526212.56
2600,511537.12,446644.7
2600,511537.12,444190.25
2601,445551.38,390079.03
2601,445551.38,399945.84
2602,707190.3,645314.5
2602,707190.3,668289.8
2602,707190.3,655270.4
2603,1.1670686e+06,1.2172418e+06
2603,1.1670686e+06,1.2235989e+06
2604,169621.75,188388.02
2605,404304.9,297665.3
2605,404304.9,306282.72
2606,454419.06,420170.22
2606,454419.06,420282.2
2606,454419.06,439711.53
2606,454419.06,429321.28
2607,789751.4,746914.44
2607,789751.4,749122.56
2607,789751.4,759932.2
2607,789751.4,753851.9
2607,789751.4,754229.0
2607,789751.4,758686.56
2607,789751.4,757178.3
2607,789751.4,760906.0
2608,703976.4,578437.94
2608,703976.4,579564.44
2608,703976.4,572587.56
2608,703976.4,580067.06
2608,703976.4,579784.06
2609,309781.53,415221.44
2609,309781.53,409691.8
2610,629891.25,673702.75
2610,629891.25,656838.4
2611,221451.22,240240.48
2611,221451.22,240764.11
2612,492520.3,440145.78
2612,492520.3,439183.56
2613,694941.06,703967.94
2613,694941.06,721551.8
2614,578657.8,518934.44
2614,578657.8,518626.44
2614,578657.8,539855.75
2614,578657.8,526966.9
2615,603623.0,554299.44
2615,603623.0,563533.25
2616,542295.6,496334.75
2616,542295.6,476871.8
2617,697668.94,602557.06
2617,697668.94,608723.9
2617,697668.94,624242.3
2618,777054.1,725305.2
2619,745234.44,622671.06
2619,745234.44,601909.06
2620,871939.2,762855.5
2620,871939.2,768865.1
2620,871939.2,765864.9
2620,871939.2,759235.75
2620,871939.2,768650.75
2620,871939.2,764863.4
2620,871939.2,764002.25
2620,871939.2,756022.4
2621,960906.44,902399.8
2621,960906.44,900371.56
2621,960906.44,900989.06
2621,960906.44,904889.0
2621,960906.44,895832.5
2621,960906.44,898194.7
2621,960906.44,909154.4
2621,960906.44,929504.56
2622,491023.1,568906.56
2622,491023.1,563397.1
2623,712588.0,750440.8
2623,712588.0,744868.56
2623,712588.0,743521.56
2623,712588.0,742678.3
2623,712588.0,746383.94
2623,712588.0,746229.75
2623,712588.0,749215.56
2624,1.2760092e+06,1.2219538e+06
2625,484748.4,517038.62
2625,484748.4,519457.28
2626,1.0964178e+06,1.1565506e+06
2626,1.0964178e+06,1.1511865e+06
2626,1.0964178e+06,1.1548436e+06
2626,1.0964178e+06,1.1547259e+06
2626,1.0964178e+06,1.1533258e+06
2626,1.0964178e+06,1.1526229e+06
2626,1.0964178e+06,1.1550965e+06
2626,1.0964178e+06,1.1595925e+06
2627,597754.44,679613.3
2627,597754.44,683623.3
2627,597754.44,681721.56
2627,597754.44,683602.75
2627,597754.44,678964.25
2627,597754.44,692854.56
2628,551272.8,546261.4
2628,551272.8,528225.6
2629,495835.25,567512.7
2629,495835.25,573469.7
2629,495835.25,583657.4
2629,495835.25,579662.25
2629,495835.25,580858.5
2630,484167.56,461569.34
2630,484167.56,452750.28
2630,484167.56,464356.72
2630,484167.56,459305.16
2630,484167.56,457815.53
2630,484167.56,455199.8
2630,484167.56,454661.75
2630,484167.56,437860.0
2631,297908.88,267857.56
2631,297908.88,264693.0
2631,297908.88,267647.8
2631,297908.88,263329.75
2632,594786.9,586068.7
2632,594786.9,582945.25
2632,594786.9,577808.44
2632,594786.9,584841.7
2632,594786.9,586350.75
2632,594786.9,580606.4
2632,594786.9,576247.94
2632,594786.9,576540.3
2633,556827.3,561569.94
2633,556827.3,571090.94
2633,556827.3,545429.1
2634,707932.5,712607.25
2634,707932.5,713179.94
2635,267296.5,298113.22
2635,267296.5,305738.9
2635,267296.5,297914.8
2636,348239.5,338464.8
2636,348239.5,337286.78
2636,348239.5,342167.8
2637,621984.8,590395.4
2637,621984.8,598025.75
2637,621984.8,602295.7
2637,621984.8,594091.25
2638,361441.8,440590.4
2638,361441.8,440491.3
2639,460956.2,525228.06
2639,460956.2,535102.44
2640,357858.56,298582.22
2640,357858.56,302816.53
2640,357858.56,300759.72
2641,530949.25,520885.1
2641,530949.25,518917.3
2641,530949.25,518818.88
2641,530949.25,526280.2
2641,530949.25,531445.44
2641,530949.25,518660.44
2642,177627.81,237845.36
2642,177627.81,240077.64
2643,657009.0,611348.1
2643,657009.0,614164.6
2643,657009.0,622614.2
2643,657009.0,620142.56
2644,413913.9,485802.75
2644,413913.9,483627.5
2645,1.1841182e+06,1.1680026e+06
2645,1.1841182e+06,1.1652421e+06
2646,740184.44,794107.5
2647,592701.5,702528.25
2647,592701.5,702647.4
2647,592701.5,700114.0
2647,592701.5,699233.4
2647,592701.5,700453.94
2647,592701.5,708974.0
2647,592701.5,701505.3
2647,592701.5,698687.0
2648,448361.3,429354.3
2648,448361.3,430734.47
2648,448361.3,424268.44
2649,608858.4,771658.3
2650,615274.3,682910.8
2651,216700.0,302964.28
2652,902081.1,899372.94
2652,902081.1,900509.0
2652,902081.1,902674.2
2652,902081.1,904485.3
2652,902081.1,896326.0
2652,902081.1,900452.06
2652,902081.1,892802.0
2652,902081.1,889904.0
2652,902081.1,880807.9
2652,902081.1,900779.8
2652,902081.1,895956.7
2652,902081.1,904160.0
2653,877431.6,831642.94
2653,877431.6,800873.7
2654,803269.25,685385.75
2654,803269.25,707284.0
2655,836521.5,756429.25
2655,836521.5,755855.75
2655,836521.5,757159.4
2655,836521.5,755506.6
2655,836521.5,760293.5
2655,836521.5,755725.44
2655,836521.5,736827.2
2656,166324.44,165455.23
2656,166324.44,164632.61
2656,166324.44,167184.48
2657,499447.78,447391.72
2657,499447.78,432987.0
2658,588358.25,655314.8
2658,588358.25,629084.25
2659,901392.1,885909.06
2659,901392.1,895448.44
2659,901392.1,882566.94
2659,901392.1,891782.5
2659,901392.1,890536.7
2659,901392.1,893817.75
2660,549631.75,558499.8
2660,549631.75,529926.25
2661,1.2362354e+06,1.1668272e+06
2661,1.2362354e+06,1.1733872e+06
2661,1.2362354e+06,1.1736948e+06
2661,1.2362354e+06,1.1755681e+06
2661,1.2362354e+06,1.1789495e+06
2661,1.2362354e+06,1.1733304e+06
2661,1.2362354e+06,1.176174e+06
2661,1.2362354e+06,1.1721774e+06
2662,641236.56,615421.8
2662,641236.56,614871.3
2662,641236.56,611593.0
2662,641236.56,614190.06
2662,641236.56,612430.0
2662,641236.56,621070.9
2662,641236.56,614935.0
2662,641236.56,615816.9
2662,641236.56,621543.1
2662,641236.56,612007.5
2663,562629.7,578751.06
2663,562629.7,574471.4
2663,562629.7,586951.94
2663,562629.7,577851.3
2663,562629.7,582860.75
2663,562629.7,577647.7
2664,540353.94,656552.56
2665,630625.2,597600.3
2665,630625.2,589087.0
2665,630625.2,597384.4
2665,630625.2,603018.0
2666,714981.7,702457.0
2666,714981.7,707881.94
2666,714981.7,689372.1
2666,714981.7,694054.44
2666,714981.7,700685.3
2666,714981.7,708194.75
2666,714981.7,708562.06
2667,1.2867311e+06,1.2087296e+06
2667,1.2867311e+06,1.2253869e+06
2668,636697.3,765532.1
2668,636697.3,770888.94
2668,636697.3,770507.1
2668,636697.3,765114.25
2668,636697.3,769650.4
2668,636697.3,769907.94
2668,636697.3,768303.5
2668,636697.3,767544.9
2668,636697.3,776436.8
2669,696133.6,721242.9
2669,696133.6,721371.7
2669,696133.6,714811.06
2669,696133.6,727383.1
2669,696133.6,720856.3
2669,696133.6,675922.06
2670,1.00420475e+06,750840.56
2670,1.00420475e+06,747040.56
2670,1.00420475e+06,743656.25
2670,1.00420475e+06,742198.3
2670,1.00420475e+06,744667.6
2670,1.00420475e+06,765291.9
2671,491314.97,569661.6
2671,491314.97,550218.75
2672,669234.0,623742.56
2672,669234.0,624945.06
2672,669234.0,616944.1
2673,1.03129875e+06,1.1124554e+06
2673,1.03129875e+06,1.1096299e+06
2674,275454.94,244931.33
2674,275454.94,250793.2
2674,275454.94,245099.52
2675,405458.8,493028.72
2675,405458.8,504064.7
2675,405458.8,474880.06
2676,1.1056886e+06,1.0722294e+06
2676,1.1056886e+06,1.0803129e+06
2676,1.1056886e+06,1.0663495e+06
2676,1.1056886e+06,1.080291e+06
2676,1.1056886e+06,1.0723454e+06
2676,1.1056886e+06,1.0707932e+06
2676,1.1056886e+06,1.0695599e+06
2676,1.1056886e+06,1.0832089e+06
2676,1.1056886e+06,1.0960709e+06
2676,1.1056886e+06,1.0904449e+06
2676,1.1056886e+06,1.0832089e+06
2676,1.1056886e+06,1.0579475e+06
2677,490517.66,563732.7
2677,490517.66,581053.06
2678,616337.0,622637.94
2678,616337.0,627573.1
2678,616337.0,629957.94
2678,616337.0,619470.1
2678,616337.0,626098.4
2679,597657.06,592716.25
2679,597657.06,595115.2
2679,597657.06,593569.8
2679,597657.06,595519.3
2679,597657.06,591016.6
2679,597657.06,594569.5
2679,597657.06,595945.0
2679,597657.06,598084.44
2679,597657.06,603016.6
2680,278262.3,231529.55
2680,278262.3,234645.89
2681,754838.0,765716.8
2681,754838.0,772022.4
2681,754838.0,762827.3
2682,756260.9,684566.94
2682,756260.9,677266.0
2683,762563.4,711995.56
2683,762563.4,712793.2
2683,762563.4,716010.8
2683,762563.4,716185.0
2683,762563.4,712420.1
2683,762563.4,713004.8
2683,762563.4,686267.44
2683,762563.4,696715.5
2683,762563.4,689978.94
2683,762563.4,694778.44
2684,445551.75,552956.3
2684,445551.75,547167.0
2685,746401.25,678954.7
2685,746401.25,660811.75
2686,393430.16,502516.78
2686,393430.16,510801.34
2687,206397.17,240370.39
2687,206397.17,241681.02
2687,206397.17,238421.42
2688,642877.5,790870.06
2689,2.3837698e+06,2.584883e+06
2689,2.3837698e+06,2.5859885e+06
2689,2.3837698e+06,2.5792438e+06
2690,171383.11,282696.34
2690,171383.11,278813.72
2691,2.5899922e+06,2.6179742e+06
2691,2.5899922e+06,2.6193778e+06
2692,662544.4,663160.4
2692,662544.4,676796.1
2692,662544.4,660508.9
2693,689725.25,695723.56
2693,689725.25,687008.25
2694,669931.2,641134.06
2694,669931.2,640539.75
2695,341654.0,355423.8
2695,341654.0,377482.12
2696,568567.75,629636.2
2696,568567.75,624970.9
2697,640552.6,541692.8
2697,640552.6,554129.25
2698,2.5042168e+06,2.597877e+06
2698,2.5042168e+06,2.59027e+06
2699,232336.03,258763.92
2699,232336.03,259925.48
2700,712638.25,631622.75
2700,712638.25,660086.44
2701,825002.9,663330.44
2701,825002.9,693809.75
2702,277290.66,257028.27
2702,277290.66,263471.1
2703,510559.97,523139.16
2703,510559.97,519337.88
2704,1.3247812e+06,1.2892425e+06
2704,1.3247812e+06,1.2917146e+06
2704,1.3247812e+06,1.2921011e+06
2704,1.3247812e+06,1.2971686e+06
2704,1.3247812e+06,1.3008352e+06
2704,1.3247812e+06,1.2910801e+06
2704,1.3247812e+06,1.3002245e+06
2704,1.3247812e+06,1.2952218e+06
2704,1.3247812e+06,1.2985634e+06
2704,1.3247812e+06,1.2848975e+06
2704,1.3247812e+06,1.2916754e+06
2704,1.3247812e+06,1.2892406e+06
2705,629489.75,594494.1
2705,629489.75,592435.44
2705,629489.75,588535.75
2706,685546.94,678831.94
2706,685546.94,694267.06
2706,685546.94,680227.2
2706,685546.94,686729.44
2706,685546.94,708774.25
2707,346055.5,361869.3
2707,346055.5,351524.0
2708,252017.08,249604.45
2708,252017.08,250655.67
2709,539307.25,580977.2
2709,539307.25,590820.6
2710,1.1113072e+06,1.0918865e+06
2710,1.1113072e+06,1.1292294e+06
2711,586893.8,618261.94
2711,586893.8,620799.3
2712,676885.25,737039.94
2712,676885.25,744929.0
2712,676885.25,736228.6
2712,676885.25,737732.25
2712,676885.25,739442.75
2712,676885.25,738695.25
2712,676885.25,726186.75
2712,676885.25,726115.8
2712,676885.25,726836.56
2712,676885.25,734873.4
2713,572329.2,465018.3
2713,572329.2,459220.16
2714,225781.9,244626.52
2714,225781.9,249974.14
2714,225781.9,249257.02
2715,2.7329e+06,2.623447e+06
2715,2.7329e+06,2.6164635e+06
2716,602173.0,623828.7
2716,602173.0,620029.6
2717,605453.25,583060.94
2717,605453.25,582330.0
2717,605453.25,587468.06
2717,605453.25,602596.1
2718,374908.22,295157.8
2718,374908.22,290433.56
2719,585079.7,659669.4
2719,585079.7,657123.7
2720,731920.3,659844.56
2720,731920.3,673005.44
2721,189014.11,179482.05
2721,189014.11,176375.77
2722,687124.44,668070.75
2722,687124.44,662900.0
2723,738695.1,672735.25
2723,738695.1,657315.25
2724,232647.36,312598.25
2724,232647.36,311341.38
2724,232647.36,312655.44
2724,232647.36,317904.62
2725,525477.4,549607.06
2725,525477.4,528709.75
2726,595435.56,587983.25
2726,595435.56,576860.4
2727,388412.34,374993.9
2727,388412.34,382360.47
2728,220891.67,248160.92
2728,220891.67,258104.98
2729,241818.5,240409.23
2729,241818.5,246582.7
2730,516859.2,530462.8
2730,516859.2,531627.3
2730,516859.2,526710.56
2730,516859.2,532391.75
2731,728901.44,731166.6
2731,728901.44,736651.5
2731,728901.44,729768.8
2731,728901.44,733775.4
2731,728901.44,730226.25
2731,728901.44,740586.4
2732,652442.06,634608.9
2733,411594.56,381926.56
2733,411594.56,382385.47
2733,411594.56,389883.72
2734,475567.75,445213.9
2734,475567.75,426834.6
2735,571682.0,623085.4
2735,571682.0,628240.4
2736,529237.56,435386.38
2736,529237.56,439230.78
2737,692424.1,644376.6
2737,692424.1,649197.25
2737,692424.1,649521.44
2737,692424.1,649843.8
2738,534286.56,466407.6
2738,534286.56,456066.53
2739,2.6817312e+06,2.5960835e+06
2739,2.6817312e+06,2.5897805e+06
2740,594016.3,592259.7
2740,594016.3,584342.75
2740,594016.3,591352.25
2740,594016.3,583922.5
2740,594016.3,592541.0
2740,594016.3,597574.1
2740,594016.3,594663.06
2741,297013.5,261910.8
2741,297013.5,261578.55
2742,659917.5,614485.9
2742,659917.5,621615.2
2742,659917.5,623389.4
2742,659917.5,620874.1
2742,659917.5,621515.6
2742,659917.5,622660.44
2742,659917.5,620656.1
2742,659917.5,618483.0
2742,659917.5,623651.06
2742,659917.5,616758.1
2743,378711.25,367751.16
2743,378711.25,384571.9
2744,534725.8,547107.94
2744,534725.8,556716.8
2745,691205.56,734377.94
2746,590812.5,608544.25
2746,590812.5,606522.0
2746,590812.5,602966.4
2746,590812.5,602743.0
2746,590812.5,603733.25
2746,590812.5,606392.9
2746,590812.5,602979.75
2746,590812.5,604878.06
2746,590812.5,602072.25
2746,590812.5,609439.56
2746,590812.5,606800.56
2746,590812.5,600553.8
2747,420034.12,471601.9
2747,420034.12,475090.5
2747,420034.12,474350.5
2747,420034.12,481557.44
2748,728358.56,749219.94
2748,728358.56,749902.25
2748,728358.56,750044.06
2748,728358.56,747984.94
2748,728358.56,748556.1
2748,728358.56,744171.75
2748,728358.56,737861.9
2748,728358.56,746993.06
2748,728358.56,745540.0
2749,503578.47,426718.25
2749,503578.47,422858.78
2749,503578.47,419957.94
2749,503578.47,425340.12
2750,655819.25,600592.5
2750,655819.25,612150.7
2750,655819.25,606000.06
2750,655819.25,607570.0
2751,694799.25,647511.44
2751,694799.25,651967.9
2751,694799.25,639587.0
2751,694799.25,656973.4
2751,694799.25,663901.5
2751,694799.25,669317.5
2752,661936.9,711313.4
2752,661936.9,716119.06
2752,661936.9,712172.3
2752,661936.9,709165.1
2752,661936.9,709375.25
2752,661936.9,703603.9
2753,970869.75,1.02827575e+06
2753,970869.75,1.00535825e+06
2754,570391.4,552575.7
2754,570391.4,565127.06
2754,570391.4,542972.4
2755,841476.0,845717.2
2755,841476.0,843929.8
2755,841476.0,845973.7
2755,841476.0,845835.06
2755,841476.0,845414.3
2755,841476.0,846914.4
2755,841476.0,845322.25
2755,841476.0,837528.1
2755,841476.0,827691.44
2756,370830.75,297535.94
2756,370830.75,307719.72
2757,495530.06,503224.66
2757,495530.06,502706.22
2757,495530.06,514535.16
2758,822308.8,759394.8
2758,822308.8,756509.44
2758,822308.8,754253.4
2758,822308.8,755549.7
2758,822308.8,755278.7
2758,822308.8,748667.6
2758,822308.8,745989.3
2758,822308.8,739888.2
2759,439158.5,428692.38
2759,439158.5,417045.62
2759,439158.5,433064.12
2759,439158.5,424081.84
2759,439158.5,419745.4
2759,439158.5,420014.44
2759,439158.5,432335.25
2760,329628.88,280926.9
2760,329628.88,287443.34
2761,350829.9,395733.4
2761,350829.9,390677.5
2761,350829.9,391633.88
2762,888057.56,767155.1
2762,888057.56,767051.75
2762,888057.56,768778.8
2762,888057.56,768901.5
2762,888057.56,767649.06
2762,888057.56,763412.2
2762,888057.56,761201.1
2762,888057.56,753089.9
2762,888057.56,755022.06
2762,888057.56,759653.8
2762,888057.56,762237.3
2762,888057.56,771220.2
2763,254803.72,249323.58
2763,254803.72,251210.3
2763,254803.72,246700.61
2764,882927.06,946180.1
2764,882927.06,975235.3
2765,420324.8,474479.22
2765,420324.8,495116.88
2765,420324.8,479614.4
2766,923914.2,716162.2
2766,923914.2,738274.3
2767,570424.75,633415.6
2767,570424.75,610136.7
2768,635578.4,590242.56
2768,635578.4,590239.2
2768,635578.4,592015.56
2768,635578.4,591220.4
2768,635578.4,591946.44
2768,635578.4,585972.56
2768,635578.4,589312.4
2768,635578.4,593490.1
2768,635578.4,592128.8
2769,461338.97,431328.7
2769,461338.97,447014.78
2769,461338.97,456882.84
2769,461338.97,429876.16
2770,479110.3,483695.34
2770,479110.3,485829.62
2770,479110.3,493738.84
2770,479110.3,496014.47
2771,362425.78,448511.66
2771,362425.78,457082.38
2772,879134.8,867537.0
2772,879134.8,870703.75
2772,879134.8,865140.2
2772,879134.8,863740.56
2772,879134.8,870706.06
2772,879134.8,863815.06
2772,879134.8,860618.3
2772,879134.8,866275.9
2772,879134.8,862478.75
2772,879134.8,865533.6
2772,879134.8,869318.3
2772,879134.8,856340.06
2772,879134.8,859795.6
2773,318754.25,278448.22
2773,318754.25,283801.06
2774,530370.9,440413.1
2774,530370.9,450481.03
2774,530370.9,442140.9
2774,530370.9,447513.8
2775,338999.4,346407.22
2775,338999.4,349843.28
2776,738961.44,651073.56
2776,738961.44,666911.7
2777,938640.0,745086.4
2777,938640.0,741006.1
2777,938640.0,738443.06
2777,938640.0,741182.8
2777,938640.0,742326.5
2778,426914.53,412959.78
2778,426914.53,418618.34
2778,426914.53,417914.12
2779,450133.38,523378.28
2779,450133.38,518345.0
2779,450133.38,512364.34
2779,450133.38,503350.2
2780,618857.25,613265.0
2780,618857.25,608931.25
2780,618857.25,608481.7
2780,618857.25,612992.25
2780,618857.25,608758.25
2780,618857.25,611671.44
2780,618857.25,615127.1
2780,618857.25,616104.0
2780,618857.25,608548.3
2780,618857.25,615519.25
2780,618857.25,615847.94
2780,618857.25,619701.9
2781,898046.06,857986.25
2781,898046.06,857646.1
2781,898046.06,852767.0
2781,898046.06,858304.4
2781,898046.06,854535.2
2781,898046.06,857653.56
2781,898046.06,854889.9
2781,898046.06,857972.75
2781,898046.06,862849.6
2781,898046.06,841269.56
2781,898046.06,853753.1
2782,613435.1,730478.56
2782,613435.1,739410.3
2782,613435.1,718320.06
2783,1.01557025e+06,765163.7
2783,1.01557025e+06,770932.2
2783,1.01557025e+06,769515.2
2783,1.01557025e+06,776371.06
2783,1.01557025e+06,770904.6
2783,1.01557025e+06,771813.0
2783,1.01557025e+06,767514.3
2783,1.01557025e+06,762233.25
2783,1.01557025e+06,787172.75
2784,669065.6,730622.6
2784,669065.6,725706.94
2784,669065.6,726787.1
2784,669065.6,727126.75
2784,669065.6,723797.6
2784,669065.6,711294.0
2784,669065.6,718361.9
2784,669065.6,710985.06
2785,271079.2,276396.3
2785,271079.2,276222.88
2786,597469.6,547749.0
2786,597469.6,567969.5
2786,597469.6,545095.44
2787,577289.1,588525.6
2787,577289.1,580635.06
2787,577289.1,582836.06
2787,577289.1,581470.6
2787,577289.1,583720.6
2787,577289.1,580803.56
2787,577289.1,586521.1
2787,577289.1,568675.44
2788,817396.44,714717.9
2788,817396.44,716600.2
2788,817396.44,723676.7
2788,817396.44,726956.2
2788,817396.44,717205.3
2788,817396.44,718029.8
2788,817396.44,719471.25
2789,274173.12,286436.16
2789,274173.12,290816.5
2789,274173.12,282061.34
2790,769672.2,710918.9
2790,769672.2,709312.8
2790,769672.2,715690.2
2790,769672.2,711183.4
2790,769672.2,714121.3
2790,769672.2,686148.4
2790,769672.2,693994.25
2790,769672.2,689167.6
2790,769672.2,714389.1
2791,394865.44,399970.62
2791,394865.44,400488.84
2791,394865.44,405133.94
2791,394865.44,405735.47
2792,607976.94,724174.0
2792,607976.94,741368.7
2793,410537.7,400772.88
2793,410537.7,399409.47
2793,410537.7,407336.84
2794,640991.06,632530.75
2794,640991.06,647890.44
2795,414239.97,382547.56
2795,414239.97,396841.38
2796,465629.28,467072.6
2796,465629.28,464267.75
2796,465629.28,437637.06
2797,653729.75,697948.4
2797,653729.75,691557.94
2797,653729.75,698923.7
2797,653729.75,698869.5
2797,653729.75,699429.5
2798,457721.38,512872.88
2798,457721.38,506942.44
2798,457721.38,511746.38
2798,457721.38,510808.66
2799,404151.06,320721.22
2799,404151.06,317963.97
2800,432943.66,390786.16
2800,432943.66,393427.38
2800,432943.66,396773.56
2801,182260.19,278176.94
2801,182260.19,285733.62
2801,182260.19,280369.72
2802,426517.0,320315.12
2802,426517.0,307932.03
2803,299955.4,319479.47
2803,299955.4,315079.47
2803,299955.4,327192.4
2803,299955.4,317007.0
2804,748927.1,609922.56
2804,748927.1,618198.56
2804,748927.1,585067.6
2805,548515.5,592810.3
2805,548515.5,591217.9
2806,383590.0,303483.28
2806,383590.0,303335.22
2806,383590.0,313936.66
2806,383590.0,308518.28
2807,790142.3,769194.5
2807,790142.3,762771.25
2808,285561.28,268337.47
2808,285561.28,272722.97
2809,392455.06,378251.53
2809,392455.06,368125.8
2809,392455.06,370580.9
2809,392455.06,375987.34
2809,392455.06,383744.94
2810,552522.25,709903.06
2810,552522.25,712038.94
2811,605041.1,655691.3
2811,605041.1,662719.5
2812,511858.5,453599.97
2812,511858.5,469151.47
2813,644059.06,604472.0
2813,644059.06,609505.75
2813,644059.06,609665.7
2813,644059.06,605020.9
2813,644059.06,599904.7
2814,486236.2,493948.03
2814,486236.2,489561.97
2814,486236.2,491905.44
2814,486236.2,494015.78
2814,486236.2,496041.8
2815,487673.22,555029.5
2815,487673.22,566115.3
2815,487673.22,554286.2
2815,487673.22,558685.94
2815,487673.22,555059.25
2815,487673.22,563677.25
2815,487673.22,562792.06
2815,487673.22,567526.6
2816,531327.75,541713.1
2816,531327.75,533943.75
2816,531327.75,534422.44
2816,531327.75,541459.0
2816,531327.75,541973.1
2816,531327.75,536789.06
2816,531327.75,535701.3
2816,531327.75,534352.44
2817,710559.0,748986.1
2817,710559.0,745353.9
2817,710559.0,749373.8
2817,710559.0,738395.1
2817,710559.0,743350.5
2817,710559.0,745866.4
2817,710559.0,745712.8
2818,721874.8,713289.7
2818,721874.8,721865.4
2819,674886.44,766058.2
2819,674886.44,763369.7
2819,674886.44,769083.56
2819,674886.44,771102.2
2819,674886.44,762433.5
2819,674886.44,762261.94
2819,674886.44,774262.94
2819,674886.44,774820.5
2819,674886.44,773595.6
2820,649095.06,639594.5
2820,649095.06,643049.8
2820,649095.06,632993.4
2820,649095.06,633058.56
2820,649095.06,635576.9
2820,649095.06,643021.56
2820,649095.06,642315.6
2820,649095.06,637932.4
2820,649095.06,640700.1
2820,649095.06,640497.7
2820,649095.06,636718.25
2820,649095.06,639448.2
2820,649095.06,637575.94
2820,649095.06,644553.7
2820,649095.06,644399.44
2820,649095.06,648025.1
2821,637637.0,642771.8
2821,637637.0,642719.56
2821,637637.0,639288.1
2821,637637.0,645593.6
2821,637637.0,644163.75
2821,637637.0,634281.4
2821,637637.0,650593.75
2821,637637.0,641477.3
2822,637139.5,711601.3
2822,637139.5,711393.4
2822,637139.5,727721.0
2822,637139.5,716952.25
2822,637139.5,721533.25
2822,637139.5,713255.8
2822,637139.5,734214.9
2823,363625.88,334775.03
2823,363625.88,349214.94
2823,363625.88,339115.72
2824,390267.6,354222.66
2824,390267.6,352122.12
2824,390267.6,361815.5
2825,566858.0,565377.5
2825,566858.0,575613.1
2825,566858.0,571085.2
2825,566858.0,606124.1
2826,567636.9,557699.9
2826,567636.9,564654.6
2827,438307.56,500942.88
2827,438307.56,500092.5
2827,438307.56,504814.38
2827,438307.56,508119.3
2827,438307.56,501201.94
2828,673938.3,621704.6
2828,673938.3,640711.9
2828,673938.3,638680.1
2829,851886.4,722865.1
2829,851886.4,736697.06
2830,847241.94,742876.8
2830,847241.94,749731.75
2830,847241.94,738800.7
2830,847241.94,739692.0
2830,847241.94,741300.6
2830,847241.94,742121.2
2831,404897.28,308175.03
2831,404897.28,303391.44
2832,577984.5,648675.06
2832,577984.5,645767.75
2832,577984.5,636406.1
2832,577984.5,644591.4
2832,577984.5,656545.25
2833,369636.38,300596.06
2833,369636.38,303857.0
2833,369636.38,293299.16
2834,418580.94,385368.06
2834,418580.94,382613.94
2835,557026.2,581479.1
2835,557026.2,563479.5
2836,591897.3,678429.4
2836,591897.3,674086.1
2836,591897.3,679748.9
2836,591897.3,659868.9
2836,591897.3,659820.6
2836,591897.3,666893.6
2836,591897.3,662735.5
2836,591897.3,659581.94
2837,372833.28,453134.75
2837,372833.28,452742.72
2837,372833.28,460929.88
2838,335631.66,337565.06
2838,335631.66,337530.62
2838,335631.66,347889.34
2838,335631.66,339658.97
2839,605124.6,652000.25
2839,605124.6,656538.06
2839,605124.6,619582.9
2840,245636.27,269553.34
2840,245636.27,270147.44
2841,734661.7,713474.25
2841,734661.7,710432.0
2841,734661.7,713137.8
2841,734661.7,712078.56
2841,734661.7,716078.56
2841,734661.7,707172.4
2841,734661.7,686127.0
2842,530214.06,520394.53
2842,530214.06,483204.6
2843,737025.44,666617.2
2843,737025.44,673850.6
2844,267241.3,258336.27
2844,267241.3,263424.34
2844,267241.3,256056.98
2845,749671.4,728685.7
2845,749671.4,722489.8
2845,749671.4,733197.75
2845,749671.4,723974.75
2845,749671.4,727198.06
2845,749671.4,751090.75
2846,532489.7,573106.75
2846,532489.7,562572.94
2846,532489.7,573406.9
2846,532489.7,569138.6
2846,532489.7,568524.6
2847,508575.2,474277.9
2847,508575.2,475190.22
2847,508575.2,499606.3
2847,508575.2,476789.16
2848,343446.6,286741.66
2848,343446.6,287155.75
2849,595523.44,636845.06
2849,595523.44,621344.25
2850,554275.94,576547.2
2850,554275.94,573465.25
2851,290711.94,259649.8
2851,290711.94,258658.2
2852,329471.88,405471.94
2852,329471.88,407519.9
2852,329471.88,423832.53
2852,329471.88,409510.34
2853,217214.6,240562.11
2853,217214.6,245308.08
2854,426297.6,420540.25
2854,426297.6,422767.94
2854,426297.6,434680.88
2855,529463.6,553797.75
2855,529463.6,530148.75
2856,592965.25,588862.06
2856,592965.25,571216.5
2857,648061.3,723028.8
2857,648061.3,718822.1
2857,648061.3,710377.7
2857,648061.3,718682.1
2857,648061.3,717885.44
2857,648061.3,716063.8
2857,648061.3,702556.44
2858,564979.94,649700.6
2858,564979.94,655535.3
2858,564979.94,656841.56
2858,564979.94,648475.56
2858,564979.94,655062.0
2858,564979.94,646223.06
2858,564979.94,639219.1
2858,564979.94,634471.44
2858,564979.94,655361.94
2859,462854.75,490567.9
2859,462854.75,474544.2
2860,455696.5,497925.88
2860,455696.5,524206.84
2861,530705.2,517070.06
2861,530705.2,520411.0
2861,530705.2,518793.53
2862,360645.8,293399.62
2862,360645.8,290591.22
2862,360645.8,300184.78
2862,360645.8,297941.94
2863,630778.06,673732.75
2863,630778.06,670227.0
2863,630778.06,672323.06
2863,630778.06,662021.06
2863,630778.06,679742.5
2863,630778.06,682445.2
2863,630778.06,668198.44
2864,322132.25,394624.75
2864,322132.25,392227.53
2864,322132.25,407064.38
2864,322132.25,397336.47
2865,588473.9,671395.75
2865,588473.9,685235.94
2866,576002.25,625605.3
2866,576002.25,621765.75
2867,739446.4,672145.06
2867,739446.4,685875.94
2868,2.5050728e+06,2.5666215e+06
2868,2.5050728e+06,2.5644772e+06
2868,2.5050728e+06,2.5672992e+06
2868,2.5050728e+06,2.5714048e+06
2868,2.5050728e+06,2.5680575e+06
2868,2.5050728e+06,2.5693742e+06
2868,2.5050728e+06,2.566988e+06
2868,2.5050728e+06,2.5647532e+06
2868,2.5050728e+06,2.5691172e+06
2868,2.5050728e+06,2.5660498e+06
2868,2.5050728e+06,2.5675115e+06
2869,376542.12,416999.9
2869,376542.12,417997.94
2869,376542.12,428333.8
2869,376542.12,423022.62
2870,293067.2,268708.44
2870,293067.2,271228.72
2870,293067.2,268598.25
2871,541239.8,464077.4
2871,541239.8,458035.8
2871,541239.8,454510.6
2871,541239.8,459481.28
2872,823736.7,723489.56
2872,823736.7,724253.1
2872,823736.7,719820.8
2872,823736.7,716854.6
2872,823736.7,717059.8
2872,823736.7,715325.44
2872,823736.7,712841.75
2873,750429.0,744166.1
2873,750429.0,751288.56
2873,750429.0,749483.2
2873,750429.0,749867.9
2873,750429.0,744310.06
2873,750429.0,753943.1
2873,750429.0,768857.7
2874,852505.9,875615.2
2874,852505.9,876931.2
2874,852505.9,879131.0
2874,852505.9,878581.75
2874,852505.9,876041.5
2874,852505.9,876821.8
2874,852505.9,881925.56
2874,852505.9,862131.2
2874,852505.9,874229.7
2874,852505.9,873044.25
2875,386559.38,420275.78
2875,386559.38,418667.0
2875,386559.38,417950.0
2875,386559.38,432041.53
2876,614393.1,585641.06
2876,614393.1,587473.8
2876,614393.1,593848.56
2876,614393.1,584844.7
2876,614393.1,583607.06
2877,574951.25,662257.44
2877,574951.25,670384.56
2878,701541.44,746792.3
2878,701541.44,743247.8
2878,701541.44,743186.94
2878,701541.44,749377.9
2878,701541.44,749432.75
2878,701541.44,743431.5
2878,701541.44,740002.25
2878,701541.44,744566.06
2878,701541.44,742793.5
2878,701541.44,735412.2
2878,701541.44,736279.8
2879,417649.53,434133.72
2879,417649.53,425361.6
2880,224343.42,291069.1
2880,224343.42,294263.62
2881,857724.0,734080.75
2881,857724.0,728481.2
2881,857724.0,736615.6
2881,857724.0,729824.4
2881,857724.0,736020.7
2881,857724.0,753780.56
2882,535786.06,499497.53
2882,535786.06,502940.62
2882,535786.06,504719.44
2883,402405.38,475940.4
2883,402405.38,469979.0
2883,402405.38,467191.88
2883,402405.38,475193.7
2884,983517.3,934327.56
2884,983517.3,961296.25
2885,923910.9,676402.2
2885,923910.9,694072.7
2886,248320.33,248529.2
2886,248320.33,242350.52
2887,428707.0,513216.88
2887,428707.0,494376.78
2888,433427.8,485447.84
2888,433427.8,486642.97
2889,835288.1,792079.2
2890,664553.9,693655.5
2890,664553.9,699240.6
2890,664553.9,685474.9
2890,664553.9,702742.56
2890,664553.9,697496.75
2890,664553.9,685692.7
2890,664553.9,694444.1
2890,664553.9,697004.1
2890,664553.9,676336.2
2891,823497.56,782778.3
2891,823497.56,783073.9
2891,823497.56,774490.4
2891,823497.56,787685.1
2891,823497.56,782388.06
2891,823497.56,787609.0
2891,823497.56,785776.4
2891,823497.56,788467.7
2891,823497.56,787521.94
2891,823497.56,783983.94
2891,823497.56,781093.75
2892,404632.38,467571.66
2892,404632.38,468153.97
2892,404632.38,469179.3
2892,404632.38,475386.25
2893,763913.1,704902.06
2893,763913.1,674782.9
2894,2.5664135e+06,2.5873842e+06
2894,2.5664135e+06,2.5824142e+06
2895,500350.9,423258.06
2895,500350.9,454027.34
2896,255879.94,249135.98
2896,255879.94,253057.89
2897,800851.56,711768.3
2897,800851.56,698601.0
2898,206099.12,195588.42
2898,206099.12,184389.33
2899,209959.28,294615.97
2899,209959.28,289930.56
2899,209959.28,302272.16
2899,209959.28,293975.25
2900,628291.94,637664.9
2900,628291.94,656971.6
2901,367062.38,365686.16
2901,367062.38,356121.03
2902,869194.3,828828.1
2902,869194.3,831656.25
2902,869194.3,836337.7
2902,869194.3,826464.06
2902,869194.3,831441.94
2902,869194.3,829035.6
2902,869194.3,834144.7
2902,869194.3,837883.6
2902,869194.3,837883.6
2903,441701.8,391485.1
2903,441701.8,379750.5
2904,789283.5,770798.7
2904,789283.5,782066.8
2904,789283.5,775626.44
2904,789283.5,775582.5
2904,789283.5,771768.8
2904,789283.5,774130.06
2904,789283.5,775943.9
2904,789283.5,775760.9
2904,789283.5,779355.3
2904,789283.5,781568.4
2905,877358.6,711187.4
2905,877358.6,696153.56
2906,938147.06,948834.3
2906,938147.06,954459.5
2906,938147.06,949036.5
2906,938147.06,956969.25
2906,938147.06,954385.5
2906,938147.06,950416.75
2906,938147.06,954598.2
2906,938147.06,958838.7
2906,938147.06,947940.06
2906,938147.06,947447.3
2906,938147.06,936884.06
2906,938147.06,946868.25
2906,938147.06,949005.0
2906,938147.06,951279.4
2906,938147.06,947665.94
2907,726766.75,692458.3
2907,726766.75,705489.4
2908,1.0255664e+06,772902.75
2908,1.0255664e+06,771845.4
2908,1.0255664e+06,774891.8
2908,1.0255664e+06,775401.56
2908,1.0255664e+06,774879.3
2908,1.0255664e+06,774760.6
2908,1.0255664e+06,773954.06
2908,1.0255664e+06,780775.7
2908,1.0255664e+06,775328.3
2908,1.0255664e+06,773993.25
2908,1.0255664e+06,786849.2
2909,558124.25,494874.84
2909,558124.25,496319.97
2910,505355.03,596924.1
2910,505355.03,563069.9
2911,556050.56,622099.6
2911,556050.56,628264.75
2911,556050.56,634235.0
2911,556050.56,629833.0
2911,556050.56,622509.7
2911,556050.56,634099.0
2911,556050.56,600440.2
2912,605222.0,465275.06
2912,605222.0,474833.4
2913,286721.44,237468.33
2913,286721.44,243967.64
2914,427664.7,393836.75
2914,427664.7,411267.06
2915,876827.44,824956.25
2915,876827.44,819726.4
2915,876827.44,828000.6
2915,876827.44,829885.1
2915,876827.44,830113.94
2915,876827.44,828462.4
2915,876827.44,818629.4
2915,876827.44,824562.4
2915,876827.44,826868.44
2915,876827.44,826556.6
2915,876827.44,841464.56
2916,449151.88,556022.44
2916,449151.88,561626.7
2916,449151.88,563403.44
2916,449151.88,553831.7
2917,1.0847925e+06,1.0351526e+06
2917,1.0847925e+06,1.03597425e+06
2917,1.0847925e+06,1.0425007e+06
2917,1.0847925e+06,1.0400583e+06
2917,1.0847925e+06,1.0381314e+06
2917,1.0847925e+06,1.04328744e+06
2917,1.0847925e+06,1.0678662e+06
2918,1.2762495e+06,1.2846984e+06
2918,1.2762495e+06,1.2882911e+06
2918,1.2762495e+06,1.2815262e+06
2918,1.2762495e+06,1.2862746e+06
2918,1.2762495e+06,1.2861385e+06
2918,1.2762495e+06,1.2814981e+06
2918,1.2762495e+06,1.2841078e+06
2918,1.2762495e+06,1.2840708e+06
2918,1.2762495e+06,1.26839e+06
2919,583114.44,642373.3
2919,583114.44,645745.1
2920,303654.7,275483.5
2920,303654.7,280296.38
2921,466965.4,395811.34
2922,1.1459931e+06,1.05451e+06
2922,1.1459931e+06,1.0930485e+06
2923,194301.81,181382.3
2923,194301.81,190646.36
2923,194301.81,186678.98
2924,555344.06,627440.56
2924,555344.06,626984.3
2924,555344.06,620217.4
2924,555344.06,613429.2
2925,528180.5,562115.2
2925,528180.5,581171.3
2925,528180.5,550515.5
2926,461696.25,452357.06
2926,461696.25,447701.72
2926,461696.25,461421.25
2926,461696.25,445553.84
2926,461696.25,458195.53
2926,461696.25,452291.53
2927,1.297809e+06,1.2771721e+06
2927,1.297809e+06,1.2769042e+06
2927,1.297809e+06,1.2744922e+06
2927,1.297809e+06,1.2759491e+06
2927,1.297809e+06,1.2774726e+06
2927,1.297809e+06,1.2803029e+06
2927,1.297809e+06,1.273949e+06
2927,1.297809e+06,1.2786795e+06
2927,1.297809e+06,1.2566128e+06
2928,891025.5,850428.75
2928,891025.5,855538.4
2928,891025.5,854099.5
2928,891025.5,850693.25
2928,891025.5,854208.1
2928,891025.5,853971.4
2928,891025.5,854159.6
2928,891025.5,851850.56
2928,891025.5,851759.1
2928,891025.5,852867.6
2928,891025.5,854014.75
2928,891025.5,864952.94
2929,535551.6,603112.1
2929,535551.6,609757.6
2929,535551.6,611766.2
2929,535551.6,618531.5
2929,535551.6,615205.4
2929,535551.6,609926.3
2930,613815.3,702330.5
2931,597352.9,598204.8
2931,597352.9,600445.25
2931,597352.9,602744.8
2931,597352.9,597219.1
2931,597352.9,597407.75
2931,597352.9,599995.5
2931,597352.9,600737.94
2931,597352.9,595746.56
2931,597352.9,597541.8
2931,597352.9,597741.44
2932,763666.44,686608.75
2932,763666.44,676561.25
2932,763666.44,688170.7
2932,763666.44,688747.44
2932,763666.44,680022.06
2933,556595.94,607597.3
2934,621589.8,592554.6
2934,621589.8,580609.3
2935,588116.8,587362.1
2935,588116.8,589078.0
2935,588116.8,574833.9
2935,588116.8,602815.56
2936,856332.1,811098.1
2936,856332.1,812544.7
2936,856332.1,811345.2
2936,856332.1,812379.9
2936,856332.1,817539.1
2936,856332.1,810886.25
2936,856332.1,814339.1
2936,856332.1,810146.5
2936,856332.1,806986.8
2936,856332.1,806603.6
2936,856332.1,830760.44
2937,816600.0,756371.94
2937,816600.0,766267.1
2937,816600.0,766400.8
2937,816600.0,765612.3
2937,816600.0,753280.75
2937,816600.0,748978.6
2937,816600.0,756340.7
2937,816600.0,745777.25
2938,307244.97,403388.06
2938,307244.97,401362.22
2938,307244.97,416984.12
2938,307244.97,405541.47
2939,203676.75,232867.86
2939,203676.75,238530.17
2939,203676.75,237278.02
2940,240232.83,244923.89
2940,240232.83,241627.61
2941,364740.8,358560.66
2941,364740.8,381828.4
2942,707304.0,725027.56
2942,707304.0,718737.7
2942,707304.0,719096.75
2942,707304.0,719993.7
2942,707304.0,718981.3
2942,707304.0,701158.06
2942,707304.0,700945.4
2942,707304.0,707096.9
2942,707304.0,698815.06
2943,437795.22,316994.06
2943,437795.22,313609.44
2944,1.1138518e+06,1.0619481e+06
2944,1.1138518e+06,1.0646839e+06
2944,1.1138518e+06,1.0505301e+06
2944,1.1138518e+06,1.0576509e+06
2944,1.1138518e+06,1.063487e+06
2944,1.1138518e+06,1.0737801e+06
2944,1.1138518e+06,1.0791182e+06
2944,1.1138518e+06,1.0875975e+06
2945,270010.12,252164.11
2945,270010.12,255797.33
2946,753908.1,716366.8
2946,753908.1,725465.3
2947,199010.97,238122.8
2947,199010.97,239363.48
2947,199010.97,238200.33
2948,549347.3,555029.4
2948,549347.3,564404.3
2948,549347.3,554265.75
2948,549347.3,553824.8
2948,549347.3,552230.56
2949,418655.84,311946.94
2949,418655.84,312174.53
2949,418655.84,321680.34
2949,418655.84,306714.47
2950,463126.12,521267.5
2950,463126.12,501808.88
2951,292182.34,258456.7
2951,292182.34,271889.72
2951,292182.34,265499.97
2952,559468.7,465876.7
2953,354053.84,289180.6
2953,354053.84,290423.03
2954,532051.9,526556.1
2954,532051.9,524653.7
2954,532051.9,545797.7
2954,532051.9,541389.8
2955,484522.47,620585.9
2955,484522.47,603470.75
2956,972639.2,771776.9
2956,972639.2,772203.56
2956,972639.2,767307.94
2956,972639.2,773007.9
2956,972639.2,768524.5
2956,972639.2,772066.7
2956,972639.2,772871.0
2956,972639.2,777773.7
2956,972639.2,784560.94
2957,510949.22,492735.5
2957,510949.22,468201.94
2958,491188.72,585168.5
2958,491188.72,572865.75
2959,577661.8,568768.5
2959,577661.8,560575.94
2960,551920.0,606267.4
2960,551920.0,610576.94
2960,551920.0,617859.0
2960,551920.0,618916.94
2961,478019.12,438406.34
2961,478019.12,446627.0
2961,478019.12,410566.47
2962,291638.94,262800.66
2962,291638.94,256628.7
2963,452863.72,422628.5
2963,452863.72,424567.84
2964,523443.75,617736.06
2965,792520.6,687190.06
2965,792520.6,686131.2
2966,2.4108375e+06,2.5753735e+06
2966,2.4108375e+06,2.5762342e+06
2966,2.4108375e+06,2.5706762e+06
2967,677755.4,768755.56
2967,677755.4,774572.6
2967,677755.4,771267.06
2967,677755.4,771149.0
2967,677755.4,762568.94
2967,677755.4,767306.7
2967,677755.4,759208.44
2967,677755.4,768782.3
2967,677755.4,767158.56
2967,677755.4,785734.3
2968,677534.5,725367.25
2968,677534.5,742918.5
2968,677534.5,724470.0
2969,324815.25,317186.47
2969,324815.25,321650.8
2969,324815.25,315145.53
2970,1.0379807e+06,769705.4
2970,1.0379807e+06,764411.25
2970,1.0379807e+06,763093.56
2970,1.0379807e+06,762551.1
2970,1.0379807e+06,759274.94
2970,1.0379807e+06,761480.1
2970,1.0379807e+06,769763.56
2970,1.0379807e+06,790291.8
2971,677042.25,663713.75
2971,677042.25,640910.25
2972,649085.7,595294.94
2972,649085.7,602119.94
2972,649085.7,599200.9
2972,649085.7,600762.06
2972,649085.7,604297.0
2972,649085.7,601573.1
2972,649085.7,602812.1
2972,649085.7,599019.0
2973,350755.47,288772.53
2973,350755.47,295977.9
2973,350755.47,293910.66
2974,533991.75,575747.9
2974,533991.75,579459.06
2975,721348.2,761439.1
2975,721348.2,771905.44
2975,721348.2,757153.9
2976,695090.06,650132.75
2976,695090.06,674440.7
2977,631398.75,713175.25
2977,631398.75,707691.7
2977,631398.75,700659.4
2977,631398.75,702905.06
2977,631398.75,708966.3
2977,631398.75,709440.25
2977,631398.75,694535.75
2978,720443.75,656427.75
2978,720443.75,655105.6
2979,482589.9,493145.75
2979,482589.9,494583.75
2979,482589.9,486928.7
2979,482589.9,497172.25
2979,482589.9,492245.56
2980,527027.2,553605.44
2980,527027.2,584514.94
2981,457398.03,408628.9
2981,457398.03,417703.03
2981,457398.03,416367.53
2981,457398.03,415823.72
2981,457398.03,414933.5
2982,274114.66,275618.28
2982,274114.66,288935.25
2983,347181.22,320177.75
2983,347181.22,328372.6
2983,347181.22,321304.56
2984,282832.0,251329.73
2984,282832.0,249599.55
2985,426205.62,404964.5
2985,426205.62,404651.62
2985,426205.62,402555.88
2985,426205.62,392684.28
2986,560985.6,619348.44
2986,560985.6,599336.56
2987,398035.44,379908.0
2987,398035.44,379545.9
2987,398035.44,363165.38
2988,605006.44,610532.7
2989,2.6546102e+06,2.5954502e+06
2989,2.6546102e+06,2.5976405e+06
2990,635917.0,612438.5
2990,635917.0,607155.8
2990,635917.0,609276.8
2990,635917.0,610670.75
2990,635917.0,613060.5
2990,635917.0,615180.7
2990,635917.0,614165.2
2990,635917.0,609584.44
2990,635917.0,614964.06
2990,635917.0,612045.2
2990,635917.0,612981.8
2990,635917.0,602773.25
2991,599810.2,684950.3
2991,599810.2,694724.0
2991,599810.2,702092.44
2991,599810.2,688616.0
2991,599810.2,690356.4
2991,599810.2,680838.1
2992,318252.44,355307.56
2992,318252.44,358380.56
2992,318252.44,355837.53
2992,318252.44,353813.12
2993,946065.3,733863.8
2993,946065.3,743515.7
2993,946065.3,724034.8
2994,744209.4,761738.06
2994,744209.4,767602.9
2994,744209.4,757834.06
2994,744209.4,758561.3
2994,744209.4,763763.9
2994,744209.4,763300.75
2994,744209.4,751403.9
2994,744209.4,753880.1
2994,744209.4,763630.4
2994,744209.4,761546.44
2995,760622.6,621137.4
2995,760622.6,617189.2
2995,760622.6,619483.6
2995,760622.6,609549.2
2995,760622.6,621662.1
2995,760622.6,626240.7
2995,760622.6,620769.56
2995,760622.6,613391.5
2996,536098.25,626441.4
2996,536098.25,611570.1
2997,476236.25,522450.62
2997,476236.25,514002.97
2998,1.1257214e+06,1.1855824e+06
2998,1.1257214e+06,1.1967156e+06
2999,876480.2,845436.75
3000,604401.3,702075.9
3001,558594.25,655108.8
3001,558594.25,660438.1
3001,558594.25,655917.8
3001,558594.25,661761.8
3001,558594.25,655702.5
3001,558594.25,661699.8
3001,558594.25,643331.06
3001,558594.25,642848.5
3001,558594.25,646257.3
3001,558594.25,649378.3
3002,381576.22,299321.5
3002,381576.22,297356.1
3003,796983.5,622066.56
3003,796983.5,614973.56
3004,776261.2,784305.0
3005,217420.12,242473.23
3005,217420.12,243673.8
3006,641633.0,628256.2
3006,641633.0,629071.8
3006,641633.0,623529.8
3006,641633.0,625838.94
3006,641633.0,635994.5
3006,641633.0,634408.1
3006,641633.0,631008.3
3006,641633.0,633462.94
3006,641633.0,633678.44
3006,641633.0,632344.2
3006,641633.0,632027.0
3006,641633.0,626393.4
3006,641633.0,634062.1
3007,359102.4,296343.6
3007,359102.4,298092.16
3008,761507.9,769757.9
3009,643816.3,597645.3
3009,643816.3,606696.56
3009,643816.3,617141.5
3009,643816.3,602852.1
3009,643816.3,600275.6
3009,643816.3,624906.75
3010,341805.1,283232.62
3010,341805.1,283082.72
3011,538183.25,541687.5
3011,538183.25,554550.25
3012,295830.44,378036.16
3012,295830.44,376077.7
3013,720471.6,743193.9
3013,720471.6,743872.75
3014,494637.25,465011.22
3014,494637.25,476820.28
3015,784753.4,717643.44
3015,784753.4,714329.75
3015,784753.4,718558.06
3015,784753.4,713890.5
3015,784753.4,710946.75
3015,784753.4,696667.06
3015,784753.4,698354.3
3015,784753.4,690572.56
3015,784753.4,691194.9
3015,784753.4,717422.0
3016,1.2752634e+06,1.2480376e+06
3016,1.2752634e+06,1.2485701e+06
3016,1.2752634e+06,1.247501e+06
3016,1.2752634e+06,1.2492588e+06
3016,1.2752634e+06,1.2482442e+06
3016,1.2752634e+06,1.2506529e+06
3016,1.2752634e+06,1.2476444e+06
3016,1.2752634e+06,1.2460526e+06
3016,1.2752634e+06,1.2407458e+06
3016,1.2752634e+06,1.2470728e+06
3016,1.2752634e+06,1.2438361e+06
3016,1.2752634e+06,1.2596509e+06
3017,824388.94,800585.3
3017,824388.94,816297.3
3018,995735.56,1.0647012e+06
3018,995735.56,1.1003745e+06
3018,995735.56,1.0744431e+06
3019,530410.5,591436.5
3019,530410.5,595573.25
3019,530410.5,583600.8
3019,530410.5,593483.3
3020,450876.03,505796.5
3020,450876.03,502221.88
3020,450876.03,506945.0
3020,450876.03,506178.97
3020,450876.03,497178.6
3021,715909.06,571380.56
3021,715909.06,558325.8
3022,281231.28,232382.02
3022,281231.28,237223.39
3023,2.8142945e+06,2.619294e+06
3023,2.8142945e+06,2.6236422e+06
3024,536954.9,456168.03
3024,536954.9,463170.22
3024,536954.9,482957.8
3024,536954.9,470031.7
3025,465335.4,446135.5
3025,465335.4,446492.28
3025,465335.4,456876.16
3026,580544.44,597914.1
3026,580544.44,582811.75
3026,580544.44,570840.7
3027,613140.0,589046.0
3027,613140.0,591730.3
3027,613140.0,592253.0
3027,613140.0,595255.44
3027,613140.0,590489.06
3027,613140.0,592253.0
3027,613140.0,589246.25
3027,613140.0,587851.44
3027,613140.0,592486.25
3027,613140.0,597538.5
3028,432512.06,473086.5
3028,432512.06,472788.12
3028,432512.06,478075.72
3028,432512.06,480829.66
3029,516881.88,562026.2
3029,516881.88,571168.06
3030,612556.5,573835.8
3030,612556.5,547492.94
3031,614942.94,751379.56
3031,614942.94,747682.5
3031,614942.94,756618.44
3031,614942.94,753045.0
3031,614942.94,752382.7
3031,614942.94,751623.0
3031,614942.94,759094.44
3032,479157.9,526803.3
3032,479157.9,533725.1
3032,479157.9,526584.56
3032,479157.9,528823.75
3032,479157.9,516157.75
3033,645853.56,653124.7
3033,645853.56,665132.4
3033,645853.56,635482.4
3034,776182.8,801587.44
3034,776182.8,806743.0
3034,776182.8,812221.7
3034,776182.8,813501.25
3034,776182.8,808012.0
3034,776182.8,803958.75
3034,776182.8,802841.0
3034,776182.8,809152.75
3034,776182.8,803690.25
3034,776182.8,797574.9
3034,776182.8,805576.44
3034,776182.8,807011.06
3034,776182.8,809116.1
3034,776182.8,817019.25
3035,406424.12,496138.62
3035,406424.12,496642.34
3036,550113.25,605848.4
3036,550113.25,601453.44
3036,550113.25,596993.75
3036,550113.25,609311.75
3036,550113.25,603105.8
3037,550572.6,573831.5
3037,550572.6,573879.75
3038,806747.3,697995.5
3038,806747.3,689849.94
3039,533600.25,450435.72
3039,533600.25,450013.56
3039,533600.25,447273.16
3040,2.7320582e+06,2.6169565e+06
3040,2.7320582e+06,2.609089e+06
3041,261882.34,255334.8
3041,261882.34,257912.95
3041,261882.34,253893.17
3042,579738.56,640481.75
3042,579738.56,634431.4
3042,579738.56,634579.4
3042,579738.56,629705.3
3042,579738.56,635795.9
3042,579738.56,628826.9
3042,579738.56,628622.25
3042,579738.56,628223.25
3042,579738.56,623390.94
3042,579738.56,624780.06
3042,579738.56,601766.1
3043,345062.0,297637.44
3043,345062.0,301105.7
3044,599032.25,638546.7
3044,599032.25,650613.25
3044,599032.25,620623.25
3045,221750.22,237333.58
3045,221750.22,240568.3
3046,544496.4,540235.44
3046,544496.4,549490.44
3046,544496.4,555932.44
3046,544496.4,555206.4
3046,544496.4,571395.1
3047,768405.06,682441.9
3047,768405.06,673570.06
3047,768405.06,671182.0
3047,768405.06,673883.25
3047,768405.06,679327.5
3048,680017.75,751907.9
3048,680017.75,749282.56
3048,680017.75,753453.06
3048,680017.75,745643.5
3048,680017.75,744572.9
3048,680017.75,780293.75
3049,569132.44,569794.0
3049,569132.44,557798.25
3050,281656.84,294725.0
3050,281656.84,300799.8
3050,281656.84,298666.53
3051,714673.4,720738.9
3051,714673.4,730054.44
3051,714673.4,723358.56
3051,714673.4,726568.25
3051,714673.4,728149.8
3051,714673.4,719676.56
3051,714673.4,712957.0
3052,609597.7,595294.44
3052,609597.7,591556.06
3052,609597.7,582450.2
3052,609597.7,588560.2
3052,609597.7,582880.9
3052,609597.7,590910.6
3052,609597.7,593706.6
3052,609597.7,575827.7
3053,319044.12,347360.25
3053,319044.12,344957.8
3053,319044.12,350257.9
3053,319044.12,352429.1
3054,426306.53,486646.53
3054,426306.53,478361.25
3054,426306.53,482730.25
3054,426306.53,497245.38
3055,262978.38,257751.86
3055,262978.38,252369.27
3056,842573.2,804501.5
3057,925281.06,713392.5
3057,925281.06,733334.56
3058,551938.4,602391.9
3058,551938.4,600155.8
3059,537521.3,635078.56
3059,537521.3,637443.56
3059,537521.3,620139.4
3059,537521.3,622457.7
3059,537521.3,635279.1
3059,537521.3,609935.1
3060,276759.38,252937.42
3060,276759.38,252278.48
3061,628321.2,600955.7
3061,628321.2,601115.7
3062,340064.03,288581.66
3062,340064.03,286821.22
3063,1.0356693e+06,1.0573735e+06
3063,1.0356693e+06,1.0519149e+06
3063,1.0356693e+06,1.0549776e+06
3063,1.0356693e+06,1.0646528e+06
3063,1.0356693e+06,1.0526256e+06
3063,1.0356693e+06,1.050371e+06
3063,1.0356693e+06,1.0486966e+06
3063,1.0356693e+06,1.0744688e+06
3063,1.0356693e+06,1.0590189e+06
3063,1.0356693e+06,1.0623156e+06
3063,1.0356693e+06,1.0607486e+06
3064,1.2399994e+06,1.2995591e+06
3064,1.2399994e+06,1.2991045e+06
3065,1.2760135e+06,1.173237e+06
3065,1.2760135e+06,1.1829852e+06
3066,526789.9,700826.1
3066,526789.9,711884.94
3066,526789.9,718865.6
3066,526789.9,708046.7
3066,526789.9,694945.06
3067,656136.25,638816.06
3067,656136.25,637582.3
3068,731132.25,655420.0
3068,731132.25,662565.6
3068,731132.25,664219.06
3068,731132.25,635767.8
3069,269617.06,222471.02
3069,269617.06,223763.52
3069,269617.06,234865.7
3070,400812.94,302524.28
3070,400812.94,315467.94
3070,400812.94,316297.03
3071,217283.98,308694.6
3072,886413.5,702481.8
3073,305412.22,268811.94
3073,305412.22,267593.6
3073,305412.22,273072.78
3073,305412.22,262203.62
3074,385986.97,295043.97
3074,385986.97,310532.88
3074,385986.97,302977.94
3075,429826.75,423335.78
3075,429826.75,420153.3
3075,429826.75,437530.75
3075,429826.75,429946.25
3076,262345.53,254426.83
3076,262345.53,252862.8
3076,262345.53,259625.67
3077,598445.44,547743.75
3077,598445.44,560835.56
3077,598445.44,540809.3
3078,692322.3,687274.94
3078,692322.3,700290.8
3078,692322.3,684286.56
3078,692322.3,698979.2
3078,692322.3,699786.9
3078,692322.3,693964.0
3078,692322.3,702557.4
3079,309166.22,266780.2
3079,309166.22,270317.88
3079,309166.22,271111.4
3079,309166.22,273502.28
3080,867496.8,746873.75
3080,867496.8,753490.3
3080,867496.8,752363.56
3080,867496.8,748435.2
3080,867496.8,753583.9
3080,867496.8,734127.94
3081,509393.9,479243.44
3081,509393.9,495338.38
3082,764764.4,710278.44
3082,764764.4,705879.5
3082,764764.4,714644.9
3082,764764.4,715283.5
3082,764764.4,686776.56
3083,561296.6,563818.94
3083,561296.6,561659.75
3084,478511.12,486588.53
3084,478511.12,506560.62
3085,484112.5,475799.84
3085,484112.5,476845.66
3085,484112.5,474623.53
3086,640075.0,626389.6
3086,640075.0,626655.56
3086,640075.0,622116.3
3086,640075.0,626439.7
3086,640075.0,625772.94
3086,640075.0,628078.6
3086,640075.0,624241.1
3086,640075.0,625008.9
3086,640075.0,626180.7
3086,640075.0,626427.56
3086,640075.0,629043.8
3086,640075.0,629724.44
3086,640075.0,631213.8
3086,640075.0,643457.1
3087,790785.75,694246.8
3087,790785.75,689367.5
3088,664973.94,532333.44
3089,721808.56,696241.3
3089,721808.56,709687.9
3090,363340.72,304353.44
3090,363340.72,308770.3
3090,363340.72,310366.84
3091,221857.77,245574.08
3091,221857.77,243341.17
3092,408532.0,300364.8
3092,408532.0,304217.53
3092,408532.0,308785.56
3093,473799.56,453802.9
3093,473799.56,454036.03
3093,473799.56,458586.66
3094,291524.9,254890.48
3094,291524.9,248900.77
3095,429404.94,415355.4
3095,429404.94,411633.22
3096,1.1195694e+06,1.1417569e+06
3096,1.1195694e+06,1.1407336e+06
3096,1.1195694e+06,1.1367941e+06
3096,1.1195694e+06,1.1275006e+06
3096,1.1195694e+06,1.139304e+06
3096,1.1195694e+06,1.1419062e+06
3096,1.1195694e+06,1.142977e+06
3096,1.1195694e+06,1.1518022e+06
3097,628482.1,650020.94
3097,628482.1,645389.7
3097,628482.1,652337.5
3097,628482.1,651610.1
3097,628482.1,635422.56
3098,714333.1,722466.8
3099,242360.17,229757.73
3099,242360.17,227137.64
3100,833591.3,729040.94
3100,833591.3,731386.2
3100,833591.3,731644.44
3100,833591.3,724228.3
3100,833591.3,737494.8
3100,833591.3,739294.0
3100,833591.3,727602.44
3101,350239.28,364760.16
3101,350239.28,368392.62
3101,350239.28,366562.8
3102,465397.56,533312.94
3102,465397.56,522424.97
3103,872545.44,862268.3
3103,872545.44,862257.06
3103,872545.44,860651.3
3103,872545.44,856050.7
3103,872545.44,860777.7
3103,872545.44,861469.7
3103,872545.44,855278.8
3103,872545.44,863388.25
3103,872545.44,857861.25
3103,872545.44,863815.5
3104,350499.1,300274.47
3104,350499.1,300403.1
3104,350499.1,305764.88
3105,626575.5,590642.3
3105,626575.5,596595.4
3106,685490.56,678284.7
3106,685490.56,699084.06
3107,669416.3,676317.06
3107,669416.3,680643.94
3107,669416.3,673941.75
3107,669416.3,675161.2
3107,669416.3,682331.56
3107,669416.3,682379.44
3107,669416.3,678768.2
3108,601181.06,614619.6
3108,601181.06,630538.7
3109,461144.44,391723.38
3109,461144.44,351263.84
3110,563981.3,706584.8
3110,563981.3,719110.1
3111,551241.25,548581.1
3111,551241.25,568642.8
3112,682313.9,664360.94
3112,682313.9,673602.56
3113,866716.25,711960.8
3113,866716.25,718226.3
3114,438737.0,398586.5
3114,438737.0,394505.56
3115,2.7390622e+06,2.611943e+06
3115,2.7390622e+06,2.6158558e+06
3116,387819.97,368775.84
3116,387819.97,363111.2
3117,767044.94,682252.25
3117,767044.94,683799.8
3117,767044.94,679223.8
3117,767044.94,678892.25
3118,368821.9,445878.72
3118,368821.9,454097.97
3119,278600.6,367846.78
3119,278600.6,366500.6
3119,278600.6,360499.06
3120,656888.44,675721.2
3120,656888.44,684458.4
3120,656888.44,682787.75
3120,656888.44,686098.4
3120,656888.44,676473.0
3121,433934.72,409707.1
3121,433934.72,414693.97
3121,433934.72,402704.47
3121,433934.72,406743.75
3121,433934.72,409700.88
3121,433934.72,416752.38
3122,948302.6,722116.9
3122,948302.6,737160.4
3123,170081.03,248070.67
3123,170081.03,247282.73
3124,612844.5,705989.0
3124,612844.5,719225.3
3125,766244.2,740315.0
3126,736900.8,754237.3
3126,736900.8,749718.7
3126,736900.8,749493.7
3126,736900.8,747098.3
3126,736900.8,749186.25
3126,736900.8,756023.06
3126,736900.8,773111.4
3127,820760.4,791048.3
3127,820760.4,794615.3
3127,820760.4,790090.1
3127,820760.4,785970.0
3127,820760.4,794334.9
3127,820760.4,795584.5
3127,820760.4,794709.6
3127,820760.4,787476.75
3127,820760.4,796965.9
3127,820760.4,789195.56
3127,820760.4,803731.06
3128,207095.64,238049.27
3128,207095.64,240004.27
3129,628132.3,583183.56
3129,628132.3,588520.1
3129,628132.3,586719.2
3129,628132.3,576170.6
3130,430802.62,313490.7
3130,430802.62,316905.25
3131,799044.7,763617.75
3132,639991.75,496782.06
3132,639991.75,486680.84
3132,639991.75,489728.06
3132,639991.75,485015.8
3132,639991.75,488189.53
3133,253595.48,249252.08
3133,253595.48,242575.39
3134,497851.34,471758.66
3134,497851.34,471618.25
3134,497851.34,492015.56
3134,497851.34,479306.8
3135,449350.75,541174.7
3136,2.496541e+06,2.5980055e+06
3136,2.496541e+06,2.6009442e+06
3137,292705.88,301182.28
3137,292705.88,308573.4
3137,292705.88,306438.8
3138,544194.2,555112.0
3138,544194.2,531937.0
3139,550718.4,578463.25
3139,550718.4,592920.1
3139,550718.4,593042.44
3139,550718.4,609572.0
3140,826055.25,831848.9
3140,826055.25,840359.2
3140,826055.25,841185.7
3140,826055.25,839127.0
3140,826055.25,840571.2
3140,826055.25,857313.06
3140,826055.25,850285.06
3140,826055.25,851025.06
3141,694160.06,696992.2
3141,694160.06,699078.25
3141,694160.06,696390.9
3141,694160.06,697801.8
3141,694160.06,686292.4
3141,694160.06,704719.8
3142,564686.0,515404.53
3142,564686.0,514239.53
3143,700151.3,716516.9
3143,700151.3,717472.75
3143,700151.3,710028.56
3143,700151.3,715093.56
3143,700151.3,716782.4
3143,700151.3,716875.44
3143,700151.3,733814.3
3144,554577.4,572101.5
3144,554577.4,573884.25
3145,317949.84,304576.03
3145,317949.84,303342.4
3146,229356.11,246257.42
3146,229356.11,244617.89
3147,755028.7,613472.0
3147,755028.7,611904.94
3148,788016.8,733145.94
3148,788016.8,753511.9
3148,788016.8,737467.3
3149,815575.7,733305.7
3150,553239.56,497279.9
3150,553239.56,494030.75
3151,448520.56,494434.6
3151,448520.56,497232.34
3152,409883.84,394148.53
3152,409883.84,386294.78
3153,300925.38,276199.4
3153,300925.38,280085.8
3154,547217.25,577925.75
3154,547217.25,580166.2
3154,547217.25,557477.7
3155,461858.25,514409.53
3155,461858.25,522716.0
3156,380835.06,298954.7
3156,380835.06,298965.34
3156,380835.06,306958.22
3157,287920.94,265734.7
3157,287920.94,267135.47
3157,287920.94,270762.22
3158,668409.44,722310.5
3158,668409.44,744718.7
3158,668409.44,720161.44
3159,362676.06,362126.94
3159,362676.06,382137.4
3160,797802.25,738443.44
3160,797802.25,746542.9
3160,797802.25,747321.7
3160,797802.25,737935.2
3160,797802.25,742167.25
3160,797802.25,741900.3
3160,797802.25,742114.44
3160,797802.25,745434.94
3160,797802.25,739496.44
3161,663196.1,684085.3
3161,663196.1,707265.1
3162,698726.75,573528.4
3162,698726.75,575854.3
3163,1.2601794e+06,1.2113755e+06
3163,1.2601794e+06,1.2087869e+06
3163,1.2601794e+06,1.2015736e+06
3163,1.2601794e+06,1.2112089e+06
3163,1.2601794e+06,1.2114092e+06
3163,1.2601794e+06,1.2104719e+06
3163,1.2601794e+06,1.2111748e+06
3163,1.2601794e+06,1.1892226e+06
3164,430693.2,531419.06
3164,430693.2,536394.75
3164,430693.2,531920.56
3164,430693.2,536422.94
3165,586347.06,549979.6
3165,586347.06,543215.5
3166,831859.56,816472.8
3166,831859.56,812161.75
3166,831859.56,816334.4
3166,831859.56,816726.25
3166,831859.56,815708.4
3166,831859.56,811873.4
3166,831859.56,812457.5
3166,831859.56,819272.44
3167,599882.44,660149.0
3167,599882.44,674965.56
3167,599882.44,656613.44
3167,599882.44,672658.56
3167,599882.44,675046.06
3167,599882.44,632282.1
3168,406423.97,372493.97
3168,406423.97,402739.0
3169,300261.12,260469.3
3169,300261.12,256460.61
3170,350172.25,375120.1
3170,350172.25,379897.38
3171,2.4113092e+06,2.5575402e+06
3171,2.4113092e+06,2.5539888e+06
3171,2.4113092e+06,2.5575138e+06
3171,2.4113092e+06,2.5596175e+06
3171,2.4113092e+06,2.555523e+06
3171,2.4113092e+06,2.5541878e+06
3171,2.4113092e+06,2.5535575e+06
3171,2.4113092e+06,2.5576308e+06
3171,2.4113092e+06,2.5535632e+06
3171,2.4113092e+06,2.5571672e+06
3171,2.4113092e+06,2.562826e+06
3172,2.738462e+06,2.6217208e+06
3172,2.738462e+06,2.6213518e+06
3173,2.8286492e+06,2.6250862e+06
3173,2.8286492e+06,2.6305625e+06
3173,2.8286492e+06,2.6175882e+06
3174,239174.14,252062.08
3174,239174.14,248565.77
3174,239174.14,251062.27
3174,239174.14,249348.86
3175,520624.4,476934.38
3175,520624.4,468359.0
3176,312793.7,268585.3
3176,312793.7,271169.53
3177,843003.4,840159.44
3177,843003.4,844651.5
3177,843003.4,849291.56
3177,843003.4,841574.94
3177,843003.4,839705.44
3177,843003.4,839172.06
3177,843003.4,845913.94
3177,843003.4,844296.2
3177,843003.4,848869.4
3177,843003.4,850797.94
3178,569527.5,656571.44
3178,569527.5,648872.56
3179,590682.6,587015.56
3179,590682.6,586874.7
3179,590682.6,581640.8
3179,590682.6,588475.94
3179,590682.6,586002.3
3179,590682.6,582216.2
3179,590682.6,587490.4
3179,590682.6,569713.2
3180,172444.67,193309.58
3180,172444.67,199861.58
3180,172444.67,193223.11
3181,358028.72,305319.4
3181,358028.72,307716.56
3182,489896.25,575439.56
3182,489896.25,562187.25
3183,611103.9,620818.25
3183,611103.9,624429.75
3183,611103.9,610884.75
3183,611103.9,618452.06
3183,611103.9,627753.6
3184,571666.06,531078.4
3184,571666.06,559471.7
3184,571666.06,564737.44
3185,413610.72,379777.03
3185,413610.72,377471.56
3185,413610.72,382077.2
3186,256642.16,354583.47
3186,256642.16,343806.4
3187,299042.62,265014.38
3187,299042.62,263454.3
3187,299042.62,268920.5
3187,299042.62,272055.38
3188,355193.16,461708.75
3188,355193.16,468893.06
3189,249994.02,315294.2
3189,249994.02,315446.97
3189,249994.02,323259.78
3189,249994.02,327136.1
3189,249994.02,327126.66
3189,249994.02,310068.97
3190,412180.8,471940.53
3190,412180.8,473904.47
3190,412180.8,477098.84
3190,412180.8,483767.53
3191,1.1063661e+06,1.1679308e+06
3191,1.1063661e+06,1.1644575e+06
3191,1.1063661e+06,1.1655855e+06
3191,1.1063661e+06,1.1653255e+06
3191,1.1063661e+06,1.1685865e+06
3191,1.1063661e+06,1.1656332e+06
3191,1.1063661e+06,1.1684278e+06
3191,1.1063661e+06,1.1664331e+06
3191,1.1063661e+06,1.1604851e+06
3191,1.1063661e+06,1.1672899e+06
3191,1.1063661e+06,1.1579306e+06
3191,1.1063661e+06,1.1619052e+06
3191,1.1063661e+06,1.1552416e+06
3192,1.0528001e+06,1.00158875e+06
3192,1.0528001e+06,989493.8
3192,1.0528001e+06,991344.7
3192,1.0528001e+06,1.0003604e+06
3192,1.0528001e+06,999707.94
3192,1.0528001e+06,1.0033121e+06
3192,1.0528001e+06,1.0067613e+06
3192,1.0528001e+06,1.0153011e+06
3192,1.0528001e+06,994816.3
3193,673582.8,639952.44
3193,673582.8,626553.75
3194,2.5957815e+06,2.6056322e+06
3194,2.5957815e+06,2.60477e+06
3195,1.074196e+06,1.0779521e+06
3195,1.074196e+06,1.0893971e+06
3196,581855.2,541326.2
3196,581855.2,549791.8
3197,814312.6,727727.7
3197,814312.6,724746.0
3197,814312.6,723604.2
3197,814312.6,728881.0
3197,814312.6,727948.1
3197,814312.6,727360.25
3197,814312.6,729159.0
3197,814312.6,719999.56
3198,462774.6,427653.84
3198,462774.6,433761.9
3199,371762.0,450402.84
3199,371762.0,461499.47
3200,274633.44,242305.39
3200,274633.44,250476.86
3201,197725.22,235359.83
3201,197725.22,241955.7
3201,197725.22,235926.42
3202,265786.0,251638.39
3202,265786.0,250626.58
3203,644041.0,605850.9
3203,644041.0,592437.9
3204,248941.77,211850.02
3204,248941.77,218624.02
3205,608155.56,604632.75
3205,608155.56,610988.94
3205,608155.56,609925.06
3205,608155.56,623080.25
3206,890529.6,875181.1
3206,890529.6,876588.06
3206,890529.6,873723.8
3206,890529.6,876616.9
3206,890529.6,878596.44
3206,890529.6,873293.1
3206,890529.6,872078.8
3206,890529.6,869736.1
3206,890529.6,869687.25
3206,890529.6,871156.9
3207,647942.25,616502.56
3207,647942.25,613012.94
3208,304669.75,271549.5
3208,304669.75,273456.9
3209,837389.25,802011.2
3209,837389.25,802943.56
3209,837389.25,796131.6
3209,837389.25,806940.94
3209,837389.25,803354.75
3209,837389.25,819754.0
3209,837389.25,815685.5
3209,837389.25,816306.9
3210,373209.03,383827.84
3210,373209.03,388320.22
3210,373209.03,393057.62
3211,562440.2,613732.0
3211,562440.2,612830.4
3211,562440.2,614849.44
3211,562440.2,616161.94
3211,562440.2,614143.3
3211,562440.2,616307.7
3211,562440.2,617164.75
3211,562440.2,601534.5
3211,562440.2,607726.0
3211,562440.2,610239.3
3211,562440.2,594612.7
3212,433283.1,522684.53
3212,433283.1,519032.4
3212,433283.1,519106.12
3212,433283.1,515242.8
3212,433283.1,517020.8
3212,433283.1,517392.34
3212,433283.1,514602.03
3213,1.3868355e+06,1.2853494e+06
3213,1.3868355e+06,1.2861406e+06
3213,1.3868355e+06,1.2873752e+06
3213,1.3868355e+06,1.2890865e+06
3213,1.3868355e+06,1.2881362e+06
3213,1.3868355e+06,1.2907958e+06
3213,1.3868355e+06,1.2871286e+06
3213,1.3868355e+06,1.2876635e+06
3213,1.3868355e+06,1.2881764e+06
3213,1.3868355e+06,1.2879751e+06
3213,1.3868355e+06,1.285972e+06
3213,1.3868355e+06,1.2900269e+06
3213,1.3868355e+06,1.2816331e+06
3213,1.3868355e+06,1.2940864e+06
3214,551241.56,536573.6
3214,551241.56,537686.8
3215,597975.75,584802.3
3215,597975.75,585572.6
3216,2.3950762e+06,2.5676492e+06
3216,2.3950762e+06,2.5606592e+06
3217,390577.12,314822.3
3217,390577.12,311130.84
3217,390577.12,317122.62
3218,287547.16,295723.94
3218,287547.16,302516.78
3219,409594.9,388002.9
3219,409594.9,383401.16
3219,409594.9,402422.1
3219,409594.9,394268.8
3220,867124.9,842380.5
3220,867124.9,836686.94
3220,867124.9,844402.8
3220,867124.9,842106.8
3220,867124.9,840655.0
3220,867124.9,839999.8
3220,867124.9,841313.4
3220,867124.9,841797.8
3220,867124.9,834031.44
3221,233481.6,244468.83
3221,233481.6,243170.14
3222,250214.27,333954.2
3223,867305.44,892718.75
3223,867305.44,882676.6
3224,393117.03,387475.16
3224,393117.03,385960.66
3224,393117.03,391036.25
3225,323427.0,269037.03
3225,323427.0,277763.84
3226,363318.47,393340.03
3226,363318.47,390610.28
3226,363318.47,398841.66
3227,260684.05,282915.7
3227,260684.05,287615.9
3228,252418.77,229438.89
3228,252418.77,233954.58
3229,983331.06,736647.0
3229,983331.06,736177.06
3229,983331.06,729065.4
3229,983331.06,734757.6
3229,983331.06,736970.25
3229,983331.06,736999.06
3229,983331.06,715576.4
3229,983331.06,705655.06
3229,983331.06,717291.2
3229,983331.06,716766.25
3229,983331.06,711369.8
3229,983331.06,690855.5
3230,869327.44,888542.3
3230,869327.44,889600.25
3230,869327.44,885109.4
3230,869327.44,892648.2
3230,869327.44,892303.9
3230,869327.44,904850.8
3230,869327.44,916513.7
3230,869327.44,915338.75
3230,869327.44,917109.6
3230,869327.44,906296.75
3231,832287.5,802522.4
3232,579870.1,537385.25
3232,579870.1,548504.94
3233,907776.3,734456.4
3233,907776.3,715926.94
3234,654291.5,607823.0
3234,654291.5,597703.0
3235,605812.4,671275.06
3235,605812.4,674420.6
3235,605812.4,676698.1
3235,605812.4,678654.06
3235,605812.4,665829.8
3236,917696.2,958616.56
3236,917696.2,957638.7
3236,917696.2,944054.0
3236,917696.2,958509.94
3236,917696.2,966376.6
3236,917696.2,963836.9
3236,917696.2,958665.8
3236,917696.2,953977.4
3237,957942.5,765526.7
3237,957942.5,755335.44
3237,957942.5,754823.4
3237,957942.5,758994.1
3237,957942.5,763934.2
3237,957942.5,769884.6
3237,957942.5,760570.94
3238,352611.34,423946.56
3238,352611.34,418129.34
3239,695327.06,640692.6
3239,695327.06,638502.94
3240,363336.8,348264.78
3240,363336.8,350072.03
3241,576424.75,547613.75
3241,576424.75,565899.56
3241,576424.75,538673.8
3242,562226.4,550153.75
3242,562226.4,546434.94
3242,562226.4,531207.56
3243,323262.72,271312.16
3243,323262.72,268971.84
3244,455980.16,503540.06
3244,455980.16,502231.53
3244,455980.16,505516.56
3244,455980.16,516464.25
3245,484685.4,432230.2
3245,484685.4,441297.94
3245,484685.4,439052.78
3246,229772.62,208693.08
3246,229772.62,211495.58
3247,839128.25,781891.4
3247,839128.25,799380.75
3247,839128.25,788415.0
3248,461185.62,404940.6
3248,461185.62,415103.0
3248,461185.62,416135.53
3248,461185.62,425594.8
3248,461185.62,426491.62
3248,461185.62,430555.12
3249,301476.8,380619.12
3249,301476.8,377008.66
3249,301476.8,389811.5
3250,757424.56,766348.4
3250,757424.56,767816.5
3250,757424.56,768633.94
3250,757424.56,766919.9
3250,757424.56,768377.7
3250,757424.56,761315.7
3250,757424.56,756568.6
3250,757424.56,754645.44
3250,757424.56,763518.06
3250,757424.56,763325.2
3250,757424.56,783651.94
3251,491572.06,456797.22
3251,491572.06,430889.75
3252,609813.8,662146.44
3252,609813.8,660417.5
3252,609813.8,649185.44
3253,354459.62,341038.38
3253,354459.62,341692.5
3253,354459.62,349372.25
3254,1.1068698e+06,1.1010414e+06
3254,1.1068698e+06,1.1200761e+06
3255,1.2913352e+06,1.264458e+06
3255,1.2913352e+06,1.2625862e+06
3255,1.2913352e+06,1.2644805e+06
3255,1.2913352e+06,1.2555638e+06
3255,1.2913352e+06,1.2619691e+06
3255,1.2913352e+06,1.2635788e+06
3255,1.2913352e+06,1.2575558e+06
3255,1.2913352e+06,1.280528e+06
3256,668014.06,690471.5
3256,668014.06,691233.2
3257,2.767575e+06,2.6242298e+06
3257,2.767575e+06,2.6291302e+06
3257,2.767575e+06,2.6167815e+06
3258,983020.4,938521.5
3258,983020.4,931745.75
3258,983020.4,938608.6
3258,983020.4,930623.56
3258,983020.4,930588.75
3258,983020.4,933631.75
3258,983020.4,931845.4
3258,983020.4,931886.44
3258,983020.4,928840.56
3258,983020.4,930934.1
3258,983020.4,934958.8
3258,983020.4,929862.75
3258,983020.4,936597.1
3259,1.203668e+06,1.2540196e+06
3260,1.265084e+06,1.3048789e+06
3260,1.265084e+06,1.3287352e+06
3261,577096.5,658239.3
3261,577096.5,661704.25
3261,577096.5,665080.75
3261,577096.5,657786.4
3261,577096.5,662866.7
3261,577096.5,660331.5
3261,577096.5,656204.4
3262,678828.9,658479.6
3262,678828.9,638823.4
3263,265426.28,326203.75
3263,265426.28,334057.4
3264,2.5221308e+06,2.61253e+06
3264,2.5221308e+06,2.5986595e+06
3265,633947.6,588173.4
3265,633947.6,595577.7
3266,663359.56,683007.8
3266,663359.56,676524.06
3266,663359.56,678636.9
3266,663359.56,684731.6
3266,663359.56,664282.94
3267,423679.06,526706.9
3267,423679.06,519025.44
3267,423679.06,519052.2
3267,423679.06,524585.25
3267,423679.06,527932.0
3267,423679.06,518682.22
3267,423679.06,523533.62
3267,423679.06,528505.06
3268,425549.53,395397.78
3268,425549.53,387920.38
3269,462361.5,395140.9
3269,462361.5,397596.6
3269,462361.5,411510.53
3269,462361.5,402864.56
3270,737762.7,707224.7
3270,737762.7,702306.75
3270,737762.7,704365.1
3270,737762.7,698369.6
3270,737762.7,694797.1
3271,445858.53,405967.72
3271,445858.53,410106.44
3271,445858.53,433222.94
3271,445858.53,409454.06
3272,134611.16,208169.67
3272,134611.16,213185.27
3272,134611.16,212645.42
3273,156424.98,223008.2
3273,156424.98,232072.36
3274,337624.5,287024.1
3274,337624.5,296475.44
3275,156186.89,170529.64
3275,156186.89,181717.11
3276,335098.3,285580.94
3276,335098.3,275636.75
3277,709864.44,641783.9
3277,709864.44,638721.06
3277,709864.44,642658.5
3277,709864.44,643436.44
3277,709864.44,636000.06
3278,2.3706042e+06,2.5451345e+06
3279,631538.8,658963.25
3279,631538.8,664939.94
3280,718560.2,611660.4
3280,718560.2,620676.2
3280,718560.2,612707.9
3280,718560.2,604238.9
3280,718560.2,589249.1
3281,377787.62,420462.78
3281,377787.62,417626.47
3281,377787.62,434862.56
3282,723353.2,681857.94
3282,723353.2,662013.6
3283,2.6318512e+06,2.6101412e+06
3283,2.6318512e+06,2.6071118e+06
3284,716889.2,736189.6
3284,716889.2,730236.2
3284,716889.2,738600.44
3284,716889.2,735192.9
3284,716889.2,734884.6
3284,716889.2,743446.3
3284,716889.2,743198.56
3285,282833.88,258328.52
3285,282833.88,254692.45
3286,317832.9,313590.28
3286,317832.9,316570.72
3287,586063.94,661793.2
3287,586063.94,667981.44
3288,822074.5,775797.06
3288,822074.5,786856.4
3289,713639.7,687755.6
3289,713639.7,658003.1
3290,244056.66,203613.36
3290,244056.66,214990.14
3290,244056.66,208583.27
3291,636371.75,590661.25
3291,636371.75,602694.25
3291,636371.75,588239.25
3292,831336.75,716722.8
3292,831336.75,720018.5
3292,831336.75,709284.3
3292,831336.75,712909.06
3292,831336.75,735337.9
3293,334293.88,277779.25
3293,334293.88,289822.3
3294,288114.7,266477.3
3294,288114.7,267461.4
3295,425477.03,383728.8
3295,425477.03,386683.6
3296,661790.3,491397.44
3296,661790.3,490326.38
3296,661790.3,486741.88
3296,661790.3,495111.12
3296,661790.3,492535.7
3296,661790.3,492504.94
3297,595011.44,628250.06
3297,595011.44,648305.2
3297,595011.44,621033.94
3298,397991.8,311422.9
3298,397991.8,311950.28
3299,564640.0,714738.7
3299,564640.0,676844.3
3300,349277.28,284586.12
3300,349277.28,293830.8
3300,349277.28,285237.5
3301,269275.53,235160.95
3301,269275.53,235293.67
3302,441767.34,401289.4
3302,441767.34,400651.1
3303,303471.78,355067.72
3303,303471.78,352446.12
3303,303471.78,339976.25
3303,303471.78,351350.72
3304,488411.06,531471.56
3304,488411.06,525824.8
3304,488411.06,525432.9
3304,488411.06,514839.78
3305,667973.2,693722.75
3305,667973.2,707200.8
3306,263268.7,262870.12
3307,428616.34,381041.5
3307,428616.34,401353.72
3307,428616.34,387888.6
3308,627163.56,534350.3
3308,627163.56,539386.4
3309,567533.8,601480.5
3309,567533.8,599305.1
3309,567533.8,610477.4
3309,567533.8,606087.06
3310,638038.5,604596.56
3310,638038.5,627047.5
3311,545924.9,573952.2
3311,545924.9,575890.1
3311,545924.9,586894.0
3311,545924.9,581457.56
3311,545924.9,575581.75
3311,545924.9,576026.94
3312,670100.4,631431.0
3312,670100.4,631374.06
3312,670100.4,627320.25
3312,670100.4,633571.56
3312,670100.4,632431.25
3312,670100.4,629357.9
3312,670100.4,632969.4
3312,670100.4,632590.0
3312,670100.4,625582.0
3312,670100.4,628857.4
3312,670100.4,627190.9
3312,670100.4,622779.6
3313,658518.56,681842.75
3313,658518.56,663561.56
3314,895830.4,759241.2
3314,895830.4,761214.25
3314,895830.4,748484.94
3314,895830.4,754736.75
3314,895830.4,763757.4
3314,895830.4,759053.75
3314,895830.4,751045.06
3314,895830.4,760043.25
3314,895830.4,761262.6
3314,895830.4,773454.44
3315,602533.75,588440.2
3315,602533.75,593354.3
3315,602533.75,592026.4
3315,602533.75,604149.3
3315,602533.75,590763.8
3315,602533.75,591020.94
3316,309520.84,286209.34
3316,309520.84,291516.06
3316,309520.84,287146.1
3317,293935.16,277545.2
3317,293935.16,275095.06
3318,286183.88,227663.48
3318,286183.88,243246.08
3319,767698.5,772493.56
3319,767698.5,772773.06
3319,767698.5,779272.7
3319,767698.5,778110.8
3319,767698.5,779399.75
3319,767698.5,772295.4
3319,767698.5,782433.9
3319,767698.5,772319.44
3319,767698.5,783556.4
3319,767698.5,783757.25
3319,767698.5,778373.7
3320,543434.4,548760.2
3320,543434.4,548255.8
3321,427615.9,468280.5
3321,427615.9,468166.56
3322,725168.75,548289.6
3323,618187.5,703784.1
3324,1.12667e+06,1.1528361e+06
3324,1.12667e+06,1.15863e+06
3325,300266.25,295811.66
3325,300266.25,303214.28
3325,300266.25,297223.97
3326,505852.72,544815.0
3326,505852.72,540581.06
3327,547577.25,480737.66
3328,504899.25,432016.16
3328,504899.25,424510.25
3328,504899.25,437035.97
3329,536952.2,618695.8
3329,536952.2,616108.94
3329,536952.2,611997.56
3329,536952.2,616431.8
3329,536952.2,617775.7
3329,536952.2,600181.5
3330,735955.0,707475.7
3330,735955.0,712484.06
3330,735955.0,715380.06
3330,735955.0,714306.3
3330,735955.0,705726.3
3331,585663.44,557577.6
3331,585663.44,539210.7
3332,500776.78,595368.2
3332,500776.78,583793.4
3333,541731.5,568282.8
3333,541731.5,559194.8
3334,359471.4,373697.72
3334,359471.4,361417.03
3335,561959.0,638215.5
3336,526090.25,487968.94
3336,526090.25,490352.6
3336,526090.25,505016.53
3337,1.1664708e+06,1.2045561e+06
3337,1.1664708e+06,1.2018035e+06
3337,1.1664708e+06,1.2036582e+06
3337,1.1664708e+06,1.201456e+06
3337,1.1664708e+06,1.2025084e+06
3337,1.1664708e+06,1.2075702e+06
3337,1.1664708e+06,1.2033606e+06
3337,1.1664708e+06,1.188078e+06
3337,1.1664708e+06,1.2002024e+06
3337,1.1664708e+06,1.1952324e+06
3337,1.1664708e+06,1.1901754e+06
3338,262263.47,357538.44
3338,262263.47,360609.7
3338,262263.47,372162.2
3339,306149.3,295890.0
3339,306149.3,299899.84
3339,306149.3,302324.12
3340,444582.84,379124.9
3340,444582.84,407754.56
3340,444582.84,390642.7
3341,598209.9,557535.7
3341,598209.9,537867.94
3342,601572.06,540174.94
3342,601572.06,555803.9
3343,156392.2,177056.73
3343,156392.2,180814.64
3344,344531.66,317444.78
3344,344531.66,332195.88
3344,344531.66,318071.53
3345,388764.25,389145.47
3345,388764.25,410744.25
3346,542515.9,670396.0
3346,542515.9,668928.9
3346,542515.9,661268.9
3346,542515.9,670321.44
3346,542515.9,654338.94
3347,507646.66,442433.72
3347,507646.66,440144.25
3347,507646.66,438738.1
3347,507646.66,438835.38
3347,507646.66,444289.62
3348,294951.9,309694.34
3348,294951.9,307338.4
3349,229878.14,243657.3
3349,229878.14,237947.05
3350,804656.25,702392.56
3350,804656.25,697515.4
3350,804656.25,702424.0
3350,804656.25,700882.0
3350,804656.25,697356.56
3351,496892.78,508676.66
3351,496892.78,498814.8
3351,496892.78,503268.47
3351,496892.78,518932.53
3352,572981.06,561808.2
3352,572981.06,529777.94
3353,773762.9,811187.4
3353,773762.9,794985.1
3353,773762.9,811056.8
3353,773762.9,803878.94
3353,773762.9,808980.44
3353,773762.9,794685.5
3353,773762.9,794321.06
3353,773762.9,794839.5
3353,773762.9,808268.7
3353,773762.9,796830.9
3353,773762.9,807548.44
3353,773762.9,797057.06
3353,773762.9,808613.1
3354,439344.97,398624.75
3354,439344.97,401311.97
3355,1.3235214e+06,1.2667676e+06
3355,1.3235214e+06,1.2724591e+06
3355,1.3235214e+06,1.2741551e+06
3355,1.3235214e+06,1.2751912e+06
3355,1.3235214e+06,1.2751864e+06
3355,1.3235214e+06,1.2662098e+06
3355,1.3235214e+06,1.2680126e+06
3355,1.3235214e+06,1.2718841e+06
3355,1.3235214e+06,1.2632884e+06
3356,582482.44,689692.06
3356,582482.44,686352.6
3356,582482.44,703519.56
3356,582482.44,683428.5
3356,582482.44,693161.9
3356,582482.44,692044.6
3356,582482.44,676901.5
3357,910307.4,856727.4
3357,910307.4,857138.1
3357,910307.4,848024.9
3357,910307.4,850013.94
3357,910307.4,863752.44
3358,2.464325e+06,2.5917432e+06
3358,2.464325e+06,2.5919408e+06
3359,2.4069315e+06,2.5796095e+06
3359,2.4069315e+06,2.581834e+06
3360,763708.06,770612.0
3361,306919.3,266527.28
3361,306919.3,265394.84
3361,306919.3,270776.5
3361,306919.3,263507.88
3362,696843.0,698969.25
3362,696843.0,713375.75
3363,644288.5,754260.94
3363,644288.5,743782.7
3363,644288.5,744678.5
3363,644288.5,744528.5
3363,644288.5,751277.44
3363,644288.5,754462.9
3364,877336.2,748353.5
3364,877336.2,738769.25
3364,877336.2,744054.9
3364,877336.2,742614.6
3364,877336.2,729095.94
3365,656327.4,586943.5
3365,656327.4,594355.0
3365,656327.4,589730.6
3365,656327.4,588096.6
3366,362287.7,294646.88
3366,362287.7,291869.25
3366,362287.7,298024.9
3366,362287.7,296615.8
3367,282010.62,260963.27
3367,282010.62,270325.8
3367,282010.62,260260.02
3368,768137.44,626590.2
3368,768137.44,612649.06
3368,768137.44,614051.6
3368,768137.44,605638.1
3369,568045.5,612173.94
3369,568045.5,619738.8
3369,568045.5,618739.5
3369,568045.5,627074.44
3369,568045.5,620220.06
3369,568045.5,638174.6
3370,619524.75,625668.94
3370,619524.75,620911.56
3371,339556.78,364678.62
3371,339556.78,368764.94
3371,339556.78,377838.0
3371,339556.78,369724.94
3371,339556.78,373557.78
3371,339556.78,381108.25
3372,543592.9,501537.34
3372,543592.9,507954.12
3372,543592.9,493833.2
3373,558437.44,639783.56
3373,558437.44,638070.9
3373,558437.44,633893.06
3373,558437.44,641083.1
3373,558437.44,638505.8
3373,558437.44,644190.44
3373,558437.44,634168.1
3373,558437.44,633192.5
3373,558437.44,632127.1
3373,558437.44,623823.1
3373,558437.44,608840.7
3374,638283.7,605715.3
3374,638283.7,614316.6
3374,638283.7,616353.56
3375,729952.25,603717.8
3375,729952.25,614228.06
3375,729952.25,607820.9
3375,729952.25,612598.3
3376,461256.34,405327.5
3376,461256.34,401347.94
3376,461256.34,422416.56
3377,565088.94,680655.44
3377,565088.94,677393.1
3377,565088.94,678516.75
3377,565088.94,678676.7
3377,565088.94,675863.5
3378,452718.1,406672.56
3378,452718.1,412801.9
3378,452718.1,401954.53
3379,806466.5,849066.2
3379,806466.5,853659.7
3379,806466.5,845051.0
3379,806466.5,849250.3
3379,806466.5,849178.9
3379,806466.5,851184.9
3379,806466.5,852149.2
3380,267992.84,256648.17
3380,267992.84,256637.08
3380,267992.84,262230.84
3380,267992.84,258726.23
3381,263750.16,255305.77
3381,263750.16,256592.33
3382,676899.44,713498.3
3382,676899.44,712879.5
3382,676899.44,724698.06
3382,676899.44,713399.4
3382,676899.44,708563.8
3382,676899.44,704057.5
3383,729088.6,686613.56
3383,729088.6,686555.0
3383,729088.6,676082.25
3383,729088.6,680601.5
3383,729088.6,693767.9
3384,706631.7,590033.44
3384,706631.7,601911.75
3384,706631.7,586125.7
3385,538525.44,450776.88
3385,538525.44,454136.5
3385,538525.44,452755.97
3385,538525.44,466097.2
3386,456221.9,538571.56
3386,456221.9,509624.72
3387,512221.72,457103.94
3387,512221.72,462634.16
3388,555459.0,581355.4
3388,555459.0,581079.9
3388,555459.0,569640.06
3388,555459.0,583823.5
3389,620332.75,723235.1
3389,620332.75,747339.3
3389,620332.75,722930.25
3390,1.1290762e+06,1.1241009e+06
3390,1.1290762e+06,1.1184251e+06
3390,1.1290762e+06,1.121069e+06
3390,1.1290762e+06,1.121702e+06
3390,1.1290762e+06,1.1171281e+06
3390,1.1290762e+06,1.1181184e+06
3390,1.1290762e+06,1.1261058e+06
3390,1.1290762e+06,1.139041e+06
3390,1.1290762e+06,1.1332879e+06
3391,801035.44,824783.1
3391,801035.44,825063.06
3391,801035.44,820267.06
3391,801035.44,823675.06
3391,801035.44,824735.75
3391,801035.44,820810.56
3391,801035.44,823137.7
3391,801035.44,822568.4
3391,801035.44,821175.1
3391,801035.44,822148.2
3391,801035.44,833678.1
3392,606251.9,723182.06
3392,606251.9,738954.75
3392,606251.9,727070.44
3393,759220.1,702459.5
3393,759220.1,696540.7
3394,269711.9,301888.4
3394,269711.9,301998.84
3394,269711.9,304811.44
3395,658581.44,607683.8
3395,658581.44,627605.7
3395,658581.44,601313.9
3396,478395.78,509339.22
3396,478395.78,512303.06
3397,334237.97,350655.88
3397,334237.97,354710.53
3398,752893.94,733950.75
3398,752893.94,720690.7
3399,525096.2,587407.44
3399,525096.2,574297.06
3400,685684.2,673316.25
3400,685684.2,686599.7
3401,302244.1,265671.94
3401,302244.1,260281.2
3402,557950.3,554750.94
3402,557950.3,551303.9
3402,557950.3,548081.44
3402,557950.3,564801.4
3403,595702.06,675533.6
3403,595702.06,665581.9
3403,595702.06,666929.4
3403,595702.06,668555.8
3403,595702.06,673416.44
3403,595702.06,669394.7
3403,595702.06,673506.3
3403,595702.06,665378.06
3404,571238.75,581942.7
3404,571238.75,574980.2
3405,943772.44,928904.1
3405,943772.44,907093.44
3406,636586.94,597751.94
3406,636586.94,604738.06
3406,636586.94,598846.06
3406,636586.94,594569.56
3406,636586.94,594559.56
3407,206399.66,236975.36
3407,206399.66,236258.52
3407,206399.66,240025.7
3408,808610.6,701647.1
3408,808610.6,720838.0
3409,682167.06,695948.94
3409,682167.06,686201.4
3410,580488.8,593743.94
3410,580488.8,597564.94
3410,580488.8,597969.6
3410,580488.8,593260.0
3410,580488.8,594567.7
3410,580488.8,598139.1
3410,580488.8,594873.1
3410,580488.8,587557.25
3410,580488.8,589718.25
3410,580488.8,594799.6
3410,580488.8,593534.06
3411,867361.9,833009.25
3411,867361.9,844697.8
3411,867361.9,836744.25
3411,867361.9,842930.94
3411,867361.9,850295.3
3411,867361.9,867468.6
3411,867361.9,847641.2
3412,453874.84,392438.56
3412,453874.84,380434.56
3413,628231.5,617559.8
3413,628231.5,624800.56
3414,832194.8,709302.06
3414,832194.8,687324.25
3415,696289.94,590568.6
3415,696289.94,590851.9
3416,610761.2,612296.75
3416,610761.2,614363.6
3416,610761.2,598866.6
3417,556079.44,629023.5
3417,556079.44,635111.0
3418,460999.12,448556.2
3418,460999.12,454886.4
3418,460999.12,449760.7
3419,859614.6,738076.25
3419,859614.6,729934.4
3419,859614.6,738939.44
3419,859614.6,723319.94
3419,859614.6,730322.94
3419,859614.6,738839.2
3420,677225.2,680933.2
3421,255854.4,251287.39
3421,255854.4,255264.39
3421,255854.4,248636.7
3422,670493.1,593209.7
3422,670493.1,594806.06
3422,670493.1,594879.8
3422,670493.1,594543.2
3422,670493.1,587998.5
3422,670493.1,583535.7
3423,835878.25,709399.56
3423,835878.25,721386.9
3423,835878.25,722351.44
3423,835878.25,713894.44
3423,835878.25,694043.25
3424,617353.8,661304.9
3424,617353.8,661710.06
3425,229088.55,242918.36
3425,229088.55,243287.77
3426,313963.56,339358.78
3426,313963.56,345821.38
3426,313963.56,340998.4
3427,253847.42,343211.03
3427,253847.42,344436.62
3428,625981.1,660204.25
3429,460223.4,448385.34
3429,460223.4,463354.9
3430,532577.75,567450.56
3430,532577.75,581112.8
3431,356811.94,365367.12
3431,356811.94,364519.5
3432,1.0579668e+06,1.0927426e+06
3432,1.0579668e+06,1.0974849e+06
3432,1.0579668e+06,1.0927364e+06
3432,1.0579668e+06,1.0942929e+06
3432,1.0579668e+06,1.0902158e+06
3432,1.0579668e+06,1.089798e+06
3432,1.0579668e+06,1.0924991e+06
3432,1.0579668e+06,1.0931658e+06
3432,1.0579668e+06,1.0989824e+06
3432,1.0579668e+06,1.1015071e+06
3432,1.0579668e+06,1.0879929e+06
3433,489601.3,421854.44
3433,489601.3,425273.12
3433,489601.3,429457.78
3433,489601.3,435193.28
3433,489601.3,431404.8
3434,834172.8,718018.56
3434,834172.8,701540.75
3435,1.203844e+06,1.1910355e+06
3435,1.203844e+06,1.1932435e+06
3435,1.203844e+06,1.1913572e+06
3435,1.203844e+06,1.1814764e+06
3435,1.203844e+06,1.1966664e+06
3435,1.203844e+06,1.1910729e+06
3435,1.203844e+06,1.1956438e+06
3435,1.203844e+06,1.17893e+06
3435,1.203844e+06,1.1959074e+06
3436,443726.06,507308.38
3436,443726.06,516062.75
3436,443726.06,506680.44
3437,795198.44,781490.2
3437,795198.44,788710.4
3437,795198.44,770563.56
3437,795198.44,779974.0
3437,795198.44,779696.75
3437,795198.44,771618.3
3437,795198.44,773533.3
3437,795198.44,808020.56
3438,545961.25,486950.6
3438,545961.25,487775.56
3438,545961.25,490638.66
3439,491883.5,508734.47
3439,491883.5,487410.16
3440,849447.6,812948.44
3440,849447.6,819466.56
3440,849447.6,821551.1
3440,849447.6,812199.06
3440,849447.6,815751.75
3440,849447.6,821863.25
3440,849447.6,820996.75
3440,849447.6,823195.6
3440,849447.6,827146.8
3440,849447.6,820762.5
3441,621696.1,662982.4
3441,621696.1,657703.56
3442,728732.6,737872.1
3442,728732.6,734478.9
3442,728732.6,734527.56
3442,728732.6,736821.44
3442,728732.6,736183.0
3442,728732.6,752191.8
3443,460851.84,405849.7
3443,460851.84,401715.22
3444,2.3592328e+06,2.5756318e+06
3444,2.3592328e+06,2.573035e+06
3445,783054.06,744038.56
3445,783054.06,745312.4
3445,783054.06,749235.0
3445,783054.06,748635.8
3445,783054.06,749285.4
3445,783054.06,750834.1
3445,783054.06,750026.5
3445,783054.06,750786.4
3445,783054.06,751866.5
3445,783054.06,734632.2
3446,906161.56,763112.4
3446,906161.56,760768.6
3446,906161.56,753222.94
3446,906161.56,758827.44
3446,906161.56,757884.7
3446,906161.56,739464.1
3447,1.26837e+06,1.342599e+06
3447,1.26837e+06,1.333529e+06
3447,1.26837e+06,1.3279734e+06
3447,1.26837e+06,1.3355171e+06
3447,1.26837e+06,1.3270019e+06
3447,1.26837e+06,1.3253361e+06
3447,1.26837e+06,1.3286561e+06
3447,1.26837e+06,1.3363451e+06
3447,1.26837e+06,1.3284232e+06
3447,1.26837e+06,1.3110704e+06
3448,587324.7,563785.2
3448,587324.7,565796.2
3449,916858.2,960282.06
3449,916858.2,950316.44
3450,1.03317844e+06,741075.75
3450,1.03317844e+06,743380.3
3450,1.03317844e+06,747034.6
3450,1.03317844e+06,742527.9
3450,1.03317844e+06,738701.1
3450,1.03317844e+06,740267.5
3450,1.03317844e+06,729722.9
3450,1.03317844e+06,735579.9
3450,1.03317844e+06,725630.1
3450,1.03317844e+06,730390.1
3450,1.03317844e+06,749305.75
3451,551008.5,632979.3
3451,551008.5,594397.6
3452,443160.2,454614.22
3452,443160.2,443403.16
3453,565245.44,465061.0
3453,565245.44,464823.2
3453,565245.44,468424.1
3453,565245.44,464195.88
3453,565245.44,463648.2
3454,594272.4,543979.1
3454,594272.4,556270.6
3455,2.412261e+06,2.5796718e+06
3455,2.412261e+06,2.5813718e+06
3456,129513.25,214552.2
3456,129513.25,209203.89
3457,377537.3,394012.84
3457,377537.3,394823.38
3457,377537.3,405804.06
3458,2.3715312e+06,2.5621205e+06
3458,2.3715312e+06,2.562948e+06
3458,2.3715312e+06,2.5556675e+06
3459,472715.75,418032.66
3459,472715.75,417399.22
3460,405943.88,306098.12
3460,405943.88,313366.8
3461,581925.25,683541.1
3461,581925.25,683888.1
3461,581925.25,691136.44
3461,581925.25,681865.75
3461,581925.25,693637.4
3461,581925.25,669089.56
3462,646122.94,653702.5
3462,646122.94,656535.56
3463,476227.94,497116.78
3463,476227.94,514749.78
3464,1.3825666e+06,1.3170604e+06
3464,1.3825666e+06,1.3252564e+06
3464,1.3825666e+06,1.3183288e+06
3464,1.3825666e+06,1.3173142e+06
3464,1.3825666e+06,1.3231375e+06
3464,1.3825666e+06,1.324948e+06
3464,1.3825666e+06,1.3173142e+06
3464,1.3825666e+06,1.3172738e+06
3464,1.3825666e+06,1.320625e+06
3464,1.3825666e+06,1.3220022e+06
3464,1.3825666e+06,1.3154666e+06
3464,1.3825666e+06,1.3212519e+06
3464,1.3825666e+06,1.312158e+06
3464,1.3825666e+06,1.3336929e+06
3465,297144.47,318653.7
3465,297144.47,318619.4
3465,297144.47,313636.88
3466,646848.0,735414.1
3466,646848.0,727438.4
3466,646848.0,727575.94
3466,646848.0,736086.44
3466,646848.0,728734.44
3466,646848.0,732763.6
3466,646848.0,735648.1
3466,646848.0,728283.0
3466,646848.0,720322.56
3467,2.6991848e+06,2.6129698e+06
3467,2.6991848e+06,2.6166622e+06
3468,512714.75,578892.3
3468,512714.75,588921.3
3469,900062.6,750366.25
3469,900062.6,751109.4
3469,900062.6,750525.56
3469,900062.6,750814.94
3469,900062.6,755914.56
3469,900062.6,749610.75
3470,440251.78,514309.66
3471,212279.44,297607.8
3471,212279.44,297227.6
3471,212279.44,309093.03
3472,717637.6,557094.44
3473,595074.44,595991.4
3473,595074.44,589399.75
3474,481213.88,467786.44
3474,481213.88,468168.7
3474,481213.88,469394.66
3475,172500.1,193098.42
3475,172500.1,197965.33
3476,673253.56,714569.94
3476,673253.56,720479.8
3476,673253.56,713576.1
3476,673253.56,719214.7
3476,673253.56,728911.5
3476,673253.56,721690.06
3476,673253.56,727101.9
3476,673253.56,720472.8
3477,852096.1,842964.4
3477,852096.1,846366.06
3477,852096.1,843824.9
3477,852096.1,843319.0
3477,852096.1,850796.25
3477,852096.1,856508.4
3477,852096.1,860954.25
3477,852096.1,865895.56
3477,852096.1,863106.25
3478,789344.75,637903.0
3478,789344.75,651893.6
3478,789344.75,649079.44
3478,789344.75,653420.6
3478,789344.75,619084.7
3479,386605.3,313826.03
3480,515782.25,517917.22
3480,515782.25,528979.25
3480,515782.25,524744.56
3480,515782.25,527542.4
3480,515782.25,517192.56
3480,515782.25,496720.2
3481,907965.4,690076.3
3481,907965.4,714267.6
3481,907965.4,686031.94
3482,594871.94,467429.66
3482,594871.94,464996.66
3482,594871.94,460532.56
3482,594871.94,480738.6
3483,289301.28,306685.25
3483,289301.28,310235.5
3484,536846.25,451264.06
3484,536846.25,451744.84
3484,536846.25,454043.75
3484,536846.25,474645.03
3484,536846.25,459029.34
3485,321077.3,268262.88
3485,321077.3,267802.8
3486,659778.5,601107.7
3486,659778.5,603115.4
3486,659778.5,588728.56
3486,659778.5,561018.3
3487,346666.16,425185.47
3488,213307.84,287666.0
3488,213307.84,302250.34
3488,213307.84,298958.16
3489,834085.0,861512.0
3489,834085.0,859312.2
3489,834085.0,862259.2
3489,834085.0,863599.3
3489,834085.0,859545.2
3489,834085.0,858925.0
3489,834085.0,864118.0
3489,834085.0,859280.8
3489,834085.0,858661.0
3489,834085.0,853431.44
3490,402209.47,383571.78
3490,402209.47,389938.22
3490,402209.47,387565.38
3491,606426.06,628962.4
3491,606426.06,619292.7
3491,606426.06,633420.06
3491,606426.06,639931.5
3491,606426.06,613635.5
3492,783262.75,745179.7
3492,783262.75,745676.2
3492,783262.75,752449.8
3492,783262.75,756401.9
3492,783262.75,749206.25
3492,783262.75,751455.94
3492,783262.75,738675.3
3493,745116.2,729474.44
3493,745116.2,740188.7
3493,745116.2,740536.3
3493,745116.2,743562.3
3493,745116.2,733575.7
3493,745116.2,741182.9
3493,745116.2,733662.5
3493,745116.2,752362.5
3494,856643.5,733759.1
3494,856643.5,739624.06
3494,856643.5,738530.7
3494,856643.5,737053.1
3494,856643.5,739623.2
3494,856643.5,758346.1
3495,531274.0,542108.25
3495,531274.0,563538.2
3496,852613.9,879430.4
3496,852613.9,904123.56
3497,204622.6,238860.64
3497,204622.6,235363.27
3498,394369.28,406296.78
3498,394369.28,407169.8
3498,394369.28,400918.88
3499,594770.5,619787.56
3499,594770.5,636914.9
3500,2.1639755e+06,2.5499085e+06
3500,2.1639755e+06,2.5489865e+06
3501,763169.3,683630.75
3501,763169.3,681916.4
3502,381203.7,295899.97
3502,381203.7,295201.06
3503,472039.7,524183.25
3503,472039.7,517935.44
3504,333486.75,271774.44
3504,333486.75,267484.22
3505,391777.44,376365.8
3505,391777.44,369820.28
3506,229207.1,249745.3
3506,229207.1,262207.5
3507,873785.2,732471.1
3507,873785.2,732205.6
3507,873785.2,742396.2
3507,873785.2,749181.44
3507,873785.2,752992.94
3507,873785.2,751898.8
3507,873785.2,735764.25
3508,962281.75,1.01415075e+06
3508,962281.75,1.012321e+06
3508,962281.75,1.0070602e+06
3508,962281.75,1.01562444e+06
3508,962281.75,1.01125706e+06
3508,962281.75,1.0070098e+06
3508,962281.75,1.0245105e+06
3508,962281.75,1.0317958e+06
3508,962281.75,1.0251157e+06
3508,962281.75,1.03572875e+06
3509,514158.03,552333.06
3509,514158.03,555935.94
3509,514158.03,545360.4
3509,514158.03,555788.25
3509,514158.03,548357.75
3510,448840.5,450114.38
3510,448840.5,454730.75
3510,448840.5,454164.2
3510,448840.5,466062.22
3511,333051.38,320143.8
3511,333051.38,324339.94
3512,613449.9,547937.7
3512,613449.9,559166.25
3513,337396.56,302026.97
3513,337396.56,310244.5
3513,337396.56,304565.66
3514,515213.25,507021.47
3514,515213.25,520045.47
3514,515213.25,500389.16
3514,515213.25,523281.7
3515,737261.9,698412.56
3515,737261.9,698308.0
3515,737261.9,696170.94
3515,737261.9,692303.2
3515,737261.9,704801.56
3515,737261.9,704948.56
3515,737261.9,707496.9
3516,831048.44,815770.44
3516,831048.44,808503.0
3516,831048.44,797749.25
3516,831048.44,815924.75
3516,831048.44,822818.44
3517,697569.0,579516.1
3517,697569.0,579227.6
3517,697569.0,582610.75
3517,697569.0,575860.4
3517,697569.0,581869.5
3518,994731.3,965029.75
3518,994731.3,963174.4
3518,994731.3,972900.75
3518,994731.3,972900.75
3518,994731.3,965029.75
3518,994731.3,972496.8
3518,994731.3,965524.3
3518,994731.3,961596.75
3518,994731.3,960878.4
3518,994731.3,962134.7
3518,994731.3,956984.7
3518,994731.3,962719.6
3518,994731.3,948982.1
3518,994731.3,959414.7
3519,194779.28,237644.55
3519,194779.28,240332.77
3520,517889.6,459414.72
3520,517889.6,472480.47
3521,968582.75,1.0727108e+06
3521,968582.75,1.0692442e+06
3522,429343.78,480942.72
3523,567700.56,564395.3
3523,567700.56,559810.3
3523,567700.56,556571.94
3523,567700.56,562355.1
3523,567700.56,563936.3
3523,567700.56,559792.4
3523,567700.56,563273.4
3523,567700.56,557230.94
3523,567700.56,557088.6
3523,567700.56,557110.7
3524,619967.3,648966.44
3524,619967.3,660691.5
3525,316702.12,321114.78
3525,316702.12,320929.9
3525,316702.12,329526.3
3525,316702.12,326992.12
3526,466287.34,426901.2
3526,466287.34,431538.03
3526,466287.34,434523.8
3527,365913.22,349569.12
3527,365913.22,335652.34
3528,497290.8,424270.03
3529,434326.75,423509.5
3529,434326.75,420352.5
3529,434326.75,428874.12
3530,256671.19,251967.08
3530,256671.19,248293.27
3531,201986.55,239931.17
3531,201986.55,241801.86
3531,201986.55,236079.7
3532,632540.7,802017.75
3533,599833.6,477923.34
3533,599833.6,462325.47
3534,424037.28,394318.66
3534,424037.28,385256.03
3534,424037.28,415283.5
3534,424037.28,362973.66
3535,565391.6,603602.44
3535,565391.6,608165.3
3535,565391.6,602092.9
3535,565391.6,610017.1
3535,565391.6,609820.8
3536,433921.06,494650.16
3536,433921.06,494650.16
3536,433921.06,497364.6
3536,433921.06,495860.97
3536,433921.06,489096.34
3536,433921.06,502697.6
3537,401754.28,308426.53
3537,401754.28,309251.7
3537,401754.28,308963.34
3538,382648.5,366977.94
3538,382648.5,356564.3
3539,516859.28,534544.5
3539,516859.28,543357.2
3539,516859.28,538703.56
3539,516859.28,523989.22
3539,516859.28,541323.44
3539,516859.28,532494.75
3540,271992.97,282008.94
3540,271992.97,286878.16
3540,271992.97,286873.25
3541,498464.9,517152.62
3541,498464.9,520964.16
3541,498464.9,527763.9
3541,498464.9,524166.06
3542,720725.9,708466.2
3542,720725.9,703580.7
3543,245372.92,250913.52
3543,245372.92,244618.14
3544,643307.75,601910.5
3544,643307.75,601584.8
3544,643307.75,609881.3
3544,643307.75,601612.06
3545,669145.1,687620.8
3545,669145.1,702960.2
3546,556378.25,552820.7
3546,556378.25,547065.94
3546,556378.25,543786.2
3546,556378.25,545008.3
3547,852471.4,825544.3
3547,852471.4,819618.4
3548,418378.72,450917.88
3548,418378.72,455494.3
3548,418378.72,456275.12
3549,240749.45,250702.02
3549,240749.45,260286.17
3550,617238.06,565437.1
3550,617238.06,577925.1
3550,617238.06,572534.44
3550,617238.06,605166.06
3551,683616.56,661058.0
3551,683616.56,640173.25
3552,344956.3,292295.06
3552,344956.3,280547.12
3553,625739.06,525889.75
3553,625739.06,518419.78
3554,367552.62,382642.28
3554,367552.62,367951.78
3555,423616.22,396133.44
3555,423616.22,386882.22
3556,304135.56,333823.44
3557,659873.25,616399.6
3557,659873.25,618381.94
3557,659873.25,598076.7
3558,620305.44,620940.94
3558,620305.44,614729.2
3558,620305.44,616960.75
3558,620305.44,615285.5
3558,620305.44,619601.9
3558,620305.44,621597.44
3558,620305.44,618050.9
3558,620305.44,617757.2
3558,620305.44,613253.1
3558,620305.44,616812.06
3558,620305.44,615284.2
3558,620305.44,612567.6
3558,620305.44,618874.94
3558,620305.44,612807.94
3558,620305.44,617705.9
3558,620305.44,621896.2
3559,776292.25,793080.94
3560,602818.44,553742.7
3560,602818.44,535593.06
3561,607405.44,478231.78
3561,607405.44,482944.44
3561,607405.44,486640.28
3561,607405.44,483534.12
3562,418562.88,408642.56
3562,418562.88,409035.3
3562,418562.88,410742.47
3563,290934.28,259707.11
3563,290934.28,254895.8
3564,509800.84,585748.7
3564,509800.84,588001.1
3564,509800.84,594417.5
3564,509800.84,602475.7
3565,651834.56,719412.25
3565,651834.56,724686.3
3565,651834.56,713372.9
3565,651834.56,720602.2
3565,651834.56,728446.0
3565,651834.56,727069.75
3565,651834.56,689880.7
3566,583949.25,650506.2
3566,583949.25,661956.44
3567,418896.66,428759.1
3567,418896.66,430770.03
3568,903831.9,718752.3
3568,903831.9,740384.5
3569,384012.88,303179.4
3569,384012.88,296803.72
3570,260613.94,268308.44
3570,260613.94,274724.97
3571,897510.9,740578.44
3571,897510.9,732141.2
3571,897510.9,739377.2
3571,897510.9,745355.4
3571,897510.9,720991.4
3572,299871.44,249751.8
3572,299871.44,251211.42
3573,318426.88,267450.8
3573,318426.88,269220.4
3574,456010.06,427728.84
3574,456010.06,425208.88
3574,456010.06,432355.2
3575,762373.8,744413.6
3575,762373.8,724343.9
3575,762373.8,725233.9
3576,197458.86,296680.3
3576,197458.86,300770.47
3576,197458.86,294101.22
3577,708351.0,674944.0
3577,708351.0,674691.7
3578,580465.0,694445.25
3578,580465.0,698571.9
3578,580465.0,695329.44
3578,580465.0,697993.06
3578,580465.0,699122.44
3578,580465.0,697170.94
3578,580465.0,710070.75
3579,699292.1,655835.25
3579,699292.1,663754.6
3579,699292.1,663331.3
3579,699292.1,654538.3
3579,699292.1,657888.94
3579,699292.1,669750.8
3580,398592.16,464146.72
3580,398592.16,460374.22
3581,543896.3,548645.0
3581,543896.3,551607.56
3581,543896.3,562442.5
3581,543896.3,560290.4
3581,543896.3,560290.4
3581,543896.3,557366.6
3582,470865.62,580888.06
3582,470865.62,563467.56
3583,455690.28,501952.6
3583,455690.28,511457.75
3584,573662.8,526969.1
3584,573662.8,551361.6
3585,730044.44,719128.56
3585,730044.44,718350.6
3585,730044.44,718874.1
3585,730044.44,727349.56
3585,730044.44,719421.1
3585,730044.44,705370.0
3585,730044.44,712047.7
3586,264511.7,239728.33
3586,264511.7,246235.36
3587,255243.02,247876.08
3587,255243.02,238124.86
3588,567838.6,443513.1
3588,567838.6,439973.9
3589,1.308173e+06,1.2947909e+06
3589,1.308173e+06,1.2814666e+06
3589,1.308173e+06,1.2862824e+06
3589,1.308173e+06,1.2816198e+06
3589,1.308173e+06,1.2874014e+06
3589,1.308173e+06,1.2943006e+06
3589,1.308173e+06,1.2888815e+06
3589,1.308173e+06,1.2934239e+06
3589,1.308173e+06,1.2844789e+06
3590,560793.75,590245.2
3590,560793.75,581850.0
3591,1.1456215e+06,1.101697e+06
3591,1.1456215e+06,1.1386271e+06
3592,509634.3,636258.4
3593,343489.0,291169.16
3593,343489.0,297706.6
3593,343489.0,286712.72
3594,382052.44,471956.47
3594,382052.44,477192.62
3595,539918.44,526940.0
3595,539918.44,543981.1
3596,622858.94,626581.75
3596,622858.94,620389.75
3596,622858.94,623654.2
3596,622858.94,620035.1
3596,622858.94,623779.3
3596,622858.94,622202.2
3596,622858.94,618170.25
3596,622858.94,622075.0
3596,622858.94,626083.2
3596,622858.94,619331.9
3596,622858.94,620464.56
3596,622858.94,626898.0
3596,622858.94,613017.4
3597,345174.84,368833.03
3597,345174.84,373354.7
3597,345174.84,371118.75
3598,415416.97,312273.2
3598,415416.97,311297.88
3598,415416.97,317219.44
3598,415416.97,317511.9
3599,301548.88,253536.36
3599,301548.88,255052.89
3600,793935.94,705583.7
3600,793935.94,716342.56
3600,793935.94,713976.1
3600,793935.94,713566.9
3600,793935.94,701574.25
3601,355722.72,276670.47
3601,355722.72,284683.62
3602,904420.0,744462.4
3602,904420.0,742087.06
3602,904420.0,747785.44
3602,904420.0,741273.5
3602,904420.0,748251.94
3602,904420.0,746745.8
3603,508965.1,488779.3
3603,508965.1,470932.1
3604,337767.1,287214.78
3604,337767.1,287742.38
3605,577516.9,581302.0
3605,577516.9,588930.4
3605,577516.9,581428.2
3605,577516.9,587778.5
3605,577516.9,580637.4
3605,577516.9,572460.6
3606,798697.75,821019.1
3606,798697.75,820971.1
3607,718886.6,729795.2
3607,718886.6,727748.25
3607,718886.6,733693.8
3608,553924.2,691146.75
3608,553924.2,701737.4
3609,486528.3,519530.5
3609,486528.3,507446.94
3610,729366.0,759784.7
3610,729366.0,750773.94
3610,729366.0,757105.94
3610,729366.0,758706.2
3610,729366.0,760388.0
3610,729366.0,759501.4
3610,729366.0,751318.6
3610,729366.0,759065.3
3610,729366.0,771940.1
3611,409907.78,373084.72
3611,409907.78,399379.66
3612,356350.44,364148.47
3612,356350.44,378114.34
3613,380453.72,382025.66
3613,380453.72,404743.94
3613,380453.72,406621.03
3614,683923.25,643445.06
3614,683923.25,652196.0
3614,683923.25,634465.8
3615,599447.8,478876.03
3615,599447.8,479525.3
3615,599447.8,479860.94
3615,599447.8,487486.2
3616,587240.25,719053.44
3616,587240.25,715985.6
3616,587240.25,718340.56
3616,587240.25,720646.5
3616,587240.25,731747.3
3617,839942.4,851161.75
3617,839942.4,849933.06
3617,839942.4,849353.75
3617,839942.4,848553.25
3617,839942.4,848744.06
3617,839942.4,850429.1
3617,839942.4,849353.75
3617,839942.4,852870.7
3618,259714.56,247148.7
3618,259714.56,250265.83
3619,289908.38,306934.12
3619,289908.38,308754.62
3619,289908.38,308083.72
3620,859148.9,882805.5
3620,859148.9,887464.4
3621,605373.06,674599.2
3621,605373.06,679261.06
3621,605373.06,673322.6
3621,605373.06,646158.8
3622,346398.28,290920.22
3622,346398.28,287174.28
3623,451835.56,495188.06
3623,451835.56,488697.6
3624,569783.4,561771.9
3624,569783.4,560969.5
3624,569783.4,560894.8
3624,569783.4,556293.8
3624,569783.4,549874.9
3624,569783.4,563434.1
3625,381520.44,314543.25
3625,381520.44,303520.22
3626,338998.12,336286.34
3626,338998.12,333681.2
3627,563689.4,540619.25
3627,563689.4,534730.75
3628,616244.9,602909.6
3628,616244.9,597808.5
3628,616244.9,597837.7
3628,616244.9,600697.5
3628,616244.9,601104.4
3628,616244.9,598274.56
3628,616244.9,601942.5
3628,616244.9,594682.1
3628,616244.9,597256.25
3628,616244.9,596987.06
3628,616244.9,607938.2
3629,482295.72,495009.75
3629,482295.72,499526.5
3629,482295.72,488540.1
3629,482295.72,494232.03
3629,482295.72,499811.25
3629,482295.72,499228.0
3630,375426.72,476110.28
3630,375426.72,464470.8
3631,599150.56,634176.0
3631,599150.56,646782.44
3631,599150.56,631325.2
3631,599150.56,643087.56
3632,631397.06,609933.94
3632,631397.06,609083.25
3633,256111.36,296161.72
3634,472393.16,462029.03
3634,472393.16,464001.0
3634,472393.16,454832.75
3635,600595.6,659345.94
3635,600595.6,656206.8
3636,573687.75,556487.1
3636,573687.75,569409.1
3637,601049.2,593688.56
3637,601049.2,593208.9
3637,601049.2,606079.7
3637,601049.2,599625.5
3637,601049.2,604036.94
3638,738156.4,743484.0
3638,738156.4,743501.4
3638,738156.4,742011.9
3638,738156.4,742331.56
3638,738156.4,739928.6
3638,738156.4,748174.4
3638,738156.4,741550.2
3638,738156.4,737112.7
3638,738156.4,746977.06
3638,738156.4,746023.6
3639,602643.8,665390.4
3639,602643.8,671217.5
3639,602643.8,667572.6
3639,602643.8,678564.44
3639,602643.8,680454.0
3639,602643.8,647746.8
3640,535203.8,593100.8
3640,535203.8,611232.0
3641,420045.0,489007.53
3641,420045.0,489734.34
3641,420045.0,486299.84
3642,1.262446e+06,1.2374926e+06
3642,1.262446e+06,1.239336e+06
3643,493174.5,608754.1
3643,493174.5,603770.1
3643,493174.5,607459.56
3643,493174.5,611225.75
3643,493174.5,610739.7
3643,493174.5,614474.9
3643,493174.5,609960.25
3643,493174.5,595671.6
3644,315756.75,306789.97
3644,315756.75,307954.94
3645,405486.72,506137.06
3645,405486.72,501599.7
3645,405486.72,505524.12
3645,405486.72,495343.44
3646,603076.56,655474.9
3646,603076.56,657743.8
3647,336507.97,335977.6
3647,336507.97,335727.84
3647,336507.97,347104.47
3648,648560.5,575637.9
3648,648560.5,564014.3
3648,648560.5,568450.2
3649,254123.1,320085.28
3649,254123.1,319568.6
3650,769618.75,719486.44
3650,769618.75,721159.25
3650,769618.75,720558.5
3650,769618.75,717655.56
3650,769618.75,716126.9
3650,769618.75,706916.5
3650,769618.75,707562.06
3650,769618.75,699206.5
3650,769618.75,717954.6
3651,2.4875202e+06,2.5501898e+06
3651,2.4875202e+06,2.5511338e+06
3651,2.4875202e+06,2.5522258e+06
3651,2.4875202e+06,2.5512428e+06
3651,2.4875202e+06,2.5551998e+06
3651,2.4875202e+06,2.5481792e+06
3651,2.4875202e+06,2.5550362e+06
3651,2.4875202e+06,2.547947e+06
3651,2.4875202e+06,2.549787e+06
3651,2.4875202e+06,2.5488155e+06
3651,2.4875202e+06,2.5523628e+06
3651,2.4875202e+06,2.5540045e+06
3651,2.4875202e+06,2.5589872e+06
3651,2.4875202e+06,2.5539778e+06
3651,2.4875202e+06,2.5523872e+06
3651,2.4875202e+06,2.5540135e+06
3651,2.4875202e+06,2.552587e+06
3651,2.4875202e+06,2.5545772e+06
3651,2.4875202e+06,2.5494345e+06
3652,473864.28,411460.9
3652,473864.28,420600.6
3652,473864.28,420730.53
3652,473864.28,426053.66
3652,473864.28,421358.44
3652,473864.28,419679.78
3653,534609.06,446546.1
3653,534609.06,459263.4
3653,534609.06,445940.28
3654,388851.75,493860.22
3654,388851.75,498868.4
3655,342761.12,290449.1
3655,342761.12,290443.1
3655,342761.12,300715.47
3655,342761.12,296304.5
3656,315851.44,266269.75
3656,315851.44,264039.06
3657,552971.44,567392.6
3657,552971.44,572796.8
3658,850257.3,687354.7
3658,850257.3,650386.56
3659,767354.2,764793.44
3659,767354.2,757371.06
3659,767354.2,759490.6
3659,767354.2,755277.8
3659,767354.2,764902.9
3659,767354.2,756308.5
3659,767354.2,753854.75
3659,767354.2,766139.9
3659,767354.2,762132.06
3660,804927.94,791924.0
3660,804927.94,793288.06
3660,804927.94,797740.6
3660,804927.94,793026.94
3660,804927.94,796678.2
3660,804927.94,802741.3
3660,804927.94,801451.25
3661,593843.1,572843.3
3661,593843.1,577937.4
3662,737374.6,686084.4
3662,737374.6,658217.44
3663,246633.42,252540.23
3663,246633.42,250766.61
3663,246633.42,256340.61
3663,246633.42,246486.55
3664,413920.03,480569.53
3664,413920.03,480244.4
3664,413920.03,481868.6
3664,413920.03,486833.22
3665,2.294299e+06,2.5620688e+06
3665,2.294299e+06,2.5659738e+06
3666,754662.56,711871.3
3666,754662.56,706455.5
3666,754662.56,706557.8
3666,754662.56,702996.25
3666,754662.56,717918.75
3666,754662.56,720431.44
3666,754662.56,695489.9
3667,603135.3,671118.56
3668,595866.7,548810.9
3668,595866.7,523344.06
3669,314352.47,276213.78
3669,314352.47,285912.3
3669,314352.47,281027.72
3670,356421.66,290199.56
3670,356421.66,294417.38
3671,556075.75,599410.25
3671,556075.75,606898.3
3671,556075.75,571521.44
3672,780194.06,760732.44
3672,780194.06,765142.06
3672,780194.06,752562.44
3673,237070.23,308098.28
3674,505933.2,462721.28
3674,505933.2,467710.34
3674,505933.2,468340.8
3674,505933.2,479337.78
3675,222170.36,308661.56
3675,222170.36,298519.9
3676,574530.44,536154.94
3676,574530.44,532236.6
3677,555606.1,575996.0
3677,555606.1,580987.25
3677,555606.1,576720.7
3677,555606.1,583205.8
3677,555606.1,579139.1
3677,555606.1,574381.56
3677,555606.1,563784.1
3678,548211.3,590946.25
3678,548211.3,581586.75
3678,548211.3,573947.2
3678,548211.3,580693.56
3678,548211.3,559594.25
3679,538857.3,586275.6
3679,538857.3,557860.6
3680,512955.03,460657.5
3680,512955.03,449224.53
3681,481370.9,453583.53
3681,481370.9,454262.84
3681,481370.9,468061.12
3681,481370.9,447442.1
3682,253294.48,337529.1
3682,253294.48,341101.56
3682,253294.48,341819.0
3683,808118.44,762911.44
3683,808118.44,778048.75
3684,346815.6,366413.75
3684,346815.6,368883.72
3684,346815.6,374640.56
3685,546137.94,635316.44
3685,546137.94,636239.44
3685,546137.94,625018.6
3685,546137.94,637055.06
3685,546137.94,634371.2
3685,546137.94,624838.6
3685,546137.94,614390.3
3686,809421.2,756402.94
3686,809421.2,767401.8
3686,809421.2,757243.9
3686,809421.2,767024.06
3686,809421.2,764090.4
3686,809421.2,783658.75
3687,242248.22,259725.77
3687,242248.22,271291.7
3688,266425.47,256373.8
3688,266425.47,254182.27
3689,587100.0,665519.3
3689,587100.0,663587.1
3690,351098.84,287641.44
3690,351098.84,281768.84
3691,541609.4,482451.38
3691,541609.4,479155.03
3692,310009.9,272814.0
3692,310009.9,280900.25
3693,843765.0,726405.9
3693,843765.0,692285.94
3694,427135.53,407455.34
3694,427135.53,411240.94
3695,284324.72,338498.3
3695,284324.72,341735.5
3696,592199.9,584275.9
3696,592199.9,579931.5
3696,592199.9,583011.9
3696,592199.9,573486.75
3696,592199.9,589748.44
3697,242852.75,313436.3
3697,242852.75,322306.75
3698,553980.3,545140.5
3698,553980.3,537180.9
3699,638171.7,627357.94
3699,638171.7,629091.7
3699,638171.7,627990.0
3699,638171.7,621684.5
3699,638171.7,621444.25
3699,638171.7,636591.25
3700,385392.56,302025.03
3700,385392.56,304087.16
3701,547064.0,554497.44
3701,547064.0,565251.0
3702,413358.84,492810.44
3703,401870.9,312220.88
3703,401870.9,312166.12
3704,1.317311e+06,1.3337448e+06
3704,1.317311e+06,1.335606e+06
3704,1.317311e+06,1.333505e+06
3704,1.317311e+06,1.3388418e+06
3704,1.317311e+06,1.3387714e+06
3704,1.317311e+06,1.3322775e+06
3704,1.317311e+06,1.335826e+06
3704,1.317311e+06,1.3485972e+06
3704,1.317311e+06,1.3372164e+06
3704,1.317311e+06,1.3449319e+06
3705,595604.06,568603.2
3705,595604.06,572323.5
3705,595604.06,570887.75
3705,595604.06,569540.7
3706,697218.7,640307.6
3706,697218.7,635898.3
3707,577450.5,693287.94
3707,577450.5,696271.5
3707,577450.5,689664.0
3707,577450.5,698934.2
3707,577450.5,699178.3
3707,577450.5,697124.25
3707,577450.5,699326.5
3708,644980.94,648321.06
3708,644980.94,650687.94
3709,480471.56,536834.5
3709,480471.56,536595.4
3709,480471.56,528923.7
3710,664398.0,685108.5
3710,664398.0,682126.25
3711,805923.75,639821.1
3711,805923.75,637428.8
3711,805923.75,635738.06
3711,805923.75,635020.1
3711,805923.75,620465.25
3712,429107.2,514062.88
3712,429107.2,506953.53
3713,460012.75,507269.94
3713,460012.75,508093.38
3713,460012.75,497587.97
3713,460012.75,513204.78
3714,752712.3,696023.25
3714,752712.3,685742.5
3715,444172.16,538773.7
3716,382776.44,366508.47
3716,382776.44,367216.53
3716,382776.44,372940.9
3716,382776.44,365746.03
3717,915478.75,732638.2
3717,915478.75,703387.56
3718,634561.6,672100.4
3718,634561.6,686736.0
3718,634561.6,672595.44
3719,278800.03,254849.33
3719,278800.03,257086.2
3719,278800.03,255703.36
3720,555449.5,590550.6
3720,555449.5,576441.9
3720,555449.5,571597.44
3720,555449.5,580137.25
3720,555449.5,594134.5
3721,944721.2,933989.3
3721,944721.2,945171.4
3721,944721.2,940469.56
3721,944721.2,935010.4
3721,944721.2,940472.06
3721,944721.2,940513.6
3721,944721.2,940821.5
3721,944721.2,934153.4
3721,944721.2,933408.7
3721,944721.2,930281.6
3721,944721.2,926155.7
3721,944721.2,935055.0
3721,944721.2,937989.0
3721,944721.2,948884.7
3722,414083.0,499105.62
3722,414083.0,509292.53
3723,588169.06,620010.25
3723,588169.06,607643.06
3723,588169.06,615690.6
3723,588169.06,620389.3
3723,588169.06,608672.75
3723,588169.06,618641.25
3723,588169.06,597408.9
3724,532809.6,499352.62
3724,532809.6,482828.9
3725,334011.25,336508.2
3725,334011.25,339413.47
3725,334011.25,348301.47
3725,334011.25,341873.78
3726,591504.56,607376.1
3726,591504.56,606398.0
3726,591504.56,605162.25
3726,591504.56,609676.1
3726,591504.56,606917.3
3726,591504.56,601122.5
3726,591504.56,606370.9
3726,591504.56,577825.25
3727,603596.4,623466.4
3727,603596.4,622334.0
3727,603596.4,620701.4
3727,603596.4,619915.2
3728,492539.8,422664.12
3728,492539.8,424519.3
3728,492539.8,419853.6
3729,309401.22,280343.06
3729,309401.22,277239.56
3730,711002.9,731989.44
3730,711002.9,732025.7
3730,711002.9,732689.2
3730,711002.9,728641.94
3730,711002.9,735816.9
3730,711002.9,750185.6
3731,827323.8,793742.5
3731,827323.8,794146.8
3731,827323.8,784426.0
3731,827323.8,786293.8
3731,827323.8,793943.1
3731,827323.8,799334.75
3731,827323.8,791982.4
3731,827323.8,788283.5
3731,827323.8,783436.25
3731,827323.8,796460.06
3731,827323.8,795079.2
3731,827323.8,791336.5
3732,542353.9,497955.16
3732,542353.9,495755.88
3732,542353.9,498276.5
3732,542353.9,514009.3
3732,542353.9,512358.2
3732,542353.9,503163.5
3733,264269.4,257312.89
3733,264269.4,250012.77
3734,615072.7,596716.5
3734,615072.7,572423.44
3735,830922.7,803992.4
3735,830922.7,815919.8
3735,830922.7,810809.25
3735,830922.7,812106.25
3735,830922.7,808663.8
3735,830922.7,805425.1
3735,830922.7,821288.2
3736,218249.36,305823.8
3736,218249.36,306186.78
3736,218249.36,318054.5
3737,368634.94,455059.38
3737,368634.94,449758.7
3738,305294.22,268138.16
3738,305294.22,263582.28
3738,305294.22,269166.44
3739,833298.75,785895.1
3739,833298.75,785723.2
3739,833298.75,784695.25
3739,833298.75,785010.2
3739,833298.75,782514.2
3739,833298.75,793282.56
3739,833298.75,779626.56
3739,833298.75,790096.44
3740,520114.5,547833.0
3740,520114.5,546718.6
3740,520114.5,543110.94
3740,520114.5,539862.06
3740,520114.5,531469.56
3741,2.5648748e+06,2.5888555e+06
3741,2.5648748e+06,2.5939948e+06
3741,2.5648748e+06,2.5875538e+06
3742,431067.88,402483.3
3742,431067.88,403264.75
3743,618251.7,597652.44
3743,618251.7,586460.2
3743,618251.7,590897.94
3743,618251.7,594261.44
3743,618251.7,588706.5
3744,586956.8,549839.75
3744,586956.8,544787.2
3744,586956.8,562795.75
3744,586956.8,554984.75
3745,461769.44,562045.44
3745,461769.44,552414.3
3746,541706.7,564661.3
3746,541706.7,558577.7
3747,990194.75,998888.3
3747,990194.75,1.0192811e+06
3748,251760.2,243314.52
3748,251760.2,250661.02
3748,251760.2,242860.52
3749,257928.34,262625.34
3750,778791.7,814360.6
3750,778791.7,814264.75
3751,229897.95,313112.1
3751,229897.95,313257.8
3751,229897.95,318466.06
3752,843987.9,759156.3
3753,680708.9,655745.0
3753,680708.9,672761.2
3753,680708.9,660756.3
3753,680708.9,661587.0
3753,680708.9,658050.44
3753,680708.9,656940.6
3753,680708.9,657295.2
3754,796494.8,696780.3
3754,796494.8,684395.8
3755,584418.8,619290.25
3755,584418.8,596088.0
3756,309474.03,318585.06
3756,309474.03,328047.97
3757,545640.94,621197.3
3757,545640.94,599125.5
3758,550591.0,535917.2
3758,550591.0,535185.1
3758,550591.0,535744.25
3758,550591.0,549841.5
3758,550591.0,542276.0
3758,550591.0,527596.8
3759,618417.94,583186.3
3759,618417.94,594737.25
3759,618417.94,578918.5
3759,618417.94,586814.7
3760,316496.25,354493.25
3760,316496.25,348484.66
3760,316496.25,357115.1
3760,316496.25,348587.66
3760,316496.25,356619.3
3760,316496.25,348698.03
3761,666067.3,621408.25
3761,666067.3,623197.9
3761,666067.3,618271.06
3761,666067.3,623103.2
3761,666067.3,621167.6
3762,429160.88,313941.44
3762,429160.88,310945.6
3763,700880.25,731894.75
3763,700880.25,721210.2
3763,700880.25,724427.2
3763,700880.25,727769.0
3763,700880.25,736573.2
3763,700880.25,732371.4
3763,700880.25,734171.2
3763,700880.25,728015.94
3764,789524.25,745918.0
3764,789524.25,758031.0
3764,789524.25,748212.1
3765,360392.25,346203.47
3765,360392.25,344543.06
3765,360392.25,353537.1
3765,360392.25,351294.84
3766,314310.97,327383.78
3766,314310.97,327343.56
3766,314310.97,318275.5
3766,314310.97,325101.53
3767,524803.9,513558.12
3767,524803.9,512702.5
3767,524803.9,509392.2
3768,741217.0,714107.3
3768,741217.0,735290.7
3769,387601.78,438951.34
3769,387601.78,443906.9
3769,387601.78,442095.66
3769,387601.78,451149.4
3770,702389.7,662198.94
3770,702389.7,649821.75
3771,599899.1,603682.0
3771,599899.1,584099.6
3772,708489.7,597719.5
3772,708489.7,593903.25
3773,489120.66,433046.44
3773,489120.66,433447.38
3773,489120.66,432465.3
3773,489120.66,433706.53
3774,422948.72,484766.0
3774,422948.72,491954.34
3775,608785.1,615167.7
3775,608785.1,614056.56
3775,608785.1,615376.7
3775,608785.1,615857.6
3775,608785.1,611410.06
3775,608785.1,617168.8
3775,608785.1,614388.75
3775,608785.1,617209.2
3775,608785.1,605501.1
3775,608785.1,605243.75
3775,608785.1,605544.94
3775,608785.1,613036.7
3775,608785.1,612357.56
3775,608785.1,613135.1
3775,608785.1,617516.3
3776,967274.75,921745.8
3776,967274.75,933009.06
3776,967274.75,922725.44
3776,967274.75,932024.9
3776,967274.75,934028.8
3776,967274.75,954737.3
3776,967274.75,941453.8
3776,967274.75,926316.5
3777,437353.06,503149.72
3778,207880.38,236836.23
3778,207880.38,232137.33
3779,244852.03,264184.38
3779,244852.03,262949.06
3780,578895.4,664919.5
3780,578895.4,663594.2
3781,816446.4,820088.25
3781,816446.4,815950.0
3781,816446.4,815929.4
3781,816446.4,811947.5
3781,816446.4,814972.56
3781,816446.4,815950.0
3781,816446.4,816796.5
3781,816446.4,819411.6
3781,816446.4,822041.25
3781,816446.4,828167.6
3781,816446.4,820101.94
3782,242233.64,245887.05
3782,242233.64,247936.39
3783,315081.7,381346.6
3783,315081.7,381704.88
3784,353194.75,305052.1
3785,202044.58,288532.44
3785,202044.58,293059.84
3786,607258.6,798049.5
3787,511397.1,558207.6
3787,511397.1,578701.94
3788,595556.44,625368.5
3788,595556.44,609986.4
3789,781124.5,710452.75
3789,781124.5,721822.25
3790,295410.88,348741.9
3790,295410.88,349967.0
3790,295410.88,356700.1
3790,295410.88,350007.22
3790,295410.88,350002.8
3790,295410.88,356389.53
3791,449013.2,492841.4
3791,449013.2,493171.53
3791,449013.2,490655.47
3792,537722.25,538739.2
3792,537722.25,555677.5
3793,544424.75,567988.9
3793,544424.75,542563.56
3794,544101.1,556324.9
3794,544101.1,556938.8
3795,331445.22,281252.9
3795,331445.22,291163.3
3795,331445.22,289367.03
3796,545218.7,545821.25
3796,545218.7,534936.8
3796,545218.7,545854.6
3796,545218.7,542258.1
3797,1.1807086e+06,1.1310921e+06
3797,1.1807086e+06,1.1578344e+06
3798,498348.84,530109.6
3798,498348.84,519070.06
3799,270052.62,248419.45
3799,270052.62,257455.52
3800,625101.9,610939.9
3800,625101.9,578946.5
3801,359690.03,303260.25
3801,359690.03,309041.75
3801,359690.03,301228.88
3802,559579.06,575593.3
3803,372723.34,355727.9
3803,372723.34,357146.9
3803,372723.34,364431.6
3804,555963.7,521892.97
3804,555963.7,522904.6
3804,555963.7,538299.2
3804,555963.7,531266.56
3805,451611.66,439191.9
3805,451611.66,439191.9
3805,451611.66,445916.94
3806,351046.06,286870.28
3806,351046.06,289378.56
3807,749810.4,699003.1
3807,749810.4,700322.2
3808,848092.3,670395.56
3808,848092.3,664552.2
3808,848092.3,673028.9
3808,848092.3,663992.2
3808,848092.3,671497.7
3808,848092.3,672147.44
3808,848092.3,660925.5
3809,205713.64,238811.27
3809,205713.64,234483.39
3810,301665.03,291592.5
3810,301665.03,295825.53
3811,458989.44,429018.5
3811,458989.44,435017.44
3811,458989.44,415737.53
3812,503385.94,487211.03
3812,503385.94,486693.84
3812,503385.94,484636.56
3812,503385.94,496908.84
3813,494998.75,606930.7
3813,494998.75,608415.06
3813,494998.75,607816.4
3813,494998.75,603905.2
3813,494998.75,590607.06
3813,494998.75,597136.94
3814,814142.56,800543.44
3814,814142.56,788613.94
3814,814142.56,789828.6
3814,814142.56,788637.9
3814,814142.56,788875.4
3814,814142.56,834557.06
3815,742950.06,722302.3
3815,742950.06,732842.9
3815,742950.06,724041.6
3815,742950.06,723060.6
3815,742950.06,721084.94
3815,742950.06,715257.7
3815,742950.06,715102.0
3815,742950.06,732295.7
3816,732418.56,685424.2
3816,732418.56,682998.9
3816,732418.56,683065.6
3816,732418.56,685286.3
3816,732418.56,665199.94
3817,771922.0,796825.56
3817,771922.0,786697.7
3817,771922.0,786635.94
3817,771922.0,787921.44
3817,771922.0,785415.25
3817,771922.0,794323.0
3818,808356.94,767814.44
3818,808356.94,759149.3
3819,927270.6,931399.9
3819,927270.6,927285.8
3819,927270.6,921499.25
3820,440956.1,506572.03
3820,440956.1,500464.97
3820,440956.1,498602.44
3820,440956.1,494684.8
3820,440956.1,502918.5
3820,440956.1,506906.88
3821,870071.75,713682.3
3822,649479.7,606556.94
3822,649479.7,606739.0
3822,649479.7,608846.2
3822,649479.7,608301.3
3822,649479.7,607782.8
3822,649479.7,610514.44
3822,649479.7,607457.7
3822,649479.7,614833.7
3823,788841.06,754862.7
3823,788841.06,762795.25
3823,788841.06,762932.2
3823,788841.06,761073.6
3823,788841.06,759291.44
3823,788841.06,758706.4
3823,788841.06,761245.1
3823,788841.06,749075.56
3823,788841.06,759869.6
3823,788841.06,769435.44
3824,536094.4,596300.25
3824,536094.4,588092.94
3824,536094.4,590131.56
3824,536094.4,600427.8
3825,755165.7,743452.75
3826,428993.34,433696.88
3826,428993.34,436784.56
3827,536338.25,598967.9
3827,536338.25,568539.3
3828,611029.7,725814.4
3828,611029.7,725013.8
3828,611029.7,722980.6
3828,611029.7,721832.2
3828,611029.7,726531.4
3828,611029.7,718850.4
3828,611029.7,725879.4
3828,611029.7,728219.0
3828,611029.7,722216.06
3829,418263.06,415735.34
3829,418263.06,415124.84
3829,418263.06,436079.2
3829,418263.06,417275.53
3830,801699.1,697811.4
3830,801699.1,667805.0
3831,561048.1,537926.56
3831,561048.1,539717.25
3831,561048.1,517800.97
3832,556522.06,570848.8
3832,556522.06,562520.4
3832,556522.06,555882.94
3833,785678.9,747018.8
3833,785678.9,750076.94
3833,785678.9,746432.5
3833,785678.9,749118.4
3833,785678.9,748511.3
3833,785678.9,747375.9
3833,785678.9,748223.5
3833,785678.9,782584.75
3834,2.3103445e+06,2.5656522e+06
3834,2.3103445e+06,2.565961e+06
3835,591698.06,637318.0
3835,591698.06,628135.56
3836,290193.66,276106.8
3836,290193.66,280297.4
3836,290193.66,278237.53
3837,849405.25,892589.25
3837,849405.25,888556.7
3837,849405.25,889642.75
3837,849405.25,887753.5
3837,849405.25,888681.9
3837,849405.25,892424.1
3837,849405.25,893347.56
3837,849405.25,888234.56
3837,849405.25,887316.25
3837,849405.25,880500.6
3837,849405.25,879517.4
3837,849405.25,889973.06
3838,804675.6,767017.25
3838,804675.6,766186.25
3838,804675.6,767214.56
3838,804675.6,754936.4
3838,804675.6,766526.7
3838,804675.6,765038.8
3838,804675.6,774023.0
3839,602942.7,584118.94
3839,602942.7,574675.94
3840,926388.06,852892.7
3840,926388.06,845843.3
3840,926388.06,844684.6
3840,926388.06,852886.06
3840,926388.06,862788.2
3840,926388.06,872095.44
3840,926388.06,850621.25
3840,926388.06,831646.0
3841,1.1341954e+06,1.1501678e+06
3842,531089.4,517215.38
3842,531089.4,514306.6
3842,531089.4,537148.06
3843,859097.75,835178.44
3843,859097.75,841445.94
3843,859097.75,841538.5
3843,859097.75,841726.75
3843,859097.75,835510.44
3843,859097.75,836007.3
3843,859097.75,841372.0
3843,859097.75,843329.3
3844,991323.0,767274.4
3844,991323.0,771138.94
3844,991323.0,763413.25
3844,991323.0,766962.6
3844,991323.0,774959.94
3844,991323.0,770306.7
3844,991323.0,769543.94
3845,411486.84,395462.6
3845,411486.84,404618.38
3845,411486.84,403277.47
3846,203848.16,235459.95
3846,203848.16,238879.8
3846,203848.16,236142.73
3847,735402.0,688348.0
3847,735402.0,697516.2
3847,735402.0,673960.2
3848,617628.4,717049.56
3848,617628.4,738820.0
3849,555584.25,555112.75
3849,555584.25,545788.0
3850,449798.06,575050.56
3851,479012.34,482525.78
3851,479012.34,474068.22
3851,479012.34,492232.72
3852,396231.03,336170.1
3852,396231.03,333222.7
3853,566327.75,581817.7
3853,566327.75,590309.2
3853,566327.75,582575.75
3853,566327.75,612063.25
3854,964579.8,962182.6
3854,964579.8,971622.44
3854,964579.8,973987.2
3854,964579.8,959755.75
3854,964579.8,974412.5
3854,964579.8,970117.5
3855,593949.7,585557.5
3855,593949.7,584119.1
3855,593949.7,569922.44
3855,593949.7,583206.3
3856,498393.44,560589.9
3856,498393.44,560276.6
3856,498393.44,567715.44
3856,498393.44,557777.75
3856,498393.44,560965.75
3856,498393.44,562107.75
3856,498393.44,555744.75
3857,167424.67,181980.39
3857,167424.67,181533.3
3858,790426.5,761659.4
3858,790426.5,770527.4
3858,790426.5,757826.0
3859,666037.4,674758.5
3859,666037.4,675747.25
3860,861407.44,916626.6
3860,861407.44,929537.9
3861,614216.9,635112.25
3862,555346.56,537894.06
3862,555346.56,523261.25
3863,427823.38,399314.8
3863,427823.38,403610.75
3863,427823.38,383740.75
3864,679528.0,756558.75
3864,679528.0,749007.06
3864,679528.0,754335.8
3864,679528.0,750218.06
3864,679528.0,754335.8
3864,679528.0,756014.25
3864,679528.0,766948.75
3865,497754.88,533296.3
3865,497754.88,542332.7
3865,497754.88,536935.5
3865,497754.88,540507.1
3865,497754.88,534301.75
3866,521188.8,454619.22
3866,521188.8,461621.88
3867,601023.0,609403.94
3867,601023.0,608866.5
3867,601023.0,606842.5
3867,601023.0,614411.1
3867,601023.0,609556.1
3867,601023.0,606419.5
3867,601023.0,602994.8
3867,601023.0,609818.0
3867,601023.0,600662.1
3867,601023.0,606083.25
3867,601023.0,606716.1
3867,601023.0,599489.94
3867,601023.0,602608.5
3868,399093.6,374719.4
3868,399093.6,374604.97
3868,399093.6,388199.2
3869,728606.7,678577.4
3869,728606.7,679778.6
3869,728606.7,677126.44
3869,728606.7,690363.06
3869,728606.7,671835.8
3869,728606.7,677942.5
3869,728606.7,676312.0
3870,219287.25,305312.78
3870,219287.25,300671.6
3870,219287.25,306097.25
3870,219287.25,299952.88
3871,539967.6,616973.4
3871,539967.6,606340.06
3871,539967.6,608580.56
3871,539967.6,618588.94
3871,539967.6,618274.1
3871,539967.6,621025.4
3872,782295.6,730137.75
3873,264549.78,326799.62
3873,264549.78,335728.7
3874,351897.4,295535.72
3874,351897.4,295670.44
3874,351897.4,296955.97
3875,1.2168265e+06,1.2380089e+06
3875,1.2168265e+06,1.2634246e+06
3876,330004.72,270577.06
3876,330004.72,263553.3
3877,612042.25,523556.28
3877,612042.25,523723.8
3877,612042.25,529375.06
3877,612042.25,534116.56
3878,486605.34,402206.06
3878,486605.34,425820.25
3879,501222.25,573513.94
3879,501222.25,567937.4
3879,501222.25,559922.3
3880,576623.1,541670.56
3880,576623.1,529373.2
3881,553535.4,590491.2
3881,553535.4,593399.8
3882,400873.84,377161.44
3882,400873.84,383831.0
3882,400873.84,368030.47
3883,577474.6,611644.2
3884,432482.03,550067.44
3884,432482.03,553408.8
3885,198588.98,287875.38
3885,198588.98,288023.72
3885,198588.98,292712.44
3886,620315.5,587819.56
3886,620315.5,593631.1
3886,620315.5,593502.1
3886,620315.5,593746.9
3886,620315.5,594013.25
3886,620315.5,594545.5
3886,620315.5,593546.06
3886,620315.5,590671.9
3886,620315.5,586512.5
3887,630116.6,607733.94
3887,630116.6,611065.8
3888,771075.56,734689.5
3888,771075.56,742109.3
3888,771075.56,739989.7
3889,562602.3,547564.25
3889,562602.3,539753.94
3890,655035.1,560959.56
3890,655035.1,565186.06
3890,655035.1,562831.44
3890,655035.1,557970.8
3891,390010.53,298646.25
3891,390010.53,295699.3
3891,390010.53,305330.0
3892,336987.7,373428.94
3892,336987.7,369149.1
3892,336987.7,357417.8
3893,239378.39,278266.78
3893,239378.39,285243.25
3893,239378.39,280411.9
3894,866088.1,823969.94
3894,866088.1,825834.5
3894,866088.1,822437.44
3895,465078.12,462267.25
3895,465078.12,461848.56
3895,465078.12,479093.03
3895,465078.12,465178.2
3896,680899.6,614433.7
3896,680899.6,611966.7
3896,680899.6,609622.2
3896,680899.6,614902.9
3896,680899.6,614227.56
3897,229158.02,238155.86
3897,229158.02,241852.95
3898,879789.4,703960.6
3898,879789.4,717955.0
3899,542133.44,592777.9
3899,542133.44,595485.56
3899,542133.44,592461.3
3899,542133.44,601023.56
3899,542133.44,600700.6
3900,767211.94,623581.9
3900,767211.94,627551.5
3900,767211.94,621796.4
3900,767211.94,605152.25
3900,767211.94,601566.94
3901,356600.72,292937.88
3901,356600.72,292976.16
3901,356600.72,292320.94
3901,356600.72,292538.94
3902,269502.25,326837.9
3902,269502.25,333383.28
3903,534873.94,544925.7
3903,534873.94,541883.4
3903,534873.94,549266.94
3903,534873.94,542577.56
3904,278521.5,288692.94
3904,278521.5,287684.16
3905,1.1301942e+06,1.0178673e+06
3905,1.1301942e+06,1.0120655e+06
3905,1.1301942e+06,1.010719e+06
3905,1.1301942e+06,1.0083065e+06
3905,1.1301942e+06,1.01411275e+06
3905,1.1301942e+06,1.0106402e+06
3905,1.1301942e+06,1.04026275e+06
3905,1.1301942e+06,1.0399676e+06
3905,1.1301942e+06,1.02842294e+06
3905,1.1301942e+06,1.0354697e+06
3906,542346.0,514419.5
3906,542346.0,513207.38
3907,640231.4,587383.7
3907,640231.4,604212.1
3908,584411.44,660671.9
3908,584411.44,672490.6
3909,528650.56,642422.3
3909,528650.56,642457.7
3909,528650.56,635125.9
3909,528650.56,642056.9
3909,528650.56,644879.56
3909,528650.56,643317.44
3909,528650.56,605267.8
3910,325925.78,329444.94
3910,325925.78,330416.25
3911,2.709184e+06,2.621695e+06
3911,2.709184e+06,2.620769e+06
3912,791377.75,778673.7
3912,791377.75,770934.7
3912,791377.75,771606.06
3912,791377.75,776616.9
3912,791377.75,772292.9
3912,791377.75,789202.8
3913,548613.3,550061.5
3913,548613.3,567632.4
3914,296181.94,276968.62
3914,296181.94,273777.03
3915,712338.56,679229.75
3915,712338.56,649257.6
3916,368487.8,300057.88
3916,368487.8,296305.0
3917,286312.16,258535.8
3917,286312.16,259936.58
3918,410143.62,423148.75
3918,410143.62,417656.12
3919,864565.94,749667.5
3919,864565.94,746567.9
3919,864565.94,751288.1
3919,864565.94,747009.75
3919,864565.94,744004.7
3919,864565.94,750564.75
3920,582587.5,598920.56
3920,582587.5,584745.6
3920,582587.5,577209.06
3921,597749.06,552095.6
3921,597749.06,546234.0
3922,388860.4,465081.06
3922,388860.4,481063.34
3923,367106.88,447966.03
3923,367106.88,451070.06
3923,367106.88,451091.47
3924,710993.7,640636.8
3924,710993.7,637879.94
3924,710993.7,638281.9
3925,329880.3,337370.7
3925,329880.3,338196.62
3925,329880.3,345172.88
3926,616160.56,540345.5
3926,616160.56,532581.8
3927,411521.66,398955.03
3927,411521.66,393015.38
3927,411521.66,414298.3
3927,411521.66,411632.5
3928,935507.4,754729.06
3929,310402.34,269675.03
3929,310402.34,265386.25
3929,310402.34,269613.94
3929,310402.34,267181.4
3930,217485.28,276623.4
3931,599925.5,705185.1
3931,599925.5,700323.44
3931,599925.5,702265.06
3931,599925.5,699150.5
3931,599925.5,714361.8
3931,599925.5,715952.2
3932,644406.5,625660.44
3932,644406.5,628126.5
3932,644406.5,636511.5
3932,644406.5,640611.0
3933,275334.78,288716.34
3933,275334.78,288850.6
3934,817474.9,801827.0
3934,817474.9,790143.44
3935,613087.25,589464.6
3935,613087.25,595597.56
3935,613087.25,587150.94
3935,613087.25,601864.6
3936,456832.53,506167.9
3936,456832.53,510171.34
3937,866203.25,863730.44
3937,866203.25,863167.56
3937,866203.25,863339.3
3937,866203.25,858036.2
3937,866203.25,860600.4
3937,866203.25,864086.9
3937,866203.25,859197.94
3937,866203.25,861936.44
3937,866203.25,861717.44
3937,866203.25,850417.25
3937,866203.25,862068.4
3937,866203.25,865391.25
3938,279960.53,282680.16
3938,279960.53,279942.44
3939,355236.84,447103.03
3939,355236.84,444338.72
3939,355236.84,439646.8
3940,778418.25,767379.4
3940,778418.25,754862.25
3941,581532.5,465530.06
3941,581532.5,467164.5
3941,581532.5,461928.0
3941,581532.5,463716.28
3941,581532.5,468087.9
3942,737015.44,672747.3
3942,737015.44,685569.7
3942,737015.44,671014.56
3943,565545.1,643608.25
3943,565545.1,662772.25
3943,565545.1,640560.44
3944,326655.1,280914.1
3944,326655.1,278291.78
3945,971819.9,903862.0
3945,971819.9,926212.0
3945,971819.9,884231.25
3946,602103.0,561582.75
3946,602103.0,564388.06
3946,602103.0,582581.25
3946,602103.0,578428.25
3947,455723.34,505936.75
3947,455723.34,495154.34
3948,641580.0,752218.2
3948,641580.0,749788.56
3948,641580.0,756529.25
3948,641580.0,753460.1
3948,641580.0,754267.4
3948,641580.0,753057.8
3948,641580.0,760170.3
3949,773557.5,786833.8
3950,1.1948656e+06,1.2381458e+06
3950,1.1948656e+06,1.2391511e+06
3950,1.1948656e+06,1.2398499e+06
3950,1.1948656e+06,1.2435105e+06
3950,1.1948656e+06,1.2388949e+06
3950,1.1948656e+06,1.2397725e+06
3950,1.1948656e+06,1.2387949e+06
3950,1.1948656e+06,1.2456541e+06
3950,1.1948656e+06,1.2450051e+06
3951,500831.97,544385.0
3951,500831.97,547666.7
3951,500831.97,545771.0
3951,500831.97,547794.6
3951,500831.97,554447.4
3951,500831.97,521104.8
3952,365243.62,296282.84
3952,365243.62,307952.28
3952,365243.62,302587.62
3953,675350.3,643841.1
3953,675350.3,638226.2
3953,675350.3,643520.5
3953,675350.3,635458.6
3953,675350.3,652385.06
3954,286071.47,373258.16
3954,286071.47,374809.38
3954,286071.47,382661.25
3955,2.3510578e+06,2.560616e+06
3955,2.3510578e+06,2.5536022e+06
3956,609553.44,549160.4
3956,609553.44,562059.9
3957,516988.0,479231.56
3957,516988.0,502787.5
3958,579298.6,587144.6
3958,579298.6,567275.56
3958,579298.6,559675.9
3959,569019.44,700837.94
3959,569019.44,732425.6
3960,601005.6,630728.4
3960,601005.6,632923.44
3961,994062.6,798948.25
3962,809704.4,788599.44
3962,809704.4,807675.3
3962,809704.4,792590.7
3963,673592.0,761982.25
3963,673592.0,765099.56
3963,673592.0,766178.44
3963,673592.0,770687.0
3963,673592.0,763316.4
3963,673592.0,760156.9
3963,673592.0,760716.6
3963,673592.0,768382.44
3963,673592.0,771637.3
3964,448526.66,496310.62
3964,448526.66,505142.2
3964,448526.66,498133.7
3964,448526.66,505620.44
3964,448526.66,503472.22
3965,752211.3,711304.8
3966,530242.1,556631.5
3966,530242.1,564163.44
3966,530242.1,557787.25
3966,530242.1,562856.6
3966,530242.1,561396.5
3966,530242.1,566753.56
3966,530242.1,565459.44
3966,530242.1,557963.0
3966,530242.1,558801.44
3966,530242.1,559352.9
3966,530242.1,565261.56
3966,530242.1,541746.94
3967,475740.47,433148.8
3967,475740.47,431770.25
3968,1.389984e+06,1.3958549e+06
3968,1.389984e+06,1.3870994e+06
3968,1.389984e+06,1.387333e+06
3968,1.389984e+06,1.4072892e+06
3968,1.389984e+06,1.3981314e+06
3968,1.389984e+06,1.3910179e+06
3968,1.389984e+06,1.395431e+06
3968,1.389984e+06,1.3894596e+06
3968,1.389984e+06,1.3898506e+06
3968,1.389984e+06,1.3906152e+06
3968,1.389984e+06,1.4046428e+06
3968,1.389984e+06,1.3885219e+06
3968,1.389984e+06,1.3893992e+06
3968,1.389984e+06,1.4001442e+06
3968,1.389984e+06,1.3934101e+06
3968,1.389984e+06,1.3866696e+06
3969,865340.8,739709.44
3969,865340.8,739910.4
3969,865340.8,732861.0
3969,865340.8,735145.6
3969,865340.8,751263.1
3969,865340.8,743844.6
3969,865340.8,726179.4
3970,675618.75,726088.56
3970,675618.75,708661.7
3971,716568.2,726764.4
3971,716568.2,733310.75
3972,454038.97,421874.8
3972,454038.97,404971.16
3973,460331.94,454461.7
3973,460331.94,453391.56
3974,739752.9,696029.1
3974,739752.9,701651.1
3974,739752.9,706918.56
3974,739752.9,702456.2
3974,739752.9,694330.7
3975,561834.75,615777.9
3975,561834.75,614631.1
3975,561834.75,615167.1
3975,561834.75,620463.6
3975,561834.75,615020.7
3975,561834.75,615458.6
3975,561834.75,609357.56
3975,561834.75,605851.75
3975,561834.75,598773.0
3976,399127.88,315312.1
3976,399127.88,315603.88
3976,399127.88,316511.78
3976,399127.88,310970.25
3977,639297.1,614584.06
3977,639297.1,618055.75
3977,639297.1,613712.9
3977,639297.1,616092.94
3977,639297.1,618986.1
3977,639297.1,609683.6
3977,639297.1,617414.1
3977,639297.1,618190.25
3977,639297.1,610701.56
3977,639297.1,613308.25
3977,639297.1,617208.25
3977,639297.1,614270.8
3977,639297.1,602884.4
3978,424838.47,543698.75
3978,424838.47,544862.8
3978,424838.47,550091.6
3978,424838.47,536105.9
3979,252181.84,226738.08
3979,252181.84,221965.17
3979,252181.84,217804.61
3980,257689.39,255278.83
3980,257689.39,245758.67
3981,670642.7,686934.4
3981,670642.7,678595.44
3981,670642.7,692333.1
3981,670642.7,692180.2
3981,670642.7,699295.56
3981,670642.7,700262.25
3981,670642.7,712988.8
3982,848880.7,811976.0
3982,848880.7,831656.44
3983,1.1542611e+06,1.1606634e+06
3983,1.1542611e+06,1.1665516e+06
3984,205829.56,238780.27
3984,205829.56,237790.67
3985,634529.1,649838.75
3985,634529.1,648037.5
3986,590122.56,524435.25
3986,590122.56,529751.2
3987,571849.06,520037.6
3987,571849.06,509425.9
3988,720441.44,672334.0
3988,720441.44,668860.25
3988,720441.44,671424.06
3988,720441.44,673013.44
3988,720441.44,661033.44
3989,915863.44,755577.06
3989,915863.44,755872.3
3989,915863.44,759854.75
3989,915863.44,756318.8
3989,915863.44,745263.8
3989,915863.44,752015.44
3989,915863.44,765995.1
3990,771730.06,758584.4
3990,771730.06,753365.2
3990,771730.06,752545.5
3990,771730.06,753180.3
3990,771730.06,747431.2
3990,771730.06,747636.3
3990,771730.06,770645.25
3991,277028.16,244469.36
3991,277028.16,240977.55
3992,150029.53,175086.48
3992,150029.53,182102.55
3993,271032.53,337256.9
3993,271032.53,339011.38
3994,436605.5,420845.6
3994,436605.5,421960.75
3994,436605.5,425544.34
3994,436605.5,414657.75
3994,436605.5,412656.4
3994,436605.5,414652.03
3994,436605.5,416897.0
3995,606203.6,464567.88
3995,606203.6,469623.2
3995,606203.6,465696.47
3995,606203.6,465519.44
3995,606203.6,459077.5
3996,244395.52,254414.05
3997,269894.56,345074.47
3997,269894.56,349864.34
3998,365233.66,306436.06
3998,365233.66,307266.12
3998,365233.66,309168.25
3999,272963.34,240599.14
3999,272963.34,250598.3
4000,763723.4,675235.25
4000,763723.4,687910.06
4000,763723.4,673970.56
4000,763723.4,676384.8
4000,763723.4,690889.2
4000,763723.4,690968.0
4001,392782.8,403900.75
4001,392782.8,407427.88
4001,392782.8,402176.75
4001,392782.8,407675.47
4001,392782.8,414389.4
4001,392782.8,412533.16
4001,392782.8,416493.72
4002,954209.75,773420.75
4002,954209.75,775213.6
4002,954209.75,776835.75
4002,954209.75,774641.7
4002,954209.75,773413.44
4002,954209.75,778634.94
4002,954209.75,786427.8
4002,954209.75,756653.0
4003,757837.9,676441.2
4003,757837.9,678674.5
4003,757837.9,676265.25
4003,757837.9,678991.25
4003,757837.9,694984.06
4004,587112.75,491874.03
4005,704313.9,722668.06
4005,704313.9,715570.2
4005,704313.9,717243.0
4005,704313.9,717597.7
4005,704313.9,717210.7
4005,704313.9,706734.1
4005,704313.9,698198.2
4005,704313.9,705172.2
4005,704313.9,704560.06
4006,302602.75,395443.53
4006,302602.75,386154.1
4007,815264.6,781299.7
4008,725252.8,705460.0
4008,725252.8,696464.6
4009,738182.06,743464.9
4009,738182.06,747636.6
4009,738182.06,739561.8
4010,2.6907652e+06,2.6120732e+06
4010,2.6907652e+06,2.6055072e+06
4011,638005.5,672477.0
4011,638005.5,678659.75
4011,638005.5,673450.0
4011,638005.5,682271.4
4011,638005.5,676641.94
4011,638005.5,683434.1
4012,412080.84,380200.78
4012,412080.84,375641.8
4013,650163.25,579635.8
4013,650163.25,580108.25
4014,611759.4,719881.25
4014,611759.4,718385.1
4014,611759.4,725665.44
4014,611759.4,726848.4
4014,611759.4,721721.94
4014,611759.4,718943.2
4014,611759.4,708793.7
4015,354540.03,314254.3
4015,354540.03,327331.06
4016,765947.1,712251.4
4016,765947.1,706285.75
4016,765947.1,707360.5
4016,765947.1,691139.7
4017,735876.75,671513.4
4017,735876.75,669993.9
4017,735876.75,670508.3
4017,735876.75,674809.06
4017,735876.75,659019.9
4018,436692.4,482974.84
4018,436692.4,484771.78
4018,436692.4,489139.1
4018,436692.4,500119.1
4019,218322.14,289189.25
4019,218322.14,294198.88
4019,218322.14,285921.6
4020,595472.25,467908.22
4020,595472.25,477941.06
4021,190597.66,235394.67
4021,190597.66,234822.2
4022,895331.25,859241.25
4022,895331.25,860224.6
4022,895331.25,861574.44
4022,895331.25,857065.3
4022,895331.25,849110.9
4022,895331.25,880404.75
4023,454153.5,385016.3
4023,454153.5,376509.44
4024,728962.3,739355.8
4024,728962.3,741506.06
4024,728962.3,741694.44
4024,728962.3,736528.1
4024,728962.3,731718.3
4024,728962.3,737488.44
4024,728962.3,768763.4
4025,791931.75,692682.2
4025,791931.75,684641.06
4025,791931.75,682937.06
4025,791931.75,679866.4
4025,791931.75,695147.06
4026,792802.7,774126.75
4026,792802.7,784325.3
4026,792802.7,782002.5
4026,792802.7,775022.3
4026,792802.7,781996.5
4026,792802.7,775283.25
4026,792802.7,786257.7
4026,792802.7,781155.2
4026,792802.7,782330.75
4026,792802.7,786031.4
4026,792802.7,774991.0
4026,792802.7,809677.6
4027,327479.6,372912.97
4027,327479.6,373658.3
4027,327479.6,380486.9
4027,327479.6,373968.66
4028,477865.2,482674.6
4028,477865.2,490316.88
4028,477865.2,482538.6
4028,477865.2,489943.2
4028,477865.2,483768.25
4028,477865.2,480884.38
4028,477865.2,485521.56
4028,477865.2,479203.62
4028,477865.2,456311.94
4029,349759.47,381819.22
4029,349759.47,382060.6
4029,349759.47,386547.7
4029,349759.47,379320.97
4030,407877.75,426832.38
4030,407877.75,431210.34
4030,407877.75,447748.12
4031,628472.44,611901.56
4031,628472.44,616999.94
4031,628472.44,613311.0
4031,628472.44,627028.56
4032,507967.4,502516.66
4032,507967.4,481910.2
4033,515283.03,534936.56
4033,515283.03,543280.1
4033,515283.03,534397.25
4033,515283.03,535997.3
4033,515283.03,540789.94
4034,1.1153431e+06,1.0971874e+06
4034,1.1153431e+06,1.1025224e+06
4034,1.1153431e+06,1.0965709e+06
4034,1.1153431e+06,1.1025224e+06
4034,1.1153431e+06,1.0970688e+06
4034,1.1153431e+06,1.0992526e+06
4034,1.1153431e+06,1.09533e+06
4034,1.1153431e+06,1.1125908e+06
4034,1.1153431e+06,1.1191646e+06
4034,1.1153431e+06,1.110339e+06
4034,1.1153431e+06,1.1256861e+06
4035,439080.66,390333.4
4035,439080.66,395168.2
4035,439080.66,393663.75
4036,626902.3,668908.8
4036,626902.3,683880.75
4036,626902.3,668429.8
4036,626902.3,680547.94
4036,626902.3,688663.8
4036,626902.3,684294.8
4036,626902.3,679018.9
4037,470796.78,431171.84
4037,470796.78,428510.06
4037,470796.78,443457.66
4038,597658.6,683006.25
4038,597658.6,683735.4
4038,597658.6,662971.8
4038,597658.6,672975.56
4038,597658.6,679588.0
4039,210367.98,183084.8
4039,210367.98,193655.98
4040,439654.1,491223.38
4040,439654.1,496398.9
4041,441063.94,495561.3
4041,441063.94,504924.03
4041,441063.94,498054.34
4042,197933.34,185904.39
4042,197933.34,190644.23
4043,347583.0,297553.38
4043,347583.0,297569.78
4043,347583.0,304251.84
4043,347583.0,302084.28
4044,542915.06,505064.03
4044,542915.06,502235.1
4045,419748.62,416838.66
4045,419748.62,417819.84
4045,419748.62,427943.25
4046,546684.7,637611.6
4046,546684.7,640244.5
4046,546684.7,636339.6
4046,546684.7,629473.9
4046,546684.7,627379.2
4046,546684.7,632859.56
4046,546684.7,616369.94
4047,295284.22,258166.73
4047,295284.22,255294.92
4048,810502.2,662054.9
4048,810502.2,672420.44
4049,282738.44,325179.53
4049,282738.44,337610.2
4050,694242.7,694273.5
4050,694242.7,690498.44
4050,694242.7,695094.3
4050,694242.7,694349.0
4050,694242.7,692798.5
4050,694242.7,691653.6
4051,2.460551e+06,2.5799038e+06
4051,2.460551e+06,2.5858278e+06
4052,544043.06,586747.75
4052,544043.06,584803.44
4053,350676.97,345520.6
4053,350676.97,351125.25
4054,405503.44,313613.12
4054,405503.44,298836.53
4055,623171.2,665012.3
4055,623171.2,657536.6
4056,532891.9,515729.7
4056,532891.9,513793.66
4056,532891.9,506306.5
4057,550146.44,557992.8
4057,550146.44,556590.44
4057,550146.44,557566.56
4057,550146.44,560801.5
4057,550146.44,561048.8
4058,269410.72,255716.02
4058,269410.72,250962.3
4059,640705.8,598093.25
4059,640705.8,602075.1
4059,640705.8,598093.25
4059,640705.8,598506.75
4059,640705.8,603216.6
4059,640705.8,597498.3
4059,640705.8,603457.94
4059,640705.8,612804.75
4060,598981.3,551208.94
4060,598981.3,565687.44
4061,471983.38,475536.03
4061,471983.38,478209.34
4061,471983.38,502862.47
4061,471983.38,487723.56
4062,757662.1,667801.7
4062,757662.1,680256.6
4062,757662.1,672245.0
4062,757662.1,674500.1
4062,757662.1,670930.75
4062,757662.1,671643.9
4063,653044.5,691118.4
4063,653044.5,704933.8
4064,442476.94,386129.88
4064,442476.94,392348.28
4065,543934.6,521858.22
4065,543934.6,536099.0
4066,142624.86,175980.83
4066,142624.86,180901.27
4066,142624.86,179231.14
4067,464956.4,515031.44
4067,464956.4,511833.3
4067,464956.4,502322.78
4068,277133.9,350487.72
4068,277133.9,354894.34
4069,468353.9,515630.9
4069,468353.9,515228.1
4069,468353.9,527044.56
4070,887302.2,915260.2
4070,887302.2,924849.2
4070,887302.2,904753.3
4070,887302.2,911046.44
4070,887302.2,924096.0
4070,887302.2,918873.5
4070,887302.2,921085.56
4070,887302.2,916679.56
4071,354747.25,278506.97
4071,354747.25,281244.88
4072,256916.02,250427.17
4072,256916.02,254218.86
4072,256916.02,244037.95
4073,580251.4,648823.75
4073,580251.4,649497.44
4073,580251.4,655910.94
4073,580251.4,652769.56
4073,580251.4,658473.56
4073,580251.4,657137.5
4073,580251.4,650730.06
4074,360960.97,295588.22
4074,360960.97,295915.12
4074,360960.97,302533.7
4074,360960.97,303611.66
4075,276148.6,252139.17
4075,276148.6,259541.17
4075,276148.6,256360.11
4076,642655.06,669602.0
4076,642655.06,663998.8
4076,642655.06,680840.3
4076,642655.06,680269.9
4076,642655.06,683578.2
4076,642655.06,682659.56
4076,642655.06,677960.1
4077,386749.25,516831.3
4077,386749.25,505605.56
4078,435133.6,315760.6
4078,435133.6,304891.03
4079,538623.56,459629.66
4080,755796.8,615589.6
4080,755796.8,615710.9
4081,590454.6,554456.4
4081,590454.6,531085.0
4082,604530.4,721164.2
4082,604530.4,733879.5
4083,769460.56,726294.75
4083,769460.56,716945.06
4083,769460.56,711594.6
4083,769460.56,733137.1
4083,769460.56,721221.75
4083,769460.56,723620.3
4083,769460.56,719130.94
4084,351087.66,292227.47
4084,351087.66,284928.0
4085,475546.72,467056.88
4085,475546.72,439292.28
4086,580710.56,630406.0
4086,580710.56,641063.9
4086,580710.56,642959.4
4086,580710.56,631607.8
4086,580710.56,619963.6
4087,419296.0,488320.5
4087,419296.0,485451.2
4087,419296.0,483154.9
4087,419296.0,476257.2
4088,1.3646266e+06,1.386484e+06
4088,1.3646266e+06,1.3862391e+06
4088,1.3646266e+06,1.3844614e+06
4088,1.3646266e+06,1.3773959e+06
4088,1.3646266e+06,1.3855989e+06
4088,1.3646266e+06,1.3845494e+06
4088,1.3646266e+06,1.3856206e+06
4088,1.3646266e+06,1.384862e+06
4088,1.3646266e+06,1.3761968e+06
4088,1.3646266e+06,1.378262e+06
4088,1.3646266e+06,1.3775868e+06
4088,1.3646266e+06,1.3815435e+06
4088,1.3646266e+06,1.3802911e+06
4088,1.3646266e+06,1.3734491e+06
4088,1.3646266e+06,1.3864895e+06
4088,1.3646266e+06,1.382271e+06
4088,1.3646266e+06,1.3482451e+06
4089,661694.0,627785.0
4089,661694.0,636125.44
4089,661694.0,631108.7
4089,661694.0,634461.94
4089,661694.0,631184.6
4089,661694.0,627374.56
4089,661694.0,635346.1
4089,661694.0,638468.56
4089,661694.0,635642.6
4089,661694.0,635609.94
4089,661694.0,635307.9
4089,661694.0,634864.1
4089,661694.0,636555.5
4089,661694.0,628715.94
4090,183021.22,198131.42
4090,183021.22,191642.48
4091,352060.22,369384.25
4091,352060.22,378271.6
4092,492900.9,453630.47
4092,492900.9,450099.78
4092,492900.9,444685.16
4092,492900.9,460982.3
4092,492900.9,451959.62
4093,534939.5,538024.7
4093,534939.5,559100.2
4094,1.02545306e+06,1.1319245e+06
4094,1.02545306e+06,1.1300781e+06
4094,1.02545306e+06,1.125229e+06
4094,1.02545306e+06,1.1267376e+06
4094,1.02545306e+06,1.1299101e+06
4094,1.02545306e+06,1.1289895e+06
4094,1.02545306e+06,1.1333154e+06
4095,332580.94,280159.56
4095,332580.94,285237.06
4096,407614.47,494122.06
4096,407614.47,485096.6
4096,407614.47,489426.56
4096,407614.47,482389.9
4096,407614.47,490134.03
4097,704097.94,733413.8
4097,704097.94,734536.94
4097,704097.94,734506.6
4097,704097.94,733413.8
4097,704097.94,734925.0
4097,704097.94,740343.3
4097,704097.94,721573.5
4097,704097.94,728846.5
4097,704097.94,720839.8
4097,704097.94,727029.5
4097,704097.94,729884.3
4098,668823.4,663065.8
4098,668823.4,648980.44
4099,414640.34,404920.97
4099,414640.34,397800.44
4099,414640.34,414578.1
4099,414640.34,412903.97
4100,371093.6,408521.06
4100,371093.6,394723.94
4101,1.1466588e+06,1.1074381e+06
4101,1.1466588e+06,1.0796706e+06
4102,749865.94,695640.3
4102,749865.94,670078.56
4103,522753.66,648179.56
4103,522753.66,650693.5
4103,522753.66,657472.7
4103,522753.66,655852.5
4103,522753.66,651344.2
4103,522753.66,658368.4
4103,522753.66,624796.9
4104,291257.66,274053.3
4104,291257.66,279916.62
4105,343000.16,353855.28
4105,343000.16,352146.78
4105,343000.16,362241.8
4106,2.531057e+06,2.5823758e+06
4106,2.531057e+06,2.5869002e+06
4107,1.3738714e+06,1.256986e+06
4107,1.3738714e+06,1.2546301e+06
4107,1.3738714e+06,1.2480055e+06
4107,1.3738714e+06,1.2531438e+06
4107,1.3738714e+06,1.2465234e+06
4107,1.3738714e+06,1.2550228e+06
4107,1.3738714e+06,1.2537951e+06
4107,1.3738714e+06,1.2717972e+06
4108,509136.84,520925.53
4108,509136.84,522496.3
4108,509136.84,525233.94
4108,509136.84,530296.94
4109,382849.5,373269.4
4109,382849.5,389155.06
4109,382849.5,385963.38
4110,730465.6,701717.4
4110,730465.6,715622.0
4111,469829.88,520922.3
4111,469829.88,505843.22
4111,469829.88,517154.75
4111,469829.88,512061.8
4112,935196.1,736050.75
4112,935196.1,745932.44
4112,935196.1,725147.5
4113,777659.75,747762.2
4113,777659.75,781642.4
4114,633105.2,657285.25
4114,633105.2,629577.56
4115,486417.47,473287.6
4115,486417.47,462985.9
4115,486417.47,467163.16
4116,411839.7,312478.7
4116,411839.7,318646.94
4117,900249.3,759520.6
4118,293268.7,254396.61
4118,293268.7,264326.75
4119,223643.3,246455.17
4119,223643.3,242542.11
4120,412985.94,491937.28
4120,412985.94,486098.56
4121,730921.06,717278.0
4121,730921.06,714574.44
4122,729423.75,726815.06
4122,729423.75,728787.4
4123,469751.2,421732.62
4123,469751.2,424651.16
4123,469751.2,423761.2
4123,469751.2,422640.7
4124,394396.56,381737.66
4124,394396.56,397751.12
4125,410607.03,412054.66
4125,410607.03,413138.25
4126,485626.22,518008.38
4126,485626.22,527402.9
4127,1.1672218e+06,1.2052782e+06
4127,1.1672218e+06,1.2038985e+06
4127,1.1672218e+06,1.2054885e+06
4127,1.1672218e+06,1.2028746e+06
4127,1.1672218e+06,1.204913e+06
4127,1.1672218e+06,1.204947e+06
4127,1.1672218e+06,1.2054234e+06
4127,1.1672218e+06,1.202312e+06
4127,1.1672218e+06,1.1975196e+06
4127,1.1672218e+06,1.1983719e+06
4127,1.1672218e+06,1.195125e+06
4127,1.1672218e+06,1.1946042e+06
4127,1.1672218e+06,1.2162484e+06
4128,296336.3,306295.84
4128,296336.3,301702.47
4129,677934.9,648429.56
4129,677934.9,652666.56
4130,283467.28,271979.9
4130,283467.28,278068.2
4130,283467.28,277109.22
4131,362518.44,462317.47
4131,362518.44,455402.1
4132,440169.88,394455.0
4132,440169.88,390020.12
4132,440169.88,404984.06
4132,440169.88,396238.7
4133,669581.1,675950.7
4133,669581.1,671478.1
4133,669581.1,675950.7
4133,669581.1,682137.25
4134,351493.5,375965.94
4134,351493.5,375131.38
4134,351493.5,369452.7
4135,478124.12,426203.5
4135,478124.12,445470.12
4136,823498.7,826078.9
4136,823498.7,830652.0
4136,823498.7,834035.1
4136,823498.7,829485.3
4136,823498.7,827519.5
4136,823498.7,830582.8
4136,823498.7,825641.2
4136,823498.7,822744.75
4136,823498.7,815778.2
4136,823498.7,839617.4
4137,1.0664338e+06,1.02519406e+06
4137,1.0664338e+06,1.0252508e+06
4137,1.0664338e+06,1.0237199e+06
4137,1.0664338e+06,1.0313768e+06
4137,1.0664338e+06,1.0208532e+06
4137,1.0664338e+06,1.0292353e+06
4137,1.0664338e+06,1.0572518e+06
4138,428963.38,493866.25
4138,428963.38,504405.5
4138,428963.38,495300.34
4138,428963.38,498765.4
4139,622806.06,720025.8
4139,622806.06,720603.44
4139,622806.06,709704.44
4139,622806.06,721120.56
4139,622806.06,724963.94
4139,622806.06,709571.94
4139,622806.06,716850.7
4139,622806.06,707948.44
4140,545274.06,574198.25
4140,545274.06,573800.6
4140,545274.06,578287.94
4140,545274.06,570235.56
4140,545274.06,565498.2
4141,516634.16,431786.0
4142,610631.56,678165.0
4142,610631.56,683715.1
4142,610631.56,677840.8
4142,610631.56,670697.1
4142,610631.56,680946.2
4143,582303.8,516092.1
4143,582303.8,517793.88
4144,572100.6,641132.4
4144,572100.6,637733.3
4144,572100.6,631509.7
4144,572100.6,634915.5
4144,572100.6,631176.2
4144,572100.6,631232.94
4144,572100.6,631325.3
4145,2.5050552e+06,2.5973562e+06
4145,2.5050552e+06,2.5981235e+06
4146,545232.56,552730.5
4146,545232.56,567646.4
4147,829335.4,795240.6
4147,829335.4,790545.9
4147,829335.4,795141.2
4147,829335.4,802033.06
4147,829335.4,794439.3
4147,829335.4,789907.4
4147,829335.4,791212.9
4147,829335.4,788420.9
4147,829335.4,794151.9
4147,829335.4,802301.8
4148,463269.78,399876.53
4148,463269.78,399738.5
4148,463269.78,427046.12
4149,394655.25,301197.12
4149,394655.25,301817.97
4149,394655.25,308772.56
4150,961263.5,828947.25
4151,777026.25,735268.8
4151,777026.25,737092.8
4151,777026.25,735838.44
4151,777026.25,733611.2
4151,777026.25,738673.0
4151,777026.25,738306.7
4151,777026.25,743521.8
4151,777026.25,737224.6
4151,777026.25,744042.6
4152,501480.34,537480.56
4152,501480.34,536910.1
4152,501480.34,540409.8
4152,501480.34,524372.4
4152,501480.34,535658.4
4152,501480.34,525645.56
4153,1.1925946e+06,1.1721749e+06
4153,1.1925946e+06,1.2001706e+06
4153,1.1925946e+06,1.1714734e+06
4154,341677.38,368124.53
4154,341677.38,367180.25
4155,312396.1,285788.03
4155,312396.1,282042.6
4156,718311.25,658879.1
4156,718311.25,657718.06
4157,414606.34,473783.88
4157,414606.34,462668.66
4157,414606.34,466290.7
4158,718811.8,748716.0
4158,718811.8,741369.7
4158,718811.8,750749.6
4158,718811.8,747128.7
4158,718811.8,740500.2
4158,718811.8,752587.6
4158,718811.8,745343.94
4159,690136.56,686017.4
4159,690136.56,685996.75
4160,437334.72,468739.38
4160,437334.72,482696.56
4160,437334.72,481299.4
4160,437334.72,485780.8
4161,513350.88,589185.2
4161,513350.88,586797.6
4161,513350.88,574248.25
4162,424457.16,390039.5
4162,424457.16,395862.16
4163,555284.0,521594.38
4163,555284.0,524715.0
4163,555284.0,524010.34
4164,513402.2,535018.7
4164,513402.2,533955.94
4164,513402.2,525037.4
4165,498906.0,472014.1
4165,498906.0,490686.38
4165,498906.0,461164.88
4166,594820.1,551321.5
4166,594820.1,563225.6
4167,546639.4,535670.8
4167,546639.4,531879.25
4167,546639.4,541414.8
4167,546639.4,536013.4
4168,578394.75,637303.94
4168,578394.75,634590.9
4168,578394.75,636079.4
4168,578394.75,630712.2
4168,578394.75,656682.9
4169,889059.5,882493.3
4169,889059.5,880465.0
4169,889059.5,886295.06
4169,889059.5,880741.75
4169,889059.5,885669.9
4169,889059.5,884378.44
4169,889059.5,880943.1
4169,889059.5,883267.2
4169,889059.5,885097.8
4169,889059.5,885097.8
4169,889059.5,883275.9
4169,889059.5,876149.75
4169,889059.5,878445.4
4169,889059.5,889279.25
4170,621742.75,723503.25
4170,621742.75,732721.4
4171,322718.34,411051.2
4171,322718.34,408485.88
4171,322718.34,416987.66
4172,312046.6,395772.78
4172,312046.6,397345.75
4173,584829.25,624266.0
4173,584829.25,623085.56
4173,584829.25,615339.2
4173,584829.25,611548.94
4173,584829.25,620302.9
4173,584829.25,620934.9
4173,584829.25,608226.06
4174,415641.16,411477.5
4174,415641.16,412840.12
4174,415641.16,416277.2
4174,415641.16,420016.72
4175,495905.03,469019.47
4175,495905.03,466407.72
4176,1.1115532e+06,1.1495419e+06
4176,1.1115532e+06,1.1475286e+06
4176,1.1115532e+06,1.1492594e+06
4176,1.1115532e+06,1.1493449e+06
4176,1.1115532e+06,1.1508446e+06
4176,1.1115532e+06,1.1460095e+06
4176,1.1115532e+06,1.1493175e+06
4176,1.1115532e+06,1.1476811e+06
4176,1.1115532e+06,1.1486902e+06
4177,425404.16,493926.1
4177,425404.16,492616.75
4177,425404.16,494774.47
4177,425404.16,490381.12
4177,425404.16,495428.22
4178,316260.12,321987.34
4178,316260.12,327703.28
4178,316260.12,336309.03
4178,316260.12,327264.03
4179,2.7423265e+06,2.6241055e+06
4179,2.7423265e+06,2.6283168e+06
4180,2.450843e+06,2.5929165e+06
4180,2.450843e+06,2.5885432e+06
4181,378777.97,371976.53
4181,378777.97,369872.12
4182,358486.44,285214.84
4182,358486.44,285981.25
4183,174324.42,246964.95
4183,174324.42,249231.33
4184,662542.44,640239.7
4184,662542.44,643807.6
4184,662542.44,641228.8
4184,662542.44,635946.44
4185,168667.89,175475.92
4185,168667.89,167333.55
4186,253091.83,316021.47
4186,253091.83,318453.25
4187,513780.38,609348.75
4187,513780.38,603502.6
4187,513780.38,599121.1
4187,513780.38,610166.75
4187,513780.38,599614.06
4187,513780.38,599162.3
4187,513780.38,594446.06
4188,556457.06,521547.0
4188,556457.06,494309.4
4189,327247.38,285168.5
4189,327247.38,294411.47
4189,327247.38,289975.78
4190,311141.6,326400.12
4190,311141.6,325373.56
4190,311141.6,334511.34
4191,786337.94,776709.0
4191,786337.94,767829.94
4191,786337.94,768326.56
4191,786337.94,767342.5
4191,786337.94,767947.7
4191,786337.94,776514.9
4191,786337.94,791292.44
4192,223371.89,298339.34
4192,223371.89,302750.38
4193,633121.5,612715.5
4193,633121.5,628727.5
4193,633121.5,624837.94
4194,1.1393661e+06,1.174245e+06
4194,1.1393661e+06,1.2099424e+06
4195,673261.44,588243.4
4195,673261.44,611491.25
4196,582887.06,641539.06
4196,582887.06,624462.2
4197,570008.7,526981.3
4197,570008.7,522804.38
4197,570008.7,525147.06
4197,570008.7,532164.9
4198,268670.84,288509.94
4198,268670.84,297927.16
4198,268670.84,292461.5
4199,1.301823e+06,1.1306205e+06
4199,1.301823e+06,1.1448705e+06
4200,200676.0,260368.27
4200,200676.0,266580.75
4200,200676.0,266614.88
4201,167990.88,174336.11
4201,167990.88,168695.67
4201,167990.88,179297.73
4202,709895.7,769668.3
4202,709895.7,758357.8
4202,709895.7,762502.44
4202,709895.7,765206.06
4202,709895.7,772798.0
4202,709895.7,764946.25
4202,709895.7,766758.9
4202,709895.7,758127.9
4202,709895.7,765528.2
4202,709895.7,772061.5
4203,1.1520765e+06,1.1891121e+06
4203,1.1520765e+06,1.1943069e+06
4204,591016.9,616040.1
4204,591016.9,612589.9
4205,478528.0,578269.7
4205,478528.0,582411.6
4205,478528.0,582018.2
4205,478528.0,578361.25
4205,478528.0,581730.06
4205,478528.0,588064.56
4206,432245.7,491886.44
4207,334086.47,279538.22
4207,334086.47,286733.16
4208,284647.7,255316.11
4208,284647.7,259583.67
4209,808111.4,713780.2
4209,808111.4,700709.7
4209,808111.4,707113.5
4209,808111.4,712663.06
4209,808111.4,690815.4
4210,289017.6,262426.5
4210,289017.6,264099.4
4211,538810.06,495548.06
4211,538810.06,507524.62
4212,278297.8,325303.03
4212,278297.8,325760.44
4213,1.111082e+06,1.094483e+06
4213,1.111082e+06,1.1032492e+06
4213,1.111082e+06,1.0707049e+06
4214,167080.98,245713.73
4214,167080.98,252884.17
4215,703527.2,689728.4
4215,703527.2,671363.2
4216,1.0325644e+06,1.1142905e+06
4216,1.0325644e+06,1.1286974e+06
4217,695963.0,634909.5
4217,695963.0,627238.5
4218,635583.75,747264.4
4218,635583.75,743890.3
4218,635583.75,747338.9
4218,635583.75,742444.2
4218,635583.75,750516.44
4218,635583.75,757279.9
4219,754084.44,665760.6
4219,754084.44,654094.0
4220,484488.56,537016.3
4220,484488.56,555969.1
4221,414462.16,386408.94
4221,414462.16,376545.75
4222,357162.56,298696.7
4222,357162.56,297423.44
4223,214029.67,235494.89
4223,214029.67,242029.73
4224,311193.7,271380.12
4224,311193.7,262434.66
4225,711506.06,640078.4
4225,711506.06,642934.25
4225,711506.06,644659.25
4225,711506.06,647876.06
4225,711506.06,642707.44
4226,925402.8,848376.2
4227,503153.6,437437.62
4228,328298.6,316438.53
4228,328298.6,318193.16
4229,827307.6,801265.75
4229,827307.6,798506.3
4229,827307.6,793117.6
4229,827307.6,802464.25
4229,827307.6,793922.56
4229,827307.6,803545.94
4229,827307.6,795801.44
4230,1.3212011e+06,1.2178922e+06
4230,1.3212011e+06,1.2177111e+06
4230,1.3212011e+06,1.2157085e+06
4230,1.3212011e+06,1.2175095e+06
4230,1.3212011e+06,1.2129454e+06
4230,1.3212011e+06,1.2110398e+06
4230,1.3212011e+06,1.2212875e+06
4230,1.3212011e+06,1.2395705e+06
4231,396978.47,369473.12
4232,303944.5,284539.3
4232,303944.5,280540.12
4233,591607.3,647443.0
4234,1.1501751e+06,1.1141202e+06
4234,1.1501751e+06,1.1534046e+06
4235,519990.2,594629.06
4235,519990.2,592580.4
4236,292238.97,262874.6
4236,292238.97,259802.58
4237,814129.7,785783.8
4237,814129.7,801170.5
4238,273071.4,288356.47
4238,273071.4,292419.62
4238,273071.4,271017.84
4239,349182.9,306821.0
4240,994517.8,1.0554765e+06
4240,994517.8,1.0562235e+06
4240,994517.8,1.0531489e+06
4240,994517.8,1.0547422e+06
4240,994517.8,1.0734161e+06
4240,994517.8,1.074169e+06
4240,994517.8,1.0635952e+06
4240,994517.8,1.0550041e+06
4240,994517.8,1.0680166e+06
4240,994517.8,1.0677449e+06
4240,994517.8,1.0614825e+06
4240,994517.8,1.0773469e+06
4240,994517.8,1.0602851e+06
4240,994517.8,1.0541195e+06
4241,604357.8,592817.3
4241,604357.8,604430.7
4242,925148.75,762885.06
4242,925148.75,759139.5
4242,925148.75,772097.44
4242,925148.75,769376.9
4242,925148.75,773492.3
4242,925148.75,779390.44
4242,925148.75,746614.75
4243,1.2455799e+06,1.309411e+06
4243,1.2455799e+06,1.3102325e+06
4243,1.2455799e+06,1.31748e+06
4243,1.2455799e+06,1.3110579e+06
4243,1.2455799e+06,1.3206614e+06
4243,1.2455799e+06,1.3123606e+06
4243,1.2455799e+06,1.3173736e+06
4243,1.2455799e+06,1.3167082e+06
4243,1.2455799e+06,1.3185788e+06
4243,1.2455799e+06,1.3123652e+06
4244,657344.75,704272.4
4244,657344.75,717811.1
4244,657344.75,711004.0
4244,657344.75,719166.6
4244,657344.75,715702.8
4244,657344.75,724434.0
4244,657344.75,679924.2
4245,2.4743542e+06,2.5460048e+06
4246,1.364186e+06,1.2733822e+06
4246,1.364186e+06,1.2741551e+06
4246,1.364186e+06,1.2738098e+06
4246,1.364186e+06,1.2726221e+06
4246,1.364186e+06,1.2733822e+06
4246,1.364186e+06,1.2729488e+06
4246,1.364186e+06,1.2747778e+06
4246,1.364186e+06,1.2753116e+06
4246,1.364186e+06,1.2584556e+06
4247,352487.16,341279.94
4247,352487.16,339206.9
4248,659569.3,657697.25
4248,659569.3,654350.06
4249,419072.4,477186.25
4249,419072.4,476073.44
4249,419072.4,470017.3
4249,419072.4,473665.6
4249,419072.4,472856.44
4250,490385.4,514693.6
4250,490385.4,501795.94
4251,499520.34,478669.28
4251,499520.34,487074.47
4252,1.0692864e+06,1.0740034e+06
4252,1.0692864e+06,1.0888746e+06
4253,920112.06,906279.9
4253,920112.06,895972.5
4254,542734.94,489377.6
4254,542734.94,515882.34
4255,767064.6,740670.4
4255,767064.6,742872.56
4255,767064.6,744155.5
4255,767064.6,744085.6
4255,767064.6,744455.94
4255,767064.6,745985.5
4255,767064.6,747493.1
4255,767064.6,746888.7
4255,767064.6,748487.4
4255,767064.6,732613.9
4256,331147.28,359415.25
4256,331147.28,380752.94
4257,567851.0,453716.03
4257,567851.0,458006.97
4258,654764.2,599823.9
4258,654764.2,622584.3
4259,438531.75,478722.22
4259,438531.75,471345.38
4260,588320.3,640115.94
4260,588320.3,657030.4
4260,588320.3,642218.2
4261,233389.28,305812.9
4261,233389.28,317075.12
4262,603279.8,590546.06
4262,603279.8,590626.25
4262,603279.8,586632.4
4262,603279.8,587918.5
4262,603279.8,592725.44
4262,603279.8,586468.9
4262,603279.8,588143.3
4262,603279.8,587663.25
4262,603279.8,584172.6
4262,603279.8,582144.3
4263,266120.47,235759.3
4263,266120.47,224452.95
4264,1.2027779e+06,1.1653002e+06
4264,1.2027779e+06,1.163246e+06
4264,1.2027779e+06,1.1747076e+06
4264,1.2027779e+06,1.1796052e+06
4264,1.2027779e+06,1.1768921e+06
4264,1.2027779e+06,1.1787776e+06
4264,1.2027779e+06,1.1699558e+06
4264,1.2027779e+06,1.185007e+06
4264,1.2027779e+06,1.1787782e+06
4264,1.2027779e+06,1.1868159e+06
4264,1.2027779e+06,1.1899266e+06
4265,825388.7,696425.3
4265,825388.7,710992.9
4266,675156.5,707538.4
4266,675156.5,712542.0
4267,959922.75,725105.06
4267,959922.75,730893.5
4267,959922.75,731864.4
4267,959922.75,730417.25
4267,959922.75,727971.94
4267,959922.75,729867.9
4267,959922.75,732619.94
4268,474092.62,453765.53
4268,474092.62,455410.75
4268,474092.62,475219.78
4268,474092.62,459917.72
4269,535653.8,602604.2
4269,535653.8,606995.6
4270,619426.56,617146.75
4270,619426.56,625384.6
4270,619426.56,617884.5
4270,619426.56,621757.9
4270,619426.56,621579.75
4270,619426.56,622578.3
4270,619426.56,621159.5
4270,619426.56,618910.4
4270,619426.56,619042.9
4270,619426.56,618910.4
4270,619426.56,617034.56
4270,619426.56,617034.56
4270,619426.56,618036.94
4271,479761.34,478934.62
4271,479761.34,494052.06
4271,479761.34,460242.44
4272,337956.7,295814.47
4272,337956.7,295792.56
4272,337956.7,297847.06
4273,207875.7,237491.2
4273,207875.7,237713.7
4274,652311.7,676052.44
4274,652311.7,668712.4
4274,652311.7,659945.2
4274,652311.7,693686.5
4275,349355.0,286737.6
4275,349355.0,287507.16
4275,349355.0,288847.66
4275,349355.0,284762.72
4276,465659.0,543604.06
4276,465659.0,547961.25
4276,465659.0,546155.1
4276,465659.0,545551.5
4276,465659.0,543747.0
4276,465659.0,541328.06
4276,465659.0,540843.75
4277,493048.06,546983.1
4277,493048.06,550999.5
4277,493048.06,557481.56
4277,493048.06,555847.94
4277,493048.06,550158.9
4277,493048.06,539901.25
4278,706260.7,717724.3
4278,706260.7,720673.5
4278,706260.7,725429.7
4278,706260.7,725642.3
4278,706260.7,721818.06
4278,706260.7,721240.3
4278,706260.7,705998.5
4278,706260.7,706695.94
4278,706260.7,706981.7
4278,706260.7,701831.25
4279,443156.66,501180.75
4279,443156.66,507783.34
4279,443156.66,497772.6
4279,443156.66,506330.38
4280,871033.8,884970.7
4281,607501.4,624944.7
4281,607501.4,628461.2
4281,607501.4,620792.94
4281,607501.4,629221.9
4282,857462.56,770449.75
4283,292104.53,284699.28
4283,292104.53,290875.84
4284,445059.03,436773.2
4284,445059.03,416975.0
4285,518054.88,510972.0
4285,518054.88,506826.53
4285,518054.88,527140.2
4285,518054.88,521908.56
4286,874256.94,855809.44
4286,874256.94,853768.6
4286,874256.94,857711.06
4286,874256.94,860204.2
4286,874256.94,857154.3
4286,874256.94,853566.4
4286,874256.94,857703.75
4286,874256.94,863633.75
4287,372008.16,303928.75
4288,699781.6,643601.8
4288,699781.6,638606.25
4288,699781.6,645459.75
4288,699781.6,634197.44
4288,699781.6,640126.8
4288,699781.6,634576.75
4289,893467.9,738213.06
4289,893467.9,742605.8
4289,893467.9,746504.56
4289,893467.9,742956.2
4289,893467.9,741313.4
4289,893467.9,760479.2
4290,533888.94,612392.06
4290,533888.94,578653.4
4291,476567.94,478630.47
4291,476567.94,481754.06
4291,476567.94,477306.12
4292,530682.9,470742.2
4292,530682.9,488777.28
4293,680818.25,655210.5
4293,680818.25,678974.7
4294,331474.28,279809.56
4294,331474.28,271283.72
4295,542874.56,591226.0
4295,542874.56,600064.2
4295,542874.56,590155.75
4295,542874.56,587791.56
4296,269384.5,222266.67
4296,269384.5,222023.33
4297,389683.03,373338.38
4297,389683.03,377116.38
4297,389683.03,387446.34
4297,389683.03,366808.53
4298,337614.5,278170.94
4298,337614.5,285236.94
4299,354216.5,369367.84
4299,354216.5,365290.2
4300,1.2189329e+06,1.1858521e+06
4300,1.2189329e+06,1.1923692e+06
4300,1.2189329e+06,1.1819969e+06
4300,1.2189329e+06,1.1933148e+06
4300,1.2189329e+06,1.1856651e+06
4300,1.2189329e+06,1.1862615e+06
4300,1.2189329e+06,1.2019988e+06
4300,1.2189329e+06,1.1767404e+06
4300,1.2189329e+06,1.1899304e+06
4300,1.2189329e+06,1.1923478e+06
4301,324801.0,369992.2
4301,324801.0,367696.88
4301,324801.0,372807.25
4302,617096.44,649584.3
4302,617096.44,645082.4
4302,617096.44,647073.75
4302,617096.44,655091.4
4302,617096.44,649746.4
4302,617096.44,651322.6
4303,741329.3,586272.25
4303,741329.3,590299.75
4304,582802.06,635598.7
4304,582802.06,658113.06
4304,582802.06,643127.6
4305,747953.0,683677.56
4305,747953.0,696481.5
4306,454190.84,472016.2
4306,454190.84,477327.3
4306,454190.84,483233.88
4307,603029.25,584609.9
4307,603029.25,580840.94
4307,603029.25,588146.4
4307,603029.25,581135.3
4307,603029.25,587876.06
4307,603029.25,586475.7
4307,603029.25,593676.8
4308,410218.97,369394.88
4308,410218.97,364814.16
4309,151857.39,181618.11
4309,151857.39,177048.61
4310,947049.7,901191.0
4310,947049.7,916410.7
4310,947049.7,898357.8
4311,767117.44,761118.0
4311,767117.44,763533.4
4311,767117.44,760735.7
4311,767117.44,757008.8
4311,767117.44,759723.3
4311,767117.44,761963.94
4311,767117.44,762601.0
4311,767117.44,754934.5
4311,767117.44,789156.94
4312,832490.5,833045.6
4312,832490.5,830621.4
4312,832490.5,833176.7
4312,832490.5,830205.8
4312,832490.5,830320.06
4312,832490.5,827487.0
4312,832490.5,826395.94
4312,832490.5,829273.06
4313,622771.5,485810.28
4313,622771.5,482442.62
4313,622771.5,485226.94
4313,622771.5,496413.25
4314,842423.44,755746.2
4314,842423.44,758597.06
4314,842423.44,760990.25
4314,842423.44,758615.3
4314,842423.44,757408.0
4314,842423.44,759512.9
4314,842423.44,751847.9
4315,711810.56,765554.8
4316,576336.3,659960.2
4316,576336.3,663474.25
4316,576336.3,660456.8
4316,576336.3,665800.44
4316,576336.3,659893.0
4316,576336.3,657314.8
4316,576336.3,649971.25
4316,576336.3,647847.0
4316,576336.3,648601.94
4316,576336.3,650763.2
4316,576336.3,642826.8
4316,576336.3,660362.1
4317,612536.75,674877.44
4317,612536.75,679433.3
4317,612536.75,666403.75
4317,612536.75,674242.3
4317,612536.75,665109.75
4317,612536.75,664397.6
4317,612536.75,647103.25
4317,612536.75,662542.75
4318,299997.1,376462.62
4318,299997.1,369590.12
4319,468368.16,534471.2
4319,468368.16,515216.47
4320,469650.75,431449.6
4320,469650.75,429100.2
4320,469650.75,431036.28
4321,614792.44,591162.06
4321,614792.44,580266.0
4322,662147.6,598072.6
4322,662147.6,601269.75
4322,662147.6,593210.6
4322,662147.6,616538.7
4322,662147.6,610200.56
4323,320708.97,314127.2
4323,320708.97,310624.44
4324,269150.47,249283.45
4324,269150.47,250259.48
4324,269150.47,252284.39
4325,318673.56,350882.8
4325,318673.56,367848.03
4325,318673.56,366403.62
4325,318673.56,358906.78
4326,800885.44,628911.94
4326,800885.44,625859.3
4326,800885.44,617933.94
4326,800885.44,626785.4
4326,800885.44,619533.56
4326,800885.44,624601.25
4327,566026.06,616595.6
4327,566026.06,608786.56
4327,566026.06,605890.4
4327,566026.06,616996.1
4328,399097.06,382092.0
4328,399097.06,381491.47
4328,399097.06,367424.3
4329,621190.56,659852.3
4329,621190.56,651530.06
4330,337398.0,351759.53
4330,337398.0,351009.06
4330,337398.0,365192.12
4330,337398.0,356828.6
4331,418815.22,391738.0
4331,418815.22,397176.2
4331,418815.22,397786.4
4331,418815.22,382532.97
4331,418815.22,403072.3
4331,418815.22,396857.12
4332,795450.9,742745.5
4332,795450.9,737933.56
4332,795450.9,740737.44
4332,795450.9,741819.4
4332,795450.9,739269.3
4332,795450.9,741819.4
4332,795450.9,738270.94
4332,795450.9,743733.94
4332,795450.9,749115.94
4332,795450.9,744453.3
4332,795450.9,749838.44
4332,795450.9,731374.9
4333,844445.4,672532.75
4333,844445.4,663671.3
4333,844445.4,673844.94
4333,844445.4,659068.2
4333,844445.4,667493.9
4333,844445.4,667459.06
4333,844445.4,674034.25
4333,844445.4,657229.44
4334,607986.8,596404.75
4334,607986.8,594721.06
4334,607986.8,597861.25
4334,607986.8,589654.25
4334,607986.8,593424.4
4334,607986.8,595236.25
4334,607986.8,597861.25
4334,607986.8,577046.5
4335,1.0828345e+06,1.1101381e+06
4335,1.0828345e+06,1.1173824e+06
4336,619657.44,637716.56
4336,619657.44,614790.0
4337,2.7792865e+06,2.6305425e+06
4337,2.7792865e+06,2.623729e+06
4338,526518.2,516038.38
4338,526518.2,516515.84
4338,526518.2,532380.6
4338,526518.2,526975.44
4339,478404.44,466791.75
4339,478404.44,466844.06
4339,478404.44,470244.25
4340,560489.56,623879.6
4340,560489.56,617213.9
4340,560489.56,623399.94
4340,560489.56,620628.44
4340,560489.56,628249.44
4340,560489.56,627138.25
4340,560489.56,628254.0
4340,560489.56,643118.06
4341,725161.06,723765.6
4341,725161.06,725274.75
4341,725161.06,722904.2
4341,725161.06,723651.7
4341,725161.06,729055.7
4341,725161.06,716642.0
4341,725161.06,713889.9
4341,725161.06,706642.1
4341,725161.06,717118.9
4342,435649.72,421856.53
4342,435649.72,417083.22
4343,568578.7,671575.4
4343,568578.7,652462.44
4344,472611.25,509108.47
4344,472611.25,506636.94
4344,472611.25,516176.16
4344,472611.25,508305.47
4344,472611.25,508006.78
4345,299956.22,356193.34
4345,299956.22,352895.8
4345,299956.22,361474.6
4346,822736.0,677582.3
4346,822736.0,677068.56
4347,238360.3,244311.11
4347,238360.3,247638.2
4347,238360.3,237954.27
4348,564646.2,560273.8
4348,564646.2,543362.8
4349,348491.34,383583.47
4349,348491.34,392790.03
4349,348491.34,391944.8
4349,348491.34,387288.12
4349,348491.34,389779.1
4349,348491.34,393698.34
4349,348491.34,394261.2
4350,456539.8,414873.53
4350,456539.8,416916.53
4350,456539.8,415679.9
4350,456539.8,419012.7
4350,456539.8,411862.0
4351,679975.0,706235.9
4351,679975.0,692015.06
4352,162570.23,184699.3
4352,162570.23,191418.67
4352,162570.23,191601.02
4353,2.4306812e+06,2.5747615e+06
4353,2.4306812e+06,2.5734958e+06
4354,245953.5,228078.02
4354,245953.5,228631.48
4355,389209.44,360811.94
4355,389209.44,365934.78
4356,188450.69,285298.22
4356,188450.69,282446.8
4357,588210.3,627699.75
4357,588210.3,623601.5
4357,588210.3,623112.5
4357,588210.3,631172.6
4357,588210.3,625140.75
4358,629464.1,588598.25
4358,629464.1,588957.06
4358,629464.1,588754.4
4358,629464.1,592927.9
4358,629464.1,595223.4
4358,629464.1,592402.7
4358,629464.1,592539.6
4358,629464.1,585798.44
4358,629464.1,603848.94
4359,361621.47,447925.97
4359,361621.47,452745.3
4359,361621.47,446925.3
4360,559276.7,605878.94
4360,559276.7,614106.8
4360,559276.7,610470.9
4360,559276.7,615204.25
4360,559276.7,619051.25
4360,559276.7,634056.56
4361,313394.56,262913.4
4361,313394.56,264606.56
4362,360351.7,289024.4
4362,360351.7,298274.94
4363,308425.0,291317.38
4363,308425.0,299203.22
4364,511742.62,590757.0
4364,511742.62,584698.56
4365,807555.4,740885.5
4365,807555.4,738443.1
4365,807555.4,742904.5
4365,807555.4,744049.94
4365,807555.4,741327.1
4365,807555.4,740302.25
4365,807555.4,743635.25
4365,807555.4,750062.3
4365,807555.4,749631.4
4365,807555.4,750204.2
4365,807555.4,749105.6
4365,807555.4,751794.44
4365,807555.4,750586.44
4366,632543.5,495112.25
4366,632543.5,497298.4
4366,632543.5,503861.6
4366,632543.5,504280.4
4366,632543.5,500484.34
4366,632543.5,500144.25
4366,632543.5,502155.28
4367,415225.6,310004.72
4367,415225.6,310720.72
4367,415225.6,310286.5
4368,628078.25,706195.1
4368,628078.25,708450.7
4368,628078.25,710615.06
4368,628078.25,703934.6
4368,628078.25,710540.94
4368,628078.25,693197.7
4369,389749.53,412889.78
4369,389749.53,414466.03
4369,389749.53,434427.2
4370,177230.81,188439.33
4370,177230.81,193008.89
4371,760257.8,767668.2
4372,519441.38,548125.4
4372,519441.38,558675.25
4372,519441.38,553371.9
4372,519441.38,541162.94
4372,519441.38,548906.44
4372,519441.38,540598.5
4373,645506.6,701442.4
4373,645506.6,712724.75
4374,418922.66,452518.8
4375,830468.6,761893.2
4375,830468.6,768873.5
4375,830468.6,767966.5
4375,830468.6,767087.25
4375,830468.6,763839.4
4375,830468.6,757727.0
4375,830468.6,761482.06
4375,830468.6,762106.1
4375,830468.6,759551.56
4376,626721.1,621178.6
4376,626721.1,609839.4
4377,601773.3,640600.94
4377,601773.3,662606.25
4378,368258.16,440921.22
4378,368258.16,452468.5
4379,363583.94,407986.3
4379,363583.94,399074.62
4379,363583.94,387474.94
4380,467322.66,490146.94
4380,467322.66,488087.8
4380,467322.66,488205.53
4380,467322.66,491480.9
4380,467322.66,516530.38
4381,1.0664228e+06,1.0558288e+06
4381,1.0664228e+06,1.0520379e+06
4381,1.0664228e+06,1.0550542e+06
4381,1.0664228e+06,1.0410542e+06
4381,1.0664228e+06,1.03986706e+06
4381,1.0664228e+06,1.0527118e+06
4382,283501.56,256744.83
4382,283501.56,261001.83
4382,283501.56,260613.92
4383,387864.84,309404.34
4384,479752.8,401848.9
4384,479752.8,404229.16
4384,479752.8,398772.34
4384,479752.8,401343.6
4384,479752.8,417202.0
4385,364119.78,327662.06
4385,364119.78,331417.3
4385,364119.78,329469.94
4386,2.5006375e+06,2.5718088e+06
4386,2.5006375e+06,2.5703812e+06
4387,1.2226444e+06,1.2190665e+06
4387,1.2226444e+06,1.2133599e+06
4388,536511.0,547742.75
4388,536511.0,552625.75
4389,653856.44,764589.0
4389,653856.44,762403.25
4389,653856.44,756066.4
4389,653856.44,764639.56
4389,653856.44,758722.25
4389,653856.44,773537.94
4389,653856.44,765886.06
4389,653856.44,764743.44
4390,527161.75,477407.03
4390,527161.75,477165.94
4391,204745.62,289597.2
4391,204745.62,297481.1
4392,497862.2,421478.56
4393,231387.61,262038.42
4393,231387.61,261716.02
4393,231387.61,268250.12
4394,726198.1,706288.5
4394,726198.1,713003.4
4394,726198.1,706532.7
4394,726198.1,708550.75
4394,726198.1,707281.94
4394,726198.1,683569.9
4395,537713.8,557342.6
4395,537713.8,573661.8
4395,537713.8,551765.2
4396,566828.7,546298.1
4396,566828.7,554326.94
4397,652959.1,604004.2
4397,652959.1,605564.56
4397,652959.1,609983.3
4397,652959.1,612406.56
4397,652959.1,614223.8
4397,652959.1,595815.94
4398,311570.38,269464.06
4398,311570.38,267912.28
4398,311570.38,276330.75
4399,634168.5,645047.44
4399,634168.5,657109.2
4400,780264.6,755619.5
4400,780264.6,750030.2
4400,780264.6,756737.9
4400,780264.6,758709.75
4400,780264.6,752391.7
4400,780264.6,752646.2
4400,780264.6,761479.94
4400,780264.6,756161.44
4400,780264.6,755316.0
4400,780264.6,766124.94
4401,533572.1,616127.8
4401,533572.1,586042.4
4402,361753.72,378784.66
4402,361753.72,373233.03
4402,361753.72,377816.4
4403,502683.9,403965.25
4403,502683.9,403784.56
4404,324431.28,271782.3
4404,324431.28,270724.06
4405,708189.94,599160.75
4405,708189.94,600336.44
4405,708189.94,595405.56
4406,536489.94,449401.1
4406,536489.94,467675.75
4407,621169.56,540425.75
4408,633113.2,532258.6
4408,633113.2,538570.75
4408,633113.2,539785.7
4409,383922.94,407133.3
4409,383922.94,404756.9
4409,383922.94,429495.38
4409,383922.94,414247.4
4410,310535.44,283430.0
4410,310535.44,280423.34
4411,242766.88,251147.2
4411,242766.88,252763.73
4412,680932.2,561298.75
4412,680932.2,563479.44
4412,680932.2,563026.6
4412,680932.2,573090.75
4413,455152.16,421322.6
4413,455152.16,408357.78
4414,282614.22,363433.53
4414,282614.22,349781.53
4415,717926.75,744070.7
4415,717926.75,745780.6
4415,717926.75,745631.2
4415,717926.75,746014.56
4415,717926.75,751042.8
4415,717926.75,749824.4
4416,448280.66,516377.9
4416,448280.66,514246.66
4417,665870.1,722412.1
4417,665870.1,721827.2
4417,665870.1,716559.94
4417,665870.1,717407.7
4417,665870.1,717321.8
4417,665870.1,715400.5
4417,665870.1,711803.0
4418,757756.56,702348.1
4418,757756.56,700885.56
4418,757756.56,704440.1
4418,757756.56,703369.4
4418,757756.56,697731.8
4418,757756.56,697283.44
4419,684031.75,627531.9
4419,684031.75,626047.4
4419,684031.75,629490.6
4419,684031.75,618886.4
4419,684031.75,628171.7
4419,684031.75,621539.56
4419,684031.75,627989.44
4419,684031.75,623911.8
4419,684031.75,623791.25
4419,684031.75,623187.9
4419,684031.75,627707.44
4419,684031.75,633086.25
4420,847074.6,807254.44
4420,847074.6,810242.75
4420,847074.6,823262.7
4420,847074.6,818895.2
4420,847074.6,817335.0
4420,847074.6,816495.56
4420,847074.6,816771.8
4420,847074.6,815286.8
4420,847074.6,812516.94
4420,847074.6,814392.25
4420,847074.6,810931.4
4420,847074.6,816334.44
4421,390501.75,464228.4
4421,390501.75,467850.12
4421,390501.75,461447.03
4421,390501.75,464184.9
4422,308645.7,322717.8
4422,308645.7,332638.88
4422,308645.7,321190.44
4423,659970.8,644131.8
4423,659970.8,636097.2
4423,659970.8,617725.25
4424,2.2838442e+06,2.557628e+06
4424,2.2838442e+06,2.5610682e+06
4425,551097.1,589144.44
4425,551097.1,616597.06
4425,551097.1,578581.25
4426,852644.3,718535.0
4426,852644.3,731021.7
4426,852644.3,728270.0
4426,852644.3,716615.1
4426,852644.3,730685.9
4427,417037.53,400244.8
4427,417037.53,400190.2
4427,417037.53,415248.03
4428,778480.56,740122.94
4428,778480.56,733544.94
4428,778480.56,735114.3
4428,778480.56,730648.8
4428,778480.56,751885.56
4429,340430.84,296883.47
4429,340430.84,294205.47
4429,340430.84,299863.0
4430,217096.83,298053.75
4430,217096.83,297989.4
4430,217096.83,305465.5
4430,217096.83,303332.38
4431,845314.56,684484.8
4431,845314.56,712084.3
4432,759379.3,665572.44
4432,759379.3,666853.3
4433,303610.6,268511.84
4433,303610.6,275216.28
4433,303610.6,271921.44
4434,571740.5,640665.4
4435,589791.6,636220.25
4435,589791.6,636316.0
4435,589791.6,640115.44
4435,589791.6,636841.5
4435,589791.6,638170.75
4435,589791.6,658490.8
4436,531383.1,579872.9
4436,531383.1,579224.56
4437,305037.66,264896.06
4437,305037.66,266009.25
4437,305037.66,272837.84
4438,261663.64,250187.64
4438,261663.64,251722.48
4439,867525.7,827491.2
4439,867525.7,826132.1
4439,867525.7,820988.7
4439,867525.7,820548.94
4439,867525.7,827953.56
4439,867525.7,856523.94
4440,1.3855545e+06,1.3528104e+06
4440,1.3855545e+06,1.3524976e+06
4440,1.3855545e+06,1.3502755e+06
4440,1.3855545e+06,1.353229e+06
4440,1.3855545e+06,1.3532356e+06
4440,1.3855545e+06,1.3726798e+06
4440,1.3855545e+06,1.351775e+06
4440,1.3855545e+06,1.3620259e+06
4440,1.3855545e+06,1.3623919e+06
4440,1.3855545e+06,1.3522375e+06
4440,1.3855545e+06,1.3515278e+06
4440,1.3855545e+06,1.3529056e+06
4440,1.3855545e+06,1.35198e+06
4440,1.3855545e+06,1.3566548e+06
4440,1.3855545e+06,1.3539479e+06
4440,1.3855545e+06,1.3630836e+06
4441,410793.8,405624.34
4441,410793.8,407700.2
4441,410793.8,397510.56
4442,541539.0,569549.2
4442,541539.0,579424.56
4442,541539.0,572994.94
4442,541539.0,580262.9
4442,541539.0,576876.56
4443,236432.8,264811.72
4443,236432.8,263177.25
4443,236432.8,265451.7
4444,659618.8,597983.06
4444,659618.8,622928.6
4444,659618.8,602367.3
4445,535081.6,524456.5
4445,535081.6,530498.75
4446,603220.5,577059.25
4446,603220.5,575453.25
4446,603220.5,582057.9
4446,603220.5,572244.56
4447,2.4667288e+06,2.57954e+06
4447,2.4667288e+06,2.5824318e+06
4448,564703.06,581830.7
4448,564703.06,572753.9
4449,549614.25,592624.4
4449,549614.25,589769.94
4449,549614.25,584469.1
4449,549614.25,611532.25
4450,825782.1,610752.1
4450,825782.1,624250.5
4451,926603.7,912740.2
4451,926603.7,909740.0
4451,926603.7,905144.4
4451,926603.7,908439.8
4451,926603.7,903551.94
4451,926603.7,914798.06
4451,926603.7,914159.8
4451,926603.7,906270.5
4451,926603.7,909647.44
4451,926603.7,900829.75
4451,926603.7,914493.8
4451,926603.7,911084.75
4451,926603.7,906432.0
4452,195225.73,297896.84
4452,195225.73,300164.3
4452,195225.73,301782.44
4453,658945.75,668998.5
4454,372260.2,390223.03
4454,372260.2,379199.66
4455,653861.2,663010.44
4455,653861.2,675880.8
4455,653861.2,632494.8
4456,180115.08,177901.39
4456,180115.08,171865.39
4457,520818.84,578682.1
4457,520818.84,564510.94
4458,652300.8,638621.9
4458,652300.8,634314.9
4458,652300.8,633947.44
4458,652300.8,635280.4
4458,652300.8,628616.94
4458,652300.8,636697.3
4458,652300.8,634482.44
4459,261794.42,247849.52
4459,261794.42,254761.73
4459,261794.42,254282.77
4460,597524.06,669438.0
4460,597524.06,655974.44
4461,406038.84,465436.06
4461,406038.84,481748.88
4461,406038.84,476582.12
4462,1.3783292e+06,1.2879948e+06
4463,668229.5,662272.06
4464,398317.88,317394.6
4464,398317.88,327387.88
4464,398317.88,327398.88
4465,932229.6,968062.06
4465,932229.6,974045.0
4466,622469.1,602308.1
4466,622469.1,607723.4
4466,622469.1,596594.6
4466,622469.1,599477.2
4466,622469.1,610545.56
4466,622469.1,593404.7
4466,622469.1,605576.44
4467,499388.9,449653.66
4467,499388.9,448821.25
4467,499388.9,471827.12
4468,330033.22,282112.03
4468,330033.22,288796.44
4469,401830.75,376190.12
4469,401830.75,375970.2
4469,401830.75,372611.5
4470,784800.25,620417.56
4470,784800.25,615040.06
4471,1.0862971e+06,1.0098078e+06
4471,1.0862971e+06,1.0234749e+06
4471,1.0862971e+06,1.01616125e+06
4471,1.0862971e+06,1.01704906e+06
4471,1.0862971e+06,1.01340275e+06
4471,1.0862971e+06,1.0271331e+06
4471,1.0862971e+06,1.0441033e+06
4472,854736.4,813900.9
4472,854736.4,822198.94
4473,547369.3,570806.4
4473,547369.3,561825.5
4474,754382.7,763681.2
4475,489658.6,523122.28
4475,489658.6,524868.1
4476,642811.56,709034.0
4476,642811.56,726343.1
4476,642811.56,711668.4
4477,585797.7,610765.75
4477,585797.7,611063.25
4477,585797.7,603517.44
4477,585797.7,606441.25
4477,585797.7,603078.94
4477,585797.7,610126.3
4477,585797.7,610388.75
4477,585797.7,595270.5
4477,585797.7,603389.25
4477,585797.7,602453.06
4477,585797.7,600970.6
4477,585797.7,607025.6
4478,1.4137352e+06,1.375494e+06
4479,1.2338351e+06,1.1804642e+06
4479,1.2338351e+06,1.1803094e+06
4480,588701.1,619398.25
4480,588701.1,607434.5
4481,508589.28,566744.3
4481,508589.28,554734.06
4482,410833.5,351508.06
4482,410833.5,350598.12
4483,987609.94,724990.44
4483,987609.94,730343.7
4483,987609.94,726188.0
4483,987609.94,729298.4
4483,987609.94,722868.9
4483,987609.94,729196.56
4483,987609.94,724264.5
4484,721375.9,681369.0
4484,721375.9,681566.8
4484,721375.9,683158.0
4484,721375.9,680061.94
4484,721375.9,675953.8
4484,721375.9,684219.1
4485,549399.56,498288.22
4485,549399.56,498279.06
4485,549399.56,481310.78
4486,674181.06,687862.4
4486,674181.06,674226.94
4486,674181.06,673013.3
4486,674181.06,671469.44
4486,674181.06,682027.5
4486,674181.06,684648.2
4486,674181.06,681833.2
4487,1.0475824e+06,986108.44
4487,1.0475824e+06,974654.3
4487,1.0475824e+06,974722.0
4487,1.0475824e+06,975844.25
4487,1.0475824e+06,982488.6
4487,1.0475824e+06,984596.56
4487,1.0475824e+06,994962.3
4487,1.0475824e+06,994269.3
4487,1.0475824e+06,991806.94
4487,1.0475824e+06,1.0017174e+06
4487,1.0475824e+06,979943.4
4488,255298.33,289620.34
4488,255298.33,292298.0
4488,255298.33,291081.56
4489,253597.25,316360.47
4489,253597.25,318984.28
4490,270529.56,263268.47
4491,515464.6,567963.2
4491,515464.6,563054.1
4491,515464.6,564680.75
4491,515464.6,573444.3
4491,515464.6,564696.4
4491,515464.6,564063.9
4491,515464.6,557832.4
4492,571149.56,685902.3
4492,571149.56,682028.75
4492,571149.56,696750.6
4492,571149.56,705522.8
4492,571149.56,678612.9
4492,571149.56,684014.0
4493,302044.66,277663.72
4493,302044.66,276713.56
4494,220477.98,205098.98
4494,220477.98,210672.39
4494,220477.98,203548.98
4495,702008.06,705709.8
4495,702008.06,710180.5
4496,960175.0,773955.56
4496,960175.0,780163.8
4496,960175.0,783038.56
4496,960175.0,781367.56
4496,960175.0,779410.2
4496,960175.0,789853.2
4496,960175.0,783807.56
4496,960175.0,792987.3
4496,960175.0,784229.06
4496,960175.0,773662.25
4497,258224.1,318967.28
4497,258224.1,323102.47
4497,258224.1,316662.16
4498,918875.0,961328.94
4498,918875.0,961704.25
4498,918875.0,958831.8
4498,918875.0,950450.44
4498,918875.0,954131.56
4498,918875.0,958612.4
4498,918875.0,941838.4
4498,918875.0,958387.9
4498,918875.0,949366.3
4499,457603.88,416911.7
4499,457603.88,416046.22
4499,457603.88,429652.47
4499,457603.88,422370.2
4500,587897.6,625663.06
4500,587897.6,628664.56
4500,587897.6,631885.94
4500,587897.6,635697.25
4500,587897.6,630195.3
4500,587897.6,632097.6
4500,587897.6,635697.25
4500,587897.6,624973.94
4500,587897.6,619432.94
4500,587897.6,621145.9
4500,587897.6,604614.3
4501,377991.06,454920.4
4501,377991.06,449153.3
4501,377991.06,454391.6
4502,599080.8,558547.6
4502,599080.8,560574.5
4502,599080.8,559612.4
4502,599080.8,572896.06
4503,2.792022e+06,2.6175922e+06
4503,2.792022e+06,2.6185495e+06
4503,2.792022e+06,2.605934e+06
4504,1.2361018e+06,1.1957482e+06
4504,1.2361018e+06,1.2331792e+06
4504,1.2361018e+06,1.1943711e+06
4505,276857.2,293841.2
4505,276857.2,304515.72
4505,276857.2,297156.03
4506,271184.66,253935.98
4506,271184.66,259718.17
4507,608219.75,598292.6
4507,608219.75,606644.94
4508,624632.6,611731.7
4508,624632.6,613267.7
4508,624632.6,609316.2
4508,624632.6,610681.3
4509,602504.75,483398.88
4509,602504.75,481766.16
4510,727778.1,703954.5
4510,727778.1,709326.6
4510,727778.1,709770.44
4510,727778.1,706637.75
4510,727778.1,703521.0
4510,727778.1,683081.7
4510,727778.1,691945.94
4511,417265.66,435181.88
4511,417265.66,426221.0
4512,463292.4,466759.38
4512,463292.4,466237.7
4512,463292.4,465769.88
4512,463292.4,461106.62
4513,613557.56,624914.6
4513,613557.56,626337.94
4513,613557.56,613717.06
4513,613557.56,643916.7
4514,904107.0,895569.5
4514,904107.0,916145.9
4514,904107.0,908143.1
4515,844986.2,753166.9
4515,844986.2,747545.5
4516,265760.12,341705.88
4516,265760.12,339348.3
4516,265760.12,356232.2
4516,265760.12,348343.62
4517,323966.5,337442.97
4517,323966.5,334789.53
4517,323966.5,339283.78
4518,325001.06,346314.12
4518,325001.06,354538.16
4518,325001.06,355827.12
4518,325001.06,370904.7
4519,846918.8,855064.06
4519,846918.8,857206.94
4519,846918.8,854613.94
4519,846918.8,856737.44
4519,846918.8,860249.3
4519,846918.8,857326.3
4519,846918.8,869446.7
4520,2.563683e+06,2.6056262e+06
4520,2.563683e+06,2.6005412e+06
4521,754863.9,747417.7
4521,754863.9,748864.3
4521,754863.9,745628.2
4521,754863.9,739166.25
4521,754863.9,744069.4
4521,754863.9,755351.1
4521,754863.9,748078.4
4521,754863.9,768437.7
4522,1.2418436e+06,1.2724825e+06
4522,1.2418436e+06,1.2811699e+06
4523,594371.7,464360.44
4523,594371.7,457040.3
4523,594371.7,459505.94
4523,594371.7,469429.4
4523,594371.7,472205.7
4524,249088.9,246363.23
4524,249088.9,249415.14
4525,401416.66,351655.4
4525,401416.66,351226.22
4525,401416.66,365613.7
4525,401416.66,357538.2
4526,450168.47,348667.1
4526,450168.47,342014.7
4527,366075.8,473101.47
4527,366075.8,482462.3
4527,366075.8,477639.53
4527,366075.8,473133.72
4528,431589.88,512820.22
4528,431589.88,513107.6
4528,431589.88,517707.97
4528,431589.88,526147.9
4529,596105.1,567289.56
4529,596105.1,570869.2
4529,596105.1,576698.1
4529,596105.1,557097.8
4530,498014.56,427318.34
4531,545150.4,594974.56
4531,545150.4,590582.44
4531,545150.4,583150.9
4531,545150.4,580721.06
4532,692261.75,558385.4
4532,692261.75,570287.6
4533,359683.75,356064.44
4533,359683.75,363311.2
4533,359683.75,356243.6
4533,359683.75,363121.25
4534,944487.5,884437.94
4534,944487.5,896134.2
4535,1.253166e+06,1.2262661e+06
4535,1.253166e+06,1.2269724e+06
4535,1.253166e+06,1.2172779e+06
4535,1.253166e+06,1.2252344e+06
4535,1.253166e+06,1.2163236e+06
4535,1.253166e+06,1.2157659e+06
4535,1.253166e+06,1.2245136e+06
4535,1.253166e+06,1.2182212e+06
4536,1.0927799e+06,1.0895574e+06
4536,1.0927799e+06,1.0889269e+06
4536,1.0927799e+06,1.0791739e+06
4536,1.0927799e+06,1.0871249e+06
4536,1.0927799e+06,1.088891e+06
4536,1.0927799e+06,1.0790018e+06
4536,1.0927799e+06,1.099613e+06
4536,1.0927799e+06,1.0953364e+06
4536,1.0927799e+06,1.1124855e+06
4536,1.0927799e+06,1.1096802e+06
4537,405203.03,312133.03
4537,405203.03,308366.94
4537,405203.03,313612.84
4538,894346.9,836940.6
4538,894346.9,818554.5
4539,463853.6,438916.7
4539,463853.6,448147.2
4540,707100.75,747549.8
4541,442513.75,401248.16
4541,442513.75,391914.7
4542,526532.9,522780.44
4542,526532.9,528389.56
4542,526532.9,549333.4
4543,546121.0,486536.22
4543,546121.0,487439.88
4543,546121.0,496747.3
4543,546121.0,499340.2
4544,213243.92,240409.23
4544,213243.92,247438.2
4544,213243.92,236409.61
4545,2.4049225e+06,2.5419028e+06
4546,771628.7,750508.6
4546,771628.7,748661.8
4546,771628.7,748893.25
4546,771628.7,743161.75
4546,771628.7,736741.56
4546,771628.7,713380.56
4547,735005.3,732069.44
4547,735005.3,734963.75
4547,735005.3,735731.25
4547,735005.3,735503.7
4547,735005.3,736999.94
4547,735005.3,728900.25
4547,735005.3,744244.2
4548,396063.66,492973.03
4548,396063.66,479970.88
4549,462816.7,511855.06
4549,462816.7,506404.5
4549,462816.7,510830.22
4550,233668.52,240022.52
4550,233668.52,245281.86
4551,890088.06,735865.75
4551,890088.06,741061.6
4551,890088.06,716182.56
4552,696009.56,663927.1
4552,696009.56,677992.3
4552,696009.56,675993.8
4553,205525.28,210634.39
4553,205525.28,217131.7
4553,205525.28,209111.95
4554,835495.9,796524.25
4554,835495.9,808005.6
4555,718086.6,660392.8
4555,718086.6,667868.2
4555,718086.6,669478.7
4555,718086.6,647314.6
4556,248306.69,327073.84
4556,248306.69,321050.44
4556,248306.69,334393.2
4557,561276.56,660047.94
4557,561276.56,664688.9
4557,561276.56,625342.6
4558,1.0780755e+06,980115.3
4558,1.0780755e+06,1.01293694e+06
4559,383741.2,297717.97
4559,383741.2,311358.3
4560,367660.34,369083.2
4560,367660.34,364170.0
4561,515429.5,500816.88
4561,515429.5,486472.84
4561,515429.5,501624.62
4561,515429.5,520437.3
4562,507203.38,548141.4
4562,507203.38,548413.94
4562,507203.38,553150.1
4562,507203.38,544793.1
4562,507203.38,546141.9
4562,507203.38,561131.9
4563,815437.9,817434.2
4563,815437.9,819238.2
4563,815437.9,819959.75
4563,815437.9,820164.7
4563,815437.9,823513.7
4563,815437.9,820164.7
4563,815437.9,823782.3
4564,718537.56,762138.0
4564,718537.56,761181.3
4564,718537.56,764305.94
4564,718537.56,759727.3
4564,718537.56,764467.3
4564,718537.56,760187.25
4564,718537.56,765486.5
4564,718537.56,757344.7
4564,718537.56,770747.2
4564,718537.56,758284.6
4564,718537.56,765704.94
4564,718537.56,771626.6
4565,395320.0,313685.06
4565,395320.0,322502.16
4566,391675.03,362485.44
4566,391675.03,362906.34
4567,178874.98,195191.2
4568,260309.86,251551.86
4568,260309.86,254061.52
4569,700898.8,698478.6
4569,700898.8,707813.25
4570,431332.28,395620.44
4570,431332.28,395885.62
4571,857490.3,718606.56
4571,857490.3,715036.2
4572,737708.6,692026.06
4572,737708.6,700535.44
4572,737708.6,683020.56
4573,444407.5,413886.75
4573,444407.5,416119.2
4573,444407.5,415532.53
4574,408359.78,370132.62
4574,408359.78,365441.75
4575,2.4027908e+06,2.5882835e+06
4575,2.4027908e+06,2.5773435e+06
4576,609799.1,605229.8
4576,609799.1,603509.9
4576,609799.1,603987.44
4576,609799.1,594089.9
4577,793820.44,631661.44
4577,793820.44,613872.3
4578,605879.56,688321.75
4578,605879.56,697001.5
4578,605879.56,700842.25
4578,605879.56,692239.6
4578,605879.56,694063.3
4578,605879.56,703093.5
4579,619862.8,555447.1
4579,619862.8,566635.2
4579,619862.8,550686.25
4580,396119.44,309890.3
4580,396119.44,309430.38
4580,396119.44,305060.78
4581,541392.56,531561.2
4581,541392.56,540535.94
4581,541392.56,534487.44
4581,541392.56,548336.0
4582,909861.8,915748.06
4582,909861.8,910688.3
4582,909861.8,918703.44
4582,909861.8,912936.25
4582,909861.8,915221.06
4582,909861.8,915739.6
4582,909861.8,913744.06
4582,909861.8,919805.0
4582,909861.8,910400.5
4582,909861.8,910222.25
4582,909861.8,912895.0
4582,909861.8,906428.1
4582,909861.8,906528.0
4583,714361.6,700730.25
4583,714361.6,712475.6
4584,686485.4,611643.5
4584,686485.4,607540.56
4584,686485.4,610778.1
4584,686485.4,608637.0
4584,686485.4,613077.25
4584,686485.4,613922.2
4584,686485.4,612440.7
4584,686485.4,606355.56
4584,686485.4,609555.9
4585,399918.53,340301.5
4585,399918.53,360518.38
4585,399918.53,344814.56
4586,476403.56,515882.75
4586,476403.56,512001.88
4586,476403.56,518350.12
4586,476403.56,516666.25
4586,476403.56,501141.88
4587,313123.38,335926.8
4587,313123.38,363508.34
4588,584715.2,455745.1
4588,584715.2,449643.47
4588,584715.2,450514.97
4588,584715.2,453867.88
4588,584715.2,470881.06
4589,234630.97,306652.16
4589,234630.97,311558.0
4589,234630.97,318085.3
4589,234630.97,314412.0
4590,313335.72,327372.28
4590,313335.72,325813.53
4591,529317.5,496460.12
4591,529317.5,481407.8
4592,522041.7,617871.7
4592,522041.7,617319.8
4593,635984.4,548588.56
4593,635984.4,558494.94
4594,430513.94,388160.97
4594,430513.94,390659.66
4594,430513.94,403235.34
4595,463345.12,467232.88
4595,463345.12,468303.34
4596,547529.25,629789.7
4596,547529.25,604005.7
4597,401450.3,307917.94
4597,401450.3,312105.75
4597,401450.3,314521.72
4597,401450.3,313357.03
4598,588458.4,704555.44
4598,588458.4,728744.25
4599,890907.94,727811.2
4599,890907.94,727523.3
4599,890907.94,723264.8
4599,890907.94,732045.2
4599,890907.94,732894.6
4599,890907.94,733088.5
4599,890907.94,701584.25
4600,673032.56,699630.7
4600,673032.56,702380.0
4601,629405.6,553273.06
4601,629405.6,563000.25
4601,629405.6,540350.0
4602,681813.94,692038.2
4602,681813.94,693466.7
4602,681813.94,691404.3
4602,681813.94,702694.94
4602,681813.94,661858.1
4603,648916.06,663399.44
4603,648916.06,679215.7
4604,317962.88,276668.94
4604,317962.88,268974.56
4604,317962.88,264684.78
4605,610059.44,535587.1
4605,610059.44,531583.0
4605,610059.44,537169.8
4605,610059.44,543584.4
4605,610059.44,549473.8
4606,562269.4,551627.0
4606,562269.4,548637.6
4607,616737.8,677694.2
4607,616737.8,670581.7
4607,616737.8,682175.06
4607,616737.8,675244.2
4607,616737.8,672963.94
4608,394631.9,390360.2
4608,394631.9,396034.8
4609,423419.28,433817.97
4609,423419.28,418106.5
4610,387045.1,361520.2
4610,387045.1,360112.56
4611,527011.56,439380.8
4611,527011.56,447499.03
4612,643044.5,614302.06
4612,643044.5,614302.06
4612,643044.5,614092.2
4612,643044.5,607453.6
4612,643044.5,599893.7
4612,643044.5,615358.75
4613,246346.39,325458.28
4613,246346.39,329098.56
4613,246346.39,326376.0
4614,570931.2,582283.5
4614,570931.2,580401.1
4615,278068.56,261680.89
4615,278068.56,247905.08
4616,471357.66,453054.0
4616,471357.66,448938.5
4617,694568.06,647173.9
4617,694568.06,642987.2
4617,694568.06,644864.1
4617,694568.06,655601.4
4618,354453.3,439248.5
4618,354453.3,457691.62
4618,354453.3,444843.97
4619,674397.9,686410.7
4619,674397.9,685305.5
4619,674397.9,686521.5
4619,674397.9,683888.94
4619,674397.9,692003.94
4619,674397.9,692706.94
4619,674397.9,694543.06
4620,222919.52,292538.72
4620,222919.52,294605.62
4621,562242.9,598075.94
4621,562242.9,601415.94
4622,894534.5,875372.5
4622,894534.5,897326.6
4622,894534.5,894242.56
4622,894534.5,894525.3
4622,894534.5,872603.6
4622,894534.5,880557.3
4622,894534.5,892573.5
4623,869100.5,823785.56
4623,869100.5,816186.94
4624,623096.1,544366.8
4624,623096.1,548941.8
4625,263547.34,277521.88
4625,263547.34,278114.4
4626,590752.5,662246.6
4627,339338.66,293624.5
4627,339338.66,289479.75
4628,729113.6,586313.75
4628,729113.6,595275.8
4629,262657.84,252819.86
4629,262657.84,257435.58
4629,262657.84,244480.67
4630,533870.25,622787.8
4630,533870.25,606388.06
4630,533870.25,622567.44
4630,533870.25,618882.0
4630,533870.25,601459.06
4630,533870.25,607132.9
4630,533870.25,622712.9
4631,1.0138895e+06,1.0025734e+06
4631,1.0138895e+06,1.0049953e+06
4631,1.0138895e+06,992676.5
4631,1.0138895e+06,1.0036088e+06
4631,1.0138895e+06,1.0002605e+06
4631,1.0138895e+06,998517.2
4631,1.0138895e+06,1.00482925e+06
4631,1.0138895e+06,999876.9
4631,1.0138895e+06,998400.1
4631,1.0138895e+06,1.0025242e+06
4631,1.0138895e+06,997350.1
4631,1.0138895e+06,1.00028894e+06
4631,1.0138895e+06,1.0013283e+06
4632,589391.1,595451.3
4632,589391.1,593589.5
4632,589391.1,599088.75
4632,589391.1,599045.0
4632,589391.1,599884.3
4632,589391.1,596791.8
4632,589391.1,585897.7
4632,589391.1,593953.44
4632,589391.1,587123.94
4632,589391.1,587181.5
4633,408504.4,386361.66
4634,452493.0,514281.22
4634,452493.0,511267.75
4635,770666.56,674678.4
4635,770666.56,669875.7
4635,770666.56,682832.7
4635,770666.56,683943.0
4635,770666.56,696680.94
4636,538150.3,548018.8
4636,538150.3,538942.8
4636,538150.3,542015.1
4637,881262.5,851867.06
4637,881262.5,856223.6
4637,881262.5,846887.9
4638,839467.6,780363.4
4639,771618.75,758647.8
4639,771618.75,759012.25
4639,771618.75,763852.44
4639,771618.75,760811.75
4639,771618.75,763756.3
4639,771618.75,756686.8
4639,771618.75,758698.94
4639,771618.75,770210.8
4640,788807.2,729256.25
4640,788807.2,728852.75
4640,788807.2,727786.44
4640,788807.2,734934.9
4640,788807.2,735319.9
4640,788807.2,739634.2
4640,788807.2,731606.9
4640,788807.2,712462.4
4641,696283.1,697715.4
4641,696283.1,697082.1
4642,879511.1,703865.0
4642,879511.1,716220.9
4643,759950.7,698296.1
4643,759950.7,707661.1
4643,759950.7,703820.56
4643,759950.7,697931.25
4643,759950.7,695756.1
4643,759950.7,702957.3
4643,759950.7,697223.6
4643,759950.7,700518.75
4644,421951.34,390222.88
4644,421951.34,386084.78
4645,385276.84,303901.38
4645,385276.84,298924.03
4646,210162.72,233475.83
4646,210162.72,236913.3
4647,814342.06,683144.94
4647,814342.06,703676.3
4648,517991.0,580206.3
4648,517991.0,596000.2
4649,566550.1,549400.75
4649,566550.1,529284.7
4650,261520.22,230793.23
4650,261520.22,225473.77
4651,302769.8,296368.03
4651,302769.8,297826.28
4652,387216.78,310141.75
4652,387216.78,310890.66
4652,387216.78,312245.88
4653,550691.7,642238.44
4653,550691.7,606091.25
4654,651493.7,598061.06
4654,651493.7,603715.06
4654,651493.7,598042.4
4654,651493.7,599587.8
4654,651493.7,602670.8
4654,651493.7,604393.7
4654,651493.7,595839.4
4654,651493.7,598494.9
4654,651493.7,595986.3
4655,773160.9,702008.1
4655,773160.9,715495.44
4656,1.2669188e+06,1.2283359e+06
4656,1.2669188e+06,1.2305919e+06
4656,1.2669188e+06,1.2214076e+06
4656,1.2669188e+06,1.2272918e+06
4656,1.2669188e+06,1.2245136e+06
4656,1.2669188e+06,1.2267282e+06
4656,1.2669188e+06,1.2301015e+06
4656,1.2669188e+06,1.2307411e+06
4656,1.2669188e+06,1.2416265e+06
4656,1.2669188e+06,1.2306708e+06
4656,1.2669188e+06,1.2317098e+06
4656,1.2669188e+06,1.2279976e+06
4657,605597.0,469450.06
4657,605597.0,470042.97
4657,605597.0,467031.12
4657,605597.0,482164.5
4658,551045.44,552683.8
4658,551045.44,554525.25
4659,588433.7,557682.4
4659,588433.7,566871.25
4660,279361.5,300027.9
4660,279361.5,307511.16
4660,279361.5,312150.3
4660,279361.5,309779.44
4661,275421.66,250987.17
4661,275421.66,254183.77
4662,1.0709479e+06,1.0801138e+06
4662,1.0709479e+06,1.03893594e+06
4663,298215.06,257522.89
4663,298215.06,261128.36
4663,298215.06,265200.0
4664,615076.25,593987.06
4664,615076.25,592198.5
4664,615076.25,596206.3
4664,615076.25,597171.4
4664,615076.25,600277.75
4664,615076.25,596097.4
4664,615076.25,592688.8
4664,615076.25,592216.75
4664,615076.25,591820.0
4664,615076.25,604401.1
4665,631808.0,617945.06
4665,631808.0,617182.4
4665,631808.0,625536.94
4665,631808.0,602291.5
4666,476200.3,535227.6
4666,476200.3,533160.44
4666,476200.3,529097.7
4666,476200.3,537327.94
4666,476200.3,521856.38
4667,352568.2,374815.2
4667,352568.2,360789.75
4668,1.198469e+06,1.1890714e+06
4668,1.198469e+06,1.1879188e+06
4669,300771.2,341985.66
4669,300771.2,352464.34
4669,300771.2,339855.25
4669,300771.2,351137.22
4669,300771.2,350775.53
4669,300771.2,354377.12
4670,669769.94,642700.0
4670,669769.94,651497.0
4670,669769.94,640575.06
4670,669769.94,642921.3
4670,669769.94,639381.8
4670,669769.94,650468.75
4670,669769.94,639096.8
4671,476119.06,524791.5
4671,476119.06,532723.94
4671,476119.06,520280.62
4672,409420.16,379448.12
4672,409420.16,382869.88
4672,409420.16,387551.75
4673,659387.4,750449.9
4673,659387.4,744650.9
4673,659387.4,748727.9
4673,659387.4,740811.3
4673,659387.4,751637.0
4673,659387.4,764826.94
4674,389092.56,369619.3
4675,571365.4,546975.8
4675,571365.4,548389.1
4675,571365.4,575390.06
4676,2.5735302e+06,2.6072355e+06
4676,2.5735302e+06,2.6032432e+06
4677,996530.25,951070.2
4677,996530.25,953032.44
4677,996530.25,951147.9
4677,996530.25,961966.75
4677,996530.25,964585.4
4677,996530.25,979097.44
4678,582964.9,546751.25
4678,582964.9,560107.4
4678,582964.9,531079.8
4679,400420.22,381634.47
4679,400420.22,373416.03
4680,314442.62,317761.06
4680,314442.62,313251.97
4681,676045.25,695727.44
4681,676045.25,716852.06
4682,396967.7,495457.3
4682,396967.7,489276.34
4683,328727.3,280425.66
4683,328727.3,288797.53
4684,328706.06,287383.75
4684,328706.06,282136.88
4685,701192.7,717022.56
4685,701192.7,730625.25
4686,290294.34,315966.8
4686,290294.34,307153.62
4687,281759.44,255084.2
4687,281759.44,256678.98
4688,806778.56,700952.8
4688,806778.56,728737.94
4688,806778.56,689194.5
4689,402923.88,356144.5
4689,402923.88,356853.47
4689,402923.88,371832.3
4690,639807.3,552062.0
4690,639807.3,542738.7
4691,229509.55,212752.92
4691,229509.55,215737.48
4691,229509.55,215105.77
4692,512031.47,471084.34
4692,512031.47,468909.94
4692,512031.47,492294.88
4692,512031.47,470946.4
4693,259133.44,253434.64
4693,259133.44,250351.8
4694,345399.1,440928.72
4694,345399.1,437101.2
4694,345399.1,441207.78
4694,345399.1,446489.88
4695,543140.6,453342.72
4695,543140.6,462058.22
4696,587335.25,611146.75
4696,587335.25,616826.3
4696,587335.25,609779.1
4696,587335.25,611060.94
4696,587335.25,616651.9
4696,587335.25,616795.3
4696,587335.25,606311.44
4696,587335.25,606539.2
4696,587335.25,603463.4
4696,587335.25,610723.5
4697,419903.6,313710.88
4697,419903.6,316759.75
4697,419903.6,318358.1
4698,310822.8,264846.97
4698,310822.8,259150.02
4699,296155.97,379549.44
4700,263214.94,255212.08
4700,263214.94,258450.39
4700,263214.94,260626.17
4701,593086.7,538681.7
4701,593086.7,560058.0
4702,2.4608492e+06,2.5890682e+06
4702,2.4608492e+06,2.5915492e+06
4703,472782.28,458971.2
4703,472782.28,451977.22
4703,472782.28,475010.8
4703,472782.28,465052.38
4704,1.0064206e+06,933956.9
4704,1.0064206e+06,939917.8
4705,788225.8,684250.25
4705,788225.8,668280.8
4706,475950.22,486104.06
4706,475950.22,503621.12
4707,478859.25,505707.97
4707,478859.25,492627.94
4708,878569.94,752248.5
4708,878569.94,752552.3
4708,878569.94,748020.1
4708,878569.94,736555.75
4708,878569.94,745221.25
4708,878569.94,750732.3
4709,301007.3,265496.6
4709,301007.3,266070.44
4710,492884.53,440821.7
4710,492884.53,444987.2
4710,492884.53,451837.9
4711,644029.25,745926.56
4711,644029.25,731029.9
4711,644029.25,730455.75
4711,644029.25,731389.4
4711,644029.25,739267.56
4711,644029.25,723991.25
4711,644029.25,723754.2
4711,644029.25,724473.5
4711,644029.25,722991.0
4712,237247.8,321042.16
4712,237247.8,316958.8
4712,237247.8,322394.44
4713,241956.84,280482.44
4713,241956.84,276758.0
4714,581240.06,566801.6
4714,581240.06,562365.0
4715,795435.0,795997.4
4715,795435.0,804271.44
4715,795435.0,804249.56
4715,795435.0,793507.6
4715,795435.0,804502.3
4715,795435.0,811972.75
4715,795435.0,810080.56
4715,795435.0,800903.94
4715,795435.0,806827.6
4715,795435.0,805618.6
4715,795435.0,798645.06
4716,583692.0,588435.8
4716,583692.0,597051.8
4717,664898.6,786297.06
4718,455053.44,398929.53
4718,455053.44,398650.8
4718,455053.44,415224.16
4718,455053.44,405043.7
4719,164973.56,282298.38
4719,164973.56,279457.62
4720,778264.56,777201.4
4720,778264.56,765004.2
4721,1.3287108e+06,1.2593208e+06
4721,1.3287108e+06,1.2594075e+06
4721,1.3287108e+06,1.2608564e+06
4721,1.3287108e+06,1.2589772e+06
4721,1.3287108e+06,1.262129e+06
4721,1.3287108e+06,1.2593208e+06
4721,1.3287108e+06,1.26073e+06
4721,1.3287108e+06,1.2615116e+06
4721,1.3287108e+06,1.2562836e+06
4721,1.3287108e+06,1.2490044e+06
4721,1.3287108e+06,1.264982e+06
4721,1.3287108e+06,1.233817e+06
4722,350215.66,270904.53
4722,350215.66,285642.7
4723,624308.6,587094.7
4723,624308.6,588361.6
4724,612318.06,587096.4
4724,612318.06,573425.7
4725,783161.6,700001.0
4725,783161.6,692088.1
4726,668264.06,762931.9
4727,718333.1,746304.25
4728,806343.44,697624.25
4728,806343.44,666801.7
4729,2.4741598e+06,2.6028652e+06
4729,2.4741598e+06,2.5966495e+06
4730,442465.84,505585.34
4730,442465.84,502268.94
4730,442465.84,497665.0
4730,442465.84,500135.88
4730,442465.84,499479.78
4731,735579.9,717283.9
4731,735579.9,713091.75
4731,735579.9,718482.5
4731,735579.9,722487.56
4731,735579.9,716696.56
4731,735579.9,715688.94
4732,206646.98,210848.23
4732,206646.98,216438.73
4733,553338.06,613815.94
4733,553338.06,615084.8
4733,553338.06,618617.44
4733,553338.06,620048.06
4734,582135.0,746516.7
4734,582135.0,745073.8
4734,582135.0,748146.7
4734,582135.0,752061.25
4734,582135.0,749437.75
4734,582135.0,742727.0
4734,582135.0,748006.6
4734,582135.0,751441.4
4734,582135.0,771025.25
4735,434795.72,508147.06
4735,434795.72,508503.2
4735,434795.72,511256.4
4735,434795.72,511065.22
4735,434795.72,498033.53
4735,434795.72,512237.56
4736,581153.44,454258.3
4736,581153.44,453860.56
4736,581153.44,460095.88
4736,581153.44,458312.5
4736,581153.44,466412.12
4736,581153.44,473018.16
4737,445246.5,408199.72
4737,445246.5,394570.62
4738,430527.4,320381.66
4738,430527.4,305407.88
4739,584107.8,572843.1
4739,584107.8,564499.94
4739,584107.8,567738.8
4739,584107.8,578258.06
4739,584107.8,569236.6
4740,802699.2,706659.94
4740,802699.2,694817.75
4740,802699.2,694629.5
4740,802699.2,698398.0
4740,802699.2,697689.7
4740,802699.2,703789.4
4740,802699.2,717221.5
4741,891841.6,862761.1
4741,891841.6,865049.9
4741,891841.6,863336.1
4741,891841.6,864136.06
4741,891841.6,863131.4
4741,891841.6,863961.9
4741,891841.6,864668.9
4741,891841.6,868912.4
4742,310987.22,271396.34
4742,310987.22,267472.38
4743,587991.06,699163.8
4743,587991.06,702153.1
4743,587991.06,708402.3
4743,587991.06,707725.8
4743,587991.06,707087.7
4743,587991.06,706333.7
4743,587991.06,695963.25
4744,353073.8,300842.3
4744,353073.8,294699.03
4745,424565.38,430480.94
4745,424565.38,430527.1
4745,424565.38,437794.4
4745,424565.38,433157.34
4746,440454.34,466449.53
4746,440454.34,467246.66
4746,440454.34,464681.2
4746,440454.34,480651.1
4747,241325.12,235398.58
4747,241325.12,244428.8
4748,438197.1,502844.84
4748,438197.1,502393.47
4749,561972.7,583250.0
4749,561972.7,591127.56
4749,561972.7,588207.94
4750,366989.12,292430.38
4750,366989.12,298362.4
4751,434937.7,434540.94
4751,434937.7,440370.56
4751,434937.7,431067.22
4752,584857.9,552381.9
4752,584857.9,535703.9
4753,697479.56,710601.1
4753,697479.56,724294.94
4754,549220.2,646991.8
4754,549220.2,645891.2
4755,573684.1,640632.9
4755,573684.1,633742.4
4756,650603.5,615349.44
4756,650603.5,622624.6
4757,541999.25,537827.1
4757,541999.25,556244.75
4758,491203.22,569309.3
4759,2.8961825e+06,2.6065772e+06
4759,2.8961825e+06,2.6099012e+06
4760,671498.8,694527.3
4760,671498.8,701514.5
4761,350590.75,304764.0
4762,619896.3,656204.9
4762,619896.3,653414.56
4762,619896.3,661844.06
4762,619896.3,661480.06
4762,619896.3,635408.75
4763,303976.06,372685.16
4764,401398.16,489148.2
4764,401398.16,493814.4
4764,401398.16,492487.53
4764,401398.16,488080.6
4764,401398.16,485970.34
4764,401398.16,492730.4
4765,199161.67,296298.62
4765,199161.67,291726.7
4765,199161.67,303761.03
4765,199161.67,300963.62
4766,765919.94,776034.5
4766,765919.94,792678.4
4767,412291.84,395055.9
4767,412291.84,389161.56
4767,412291.84,392539.97
4768,799519.25,705460.1
4768,799519.25,702042.56
4768,799519.25,703842.1
4768,799519.25,703536.7
4768,799519.25,700055.0
4769,333829.94,307954.06
4770,474548.66,468604.2
4770,474548.66,478087.3
4771,497281.44,553706.94
4771,497281.44,558005.4
4772,825839.94,837039.06
4772,825839.94,828767.5
4772,825839.94,837039.06
4772,825839.94,836751.25
4772,825839.94,831940.8
4772,825839.94,828539.8
4772,825839.94,829273.8
4772,825839.94,830274.8
4772,825839.94,839296.9
4773,502134.28,557256.44
4774,855807.1,846881.5
4774,855807.1,872004.2
4775,687464.4,710834.25
4775,687464.4,715619.8
4776,708377.3,648663.0
4776,708377.3,653059.6
4776,708377.3,650600.06
4776,708377.3,648895.94
4777,215167.58,252588.61
4777,215167.58,258159.11
4777,215167.58,253633.11
4778,779159.56,781856.1
4778,779159.56,786087.75
4779,650526.1,612280.06
4779,650526.1,611029.4
4779,650526.1,604861.06
4779,650526.1,603241.75
4779,650526.1,612059.2
4779,650526.1,607261.44
4779,650526.1,611426.0
4779,650526.1,621895.5
4780,449735.78,428252.3
4780,449735.78,421527.97
4780,449735.78,422508.2
4781,307309.22,280003.3
4782,554004.7,702282.4
4782,554004.7,675726.7
4783,788797.4,762728.7
4783,788797.4,760460.8
4783,788797.4,759502.25
4783,788797.4,760630.75
4783,788797.4,766365.9
4783,788797.4,762447.1
4783,788797.4,753621.6
4783,788797.4,764027.2
4783,788797.4,755841.56
4783,788797.4,778531.0
4784,483884.72,411297.4
4784,483884.72,405959.16
4784,483884.72,408977.75
4784,483884.72,415137.62
4784,483884.72,418100.1
4785,670204.56,573833.2
4785,670204.56,567321.75
4785,670204.56,560701.25
4785,670204.56,558351.4
4786,799489.25,682567.2
4786,799489.25,685195.9
4787,633181.06,711384.8
4787,633181.06,713550.6
4787,633181.06,711101.75
4787,633181.06,714969.75
4787,633181.06,714888.2
4787,633181.06,701444.75
4788,519508.75,463611.12
4788,519508.75,465123.56
4789,317796.06,391408.28
4789,317796.06,383209.7
4790,326971.38,271685.72
4790,326971.38,267591.6
4790,326971.38,271469.1
4790,326971.38,269214.2
4791,481462.0,620529.25
4791,481462.0,594476.2
4792,732696.2,749039.3
4792,732696.2,742914.9
4792,732696.2,744669.9
4792,732696.2,748258.4
4792,732696.2,742361.9
4792,732696.2,745956.44
4792,732696.2,758215.2
4793,591752.3,558212.0
4793,591752.3,537715.7
4794,221566.7,304212.2
4794,221566.7,302432.5
4795,620244.56,623517.2
4795,620244.56,628964.1
4795,620244.56,615117.8
4795,620244.56,617497.7
4795,620244.56,613796.6
4796,564943.25,544775.56
4796,564943.25,534836.4
4797,845395.2,755175.9
4797,845395.2,761271.4
4797,845395.2,759890.4
4797,845395.2,757430.8
4797,845395.2,758845.25
4797,845395.2,755004.2
4797,845395.2,750717.4
4797,845395.2,731909.75
4798,729238.7,701866.75
4798,729238.7,698233.25
4798,729238.7,701668.9
4798,729238.7,700642.25
4798,729238.7,701627.0
4798,729238.7,701741.44
4798,729238.7,683605.75
4799,456393.5,398231.5
4800,547991.1,714965.9
4800,547991.1,724684.06
4800,547991.1,717518.2
4800,547991.1,728633.6
4800,547991.1,735004.1
4801,198929.17,296646.1
4801,198929.17,296223.78
4801,198929.17,306631.5
4801,198929.17,291370.38
4802,579163.9,465967.78
4802,579163.9,462166.56
4802,579163.9,462968.56
4802,579163.9,459869.0
4802,579163.9,460311.75
4802,579163.9,470474.4
4803,332995.88,284193.88
4803,332995.88,285684.12
4804,313207.6,351548.72
4805,545559.6,615160.1
4805,545559.6,606108.0
4805,545559.6,615160.1
4805,545559.6,593841.44
4806,634720.0,637589.06
4806,634720.0,652309.94
4806,634720.0,628668.56
4807,802643.5,670379.3
4807,802643.5,672506.75
4808,2.7243442e+06,2.6079472e+06
4808,2.7243442e+06,2.6064882e+06
4809,592324.8,650032.8
4809,592324.8,650849.0
4810,705079.75,722046.56
4810,705079.75,726996.9
4811,505035.34,459756.0
4811,505035.34,458073.97
4811,505035.34,480451.38
4811,505035.34,452888.4
4812,761063.94,773773.25
4812,761063.94,781876.1
4812,761063.94,767351.06
4813,632310.6,628925.75
4814,2.4978898e+06,2.5604278e+06
4814,2.4978898e+06,2.5612602e+06
4815,434372.2,391168.97
4815,434372.2,397578.34
4815,434372.2,393381.7
4816,627885.6,640078.7
4816,627885.6,638724.3
4816,627885.6,630010.6
4816,627885.6,622637.2
4816,627885.6,627857.3
4816,627885.6,633685.56
4817,816176.9,756735.5
4817,816176.9,745688.5
4817,816176.9,749673.6
4817,816176.9,750361.8
4817,816176.9,741277.25
4817,816176.9,752395.8
4817,816176.9,749827.25
4817,816176.9,743347.5
4818,787203.4,750853.1
4819,282150.03,305759.25
4819,282150.03,309737.03
4819,282150.03,306580.72
4820,255466.25,316521.28
4820,255466.25,322515.75
4821,161242.22,173987.08
4821,161242.22,178538.08
4822,388862.6,479619.4
4822,388862.6,483653.7
4823,662000.5,674910.8
4823,662000.5,669707.0
4823,662000.5,675563.2
4823,662000.5,669545.0
4823,662000.5,663335.5
4823,662000.5,666073.44
4823,662000.5,642333.1
4824,705623.75,705319.56
4824,705623.75,726897.0
4824,705623.75,712918.8
4825,466169.5,515956.06
4825,466169.5,535397.06
4825,466169.5,509583.6
4826,524594.75,532912.6
4827,601187.1,598146.0
4827,601187.1,588353.6
4827,601187.1,589640.56
4827,601187.1,611740.0
4828,651665.8,695200.9
4829,366155.03,355685.56
4829,366155.03,358981.66
4829,366155.03,370353.53
4829,366155.03,363310.34
4830,407903.1,481576.8
4830,407903.1,477054.25
4830,407903.1,472142.5
4830,407903.1,475352.5
4831,569651.75,537542.8
4831,569651.75,528111.06
4832,565236.5,709609.1
4832,565236.5,702859.3
4832,565236.5,706746.8
4832,565236.5,704203.1
4832,565236.5,700191.0
4832,565236.5,709012.25
4832,565236.5,706530.9
4832,565236.5,700649.94
4833,745622.8,731863.3
4833,745622.8,731607.25
4833,745622.8,733172.0
4833,745622.8,736623.75
4833,745622.8,734109.5
4833,745622.8,748306.6
4834,439156.4,412144.72
4834,439156.4,420021.47
4834,439156.4,414481.66
4835,739563.4,728819.8
4835,739563.4,721449.8
4835,739563.4,727203.3
4835,739563.4,727203.3
4835,739563.4,721726.5
4835,739563.4,727462.94
4835,739563.4,710358.6
4835,739563.4,704015.1
4835,739563.4,710358.6
4835,739563.4,724385.0
4836,716209.4,664585.25
4836,716209.4,668164.6
4836,716209.4,669878.1
4836,716209.4,673258.75
4836,716209.4,668407.9
4836,716209.4,681717.25
4836,716209.4,677476.25
4836,716209.4,678092.5
4837,727313.94,653489.94
4837,727313.94,679881.75
4838,550014.25,652124.4
4838,550014.25,647849.3
4839,586939.8,649671.75
4839,586939.8,631626.6
4840,919909.7,713500.1
4840,919909.7,734743.4
4841,563231.5,653256.94
4841,563231.5,641055.0
4842,553554.5,661003.3
4842,553554.5,632759.06
4843,893047.56,843614.6
4843,893047.56,836752.7
4844,361359.88,455171.3
4844,361359.88,456493.16
4845,348448.0,287453.16
4845,348448.0,295729.03
4846,597786.94,543769.5
4846,597786.94,536364.5
4847,772331.1,726096.6
4847,772331.1,727449.8
4848,579890.7,547456.3
4848,579890.7,553066.44
4848,579890.7,545662.75
4848,579890.7,565876.44
4849,185834.89,277464.38
4849,185834.89,276289.97
4850,380863.34,372789.53
4850,380863.34,370879.94
4851,504600.88,425889.25
4852,735037.75,733196.1
4852,735037.75,735391.5
4852,735037.75,727939.0
4852,735037.75,737634.1
4852,735037.75,748635.0
4852,735037.75,744377.3
4852,735037.75,749682.9
4852,735037.75,734554.75
4853,654883.0,704481.5
4853,654883.0,721914.75
4854,504587.53,449643.12
4854,504587.53,455824.5
4854,504587.53,451284.84
4855,313143.94,279793.8
4855,313143.94,293966.38
4855,313143.94,288267.62
4856,531406.4,559559.44
4856,531406.4,552305.1
4856,531406.4,562603.6
4856,531406.4,557968.6
4856,531406.4,557304.2
4857,1.1981111e+06,1.149503e+06
4857,1.1981111e+06,1.1488195e+06
4857,1.1981111e+06,1.1478225e+06
4857,1.1981111e+06,1.1489832e+06
4857,1.1981111e+06,1.1462484e+06
4857,1.1981111e+06,1.1500288e+06
4857,1.1981111e+06,1.1716154e+06
4858,2.4260282e+06,2.5781268e+06
4858,2.4260282e+06,2.5752212e+06
4859,586879.7,623127.8
4859,586879.7,623214.25
4859,586879.7,627178.56
4859,586879.7,623011.06
4859,586879.7,609898.3
4860,579035.2,642835.44
4860,579035.2,648089.25
4861,380706.88,383512.8
4861,380706.88,390352.84
4861,380706.88,387127.9
4861,380706.88,385354.66
4861,380706.88,390021.8
4861,380706.88,400024.44
4861,380706.88,404993.38
4862,991234.5,756847.44
4862,991234.5,764080.06
4862,991234.5,758874.44
4862,991234.5,756756.75
4862,991234.5,758647.6
4862,991234.5,758053.1
4862,991234.5,771243.4
4863,730266.6,769287.7
4863,730266.6,766843.44
4863,730266.6,768899.56
4863,730266.6,764025.7
4863,730266.6,762571.8
4863,730266.6,769984.4
4863,730266.6,766606.25
4863,730266.6,766527.4
4863,730266.6,756360.4
4863,730266.6,759555.06
4863,730266.6,773588.56
4864,645424.3,630340.2
4864,645424.3,624744.8
4864,645424.3,635061.44
4864,645424.3,642837.4
4864,645424.3,645673.56
4864,645424.3,618794.44
4865,600681.56,583772.44
4865,600681.56,583772.44
4865,600681.56,587256.9
4865,600681.56,579693.8
4865,600681.56,585712.94
4865,600681.56,585495.44
4865,600681.56,581403.3
4865,600681.56,589423.44
4866,351917.62,294377.2
4866,351917.62,294300.5
4866,351917.62,296501.5
4867,422393.75,373097.78
4867,422393.75,378757.75
4868,646723.06,567547.06
4868,646723.06,555558.0
4869,304016.25,285784.1
4870,616799.6,598187.9
4870,616799.6,606160.56
4870,616799.6,602929.06
4870,616799.6,597206.6
4870,616799.6,603978.7
4870,616799.6,605191.56
4870,616799.6,601294.94
4870,616799.6,599550.0
4870,616799.6,600803.56
4870,616799.6,599287.2
4871,825830.6,787122.75
4872,760770.1,668447.2
4872,760770.1,682724.56
4873,694154.9,767117.6
4873,694154.9,768289.6
4873,694154.9,763485.06
4873,694154.9,768913.5
4873,694154.9,775906.25
4873,694154.9,768555.94
4873,694154.9,767513.2
4873,694154.9,767062.9
4873,694154.9,769382.56
4873,694154.9,759038.3
4873,694154.9,774497.1
4874,475239.34,442547.88
4875,777153.6,725569.8
4875,777153.6,725995.3
4875,777153.6,724107.8
4875,777153.6,726633.3
4875,777153.6,730471.06
4875,777153.6,720801.3
4875,777153.6,720708.8
4875,777153.6,740177.5
4876,626805.6,559874.5
4876,626805.6,558978.5
4877,471176.94,489932.7
4877,471176.94,486547.0
4877,471176.94,498594.7
4878,494646.2,566882.7
4878,494646.2,573907.5
4878,494646.2,575337.2
4878,494646.2,567791.2
4878,494646.2,564986.5
4878,494646.2,567046.4
4878,494646.2,566419.6
4878,494646.2,560424.8
4879,326102.34,300508.9
4880,598152.56,701712.7
4880,598152.56,708645.25
4881,470466.56,405149.16
4881,470466.56,406685.06
4881,470466.56,419622.72
4882,463351.88,431991.16
4882,463351.88,414771.3
4883,149906.1,227491.64
4883,149906.1,224748.55
4884,374093.03,465166.3
4884,374093.03,465729.6
4885,284150.3,299275.12
4885,284150.3,307081.72
4885,284150.3,300119.16
4886,825387.75,824671.06
4886,825387.75,835598.94
4887,183970.42,284708.75
4887,183970.42,285404.75
4887,183970.42,292531.97
4887,183970.42,286884.9
4888,492334.62,460916.9
4888,492334.62,476142.0
4889,286062.56,329610.53
4889,286062.56,329453.9
4889,286062.56,326834.38
4890,309746.25,287210.47
4890,309746.25,281576.34
4891,411763.72,368031.4
4891,411763.72,377256.9
4892,897396.5,890404.56
4892,897396.5,885591.25
4892,897396.5,888498.44
4892,897396.5,888571.75
4892,897396.5,887217.94
4892,897396.5,890652.94
4892,897396.5,890664.94
4892,897396.5,878285.7
4892,897396.5,883848.56
4892,897396.5,869387.06
4892,897396.5,872799.0
4892,897396.5,886834.8
4893,550048.8,550586.44
4893,550048.8,536183.06
4894,375402.9,429310.03
4894,375402.9,429107.9
4894,375402.9,439794.2
4894,375402.9,413479.03
4895,554806.2,641655.9
4895,554806.2,633879.0
4895,554806.2,625510.44
4896,422436.16,369739.5
4896,422436.16,367332.6
4896,422436.16,376088.47
4897,457442.78,524987.94
4897,457442.78,525896.1
4897,457442.78,526507.56
4898,241357.72,246865.39
4898,241357.72,247641.89
4899,2.336003e+06,2.5540288e+06
4899,2.336003e+06,2.5562955e+06
4899,2.336003e+06,2.549962e+06
4900,452968.5,506305.7
4901,361528.84,303830.06
4902,907465.44,762167.9
4902,907465.44,767756.25
4902,907465.44,764940.7
4902,907465.44,758990.75
4902,907465.44,764855.1
4902,907465.44,759663.9
4902,907465.44,757527.7
4902,907465.44,759983.56
4902,907465.44,769898.44
4903,588216.3,713437.2
4903,588216.3,732862.56
4904,237193.89,294348.38
4904,237193.89,298398.1
4905,631477.75,601558.44
4905,631477.75,587191.44
4906,377375.66,306405.88
4907,412178.44,484309.5
4907,412178.44,493127.5
4907,412178.44,487339.8
4908,514859.0,534677.4
4908,514859.0,531151.75
4908,514859.0,550482.5
4909,234980.73,215194.95
4909,234980.73,216669.14
4910,358074.34,286780.06
4910,358074.34,285231.22
4911,600901.56,671769.5
4911,600901.56,659701.5
4911,600901.56,666956.0
4911,600901.56,664007.0
4911,600901.56,652960.0
4912,385967.25,465990.94
4912,385967.25,473329.94
4912,385967.25,462848.7
4913,395280.47,314730.62
4913,395280.47,320141.3
4914,517920.97,610935.1
4914,517920.97,598027.6
4915,530942.8,497357.3
4915,530942.8,493637.4
4916,487864.97,433868.22
4916,487864.97,433159.25
4916,487864.97,442942.75
4917,594689.06,660833.44
4917,594689.06,680032.25
4918,791560.0,702317.56
4918,791560.0,699810.75
4918,791560.0,699877.4
4918,791560.0,700255.9
4918,791560.0,699382.06
4918,791560.0,701416.5
4918,791560.0,689994.2
4919,570753.8,503720.62
4919,570753.8,511232.56
4919,570753.8,510394.88
4920,437309.28,529629.44
4921,309935.7,316802.03
4921,309935.7,320792.2
4922,591508.7,668339.94
4922,591508.7,674510.8
4923,1.0079232e+06,1.00063075e+06
4923,1.0079232e+06,994542.0
4924,521204.2,506419.97
4924,521204.2,503867.47
4924,521204.2,522898.97
4925,439039.03,494131.03
4925,439039.03,490340.38
4925,439039.03,486285.0
4925,439039.03,493962.03
4925,439039.03,495886.25
4926,781304.1,691597.3
4926,781304.1,678055.75
4926,781304.1,684569.1
4926,781304.1,695868.6
4926,781304.1,685946.5
4927,346565.7,338709.94
4927,346565.7,330424.2
4928,438175.88,412420.62
4928,438175.88,403563.56
4929,598769.9,574945.06
4929,598769.9,557680.7
4929,598769.9,567689.1
4929,598769.9,554179.4
4930,400397.5,432291.97
4930,400397.5,435348.8
4930,400397.5,458117.56
4931,559918.2,597367.9
4931,559918.2,599567.25
4931,559918.2,595030.3
4931,559918.2,597220.7
4931,559918.2,602303.06
4931,559918.2,596221.3
4931,559918.2,589250.2
4931,559918.2,590371.06
4931,559918.2,590532.75
4931,559918.2,584492.4
4932,338849.4,375244.9
4932,338849.4,377792.78
4932,338849.4,380565.38
4932,338849.4,366996.53
4933,2.525606e+06,2.6048525e+06
4933,2.525606e+06,2.6059002e+06
4934,428777.56,394450.6
4934,428777.56,393714.7
4935,275698.06,290633.75
4935,275698.06,299183.1
4935,275698.06,297658.94
4936,383244.62,343533.47
4936,383244.62,349924.25
4936,383244.62,348469.44
4937,239657.9,245482.2
4937,239657.9,248544.61
4937,239657.9,247005.7
4938,200362.1,292565.72
4938,200362.1,286188.84
4939,595950.44,471313.47
4939,595950.44,490009.56
4939,595950.44,482950.22
4940,459578.03,522026.16
4940,459578.03,521298.4
4940,459578.03,522240.97
4940,459578.03,521726.34
4941,553886.75,546586.06
4941,553886.75,533171.25
4942,810433.7,697044.56
4942,810433.7,677164.8
4943,632295.9,578957.56
4943,632295.9,584232.56
4943,632295.9,557942.7
4944,294677.7,378500.97
4944,294677.7,378765.22
4944,294677.7,385372.06
4945,454804.7,423551.12
4945,454804.7,429792.3
4945,454804.7,430425.75
4945,454804.7,411999.78
4945,454804.7,419705.94
4945,454804.7,421186.03
4945,454804.7,414021.38
4946,276446.47,332647.0
4946,276446.47,339386.62
4947,776547.9,619279.44
4948,453962.56,525133.44
4948,453962.56,536833.5
4948,453962.56,531858.75
4948,453962.56,529113.06
4948,453962.56,514665.16
4948,453962.56,530053.56
4949,763231.4,756860.56
4949,763231.4,760564.44
4949,763231.4,756548.94
4949,763231.4,749753.0
4949,763231.4,754580.1
4949,763231.4,794784.9
4950,235481.02,244214.77
4950,235481.02,246654.27
4951,210745.53,302512.7
4951,210745.53,302432.34
4951,210745.53,309407.4
4951,210745.53,292999.34
4952,1.2203898e+06,1.2533912e+06
4953,598012.3,559080.75
4953,598012.3,565680.56
4954,552479.75,542216.3
4954,552479.75,551675.56
4955,288643.88,269074.2
4956,540036.4,668611.9
4956,540036.4,653952.94
4956,540036.4,662143.1
4956,540036.4,656806.5
4956,540036.4,649835.2
4957,1.1198599e+06,1.0309051e+06
4957,1.1198599e+06,1.0377439e+06
4957,1.1198599e+06,1.039182e+06
4957,1.1198599e+06,1.0305879e+06
4957,1.1198599e+06,1.0298559e+06
4957,1.1198599e+06,1.0303496e+06
4957,1.1198599e+06,1.03145744e+06
4957,1.1198599e+06,1.0409773e+06
4957,1.1198599e+06,1.04795975e+06
4957,1.1198599e+06,1.04648244e+06
4957,1.1198599e+06,1.0650654e+06
4957,1.1198599e+06,1.04143375e+06
4958,186751.48,281827.47
4958,186751.48,282432.9
4959,548245.56,554619.44
4959,548245.56,548472.3
4959,548245.56,553985.0
4959,548245.56,551344.4
4959,548245.56,547404.8
4960,222257.23,254184.73
4961,258337.3,271019.6
4961,258337.3,277519.06
4962,343366.8,290670.7
4962,343366.8,290230.2
4963,671515.3,602792.94
4963,671515.3,623722.06
4964,217516.14,236350.27
4964,217516.14,245332.58
4965,581658.5,595209.3
4965,581658.5,593537.5
4965,581658.5,592404.06
4965,581658.5,595649.06
4965,581658.5,589616.5
4965,581658.5,593618.56
4965,581658.5,582523.8
4965,581658.5,583997.5
4965,581658.5,581085.94
4965,581658.5,588212.4
4966,584218.0,649545.75
4966,584218.0,637977.6
4967,487264.5,562859.8
4967,487264.5,555047.6
4967,487264.5,562121.9
4967,487264.5,557949.06
4967,487264.5,560720.6
4967,487264.5,557503.3
4967,487264.5,551796.6
4968,703126.5,672759.6
4968,703126.5,670622.5
4968,703126.5,668978.8
4968,703126.5,671271.6
4969,525089.94,446742.47
4969,525089.94,434557.25
4969,525089.94,442313.78
4969,525089.94,443326.9
4969,525089.94,451088.78
4969,525089.94,442974.78
4970,596703.6,629313.8
4970,596703.6,626837.3
4970,596703.6,629472.06
4970,596703.6,631775.0
4970,596703.6,641852.94
4971,576032.8,612727.4
4971,576032.8,616950.0
4971,576032.8,611314.06
4971,576032.8,615453.3
4971,576032.8,620287.2
4971,576032.8,616783.1
4971,576032.8,608615.9
4971,576032.8,605403.8
4971,576032.8,603026.56
4971,576032.8,583480.7
4972,2.787954e+06,2.6245868e+06
4972,2.787954e+06,2.6198e+06
4973,508065.88,462630.78
4973,508065.88,465237.66
4973,508065.88,483324.5
4973,508065.88,473803.75
4974,586222.8,608489.0
4974,586222.8,604093.56
4974,586222.8,605006.5
4974,586222.8,608976.1
4974,586222.8,606063.6
4974,586222.8,610227.94
4974,586222.8,602966.8
4974,586222.8,595414.1
4974,586222.8,594046.9
4974,586222.8,601978.94
4975,804413.75,706904.2
4975,804413.75,715590.9
4975,804413.75,718141.56
4975,804413.75,714901.8
4975,804413.75,719470.25
4975,804413.75,714497.75
4976,661634.56,573019.9
4976,661634.56,567423.1
4976,661634.56,559242.0
4977,635585.5,656674.06
4977,635585.5,661957.4
4978,735105.44,721812.4
4978,735105.44,727374.75
4978,735105.44,715226.56
4979,377071.5,365892.0
4979,377071.5,378863.56
4979,377071.5,381366.8
4980,685982.2,729568.2
4980,685982.2,732004.1
4981,598981.0,629850.0
4981,598981.0,629440.75
4981,598981.0,628353.4
4981,598981.0,647652.56
4982,518237.7,596673.0
4982,518237.7,572842.56
4983,295016.06,297519.25
4983,295016.06,299881.34
4984,442696.16,518893.06
4984,442696.16,521683.2
4985,236679.98,248601.2
4985,236679.98,244615.7
4986,234193.52,218816.05
4986,234193.52,225483.61
4986,234193.52,213381.02
4987,712691.9,773047.3
4988,360386.12,451215.4
4988,360386.12,450126.7
4988,360386.12,461012.3
4989,615369.4,616366.0
4989,615369.4,588633.7
4990,383729.06,403139.28
4990,383729.06,410579.2
4991,542006.94,456115.22
4991,542006.94,468234.78
4991,542006.94,465440.0
4991,542006.94,462702.97
4991,542006.94,470563.47
4991,542006.94,458867.06
4992,279978.16,264285.22
4992,279978.16,264326.62
4992,279978.16,269581.9
4992,279978.16,258634.64
4993,1.1561698e+06,1.1378774e+06
4993,1.1561698e+06,1.1544246e+06
4994,306853.25,274322.66
4994,306853.25,264055.72
4995,632477.9,666010.56
4995,632477.9,655374.0
4996,619666.25,639698.3
4996,619666.25,639208.75
4997,398249.9,460515.53
4997,398249.9,460904.66
4997,398249.9,463491.94
4997,398249.9,461490.0
4998,610055.9,628481.3
4998,610055.9,616108.6
4999,1.245669e+06,1.2251481e+06
4999,1.245669e+06,1.2321556e+06
4999,1.245669e+06,1.234243e+06
4999,1.245669e+06,1.2244526e+06
4999,1.245669e+06,1.2236219e+06
4999,1.245669e+06,1.2317635e+06
4999,1.245669e+06,1.2243614e+06
4999,1.245669e+06,1.2247166e+06
4999,1.245669e+06,1.2174485e+06
4999,1.245669e+06,1.2181862e+06
4999,1.245669e+06,1.2229568e+06
4999,1.245669e+06,1.223443e+06
4999,1.245669e+06,1.223933e+06
4999,1.245669e+06,1.2391869e+06
5000,317699.2,303180.4
5000,317699.2,306795.2
5001,600316.25,687057.06
5002,547995.0,469550.25
5002,547995.0,470053.53
5003,804978.0,765702.94
5003,804978.0,772258.56
5004,187644.16,197003.92
5004,187644.16,190281.36
5005,525737.0,478109.1
5005,525737.0,465023.0
5006,441024.4,491021.34
5007,590052.1,637475.5
5007,590052.1,646406.75
5007,590052.1,651050.1
5007,590052.1,637448.7
5007,590052.1,620355.25
5008,443165.1,423783.25
5008,443165.1,424447.3
5009,1.1974264e+06,1.2603848e+06
5009,1.1974264e+06,1.2328892e+06
5010,560680.25,711102.7
5010,560680.25,689554.7
5010,560680.25,697527.25
5010,560680.25,701858.94
5010,560680.25,699635.94
5010,560680.25,705305.75
5010,560680.25,709287.4
5011,417880.28,368967.84
5011,417880.28,398942.5
5011,417880.28,379546.9
5012,445716.28,418038.5
5012,445716.28,405834.53
5012,445716.28,400360.5
5012,445716.28,400127.12
5012,445716.28,423075.1
5012,445716.28,428067.97
5013,2.3038805e+06,2.552313e+06
5013,2.3038805e+06,2.5481985e+06
5014,479039.44,443362.8
5014,479039.44,433174.28
5015,621433.8,692987.94
5015,621433.8,702390.06
5015,621433.8,694063.3
5015,621433.8,705605.06
5015,621433.8,701060.2
5015,621433.8,702476.5
5016,620647.6,614268.4
5016,620647.6,611524.75
5016,620647.6,610850.8
5016,620647.6,610306.75
5016,620647.6,616469.8
5016,620647.6,610349.06
5016,620647.6,612745.5
5016,620647.6,611190.5
5016,620647.6,614673.25
5016,620647.6,612541.0
5016,620647.6,609507.2
5016,620647.6,609936.75
5016,620647.6,612388.8
5016,620647.6,622681.06
5017,1.232831e+06,1.1824045e+06
5017,1.232831e+06,1.2028251e+06
5018,646866.1,611458.94
5018,646866.1,606117.8
5018,646866.1,608290.0
5019,374413.66,418319.06
5019,374413.66,427574.56
5019,374413.66,417696.28
5019,374413.66,414227.8
5020,571259.44,521473.78
5020,571259.44,530054.0
5021,508902.7,431454.2
5021,508902.7,419422.2
5022,1.0587574e+06,1.03989394e+06
5022,1.0587574e+06,1.0230293e+06
5023,458737.88,525048.1
5023,458737.88,514691.84
5023,458737.88,513823.16
5023,458737.88,518827.66
5023,458737.88,513737.16
5023,458737.88,525720.2
5024,767997.25,721291.8
5024,767997.25,733236.4
5025,611030.3,727137.25
5025,611030.3,712991.1
5026,580792.25,567685.44
5026,580792.25,564270.94
5026,580792.25,564689.94
5026,580792.25,572121.44
5026,580792.25,556400.94
5027,681035.2,699531.9
5027,681035.2,714745.25
5028,571044.5,580061.6
5028,571044.5,604222.7
5028,571044.5,580971.56
5029,503947.75,531425.6
5029,503947.75,516763.62
5030,481093.75,396164.7
5030,481093.75,397192.94
5031,1.0992655e+06,1.174833e+06
5031,1.0992655e+06,1.1935226e+06
5031,1.0992655e+06,1.1731568e+06
5032,337235.0,294098.75
5032,337235.0,293659.44
5032,337235.0,300525.72
5033,856277.56,865957.25
5033,856277.56,865586.06
5033,856277.56,865075.0
5033,856277.56,866614.06
5033,856277.56,871831.94
5033,856277.56,867193.94
5033,856277.56,863552.4
5033,856277.56,866378.06
5033,856277.56,865196.8
5033,856277.56,870307.8
5033,856277.56,869233.5
5033,856277.56,872476.06
5034,737998.56,691739.75
5034,737998.56,709017.0
5035,975225.4,969081.6
5035,975225.4,994303.1
5035,975225.4,971165.75
5035,975225.4,979173.6
5035,975225.4,993832.44
5035,975225.4,970173.56
5035,975225.4,986885.94
5035,975225.4,993648.7
5035,975225.4,987385.56
5036,696257.3,675858.7
5036,696257.3,675640.44
5036,696257.3,675771.2
5036,696257.3,666200.94
5036,696257.3,667791.75
5036,696257.3,673525.5
5036,696257.3,670395.7
5036,696257.3,666644.94
5037,322898.03,324553.38
5037,322898.03,332391.6
5037,322898.03,332551.8
5038,327849.84,278015.88
5038,327849.84,283333.1
5039,567934.8,607013.06
5039,567934.8,604894.7
5039,567934.8,608983.2
5039,567934.8,604908.2
5039,567934.8,606480.2
5040,472148.38,464851.1
5040,472148.38,464519.6
5040,472148.38,483179.9
5041,828094.8,847673.8
5041,828094.8,843167.75
5042,605672.5,531133.25
5042,605672.5,524097.4
5042,605672.5,526747.6
5042,605672.5,532853.4
5042,605672.5,533195.6
5042,605672.5,532327.4
5043,908935.44,877906.5
5043,908935.44,881586.3
5043,908935.44,886420.8
5043,908935.44,885587.0
5043,908935.44,887653.2
5043,908935.44,891794.5
5043,908935.44,886435.5
5043,908935.44,878385.6
5043,908935.44,884033.6
5044,705241.5,674797.1
5044,705241.5,685301.5
5045,2.6445712e+06,2.596618e+06
5045,2.6445712e+06,2.5983722e+06
5046,521212.84,514867.34
5046,521212.84,531194.1
5047,432723.72,507641.3
5047,432723.72,513874.88
5047,432723.72,508866.4
5047,432723.72,515012.7
5047,432723.72,518351.3
5047,432723.72,515041.9
5047,432723.72,510827.72
5048,2.2591098e+06,2.5625272e+06
5048,2.2591098e+06,2.5578462e+06
5049,592595.9,652502.7
5049,592595.9,663219.7
5049,592595.9,632959.44
5050,252743.39,246597.3
5050,252743.39,244652.27
5051,768861.1,823913.6
5052,756690.4,759042.06
5053,641957.94,666743.2
5053,641957.94,665988.5
5053,641957.94,665451.6
5053,641957.94,661372.2
5053,641957.94,646373.7
5054,398158.84,393213.97
5054,398158.84,393605.38
5054,398158.84,410271.28
5055,706320.9,605669.3
5055,706320.9,617100.0
5055,706320.9,619591.2
5055,706320.9,609436.3
5055,706320.9,611727.3
5056,627911.44,668454.2
5056,627911.44,694391.1
5057,1.1115548e+06,1.137826e+06
5057,1.1115548e+06,1.1435708e+06
5057,1.1115548e+06,1.1380852e+06
5057,1.1115548e+06,1.1438432e+06
5057,1.1115548e+06,1.1428558e+06
5057,1.1115548e+06,1.1382541e+06
5057,1.1115548e+06,1.1408252e+06
5058,886047.7,886298.0
5058,886047.7,906029.7
5059,634016.25,661551.2
5059,634016.25,640046.1
5060,400712.88,456209.0
5060,400712.88,446770.22
5060,400712.88,451001.7
5060,400712.88,458234.44
5061,241511.1,248526.48
5061,241511.1,246809.58
5062,612750.0,562906.44
5062,612750.0,586964.9
5063,543049.1,586178.1
5063,543049.1,612706.0
5063,543049.1,569703.8
5064,569973.8,495310.56
5064,569973.8,523374.94
5065,757598.44,765041.94
5065,757598.44,762169.2
5065,757598.44,765429.06
5065,757598.44,761357.7
5065,757598.44,762084.0
5065,757598.44,761123.7
5065,757598.44,760075.7
5065,757598.44,763092.5
5065,757598.44,762905.44
5065,757598.44,780663.1
5066,479382.12,416114.56
5066,479382.12,422791.56
5066,479382.12,411158.66
5066,479382.12,420743.16
5066,479382.12,432700.75
5067,707143.7,684537.3
5067,707143.7,669560.44
5067,707143.7,673564.9
5067,707143.7,673632.94
5067,707143.7,671619.1
5067,707143.7,670732.7
5067,707143.7,681941.7
5068,1.2371241e+06,1.2547882e+06
5068,1.2371241e+06,1.2834892e+06
5069,950129.25,743605.75
5069,950129.25,747029.0
5069,950129.25,741903.3
5069,950129.25,746185.44
5069,950129.25,740755.06
5069,950129.25,748849.7
5069,950129.25,725443.2
5069,950129.25,725672.94
5069,950129.25,733023.2
5069,950129.25,725964.0
5069,950129.25,732067.94
5069,950129.25,719185.44
5070,1.0213911e+06,941152.6
5070,1.0213911e+06,959260.6
5070,1.0213911e+06,932476.5
5071,802570.1,808254.75
5071,802570.1,809582.0
5071,802570.1,804377.7
5071,802570.1,804421.56
5071,802570.1,817672.7
5071,802570.1,810730.4
5071,802570.1,808991.0
5071,802570.1,813375.56
5071,802570.1,805699.6
5071,802570.1,803247.06
5071,802570.1,817127.4
5072,921417.56,857278.6
5072,921417.56,862568.1
5073,572042.9,591938.0
5073,572042.9,584172.3
5074,1.1503778e+06,1.0673819e+06
5074,1.1503778e+06,1.0715336e+06
5075,2.4080195e+06,2.5876925e+06
5075,2.4080195e+06,2.5815642e+06
5076,182513.1,251677.92
5076,182513.1,254441.02
5077,749751.1,685675.44
5077,749751.1,699999.3
5077,749751.1,692633.2
5077,749751.1,682032.0
5077,749751.1,681168.06
5077,749751.1,684050.8
5078,583741.56,599859.8
5078,583741.56,628905.25
5079,435655.53,421591.2
5079,435655.53,416376.47
5079,435655.53,424430.12
5080,578901.8,535257.8
5080,578901.8,535257.8
5080,578901.8,537704.75
5080,578901.8,555022.4
5080,578901.8,555600.2
5081,857510.94,724998.44
5081,857510.94,735584.44
5081,857510.94,709561.2
5082,387512.56,461623.28
5082,387512.56,469323.72
5082,387512.56,461082.34
5083,271605.25,253162.14
5083,271605.25,255585.3
5084,956942.8,856091.0
5084,956942.8,863846.6
5084,956942.8,861309.0
5084,956942.8,866419.7
5084,956942.8,852029.3
5084,956942.8,887900.94
5084,956942.8,890634.56
5084,956942.8,875007.7
5084,956942.8,877468.7
5085,610281.1,649995.4
5085,610281.1,654103.1
5085,610281.1,612083.1
5086,494660.44,400152.4
5087,682236.2,651441.5
5087,682236.2,640778.7
5088,560489.2,549597.6
5088,560489.2,557889.44
5089,494876.0,413018.34
5090,481328.6,452711.5
5090,481328.6,452198.0
5091,483826.9,453463.78
5091,483826.9,446120.56
5091,483826.9,445303.06
5091,483826.9,438989.44
5092,381561.8,300503.3
5092,381561.8,306277.0
5092,381561.8,305771.5
5093,588244.06,627361.94
5093,588244.06,599008.2
5094,603738.8,558718.94
5094,603738.8,560836.0
5094,603738.8,549735.6
5095,648662.8,653129.3
5095,648662.8,649754.0
5095,648662.8,656196.94
5095,648662.8,644926.2
5095,648662.8,659400.4
5095,648662.8,660694.6
5095,648662.8,651915.75
5095,648662.8,656130.56
5096,440147.25,498214.75
5096,440147.25,504496.34
5096,440147.25,491597.03
5097,598612.0,571599.06
5097,598612.0,598591.56
5098,371943.3,358690.6
5098,371943.3,362326.72
5098,371943.3,362751.38
5099,534118.3,558821.8
5099,534118.3,551293.1
5100,688680.0,653290.2
5100,688680.0,678540.25
5100,688680.0,655826.9
5101,442144.4,500358.66
5101,442144.4,507625.44
5101,442144.4,510757.22
5101,442144.4,516298.12
5102,577683.94,619451.9
5102,577683.94,580488.6
5103,634898.6,600753.7
5103,634898.6,608564.8
5104,584991.75,647930.9
5104,584991.75,655674.75
5104,584991.75,640995.3
5104,584991.75,654856.25
5104,584991.75,655400.06
5104,584991.75,629426.2
5105,375317.34,309199.53
5105,375317.34,313644.06
5105,375317.34,308779.94
5106,623159.44,585327.75
5106,623159.44,586589.1
5106,623159.44,591954.56
5106,623159.44,588929.56
5106,623159.44,587623.5
5106,623159.44,586924.1
5106,623159.44,585763.94
5106,623159.44,579691.0
5106,623159.44,579209.94
5107,258235.45,329522.16
5107,258235.45,330042.47
5107,258235.45,328740.9
5108,564250.44,610493.9
5108,564250.44,597679.06
5109,762983.6,788692.9
5110,589382.25,691348.94
5110,589382.25,675237.4
5110,589382.25,678758.4
5110,589382.25,675936.7
5110,589382.25,667649.25
5111,726072.6,726513.5
5111,726072.6,722451.06
5111,726072.6,719902.56
5111,726072.6,718873.5
5111,726072.6,717818.0
5111,726072.6,715914.9
5111,726072.6,728038.2
5112,287554.0,248422.61
5112,287554.0,257794.36
5113,519494.1,602294.4
5113,519494.1,589549.25
5114,664735.94,661358.0
5114,664735.94,635006.75
5115,614292.7,734543.7
5115,614292.7,719814.9
5116,417050.38,414725.12
5116,417050.38,412298.75
5116,417050.38,433274.44
5116,417050.38,417356.62
5117,190038.81,186488.42
5117,190038.81,194949.98
5118,460035.0,457957.28
5118,460035.0,457707.72
5118,460035.0,473607.7
5118,460035.0,464068.78
5119,549590.1,493763.34
5120,363981.53,352925.06
5120,363981.53,354842.6
5120,363981.53,367815.66
5121,735239.3,696379.4
5121,735239.3,691357.0
5122,796066.25,789542.2
5122,796066.25,752350.4
5123,199429.9,239425.58
5123,199429.9,239321.08
5124,552172.56,570897.94
5124,552172.56,590505.0
5124,552172.56,570371.25
5125,801678.06,821801.9
5125,801678.06,825704.44
5125,801678.06,821086.8
5125,801678.06,818264.1
5125,801678.06,827075.56
5125,801678.06,827286.06
5125,801678.06,831224.56
5125,801678.06,826698.75
5125,801678.06,823797.4
5125,801678.06,829517.3
5125,801678.06,826817.0
5125,801678.06,827933.1
5126,386409.7,352598.0
5127,578403.6,662644.8
5127,578403.6,654414.7
5128,222545.52,252704.2
5129,665084.0,645221.4
5129,665084.0,649399.2
5129,665084.0,647532.94
5129,665084.0,650094.6
5130,481100.25,422793.28
5131,578456.5,649088.4
5131,578456.5,627857.4
5132,780569.9,730467.6
5132,780569.9,727962.44
5132,780569.9,735030.7
5132,780569.9,731131.25
5132,780569.9,733434.0
5132,780569.9,732894.3
5132,780569.9,728537.5
5133,472103.94,517369.25
5133,472103.94,522873.72
5134,492738.97,431117.56
5134,492738.97,435860.78
5134,492738.97,442724.28
5135,606064.06,664425.4
5135,606064.06,684190.5
5136,592027.8,547071.4
5136,592027.8,573076.75
5137,394029.03,472242.8
5137,394029.03,473639.7
5138,748604.94,728783.1
5138,748604.94,725745.4
5138,748604.94,742395.7
5138,748604.94,732786.9
5138,748604.94,739979.8
5138,748604.94,729801.6
5138,748604.94,722543.0
5139,442090.16,317198.84
5139,442090.16,318663.0
5140,753452.6,756864.8
5140,753452.6,778610.94
5141,553461.94,536850.2
5141,553461.94,530016.6
5142,607110.4,682145.4
5142,607110.4,670038.3
5143,438448.2,400818.47
5143,438448.2,402562.16
5143,438448.2,413362.78
5144,352413.88,287615.97
5144,352413.88,295308.03
5145,413765.88,307064.4
5145,413765.88,310886.84
5146,1.1155302e+06,1.1583325e+06
5146,1.1155302e+06,1.1227262e+06
5147,300529.4,276243.9
5147,300529.4,274949.38
5147,300529.4,277870.94
5148,575027.25,590075.4
5148,575027.25,606810.25
5148,575027.25,608255.8
5148,575027.25,593370.0
5148,575027.25,604609.9
5149,706530.1,697430.1
5149,706530.1,731266.3
5150,270413.56,291179.66
5150,270413.56,297715.22
5150,270413.56,297395.34
5151,576199.9,640589.1
5151,576199.9,636571.56
5152,886411.8,729893.3
5152,886411.8,726786.75
5152,886411.8,721923.8
5152,886411.8,724847.94
5152,886411.8,730775.9
5152,886411.8,750162.1
5153,700906.0,762689.8
5153,700906.0,763148.7
5153,700906.0,759805.1
5153,700906.0,753319.25
5153,700906.0,762096.25
5153,700906.0,764956.6
5153,700906.0,763625.5
5153,700906.0,762841.8
5153,700906.0,770141.9
5154,810544.6,802371.56
5154,810544.6,819900.6
5155,589212.75,649726.6
5156,523602.38,558461.1
5156,523602.38,554767.1
5156,523602.38,556669.25
5156,523602.38,560179.5
5157,418275.03,428663.6
5157,418275.03,433626.94
5157,418275.03,424791.2
5158,657295.0,506206.78
5158,657295.0,508242.62
5158,657295.0,497388.75
5158,657295.0,505068.47
5158,657295.0,511243.03
5158,657295.0,501527.56
5158,657295.0,505067.75
5159,232651.55,306221.88
5159,232651.55,307246.97
5160,405822.97,407036.94
5160,405822.97,405885.7
5160,405822.97,421965.38
5161,536878.8,555417.9
5161,536878.8,563288.44
5161,536878.8,565619.8
5161,536878.8,561951.5
5161,536878.8,557311.1
5161,536878.8,565117.25
5161,536878.8,562765.6
5161,536878.8,558966.1
5161,536878.8,564200.94
5161,536878.8,542813.56
5162,310466.97,300583.94
5162,310466.97,304986.38
5163,249918.53,274623.97
5163,249918.53,277546.2
5163,249918.53,279399.75
5164,400990.34,365018.75
5164,400990.34,381843.75
5164,400990.34,366780.9
5165,613538.7,576167.6
5165,613538.7,579971.8
5165,613538.7,585183.1
5165,613538.7,606990.1
5166,323508.62,275766.7
5166,323508.62,268873.75
5166,323508.62,264426.75
5167,962941.7,881574.56
5167,962941.7,889832.3
5167,962941.7,889961.2
5167,962941.7,887715.0
5167,962941.7,917535.75
5167,962941.7,905090.5
5167,962941.7,919111.2
5168,399488.78,303733.84
5168,399488.78,305078.75
5168,399488.78,307228.9
5168,399488.78,311677.47
5169,1.0636232e+06,1.1701685e+06
5169,1.0636232e+06,1.1674625e+06
5169,1.0636232e+06,1.1700411e+06
5169,1.0636232e+06,1.1655874e+06
5169,1.0636232e+06,1.1700874e+06
5169,1.0636232e+06,1.1667411e+06
5169,1.0636232e+06,1.1675271e+06
5169,1.0636232e+06,1.1679298e+06
5169,1.0636232e+06,1.1543794e+06
5170,353164.53,450618.6
5170,353164.53,447426.88
5171,746714.8,736075.06
5171,746714.8,736940.06
5171,746714.8,729996.0
5171,746714.8,732599.75
5171,746714.8,737053.9
5171,746714.8,775060.3
5172,570759.56,609231.6
5172,570759.56,610432.2
5172,570759.56,623754.0
5172,570759.56,619940.5
5172,570759.56,624047.94
5173,382283.25,346647.22
5173,382283.25,351804.88
5174,510572.78,462235.53
5174,510572.78,458128.6
5174,510572.78,472895.53
5174,510572.78,461545.4
5175,471793.1,514601.1
5175,471793.1,508426.16
5175,471793.1,522648.72
5175,471793.1,507623.97
5176,823337.0,699498.5
5176,823337.0,719311.2
5177,644490.0,628868.75
5177,644490.0,628420.0
5177,644490.0,638911.06
5177,644490.0,638260.56
5177,644490.0,624889.4
5178,199555.28,266762.12
5178,199555.28,273176.72
5178,199555.28,270056.1
5179,502203.47,538074.2
5180,649278.94,620258.44
5180,649278.94,623023.9
5180,649278.94,619458.2
5180,649278.94,627568.06
5180,649278.94,608957.6
5181,561903.8,562350.75
5181,561903.8,561040.9
5181,561903.8,563560.06
5181,561903.8,554283.9
5181,561903.8,553526.6
5182,599926.06,585479.3
5182,599926.06,582729.4
5183,544941.3,597597.1
5183,544941.3,597972.06
5183,544941.3,596600.9
5183,544941.3,608602.5
5184,634395.1,692987.94
5184,634395.1,688384.56
5184,634395.1,695546.9
5184,634395.1,689103.25
5184,634395.1,695084.2
5184,634395.1,666635.56
5185,604405.56,603682.3
5185,604405.56,598733.3
5185,604405.56,600873.6
5185,604405.56,607797.7
5186,538615.44,490805.25
5186,538615.44,477583.78
5187,764644.7,794929.94
5187,764644.7,815472.9
5188,471237.66,457364.5
5188,471237.66,457857.1
5188,471237.66,480828.38
5188,471237.66,467344.7
5189,343522.78,310300.12
5189,343522.78,293920.03
5190,670570.44,677556.94
5190,670570.44,671566.0
5190,670570.44,667295.5
5190,670570.44,695701.56
5191,537655.2,521432.16
5191,537655.2,513105.38
5191,537655.2,522103.75
5191,537655.2,513109.53
5191,537655.2,508967.53
5191,537655.2,514413.8
5192,901407.5,854059.3
5192,901407.5,845746.0
5193,587447.94,618586.4
5193,587447.94,630902.1
5193,587447.94,609309.0
5194,707497.0,739663.94
5194,707497.0,742467.7
5194,707497.0,746193.3
5194,707497.0,734919.94
5194,707497.0,739047.44
5194,707497.0,737965.1
5194,707497.0,749216.75
5195,684930.8,559607.7
5195,684930.8,557974.7
5196,198364.77,278164.38
5196,198364.77,281121.88
5196,198364.77,279230.94
5197,614237.94,641437.1
5197,614237.94,638153.7
5198,787652.4,728775.8
5198,787652.4,725121.5
5198,787652.4,724212.8
5198,787652.4,721916.6
5198,787652.4,734442.94
5198,787652.4,723849.0
5198,787652.4,736333.25
5199,620292.5,746142.3
5199,620292.5,753511.3
5199,620292.5,749581.25
5199,620292.5,750369.4
5199,620292.5,753561.8
5199,620292.5,776407.5
5200,629102.56,627654.4
5200,629102.56,635449.56
5201,649405.4,604298.25
5201,649405.4,590820.7
5202,1.4796748e+06,1.3313974e+06
5203,668580.56,618201.7
5204,279492.53,362504.5
5204,279492.53,359957.6
5205,580208.9,575410.4
5205,580208.9,566598.56
5205,580208.9,584155.06
5205,580208.9,564481.4
5206,927092.9,887434.5
5206,927092.9,878952.06
5206,927092.9,882985.56
5206,927092.9,888471.2
5206,927092.9,879177.06
5206,927092.9,888938.3
5207,660623.7,678136.6
5207,660623.7,684194.4
5207,660623.7,683230.1
5207,660623.7,673850.06
5207,660623.7,684380.0
5207,660623.7,674051.1
5207,660623.7,675002.0
5207,660623.7,669649.1
5208,595818.6,643145.6
5208,595818.6,638989.7
5208,595818.6,645731.2
5208,595818.6,642867.25
5208,595818.6,642727.1
5208,595818.6,629418.94
5209,550167.75,553328.75
5209,550167.75,553294.06
5210,759992.4,657919.2
5210,759992.4,638959.5
5211,1.2397212e+06,1.2303069e+06
5211,1.2397212e+06,1.2325646e+06
5211,1.2397212e+06,1.2299909e+06
5211,1.2397212e+06,1.2283574e+06
5211,1.2397212e+06,1.2303484e+06
5211,1.2397212e+06,1.223062e+06
5211,1.2397212e+06,1.2307416e+06
5211,1.2397212e+06,1.245866e+06
5212,562895.4,493764.75
5213,937988.56,738326.1
5213,937988.56,718910.56
5214,490730.0,421059.8
5214,490730.0,417841.7
5215,618799.25,630454.3
5215,618799.25,630407.5
5215,618799.25,629947.06
5215,618799.25,636550.75
5215,618799.25,631535.06
5215,618799.25,632043.1
5215,618799.25,632642.3
5215,618799.25,637539.0
5215,618799.25,637531.06
5215,618799.25,630002.3
5215,618799.25,640463.56
5215,618799.25,637769.3
5215,618799.25,635385.3
5215,618799.25,638122.8
5215,618799.25,637199.5
5216,815844.94,767521.06
5217,399960.22,419437.97
5217,399960.22,421057.4
5217,399960.22,434735.53
5218,632459.56,563406.0
5219,461581.94,449692.53
5219,461581.94,454262.66
5219,461581.94,431839.6
5220,691027.94,677621.0
5220,691027.94,689729.2
5221,445563.06,410516.0
5221,445563.06,414388.28
5221,445563.06,414780.34
5222,584955.6,465706.62
5223,527659.5,503589.03
5223,527659.5,485789.25
5224,842859.75,752827.7
5225,529752.44,528903.6
5225,529752.44,521363.3
5225,529752.44,544933.6
5226,432390.8,381209.34
5226,432390.8,380414.94
5226,432390.8,377114.97
5226,432390.8,391714.16
5226,432390.8,391696.97
5226,432390.8,388450.53
5227,423188.75,389400.9
5227,423188.75,387846.44
5228,530235.06,601016.6
5228,530235.06,605156.4
5228,530235.06,602020.25
5228,530235.06,598904.0
5228,530235.06,617287.0
5229,202494.22,261307.39
5229,202494.22,269635.9
5230,821559.44,840808.9
5230,821559.44,819540.5
5231,299295.47,265185.12
5231,299295.47,263558.97
5231,299295.47,268770.84
5231,299295.47,268893.47
5232,596052.56,592159.0
5232,596052.56,609333.7
5233,430752.0,408597.97
5233,430752.0,390751.03
5234,404215.2,360164.94
5234,404215.2,361072.1
5234,404215.2,363453.44
5235,594946.25,649299.7
5235,594946.25,658294.44
5235,594946.25,656558.7
5235,594946.25,652708.5
5235,594946.25,656099.4
5235,594946.25,638753.25
5236,690815.9,714333.8
5236,690815.9,717048.2
5236,690815.9,709969.25
5236,690815.9,712695.94
5236,690815.9,714314.9
5236,690815.9,698203.2
5237,659493.0,736835.3
5237,659493.0,741318.4
5237,659493.0,732738.0
5237,659493.0,737069.44
5237,659493.0,736662.7
5237,659493.0,735519.8
5237,659493.0,729904.6
5237,659493.0,725607.6
5237,659493.0,732087.06
5237,659493.0,750360.94
5238,977490.4,965712.25
5238,977490.4,966790.6
5238,977490.4,963376.4
5238,977490.4,963274.44
5238,977490.4,970659.7
5238,977490.4,963657.75
5238,977490.4,977001.5
5238,977490.4,972512.1
5238,977490.4,974332.6
5238,977490.4,978397.56
5239,2.5709925e+06,2.585522e+06
5239,2.5709925e+06,2.5827798e+06
5240,444987.56,503210.4
5241,487063.88,499176.7
5241,487063.88,517588.06
5242,484932.56,442394.94
5242,484932.56,440816.94
5242,484932.56,463256.5
5242,484932.56,449684.9
5243,873799.06,710363.1
5244,549460.6,599585.7
5244,549460.6,611882.1
5244,549460.6,606901.7
5244,549460.6,599838.56
5244,549460.6,608420.6
5244,549460.6,607215.3
5244,549460.6,608235.06
5244,549460.6,588102.25
5245,509248.56,469859.66
5245,509248.56,470857.03
5246,261153.38,253434.05
5246,261153.38,249868.83
5246,261153.38,255016.33
5246,261153.38,252921.73
5247,772302.5,732638.7
5247,772302.5,748142.6
5248,294175.5,270667.5
5248,294175.5,264543.94
5248,294175.5,270035.6
5249,470453.6,508346.66
5249,470453.6,488691.34
5250,296810.28,255721.11
5250,296810.28,265383.28
5250,296810.28,267138.4
5251,368509.78,478246.12
5251,368509.78,456228.94
5252,692847.3,711824.9
5252,692847.3,705342.75
5253,657804.56,681698.75
5254,910570.2,870920.6
5255,1.3258635e+06,1.2320741e+06
5255,1.3258635e+06,1.2302516e+06
5256,280131.94,274035.94
5256,280131.94,282244.03
5257,667697.94,686064.8
5257,667697.94,675179.44
5258,1.1089661e+06,1.1026585e+06
5258,1.1089661e+06,1.0818994e+06
5259,758000.6,738823.06
5259,758000.6,722247.9
5260,869448.7,858279.06
5261,537504.25,631970.1
5261,537504.25,610280.94
5262,750193.7,693998.56
5262,750193.7,690428.3
5263,351504.84,371390.94
5263,351504.84,372283.2
5263,351504.84,373186.53
5264,557432.6,498570.8
5264,557432.6,499274.62
5265,429385.56,385720.72
5265,429385.56,383387.3
5265,429385.56,396804.94
5265,429385.56,397100.78
5265,429385.56,388603.5
5265,429385.56,386702.28
5266,485277.94,528808.7
5266,485277.94,525817.06
5266,485277.94,522080.88
5266,485277.94,520992.9
5266,485277.94,526516.44
5267,598119.56,553379.3
5267,598119.56,568922.06
5268,858421.94,686716.44
5268,858421.94,712995.3
5269,934575.3,920690.6
5269,934575.3,920821.5
5269,934575.3,910425.1
5269,934575.3,920748.1
5269,934575.3,912086.2
5269,934575.3,910482.6
5269,934575.3,915349.7
5269,934575.3,917083.9
5269,934575.3,911150.9
5269,934575.3,901860.44
5269,934575.3,912144.1
5269,934575.3,917043.1
5270,1.02430244e+06,759439.9
5270,1.02430244e+06,765466.25
5270,1.02430244e+06,765121.6
5270,1.02430244e+06,764196.6
5270,1.02430244e+06,758513.7
5270,1.02430244e+06,755712.8
5270,1.02430244e+06,765422.9
5270,1.02430244e+06,759827.7
5271,400060.5,388756.1
5271,400060.5,379368.66
5272,279510.34,256654.61
5272,279510.34,244331.33
5273,629486.8,665058.3
5273,629486.8,653333.94
5273,629486.8,656834.25
5273,629486.8,662458.4
5273,629486.8,668621.56
5273,629486.8,683317.25
5274,576737.0,667628.1
5274,576737.0,644838.25
5275,2.437338e+06,2.5721325e+06
5275,2.437338e+06,2.5698252e+06
5275,2.437338e+06,2.5628822e+06
5276,224030.66,245181.95
5276,224030.66,249515.11
5276,224030.66,247199.3
5277,211696.27,239730.86
5277,211696.27,239658.77
5278,717204.75,697483.6
5278,717204.75,708504.75
5279,650729.7,682527.1
5279,650729.7,660137.5
5280,555812.6,577977.3
5280,555812.6,586123.44
5280,555812.6,587588.3
5280,555812.6,586403.6
5280,555812.6,585945.8
5280,555812.6,589210.4
5280,555812.6,569459.06
5281,583684.8,662742.94
5281,583684.8,651268.7
5281,583684.8,655442.94
5281,583684.8,658233.56
5281,583684.8,651569.6
5281,583684.8,657813.4
5281,583684.8,649272.4
5281,583684.8,659861.1
5282,861016.56,833271.8
5282,861016.56,824217.3
5283,384127.28,288106.6
5283,384127.28,295293.44
5284,1.02392294e+06,1.0899238e+06
5284,1.02392294e+06,1.1055034e+06
5285,452811.78,531860.1
5285,452811.78,521398.12
5285,452811.78,528114.0
5285,452811.78,522064.7
5285,452811.78,515180.8
5286,519961.22,557309.8
5286,519961.22,583003.9
5287,385495.16,461220.47
5287,385495.16,461243.6
5287,385495.16,456993.16
5287,385495.16,462600.25
5288,668085.4,712040.7
5288,668085.4,726475.25
5289,414854.56,320637.3
5290,984820.1,941640.5
5290,984820.1,948662.1
5290,984820.1,949886.7
5290,984820.1,949686.44
5290,984820.1,949858.4
5290,984820.1,942761.3
5290,984820.1,946518.1
5290,984820.1,951691.7
5291,314888.8,283315.4
5291,314888.8,280087.0
5292,179600.86,283700.1
5292,179600.86,274564.75
5293,633007.56,554802.2
5294,788553.94,742490.56
5294,788553.94,750222.7
5294,788553.94,756488.4
5294,788553.94,744061.94
5294,788553.94,748723.94
5294,788553.94,752282.94
5294,788553.94,727095.5
5295,537139.4,662803.9
5295,537139.4,657840.56
5295,537139.4,655352.56
5295,537139.4,657681.8
5295,537139.4,661771.25
5295,537139.4,656468.5
5295,537139.4,640748.94
5295,537139.4,643794.9
5295,537139.4,649136.94
5295,537139.4,642846.3
5295,537139.4,625239.06
5296,305680.6,352686.3
5296,305680.6,347543.66
5296,305680.6,345413.9
5296,305680.6,361123.06
5297,588491.3,748468.8
5297,588491.3,747885.25
5297,588491.3,740393.0
5297,588491.3,746964.06
5297,588491.3,741970.5
5297,588491.3,751810.3
5297,588491.3,748581.94
5297,588491.3,749883.75
5297,588491.3,762543.06
5298,965061.6,932342.2
5298,965061.6,941175.2
5298,965061.6,930691.2
5298,965061.6,940993.2
5298,965061.6,933134.75
5298,965061.6,933288.9
5298,965061.6,937037.5
5298,965061.6,936483.1
5298,965061.6,933116.75
5298,965061.6,915066.5
5298,965061.6,930496.4
5298,965061.6,934099.25
5298,965061.6,934596.4
5298,965061.6,946693.9
5299,198663.06,235729.3
5299,198663.06,231615.7
5300,852099.56,752147.0
5300,852099.56,757474.44
5300,852099.56,752554.6
5300,852099.56,752799.75
5300,852099.56,745105.44
5300,852099.56,752393.25
5300,852099.56,744540.44
5301,279262.22,326375.4
5301,279262.22,332953.16
5302,294327.0,295422.66
5302,294327.0,296805.25
5303,509557.16,512121.3
5303,509557.16,525857.7
5304,532962.94,450790.44
5304,532962.94,450650.88
5304,532962.94,448175.1
5304,532962.94,462657.28
5305,536660.94,498551.2
5305,536660.94,489633.8
5306,1.2293758e+06,1.2720528e+06
5307,737484.4,738548.7
5307,737484.4,740871.6
5307,737484.4,738852.94
5307,737484.4,741447.3
5307,737484.4,735230.06
5307,737484.4,736740.56
5308,555315.2,577384.6
5308,555315.2,596188.7
5308,555315.2,564894.25
5309,408963.5,355363.1
5309,408963.5,355284.28
5309,408963.5,357934.4
5310,399657.6,455234.16
5311,669713.5,671048.2
5311,669713.5,654060.5
5312,300534.88,251037.61
5312,300534.88,243671.73
5313,1.3930255e+06,1.2447996e+06
5313,1.3930255e+06,1.2434199e+06
5313,1.3930255e+06,1.2400548e+06
5313,1.3930255e+06,1.2405149e+06
5313,1.3930255e+06,1.2418684e+06
5313,1.3930255e+06,1.2440266e+06
5313,1.3930255e+06,1.2384069e+06
5313,1.3930255e+06,1.245064e+06
5313,1.3930255e+06,1.2429274e+06
5313,1.3930255e+06,1.2501476e+06
5313,1.3930255e+06,1.2387539e+06
5313,1.3930255e+06,1.245064e+06
5313,1.3930255e+06,1.2504442e+06
5313,1.3930255e+06,1.263243e+06
5314,625173.75,701142.06
5314,625173.75,715604.1
5315,391548.03,383699.72
5315,391548.03,375929.75
5316,568321.2,612679.8
5316,568321.2,615969.06
5316,568321.2,611037.0
5316,568321.2,612233.8
5316,568321.2,616839.75
5316,568321.2,606120.94
5316,568321.2,602640.7
5316,568321.2,602766.3
5316,568321.2,600479.25
5316,568321.2,603786.06
5317,724822.3,663210.1
5317,724822.3,679228.3
5317,724822.3,666609.0
5317,724822.3,676835.25
5317,724822.3,677284.1
5317,724822.3,682712.7
5318,662480.25,618397.4
5318,662480.25,617309.9
5318,662480.25,611870.06
5318,662480.25,631982.0
5318,662480.25,608520.3
5319,615149.6,598317.25
5319,615149.6,590684.4
5320,357684.7,291385.7
5320,357684.7,289544.62
5321,603958.56,656017.44
5321,603958.56,653068.3
5321,603958.56,658496.5
5321,603958.56,661517.0
5321,603958.56,652127.6
5321,603958.56,647739.3
5321,603958.56,639228.06
5322,1.0929008e+06,1.1359581e+06
5322,1.0929008e+06,1.1492265e+06
5322,1.0929008e+06,1.1186502e+06
5323,316901.25,267557.06
5323,316901.25,269742.03
5324,493401.56,554566.44
5324,493401.56,557446.0
5324,493401.56,554056.06
5324,493401.56,558655.2
5324,493401.56,553554.3
5324,493401.56,553839.06
5324,493401.56,554820.4
5325,924836.25,896598.3
5325,924836.25,893982.4
5325,924836.25,896078.6
5325,924836.25,894170.44
5325,924836.25,896273.44
5325,924836.25,894437.94
5325,924836.25,896085.0
5325,924836.25,879406.9
5325,924836.25,891554.2
5325,924836.25,895424.75
5325,924836.25,891059.9
5325,924836.25,883017.44
5325,924836.25,893101.2
5325,924836.25,885514.94
5326,566017.4,465462.94
5326,566017.4,466028.9
5327,569465.8,533882.1
5327,569465.8,543186.8
5328,869811.25,837729.1
5328,869811.25,830643.3
5328,869811.25,833536.4
5328,869811.25,841912.8
5328,869811.25,842952.5
5328,869811.25,833396.44
5328,869811.25,835095.7
5328,869811.25,841031.06
5328,869811.25,836939.5
5328,869811.25,836960.4
5328,869811.25,828881.8
5328,869811.25,843198.7
5329,555007.8,505044.12
5329,555007.8,501909.75
5330,472931.2,433115.53
5330,472931.2,444630.5
5331,471388.25,520309.3
5331,471388.25,514156.38
5332,609098.7,633607.6
5332,609098.7,629255.94
5332,609098.7,608702.0
5333,2.6446642e+06,2.6242842e+06
5333,2.6446642e+06,2.617604e+06
5334,800631.94,700766.75
5334,800631.94,720817.06
5334,800631.94,688393.56
5335,754980.8,696458.1
5335,754980.8,710028.5
5335,754980.8,711438.44
5335,754980.8,701158.9
5335,754980.8,717508.6
5336,626143.8,591678.0
5336,626143.8,578246.2
5337,906941.06,661949.4
5337,906941.06,645327.1
5338,657924.2,640530.1
5338,657924.2,630706.44
5338,657924.2,632709.4
5338,657924.2,630708.94
5338,657924.2,634446.2
5338,657924.2,634360.56
5338,657924.2,634999.9
5338,657924.2,637089.6
5338,657924.2,635642.3
5338,657924.2,635550.2
5338,657924.2,630736.56
5338,657924.2,633479.2
5338,657924.2,630147.6
5338,657924.2,624362.5
5339,398596.38,379731.28
5339,398596.38,386971.56
5339,398596.38,377705.7
5340,576650.5,591304.75
5340,576650.5,584705.3
5341,418494.4,351427.12
5341,418494.4,347477.16
5342,461952.6,415236.88
5342,461952.6,431310.28
5343,682907.1,760586.06
5343,682907.1,759723.0
5343,682907.1,757840.7
5343,682907.1,759210.94
5343,682907.1,758599.1
5343,682907.1,761218.56
5343,682907.1,763140.1
5343,682907.1,762421.2
5344,609475.9,596991.94
5344,609475.9,597906.06
5344,609475.9,595198.25
5344,609475.9,597699.44
5344,609475.9,601294.5
5345,253773.67,257442.48
5345,253773.67,264016.28
5345,253773.67,257478.92
5346,249947.48,231250.45
5346,249947.48,239810.08
5346,249947.48,230091.7
5347,615703.25,668728.2
5347,615703.25,664312.8
5348,498091.0,510636.28
5348,498091.0,509359.12
5349,758603.0,742610.0
5349,758603.0,739516.75
5349,758603.0,741414.2
5349,758603.0,742270.0
5349,758603.0,741251.3
5349,758603.0,749436.5
5349,758603.0,735033.56
5350,651652.94,605590.56
5350,651652.94,601766.2
5351,189238.0,190256.42
5351,189238.0,198163.89
5352,801867.5,685806.94
5352,801867.5,720324.75
5353,674222.2,589085.56
5353,674222.2,583327.2
5354,570286.25,611647.7
5354,570286.25,615816.8
5354,570286.25,608656.44
5354,570286.25,624154.06
5355,1.00982694e+06,962049.75
5355,1.00982694e+06,974505.1
5356,179415.56,162986.02
5356,179415.56,176760.98
5357,794004.7,854733.94
5358,858824.56,866766.7
5358,858824.56,866090.8
5358,858824.56,863081.06
5358,858824.56,866577.94
5358,858824.56,861202.2
5358,858824.56,866090.8
5358,858824.56,859545.25
5358,858824.56,857042.3
5358,858824.56,862359.9
5358,858824.56,862645.25
5358,858824.56,869868.9
5359,424570.97,448133.75
5359,424570.97,441358.88
5359,424570.97,464480.12
5359,424570.97,446118.4
5360,771789.3,771096.4
5360,771789.3,784491.2
5360,771789.3,771806.5
5361,546747.2,594448.75
5361,546747.2,591690.9
5361,546747.2,591784.8
5361,546747.2,595203.44
5361,546747.2,571747.44
5362,410546.28,378104.0
5362,410546.28,381315.75
5362,410546.28,382979.72
5363,550088.9,607818.7
5363,550088.9,618177.3
5364,512301.2,573782.8
5364,512301.2,572673.06
5365,634110.44,650853.5
5365,634110.44,648117.1
5366,538380.6,532526.8
5366,538380.6,532793.25
5366,538380.6,534509.7
5366,538380.6,533037.7
5367,679100.9,711471.56
5367,679100.9,707761.75
5368,600608.7,557345.75
5368,600608.7,561717.56
5368,600608.7,548067.3
5369,725443.8,764189.6
5369,725443.8,760181.44
5369,725443.8,755708.25
5369,725443.8,759281.0
5369,725443.8,757087.25
5369,725443.8,768959.7
5369,725443.8,757204.06
5369,725443.8,759486.44
5369,725443.8,759071.94
5369,725443.8,762018.1
5369,725443.8,753427.9
5369,725443.8,784128.94
5370,215706.48,304144.1
5370,215706.48,303420.47
5370,215706.48,308632.78
5370,215706.48,299435.84
5371,325655.12,328948.12
5371,325655.12,329123.97
5372,340148.97,419452.94
5373,593308.5,719712.25
5373,593308.5,721582.5
5373,593308.5,716724.0
5373,593308.5,723617.06
5373,593308.5,731825.2
5373,593308.5,721200.75
5373,593308.5,713976.2
5373,593308.5,711949.56
5373,593308.5,710126.06
5374,276819.88,245773.05
5374,276819.88,253723.33
5374,276819.88,251901.8
5375,303445.72,262412.62
5375,303445.72,258759.67
5376,326608.44,377848.78
5376,326608.44,365490.9
5376,326608.44,366678.4
5376,326608.44,374428.3
5376,326608.44,374551.2
5376,326608.44,384386.34
5377,564037.9,618047.8
5377,564037.9,602882.75
5378,467549.1,441744.3
5378,467549.1,444761.6
5378,467549.1,438561.4
5378,467549.1,439346.44
5378,467549.1,449500.66
5379,350591.9,284758.22
5379,350591.9,292181.62
5380,546635.5,641952.7
5380,546635.5,622188.2
5381,597598.6,666490.94
5381,597598.6,663187.1
5381,597598.6,661295.94
5381,597598.6,667408.06
5381,597598.6,673874.5
5381,597598.6,655359.5
5382,237702.84,250772.42
5383,658746.2,627007.9
5383,658746.2,631880.94
5383,658746.2,633813.75
5383,658746.2,623865.44
5383,658746.2,634069.8
5383,658746.2,630594.94
5383,658746.2,627713.6
5383,658746.2,630597.6
5383,658746.2,623492.25
5383,658746.2,625248.75
5383,658746.2,629118.06
5383,658746.2,624137.94
5384,1.04392125e+06,1.112487e+06
5384,1.04392125e+06,1.1356274e+06
5384,1.04392125e+06,1.1254351e+06
5385,386101.16,458278.0
5385,386101.16,469243.4
5386,477351.25,466096.7
5386,477351.25,466988.0
5386,477351.25,471173.0
5387,498543.7,426671.22
5387,498543.7,421358.8
5387,498543.7,436933.1
5388,535853.94,569499.56
5388,535853.94,582477.75
5389,614849.8,629655.3
5390,778998.4,688780.6
5390,778998.4,661253.1
5391,897623.25,700468.5
5391,897623.25,733769.5
5392,940334.5,985311.7
5392,940334.5,994550.94
5393,673439.44,606721.8
5393,673439.44,605672.7
5394,387952.75,324962.25
5394,387952.75,320900.6
5395,696886.94,730380.06
5395,696886.94,730810.1
5395,696886.94,728040.2
5395,696886.94,727110.2
5395,696886.94,734358.94
5395,696886.94,753724.7
5396,516291.44,514071.06
5396,516291.44,512990.12
5396,516291.44,510839.28
5396,516291.44,511964.56
5397,523379.22,548013.2
5397,523379.22,530212.8
5398,363920.56,472972.53
5398,363920.56,484784.97
5399,950250.9,733044.0
5399,950250.9,738862.5
5399,950250.9,735595.56
5399,950250.9,738038.94
5399,950250.9,727881.2
5399,950250.9,730577.8
5400,667140.06,616963.1
5400,667140.06,626526.1
5400,667140.06,627447.4
5400,667140.06,616694.0
5400,667140.06,629702.0
5400,667140.06,621104.0
5400,667140.06,619718.2
5401,810852.9,815731.7
5401,810852.9,815980.2
5401,810852.9,816489.44
5401,810852.9,811913.4
5401,810852.9,813628.4
5401,810852.9,815297.25
5401,810852.9,816709.2
5401,810852.9,824231.56
5402,217847.62,285686.88
5402,217847.62,275216.56
5403,774674.06,743826.8
5403,774674.06,743760.8
5403,774674.06,743359.6
5403,774674.06,740760.7
5403,774674.06,747704.1
5403,774674.06,741532.44
5403,774674.06,740859.5
5403,774674.06,740617.7
5403,774674.06,735357.8
5404,732264.5,586999.56
5404,732264.5,575572.3
5405,751184.56,745105.4
5405,751184.56,750222.1
5406,441378.6,510963.88
5406,441378.6,512492.1
5407,352752.22,456443.7
5407,352752.22,454501.88
5408,599628.1,549116.94
5408,599628.1,554772.56
5408,599628.1,532949.56
5409,614736.06,627163.2
5409,614736.06,620667.06
5409,614736.06,603731.3
5410,1.2658229e+06,1.2342474e+06
5410,1.2658229e+06,1.2576178e+06
5410,1.2658229e+06,1.2220314e+06
5411,711609.56,708684.75
5411,711609.56,716012.0
5412,634005.9,653531.9
5412,634005.9,661649.9
5412,634005.9,661649.9
5412,634005.9,657784.9
5412,634005.9,662402.5
5413,531670.06,566490.5
5413,531670.06,555498.06
5414,492994.75,518051.75
5414,492994.75,529939.7
5415,441343.0,419960.0
5415,441343.0,411398.78
5416,640444.0,615593.2
5416,640444.0,614934.56
5416,640444.0,618482.5
5416,640444.0,617804.25
5416,640444.0,614690.7
5416,640444.0,615882.0
5416,640444.0,613269.3
5416,640444.0,612516.9
5416,640444.0,611028.0
5416,640444.0,612020.6
5416,640444.0,612960.9
5416,640444.0,601878.5
5417,655394.8,617419.44
5417,655394.8,620727.8
5418,519511.03,470313.34
5418,519511.03,467667.8
5419,469862.47,542329.06
5419,469862.47,533897.44
5419,469862.47,540923.6
5419,469862.47,543983.6
5419,469862.47,532931.1
5419,469862.47,541400.94
5419,469862.47,541590.5
5420,643213.06,664817.8
5420,643213.06,688214.25
5420,643213.06,662858.94
5421,333047.62,297868.2
5421,333047.62,297960.75
5421,333047.62,299140.78
5422,2.6738262e+06,2.6185515e+06
5422,2.6738262e+06,2.6191115e+06
5423,467581.47,492347.88
5423,467581.47,492502.25
5424,536557.7,572357.8
5424,536557.7,571801.2
5425,731086.8,743912.2
5425,731086.8,747015.7
5425,731086.8,743924.9
5425,731086.8,744255.06
5425,731086.8,743471.44
5425,731086.8,742276.25
5425,731086.8,745074.44
5425,731086.8,742037.3
5425,731086.8,745382.75
5426,191382.86,285245.28
5426,191382.86,297438.84
5426,191382.86,288560.25
5427,340604.62,352839.66
5427,340604.62,357001.66
5427,340604.62,349536.72
5428,552315.56,563590.6
5428,552315.56,572126.06
5428,552315.56,563520.06
5428,552315.56,561718.6
5429,512536.22,561265.8
5429,512536.22,563785.8
5429,512536.22,569650.2
5429,512536.22,567218.44
5429,512536.22,567288.94
5429,512536.22,566485.7
5429,512536.22,563034.25
5430,410917.3,480836.9
5430,410917.3,478307.7
5431,267060.94,249503.39
5431,267060.94,259062.95
5431,267060.94,255509.2
5432,586853.25,644111.1
5432,586853.25,663776.25
5432,586853.25,648189.94
5433,710431.44,631656.94
5433,710431.44,634451.3
5433,710431.44,637175.06
5433,710431.44,635142.1
5433,710431.44,627762.9
5434,423777.06,451652.44
5434,423777.06,447613.84
5435,580294.8,627853.75
5435,580294.8,626902.1
5435,580294.8,619964.8
5435,580294.8,629874.06
5436,714429.5,707976.75
5436,714429.5,695215.1
5437,1.1319692e+06,1.2121238e+06
5437,1.1319692e+06,1.2132379e+06
5437,1.1319692e+06,1.2142132e+06
5437,1.1319692e+06,1.2139162e+06
5437,1.1319692e+06,1.213314e+06
5437,1.1319692e+06,1.2239448e+06
5437,1.1319692e+06,1.2138379e+06
5437,1.1319692e+06,1.2116496e+06
5437,1.1319692e+06,1.2096396e+06
5437,1.1319692e+06,1.2091828e+06
5437,1.1319692e+06,1.2064262e+06
5437,1.1319692e+06,1.2032355e+06
5437,1.1319692e+06,1.2148765e+06
5437,1.1319692e+06,1.2058682e+06
5437,1.1319692e+06,1.2095879e+06
5437,1.1319692e+06,1.1929639e+06
5438,748997.44,672167.06
5438,748997.44,679548.75
5438,748997.44,654490.4
5439,351217.2,302359.12
5439,351217.2,302179.16
5440,322611.22,270611.22
5440,322611.22,273005.34
5441,425875.97,384567.28
5441,425875.97,386420.6
5441,425875.97,392934.4
5441,425875.97,394851.8
5442,520272.25,431375.2
5442,520272.25,434995.53
5442,520272.25,441002.47
5442,520272.25,445043.88
5443,468895.38,511235.06
5443,468895.38,524416.1
5443,468895.38,516657.22
5444,672063.7,642621.94
5444,672063.7,647980.5
5444,672063.7,657209.75
5444,672063.7,657532.7
5444,672063.7,646308.44
5445,301389.3,253025.7
5445,301389.3,263173.7
5446,2.39269e+06,2.5557362e+06
5446,2.39269e+06,2.5578138e+06
5446,2.39269e+06,2.55722e+06
5446,2.39269e+06,2.560132e+06
5446,2.39269e+06,2.5576855e+06
5446,2.39269e+06,2.558297e+06
5446,2.39269e+06,2.5576885e+06
5446,2.39269e+06,2.5566775e+06
5446,2.39269e+06,2.5561612e+06
5446,2.39269e+06,2.5574432e+06
5446,2.39269e+06,2.564684e+06
5447,585338.8,642669.56
5447,585338.8,660502.2
5448,694761.3,647733.5
5448,694761.3,645131.25
5448,694761.3,634666.75
5448,694761.3,637926.8
5449,454164.2,421230.06
5449,454164.2,419955.22
5449,454164.2,441738.8
5449,454164.2,422032.6
5450,590881.4,602522.5
5450,590881.4,621822.75
5451,676205.56,662659.9
5451,676205.56,670410.7
5451,676205.56,658051.75
5451,676205.56,661541.6
5451,676205.56,663854.1
5451,676205.56,666339.5
5452,1.2250956e+06,1.151848e+06
5452,1.2250956e+06,1.1253146e+06
5453,592998.6,568700.5
5453,592998.6,559174.3
5454,756765.4,715056.2
5454,756765.4,722011.0
5454,756765.4,718845.4
5454,756765.4,715665.7
5454,756765.4,684880.3
5455,419863.56,505731.1
5455,419863.56,509959.75
5455,419863.56,517069.28
5455,419863.56,510398.5
5455,419863.56,514720.56
5455,419863.56,515471.53
5455,419863.56,517236.8
5456,479562.34,418425.03
5456,479562.34,415983.34
5456,479562.34,422914.16
5456,479562.34,430480.7
5456,479562.34,430088.25
5456,479562.34,424231.56
5456,479562.34,427107.75
5456,479562.34,433147.16
5457,2.1786802e+06,2.563423e+06
5457,2.1786802e+06,2.5607572e+06
5458,678810.56,713023.6
5458,678810.56,707430.1
5458,678810.56,720856.94
5458,678810.56,711295.2
5458,678810.56,709263.4
5458,678810.56,699518.0
5459,339133.34,293238.28
5459,339133.34,290683.94
5460,1.255023e+06,1.2355124e+06
5460,1.255023e+06,1.2335091e+06
5460,1.255023e+06,1.2305192e+06
5460,1.255023e+06,1.235232e+06
5460,1.255023e+06,1.2281669e+06
5460,1.255023e+06,1.2347608e+06
5460,1.255023e+06,1.2401465e+06
5460,1.255023e+06,1.2376074e+06
5460,1.255023e+06,1.2377964e+06
5461,613728.1,598092.56
5461,613728.1,593623.25
5461,613728.1,599227.94
5461,613728.1,595447.44
5461,613728.1,598092.56
5461,613728.1,595101.6
5461,613728.1,594106.5
5461,613728.1,593085.44
5462,634330.6,601272.25
5462,634330.6,583618.2
5463,613106.9,643212.44
5463,613106.9,633324.5
5464,533601.7,559736.56
5464,533601.7,574779.2
5464,533601.7,571074.06
5464,533601.7,572144.06
5464,533601.7,568158.7
5464,533601.7,559465.06
5464,533601.7,567243.06
5465,593924.7,564209.6
5465,593924.7,577832.2
5466,653301.94,603417.3
5466,653301.94,591385.75
5466,653301.94,595042.2
5466,653301.94,599267.94
5467,725710.6,741992.0
5467,725710.6,742434.1
5467,725710.6,738142.94
5467,725710.6,747359.94
5467,725710.6,745147.1
5467,725710.6,741765.25
5467,725710.6,741429.5
5467,725710.6,744982.75
5467,725710.6,741278.6
5467,725710.6,727119.9
5468,763657.25,758155.6
5468,763657.25,762288.0
5468,763657.25,749988.0
5469,585246.25,750523.0
5469,585246.25,751742.7
5469,585246.25,744303.75
5469,585246.25,748610.6
5469,585246.25,756318.25
5469,585246.25,746727.94
5469,585246.25,756697.7
5470,626580.56,590261.2
5470,626580.56,590649.5
5470,626580.56,588869.0
5470,626580.56,588541.44
5470,626580.56,585560.56
5470,626580.56,587437.06
5470,626580.56,598254.2
5471,367160.22,295230.6
5471,367160.22,289863.9
5472,2.7088125e+06,2.5972868e+06
5472,2.7088125e+06,2.5958572e+06
5473,455531.9,467338.38
5473,455531.9,458791.72
5474,347930.7,284816.22
5474,347930.7,291698.47
5475,965566.94,769691.25
5475,965566.94,767784.0
5475,965566.94,780492.0
5475,965566.94,770486.4
5475,965566.94,778651.8
5475,965566.94,767711.25
5475,965566.94,776713.94
5475,965566.94,776713.94
5475,965566.94,794052.6
5476,518949.8,529135.2
5476,518949.8,542034.5
5476,518949.8,537312.5
5477,1.1344246e+06,1.094167e+06
5477,1.1344246e+06,1.1249075e+06
5478,582598.8,617192.06
5478,582598.8,631543.2
5479,522877.1,531001.8
5479,522877.1,530881.5
5479,522877.1,536804.75
5479,522877.1,544949.2
5480,189509.62,261268.8
5480,189509.62,263323.25
5481,787943.4,734842.2
5481,787943.4,738162.5
5481,787943.4,746483.0
5481,787943.4,741368.4
5481,787943.4,742697.8
5481,787943.4,745490.9
5481,787943.4,754232.44
5482,543422.5,665959.0
5482,543422.5,649479.6
5483,2.578962e+06,2.5938478e+06
5483,2.578962e+06,2.5838778e+06
5484,794796.44,671301.6
5484,794796.44,651158.25
5485,372525.6,307203.94
5485,372525.6,298768.2
5486,580804.56,599628.7
5486,580804.56,568843.1
5487,788492.6,785275.8
5487,788492.6,785628.56
5487,788492.6,785405.44
5487,788492.6,785522.4
5487,788492.6,780203.8
5487,788492.6,777463.9
5487,788492.6,786998.8
5487,788492.6,788651.06
5487,788492.6,785993.7
5487,788492.6,779211.7
5487,788492.6,792062.9
5488,850816.5,809441.56
5488,850816.5,825580.2
5489,956106.4,765956.2
5489,956106.4,771811.7
5489,956106.4,764761.9
5489,956106.4,767378.5
5489,956106.4,772836.6
5489,956106.4,780184.56
5489,956106.4,780793.8
5489,956106.4,774150.94
5489,956106.4,772287.56
5489,956106.4,769726.94
5490,759850.4,699259.2
5490,759850.4,679027.3
5491,667831.25,682953.7
5491,667831.25,677681.9
5491,667831.25,681230.7
5491,667831.25,685654.7
5491,667831.25,699793.94
5492,304141.34,345819.6
5492,304141.34,355074.8
5492,304141.34,348630.47
5492,304141.34,353448.28
5493,338766.6,330910.2
5493,338766.6,327692.75
5494,820074.1,623035.6
5494,820074.1,611557.2
5495,696520.9,738019.7
5495,696520.9,736149.6
5495,696520.9,739154.6
5495,696520.9,737043.3
5495,696520.9,738331.3
5495,696520.9,760140.0
5496,594611.0,608661.9
5496,594611.0,613182.8
5497,685890.5,739793.0
5497,685890.5,739910.0
5497,685890.5,744907.8
5497,685890.5,744915.3
5497,685890.5,747884.4
5497,685890.5,754279.3
5498,475494.5,574142.75
5499,645241.7,666217.6
5499,645241.7,657866.94
5500,342661.12,356723.9
5500,342661.12,385937.8
5501,2.2728108e+06,2.568119e+06
5501,2.2728108e+06,2.5630645e+06
5502,548984.4,627551.4
5502,548984.4,602830.4
5503,537067.56,574522.4
5503,537067.56,594214.0
5504,325736.38,340155.3
5504,325736.38,354105.84
5504,325736.38,348935.34
5505,595419.2,580843.9
5505,595419.2,566138.06
5506,852150.2,713137.1
5506,852150.2,725139.44
5507,475762.62,397839.75
5507,475762.62,419567.38
5507,475762.62,411690.12
5507,475762.62,412023.2
5507,475762.62,422999.06
5508,1.1050942e+06,1.1003106e+06
5509,1.0239749e+06,1.0817789e+06
5509,1.0239749e+06,1.080258e+06
5509,1.0239749e+06,1.0878996e+06
5509,1.0239749e+06,1.0822144e+06
5509,1.0239749e+06,1.0839666e+06
5509,1.0239749e+06,1.0881639e+06
5509,1.0239749e+06,1.0899358e+06
5509,1.0239749e+06,1.0979162e+06
5509,1.0239749e+06,1.0802568e+06
5509,1.0239749e+06,1.0980416e+06
5509,1.0239749e+06,1.0819362e+06
5510,510926.9,495156.06
5510,510926.9,513722.0
5510,510926.9,500098.16
5511,286669.88,276741.28
5511,286669.88,282719.22
5511,286669.88,274050.34
5512,401851.3,426045.12
5512,401851.3,426461.66
5512,401851.3,433687.66
5513,633816.8,600485.0
5513,633816.8,598311.7
5513,633816.8,601229.44
5513,633816.8,595671.7
5513,633816.8,593774.0
5513,633816.8,601391.44
5513,633816.8,601418.3
5513,633816.8,594410.9
5513,633816.8,594702.1
5513,633816.8,593655.3
5513,633816.8,596862.6
5513,633816.8,594310.06
5514,860531.5,872720.0
5514,860531.5,869024.5
5514,860531.5,874289.9
5514,860531.5,872845.8
5514,860531.5,873358.06
5514,860531.5,872720.0
5514,860531.5,871432.5
5514,860531.5,861512.0
5514,860531.5,868017.25
5514,860531.5,863766.7
5514,860531.5,876302.7
5515,265724.75,261802.8
5516,225267.67,208837.61
5516,225267.67,219358.98
5516,225267.67,214141.11
5517,1.0552142e+06,1.08875e+06
5517,1.0552142e+06,1.0841591e+06
5517,1.0552142e+06,1.0849701e+06
5517,1.0552142e+06,1.0854289e+06
5517,1.0552142e+06,1.0849784e+06
5517,1.0552142e+06,1.0891976e+06
5517,1.0552142e+06,1.0886966e+06
5517,1.0552142e+06,1.0975402e+06
5518,502215.03,488575.28
5518,502215.03,491767.9
5519,284967.62,295977.84
5519,284967.62,296821.2
5520,862035.1,838023.25
5520,862035.1,828829.8
5520,862035.1,831476.56
5520,862035.1,838526.06
5520,862035.1,832436.1
5520,862035.1,833740.1
5520,862035.1,838454.9
5520,862035.1,845789.44
5521,515850.8,441815.25
5521,515850.8,436018.47
5522,532182.94,518261.12
5522,532182.94,521843.12
5522,532182.94,525897.44
5522,532182.94,539898.6
5522,532182.94,540098.9
5523,669578.5,757690.5
5523,669578.5,759136.94
5523,669578.5,754653.6
5523,669578.5,750307.25
5523,669578.5,759942.06
5523,669578.5,758344.0
5523,669578.5,754381.3
5524,402808.6,486069.84
5525,519207.47,563530.06
5525,519207.47,550945.25
5525,519207.47,548682.3
5525,519207.47,559162.56
5525,519207.47,542361.94
5526,817552.1,757121.56
5526,817552.1,758452.8
5526,817552.1,756483.56
5526,817552.1,763198.9
5526,817552.1,756542.06
5526,817552.1,760744.2
5526,817552.1,749669.75
5526,817552.1,727517.4
5527,478387.53,456752.7
5527,478387.53,454912.53
5527,478387.53,475906.47
5527,478387.53,462904.5
5528,880575.4,836445.56
5528,880575.4,838964.2
5528,880575.4,838816.75
5528,880575.4,839006.4
5528,880575.4,829736.94
5528,880575.4,841340.8
5528,880575.4,840193.7
5528,880575.4,836680.8
5528,880575.4,834551.0
5528,880575.4,835021.8
5528,880575.4,843736.44
5528,880575.4,829011.3
5528,880575.4,840994.7
5529,673902.8,697553.8
5529,673902.8,728546.44
5530,418689.66,410474.25
5530,418689.66,403304.3
5531,361844.78,301485.0
5531,361844.78,303353.2
5532,632164.9,639320.94
5532,632164.9,636823.1
5533,750326.9,676684.3
5533,750326.9,686162.7
5534,484527.66,519744.38
5534,484527.66,513468.94
5534,484527.66,505023.5
5534,484527.66,516617.66
5535,670063.2,625242.7
5535,670063.2,631612.6
5535,670063.2,605604.94
5536,502151.38,625070.56
5536,502151.38,599139.5
5537,345703.34,399931.53
5537,345703.34,401017.78
5537,345703.34,395475.28
5538,669339.9,648628.9
5538,669339.9,658834.94
5539,723520.3,703099.4
5539,723520.3,708826.7
5540,421817.72,353467.16
5540,421817.72,354350.56
5541,811637.25,735745.06
5541,811637.25,733659.56
5541,811637.25,734179.6
5541,811637.25,734214.8
5541,811637.25,737099.25
5541,811637.25,737215.75
5541,811637.25,738117.44
5541,811637.25,742324.9
5541,811637.25,738976.1
5541,811637.25,743792.3
5541,811637.25,744643.8
5541,811637.25,744265.2
5542,816197.2,809003.0
5542,816197.2,797199.56
5542,816197.2,799876.1
5542,816197.2,796143.1
5542,816197.2,800277.4
5542,816197.2,803496.5
5542,816197.2,818472.94
5543,240422.55,242870.17
5543,240422.55,249466.3
5543,240422.55,248011.45
5544,318893.06,258097.2
5544,318893.06,240667.67
5545,440289.38,379346.6
5545,440289.38,377741.72
5546,204510.36,231595.42
5546,204510.36,237820.92
5547,301444.2,388990.16
5547,301444.2,387541.62
5547,301444.2,400677.97
5547,301444.2,394319.53
5548,232594.81,309419.66
5548,232594.81,312461.03
5549,759895.6,786540.25
5549,759895.6,785263.2
5550,861096.3,796820.56
5550,861096.3,790197.4
5551,742078.75,683627.25
5551,742078.75,667588.0
5552,1.01323606e+06,1.0458479e+06
5552,1.01323606e+06,1.0275912e+06
5553,255004.86,243889.27
5553,255004.86,250904.27
5554,864916.4,841637.75
5554,864916.4,843641.56
5554,864916.4,841917.8
5554,864916.4,841268.2
5554,864916.4,841637.75
5554,864916.4,839677.0
5554,864916.4,843777.5
5554,864916.4,849938.6
5555,567207.3,721800.3
5555,567207.3,726369.25
5555,567207.3,724372.0
5555,567207.3,728513.5
5555,567207.3,723369.1
5556,564028.44,534459.25
5556,564028.44,530522.0
5556,564028.44,541516.44
5557,442287.78,387747.38
5557,442287.78,388524.66
5557,442287.78,402382.03
5557,442287.78,396041.38
5558,881804.5,753517.06
5558,881804.5,761940.06
5558,881804.5,756129.75
5558,881804.5,755938.2
5558,881804.5,759172.3
5558,881804.5,770755.9
5559,1.1992196e+06,1.0711435e+06
5559,1.1992196e+06,1.063539e+06
5559,1.1992196e+06,1.0755548e+06
5559,1.1992196e+06,1.0640204e+06
5559,1.1992196e+06,1.0717454e+06
5559,1.1992196e+06,1.0710741e+06
5559,1.1992196e+06,1.082963e+06
5559,1.1992196e+06,1.0934055e+06
5559,1.1992196e+06,1.0922529e+06
5559,1.1992196e+06,1.083217e+06
5559,1.1992196e+06,1.0931539e+06
5560,367240.7,295388.56
5560,367240.7,298865.16
5560,367240.7,303458.25
5561,2.3671452e+06,2.5599965e+06
5561,2.3671452e+06,2.5512525e+06
5562,430854.94,568411.2
5562,430854.94,577918.25
5562,430854.94,570913.7
5562,430854.94,574569.94
5562,430854.94,577212.44
5562,430854.94,573538.3
5562,430854.94,564961.4
5562,430854.94,569265.94
5563,367697.0,302213.7
5563,367697.0,289221.03
5564,521664.6,519440.4
5564,521664.6,514209.25
5564,521664.6,518444.97
5564,521664.6,518449.44
5565,645437.75,625393.7
5565,645437.75,637758.4
5566,600759.75,577856.94
5566,600759.75,587295.0
5566,600759.75,572248.8
5566,600759.75,611603.2
5567,1.273709e+06,1.1164259e+06
5567,1.273709e+06,1.125652e+06
5568,510362.22,474441.47
5568,510362.22,471330.4
5569,494324.28,481514.3
5569,494324.28,470642.25
5570,589300.25,584004.94
5570,589300.25,573446.9
5570,589300.25,584812.2
5570,589300.25,585194.44
5570,589300.25,576522.3
5570,589300.25,583356.2
5570,589300.25,584152.06
5570,589300.25,571319.06
5571,573888.5,731082.9
5571,573888.5,720716.4
5572,786581.7,734326.7
5572,786581.7,739700.3
5572,786581.7,731275.4
5572,786581.7,732064.25
5572,786581.7,734708.6
5572,786581.7,734517.1
5572,786581.7,724413.25
5573,543657.06,593635.5
5573,543657.06,599875.9
5574,375557.3,352884.94
5574,375557.3,352341.06
5574,375557.3,353553.06
5575,587811.8,525960.8
5575,587811.8,522871.3
5576,251188.45,244162.05
5576,251188.45,253069.2
5576,251188.45,251170.14
5577,316226.03,280722.3
5577,316226.03,277314.9
5578,487003.72,510358.75
5578,487003.72,525101.0
5579,1.2454052e+06,1.2357126e+06
5579,1.2454052e+06,1.233301e+06
5579,1.2454052e+06,1.2386155e+06
5579,1.2454052e+06,1.2385918e+06
5579,1.2454052e+06,1.2356124e+06
5579,1.2454052e+06,1.2367035e+06
5579,1.2454052e+06,1.2380862e+06
5579,1.2454052e+06,1.2382974e+06
5579,1.2454052e+06,1.2430416e+06
5579,1.2454052e+06,1.2447562e+06
5579,1.2454052e+06,1.2370538e+06
5579,1.2454052e+06,1.2379316e+06
5580,493175.4,512497.03
5580,493175.4,488558.72
5581,534454.6,609124.1
5581,534454.6,575838.5
5582,330330.97,344830.78
5582,330330.97,351462.53
5582,330330.97,348142.0
5583,399520.97,382359.0
5583,399520.97,385736.5
5583,399520.97,388405.12
5584,393538.7,297741.28
5584,393538.7,303243.2
5585,418351.47,441206.3
5585,418351.47,393469.5
5586,722900.3,673829.2
5586,722900.3,671541.6
5586,722900.3,670780.94
5586,722900.3,677850.25
5586,722900.3,673107.0
5587,325178.38,268453.97
5587,325178.38,257553.58
5588,333422.6,327640.34
5588,333422.6,330956.7
5589,1.3076854e+06,1.2371371e+06
5589,1.3076854e+06,1.211668e+06
5590,255931.39,326656.2
5590,255931.39,345435.1
5591,343168.97,347235.12
5591,343168.97,346066.25
5592,447817.7,442027.22
5592,447817.7,408048.0
5593,2.326332e+06,2.5441812e+06
5593,2.326332e+06,2.5476315e+06
5594,670515.8,614226.7
5594,670515.8,614385.4
5594,670515.8,618172.3
5594,670515.8,619312.44
5595,2.3252658e+06,2.5748605e+06
5595,2.3252658e+06,2.5728835e+06
5596,335634.8,333700.6
5596,335634.8,339031.97
5597,429740.5,412054.66
5597,429740.5,411960.94
5598,311592.6,265138.03
5598,311592.6,269876.38
5598,311592.6,270593.22
5599,402337.53,410996.25
5599,402337.53,403473.9
5600,2.390028e+06,2.5565045e+06
5600,2.390028e+06,2.5506998e+06
5600,2.390028e+06,2.5551512e+06
5600,2.390028e+06,2.5566468e+06
5600,2.390028e+06,2.5550298e+06
5600,2.390028e+06,2.554605e+06
5600,2.390028e+06,2.5515475e+06
5600,2.390028e+06,2.5553068e+06
5600,2.390028e+06,2.5570988e+06
5600,2.390028e+06,2.5527512e+06
5600,2.390028e+06,2.5515438e+06
5601,555826.4,641583.5
5601,555826.4,638498.75
5602,226908.5,242282.27
5602,226908.5,240288.64
5603,327148.22,320797.5
5603,327148.22,321694.28
5604,373032.6,379181.16
5604,373032.6,377097.88
5604,373032.6,385846.2
5604,373032.6,389612.38
5604,373032.6,376462.2
5604,373032.6,376515.12
5605,439180.94,469748.78
5606,566025.8,539107.2
5606,566025.8,541626.9
5607,179389.47,271464.0
5607,179389.47,279723.94
5607,179389.47,281378.1
5608,444524.8,430924.66
5608,444524.8,431251.4
5608,444524.8,458424.94
5608,444524.8,442922.94
5609,574700.7,633947.3
5609,574700.7,642528.25
5609,574700.7,645606.4
5609,574700.7,639775.6
5609,574700.7,644496.9
5610,740832.56,745577.75
5610,740832.56,759335.7
5610,740832.56,761113.6
5610,740832.56,761317.94
5610,740832.56,751507.9
5610,740832.56,752382.94
5610,740832.56,757581.75
5611,570015.5,532112.44
5611,570015.5,522109.47
5612,554191.2,535340.7
5612,554191.2,538815.44
5612,554191.2,557365.0
5613,313436.66,286908.75
5613,313436.66,287385.3
5613,313436.66,290207.9
5614,340604.1,292260.8
5614,340604.1,278175.12
5615,533881.1,547041.3
5615,533881.1,541520.25
5615,533881.1,530745.7
5615,533881.1,550822.56
5616,627000.6,621823.0
5616,627000.6,606736.44
5616,627000.6,619220.44
5616,627000.6,616028.75
5616,627000.6,596711.4
5617,601106.2,608951.6
5617,601106.2,612508.25
5617,601106.2,607058.94
5617,601106.2,605863.75
5617,601106.2,609710.9
5617,601106.2,609949.7
5617,601106.2,613165.2
5617,601106.2,607921.7
5618,312573.66,266677.34
5618,312573.66,270193.75
5618,312573.66,275595.88
5618,312573.66,262738.97
5619,754541.4,733174.56
5620,258131.81,207144.83
5620,258131.81,221459.55
5620,258131.81,220474.27
5621,2.169215e+06,2.5520148e+06
5621,2.169215e+06,2.5542708e+06
5622,499054.0,444991.62
5623,388730.25,306513.1
5623,388730.25,302928.25
5624,766443.56,716842.9
5624,766443.56,718509.3
5624,766443.56,716177.8
5624,766443.56,713319.2
5624,766443.56,720474.4
5624,766443.56,716296.9
5624,766443.56,701411.94
5624,766443.56,698944.7
5624,766443.56,700556.5
5624,766443.56,691052.6
5625,716554.94,695760.94
5625,716554.94,672603.9
5626,610895.75,605253.0
5626,610895.75,579806.56
5627,324069.75,320551.22
5627,324069.75,332058.84
5627,324069.75,324927.4
5628,445723.4,422222.0
5628,445723.4,413630.03
5629,287952.38,277317.16
5629,287952.38,282583.3
5629,287952.38,278902.2
5630,323566.8,359970.3
5630,323566.8,360826.2
5631,953902.6,991138.6
5631,953902.6,991672.6
5631,953902.6,988372.94
5631,953902.6,984869.1
5631,953902.6,985645.7
5631,953902.6,989750.56
5631,953902.6,993557.56
5631,953902.6,1.0110145e+06
5631,953902.6,1.00542956e+06
5631,953902.6,1.0133829e+06
5631,953902.6,1.01682506e+06
5632,378858.44,306423.44
5632,378858.44,306006.0
5633,995899.75,999908.7
5633,995899.75,1.0000091e+06
5634,650874.0,713482.2
5634,650874.0,728754.94
5635,426821.7,394548.16
5635,426821.7,381499.06
5636,392326.38,415531.97
5636,392326.38,413953.97
5636,392326.38,433068.88
5637,538286.1,628839.6
5637,538286.1,647487.56
5638,440112.88,411110.7
5638,440112.88,404383.4
5639,534193.75,567675.0
5639,534193.75,584632.44
5640,604225.9,695046.1
5640,604225.9,697771.2
5640,604225.9,706813.6
5640,604225.9,698709.06
5640,604225.9,695794.9
5640,604225.9,682485.94
5641,460063.0,522846.8
5641,460063.0,549641.8
5642,502809.03,453767.03
5642,502809.03,449580.88
5642,502809.03,473809.2
5642,502809.03,457506.0
5643,614561.4,670232.7
5643,614561.4,670390.8
5643,614561.4,677252.25
5643,614561.4,670492.2
5643,614561.4,644434.4
5644,422514.7,501669.8
5644,422514.7,502404.62
5645,308074.34,263940.78
5645,308074.34,263761.03
5645,308074.34,269805.88
5646,787596.75,807853.9
5646,787596.75,807850.8
5646,787596.75,807241.7
5646,787596.75,802862.56
5646,787596.75,803368.6
5646,787596.75,806948.7
5646,787596.75,807492.8
5646,787596.75,811158.7
5647,612225.75,576325.7
5647,612225.75,552377.8
5648,1.2943662e+06,1.2127202e+06
5648,1.2943662e+06,1.2381299e+06
5649,648736.0,671477.9
5649,648736.0,660063.2
5650,596082.75,668972.6
5650,596082.75,631885.94
5651,170887.81,180524.3
5651,170887.81,182674.48
5652,2.342469e+06,2.5813228e+06
5652,2.342469e+06,2.5743868e+06
5653,413358.4,392835.66
5653,413358.4,393530.9
5653,413358.4,397947.56
5654,205609.75,237644.17
5654,205609.75,244463.17
5655,579371.75,626593.06
5655,579371.75,623248.0
5655,579371.75,624970.4
5655,579371.75,634491.56
5656,907840.25,746196.7
5656,907840.25,748660.3
5656,907840.25,742193.5
5656,907840.25,745563.8
5656,907840.25,743700.2
5656,907840.25,762698.6
5657,606300.25,643736.44
5657,606300.25,646950.9
5657,606300.25,641127.7
5657,606300.25,657756.1
5658,183054.6,282863.7
5658,183054.6,279024.53
5658,183054.6,287161.5
5658,183054.6,276375.78
5659,886411.1,870838.94
5659,886411.1,882950.56
5660,230412.5,312009.97
5660,230412.5,305315.94
5661,1.3641851e+06,1.3525882e+06
5661,1.3641851e+06,1.3475722e+06
5661,1.3641851e+06,1.3421979e+06
5661,1.3641851e+06,1.3521731e+06
5661,1.3641851e+06,1.3621481e+06
5661,1.3641851e+06,1.3535678e+06
5661,1.3641851e+06,1.353318e+06
5661,1.3641851e+06,1.3410815e+06
5661,1.3641851e+06,1.3486896e+06
5661,1.3641851e+06,1.3412805e+06
5661,1.3641851e+06,1.3410538e+06
5661,1.3641851e+06,1.3424302e+06
5661,1.3641851e+06,1.3409426e+06
5661,1.3641851e+06,1.3385374e+06
5661,1.3641851e+06,1.3360501e+06
5661,1.3641851e+06,1.3424302e+06
5662,428575.2,425741.47
5662,428575.2,425547.84
5662,428575.2,449967.1
5662,428575.2,433661.16
5663,570447.56,562923.3
5663,570447.56,578419.25
5663,570447.56,573278.44
5663,570447.56,581950.8
5664,661926.06,496751.5
5664,661926.06,487429.12
5664,661926.06,494790.94
5664,661926.06,483293.16
5664,661926.06,491772.1
5665,304603.12,344238.78
5665,304603.12,347897.25
5665,304603.12,345863.03
5666,667518.94,668651.1
5666,667518.94,691747.94
5666,667518.94,666428.3
5667,469437.84,448661.3
5667,469437.84,450903.72
5667,469437.84,456917.0
5668,607030.1,668261.2
5668,607030.1,679001.2
5669,541673.8,554044.56
5669,541673.8,560180.44
5670,584715.5,582841.06
5670,584715.5,580065.75
5671,407109.1,384352.0
5671,407109.1,378022.84
5672,364396.47,446318.84
5672,364396.47,451140.8
5673,477985.2,500129.66
5673,477985.2,512347.47
5674,2.3144538e+06,2.5563952e+06
5674,2.3144538e+06,2.5592665e+06
5675,359461.12,374483.28
5675,359461.12,366001.78
5676,886883.7,746562.8
5676,886883.7,749941.44
5676,886883.7,753741.2
5676,886883.7,742375.44
5676,886883.7,743355.8
5676,886883.7,743000.25
5676,886883.7,745645.8
5676,886883.7,742263.5
5677,494333.06,579348.56
5677,494333.06,556735.06
5678,962557.75,1.0697896e+06
5679,607874.1,602660.25
5679,607874.1,609320.06
5680,182943.47,261810.08
5680,182943.47,272249.7
5680,182943.47,266242.16
5681,453188.47,403565.47
5681,453188.47,405293.2
5681,453188.47,421248.88
5681,453188.47,410905.7
5682,249612.33,206451.89
5682,249612.33,217416.83
5683,422083.22,488655.16
5683,422083.22,505366.1
5684,467611.5,424959.1
5684,467611.5,427585.4
5685,585376.3,548928.9
5685,585376.3,539396.75
5686,385401.56,325516.44
5686,385401.56,317826.94
5687,813401.44,773773.25
5687,813401.44,789793.7
5688,541142.9,515059.84
5688,541142.9,485910.97
5689,854886.25,886124.94
5689,854886.25,887598.25
5689,854886.25,888253.5
5689,854886.25,886573.5
5689,854886.25,889134.8
5689,854886.25,889550.94
5689,854886.25,886233.8
5689,854886.25,888592.44
5689,854886.25,878258.2
5689,854886.25,871626.2
5689,854886.25,873670.7
5690,567419.9,667722.0
5691,625656.0,548113.9
5691,625656.0,563964.8
5692,543927.06,483281.62
5692,543927.06,479189.1
5693,222650.55,243831.08
5693,222650.55,242627.14
5693,222650.55,244308.11
5694,417212.5,367289.47
5694,417212.5,369938.53
5694,417212.5,380874.6
5694,417212.5,365629.72
5695,412095.0,397757.25
5695,412095.0,397567.56
5695,412095.0,415368.06
5695,412095.0,392061.88
5696,883187.06,683029.06
5697,405046.62,306794.66
5697,405046.62,311160.72
5697,405046.62,318123.66
5698,723965.56,695218.56
5698,723965.56,683585.6
5699,541245.94,516398.25
5699,541245.94,521773.12
5699,541245.94,521972.66
5699,541245.94,518635.3
5699,541245.94,521698.8
5700,332808.44,404089.34
5700,332808.44,404567.16
5701,468885.1,483927.7
5701,468885.1,497133.12
5701,468885.1,507402.44
5701,468885.1,498653.1
5701,468885.1,482941.84
5701,468885.1,489747.06
5702,733254.3,765404.6
5702,733254.3,763713.06
5702,733254.3,761596.9
5702,733254.3,761468.6
5702,733254.3,758858.0
5702,733254.3,763070.5
5702,733254.3,765626.7
5702,733254.3,761901.25
5702,733254.3,779445.6
5703,1.108816e+06,1.0631688e+06
5703,1.108816e+06,1.0816961e+06
5704,1.3131088e+06,1.224373e+06
5704,1.3131088e+06,1.2478189e+06
5704,1.3131088e+06,1.2186889e+06
5705,288181.16,341633.7
5705,288181.16,344977.3
5705,288181.16,344029.8
5705,288181.16,340563.0
5705,288181.16,355529.1
5706,1.4991238e+06,1.4367672e+06
5706,1.4991238e+06,1.4279435e+06
5706,1.4991238e+06,1.4172171e+06
5706,1.4991238e+06,1.4176536e+06
5706,1.4991238e+06,1.4176188e+06
5706,1.4991238e+06,1.4172728e+06
5706,1.4991238e+06,1.4180636e+06
5706,1.4991238e+06,1.4169989e+06
5706,1.4991238e+06,1.4230002e+06
5706,1.4991238e+06,1.4272219e+06
5706,1.4991238e+06,1.4267185e+06
5706,1.4991238e+06,1.4246858e+06
5706,1.4991238e+06,1.4302714e+06
5706,1.4991238e+06,1.4206531e+06
5706,1.4991238e+06,1.4204608e+06
5706,1.4991238e+06,1.4181459e+06
5706,1.4991238e+06,1.4289642e+06
5706,1.4991238e+06,1.4261136e+06
5706,1.4991238e+06,1.42468e+06
5707,266218.66,256114.73
5707,266218.66,252929.73
5708,584877.06,567726.25
5708,584877.06,570523.6
5708,584877.06,590137.4
5709,590106.44,485551.78
5709,590106.44,482831.53
5709,590106.44,485557.66
5709,590106.44,487184.66
5709,590106.44,486939.56
5709,590106.44,486049.12
5710,305754.6,269411.56
5710,305754.6,276589.03
5711,538106.25,609560.25
5711,538106.25,617541.25
5711,538106.25,626791.4
5711,538106.25,624063.4
5711,538106.25,623388.9
5711,538106.25,618950.75
5712,446979.7,422315.72
5712,446979.7,430734.97
5712,446979.7,418487.9
5712,446979.7,409136.25
5713,606011.6,632896.5
5713,606011.6,652171.4
5714,592776.56,632170.75
5714,592776.56,606199.3
5715,317879.88,273688.4
5716,739787.4,639956.06
5716,739787.4,641853.44
5717,370820.9,291520.56
5717,370820.9,304257.84
5717,370820.9,296986.5
5718,867281.5,987186.0
5719,689926.6,578252.1
5720,524007.22,486982.5
5720,524007.22,486681.53
5720,524007.22,506934.84
5720,524007.22,493564.06
5721,566967.9,567743.1
5721,566967.9,579281.06
5722,331134.62,279925.5
5722,331134.62,278653.16
5723,533241.5,598496.5
5723,533241.5,611923.0
5724,548681.9,550180.1
5724,548681.9,568597.75
5725,557736.6,599029.06
5725,557736.6,589775.75
5726,372487.6,308928.03
5726,372487.6,309542.0
5726,372487.6,315893.94
5727,492048.34,525654.06
5727,492048.34,528171.1
5728,501135.34,449102.9
5728,501135.34,444770.06
5728,501135.34,457806.6
5729,690565.44,632366.9
5729,690565.44,626394.8
5729,690565.44,627764.9
5729,690565.44,631919.06
5730,713600.1,726401.56
5730,713600.1,726535.6
5730,713600.1,716862.0
5730,713600.1,725836.6
5730,713600.1,720992.1
5730,713600.1,702920.44
5731,722170.0,738070.2
5731,722170.0,737357.94
5731,722170.0,744615.8
5731,722170.0,733809.56
5731,722170.0,738947.6
5731,722170.0,736848.5
5731,722170.0,755999.5
5732,417973.34,486228.4
5732,417973.34,486755.53
5733,636901.8,717577.8
5733,636901.8,714846.4
5733,636901.8,716157.7
5733,636901.8,712380.56
5733,636901.8,715386.9
5733,636901.8,700159.0
5734,258753.94,337990.03
5734,258753.94,341780.9
5735,385456.7,482121.84
5735,385456.7,481475.72
5735,385456.7,477585.28
5735,385456.7,485179.03
5736,552039.1,522285.9
5736,552039.1,530981.7
5737,392944.5,367590.44
5737,392944.5,383840.12
5737,392944.5,374536.34
5738,709287.0,653362.25
5738,709287.0,655270.2
5738,709287.0,651282.9
5738,709287.0,654979.9
5738,709287.0,632229.4
5739,645346.7,625256.9
5739,645346.7,623675.6
5739,645346.7,625481.56
5739,645346.7,619928.94
5739,645346.7,628571.4
5739,645346.7,625504.9
5739,645346.7,626691.1
5739,645346.7,625876.7
5739,645346.7,620422.5
5739,645346.7,624311.56
5739,645346.7,621867.06
5739,645346.7,626832.56
5739,645346.7,623668.94
5739,645346.7,627338.94
5739,645346.7,623421.25
5739,645346.7,612024.7
5740,777014.3,677596.75
5740,777014.3,660196.44
5741,245646.75,220807.08
5741,245646.75,220190.48
5742,765130.56,784116.94
5742,765130.56,782300.8
5743,747790.0,707831.56
5743,747790.0,716736.44
5743,747790.0,717693.1
5743,747790.0,719697.6
5743,747790.0,713592.6
5743,747790.0,715973.06
5744,556898.6,546621.6
5744,556898.6,544547.75
5745,631261.9,608699.1
5745,631261.9,600396.06
5745,631261.9,605053.56
5745,631261.9,613293.06
5745,631261.9,610883.4
5746,2.3605935e+06,2.5550228e+06
5746,2.3605935e+06,2.5539778e+06
5747,243404.31,247589.86
5747,243404.31,252618.11
5747,243404.31,243255.05
5748,427169.56,405787.44
5748,427169.56,402579.0
5748,427169.56,421997.56
5748,427169.56,410314.38
5749,235548.38,238039.23
5749,235548.38,243881.48
5750,608968.06,668041.4
5750,608968.06,666317.25
5750,608968.06,666839.94
5750,608968.06,631614.5
5751,781098.9,678921.6
5751,781098.9,681809.25
5751,781098.9,676210.94
5751,781098.9,684894.44
5752,613066.7,702871.2
5752,613066.7,708470.1
5753,694104.8,715469.1
5753,694104.8,723060.3
5753,694104.8,724269.8
5753,694104.8,717477.1
5753,694104.8,728734.1
5753,694104.8,725924.94
5753,694104.8,730014.94
5753,694104.8,729073.2
5754,808853.44,765214.9
5754,808853.44,779874.4
5754,808853.44,769255.5
5755,848806.56,829525.3
5755,848806.56,825241.1
5755,848806.56,828802.2
5755,848806.56,829137.5
5755,848806.56,832668.7
5755,848806.56,830438.7
5755,848806.56,825865.94
5755,848806.56,834775.6
5756,863795.3,721559.94
5757,288846.66,341174.06
5757,288846.66,357928.38
5758,281518.28,294667.06
5758,281518.28,301160.72
5759,308982.22,321229.28
5759,308982.22,337925.62
5759,308982.22,317383.97
5760,360301.2,363036.25
5760,360301.2,375772.1
5760,360301.2,364754.84
5760,360301.2,377162.53
5761,631970.3,757352.1
5761,631970.3,751050.94
5761,631970.3,751336.4
5761,631970.3,752523.94
5761,631970.3,753931.2
5761,631970.3,760327.56
5762,607768.9,530086.4
5762,607768.9,528697.8
5762,607768.9,530575.4
5762,607768.9,526436.7
5763,268300.75,251350.05
5763,268300.75,260181.61
5764,626343.1,714791.25
5764,626343.1,710360.5
5765,460336.2,496700.25
5765,460336.2,500185.75
5765,460336.2,504065.03
5765,460336.2,494832.66
5765,460336.2,502461.0
5766,467102.9,376677.97
5767,933604.94,883643.1
5767,933604.94,883506.3
5767,933604.94,882056.6
5767,933604.94,878489.44
5767,933604.94,879059.5
5767,933604.94,881243.44
5767,933604.94,895512.94
5767,933604.94,893627.2
5768,144622.45,218643.14
5768,144622.45,217347.95
5768,144622.45,226955.27
5769,476950.34,530219.8
5769,476950.34,512942.44
5770,579044.56,459635.28
5770,579044.56,472568.38
5771,213607.7,240939.83
5771,213607.7,237564.2
5771,213607.7,236759.2
5772,666638.6,638923.94
5772,666638.6,675595.44
5772,666638.6,627294.6
5773,587038.0,690655.2
5773,587038.0,690981.8
5773,587038.0,698861.56
5773,587038.0,690441.3
5773,587038.0,690453.6
5773,587038.0,689167.75
5773,587038.0,690641.94
5774,686164.75,714993.1
5774,686164.75,718410.94
5774,686164.75,714400.2
5774,686164.75,715732.06
5774,686164.75,722134.7
5774,686164.75,708325.94
5774,686164.75,706837.94
5774,686164.75,699338.3
5775,530031.1,709494.56
5775,530031.1,707794.06
5775,530031.1,702054.25
5775,530031.1,706917.75
5775,530031.1,713658.3
5776,574478.0,545421.44
5776,574478.0,550860.25
5777,354335.03,296277.56
5777,354335.03,303038.94
5777,354335.03,295367.44
5778,303808.12,268601.06
5778,303808.12,278569.47
5778,303808.12,272455.44
5779,260348.31,256444.92
5779,260348.31,258868.58
5779,260348.31,258517.95
5780,996404.44,764978.4
5780,996404.44,762738.44
5780,996404.44,757626.4
5780,996404.44,761849.4
5780,996404.44,763025.3
5780,996404.44,766667.6
5780,996404.44,765902.75
5780,996404.44,769981.25
5781,531252.2,507713.6
5781,531252.2,493000.4
5782,588890.3,696734.7
5782,588890.3,682217.3
5782,588890.3,690192.8
5782,588890.3,685180.44
5782,588890.3,693077.06
5783,2.1919052e+06,2.550749e+06
5783,2.1919052e+06,2.549796e+06
5783,2.1919052e+06,2.543558e+06
5784,1.3213791e+06,1.287928e+06
5784,1.3213791e+06,1.2889474e+06
5784,1.3213791e+06,1.2837501e+06
5784,1.3213791e+06,1.2844346e+06
5784,1.3213791e+06,1.2843141e+06
5784,1.3213791e+06,1.2944241e+06
5784,1.3213791e+06,1.2839034e+06
5784,1.3213791e+06,1.2836576e+06
5784,1.3213791e+06,1.2892712e+06
5784,1.3213791e+06,1.290069e+06
5784,1.3213791e+06,1.2843299e+06
5784,1.3213791e+06,1.2880246e+06
5784,1.3213791e+06,1.2883165e+06
5784,1.3213791e+06,1.2948306e+06
5785,569269.75,553863.7
5785,569269.75,560033.4
5785,569269.75,543880.3
5786,659985.06,722134.4
5786,659985.06,720289.06
5786,659985.06,729179.0
5786,659985.06,731952.2
5786,659985.06,718795.94
5786,659985.06,721773.8
5786,659985.06,735855.44
5787,589412.0,647073.7
5787,589412.0,667785.56
5787,589412.0,623867.7
5788,466495.94,452320.94
5788,466495.94,446163.97
5788,466495.94,469938.75
5788,466495.94,462102.8
5789,917423.6,923301.7
5789,917423.6,925834.75
5789,917423.6,925475.94
5789,917423.6,937755.44
5789,917423.6,932940.7
5789,917423.6,932697.3
5789,917423.6,925132.94
5789,917423.6,922582.8
5789,917423.6,933597.06
5789,917423.6,932995.7
5789,917423.6,929455.8
5789,917423.6,931343.5
5789,917423.6,928729.4
5790,642388.94,623382.06
5790,642388.94,629453.44
5790,642388.94,626868.25
5790,642388.94,642017.75
5790,642388.94,613481.9
5791,363617.2,356732.22
5791,363617.2,370435.1
5791,363617.2,362330.34
5792,897451.94,738034.6
5792,897451.94,746743.25
5792,897451.94,748908.4
5792,897451.94,741855.7
5792,897451.94,742116.75
5792,897451.94,743384.75
5792,897451.94,747598.7
5793,550507.75,538689.25
5793,550507.75,531167.4
5793,550507.75,546944.75
5793,550507.75,547755.8
5794,818271.9,805428.75
5794,818271.9,817206.0
5794,818271.9,809162.5
5795,621221.1,636624.1
5795,621221.1,633025.0
5795,621221.1,634571.44
5795,621221.1,639154.44
5795,621221.1,644732.9
5796,233761.39,270017.75
5796,233761.39,259389.95
5797,568721.8,499973.16
5797,568721.8,514549.6
5797,568721.8,505130.97
5798,173318.77,265095.8
5799,443368.7,323653.22
5800,408119.3,380425.5
5800,408119.3,371468.75
5800,408119.3,374089.16
5800,408119.3,395197.34
5801,871774.3,721032.8
5801,871774.3,704300.94
5802,217722.28,299467.97
5803,1.2203229e+06,1.2325494e+06
5803,1.2203229e+06,1.226253e+06
5803,1.2203229e+06,1.226555e+06
5803,1.2203229e+06,1.2269875e+06
5803,1.2203229e+06,1.2353356e+06
5803,1.2203229e+06,1.225785e+06
5803,1.2203229e+06,1.2268044e+06
5803,1.2203229e+06,1.225953e+06
5803,1.2203229e+06,1.2154249e+06
5803,1.2203229e+06,1.2199334e+06
5803,1.2203229e+06,1.2240099e+06
5803,1.2203229e+06,1.2269575e+06
5803,1.2203229e+06,1.2272105e+06
5803,1.2203229e+06,1.2347081e+06
5804,378330.72,310114.75
5804,378330.72,328115.97
5804,378330.72,317047.3
5805,500146.62,497642.84
5805,500146.62,499450.72
5806,399461.97,359316.6
5806,399461.97,359223.06
5806,399461.97,365752.75
5806,399461.97,364818.75
5807,376985.9,300114.28
5807,376985.9,300098.8
5807,376985.9,301559.8
5808,957120.25,871252.8
5809,552775.9,657398.2
5809,552775.9,662408.56
5809,552775.9,670023.5
5809,552775.9,663526.4
5809,552775.9,646127.44
5810,1.3148989e+06,1.241993e+06
5810,1.3148989e+06,1.2377246e+06
5811,191318.44,264636.47
5811,191318.44,270120.2
5811,191318.44,273194.7
5812,803441.8,717069.1
5812,803441.8,720795.6
5812,803441.8,717819.1
5812,803441.8,714117.56
5812,803441.8,706615.9
5813,426343.25,484672.12
5813,426343.25,478752.03
5813,426343.25,480239.72
5813,426343.25,482078.03
5813,426343.25,486795.0
5814,552635.5,604373.7
5814,552635.5,614477.25
5814,552635.5,614240.4
5814,552635.5,610536.5
5814,552635.5,609614.5
5815,669906.3,723231.4
5815,669906.3,729316.06
5815,669906.3,736932.4
5815,669906.3,727260.7
5815,669906.3,724719.56
5815,669906.3,725313.1
5815,669906.3,725859.1
5815,669906.3,723376.4
5816,2.74249e+06,2.606502e+06
5816,2.74249e+06,2.599354e+06
5817,678941.9,593787.9
5817,678941.9,575156.8
5818,960844.0,876722.06
5818,960844.0,890918.8
5819,1.3169916e+06,1.2759301e+06
5819,1.3169916e+06,1.2764181e+06
5819,1.3169916e+06,1.2750116e+06
5819,1.3169916e+06,1.2761909e+06
5819,1.3169916e+06,1.2667099e+06
5819,1.3169916e+06,1.274203e+06
5819,1.3169916e+06,1.2740178e+06
5819,1.3169916e+06,1.257003e+06
5820,679439.1,692368.9
5820,679439.1,685306.56
5820,679439.1,694466.4
5820,679439.1,691429.0
5820,679439.1,693064.4
5821,548856.7,487870.44
5821,548856.7,470059.47
5822,487674.53,442394.12
5823,1.4381834e+06,1.4134895e+06
5823,1.4381834e+06,1.4082625e+06
5823,1.4381834e+06,1.4198071e+06
5823,1.4381834e+06,1.4099566e+06
5823,1.4381834e+06,1.4099508e+06
5823,1.4381834e+06,1.4099305e+06
5823,1.4381834e+06,1.4187978e+06
5823,1.4381834e+06,1.4079201e+06
5823,1.4381834e+06,1.4095216e+06
5823,1.4381834e+06,1.419695e+06
5823,1.4381834e+06,1.4097391e+06
5823,1.4381834e+06,1.4171131e+06
5823,1.4381834e+06,1.4139842e+06
5823,1.4381834e+06,1.419834e+06
5823,1.4381834e+06,1.4088939e+06
5823,1.4381834e+06,1.4149574e+06
5824,1.265431e+06,1.2227471e+06
5824,1.265431e+06,1.22366e+06
5824,1.265431e+06,1.2265138e+06
5824,1.265431e+06,1.2236068e+06
5824,1.265431e+06,1.2233909e+06
5824,1.265431e+06,1.2219374e+06
5824,1.265431e+06,1.2225535e+06
5824,1.265431e+06,1.2168311e+06
5824,1.265431e+06,1.21701e+06
5824,1.265431e+06,1.2189511e+06
5824,1.265431e+06,1.2246119e+06
5825,342039.25,458341.94
5825,342039.25,455060.03
5825,342039.25,459827.22
5826,207916.33,240778.86
5826,207916.33,240712.83
5827,835491.1,707652.2
5827,835491.1,714209.25
5828,663251.3,595063.4
5828,663251.3,622228.4
5829,688715.4,628823.9
5829,688715.4,625355.7
5829,688715.4,632652.56
5829,688715.4,632265.0
5829,688715.4,628631.6
5829,688715.4,634847.56
5829,688715.4,624252.4
5829,688715.4,630925.3
5829,688715.4,625502.2
5829,688715.4,629927.6
5829,688715.4,630493.5
5829,688715.4,619334.25
5830,581984.4,574763.4
5830,581984.4,576040.8
5831,660613.1,663020.25
5832,513413.5,584486.06
5832,513413.5,584709.2
5832,513413.5,577189.7
5832,513413.5,583385.5
5832,513413.5,577855.06
5832,513413.5,583707.94
5832,513413.5,583353.2
5832,513413.5,577182.5
5833,557378.4,458673.7
5833,557378.4,462163.0
5833,557378.4,464018.84
5833,557378.4,474615.1
5834,742433.56,742922.44
5834,742433.56,761601.44
5834,742433.56,744604.2
5835,227451.84,243581.33
5835,227451.84,242649.42
5836,475161.34,520162.5
5836,475161.34,532904.2
5837,838128.56,696373.5
5837,838128.56,712159.25
5838,447424.2,506744.47
5838,447424.2,509454.06
5838,447424.2,512623.16
5838,447424.2,504239.88
5838,447424.2,518351.12
5839,471855.1,460962.6
5839,471855.1,457580.72
5839,471855.1,473513.16
5840,556929.5,611324.56
5841,567525.4,638619.2
5841,567525.4,619040.25
5842,258837.25,254152.27
5842,258837.25,251743.7
5843,406449.47,387258.44
5843,406449.47,361789.94
5844,452334.5,430873.53
5844,452334.5,405452.84
5845,651679.44,630312.75
5845,651679.44,627633.1
5845,651679.44,628263.56
5845,651679.44,628790.2
5845,651679.44,631228.75
5845,651679.44,621177.9
5845,651679.44,622705.9
5845,651679.44,623086.56
5845,651679.44,629888.2
5845,651679.44,626927.06
5845,651679.44,629930.6
5845,651679.44,624968.44
5845,651679.44,630027.25
5845,651679.44,626422.7
5845,651679.44,617659.7
5846,232042.94,246019.05
5846,232042.94,248065.42
5846,232042.94,245805.42
5847,750152.44,720809.2
5848,235830.78,243946.7
5848,235830.78,243168.73
5849,848948.2,746465.7
5849,848948.2,739625.8
5849,848948.2,742377.56
5849,848948.2,741036.6
5849,848948.2,752062.0
5849,848948.2,749007.6
5849,848948.2,745131.8
5849,848948.2,748710.56
5850,575751.9,575079.06
5850,575751.9,565419.56
5850,575751.9,568857.4
5850,575751.9,568646.25
5850,575751.9,565722.75
5851,417555.3,305829.8
5851,417555.3,312853.9
5851,417555.3,314600.47
5852,802661.1,696628.75
5852,802661.1,703858.8
5853,308791.84,278365.6
5853,308791.84,287999.34
5853,308791.84,285139.16
5854,587664.5,724124.44
5854,587664.5,726604.94
5854,587664.5,728265.0
5854,587664.5,720222.5
5854,587664.5,726541.06
5854,587664.5,736299.25
5855,816831.6,748239.1
5855,816831.6,752626.6
5855,816831.6,751463.3
5855,816831.6,757073.8
5855,816831.6,749715.25
5855,816831.6,748990.9
5855,816831.6,728365.94
5856,739686.8,693048.8
5856,739686.8,678459.75
5857,584881.75,556497.94
5857,584881.75,572937.7
5858,679469.06,680876.56
5858,679469.06,667248.1
5859,381023.2,446518.12
5860,413228.3,305559.47
5860,413228.3,300808.72
5861,616547.8,647411.3
5861,616547.8,658729.5
5862,307425.56,281792.72
5862,307425.56,282916.88
5862,307425.56,285311.9
5863,856358.2,856714.1
5863,856358.2,894900.06
5864,804770.06,764964.75
5865,994635.1,960795.3
5865,994635.1,967836.06
5865,994635.1,960264.94
5865,994635.1,963977.75
5865,994635.1,952228.44
5865,994635.1,968241.4
5865,994635.1,961832.7
5865,994635.1,962001.0
5865,994635.1,957903.8
5865,994635.1,956503.9
5865,994635.1,955802.8
5865,994635.1,946401.7
5865,994635.1,957560.7
5865,994635.1,959096.2
5865,994635.1,956888.56
5866,539064.1,453661.28
5866,539064.1,457800.22
5866,539064.1,456205.28
5866,539064.1,461711.56
5867,449521.44,457625.7
5867,449521.44,454600.8
5867,449521.44,464909.34
5868,618278.75,601532.5
5868,618278.75,600574.56
5868,618278.75,603329.2
5868,618278.75,607596.75
5868,618278.75,606432.3
5868,618278.75,604241.25
5868,618278.75,601678.7
5868,618278.75,600159.1
5868,618278.75,601805.2
5868,618278.75,603430.25
5868,618278.75,596115.3
5868,618278.75,599440.75
5868,618278.75,601995.06
5869,473273.8,508190.22
5869,473273.8,512682.6
5870,607158.44,645043.1
5870,607158.44,660972.4
5871,586359.8,651437.44
5872,553589.3,528751.0
5873,562476.0,660390.5
5873,562476.0,659799.5
5873,562476.0,656035.8
5873,562476.0,656165.3
5873,562476.0,657999.4
5873,562476.0,655972.7
5873,562476.0,657698.5
5873,562476.0,619740.7
5874,471231.94,525607.94
5874,471231.94,518995.84
5874,471231.94,528286.06
5874,471231.94,531262.06
5875,644146.44,695921.5
5875,644146.44,694702.1
5875,644146.44,691803.9
5875,644146.44,699780.5
5875,644146.44,698798.5
5875,644146.44,698479.94
5876,662243.75,764558.7
5876,662243.75,760873.1
5876,662243.75,769530.0
5876,662243.75,765634.2
5876,662243.75,763614.6
5876,662243.75,770715.44
5876,662243.75,771542.1
5876,662243.75,762348.2
5876,662243.75,794235.25
5877,598333.0,656051.1
5877,598333.0,658963.3
5878,640850.6,525544.06
5879,533242.7,483860.9
5879,533242.7,487946.28
5880,759641.56,752684.1
5880,759641.56,748450.75
5880,759641.56,751173.94
5880,759641.56,750714.6
5880,759641.56,752354.75
5880,759641.56,752893.06
5880,759641.56,745877.25
5880,759641.56,776352.5
5881,848909.6,694165.56
5881,848909.6,667862.7
5882,836016.25,719205.44
5882,836016.25,736677.44
5882,836016.25,733769.06
5882,836016.25,727068.75
5882,836016.25,724094.0
5882,836016.25,745683.6
5883,651556.56,611259.94
5883,651556.56,624725.25
5884,242036.62,312417.38
5884,242036.62,312909.72
5884,242036.62,318768.03
5884,242036.62,314601.88
5885,553821.9,627087.44
5886,577443.8,645702.75
5886,577443.8,642968.44
5887,974742.6,770056.7
5887,974742.6,770843.1
5887,974742.6,768329.06
5887,974742.6,773097.7
5887,974742.6,777846.25
5887,974742.6,774829.5
5887,974742.6,780042.25
5887,974742.6,769055.94
5888,2.6335008e+06,2.6114042e+06
5888,2.6335008e+06,2.6148902e+06
5889,642529.9,608728.06
5889,642529.9,605799.75
5889,642529.9,606877.1
5889,642529.9,610248.06
5889,642529.9,608105.75
5889,642529.9,605344.8
5889,642529.9,609955.3
5889,642529.9,608369.7
5889,642529.9,604280.3
5889,642529.9,604869.0
5889,642529.9,606580.1
5889,642529.9,605505.3
5889,642529.9,606824.94
5889,642529.9,616797.25
5890,388805.62,500733.4
5890,388805.62,504524.94
5890,388805.62,496991.06
5890,388805.62,499558.8
5890,388805.62,499106.84
5890,388805.62,494765.44
5891,474289.47,504844.25
5891,474289.47,511457.72
5892,285015.12,340522.5
5892,285015.12,338058.66
5892,285015.12,332010.4
5892,285015.12,340428.75
5893,548577.25,642602.5
5893,548577.25,643993.75
5894,632581.06,602634.4
5894,632581.06,607176.94
5894,632581.06,588639.2
5895,592401.2,663105.6
5895,592401.2,679099.06
5895,592401.2,655378.5
5896,583632.8,580883.44
5896,583632.8,578738.75
5896,583632.8,580315.25
5896,583632.8,582147.0
5896,583632.8,584557.0
5896,583632.8,578678.56
5896,583632.8,562173.6
5897,591419.6,455201.84
5897,591419.6,465838.56
5897,591419.6,459418.34
5897,591419.6,468343.38
5897,591419.6,457457.84
5898,314552.75,271692.97
5898,314552.75,271140.62
5899,280788.78,298026.44
5899,280788.78,310554.47
5900,282256.97,256367.02
5900,282256.97,256661.86
5901,403807.25,302116.66
5901,403807.25,303670.62
5902,237729.28,265233.84
5902,237729.28,272015.78
5902,237729.28,271265.56
5903,309937.44,402059.2
5903,309937.44,403078.6
5903,309937.44,418978.38
5903,309937.44,410866.78
5904,287792.53,259226.7
5904,287792.53,266670.34
5905,799101.44,781123.75
5905,799101.44,776468.5
5905,799101.44,778554.44
5905,799101.44,775184.0
5905,799101.44,777024.1
5905,799101.44,777323.5
5905,799101.44,786027.06
5906,593973.6,596844.8
5906,593973.6,585395.5
5907,224118.38,244052.05
5907,224118.38,235479.17
5908,788901.4,825988.94
5908,788901.4,824822.7
5908,788901.4,826177.25
5908,788901.4,826684.4
5908,788901.4,830243.2
5908,788901.4,825642.44
5908,788901.4,831505.44
5909,608293.56,655331.94
5909,608293.56,652864.8
5909,608293.56,643863.2
5909,608293.56,619443.3
5910,2.3888145e+06,2.553473e+06
5910,2.3888145e+06,2.5515525e+06
5910,2.3888145e+06,2.5508242e+06
5910,2.3888145e+06,2.5511388e+06
5910,2.3888145e+06,2.549293e+06
5910,2.3888145e+06,2.548919e+06
5910,2.3888145e+06,2.552156e+06
5910,2.3888145e+06,2.553383e+06
5910,2.3888145e+06,2.550893e+06
5910,2.3888145e+06,2.5534788e+06
5910,2.3888145e+06,2.555941e+06
5911,412400.7,395721.94
5911,412400.7,390291.28
5912,551493.94,540485.2
5912,551493.94,553214.0
5913,544153.56,603032.75
5913,544153.56,616907.44
5914,1.2252905e+06,1.178082e+06
5914,1.2252905e+06,1.204594e+06
5915,689651.3,724051.2
5915,689651.3,724535.0
5915,689651.3,728596.75
5915,689651.3,723137.06
5915,689651.3,730267.06
5915,689651.3,722678.7
5915,689651.3,716037.44
5915,689651.3,737347.56
5916,549314.5,520393.0
5916,549314.5,511066.53
5916,549314.5,520245.94
5916,549314.5,515060.56
5916,549314.5,499765.2
5917,591059.75,653428.2
5917,591059.75,663480.5
5917,591059.75,652056.3
5917,591059.75,655526.2
5917,591059.75,663094.94
5917,591059.75,664987.4
5917,591059.75,664843.9
5917,591059.75,642398.56
5918,334987.12,338663.66
5918,334987.12,334963.62
5919,2.448685e+06,2.5829865e+06
5919,2.448685e+06,2.5877555e+06
5920,1.16117e+06,1.2057122e+06
5920,1.16117e+06,1.2099638e+06
5920,1.16117e+06,1.2102964e+06
5920,1.16117e+06,1.2074179e+06
5920,1.16117e+06,1.2081608e+06
5920,1.16117e+06,1.2087041e+06
5920,1.16117e+06,1.2098441e+06
5920,1.16117e+06,1.2105205e+06
5921,743676.06,755959.94
5921,743676.06,765732.3
5922,636213.25,646617.25
5922,636213.25,654505.6
5923,1.03158256e+06,1.0626424e+06
5923,1.03158256e+06,1.0824259e+06
5923,1.03158256e+06,1.0685825e+06
5924,301758.03,403290.06
5924,301758.03,403140.62
5924,301758.03,405309.7
5925,597854.25,675477.7
5925,597854.25,677453.56
5925,597854.25,695010.9
5925,597854.25,687534.94
5925,597854.25,685174.25
5926,715269.7,661294.4
5926,715269.7,662907.4
5926,715269.7,665240.4
5926,715269.7,666089.94
5926,715269.7,669320.0
5927,731195.1,655703.75
5927,731195.1,684805.7
5928,603860.56,643480.5
5928,603860.56,656545.4
5929,389858.0,454329.5
5929,389858.0,451184.97
5929,389858.0,450194.62
5929,389858.0,451119.97
5930,551276.9,498354.03
5930,551276.9,488550.5
5931,258207.92,247378.83
5931,258207.92,246864.77
5932,1.0588878e+06,971575.4
5932,1.0588878e+06,991014.0
5933,361456.06,305204.38
5933,361456.06,309207.47
5933,361456.06,314182.06
5934,637882.06,605614.2
5934,637882.06,596033.06
5934,637882.06,582483.6
5935,945005.44,940919.7
5935,945005.44,936835.3
5936,302800.78,267724.12
5936,302800.78,264276.7
5937,650372.8,774600.2
5937,650372.8,778863.8
5937,650372.8,771649.75
5937,650372.8,782207.9
5937,650372.8,768406.2
5937,650372.8,778858.2
5937,650372.8,776562.5
5937,650372.8,777576.06
5937,650372.8,775820.5
5937,650372.8,791311.25
5938,399267.9,347443.1
5938,399267.9,346893.9
5939,314775.9,283700.5
5939,314775.9,277310.88
5940,483993.56,521930.84
5940,483993.56,529177.06
5941,663632.9,732661.44
5941,663632.9,741773.75
5941,663632.9,736785.3
5941,663632.9,731891.1
5941,663632.9,736417.56
5941,663632.9,727039.5
5941,663632.9,727039.5
5941,663632.9,735650.5
5941,663632.9,736411.5
5941,663632.9,740063.9
5942,820900.06,702851.44
5942,820900.06,699830.3
5943,596892.7,593250.44
5943,596892.7,578965.1
5944,598273.6,536139.06
5944,598273.6,540524.9
5944,598273.6,541656.0
5944,598273.6,539177.75
5945,871085.75,863759.56
5945,871085.75,867916.4
5946,592599.25,669349.8
5946,592599.25,675798.56
5946,592599.25,676228.6
5946,592599.25,675515.3
5946,592599.25,674436.94
5946,592599.25,663526.0
5946,592599.25,660055.7
5946,592599.25,654211.7
5947,432461.03,415232.7
5947,432461.03,422583.53
5947,432461.03,441596.3
5947,432461.03,415733.7
5948,649119.9,653605.94
5948,649119.9,671030.25
5948,649119.9,653548.75
5949,509823.7,544374.06
5949,509823.7,536036.7
5949,509823.7,546194.2
5950,320832.8,329565.9
5950,320832.8,333330.62
5950,320832.8,331139.12
5951,552997.5,595703.7
5951,552997.5,612296.2
5952,480557.94,444548.94
5952,480557.94,435101.88
5952,480557.94,433576.56
5953,575155.94,606361.9
5953,575155.94,595546.2
5954,647793.1,612303.56
5954,647793.1,608325.56
5954,647793.1,615772.5
5954,647793.1,628801.9
5955,420618.62,495201.12
5955,420618.62,503846.84
5956,531289.8,619130.6
5956,531289.8,613438.75
5956,531289.8,616725.94
5956,531289.8,600058.75
5956,531289.8,606629.9
5957,245203.16,232546.92
5957,245203.16,238662.23
5957,245203.16,239867.55
5958,547304.5,570968.5
5958,547304.5,574525.4
5958,547304.5,552962.75
5959,431252.0,398895.78
5959,431252.0,398895.78
5959,431252.0,399598.66
5960,533970.7,565702.56
5960,533970.7,571948.3
5960,533970.7,574635.25
5960,533970.7,574426.94
5961,847273.94,849058.6
5961,847273.94,849416.5
5961,847273.94,849221.75
5961,847273.94,846308.06
5961,847273.94,851427.56
5961,847273.94,851092.3
5961,847273.94,852808.06
5961,847273.94,848565.9
5961,847273.94,846225.3
5961,847273.94,857059.4
5962,363395.25,302829.4
5962,363395.25,309070.94
5962,363395.25,306159.06
5963,515937.97,493634.97
5963,515937.97,492486.6
5963,515937.97,508036.44
5964,269214.38,248017.89
5964,269214.38,255306.02
5964,269214.38,252570.73
5965,861094.4,702921.2
5965,861094.4,677052.2
5966,675428.5,692866.75
5966,675428.5,705292.8
5967,298544.03,350145.22
5967,298544.03,352969.62
5968,422077.44,394289.53
5968,422077.44,396865.9
5968,422077.44,378633.88
5968,422077.44,392577.72
5968,422077.44,387029.4
5968,422077.44,395993.47
5969,776889.25,751971.25
5969,776889.25,748994.7
5969,776889.25,751567.3
5969,776889.25,745198.56
5969,776889.25,750903.6
5969,776889.25,745782.2
5969,776889.25,750263.44
5969,776889.25,759927.44
5970,211714.02,201319.23
5970,211714.02,205630.67
5971,416063.22,414363.4
5971,416063.22,419478.56
5971,416063.22,425068.7
5971,416063.22,431300.6
5971,416063.22,423274.06
5971,416063.22,422306.6
5971,416063.22,422306.6
5971,416063.22,436548.12
5972,581502.94,551384.2
5972,581502.94,563053.5
5973,401299.94,387055.3
5973,401299.94,406030.16
5974,603555.0,612007.7
5974,603555.0,620471.5
5975,638506.4,671250.75
5975,638506.4,688616.8
5975,638506.4,666300.44
5976,660510.25,602161.2
5976,660510.25,616539.94
5977,605683.0,666708.3
5977,605683.0,630764.2
5978,495475.53,544703.25
5978,495475.53,543239.7
5978,495475.53,546187.94
5978,495475.53,559624.44
5979,768108.3,756082.44
5980,330740.53,292118.06
5980,330740.53,287997.94
5981,272952.22,244600.27
5981,272952.22,254201.23
5981,272952.22,252221.42
5982,734496.9,771101.4
5982,734496.9,771588.94
5982,734496.9,770230.2
5982,734496.9,772765.75
5982,734496.9,766874.4
5982,734496.9,773544.94
5982,734496.9,760102.8
5982,734496.9,759415.5
5982,734496.9,763521.4
5982,734496.9,765639.2
5982,734496.9,768937.75
5983,569282.25,620201.0
5983,569282.25,623624.75
5983,569282.25,619586.5
5983,569282.25,624269.3
5983,569282.25,612022.06
5983,569282.25,620594.4
5983,569282.25,605388.9
5983,569282.25,608760.1
5983,569282.25,614068.0
5984,394825.5,371254.84
5984,394825.5,369140.44
5984,394825.5,367773.0
5984,394825.5,371254.84
5984,394825.5,384676.62
5985,158891.88,173928.2
5985,158891.88,169842.39
5986,879505.1,838560.7
5986,879505.1,843739.8
5986,879505.1,841536.3
5986,879505.1,836233.2
5986,879505.1,842736.06
5986,879505.1,836907.1
5986,879505.1,850360.75
5987,521641.3,513270.97
5987,521641.3,481474.3
5988,543046.7,537903.56
5988,543046.7,539378.75
5988,543046.7,547252.3
5988,543046.7,554942.5
5989,419326.84,384553.1
5989,419326.84,395254.25
5990,402803.4,371393.75
5990,402803.4,363735.72
5990,402803.4,377064.66
5991,436125.2,415718.0
5991,436125.2,415799.53
5991,436125.2,433058.94
5992,608820.7,620093.7
5992,608820.7,623303.56
5992,608820.7,619954.2
5992,608820.7,621715.2
5992,608820.7,623675.44
5992,608820.7,624603.0
5992,608820.7,623739.6
5992,608820.7,624786.1
5992,608820.7,617582.7
5992,608820.7,622864.06
5992,608820.7,623398.5
5992,608820.7,624506.3
5992,608820.7,616103.0
5993,660130.5,591233.8
5993,660130.5,586305.3
5994,301990.38,279368.12
5994,301990.38,285820.38
5994,301990.38,286728.7
5995,1.1579919e+06,1.1272284e+06
5995,1.1579919e+06,1.1290685e+06
5995,1.1579919e+06,1.1238754e+06
5995,1.1579919e+06,1.1331761e+06
5995,1.1579919e+06,1.1266869e+06
5995,1.1579919e+06,1.1276022e+06
5995,1.1579919e+06,1.129802e+06
5995,1.1579919e+06,1.149592e+06
5996,381226.78,300258.1
5996,381226.78,304647.88
5997,379068.8,301085.16
5997,379068.8,298948.25
5998,624933.25,570259.94
5998,624933.25,567871.44
5998,624933.25,563697.56
5998,624933.25,579720.0
5998,624933.25,568304.75
5998,624933.25,564597.5
5999,383017.56,483367.53
5999,383017.56,485688.22
5999,383017.56,485217.66
5999,383017.56,486666.47
6000,416780.25,436634.1
6000,416780.25,425360.5
6001,777466.06,740136.8
6001,777466.06,748848.06
6001,777466.06,743870.2
6001,777466.06,744556.5
6001,777466.06,734012.44
6001,777466.06,772596.9
6002,491415.2,571264.2
6002,491415.2,562095.06
6002,491415.2,562069.7
6002,491415.2,564859.1
6002,491415.2,564201.7
6002,491415.2,562986.56
6002,491415.2,561749.8
6003,635043.0,575097.8
6003,635043.0,566563.2
6003,635043.0,578322.44
6003,635043.0,589089.94
6004,575617.5,589004.3
6004,575617.5,593956.56
6004,575617.5,585705.75
6004,575617.5,589015.56
6004,575617.5,588914.1
6005,630855.75,587282.94
6005,630855.75,588814.4
6005,630855.75,586153.25
6005,630855.75,590163.44
6005,630855.75,590096.2
6005,630855.75,586374.0
6005,630855.75,585616.0
6005,630855.75,594023.7
6006,372325.28,329775.78
6007,316652.84,283021.53
6007,316652.84,287800.6
6007,316652.84,286354.22
6008,2.421698e+06,2.568941e+06
6008,2.421698e+06,2.5774692e+06
6009,740793.1,754366.44
6009,740793.1,754866.6
6009,740793.1,756846.75
6009,740793.1,754598.6
6009,740793.1,754544.56
6009,740793.1,754530.7
6009,740793.1,757014.0
6009,740793.1,756663.06
6009,740793.1,764053.8
6010,292145.47,306025.72
6010,292145.47,300796.03
6011,1.1487756e+06,1.1528505e+06
6011,1.1487756e+06,1.1521825e+06
6011,1.1487756e+06,1.1499765e+06
6011,1.1487756e+06,1.1501124e+06
6011,1.1487756e+06,1.1490079e+06
6011,1.1487756e+06,1.1500374e+06
6011,1.1487756e+06,1.1456088e+06
6011,1.1487756e+06,1.1499744e+06
6011,1.1487756e+06,1.1369174e+06
6011,1.1487756e+06,1.121158e+06
6012,266435.03,299450.38
6012,266435.03,305033.34
6012,266435.03,308762.88
6013,387015.25,488445.88
6013,387015.25,489581.88
6013,387015.25,491146.12
6013,387015.25,499571.2
6014,639896.56,671889.2
6014,639896.56,664115.6
6014,639896.56,656677.0
6014,639896.56,669528.1
6015,725297.0,728183.5
6015,725297.0,732077.06
6015,725297.0,724110.44
6015,725297.0,725756.56
6015,725297.0,725154.6
6015,725297.0,718417.0
6015,725297.0,717697.4
6015,725297.0,717404.9
6015,725297.0,737872.25
6016,735230.44,759065.25
6016,735230.44,758232.4
6016,735230.44,756636.3
6016,735230.44,750528.2
6016,735230.44,758457.75
6016,735230.44,758466.8
6016,735230.44,761057.0
6016,735230.44,759732.3
6016,735230.44,770047.9
6017,285197.97,245286.36
6017,285197.97,231617.02
6018,759923.4,716437.4
6018,759923.4,718163.1
6018,759923.4,717937.5
6018,759923.4,715655.06
6018,759923.4,726804.25
6019,481583.16,461116.75
6019,481583.16,451930.25
6020,664051.9,672787.25
6021,622425.3,625995.75
6022,298665.06,265162.66
6022,298665.06,269860.12
6022,298665.06,268498.4
6023,570473.25,661631.1
6023,570473.25,677431.5
6024,686523.94,623483.75
6024,686523.94,629239.9
6024,686523.94,628603.9
6024,686523.94,624789.7
6024,686523.94,630572.0
6024,686523.94,621622.5
6024,686523.94,629789.5
6024,686523.94,627271.5
6024,686523.94,628310.3
6024,686523.94,627617.25
6024,686523.94,621729.1
6024,686523.94,637133.4
6025,250052.2,223840.11
6025,250052.2,231496.05
6026,218384.86,251704.36
6027,349553.3,308039.03
6027,349553.3,295683.72
6028,212017.66,279592.8
6028,212017.66,286342.66
6029,586126.9,482542.34
6029,586126.9,473701.94
6030,381412.25,443843.3
6030,381412.25,452951.8
6030,381412.25,452079.2
6030,381412.25,465969.06
6031,599299.0,671936.2
6031,599299.0,669029.94
6031,599299.0,669029.94
6031,599299.0,662847.56
6031,599299.0,663730.0
6031,599299.0,667748.44
6032,391908.53,379558.28
6032,391908.53,381015.66
6032,391908.53,365969.75
6033,479659.1,539255.94
6033,479659.1,543212.3
6033,479659.1,548099.25
6033,479659.1,544212.44
6033,479659.1,539074.7
6033,479659.1,552527.2
6034,827932.0,852156.7
6034,827932.0,850874.9
6034,827932.0,849918.1
6034,827932.0,853808.8
6034,827932.0,847834.2
6034,827932.0,853729.8
6034,827932.0,854728.1
6034,827932.0,852151.8
6034,827932.0,841089.1
6034,827932.0,843231.8
6034,827932.0,856661.1
6035,2.675274e+06,2.6145235e+06
6035,2.675274e+06,2.6133468e+06
6036,598208.5,637451.44
6036,598208.5,637209.94
6036,598208.5,640013.9
6036,598208.5,640456.8
6037,373672.94,297073.0
6037,373672.94,301413.38
6038,208369.69,247296.3
6039,556041.9,616084.25
6039,556041.9,623536.25
6040,212921.75,201888.39
6040,212921.75,199196.27
6041,215354.83,204748.61
6041,215354.83,212332.42
6042,883247.4,752114.94
6042,883247.4,751048.3
6042,883247.4,748978.1
6042,883247.4,745335.6
6042,883247.4,748930.25
6042,883247.4,738441.3
6042,883247.4,739895.8
6042,883247.4,731512.7
6043,653768.5,728425.6
6043,653768.5,708908.3
6044,503515.34,578964.0
6044,503515.34,561529.25
6045,264912.88,250794.98
6045,264912.88,251451.11
6046,318290.28,337671.62
6046,318290.28,339662.84
6046,318290.28,341570.0
6046,318290.28,324164.53
6047,747801.7,603165.4
6047,747801.7,591010.1
6048,393756.6,372332.5
6049,777014.6,720510.44
6049,777014.6,733260.75
6050,2.7066432e+06,2.5858078e+06
6050,2.7066432e+06,2.587999e+06
6051,1.1927169e+06,1.2265892e+06
6051,1.1927169e+06,1.225748e+06
6051,1.1927169e+06,1.2280559e+06
6051,1.1927169e+06,1.2256786e+06
6051,1.1927169e+06,1.231035e+06
6051,1.1927169e+06,1.2261145e+06
6051,1.1927169e+06,1.2286681e+06
6051,1.1927169e+06,1.2161079e+06
6051,1.1927169e+06,1.2228669e+06
6051,1.1927169e+06,1.2237626e+06
6052,689436.0,744237.0
6052,689436.0,742809.25
6052,689436.0,744791.3
6052,689436.0,747001.4
6052,689436.0,749023.75
6052,689436.0,766619.75
6053,539757.1,446585.97
6053,539757.1,462391.7
6053,539757.1,447814.34
6054,389046.44,374181.1
6054,389046.44,368631.1
6055,487840.88,404046.7
6055,487840.88,396685.53
6056,831005.8,806687.75
6056,831005.8,814358.06
6056,831005.8,819186.25
6056,831005.8,814225.4
6056,831005.8,807460.25
6056,831005.8,820966.44
6056,831005.8,814974.3
6056,831005.8,817582.75
6056,831005.8,816532.4
6056,831005.8,810574.56
6057,392431.53,451539.56
6057,392431.53,459853.34
6057,392431.53,455580.88
6057,392431.53,473523.97
6058,388117.06,300676.3
6058,388117.06,316765.53
6058,388117.06,311733.84
6059,658222.8,711300.4
6059,658222.8,732948.7
6059,658222.8,718357.06
6060,855804.5,736022.4
6060,855804.5,738925.2
6060,855804.5,738830.94
6060,855804.5,738336.0
6060,855804.5,742075.2
6060,855804.5,748528.3
6061,471475.06,432550.66
6061,471475.06,429221.2
6061,471475.06,442963.44
6062,736500.4,682563.25
6062,736500.4,671594.0
6063,405690.78,514433.06
6063,405690.78,505238.34
6064,764413.75,663043.06
6064,764413.75,670767.9
6064,764413.75,662709.75
6064,764413.75,678161.8
6064,764413.75,688919.8
6065,543695.6,532686.3
6065,543695.6,523044.88
6066,2.3330415e+06,2.5473502e+06
6066,2.3330415e+06,2.5469952e+06
6066,2.3330415e+06,2.5430165e+06
6067,952331.25,744114.8
6067,952331.25,747167.4
6067,952331.25,750907.5
6067,952331.25,746341.75
6067,952331.25,747107.9
6067,952331.25,754359.56
6068,431961.03,324061.66
6069,321652.78,277567.44
6070,571401.25,709428.56
6070,571401.25,702397.2
6071,864463.8,832107.9
6071,864463.8,851728.1
6072,229916.88,311780.88
6072,229916.88,311098.7
6072,229916.88,311916.25
6072,229916.88,309638.22
6073,755746.94,742627.94
6073,755746.94,742755.3
6073,755746.94,747380.25
6073,755746.94,731465.44
6073,755746.94,730360.9
6073,755746.94,769150.2
6074,557119.75,534387.7
6074,557119.75,525801.2
6075,491291.88,487864.16
6075,491291.88,491338.38
6075,491291.88,504611.94
6075,491291.88,518863.5
6076,431663.12,414612.34
6076,431663.12,421029.34
6076,431663.12,421866.78
6077,265007.72,254775.02
6077,265007.72,256220.2
6077,265007.72,257385.86
6077,265007.72,247692.39
6078,400973.8,300878.34
6078,400973.8,314601.22
6078,400973.8,307218.62
6079,393715.2,405881.1
6079,393715.2,405190.66
6079,393715.2,420912.28
6080,567264.75,542964.56
6080,567264.75,542727.75
6080,567264.75,532081.56
6080,567264.75,532763.7
6080,567264.75,519703.38
6080,567264.75,531355.0
6081,310367.03,315601.22
6081,310367.03,309707.88
6082,580752.75,597298.0
6082,580752.75,589926.7
6083,487791.06,496050.56
6083,487791.06,495974.47
6083,487791.06,498144.7
6083,487791.06,509169.06
6084,256047.73,248028.73
6084,256047.73,247025.11
6085,594399.6,600680.5
6085,594399.6,596675.3
6085,594399.6,605046.75
6085,594399.6,586322.4
6086,173484.19,244727.8
6086,173484.19,254795.52
6086,173484.19,250925.2
6087,458394.66,552178.44
6087,458394.66,544298.44
6087,458394.66,545165.94
6087,458394.66,541369.2
6087,458394.66,546511.44
6087,458394.66,549915.0
6087,458394.66,539024.5
6088,486586.9,507179.34
6089,2.37007e+06,2.5688962e+06
6089,2.37007e+06,2.568305e+06
6090,711925.6,697366.7
6090,711925.6,701779.44
6091,302047.9,319515.22
6091,302047.9,318729.0
6091,302047.9,324452.28
6091,302047.9,322142.47
6092,242332.58,251628.14
6092,242332.58,252156.95
6093,145728.88,174500.36
6093,145728.88,169809.23
6094,490527.66,495534.16
6094,490527.66,498011.06
6094,490527.66,514890.97
6095,669445.25,693568.6
6096,178042.94,193775.64
6096,178042.94,200780.92
6097,994423.94,1.0734674e+06
6097,994423.94,1.0655211e+06
6098,2.2016928e+06,2.5520442e+06
6098,2.2016928e+06,2.5519968e+06
6099,560547.56,567860.06
6099,560547.56,580769.06
6099,560547.56,572083.3
6099,560547.56,573205.6
6100,979816.94,960727.8
6101,807821.0,689400.25
6101,807821.0,695744.0
6102,1.0365692e+06,783279.44
6103,364292.72,471049.9
6103,364292.72,463684.2
6104,429454.97,522837.38
6104,429454.97,520192.22
6104,429454.97,523689.84
6105,581324.8,617899.56
6105,581324.8,625731.9
6105,581324.8,620338.6
6105,581324.8,618431.0
6105,581324.8,632942.06
6106,679299.25,724812.2
6106,679299.25,708854.7
6107,379217.72,294966.8
6107,379217.72,310940.1
6108,1.01359244e+06,1.0027935e+06
6108,1.01359244e+06,986370.7
6109,609592.25,663471.5
6109,609592.25,684694.2
6110,870571.3,884605.94
6110,870571.3,882530.9
6110,870571.3,886243.4
6110,870571.3,885717.0
6110,870571.3,888119.1
6110,870571.3,886730.44
6110,870571.3,887108.7
6110,870571.3,876090.44
6110,870571.3,880549.1
6110,870571.3,885518.56
6110,870571.3,873966.56
6110,870571.3,886994.56
6110,870571.3,875231.5
6110,870571.3,886875.8
6111,444002.0,414851.72
6111,444002.0,414231.7
6111,444002.0,430996.53
6111,444002.0,421599.28
6112,371716.4,462335.62
6112,371716.4,468682.03
6112,371716.4,468250.78
6112,371716.4,471181.22
6113,647093.6,537751.9
6114,382550.22,309915.7
6114,382550.22,310423.84
6114,382550.22,321350.25
6115,682012.06,712594.2
6115,682012.06,706052.4
6116,1.3621434e+06,1.2807058e+06
6116,1.3621434e+06,1.2817546e+06
6116,1.3621434e+06,1.2814275e+06
6116,1.3621434e+06,1.28198e+06
6116,1.3621434e+06,1.2735576e+06
6116,1.3621434e+06,1.2817338e+06
6116,1.3621434e+06,1.2815866e+06
6116,1.3621434e+06,1.2807552e+06
6116,1.3621434e+06,1.2564001e+06
6117,530121.56,610594.1
6117,530121.56,624311.9
6118,541282.3,740957.94
6118,541282.3,730859.4
6118,541282.3,731831.9
6118,541282.3,738959.6
6118,541282.3,749196.5
6118,541282.3,742361.8
6118,541282.3,743987.5
6119,578371.56,632341.7
6119,578371.56,632824.06
6119,578371.56,642711.6
6119,578371.56,639879.25
6119,578371.56,644411.5
6119,578371.56,624440.56
6120,547325.7,471841.4
6120,547325.7,452420.66
6121,1.1282481e+06,1.1119931e+06
6121,1.1282481e+06,1.1164936e+06
6121,1.1282481e+06,1.105352e+06
6122,216573.19,244115.08
6122,216573.19,251674.55
6122,216573.19,243603.89
6123,392300.0,310658.38
6123,392300.0,306240.84
6123,392300.0,301006.16
6124,2.3385745e+06,2.5678122e+06
6124,2.3385745e+06,2.565733e+06
6125,680926.94,660273.25
6125,680926.94,656310.9
6125,680926.94,660537.2
6125,680926.94,655303.5
6125,680926.94,654823.0
6125,680926.94,654134.4
6125,680926.94,653557.44
6126,505149.3,552826.8
6126,505149.3,552172.3
6127,274287.8,255800.67
6127,274287.8,259075.95
6127,274287.8,254257.45
6128,529061.5,551461.06
6128,529061.5,560553.0
6129,432791.8,406378.88
6129,432791.8,411489.53
6129,432791.8,405400.72
6130,983073.75,981495.25
6130,983073.75,976982.2
6130,983073.75,978591.8
6130,983073.75,971883.94
6130,983073.75,981839.5
6130,983073.75,990368.6
6130,983073.75,985695.3
6130,983073.75,978783.06
6130,983073.75,987591.5
6131,445690.0,487870.9
6131,445690.0,491049.84
6132,456639.6,403699.88
6132,456639.6,403643.6
6132,456639.6,407374.16
6133,499328.84,440258.25
6133,499328.84,441736.66
6134,428007.53,435944.03
6134,428007.53,427783.47
6135,494545.06,567532.56
6135,494545.06,561833.3
6136,707231.94,760085.2
6137,501670.38,533096.5
6137,501670.38,542827.2
6137,501670.38,541608.8
6137,501670.38,537834.75
6138,615001.3,693794.4
6138,615001.3,700999.25
6138,615001.3,690585.75
6138,615001.3,693756.94
6138,615001.3,698835.3
6138,615001.3,700591.56
6139,412555.8,404706.88
6139,412555.8,395298.3
6140,496907.03,594895.25
6140,496907.03,598792.06
6141,286809.66,267327.4
6141,286809.66,266753.03
6141,286809.66,267421.06
6142,374544.1,324105.84
6142,374544.1,324356.53
6142,374544.1,320320.75
6143,346834.84,344293.7
6143,346834.84,348340.38
6144,436252.4,445983.47
6144,436252.4,448755.2
6144,436252.4,452859.78
6144,436252.4,455566.88
6145,630945.94,659079.94
6145,630945.94,650227.8
6146,507889.1,460371.03
6146,507889.1,460508.28
6147,527543.75,496672.72
6147,527543.75,515193.44
6147,527543.75,519666.97
6148,275679.34,286861.84
6148,275679.34,282419.16
6149,543959.4,572027.3
6149,543959.4,576511.4
6149,543959.4,576458.1
6149,543959.4,575913.25
6149,543959.4,571577.8
6149,543959.4,574940.1
6149,543959.4,581183.0
6150,809961.9,780492.06
6150,809961.9,799220.7
6151,665211.94,717274.1
6151,665211.94,720330.5
6151,665211.94,723550.25
6151,665211.94,723362.25
6151,665211.94,721177.4
6151,665211.94,729940.75
6151,665211.94,686155.6
6152,637749.7,634128.56
6152,637749.7,630064.44
6152,637749.7,634423.9
6152,637749.7,631746.6
6152,637749.7,631499.8
6152,637749.7,636801.44
6152,637749.7,630249.56
6152,637749.7,628192.2
6153,680299.4,691037.6
6153,680299.4,709206.6
6154,199969.95,281524.56
6154,199969.95,283813.44
6155,597813.44,620071.5
6155,597813.44,628718.2
6155,597813.44,622006.6
6155,597813.44,617865.2
6155,597813.44,623134.0
6155,597813.44,616552.2
6155,597813.44,612811.2
6155,597813.44,613059.44
6155,597813.44,611111.4
6155,597813.44,607005.2
6156,479660.3,519572.1
6157,299441.78,270810.62
6157,299441.78,270588.0
6157,299441.78,270193.4
6158,940676.06,973526.06
6158,940676.06,972099.25
6158,940676.06,966855.06
6158,940676.06,969094.3
6158,940676.06,978183.3
6158,940676.06,960433.2
6159,286875.5,264194.1
6159,286875.5,249621.3
6160,583290.2,611469.25
6161,688078.3,656148.44
6161,688078.3,663980.3
6161,688078.3,667472.44
6161,688078.3,659731.4
6161,688078.3,655075.25
6161,688078.3,652305.3
6161,688078.3,654574.44
6161,688078.3,677892.44
6162,744443.5,593953.7
6162,744443.5,598934.06
6163,557053.25,504537.1
6163,557053.25,498148.5
6164,279986.62,261644.89
6164,279986.62,255948.89
6165,466361.28,510946.38
6166,610158.9,601596.56
6166,610158.9,610471.6
6166,610158.9,593407.6
6167,859523.5,703299.2
6167,859523.5,722471.4
6168,399054.28,491442.8
6168,399054.28,483440.94
6168,399054.28,484577.5
6168,399054.28,488301.6
6168,399054.28,478132.4
6169,752362.0,739408.56
6169,752362.0,751236.94
6170,933727.7,758763.75
6170,933727.7,753336.1
6170,933727.7,752560.3
6170,933727.7,752922.3
6170,933727.7,756057.56
6170,933727.7,780633.4
6171,441327.9,308939.25
6171,441327.9,320089.22
6172,422280.1,490039.12
6172,422280.1,493255.7
6172,422280.1,489108.12
6172,422280.1,498595.3
6173,468898.88,523605.34
6173,468898.88,521884.25
6173,468898.88,526107.7
6173,468898.88,524453.4
6173,468898.88,510834.06
6174,727169.9,716001.6
6174,727169.9,719860.94
6174,727169.9,715973.8
6174,727169.9,716091.1
6174,727169.9,708263.1
6174,727169.9,730683.44
6175,688197.4,772835.5
6175,688197.4,768900.1
6175,688197.4,769774.0
6175,688197.4,773465.3
6175,688197.4,771234.2
6175,688197.4,776923.75
6175,688197.4,771141.7
6175,688197.4,767292.9
6175,688197.4,766735.8
6175,688197.4,793019.56
6176,871510.94,903550.44
6176,871510.94,903446.25
6176,871510.94,891814.5
6176,871510.94,894558.7
6176,871510.94,896207.3
6176,871510.94,894959.56
6176,871510.94,894903.6
6176,871510.94,891790.3
6176,871510.94,897715.75
6177,737598.5,688941.56
6177,737598.5,683396.9
6177,737598.5,688759.5
6177,737598.5,693518.8
6177,737598.5,667869.3
6178,337993.22,281100.1
6178,337993.22,287803.25
6179,772727.56,678964.4
6179,772727.56,672845.75
6180,407394.62,478440.66
6180,407394.62,483986.56
6180,407394.62,469515.94
6181,636558.7,544207.6
6181,636558.7,548766.75
6181,636558.7,553297.4
6181,636558.7,557839.56
6181,636558.7,555475.6
6182,622436.8,699873.8
6182,622436.8,693002.5
6182,622436.8,695810.2
6182,622436.8,707549.44
6182,622436.8,712167.4
6183,2.3149275e+06,2.568368e+06
6183,2.3149275e+06,2.5668015e+06
6183,2.3149275e+06,2.5636182e+06
6184,591095.3,520818.7
6184,591095.3,511259.56
6184,591095.3,528659.2
6185,618306.25,471053.0
6185,618306.25,480544.66
6185,618306.25,479750.44
6185,618306.25,472331.25
6185,618306.25,476927.34
6186,791257.5,709649.3
6186,791257.5,689432.06
6187,434209.72,366076.75
6187,434209.72,364456.8
6188,836063.44,814372.44
6188,836063.44,822899.44
6189,1.325086e+06,1.32291e+06
6189,1.325086e+06,1.3229222e+06
6189,1.325086e+06,1.3248076e+06
6189,1.325086e+06,1.3236922e+06
6189,1.325086e+06,1.3238102e+06
6189,1.325086e+06,1.3173532e+06
6189,1.325086e+06,1.3332834e+06
6189,1.325086e+06,1.3184415e+06
6189,1.325086e+06,1.3250342e+06
6189,1.325086e+06,1.3302499e+06
6190,417890.1,491932.72
6190,417890.1,490285.66
6190,417890.1,490425.47
6190,417890.1,490822.62
6191,1.1698222e+06,1.2262848e+06
6191,1.1698222e+06,1.2291575e+06
6191,1.1698222e+06,1.2285524e+06
6191,1.1698222e+06,1.2298332e+06
6191,1.1698222e+06,1.2303876e+06
6191,1.1698222e+06,1.231885e+06
6191,1.1698222e+06,1.2297269e+06
6191,1.1698222e+06,1.220495e+06
6191,1.1698222e+06,1.2244109e+06
6191,1.1698222e+06,1.2159926e+06
6191,1.1698222e+06,1.2250725e+06
6191,1.1698222e+06,1.2225101e+06
6192,702992.25,609053.2
6192,702992.25,618432.56
6192,702992.25,619219.3
6192,702992.25,608768.06
6192,702992.25,612603.9
6193,268082.6,255354.8
6193,268082.6,251896.33
6194,750740.75,704003.3
6195,947118.1,938321.5
6195,947118.1,942107.44
6195,947118.1,931192.75
6195,947118.1,940418.0
6195,947118.1,955089.56
6195,947118.1,934536.4
6195,947118.1,945260.1
6195,947118.1,945260.1
6195,947118.1,963261.8
6195,947118.1,942897.25
6195,947118.1,935879.44
6196,574195.7,671933.7
6196,574195.7,685023.8
6196,574195.7,663682.25
6197,236599.78,299513.97
6197,236599.78,295898.5
6198,737738.06,601319.44
6198,737738.06,587513.1
6199,488509.72,590610.25
6200,585877.2,557162.06
6200,585877.2,551568.4
6200,585877.2,552003.1
6200,585877.2,572378.9
6200,585877.2,570746.25
6201,650961.1,655870.7
6201,650961.1,680114.06
6202,507678.62,586961.6
6202,507678.62,586465.7
6203,309167.6,275069.06
6203,309167.6,280173.1
6203,309167.6,280746.0
6204,791753.3,609355.1
6204,791753.3,622676.1
6204,791753.3,598442.25
6205,728098.75,713748.06
6205,728098.75,717700.7
6205,728098.75,713120.75
6205,728098.75,709997.7
6205,728098.75,720918.94
6205,728098.75,705381.25
6206,479881.44,514391.53
6206,479881.44,532304.75
6206,479881.44,515932.38
6207,660689.7,612877.44
6207,660689.7,609858.56
6207,660689.7,609287.7
6207,660689.7,622622.06
6208,913539.3,745310.06
6208,913539.3,735600.94
6208,913539.3,745005.25
6208,913539.3,745677.8
6208,913539.3,739648.94
6208,913539.3,722844.75
6208,913539.3,730347.9
6208,913539.3,728016.75
6209,436602.78,485053.75
6209,436602.78,477965.0
6210,542978.25,577666.1
6210,542978.25,607311.94
6211,565125.4,490344.4
6211,565125.4,501220.06
6211,565125.4,496140.56
6211,565125.4,503313.56
6212,924319.5,728843.2
6212,924319.5,751424.6
6212,924319.5,721614.94
6213,168647.45,185071.77
6213,168647.45,191488.39
6214,662139.06,728963.56
6214,662139.06,732767.3
6214,662139.06,728028.8
6214,662139.06,728340.44
6214,662139.06,733245.56
6214,662139.06,720655.9
6214,662139.06,733182.1
6214,662139.06,718890.75
6215,611039.5,550135.5
6215,611039.5,561948.44
6215,611039.5,542376.75
6216,758626.5,750730.75
6216,758626.5,759045.2
6216,758626.5,751572.3
6216,758626.5,754005.3
6216,758626.5,759314.56
6216,758626.5,758595.1
6216,758626.5,761205.94
6216,758626.5,756195.0
6216,758626.5,756601.9
6216,758626.5,770007.8
6217,566947.25,551192.4
6217,566947.25,559941.2
6217,566947.25,552236.7
6217,566947.25,571781.56
6217,566947.25,574731.9
6218,400010.1,373347.2
6218,400010.1,377232.6
6218,400010.1,383736.34
6218,400010.1,378881.84
6219,518399.1,548567.9
6219,518399.1,536318.44
6219,518399.1,547790.9
6219,518399.1,544638.94
6219,518399.1,532901.7
6220,456301.03,392421.62
6220,456301.03,397637.84
6221,538009.06,447595.44
6221,538009.06,441049.97
6222,884579.25,711118.94
6222,884579.25,710813.7
6223,612908.44,714355.2
6223,612908.44,708263.6
6223,612908.44,710385.2
6223,612908.44,708249.94
6223,612908.44,712578.75
6223,612908.44,720134.0
6223,612908.44,690091.6
6224,605519.1,576961.06
6224,605519.1,582723.2
6224,605519.1,582803.6
6224,605519.1,572669.94
6224,605519.1,558934.9
6225,784878.25,686883.0
6225,784878.25,669397.56
6226,239485.45,246622.14
6226,239485.45,246274.77
6227,780423.2,681677.1
6227,780423.2,695934.75
6227,780423.2,675851.75
6228,229122.42,240028.33
6228,229122.42,247228.98
6229,640696.06,638681.1
6229,640696.06,640068.75
6230,639583.06,606148.75
6230,639583.06,609593.4
6230,639583.06,605391.9
6230,639583.06,606715.1
6230,639583.06,605993.75
6230,639583.06,608861.0
6230,639583.06,605018.4
6230,639583.06,608434.0
6230,639583.06,605385.25
6230,639583.06,603731.0
6230,639583.06,602371.7
6230,639583.06,604473.2
6230,639583.06,617776.2
6231,816987.94,611862.3
6231,816987.94,614559.8
6232,124689.234,206904.92
6232,124689.234,215557.33
6232,124689.234,210451.83
6233,193956.86,283725.97
6234,358152.66,368953.66
6234,358152.66,358866.6
6235,799713.3,695689.6
6235,799713.3,702686.4
6236,404722.1,464221.12
6236,404722.1,464130.8
6236,404722.1,462811.56
6236,404722.1,474548.9
6237,605961.9,594673.8
6237,605961.9,581563.56
6238,2.662691e+06,2.608922e+06
6238,2.662691e+06,2.6086348e+06
6239,359869.28,356224.53
6240,534236.94,442772.47
6240,534236.94,438600.22
6240,534236.94,440049.25
6240,534236.94,449736.16
6241,490078.4,429126.8
6241,490078.4,414549.44
6242,595650.8,599539.2
6242,595650.8,588405.56
6242,595650.8,592854.6
6242,595650.8,596986.94
6242,595650.8,595066.5
6243,265986.2,260580.08
6244,399347.56,356089.5
6244,399347.56,359022.12
6245,610129.25,753788.6
6246,675206.75,702221.2
6246,675206.75,693463.44
6247,440663.38,396000.62
6247,440663.38,395272.22
6248,477890.5,515768.47
6248,477890.5,515953.97
6248,477890.5,516655.03
6248,477890.5,503291.12
6248,477890.5,514530.22
6249,597534.8,581393.44
6249,597534.8,590749.3
6249,597534.8,594560.25
6249,597534.8,589056.9
6250,525787.9,582649.25
6250,525787.9,597730.3
6251,775087.94,779467.8
6251,775087.94,782709.5
6252,589167.2,589840.6
6252,589167.2,590864.9
6253,686525.4,590557.1
6253,686525.4,591163.6
6254,180399.56,194670.83
6254,180399.56,191063.2
6255,248813.55,310163.62
6255,248813.55,318521.28
6256,777950.44,627423.0
6256,777950.44,636857.2
6256,777950.44,642368.7
6256,777950.44,627191.4
6256,777950.44,623983.9
6257,627765.06,652998.0
6257,627765.06,652028.7
6257,627765.06,663892.25
6257,627765.06,662248.44
6257,627765.06,665006.4
6257,627765.06,665690.7
6258,1.32442e+06,1.2921448e+06
6258,1.32442e+06,1.2949586e+06
6258,1.32442e+06,1.2949792e+06
6258,1.32442e+06,1.2920638e+06
6258,1.32442e+06,1.2971248e+06
6258,1.32442e+06,1.2947765e+06
6258,1.32442e+06,1.2962919e+06
6258,1.32442e+06,1.2921645e+06
6258,1.32442e+06,1.284514e+06
6259,2.646733e+06,2.6031825e+06
6259,2.646733e+06,2.6097035e+06
6260,766401.3,742653.06
6260,766401.3,742934.9
6260,766401.3,742081.6
6260,766401.3,748095.3
6260,766401.3,738743.5
6260,766401.3,743901.94
6260,766401.3,748617.4
6261,987545.94,927924.1
6261,987545.94,922377.56
6261,987545.94,907274.56
6262,848056.3,801645.0
6262,848056.3,795704.7
6262,848056.3,803139.56
6262,848056.3,795724.06
6262,848056.3,793105.56
6262,848056.3,794545.25
6262,848056.3,794388.3
6262,848056.3,801281.3
6262,848056.3,799931.9
6262,848056.3,799493.9
6263,473883.7,519451.62
6263,473883.7,526460.0
6263,473883.7,507449.28
6264,722780.3,750273.75
6264,722780.3,749184.94
6264,722780.3,746179.7
6264,722780.3,747334.06
6264,722780.3,749100.94
6264,722780.3,747989.44
6264,722780.3,763938.06
6265,434210.9,375295.0
6265,434210.9,372616.62
6266,819212.7,702208.25
6266,819212.7,710732.75
6267,365562.3,291300.56
6267,365562.3,291371.44
6267,365562.3,297027.78
6268,652600.9,658695.06
6268,652600.9,665099.3
6268,652600.9,664092.2
6268,652600.9,669262.8
6268,652600.9,670591.3
6268,652600.9,675060.3
6269,840606.8,793046.25
6269,840606.8,812814.6
6270,527599.3,588169.8
6270,527599.3,578474.1
6271,318630.53,283397.34
6271,318630.53,289784.06
6272,679817.44,659839.06
6272,679817.44,665464.6
6273,890095.3,724908.2
6273,890095.3,735584.56
6274,457163.6,498009.56
6274,457163.6,498452.7
6274,457163.6,497615.6
6274,457163.6,508469.72
6275,384905.66,476195.16
6275,384905.66,491343.34
6276,395627.88,383754.53
6276,395627.88,386002.94
6277,1.0673841e+06,1.154216e+06
6277,1.0673841e+06,1.1531834e+06
6277,1.0673841e+06,1.1517001e+06
6277,1.0673841e+06,1.1529798e+06
6277,1.0673841e+06,1.1542986e+06
6277,1.0673841e+06,1.1550558e+06
6277,1.0673841e+06,1.1622688e+06
6277,1.0673841e+06,1.145956e+06
6277,1.0673841e+06,1.1600878e+06
6277,1.0673841e+06,1.1550311e+06
6277,1.0673841e+06,1.1511168e+06
6277,1.0673841e+06,1.1266722e+06
6278,377354.1,306517.53
6278,377354.1,299000.78
6279,556493.4,570890.4
6279,556493.4,569863.75
6279,556493.4,573575.56
6279,556493.4,593098.25
6280,295050.8,353885.94
6280,295050.8,348401.12
6280,295050.8,355052.38
6280,295050.8,347538.12
6281,441870.66,528922.0
6281,441870.66,528902.25
6281,441870.66,520557.9
6281,441870.66,517281.3
6281,441870.66,521320.8
6281,441870.66,515663.94
6282,568431.94,613625.8
6282,568431.94,619065.4
6282,568431.94,613860.44
6282,568431.94,617990.94
6282,568431.94,618122.9
6282,568431.94,616918.44
6282,568431.94,606750.2
6282,568431.94,612832.8
6282,568431.94,582712.7
6283,768008.56,720901.25
6283,768008.56,723448.7
6283,768008.56,732361.6
6283,768008.56,725171.56
6283,768008.56,726934.2
6283,768008.56,730233.7
6283,768008.56,745252.5
6284,1.2548092e+06,1.2444422e+06
6285,623968.9,612063.4
6285,623968.9,597952.25
6286,643668.5,716600.6
6286,643668.5,709027.94
6286,643668.5,710056.56
6286,643668.5,709486.2
6286,643668.5,721855.75
6286,643668.5,711833.7
6286,643668.5,714517.0
6287,594369.25,555296.9
6287,594369.25,567647.44
6287,594369.25,568017.4
6287,594369.25,544343.2
6288,283185.53,257853.86
6288,283185.53,258180.73
6289,323766.03,332721.8
6289,323766.03,333705.2
6289,323766.03,347221.12
6290,373257.22,395935.94
6290,373257.22,394934.25
6290,373257.22,397031.4
6291,2.558635e+06,2.5991885e+06
6291,2.558635e+06,2.6013785e+06
6292,384522.25,384036.25
6292,384522.25,379291.22
6293,422143.2,369839.97
6293,422143.2,364149.88
6293,422143.2,385549.62
6293,422143.2,373616.22
6294,576381.56,648928.25
6294,576381.56,669216.3
6295,427164.3,311730.03
6295,427164.3,313501.16
6296,489488.6,414002.0
6296,489488.6,411467.5
6296,489488.6,438911.4
6297,345909.7,350396.44
6297,345909.7,352227.72
6298,754457.3,769743.7
6298,754457.3,794634.44
6299,406482.72,460723.1
6300,571558.6,659925.0
6300,571558.6,643452.75
6301,748486.5,732239.0
6301,748486.5,740003.4
6301,748486.5,734800.6
6301,748486.5,729293.06
6301,748486.5,730668.3
6301,748486.5,737534.7
6301,748486.5,720436.3
6302,629204.4,757924.1
6302,629204.4,748587.06
6302,629204.4,755009.4
6302,629204.4,754851.75
6302,629204.4,753250.06
6302,629204.4,760982.94
6302,629204.4,752028.1
6302,629204.4,764292.1
6303,600345.6,543505.8
6303,600345.6,541315.5
6303,600345.6,540349.56
6303,600345.6,553552.3
6303,600345.6,563382.75
6303,600345.6,551161.5
6304,267998.34,341264.06
6304,267998.34,344896.94
6305,455588.22,435277.94
6305,455588.22,436431.97
6305,455588.22,437445.6
6306,422441.94,353408.38
6306,422441.94,345169.8
6307,606853.06,596735.0
6307,606853.06,576301.94
6308,589387.44,714086.06
6308,589387.44,734272.56
6309,181419.62,277247.3
6309,181419.62,269390.0
6310,649599.56,760123.9
6311,553776.06,593760.94
6311,553776.06,593709.75
6311,553776.06,587790.2
6311,553776.06,589484.0
6311,553776.06,593386.4
6311,553776.06,597712.9
6311,553776.06,579422.2
6312,322300.06,344193.97
6312,322300.06,344565.06
6312,322300.06,349618.9
6313,885762.0,741520.44
6313,885762.0,732416.3
6313,885762.0,741362.6
6313,885762.0,735849.25
6313,885762.0,741047.94
6313,885762.0,731505.56
6313,885762.0,748851.2
6314,375718.62,452185.53
6314,375718.62,449904.8
6314,375718.62,451665.47
6314,375718.62,463325.16
6315,321709.25,363780.03
6315,321709.25,369822.47
6316,607431.7,684992.7
6317,610687.2,600464.9
6317,610687.2,614249.94
6318,592634.0,694667.06
6318,592634.0,698241.94
6318,592634.0,690438.0
6318,592634.0,703568.8
6318,592634.0,672945.44
6319,432771.1,480676.25
6319,432771.1,496827.6
6320,1.2960778e+06,1.296403e+06
6320,1.2960778e+06,1.2984275e+06
6320,1.2960778e+06,1.2949446e+06
6320,1.2960778e+06,1.2957718e+06
6320,1.2960778e+06,1.2907151e+06
6320,1.2960778e+06,1.2949818e+06
6320,1.2960778e+06,1.2912261e+06
6320,1.2960778e+06,1.2955796e+06
6320,1.2960778e+06,1.2889075e+06
6321,893035.6,733136.44
6321,893035.6,715053.94
6322,300759.53,254122.67
6322,300759.53,252472.8
6323,312317.3,269907.1
6323,312317.3,272462.2
6324,604600.0,631886.2
6324,604600.0,634805.8
6324,604600.0,630494.75
6324,604600.0,635077.5
6324,604600.0,640320.44
6325,800837.7,719390.9
6325,800837.7,719603.7
6325,800837.7,718407.6
6325,800837.7,712079.4
6325,800837.7,708734.2
6326,457762.5,485000.44
6326,457762.5,504381.88
6327,594639.6,577131.8
6327,594639.6,577595.25
6327,594639.6,582559.5
6328,2.7289225e+06,2.6072238e+06
6328,2.7289225e+06,2.6035718e+06
6328,2.7289225e+06,2.599165e+06
6329,381323.88,457132.28
6329,381323.88,457552.47
6329,381323.88,457047.03
6329,381323.88,463551.53
6330,847182.94,695476.1
6330,847182.94,715671.1
6331,2.6025375e+06,2.5962288e+06
6331,2.6025375e+06,2.593451e+06
6332,418975.53,523445.66
6332,418975.53,540271.25
6333,871578.94,742800.1
6333,871578.94,736811.8
6333,871578.94,743976.56
6333,871578.94,736679.3
6333,871578.94,736321.0
6333,871578.94,759789.94
6334,811964.25,833090.5
6334,811964.25,828316.94
6334,811964.25,828033.3
6334,811964.25,829230.3
6334,811964.25,832902.1
6334,811964.25,824686.8
6334,811964.25,833260.06
6335,449058.97,421865.12
6335,449058.97,411625.1
6335,449058.97,429419.78
6335,449058.97,417771.28
6335,449058.97,416639.56
6335,449058.97,412441.97
6335,449058.97,418494.94
6336,510296.94,489014.9
6336,510296.94,457313.44
6337,543832.9,628491.94
6337,543832.9,624547.2
6338,265158.44,278223.72
6338,265158.44,285911.22
6339,722713.06,729935.8
6339,722713.06,733884.25
6340,803826.6,756007.06
6340,803826.6,757459.4
6341,564806.94,548768.4
6341,564806.94,567429.7
6341,564806.94,537861.2
6342,617888.6,648845.75
6343,534409.1,576410.4
6343,534409.1,563342.75
6343,534409.1,568723.9
6343,534409.1,566346.94
6343,534409.1,569647.0
6343,534409.1,564661.1
6343,534409.1,574041.56
6344,483709.8,537292.75
6344,483709.8,519693.22
6344,483709.8,506929.7
6345,823759.6,816400.44
6345,823759.6,816747.4
6345,823759.6,817945.06
6345,823759.6,815975.1
6345,823759.6,815630.7
6345,823759.6,815163.75
6345,823759.6,809449.5
6345,823759.6,809391.6
6345,823759.6,812400.0
6345,823759.6,818730.6
6345,823759.6,813558.44
6345,823759.6,828981.5
6346,427606.7,376003.94
6346,427606.7,374134.75
6346,427606.7,385541.1
6346,427606.7,384862.12
6347,295479.47,368212.84
6347,295479.47,361439.47
6348,573843.0,713357.7
6348,573843.0,710199.4
6348,573843.0,721081.7
6348,573843.0,714860.75
6348,573843.0,710779.75
6348,573843.0,718179.44
6348,573843.0,717646.6
6348,573843.0,730767.8
6348,573843.0,711578.56
6348,573843.0,710897.9
6349,369989.1,298286.5
6349,369989.1,296889.38
6350,550919.9,718723.0
6350,550919.9,721563.4
6350,550919.9,722034.25
6350,550919.9,715160.6
6350,550919.9,729262.94
6351,616738.94,639295.06
6351,616738.94,638252.2
6351,616738.94,646894.25
6351,616738.94,653581.94
6351,616738.94,629706.8
6352,585631.9,646434.06
6352,585631.9,656681.1
6352,585631.9,630102.4
6353,587348.4,550172.3
6353,587348.4,543986.56
6353,587348.4,540393.3
6354,245583.25,321115.9
6354,245583.25,312757.06
6354,245583.25,319482.25
6355,371960.06,409044.72
6355,371960.06,407535.06
6355,371960.06,405591.44
6356,221523.02,236706.64
6356,221523.02,242566.23
6356,221523.02,243676.2
6357,900560.7,851748.94
6357,900560.7,845804.94
6357,900560.7,843791.06
6357,900560.7,853470.9
6357,900560.7,851956.7
6357,900560.7,851802.56
6357,900560.7,851367.8
6357,900560.7,845169.8
6357,900560.7,848380.4
6357,900560.7,861409.4
6358,859832.75,838655.44
6358,859832.75,838211.9
6358,859832.75,840113.3
6358,859832.75,836225.2
6358,859832.75,835906.1
6358,859832.75,841133.25
6358,859832.75,837695.7
6359,302569.66,297227.72
6359,302569.66,304067.7
6360,520464.0,587450.6
6360,520464.0,570166.94
6361,619432.56,722835.2
6361,619432.56,731803.3
6361,619432.56,717977.5
6361,619432.56,724039.9
6361,619432.56,714695.06
6361,619432.56,717145.1
6361,619432.56,710710.1
6362,528542.3,654595.1
6362,528542.3,623367.8
6363,785832.8,807896.0
6363,785832.8,814484.0
6363,785832.8,809132.94
6363,785832.8,815074.1
6363,785832.8,813051.56
6363,785832.8,810952.0
6363,785832.8,809630.8
6363,785832.8,814815.1
6363,785832.8,818637.44
6363,785832.8,811026.94
6364,452865.53,457950.94
6364,452865.53,445273.8
6365,774060.06,733851.4
6365,774060.06,731778.25
6366,670436.75,653798.9
6366,670436.75,673978.9
6367,605807.1,518031.5
6367,605807.1,510185.7
6368,270692.2,262795.22
6368,270692.2,254162.39
6369,603310.2,544587.75
6369,603310.2,565453.44
6369,603310.2,564911.8
6370,871198.2,728371.4
6370,871198.2,703832.56
6371,670955.0,687460.56
6371,670955.0,716356.06
6372,665197.0,707217.7
6372,665197.0,713198.7
6372,665197.0,709486.7
6372,665197.0,705465.7
6372,665197.0,717444.56
6372,665197.0,714553.4
6372,665197.0,721275.75
6372,665197.0,715970.1
6373,427457.53,397593.34
6373,427457.53,394676.03
6373,427457.53,403338.28
6374,587277.56,578539.8
6374,587277.56,576836.94
6374,587277.56,574995.9
6374,587277.56,595044.94
6375,358295.03,388287.66
6376,549843.3,503613.8
6376,549843.3,501098.47
6376,549843.3,525096.8
6376,549843.3,504881.4
6377,530483.75,577136.56
6377,530483.75,585178.0
6377,530483.75,583204.44
6377,530483.75,575766.9
6377,530483.75,585391.8
6377,530483.75,585018.9
6377,530483.75,585142.4
6377,530483.75,571820.75
6378,612948.2,611865.56
6378,612948.2,617750.94
6378,612948.2,611924.6
6378,612948.2,617547.25
6378,612948.2,614507.5
6378,612948.2,611467.9
6378,612948.2,617086.56
6378,612948.2,606228.56
6378,612948.2,602462.7
6378,612948.2,606727.75
6378,612948.2,611390.4
6379,830778.94,701008.06
6379,830778.94,724575.94
6379,830778.94,699351.8
6380,529600.75,576065.5
6380,529600.75,591458.8
6380,529600.75,579079.44
6381,825567.0,733432.75
6381,825567.0,730575.4
6381,825567.0,724806.94
6381,825567.0,727980.06
6381,825567.0,732544.2
6381,825567.0,733572.3
6381,825567.0,728496.5
6381,825567.0,747913.6
6382,552232.7,592639.0
6382,552232.7,595424.25
6382,552232.7,598603.44
6382,552232.7,622521.6
6383,514799.6,626184.5
6383,514799.6,633929.1
6384,792137.6,736093.9
6384,792137.6,730530.0
6384,792137.6,736445.5
6384,792137.6,741474.7
6384,792137.6,703735.1
6385,644583.6,639415.4
6385,644583.6,641208.44
6386,768773.25,787795.1
6386,768773.25,786585.75
6386,768773.25,789483.8
6386,768773.25,788218.3
6386,768773.25,789495.6
6386,768773.25,788124.4
6386,768773.25,785742.4
6386,768773.25,780990.2
6386,768773.25,789574.06
6386,768773.25,791338.0
6386,768773.25,780556.25
6386,768773.25,788333.94
6386,768773.25,775864.7
6387,426494.2,410569.75
6387,426494.2,407942.97
6388,846810.3,846042.6
6388,846810.3,849486.5
6389,440769.16,426055.2
6389,440769.16,423026.12
6390,267923.1,251243.11
6390,267923.1,255114.98
6391,626199.75,609086.44
6391,626199.75,602836.0
6391,626199.75,616433.3
6391,626199.75,592205.3
6392,388236.1,520902.5
6392,388236.1,514753.97
6393,886645.56,745038.25
6393,886645.56,745978.56
6393,886645.56,730225.0
6393,886645.56,735342.5
6393,886645.56,728267.3
6393,886645.56,731233.8
6394,606443.25,594847.2
6394,606443.25,592906.1
6395,873012.8,812252.6
6395,873012.8,806977.8
6395,873012.8,812909.44
6395,873012.8,813609.6
6395,873012.8,818428.4
6395,873012.8,830015.9
6395,873012.8,803308.94
6395,873012.8,787331.75
6396,578127.4,549702.0
6396,578127.4,552686.5
6397,720077.9,700052.2
6398,1.4345788e+06,1.391524e+06
6398,1.4345788e+06,1.392362e+06
6398,1.4345788e+06,1.3945268e+06
6398,1.4345788e+06,1.385321e+06
6398,1.4345788e+06,1.3938991e+06
6398,1.4345788e+06,1.385419e+06
6398,1.4345788e+06,1.3925128e+06
6398,1.4345788e+06,1.3859106e+06
6398,1.4345788e+06,1.3943842e+06
6398,1.4345788e+06,1.3852091e+06
6398,1.4345788e+06,1.3901025e+06
6399,277772.2,256584.17
6399,277772.2,244324.45
6400,378297.12,341628.84
6400,378297.12,340193.53
6400,378297.12,338313.72
6401,410188.06,309788.94
6401,410188.06,302752.47
6402,377091.06,390157.62
6402,377091.06,377942.9
6403,211256.45,294625.16
6403,211256.45,296973.78
6403,211256.45,298147.1
6404,667089.44,633606.7
6404,667089.44,619544.5
6405,1.244914e+06,1.2647694e+06
6406,247772.25,225017.48
6406,247772.25,236240.89
6406,247772.25,226571.17
6407,397676.72,424342.3
6407,397676.72,427511.97
6408,648369.7,672124.56
6408,648369.7,659355.5
6408,648369.7,659553.94
6408,648369.7,672124.56
6408,648369.7,671302.3
6409,978361.44,727216.5
6410,726249.7,728525.0
6410,726249.7,728085.4
6410,726249.7,730050.8
6410,726249.7,736356.4
6410,726249.7,728324.06
6410,726249.7,732529.6
6410,726249.7,747914.8
6411,382805.0,472886.53
6411,382805.0,474425.5
6412,1.0559929e+06,1.0780209e+06
6412,1.0559929e+06,1.092816e+06
6413,425457.38,543053.7
6413,425457.38,525144.06
6414,738685.75,647244.9
6414,738685.75,650075.75
6415,508526.1,610291.44
6415,508526.1,602977.1
6415,508526.1,609026.75
6415,508526.1,610877.6
6415,508526.1,612252.4
6415,508526.1,615806.94
6415,508526.1,598662.25
6416,759189.8,619914.94
6416,759189.8,610309.2
6417,188939.75,198000.98
6417,188939.75,195983.33
6418,896160.9,708747.25
6418,896160.9,723076.25
6419,462632.9,417267.2
6419,462632.9,413174.47
6419,462632.9,420781.16
6419,462632.9,425151.12
6420,164552.12,188928.36
6420,164552.12,194029.58
6420,164552.12,188300.52
6421,899492.8,822519.9
6421,899492.8,821792.06
6421,899492.8,822454.94
6421,899492.8,830037.0
6421,899492.8,836110.3
6421,899492.8,852943.56
6421,899492.8,845207.3
6422,579368.56,537037.3
6422,579368.56,524363.56
6423,929013.7,981736.7
6423,929013.7,985573.75
6423,929013.7,988736.75
6423,929013.7,988745.7
6423,929013.7,989137.0
6423,929013.7,975626.6
6423,929013.7,967033.94
6423,929013.7,977478.94
6423,929013.7,977428.94
6423,929013.7,974788.3
6424,587621.7,555584.0
6424,587621.7,559917.94
6424,587621.7,558324.94
6424,587621.7,552906.9
6424,587621.7,562866.8
6425,508493.1,519996.6
6425,508493.1,538789.7
6426,367257.47,297420.66
6426,367257.47,296363.78
6427,440586.28,511750.25
6427,440586.28,516919.38
6427,440586.28,498409.8
6428,577032.8,727937.5
6428,577032.8,727580.06
6428,577032.8,725685.6
6428,577032.8,721439.9
6428,577032.8,728656.1
6428,577032.8,725242.9
6428,577032.8,715110.25
6428,577032.8,716398.8
6428,577032.8,726067.44
6428,577032.8,734000.06
6429,2.5324448e+06,2.5991438e+06
6429,2.5324448e+06,2.6000478e+06
6429,2.5324448e+06,2.5938615e+06
6430,469236.7,420812.84
6430,469236.7,418130.3
6430,469236.7,438535.12
6431,494696.47,525552.7
6431,494696.47,532963.5
6432,410415.9,423964.0
6432,410415.9,425609.28
6433,637351.9,596472.7
6433,637351.9,598151.75
6433,637351.9,598394.75
6433,637351.9,598774.44
6433,637351.9,599451.1
6434,486536.72,470525.22
6434,486536.72,473898.03
6434,486536.72,473067.4
6435,796603.94,824263.7
6435,796603.94,822842.56
6435,796603.94,824570.56
6435,796603.94,819727.44
6435,796603.94,823917.2
6435,796603.94,821800.6
6435,796603.94,826252.6
6436,554817.06,648761.75
6436,554817.06,628632.3
6437,786461.0,698668.5
6437,786461.0,697833.3
6437,786461.0,693480.56
6437,786461.0,694729.3
6437,786461.0,689861.06
6437,786461.0,691783.0
6438,751227.56,743684.56
6438,751227.56,741468.5
6438,751227.56,742940.06
6438,751227.56,741110.75
6438,751227.56,745665.56
6438,751227.56,746396.25
6438,751227.56,747336.1
6438,751227.56,750267.7
6438,751227.56,750567.2
6438,751227.56,745058.3
6438,751227.56,730376.6
6439,615673.9,627677.56
6439,615673.9,636983.4
6439,615673.9,632052.6
6439,615673.9,631325.06
6440,876225.25,895113.0
6440,876225.25,898371.94
6440,876225.25,891822.0
6440,876225.25,899349.25
6440,876225.25,898477.25
6440,876225.25,899281.44
6440,876225.25,890321.9
6440,876225.25,894900.7
6440,876225.25,899835.0
6440,876225.25,893163.0
6440,876225.25,893378.4
6440,876225.25,895130.4
6440,876225.25,892332.56
6440,876225.25,890466.0
6441,256191.75,249086.3
6441,256191.75,251195.23
6442,552471.56,612656.44
6442,552471.56,607080.75
6442,552471.56,613497.9
6442,552471.56,613463.75
6442,552471.56,608204.94
6442,552471.56,598878.6
6443,456997.97,401266.53
6443,456997.97,405937.44
6443,456997.97,417527.4
6443,456997.97,387562.47
6444,632536.8,609976.8
6445,660933.7,639573.3
6445,660933.7,644571.94
6446,375151.12,286583.84
6446,375151.12,292712.03
6447,732343.7,714135.75
6447,732343.7,713609.7
6447,732343.7,709217.7
6447,732343.7,712081.5
6447,732343.7,669716.0
6448,527687.44,450061.47
6448,527687.44,443403.8
6448,527687.44,458430.3
6449,801572.5,721657.4
6449,801572.5,677635.25
6450,246658.34,244711.7
6450,246658.34,247715.45
6451,501670.7,499392.3
6451,501670.7,499263.78
6451,501670.7,515988.66
6451,501670.7,483904.3
6452,413026.72,369688.62
6452,413026.72,365390.12
6453,558525.9,588158.94
6453,558525.9,588816.94
6453,558525.9,580499.56
6453,558525.9,614907.56
6454,455013.9,393567.25
6454,455013.9,395018.75
6454,455013.9,398473.9
6454,455013.9,397773.34
6455,280902.62,260426.73
6455,280902.62,259818.39
6455,280902.62,256703.98
6456,458928.72,465059.25
6456,458928.72,489802.66
6456,458928.72,477914.75
6457,192191.72,203741.36
6457,192191.72,205364.83
6458,473198.97,526740.1
6458,473198.97,512086.34
6459,1.2790295e+06,1.2173349e+06
6459,1.2790295e+06,1.2111396e+06
6460,497417.03,517522.72
6460,497417.03,496520.62
6461,719432.44,700932.75
6461,719432.44,697651.25
6461,719432.44,703181.9
6461,719432.44,702288.7
6461,719432.44,701985.3
6461,719432.44,700925.0
6461,719432.44,701815.75
6462,952978.06,911572.0
6462,952978.06,922856.7
6462,952978.06,925481.75
6462,952978.06,921288.6
6462,952978.06,925366.1
6462,952978.06,918860.25
6462,952978.06,923901.8
6462,952978.06,918135.5
6462,952978.06,912777.9
6462,952978.06,912317.06
6462,952978.06,906786.44
6462,952978.06,923832.6
6463,716362.56,653859.7
6463,716362.56,660804.1
6464,857398.06,695095.3
6464,857398.06,718572.94
6465,573020.3,533217.75
6465,573020.3,532117.56
6466,666287.1,680343.56
6466,666287.1,683431.0
6466,666287.1,682318.5
6466,666287.1,695769.75
6467,744577.4,661093.5
6467,744577.4,667229.4
6467,744577.4,655722.75
6468,627975.2,651013.7
6468,627975.2,628854.06
6469,260639.58,320114.56
6469,260639.58,322073.4
6470,308015.8,272980.44
6470,308015.8,277028.62
6470,308015.8,272069.88
6471,666723.5,649084.44
6471,666723.5,648287.5
6471,666723.5,645695.56
6471,666723.5,638961.6
6471,666723.5,641947.8
6471,666723.5,644441.44
6471,666723.5,642294.7
6471,666723.5,654668.7
6471,666723.5,647907.56
6471,666723.5,653425.4
6471,666723.5,648341.56
6471,666723.5,642278.06
6471,666723.5,650802.56
6471,666723.5,648255.7
6471,666723.5,651823.7
6471,666723.5,657247.44
6472,397951.62,358169.12
6472,397951.62,378463.5
6472,397951.62,361172.66
6473,349522.8,304315.4
6473,349522.8,304706.34
6473,349522.8,307269.6
6474,447783.75,485117.75
6474,447783.75,481692.3
6474,447783.75,480282.03
6475,292883.47,264732.47
6475,292883.47,260056.23
6475,292883.47,269400.22
6476,590292.8,693873.7
6476,590292.8,687716.8
6476,590292.8,705295.0
6476,590292.8,693344.9
6476,590292.8,692875.9
6476,590292.8,694979.06
6477,407831.06,425114.72
6477,407831.06,421492.4
6477,407831.06,418099.75
6478,287824.88,310681.75
6478,287824.88,304268.78
6478,287824.88,309335.25
6479,465469.53,535834.4
6479,465469.53,527210.6
6479,465469.53,523881.12
6479,465469.53,531399.8
6479,465469.53,519117.62
6480,318456.12,286715.03
6480,318456.12,290884.72
6481,951691.75,920509.56
6481,951691.75,918250.8
6481,951691.75,921803.44
6481,951691.75,918349.2
6481,951691.75,923512.9
6481,951691.75,917155.44
6481,951691.75,918080.4
6481,951691.75,913980.5
6481,951691.75,912993.1
6481,951691.75,905314.56
6481,951691.75,920142.56
6481,951691.75,922418.75
6481,951691.75,915855.4
6482,595611.5,573044.44
6482,595611.5,569675.2
6482,595611.5,575229.25
6482,595611.5,574361.06
6483,580384.06,597789.56
6483,580384.06,602491.1
6484,421686.62,379622.16
6484,421686.62,390304.84
6484,421686.62,395964.4
6485,305234.2,265883.9
6485,305234.2,265674.44
6485,305234.2,266202.2
6486,334730.38,281718.25
6486,334730.38,287870.84
6486,334730.38,282772.03
6487,256805.6,326307.47
6487,256805.6,325717.44
6488,488211.38,417058.28
6488,488211.38,422544.1
6489,676455.6,689113.4
6489,676455.6,692632.8
6490,463858.1,412702.84
6490,463858.1,402532.75
6490,463858.1,407841.22
6490,463858.1,412770.3
6491,462943.3,448291.28
6491,462943.3,451410.34
6491,462943.3,462621.16
6491,462943.3,443378.7
6492,563087.5,616459.56
6492,563087.5,615933.9
6492,563087.5,616111.8
6492,563087.5,616142.4
6492,563087.5,616590.7
6492,563087.5,614803.44
6492,563087.5,584208.6
6493,437467.84,417669.4
6493,437467.84,417352.66
6493,437467.84,425480.6
6494,341131.84,353775.9
6495,636998.0,634852.56
6495,636998.0,619311.75
6496,569061.6,591244.6
6496,569061.6,585645.7
6496,569061.6,592419.25
6496,569061.6,593185.8
6496,569061.6,622242.94
6497,231410.14,243994.73
6497,231410.14,243396.58
6498,679453.7,603094.5
6498,679453.7,611059.3
6498,679453.7,603931.56
6498,679453.7,611077.3
6498,679453.7,616897.94
6498,679453.7,611919.7
6499,543775.7,560278.2
6499,543775.7,540852.94
6499,543775.7,544169.4
6500,463787.4,479232.44
6500,463787.4,487706.2
6501,874248.1,659117.5
6501,874248.1,671212.8
6501,874248.1,670450.75
6501,874248.1,668531.3
6501,874248.1,660848.44
6501,874248.1,671040.44
6501,874248.1,666751.7
6502,173810.31,273949.9
6502,173810.31,279859.78
6502,173810.31,268990.9
6503,378143.3,448732.1
6503,378143.3,447608.28
6503,378143.3,453180.03
6504,535670.06,627512.25
6504,535670.06,611436.6
6505,948698.9,755635.25
6505,948698.9,761194.1
6505,948698.9,760857.0
6505,948698.9,762326.56
6505,948698.9,767700.8
6505,948698.9,774147.9
6505,948698.9,750284.2
6506,711776.1,731742.0
6506,711776.1,738364.3
6507,779838.75,769369.3
6507,779838.75,768965.6
6507,779838.75,768914.75
6507,779838.75,767594.0
6507,779838.75,763921.25
6507,779838.75,759436.4
6507,779838.75,762915.06
6507,779838.75,780339.06
6508,581272.8,627791.44
6508,581272.8,628721.3
6508,581272.8,641231.7
6508,581272.8,637866.3
6508,581272.8,639900.25
6508,581272.8,629156.0
6508,581272.8,633586.25
6509,674210.8,687085.9
6509,674210.8,714322.6
6510,318328.66,333234.56
6510,318328.66,333193.12
6510,318328.66,338590.22
6510,318328.66,330669.8
6511,333939.38,271452.0
6511,333939.38,264643.5
6512,438416.03,510036.34
6512,438416.03,508620.66
6512,438416.03,510541.75
6512,438416.03,512017.84
6512,438416.03,507401.34
6513,924805.9,901616.25
6513,924805.9,904568.06
6513,924805.9,893068.5
6513,924805.9,893092.3
6513,924805.9,894812.3
6513,924805.9,933119.56
6514,490708.66,461104.8
6514,490708.66,459294.88
6515,713569.3,693398.7
6515,713569.3,689217.5
6516,471731.34,402232.6
6516,471731.34,377134.53
6517,620359.94,641605.44
6517,620359.94,653954.6
6518,298820.56,246601.77
6518,298820.56,251734.61
6519,259229.89,340398.7
6519,259229.89,346088.8
6520,402397.97,302250.56
6520,402397.97,307758.62
6521,497071.38,624369.1
6521,497071.38,628657.75
6522,569390.44,573302.0
6522,569390.44,565971.44
6523,463813.97,452320.47
6523,463813.97,437556.12
6524,463014.22,468229.38
6524,463014.22,467943.97
6524,463014.22,466567.22
6525,560024.2,616918.4
6525,560024.2,597096.7
6525,560024.2,608414.2
6525,560024.2,607283.06
6525,560024.2,596939.0
6526,941910.7,948972.06
6526,941910.7,946916.25
6526,941910.7,948861.7
6526,941910.7,944849.6
6526,941910.7,934932.9
6526,941910.7,939838.9
6526,941910.7,956838.44
6526,941910.7,949414.9
6527,562098.5,461806.72
6527,562098.5,478365.66
6528,688925.44,720380.7
6528,688925.44,718051.75
6528,688925.44,719000.5
6528,688925.44,712932.4
6528,688925.44,727371.1
6529,405091.38,309396.38
6529,405091.38,308903.25
6529,405091.38,315809.06
6530,739674.1,653321.6
6530,739674.1,667460.75
6531,658228.7,627946.9
6531,658228.7,623306.94
6531,658228.7,634738.2
6531,658228.7,646790.44
6531,658228.7,639413.56
6532,329320.72,415321.03
6532,329320.72,414577.38
6532,329320.72,427147.47
6533,612988.44,561566.9
6533,612988.44,560973.4
6534,233056.98,319407.72
6534,233056.98,325913.7
6535,701344.7,657860.7
6535,701344.7,655105.06
6535,701344.7,661104.2
6535,701344.7,646200.7
6535,701344.7,648119.4
6535,701344.7,644028.75
6536,400697.7,374401.66
6536,400697.7,374060.0
6536,400697.7,377599.03
6537,487572.47,530787.2
6537,487572.47,535440.56
6538,517838.53,542323.75
6539,533993.56,505046.97
6539,533993.56,505754.7
6539,533993.56,504881.94
6539,533993.56,524903.56
6539,533993.56,528695.25
6539,533993.56,503190.97
6540,509743.9,520107.88
6540,509743.9,517392.78
6540,509743.9,516092.34
6540,509743.9,532692.94
6541,908971.5,724956.06
6541,908971.5,738896.56
6542,611469.0,538883.25
6542,611469.0,540930.9
6542,611469.0,546950.06
6542,611469.0,550199.06
6543,481684.53,494201.66
6543,481684.53,497232.06
6543,481684.53,488019.9
6543,481684.53,482864.88
6543,481684.53,494201.66
6543,481684.53,491350.66
6543,481684.53,495701.25
6543,481684.53,490444.4
6544,648003.1,774173.94
6544,648003.1,774715.56
6544,648003.1,776212.25
6544,648003.1,777495.94
6544,648003.1,775600.1
6544,648003.1,767545.25
6544,648003.1,777414.6
6544,648003.1,780647.75
6544,648003.1,767390.8
6544,648003.1,786078.0
6545,560331.2,608844.8
6545,560331.2,598955.3
6545,560331.2,609528.7
6545,560331.2,596132.8
6546,759658.06,696135.1
6546,759658.06,690113.1
6546,759658.06,692057.2
6546,759658.06,692644.3
6546,759658.06,694544.9
6546,759658.06,698496.2
6546,759658.06,721132.2
6547,613616.06,627894.1
6548,874538.06,826541.44
6549,521339.75,586358.0
6549,521339.75,577285.6
6550,750368.2,741378.94
6550,750368.2,747634.2
6550,750368.2,740969.94
6550,750368.2,743626.8
6550,750368.2,739593.2
6550,750368.2,748615.4
6550,750368.2,744285.75
6550,750368.2,751744.44
6551,274820.03,341815.9
6551,274820.03,347763.66
6551,274820.03,354138.22
6552,879066.8,786593.6
6553,531860.2,648479.56
6553,531860.2,650549.75
6553,531860.2,654174.25
6553,531860.2,643979.94
6553,531860.2,652961.1
6553,531860.2,654311.1
6553,531860.2,652917.8
6553,531860.2,636538.2
6553,531860.2,633935.5
6553,531860.2,633332.06
6553,531860.2,632695.44
6553,531860.2,623731.4
6554,695339.4,729094.56
6554,695339.4,724686.44
6554,695339.4,725990.56
6554,695339.4,724027.94
6554,695339.4,727753.4
6554,695339.4,726188.8
6554,695339.4,714170.5
6554,695339.4,706356.75
6554,695339.4,711647.5
6554,695339.4,712594.3
6554,695339.4,711826.5
6555,564697.7,554286.0
6555,564697.7,531529.56
6556,690293.2,581910.3
6556,690293.2,585208.6
6557,317929.5,321735.16
6557,317929.5,306650.47
6558,631691.94,560339.75
6558,631691.94,564398.0
6559,344993.06,363859.8
6559,344993.06,360147.4
6560,947430.1,983073.7
6561,553793.94,534170.7
6561,553793.94,540870.75
6561,553793.94,534779.0
6561,553793.94,540870.25
6561,553793.94,543771.8
6561,553793.94,535351.0
6562,599936.3,480900.6
6562,599936.3,469021.8
6562,599936.3,482359.28
6562,599936.3,475053.75
6562,599936.3,491556.25
6563,809360.06,710642.25
6563,809360.06,712988.0
6563,809360.06,710169.25
6563,809360.06,714553.94
6563,809360.06,729614.2
6564,388899.0,472499.28
6564,388899.0,470845.3
6564,388899.0,476828.88
6564,388899.0,473632.16
6565,471270.12,429605.72
6565,471270.12,430554.38
6565,471270.12,445080.28
6565,471270.12,422949.56
6566,506214.12,601685.4
6566,506214.12,610583.06
6567,541205.25,553592.75
6567,541205.25,545354.06
6567,541205.25,557638.56
6567,541205.25,548481.25
6567,541205.25,543540.06
6568,631979.56,700045.1
6568,631979.56,714833.94
6569,2.2311098e+06,2.5604815e+06
6569,2.2311098e+06,2.5523782e+06
6570,1.1979179e+06,1.1227329e+06
6570,1.1979179e+06,1.1404682e+06
6571,244329.97,315838.72
6571,244329.97,310310.2
6572,615884.9,709380.3
6572,615884.9,732969.25
6573,1.1800286e+06,1.1212096e+06
6573,1.1800286e+06,1.1344052e+06
6573,1.1800286e+06,1.1330206e+06
6573,1.1800286e+06,1.1323632e+06
6573,1.1800286e+06,1.1333688e+06
6573,1.1800286e+06,1.1364598e+06
6573,1.1800286e+06,1.1465748e+06
6573,1.1800286e+06,1.1399955e+06
6573,1.1800286e+06,1.1444725e+06
6573,1.1800286e+06,1.1424412e+06
6573,1.1800286e+06,1.1345912e+06
6574,380136.97,450095.4
6574,380136.97,450095.4
6574,380136.97,438714.62
6575,620350.9,607291.8
6575,620350.9,612380.25
6575,620350.9,619063.3
6575,620350.9,615622.6
6575,620350.9,616009.1
6575,620350.9,598588.2
6576,454382.1,489648.1
6576,454382.1,470349.47
6577,539843.75,647805.75
6577,539843.75,639781.0
6577,539843.75,645270.7
6577,539843.75,652316.4
6577,539843.75,649208.6
6577,539843.75,651022.3
6577,539843.75,638567.44
6577,539843.75,639219.1
6577,539843.75,634439.9
6577,539843.75,614298.75
6578,803857.44,710223.9
6578,803857.44,710737.06
6579,535663.06,662488.7
6579,535663.06,666985.94
6579,535663.06,670768.8
6579,535663.06,669302.9
6579,535663.06,660601.4
6580,647058.75,660646.56
6580,647058.75,688844.5
6581,340548.06,413912.88
6581,340548.06,409110.06
6582,341360.34,278070.4
6582,341360.34,284346.53
6583,152891.6,183467.42
6583,152891.6,190045.48
6583,152891.6,186395.86
6584,583067.1,605274.56
6584,583067.1,609350.44
6584,583067.1,606963.75
6584,583067.1,636020.9
6585,341770.0,373427.12
6585,341770.0,370921.2
6586,451678.25,398005.16
6586,451678.25,410648.5
6586,451678.25,399186.8
6586,451678.25,419586.3
6587,739885.75,661201.4
6587,739885.75,676844.94
6587,739885.75,652559.5
6588,577452.56,621615.2
6588,577452.56,620401.2
6589,617245.25,668800.6
6589,617245.25,670393.94
6589,617245.25,686537.75
6589,617245.25,677948.44
6589,617245.25,669526.6
6589,617245.25,676260.2
6589,617245.25,684590.3
6590,321610.84,265812.84
6590,321610.84,272238.53
6591,455073.66,392246.84
6591,455073.66,385567.66
6592,297124.9,332488.66
6593,577715.4,633987.6
6593,577715.4,636017.4
6593,577715.4,632208.2
6593,577715.4,635020.1
6593,577715.4,643709.6
6594,848235.7,814183.1
6594,848235.7,817362.9
6594,848235.7,818817.56
6594,848235.7,822987.75
6594,848235.7,817753.56
6594,848235.7,842436.94
6594,848235.7,824733.75
6594,848235.7,841925.25
6594,848235.7,843730.1
6595,295741.2,273995.97
6595,295741.2,277350.7
6596,666746.94,640690.94
6596,666746.94,629875.06
6597,1.2415745e+06,1.210638e+06
6597,1.2415745e+06,1.2117332e+06
6598,342292.2,297679.4
6598,342292.2,297687.3
6598,342292.2,297375.4
6599,245927.47,250992.86
6599,245927.47,246361.98
6600,442684.7,512686.75
6600,442684.7,503807.53
6600,442684.7,509080.28
6600,442684.7,504120.66
6600,442684.7,502084.4
6600,442684.7,511162.28
6601,516797.4,558012.56
6601,516797.4,570813.8
6602,626787.6,617526.06
6602,626787.6,629111.7
6602,626787.6,621338.6
6602,626787.6,639087.0
6603,529066.1,517878.16
6603,529066.1,516803.03
6603,529066.1,526792.56
6604,483444.94,464996.22
6604,483444.94,450335.8
6605,309198.0,347537.28
6605,309198.0,348491.78
6605,309198.0,341859.53
6605,309198.0,344177.12
6606,274307.56,259409.45
6606,274307.56,261201.17
6606,274307.56,250441.86
6607,1.4323785e+06,1.2889169e+06
6607,1.4323785e+06,1.2892396e+06
6607,1.4323785e+06,1.2916396e+06
6607,1.4323785e+06,1.2884436e+06
6607,1.4323785e+06,1.2893672e+06
6607,1.4323785e+06,1.2916795e+06
6607,1.4323785e+06,1.2879948e+06
6607,1.4323785e+06,1.291948e+06
6607,1.4323785e+06,1.2949256e+06
6608,609526.7,632985.4
6609,866035.94,672591.9
6609,866035.94,666089.9
6609,866035.94,675784.75
6609,866035.94,675081.6
6609,866035.94,670920.6
6609,866035.94,659725.44
6609,866035.94,671392.8
6609,866035.94,656629.3
6610,560596.7,520141.0
6610,560596.7,507983.7
6610,560596.7,502314.12
6611,414897.34,510302.94
6611,414897.34,489799.38
6612,753335.44,741181.6
6612,753335.44,736848.4
6612,753335.44,745723.56
6612,753335.44,741426.0
6612,753335.44,742399.94
6612,753335.44,737235.9
6612,753335.44,751510.6
6613,658254.4,682387.8
6613,658254.4,689478.3
6614,582998.7,641463.5
6614,582998.7,632677.6
6614,582998.7,634614.3
6614,582998.7,641563.44
6614,582998.7,641647.56
6614,582998.7,641337.3
6615,418548.0,315191.4
6615,418548.0,317417.06
6616,236596.23,226319.11
6616,236596.23,220598.05
6617,1.01117956e+06,1.096861e+06
6618,434507.2,511677.12
6618,434507.2,511383.97
6619,342322.75,295553.53
6619,342322.75,302368.44
6619,342322.75,295425.06
6620,467846.94,481996.06
6620,467846.94,469732.0
6620,467846.94,485526.9
6620,467846.94,494241.75
6621,578561.75,709860.94
6621,578561.75,714823.2
6622,464214.3,458689.2
6622,464214.3,462049.66
6622,464214.3,466644.06
6622,464214.3,474669.7
6622,464214.3,461477.6
6623,509964.84,583485.0
6623,509964.84,592372.94
6624,491890.3,531967.7
6624,491890.3,541453.0
6624,491890.3,524200.8
6625,491675.4,562200.75
6625,491675.4,549539.56
6625,491675.4,561039.44
6625,491675.4,556504.9
6625,491675.4,559763.75
6625,491675.4,555276.06
6625,491675.4,548207.7
6626,634865.1,549729.8
6626,634865.1,556204.56
6627,376154.97,452535.38
6627,376154.97,453721.47
6628,700141.8,708873.3
6628,700141.8,719991.0
6628,700141.8,704537.9
6629,927221.5,950294.56
6629,927221.5,953978.8
6629,927221.5,941786.7
6630,575204.0,602854.8
6630,575204.0,578681.75
6631,807618.1,778012.6
6631,807618.1,762489.8
6632,197320.86,294982.44
6632,197320.86,295621.28
6633,300717.97,349711.62
6633,300717.97,356519.44
6634,384321.1,303007.7
6634,384321.1,307421.06
6634,384321.1,306418.6
6635,340256.7,371211.25
6635,340256.7,375056.5
6635,340256.7,359781.22
6635,340256.7,353290.53
6636,771259.3,754283.9
6636,771259.3,753900.0
6636,771259.3,749669.4
6636,771259.3,755323.9
6636,771259.3,747447.4
6636,771259.3,753741.56
6636,771259.3,756255.94
6637,599442.1,786534.9
6638,615289.4,593077.06
6638,615289.4,595120.8
6638,615289.4,597727.5
6639,764375.2,704757.9
6639,764375.2,701782.5
6639,764375.2,703959.9
6639,764375.2,703010.44
6639,764375.2,704692.2
6639,764375.2,683721.2
6639,764375.2,679031.9
6639,764375.2,680344.25
6640,828174.56,711873.2
6640,828174.56,700941.25
6641,521550.38,518554.34
6641,521550.38,524667.9
6641,521550.38,529853.5
6642,435659.72,378086.28
6642,435659.72,368983.6
6643,516732.75,432446.75
6643,516732.75,438172.25
6643,516732.75,445098.84
6643,516732.75,435556.7
6644,816100.6,842527.0
6644,816100.6,847455.94
6644,816100.6,845106.94
6644,816100.6,844307.4
6644,816100.6,849534.2
6644,816100.6,844649.2
6644,816100.6,847050.6
6644,816100.6,841056.44
6644,816100.6,848718.1
6644,816100.6,844201.9
6645,297878.16,254312.05
6645,297878.16,260999.86
6646,796302.44,804952.44
6646,796302.44,813724.56
6646,796302.44,805598.06
6646,796302.44,808775.7
6646,796302.44,810652.94
6646,796302.44,812891.75
6646,796302.44,803485.06
6646,796302.44,812408.75
6646,796302.44,813279.8
6646,796302.44,810986.8
6647,231010.62,252640.45
6648,607361.1,638019.5
6648,607361.1,607456.1
6649,514647.22,508565.66
6649,514647.22,492121.8
6650,1.2179161e+06,1.1233422e+06
6650,1.2179161e+06,1.1256275e+06
6650,1.2179161e+06,1.1075749e+06
6650,1.2179161e+06,1.1217988e+06
6650,1.2179161e+06,1.1233008e+06
6650,1.2179161e+06,1.1261802e+06
6650,1.2179161e+06,1.1305534e+06
6650,1.2179161e+06,1.0780376e+06
6651,298614.28,271039.38
6651,298614.28,267661.0
6652,357084.72,349613.75
6652,357084.72,348639.88
6652,357084.72,345580.0
6653,972885.3,932397.7
6653,972885.3,924613.94
6653,972885.3,933280.0
6653,972885.3,932110.0
6653,972885.3,921291.75
6653,972885.3,933457.94
6653,972885.3,954164.2
6653,972885.3,940030.8
6653,972885.3,932027.3
6654,607330.1,601042.8
6654,607330.1,606324.9
6654,607330.1,605920.1
6654,607330.1,606557.4
6654,607330.1,607960.7
6654,607330.1,608287.75
6654,607330.1,603306.0
6654,607330.1,603703.9
6654,607330.1,590665.1
6655,378495.12,395929.0
6655,378495.12,379863.22
6656,792873.2,743090.1
6656,792873.2,763034.9
6657,539705.6,482586.72
6657,539705.6,482752.8
6658,638996.6,685073.94
6659,240059.25,252145.8
6659,240059.25,251867.05
6660,814710.7,789494.94
6660,814710.7,801417.25
6661,783959.6,826530.0
6661,783959.6,837712.3
6662,466285.2,358043.25
6662,466285.2,377131.66
6663,874196.4,736302.6
6663,874196.4,737049.5
6663,874196.4,728983.0
6663,874196.4,738048.6
6663,874196.4,720727.44
6664,181065.06,240983.61
6664,181065.06,247851.58
6665,614026.6,582458.94
6665,614026.6,572230.56
6666,618674.4,585862.44
6666,618674.4,587290.3
6666,618674.4,587242.7
6666,618674.4,602127.44
6666,618674.4,593008.56
6667,360675.6,294572.06
6667,360675.6,297589.62
6667,360675.6,304306.44
6667,360675.6,298383.12
6668,518244.7,446528.1
6668,518244.7,453757.88
6669,956545.7,950070.2
6669,956545.7,972357.6
6670,625641.7,497705.3
6671,249439.02,321473.06
6671,249439.02,318036.03
6672,426393.72,376407.28
6672,426393.72,375547.6
6672,426393.72,400346.0
6672,426393.72,385630.25
6673,372801.25,307708.88
6673,372801.25,313915.1
6673,372801.25,311749.12
6674,1.2059031e+06,1.1938335e+06
6674,1.2059031e+06,1.1831285e+06
6674,1.2059031e+06,1.1978165e+06
6674,1.2059031e+06,1.1956474e+06
6674,1.2059031e+06,1.1916746e+06
6674,1.2059031e+06,1.1947944e+06
6674,1.2059031e+06,1.196703e+06
6674,1.2059031e+06,1.1510872e+06
6675,462458.4,409760.0
6675,462458.4,392046.62
6676,601394.8,660814.3
6676,601394.8,684697.6
6677,794024.75,810296.25
6677,794024.75,807050.75
6678,625679.2,713685.56
6678,625679.2,730915.3
6679,411484.22,304895.47
6679,411484.22,305243.38
6679,411484.22,312707.78
6679,411484.22,308158.84
6680,830554.06,833773.5
6680,830554.06,824319.7
6680,830554.06,833773.56
6680,830554.06,830741.06
6680,830554.06,824139.06
6680,830554.06,830614.2
6680,830554.06,829194.4
6680,830554.06,836828.44
6681,648022.25,616790.2
6681,648022.25,616554.5
6681,648022.25,619769.2
6681,648022.25,618225.6
6681,648022.25,622839.8
6681,648022.25,600527.0
6682,224962.95,220170.17
6682,224962.95,220378.89
6683,267872.62,257742.92
6683,267872.62,253879.55
6684,676611.9,729569.9
6684,676611.9,706270.9
6685,743453.1,722475.06
6685,743453.1,723342.25
6685,743453.1,722419.06
6685,743453.1,723042.5
6685,743453.1,728414.8
6685,743453.1,727864.3
6685,743453.1,709990.1
6685,743453.1,709690.8
6685,743453.1,711478.6
6685,743453.1,702888.8
6685,743453.1,703304.9
6686,590669.44,611420.4
6686,590669.44,603453.25
6686,590669.44,606040.6
6686,590669.44,603096.0
6687,845217.6,829468.94
6687,845217.6,827365.8
6687,845217.6,829169.94
6687,845217.6,834131.25
6687,845217.6,832218.3
6687,845217.6,834131.4
6687,845217.6,832509.7
6687,845217.6,824605.2
6687,845217.6,834245.75
6687,845217.6,832959.44
6687,845217.6,829332.44
6687,845217.6,835899.9
6687,845217.6,828099.2
6688,765482.94,672325.1
6688,765482.94,689173.5
6689,264427.84,321846.56
6689,264427.84,326690.97
6690,345143.62,360669.53
6690,345143.62,364551.4
6690,345143.62,357459.5
6690,345143.62,366078.3
6691,621240.25,671643.25
6691,621240.25,680142.3
6692,251288.88,316583.94
6692,251288.88,311534.3
6693,384185.62,459363.34
6693,384185.62,466981.4
6693,384185.62,456212.16
6693,384185.62,463534.1
6693,384185.62,461656.9
6693,384185.62,464195.1
6694,308857.62,356575.6
6694,308857.62,362399.34
6694,308857.62,351782.84
6694,308857.62,351396.16
6694,308857.62,354055.5
6695,630953.3,742046.44
6695,630953.3,746850.8
6695,630953.3,731204.9
6695,630953.3,752886.9
6695,630953.3,772938.2
6696,675095.25,612000.9
6696,675095.25,611376.94
6696,675095.25,598931.8
6696,675095.25,619476.7
6696,675095.25,615717.9
6696,675095.25,604022.9
6697,741714.56,657889.1
6697,741714.56,620991.4
6698,376802.1,305701.5
6698,376802.1,306981.06
6698,376802.1,313083.56
6699,252525.53,330038.06
6700,581902.94,629433.8
6700,581902.94,597974.0
6701,479849.5,530617.44
6701,479849.5,535848.5
6701,479849.5,526527.56
6701,479849.5,536669.94
6701,479849.5,535870.5
6702,421803.34,383957.9
6702,421803.34,394989.97
6703,524542.44,453716.25
6704,631771.2,588545.3
6704,631771.2,597857.94
6705,288388.6,269340.66
6705,288388.6,275214.4
6706,253532.34,271542.25
6706,253532.34,266225.94
6707,708864.5,697454.8
6707,708864.5,690149.75
6708,379828.5,439222.97
6708,379828.5,430483.97
6708,379828.5,441064.38
6708,379828.5,415525.7
6709,191996.23,213645.83
6710,745467.1,749500.8
6710,745467.1,745675.1
6710,745467.1,740054.5
6710,745467.1,743216.75
6710,745467.1,749135.44
6710,745467.1,758951.7
6711,350075.8,297310.22
6711,350075.8,291769.5
6712,391264.8,379315.1
6712,391264.8,377234.5
6713,2.409557e+06,2.5582345e+06
6713,2.409557e+06,2.5573942e+06
6714,431779.12,500584.0
6714,431779.12,507696.03
6715,564148.1,524773.6
6715,564148.1,517424.12
6716,413200.28,488511.78
6717,135080.02,166748.95
6717,135080.02,176835.89
6718,429783.8,391711.75
6718,429783.8,381867.2
6719,708134.2,730582.2
6719,708134.2,728163.2
6719,708134.2,724930.75
6719,708134.2,733407.75
6719,708134.2,728310.9
6719,708134.2,725174.2
6719,708134.2,715539.56
6719,708134.2,733643.4
6720,257349.6,255594.52
6720,257349.6,252139.8
6721,393082.97,309411.38
6721,393082.97,309534.62
6721,393082.97,311859.84
6721,393082.97,299624.62
6722,707569.2,730770.75
6722,707569.2,731846.2
6722,707569.2,735882.0
6722,707569.2,735725.5
6722,707569.2,736117.44
6722,707569.2,758202.94
6723,556547.2,546792.1
6723,556547.2,534778.9
6724,610800.5,761567.06
6724,610800.5,758181.56
6724,610800.5,761567.06
6724,610800.5,760793.5
6724,610800.5,767586.06
6724,610800.5,764734.6
6724,610800.5,768468.9
6724,610800.5,759661.0
6724,610800.5,768191.94
6724,610800.5,788092.3
6725,223361.48,183072.36
6725,223361.48,188924.2
6726,868185.7,960404.94
6726,868185.7,940074.8
6727,323147.66,266689.28
6727,323147.66,266801.56
6728,493606.38,434585.44
6728,493606.38,426212.44
6728,493606.38,450528.88
6728,493606.38,432175.38
6728,493606.38,436785.25
6728,493606.38,434218.34
6728,493606.38,447951.7
6729,300977.6,304247.66
6729,300977.6,307469.25
6729,300977.6,309934.3
6730,557691.75,645538.44
6730,557691.75,644293.9
6731,575686.56,574313.7
6731,575686.56,564563.2
6731,575686.56,575677.56
6731,575686.56,578265.9
6732,198682.67,234619.36
6732,198682.67,238462.3
6733,351423.0,367381.56
6733,351423.0,366194.56
6733,351423.0,387133.9
6733,351423.0,376444.12
6734,354805.5,298909.94
6735,376281.0,307692.12
6735,376281.0,307933.03
6735,376281.0,305097.94
6736,535363.94,533735.2
6736,535363.94,545123.0
6736,535363.94,535139.4
6737,359401.03,352967.1
6737,359401.03,370023.16
6737,359401.03,357895.88
6738,388991.38,497072.94
6738,388991.38,504284.12
6739,637497.75,601049.44
6739,637497.75,605437.94
6739,637497.75,606509.44
6739,637497.75,598026.1
6739,637497.75,596880.9
6739,637497.75,599807.94
6739,637497.75,602838.7
6739,637497.75,597305.94
6740,2.852037e+06,2.6182912e+06
6740,2.852037e+06,2.616212e+06
6741,302693.8,263075.28
6741,302693.8,261659.64
6741,302693.8,265812.88
6741,302693.8,255184.42
6742,841391.1,781927.94
6742,841391.1,789572.4
6743,547767.06,544720.06
6743,547767.06,540799.75
6744,795738.75,720609.7
6744,795738.75,715274.7
6744,795738.75,719682.8
6744,795738.75,719165.2
6744,795738.75,724691.7
6744,795738.75,723661.6
6744,795738.75,720801.1
6744,795738.75,732812.0
6745,1.1996305e+06,1.2209165e+06
6745,1.1996305e+06,1.2262379e+06
6745,1.1996305e+06,1.2209022e+06
6745,1.1996305e+06,1.2270699e+06
6745,1.1996305e+06,1.2201176e+06
6745,1.1996305e+06,1.2283094e+06
6745,1.1996305e+06,1.2264966e+06
6745,1.1996305e+06,1.2198299e+06
6745,1.1996305e+06,1.2211556e+06
6745,1.1996305e+06,1.2140674e+06
6745,1.1996305e+06,1.2165995e+06
6745,1.1996305e+06,1.2193368e+06
6745,1.1996305e+06,1.1996551e+06
6746,1.3661109e+06,1.3410101e+06
6746,1.3661109e+06,1.3307111e+06
6746,1.3661109e+06,1.3306929e+06
6746,1.3661109e+06,1.3415566e+06
6746,1.3661109e+06,1.3434985e+06
6746,1.3661109e+06,1.3298512e+06
6746,1.3661109e+06,1.3335664e+06
6746,1.3661109e+06,1.3404851e+06
6746,1.3661109e+06,1.333181e+06
6746,1.3661109e+06,1.3322935e+06
6746,1.3661109e+06,1.3291288e+06
6746,1.3661109e+06,1.3424865e+06
6746,1.3661109e+06,1.3383039e+06
6746,1.3661109e+06,1.3349569e+06
6747,202103.86,294945.66
6747,202103.86,294771.94
6747,202103.86,290311.3
6748,283651.84,253569.05
6748,283651.84,258876.14
6749,642879.75,758689.6
6750,403753.94,475381.6
6750,403753.94,491836.66
6751,394462.38,421030.94
6751,394462.38,420784.78
6751,394462.38,434574.56
6752,199234.06,266271.66
6752,199234.06,271550.84
6753,458959.25,526816.5
6753,458959.25,532301.3
6753,458959.25,533425.2
6753,458959.25,533638.06
6753,458959.25,532149.56
6754,313948.66,359387.22
6754,313948.66,350927.9
6754,313948.66,352450.16
6755,653164.6,544673.9
6755,653164.6,545973.1
6755,653164.6,536876.56
6755,653164.6,543908.56
6755,653164.6,539627.4
6756,383778.4,475094.72
6756,383778.4,481022.03
6756,383778.4,476283.06
6757,399871.62,380280.7
6757,399871.62,382942.44
6757,399871.62,377379.62
6757,399871.62,390653.72
6758,373996.0,496543.1
6758,373996.0,492933.53
6759,293217.7,321185.12
6759,293217.7,318501.47
6759,293217.7,317283.25
6760,602993.6,534016.56
6760,602993.6,525195.0
6761,726391.75,782327.3
6762,490556.3,493037.4
6762,490556.3,474849.38
6763,541991.75,508633.5
6763,541991.75,523168.97
6763,541991.75,514512.34
6763,541991.75,522578.84
6763,541991.75,522768.94
6763,541991.75,517150.88
6764,454018.94,394899.44
6764,454018.94,400640.88
6764,454018.94,404007.62
6765,351305.94,360404.4
6765,351305.94,375348.34
6766,521002.7,599494.94
6766,521002.7,599702.1
6766,521002.7,600613.0
6766,521002.7,597515.6
6767,345370.94,277459.28
6767,345370.94,283713.22
6768,820733.44,832908.44
6768,820733.44,832961.1
6768,820733.44,832810.8
6768,820733.44,836549.8
6768,820733.44,832737.0
6768,820733.44,832316.9
6768,820733.44,824151.25
6768,820733.44,827387.2
6768,820733.44,822414.25
6768,820733.44,829918.8
6768,820733.44,834854.1
6768,820733.44,835858.5
6769,2.2491328e+06,2.5528275e+06
6769,2.2491328e+06,2.5541465e+06
6770,525468.94,543366.56
6770,525468.94,560398.4
6771,478063.8,508899.16
6771,478063.8,486829.28
6772,499512.97,538333.25
6772,499512.97,543721.44
6772,499512.97,542426.1
6772,499512.97,547372.8
6772,499512.97,534479.94
6772,499512.97,538947.44
6773,258244.62,324939.12
6773,258244.62,322614.88
6774,483802.25,595094.8
6774,483802.25,595998.6
6775,738198.9,773191.44
6776,979162.94,771159.25
6776,979162.94,770103.6
6776,979162.94,768014.2
6776,979162.94,769135.94
6776,979162.94,768439.4
6776,979162.94,773672.3
6776,979162.94,769552.9
6776,979162.94,774517.1
6776,979162.94,774500.44
6777,231377.31,242845.64
6777,231377.31,246193.36
6777,231377.31,242586.58
6778,342145.28,279362.12
6778,342145.28,287148.78
6779,692994.9,625522.25
6779,692994.9,640279.7
6780,834770.0,660541.7
6780,834770.0,666046.94
6780,834770.0,654999.8
6780,834770.0,655845.44
6780,834770.0,666678.1
6780,834770.0,649017.1
6780,834770.0,654730.7
6781,255894.86,248523.52
6781,255894.86,251971.98
6782,462542.12,490548.84
6782,462542.12,500835.06
6783,611178.44,658450.2
6783,611178.44,669040.75
6783,611178.44,667107.6
6783,611178.44,661721.3
6783,611178.44,653035.0
6783,611178.44,650451.9
6784,632406.25,656723.94
6784,632406.25,646637.56
6784,632406.25,650301.5
6784,632406.25,646267.8
6784,632406.25,673899.5
6785,145438.2,175301.23
6785,145438.2,175130.2
6786,2.5334525e+06,2.5881272e+06
6786,2.5334525e+06,2.590569e+06
6787,202688.36,233315.39
6787,202688.36,241385.52
6787,202688.36,236301.86
6788,973534.94,934487.5
6788,973534.94,942386.2
6788,973534.94,941215.94
6788,973534.94,940324.06
6788,973534.94,931570.25
6788,973534.94,953150.2
6789,557905.25,626426.56
6789,557905.25,620294.56
6789,557905.25,621289.0
6789,557905.25,624906.8
6789,557905.25,624507.2
6789,557905.25,623628.1
6789,557905.25,615125.06
6789,557905.25,613793.2
6789,557905.25,610667.56
6789,557905.25,593698.6
6790,438497.0,428809.78
6790,438497.0,428398.1
6790,438497.0,432035.28
6790,438497.0,429110.38
6791,326590.1,336093.4
6791,326590.1,336093.4
6791,326590.1,323962.16
6792,679544.44,745741.06
6792,679544.44,742889.1
6792,679544.44,744161.2
6792,679544.44,744245.2
6792,679544.44,740396.4
6792,679544.44,735412.25
6792,679544.44,733453.06
6792,679544.44,735006.25
6792,679544.44,734607.9
6792,679544.44,741832.44
6793,305844.7,275191.2
6793,305844.7,282312.72
6793,305844.7,281617.9
6794,341789.5,302816.97
6794,341789.5,310707.84
6794,341789.5,305996.28
6795,369256.12,363567.5
6795,369256.12,348066.44
6796,547627.9,487787.16
6796,547627.9,469665.44
6797,985395.9,977724.9
6797,985395.9,920154.44
6798,581391.2,567119.06
6798,581391.2,589491.75
6799,384431.34,365894.38
6799,384431.34,380814.97
6799,384431.34,373604.47
6800,1.1457264e+06,1.1229234e+06
6800,1.1457264e+06,1.1274852e+06
6800,1.1457264e+06,1.1252224e+06
6800,1.1457264e+06,1.1275078e+06
6800,1.1457264e+06,1.1223994e+06
6800,1.1457264e+06,1.1271504e+06
6800,1.1457264e+06,1.1260199e+06
6800,1.1457264e+06,1.1557081e+06
6800,1.1457264e+06,1.1269711e+06
6800,1.1457264e+06,1.141334e+06
6801,536856.44,533759.9
6801,536856.44,527855.94
6801,536856.44,553681.44
6801,536856.44,548797.8
6802,391669.88,305304.16
6802,391669.88,302497.75
6802,391669.88,305555.78
6803,625177.6,610494.7
6803,625177.6,606371.3
6803,625177.6,606165.44
6803,625177.6,606317.75
6803,625177.6,600825.56
6803,625177.6,601629.0
6803,625177.6,602483.6
6803,625177.6,604332.8
6803,625177.6,604158.5
6803,625177.6,602195.3
6803,625177.6,599173.06
6803,625177.6,602223.0
6804,668324.7,617026.94
6804,668324.7,626225.75
6805,551848.1,562720.3
6805,551848.1,572334.4
6806,551072.6,621057.5
6806,551072.6,595131.9
6807,562853.6,609394.4
6807,562853.6,587716.75
6808,846094.94,703088.5
6808,846094.94,705603.8
6809,553852.5,626809.3
6809,553852.5,605726.94
6810,216300.69,239007.98
6810,216300.69,241672.95
6811,639810.1,710350.44
6811,639810.1,713084.44
6811,639810.1,712430.44
6811,639810.1,723047.7
6811,639810.1,723331.0
6811,639810.1,718894.06
6811,639810.1,727837.9
6811,639810.1,709819.9
6812,552547.94,589915.5
6813,573908.75,662575.44
6813,573908.75,672935.25
6814,861412.06,868426.4
6814,861412.06,872620.8
6815,681295.3,558332.25
6816,879523.44,738599.2
6816,879523.44,737007.75
6816,879523.44,739997.0
6816,879523.44,736603.3
6816,879523.44,736902.56
6817,741121.0,693895.44
6817,741121.0,713258.4
6817,741121.0,681070.9
6818,852222.3,924397.4
6818,852222.3,927462.25
6819,734657.25,713123.06
6819,734657.25,713841.5
6819,734657.25,718149.06
6819,734657.25,716726.25
6819,734657.25,712658.44
6819,734657.25,716003.6
6819,734657.25,722866.56
6820,733483.44,734011.0
6820,733483.44,729566.8
6820,733483.44,726600.5
6820,733483.44,726639.44
6820,733483.44,726499.1
6820,733483.44,714685.56
6820,733483.44,723694.3
6820,733483.44,723617.44
6820,733483.44,717411.3
6821,786116.0,703356.8
6821,786116.0,693209.75
6822,970358.94,780045.4
6822,970358.94,772194.4
6822,970358.94,778506.8
6822,970358.94,774108.6
6822,970358.94,778370.3
6822,970358.94,792657.9
6822,970358.94,790549.06
6822,970358.94,784155.1
6822,970358.94,782695.9
6823,373536.34,448340.16
6823,373536.34,447319.84
6823,373536.34,452924.25
6823,373536.34,459208.56
6823,373536.34,460434.28
6824,398779.78,323124.38
6825,564136.4,733752.56
6825,564136.4,735720.44
6825,564136.4,742231.94
6825,564136.4,734510.6
6825,564136.4,735561.4
6825,564136.4,745916.06
6825,564136.4,733767.75
6826,238973.81,246252.61
6826,238973.81,248221.64
6826,238973.81,242047.05
6827,309907.12,352905.97
6827,309907.12,346256.1
6827,309907.12,363141.47
6827,309907.12,350568.34
6828,216501.47,240887.83
6828,216501.47,235767.3
6829,594585.56,580291.5
6829,594585.56,584318.1
6829,594585.56,579992.9
6829,594585.56,585022.5
6829,594585.56,582752.56
6829,594585.56,580887.2
6829,594585.56,585724.56
6829,594585.56,569959.7
6830,1.3525806e+06,1.3035161e+06
6830,1.3525806e+06,1.3224268e+06
6830,1.3525806e+06,1.3018575e+06
6831,416191.0,471539.94
6831,416191.0,469220.1
6831,416191.0,480548.4
6831,416191.0,474438.56
6831,416191.0,473354.1
6831,416191.0,482797.25
6832,600645.9,633609.9
6832,600645.9,644547.8
6833,363092.12,447260.34
6833,363092.12,453766.47
6834,1.0302416e+06,1.0405533e+06
6834,1.0302416e+06,1.0365788e+06
6834,1.0302416e+06,1.040034e+06
6834,1.0302416e+06,1.0403362e+06
6834,1.0302416e+06,1.0393602e+06
6834,1.0302416e+06,1.03695894e+06
6834,1.0302416e+06,1.04852344e+06
6834,1.0302416e+06,1.0577382e+06
6834,1.0302416e+06,1.0571715e+06
6834,1.0302416e+06,1.0504716e+06
6834,1.0302416e+06,1.04215544e+06
6835,803083.75,608043.06
6835,803083.75,612528.3
6836,214790.2,250130.73
6837,618998.1,537376.0
6837,618998.1,529368.06
6838,1.2646739e+06,1.2035889e+06
6838,1.2646739e+06,1.1900744e+06
6838,1.2646739e+06,1.1999189e+06
6838,1.2646739e+06,1.203136e+06
6838,1.2646739e+06,1.2023999e+06
6838,1.2646739e+06,1.1945505e+06
6838,1.2646739e+06,1.1948995e+06
6838,1.2646739e+06,1.190281e+06
6838,1.2646739e+06,1.220866e+06
6839,2.5362808e+06,2.599444e+06
6839,2.5362808e+06,2.593601e+06
6840,607173.9,532023.4
6841,339063.22,290183.1
6841,339063.22,293904.03
6842,744541.3,739190.5
6842,744541.3,746255.9
6842,744541.3,741573.3
6842,744541.3,736608.3
6842,744541.3,736078.7
6842,744541.3,743827.56
6842,744541.3,734351.25
6842,744541.3,750518.94
6843,596730.44,491427.5
6844,637091.06,544427.94
6844,637091.06,529519.25
6845,471529.66,518999.25
6845,471529.66,519659.72
6845,471529.66,520181.9
6845,471529.66,526370.94
6845,471529.66,519242.94
6846,388330.28,326744.56
6846,388330.28,327091.78
6846,388330.28,338652.44
6846,388330.28,330137.66
6847,324369.62,322470.53
6847,324369.62,319859.38
6848,784845.6,691320.44
6848,784845.6,689927.4
6849,747037.8,759465.5
6849,747037.8,765766.75
6850,415721.3,476322.03
6850,415721.3,461797.75
6850,415721.3,482543.7
6851,601938.0,565220.25
6851,601938.0,558515.75
6851,601938.0,570894.8
6851,601938.0,566667.25
6852,500540.34,483712.84
6852,500540.34,477895.97
6852,500540.34,499592.0
6852,500540.34,489368.5
6853,429752.38,412023.97
6853,429752.38,414115.75
6853,429752.38,425671.28
6853,429752.38,401494.4
6853,429752.38,417101.0
6853,429752.38,410140.0
6853,429752.38,413122.0
6854,380083.34,300156.78
6854,380083.34,294081.72
6855,552333.5,574261.56
6855,552333.5,572395.7
6855,552333.5,573888.25
6855,552333.5,565683.56
6855,552333.5,566104.44
6855,552333.5,570707.5
6856,569488.06,540327.06
6856,569488.06,554863.44
6857,316940.53,297753.5
6858,239965.33,270226.06
6858,239965.33,276710.5
6859,595087.2,596098.25
6859,595087.2,602614.5
6859,595087.2,599293.0
6859,595087.2,600838.8
6859,595087.2,605898.6
6859,595087.2,599925.5
6859,595087.2,602520.8
6859,595087.2,595201.56
6859,595087.2,594057.94
6859,595087.2,592854.56
6859,595087.2,598971.9
6859,595087.2,606661.94
6860,2.8123212e+06,2.620099e+06
6860,2.8123212e+06,2.6168945e+06
6860,2.8123212e+06,2.6154802e+06
6861,299006.1,265314.12
6861,299006.1,265831.44
6861,299006.1,263134.78
6862,491543.56,500191.94
6862,491543.56,521591.72
6863,604200.6,591580.94
6863,604200.6,591821.44
6864,578253.5,553890.1
6864,578253.5,571167.6
6865,767009.44,654848.6
6865,767009.44,654324.7
6866,1.3400399e+06,1.3161222e+06
6866,1.3400399e+06,1.3128969e+06
6866,1.3400399e+06,1.3228008e+06
6866,1.3400399e+06,1.3127092e+06
6866,1.3400399e+06,1.3158789e+06
6866,1.3400399e+06,1.3150329e+06
6866,1.3400399e+06,1.323237e+06
6866,1.3400399e+06,1.3233156e+06
6866,1.3400399e+06,1.3113434e+06
6866,1.3400399e+06,1.3163288e+06
6866,1.3400399e+06,1.3158154e+06
6866,1.3400399e+06,1.3133928e+06
6866,1.3400399e+06,1.3138454e+06
6867,543368.75,608355.4
6867,543368.75,611564.1
6868,504243.8,426532.7
6868,504243.8,426935.34
6869,309965.75,338067.7
6869,309965.75,336336.34
6869,309965.75,339967.7
6870,800643.3,748856.94
6870,800643.3,751398.44
6870,800643.3,751273.44
6870,800643.3,750959.0
6870,800643.3,752910.25
6870,800643.3,720115.75
6871,624507.6,672165.3
6871,624507.6,687469.0
6872,388716.3,308429.47
6872,388716.3,302365.5
6873,332609.1,330253.34
6873,332609.1,328607.3
6873,332609.1,332196.3
6874,846525.06,875684.94
6874,846525.06,873408.1
6875,731091.44,747942.0
6875,731091.44,739971.8
6875,731091.44,733908.8
6875,731091.44,736006.94
6875,731091.44,739826.06
6875,731091.44,739604.3
6875,731091.44,750997.44
6876,602447.3,597540.9
6876,602447.3,586158.3
6877,849474.25,713188.9
6877,849474.25,729939.25
6878,614905.2,607223.06
6878,614905.2,622449.1
6878,614905.2,615078.3
6878,614905.2,607777.75
6879,739378.25,551039.9
6880,540077.06,604493.0
6880,540077.06,601238.6
6880,540077.06,602015.2
6880,540077.06,588197.1
6880,540077.06,583914.44
6880,540077.06,599138.94
6881,691492.3,654650.06
6881,691492.3,663166.5
6881,691492.3,654937.75
6881,691492.3,657071.4
6881,691492.3,673474.06
6881,691492.3,672738.9
6881,691492.3,673352.25
6882,178455.84,275898.0
6882,178455.84,275825.66
6882,178455.84,283246.8
6883,509017.1,630661.1
6883,509017.1,634726.56
6883,509017.1,632783.0
6883,509017.1,622657.1
6883,509017.1,612077.9
6883,509017.1,625194.44
6883,509017.1,622494.1
6884,184195.77,289950.97
6884,184195.77,283631.22
6885,703213.5,744117.06
6885,703213.5,747006.7
6885,703213.5,746727.75
6885,703213.5,750485.2
6885,703213.5,751850.0
6885,703213.5,744117.06
6885,703213.5,754454.5
6886,361716.78,297903.34
6886,361716.78,301626.4
6886,361716.78,300045.12
6887,765128.94,773841.9
6887,765128.94,781817.0
6888,172952.52,276122.1
6888,172952.52,279021.0
6888,172952.52,287282.28
6888,172952.52,271374.4
6889,793023.7,709355.7
6889,793023.7,712687.56
6889,793023.7,716399.4
6889,793023.7,708213.75
6889,793023.7,706388.1
6889,793023.7,715656.4
6889,793023.7,736680.1
6890,788525.7,775041.06
6890,788525.7,778454.9
6890,788525.7,778226.8
6890,788525.7,777555.56
6890,788525.7,778515.8
6890,788525.7,780538.5
6890,788525.7,779107.3
6890,788525.7,778095.5
6890,788525.7,785391.94
6891,133638.75,176017.58
6891,133638.75,164942.33
6892,339525.44,286689.4
6892,339525.44,291684.84
6893,861921.1,750395.06
6893,861921.1,755228.3
6893,861921.1,747771.25
6893,861921.1,756474.0
6893,861921.1,746002.7
6893,861921.1,745398.4
6894,615556.3,661663.0
6894,615556.3,653238.94
6894,615556.3,658800.7
6894,615556.3,665664.8
6894,615556.3,666749.9
6895,536674.94,522786.9
6895,536674.94,524384.75
6895,536674.94,533472.2
6895,536674.94,520807.78
6896,209336.3,213334.27
6896,209336.3,203685.92
6897,523875.84,593595.4
6897,523875.84,589080.75
6898,2.4958315e+06,2.604595e+06
6898,2.4958315e+06,2.5956688e+06
6899,523476.78,453296.44
6899,523476.78,459330.2
6900,878894.1,972501.75
6900,878894.1,969607.9
6901,305909.16,265108.03
6901,305909.16,268010.94
6901,305909.16,272324.56
6902,421259.75,392485.62
6902,421259.75,391663.56
6903,511890.1,418379.88
6903,511890.1,409753.03
6904,823112.2,619075.06
6904,823112.2,616823.06
6904,823112.2,609692.0
6905,728411.25,747751.7
6905,728411.25,739152.5
6905,728411.25,733674.06
6905,728411.25,742718.0
6905,728411.25,761730.75
6905,728411.25,754151.44
6906,427913.34,411099.4
6907,612160.0,668456.2
6907,612160.0,663322.75
6908,441614.53,416004.7
6908,441614.53,416366.25
6908,441614.53,432956.62
6908,441614.53,423050.03
6909,716239.1,757877.4
6909,716239.1,755093.9
6909,716239.1,758362.94
6909,716239.1,760462.9
6909,716239.1,763869.94
6909,716239.1,760111.0
6909,716239.1,759298.9
6909,716239.1,760851.7
6909,716239.1,761080.7
6910,521821.94,644672.6
6910,521821.94,620447.94
6911,545006.0,608986.75
6912,510331.7,476500.03
6912,510331.7,473161.4
6912,510331.7,477125.28
6913,747658.7,738048.2
6913,747658.7,737861.06
6913,747658.7,736823.3
6913,747658.7,736502.44
6913,747658.7,738183.25
6913,747658.7,738601.06
6913,747658.7,737952.0
6913,747658.7,739729.0
6914,916229.25,750785.7
6914,916229.25,758133.5
6914,916229.25,761721.1
6914,916229.25,768778.9
6914,916229.25,758163.0
6914,916229.25,757203.8
6914,916229.25,760460.94
6915,907694.06,857121.25
6915,907694.06,851962.5
6916,423881.38,406179.2
6916,423881.38,402215.47
6917,280440.44,298152.7
6917,280440.44,290736.53
6918,411863.84,368415.28
6918,411863.84,364360.06
6918,411863.84,379824.78
6918,411863.84,377475.56
6919,747024.75,719749.06
6919,747024.75,710164.6
6919,747024.75,721794.25
6919,747024.75,718640.9
6919,747024.75,734605.2
6919,747024.75,731400.25
6920,392530.03,360505.34
6920,392530.03,360547.22
6920,392530.03,372032.66
6921,401215.22,307843.25
6921,401215.22,307904.28
6921,401215.22,314585.94
6921,401215.22,315514.62
6922,403407.3,450150.5
6922,403407.3,445111.38
6922,403407.3,451479.4
6923,316229.47,399322.9
6923,316229.47,392672.6
6924,542957.6,618515.25
6924,542957.6,581911.6
6925,293388.1,347554.28
6925,293388.1,341464.2
6925,293388.1,343866.4
6925,293388.1,347217.5
6926,275245.1,267067.25
6927,601095.4,610943.8
6927,601095.4,612521.56
6927,601095.4,609294.4
6927,601095.4,599906.1
6928,326335.53,283101.44
6928,326335.53,284506.25
6929,316809.75,281274.28
6929,316809.75,286027.84
6929,316809.75,278498.7
6930,609051.3,617809.0
6930,609051.3,621912.2
6930,609051.3,631615.2
6930,609051.3,624271.6
6930,609051.3,633063.7
6930,609051.3,622870.8
6931,1.3291535e+06,1.2341189e+06
6931,1.3291535e+06,1.2119488e+06
6932,665772.3,660973.3
6932,665772.3,680838.2
6933,629974.4,709057.44
6933,629974.4,710794.3
6933,629974.4,706240.3
6933,629974.4,713610.8
6933,629974.4,720709.2
6933,629974.4,721447.3
6934,613137.1,522610.78
6934,613137.1,521322.53
6934,613137.1,520000.44
6934,613137.1,501083.6
6935,510814.34,623524.25
6935,510814.34,598823.56
6936,493153.47,615729.8
6936,493153.47,592392.8
6937,680439.3,597119.2
6937,680439.3,569646.06
6938,326544.78,281797.6
6938,326544.78,279386.4
6939,607423.1,574061.8
6939,607423.1,579181.06
6939,607423.1,572727.25
6939,607423.1,585457.3
6940,614374.7,676129.0
6941,624911.25,494401.9
6941,624911.25,490629.16
6941,624911.25,496777.94
6941,624911.25,492313.3
6941,624911.25,481980.72
6942,631134.44,615738.25
6942,631134.44,619355.2
6942,631134.44,616315.44
6942,631134.44,613022.25
6942,631134.44,611550.1
6942,631134.44,610803.8
6942,631134.44,618956.3
6942,631134.44,620049.25
6942,631134.44,618918.44
6943,489133.44,436369.22
6943,489133.44,438482.8
6944,426311.8,401202.62
6944,426311.8,397488.16
6945,693050.6,572032.2
6945,693050.6,570032.1
6945,693050.6,572435.25
6946,730022.44,714706.6
6946,730022.44,716626.4
6947,686594.9,682848.7
6947,686594.9,690061.25
6948,180458.45,172583.73
6948,180458.45,180882.7
6949,635145.6,667587.9
6949,635145.6,655962.5
6950,203836.75,239843.3
6950,203836.75,241464.8
6951,513004.28,429774.44
6951,513004.28,449399.88
6952,465811.22,414803.6
6953,302721.88,390540.22
6953,302721.88,388940.6
6953,302721.88,408975.22
6953,302721.88,394633.8
6954,444103.25,474048.0
6954,444103.25,475725.72
6955,1.0988981e+06,1.150005e+06
6955,1.0988981e+06,1.1522185e+06
6955,1.0988981e+06,1.1475908e+06
6955,1.0988981e+06,1.1477389e+06
6955,1.0988981e+06,1.1524585e+06
6955,1.0988981e+06,1.1518474e+06
6955,1.0988981e+06,1.1462458e+06
6955,1.0988981e+06,1.1464878e+06
6955,1.0988981e+06,1.1531196e+06
6955,1.0988981e+06,1.1422672e+06
6955,1.0988981e+06,1.1344396e+06
6956,570595.9,599593.2
6956,570595.9,600051.75
6956,570595.9,599515.75
6956,570595.9,604236.8
6956,570595.9,605560.6
6956,570595.9,599994.1
6956,570595.9,601147.94
6956,570595.9,591161.56
6956,570595.9,592828.6
6956,570595.9,591614.94
6956,570595.9,590370.4
6957,575136.75,602722.2
6957,575136.75,598149.9
6957,575136.75,599087.0
6957,575136.75,607772.7
6957,575136.75,599090.8
6958,470988.62,427551.2
6958,470988.62,433097.53
6958,470988.62,428940.88
6958,470988.62,435613.16
6958,470988.62,420328.88
6959,595172.94,541484.8
6959,595172.94,534234.1
6960,406273.06,486852.94
6960,406273.06,489455.72
6960,406273.06,493726.28
6960,406273.06,480642.78
6961,266736.8,226928.48
6961,266736.8,238666.42
6962,559191.5,527442.06
6962,559191.5,531472.2
6963,623075.06,611850.0
6963,623075.06,616461.9
6963,623075.06,614252.2
6963,623075.06,615380.2
6963,623075.06,595603.8
6964,712946.06,757823.8
6964,712946.06,763499.06
6964,712946.06,760622.75
6964,712946.06,762536.06
6964,712946.06,756176.94
6964,712946.06,764074.25
6964,712946.06,765100.9
6964,712946.06,777006.4
6965,484414.38,411475.66
6966,402322.38,398809.22
6966,402322.38,401358.7
6966,402322.38,397027.38
6967,855561.0,796223.3
6967,855561.0,814052.94
6967,855561.0,795054.94
6968,604893.8,664965.06
6968,604893.8,653013.44
6968,604893.8,645706.4
6969,676134.06,670623.2
6969,676134.06,670624.7
6969,676134.06,672767.8
6969,676134.06,660275.7
6969,676134.06,668488.75
6969,676134.06,673620.5
6969,676134.06,667874.7
6970,536500.7,540640.25
6970,536500.7,545293.7
6971,633736.2,732228.44
6971,633736.2,738372.2
6971,633736.2,730502.9
6971,633736.2,731999.0
6971,633736.2,745748.6
6971,633736.2,737492.6
6971,633736.2,723289.4
6971,633736.2,732151.0
6971,633736.2,732709.94
6971,633736.2,730972.3
6972,581119.3,559003.9
6972,581119.3,564476.7
6973,422288.7,386829.38
6974,506250.75,441719.56
6974,506250.75,440409.97
6975,948762.0,744079.4
6976,204706.92,236813.36
6976,204706.92,234835.3
6977,197401.08,262596.28
6977,197401.08,266528.6
6978,475881.5,424273.8
6978,475881.5,416222.97
6979,603263.6,582948.56
6979,603263.6,602373.44
6980,418767.78,506520.7
6980,418767.78,508355.9
6980,418767.78,507817.8
6980,418767.78,499380.6
6980,418767.78,499540.1
6980,418767.78,502046.06
6981,375833.9,310211.0
6981,375833.9,304566.4
6982,390390.53,418961.44
6982,390390.53,410905.84
6982,390390.53,413186.47
6982,390390.53,405894.22
6982,390390.53,416941.84
6982,390390.53,410247.5
6982,390390.53,408326.3
6982,390390.53,416728.12
6983,394936.06,376585.7
6983,394936.06,376673.5
6983,394936.06,375466.6
6983,394936.06,376672.3
6984,779996.5,708757.1
6984,779996.5,710128.7
6984,779996.5,712717.56
6984,779996.5,708783.44
6984,779996.5,707447.25
6984,779996.5,709439.0
6984,779996.5,689955.06
6984,779996.5,692498.44
6984,779996.5,691272.3
6984,779996.5,712892.06
6985,331063.12,367476.8
6985,331063.12,362542.56
6985,331063.12,357351.2
6985,331063.12,361941.0
6985,331063.12,362526.84
6985,331063.12,371149.28
6986,970644.2,975637.0
6986,970644.2,978785.56
6987,781239.44,779666.4
6987,781239.44,775502.1
6987,781239.44,786428.25
6987,781239.44,779571.7
6987,781239.44,790706.7
6988,526972.0,497788.1
6988,526972.0,498189.94
6988,526972.0,517408.5
6988,526972.0,510615.97
6989,256442.33,236801.02
6989,256442.33,243129.73
6990,541224.8,465416.16
6990,541224.8,436981.06
6991,350438.2,390679.97
6991,350438.2,389065.22
6991,350438.2,393470.25
6992,390087.66,384433.12
6992,390087.66,384068.47
6992,390087.66,402668.94
6993,215005.28,238134.73
6993,215005.28,240982.83
6994,183693.1,178955.14
6994,183693.1,166336.73
6995,442928.4,500803.78
6995,442928.4,502158.84
6996,590503.1,586189.25
6996,590503.1,573900.4
6997,566528.8,538238.3
6997,566528.8,551535.6
6998,480906.56,418538.97
6998,480906.56,423957.78
6998,480906.56,426241.62
6999,323907.53,336414.16
6999,323907.53,337851.8
7000,896958.0,686711.56
7000,896958.0,702208.2
7000,896958.0,679038.56
7001,642874.0,675722.6
7001,642874.0,674414.0
7001,642874.0,673753.2
7001,642874.0,672551.44
7001,642874.0,683712.75
7001,642874.0,681191.25
7001,642874.0,683565.7
7001,642874.0,676820.7
7002,677169.6,665694.25
7003,452982.1,465810.56
7003,452982.1,465938.94
7003,452982.1,464444.0
7004,843010.44,675013.4
7004,843010.44,693109.75
7005,503078.5,420570.9
7005,503078.5,425320.62
7005,503078.5,436030.6
7005,503078.5,428280.03
7006,264676.2,252454.14
7006,264676.2,256190.52
7006,264676.2,255931.73
7007,423033.44,493865.06
7007,423033.44,486938.38
7008,210826.25,246039.89
7008,210826.25,241974.92
7009,691966.8,655355.1
7009,691966.8,632455.25
7010,444007.38,444213.78
7010,444007.38,444738.28
7010,444007.38,455957.25
7010,444007.38,438471.06
7011,841332.75,745767.9
7011,841332.75,745886.8
7011,841332.75,750083.4
7011,841332.75,736872.8
7011,841332.75,754312.9
7011,841332.75,730089.94
7012,676761.1,680256.2
7012,676761.1,690696.75
7012,676761.1,683303.9
7012,676761.1,694569.6
7012,676761.1,690802.6
7013,898091.25,853298.5
7014,557370.6,600344.4
7014,557370.6,605388.8
7015,286130.94,262859.25
7015,286130.94,252693.95
7016,577228.25,661953.2
7016,577228.25,651676.4
7016,577228.25,663042.44
7016,577228.25,651565.1
7016,577228.25,650976.1
7016,577228.25,655719.4
7016,577228.25,640114.4
7016,577228.25,649195.1
7016,577228.25,643947.44
7016,577228.25,644132.5
7017,736046.56,701853.44
7017,736046.56,656755.25
7018,848182.06,820905.7
7018,848182.06,819595.6
7018,848182.06,822602.9
7018,848182.06,824552.6
7018,848182.06,821092.5
7018,848182.06,824426.4
7018,848182.06,824726.7
7018,848182.06,824195.25
7018,848182.06,827149.94
7019,662985.5,604301.5
7019,662985.5,607472.06
7019,662985.5,599051.4
7019,662985.5,620945.9
7019,662985.5,621088.75
7019,662985.5,617903.25
7020,356474.03,377734.97
7020,356474.03,379213.75
7021,370374.97,301508.25
7021,370374.97,319812.0
7021,370374.97,305007.3
7022,256521.22,277844.47
7022,256521.22,283571.38
7023,421399.06,354205.7
7023,421399.06,353766.12
7023,421399.06,367897.4
7024,611075.4,699541.9
7024,611075.4,708387.4
7024,611075.4,694117.4
7024,611075.4,711066.1
7024,611075.4,698291.9
7024,611075.4,689748.94
7025,749820.3,662080.6
7025,749820.3,662420.44
7025,749820.3,643392.7
7026,653412.3,672246.4
7026,653412.3,676347.1
7027,567083.1,558945.7
7027,567083.1,529020.0
7028,202919.47,292815.72
7028,202919.47,285205.75
7029,690087.44,635550.7
7029,690087.44,635263.3
7029,690087.44,619915.06
7030,358601.38,347254.16
7030,358601.38,352796.84
7030,358601.38,351722.7
7031,625220.4,475060.53
7031,625220.4,484083.66
7031,625220.4,470655.38
7031,625220.4,469431.72
7031,625220.4,481297.12
7032,576887.1,549467.56
7032,576887.1,555918.1
7033,216277.55,241099.8
7033,216277.55,242768.23
7034,628290.1,589325.44
7034,628290.1,595582.25
7035,641245.7,737510.7
7035,641245.7,728852.8
7035,641245.7,733099.56
7035,641245.7,732372.06
7035,641245.7,729422.3
7035,641245.7,733205.8
7035,641245.7,723661.06
7035,641245.7,730689.0
7035,641245.7,731202.6
7036,184666.55,278354.66
7036,184666.55,285833.88
7036,184666.55,279941.7
7037,640023.7,548927.5
7038,599162.2,581583.7
7038,599162.2,592588.44
7038,599162.2,595742.9
7039,615914.1,627690.1
7039,615914.1,633793.44
7039,615914.1,620333.0
7039,615914.1,625845.7
7039,615914.1,647619.8
7040,532801.5,555153.1
7040,532801.5,539479.5
7041,288748.28,334387.56
7041,288748.28,341224.62
7041,288748.28,347053.12
7041,288748.28,337873.47
7041,288748.28,337882.1
7042,175092.39,195583.55
7042,175092.39,193994.11
7043,256591.6,332722.22
7043,256591.6,338166.53
7043,256591.6,332129.22
7044,271755.03,281247.97
7044,271755.03,281754.3
7045,683860.6,605009.3
7045,683860.6,594573.06
7046,598473.6,569971.3
7046,598473.6,568085.5
7046,598473.6,568524.8
7046,598473.6,581979.4
7047,531430.9,507841.88
7047,531430.9,491332.97
7048,549701.44,616826.4
7048,549701.44,614443.6
7048,549701.44,616826.4
7048,549701.44,614032.06
7049,223253.72,253375.33
7050,744130.75,723974.56
7050,744130.75,727560.9
7050,744130.75,720448.94
7050,744130.75,728451.06
7050,744130.75,723166.1
7050,744130.75,700795.06
7050,744130.75,709986.7
7050,744130.75,708863.4
7050,744130.75,703373.06
7050,744130.75,725579.4
7051,721200.6,758740.3
7051,721200.6,757855.3
7051,721200.6,758381.1
7051,721200.6,759490.94
7051,721200.6,753658.06
7051,721200.6,755177.7
7051,721200.6,753633.75
7051,721200.6,764264.94
7051,721200.6,758005.9
7052,456571.84,522980.88
7052,456571.84,505540.7
7053,868984.4,757399.44
7053,868984.4,757233.75
7053,868984.4,755566.25
7053,868984.4,754785.25
7053,868984.4,757544.94
7053,868984.4,752130.94
7053,868984.4,746170.56
7054,369831.34,301419.34
7054,369831.34,306147.38
7054,369831.34,299708.75
7055,618829.6,468490.25
7055,618829.6,479692.28
7056,360843.75,298490.88
7056,360843.75,299059.94
7056,360843.75,309031.34
7056,360843.75,298274.56
7057,680052.0,632026.44
7057,680052.0,642152.3
7058,584163.56,664798.25
7058,584163.56,655050.44
7059,660992.94,656279.6
7059,660992.94,638858.3
7060,432248.9,503591.56
7060,432248.9,501821.03
7061,599593.25,698716.5
7061,599593.25,712316.8
7061,599593.25,694539.1
7061,599593.25,694514.0
7061,599593.25,704513.5
7061,599593.25,701667.6
7062,528454.06,446031.47
7062,528454.06,436878.44
7063,424969.34,311866.22
7063,424969.34,317838.1
7064,950090.4,951990.56
7064,950090.4,980971.3
7065,199536.44,232740.2
7065,199536.44,238873.17
7065,199536.44,239764.36
7066,759605.94,756382.1
7067,669127.2,772973.56
7068,669807.06,723553.8
7068,669807.06,723232.44
7068,669807.06,714340.94
7069,483833.06,420304.6
7069,483833.06,427035.97
7069,483833.06,433694.25
7069,483833.06,425951.34
7069,483833.06,424739.25
7069,483833.06,433651.84
7069,483833.06,432839.75
7069,483833.06,454106.03
7070,296339.94,304562.4
7070,296339.94,302636.84
7070,296339.94,308179.53
7071,530692.1,505262.6
7071,530692.1,515775.1
7072,449399.9,545154.44
7072,449399.9,546148.8
7073,361959.2,357013.7
7073,361959.2,354032.1
7074,276481.44,299322.9
7074,276481.44,298134.16
7075,497770.8,521703.66
7075,497770.8,509431.8
7076,302737.78,275589.06
7076,302737.78,273671.2
7077,344417.7,350748.47
7077,344417.7,355241.62
7078,647498.2,588968.4
7078,647498.2,592568.25
7078,647498.2,589740.44
7078,647498.2,590627.25
7078,647498.2,591541.75
7078,647498.2,593864.9
7078,647498.2,592568.25
7078,647498.2,602603.2
7079,651297.4,655798.3
7079,651297.4,646479.5
7080,377630.22,293769.94
7080,377630.22,300431.62
7080,377630.22,297571.34
7081,412342.2,452265.0
7081,412342.2,451842.47
7081,412342.2,449701.6
7081,412342.2,453446.1
7082,333666.1,363377.56
7082,333666.1,365788.72
7082,333666.1,380912.72
7083,393556.84,480483.62
7083,393556.84,490014.97
7084,592115.5,586117.1
7084,592115.5,586876.75
7084,592115.5,582609.2
7084,592115.5,587691.56
7084,592115.5,586058.44
7084,592115.5,589079.4
7084,592115.5,588587.5
7084,592115.5,575175.94
7085,288101.53,258963.58
7085,288101.53,268311.2
7085,288101.53,262915.34
7086,926739.6,892369.7
7086,926739.6,897097.8
7087,680803.6,685217.06
7087,680803.6,691901.44
7088,687919.4,627440.1
7088,687919.4,631732.44
7088,687919.4,636977.9
7088,687919.4,636654.75
7088,687919.4,645496.44
7088,687919.4,623607.3
7089,648710.5,665383.94
7089,648710.5,650896.7
7090,239823.86,262722.38
7090,239823.86,268025.22
7090,239823.86,264155.75
7091,523530.38,519083.2
7091,523530.38,542217.2
7092,625207.75,668193.1
7092,625207.75,689434.8
7092,625207.75,673849.75
7093,1.0214002e+06,978142.8
7093,1.0214002e+06,1.0152054e+06
7094,1.0543131e+06,1.0614095e+06
7094,1.0543131e+06,1.0893986e+06
7095,816210.0,718194.94
7095,816210.0,728106.7
7095,816210.0,694107.6
7096,480828.8,530946.0
7097,2.4269385e+06,2.5898715e+06
7097,2.4269385e+06,2.5922132e+06
7098,780171.8,723863.5
7098,780171.8,721669.6
7098,780171.8,718911.7
7098,780171.8,725583.06
7098,780171.8,721062.56
7098,780171.8,717420.44
7098,780171.8,703931.75
7098,780171.8,706061.1
7098,780171.8,704054.75
7098,780171.8,705923.06
7098,780171.8,723444.8
7099,567676.1,585136.06
7099,567676.1,594087.0
7099,567676.1,588663.6
7099,567676.1,580385.6
7100,419586.44,418771.38
7100,419586.44,420336.88
7101,299813.0,277102.3
7101,299813.0,281933.6
7101,299813.0,281084.38
7102,356452.0,339860.7
7102,356452.0,338449.06
7103,483370.9,440658.25
7103,483370.9,432174.03
7103,483370.9,452375.66
7103,483370.9,431493.78
7104,325598.34,304769.5
7104,325598.34,298558.03
7105,465241.2,443913.38
7105,465241.2,426143.38
7105,465241.2,432050.62
7105,465241.2,423740.06
7105,465241.2,430423.38
7105,465241.2,429643.03
7105,465241.2,424953.3
7105,465241.2,429226.0
7106,361110.5,294139.66
7106,361110.5,296625.62
7107,562315.25,541126.2
7107,562315.25,520929.53
7108,1.0739771e+06,1.1400564e+06
7108,1.0739771e+06,1.1338805e+06
7109,2.6847305e+06,2.6124595e+06
7109,2.6847305e+06,2.608048e+06
7110,599298.1,723057.75
7110,599298.1,731159.1
7110,599298.1,719577.0
7110,599298.1,713469.94
7110,599298.1,724868.94
7110,599298.1,711750.1
7110,599298.1,722189.9
7110,599298.1,715528.3
7111,555585.1,591764.9
7111,555585.1,600600.75
7111,555585.1,597560.0
7111,555585.1,605000.25
7111,555585.1,583829.7
7112,1.2008284e+06,1.1592051e+06
7112,1.2008284e+06,1.1515979e+06
7113,407474.12,422595.56
7113,407474.12,400419.78
7114,508278.06,533074.2
7114,508278.06,532183.6
7115,684639.44,639282.56
7115,684639.44,623785.56
7116,576395.94,645591.94
7116,576395.94,650384.0
7116,576395.94,646874.9
7116,576395.94,642546.06
7116,576395.94,647950.0
7116,576395.94,628484.0
7116,576395.94,631337.7
7117,588077.0,588004.5
7117,588077.0,596087.4
7117,588077.0,608313.8
7117,588077.0,582573.75
7118,194178.73,235377.2
7118,194178.73,231898.42
7119,223965.36,254230.55
7119,223965.36,259328.73
7119,223965.36,260478.23
7120,472984.3,527333.8
7120,472984.3,523239.53
7121,448886.25,431190.62
7121,448886.25,428204.5
7121,448886.25,444588.0
7122,594926.25,611091.75
7122,594926.25,632920.06
7123,433881.88,487483.22
7123,433881.88,479400.6
7124,279540.03,295695.03
7124,279540.03,303461.25
7124,279540.03,299442.72
7125,491009.7,449485.22
7125,491009.7,404173.06
7126,746598.6,759361.7
7126,746598.6,760084.2
7126,746598.6,752666.94
7126,746598.6,759179.2
7126,746598.6,759314.3
7126,746598.6,752392.0
7126,746598.6,752213.44
7126,746598.6,759982.8
7126,746598.6,754586.44
7126,746598.6,766075.7
7127,449428.06,501915.4
7127,449428.06,501315.78
7127,449428.06,511012.97
7127,449428.06,509237.06
7127,449428.06,495696.94
7128,457656.44,425430.5
7128,457656.44,421054.5
7129,743840.0,748656.06
7129,743840.0,751387.75
7129,743840.0,748656.06
7129,743840.0,745826.0
7129,743840.0,748041.06
7129,743840.0,750875.75
7129,743840.0,742044.9
7129,743840.0,766687.06
7130,387576.56,311427.38
7130,387576.56,323988.34
7131,453680.06,381893.38
7131,453680.06,403570.28
7131,453680.06,391143.66
7132,556065.7,561906.0
7132,556065.7,564868.94
7132,556065.7,550239.25
7132,556065.7,550475.4
7132,556065.7,591457.2
7133,210233.33,197248.58
7133,210233.33,195396.45
7134,452162.16,411513.1
7134,452162.16,423192.38
7135,553888.9,481657.53
7136,650232.94,680156.3
7136,650232.94,680483.9
7136,650232.94,683226.5
7136,650232.94,683456.1
7136,650232.94,695591.8
7137,623000.6,673295.4
7137,623000.6,679866.56
7138,677294.3,503121.53
7138,677294.3,508252.5
7138,677294.3,513929.94
7138,677294.3,513818.94
7138,677294.3,516802.3
7138,677294.3,511200.5
7138,677294.3,507643.84
7139,350658.06,297389.1
7140,267133.9,258002.55
7140,267133.9,255013.42
7141,301305.28,264816.4
7141,301305.28,265855.84
7142,512101.97,566942.8
7142,512101.97,566790.44
7142,512101.97,571815.5
7142,512101.97,570881.6
7142,512101.97,566006.94
7142,512101.97,566882.56
7142,512101.97,559382.3
7143,290808.3,292168.28
7143,290808.3,300749.03
7143,290808.3,299753.75
7144,742705.56,694803.8
7144,742705.56,697785.44
7144,742705.56,697711.75
7144,742705.56,698277.6
7144,742705.56,698824.5
7144,742705.56,695766.06
7144,742705.56,674438.1
7145,771316.7,782499.2
7145,771316.7,792833.75
7146,542283.75,548008.56
7146,542283.75,541661.8
7147,506185.5,535819.25
7147,506185.5,535814.0
7147,506185.5,525246.56
7148,838734.44,861415.8
7149,548892.9,624334.75
7149,548892.9,624565.4
7149,548892.9,623156.8
7149,548892.9,625437.44
7149,548892.9,621167.25
7149,548892.9,629943.0
7149,548892.9,611989.5
7149,548892.9,611210.2
7149,548892.9,612744.25
7149,548892.9,620906.94
7149,548892.9,606494.44
7150,509056.38,542807.0
7150,509056.38,539271.1
7150,509056.38,536138.44
7150,509056.38,543343.56
7150,509056.38,527047.94
7151,799083.44,800140.4
7151,799083.44,803833.2
7151,799083.44,801161.06
7151,799083.44,812979.94
7151,799083.44,805722.25
7151,799083.44,797286.06
7151,799083.44,798473.06
7151,799083.44,805927.6
7151,799083.44,804611.2
7151,799083.44,803651.8
7151,799083.44,797383.56
7152,506983.0,536549.56
7152,506983.0,538984.56
7153,738958.9,720962.8
7153,738958.9,727482.2
7153,738958.9,725224.0
7153,738958.9,717834.2
7153,738958.9,726129.6
7153,738958.9,731456.8
7154,372496.5,356098.28
7154,372496.5,361234.34
7155,338866.8,345069.97
7155,338866.8,345938.94
7155,338866.8,350149.9
7155,338866.8,350772.66
7156,406980.3,486831.56
7156,406980.3,488083.28
7157,551157.25,623702.56
7157,551157.25,615191.2
7157,551157.25,623384.25
7157,551157.25,614159.9
7157,551157.25,627318.2
7157,551157.25,617102.6
7157,551157.25,624793.6
7157,551157.25,604292.25
7158,1.0869141e+06,1.0537428e+06
7158,1.0869141e+06,1.02076356e+06
7159,343879.5,372927.7
7159,343879.5,369959.94
7160,597892.6,641173.1
7160,597892.6,640526.8
7160,597892.6,638207.2
7160,597892.6,649860.8
7161,605571.7,598414.5
7161,605571.7,594822.4
7161,605571.7,591776.06
7161,605571.7,594652.56
7161,605571.7,593189.7
7161,605571.7,595568.9
7161,605571.7,596922.44
7161,605571.7,593610.9
7161,605571.7,589136.4
7161,605571.7,593275.9
7161,605571.7,578335.9
7162,601755.7,689202.4
7162,601755.7,688286.1
7162,601755.7,695032.6
7162,601755.7,682918.2
7162,601755.7,694062.25
7162,601755.7,687895.6
7162,601755.7,696436.5
7162,601755.7,687121.94
7163,440995.44,540552.56
7163,440995.44,537030.5
7163,440995.44,554162.44
7163,440995.44,547876.06
7164,686698.4,611053.3
7164,686698.4,610299.06
7165,828752.7,811529.44
7165,828752.7,808346.0
7165,828752.7,813063.44
7165,828752.7,809179.94
7165,828752.7,818164.06
7165,828752.7,811161.4
7165,828752.7,808346.0
7165,828752.7,826615.8
7166,313677.94,278860.56
7166,313677.94,284235.38
7167,737539.4,744578.5
7167,737539.4,750853.9
7167,737539.4,748834.6
7167,737539.4,742064.56
7167,737539.4,745547.6
7167,737539.4,746737.7
7167,737539.4,750957.56
7167,737539.4,752516.9
7167,737539.4,750904.25
7168,543922.94,664153.3
7168,543922.94,662091.7
7168,543922.94,660735.75
7168,543922.94,662311.44
7168,543922.94,664714.3
7168,543922.94,641632.75
7168,543922.94,643075.6
7168,543922.94,651006.8
7168,543922.94,651637.9
7169,618606.2,660089.44
7169,618606.2,675244.44
7169,618606.2,675204.0
7169,618606.2,671244.75
7169,618606.2,669108.44
7169,618606.2,654006.6
7169,618606.2,667429.1
7169,618606.2,665926.56
7170,332648.16,321239.88
7170,332648.16,322079.62
7171,702729.5,667127.0
7171,702729.5,656320.9
7172,372508.56,447725.56
7172,372508.56,448529.06
7173,189448.98,262022.7
7173,189448.98,269551.62
7173,189448.98,266991.2
7174,801847.06,676751.3
7174,801847.06,678520.56
7175,474453.4,418308.97
7175,474453.4,426891.97
7176,479058.8,508440.78
7176,479058.8,518294.3
7177,586742.94,596592.25
7177,586742.94,604768.56
7178,2.5369208e+06,2.5970348e+06
7178,2.5369208e+06,2.6005318e+06
7179,608870.5,682362.2
7179,608870.5,673925.56
7179,608870.5,676419.9
7179,608870.5,689054.06
7179,608870.5,683776.5
7179,608870.5,665823.8
7179,608870.5,676013.75
7179,608870.5,653840.4
7180,687128.44,637503.1
7180,687128.44,631201.44
7180,687128.44,631097.0
7180,687128.44,637042.7
7180,687128.44,634777.8
7180,687128.44,630790.2
7180,687128.44,637570.5
7180,687128.44,637075.5
7180,687128.44,632843.2
7180,687128.44,641142.75
7180,687128.44,640979.7
7180,687128.44,639797.4
7180,687128.44,634897.6
7180,687128.44,631031.25
7181,2.6422875e+06,2.5982698e+06
7181,2.6422875e+06,2.593942e+06
7182,760048.44,622941.4
7182,760048.44,620245.4
7182,760048.44,611624.56
7182,760048.44,613436.75
7182,760048.44,605299.2
7183,342345.1,293361.84
7184,1.03651244e+06,1.1373439e+06
7184,1.03651244e+06,1.143144e+06
7184,1.03651244e+06,1.1414521e+06
7184,1.03651244e+06,1.1412518e+06
7184,1.03651244e+06,1.138633e+06
7184,1.03651244e+06,1.1389688e+06
7184,1.03651244e+06,1.1522588e+06
7184,1.03651244e+06,1.1343372e+06
7184,1.03651244e+06,1.131769e+06
7184,1.03651244e+06,1.1339985e+06
7184,1.03651244e+06,1.1414942e+06
7184,1.03651244e+06,1.1338922e+06
7184,1.03651244e+06,1.1422314e+06
7184,1.03651244e+06,1.1347998e+06
7184,1.03651244e+06,1.1476171e+06
7185,519496.94,561399.9
7185,519496.94,560115.0
7185,519496.94,559180.75
7185,519496.94,565686.94
7185,519496.94,562599.8
7185,519496.94,561949.4
7185,519496.94,552914.94
7186,600615.5,614496.0
7186,600615.5,602996.2
7186,600615.5,600631.44
7186,600615.5,600059.7
7186,600615.5,601669.1
7187,934642.44,972257.2
7187,934642.44,1.0012596e+06
7188,492363.4,426294.7
7188,492363.4,451815.44
7189,418697.78,306794.8
7189,418697.78,309458.0
7190,812261.25,789787.06
7190,812261.25,788201.1
7190,812261.25,782545.8
7191,571165.9,677237.9
7191,571165.9,660209.9
7192,646627.1,656743.0
7192,646627.1,647271.06
7193,289925.8,272622.78
7193,289925.8,279644.72
7193,289925.8,278643.06
7194,404237.97,367468.1
7194,404237.97,365799.22
7195,708332.2,740354.25
7195,708332.2,737323.0
7196,558962.7,452422.44
7196,558962.7,477453.12
7197,533113.94,439661.9
7197,533113.94,447836.2
7198,828753.0,870156.8
7198,828753.0,864742.5
7198,828753.0,865131.0
7198,828753.0,869982.1
7198,828753.0,862968.44
7198,828753.0,869859.0
7198,828753.0,869985.8
7198,828753.0,865353.3
7198,828753.0,866316.06
7198,828753.0,865443.6
7198,828753.0,853149.7
7198,828753.0,865443.6
7198,828753.0,870553.9
7198,828753.0,866664.56
7199,932253.3,948328.0
7199,932253.3,954102.7
7199,932253.3,966740.6
7199,932253.3,950362.94
7199,932253.3,949890.6
7199,932253.3,964677.06
7199,932253.3,959223.6
7199,932253.3,959066.3
7199,932253.3,967630.5
7199,932253.3,980839.9
7200,234576.56,268406.22
7200,234576.56,258738.95
7201,536437.75,537872.2
7201,536437.75,528574.75
7202,359246.25,396000.8
7202,359246.25,395453.8
7202,359246.25,398111.66
7203,587640.3,597330.4
7203,587640.3,580275.06
7204,2.2614478e+06,2.559615e+06
7204,2.2614478e+06,2.5598915e+06
7205,674674.06,626492.8
7205,674674.06,615147.7
7206,605528.06,581784.4
7206,605528.06,576602.4
7206,605528.06,579080.0
7206,605528.06,587634.7
7206,605528.06,569315.5
7207,398278.78,355683.12
7207,398278.78,363336.0
7207,398278.78,356957.47
7208,746877.6,644479.44
7208,746877.6,647325.25
7209,664040.2,661632.06
7209,664040.2,654407.8
7210,475376.62,474433.56
7210,475376.62,485799.1
7211,561415.44,468314.56
7211,561415.44,483594.38
7212,845107.5,705322.6
7212,845107.5,730508.94
7212,845107.5,692357.2
7213,642594.8,708513.3
7213,642594.8,713637.0
7213,642594.8,712496.1
7213,642594.8,708816.8
7213,642594.8,711783.0
7213,642594.8,704510.7
7214,487398.38,540339.6
7214,487398.38,531881.25
7214,487398.38,536592.94
7214,487398.38,538659.6
7214,487398.38,522886.1
7214,487398.38,543362.4
7215,345526.47,389259.84
7215,345526.47,380294.66
7215,345526.47,380539.62
7215,345526.47,402550.47
7215,345526.47,394211.66
7215,345526.47,386492.06
7215,345526.47,389256.22
7216,555703.5,595200.75
7216,555703.5,596954.9
7216,555703.5,587284.6
7216,555703.5,591100.4
7217,691066.25,731004.8
7217,691066.25,723411.25
7217,691066.25,724129.1
7217,691066.25,727509.56
7217,691066.25,725705.0
7217,691066.25,724386.56
7217,691066.25,716314.25
7217,691066.25,735504.44
7218,364700.2,290548.75
7218,364700.2,299085.66
7219,424974.34,393891.88
7219,424974.34,395771.06
7219,424974.34,390416.9
7219,424974.34,391523.84
7219,424974.34,399893.34
7220,417813.9,364756.56
7220,417813.9,365578.72
7221,1.4624371e+06,1.3179041e+06
7222,222601.77,232333.61
7222,222601.77,240476.48
7223,430765.56,494200.94
7223,430765.56,496242.28
7223,430765.56,500768.4
7223,430765.56,495748.12
7224,1.1859425e+06,1.2392495e+06
7224,1.1859425e+06,1.2380678e+06
7225,444802.66,500854.12
7225,444802.66,508883.7
7225,444802.66,506390.72
7225,444802.66,518229.94
7226,1.3363489e+06,1.3485249e+06
7226,1.3363489e+06,1.3490504e+06
7226,1.3363489e+06,1.3446365e+06
7226,1.3363489e+06,1.3508959e+06
7226,1.3363489e+06,1.3416318e+06
7226,1.3363489e+06,1.3442724e+06
7226,1.3363489e+06,1.3416456e+06
7226,1.3363489e+06,1.3576459e+06
7226,1.3363489e+06,1.3492719e+06
7226,1.3363489e+06,1.3252222e+06
7227,1.413016e+06,1.3055826e+06
7227,1.413016e+06,1.306641e+06
7227,1.413016e+06,1.307428e+06
7227,1.413016e+06,1.3066395e+06
7227,1.413016e+06,1.3059248e+06
7227,1.413016e+06,1.3055686e+06
7227,1.413016e+06,1.306847e+06
7227,1.413016e+06,1.3049789e+06
7227,1.413016e+06,1.2999356e+06
7227,1.413016e+06,1.3115499e+06
7227,1.413016e+06,1.313162e+06
7227,1.413016e+06,1.3049789e+06
7227,1.413016e+06,1.3036068e+06
7228,912518.7,940852.9
7229,323397.0,332010.25
7230,325846.06,286081.03
7230,325846.06,284344.72
7231,466024.88,497299.06
7231,466024.88,501747.47
7231,466024.88,493759.94
7231,466024.88,507725.3
7232,748969.4,727430.25
7232,748969.4,758845.7
7233,295473.7,306140.53
7233,295473.7,312949.2
7234,650838.2,557616.5
7234,650838.2,552712.6
7235,670606.4,684585.2
7235,670606.4,691766.1
7235,670606.4,681721.3
7235,670606.4,690152.6
7235,670606.4,705635.2
7236,1.1771752e+06,1.144334e+06
7236,1.1771752e+06,1.1691286e+06
7236,1.1771752e+06,1.1339915e+06
7237,886837.7,750922.2
7237,886837.7,752591.94
7237,886837.7,752484.8
7237,886837.7,752408.0
7237,886837.7,754079.8
7237,886837.7,762327.6
7237,886837.7,748289.8
7238,426636.4,409354.75
7238,426636.4,405727.47
7239,826224.56,709633.1
7239,826224.56,689661.9
7240,790020.7,802063.5
7240,790020.7,808179.0
7240,790020.7,807457.9
7240,790020.7,801071.44
7240,790020.7,807116.06
7240,790020.7,804095.4
7240,790020.7,823209.3
7241,431734.5,413016.0
7241,431734.5,412768.4
7241,431734.5,432431.9
7241,431734.5,411537.4
7242,516084.5,541001.1
7242,516084.5,537674.06
7242,516084.5,542066.5
7242,516084.5,547330.8
7242,516084.5,538988.9
7243,885329.0,866615.0
7243,885329.0,864877.25
7243,885329.0,866667.1
7243,885329.0,863364.25
7243,885329.0,863144.2
7243,885329.0,866682.8
7243,885329.0,853274.0
7243,885329.0,863900.0
7243,885329.0,862343.6
7243,885329.0,858407.3
7244,582898.44,746258.5
7244,582898.44,739530.56
7244,582898.44,734254.7
7244,582898.44,744010.3
7244,582898.44,734625.5
7244,582898.44,769400.25
7245,609594.3,642254.9
7245,609594.3,650351.4
7245,609594.3,654807.56
7245,609594.3,655196.1
7246,176596.27,167396.83
7246,176596.27,176643.33
7247,640846.56,606948.75
7247,640846.56,608611.56
7247,640846.56,615080.75
7247,640846.56,623056.06
7247,640846.56,611718.8
7248,607361.3,594038.56
7248,607361.3,589682.0
7248,607361.3,583250.9
7248,607361.3,589388.8
7248,607361.3,595573.44
7248,607361.3,592141.94
7248,607361.3,590557.4
7248,607361.3,587025.4
7248,607361.3,589635.4
7248,607361.3,582064.44
7249,757125.3,731098.75
7249,757125.3,736444.44
7249,757125.3,731554.5
7249,757125.3,735430.25
7249,757125.3,736183.75
7249,757125.3,729404.5
7249,757125.3,751842.2
7250,380489.75,464140.75
7250,380489.75,470412.2
7250,380489.75,462427.2
7250,380489.75,473719.3
7251,378779.53,375802.16
7251,378779.53,375719.88
7251,378779.53,380577.53
7252,382118.75,303380.94
7252,382118.75,295475.2
7253,539692.94,587037.44
7253,539692.94,591454.75
7253,539692.94,581240.56
7253,539692.94,592871.8
7254,1.04203606e+06,1.0014751e+06
7254,1.04203606e+06,998794.44
7254,1.04203606e+06,1.0102711e+06
7254,1.04203606e+06,1.00993025e+06
7254,1.04203606e+06,1.00601425e+06
7254,1.04203606e+06,1.0087383e+06
7254,1.04203606e+06,1.0258105e+06
7254,1.04203606e+06,1.0176566e+06
7254,1.04203606e+06,1.0188909e+06
7255,393412.56,366560.7
7255,393412.56,360984.84
7256,397266.72,413970.6
7256,397266.72,399752.72
7257,691309.0,718666.1
7257,691309.0,718299.9
7257,691309.0,722238.2
7257,691309.0,723372.7
7257,691309.0,720538.94
7257,691309.0,727116.56
7257,691309.0,721569.0
7257,691309.0,718685.9
7258,416370.34,383759.97
7258,416370.34,381837.6
7259,372428.9,369698.47
7259,372428.9,370485.12
7259,372428.9,376818.94
7260,224190.77,244860.73
7260,224190.77,249038.17
7260,224190.77,240095.7
7261,781424.56,776762.56
7261,781424.56,773396.7
7262,382929.38,307196.7
7262,382929.38,303424.06
7262,382929.38,308624.84
7262,382929.38,310816.44
7263,810810.9,681108.25
7263,810810.9,678794.94
7264,697890.25,686094.94
7264,697890.25,702348.4
7265,776275.7,710748.94
7265,776275.7,659553.6
7266,632568.0,625975.9
7266,632568.0,613352.5
7267,682954.5,682665.7
7267,682954.5,694736.44
7268,469761.47,522518.06
7268,469761.47,512871.1
7269,582155.0,653285.0
7269,582155.0,653805.9
7269,582155.0,635582.75
7270,756874.3,737404.9
7270,756874.3,743115.3
7271,804831.0,793359.25
7271,804831.0,794545.2
7271,804831.0,779797.6
7271,804831.0,784147.25
7271,804831.0,783411.75
7271,804831.0,777829.56
7271,804831.0,784393.56
7271,804831.0,796796.06
7272,680365.8,759800.56
7272,680365.8,759512.56
7272,680365.8,764018.5
7272,680365.8,760289.94
7272,680365.8,764762.1
7272,680365.8,750960.56
7272,680365.8,761452.4
7272,680365.8,762409.2
7273,488599.1,521890.03
7273,488599.1,540530.75
7273,488599.1,525806.1
7274,892873.2,704578.6
7274,892873.2,724502.75
7275,2.2244042e+06,2.550455e+06
7275,2.2244042e+06,2.551557e+06
7276,581020.3,621930.0
7276,581020.3,603808.25
7277,940907.7,906249.75
7277,940907.7,911885.06
7277,940907.7,907058.06
7278,1.0763931e+06,1.1803292e+06
7279,785711.7,815177.06
7279,785711.7,807653.0
7279,785711.7,806991.6
7279,785711.7,814181.6
7279,785711.7,807685.06
7279,785711.7,819436.9
7279,785711.7,826016.06
7279,785711.7,827925.9
7279,785711.7,829889.75
7279,785711.7,829066.4
7280,574322.2,605073.2
7280,574322.2,584453.6
7281,778883.8,813280.5
7281,778883.8,819388.56
7282,476290.84,415999.88
7282,476290.84,411058.47
7282,476290.84,435526.3
7282,476290.84,416485.53
7283,433253.38,451712.28
7283,433253.38,437552.2
7284,383178.72,376583.78
7284,383178.72,376286.56
7284,383178.72,390402.2
7285,613551.9,618240.7
7285,613551.9,591000.75
7286,513285.06,546173.06
7286,513285.06,564152.44
7287,370338.62,298259.78
7287,370338.62,288942.53
7288,704287.1,727642.9
7288,704287.1,726965.3
7288,704287.1,714733.0
7289,393248.47,424423.7
7289,393248.47,417440.94
7289,393248.47,429602.22
7290,461546.78,531745.94
7290,461546.78,517754.56
7290,461546.78,518099.62
7291,281583.94,232153.64
7291,281583.94,220443.23
7292,742484.1,742229.44
7292,742484.1,745923.9
7292,742484.1,750095.25
7292,742484.1,746516.3
7292,742484.1,749776.5
7292,742484.1,737471.1
7292,742484.1,749468.75
7293,1.1693256e+06,1.0868356e+06
7293,1.1693256e+06,1.0863248e+06
7293,1.1693256e+06,1.0875679e+06
7293,1.1693256e+06,1.0804651e+06
7293,1.1693256e+06,1.0861872e+06
7293,1.1693256e+06,1.0883622e+06
7293,1.1693256e+06,1.104752e+06
7293,1.1693256e+06,1.0851801e+06
7293,1.1693256e+06,1.1008489e+06
7293,1.1693256e+06,1.1135714e+06
7293,1.1693256e+06,1.0720262e+06
7294,610092.7,655392.3
7294,610092.7,643271.1
7294,610092.7,653212.1
7294,610092.7,650821.1
7294,610092.7,648538.56
7294,610092.7,642170.0
7294,610092.7,647508.4
7294,610092.7,641417.94
7295,606755.75,594516.9
7295,606755.75,608499.0
7296,702369.6,686527.0
7296,702369.6,696635.2
7296,702369.6,701505.5
7296,702369.6,691904.5
7296,702369.6,697077.5
7296,702369.6,704328.4
7296,702369.6,705325.4
7297,691794.3,728922.4
7297,691794.3,709246.4
7298,561330.5,546676.44
7298,561330.5,563136.1
7298,561330.5,538369.25
7299,580954.1,609235.06
7300,219112.06,242992.98
7300,219112.06,234604.05
7301,766254.44,625803.3
7301,766254.44,619034.9
7301,766254.44,619190.9
7301,766254.44,623435.1
7301,766254.44,603904.25
7302,827882.6,760146.44
7302,827882.6,752104.8
7302,827882.6,755470.5
7302,827882.6,749290.7
7302,827882.6,752829.25
7302,827882.6,759246.75
7302,827882.6,774677.44
7303,597734.25,595457.3
7303,597734.25,593182.06
7303,597734.25,599800.4
7303,597734.25,596244.75
7303,597734.25,600682.25
7303,597734.25,594873.7
7303,597734.25,597163.0
7303,597734.25,584984.2
7304,441604.1,471735.12
7304,441604.1,471069.56
7304,441604.1,455020.16
7305,267396.3,281042.66
7305,267396.3,286096.84
7305,267396.3,281425.5
7306,621443.5,635911.0
7307,675397.3,656416.9
7307,675397.3,651349.7
7308,479738.53,499064.97
7308,479738.53,498389.34
7308,479738.53,486841.78
7309,769253.25,697267.9
7309,769253.25,703706.44
7309,769253.25,675258.1
7310,676642.9,673203.4
7310,676642.9,654961.9
7311,521370.34,590943.06
7311,521370.34,586450.94
7311,521370.34,590929.06
7312,432903.3,373232.84
7312,432903.3,380625.2
7313,895030.75,846494.2
7313,895030.75,849814.7
7313,895030.75,839961.56
7313,895030.75,845495.06
7313,895030.75,843533.44
7313,895030.75,845391.6
7313,895030.75,843476.06
7313,895030.75,852798.2
7314,416177.6,485112.25
7314,416177.6,492078.53
7315,1.3674332e+06,1.2463078e+06
7315,1.3674332e+06,1.2222854e+06
7316,592991.25,716419.6
7316,592991.25,705616.25
7316,592991.25,709051.56
7316,592991.25,709102.75
7316,592991.25,705920.5
7316,592991.25,715014.9
7316,592991.25,720831.1
7316,592991.25,702073.3
7317,439868.53,419660.6
7317,439868.53,412867.62
7317,439868.53,424147.6
7317,439868.53,424840.6
7318,270882.62,258524.02
7318,270882.62,258524.02
7318,270882.62,262534.25
7319,655917.9,667576.56
7319,655917.9,671379.1
7320,659878.5,604771.56
7320,659878.5,609620.6
7321,770762.9,718678.1
7321,770762.9,723105.7
7321,770762.9,719287.7
7321,770762.9,701079.06
7322,240535.44,243034.92
7322,240535.44,248223.98
7322,240535.44,245501.98
7323,846337.7,808495.7
7323,846337.7,808453.4
7323,846337.7,802609.25
7323,846337.7,802727.9
7323,846337.7,806300.5
7323,846337.7,798601.44
7323,846337.7,812313.94
7323,846337.7,802852.4
7323,846337.7,808291.56
7324,327370.97,362952.66
7324,327370.97,362194.53
7324,327370.97,368783.53
7324,327370.97,370529.28
7324,327370.97,363192.84
7325,700647.2,611533.7
7325,700647.2,605565.7
7326,269425.84,292676.94
7326,269425.84,293929.03
7327,721120.4,749668.7
7327,721120.4,763036.9
7328,539745.2,634870.3
7328,539745.2,638269.6
7328,539745.2,629328.7
7328,539745.2,638843.94
7328,539745.2,630229.25
7328,539745.2,634396.75
7328,539745.2,618723.25
7328,539745.2,621677.25
7328,539745.2,622448.6
7328,539745.2,620312.75
7328,539745.2,609382.6
7329,1.3048171e+06,1.3379766e+06
7329,1.3048171e+06,1.3388144e+06
7329,1.3048171e+06,1.3379879e+06
7329,1.3048171e+06,1.3437252e+06
7329,1.3048171e+06,1.3370295e+06
7329,1.3048171e+06,1.3511901e+06
7329,1.3048171e+06,1.3363305e+06
7329,1.3048171e+06,1.3440479e+06
7329,1.3048171e+06,1.3486001e+06
7330,633869.06,603172.56
7330,633869.06,608328.94
7331,569527.4,547920.44
7331,569527.4,559347.1
7331,569527.4,558209.7
7331,569527.4,550636.9
7332,2.4147102e+06,2.562492e+06
7332,2.4147102e+06,2.5637988e+06
7333,1.3296815e+06,1.2662894e+06
7333,1.3296815e+06,1.2627876e+06
7333,1.3296815e+06,1.2626118e+06
7333,1.3296815e+06,1.2568932e+06
7333,1.3296815e+06,1.2645385e+06
7333,1.3296815e+06,1.2649939e+06
7333,1.3296815e+06,1.2644921e+06
7333,1.3296815e+06,1.2795472e+06
7334,454912.3,516635.62
7334,454912.3,512165.16
7334,454912.3,512885.1
7334,454912.3,499042.66
7334,454912.3,505439.84
7334,454912.3,512184.06
7335,1.2677752e+06,1.2490989e+06
7335,1.2677752e+06,1.2501316e+06
7336,508695.16,676312.7
7336,508695.16,666072.5
7337,567986.2,459374.0
7337,567986.2,450640.47
7337,567986.2,458442.16
7337,567986.2,463732.7
7337,567986.2,455688.47
7337,567986.2,464114.94
7338,471288.4,549752.5
7338,471288.4,554774.1
7339,841484.7,800383.75
7339,841484.7,800402.6
7339,841484.7,807407.5
7339,841484.7,801299.4
7339,841484.7,804909.3
7339,841484.7,819514.1
7339,841484.7,822059.7
7339,841484.7,820726.2
7340,778031.4,689621.06
7340,778031.4,682244.8
7341,560912.2,540822.56
7341,560912.2,545741.7
7341,560912.2,539133.3
7341,560912.2,550554.4
7341,560912.2,560013.25
7341,560912.2,538663.06
7342,574899.0,600453.94
7342,574899.0,602123.0
7342,574899.0,601259.5
7342,574899.0,599342.75
7342,574899.0,598175.9
7342,574899.0,600680.2
7342,574899.0,597988.94
7342,574899.0,598778.44
7342,574899.0,599012.56
7342,574899.0,600081.25
7342,574899.0,599603.94
7342,574899.0,594158.06
7343,1.5640159e+06,1.3424998e+06
7343,1.5640159e+06,1.336286e+06
7343,1.5640159e+06,1.3365796e+06
7343,1.5640159e+06,1.3360135e+06
7343,1.5640159e+06,1.3371871e+06
7343,1.5640159e+06,1.3375789e+06
7343,1.5640159e+06,1.3360401e+06
7343,1.5640159e+06,1.3400755e+06
7343,1.5640159e+06,1.3379238e+06
7343,1.5640159e+06,1.3419858e+06
7343,1.5640159e+06,1.3342611e+06
7343,1.5640159e+06,1.3384485e+06
7343,1.5640159e+06,1.3447815e+06
7343,1.5640159e+06,1.3372471e+06
7343,1.5640159e+06,1.3508768e+06
7344,436940.3,494056.22
7344,436940.3,490192.97
7345,638393.56,664436.94
7345,638393.56,678814.7
7345,638393.56,658046.44
7345,638393.56,663839.44
7345,638393.56,677662.6
7345,638393.56,674100.1
7346,604189.7,608402.3
7346,604189.7,605441.56
7346,604189.7,604256.6
7346,604189.7,603131.3
7346,604189.7,602103.8
7346,604189.7,608755.06
7346,604189.7,607024.2
7346,604189.7,604516.06
7346,604189.7,600427.56
7346,604189.7,603313.75
7346,604189.7,603476.75
7346,604189.7,601458.5
7346,604189.7,611331.2
7347,681275.75,617490.94
7347,681275.75,623483.7
7347,681275.75,615960.0
7347,681275.75,624854.44
7347,681275.75,623678.7
7347,681275.75,618916.5
7347,681275.75,628605.9
7347,681275.75,624663.2
7347,681275.75,620944.44
7347,681275.75,624388.06
7347,681275.75,621493.4
7347,681275.75,622414.44
7347,681275.75,634379.75
7348,710785.2,582442.94
7348,710785.2,579158.44
7349,632879.5,563182.6
7349,632879.5,559793.9
7349,632879.5,572885.7
7349,632879.5,577578.94
7350,744463.25,718771.9
7350,744463.25,707067.75
7351,526228.06,440271.12
7351,526228.06,451779.6
7352,335277.03,373683.03
7352,335277.03,362033.22
7353,155416.1,170290.36
7353,155416.1,172822.77
7354,683251.06,769090.56
7354,683251.06,767848.8
7354,683251.06,772260.06
7354,683251.06,765963.94
7354,683251.06,767421.1
7354,683251.06,767710.25
7354,683251.06,758883.2
7354,683251.06,764831.94
7354,683251.06,766367.75
7354,683251.06,767891.5
7355,278687.66,298925.94
7355,278687.66,302962.6
7355,278687.66,298311.94
7356,655491.06,663091.56
7356,655491.06,652990.56
7357,343986.56,365170.0
7357,343986.56,363814.5
7357,343986.56,367613.7
7357,343986.56,348791.12
7358,1.1327544e+06,1.1148285e+06
7358,1.1327544e+06,1.1124669e+06
7358,1.1327544e+06,1.1149708e+06
7358,1.1327544e+06,1.1147778e+06
7358,1.1327544e+06,1.1149076e+06
7358,1.1327544e+06,1.1184438e+06
7358,1.1327544e+06,1.1203095e+06
7358,1.1327544e+06,1.1038125e+06
7358,1.1327544e+06,1.1071194e+06
7358,1.1327544e+06,1.1205748e+06
7358,1.1327544e+06,1.1273271e+06
7359,521677.5,533188.06
7359,521677.5,539239.75
7359,521677.5,525845.44
7360,511676.44,686941.9
7360,511676.44,713508.56
7361,330960.8,286933.28
7361,330960.8,294654.78
7361,330960.8,278243.78
7362,551104.44,577369.3
7362,551104.44,581969.8
7362,551104.44,576990.9
7362,551104.44,581382.94
7362,551104.44,582094.44
7362,551104.44,566359.2
7363,649442.75,664526.4
7363,649442.75,673210.6
7363,649442.75,668004.44
7363,649442.75,671388.25
7364,409860.9,430060.9
7364,409860.9,432489.22
7364,409860.9,432226.06
7364,409860.9,432290.2
7364,409860.9,428881.53
7364,409860.9,439659.78
7365,298899.03,261399.45
7365,298899.03,271230.06
7365,298899.03,267691.94
7366,621953.4,600653.5
7366,621953.4,593805.75
7366,621953.4,590872.2
7366,621953.4,592889.3
7366,621953.4,595722.8
7366,621953.4,593123.75
7366,621953.4,587651.1
7366,621953.4,592783.06
7366,621953.4,587646.1
7366,621953.4,574758.5
7367,721906.06,684949.25
7367,721906.06,686923.6
7367,721906.06,700790.1
7367,721906.06,695956.0
7367,721906.06,687228.2
7368,949357.75,1.00650056e+06
7368,949357.75,991115.2
7369,311467.47,351985.06
7369,311467.47,365787.06
7370,824341.3,806227.3
7370,824341.3,790699.94
7370,824341.3,788445.44
7370,824341.3,785028.06
7370,824341.3,806708.3
7370,824341.3,804755.94
7370,824341.3,807148.3
7370,824341.3,809655.94
7370,824341.3,820122.06
7371,504569.28,518204.47
7371,504569.28,515469.7
7371,504569.28,504397.0
7372,351844.1,339371.88
7372,351844.1,340781.25
7372,351844.1,348434.66
7372,351844.1,344876.66
7373,619571.5,645445.4
7373,619571.5,599359.8
7374,604863.7,654721.0
7374,604863.7,673283.75
7375,553470.06,517599.94
7375,553470.06,510833.84
7376,668520.06,770268.06
7376,668520.06,772072.5
7376,668520.06,766519.0
7376,668520.06,769085.25
7376,668520.06,767702.2
7376,668520.06,779888.8
7376,668520.06,776870.7
7376,668520.06,772577.25
7376,668520.06,763598.44
7376,668520.06,789689.7
7377,527587.75,483665.12
7377,527587.75,472906.94
7378,589135.56,475027.38
7378,589135.56,470615.06
7379,605388.1,675209.4
7379,605388.1,678112.9
7379,605388.1,668480.25
7379,605388.1,669840.06
7379,605388.1,677528.94
7379,605388.1,672395.9
7379,605388.1,672488.75
7380,505400.06,577479.44
7380,505400.06,603414.2
7381,891474.7,854113.6
7381,891474.7,840292.0
7382,485383.78,506809.78
7382,485383.78,508019.2
7382,485383.78,522908.62
7382,485383.78,520906.84
7383,1.2242064e+06,1.188148e+06
7383,1.2242064e+06,1.1942094e+06
7383,1.2242064e+06,1.1895935e+06
7384,537853.8,583269.2
7384,537853.8,592056.75
7385,650550.1,673686.56
7385,650550.1,662552.0
7386,782002.9,729660.0
7386,782002.9,729150.1
7386,782002.9,726911.6
7386,782002.9,736993.5
7386,782002.9,696596.06
7387,756729.0,695434.1
7387,756729.0,678881.0
7388,420731.1,310754.25
7388,420731.1,310224.72
7389,553420.4,546863.3
7389,553420.4,554353.2
7390,557979.7,657936.94
7390,557979.7,663282.56
7390,557979.7,661584.6
7390,557979.7,659640.6
7390,557979.7,658891.4
7390,557979.7,664730.2
7390,557979.7,644873.94
7390,557979.7,649585.9
7390,557979.7,645920.2
7390,557979.7,643792.1
7391,137427.95,211046.77
7391,137427.95,217309.48
7391,137427.95,212142.39
7392,534814.06,692783.5
7392,534814.06,691783.06
7393,343212.5,378967.06
7393,343212.5,364620.0
7393,343212.5,369822.97
7393,343212.5,373054.84
7394,630104.9,551223.3
7394,630104.9,560254.5
7395,612843.3,636455.75
7395,612843.3,627071.6
7396,548850.7,597516.5
7396,548850.7,607983.44
7397,880821.75,713583.1
7397,880821.75,738903.3
7398,548688.7,641226.9
7398,548688.7,666621.75
7398,548688.7,647421.25
7399,478945.25,479829.5
7399,478945.25,485695.28
7399,478945.25,489540.44
7399,478945.25,489432.38
7400,392289.47,305437.1
7400,392289.47,310393.5
7400,392289.47,309536.34
7400,392289.47,304835.34
7401,663787.5,628051.7
7401,663787.5,627442.3
7401,663787.5,623773.7
7401,663787.5,625704.25
7401,663787.5,625024.44
7401,663787.5,621499.94
7401,663787.5,617206.7
7401,663787.5,624482.1
7401,663787.5,626505.75
7401,663787.5,619743.56
7401,663787.5,622552.75
7401,663787.5,635827.3
7402,1.0185597e+06,1.0731401e+06
7402,1.0185597e+06,1.0772775e+06
7402,1.0185597e+06,1.0704854e+06
7402,1.0185597e+06,1.0670596e+06
7402,1.0185597e+06,1.0724415e+06
7402,1.0185597e+06,1.0685208e+06
7402,1.0185597e+06,1.0740888e+06
7402,1.0185597e+06,1.0812099e+06
7402,1.0185597e+06,1.078366e+06
7402,1.0185597e+06,1.0563529e+06
7402,1.0185597e+06,1.0822748e+06
7403,428985.1,426205.88
7403,428985.1,420260.7
7403,428985.1,442704.2
7403,428985.1,435225.6
7404,265853.47,329221.8
7404,265853.47,321864.12
7405,544012.6,537282.2
7405,544012.6,530872.75
7406,135244.05,207266.64
7406,135244.05,210341.92
7406,135244.05,213264.27
7407,563612.06,622435.2
7407,563612.06,621917.25
7407,563612.06,619440.44
7407,563612.06,610677.2
7407,563612.06,622435.2
7407,563612.06,621427.8
7407,563612.06,624326.5
7407,563612.06,617624.56
7408,792386.0,837648.25
7408,792386.0,840535.25
7408,792386.0,836832.4
7408,792386.0,840625.2
7408,792386.0,838146.44
7408,792386.0,836599.75
7408,792386.0,839604.06
7408,792386.0,831483.7
7408,792386.0,834287.4
7408,792386.0,840388.44
7408,792386.0,832414.44
7409,602783.7,643608.7
7410,654357.25,662854.2
7410,654357.25,683813.0
7411,1.0460687e+06,1.03441775e+06
7411,1.0460687e+06,1.0205164e+06
7412,598296.06,537130.56
7412,598296.06,526117.3
7413,165108.42,177570.2
7413,165108.42,187987.8
7413,165108.42,183118.61
7414,627712.06,519589.22
7414,627712.06,516888.84
7414,627712.06,515564.38
7414,627712.06,516698.94
7414,627712.06,516004.1
7414,627712.06,513327.62
7414,627712.06,517385.53
7414,627712.06,511132.06
7415,386904.4,297914.4
7415,386904.4,307951.06
7415,386904.4,309941.62
7416,2.4288592e+06,2.5577782e+06
7416,2.4288592e+06,2.5624868e+06
7416,2.4288592e+06,2.5507672e+06
7417,368770.1,335911.06
7417,368770.1,335875.56
7417,368770.1,348156.03
7417,368770.1,336404.5
7418,362935.78,343999.2
7418,362935.78,348921.97
7418,362935.78,344441.7
7419,665036.44,705168.3
7419,665036.44,722683.7
7419,665036.44,706784.94
7420,269404.56,250058.77
7420,269404.56,261330.7
7420,269404.56,257157.27
7421,630250.3,546389.25
7421,630250.3,548057.56
7421,630250.3,542194.7
7421,630250.3,545044.9
7422,858444.1,831025.6
7422,858444.1,830021.3
7423,553975.5,545701.94
7423,553975.5,525145.06
7424,1.1062442e+06,1.1195801e+06
7424,1.1062442e+06,1.1149176e+06
7425,925550.7,772672.06
7425,925550.7,781631.0
7425,925550.7,769660.0
7425,925550.7,776501.0
7425,925550.7,775500.3
7425,925550.7,776697.75
7425,925550.7,777219.0
7425,925550.7,766088.3
7425,925550.7,777444.75
7425,925550.7,778330.5
7426,693389.9,722860.5
7426,693389.9,714690.44
7427,247352.95,239853.48
7427,247352.95,234255.89
7428,541602.44,451068.12
7428,541602.44,437971.28
7429,809064.7,801933.4
7429,809064.7,807752.5
7429,809064.7,806128.6
7429,809064.7,810275.4
7429,809064.7,800676.5
7430,418089.25,484742.8
7430,418089.25,475603.72
7431,638385.6,680266.1
7431,638385.6,660283.7
7432,787020.0,790425.9
7432,787020.0,811928.5
7432,787020.0,793958.5
7433,634519.56,631716.7
7433,634519.56,623234.2
7433,634519.56,607636.25
7434,2.5351628e+06,2.5459615e+06
7435,218104.62,253594.7
7435,218104.62,254180.2
7436,658857.0,603700.44
7436,658857.0,608079.5
7436,658857.0,605634.7
7436,658857.0,605250.6
7436,658857.0,605031.0
7436,658857.0,608039.56
7436,658857.0,598317.44
7436,658857.0,605248.8
7436,658857.0,606787.1
7437,355426.66,406868.94
7437,355426.66,407444.72
7437,355426.66,402322.12
7438,587224.8,741337.7
7438,587224.8,743081.6
7438,587224.8,727661.5
7439,517939.78,483200.7
7439,517939.78,483116.78
7439,517939.78,496377.3
7439,517939.78,485470.97
7440,526206.06,626049.75
7440,526206.06,618125.25
7441,559355.9,515211.47
7441,559355.9,523532.28
7442,682436.0,644044.44
7442,682436.0,637313.8
7442,682436.0,638420.2
7442,682436.0,650228.2
7442,682436.0,649268.0
7442,682436.0,637009.06
7443,427248.78,411782.62
7443,427248.78,410295.56
7444,418786.34,392770.06
7444,418786.34,407284.12
7445,368564.47,386772.78
7445,368564.47,389501.88
7445,368564.47,400308.38
7445,368564.47,398126.56
7446,366784.94,375584.3
7446,366784.94,373299.88
7446,366784.94,384984.34
7447,314202.6,270347.6
7447,314202.6,267795.88
7448,632805.25,615469.3
7448,632805.25,619729.44
7448,632805.25,621204.5
7448,632805.25,615572.5
7448,632805.25,622245.25
7448,632805.25,621767.25
7448,632805.25,617772.8
7448,632805.25,617386.75
7448,632805.25,620539.7
7448,632805.25,620926.2
7448,632805.25,620308.44
7449,798641.3,739428.8
7449,798641.3,738091.94
7449,798641.3,744020.1
7449,798641.3,741712.7
7449,798641.3,740168.75
7449,798641.3,741355.94
7449,798641.3,742650.2
7449,798641.3,745780.5
7449,798641.3,744487.06
7449,798641.3,743837.56
7450,713294.4,697479.06
7450,713294.4,715072.4
7451,502802.7,525790.25
7451,502802.7,522916.97
7451,502802.7,529811.56
7451,502802.7,526801.75
7452,628788.5,582854.06
7452,628788.5,585233.1
7452,628788.5,590674.06
7452,628788.5,588071.3
7452,628788.5,582781.25
7452,628788.5,587511.25
7452,628788.5,591176.06
7452,628788.5,579474.1
7453,582971.9,609583.44
7453,582971.9,598439.1
7453,582971.9,605318.7
7453,582971.9,608663.1
7454,975938.8,998655.25
7454,975938.8,999254.4
7454,975938.8,990556.75
7454,975938.8,983847.8
7454,975938.8,994108.06
7454,975938.8,999087.9
7454,975938.8,985722.06
7454,975938.8,989685.44
7454,975938.8,982415.1
7454,975938.8,988174.9
7454,975938.8,986593.94
7454,975938.8,984035.9
7454,975938.8,989574.3
7454,975938.8,982575.4
7454,975938.8,991008.25
7454,975938.8,997830.56
7455,626329.5,602263.8
7455,626329.5,581948.75
7456,546651.2,619668.9
7456,546651.2,618934.3
7456,546651.2,617129.06
7456,546651.2,620647.7
7456,546651.2,622616.3
7456,546651.2,609867.44
7456,546651.2,604062.6
7456,546651.2,604258.7
7456,546651.2,603377.75
7457,851776.4,842940.7
7457,851776.4,838245.0
7457,851776.4,848432.06
7457,851776.4,845722.2
7457,851776.4,848699.3
7457,851776.4,848295.06
7457,851776.4,840530.75
7457,851776.4,840135.44
7457,851776.4,838223.1
7457,851776.4,849470.06
7457,851776.4,849226.5
7457,851776.4,845674.75
7458,756363.75,779531.3
7458,756363.75,788300.4
7458,756363.75,798782.4
7458,756363.75,792732.4
7458,756363.75,781509.8
7458,756363.75,792869.94
7458,756363.75,803799.06
7458,756363.75,796243.94
7458,756363.75,798022.75
7458,756363.75,800639.7
7459,598808.9,654313.9
7459,598808.9,654675.25
7459,598808.9,640267.94
7459,598808.9,651756.06
7459,598808.9,639083.56
7459,598808.9,631430.5
7459,598808.9,626831.06
7460,366870.7,289397.3
7460,366870.7,294859.84
7461,663748.75,562704.1
7462,391326.4,301146.75
7462,391326.4,305628.9
7463,492794.84,498759.84
7463,492794.84,489278.06
7464,409200.38,384445.66
7464,409200.38,384516.56
7464,409200.38,394657.8
7465,527861.0,604648.2
7465,527861.0,614436.0
7465,527861.0,612532.4
7465,527861.0,615860.1
7465,527861.0,597842.0
7465,527861.0,612254.5
7465,527861.0,603616.6
7466,334804.53,279009.06
7466,334804.53,295417.28
7466,334804.53,278942.62
7467,290334.75,300519.16
7467,290334.75,303944.5
7468,421906.9,402433.53
7468,421906.9,380040.8
7469,678353.7,626347.6
7469,678353.7,634597.06
7470,420208.88,309381.22
7470,420208.88,315535.72
7471,919945.6,724725.75
7471,919945.6,730460.0
7472,653183.56,713540.8
7472,653183.56,701836.06
7472,653183.56,693000.94
7472,653183.56,693000.94
7472,653183.56,712167.7
7472,653183.56,711465.44
7472,653183.56,712449.25
7472,653183.56,690110.9
7473,213099.98,238873.36
7473,213099.98,242592.3
7473,213099.98,243065.2
7474,1.2203226e+06,1.2121446e+06
7474,1.2203226e+06,1.2227745e+06
7474,1.2203226e+06,1.2138339e+06
7474,1.2203226e+06,1.2152416e+06
7474,1.2203226e+06,1.2148378e+06
7474,1.2203226e+06,1.2138346e+06
7474,1.2203226e+06,1.2131358e+06
7474,1.2203226e+06,1.2098674e+06
7474,1.2203226e+06,1.2065954e+06
7474,1.2203226e+06,1.2150981e+06
7474,1.2203226e+06,1.2116628e+06
7474,1.2203226e+06,1.2163859e+06
7474,1.2203226e+06,1.2013702e+06
7474,1.2203226e+06,1.1870819e+06
7475,524132.38,507974.56
7475,524132.38,497230.94
7476,681457.0,641437.9
7476,681457.0,644015.4
7476,681457.0,641619.0
7476,681457.0,643926.75
7477,904045.5,765611.0
7477,904045.5,767120.3
7477,904045.5,766224.7
7477,904045.5,770441.06
7477,904045.5,764742.1
7477,904045.5,763414.25
7477,904045.5,766169.5
7477,904045.5,759138.7
7477,904045.5,763347.2
7477,904045.5,763568.94
7478,2.633488e+06,2.6151328e+06
7478,2.633488e+06,2.6174835e+06
7479,613920.5,662948.75
7479,613920.5,676429.0
7479,613920.5,636539.25
7480,275356.16,249695.42
7480,275356.16,253027.42
7481,436842.84,308331.2
7481,436842.84,301745.25
7482,547748.9,625291.8
7482,547748.9,622576.94
7482,547748.9,612213.0
7482,547748.9,606332.94
7483,611448.25,717885.0
7483,611448.25,715587.1
7483,611448.25,730551.8
7483,611448.25,720223.5
7483,611448.25,721433.2
7483,611448.25,721364.0
7483,611448.25,730143.8
7483,611448.25,714565.4
7484,676229.3,658785.94
7484,676229.3,651580.1
7485,563842.4,571212.8
7485,563842.4,561185.4
7485,563842.4,574156.56
7486,752600.4,744835.2
7486,752600.4,743007.56
7486,752600.4,747705.75
7486,752600.4,744026.1
7486,752600.4,744356.56
7486,752600.4,747224.8
7486,752600.4,747017.4
7486,752600.4,750016.75
7486,752600.4,745305.75
7486,752600.4,748839.6
7486,752600.4,734048.75
7487,1.02582075e+06,1.02302406e+06
7487,1.02582075e+06,1.03775544e+06
7488,919201.56,758905.25
7488,919201.56,752994.7
7488,919201.56,751531.7
7488,919201.56,756222.2
7488,919201.56,753025.56
7488,919201.56,740264.56
7488,919201.56,748352.25
7489,294540.7,270261.16
7489,294540.7,266542.97
7489,294540.7,265325.25
7490,2.608011e+06,2.5944755e+06
7490,2.608011e+06,2.5955822e+06
7491,522476.34,594869.8
7491,522476.34,591787.7
7491,522476.34,598333.3
7491,522476.34,576307.56
7492,625893.6,672710.2
7492,625893.6,680392.6
7492,625893.6,688054.6
7492,625893.6,692142.2
7492,625893.6,695842.5
7492,625893.6,693212.7
7492,625893.6,696644.4
7493,723776.06,768033.25
7493,723776.06,776117.44
7494,378321.78,296104.06
7494,378321.78,284261.7
7495,344811.34,419670.7
7495,344811.34,421427.25
7496,775129.6,771161.2
7496,775129.6,762777.7
7497,499078.1,584627.1
7497,499078.1,579562.75
7498,473345.62,491234.88
7498,473345.62,504218.56
7499,572323.75,597139.5
7499,572323.75,619941.06
7500,513540.34,591014.25
7500,513540.34,576541.44
7501,570219.8,614587.56
7501,570219.8,613407.75
7501,570219.8,613407.75
7501,570219.8,612484.06
7501,570219.8,613470.0
7501,570219.8,611419.1
7501,570219.8,600865.5
7501,570219.8,609271.5
7501,570219.8,608796.25
7501,570219.8,594405.5
7502,368539.2,344107.88
7502,368539.2,354151.97
7503,468031.6,461137.38
7503,468031.6,445794.38
7504,468934.06,416636.56
7504,468934.06,423877.5
7504,468934.06,427494.16
7504,468934.06,426632.25
7505,518487.38,485082.6
7505,518487.38,480008.22
7505,518487.38,477683.22
7505,518487.38,476941.94
7505,518487.38,456383.53
7506,429538.84,378278.47
7506,429538.84,376602.12
7507,258586.2,286571.34
7507,258586.2,286938.16
7507,258586.2,289877.72
7508,802590.4,818288.0
7508,802590.4,823635.06
7509,315676.34,340467.66
7509,315676.34,346175.53
7509,315676.34,343568.34
7509,315676.34,344728.28
7510,720037.4,691771.5
7510,720037.4,708894.4
7511,595063.75,682364.4
7511,595063.75,688291.3
7511,595063.75,690469.5
7511,595063.75,684978.44
7511,595063.75,690317.06
7511,595063.75,687485.75
7512,615195.25,579869.06
7512,615195.25,594509.5
7512,615195.25,575788.56
7513,596048.94,741392.2
7513,596048.94,733565.44
7513,596048.94,735662.6
7513,596048.94,731615.25
7513,596048.94,739284.75
7513,596048.94,736183.6
7513,596048.94,757745.7
7514,299532.5,266305.28
7514,299532.5,260878.95
7515,761083.94,757681.25
7515,761083.94,758234.44
7515,761083.94,763006.9
7515,761083.94,763196.06
7515,761083.94,767202.7
7515,761083.94,758026.2
7515,761083.94,750564.1
7515,761083.94,759233.9
7515,761083.94,758003.0
7515,761083.94,766107.44
7516,352080.6,450909.94
7516,352080.6,437475.06
7517,582239.25,595607.3
7517,582239.25,603959.9
7517,582239.25,601471.7
7517,582239.25,601753.56
7518,310092.06,268754.8
7518,310092.06,268276.88
7518,310092.06,265821.25
7519,194010.58,239992.02
7519,194010.58,231484.58
7520,300557.94,316939.78
7520,300557.94,313966.84
7521,813208.9,847659.0
7522,376828.25,358873.53
7522,376828.25,359014.97
7522,376828.25,363658.94
7523,487364.28,464673.16
7524,263170.22,256363.33
7525,568953.4,606647.06
7525,568953.4,594596.25
7525,568953.4,594597.8
7525,568953.4,608804.7
7526,622037.94,667312.4
7526,622037.94,660382.3
7527,313361.22,318763.84
7527,313361.22,311112.3
7528,508809.4,597916.06
7528,508809.4,576990.06
7529,329894.28,271894.03
7529,329894.28,272588.47
7530,2.587017e+06,2.6199385e+06
7530,2.587017e+06,2.6150965e+06
7531,851767.0,856368.9
7531,851767.0,851166.6
7531,851767.0,851005.75
7531,851767.0,846434.5
7531,851767.0,849415.7
7531,851767.0,848616.25
7531,851767.0,855746.1
7531,851767.0,847760.3
7531,851767.0,857224.44
7532,266600.5,250743.14
7532,266600.5,253812.45
7533,632252.0,602987.6
7533,632252.0,596224.56
7534,346337.94,337142.3
7534,346337.94,339591.25
7535,720560.8,722342.94
7535,720560.8,716302.4
7536,751965.44,722390.9
7536,751965.44,715458.5
7536,751965.44,722542.5
7536,751965.44,721830.75
7536,751965.44,673315.2
7537,411467.78,394269.47
7537,411467.78,397307.47
7537,411467.78,412881.53
7537,411467.78,399665.16
7538,191382.9,287577.56
7538,191382.9,287724.97
7538,191382.9,295332.06
7539,905040.75,873306.5
7540,887835.4,740243.44
7540,887835.4,709890.06
7541,574566.7,526275.4
7541,574566.7,513041.88
7542,407592.12,368923.12
7542,407592.12,370856.2
7542,407592.12,378349.47
7542,407592.12,373541.88
7543,552274.5,560745.7
7543,552274.5,590500.25
7544,494416.44,488065.5
7544,494416.44,493916.2
7544,494416.44,497578.06
7545,580101.75,617711.1
7545,580101.75,614060.2
7545,580101.75,615234.56
7545,580101.75,614504.06
7545,580101.75,615234.56
7545,580101.75,610958.44
7545,580101.75,613565.7
7545,580101.75,616217.5
7546,608969.25,645699.94
7546,608969.25,639311.8
7546,608969.25,646691.06
7546,608969.25,648278.1
7546,608969.25,624065.0
7547,382237.66,496602.4
7547,382237.66,488698.47
7548,409188.97,466820.47
7548,409188.97,463731.16
7548,409188.97,469676.53
7549,1.1726918e+06,1.1169516e+06
7549,1.1726918e+06,1.1100421e+06
7549,1.1726918e+06,1.1016504e+06
7549,1.1726918e+06,1.1080502e+06
7549,1.1726918e+06,1.1111906e+06
7549,1.1726918e+06,1.1102202e+06
7549,1.1726918e+06,1.1303174e+06
7549,1.1726918e+06,1.1317691e+06
7549,1.1726918e+06,1.118993e+06
7549,1.1726918e+06,1.1208459e+06
7550,258736.97,258428.86
7550,258736.97,255424.98
7551,498105.22,470576.72
7551,498105.22,459701.72
7552,640264.06,608156.44
7552,640264.06,614606.4
7552,640264.06,611646.8
7552,640264.06,613703.06
7552,640264.06,611218.44
7552,640264.06,607252.94
7552,640264.06,614711.44
7552,640264.06,611715.4
7552,640264.06,611285.6
7552,640264.06,611054.44
7552,640264.06,613381.3
7552,640264.06,611100.75
7552,640264.06,613509.3
7552,640264.06,608093.2
7553,761176.8,762060.9
7553,761176.8,769971.56
7554,711132.44,648227.44
7554,711132.44,645785.94
7554,711132.44,641288.2
7554,711132.44,636766.94
7554,711132.44,643703.44
7554,711132.44,629955.44
7555,576471.4,501557.1
7555,576471.4,478705.38
7556,709379.8,669480.8
7556,709379.8,665483.25
7556,709379.8,660303.75
7556,709379.8,679399.4
7557,653865.25,682601.5
7558,597410.2,540261.3
7558,597410.2,548168.5
7559,507253.12,557693.7
7559,507253.12,546403.4
7559,507253.12,546584.7
7559,507253.12,551291.7
7560,288766.9,263860.4
7560,288766.9,267219.28
7561,318845.8,252803.73
7561,318845.8,262290.8
7562,369751.16,307703.97
7562,369751.16,303784.78
7563,1.4346421e+06,1.3123569e+06
7564,513833.62,467110.88
7564,513833.62,467960.66
7565,836035.56,783182.56
7565,836035.56,775628.9
7565,836035.56,777478.5
7565,836035.56,783188.06
7565,836035.56,783196.7
7565,836035.56,776497.5
7565,836035.56,790499.25
7565,836035.56,785373.44
7565,836035.56,787137.9
7565,836035.56,799311.56
7566,869649.25,738300.44
7566,869649.25,740219.44
7566,869649.25,740984.2
7566,869649.25,746106.25
7566,869649.25,750729.4
7566,869649.25,745286.2
7566,869649.25,730865.8
7567,785021.56,749143.6
7567,785021.56,753862.1
7567,785021.56,754858.1
7567,785021.56,754759.9
7567,785021.56,759216.8
7567,785021.56,750297.3
7567,785021.56,756405.8
7568,632207.25,621593.1
7568,632207.25,619489.9
7568,632207.25,623136.9
7568,632207.25,622504.9
7568,632207.25,621870.56
7568,632207.25,626583.06
7568,632207.25,624677.5
7568,632207.25,617934.6
7568,632207.25,623121.06
7568,632207.25,621762.3
7568,632207.25,625414.25
7568,632207.25,618943.75
7568,632207.25,621541.25
7568,632207.25,623992.0
7568,632207.25,617245.3
7569,600159.4,747813.94
7569,600159.4,743497.1
7569,600159.4,736089.4
7569,600159.4,739067.25
7569,600159.4,770218.1
7570,507029.66,534704.25
7570,507029.66,541210.44
7571,679694.44,643692.8
7571,679694.44,654434.0
7571,679694.44,641416.3
7571,679694.44,636192.0
7572,715889.94,754024.1
7572,715889.94,761026.2
7572,715889.94,752704.3
7572,715889.94,757788.25
7572,715889.94,759445.1
7572,715889.94,753637.25
7572,715889.94,755050.6
7572,715889.94,746294.2
7572,715889.94,759136.6
7573,453580.88,466668.9
7573,453580.88,478158.7
7574,286375.62,254917.02
7574,286375.62,259603.3
7575,1.4496541e+06,1.4042445e+06
7575,1.4496541e+06,1.407972e+06
7575,1.4496541e+06,1.4042686e+06
7575,1.4496541e+06,1.3989925e+06
7575,1.4496541e+06,1.4002431e+06
7575,1.4496541e+06,1.408751e+06
7575,1.4496541e+06,1.4002431e+06
7575,1.4496541e+06,1.4041972e+06
7575,1.4496541e+06,1.4055122e+06
7575,1.4496541e+06,1.4091274e+06
7575,1.4496541e+06,1.4037392e+06
7575,1.4496541e+06,1.4022295e+06
7575,1.4496541e+06,1.3979029e+06
7575,1.4496541e+06,1.4096359e+06
7576,208906.48,240847.39
7576,208906.48,243193.02
7577,352650.44,308197.28
7577,352650.44,309173.47
7577,352650.44,304749.94
7577,352650.44,302532.47
7578,327905.72,266577.6
7578,327905.72,281583.66
7579,507829.38,467875.0
7579,507829.38,462939.53
7580,671507.25,699204.0
7580,671507.25,720367.7
7581,196931.89,181153.64
7581,196931.89,185172.3
7582,812875.3,755832.7
7582,812875.3,761210.5
7582,812875.3,747389.56
7582,812875.3,755926.06
7582,812875.3,746978.2
7582,812875.3,745543.7
7582,812875.3,753373.9
7583,820882.3,749150.2
7583,820882.3,750789.56
7583,820882.3,753002.5
7583,820882.3,755097.1
7583,820882.3,753025.3
7583,820882.3,762754.75
7583,820882.3,758744.7
7583,820882.3,754709.5
7583,820882.3,773681.44
7584,1.0384714e+06,766688.56
7584,1.0384714e+06,773415.25
7584,1.0384714e+06,768387.75
7584,1.0384714e+06,767078.5
7584,1.0384714e+06,771264.1
7584,1.0384714e+06,774902.44
7584,1.0384714e+06,773950.4
7584,1.0384714e+06,768429.25
7584,1.0384714e+06,784032.7
7585,329889.6,348887.4
7585,329889.6,351917.84
7585,329889.6,351591.6
7586,838804.6,861141.4
7586,838804.6,860909.06
7586,838804.6,860115.75
7586,838804.6,860570.6
7586,838804.6,860692.9
7586,838804.6,861323.5
7586,838804.6,859276.75
7587,619234.94,650889.6
7587,619234.94,658455.6
7587,619234.94,660880.7
7587,619234.94,652951.7
7587,619234.94,665959.94
7587,619234.94,662799.44
7588,717606.4,641649.25
7588,717606.4,652645.6
7589,732670.56,708001.6
7589,732670.56,707988.6
7590,614406.75,473516.7
7590,614406.75,474460.2
7591,436824.62,415745.6
7591,436824.62,416085.88
7591,436824.62,406590.84
7592,303648.8,260258.64
7592,303648.8,269940.88
7593,421002.25,307598.12
7593,421002.25,307634.06
7594,531970.4,557395.94
7594,531970.4,549153.1
7595,661010.75,621474.4
7595,661010.75,625128.3
7595,661010.75,622490.5
7595,661010.75,632589.8
7595,661010.75,632635.3
7595,661010.75,618346.94
7596,830911.75,851574.1
7597,550607.9,619003.6
7597,550607.9,580885.94
7598,1.0849049e+06,1.0870578e+06
7598,1.0849049e+06,1.1184528e+06
7599,525397.5,526552.44
7599,525397.5,522058.94
7599,525397.5,544780.75
7600,765421.56,722248.3
7600,765421.56,734209.56
7600,765421.56,728457.8
7601,541628.44,552226.1
7601,541628.44,558513.5
7601,541628.44,560976.3
7602,565333.4,567505.6
7602,565333.4,572771.5
7603,686080.0,707985.7
7604,305071.44,259225.17
7604,305071.44,263791.72
7605,659108.8,543545.3
7605,659108.8,548996.06
7606,837128.1,826374.8
7606,837128.1,825168.5
7606,837128.1,821693.9
7606,837128.1,821392.2
7606,837128.1,817078.8
7606,837128.1,825669.3
7606,837128.1,813399.8
7606,837128.1,828417.94
7607,120050.99,168348.14
7607,120050.99,175762.61
7607,120050.99,169224.33
7608,611513.75,599497.44
7608,611513.75,585265.1
7609,618552.2,772264.44
7609,618552.2,775350.8
7609,618552.2,777354.5
7609,618552.2,778416.9
7609,618552.2,772537.4
7609,618552.2,776985.0
7609,618552.2,780188.06
7609,618552.2,778146.4
7609,618552.2,779022.2
7609,618552.2,769775.5
7609,618552.2,800039.2
7610,810504.56,839003.25
7610,810504.56,844043.0
7610,810504.56,838090.1
7610,810504.56,839264.4
7610,810504.56,840279.3
7610,810504.56,839969.2
7610,810504.56,833531.25
7610,810504.56,843555.56
7610,810504.56,838350.75
7610,810504.56,839493.2
7610,810504.56,845291.44
7610,810504.56,838541.56
7611,504699.94,527367.7
7611,504699.94,534807.9
7611,504699.94,535973.94
7611,504699.94,526065.75
7612,611675.25,609133.8
7612,611675.25,611344.2
7612,611675.25,606441.94
7612,611675.25,623754.9
7613,244273.27,250381.23
7613,244273.27,253257.83
7613,244273.27,250412.95
7614,529731.6,713117.0
7614,529731.6,699148.1
7615,436810.97,411403.9
7615,436810.97,409987.53
7615,436810.97,416287.28
7616,374295.16,394533.97
7616,374295.16,392982.44
7617,489650.44,434173.03
7617,489650.44,429332.8
7618,2.4813178e+06,2.5571905e+06
7618,2.4813178e+06,2.553258e+06
7618,2.4813178e+06,2.555828e+06
7618,2.4813178e+06,2.556312e+06
7618,2.4813178e+06,2.557217e+06
7618,2.4813178e+06,2.555508e+06
7618,2.4813178e+06,2.5601335e+06
7618,2.4813178e+06,2.553797e+06
7618,2.4813178e+06,2.557217e+06
7618,2.4813178e+06,2.5561958e+06
7618,2.4813178e+06,2.5592778e+06
7618,2.4813178e+06,2.5575088e+06
7618,2.4813178e+06,2.5591522e+06
7618,2.4813178e+06,2.5598428e+06
7618,2.4813178e+06,2.559106e+06
7618,2.4813178e+06,2.55998e+06
7618,2.4813178e+06,2.559192e+06
7618,2.4813178e+06,2.5589852e+06
7618,2.4813178e+06,2.5606038e+06
7619,601739.6,681524.7
7619,601739.6,656734.7
7620,513140.62,558434.1
7620,513140.62,557305.0
7620,513140.62,560792.6
7620,513140.62,559815.1
7620,513140.62,563171.75
7620,513140.62,575681.44
7621,636117.25,658552.4
7621,636117.25,656805.6
7622,326279.88,352043.8
7622,326279.88,352968.72
7623,631599.25,603936.44
7623,631599.25,608118.9
7624,605132.06,602855.2
7624,605132.06,603196.5
7624,605132.06,613395.8
7624,605132.06,615215.9
7624,605132.06,609478.56
7624,605132.06,613839.5
7624,605132.06,603337.56
7625,436884.16,390599.28
7625,436884.16,409399.16
7625,436884.16,397923.22
7625,436884.16,392149.97
7625,436884.16,398625.12
7625,436884.16,391780.38
7626,2.7066115e+06,2.6129242e+06
7626,2.7066115e+06,2.608848e+06
7627,779230.44,636616.44
7627,779230.44,647980.44
7628,452132.0,449717.62
7628,452132.0,468161.75
7629,600983.4,563943.3
7629,600983.4,536807.1
7630,829712.94,726410.7
7631,377984.6,334286.7
7631,377984.6,332820.1
7632,427908.47,384213.97
7632,427908.47,393459.4
7633,311202.94,367126.1
7634,804774.75,727019.8
7634,804774.75,729205.2
7634,804774.75,724327.2
7634,804774.75,724768.7
7634,804774.75,725391.8
7634,804774.75,733389.4
7634,804774.75,734084.3
7634,804774.75,719003.0
7635,210922.62,242931.95
7635,210922.62,240850.17
7636,593567.6,535787.3
7637,691907.8,724737.9
7637,691907.8,721298.5
7637,691907.8,719246.3
7637,691907.8,724520.7
7637,691907.8,720605.4
7637,691907.8,700886.56
7637,691907.8,708270.3
7637,691907.8,708711.9
7637,691907.8,700204.94
7638,888898.8,856775.0
7638,888898.8,856281.94
7638,888898.8,855423.2
7638,888898.8,855423.2
7638,888898.8,860297.2
7638,888898.8,858917.8
7638,888898.8,855185.94
7638,888898.8,849065.6
7638,888898.8,844730.94
7638,888898.8,859179.7
7638,888898.8,854695.9
7639,202046.89,293914.38
7639,202046.89,295127.66
7639,202046.89,295481.22
7640,379560.56,392342.0
7640,379560.56,385838.03
7641,737503.44,645283.75
7641,737503.44,660180.25
7642,547747.06,615740.1
7643,556430.4,552480.3
7643,556430.4,526147.75
7644,137219.14,231493.3
7645,736824.75,638168.8
7645,736824.75,639375.1
7646,2.2516132e+06,2.5460162e+06
7646,2.2516132e+06,2.5501518e+06
7647,555516.3,540947.75
7647,555516.3,548978.9
7648,357627.66,286201.3
7648,357627.66,290984.8
7649,428236.1,308245.3
7649,428236.1,315472.44
7650,746173.8,658531.2
7650,746173.8,668142.1
7651,493757.84,498950.06
7651,493757.84,481255.72
7651,493757.84,488338.03
7652,443470.2,512823.78
7652,443470.2,502502.0
7653,383727.06,303877.4
7653,383727.06,313432.03
7654,618371.2,646849.1
7654,618371.2,626837.2
7655,834668.1,777465.3
7655,834668.1,776631.5
7655,834668.1,773512.94
7655,834668.1,769728.2
7655,834668.1,783196.56
7656,764956.4,729740.6
7656,764956.4,735204.6
7657,386545.75,363449.3
7657,386545.75,355634.9
7658,2.4461082e+06,2.6030235e+06
7658,2.4461082e+06,2.600308e+06
7659,379983.4,291479.78
7659,379983.4,299047.94
7660,403390.56,475723.3
7660,403390.56,469975.53
7661,302673.78,384331.7
7661,302673.78,388448.12
7661,302673.78,385816.22
7662,559454.56,576856.06
7662,559454.56,567436.94
7662,559454.56,562354.94
7662,559454.56,576053.1
7662,559454.56,567728.8
7662,559454.56,571603.4
7662,559454.56,581433.0
7663,286605.0,294019.16
7663,286605.0,297840.25
7664,502477.9,427535.72
7665,791899.44,721934.44
7665,791899.44,732221.6
7665,791899.44,721267.8
7665,791899.44,717937.56
7665,791899.44,729770.56
7665,791899.44,730171.5
7665,791899.44,724436.94
7666,784940.0,680177.56
7666,784940.0,682585.2
7666,784940.0,683364.0
7666,784940.0,684980.7
7666,784940.0,687650.7
7667,614922.94,648485.25
7667,614922.94,646746.75
7667,614922.94,659046.6
7667,614922.94,648094.9
7667,614922.94,651031.75
7668,256274.81,289388.94
7668,256274.81,285878.2
7669,537670.94,523395.2
7669,537670.94,522601.3
7669,537670.94,530724.8
7669,537670.94,513422.12
7670,783494.4,789811.8
7671,302360.34,266295.66
7671,302360.34,258665.67
7672,711811.5,678490.1
7672,711811.5,674843.94
7672,711811.5,668366.7
7672,711811.5,684980.7
7673,789598.0,615878.5
7673,789598.0,623568.06
7673,789598.0,627722.7
7673,789598.0,621165.94
7673,789598.0,620148.7
7674,661719.0,594810.3
7674,661719.0,594228.1
7674,661719.0,589429.06
7674,661719.0,596724.9
7674,661719.0,590315.6
7674,661719.0,592392.7
7674,661719.0,585739.5
7675,522904.34,547017.8
7675,522904.34,546050.56
7676,572727.94,555707.0
7676,572727.94,533817.8
7677,379221.47,307410.0
7677,379221.47,309416.44
7677,379221.47,306899.94
7678,170944.2,185335.67
7678,170944.2,182843.02
7679,365908.47,297491.56
7679,365908.47,301136.56
7679,365908.47,301082.88
7680,356480.0,313509.4
7680,356480.0,307399.5
7681,946803.06,1.0054231e+06
7682,2.4817735e+06,2.5863655e+06
7682,2.4817735e+06,2.5838028e+06
7683,444581.7,513529.53
7683,444581.7,508772.9
7684,805774.7,679877.94
7684,805774.7,699810.06
7684,805774.7,687251.7
7685,325829.97,281654.78
7685,325829.97,288651.56
7686,662920.94,680531.2
7686,662920.94,686869.94
7686,662920.94,680275.25
7686,662920.94,687998.5
7686,662920.94,671339.5
7687,452235.25,396234.9
7687,452235.25,396948.94
7687,452235.25,400418.12
7688,292819.84,380997.25
7688,292819.84,383590.56
7688,292819.84,388229.97
7689,846029.25,852007.8
7689,846029.25,841762.0
7689,846029.25,850762.94
7689,846029.25,843653.25
7689,846029.25,843653.25
7689,846029.25,847868.3
7689,846029.25,848091.1
7689,846029.25,839524.3
7689,846029.25,845201.5
7689,846029.25,846439.25
7689,846029.25,847959.8
7689,846029.25,845373.0
7689,846029.25,850563.6
7690,411623.78,508444.4
7690,411623.78,507608.94
7690,411623.78,509203.53
7690,411623.78,503695.34
7691,2.4735595e+06,2.5732772e+06
7691,2.4735595e+06,2.565448e+06
7692,426300.16,444920.44
7692,426300.16,442529.06
7692,426300.16,446691.7
7692,426300.16,444018.97
7693,588777.1,471009.16
7693,588777.1,472868.2
7693,588777.1,481944.78
7693,588777.1,489405.7
7694,622331.7,576933.1
7694,622331.7,579115.56
7695,467156.66,469617.78
7695,467156.66,459481.78
7695,467156.66,457677.66
7696,575961.1,569183.9
7696,575961.1,563386.5
7696,575961.1,580167.3
7696,575961.1,566135.1
7697,919430.06,975978.56
7697,919430.06,979298.06
7698,2.4122138e+06,2.565153e+06
7698,2.4122138e+06,2.5624822e+06
7699,605148.3,496341.8
7700,468984.84,426266.94
7700,468984.84,403921.75
7701,995446.3,970104.25
7702,1.1536098e+06,1.1266119e+06
7702,1.1536098e+06,1.1277079e+06
7702,1.1536098e+06,1.1291754e+06
7702,1.1536098e+06,1.1288856e+06
7702,1.1536098e+06,1.1304606e+06
7702,1.1536098e+06,1.1311969e+06
7702,1.1536098e+06,1.1564446e+06
7703,908000.56,928381.3
7703,908000.56,920292.25
7703,908000.56,934821.94
7703,908000.56,930437.0
7703,908000.56,934476.1
7703,908000.56,930361.1
7703,908000.56,929424.94
7703,908000.56,925631.8
7703,908000.56,924420.5
7703,908000.56,914353.5
7703,908000.56,925142.94
7703,908000.56,932263.7
7703,908000.56,928592.8
7703,908000.56,921241.3
7704,539424.8,618881.25
7704,539424.8,614915.7
7704,539424.8,615122.3
7704,539424.8,614719.75
7704,539424.8,592290.2
7705,704636.5,714399.8
7705,704636.5,725827.06
7706,207286.22,242377.52
7706,207286.22,237554.14
7707,306525.84,269678.6
7707,306525.84,263697.03
7708,483356.1,577453.0
7708,483356.1,576723.4
7708,483356.1,577080.56
7708,483356.1,565091.3
7709,874919.56,928374.2
7709,874919.56,932829.9
7709,874919.56,937857.0
7709,874919.56,933321.9
7709,874919.56,930741.2
7709,874919.56,929763.94
7709,874919.56,924133.06
7709,874919.56,937605.3
7709,874919.56,927841.7
7709,874919.56,932938.94
7709,874919.56,922816.2
7709,874919.56,928247.4
7709,874919.56,934534.4
7709,874919.56,914346.75
7709,874919.56,927393.94
7710,489607.5,500756.06
7710,489607.5,502260.2
7710,489607.5,495631.28
7710,489607.5,496920.56
7710,489607.5,520571.56
7711,591954.2,555526.3
7711,591954.2,572757.06
7712,485802.3,410825.47
7712,485802.3,421062.53
7713,700227.06,757624.8
7713,700227.06,758776.2
7713,700227.06,755217.4
7713,700227.06,757711.25
7713,700227.06,753572.3
7713,700227.06,760552.5
7713,700227.06,752287.9
7713,700227.06,752203.75
7713,700227.06,769316.06
7714,598891.0,654391.6
7714,598891.0,659445.06
7714,598891.0,644085.1
7714,598891.0,657445.3
7715,2.395203e+06,2.556235e+06
7715,2.395203e+06,2.5578712e+06
7716,412777.4,377279.5
7716,412777.4,369792.9
7717,608247.5,586988.3
7717,608247.5,579933.06
7717,608247.5,593171.44
7717,608247.5,595673.6
7718,549453.6,729936.9
7718,549453.6,738697.4
7718,549453.6,741763.0
7718,549453.6,739849.7
7718,549453.6,743940.8
7718,549453.6,737128.7
7718,549453.6,757934.6
7719,635148.94,696384.25
7719,635148.94,702409.8
7719,635148.94,693440.0
7719,635148.94,700692.3
7719,635148.94,704631.0
7719,635148.94,697571.44
7719,635148.94,698940.44
7720,251166.4,338431.25
7721,470421.06,462225.16
7721,470421.06,462350.78
7721,470421.06,481737.22
7721,470421.06,468669.94
7722,636815.4,606237.5
7722,636815.4,610104.7
7723,1.1035044e+06,1.03687325e+06
7723,1.1035044e+06,1.0618155e+06
7724,518327.62,471421.12
7724,518327.62,465053.03
7725,727239.56,707676.9
7725,727239.56,703414.2
7725,727239.56,707501.44
7725,727239.56,706899.9
7725,727239.56,704171.06
7725,727239.56,712379.75
7725,727239.56,693515.7
7726,631194.8,655142.94
7726,631194.8,647855.06
7726,631194.8,642274.1
7726,631194.8,657180.7
7726,631194.8,661015.06
7726,631194.8,656763.94
7727,775667.4,713304.3
7727,775667.4,713599.0
7727,775667.4,714840.25
7727,775667.4,717726.7
7727,775667.4,710970.2
7727,775667.4,701407.4
7727,775667.4,700418.0
7727,775667.4,694069.75
7727,775667.4,712189.1
7728,221192.3,198504.55
7728,221192.3,198624.83
7729,425944.72,420001.44
7729,425944.72,412740.9
7729,425944.72,426811.4
7730,583958.9,660307.56
7730,583958.9,669265.0
7730,583958.9,668054.1
7730,583958.9,674400.8
7730,583958.9,671754.06
7731,627037.25,602219.8
7731,627037.25,598302.2
7731,627037.25,593463.1
7731,627037.25,605689.2
7731,627037.25,606061.44
7731,627037.25,603289.94
7732,236196.39,315524.12
7732,236196.39,310018.03
7733,363552.38,305488.56
7733,363552.38,301688.34
7733,363552.38,312151.88
7734,814101.94,694859.0
7734,814101.94,691239.6
7735,518940.1,624968.56
7735,518940.1,625888.56
7736,763811.75,763406.0
7736,763811.75,750887.1
7736,763811.75,749501.75
7736,763811.75,756453.94
7736,763811.75,761228.06
7736,763811.75,763544.56
7736,763811.75,766866.75
7737,1.02446406e+06,1.033919e+06
7737,1.02446406e+06,1.0591111e+06
7737,1.02446406e+06,1.0458485e+06
7738,555391.75,528642.2
7738,555391.75,511084.97
7739,552336.8,495603.25
7739,552336.8,506469.5
7739,552336.8,483374.28
7740,1.0532696e+06,1.1579699e+06
7740,1.0532696e+06,1.1579486e+06
7740,1.0532696e+06,1.1565226e+06
7740,1.0532696e+06,1.1559756e+06
7740,1.0532696e+06,1.1579325e+06
7740,1.0532696e+06,1.1596198e+06
7740,1.0532696e+06,1.1581918e+06
7740,1.0532696e+06,1.1277891e+06
7741,461706.47,532530.25
7741,461706.47,526366.1
7741,461706.47,533651.06
7741,461706.47,521104.62
7742,544243.4,552048.94
7742,544243.4,550664.6
7742,544243.4,559371.4
7742,544243.4,553330.56
7743,459660.78,413458.62
7743,459660.78,408505.3
7743,459660.78,404544.88
7744,481148.66,468370.66
7744,481148.66,471022.2
7744,481148.66,482641.6
7745,745342.44,623288.0
7745,745342.44,632973.4
7745,745342.44,636458.44
7745,745342.44,627166.75
7745,745342.44,619038.8
7746,882768.9,854754.7
7746,882768.9,860081.2
7746,882768.9,857917.6
7746,882768.9,853868.56
7746,882768.9,857863.9
7746,882768.9,852927.7
7746,882768.9,857390.56
7746,882768.9,857339.5
7746,882768.9,856486.44
7747,617478.7,664538.6
7747,617478.7,663583.75
7748,413602.0,384339.44
7748,413602.0,412339.84
7749,713807.8,727658.75
7749,713807.8,720219.44
7749,713807.8,726619.7
7749,713807.8,722883.5
7749,713807.8,731504.9
7749,713807.8,720107.06
7749,713807.8,711161.1
7750,465022.75,507727.25
7750,465022.75,509035.06
7751,1.00880275e+06,943341.3
7751,1.00880275e+06,950829.75
7752,718325.6,747893.94
7752,718325.6,754009.94
7753,502936.97,508715.97
7753,502936.97,499461.12
7753,502936.97,505172.9
7754,874432.8,688510.5
7754,874432.8,652216.94
7755,583259.75,486327.6
7756,615553.7,606778.75
7756,615553.7,601409.6
7756,615553.7,601171.75
7756,615553.7,607260.25
7756,615553.7,605056.75
7756,615553.7,599583.6
7756,615553.7,597347.75
7756,615553.7,605174.9
7756,615553.7,603625.9
7756,615553.7,599832.06
7757,628075.75,659210.9
7757,628075.75,670301.44
7757,628075.75,666049.06
7757,628075.75,673670.4
7758,1.1223826e+06,1.126055e+06
7759,616773.7,653148.56
7759,616773.7,645289.6
7760,333889.7,422857.28
7760,333889.7,421278.6
7760,333889.7,441466.66
7761,897338.94,727813.94
7761,897338.94,735222.06
7761,897338.94,738334.56
7761,897338.94,740176.44
7761,897338.94,758096.7
7762,266830.75,286204.7
7762,266830.75,279466.25
7763,564198.25,642447.94
7763,564198.25,628749.3
7763,564198.25,629698.9
7763,564198.25,631257.3
7763,564198.25,637216.44
7763,564198.25,656344.9
7764,778161.9,786499.8
7764,778161.9,779052.25
7765,665233.0,642801.9
7765,665233.0,656253.5
7765,665233.0,627369.06
7766,489129.97,469285.0
7766,489129.97,470103.84
7766,489129.97,470348.0
7767,292835.47,259780.86
7767,292835.47,260213.7
7767,292835.47,265458.56
7767,292835.47,265738.94
7768,423435.94,488820.97
7768,423435.94,480087.5
7769,531288.9,529149.2
7769,531288.9,526950.3
7770,447002.12,512181.5
7770,447002.12,520688.6
7771,513909.72,440029.28
7771,513909.72,451858.28
7772,344793.8,293666.72
7772,344793.8,290809.0
7772,344793.8,296799.78
7772,344793.8,295679.25
7773,307365.03,271656.75
7773,307365.03,270926.38
7773,307365.03,273881.12
7774,908215.06,742877.7
7774,908215.06,742411.75
7774,908215.06,747032.3
7774,908215.06,756786.0
7774,908215.06,749925.44
7774,908215.06,778691.4
7775,250014.34,314160.1
7775,250014.34,326933.28
7776,413369.6,305994.1
7776,413369.6,305551.56
7777,312165.94,328076.53
7777,312165.94,319623.78
7778,275232.66,258062.45
7778,275232.66,255589.3
7779,349835.53,299665.62
7779,349835.53,290109.12
7780,218458.36,238438.52
7780,218458.36,241569.73
7780,218458.36,239688.05
7781,562560.5,653335.8
7781,562560.5,630357.75
7782,698698.6,627758.1
7782,698698.6,639889.56
7783,613649.0,614021.8
7783,613649.0,623055.3
7783,613649.0,624282.8
7783,613649.0,617583.4
7784,661323.3,656575.94
7784,661323.3,680333.2
7784,661323.3,668638.8
7785,665667.3,628057.4
7785,665667.3,621570.75
7785,665667.3,623780.1
7785,665667.3,623242.5
7785,665667.3,623523.94
7785,665667.3,631717.06
7785,665667.3,621471.5
7785,665667.3,627692.06
7785,665667.3,629856.0
7785,665667.3,622174.1
7785,665667.3,622745.2
7785,665667.3,629690.2
7785,665667.3,628838.75
7786,327163.56,302070.38
7786,327163.56,307132.78
7787,553294.8,633641.25
7787,553294.8,636971.0
7788,615932.7,731562.5
7788,615932.7,728011.94
7788,615932.7,729890.25
7788,615932.7,725839.0
7788,615932.7,716928.4
7788,615932.7,724375.4
7788,615932.7,723734.06
7788,615932.7,725416.1
7788,615932.7,717083.25
7788,615932.7,736833.56
7789,712886.7,731496.6
7789,712886.7,739399.06
7789,712886.7,737620.75
7789,712886.7,733918.4
7789,712886.7,738076.25
7789,712886.7,743620.94
7790,882907.06,738399.56
7790,882907.06,751691.6
7790,882907.06,744602.7
7790,882907.06,745510.8
7790,882907.06,747294.25
7790,882907.06,745317.94
7790,882907.06,749441.75
7791,309801.7,274528.97
7791,309801.7,273678.47
7792,283994.72,251143.23
7792,283994.72,259779.14
7792,283994.72,250194.36
7793,432138.9,386249.97
7793,432138.9,388444.5
7793,432138.9,397255.38
7794,588808.5,623827.8
7794,588808.5,581751.6
7795,263999.94,324163.84
7795,263999.94,329035.5
7795,263999.94,326562.2
7796,564541.8,640675.2
7796,564541.8,642152.44
7796,564541.8,648249.25
7796,564541.8,655255.4
7797,316838.78,275737.53
7797,316838.78,283416.6
7798,631913.5,659252.6
7798,631913.5,640011.6
7799,601644.56,612534.06
7799,601644.56,608847.44
7799,601644.56,613825.25
7799,601644.56,608849.56
7799,601644.56,615198.06
7799,601644.56,615162.0
7799,601644.56,618427.25
7799,601644.56,602104.1
7799,601644.56,609401.8
7799,601644.56,608352.06
7799,601644.56,589232.4
7800,353182.3,369328.03
7800,353182.3,364721.2
7801,578271.2,617569.94
7801,578271.2,611040.6
7801,578271.2,627264.75
7801,578271.2,617560.5
7802,511811.5,555425.56
7802,511811.5,551021.06
7802,511811.5,551633.75
7802,511811.5,542664.94
7802,511811.5,540076.06
7803,356893.2,308011.94
7803,356893.2,314337.44
7804,557019.94,626762.1
7804,557019.94,605423.1
7805,639172.25,613542.7
7805,639172.25,612147.44
7805,639172.25,607263.6
7805,639172.25,593306.44
7805,639172.25,610507.7
7806,206791.03,240072.3
7806,206791.03,242026.55
7807,1.2477419e+06,1.2231998e+06
7807,1.2477419e+06,1.2233002e+06
7807,1.2477419e+06,1.2184338e+06
7807,1.2477419e+06,1.2196865e+06
7807,1.2477419e+06,1.2224082e+06
7807,1.2477419e+06,1.2188324e+06
7807,1.2477419e+06,1.2207262e+06
7807,1.2477419e+06,1.220654e+06
7807,1.2477419e+06,1.2222198e+06
7808,900409.75,741946.75
7808,900409.75,740650.06
7808,900409.75,741540.94
7808,900409.75,739368.75
7808,900409.75,733738.4
7808,900409.75,745510.1
7809,588106.0,592402.56
7809,588106.0,594224.75
7810,504480.28,562239.5
7810,504480.28,578057.56
7810,504480.28,530984.8
7811,355011.38,363746.3
7811,355011.38,377277.56
7812,661864.8,739313.5
7812,661864.8,734150.44
7812,661864.8,737337.2
7812,661864.8,739242.2
7812,661864.8,736352.56
7812,661864.8,719929.6
7812,661864.8,720003.7
7812,661864.8,730085.44
7812,661864.8,721298.94
7813,503961.3,527911.44
7813,503961.3,530488.56
7814,405011.56,386944.47
7814,405011.56,387287.56
7814,405011.56,407060.38
7814,405011.56,385652.9
7815,311391.97,308906.0
7815,311391.97,308851.5
7816,545692.5,505488.1
7816,545692.5,515348.66
7816,545692.5,516705.7
7816,545692.5,505932.1
7816,545692.5,530831.5
7817,732138.8,718198.4
7817,732138.8,720325.1
7817,732138.8,720325.1
7817,732138.8,723105.25
7817,732138.8,722973.25
7817,732138.8,709245.0
7817,732138.8,701276.6
7817,732138.8,696731.4
7818,240453.97,268478.03
7818,240453.97,274469.7
7819,891172.6,1.00569625e+06
