tree
version=v4
num_class=1
num_tree_per_iteration=1
label_index=0
max_feature_idx=17
objective=regression
feature_names=property_size location renovation_cost sqft_renovated sqft_to_add material_grade structural_change reno_bathroom reno_bedroom reno_kitchen reno_living_room reno_other_custom reno_full_renovation unit_type_bedroom unit_type_full_renovation unit_type_kitchen unit_type_living_room unit_type_other/custom
feature_infos=[302:6545] [411811.87474069337:415328.9046487665] [40518.470000000001:679906.39999999991] [0:6545] [0:322] [0:2] [0:1] [0:1] [0:1] [0:1] [0:1] [0:1] [0:1] [0:1] [0:1] [0:1] [0:1] [0:1]
tree_sizes=2725 2764 2805 2773 2779 2768 2784 2812 2773 2763 2757 2766 2769 2843 2793 2779 2786 2797 2795 2766 2770 2770 2763 2762 2758 2781 2769 2763 2752 2777 2760 2772 2753 2788 2735 2745 2760 2784 2770 2772 2764 2751 2722 2763 2777 2705 2754 2751 2756 2714 2766 2772 2780 2781 2811 2784 2770 2778 2782 2757 2780 2795 2753 2739 2816

Tree=0
num_leaves=31
num_cat=0
split_feature=0 0 0 3 0 0 0 3 0 3 3 0 0 2 3 3 0 1 0 0 0 2 1 2 0 2 2 2 0 2
split_gain=2.4848e+14 2.91603e+13 2.40055e+13 1.67206e+13 7.08194e+12 4.24293e+12 3.2854e+12 2.09793e+12 1.48366e+12 4.86764e+11 4.01865e+11 3.83052e+11 3.81131e+11 3.30701e+11 3.19203e+11 3.14543e+11 3.11324e+11 2.76577e+11 2.71883e+11 3.0802e+11 2.42019e+11 2.18695e+11 1.67211e+11 3.20472e+11 1.31881e+11 1.18372e+11 1.11101e+11 1.03045e+11 1.21655e+11 9.77415e+10
threshold=1665.5000000000002 4561.5000000000009 1097.5000000000002 2895.0000000000005 811.50000000000011 1340.5000000000002 2054.5000000000005 3895.0000000000005 950.50000000000011 2251.0000000000005 4167.5000000000009 1856.5000000000002 1224.5000000000002 484080.10000000003 1432.5000000000002 3176.5000000000005 616.50000000000011 412792.13776554511 3497.5000000000005 3425.0000000000005 1050.5000000000002 439155.53999999998 414552.25179062638 406614.60000000003 798.50000000000011 439155.53999999998 199235.51500000004 336807.43500000006 2982.5000000000005 397171.62999999995
decision_type=2 2 2 2 2 2 2 2 2 2 2 2 2 2 2 2 2 2 2 2 2 2 2 2 2 2 2 2 2 2
left_child=2 3 4 6 16 12 11 15 -6 -8 13 26 -4 21 -7 27 -1 25 19 -19 -10 -9 -20 -24 -18 29 -2 -5 -29 -17
right_child=1 -3 5 7 8 14 9 10 20 -11 -12 -13 -14 -15 -16 17 24 18 22 -21 -22 -23 23 -25 -26 -27 -28 28 -30 -31
leaf_value=355518.75113493751 371371.77319157543 429516.29418487637 363288.7870482406 382456.96723814873 359553.14415372157 367816.45000271115 377692.14204889094 393259.73952945118 360882.51328555448 380712.5967673955 397913.49730200088 375278.61649519403 365226.33243557037 395955.75015392504 370101.00611323764 388835.71174536028 357005.39550043992 386379.23096926138 382433.40577968402 392855.53768286027 361957.52004548896 386995.58860802476 390845.62032552331 383617.14017946355 358338.41730001074 386340.50147192273 373430.0398205957 387813.98464156559 384013.96928212495 393462.81059952691
leaf_weight=343 119 31 1019 65 3012 512 233 22 1845 312 32 235 338 27 218 25 1538 91 61 23 731 38 23 46 211 20 146 28 85 21
leaf_count=343 119 31 1019 65 3012 512 233 22 1845 312 32 235 338 27 218 25 1538 91 61 23 731 38 23 46 211 20 146 28 85 21
internal_value=363727 381471 360670 380570 359378 365425 376736 387170 360307 379421 393123 373809 363771 391360 368499 385718 356896 386680 385904 387686 361188 389292 384341 386027 357166 389552 372506 384043 384956 390948
internal_weight=11450 1683 9767 1652 7680 2087 1045 607 5588 545 119 500 1357 87 730 488 2092 310 244 114 2576 60 130 69 1749 66 265 178 113 46
internal_count=11450 1683 9767 1652 7680 2087 1045 607 5588 545 119 500 1357 87 730 488 2092 310 244 114 2576 60 130 69 1749 66 265 178 113 46
is_linear=0
shrinkage=1


Tree=1
num_leaves=31
num_cat=0
split_feature=0 0 0 0 0 0 0 0 0 0 2 0 0 0 0 0 0 2 1 2 2 2 1 5 0 0 2 0 2 0
split_gain=2.24253e+14 2.63171e+13 2.16649e+13 1.50419e+13 6.39145e+12 3.82925e+12 2.93259e+12 1.84869e+12 1.33901e+12 4.35739e+11 4.05808e+11 3.75876e+11 3.45705e+11 3.43971e+11 2.8097e+11 2.41108e+11 2.25645e+11 2.10828e+11 1.32946e+11 1.22384e+11 2.50755e+11 2.38379e+11 1.31456e+11 1.27609e+11 1.50224e+11 1.20213e+11 1.85574e+11 1.19023e+11 1.00268e+11 9.16933e+10
threshold=1665.5000000000002 4561.5000000000009 1097.5000000000002 2885.5000000000005 811.50000000000011 1340.5000000000002 2054.5000000000005 3961.5000000000005 950.50000000000011 2292.5000000000005 484080.10000000003 3145.5000000000005 1856.5000000000002 1224.5000000000002 616.50000000000011 4060.5000000000005 1014.5000000000001 144059.95500000005 412792.13776554511 465957.59000000003 406614.60000000003 492759.64000000001 415018.39334739919 1.5000000000000002 3568.5000000000005 3726.0000000000005 404952.92999999999 798.50000000000011 199235.51500000004 3497.5000000000005
decision_type=2 2 2 2 2 2 2 2 2 2 2 2 2 2 2 2 2 2 2 2 2 2 2 2 2 2 2 2 2 2
left_child=2 3 4 6 14 13 12 11 -6 -8 15 -5 28 -4 -1 -9 -10 -7 25 20 22 -21 23 24 -20 26 -13 -16 -2 -22
right_child=1 -3 5 7 8 17 9 10 16 -11 -12 18 -14 -15 27 -17 -18 -19 19 21 29 -23 -24 -25 -26 -27 -28 -29 -30 -31
leaf_value=-7798.1528903972303 7262.2182740283624 62499.512802419362 -416.61862775299107 19065.843517992424 -3965.4793116306087 4052.0614799182194 13313.226776369973 22108.009700520837 -2891.7641441060177 16172.53503958683 32539.390544871796 22852.23519965278 10973.719481798538 1424.0494434559841 -6385.8406323654917 28737.640014648438 -1955.5880952826401 6034.7127550329869 22101.391927083336 27089.709875 20937.311669921877 19766.101523437501 24910.26941964286 24068.234375 17678.670239257812 20481.695234375002 28859.213437500002 -5119.4699987040876 9217.5715375508353 17547.813561320756
leaf_weight=343 119 31 1019 165 3012 553 241 24 1258 298 39 36 235 338 1538 32 1318 177 48 25 32 20 35 32 32 20 20 211 146 53
leaf_count=343 119 31 1019 165 3012 553 241 24 1258 298 39 36 235 338 1538 32 1318 177 48 25 32 20 35 32 32 20 20 211 146 53
internal_value=1.80895e-05 16856.8 -2904.68 16000.3 -4132.26 1612.71 12335.6 22211.8 -3249.7 14894.1 28623.5 21035.9 9577.59 41.8529 -6489.67 25896.4 -2412.77 4532.79 21956.7 21448.4 20985.6 23834.8 22235.6 21399.7 20332.3 23809.2 24997.6 -6233.07 8339.51 18823.9
internal_weight=11450 1683 9767 1652 7680 2087 1039 613 5588 539 95 518 500 1357 2092 56 2576 730 353 277 232 45 147 112 80 76 56 1749 265 85
internal_count=11450 1683 9767 1652 7680 2087 1039 613 5588 539 95 518 500 1357 2092 56 2576 730 353 277 232 45 147 112 80 76 56 1749 265 85
is_linear=0
shrinkage=0.05


Tree=2
num_leaves=31
num_cat=0
split_feature=2 3 2 3 3 4 3 4 3 3 4 3 4 3 4 2 3 4 3 3 2 2 4 1 3 4 3 3 3 1
split_gain=2.01428e+14 2.31925e+13 1.43893e+13 1.35008e+13 3.80809e+12 3.28441e+12 2.31725e+12 1.97736e+12 1.60301e+12 6.80944e+11 1.57888e+12 1.36894e+12 6.5163e+11 5.86049e+11 5.11674e+11 5.10529e+11 8.82652e+11 4.63555e+11 3.55425e+11 3.21488e+11 3.18587e+11 2.38595e+11 2.23498e+11 2.19883e+11 2.15988e+11 2.01839e+11 1.97749e+11 2.10121e+11 1.87942e+11 1.97701e+11
threshold=170008.82500000004 4297.0000000000009 81406.090000000011 2737.5000000000005 4794.5000000000009 200.01282051282053 2010.5000000000002 141.15420560747665 3895.0000000000005 110.50000000000001 69.395638629283511 144.50000000000003 197.64335664335667 3136.5000000000005 81.233644859813097 110805.58500000001 294.50000000000006 116.00000000000001 2251.0000000000005 168.50000000000003 122185.87000000001 484080.10000000003 89.423076923076948 412792.13776554511 4097.0000000000009 126.06299734748012 1854.0000000000002 1331.0000000000002 3518.5000000000005 415018.39334739919
decision_type=2 2 2 2 2 2 2 2 2 2 2 2 2 2 2 2 2 2 2 2 2 2 2 2 2 2 2 2 2 2
left_child=2 3 7 6 -3 15 26 9 13 10 -1 -11 19 -5 -12 16 -4 -13 -8 -9 -7 24 -16 -15 -10 -18 27 -2 -25 -30
right_child=1 4 5 8 -6 20 18 12 21 11 14 17 -14 23 22 -17 25 -19 -20 -21 -22 -23 -24 28 -26 -27 -28 -29 29 -31
leaf_value=-5813.5573381249997 12270.278996394232 37472.956696428577 -210.23927384529566 17394.002873655227 67584.228720238098 3121.2652787308798 12358.127468048213 -3244.3198578908837 22275.296272786461 -6368.1448139022441 -3442.1979451338589 -5953.7035331107472 2709.970874865302 23066.852224392365 -1935.9164829192196 1284.6871794169658 -5651.3398082386366 -3825.2585473700442 15068.360951559884 -1970.0403971320484 5593.8355218334736 29018.405909455134 1188.5395130504262 21198.738854541371 28354.953162202379 -2557.0284408820607 10027.150924617687 7572.7564318717796 17368.965361752718 22103.464089439658
leaf_weight=625 26 21 1103 244 21 333 263 1091 48 975 1145 296 58 72 431 370 77 1884 224 906 214 39 66 139 21 167 188 282 92 29
leaf_count=625 26 21 1103 244 21 333 263 1091 48 975 1145 296 58 72 431 370 77 1884 224 906 214 39 66 139 21 167 188 282 92 29
internal_value=-2.61982e-05 15832.8 -2777.77 14908.3 52528.6 714.543 11154.8 -3835.23 20302.5 -4335.81 -3674.78 -4810.78 -2514.47 19254.4 -2860.69 -360.359 -812.228 -4114.26 13604.7 -2666.2 4088.6 25892.5 -1521 20621.6 24125.6 -3533.51 8749.29 7969.3 19944.5 18503.7
internal_weight=11450 1709 9741 1667 42 2264 983 7477 684 5422 2267 3155 2055 576 1642 1717 1347 2180 487 1997 547 108 497 332 69 244 496 308 260 121
internal_count=11450 1709 9741 1667 42 2264 983 7477 684 5422 2267 3155 2055 576 1642 1717 1347 2180 487 1997 547 108 497 332 69 244 496 308 260 121
is_linear=0
shrinkage=0.05


Tree=3
num_leaves=31
num_cat=0
split_feature=0 0 0 3 0 0 0 3 0 0 3 0 3 0 2 3 3 1 0 0 2 0 2 1 2 2 2 2 0 2
split_gain=1.82897e+14 2.15033e+13 1.77644e+13 1.22853e+13 5.18804e+12 3.28984e+12 2.37939e+12 1.54998e+12 1.08033e+12 3.54353e+11 2.97631e+11 2.94945e+11 2.70802e+11 2.48784e+11 2.45359e+11 2.28578e+11 2.26099e+11 2.09754e+11 2.07859e+11 2.83824e+11 2.02279e+11 1.6521e+11 1.50158e+11 2.57106e+11 1.18541e+11 1.09167e+11 1.0209e+11 9.10264e+10 1.14324e+11 8.95848e+10
threshold=1665.5000000000002 4561.5000000000009 1092.5000000000002 2895.0000000000005 811.50000000000011 1340.5000000000002 2054.5000000000005 3895.0000000000005 950.50000000000011 2292.5000000000005 4167.5000000000009 1224.5000000000002 1880.0000000000002 616.50000000000011 484080.10000000003 3176.5000000000005 1432.5000000000002 412792.13776554511 3497.5000000000005 3425.0000000000005 439155.53999999998 1050.5000000000002 406614.60000000003 414552.25179062638 465957.59000000003 439155.53999999998 69978.545000000013 336807.43500000006 2982.5000000000005 242948.50000000003
decision_type=2 2 2 2 2 2 2 2 2 2 2 2 2 2 2 2 2 2 2 2 2 2 2 2 2 2 2 2 2 2
left_child=2 3 4 6 13 11 12 15 -6 -8 14 -4 29 -1 20 27 -7 25 19 -19 -9 -10 23 -20 -24 -17 -15 -5 -29 -2
right_child=1 -3 5 7 8 16 9 10 21 -11 -12 -13 -14 26 -16 17 -18 18 22 -21 -22 -23 24 -25 -26 -27 -28 28 -30 -31
leaf_value=-7104.2810017310494 7313.8242584413856 56480.991431451614 -414.10873328299033 15939.996947115384 -3589.9081253739155 3555.4443516969682 12016.237243475065 25740.818927556818 -2433.4685150824912 14583.325650486193 29346.145849609376 1280.3878953651565 10017.205806896174 -5309.3740071933098 27664.818807870372 23520.453804347828 5478.169337792353 19306.591912774726 16721.978247070314 25523.329687500001 19716.369572368421 -1522.2284924858643 14646.373853058511 23652.536039402174 18756.038727678573 19095.644765625002 -6084.4830583197217 21059.326562500002 17375.589062499999 9892.4568590995605
leaf_weight=343 247 31 1069 65 3012 512 241 22 1845 304 32 338 214 1022 27 46 218 91 32 23 38 681 47 23 28 20 727 28 85 39
leaf_count=343 247 31 1069 65 3012 512 241 22 1845 304 32 338 214 1022 27 46 218 91 32 23 38 681 47 23 28 20 727 28 85 39
internal_value=-6.73822e-06 15223.3 -2623.2 14449.1 -3751.71 1406.04 11162.9 20106.6 -2950.38 13448.2 25223.1 -7.04416 8672 -5873.02 23706.6 18858.9 4129.63 19678.9 19002.4 20560.8 21925.3 -2187.8 17635.8 19620.2 16180.6 22179.6 -5631.56 17430.8 18288.4 7665.46
internal_weight=11450 1683 9767 1652 7630 2137 1045 607 5538 545 119 1407 500 2092 87 488 730 310 244 114 60 2526 130 55 75 66 1749 178 113 286
internal_count=11450 1683 9767 1652 7630 2137 1045 607 5538 545 119 1407 500 2092 87 488 730 310 244 114 60 2526 130 55 75 66 1749 178 113 286
is_linear=0
shrinkage=0.05


Tree=4
num_leaves=31
num_cat=0
split_feature=0 0 0 0 0 0 0 0 0 0 2 0 0 0 0 0 0 2 1 0 2 2 2 2 1 5 0 2 2 0
split_gain=1.65065e+14 1.94067e+13 1.60372e+13 1.10421e+13 4.74684e+12 2.87126e+12 2.12613e+12 1.34762e+12 1.06879e+12 3.17678e+11 3.15279e+11 2.71281e+11 2.51559e+11 2.41668e+11 2.00664e+11 1.88731e+11 1.86182e+11 1.38626e+11 9.13576e+10 1.08843e+11 1.72169e+11 1.04731e+11 2.22447e+11 2.05552e+11 1.10351e+11 1.12349e+11 1.24356e+11 9.04423e+10 7.91344e+10 7.4013e+10
threshold=1665.5000000000002 4561.5000000000009 1097.5000000000002 2885.5000000000005 805.50000000000011 1340.5000000000002 2054.5000000000005 3961.5000000000005 943.50000000000011 2292.5000000000005 484080.10000000003 3145.5000000000005 1224.5000000000002 1856.5000000000002 616.50000000000011 1014.5000000000001 4060.5000000000005 144059.95500000005 412792.13776554511 3726.0000000000005 404952.92999999999 465957.59000000003 492759.64000000001 406614.60000000003 415018.39334739919 1.5000000000000002 3568.5000000000005 69978.545000000013 199235.51500000004 1129.5000000000002
decision_type=2 2 2 2 2 2 2 2 2 2 2 2 2 2 2 2 2 2 2 2 2 2 2 2 2 2 2 2 2 2
left_child=2 3 4 6 14 12 13 11 -6 -8 16 -5 29 28 -1 -10 -9 -7 19 20 -13 23 -23 24 25 26 -20 -16 -2 -4
right_child=1 -3 5 7 8 17 9 10 15 -11 -12 18 -14 -15 27 -17 -18 -19 21 -21 -22 22 -24 -25 -26 -27 -28 -29 -30 -31
leaf_value=-6749.0669301202624 6246.2035580418697 53656.942741935483 -914.98573541844144 16370.970511363637 -3470.3393303756175 3533.3343946460359 11415.425817339252 18790.067578124999 -2500.7018245867589 13856.838751171419 27974.424759615387 19426.918641493055 1216.3685397300494 9405.707990359042 -5103.4121638391107 -1668.3224575733741 24615.823754882815 5141.0342593521727 18951.309749348959 17196.303085937499 25212.86994140625 23757.373000000003 16682.733359375001 16020.18325827206 21559.716852678572 20847.179309082032 14927.354089355469 -5853.1598589316191 7983.3070733475361 -31.882265063058902
leaf_weight=343 119 31 376 165 2961 553 241 24 1409 298 39 36 338 235 953 1318 32 177 48 20 20 25 20 85 35 32 32 696 146 643
leaf_count=343 119 31 376 165 2961 553 241 24 1409 298 39 36 338 235 953 1318 32 177 48 20 20 25 20 85 35 32 32 696 146 643
internal_value=1.53017e-06 14462.2 -2492.04 13726.7 -3548.22 1394.58 10586.8 19048.6 -2812.59 12765.2 24522.8 18044.6 34.3387 8238.4 -5648.74 -2098.4 22119.1 3923.15 18826.9 20362.5 21493.3 18405.6 20613.1 17977.4 19109.1 18343.3 17341.7 -5419.86 7203.25 -357.738
internal_weight=11450 1683 9767 1652 7680 2087 1039 613 5688 539 95 518 1357 500 1992 2727 56 730 353 76 56 277 45 232 147 112 80 1649 265 1019
internal_count=11450 1683 9767 1652 7680 2087 1039 613 5688 539 95 518 1357 500 1992 2727 56 730 353 76 56 277 45 232 147 112 80 1649 265 1019
is_linear=0
shrinkage=0.05


Tree=5
num_leaves=31
num_cat=0
split_feature=0 0 0 3 0 0 0 3 0 3 3 0 3 0 2 3 1 2 0 2 0 3 0 0 2 1 2 0 2 0
split_gain=1.48971e+14 1.75146e+13 1.44743e+13 1.00116e+13 4.23257e+12 2.6782e+12 1.93672e+12 1.28106e+12 8.82564e+11 2.97022e+11 2.46807e+11 2.39832e+11 2.28766e+11 2.02003e+11 2.00177e+11 1.92803e+11 1.88483e+11 1.86743e+11 1.47976e+11 1.58167e+11 1.1832e+11 1.10984e+11 1.53917e+11 2.84682e+11 1.35978e+11 2.232e+11 9.44781e+10 9.26434e+10 9.11559e+10 7.55624e+10
threshold=1665.5000000000002 4561.5000000000009 1092.5000000000002 2895.0000000000005 811.50000000000011 1340.5000000000002 2054.5000000000005 3895.0000000000005 959.50000000000011 2251.0000000000005 4167.5000000000009 1224.5000000000002 1937.5000000000002 616.50000000000011 484080.10000000003 1432.5000000000002 412792.13776554511 439155.53999999998 3267.5000000000005 439155.53999999998 1050.5000000000002 3136.5000000000005 3497.5000000000005 3425.0000000000005 406614.60000000003 414552.25179062638 465957.59000000003 798.50000000000011 199235.51500000004 1129.5000000000002
decision_type=2 2 2 2 2 2 2 2 2 2 2 2 2 2 2 2 2 2 2 2 2 2 2 2 2 2 2 2 2 2
left_child=2 3 4 6 13 11 12 16 -6 -8 14 29 28 -1 17 -7 18 -9 -5 -20 -10 -18 23 -23 25 -24 -26 -15 -2 -4
right_child=1 -3 5 7 8 15 9 10 20 -11 -12 -13 -14 27 -16 -17 21 -19 19 -21 -22 22 24 -25 26 -27 -28 -29 -30 -31
leaf_value=-6411.6136935131199 6125.0393961588543 50974.09375 -888.9091369664726 16883.291948341837 -3196.2628660396572 3196.766300904751 10784.781264250269 23475.189790482957 -2147.5239955789698 13144.211453961105 26553.586718750001 1155.5500246533275 9516.3275151606213 -5219.3489500048263 24993.316333912036 4972.2833325447291 15261.218608676323 17686.702693256579 22626.318098958334 17080.632929687501 -1362.7009662846638 17215.841055782712 15055.538281250001 23347.333899456524 13113.046093750001 21512.959867527174 16781.967257254462 -4102.0930633978824 7772.6444902918365 -30.288135021915704
leaf_weight=343 135 31 426 49 3228 512 233 22 1629 312 32 338 143 1538 27 218 123 38 36 20 681 107 32 23 47 23 28 211 222 643
leaf_count=343 135 31 426 49 3228 512 233 22 1629 312 32 338 143 1538 27 218 123 38 36 20 681 107 32 23 47 23 28 211 222 643
internal_value=2.43336e-06 13739 -2367.44 13040.3 -3386.1 1269.6 10073.8 18147.5 -2662.31 12135.5 22799 -5.38355 7826.48 -5302.14 21418 3726.99 17013.2 19809.1 18889.9 20645.7 -1916.15 16498.7 17084.1 18300.6 15867.6 17755.9 14482.8 -5084.56 7149.6 -372.451
internal_weight=11450 1683 9767 1652 7630 2137 1045 607 5538 545 119 1407 500 2092 87 730 488 60 105 56 2310 383 260 130 130 55 75 1749 357 1069
internal_count=11450 1683 9767 1652 7630 2137 1045 607 5538 545 119 1407 500 2092 87 730 488 60 105 56 2310 383 260 130 130 55 75 1749 357 1069
is_linear=0
shrinkage=0.05


Tree=6
num_leaves=31
num_cat=0
split_feature=0 0 0 3 0 0 0 3 0 3 3 3 0 0 2 3 2 3 0 2 0 0 2 2 0 2 3 0 3 5
split_gain=1.34446e+14 1.58069e+13 1.30637e+13 9.03543e+12 3.8714e+12 2.3383e+12 1.74789e+12 1.15615e+12 8.33453e+11 2.68062e+11 2.22743e+11 2.06461e+11 2.04791e+11 1.82307e+11 1.8066e+11 1.7436e+11 1.68536e+11 1.6816e+11 1.62507e+11 1.38736e+11 1.03949e+11 8.36106e+10 8.22682e+10 8.13003e+10 1.05064e+11 7.10124e+10 7.02071e+10 1.21307e+11 1.12544e+11 1.1006e+11
threshold=1665.5000000000002 4561.5000000000009 1097.5000000000002 2895.0000000000005 811.50000000000011 1340.5000000000002 2054.5000000000005 3895.0000000000005 941.50000000000011 2251.0000000000005 4167.5000000000009 1937.5000000000002 1224.5000000000002 616.50000000000011 484080.10000000003 1458.5000000000002 439155.53999999998 3176.5000000000005 1014.5000000000001 406614.60000000003 3497.5000000000005 798.50000000000011 199235.51500000004 336807.43500000006 2982.5000000000005 69978.545000000013 3695.5000000000005 3568.5000000000005 3374.0000000000005 1.0000000180025095e-35
decision_type=2 2 2 2 2 2 2 2 2 2 2 2 2 2 2 2 2 2 2 2 2 2 2 2 2 2 2 2 2 2
left_child=2 3 4 6 13 12 11 17 -6 -8 14 22 -4 -1 16 -7 -9 23 -10 26 -21 25 -2 -5 -25 -15 27 28 29 -19
right_child=1 -3 5 7 8 15 9 10 18 -11 -12 -13 -14 21 -16 -17 -18 19 -20 20 -22 -23 -24 24 -26 -27 -28 -29 -30 -31
leaf_value=-6091.0328193330906 5818.7875970119903 48425.388810483877 -322.49549729456731 13528.730787259618 -3124.5483784535663 3074.1170073721346 10245.542197559014 22301.430308948868 -2264.9187152432783 12487.0007614527 25225.907885742188 9040.5111826649918 1097.7725970973631 -4664.2055761829852 23743.650679976854 4820.5866742882363 16802.367290296053 13581.8525390625 -1500.1930833864285 17849.449599358977 14792.906697003868 -3896.9884023946611 7384.0123350951053 18404.474372209821 14873.064191176472 -5350.7648886511288 19958.107925907258 14006.982481317937 19879.250390625002 17934.888649764151
leaf_weight=343 135 31 1019 65 2801 535 233 22 1469 312 32 143 338 879 27 195 38 20 1318 39 97 211 222 28 85 659 31 23 47 53
leaf_count=343 135 31 1019 65 2801 535 233 22 1469 312 32 143 338 879 27 195 38 20 1318 39 97 211 222 28 85 659 31 23 47 53
internal_value=-1.45077e-06 13052.1 -2249.07 12388.3 -3202.31 1258.79 9570.08 17240.1 -2515.44 11528.7 21659.1 7435.16 31.2632 -5037.04 20347.1 3540.64 18818.7 16162.5 -1903.27 16865.8 15669.4 -4830.33 6792.12 14937.7 15748.1 -4958.38 17801 17333.4 17970.9 16742.3
internal_weight=11450 1683 9767 1652 7680 2087 1045 607 5588 545 119 500 1357 2092 87 730 60 488 2787 310 136 1749 357 178 113 1538 174 143 120 73
internal_count=11450 1683 9767 1652 7680 2087 1045 607 5588 545 119 500 1357 2092 87 730 60 488 2787 310 136 1749 357 178 113 1538 174 143 120 73
is_linear=0
shrinkage=0.05


Tree=7
num_leaves=31
num_cat=0
split_feature=3 3 4 3 3 4 3 3 3 4 3 7 3 4 3 4 4 4 3 3 3 1 3 3 3 4 1 1 3 3
split_gain=1.1982e+14 1.43156e+13 9.66194e+12 7.9626e+12 1.44477e+12 1.40124e+12 1.38005e+12 1.19979e+12 2.00486e+12 1.06948e+12 9.91747e+11 7.43562e+11 4.62887e+11 4.57995e+11 5.17578e+11 4.12329e+11 3.73932e+11 3.73426e+11 3.30726e+11 3.27082e+11 2.55732e+11 2.03278e+11 1.91239e+11 1.86803e+11 1.73437e+11 1.07444e+11 9.332e+10 8.44943e+10 1.48548e+11 8.87434e+10
threshold=1678.5000000000002 4794.5000000000009 180.03030303030306 2925.5000000000005 4097.0000000000009 145.21028037383181 2010.5000000000002 110.50000000000001 93.500000000000014 211.40209790209795 140.50000000000003 1.0000000180025095e-35 211.50000000000003 77.308411214953281 1.0000000180025095e-35 68.959501557632407 99.623040752351116 114.50495798111011 1272.5000000000002 2251.0000000000005 3895.0000000000005 412792.13776554511 4297.0000000000009 255.50000000000003 166.50000000000003 133.23831775700938 414084.51116280892 415018.39334739919 3795.5000000000005 3637.5000000000005
decision_type=2 2 2 2 2 2 2 2 2 2 2 2 2 2 2 2 2 2 2 2 2 2 2 2 2 2 2 2 2 2
left_child=2 3 5 6 20 7 -2 8 13 18 -9 12 -7 14 -1 -16 -10 -12 -4 -8 21 -5 26 -11 -19 -26 -6 28 -23 -29
right_child=1 -3 9 4 22 11 19 10 16 23 17 -13 -14 -15 15 -17 -18 24 -20 -21 -22 27 -24 -25 25 -27 -28 29 -30 -31
leaf_value=-485.86632932838825 7048.1863375521079 53728.145089285717 201.23188174352791 17498.343845663268 19477.245546875001 -2113.596348711761 9578.7402971274951 -4990.6258345934148 -151.31939632781308 3004.7354623757451 -4825.3386832223814 4910.0399500066587 -468.39435571206587 -1879.8267507084083 -4722.5653891490592 -2941.8769931385955 3024.7051630147303 -3592.5197079084073 2826.0300746588059 11934.596359662868 18801.200313683712 14877.056286427332 27792.922842261905 4909.2694426514381 -2996.792814134491 -2225.894351708399 24196.306871448865 15425.884241961052 10907.534239783654 19208.510058593751
leaf_weight=141 381 21 463 98 20 1539 263 930 407 257 284 44 592 793 550 795 120 684 162 335 66 252 21 258 1034 803 22 69 26 20
leaf_count=141 381 21 463 98 20 1539 263 930 407 257 284 44 592 793 550 795 120 684 162 335 66 252 21 258 1034 803 22 69 26 20
internal_value=9.51764e-06 12718.5 -2056.96 12171 16738.1 -2623.12 9400.06 -2988.7 -2207.43 2271.75 -3575.65 -1523.71 -1656.55 -2850.12 -3367.91 -3670.04 571.874 -3106.51 881.58 10898.5 15888.7 15475.3 23897.1 3958.85 -2912.88 -2659.81 21949.1 14935.1 14505.8 16275.9
internal_weight=11450 1594 9856 1573 594 8716 979 6541 2806 1140 3735 2175 2131 2279 1486 1345 527 2805 625 598 531 465 63 515 2521 1837 42 367 278 89
internal_count=11450 1594 9856 1573 594 8716 979 6541 2806 1140 3735 2175 2131 2279 1486 1345 527 2805 625 598 531 465 63 515 2521 1837 42 367 278 89
is_linear=0
shrinkage=0.05


Tree=8
num_leaves=31
num_cat=0
split_feature=0 0 0 0 0 0 0 0 0 2 0 0 0 0 0 0 2 0 2 2 0 2 0 1 1 0 2 2 2 2
split_gain=1.09602e+14 1.28966e+13 1.07082e+13 7.30951e+12 3.50919e+12 1.4155e+12 1.36078e+12 9.15667e+11 8.93599e+11 2.39444e+11 2.20456e+11 1.9232e+11 1.83266e+11 1.74358e+11 1.59924e+11 1.41631e+11 9.83767e+10 9.28144e+10 7.49065e+10 7.44667e+10 6.65415e+10 6.41301e+10 6.22187e+10 6.48802e+10 6.1889e+10 9.93936e+10 1.58982e+11 9.22366e+10 2.0569e+11 1.60273e+11
threshold=1665.5000000000002 4561.5000000000009 1129.5000000000002 2885.5000000000005 811.50000000000011 2054.5000000000005 1340.5000000000002 959.50000000000011 3961.5000000000005 484080.10000000003 2292.5000000000005 3145.5000000000005 1056.5000000000002 1856.5000000000002 616.50000000000011 4060.5000000000005 170008.82500000004 1224.5000000000002 69978.545000000013 70025.675000000003 1411.0000000000002 380710.7900000001 2508.5000000000005 414084.51116280892 412792.13776554511 3726.0000000000005 404952.92999999999 465957.59000000003 492759.64000000001 406614.60000000003
decision_type=2 2 2 2 2 2 2 2 2 2 2 2 2 2 2 2 2 2 2 2 2 2 2 2 2 2 2 2 2 2
left_child=2 3 4 5 14 13 17 19 11 15 -7 -5 -9 -2 -1 -10 20 -4 -16 -6 -8 22 23 -12 25 26 -13 29 -29 -26
right_child=1 -3 6 8 7 10 16 12 9 -11 21 24 -14 -15 18 -17 -18 -19 -20 -21 -22 -23 -24 -25 27 -27 -28 28 -30 -31
leaf_value=-5542.7976579582728 5834.9814712985062 43736.022127016127 -7.2736182680026191 13288.31149206913 -2515.2979015611054 9283.4367080118664 2135.3806109198208 -1816.6635348372067 14974.40908203125 22980.714257812502 13432.44978806516 15714.980202907987 -969.36992928318728 7705.7443980115531 -4086.0466435131962 20055.557421875001 4670.3233254023962 1016.1332356388048 -4749.9916785322812 -2995.9898940176868 3283.9769173301465 13641.020383029514 10515.504530008129 10857.284470741422 15606.86571534864 13594.414130859375 21274.938095703124 20104.574734375001 13301.615175781251 12879.298212316178
leaf_weight=343 265 31 643 165 1679 241 174 1722 24 39 47 36 1014 235 1022 32 98 338 727 1549 458 27 173 51 147 20 20 25 20 85
leaf_count=343 265 31 643 165 1679 241 174 1722 24 39 47 36 1014 235 1022 32 98 338 727 1549 458 27 173 51 147 20 20 25 20 85
internal_value=-5.18341e-06 11784.6 -2030.66 11185 -2793.64 8630.38 1561.71 -2175.59 15515 19972.8 10407.9 14697.5 -1502.64 6714.24 -4555.62 17877.9 3196.31 345.338 -4362.03 -2745.96 2967.75 11317.2 11085.7 12092.3 15356.2 16620.1 17700.7 15009.4 17081 14607.5
internal_weight=11450 1683 9767 1652 8056 1039 1711 5964 613 95 539 518 2736 500 2092 56 730 981 1749 3228 632 298 271 98 353 76 56 277 45 232
internal_count=11450 1683 9767 1652 8056 1039 1711 5964 613 95 539 518 2736 500 2092 56 730 981 1749 3228 632 298 271 98 353 76 56 277 45 232
is_linear=0
shrinkage=0.05


Tree=9
num_leaves=31
num_cat=0
split_feature=0 3 0 3 0 0 0 3 0 3 0 0 0 2 3 3 3 1 0 0 1 2 2 2 0 1 0 3 3 2
split_gain=9.89158e+13 1.20638e+13 9.66411e+12 7.08382e+12 3.16704e+12 1.28946e+12 1.22811e+12 1.17889e+12 8.2639e+11 2.37822e+11 2.34328e+11 1.65398e+11 1.44332e+11 1.43735e+11 1.41073e+11 1.36213e+11 1.29665e+11 1.57579e+11 1.64157e+11 2.19392e+11 1.1425e+11 1.98562e+11 1.1365e+11 9.01749e+10 8.7583e+10 8.47466e+10 8.3765e+10 7.53865e+10 7.34587e+10 6.76032e+10
threshold=1665.5000000000002 4794.5000000000009 1129.5000000000002 2895.0000000000005 811.50000000000011 2028.5000000000002 1340.5000000000002 4097.0000000000009 959.50000000000011 3224.0000000000005 2292.5000000000005 1056.5000000000002 616.50000000000011 199235.51500000004 4297.0000000000009 1432.5000000000002 3895.0000000000005 412792.13776554511 3497.5000000000005 3425.0000000000005 414552.25179062638 406614.60000000003 439155.53999999998 336807.43500000006 2982.5000000000005 414084.51116280892 1224.5000000000002 1937.5000000000002 4012.5000000000005 69978.545000000013
decision_type=2 2 2 2 2 2 2 2 2 2 2 2 2 2 2 2 2 2 2 2 2 2 2 2 2 2 2 2 2 2
left_child=2 3 4 5 12 13 26 9 -6 23 -7 -10 -1 -2 25 -8 17 22 19 -19 -20 -22 -11 -5 -25 -9 -4 -15 -18 -14
right_child=1 -3 6 7 8 10 15 14 11 16 -12 -13 29 27 -16 -17 28 18 20 -21 21 -23 -24 24 -26 -27 -28 -29 -30 -31
leaf_value=-5265.6577401831273 4959.9108945677881 48854.936904761911 -6.9099337778046932 11389.569842263927 -2608.6663137189371 8729.3726831609565 2590.8306286484003 17420.163789062499 -1725.830353097218 18314.787809641766 10743.647244824861 -920.90143813033546 -3881.7443017840155 6341.5216730822322 24794.890699404765 4083.2044729250288 18187.849733664774 14175.888502956081 11207.076251921108 19766.851902173916 17970.459744395379 12280.624562669836 13717.381176757814 16102.588473946709 12948.906254740596 21917.23308771307 965.32653175670021 8012.4192947230395 14649.29462002841 -4512.4921125115525
leaf_weight=343 147 21 643 69 3228 275 512 20 1722 41 304 1014 1022 222 21 218 44 74 61 23 23 46 20 28 103 22 338 97 22 727
leaf_count=343 147 21 643 69 3228 275 512 20 1722 41 304 1014 1022 222 21 218 44 74 61 23 23 46 20 28 103 22 338 97 22 727
internal_value=-4.01559e-06 11195.4 -1929.13 10719.5 -2653.96 8211.27 1483.62 14967.7 -2066.81 14230.7 9786.95 -1427.51 -4327.84 6253.5 21448.8 3036.5 15009.4 14551.3 13945 15501.6 12783.5 14177.2 16807.4 12852.5 13623 19775.8 328.071 6849.6 17008.3 -4143.92
internal_weight=11450 1683 9767 1662 8056 1045 1711 617 5964 554 579 2736 2092 466 63 730 354 288 227 97 130 69 61 200 131 42 981 319 66 1749
internal_count=11450 1683 9767 1662 8056 1045 1711 617 5964 554 579 2736 2092 466 63 730 354 288 227 97 130 69 61 200 131 42 981 319 66 1749
is_linear=0
shrinkage=0.05


Tree=10
num_leaves=31
num_cat=0
split_feature=0 3 0 3 0 0 0 3 0 0 0 3 1 3 3 3 2 0 1 1 3 3 5 3 5 3 3 2 0 2
split_gain=8.92715e+13 1.08876e+13 8.7221e+12 6.40152e+12 2.34804e+12 1.92554e+12 1.23459e+12 1.02566e+12 4.60593e+11 2.26751e+11 1.95864e+11 1.92831e+11 1.6024e+11 1.48453e+11 1.27318e+11 1.22932e+11 1.09403e+11 1.07795e+11 7.64838e+10 7.34882e+10 1.32309e+11 7.68374e+10 1.36121e+11 7.23001e+10 1.19142e+11 7.59511e+10 1.46155e+11 6.75376e+10 6.72084e+10 1.24933e+11
threshold=1665.5000000000002 4794.5000000000009 1072.5000000000002 2925.5000000000005 801.50000000000011 1340.5000000000002 2054.5000000000005 4097.0000000000009 941.50000000000011 1173.5000000000002 2292.5000000000005 3895.0000000000005 412792.13776554511 1880.0000000000002 4297.0000000000009 1432.5000000000002 380710.7900000001 616.50000000000011 414084.51116280892 415018.39334739919 3795.5000000000005 3637.5000000000005 1.0000000180025095e-35 3136.5000000000005 1.5000000000000002 3518.5000000000005 3374.0000000000005 242948.50000000003 3267.5000000000005 439155.53999999998
decision_type=2 2 2 2 2 2 2 2 2 2 2 2 2 2 2 2 2 2 2 2 2 2 2 2 2 2 2 2 2 2
left_child=2 3 4 6 17 9 13 11 -6 -4 -8 12 28 27 18 -7 -12 -1 -9 20 23 22 -21 24 -14 26 -25 -2 -5 -30
right_child=1 -3 5 7 8 15 10 14 -10 -11 16 -13 19 -15 -16 -17 -18 -19 -20 21 -22 -23 -24 25 -26 -27 -28 -29 29 -31
leaf_value=-5002.3747893130467 5006.8712706284005 46412.191220238099 -563.20342534536871 13554.071149553572 -2582.3153862317831 2461.2890799283982 8382.7961450600542 16549.15554199219 -1649.3608595238084 654.84951852456288 9944.7837728003942 16157.914876671995 13019.727349384015 7053.4262074871604 23555.145907738097 3879.0442383932409 12903.027571149554 -4025.047737024895 20821.371174760301 10109.053233271061 8993.9751051682688 16769.475639648441 14820.063060461958 12735.87685546875 9142.0988006591797 12017.479211055872 16650.550262129935 7245.8254619891832 17960.25124511719 13031.512011718751
leaf_weight=343 247 21 1189 42 2960 512 241 20 2392 563 292 66 52 214 21 218 35 1590 22 23 26 20 46 64 32 66 38 39 36 20
leaf_count=343 247 21 1189 42 2960 512 241 20 2392 563 292 66 52 214 21 218 35 1590 22 23 26 20 46 64 32 66 38 39 36 20
internal_value=-1.47769e-05 10635.6 -1832.67 10183.6 -2704.81 727.173 7869.34 14344.5 -2165.34 -171.786 9464.33 13628.8 13269.8 6057.44 20376.4 2884.67 10261.4 -4198.47 18787 12790.2 12389.9 14040.7 13249.7 12740.3 11542.5 13339.1 14194.3 5312.18 15066 16200
internal_weight=11450 1683 9767 1662 7285 2482 1068 594 5352 1752 568 531 465 500 63 730 327 1933 42 367 278 89 69 252 84 168 102 286 98 56
internal_count=11450 1683 9767 1662 7285 2482 1068 594 5352 1752 568 531 465 500 63 730 327 1933 42 367 278 89 69 252 84 168 102 286 98 56
is_linear=0
shrinkage=0.05


Tree=11
num_leaves=31
num_cat=0
split_feature=0 3 0 3 0 0 0 3 0 0 3 1 3 0 0 3 3 2 2 0 1 1 3 3 5 3 3 5 3 3
split_gain=8.05675e+13 9.82601e+12 7.89726e+12 5.77737e+12 2.58203e+12 1.11422e+12 9.93119e+11 9.25654e+11 6.79732e+11 1.76767e+11 1.7403e+11 1.44617e+11 1.3601e+11 1.31567e+11 1.17062e+11 1.14905e+11 1.11568e+11 1.07121e+11 9.87366e+10 6.92557e+10 6.90267e+10 6.63231e+10 1.19409e+11 6.93457e+10 1.22849e+11 6.62965e+10 6.52841e+10 1.19082e+11 7.94848e+10 1.179e+11
threshold=1665.5000000000002 4794.5000000000009 1129.5000000000002 2925.5000000000005 811.50000000000011 2054.5000000000005 1340.5000000000002 4097.0000000000009 999.50000000000011 2292.5000000000005 3895.0000000000005 412792.13776554511 1937.5000000000002 941.50000000000011 616.50000000000011 4297.0000000000009 1406.5000000000002 69015.050000000003 380710.7900000001 1224.5000000000002 414084.51116280892 415018.39334739919 3795.5000000000005 3637.5000000000005 1.0000000180025095e-35 4012.5000000000005 3176.5000000000005 1.5000000000000002 3518.5000000000005 3374.0000000000005
decision_type=2 2 2 2 2 2 2 2 2 2 2 2 2 2 2 2 2 2 2 2 2 2 2 2 2 2 2 2 2 2
left_child=2 3 4 5 14 12 19 10 13 -7 11 -5 -2 -6 -1 20 -8 -15 -11 -4 -9 22 26 24 -23 -12 27 -13 29 -28
right_child=1 -3 6 7 8 9 16 15 -10 18 25 21 -14 17 -16 -17 -18 -19 -20 -21 -22 23 -24 -25 -26 -27 28 -29 -30 -31
leaf_value=-4752.2560561110613 5232.6425328230662 44091.580654761907 0.28455220366340034 14312.722076416016 -2426.4505206121371 7963.6562148351404 2305.1514138127936 15721.697434082031 -1099.9751466234381 9447.5446502685554 16470.561571780119 12351.862993706598 7057.5408882621286 -1136.9832925119708 -3742.0339448173095 22377.389136904763 3618.2115338033882 -2134.345619556319 12257.876180245536 884.31777904442788 19780.302716619321 9603.6004787279217 8544.2763521634606 15931.00158935547 14079.059866465694 13108.934193004261 12154.036222956733 8644.1941028941765 11416.60546283144 15818.022656250001
leaf_weight=343 357 21 643 98 2801 241 488 20 1949 292 44 63 143 403 1749 21 242 811 35 338 22 23 26 20 46 22 52 33 66 38
leaf_count=343 357 21 643 98 2801 241 488 20 1949 292 44 63 143 403 1749 21 242 811 35 338 22 23 26 20 46 22 52 33 66 38
internal_value=6.15572e-06 10103.8 -1741.04 9674.38 -2396.27 7475.87 1344.01 13627.2 -1866.11 8991.11 12947.4 12606.4 5754.56 -2238.02 -3907.67 19357.6 2740.44 -1803.26 9748.34 304.875 17847.6 12150.7 11770.4 13338.6 12587.2 15350 12103.2 11077.4 12734.6 13701.1
internal_weight=11450 1683 9767 1662 8056 1068 1711 594 5964 568 531 465 500 4015 2092 63 730 1214 327 981 42 367 278 89 69 66 252 96 156 90
internal_count=11450 1683 9767 1662 8056 1068 1711 594 5964 568 531 465 500 4015 2092 63 730 1214 327 981 42 367 278 89 69 66 252 96 156 90
is_linear=0
shrinkage=0.05


Tree=12
num_leaves=31
num_cat=0
split_feature=0 3 0 3 0 0 0 3 0 3 3 2 0 3 3 0 0 2 3 2 2 3 2 2 2 2 3 2 3 0
split_gain=7.27122e+13 8.86798e+12 7.14177e+12 5.21408e+12 2.09678e+12 1.28569e+12 1.00558e+12 8.35403e+11 4.80661e+11 1.61112e+11 1.57062e+11 1.25756e+11 1.2549e+11 1.03701e+11 1.01667e+11 9.43024e+10 9.07011e+10 9.01336e+10 7.93569e+10 1.14096e+11 9.4727e+10 1.25827e+11 7.91534e+10 7.65318e+10 6.61646e+10 6.6095e+10 6.58816e+10 6.43314e+10 6.01143e+10 1.10902e+11
threshold=1665.5000000000002 4794.5000000000009 1092.5000000000002 2925.5000000000005 801.50000000000011 1340.5000000000002 2054.5000000000005 4097.0000000000009 941.50000000000011 2251.0000000000005 3895.0000000000005 199235.51500000004 1173.5000000000002 4297.0000000000009 1458.5000000000002 521.00000000000011 1014.5000000000001 380710.7900000001 3224.0000000000005 406614.60000000003 465957.59000000003 3741.0000000000005 492759.64000000001 439155.53999999998 87204.955000000016 69978.545000000013 1902.5000000000002 259409.34 3695.5000000000005 3568.5000000000005
decision_type=2 2 2 2 2 2 2 2 2 2 2 2 2 2 2 2 2 2 2 2 2 2 2 2 2 2 2 2 2 2
left_child=2 3 4 6 15 12 11 10 -6 27 18 -2 -4 -9 -7 -1 -10 -11 -5 28 21 23 -22 -21 -14 -17 -13 -8 29 -20
right_child=1 -3 5 7 8 14 9 13 16 17 -12 26 24 -15 -16 25 -18 -19 19 20 22 -23 -24 -25 -26 -27 -28 -29 -30 -31
leaf_value=-5981.000952148438 4249.7809576047348 41887.000372023816 -368.26491162630055 11142.842291501147 -2328.3436826439001 2247.1807583832074 8402.8329308312223 16955.251842389789 -1676.5187307375968 8963.7090328063969 14582.518186257103 5330.8754271797516 -73.736193416578359 21258.518898809525 3580.7861923452529 -3479.4713295677302 -1099.2964239975634 11644.982438616073 13640.522137207032 13885.174534179687 15541.898630487352 7709.7301513671882 11296.11664375637 10304.078386296453 1034.5331134437113 -4077.4663568310907 6702.5101145281769 6739.3509229316087 15384.1798304404 9789.921008300782
leaf_weight=48 149 21 844 177 2960 535 111 42 1469 300 66 184 223 21 195 1074 1268 35 100 25 21 28 23 37 340 811 167 122 31 23
leaf_count=48 149 21 844 177 2960 535 111 42 1469 300 66 184 223 21 195 1074 1268 35 100 25 21 28 23 37 340 811 167 122 31 23
internal_value=-1.22638e-05 9598.63 -1653.99 9190.66 -2369.53 900.785 7102.08 12945.9 -1886.71 8541.55 12300 5466.84 17.4005 18389.7 2603.42 -3792.48 -1409.1 9243.84 11976 12488.1 11421.2 10491.7 13322.5 11748.1 595.556 -3736.75 5983.48 7531.83 13416.4 12920.5
internal_weight=11450 1683 9767 1662 7630 2137 1068 594 5697 568 531 500 1407 63 730 1933 2737 335 465 288 134 90 44 62 563 1885 351 233 154 123
internal_count=11450 1683 9767 1662 7630 2137 1068 594 5697 568 531 500 1407 63 730 1933 2737 335 465 288 134 90 44 62 563 1885 351 233 154 123
is_linear=0
shrinkage=0.05


Tree=13
num_leaves=31
num_cat=0
split_feature=2 2 2 2 4 4 2 2 8 4 7 4 4 2 12 4 2 2 2 2 4 4 2 12 4 2 4 8 7 4
split_gain=6.54201e+13 8.2158e+12 4.74989e+12 4.62248e+12 1.04341e+12 6.37852e+11 6.31821e+11 5.24233e+11 2.36402e+11 2.90662e+11 3.35312e+11 5.12778e+11 2.19784e+11 1.92565e+11 3.06807e+11 1.85626e+11 1.64938e+11 1.24649e+11 1.06261e+11 1.15602e+11 9.32703e+10 8.71391e+10 8.63505e+10 1.26798e+11 8.0525e+10 6.60207e+10 6.34691e+10 7.38566e+10 6.00193e+10 2.26682e+11
threshold=170008.82500000004 577367.92500000005 81406.090000000011 320604.37000000005 201.86713286713291 142.65887850467291 465957.59000000003 259409.34 1.0000000180025095e-35 68.274143302180704 1.0000000180025095e-35 114.50495798111011 197.64335664335667 110805.58500000001 1.0000000180025095e-35 81.233644859813097 362588.28000000009 88058.635000000024 406614.60000000003 389390.33000000002 89.423076923076948 136.11682242990656 199235.51500000004 1.0000000180025095e-35 115.20275044002084 380710.7900000001 163.54836285210121 1.0000000180025095e-35 1.0000000180025095e-35 99.623040752351116
decision_type=2 2 2 2 2 2 2 2 2 2 2 2 2 2 2 2 2 2 2 2 2 2 2 2 2 2 2 2 2 2
left_child=2 3 5 7 13 8 16 22 9 -1 11 -11 26 14 28 -12 -5 -6 19 25 -17 -10 23 -2 -16 -18 27 -7 -4 -30
right_child=1 -3 4 6 17 12 -8 -9 21 10 15 -13 -14 -15 24 20 18 -19 -20 -21 -22 -23 -24 -25 -26 -27 -28 -29 29 -31
leaf_value=-3422.86778045139 7868.486952718099 39380.840092329548 -391.91685842744812 9672.2269189131894 1184.6810980545847 -1113.7780835445287 15035.18050711407 7798.0269063313799 -3590.9118287421879 -3659.2298291910975 -1978.499111354181 -2082.7597856737971 1625.1201806430161 834.40803506896486 -4227.7604940878382 -1098.139488705239 11795.753578148819 2886.7208700428837 10582.595021641406 13493.906422856169 933.69020470252406 -2524.0751090582489 5866.2628138113723 3934.9890999930249 -1685.5624068206944 8928.8659566243496 -996.97054022685302 -1907.167725919556 -277.35128431967229 2371.7929637468087
leaf_weight=533 24 22 686 152 152 419 123 423 563 739 1224 1708 58 379 37 431 123 368 158 106 65 290 414 140 197 24 469 978 339 106
leaf_count=533 24 22 686 152 152 419 123 423 563 739 1224 1708 58 379 37 431 123 368 158 106 65 290 414 140 197 24 469 978 339 106
internal_value=-4.0146e-06 9023.05 -1583.04 8627.16 423.443 -2190.59 11788.7 6460.48 -2462.43 -2323.45 -2182.82 -2558.86 -1406.03 -162.677 -439.524 -1647.84 11079.5 2389.2 11599.9 12235.3 -831.871 -3228.21 5481.62 4510.62 -2087.53 11327.7 -1500.25 -1669.21 -98.5561 353.681
internal_weight=11450 1709 9741 1687 2264 7477 686 1001 5553 4700 4167 2447 1924 1744 1365 1720 563 520 411 253 496 853 578 164 234 147 1866 1397 1131 445
internal_count=11450 1709 9741 1687 2264 7477 686 1001 5553 4700 4167 2447 1924 1744 1365 1720 563 520 411 253 496 853 578 164 234 147 1866 1397 1131 445
is_linear=0
shrinkage=0.05


Tree=14
num_leaves=31
num_cat=0
split_feature=0 3 0 3 0 0 0 3 0 3 3 0 0 3 3 5 3 5 0 3 5 5 3 5 0 0 3 0 0 0
split_gain=5.9322e+13 7.46152e+12 5.85363e+12 4.24815e+12 1.56615e+12 1.26298e+12 8.29078e+11 6.90276e+11 3.19642e+11 1.63806e+11 1.53165e+11 1.49026e+11 8.38286e+10 8.07516e+10 8.04664e+10 7.70139e+10 7.53098e+10 6.4363e+10 5.2368e+10 1.61097e+11 4.9407e+10 4.70551e+10 1.76011e+11 3.90247e+10 3.70419e+10 3.4208e+10 3.23713e+10 3.18619e+10 3.07336e+10 3.06052e+10
threshold=1665.5000000000002 4794.5000000000009 1072.5000000000002 2925.5000000000005 798.50000000000011 1340.5000000000002 2028.5000000000002 3960.5000000000005 941.50000000000011 4297.0000000000009 2251.0000000000005 1173.5000000000002 568.50000000000011 1880.0000000000002 1406.5000000000002 1.5000000000000002 3224.0000000000005 1.0000000180025095e-35 3497.5000000000005 3429.5000000000005 1.0000000180025095e-35 1.0000000180025095e-35 3695.5000000000005 1.5000000000000002 1011.5000000000001 851.50000000000011 3695.5000000000005 1129.5000000000002 732.50000000000011 2982.5000000000005
decision_type=2 2 2 2 2 2 2 2 2 2 2 2 2 2 2 2 2 2 2 2 2 2 2 2 2 2 2 2 2 2
left_child=2 3 4 6 12 11 13 16 25 15 -8 27 -1 -2 -7 17 29 -9 19 20 -18 22 -20 -23 -10 -6 -25 -4 -14 -5
right_child=1 -3 5 7 8 14 10 9 24 -11 -12 -13 28 -15 -16 -17 18 -19 21 -21 -22 23 -24 26 -26 -27 -28 -29 -30 -31
leaf_value=-4576.8041478207242 4304.8953383652479 38287.337723214288 -632.81917989015892 11320.916176243833 -2351.305439183519 1980.7852535810628 6742.7800064015482 15572.846286621094 -1506.7618000569348 19280.538281249999 8348.133351868586 545.22922081379863 -3549.2914566503432 5656.7169318474662 3095.9042739237639 16452.534974196864 9306.7926504629631 12052.30224832071 9125.5167730712892 15279.017641129034 11875.761033555329 9399.5625241234193 14344.690327845983 12556.788607910157 -1105.9570764277003 -1996.5838065197354 10240.147143554688 -90.71634831953277 -3126.7472778159008 9719.6819996346676
leaf_weight=152 286 21 771 38 1036 488 267 20 1423 21 335 563 922 180 242 29 27 37 30 31 61 63 35 25 969 1976 38 418 807 139
leaf_count=152 286 21 771 38 1036 488 267 20 1423 21 335 563 922 180 242 29 27 37 30 31 61 63 35 25 969 1976 38 418 807 139
internal_value=3.40386e-06 8669.89 -1493.95 8295.67 -2208.43 603.132 6410.45 11685.3 -1775.91 15321.6 7636.12 -124.92 -3451.04 4827.06 2350.45 14354.8 10886.3 13287.6 11356.1 12179.4 11087.6 10843.2 11935.8 10279.5 -1344.4 -2118.59 11159.4 -442.24 -3352.07 10063.4
internal_weight=11450 1683 9767 1662 7285 2482 1068 594 5404 107 602 1752 1881 466 730 86 487 57 310 119 88 191 65 126 2392 3012 63 1189 1729 177
internal_count=11450 1683 9767 1662 7285 2482 1068 594 5404 107 602 1752 1881 466 730 86 487 57 310 119 88 191 65 126 2392 3012 63 1189 1729 177
is_linear=0
shrinkage=0.05


Tree=15
num_leaves=31
num_cat=0
split_feature=0 2 0 0 0 0 0 0 0 0 0 0 2 1 1 0 2 1 2 5 2 0 0 5 2 2 2 2 0 2
split_gain=5.35381e+13 6.85802e+12 5.28299e+12 3.7621e+12 1.43381e+12 1.11109e+12 7.03024e+11 6.73099e+11 2.91885e+11 1.2827e+11 1.26877e+11 1.18137e+11 9.84089e+10 1.40311e+11 1.03824e+11 9.10281e+10 8.91278e+10 1.00731e+11 8.77387e+10 8.22686e+10 1.03174e+11 7.98084e+10 6.58769e+10 6.01922e+10 5.94479e+10 5.93539e+10 5.77598e+10 5.77054e+10 7.69218e+10 5.06152e+10
threshold=1665.5000000000002 577367.92500000005 1075.5000000000002 2885.5000000000005 801.50000000000011 1340.5000000000002 2028.5000000000002 4060.5000000000005 941.50000000000011 1173.5000000000002 2292.5000000000005 3342.5000000000005 406614.60000000003 414552.25179062638 412792.13776554511 3568.5000000000005 465957.59000000003 414552.25179062638 199235.51500000004 1.5000000000000002 475400.56000000006 521.00000000000011 1411.0000000000002 1.5000000000000002 70025.675000000003 69978.545000000013 87204.955000000016 69015.050000000003 999.50000000000011 259409.34
decision_type=2 2 2 2 2 2 2 2 2 2 2 2 2 2 2 2 2 2 2 2 2 2 2 2 2 2 2 2 2 2
left_child=2 3 4 6 21 9 18 11 24 -4 -8 -5 13 14 -13 -16 17 23 -2 20 -18 -1 -7 -14 -6 -23 -11 -10 -29 -20
right_child=1 -3 5 7 8 22 10 -9 27 26 -12 12 16 -15 15 -17 19 -19 29 -21 -22 25 -24 -25 -26 -27 -28 28 -30 -31
leaf_value=-5270.4893758138023 3575.0353754783168 35969.656143465916 -404.86232672551273 9570.3031964649181 -1797.2002097111299 1393.3734928454385 6426.3242261629975 15420.536974767736 -855.53393486456173 -107.37127805803924 7915.5605903779106 13385.707425242457 9179.6259634164653 14641.007103849712 11971.844262695313 7840.5294952392578 13079.882685546876 7689.5492473991544 4763.9660455877129 14172.340342018821 8217.3685414632164 -2962.0917228396825 2501.6515489519616 12615.747590332032 -2246.7319222154506 -3528.7716352415732 928.116616749483 -1771.6000996278628 -1116.1480775301402 6431.2991512784101
leaf_weight=48 147 22 1137 261 1596 177 275 74 634 223 298 29 26 38 24 30 20 49 264 22 24 1074 553 25 1364 811 340 811 999 55
leaf_count=48 147 22 1137 261 1596 177 275 74 634 223 298 29 26 38 24 30 20 49 264 22 24 1074 553 25 1364 811 340 811 999 55
internal_value=1.37506e-06 8236.4 -1419.25 7869.07 -2088.48 601.369 6027.93 10944.6 -1670.44 -99.2427 7200.83 10340.1 11040.2 12124.7 10972.6 9676.67 10249.7 9308.52 4585.71 11675.8 10427.6 -3257.17 2232.93 10864 -2004.35 -3205.9 517.968 -1266.04 -1409.83 5051.44
internal_weight=11450 1683 9767 1661 7337 2430 1039 622 5404 1700 573 548 287 121 83 54 166 100 466 66 44 1933 730 51 2960 1885 563 2444 1810 319
internal_count=11450 1683 9767 1661 7337 2430 1039 622 5404 1700 573 548 287 121 83 54 166 100 466 66 44 1933 730 51 2960 1885 563 2444 1810 319
is_linear=0
shrinkage=0.05


Tree=16
num_leaves=31
num_cat=0
split_feature=0 2 0 0 0 0 0 0 0 2 0 2 0 2 2 0 0 2 0 2 1 1 5 2 2 0 0 2 1 0
split_gain=4.83181e+13 6.18937e+12 4.77601e+12 3.39636e+12 1.56607e+12 6.40072e+11 5.83554e+11 5.82199e+11 3.89176e+11 1.96588e+11 1.87934e+11 1.75153e+11 1.09066e+11 1.0664e+11 2.0492e+11 1.03351e+11 9.87145e+10 8.7683e+10 8.5068e+10 7.91842e+10 7.80123e+10 6.87703e+10 6.19638e+10 6.12634e+10 6.06186e+10 5.94539e+10 5.55509e+10 5.49288e+10 5.18919e+10 8.96166e+10
threshold=1665.5000000000002 577367.92500000005 1129.5000000000002 2811.0000000000005 817.50000000000011 3961.5000000000005 1340.5000000000002 2028.5000000000002 959.50000000000011 484080.10000000003 4170.0000000000009 458176.28999999998 3145.5000000000005 492759.64000000001 465957.59000000003 732.50000000000011 2292.5000000000005 406614.60000000003 1050.5000000000002 199235.51500000004 412792.13776554511 415018.39334739919 1.5000000000000002 70435.200000000026 70025.675000000003 1411.0000000000002 521.00000000000011 69600.955000000016 412792.13776554511 3568.5000000000005
decision_type=2 2 2 2 2 2 2 2 2 2 2 2 2 2 2 2 2 2 2 2 2 2 2 2 2 2 2 2 2 2
left_child=2 3 4 7 15 12 -4 19 24 10 11 -7 -5 14 17 26 -9 21 -10 -2 -19 22 28 -17 -6 -8 -1 -20 -14 -30
right_child=1 -3 6 5 8 9 25 16 18 -11 -12 -13 13 -15 -16 23 -18 20 27 -21 -22 -23 -24 -25 -26 -27 -28 -29 29 -31
leaf_value=-5006.9649780273439 3396.283570166348 34171.173792613634 254.30500928429652 8652.5120935921714 -1597.4173970569373 13213.676084761186 1323.7048577087749 6105.007977006393 -1224.4999704959278 16545.932786299541 15757.698412024458 6748.5558721923826 11165.121860843235 7038.8599496694724 14537.706747712029 -2403.9408827635439 7457.2926027693848 11563.395974004838 443.16184176843149 4798.8653572967442 8160.21215245864 12630.165878906249 11850.007857755336 -3188.6670576028387 -2038.7940057514841 2376.5690182897974 -3266.6674551653355 -769.27268782535884 10245.634094238281 6829.6675849914554
leaf_weight=48 147 22 981 198 1600 22 177 275 1629 41 23 20 36 26 27 763 265 21 103 319 85 35 41 369 1514 553 1026 1004 48 32
leaf_count=48 147 22 981 198 1600 22 177 275 1629 41 23 20 36 26 27 763 265 21 103 319 85 35 41 369 1514 553 1026 1004 48 32
internal_value=3.67924e-06 7824.58 -1348.29 7475.62 -1857.84 10277.6 1050.85 5651.24 -1429.75 13834.7 12124.6 10135 9590.83 10120.1 10366.6 -2993.09 6768.63 9988.72 -994.669 4356.42 8834.43 10626 10179.2 -2659.74 -1812.01 2121.29 -3344.45 -656.463 9588.66 8879.25
internal_weight=11450 1683 9767 1661 8056 655 1711 1006 5850 106 65 42 549 351 325 2206 540 298 2736 466 106 192 157 1132 3114 730 1074 1107 116 80
internal_count=11450 1683 9767 1661 8056 655 1711 1006 5850 106 65 42 549 351 325 2206 540 298 2736 466 106 192 157 1132 3114 730 1074 1107 116 80
is_linear=0
shrinkage=0.05


Tree=17
num_leaves=31
num_cat=0
split_feature=2 3 3 2 4 3 3 4 3 3 4 4 3 2 3 3 3 2 2 2 4 2 3 3 3 3 2 3 4 2
split_gain=4.34744e+13 5.85875e+12 3.24018e+12 3.17255e+12 6.90185e+11 6.09221e+11 4.98081e+11 4.176e+11 1.70696e+11 3.36093e+11 3.2768e+11 1.51981e+11 1.40404e+11 1.31472e+11 2.15822e+11 1.20085e+11 1.19888e+11 9.47022e+10 9.20238e+10 1.52548e+11 8.55362e+10 8.22562e+10 7.86864e+10 6.7509e+10 6.68608e+10 6.07457e+10 5.94554e+10 6.29749e+10 5.60902e+10 5.33797e+10
threshold=170008.82500000004 4794.5000000000009 2737.5000000000005 81406.090000000011 201.86713286713291 3895.0000000000005 2010.5000000000002 142.65887850467291 110.50000000000001 150.50000000000003 68.959501557632407 197.64335664335667 4297.0000000000009 110805.58500000001 294.50000000000006 3136.5000000000005 93.500000000000014 88058.635000000024 423973.67999999999 484080.10000000003 114.50495798111011 362588.28000000009 3842.5000000000005 2251.0000000000005 934.50000000000011 177.50000000000003 259409.34 299.50000000000006 77.993769470404999 68028.125000000015
decision_type=2 2 2 2 2 2 2 2 2 2 2 2 2 2 2 2 2 2 2 2 2 2 2 2 2 2 2 2 2 2
left_child=3 2 6 7 13 15 26 8 10 -10 -1 25 18 14 -5 21 28 -6 -7 -20 -11 -4 -17 -8 -16 -9 27 -2 -12 -27
right_child=1 -3 5 4 17 12 23 11 9 20 16 -13 -14 -15 24 22 -18 -19 19 -21 -22 -23 -24 -25 -26 29 -28 -29 -30 -31
leaf_value=-2693.6954777822102 6368.8715454101566 33602.44174107143 7332.2951397746601 -62.788174424864792 898.20534619783109 15055.699240722657 5766.3871946951285 -1423.3345194433186 -2941.866720905492 -2804.2128927832255 -1715.1349686019723 1368.399252529802 16462.404538690476 696.51507610633064 -2545.0627699470519 9744.1301344914591 29.98519657389323 2381.7682414345122 9441.1710609903148 13631.845532852567 -1768.319254274104 9208.1739237677193 6649.5854698874746 6947.5598934309819 -889.48636936679964 807.53190749148109 5712.0060825892861 3735.9872932307831 -1104.6594373291616 -949.56520077092046
leaf_weight=584 24 21 147 1121 152 20 263 1281 1117 222 870 58 21 379 120 310 150 368 49 39 1947 97 22 224 124 47 49 423 663 538
leaf_count=584 24 21 147 1121 152 20 263 1281 1117 222 870 58 21 379 120 310 150 368 49 39 1947 97 22 224 124 47 49 423 663 538
internal_value=6.045e-07 7355.54 7029.01 -1290.49 349.341 9615.74 5173.83 -1787.02 -2006.97 -2237.22 -1673.21 -1152.2 12721.6 -127.357 -356.109 8920.16 -1319.11 1948.11 11994.2 11298.4 -1874.34 8078.03 9539.07 6309.68 -1703.7 -1230.55 4058.6 3877.35 -1451.11 -808.397
internal_weight=11450 1709 1688 9741 2264 705 983 7477 5553 3286 2267 1924 129 1744 1365 576 1683 520 108 88 2169 244 332 487 244 1866 496 447 1533 585
internal_count=11450 1709 1688 9741 2264 705 983 7477 5553 3286 2267 1924 129 1744 1365 576 1683 520 108 88 2169 244 332 487 244 1866 496 447 1533 585
is_linear=0
shrinkage=0.05


Tree=18
num_leaves=31
num_cat=0
split_feature=0 3 0 3 0 0 0 3 0 2 3 2 0 3 0 3 2 2 1 0 2 3 0 2 0 1 5 2 2 3
split_gain=3.94152e+13 5.25496e+12 3.92504e+12 2.79181e+12 1.29259e+12 5.40316e+11 4.82438e+11 4.40674e+11 3.19257e+11 1.31581e+11 1.58873e+11 1.00861e+11 8.86382e+10 7.51787e+10 6.78583e+10 5.82783e+10 5.49762e+10 5.49288e+10 5.44505e+10 7.07975e+10 9.11212e+10 5.27905e+10 6.34603e+10 6.29682e+10 5.04763e+10 5.02033e+10 7.64613e+10 4.99464e+10 4.75126e+10 4.58297e+10
threshold=1665.5000000000002 4794.5000000000009 1129.5000000000002 2925.5000000000005 817.50000000000011 2054.5000000000005 1340.5000000000002 3960.5000000000005 959.50000000000011 484080.10000000003 4097.0000000000009 380710.7900000001 732.50000000000011 1880.0000000000002 1050.5000000000002 1458.5000000000002 70435.200000000026 70025.675000000003 412792.13776554511 3726.0000000000005 404952.92999999999 2251.0000000000005 2508.5000000000005 259409.34 521.00000000000011 414084.51116280892 1.0000000180025095e-35 69600.955000000016 242948.50000000003 3136.5000000000005
decision_type=2 2 2 2 2 2 2 2 2 2 2 2 2 2 2 2 2 2 2 2 2 2 2 2 2 2 2 2 2 2
left_child=2 3 4 5 12 13 -4 18 17 10 -9 21 24 28 -10 -8 -14 -6 19 20 -5 23 25 -7 -1 -23 -27 -16 -2 -20
right_child=1 -3 6 7 8 11 15 9 14 -11 -12 -13 16 -15 27 -17 -18 -19 29 -21 -22 22 -24 -25 -26 26 -28 -29 -30 -31
leaf_value=-4621.2090250651045 3239.6142174848178 31922.320944940475 232.92057145961564 9530.9061881510406 -1432.716274250269 6406.2192717131193 1660.7461278712192 8461.7867294311527 -1101.9733942105333 14464.327434895835 13526.505743001304 8879.9475913783481 -2160.0275290499508 4734.8113086736093 453.93037239741352 2670.4422573304787 -2903.3976699291529 -1852.8684379538897 7711.0186496057249 7222.3256030273442 13292.740678267044 8579.2806898082399 6010.1143939146059 4760.4571855388704 -2962.3044563031108 3991.1538525390629 7956.4911275556005 -702.21003117656335 5117.5313576722765 8928.7731275050755
leaf_weight=48 247 21 981 60 1600 111 535 32 1629 45 30 35 763 214 103 195 369 1514 107 20 22 55 194 122 1026 20 31 1004 39 278
leaf_count=48 247 21 981 60 1600 111 535 32 1629 45 30 35 763 214 103 195 369 1514 107 20 22 55 194 122 1026 20 31 1004 39 278
internal_value=-1.15011e-06 7067.04 -1217.76 6752.99 -1679.69 5224.7 957.177 9500.82 -1290.76 12406.2 10912.5 6279.86 -2711.06 4026.04 -896.703 1930.46 -2402.35 -1636.99 8862.46 9889.62 10540.2 6109.12 6547.66 5544.49 -3036.45 7531.46 6401.46 -594.638 3495.69 8590.33
internal_weight=11450 1683 9767 1662 8056 1068 1711 594 5850 107 62 568 2206 500 2736 730 1132 3114 487 102 82 533 300 233 1074 106 51 1107 286 385
internal_count=11450 1683 9767 1662 8056 1068 1711 594 5850 107 62 568 2206 500 2736 730 1132 3114 487 102 82 533 300 233 1074 106 51 1107 286 385
is_linear=0
shrinkage=0.05


Tree=19
num_leaves=31
num_cat=0
split_feature=0 3 0 3 0 0 0 3 0 3 1 1 0 0 0 3 3 1 1 3 3 0 3 1 3 1 0 3 0 1
split_gain=3.55722e+13 4.7426e+12 3.54235e+12 2.51961e+12 1.1677e+12 4.87635e+11 4.35502e+11 4.02697e+11 3.07217e+11 1.18639e+11 1.0309e+11 9.80576e+10 7.81306e+10 7.48249e+10 7.34232e+10 6.94457e+10 6.02222e+10 8.10175e+10 5.38819e+10 1.09252e+11 5.27758e+10 4.79373e+10 4.76751e+10 3.95337e+10 7.39115e+10 4.79317e+10 3.67694e+10 3.45253e+10 1.60332e+11 1.02701e+11
threshold=1665.5000000000002 4794.5000000000009 1129.5000000000002 2925.5000000000005 811.50000000000011 2054.5000000000005 1357.0000000000002 3895.0000000000005 943.50000000000011 4297.0000000000009 414084.51116280892 412792.13776554511 2322.0000000000005 1050.5000000000002 606.50000000000011 1937.5000000000002 2441.5000000000005 414084.51116280892 415018.39334739919 3795.5000000000005 3637.5000000000005 1224.5000000000002 1458.5000000000002 414552.25179062638 2656.5000000000005 415018.39334739919 3267.5000000000005 3374.0000000000005 3497.5000000000005 414084.51116280892
decision_type=2 2 2 2 2 2 2 2 2 2 2 2 2 2 2 2 2 2 2 2 2 2 2 2 2 2 2 2 2 2
left_child=2 3 4 5 14 15 21 11 -6 10 -9 26 -7 -10 -1 -2 17 -14 19 27 -20 -4 -8 -18 -25 -26 -5 -13 -29 -30
right_child=1 -3 6 7 8 12 22 9 13 -11 -12 18 16 -15 -16 -17 23 -19 20 -21 -22 -23 -24 24 25 -27 -28 28 29 -31
leaf_value=-3346.0881425981229 3451.7921892096683 30326.204055059527 -12.023886725394576 8626.8381928943454 -1612.9080344347137 5358.4262181637059 1615.1856641296388 8929.5731263626458 -1077.448549493568 14936.164174107143 12085.305339918872 7449.8703111803206 9829.7777175377159 -564.90592105524331 -2492.5595635731133 4755.7856738964165 5753.1945385214722 5805.9979603160518 8380.1046860846927 4536.2242329524115 11297.149000244142 700.49079074961901 2536.920152681791 4909.3288479438197 9593.9736886160717 6641.3912651909723 10583.91353934152 11651.237033770161 4594.1570078974182 8631.2556699829111
leaf_weight=293 357 21 643 42 2861 274 500 43 1996 21 65 148 29 1107 1799 143 162 22 69 26 20 373 195 26 28 27 56 31 23 50
leaf_count=293 357 21 643 42 2861 274 500 43 1996 21 65 148 29 1107 1799 143 162 22 69 26 20 373 195 26 28 27 56 31 23 50
internal_value=-3.64683e-06 6713.69 -1156.87 6415.34 -1595.7 4963.46 909.319 9025.78 -1239.18 11497.5 10828.9 8340.08 5965.87 -894.598 -2612.1 3824.73 6531.99 8094.03 7964.88 7622.08 9035.62 249.559 1873.8 6204.15 7106.07 8144.52 9745.17 7940.47 8638.62 7359.29
internal_weight=11450 1683 9767 1662 8056 1068 1711 594 5964 129 108 465 568 3103 2092 500 294 51 367 278 89 1016 695 243 81 55 98 252 104 73
internal_count=11450 1683 9767 1662 8056 1068 1711 594 5964 129 108 465 568 3103 2092 500 294 51 367 278 89 1016 695 243 81 55 98 252 104 73
is_linear=0
shrinkage=0.05


Tree=20
num_leaves=31
num_cat=0
split_feature=0 2 0 3 0 0 3 3 0 2 2 0 2 2 1 1 0 3 0 0 2 0 0 5 2 3 2 1 3 0
split_gain=3.21039e+13 4.49131e+12 3.19747e+12 2.23751e+12 8.72031e+11 7.06296e+11 4.51102e+11 3.22648e+11 1.78122e+11 1.07913e+11 1.28332e+11 2.69858e+11 9.81181e+10 7.35451e+10 7.07202e+10 6.83358e+10 6.67689e+10 7.57425e+10 5.91299e+10 5.70026e+10 5.19879e+10 5.20218e+10 5.13781e+10 4.95157e+10 4.74825e+10 6.01803e+10 5.15095e+10 4.72307e+10 1.76925e+11 8.72909e+10
threshold=1665.5000000000002 577367.92500000005 1072.5000000000002 2737.5000000000005 798.50000000000011 1302.5000000000002 3895.0000000000005 2010.5000000000002 941.50000000000011 484080.10000000003 423973.67999999999 4170.0000000000009 302414.45500000002 92623.275000000009 414084.51116280892 414552.25179062638 2322.0000000000005 2441.5000000000005 1133.5000000000002 568.50000000000011 69015.050000000003 999.50000000000011 1765.0000000000002 1.0000000180025095e-35 98514.48000000001 1406.5000000000002 137994.34 415018.39334739919 3842.5000000000005 3342.5000000000005
decision_type=2 2 2 2 2 2 2 2 2 2 2 2 2 2 2 2 2 2 2 2 2 2 2 2 2 2 2 2 2 2
left_child=2 3 4 7 19 18 12 22 -6 10 -8 -12 -5 -7 16 23 -9 -18 -4 -1 -10 -22 -2 -16 -15 26 -26 28 29 -14
right_child=1 -3 5 6 8 13 9 14 20 -11 11 -13 27 24 15 -17 17 -19 -20 -21 21 -23 -24 -25 25 -27 -28 -29 -30 -31
leaf_value=-3482.6259778474509 2861.4837294330023 28821.361878551135 -455.20865505608913 5403.2747855808429 -1560.1504190117873 1059.7269048213959 13285.288144531251 5350.9742757161466 -591.54653483955724 12794.270960771277 6290.998203928878 13155.436896306819 7195.3952916971848 3124.1061239548671 2112.2918977864588 5467.2983007340208 9455.9800351562499 6217.5518582300047 144.57071854864995 -2472.6928562010144 -1415.6385203642558 -870.81575339158212 3956.7405244620904 4556.4499598261136 542.21959110383068 2316.3183651254199 2380.6536168323864 8795.397810872395 2992.0128149414068 8678.8258136094682
leaf_weight=152 165 22 811 46 3012 336 20 132 628 47 41 22 240 81 30 168 25 65 833 1729 811 953 305 67 124 242 55 99 20 169
leaf_count=152 165 22 811 46 3012 336 20 132 628 47 41 22 240 81 30 168 25 65 833 1729 811 953 305 67 124 242 55 99 20 169
internal_value=-7.1491e-07 6378.01 -1099.03 6080.74 -1627.08 450.884 8220.37 4506.77 -1304.34 10879.9 9795.86 8688.1 7618.03 1632.27 5408.68 4857.2 6066.98 7117.12 -151.306 -2554.3 -982.216 -1121.3 3572.24 3800.52 2015.48 1802.19 1107.1 7810.99 7583.82 7808.35
internal_weight=11450 1683 9767 1661 7285 2482 704 957 5404 130 83 63 574 838 487 265 222 90 1644 1881 2392 1764 470 97 502 421 179 528 429 409
internal_count=11450 1683 9767 1661 7285 2482 704 957 5404 130 83 63 574 838 487 265 222 90 1644 1881 2392 1764 470 97 502 421 179 528 429 409
is_linear=0
shrinkage=0.05


Tree=21
num_leaves=31
num_cat=0
split_feature=0 2 0 3 0 0 0 3 0 2 2 0 2 1 0 2 1 0 2 1 3 3 5 2 0 2 3 2 2 2
split_gain=2.89738e+13 4.0534e+12 2.88802e+12 2.02051e+12 8.69849e+11 5.00598e+11 3.97962e+11 3.27905e+11 2.15109e+11 9.73918e+10 1.1582e+11 2.43547e+11 8.46587e+10 7.11482e+10 6.73796e+10 6.11169e+10 5.3723e+10 5.18437e+10 4.43538e+10 4.42998e+10 9.09619e+10 4.74614e+10 1.08284e+11 4.41198e+10 6.83957e+10 4.38678e+10 3.82925e+10 5.7861e+10 5.75576e+10 4.61533e+10
threshold=1665.5000000000002 577367.92500000005 1097.5000000000002 2925.5000000000005 798.50000000000011 1302.5000000000002 2054.5000000000005 3895.0000000000005 941.50000000000011 484080.10000000003 423973.67999999999 4170.0000000000009 380710.7900000001 412792.13776554511 1411.0000000000002 259409.34 414084.51116280892 521.00000000000011 69978.545000000013 415018.39334739919 3795.5000000000005 3637.5000000000005 1.0000000180025095e-35 69015.050000000003 999.50000000000011 70025.675000000003 2251.0000000000005 277531.85000000003 336807.43500000006 328385.67000000004
decision_type=2 2 2 2 2 2 2 2 2 2 2 2 2 2 2 2 2 2 2 2 2 2 2 2 2 2 2 2 2 2
left_child=2 3 4 6 17 -4 15 13 25 10 -9 -12 26 -5 16 -2 -7 -1 -19 20 -15 22 -21 -10 -25 -6 27 -8 29 -28
right_child=1 -3 5 7 8 14 12 9 23 -11 11 -13 -14 19 -16 -17 -18 18 -20 21 -22 -23 -24 24 -26 -27 28 -29 -30 -31
leaf_value=-4048.7129272460938 3229.2306511207862 27380.293306107953 -29.037051636853917 8705.8828956604011 -1307.145013965313 -29.571855997301867 5267.1303343219524 12621.024218750001 -516.91296197132885 12154.557338763298 5976.4482945884156 12497.665021306819 7764.9276702008929 7156.6918355502785 1872.5189770193256 4841.8778119255512 1419.2259757752115 -2167.9047369742993 -2663.9062726026782 4725.0596573539406 4050.4506047175487 10292.521567382813 8926.8385360054363 -1344.8566098618892 -760.76347943631617 -1690.2072256603908 5720.635993619936 3555.3259258431449 4121.6956119254783 8226.570737304688
leaf_weight=48 432 22 1249 96 1636 97 162 20 664 47 41 22 35 252 553 68 188 1034 799 23 26 20 46 811 1312 1376 226 71 54 20
leaf_count=48 432 22 1249 96 1636 97 162 20 664 47 41 22 35 252 553 68 188 1034 799 23 26 20 46 811 1312 1376 226 71 54 20
internal_value=1.33628e-06 6059.11 -1044.07 5776.71 -1492.27 605.262 4477.26 8117.02 -1189.21 10335.9 9306.07 8253.7 5382.82 7494 1550.66 3448.55 926.126 -2426.59 -2384.11 7177 6866.18 8147.88 7526.25 -872.634 -983.891 -1482.14 5226.4 4745.51 5599.89 5924.37
internal_weight=11450 1683 9767 1661 7680 2087 1068 593 5799 130 83 63 568 463 838 500 285 1881 1833 367 278 89 69 2787 2123 3012 533 233 300 246
internal_count=11450 1683 9767 1661 7680 2087 1068 593 5799 130 83 63 568 463 838 500 285 1881 1833 367 278 89 69 2787 2123 3012 533 233 300 246
is_linear=0
shrinkage=0.05


Tree=22
num_leaves=31
num_cat=0
split_feature=0 3 0 3 0 0 0 3 0 3 1 1 0 0 0 3 0 1 3 3 0 3 0 3 3 3 0 3 1 3
split_gain=2.61489e+13 3.69092e+12 2.61582e+12 1.83655e+12 8.65935e+11 3.59161e+11 3.23724e+11 2.7923e+11 2.10321e+11 8.5768e+10 1.02133e+11 7.70052e+10 6.61504e+10 6.09374e+10 5.79347e+10 5.60789e+10 5.20762e+10 3.99806e+10 8.20931e+10 4.28339e+10 3.67399e+10 3.17453e+10 2.8879e+10 3.34622e+10 2.75112e+10 5.33242e+10 9.0722e+10 6.01497e+10 2.62744e+10 3.26248e+10
threshold=1665.5000000000002 4794.5000000000009 1129.5000000000002 2925.5000000000005 817.50000000000011 2054.5000000000005 1411.0000000000002 3895.0000000000005 950.50000000000011 4297.0000000000009 414084.51116280892 412792.13776554511 732.50000000000011 1250.5000000000002 2292.5000000000005 1880.0000000000002 1056.5000000000002 415018.39334739919 3795.5000000000005 3637.5000000000005 521.00000000000011 4012.5000000000005 3267.5000000000005 3637.5000000000005 3136.5000000000005 3518.5000000000005 3425.0000000000005 3695.5000000000005 414552.25179062638 271.50000000000006
decision_type=2 2 2 2 2 2 2 2 2 2 2 2 2 2 2 2 2 2 2 2 2 2 2 2 2 2 2 2 2 2
left_child=2 3 4 5 12 15 13 11 -6 10 -9 22 20 28 -7 -2 -10 18 24 -19 -1 -12 -5 -24 -13 26 -26 -27 -4 -30
right_child=1 -3 6 7 8 14 -8 9 16 -11 21 17 -14 -15 -16 -17 -18 19 -20 -21 -22 -23 23 -25 25 27 -28 -29 29 -31
leaf_value=-3846.2772399902346 2818.0775815043417 26586.718740699405 274.7671166689891 7404.6993326822922 -1353.2241330439508 4525.4724888465216 1778.8930189881144 7320.8901934956393 -905.50191167500748 12703.58859747024 11815.25048828125 6060.0354957217269 -1946.4460816508047 770.03006891966947 5547.1909604413795 3888.2775016428154 -463.2680790647247 7149.9333517323366 3847.9280962430516 9777.8956689453134 -2430.9822255037916 9559.725148988382 10318.45703125 7872.4360234013311 7035.15157518263 4843.9192675781251 10501.810648437502 7933.0899611253008 -635.55523028181278 608.55388532997904
leaf_weight=48 286 21 424 42 2898 241 553 43 1938 21 26 84 1132 442 327 214 1014 69 26 20 1026 39 29 27 77 40 25 26 223 69
leaf_count=48 286 21 424 42 2898 241 553 43 1938 21 26 84 1132 442 327 214 1014 69 26 20 1026 39 29 27 77 40 25 26 223 69
internal_value=-3.0348e-06 5756.15 -991.871 5492.95 -1368.97 4253.4 783.661 7721.63 -1050.64 9779.84 9211.33 7150.64 -2213.14 308.39 5113.68 3276.12 -753.596 6818.15 6522.87 7740.49 -2494.24 10461.9 8395.8 9139.13 6798.86 7168.27 7884.82 6060.87 23.4115 -341.571
internal_weight=11450 1683 9767 1662 8056 1068 1711 594 5850 129 108 465 2206 1158 568 500 2952 367 278 89 1074 65 98 56 252 168 102 66 716 292
internal_count=11450 1683 9767 1662 8056 1068 1711 594 5850 129 108 465 2206 1158 568 500 2952 367 278 89 1074 65 98 56 252 168 102 66 716 292
is_linear=0
shrinkage=0.05


Tree=23
num_leaves=31
num_cat=0
split_feature=0 2 0 3 0 3 0 3 0 0 5 1 2 2 1 1 3 3 2 5 2 3 0 0 1 3 2 2 0 0
split_gain=2.35993e+13 3.41066e+12 2.36078e+12 1.64086e+12 7.84795e+11 3.19231e+11 2.92161e+11 2.40563e+11 1.41706e+11 1.23704e+11 1.01435e+11 1.28033e+11 8.25592e+10 8.15318e+10 6.22768e+10 6.21455e+10 5.3814e+10 4.79162e+10 4.68264e+10 4.48738e+10 4.35062e+10 1.12971e+11 1.0169e+11 9.93489e+10 9.34235e+10 9.91614e+10 7.71131e+10 6.33882e+10 4.34937e+10 4.57084e+10
threshold=1665.5000000000002 577367.92500000005 1129.5000000000002 2737.5000000000005 851.50000000000011 3895.0000000000005 1411.0000000000002 2010.5000000000002 1011.5000000000001 748.50000000000011 1.5000000000000002 414084.51116280892 139567.53000000003 302414.45500000002 414084.51116280892 414552.25179062638 2186.5000000000005 2656.5000000000005 68863.360000000015 1.0000000180025095e-35 439155.53999999998 3374.0000000000005 3497.5000000000005 3650.0000000000005 412792.13776554511 3741.0000000000005 465957.59000000003 397171.62999999995 905.50000000000011 999.50000000000011
decision_type=2 2 2 2 2 2 2 2 2 2 2 2 2 2 2 2 2 2 2 2 2 2 2 2 2 2 2 2 2 2
left_child=2 3 4 7 9 13 12 -2 18 -1 11 -7 -4 -5 16 19 -9 -18 28 -16 21 -15 -22 -24 -23 27 -25 -26 -6 -30
right_child=1 -3 6 5 8 10 -8 14 -10 -11 -12 -13 -14 20 15 -17 17 -19 -20 -21 22 24 23 26 25 -27 -28 -29 29 -31
leaf_value=-2320.2099860520048 3054.4726229468815 25026.16180308949 232.87214568839724 4515.9703533670172 -1263.3733698365916 6183.616506410257 1689.948357370663 4278.9973598746365 -561.7509494001016 -1664.814059473274 11336.613952934451 10005.781640625 3258.7069049337638 6388.820498350995 1507.8531905110676 4704.4936579204741 6311.4405282156813 3849.5656473000849 -1254.9940227340867 3834.6266765537548 7898.0801937705592 10507.478414916994 1706.9761328125003 3990.0871450570917 9484.1601350203819 4815.6705204716436 7920.3971346537282 6395.4655724158656 -548.22997764482886 -2225.7285905704944
leaf_weight=1294 470 22 1135 46 442 39 553 86 1740 1623 41 50 23 289 30 168 112 24 2184 67 38 32 20 26 46 27 24 26 730 43
leaf_count=1294 470 22 1135 46 442 39 553 86 1740 1623 41 50 23 289 30 168 112 24 2184 67 38 32 20 26 46 27 24 26 730 43
internal_value=1.08454e-06 5468.34 -942.277 5209.3 -1300.52 7041.58 744.478 3861.42 -928.717 -1955.55 9278.86 8330.9 292.971 6534.87 4640.2 4122.68 5257.95 5876.99 -1116.57 3115.01 6710.76 6940.92 5815.73 4685.3 8158.9 7399.76 5876.64 8368.8 -867.757 -641.545
internal_weight=11450 1683 9767 1661 8056 704 1711 957 5139 2917 130 89 1158 574 487 265 222 136 3399 97 528 420 108 70 131 99 50 72 1215 773
internal_count=11450 1683 9767 1661 8056 704 1711 957 5139 2917 130 89 1158 574 487 265 222 136 3399 97 528 420 108 70 131 99 50 72 1215 773
is_linear=0
shrinkage=0.05


Tree=24
num_leaves=31
num_cat=0
split_feature=0 3 0 3 0 0 3 3 0 3 1 0 3 0 3 0 0 1 1 3 3 5 3 1 3 5 0 3 3 1
split_gain=2.12984e+13 3.10712e+12 2.13733e+12 1.49094e+12 5.85272e+11 4.77517e+11 2.93431e+11 2.26901e+11 1.18513e+11 6.57501e+10 6.26077e+10 6.06719e+10 5.50109e+10 4.39185e+10 4.2805e+10 4.1454e+10 4.02255e+10 4.11357e+10 3.72413e+10 7.10557e+10 3.9626e+10 9.75049e+10 3.61307e+10 3.33452e+10 3.17179e+10 2.92138e+10 2.8251e+10 2.7692e+10 2.59851e+10 2.41004e+10
threshold=1665.5000000000002 4794.5000000000009 1072.5000000000002 2925.5000000000005 798.50000000000011 1273.5000000000002 2010.5000000000002 4167.5000000000009 941.50000000000011 3895.0000000000005 412792.13776554511 1411.0000000000002 2251.0000000000005 568.50000000000011 4012.5000000000005 1765.0000000000002 1702.5000000000002 415018.39334739919 415018.39334739919 3795.5000000000005 3637.5000000000005 1.0000000180025095e-35 3960.5000000000005 414552.25179062638 4097.0000000000009 1.0000000180025095e-35 1133.5000000000002 1700.0000000000002 1658.5000000000002 415018.39334739919
decision_type=2 2 2 2 2 2 2 2 2 2 2 2 2 2 2 2 2 2 2 2 2 2 2 2 2 2 2 2 2 2
left_child=2 3 4 6 13 26 15 9 -6 10 -5 -7 25 -1 22 16 28 23 19 -12 21 -20 -11 27 -16 -8 -4 -18 -2 -13
right_child=1 -3 5 7 8 11 12 -9 -10 14 18 29 -14 -15 24 -17 17 -19 20 -21 -22 -23 -24 -25 -26 -27 -28 -29 -30 -31
leaf_value=-2901.3591951069084 4671.7671293712801 24307.209600539438 -365.63507967759591 7578.63503916215 -1271.1513601653446 777.59746151642423 3155.0832735770091 10504.241809663319 -799.73630288197012 7617.1226296164787 6127.8746455601286 1429.8360901498463 4996.2496260184671 -2014.8792130026259 5504.8898437500002 3247.128265560963 254.00800781250001 3651.5213671874999 3820.1509128736416 3382.4797610943133 9005.9055273437498 7807.3216351052997 10482.699715909092 -651.2760009765625 8221.5502232142862 4347.4628511577075 60.255055705377359 2516.4219238281253 2541.7262307400179 2225.8607904277865
leaf_weight=152 21 21 811 98 3012 369 70 42 2392 22 252 431 335 1729 22 305 21 20 23 26 20 46 22 20 21 193 749 38 45 122
leaf_count=152 21 21 811 98 3012 369 70 42 2392 22 252 431 335 1729 22 305 21 20 23 26 20 46 22 20 21 193 749 38 45 122
internal_value=9.43726e-07 5194.93 -895.163 4953.44 -1326.89 372.018 3836.59 6961.49 -1062.49 6691.94 6455.9 1274.13 4571.34 -2086.51 7953.52 2901.75 2263.32 1625.89 6156.1 5871.11 7046.27 6478.26 9049.91 1113.07 6831.63 4030.1 -161.153 1711.16 3219.47 1605.45
internal_weight=11450 1683 9767 1662 7285 2482 1068 594 5404 552 465 922 598 1881 87 470 165 99 367 278 89 69 44 79 43 263 1560 59 66 553
internal_count=11450 1683 9767 1662 7285 2482 1068 594 5404 552 465 922 598 1881 87 470 165 99 367 278 89 69 44 79 43 263 1560 59 66 553
is_linear=0
shrinkage=0.05


Tree=25
num_leaves=31
num_cat=0
split_feature=2 2 0 3 0 0 3 0 0 5 1 2 2 0 1 5 1 2 0 2 2 2 2 2 2 5 2 3 0 0
split_gain=1.92332e+13 2.87975e+12 1.86961e+12 1.38117e+12 5.28208e+11 4.06927e+11 2.50598e+11 2.19255e+11 1.06958e+11 9.44295e+10 1.13903e+11 7.14686e+10 6.77165e+10 4.91613e+10 5.84069e+10 5.53207e+10 5.22817e+10 4.67602e+10 4.05829e+10 4.03342e+10 3.99009e+10 3.95862e+10 3.90612e+10 3.85009e+10 4.65292e+10 3.70332e+10 3.57308e+10 1.04579e+11 9.18788e+10 9.04974e+10
threshold=170008.82500000004 577367.92500000005 1072.5000000000002 2737.5000000000005 798.50000000000011 1273.5000000000002 3895.0000000000005 1919.5000000000002 941.50000000000011 1.5000000000000002 414084.51116280892 301583.62000000005 88058.635000000024 2292.5000000000005 414084.51116280892 1.0000000180025095e-35 415018.39334739919 199235.51500000004 606.50000000000011 69015.050000000003 69600.955000000016 46628.540000000008 70025.675000000003 277531.85000000003 320604.37000000005 1.5000000000000002 439155.53999999998 3374.0000000000005 3497.5000000000005 3650.0000000000005
decision_type=2 2 2 2 2 2 2 2 2 2 2 2 2 2 2 2 2 2 2 2 2 2 2 2 2 2 2 2 2 2
left_child=2 3 4 7 18 20 11 -2 22 10 -8 -5 -7 17 15 -15 25 -9 -1 -10 -4 -20 -6 -17 -25 -16 27 -13 -28 -30
right_child=1 -3 5 6 8 12 9 13 19 -11 -12 26 -14 14 16 23 -18 -19 21 -21 -22 -23 -24 24 -26 -27 28 -29 29 -31
leaf_value=-2522.8660090423691 2462.820747609258 22865.500693026457 980.06778908806882 3338.2576096754806 -1042.4611340223141 566.5849658182575 5390.8624599358982 1915.4892807904414 -415.64100775263114 10316.258870045733 8995.941994140625 5716.5613559673366 1489.9632035524501 6899.4484059403585 3824.6702006238575 2792.6111188616073 5287.3264360476769 3852.1925982306989 -736.91481867896186 -882.25521838475788 -209.52495460895318 -1936.8327942774606 -1403.9288256983425 6879.0038431803396 3613.5876184082031 1410.6534708658855 7185.601300530685 7398.6789700594818 1289.1878808593751 5268.7656103515628
leaf_weight=293 359 22 74 26 1636 297 39 34 628 41 50 308 599 41 47 21 39 374 72 1764 1486 1516 1376 24 20 24 38 132 20 50
leaf_count=293 359 22 74 26 1636 297 39 34 628 41 50 308 599 41 47 21 39 374 72 1764 1486 1516 1376 24 20 24 38 132 20 50
internal_value=2.63686e-06 4892.43 -858.347 4658.04 -1260.55 334.664 6348.58 3447.31 -1009.36 8330.83 7416.19 5899.64 1183.89 4013.71 4623.66 5461.23 3816.55 3690.8 -1982.19 -759.749 -153.096 -1882.43 -1207.59 4554.04 5394.72 3008.66 6021.17 6221.2 5206.25 4131.74
internal_weight=11450 1709 9741 1687 7285 2456 704 983 5404 130 89 574 896 624 216 106 110 408 1881 2392 1560 1588 3012 65 44 71 548 440 108 70
internal_count=11450 1709 9741 1687 7285 2456 704 983 5404 130 89 574 896 624 216 106 110 408 1881 2392 1560 1588 3012 65 44 71 548 440 108 70
is_linear=0
shrinkage=0.05


Tree=26
num_leaves=31
num_cat=0
split_feature=0 3 0 3 0 3 0 0 0 0 3 3 5 1 3 3 0 1 3 1 5 0 5 5 0 5 3 1 3 0
split_gain=1.7365e+13 2.61574e+12 1.74396e+12 1.20593e+12 5.87951e+11 2.17033e+11 2.15301e+11 1.79207e+11 1.04965e+11 9.11956e+10 6.01733e+10 5.88502e+10 4.73214e+10 1.92765e+11 4.50091e+10 1.79513e+11 4.43681e+10 5.27122e+10 5.12163e+10 4.71843e+10 4.60236e+10 4.36949e+10 4.11196e+10 3.34225e+10 3.21852e+10 3.1164e+10 1.70241e+11 4.95129e+10 6.42711e+10 2.5455e+10
threshold=1665.5000000000002 4794.5000000000009 1129.5000000000002 2737.5000000000005 851.50000000000011 3960.5000000000005 1411.0000000000002 1919.5000000000002 1011.5000000000001 748.50000000000011 3224.0000000000005 4297.0000000000009 1.5000000000000002 414552.25179062638 3479.5000000000005 3429.5000000000005 2292.5000000000005 414084.51116280892 2656.5000000000005 415018.39334739919 1.0000000180025095e-35 1224.5000000000002 1.0000000180025095e-35 1.5000000000000002 521.00000000000011 1.0000000180025095e-35 3695.5000000000005 414084.51116280892 3795.5000000000005 1503.0000000000002
decision_type=2 2 2 2 2 2 2 2 2 2 2 2 2 2 2 2 2 2 2 2 2 2 2 2 2 2 2 2 2 2
left_child=2 3 4 7 9 10 21 -2 -6 24 -5 12 13 -7 15 22 -9 18 20 23 -18 -4 -12 -19 -1 26 -16 28 -27 -8
right_child=1 -3 6 5 8 11 29 16 -10 -11 14 -13 -14 -15 25 -17 17 19 -20 -21 -22 -23 -24 -25 -26 27 -28 -29 -30 -31
leaf_value=-3266.7415934244796 2376.5832007262084 22226.780325753352 -21.003433386237589 5146.9305481168958 -956.05912366071925 4391.0101534598216 1786.8466744962539 3506.2606559603828 -478.55040799020355 -1433.5278386368109 4328.6121817129633 10485.292503720239 9177.2061018318982 10363.787384588068 4044.0752699908089 11002.826291725854 7155.4362053571431 3633.4367247236537 3156.6384750366215 5022.9602075821313 4760.552550490359 597.05644494510386 6672.2405737704921 1340.1207743326822 -1947.3130077466537 5459.1867061491939 9011.7444140624993 6027.0757572937018 1823.6612548828125 1108.2976714639103
leaf_weight=48 333 21 643 288 3399 35 281 408 1740 1623 27 21 29 22 34 22 35 47 24 39 47 515 61 24 1246 31 35 80 20 272
leaf_count=48 333 21 643 288 3399 35 281 408 1740 1623 27 21 29 22 34 22 35 47 24 39 47 515 61 24 1246 31 35 80 20 272
internal_value=2.13864e-06 4690.76 -808.289 4469.19 -1116.2 6038.38 641.461 3313.2 -794.381 -1683.16 5667.29 8112.33 7532.88 6696.29 6150.73 6963.1 3813.03 4392.48 5188.17 3625.73 5782.76 253.868 5953.17 2858.23 -1996.26 5703.92 6563.91 5250.95 4033.49 1453.09
internal_weight=11450 1683 9767 1662 8056 705 1711 957 5139 2917 598 107 86 57 310 110 624 216 106 110 82 1158 88 71 1294 200 69 131 51 553
internal_count=11450 1683 9767 1662 8056 705 1711 957 5139 2917 598 107 86 57 310 110 624 216 106 110 82 1158 88 71 1294 200 69 131 51 553
is_linear=0
shrinkage=0.05


Tree=27
num_leaves=31
num_cat=0
split_feature=2 2 0 3 0 0 3 0 5 0 2 2 2 2 0 3 0 2 3 0 0 2 2 2 3 5 3 2 2 2
split_gain=1.56877e+13 2.42381e+12 1.526e+12 1.11306e+12 4.067e+11 3.68414e+11 2.00354e+11 1.74821e+11 8.52044e+10 7.2192e+10 6.31561e+10 6.01433e+10 4.92889e+10 4.37659e+10 4.66778e+10 4.02232e+10 3.99152e+10 3.82837e+10 8.43514e+10 8.14762e+10 8.03903e+10 6.97429e+10 3.82255e+10 3.58738e+10 3.2374e+10 3.7803e+10 3.56728e+10 3.07726e+10 3.03863e+10 3.16981e+10
threshold=170008.82500000004 577367.92500000005 1056.5000000000002 2737.5000000000005 798.50000000000011 1273.5000000000002 3895.0000000000005 1919.5000000000002 1.5000000000000002 941.50000000000011 302414.45500000002 88058.635000000024 69600.955000000016 507941.5 4170.0000000000009 2186.5000000000005 1133.5000000000002 439155.53999999998 3224.0000000000005 3497.5000000000005 3650.0000000000005 465957.59000000003 69978.545000000013 70025.675000000003 3741.0000000000005 1.0000000180025095e-35 3429.5000000000005 69015.050000000003 336807.43500000006 277531.85000000003
decision_type=2 2 2 2 2 2 2 2 2 2 2 2 2 2 2 2 2 2 2 2 2 2 2 2 2 2 2 2 2 2
left_child=2 3 4 7 22 12 10 -2 13 23 -5 -7 -4 14 -8 -9 -14 18 -12 -19 -21 -22 -1 -6 25 26 -20 -11 29 -17
right_child=1 -3 5 6 9 11 8 15 -10 27 17 -13 16 -15 -16 28 -18 19 24 20 21 -23 -24 -25 -26 -27 -28 -29 -30 -31
leaf_value=-1594.9620691519965 2237.5244587847783 20907.545725319604 880.4917183069083 3542.8094616433846 -932.94781018107915 482.56403065691097 4875.5866650390626 3271.7895077462927 9379.495984184452 -407.14176021308009 5058.6549829564547 1352.7777918906365 -452.95102922911457 8304.9074580439828 7742.9303866299715 3683.8186410974577 36.055645626953208 6498.8352127878288 4143.8918294270834 943.92612304687509 2900.568689610408 6638.3402913411455 -2049.8281160477777 -1279.3538518020234 5038.0757049560552 7411.7353310442986 6699.9582982772445 -829.33757236020801 2828.4539858562193 4862.2377235097329
leaf_weight=1066 359 22 104 46 1636 297 40 354 41 598 234 599 962 27 22 108 737 38 21 20 26 24 815 1376 32 94 39 1551 41 121
leaf_count=1066 359 22 104 46 1636 297 40 354 41 598 234 599 962 27 22 108 737 38 21 20 26 24 815 1376 32 94 39 1551 41 121
internal_value=2.14564e-06 4418.53 -775.204 4203.5 -1162.64 235.658 5721.12 3116.62 7493.54 -933.243 5319.7 1064.33 -176.148 6624.72 5893.03 3622.38 -240.827 5474.5 5690.4 4634.9 3623.05 4694.7 -1792.05 -1091.2 6485.17 6785.87 5805.34 -711.854 4082.04 4306.48
internal_weight=11450 1709 9741 1687 7042 2699 704 983 130 5161 574 896 1803 89 62 624 1699 528 420 108 70 50 1881 3012 186 154 60 2149 270 229
internal_count=11450 1709 9741 1687 7042 2699 704 983 130 5161 574 896 1803 89 62 624 1699 528 420 108 70 50 1881 3012 186 154 60 2149 270 229
is_linear=0
shrinkage=0.05


Tree=28
num_leaves=31
num_cat=0
split_feature=2 3 0 3 0 0 0 3 2 0 2 2 2 3 1 2 3 1 2 3 3 2 2 2 2 0 2 2 2 0
split_gain=1.41582e+13 2.20901e+12 1.37737e+12 1.01311e+12 3.91225e+11 2.97321e+11 2.0974e+11 1.5215e+11 9.21726e+10 8.16338e+10 6.71136e+10 4.44542e+10 4.30711e+10 2.40584e+11 1.90222e+11 8.78095e+10 5.94207e+10 7.70139e+10 5.12931e+10 5.11137e+10 7.0643e+10 4.16643e+10 4.94673e+10 3.64972e+10 3.34932e+10 3.34822e+10 3.69928e+10 3.24229e+10 5.02213e+10 3.19725e+10
threshold=170008.82500000004 4794.5000000000009 1072.5000000000002 2925.5000000000005 795.50000000000011 1302.5000000000002 2054.5000000000005 4167.5000000000009 507941.5 941.50000000000011 380710.7900000001 259409.34 406614.60000000003 3695.5000000000005 414084.51116280892 465957.59000000003 3741.0000000000005 414084.51116280892 440817.21000000008 3581.5000000000005 3374.0000000000005 92623.275000000009 98514.48000000001 70025.675000000003 69015.050000000003 521.00000000000011 46628.540000000008 336807.43500000006 328385.67000000004 999.50000000000011
decision_type=2 2 2 2 2 2 2 2 2 2 2 2 2 2 2 2 2 2 2 2 2 2 2 2 2 2 2 2 2 2
left_child=2 3 4 6 25 -4 11 12 -9 23 27 -2 13 19 -15 16 17 -14 -18 20 -5 -7 -23 -6 -11 -1 -27 28 -8 -26
right_child=1 -3 5 7 9 21 10 8 -10 24 -12 -13 15 14 -16 -17 18 -19 -20 -21 -22 22 -24 -25 29 26 -28 -29 -30 -31
leaf_value=-3016.0753245035812 2197.9605536215172 20314.245410156251 -99.086125982634343 5048.5477244307358 -881.15223675982838 644.03350825309758 3645.5138055739062 11017.180214843751 6327.2186634410518 -336.6177583536525 5881.6721023995542 3567.9966825597426 7463.2568635360067 5880.0458185369316 12383.304449728261 6164.3575039950292 1267.0002403846156 4089.9163337707523 4278.4080664850053 2889.4973772321428 7161.7756995376276 2496.8328498746141 1140.4210309842267 -1227.8686053394422 -992.57595301956189 -627.05428894042973 -1727.1320920843712 2459.9903521502461 6205.0436816406254 -565.45483050361383
leaf_weight=48 458 21 1644 205 1655 336 459 20 22 628 35 68 23 22 23 88 26 64 31 21 49 81 395 1402 811 80 1708 54 20 953
leaf_count=48 458 21 1644 205 1655 336 459 20 22 628 35 68 23 22 23 88 26 64 31 21 49 81 395 1402 811 80 1708 54 20 953
internal_value=2.71097e-06 4197.6 -736.444 3997.1 -1081.66 287.544 3094.5 5659.47 8560.53 -868.973 3760.72 2375.08 5438.73 5814.8 9203.93 4920.02 4159.6 4981.72 2904.78 5260.21 5456.22 1070.33 1371.24 -1040.16 -650.19 -1712.9 -1677.91 3621.45 3752.38 -761.824
internal_weight=11450 1709 9741 1688 7285 2456 1094 594 42 5449 568 526 552 320 45 232 144 87 57 275 254 812 476 3057 2392 1836 1788 533 479 1764
internal_count=11450 1709 9741 1688 7285 2456 1094 594 42 5449 568 526 552 320 45 232 144 87 57 275 254 812 476 3057 2392 1836 1788 533 479 1764
is_linear=0
shrinkage=0.05


Tree=29
num_leaves=31
num_cat=0
split_feature=2 2 2 3 4 3 3 4 5 3 3 4 2 4 2 3 2 2 2 2 2 3 3 4 4 2 2 2 3 3
split_gain=1.27777e+13 2.04514e+12 9.68474e+11 9.02125e+11 1.94546e+11 1.60501e+11 1.42408e+11 1.07293e+11 8.20021e+10 6.67741e+10 1.1764e+11 9.08499e+10 5.53146e+10 5.41688e+10 4.51237e+10 6.67505e+10 4.17548e+10 4.14691e+10 3.94462e+10 3.84526e+10 5.34413e+10 4.28966e+10 3.52791e+10 3.45433e+10 3.27063e+10 3.26189e+10 7.38605e+10 7.17301e+10 7.40085e+10 5.47903e+10
threshold=170008.82500000004 577367.92500000005 81089.24000000002 2737.5000000000005 200.01282051282053 3895.0000000000005 2010.5000000000002 142.65887850467291 1.5000000000000002 110.50000000000001 159.50000000000003 72.199376947040506 301583.62000000005 197.64335664335667 110805.58500000001 294.50000000000006 88058.635000000024 507941.5 474569.72500000003 187217.62000000002 199235.51500000004 1536.5000000000002 801.00000000000011 88.982517482517508 97.886484205449747 492759.64000000001 465957.59000000003 439155.53999999998 3374.0000000000005 3479.5000000000005
decision_type=2 2 2 2 2 2 2 2 2 2 2 2 2 2 2 2 2 2 2 2 2 2 2 2 2 2 2 2 2 2
left_child=2 3 7 6 14 12 19 9 17 11 -11 -1 -5 -9 15 -4 -6 18 -7 21 -21 -2 -17 -13 -12 26 27 28 -14 -30
right_child=1 -3 4 5 16 8 -8 13 -10 10 24 23 25 -15 -16 22 -18 -19 -20 20 -22 -23 -24 -25 -26 -27 -28 -29 29 -31
leaf_value=-1278.9541713204642 5054.5556640625 19134.03533824574 -30.197149802552076 2543.7895589975215 346.88426035186393 6113.5988793945317 3419.0597292420312 -700.47592451665309 8593.027655773627 -1590.9375060684697 -2899.0465110085229 -686.54942462318832 4666.5605170702011 851.34286898908942 430.68565368652344 -2241.3391256820323 1303.7011851828438 7526.0214445891215 3477.7101029829546 1036.6048669620436 2358.4281069700746 2123.1619234525242 -663.39673727993943 423.79913284714161 -960.11968957611407 2971.6388392857143 7886.7081194196435 3323.4233279141513 8001.4142628636855 5541.0964948043083
leaf_weight=871 24 22 1139 26 162 40 487 1848 41 1347 22 1311 308 58 370 43 385 27 22 98 348 26 201 74 1910 21 21 66 29 103
leaf_count=871 24 22 1139 26 162 40 487 1848 41 1347 22 1311 308 58 370 43 385 27 22 98 348 26 201 74 1910 21 21 66 29 103
internal_value=7.10489e-07 3987.72 -699.622 3790.2 197.113 5156.47 2811.71 -976.801 6742.85 -1088.22 -1232.27 -878.845 4797.19 -653.254 -59.7611 -190.972 1020.33 5890.52 5178.28 2215.39 2067.98 3530.23 -941.477 -627.224 -982.199 4904.1 4981.1 4860.51 5091.08 6081.62
internal_weight=11450 1709 9741 1687 2300 704 983 7441 130 5535 3279 2256 574 1906 1753 1383 547 89 62 496 446 50 244 1385 1932 548 527 506 440 132
internal_count=11450 1709 9741 1687 2300 704 983 7441 130 5535 3279 2256 574 1906 1753 1383 547 89 62 496 446 50 244 1385 1932 548 527 506 440 132
is_linear=0
shrinkage=0.05


Tree=30
num_leaves=31
num_cat=0
split_feature=2 3 2 3 4 3 3 4 2 3 2 3 3 4 4 2 3 1 2 3 1 3 3 2 2 2 3 3 3 4
split_gain=1.15319e+13 1.86477e+12 8.74048e+11 8.19972e+11 1.78344e+11 1.71544e+11 1.24599e+11 9.68321e+10 9.26662e+10 6.07925e+10 6.06224e+10 6.02636e+10 1.06928e+11 8.19921e+10 4.88873e+10 4.05275e+10 2.12083e+11 1.7036e+11 7.28904e+10 5.78349e+10 6.95142e+10 4.71124e+10 5.73485e+10 4.58611e+10 3.47035e+10 4.82308e+10 3.87142e+10 3.25785e+10 3.25073e+10 5.28661e+10
threshold=170008.82500000004 4794.5000000000009 81089.24000000002 2925.5000000000005 211.40209790209795 2010.5000000000002 4167.5000000000009 142.65887850467291 507941.5 1272.5000000000002 380710.7900000001 110.50000000000001 166.50000000000003 72.199376947040506 197.64335664335667 406614.60000000003 3695.5000000000005 414084.51116280892 465957.59000000003 3741.0000000000005 414084.51116280892 3581.5000000000005 3374.0000000000005 440817.21000000008 187217.62000000002 199235.51500000004 1536.5000000000002 103.50000000000001 237.50000000000003 132.45327102803742
decision_type=2 2 2 2 2 2 2 2 2 2 2 2 2 2 2 2 2 2 2 2 2 2 2 2 2 2 2 2 2 2
left_child=2 3 7 5 9 24 15 11 -8 28 -7 13 -13 -1 -9 16 21 -18 19 20 -17 22 -5 -21 26 -26 -2 -15 -4 -30
right_child=1 -3 4 6 -6 10 8 14 -10 -11 -12 12 -14 27 -16 18 17 -19 -20 23 -22 -23 -24 -25 25 -27 -28 -29 29 -31
leaf_value=-1215.0064615996369 4801.8278930664064 18596.038834635416 59.329318277633377 4564.8632968288512 1160.1147599476378 3236.789646220504 10188.173564453125 -665.45213100721503 5485.6722456498583 937.16051863147368 5381.4025929478239 -1466.5553079377391 -895.13927588022295 -654.29433200798303 808.77576378131744 6872.6201187797215 5301.181951349432 11455.567612092393 5530.4560413707395 917.33366887019247 3667.7339487075806 2467.9676339285716 6468.8899257114963 3764.8222695627519 984.7746145754445 2240.506683507459 2017.0037984994742 410.54465572959498 -1358.2397222104282 -165.86010514534627
leaf_weight=871 24 21 1154 205 391 563 20 1848 22 155 35 1581 1698 1309 58 23 22 23 88 26 64 21 49 31 98 348 26 76 115 485
leaf_count=871 24 21 1154 205 391 563 20 1848 22 155 35 1581 1698 1309 58 23 22 23 88 26 64 21 49 31 98 348 26 76 115 485
internal_value=1.0746e-06 3788.34 -664.641 3604.12 187.257 2792.09 5099.66 -927.961 7724.96 -12.003 3362.31 -1033.81 -1170.65 -834.903 -620.591 4899.91 5264.7 8446.76 4396.75 3703.93 4515 4744 4932.18 2465.97 2104.62 1964.58 3353.72 -595.863 -95.8801 -394.4
internal_weight=11450 1709 9741 1688 2300 1094 594 7441 42 1909 598 5535 3279 2256 1906 552 320 45 232 144 87 275 254 57 496 446 50 1385 1754 600
internal_count=11450 1709 9741 1688 2300 1094 594 7441 42 1909 598 5535 3279 2256 1906 552 320 45 232 144 87 275 254 57 496 446 50 1385 1754 600
is_linear=0
shrinkage=0.05


Tree=31
num_leaves=31
num_cat=0
split_feature=0 3 0 3 0 0 0 3 0 0 0 3 0 3 3 3 3 0 5 3 3 0 0 0 3 0 3 0 3 0
split_gain=1.04583e+13 1.67339e+12 1.06457e+12 7.05784e+11 3.80238e+11 1.36726e+11 1.27837e+11 1.12451e+11 7.98562e+10 5.2286e+10 3.07021e+10 5.69348e+10 4.52243e+10 2.91945e+10 4.1372e+10 3.02797e+10 2.97579e+10 2.84118e+10 3.80412e+10 2.83296e+10 6.00594e+10 2.60442e+10 3.21236e+10 3.40671e+10 2.60334e+10 3.72805e+10 2.87515e+10 2.5807e+10 2.55783e+10 2.32472e+10
threshold=1665.5000000000002 4794.5000000000009 1133.5000000000002 2925.5000000000005 877.50000000000011 2054.5000000000005 1411.0000000000002 4167.5000000000009 748.50000000000011 1014.5000000000001 1503.0000000000002 281.50000000000006 1475.0000000000002 3895.0000000000005 4012.5000000000005 3960.5000000000005 3842.5000000000005 2292.5000000000005 1.0000000180025095e-35 2441.5000000000005 2379.5000000000005 1465.5000000000002 1453.5000000000002 1441.5000000000002 1763.5000000000002 1702.5000000000002 1658.5000000000002 521.00000000000011 4097.0000000000009 1224.5000000000002
decision_type=2 2 2 2 2 2 2 2 2 2 2 2 2 2 2 2 2 2 2 2 2 2 2 2 2 2 2 2 2 2
left_child=2 3 4 5 8 24 29 13 27 -6 12 -12 21 16 15 -15 -5 18 -7 20 -19 22 23 -8 25 26 -2 -1 -16 -4
right_child=1 -3 6 7 9 17 10 -9 -10 -11 11 -13 -14 14 28 -17 -18 19 -20 -21 -22 -23 -24 -25 -26 -27 -28 -29 -30 -31
leaf_value=-2715.1866282145184 4029.8974224453882 17666.236157371884 3.4462505524035905 4586.7654008232448 -701.17721458626659 1821.7167112488678 1492.4742571719059 7338.7106317429316 -1077.6838364882694 -355.83348588470494 -199.02313718211894 1307.7775202433268 2632.7304133695716 5261.796919389205 3201.1845880681822 7885.1045632102287 2702.7515636097305 3524.172602696573 3211.4039993995848 3255.4057462747205 6565.0074662642046 -116.89674646714155 2775.9076674517464 -316.45192871093752 2346.0300822183758 971.1811474609375 1789.3393012152778 -1533.7067561851843 5640.7865699404765 460.86474691742836
leaf_weight=48 21 21 603 443 2979 69 111 42 2089 1734 98 174 68 22 22 22 22 62 172 243 22 34 34 34 334 100 45 1246 21 515
leaf_count=48 21 21 603 443 2979 69 111 42 2089 1734 98 174 68 22 22 22 22 62 172 243 22 34 34 34 334 100 45 1246 21 515
internal_value=-1.96015e-06 3640.3 -627.278 3463.07 -864.431 2694.66 521.729 4844.68 -1268.88 -574.119 1143.56 764.886 1510.1 4654.91 5495.57 6573.45 4497.63 3225.44 2813.53 3529.03 4320.58 1151.7 1392.66 1068.31 2091.68 1579.92 2502.24 -1577.53 4392.62 214.153
internal_weight=11450 1683 9767 1662 8096 1068 1671 594 3383 4713 553 272 281 552 87 44 465 568 241 327 84 213 179 145 500 166 66 1294 43 1118
internal_count=11450 1683 9767 1662 8096 1068 1671 594 3383 4713 553 272 281 552 87 44 465 568 241 327 84 213 179 145 500 166 66 1294 43 1118
is_linear=0
shrinkage=0.05


Tree=32
num_leaves=31
num_cat=0
split_feature=0 3 0 3 0 0 3 0 0 3 3 3 1 1 0 3 3 5 1 3 3 0 0 0 3 5 5 1 1 0
split_gain=9.43864e+12 1.51023e+12 9.6207e+11 6.38201e+11 2.61917e+11 2.32388e+11 1.16929e+11 9.29501e+10 4.68941e+10 3.89684e+10 4.77081e+10 4.10974e+10 5.82708e+10 3.77016e+10 6.31871e+10 6.36732e+10 3.31909e+10 3.2342e+10 5.65207e+10 5.08746e+10 6.96745e+10 1.65951e+11 4.97588e+10 3.44867e+10 3.09283e+10 3.68532e+10 3.00332e+10 7.35177e+10 3.39298e+10 2.89751e+10
threshold=1665.5000000000002 4794.5000000000009 1056.5000000000002 2737.5000000000005 795.50000000000011 1302.5000000000002 3960.5000000000005 1919.5000000000002 941.50000000000011 4297.0000000000009 4012.5000000000005 4097.0000000000009 414084.51116280892 414084.51116280892 2322.0000000000005 2441.5000000000005 3136.5000000000005 1.5000000000000002 415018.39334739919 3842.5000000000005 3695.5000000000005 3568.5000000000005 3726.0000000000005 3425.0000000000005 3429.5000000000005 1.0000000180025095e-35 1.5000000000000002 414552.25179062638 412792.13776554511 616.50000000000011
decision_type=2 2 2 2 2 2 2 2 2 2 2 2 2 2 2 2 2 2 2 2 2 2 2 2 2 2 2 2 2 2
left_child=2 3 4 7 29 -4 16 -2 -6 10 -8 -12 -13 14 -9 -16 26 18 19 20 21 24 23 -19 25 -18 -5 28 -28 -1
right_child=1 -3 5 6 8 -7 9 13 -10 -11 11 12 -14 -15 15 -17 17 22 -20 -21 -22 -23 -24 -25 -26 -27 27 -29 -30 -31
leaf_value=-1832.4923029084941 1774.4258017073164 16782.924643089656 -105.88226561533691 4130.753956495716 -849.3397850327683 894.6981376256465 7490.8492720170461 2706.7429113051476 -544.53941047081787 7884.7171781994057 3041.1253817471593 3755.4983740234379 7484.5101507013496 2457.1658166112425 6244.0869948814652 3426.6343563138525 2402.2278190104166 4856.7694612630212 5815.0023898985328 1564.0130944293478 5925.5272035256421 -240.65312500000002 3556.0163127790179 6888.1755659054488 5481.3235279572318 4733.2124291053187 3264.2999060058596 4568.8687863159184 587.32062842270432 -1322.8773066733002
leaf_weight=343 333 21 1887 155 3057 838 22 187 2149 21 22 20 22 343 29 65 30 45 41 23 39 24 35 39 39 39 20 40 29 1493
leaf_count=343 333 21 1887 155 3057 838 22 187 2149 21 22 20 22 343 29 65 30 45 41 23 39 24 35 39 39 39 20 40 29 1493
internal_value=3.94267e-06 3458.28 -595.914 3289.92 -904.608 201.819 4431.47 2448.97 -723.52 5953.75 5482.24 4791.78 5708.79 2808.94 3238.33 4295.85 4159.09 4468.35 4128.26 3771.78 4068.73 3520.14 5139.95 5799.92 4355.87 3719.74 3710.41 2978.35 1679.97 -1418.08
internal_weight=11450 1683 9767 1662 7042 2725 705 957 5206 107 86 64 42 624 281 94 598 354 235 194 171 132 119 84 108 69 244 89 49 1836
internal_count=11450 1683 9767 1662 7042 2725 705 957 5206 107 86 64 42 624 281 94 598 354 235 194 171 132 119 84 108 69 244 89 49 1836
is_linear=0
shrinkage=0.05


Tree=33
num_leaves=31
num_cat=0
split_feature=0 2 0 3 0 0 3 0 2 2 0 0 2 0 2 2 2 0 2 2 2 2 2 2 0 0 1 0 3 2
split_gain=8.51837e+12 1.50012e+12 8.75455e+11 5.59468e+11 3.11988e+11 1.05837e+11 9.84532e+10 8.38874e+10 7.5185e+10 1.21854e+11 1.07472e+11 6.50637e+10 6.36276e+10 6.13884e+10 4.49545e+10 4.3808e+10 4.25376e+10 7.14804e+10 3.8331e+10 4.85284e+10 3.76146e+10 3.66731e+10 5.32594e+10 3.98911e+10 5.92809e+10 3.41452e+10 3.40257e+10 5.70264e+10 5.98265e+10 3.38987e+10
threshold=1665.5000000000002 577367.92500000005 1133.5000000000002 2737.5000000000005 877.50000000000011 1411.0000000000002 3895.0000000000005 1919.5000000000002 484080.10000000003 423973.67999999999 4170.0000000000009 732.50000000000011 139567.53000000003 4170.0000000000009 302414.45500000002 70025.675000000003 69015.050000000003 999.50000000000011 136956.72000000003 124051.91000000002 73389.560000000012 79037.560000000012 87412.315000000017 90699.235000000015 1264.5000000000002 1062.5000000000002 414084.51116280892 2322.0000000000005 2656.5000000000005 492759.64000000001
decision_type=2 2 2 2 2 2 2 2 2 2 2 2 2 2 2 2 2 2 2 2 2 2 2 2 2 2 2 2 2 2
left_child=2 3 4 7 11 12 14 -2 9 -8 -11 -1 18 -10 -5 -13 25 -18 19 21 -17 -4 -23 24 -24 -6 27 -9 -29 -16
right_child=1 -3 5 6 16 -7 8 26 13 10 -12 15 -14 -15 29 20 17 -19 -20 -21 -22 22 23 -25 -26 -27 -28 28 -30 -31
leaf_value=-1469.0451553968301 1685.7045530393677 16256.107879083807 1359.0244736770105 2402.9473031075104 -333.30714062431838 1041.6430577890351 7921.3041015625004 2571.4057719021562 8647.8516864483172 1928.9044778963416 6260.8633944424719 -826.44980166144126 2798.6311348293143 5013.1738512311667 4114.2174538245572 -1639.8927685961435 -830.96308512185465 -377.29401912086183 -1321.9075665850974 2031.6984054129466 -983.37143598777993 -323.79863418081533 197.05971005088406 96.380270554244163 2057.181876940605 767.37839207967136 2334.3075242289997 4819.6561153738839 1926.8059672037762 2064.1665457589288
leaf_weight=1074 333 22 58 46 1164 553 20 187 26 41 22 1425 23 21 507 392 1766 1708 43 35 492 460 95 326 78 75 343 70 24 21
leaf_count=1074 333 22 58 46 1164 553 20 187 26 41 22 1425 23 21 507 392 1766 1708 43 35 492 460 95 326 78 75 343 70 24 21
internal_value=1.55758e-06 3285.37 -566.118 3113.57 -781.178 475.848 4183.47 2326.52 5425.93 4521.09 3441.65 -1147.53 195.986 7023.85 3902.08 -997.985 -518.208 -607.916 141.319 201.128 -1274.5 138.129 64.2893 422.046 1035.73 -266.68 2668.49 3076.41 4081.06 4032.68
internal_weight=11450 1683 9767 1661 8096 1671 704 957 130 83 63 3383 1118 47 574 2309 4713 3474 1095 1052 884 1017 959 499 173 1239 624 281 94 528
internal_count=11450 1683 9767 1661 8096 1671 704 957 130 83 63 3383 1118 47 574 2309 4713 3474 1095 1052 884 1017 959 499 173 1239 624 281 94 528
is_linear=0
shrinkage=0.05


Tree=34
num_leaves=31
num_cat=0
split_feature=0 3 0 3 0 0 3 0 3 0 1 1 3 3 3 1 0 1 3 1 3 0 0 1 3 3 3 3 0 3
split_gain=7.69416e+12 1.22962e+12 9.70769e+11 3.98501e+11 2.82968e+11 1.36206e+11 8.1576e+10 6.69547e+10 5.8786e+10 3.17797e+10 2.94277e+10 4.52184e+10 8.91086e+10 3.70086e+10 3.11307e+10 4.21411e+10 3.39867e+10 2.89879e+10 2.15616e+10 4.90843e+10 3.74889e+10 3.45924e+10 1.60943e+11 5.87606e+10 3.87996e+10 2.28409e+10 2.14087e+10 5.08991e+10 2.07324e+10 2.33544e+10
threshold=1765.0000000000002 4794.5000000000009 1133.5000000000002 2925.5000000000005 817.50000000000011 1411.0000000000002 4167.5000000000009 959.50000000000011 2186.5000000000005 616.50000000000011 414552.25179062638 414084.51116280892 2656.5000000000005 2656.5000000000005 2656.5000000000005 415018.39334739919 2508.5000000000005 412792.13776554511 3895.0000000000005 412792.13776554511 4012.5000000000005 3497.5000000000005 3425.0000000000005 414552.25179062638 3695.5000000000005 3960.5000000000005 3741.0000000000005 3637.5000000000005 2322.0000000000005 2441.5000000000005
decision_type=2 2 2 2 2 2 2 2 2 2 2 2 2 2 2 2 2 2 2 2 2 2 2 2 2 2 2 2 2 2
left_child=2 3 4 8 9 -4 18 -6 -2 -1 11 12 28 -13 16 -16 -12 -14 19 -5 25 22 -21 24 -23 -20 27 -25 -10 -30
right_child=1 -3 5 6 7 -7 -8 -9 10 -11 14 13 17 -15 15 -17 -18 -19 20 21 -22 23 -24 26 -26 -27 -28 -29 29 -31
leaf_value=-1667.4154349057389 2140.5093116533712 15330.270868210566 186.18709368526618 4849.9574932662808 -720.38216065528809 1068.7009120335485 6276.8772925967269 -382.6680408044233 3143.6438646399456 -1143.7018059795798 3634.8715013586962 765.00963784075805 2486.1488779703777 3178.2240381876632 5838.25356401716 3069.760457356771 1207.2931254795619 461.79870343889507 4600.317493785511 3522.7514968658165 3663.5511105559594 479.74389816810344 7924.3405058487597 3015.1599694293482 3004.8201293945312 6878.7170543323873 2801.8206956129811 6464.0576611328133 5730.9149570312502 3791.9764183974848
leaf_weight=343 522 21 1118 98 3114 718 42 2776 46 1863 46 47 48 24 28 27 21 28 22 214 43 29 23 23 32 22 26 20 25 41
leaf_count=343 522 21 1118 98 3114 718 42 2776 46 1863 46 47 48 24 28 27 21 28 22 214 43 29 23 23 32 22 26 20 25 41
internal_value=5.11262e-07 3315.36 -506.717 3146.81 -742.119 531.31 4152.64 -561.215 2485.17 -1225.13 2957.38 2655.79 3061.79 1580.74 3597.64 4479.18 2873.99 1740.34 3991.01 3855.85 4713.47 3590.39 3949.91 2934.95 1804.37 5739.52 3934.45 4619.3 3958.5 4526.42
internal_weight=11450 1518 9932 1497 8096 1836 594 5890 903 2206 381 259 188 71 122 55 67 76 552 465 87 367 237 130 61 44 69 43 112 66
internal_count=11450 1518 9932 1497 8096 1836 594 5890 903 2206 381 259 188 71 122 55 67 76 552 465 87 367 237 130 61 44 69 43 112 66
is_linear=0
shrinkage=0.05


Tree=35
num_leaves=31
num_cat=0
split_feature=0 2 0 2 0 0 0 0 0 0 2 2 1 0 1 2 2 1 2 2 2 2 2 2 5 2 2 2 2 2
split_gain=6.94435e+12 1.26564e+12 7.14461e+11 4.59336e+11 2.26326e+11 1.23893e+11 1.03681e+11 5.29239e+10 4.78767e+10 4.5226e+10 3.9467e+10 3.63563e+10 7.56846e+10 1.36601e+11 4.33901e+10 4.87844e+10 4.17475e+10 6.63504e+10 7.49945e+10 6.53366e+10 4.70212e+10 3.88202e+10 3.72737e+10 3.18384e+10 3.03693e+10 2.97705e+10 2.94475e+10 2.84331e+10 2.8232e+10 2.72754e+10
threshold=1665.5000000000002 577367.92500000005 1092.5000000000002 362588.28000000009 795.50000000000011 1340.5000000000002 2054.5000000000005 941.50000000000011 3198.0000000000005 4060.5000000000005 69600.955000000016 406614.60000000003 414552.25179062638 3497.5000000000005 412792.13776554511 372031.25000000006 465957.59000000003 414552.25179062638 440817.21000000008 492759.64000000001 449496.75000000006 380710.7900000001 389390.33000000002 70025.675000000003 1.5000000000000002 259409.34 69978.545000000013 69015.050000000003 73067.785000000018 507941.5
decision_type=2 2 2 2 2 2 2 2 2 2 2 2 2 2 2 2 2 2 2 2 2 2 2 2 2 2 2 2 2 2
left_child=2 3 4 6 26 10 25 23 -8 11 -4 12 14 -14 21 -16 17 18 -13 -18 -19 -5 -17 -6 29 -2 -1 -9 -25 -11
right_child=1 -3 5 9 7 -7 8 27 -10 24 -12 16 13 -15 15 22 19 20 -20 -21 -22 -23 -24 28 -26 -27 -28 -29 -30 -31
leaf_value=-1047.3922374758133 1546.0878031695331 14880.336887428977 1479.5559716288251 3357.6454004748116 -578.64145944491611 825.44342368896696 2564.8138024733371 -137.72237043221068 4580.2160018428685 3685.4277149873619 -25.45333464338216 2605.4221573200634 4101.056410571734 8383.5782769097223 4678.5442952473959 891.86315539129851 5870.5947014508929 2611.7784816741946 5805.2048258463547 2769.5236845999057 -263.88187779017858 5902.6873352050789 3200.7740317604762 -1171.9533542309489 6828.1036466979976 2671.6032689711628 -1451.8925339933282 -515.03837693330195 -715.660477611293 6012.4380212402348
leaf_weight=1047 432 22 45 29 1655 730 596 657 31 34 1362 47 60 27 30 29 35 44 30 33 21 31 44 574 20 68 789 2080 828 20
leaf_count=1047 432 22 45 29 1655 730 596 657 31 34 1362 47 60 27 30 29 35 44 30 33 21 31 44 574 20 68 789 2080 828 20
internal_value=-2.14512e-06 2966.35 -511.146 2808.54 -737.463 296.905 2236.2 -584.17 2664.46 4016.47 22.6813 3831.92 4239.32 5430.11 3603.74 2981.11 3346.92 2859.07 3852.09 4365.66 1682.72 4672.58 2283.54 -727.157 5163.72 1699.16 -1221.22 -424.466 -902.474 4547.28
internal_weight=11450 1683 9767 1661 7630 2137 1127 5794 627 534 1407 460 250 87 163 103 210 142 77 68 65 60 73 3057 74 500 1836 2737 1402 54
internal_count=11450 1683 9767 1661 7630 2137 1127 5794 627 534 1407 460 250 87 163 103 210 142 77 68 65 60 73 3057 74 500 1836 2737 1402 54
is_linear=0
shrinkage=0.05


Tree=36
num_leaves=31
num_cat=0
split_feature=0 3 0 3 0 3 0 0 3 0 3 1 1 0 0 1 3 3 1 1 3 5 3 3 1 5 1 1 0 0
split_gain=6.27299e+12 1.03457e+12 8.00313e+11 3.21977e+11 2.6765e+11 6.60451e+10 6.58747e+10 4.94825e+10 4.86742e+10 4.6932e+10 2.67322e+10 7.18254e+10 4.13962e+10 3.39045e+10 1.44928e+11 5.00798e+10 3.49187e+10 2.91361e+10 2.64218e+10 4.05453e+10 8.15932e+10 3.93843e+10 3.31956e+10 2.79412e+10 4.36377e+10 2.58838e+10 2.55074e+10 2.53973e+10 3.4827e+10 3.10311e+10
threshold=1765.0000000000002 4794.5000000000009 1173.5000000000002 2925.5000000000005 877.50000000000011 4297.0000000000009 1411.0000000000002 729.50000000000011 2186.5000000000005 1050.5000000000002 3895.0000000000005 414084.51116280892 412792.13776554511 3497.5000000000005 3425.0000000000005 414552.25179062638 3695.5000000000005 4012.5000000000005 414552.25179062638 414084.51116280892 2656.5000000000005 1.0000000180025095e-35 2656.5000000000005 2737.5000000000005 415018.39334739919 1.0000000180025095e-35 412792.13776554511 414552.25179062638 1154.5000000000002 1157.5000000000002
decision_type=2 2 2 2 2 2 2 2 2 2 2 2 2 2 2 2 2 2 2 2 2 2 2 2 2 2 2 2 2 2
left_child=2 3 4 8 7 10 -4 -1 -2 -6 12 -12 -5 14 -14 16 -15 -13 19 20 25 -20 -21 24 -23 -10 -22 -11 -29 -30
right_child=1 -3 6 5 9 -7 -8 -9 18 27 11 17 13 15 -16 -17 -18 -19 21 22 26 23 -24 -25 -26 -27 -28 28 29 -31
leaf_value=-1278.6608953658026 1930.6012112321525 14014.412911696663 293.46436471958418 4390.487784140937 -513.91716523879347 6497.0680604480567 965.71330963814819 -862.43147761287094 4611.9335995628717 -18.610740400723785 2765.4404387718023 6696.0340914212738 3184.3421816620871 284.50564385775863 7361.1914975373647 3507.5955980383837 2679.9712341308596 4535.1900866386222 1918.9488845412795 597.58064328457453 2207.6865232467653 1641.5805849609378 2883.1003723144531 4983.5632036994493 4567.2782520000756 3041.8624511718754 308.75039280482702 -298.7373875349366 -3096.1525192987356 -791.72499004999804
leaf_weight=1024 522 21 740 98 3566 21 718 2359 42 927 43 26 214 29 23 69 32 39 37 47 48 25 24 34 26 70 28 529 21 48
leaf_count=1024 522 21 740 98 3566 21 718 2359 42 927 43 26 214 29 23 69 32 39 37 47 48 25 24 34 26 70 28 529 21 48
internal_value=2.04501e-06 2993.55 -457.533 2838.95 -643.705 3743.06 624.517 -988.42 2244.22 -414.641 3642.13 4350.77 3477.54 3233.76 3589.69 2584.88 1541.14 5399.53 2673.9 2388.13 2772.58 3280.58 1370.15 3873.29 3133.11 3630.64 1508.08 -182.496 -436.545 -1493.07
internal_weight=11450 1518 9932 1497 8474 594 1458 3383 903 5091 573 108 465 367 237 130 61 65 381 259 188 122 71 85 51 112 76 1525 598 69
internal_count=11450 1518 9932 1497 8474 594 1458 3383 903 5091 573 108 465 367 237 130 61 65 381 259 188 122 71 85 51 112 76 1525 598 69
is_linear=0
shrinkage=0.05


Tree=37
num_leaves=31
num_cat=0
split_feature=0 3 0 3 0 3 0 0 0 0 1 0 0 3 3 1 3 1 0 0 0 3 3 0 0 0 0 0 3 3
split_gain=5.66137e+12 9.337e+11 7.22283e+11 2.90584e+11 2.41554e+11 6.08241e+10 5.94519e+10 4.53556e+10 4.44785e+10 4.2662e+10 3.03898e+10 2.84384e+10 2.80056e+10 2.27533e+10 4.51865e+10 2.93512e+10 4.14408e+10 3.83213e+10 2.19923e+10 2.83396e+10 2.77852e+10 2.18883e+10 2.96884e+10 2.14144e+10 1.79993e+10 1.77096e+10 2.36837e+10 1.75878e+10 4.17437e+10 1.6966e+10
threshold=1765.0000000000002 4794.5000000000009 1173.5000000000002 2925.5000000000005 877.50000000000011 4167.5000000000009 1411.0000000000002 748.50000000000011 2292.5000000000005 1028.5000000000002 414552.25179062638 1154.5000000000002 1157.5000000000002 2441.5000000000005 2379.5000000000005 414552.25179062638 2656.5000000000005 415018.39334739919 1116.5000000000002 1087.5000000000002 1167.5000000000002 214.50000000000003 261.50000000000006 521.00000000000011 1148.5000000000002 887.50000000000011 890.50000000000011 2982.5000000000005 3136.5000000000005 275.50000000000006
decision_type=2 2 2 2 2 2 2 2 2 2 2 2 2 2 2 2 2 2 2 2 2 2 2 2 2 2 2 2 2 2
left_child=2 3 4 8 7 27 -4 23 -2 25 18 21 -13 14 -10 -15 -17 -18 19 -11 24 -12 -23 -1 -20 -6 -27 -5 -29 -24
right_child=1 -3 6 5 9 -7 -8 -9 13 10 11 12 -14 15 -16 16 17 -19 20 -21 -22 22 29 -25 -26 26 -28 28 -30 -31
leaf_value=-2207.9353282928469 1867.6079946517946 13313.692027064733 278.79113801608213 4454.3456009714228 -82.128198640035549 5390.1654407319575 917.4276369887807 -794.90941657344365 2616.3320336126512 -19.706556761143574 -537.51173978238501 -2941.3450509207591 -752.13875783284504 1963.9584493425159 5253.9204944957391 1484.769192504883 5203.2608319963729 2563.2187246817134 187.96507405598959 -726.07358910871699 -1286.9463895357574 739.52727602066534 -1714.8761962890626 -1131.6907894397816 1027.4374170807587 -1605.7165031283512 -518.88629666321583 2393.3075138614054 3554.1638277477186 -164.22357698933465
leaf_weight=48 576 21 740 38 230 42 718 2089 62 590 481 21 48 162 22 26 28 27 240 187 26 93 22 1246 87 51 2926 95 419 89
leaf_count=48 576 21 740 38 230 42 718 2089 62 590 481 21 48 162 22 26 28 27 240 187 26 93 22 1246 87 51 2926 95 419 89
internal_value=-3.6248e-08 2843.88 -434.656 2697 -611.52 3555.91 593.291 -938.999 2132.01 -393.908 -205.067 -450.903 -1418.42 2597.74 3307.13 2352.52 3129.66 3907.24 -41.0306 -189.707 286.227 -353.446 80.5532 -1171.61 411.311 -504.846 -537.505 3416.35 3339.61 -471.56
internal_weight=11450 1518 9932 1497 8474 594 1458 3383 903 5091 1884 754 69 327 84 243 81 55 1130 777 353 685 204 1294 327 3207 2977 552 514 111
internal_count=11450 1518 9932 1497 8474 594 1458 3383 903 5091 1884 754 69 327 84 243 81 55 1130 777 353 685 204 1294 327 3207 2977 552 514 111
is_linear=0
shrinkage=0.05


Tree=38
num_leaves=31
num_cat=0
split_feature=2 2 2 2 2 3 3 3 2 3 2 2 5 3 3 5 2 2 2 2 3 3 2 2 2 3 3 3 3 3
split_gain=5.11269e+12 9.77987e+11 4.93906e+11 2.77989e+11 1.12759e+11 6.54475e+10 4.81395e+10 4.38116e+10 4.31831e+10 1.40765e+11 8.61798e+10 6.05302e+10 4.46994e+10 4.40468e+10 4.22733e+10 4.19189e+10 4.04339e+10 3.49068e+10 4.23743e+10 3.41515e+10 3.04425e+10 2.88302e+10 3.09686e+10 3.06987e+10 3.06603e+10 2.97697e+10 2.70476e+10 4.02277e+10 3.3377e+10 3.13897e+10
threshold=199235.51500000004 577367.92500000005 81089.24000000002 362588.28000000009 137994.34 3176.5000000000005 1937.5000000000002 1458.5000000000002 406614.60000000003 3695.5000000000005 465957.59000000003 389390.33000000002 1.5000000000000002 3581.5000000000005 3741.0000000000005 1.5000000000000002 136956.72000000003 124051.91000000002 127850.18000000001 397171.62999999995 3895.0000000000005 245.50000000000003 88301.810000000012 81730.570000000022 88666.535000000018 934.50000000000011 167.50000000000003 110.50000000000001 146.50000000000003 70.500000000000014
decision_type=2 2 2 2 2 2 2 2 2 2 2 2 2 2 2 2 2 2 2 2 2 2 2 2 2 2 2 2 2 2
left_child=2 3 26 5 7 6 -2 16 9 13 14 -11 -12 19 15 -10 17 21 -19 -5 -16 22 23 -4 -24 -23 27 29 -29 -1
right_child=1 -3 4 8 -6 -7 -8 -9 10 11 12 -13 -14 -15 20 -17 -18 18 -20 -21 -22 25 24 -25 -26 -27 -28 28 -30 -31
leaf_value=-910.91635863198178 1374.9635981692909 13141.918909801136 754.10680529906028 3299.6358860758992 997.12740480970115 4090.8005415632924 2168.2644718730985 1596.6688530137806 1892.4574739417251 4402.5307031250004 3395.943721095995 8092.963140625001 5490.8393881903758 1197.3624279203868 10.937604631696431 3994.1035652492355 -1665.3686827741349 1896.5335266113282 41.951305803571429 5072.103254468514 2222.8490569196429 -721.99742159296261 1546.8474021218042 -174.73456820572349 294.7069166356867 21.708058883666993 -491.75171060627258 -1045.4603444221163 -677.20632380558754 -444.1836539740579
leaf_weight=450 265 22 101 154 373 37 687 45 49 20 87 25 36 21 28 46 35 55 70 33 35 244 55 746 440 300 2636 1038 1511 1806
leaf_count=450 265 22 101 154 373 37 687 45 49 20 87 25 36 21 28 46 35 55 70 33 35 244 55 746 440 300 2636 1038 1511 1806
internal_value=-2.4818e-07 2675.19 -417.281 2524 196.283 2027.63 1947.44 53.4259 3443.31 3917.16 3016.66 6452.77 4009.08 3368.6 2244.08 2910.1 19.4836 48.8073 857.967 3612.42 1239.78 -4.82211 119.643 -63.9754 433.834 -311.866 -620.456 -691.062 -827.166 -537.282
internal_weight=11450 1545 9905 1523 2464 989 952 2091 534 253 281 45 123 208 158 95 2046 2011 125 187 63 1886 1342 847 495 544 7441 4805 2549 2256
internal_count=11450 1545 9905 1523 2464 989 952 2091 534 253 281 45 123 208 158 95 2046 2011 125 187 63 1886 1342 847 495 544 7441 4805 2549 2256
is_linear=0
shrinkage=0.05


Tree=39
num_leaves=31
num_cat=0
split_feature=0 3 0 3 0 3 0 3 0 0 3 0 0 0 0 0 3 5 5 3 0 3 5 3 0 5 3 0 3 5
split_gain=4.6206e+12 8.08929e+11 4.89878e+11 3.05544e+11 1.76938e+11 6.31802e+10 5.67539e+10 5.18707e+10 4.11471e+10 3.00528e+10 4.92321e+10 3.97303e+10 2.50204e+10 2.37209e+10 2.86299e+10 3.03684e+10 2.01386e+10 5.28746e+10 6.78063e+10 2.38433e+10 1.8167e+10 3.35668e+10 3.37123e+10 6.27465e+10 1.54098e+11 4.74643e+10 2.94695e+10 3.17003e+10 2.44239e+10 3.85366e+10
threshold=1665.5000000000002 4794.5000000000009 1129.5000000000002 2925.5000000000005 817.50000000000011 2010.5000000000002 1411.0000000000002 4297.0000000000009 959.50000000000011 1503.0000000000002 281.50000000000006 1475.0000000000002 568.50000000000011 1465.5000000000002 1453.5000000000002 1441.5000000000002 3895.0000000000005 1.5000000000000002 1.0000000180025095e-35 3842.5000000000005 2982.5000000000005 3136.5000000000005 1.5000000000000002 3695.5000000000005 3568.5000000000005 1.0000000180025095e-35 3695.5000000000005 3425.0000000000005 3429.5000000000005 1.0000000180025095e-35
decision_type=2 2 2 2 2 2 2 2 2 2 2 2 2 2 2 2 2 2 2 2 2 2 2 2 2 2 2 2 2 2
left_child=2 3 4 5 12 -2 -4 16 -6 11 -11 13 -1 14 15 -8 19 18 -18 20 -5 -22 23 24 28 -25 27 -24 29 -23
right_child=1 -3 6 7 8 -7 9 -9 -10 10 -12 -13 -14 -15 -16 -17 17 -19 -20 -21 21 22 26 25 -26 -27 -28 -29 -30 -31
leaf_value=-1580.7291505612827 1357.0674051357837 12171.560997953869 152.42244666697448 4098.2844655087129 -560.53812101580968 2131.7909753327385 1119.0870233209284 5646.1368233816975 -294.77161928732494 -502.84881616709185 898.32193729795256 2183.0116977467255 -915.91800097592738 -415.83842661240527 2330.6784955193016 -588.81904799517463 5070.3952514648445 5232.65339740954 1791.9388831097147 1366.5515003551136 2132.6205587688246 1565.071637707222 3496.6182900661897 6075.9387780230982 -671.16837713068185 2897.3608846028646 2238.1495703125001 5487.229709879557 4147.9207547687356 3673.1937128481659
leaf_weight=152 470 21 1158 38 3114 598 111 21 2736 98 174 68 2054 34 34 34 24 38 46 22 95 41 45 23 33 24 20 36 42 46
leaf_count=152 470 21 1158 38 3114 598 111 21 2736 98 174 68 2054 34 34 34 24 38 46 22 95 41 45 23 33 24 20 36 42 46
internal_value=-2.64003e-06 2419.66 -416.944 2296.45 -580.136 1790.85 351.422 3205.49 -436.241 768.132 393.488 1130.78 -961.725 794.852 1024.81 718.612 3116.04 3731.11 2915.98 2973.19 3052.97 2954.89 3206.88 2844.41 2377.77 4452.84 3956.94 4381.33 3157.73 2679.71
internal_weight=11450 1683 9767 1662 8056 1068 1711 594 5850 553 272 281 2206 213 179 145 573 108 70 465 443 405 310 209 162 47 101 81 129 87
internal_count=11450 1683 9767 1662 8056 1068 1711 594 5850 553 272 281 2206 213 179 145 573 108 70 465 443 405 310 209 162 47 101 81 129 87
is_linear=0
shrinkage=0.05


Tree=40
num_leaves=31
num_cat=0
split_feature=2 2 0 2 0 2 3 2 3 1 2 5 1 5 2 3 0 5 2 0 2 0 2 0 2 1 2 2 0 0
split_gain=4.17285e+12 8.32586e+11 5.2501e+11 2.07341e+11 1.85734e+11 6.3741e+10 5.49758e+10 5.31503e+10 1.22224e+11 1.40313e+11 5.39919e+10 5.43224e+10 5.19261e+10 8.89383e+10 4.55687e+10 3.91973e+10 3.70356e+10 3.82904e+10 3.62909e+10 9.55449e+10 3.56619e+10 5.90583e+10 3.16294e+10 3.15717e+10 3.01223e+10 3.62361e+10 3.53316e+10 3.13e+10 5.66795e+10 2.89146e+10
threshold=199235.51500000004 561545.60000000009 1173.5000000000002 362588.28000000009 877.50000000000011 88301.810000000012 3176.5000000000005 406614.60000000003 3695.5000000000005 414084.51116280892 465957.59000000003 1.5000000000000002 414552.25179062638 1.5000000000000002 69978.545000000013 1902.5000000000002 3568.5000000000005 1.5000000000000002 475400.56000000006 4060.5000000000005 69015.050000000003 999.50000000000011 449496.75000000006 1062.5000000000002 93377.945000000022 412792.13776554511 92623.275000000009 90699.235000000015 1402.0000000000002 729.50000000000011
decision_type=2 2 2 2 2 2 2 2 2 2 2 2 2 2 2 2 2 2 2 2 2 2 2 2 2 2 2 2 2 2
left_child=2 3 4 6 14 -4 15 8 16 -10 12 18 13 -9 29 -2 17 -5 -12 -20 23 -22 -14 -6 26 -26 27 28 -7 -1
right_child=1 -3 5 7 20 24 -8 10 9 -11 11 -13 22 -15 -16 -17 -18 -19 19 -21 21 -23 -24 -25 25 -27 -28 -29 -30 -31
leaf_value=-964.12859192233918 1182.590675454833 10808.940274784483 62.451084153322213 3802.3448667907719 -171.58830335918572 2495.4652890625002 3720.3828979492191 1437.4603565216066 3087.889226740057 8673.229322350544 3992.358827209473 5040.0092975725456 1724.2691012662999 4751.8140809849338 -1033.1971667178748 1935.4856428243704 1176.5155846637228 2265.7126065572102 -618.48770086115064 3820.4451895819775 -623.75014319414458 -230.39939946485165 -476.91146036783857 826.6042244047278 -109.185505487136 793.93770537765818 2899.2848831176761 -628.34555027173917 -253.58291035970052 -540.79752504043097
leaf_weight=562 227 29 513 125 1164 50 37 48 22 23 32 35 51 35 1392 725 23 60 22 27 1766 2076 24 85 134 649 32 23 30 1429
leaf_count=562 227 29 513 125 1164 50 37 48 22 23 32 35 51 35 1392 725 23 60 22 27 1766 2076 24 85 134 649 32 23 30 1429
internal_value=4.59046e-06 2416.83 -376.982 2256.3 -526.572 508.849 1829.45 3057.34 3579.9 5942.62 2574.83 3393.97 1973.44 2835.08 -813.731 1755.96 3068.73 3303.98 2682.73 1827.45 -335.753 -411.206 1019.89 -103.657 758.307 639.38 1448.08 997.222 1464.57 -660.291
internal_weight=11450 1545 9905 1516 8474 1431 989 527 253 45 274 116 158 83 3383 952 208 185 81 49 5091 3842 75 1249 918 783 135 103 80 1991
internal_count=11450 1545 9905 1516 8474 1431 989 527 253 45 274 116 158 83 3383 952 208 185 81 49 5091 3842 75 1249 918 783 135 103 80 1991
is_linear=0
shrinkage=0.05


Tree=41
num_leaves=31
num_cat=0
split_feature=0 2 0 2 0 0 3 2 2 3 1 2 1 5 5 0 3 3 2 2 2 2 1 2 0 3 2 2 3 3
split_gain=3.77029e+12 7.74127e+11 4.00698e+11 2.48144e+11 1.1485e+11 9.95029e+10 5.63758e+10 4.47734e+10 3.90777e+10 1.10307e+11 1.26632e+11 6.47184e+10 4.68633e+10 8.02668e+10 3.55907e+10 3.53929e+10 4.09367e+10 3.4014e+10 3.15612e+10 3.9272e+10 1.15196e+11 3.51436e+10 2.96982e+10 5.61463e+10 3.36315e+10 1.42679e+11 2.90337e+10 2.85456e+10 2.85443e+10 4.81355e+10
threshold=1665.5000000000002 577367.92500000005 1056.5000000000002 362588.28000000009 795.50000000000011 1224.5000000000002 2186.5000000000005 69600.955000000016 406614.60000000003 3695.5000000000005 414084.51116280892 465957.59000000003 414552.25179062638 1.5000000000000002 1.5000000000000002 2982.5000000000005 2737.5000000000005 3176.5000000000005 79636.045000000027 87204.955000000016 86527.425000000003 87754.795000000013 414552.25179062638 380710.7900000001 3342.5000000000005 3479.5000000000005 104008.86500000001 449496.75000000006 2441.5000000000005 2379.5000000000005
decision_type=2 2 2 2 2 2 2 2 2 2 2 2 2 2 2 2 2 2 2 2 2 2 2 2 2 2 2 2 2 2
left_child=2 3 4 6 -1 7 -2 -4 9 15 -11 12 13 -10 -13 16 -5 28 -7 20 -20 -21 24 -24 -17 -26 -9 -14 29 -8
right_child=1 -3 5 8 -6 18 17 26 11 10 -12 14 27 -15 -16 22 -18 -19 19 21 -22 -23 23 -25 25 -27 -28 -29 -30 -31
leaf_value=-915.87033930328676 1358.6162538064793 11503.389453125001 899.9882836708656 2243.7712690873582 -455.93668575391285 2433.7566452752976 2126.7288260020382 -247.92324289353667 1365.5874631007514 2933.4946244673297 8239.5677946671185 2857.1774440721533 1638.0556471880745 4514.2233893694201 4726.481254662408 981.01631103515638 4967.3510729815507 3534.3637814083618 280.72684581628005 2548.7342692057296 -3335.6571427663171 604.30177562744893 4777.9659122467046 1496.7025330977008 6136.3877563476562 684.33748087565107 440.96066674520807 -453.06586201985675 1648.3106689739943 4679.4476495916197
leaf_weight=1836 687 22 104 22 5206 21 115 1381 48 22 23 87 51 35 36 45 37 37 267 24 24 732 32 22 20 30 172 24 266 22
leaf_count=1836 687 22 104 22 5206 21 115 1381 48 22 23 87 51 35 36 45 37 37 267 24 24 732 32 22 20 30 172 24 266 22
internal_value=5.66358e-07 2185.71 -376.631 2062.3 -575.851 138.197 1641.63 -104.368 2950.13 3400.9 5645.49 2544.27 1874.77 2693.33 3404.29 2915.29 3951.78 2083.51 514.537 476.043 -17.5316 666.03 2504.87 3441.15 1972.67 2865.16 -171.627 968.897 1950.3 2536.65
internal_weight=11450 1683 9767 1661 7042 2725 1127 1657 534 253 45 281 158 83 123 208 59 440 1068 1047 291 756 149 54 95 50 1553 75 403 137
internal_count=11450 1683 9767 1661 7042 2725 1127 1657 534 253 45 281 158 83 123 208 59 440 1068 1047 291 756 149 54 95 50 1553 75 403 137
is_linear=0
shrinkage=0.05


Tree=42
num_leaves=31
num_cat=0
split_feature=2 2 2 2 2 3 2 3 1 2 2 3 3 1 5 2 3 3 3 1 3 3 5 2 2 3 2 3 3 2
split_gain=3.40799e+12 6.84688e+11 3.32652e+11 1.66824e+11 7.79046e+10 4.45371e+10 4.369e+10 9.9552e+10 1.14286e+11 4.33039e+10 4.92396e+10 1.08998e+11 6.17917e+10 4.22941e+10 7.24408e+10 4.0662e+10 3.79583e+10 3.30958e+10 2.95169e+10 3.28843e+10 4.30267e+10 6.71778e+10 4.67084e+10 2.84243e+10 4.68646e+10 3.84732e+10 6.7643e+10 5.55717e+10 2.89973e+10 2.81578e+10
threshold=199235.51500000004 561545.60000000009 81089.24000000002 362588.28000000009 137994.34 3176.5000000000005 406614.60000000003 3695.5000000000005 414084.51116280892 465957.59000000003 492759.64000000001 3960.5000000000005 3960.5000000000005 414552.25179062638 1.5000000000000002 136956.72000000003 1331.0000000000002 1902.5000000000002 3581.5000000000005 415018.39334739919 3374.0000000000005 2996.5000000000005 1.5000000000000002 187217.62000000002 170008.82500000004 110.50000000000001 146375.25000000003 1105.0000000000002 1536.5000000000002 69904.050000000017
decision_type=2 2 2 2 2 2 2 2 2 2 2 2 2 2 2 2 2 2 2 2 2 2 2 2 2 2 2 2 2 2
left_child=2 3 29 5 15 17 7 18 -9 13 12 -12 -11 14 -8 16 -4 -2 19 20 21 22 -5 24 25 -6 27 -27 -26 -1
right_child=1 -3 4 6 23 -7 9 8 -10 10 11 -13 -14 -15 -16 -17 -18 -19 -20 -21 -22 -23 -24 -25 28 26 -28 -29 -30 -31
leaf_value=-402.61577506926807 1062.6746944011572 9794.4509807718205 25.072810443607505 5450.2889648437504 -1010.6378831129809 3357.6455923956801 1297.3080816904703 2786.8200372869323 7827.5894743546196 5893.9063034644496 -467.23041210937504 3909.6651218298707 2612.2933109283449 920.45189526367199 4288.5122523716518 -1645.8035328020369 1038.358184122302 1754.494644861682 992.12841157459081 1509.8629306793214 4812.914081856864 1768.309661022585 2455.3989013671876 170.61901606509559 3746.4528767903648 4088.8945129394533 109.4497317699676 1273.5632479623648 1336.315198986347 -597.68772909301356
leaf_weight=3443 227 29 1959 30 26 37 48 22 23 26 25 33 32 75 35 35 97 725 21 32 35 67 23 114 24 24 94 65 26 3998
leaf_count=3443 227 29 1959 30 26 37 48 22 23 26 25 33 32 75 35 35 97 725 21 32 35 67 23 114 24 24 94 65 26 3998
internal_value=-1.60247e-06 2184.14 -340.686 2038.56 162.854 1655.68 2757.08 3230.86 5363.21 2319.62 3053.22 2023.07 4083.36 1781.03 2558.66 44.1106 72.8786 1589.53 2769.53 2969.13 3270.4 2820.5 4150.62 828.516 1118.09 789.123 1044.83 2032.75 2493.18 -507.427
internal_weight=11450 1545 9905 1516 2464 989 527 253 45 274 116 58 58 158 83 2091 2056 952 208 187 155 120 53 373 259 209 183 89 50 7441
internal_count=11450 1545 9905 1516 2464 989 527 253 45 274 116 58 58 158 83 2091 2056 952 208 187 155 120 53 373 259 209 183 89 50 7441
is_linear=0
shrinkage=0.05


Tree=43
num_leaves=31
num_cat=0
split_feature=0 2 0 2 0 0 2 2 3 2 0 2 2 2 2 3 1 2 3 5 1 2 2 2 0 0 3 1 2 0
split_gain=3.07979e+12 6.21233e+11 4.10916e+11 1.55987e+11 1.34593e+11 5.50172e+10 4.94589e+10 3.92616e+10 3.91711e+10 3.58678e+10 3.67996e+10 3.44764e+10 3.55516e+10 4.42063e+10 3.21955e+10 8.98456e+10 1.03143e+11 5.1942e+10 3.83606e+10 3.32916e+10 3.16854e+10 3.13085e+10 2.85159e+10 3.3513e+10 4.40901e+10 2.84841e+10 3.59267e+10 2.81283e+10 5.03592e+10 2.78333e+10
threshold=1765.0000000000002 577367.92500000005 1133.5000000000002 362588.28000000009 877.50000000000011 1411.0000000000002 139567.53000000003 69978.545000000013 3176.5000000000005 69015.050000000003 999.50000000000011 79037.560000000012 87412.315000000017 136956.72000000003 406614.60000000003 3695.5000000000005 414084.51116280892 465957.59000000003 3741.0000000000005 1.5000000000000002 414084.51116280892 440817.21000000008 124051.91000000002 90699.235000000015 1264.5000000000002 2982.5000000000005 2737.5000000000005 414552.25179062638 380710.7900000001 3342.5000000000005
decision_type=2 2 2 2 2 2 2 2 2 2 2 2 2 2 2 2 2 2 2 2 2 2 2 2 2 2 2 2 2 2
left_child=2 3 4 8 7 6 11 -1 -2 -6 -11 -4 -13 22 15 25 -17 18 20 -19 -16 -20 23 24 -14 26 -5 29 -29 -27
right_child=1 -3 5 14 9 -7 -8 -9 -10 10 -12 12 13 -15 17 16 -18 19 21 -21 -22 -23 -24 -25 -26 27 -28 28 -30 -31
leaf_value=-571.94237754932908 1530.6774193700842 10438.497903719815 1273.5316184208311 1960.8070435957475 -70.050576765389096 696.30073511713408 2430.0571811427244 -918.08062455859681 3189.7633228198902 -543.43261085755421 -217.92058823985295 -307.01510018058445 148.90136497096012 -1260.0057117550873 3703.9808282260237 2647.478926225142 7436.2099261739977 2533.0857463266657 -397.18726058467746 4341.0055667453344 1721.12934699781 1832.3531646728516 1786.0746766880582 11.192021006016645 1753.0862707284782 842.78659993489589 4512.2873317409203 4440.1062431335449 1332.542807561701 2556.8334068603517
leaf_weight=1991 925 22 58 22 1239 718 23 1392 37 1766 1708 460 95 43 29 22 23 87 31 36 66 32 35 326 78 45 37 32 22 50
leaf_count=1991 925 22 58 22 1239 718 23 1392 37 1766 1708 460 95 43 29 22 23 87 31 36 66 32 35 326 78 45 37 32 22 50
internal_value=3.51811e-06 2097.54 -320.587 1974.88 -473.741 354.761 135.417 -714.368 1594.49 -301.019 -383.394 87.2194 20.8683 282.266 2660.16 3069.31 5095.05 2291.77 1691.98 3062.23 2326.42 735.278 406.456 309.689 872.175 2631.05 3560.89 2262.86 3174.06 1744.92
internal_weight=11450 1518 9932 1496 8096 1836 1118 3383 962 4713 3474 1095 1037 577 534 253 45 281 158 123 95 63 534 499 173 208 59 149 54 95
internal_count=11450 1518 9932 1496 8096 1836 1118 3383 962 4713 3474 1095 1037 577 534 253 45 281 158 123 95 63 534 499 173 208 59 149 54 95
is_linear=0
shrinkage=0.05


Tree=44
num_leaves=31
num_cat=0
split_feature=2 2 0 2 0 0 2 3 2 2 2 2 3 1 2 1 5 2 0 0 2 3 0 2 0 0 2 5 0 5
split_gain=2.78241e+12 5.63231e+11 3.58654e+11 1.46939e+11 1.23996e+11 4.68381e+10 4.46367e+10 3.61037e+10 3.11149e+10 3.20853e+10 3.98962e+10 2.90564e+10 8.10857e+10 9.30864e+10 4.68777e+10 3.67239e+10 6.50538e+10 3.0086e+10 1.26663e+11 1.20138e+11 2.84559e+10 2.83574e+10 2.78036e+10 3.70749e+10 4.63546e+10 3.63564e+10 4.19305e+10 3.66416e+10 2.77631e+10 2.876e+10
threshold=199235.51500000004 577367.92500000005 1133.5000000000002 362588.28000000009 817.50000000000011 1411.0000000000002 139567.53000000003 3176.5000000000005 79037.560000000012 87412.315000000017 136956.72000000003 406614.60000000003 3695.5000000000005 414084.51116280892 465957.59000000003 414552.25179062638 1.5000000000000002 492759.64000000001 3961.5000000000005 3961.5000000000005 69978.545000000013 1937.5000000000002 950.50000000000011 69015.050000000003 966.50000000000011 1020.5000000000001 51978.710000000014 1.0000000180025095e-35 3568.5000000000005 1.5000000000000002
decision_type=2 2 2 2 2 2 2 2 2 2 2 2 2 2 2 2 2 2 2 2 2 2 2 2 2 2 2 2 2 2
left_child=2 3 4 7 20 6 8 21 -4 -10 -11 12 28 -14 15 16 -13 18 -16 -19 -1 -2 -6 24 -24 27 -27 -26 29 -5
right_child=1 -3 5 11 22 -7 -8 -9 9 10 -12 14 13 -15 17 -17 -18 19 -20 -21 -22 -23 23 -25 25 26 -28 -29 -30 -31
leaf_value=-618.18589727597214 998.96357251437212 9916.572908158736 1209.8550375050513 3135.0961896423341 -440.68280690708519 652.28177008125101 2308.5543361497962 3030.2751451646964 -291.6643539743838 386.13331877176233 -1197.0054729372957 1136.6841509501139 2515.1050292968753 7064.3995860224186 6240.6403483072918 805.47107080078126 3971.2766577148441 -462.24920137845561 1556.3226861769153 3925.56708178398 -982.50298358194198 1607.8274740116392 988.20353327105136 -311.99805960021962 -1056.4963361386899 -869.05316721598308 826.09504380477108 86.294946351769852 861.19548764436149 1803.3556356811525
leaf_weight=1288 265 22 58 125 2898 691 23 37 460 534 43 48 22 23 27 75 35 26 31 39 918 687 124 2387 135 48 152 146 23 60
leaf_count=1288 265 22 58 125 2898 691 23 37 460 534 43 48 22 23 27 75 35 26 31 39 918 687 124 2387 135 48 152 146 23 60
internal_value=1.61045e-06 1973.52 -307.833 1858.78 -450.054 328.664 128.646 1497.9 82.8584 19.8248 268.152 2527.15 2915.85 4840.3 2177.18 1607.38 2331.99 2909.12 3736.95 2170.44 -769.792 1438.34 -330.302 -223.388 126.217 -96.0001 419.259 -462.733 2499.5 2703.18
internal_weight=11450 1545 9905 1523 8096 1809 1118 989 1095 1037 577 534 253 45 281 158 83 123 58 65 2206 952 5890 2992 605 481 200 281 208 185
internal_count=11450 1545 9905 1523 8096 1809 1118 989 1095 1037 577 534 253 45 281 158 83 123 58 65 2206 952 5890 2992 605 481 200 281 208 185
is_linear=0
shrinkage=0.05


Tree=45
num_leaves=31
num_cat=0
split_feature=2 2 2 2 2 2 3 1 3 2 2 5 3 3 2 5 2 2 2 2 3 2 3 3 3 3 1 3 3 5
split_gain=2.51113e+12 5.12514e+11 2.49329e+11 1.20857e+11 5.63373e+10 3.26546e+10 7.31798e+10 8.40105e+10 3.25836e+10 3.20145e+10 3.09395e+10 4.22772e+10 3.46262e+10 3.00618e+10 2.83321e+10 2.79424e+10 2.7183e+10 3.16921e+10 2.70701e+10 4.15986e+10 3.29832e+10 6.05056e+10 5.06864e+10 2.55925e+10 2.55357e+10 2.39252e+10 3.10811e+10 3.80126e+10 5.60126e+10 3.91986e+10
threshold=199235.51500000004 561545.60000000009 81089.24000000002 362588.28000000009 137994.34 406614.60000000003 3695.5000000000005 414084.51116280892 3176.5000000000005 136956.72000000003 465957.59000000003 1.5000000000000002 3741.0000000000005 1331.0000000000002 440817.21000000008 1.5000000000000002 475400.56000000006 507941.5 187217.62000000002 170008.82500000004 110.50000000000001 146375.25000000003 1105.0000000000002 1937.5000000000002 1536.5000000000002 3581.5000000000005 415018.39334739919 3374.0000000000005 2996.5000000000005 1.5000000000000002
decision_type=2 2 2 2 2 2 2 2 2 2 2 2 2 2 2 2 2 2 2 2 2 2 2 2 2 2 2 2 2 2
left_child=2 3 -1 8 9 6 25 -8 23 13 12 16 15 -4 -14 -7 -12 -18 19 20 -6 22 -22 -2 -21 26 27 28 29 -5
right_child=1 -3 4 5 18 10 7 -9 -10 -11 11 -13 14 -15 -16 -17 17 -19 -20 24 21 -23 -24 -25 -26 -27 -28 -29 -30 -31
leaf_value=-436.79681951106033 949.01537247567819 8459.1388234105598 25.501329793620926 4829.4249584960944 -984.18504356971152 1298.934159010284 2389.3497935901992 6711.1796248726232 2878.7613962121914 -1456.9724675641742 3108.3296340942384 4054.4661432756693 -459.22069367439519 927.25133832164647 1661.695706176758 3014.8123970363454 -174.0185643976385 2382.5086425781251 67.532235342996159 3463.7791318893433 3817.0206899007167 34.329002161228907 1128.2828587928186 1527.4360928642352 1202.0702890249399 774.31248663039435 1135.5356691837312 4296.9741489955359 1463.4664230517487 2085.8376042905061
leaf_weight=7441 265 29 1959 30 26 49 22 23 37 35 32 35 31 97 32 46 22 27 114 24 24 94 65 687 26 21 32 35 67 23
leaf_count=7441 265 29 1959 30 26 49 22 23 37 35 32 35 31 97 32 46 22 27 114 24 24 94 65 687 26 21 32 35 67 23
internal_value=2.06131e-06 1874.84 -292.441 1748.89 143.496 2360.46 2770.05 4598.29 1423 42.5186 1982.26 2602.35 1527.01 68.045 618.07 2129.78 1974.89 1234.68 709.566 992.16 682.225 918.983 1853.34 1366.43 2287.69 2374.52 2554.23 2847.12 2424.24 3638.81
internal_weight=11450 1545 9905 1516 2464 527 253 45 989 2091 274 116 158 2056 63 95 81 49 373 259 209 183 89 952 50 208 187 155 120 53
internal_count=11450 1545 9905 1516 2464 527 253 45 989 2091 274 116 158 2056 63 95 81 49 373 259 209 183 89 952 50 208 187 155 120 53
is_linear=0
shrinkage=0.05


Tree=46
num_leaves=31
num_cat=0
split_feature=0 3 0 0 3 3 0 0 0 0 3 1 1 0 3 0 0 0 0 0 1 3 1 3 3 3 3 3 1 1
split_gain=2.26947e+12 4.79584e+11 3.09884e+11 1.23005e+11 1.12192e+11 3.23111e+10 3.05388e+10 2.35688e+10 2.15495e+10 3.44512e+10 3.18591e+10 4.03655e+10 6.25854e+10 4.09462e+10 1.028e+11 2.06719e+10 2.4995e+10 2.76771e+10 2.0493e+10 2.54171e+10 2.42071e+10 4.71584e+10 3.24694e+10 1.99988e+10 2.39921e+10 1.85971e+10 1.71332e+10 1.83376e+10 2.34423e+10 2.0184e+10
threshold=1765.0000000000002 4794.5000000000009 1173.5000000000002 877.50000000000011 2925.5000000000005 4297.0000000000009 616.50000000000011 1411.0000000000002 1503.0000000000002 1475.0000000000002 281.50000000000006 415018.39334739919 414084.51116280892 1626.5000000000002 108.50000000000001 1465.5000000000002 1453.5000000000002 1441.5000000000002 2292.5000000000005 2508.5000000000005 414552.25179062638 2656.5000000000005 415018.39334739919 211.50000000000003 233.50000000000003 2379.5000000000005 2847.5000000000005 2764.5000000000005 412792.13776554511 414084.51116280892
decision_type=2 2 2 2 2 2 2 2 2 2 2 2 2 2 2 2 2 2 2 2 2 2 2 2 2 2 2 2 2 2
left_child=2 4 3 6 18 -6 -1 -4 9 15 11 12 -10 14 -14 16 17 -9 -2 25 26 -22 -23 -5 -25 -20 27 28 -21 -30
right_child=1 -3 7 23 5 -7 -8 8 10 -11 -12 -13 13 -15 -16 -17 -18 -19 19 20 21 22 -24 24 -26 -27 -28 -29 29 -31
leaf_value=-1071.9689206463081 1164.7802690519227 9304.1458984375004 200.09440199117404 -277.39981621336051 2158.4120027219228 4155.2934802827385 -574.27404134052369 941.87265707479946 823.94414729628465 1923.6343895407285 666.45348183408441 1598.4374008009831 -100.99030761718751 -115.74008969907408 -5170.5114089965828 -499.22110514921297 2065.8139634076288 -688.59948156020221 1799.9585798202022 -220.33603830645163 82.858461216517867 4061.0832332066129 1630.9630841290509 560.00925755718958 -140.12969837969143 3216.4474899704396 -111.51358163016182 2288.8375072479248 2278.727532599954 447.60471824363424
leaf_weight=343 576 21 740 4327 573 21 3040 111 43 68 303 24 20 27 20 34 34 34 62 31 21 28 27 153 611 37 28 32 34 27
leaf_count=343 576 21 740 4327 573 21 3040 111 43 68 303 24 20 27 20 34 34 34 62 31 21 28 27 153 611 37 28 32 34 27
internal_value=1.45808e-06 1800.58 -275.199 -391.046 1695.32 2229.01 -624.735 398.113 602.2 943.796 382.546 -259.425 -664.777 -1620.22 -2635.75 630.984 845.66 559.555 1344.25 1660.38 1369.91 2098.5 2868.12 -235.759 0.0813753 2329.35 1005.61 1257.86 899.257 1468.23
internal_weight=11450 1518 9932 8474 1497 594 3383 1458 718 281 437 134 110 67 40 213 179 145 903 327 228 76 55 5091 764 99 152 124 92 61
internal_count=11450 1518 9932 8474 1497 594 3383 1458 718 281 437 134 110 67 40 213 179 145 903 327 228 76 55 5091 764 99 152 124 92 61
is_linear=0
shrinkage=0.05


Tree=47
num_leaves=31
num_cat=0
split_feature=0 0 0 0 0 0 5 3 3 5 1 0 1 3 0 5 3 3 3 1 5 1 0 3 0 0 0 1 0 1
split_gain=2.0494e+12 4.48743e+11 2.3876e+11 1.25722e+11 7.94047e+10 5.80814e+10 2.61906e+10 2.91176e+10 2.17387e+10 3.98914e+10 1.36627e+11 1.43285e+11 1.33698e+11 9.30958e+10 5.88234e+10 3.8045e+10 1.15275e+11 6.75585e+10 6.71092e+10 5.04688e+10 2.4396e+10 1.06421e+11 2.47774e+10 2.98203e+10 1.98328e+10 1.84488e+10 2.77117e+10 2.01761e+10 3.15036e+10 2.76594e+10
threshold=1665.5000000000002 4561.5000000000009 1050.5000000000002 2292.5000000000005 795.50000000000011 1224.5000000000002 1.0000000180025095e-35 2186.5000000000005 3136.5000000000005 1.5000000000000002 415018.39334739919 3961.5000000000005 415018.39334739919 3637.5000000000005 3806.5000000000005 1.0000000180025095e-35 3479.5000000000005 3695.5000000000005 3842.5000000000005 414084.51116280892 1.5000000000000002 415018.39334739919 2563.5000000000005 2847.5000000000005 521.00000000000011 1190.5000000000002 1173.5000000000002 414552.25179062638 1154.5000000000002 415018.39334739919
decision_type=2 2 2 2 2 2 2 2 2 2 2 2 2 2 2 2 2 2 2 2 2 2 2 2 2 2 2 2 2 2
left_child=2 3 4 6 24 25 -2 -8 20 12 11 14 15 -14 -11 17 19 -10 -19 -17 -5 22 -22 -24 -1 26 27 -4 -29 -30
right_child=1 -3 5 8 -6 -7 7 -9 9 10 -12 -13 13 -15 -16 16 -18 18 -20 -21 21 -23 23 -25 -26 -27 -28 28 29 -31
leaf_value=-1720.13105951945 604.37477799062651 7571.5258001512093 64.437741539882097 1910.737146716509 -333.82397132495277 401.0965908414862 1096.9854086864955 2348.874107008714 868.55637130737307 3449.2954701044787 156.406174695814 7278.1978204900579 2225.3073346879751 6606.978515625 388.67181152343755 4528.1181690034418 -395.44656997308499 5481.1396565755213 1905.8493868582591 1259.902082655165 -861.14977343750002 4058.6543025090141 1771.8220712890627 77.24749868887443 -690.23492823265815 -696.71148603246854 720.0303811435042 -176.99975444166333 -2271.3791042751736 -267.33181531501543
leaf_weight=48 254 31 927 305 5113 1068 435 52 64 73 37 22 27 22 20 21 82 21 35 27 25 26 50 54 1788 109 116 529 36 33
leaf_count=48 254 31 927 305 5113 1068 435 52 64 73 37 22 27 22 20 21 82 21 35 27 25 26 50 54 1788 109 116 529 36 33
internal_value=6.18997e-07 1611.46 -277.678 1499.62 -435.106 110.526 1015.98 1230.66 1893 2139.68 2799.21 3649.5 1804.4 4192.59 2791.1 1336.31 743.702 1978.3 3246.58 2689.75 1651.16 1140.38 552.199 891.947 -717.16 -66.805 -24.9648 -81.6332 -308.068 -1312.92
internal_weight=11450 1683 9767 1652 6949 2818 741 487 911 451 152 115 299 49 93 250 130 120 56 48 460 155 129 104 1836 1750 1641 1525 598 69
internal_count=11450 1683 9767 1652 6949 2818 741 487 911 451 152 115 299 49 93 250 130 120 56 48 460 155 129 104 1836 1750 1641 1525 598 69
is_linear=0
shrinkage=0.05


Tree=48
num_leaves=31
num_cat=0
split_feature=2 2 0 2 0 2 2 1 0 4 2 2 3 1 2 1 2 0 2 0 0 2 1 2 2 3 0 3 1 0
split_gain=1.85199e+12 4.05797e+11 2.46244e+11 9.72452e+10 9.26953e+10 3.31513e+10 4.49822e+10 3.23704e+10 3.56839e+10 3.53517e+10 3.19696e+10 2.68381e+10 6.17881e+10 7.28194e+10 3.37272e+10 3.51606e+10 2.90554e+10 6.00814e+10 2.85694e+10 1.18864e+11 9.8632e+10 2.7565e+10 2.61637e+10 2.84271e+10 2.79858e+10 2.60196e+10 2.36975e+10 3.03304e+10 2.69848e+10 5.75476e+10
threshold=199235.51500000004 577367.92500000005 1133.5000000000002 362588.28000000009 837.50000000000011 88301.810000000012 79037.560000000012 412792.13776554511 1702.5000000000002 182.91608391608392 69978.545000000013 406614.60000000003 3695.5000000000005 414084.51116280892 465957.59000000003 414552.25179062638 440817.21000000008 3650.0000000000005 492759.64000000001 3961.5000000000005 3961.5000000000005 449496.75000000006 412792.13776554511 85087.180000000022 83436.610000000015 3176.5000000000005 2982.5000000000005 2847.5000000000005 415018.39334739919 3568.5000000000005
decision_type=2 2 2 2 2 2 2 2 2 2 2 2 2 2 2 2 2 2 2 2 2 2 2 2 2 2 2 2 2 2
left_child=2 3 4 25 10 6 -4 8 9 -7 -1 12 26 -14 15 16 17 -13 19 -16 -20 -17 -8 24 -24 -2 27 -5 29 -28
right_child=1 -3 5 11 -6 7 22 -9 -10 -11 -12 14 13 -15 18 21 -18 -19 20 -21 -22 -23 23 -25 -26 -27 28 -29 -30 -31
leaf_value=-466.64589430400133 1168.5556570902593 8352.2405362215923 1326.2065363649463 1975.9057017299108 -251.86378594675034 -740.03638709699612 541.10697838345868 590.89048085285219 -2018.8507152210584 710.07794236859081 -821.03940480299866 2583.2055727066536 2053.3537764115767 6077.0429984714683 5573.0007550274895 1109.676621500651 3126.8004638671878 -931.82566162109379 -764.33282940204333 1035.1958666401524 3211.3944320287465 -945.21686197916665 -104.73168591998872 -588.46415460759943 1233.7305893918301 2520.0024016509187 1895.0273719937195 4283.6909479777014 3161.0404975043402 -1038.2178662109375
leaf_weight=1537 952 22 61 35 5473 71 133 855 22 103 1086 31 22 23 27 51 32 20 26 31 39 24 231 286 47 37 102 24 27 20
leaf_count=1537 952 22 61 35 5473 71 133 855 22 103 1086 31 22 23 27 51 32 20 26 31 39 24 231 286 47 37 102 24 27 20
internal_value=6.41044e-08 1610.09 -251.144 1512.7 -368.989 276.257 24.2182 458.032 -121.527 118.365 -613.375 2056.42 2429.99 4109.91 1720.08 1236.76 1945.79 1204.76 2340.93 3147.62 1621.1 452.111 -89.7291 -238.49 121.555 1219.12 2066.55 2914.67 1730.71 1414.17
internal_weight=11450 1545 9905 1523 8096 1809 758 1051 196 174 2623 534 253 45 281 158 83 51 123 58 65 75 697 564 278 989 208 59 149 122
internal_count=11450 1545 9905 1523 8096 1809 758 1051 196 174 2623 534 253 45 281 158 83 51 123 58 65 75 697 564 278 989 208 59 149 122
is_linear=0
shrinkage=0.05


Tree=49
num_leaves=31
num_cat=0
split_feature=2 3 3 2 2 3 3 2 3 2 3 2 1 3 3 1 2 1 2 3 2 2 3 3 2 2 1 2 3 3
split_gain=1.67339e+12 3.94921e+11 1.52893e+11 1.00738e+11 3.36294e+10 3.80402e+10 3.42502e+10 3.06052e+10 2.50795e+10 4.07051e+10 1.16987e+11 5.78643e+10 4.78733e+10 4.40872e+10 3.81861e+10 2.81347e+10 5.62888e+10 5.44186e+10 1.47126e+11 7.80004e+10 4.65195e+10 7.13984e+10 4.43516e+10 3.55695e+10 3.62539e+10 3.32873e+10 1.0135e+11 4.99792e+10 4.50452e+10 4.10306e+10
threshold=137994.34 4794.5000000000009 2251.0000000000005 81089.24000000002 277531.85000000003 2557.0000000000005 2324.0000000000005 136956.72000000003 4297.0000000000009 492759.64000000001 4097.0000000000009 474569.72500000003 415018.39334739919 2691.0000000000005 4097.0000000000009 412792.13776554511 404952.92999999999 414552.25179062638 440817.21000000008 3581.5000000000005 380710.7900000001 439155.53999999998 3315.5000000000005 2925.5000000000005 320604.37000000005 362588.28000000009 414552.25179062638 346317.81000000006 3581.5000000000005 2925.5000000000005
decision_type=2 2 2 2 2 2 2 2 2 2 2 2 2 2 2 2 2 2 2 2 2 2 2 2 2 2 2 2 2 2
left_child=3 2 -2 -1 5 6 -4 -5 9 10 11 12 15 -14 -11 20 25 18 19 -18 23 22 -22 24 -6 27 28 -17 29 -27
right_child=1 -3 4 7 8 -7 -8 -9 -10 14 -12 -13 13 -15 -16 16 17 -19 -20 -21 21 -23 -24 -25 -26 26 -28 -29 -30 -31
leaf_value=-357.30862098281511 832.28115406280222 8166.577845982144 -36.785737304687501 60.445054925740465 1721.3925885881699 -413.79588755014788 2519.4961509303048 -1430.6292192731587 3537.7753261021207 1433.8511336889023 5479.1712546608669 4193.2103515625004 4725.7853320312497 2171.9513501368533 -1253.3583129882813 1521.6300637992326 1363.1085361328126 -1095.4096812656949 4348.8079935709638 -2826.1739062500001 2606.339989013672 680.7468139648438 5859.6320734197443 2442.8311628474744 -926.89132944742835 205.13739491338316 4302.4499874952371 -928.27082850138345 -726.17157738095239 2801.1570438639324
leaf_weight=7441 968 21 20 2056 28 37 38 35 21 39 22 24 20 109 20 157 25 42 24 20 20 20 22 43 24 23 41 24 21 45
leaf_count=7441 968 21 20 2056 28 37 38 35 21 39 22 24 20 109 20 157 25 42 24 20 20 20 22 43 24 23 41 24 21 45
internal_value=-2.57386e-06 1347.51 1272.03 -271.143 1730.23 838.891 1638.02 35.4869 1831.76 1787.7 1886.66 1778.69 1696.84 2567.89 522.933 1502.77 1290.18 323.589 1187.33 -498.795 2074.2 3139.57 4310.45 1378.9 499.108 1635.17 2245.55 1196.78 1297.98 1923.09
internal_weight=11450 1918 1897 9532 929 95 58 2091 834 813 754 732 708 129 59 579 422 111 69 45 157 62 42 95 52 311 130 181 89 68
internal_count=11450 1918 1897 9532 929 95 58 2091 834 813 754 732 708 129 59 579 422 111 69 45 157 62 42 95 52 311 130 181 89 68
is_linear=0
shrinkage=0.05


Tree=50
num_leaves=31
num_cat=0
split_feature=0 2 0 0 2 0 2 2 2 2 3 1 2 2 2 5 1 3 3 3 0 1 0 2 2 2 2 0 3 1
split_gain=1.51973e+12 3.4746e+11 2.13634e+11 6.53918e+10 6.45063e+10 5.6143e+10 3.73059e+10 3.90775e+10 2.87188e+10 2.87091e+10 5.90976e+10 6.43516e+10 2.77021e+10 2.8324e+10 2.65539e+10 2.56753e+10 7.54222e+10 1.12821e+11 5.38266e+10 3.78766e+10 8.30806e+10 5.94339e+10 4.72992e+10 2.49659e+10 1.03398e+11 3.29888e+10 2.48526e+10 2.32136e+10 2.72228e+10 2.53257e+10
threshold=1765.0000000000002 561545.60000000009 1050.5000000000002 795.50000000000011 362588.28000000009 1224.5000000000002 69600.955000000016 50925.385000000002 79636.045000000027 406614.60000000003 3695.5000000000005 414084.51116280892 70220.790000000008 71139.760000000024 41460.795000000006 1.5000000000000002 415018.39334739919 3895.0000000000005 3695.5000000000005 3795.5000000000005 3961.5000000000005 414552.25179062638 3568.5000000000005 87204.955000000016 86527.425000000003 87754.795000000013 87901.000000000015 2982.5000000000005 2737.5000000000005 415018.39334739919
decision_type=2 2 2 2 2 2 2 2 2 2 2 2 2 2 2 2 2 2 2 2 2 2 2 2 2 2 2 2 2 2
left_child=2 4 3 14 -2 6 7 -4 -7 10 27 -12 -5 -14 -1 19 17 18 -17 22 -21 -22 -11 24 -10 -25 -27 28 -6 -29
right_child=1 -3 5 12 9 8 -8 -9 23 15 11 -13 13 -15 -16 16 -18 -19 -20 20 21 -23 -24 25 -26 26 -28 29 -30 -31
leaf_value=711.47666897243926 1124.2931134987273 6893.8866951778027 -1089.7326138583098 -163.02612067068878 1287.6977627840911 2220.3698974609374 -115.13654573496615 1248.8522779605264 234.24732732879986 1266.4035522460938 1906.2087757457386 5688.7248492697017 -789.96194242037268 -329.0148672107004 -659.98410657421755 2819.108932315602 -49.321016570060486 5640.7850976562504 -400.48296130952383 4197.7235976562506 -304.07220182872953 2903.9784734552559 -1308.2905723063152 2312.3706420898438 -3191.9363438924156 -912.66481267755682 485.43655693023294 1202.0713466831896 3508.7077184728678 2894.3909238462097
leaf_weight=36 962 29 22 2432 22 21 1633 95 267 44 22 23 390 2291 1800 34 31 25 21 25 42 22 30 24 24 33 864 122 37 27
leaf_count=36 962 29 22 2432 22 21 1633 95 267 44 22 23 390 2291 1800 34 31 25 21 25 42 22 30 24 24 33 864 122 37 27
internal_value=-1.92672e-06 1473.44 -225.2 -377.133 1367.87 128.733 -53.3435 809.118 387.154 1812.51 2196.56 3839.49 -285.222 -396.068 -633.093 1457.89 2044.42 2855.74 1589.81 1058.48 1753.48 798.695 222.609 355.391 -48.3245 482.949 434.001 1841.12 2680.53 1508.73
internal_weight=11450 1518 9932 6949 1489 2983 1750 117 1233 527 253 45 5113 2681 1836 274 111 80 55 163 89 64 74 1212 291 921 897 208 59 149
internal_count=11450 1518 9932 6949 1489 2983 1750 117 1233 527 253 45 5113 2681 1836 274 111 80 55 163 89 64 74 1212 291 921 897 208 59 149
is_linear=0
shrinkage=0.05


Tree=51
num_leaves=31
num_cat=0
split_feature=0 3 0 3 0 0 2 2 2 2 2 3 2 0 3 0 3 2 0 2 3 2 2 2 0 2 2 2 1 2
split_gain=1.37156e+12 3.17398e+11 1.93201e+11 6.69309e+10 5.78511e+10 5.40673e+10 2.76652e+10 5.57128e+10 2.71814e+10 2.59187e+10 2.58167e+10 1.02695e+11 5.04362e+10 4.61673e+10 3.89957e+10 3.93923e+10 3.45764e+10 6.68908e+10 3.32008e+10 2.82821e+10 5.93351e+10 2.57976e+10 4.61631e+10 4.38249e+10 2.52318e+10 2.39649e+10 2.3664e+10 3.31872e+10 2.87689e+10 2.25317e+10
threshold=1765.0000000000002 4794.5000000000009 1028.5000000000002 2925.5000000000005 1224.5000000000002 795.50000000000011 50925.385000000002 69600.955000000016 70220.790000000008 79636.045000000027 492759.64000000001 4097.0000000000009 474569.72500000003 3961.5000000000005 3741.0000000000005 3806.5000000000005 3960.5000000000005 423973.67999999999 4170.0000000000009 439155.53999999998 3374.0000000000005 380710.7900000001 336807.43500000006 328385.67000000004 2982.5000000000005 41460.795000000006 73067.785000000018 72911.930000000008 414084.51116280892 87204.955000000016
decision_type=2 2 2 2 2 2 2 2 2 2 2 2 2 2 2 2 2 2 2 2 2 2 2 2 2 2 2 2 2 2
left_child=2 3 5 21 6 25 -4 -8 -7 -6 11 12 14 -12 19 -16 17 -17 -15 20 24 22 23 -2 -5 -1 27 -10 -28 -11
right_child=1 -3 4 10 9 8 7 -9 26 29 13 -13 -14 18 15 16 -18 -19 -20 -21 -22 -23 -24 -25 -26 -27 28 -29 -30 -31
leaf_value=675.90284559461816 1025.0059259726959 7504.0902157738092 -1478.0478443818936 2698.2831584208725 2109.3514251708984 -160.80198544288749 827.13089671415446 -117.54888177974331 -544.46335862757337 -45.908302948483083 -748.31098807198669 4639.040885285408 3907.4418701171876 3350.470039215088 -1204.7788041548297 242.340953125 -289.65947558593751 4022.5937855113643 564.995021654212 652.98057734171562 2967.0255858917239 2373.8686516898019 -426.38888866283281 3394.8372949218751 1270.4871273706831 -626.98489898437924 -544.67848973189496 -2115.8224218750001 -103.22571686258462 458.80166443649773
leaf_weight=36 794 21 34 37 21 2345 170 1905 841 291 28 31 24 20 22 25 25 22 23 48 100 35 54 20 189 1800 619 35 914 921
leaf_count=36 794 21 34 37 21 2345 170 1905 841 291 28 31 24 20 22 25 25 22 23 48 100 35 54 20 189 1800 619 35 914 921
internal_value=6.56557e-07 1399.77 -213.94 1314.14 95.7275 -370.982 -63.3343 -40.1534 -281.98 367.797 1726.35 1847.8 1671.93 831.712 1557.29 646.904 1212.7 2011.82 1860.56 1786.11 1952.95 1042.98 989.316 1083.23 1504.24 -601.438 -399.938 -607.246 -281.477 337.621
internal_weight=11450 1518 9932 1497 3342 6590 2109 2075 4754 1233 594 523 492 71 468 94 72 47 43 374 326 903 868 814 226 1836 2409 876 1533 1212
internal_count=11450 1518 9932 1497 3342 6590 2109 2075 4754 1233 594 523 492 71 468 94 72 47 43 374 326 903 868 814 226 1836 2409 876 1533 1212
is_linear=0
shrinkage=0.05


Tree=52
num_leaves=31
num_cat=0
split_feature=2 2 0 2 0 0 2 2 2 2 2 0 0 0 0 0 1 1 0 2 2 0 0 2 2 2 2 1 0 0
split_gain=1.23958e+12 2.97436e+11 1.7092e+11 6.07563e+10 5.35745e+10 4.59164e+10 2.35678e+10 2.27594e+10 4.63844e+10 2.25173e+10 3.26484e+10 7.55747e+10 1.42617e+11 6.32487e+10 6.99266e+10 5.62975e+10 4.3222e+10 3.11152e+10 8.43649e+10 3.82333e+10 5.66335e+10 2.36412e+10 2.30606e+10 2.16358e+10 2.16284e+10 2.08993e+10 2.24586e+10 2.51705e+10 2.24309e+10 3.29113e+10
threshold=199235.51500000004 577367.92500000005 1014.5000000000001 362588.28000000009 1224.5000000000002 795.50000000000011 79636.045000000027 69600.955000000016 50925.385000000002 406614.60000000003 484080.10000000003 3961.5000000000005 4170.0000000000009 3961.5000000000005 4170.0000000000009 3806.5000000000005 412792.13776554511 414552.25179062638 3497.5000000000005 389390.33000000002 372031.25000000006 3497.5000000000005 3076.5000000000005 104008.86500000001 41460.795000000006 70220.790000000008 71139.760000000024 412792.13776554511 999.50000000000011 994.50000000000011
decision_type=2 2 2 2 2 2 2 2 2 2 2 2 2 2 2 2 2 2 2 2 2 2 2 2 2 2 2 2 2 2
left_child=2 3 5 -2 7 24 -6 8 -4 17 13 -12 -13 15 -15 16 -11 19 -19 20 22 -18 -5 -9 -1 28 -27 -28 29 -7
right_child=1 -3 4 9 6 25 -8 23 -10 10 11 12 -14 14 -16 -17 21 18 -20 -21 -22 -23 -24 -25 -26 26 27 -29 -30 -31
leaf_value=642.10771552191841 1001.8154458269673 7089.4437500000004 -1037.0150329271953 3103.9831909179688 2003.8838483537947 -166.30154351787849 314.08917173425863 -173.50616647270061 680.61056221816943 2980.1215026855471 505.83967285156251 6715.871408691406 816.27425362723216 -1826.5189776252298 1743.1279434867529 3507.9369205729172 1337.9423893947228 1707.513812942505 5031.3342241559712 2455.3185444557507 -589.59372294657942 -243.86965359774504 1039.5512562413369 390.35905908594799 -595.63565726978914 -735.04409994029243 -667.81336637477534 -217.69465902046446 -1184.6068889114092 1501.0746112060549
leaf_weight=36 989 22 48 24 21 2192 1185 1885 217 24 34 20 21 34 23 30 51 60 28 73 37 44 31 187 1800 377 393 1481 53 30
leaf_count=36 989 22 48 24 21 2192 1185 1885 217 24 34 20 21 34 23 30 51 60 28 73 37 44 31 187 1800 377 393 1481 53 30
internal_value=-1.09685e-06 1317.25 -205.467 1233.87 72.8566 -360.465 343.513 -66.8148 369.493 1663.65 1355.57 2248.77 3694.13 1030.37 -386.135 1572.25 1084.27 2005.82 2765.09 1600.88 922.899 605.314 1940.39 -122.617 -571.366 -274.912 -382.927 -312.09 -168.037 -143.79
internal_weight=11450 1545 9905 1523 3543 6362 1206 2337 265 534 281 75 41 206 57 149 119 253 88 165 92 95 55 2072 1836 4526 2251 1874 2275 2222
internal_count=11450 1545 9905 1523 3543 6362 1206 2337 265 534 281 75 41 206 57 149 119 253 88 165 92 95 55 2072 1836 4526 2251 1874 2275 2222
is_linear=0
shrinkage=0.05


Tree=53
num_leaves=31
num_cat=0
split_feature=0 0 0 0 0 0 2 2 2 3 2 0 3 0 0 3 2 2 2 1 2 2 1 0 3 0 0 2 2 2
split_gain=1.12108e+12 2.72936e+11 1.58182e+11 4.95536e+10 4.77136e+10 4.08624e+10 2.81034e+10 2.91706e+10 2.5269e+10 8.23606e+10 5.27119e+10 2.87076e+10 2.66147e+10 3.50062e+10 2.88587e+10 2.66795e+10 5.9023e+10 2.26866e+10 2.08201e+10 2.02319e+10 5.28608e+10 7.12746e+10 7.73111e+10 3.9547e+10 4.26664e+10 2.07864e+10 2.30517e+10 5.23652e+10 2.02025e+10 2.20588e+10
threshold=1765.0000000000002 4561.5000000000009 1050.5000000000002 2292.5000000000005 795.50000000000011 1302.5000000000002 69600.955000000016 50925.385000000002 492759.64000000001 4097.0000000000009 474569.72500000003 3961.5000000000005 3741.0000000000005 3806.5000000000005 3650.0000000000005 3960.5000000000005 423973.67999999999 199235.51500000004 70025.675000000003 414552.25179062638 99691.010000000024 93377.945000000022 415018.39334739919 1273.5000000000002 1211.5000000000002 1224.5000000000002 1190.5000000000002 87901.000000000015 70220.790000000008 71139.760000000024
decision_type=2 2 2 2 2 2 2 2 2 2 2 2 2 2 2 2 2 2 2 2 2 2 2 2 2 2 2 2 2 2
left_child=2 3 4 17 -1 6 7 -4 9 10 12 -10 14 -14 -5 16 -15 -2 -8 23 21 -21 -23 24 25 26 -20 -28 -6 -30
right_child=1 -3 5 8 28 -7 18 -9 11 -11 -12 -13 13 15 -16 -17 -18 -19 19 20 -22 22 -24 -25 -26 -27 27 -29 29 -31
leaf_value=-542.7978657001504 -59.175943767490679 5908.950938760081 -909.49282503995039 1346.5825442833816 -141.29428024041027 371.14141759862929 -1596.8323330965911 1111.0225964997944 -759.70036097935281 4188.3129457826972 3690.3075439453128 1362.2975021774705 -1223.6333851207387 95.086015625000016 2861.2677479137074 -264.40439648437501 3646.0672585227276 919.56833406234773 72.750883046601174 -237.01197034540311 729.68451086843118 -3374.6556848144533 -105.27589915882457 1523.7316591345746 -2058.1201334635421 954.40861777653777 -2628.6305927734375 716.08358931107955 -687.91694829696269 -281.13268965409344
leaf_weight=1836 67 31 22 668 2432 1003 22 95 28 27 24 37 22 25 33 25 22 509 903 568 117 40 33 46 24 63 25 22 390 2291
leaf_count=1836 67 31 22 668 2432 1003 22 95 28 27 24 37 22 25 33 25 22 509 903 568 117 40 33 46 24 63 25 22 390 2291
internal_value=1.59714e-06 1265.52 -193.421 1168.72 -324.157 111.133 -20.5785 731.097 1398.23 1471.22 1381.64 448.206 1311.95 521.921 1417.89 1055.29 1757.25 805.721 -67.7851 -49.513 -247.639 -426.027 -1896.72 89.1566 25.5207 74.8863 16.5601 -1063.02 -245.646 -340.307
internal_weight=11450 1518 9932 1487 6949 2983 1980 117 911 846 819 65 795 94 701 72 47 576 1863 1841 758 641 73 1083 1037 1013 950 47 5113 2681
internal_count=11450 1518 9932 1487 6949 2983 1980 117 911 846 819 65 795 94 701 72 47 576 1863 1841 758 641 73 1083 1037 1013 950 47 5113 2681
is_linear=0
shrinkage=0.05


Tree=54
num_leaves=31
num_cat=0
split_feature=0 2 0 0 0 0 2 2 0 0 0 2 2 2 0 0 5 3 2 0 3 0 2 2 0 0 0 0 0 2
split_gain=1.01269e+12 2.60423e+11 1.29474e+11 6.40955e+10 4.38006e+10 2.9551e+10 2.82024e+10 2.37139e+10 2.31656e+10 2.21205e+10 2.83786e+10 2.18835e+10 1.99933e+10 4.74492e+10 3.20916e+10 2.41152e+10 1.94058e+10 2.48473e+10 2.65609e+10 7.99794e+10 5.12707e+10 1.89957e+10 1.86399e+10 2.21556e+10 4.60084e+10 3.52358e+10 1.84926e+10 1.80835e+10 1.77609e+10 4.39913e+10
threshold=1665.5000000000002 561545.60000000009 959.50000000000011 2292.5000000000005 1224.5000000000002 616.50000000000011 70025.675000000003 73067.785000000018 937.50000000000011 926.50000000000011 903.50000000000011 79636.045000000027 69075.815000000017 68863.360000000015 950.50000000000011 932.50000000000011 1.0000000180025095e-35 2186.5000000000005 277531.85000000003 2084.5000000000005 2078.0000000000005 2187.5000000000005 44726.935000000005 68014.645000000004 905.50000000000011 854.50000000000011 955.50000000000011 945.50000000000011 966.50000000000011 73381.825000000012
decision_type=2 2 2 2 2 2 2 2 2 2 2 2 2 2 2 2 2 2 2 2 2 2 2 2 2 2 2 2 2 2
left_child=2 3 5 16 28 -1 12 8 9 10 -8 -6 13 14 22 -15 21 18 20 -20 -18 -2 -7 27 25 -25 -9 -24 29 -4
right_child=1 -3 4 -5 11 6 7 26 -10 -11 -12 -13 -14 15 -16 -17 17 -19 19 -21 -22 -23 23 24 -26 -27 -28 -29 -30 -31
leaf_value=-810.52151545310517 477.03445548685187 5829.9476899245692 935.53531219207491 1330.8276891184012 1881.1441499255955 231.24856552850633 -786.17030025964232 -293.07382524089354 -0.79740807484772258 -1568.6320584309897 144.11468921417887 250.98262068958886 72.803842719999551 -1973.723774994397 785.87679228911531 -242.27080556233724 654.00696375476537 1922.6859677828274 1318.7852548998455 -1982.4809448242188 2169.9569689764494 -1128.3960888671875 -352.94203229373733 -63.432681322645863 1059.7838370289523 -2390.8771484375002 -1384.7019213867188 -1571.5874212449598 -108.4853706235458 -1143.7594460227272
leaf_weight=343 234 29 111 913 21 168 641 1289 118 75 94 1047 474 61 74 30 291 52 43 32 69 20 1690 87 85 20 40 31 3235 33
leaf_count=343 234 29 111 913 21 168 641 1289 118 75 94 1047 474 61 74 30 291 52 43 32 69 20 1690 87 85 20 40 31 3235 33
internal_value=7.53544e-07 1132.78 -195.194 1050.42 3.92017 -361.635 -330.699 -461.36 -655.312 -750.661 -667.195 283.036 -222.278 -284.553 -237.328 -1402.92 704.925 889.715 766.233 -89.755 944.564 350.623 -273.713 -318.058 191.382 -498.469 -325.929 -374.893 -84.3 459.03
internal_weight=11450 1683 9767 1654 4447 5320 4977 2257 928 810 735 1068 2720 2246 2155 91 741 487 435 75 360 254 2081 1913 192 107 1329 1721 3379 144
internal_count=11450 1683 9767 1654 4447 5320 4977 2257 928 810 735 1068 2720 2246 2155 91 741 487 435 75 360 254 2081 1913 192 107 1329 1721 3379 144
is_linear=0
shrinkage=0.05


Tree=55
num_leaves=31
num_cat=0
split_feature=0 0 0 0 0 0 0 0 5 3 3 0 0 3 0 0 0 5 4 3 1 5 0 0 3 5 5 3 3 3
split_gain=9.13954e+11 2.39561e+11 1.1685e+11 5.66824e+10 3.95301e+10 2.72573e+10 2.31633e+10 3.70412e+10 1.75137e+10 2.24247e+10 1.89792e+10 1.97866e+10 1.83283e+10 2.8493e+10 2.53704e+10 1.71436e+10 1.60292e+10 2.32266e+10 1.43989e+10 1.26761e+10 1.22833e+10 3.65912e+10 6.40427e+10 5.29444e+10 1.88875e+10 1.98796e+11 5.83184e+10 5.72391e+10 6.51182e+10 2.51448e+10
threshold=1665.5000000000002 4561.5000000000009 959.50000000000011 2292.5000000000005 1224.5000000000002 729.50000000000011 701.50000000000011 633.50000000000011 1.0000000180025095e-35 2186.5000000000005 2144.0000000000005 2111.0000000000005 2084.5000000000005 2010.5000000000002 1970.5000000000002 2187.5000000000005 966.50000000000011 1.5000000000000002 311.50000000000006 211.50000000000003 415018.39334739919 1.0000000180025095e-35 3726.0000000000005 3041.5000000000005 3960.5000000000005 1.5000000000000002 1.0000000180025095e-35 3842.5000000000005 3895.0000000000005 3695.5000000000005
decision_type=2 2 2 2 2 2 2 2 2 2 2 2 2 2 2 2 2 2 2 2 2 2 2 2 2 2 2 2 2 2
left_child=2 3 5 8 16 6 7 -1 15 10 11 12 13 14 -10 -2 17 -4 -6 -18 24 23 -23 -22 27 26 -26 29 -29 -5
right_child=1 -3 4 20 18 -7 -8 -9 9 -11 -12 -13 -14 -15 -16 -17 19 -19 -20 -21 21 22 -24 -25 25 -27 -28 28 -30 -31
leaf_value=-728.6555167409839 453.18271649678547 5430.8559727822585 850.41741036896656 1106.1375481615569 306.0295658293756 -288.29771529048736 -916.40769165950041 11.632759685066816 761.89855729681426 1826.5516622690056 -424.78870738636363 1995.5484715317234 -562.26177872877849 1766.1531509399415 -777.23172851562504 -1071.9762951660157 -158.94413484483169 -537.13530557321951 -638.51544552757628 72.234382169874735 -991.85650137442144 2803.3963421908293 94.093589203933192 2235.7282933553061 2121.9672109375001 5934.5938032670456 -1123.7906165338334 -2766.6231933593754 1219.845277622768 2235.0288217050056
leaf_weight=392 234 31 101 570 1026 4296 335 297 249 52 33 33 26 64 30 20 2453 43 42 782 27 88 29 24 25 22 31 20 21 54
leaf_count=392 234 31 101 570 1026 4296 335 297 249 52 33 33 26 64 30 20 2453 43 42 782 27 88 29 24 25 22 31 20 21 54
internal_value=-8.81699e-07 1076.14 -185.435 994.421 3.72416 -343.553 -575.366 -409.547 669.679 845.229 727.922 822.547 717.644 814.664 596.401 333.091 -80.085 436.079 268.885 -103.061 1258.56 1644.67 2131.86 527.007 1171.26 1907.34 325.208 1084.92 -724.773 1203.83
internal_weight=11450 1683 9767 1652 4447 5320 1024 689 741 487 435 402 369 343 279 254 3379 144 1068 3235 911 168 117 51 743 78 56 665 41 624
internal_count=11450 1683 9767 1652 4447 5320 1024 689 741 487 435 402 369 343 279 254 3379 144 1068 3235 911 168 117 51 743 78 56 665 41 624
is_linear=0
shrinkage=0.05


Tree=56
num_leaves=31
num_cat=0
split_feature=0 0 0 0 0 0 0 0 0 1 5 1 1 0 0 1 0 0 1 5 0 0 0 0 1 1 5 0 0 5
split_gain=8.26044e+11 2.09997e+11 1.20038e+11 3.95621e+10 3.54945e+10 2.97173e+10 2.2297e+10 3.35624e+10 2.24259e+10 2.13364e+10 1.80037e+10 2.38914e+10 1.85304e+10 1.67035e+10 1.62349e+10 2.36452e+10 1.40235e+10 1.33314e+10 1.31484e+10 1.28249e+10 1.67104e+10 1.28014e+10 1.42502e+10 1.27515e+10 1.14362e+10 1.10857e+10 3.30236e+10 5.77986e+10 4.77823e+10 1.51508e+10
threshold=1765.0000000000002 4561.5000000000009 999.50000000000011 1402.0000000000002 2292.5000000000005 795.50000000000011 1503.0000000000002 1475.0000000000002 1507.5000000000002 414084.51116280892 1.5000000000000002 415018.39334739919 414552.25179062638 521.00000000000011 1465.5000000000002 414084.51116280892 1665.5000000000002 1626.5000000000002 414552.25179062638 1.0000000180025095e-35 2187.5000000000005 1388.5000000000002 1357.0000000000002 1648.5000000000002 414552.25179062638 415018.39334739919 1.0000000180025095e-35 3726.0000000000005 3041.5000000000005 1.0000000180025095e-35
decision_type=2 2 2 2 2 2 2 2 2 2 2 2 2 2 2 2 2 2 2 2 2 2 2 2 2 2 2 2 2 2
left_child=2 4 5 21 19 13 7 14 9 -8 11 12 -10 -1 15 -5 -14 -13 -12 20 -2 22 -4 -20 -9 29 28 -28 -27 -6
right_child=1 -3 3 6 25 -7 8 24 10 -11 18 17 16 -15 -16 -17 -18 -19 23 -21 -22 -23 -24 -25 -26 26 27 -29 -30 -31
leaf_value=-1392.272490056356 514.5610545730591 5159.3129599294361 -32.145485856504905 -283.92943500719571 1428.8085600955555 -231.28086589269742 488.31890287853423 1088.3438568940035 75.298413085937497 -1517.1084771050348 1209.6417959552923 1908.8780326511549 -1744.241811397158 -447.11075108824701 -586.73616997213924 904.01252198038219 -47.660879371279762 270.75242558232065 866.5378809435615 853.24146750864372 -1018.3774621582032 -990.87992410098821 679.76235453287768 -709.94725288722839 2390.2638724050216 -942.26370804398164 2663.2264832236551 89.388902545797421 2123.9419001261394 951.43027143711015
leaf_weight=48 160 31 2965 57 251 4271 21 37 155 36 73 23 29 1788 34 158 21 27 29 396 20 34 72 23 31 27 88 29 24 492
leaf_count=48 160 31 2965 57 251 4271 21 37 155 36 73 23 29 1788 34 158 21 27 29 396 20 34 72 23 31 27 88 29 24 492
internal_value=5.31134e-07 1086.3 -166.03 53.6091 1001.39 -303.596 378.134 697.375 146.557 -778.267 285.28 44.3211 -194.696 -471.821 428.518 589.07 -1031.68 1024.29 776.837 694.177 344.235 -26.0692 -15.2679 169.246 1681.87 1195.64 1562.44 2025.27 500.657 1112.7
internal_weight=11450 1518 9932 3825 1487 6107 754 317 437 57 380 255 205 1836 249 215 50 50 125 576 180 3071 3037 52 68 911 168 117 51 743
internal_count=11450 1518 9932 3825 1487 6107 754 317 437 57 380 255 205 1836 249 215 50 50 125 576 180 3071 3037 52 68 911 168 117 51 743
is_linear=0
shrinkage=0.05


Tree=57
num_leaves=31
num_cat=0
split_feature=2 2 0 0 0 0 1 1 2 0 2 2 2 0 1 2 0 0 2 2 2 0 2 2 0 0 0 4 2 0
split_gain=7.51018e+11 2.15865e+11 8.21039e+10 5.80261e+10 3.09943e+10 4.88592e+10 6.64418e+10 3.32606e+10 3.19762e+10 2.58166e+10 2.31814e+10 2.46157e+10 2.19493e+10 3.74448e+10 2.35647e+10 4.79718e+10 3.89537e+10 3.15317e+10 2.158e+10 1.98826e+10 3.62141e+10 3.34531e+10 2.1503e+10 5.83608e+10 5.32125e+10 3.6436e+10 3.16072e+10 2.4501e+10 2.23198e+10 2.12563e+10
threshold=137994.34 526962.25000000012 877.50000000000011 2292.5000000000005 1402.0000000000002 1503.0000000000002 415018.39334739919 414084.51116280892 92623.275000000009 1453.5000000000002 69978.545000000013 66802.930000000008 492759.64000000001 3961.5000000000005 415018.39334739919 277531.85000000003 2701.5000000000005 3806.5000000000005 86527.425000000003 69015.050000000003 69140.264999999999 932.50000000000011 88301.810000000012 90699.235000000015 1370.5000000000002 1162.5000000000002 1357.0000000000002 74.068535825545183 70220.790000000008 1109.5000000000002
decision_type=2 2 2 2 2 2 2 2 2 2 2 2 2 2 2 2 2 2 2 2 2 2 2 2 2 2 2 2 2 2
left_child=2 3 10 -2 19 8 7 -7 18 -10 11 -1 14 -14 -5 -16 -17 -18 -6 29 21 -21 24 25 26 -24 27 -22 -29 -4
right_child=1 -3 4 12 5 6 -8 -9 9 -11 -12 -13 13 -15 15 16 17 -19 -20 20 22 -23 23 -25 -26 -27 -28 28 -30 -31
leaf_value=-410.25076550269779 558.13563705116019 4537.3166699218755 43.790991632578326 1046.7926114819518 707.57121996757314 -7.7644894622093021 1697.9613194056922 -1849.6540959943807 684.35473057009142 2294.0078701587436 -536.01675201394096 -49.59212708824365 -1379.2102984884511 1444.0142574310303 -568.13885742187506 4092.5989355468755 1309.3569555123649 3370.5467253311822 -478.85382037246438 -2076.9036923615831 956.44723588659417 -303.31676810128346 203.47452337091622 -52.773834344843308 -2527.5775299072266 2158.4577674278848 1643.0657714843751 322.8458560596813 -223.6971513187456 1488.5242037259616
leaf_weight=1217 976 40 1225 696 117 43 28 57 53 47 1392 774 23 24 20 20 96 23 57 46 47 63 44 695 24 52 24 198 3303 26
leaf_count=1217 976 40 1225 696 117 43 28 57 53 47 1392 774 23 24 20 20 96 23 57 46 47 63 44 695 24 52 24 198 3303 26
internal_value=6.21819e-07 902.735 -181.646 825.321 -72.8005 351.64 -454.853 -1057.64 728.395 1440.89 -379.484 -270.045 1114.43 62.4363 1172.25 1721.45 2050.88 1707.74 318.915 -102.49 -151.547 -1051.8 -129.179 106.846 -181.097 1262.42 -165.331 -177.563 -192.787 73.8174
internal_weight=11450 1918 9532 1878 6149 402 128 100 274 100 3383 1991 902 47 855 159 139 119 174 5747 4496 109 4387 791 3596 96 3572 3548 3501 1251
internal_count=11450 1918 9532 1878 6149 402 128 100 274 100 3383 1991 902 47 855 159 139 119 174 5747 4496 109 4387 791 3596 96 3572 3548 3501 1251
is_linear=0
shrinkage=0.05


Tree=58
num_leaves=31
num_cat=0
split_feature=2 2 3 2 2 2 2 2 3 2 3 3 3 3 3 3 3 3 2 2 3 3 2 3 2 2 3 2 2 1
split_gain=6.77794e+11 1.99081e+11 5.92293e+10 4.34338e+10 3.07301e+10 2.65873e+10 3.11885e+10 2.51505e+10 2.44889e+10 2.08114e+10 3.54265e+10 2.76469e+10 2.29667e+10 2.11176e+10 2.13552e+10 3.81207e+10 2.27468e+10 5.20048e+10 4.71261e+10 6.16847e+10 4.30424e+10 3.70952e+10 1.88125e+10 1.66272e+10 1.66509e+10 2.06629e+10 1.68715e+10 1.65625e+10 2.09264e+10 1.63849e+10
threshold=137994.34 577367.92500000005 2251.0000000000005 81089.24000000002 136956.72000000003 80141.175000000003 78197.090000000011 70220.790000000008 748.00000000000011 277531.85000000003 2557.0000000000005 2324.0000000000005 2441.5000000000005 2557.0000000000005 4297.0000000000009 4097.0000000000009 4012.5000000000005 3960.5000000000005 492759.64000000001 465957.59000000003 3741.0000000000005 3637.5000000000005 73067.785000000018 211.50000000000003 44726.935000000005 66802.930000000008 184.50000000000003 78360.285000000018 78384.230000000025 412792.13776554511
decision_type=2 2 2 2 2 2 2 2 2 2 2 2 2 2 2 2 2 2 2 2 2 2 2 2 2 2 2 2 2 2
left_child=3 2 -2 5 -5 6 7 23 -7 10 11 -4 -11 -14 15 16 17 18 19 20 21 -15 -9 24 -1 26 -26 -8 -29 -24
right_child=1 -3 9 4 -6 8 27 22 -10 12 -12 -13 13 14 -16 -17 -18 -19 -20 -21 -22 -23 29 -25 25 -27 -28 28 -30 -31
leaf_value=278.03673652722995 529.10103351656073 5586.5921320134948 -346.53391601562498 53.785963531226969 -1440.3273732212613 -850.14060704064741 1185.5822892038448 -491.38499653054487 927.01562848772323 2229.8287301301957 -821.8867065429688 1950.1437602796054 -197.79359375000001 1108.6486021984053 -253.19441950871396 2746.9219262374077 -461.63916015625 3563.0031236128375 -994.44473407451915 3562.2397949218753 -172.69969679309477 2792.6551164899556 -532.65924874349196 1220.0490839177912 -358.77778264144877 -62.002272562912076 160.33549566159306 -949.73973747076002 213.39742635885875 -159.0740887601045
leaf_weight=206 968 22 20 2056 35 252 38 1272 21 48 37 38 30 498 26 38 22 22 26 26 62 35 373 22 1558 1721 174 43 384 1377
leaf_count=206 968 22 20 2056 35 252 38 1272 21 48 37 38 30 498 26 38 22 22 26 26 62 35 373 22 1558 1721 174 43 384 1377
internal_value=-1.41313e-06 857.598 802.726 -172.563 28.7769 -229.142 -210.697 -238.167 -713.436 1088.14 387 1158.19 1168.11 1103.19 1154.88 1205.1 1120.31 1172.33 1091.04 1178.36 1074.19 1219.23 -345.059 -150.412 -158.652 -184.704 -306.627 185.286 96.2665 -238.701
internal_weight=11450 1918 1896 9532 2091 7441 7168 6703 273 928 95 58 833 785 755 729 691 669 647 621 595 533 3022 3681 3659 3453 1732 465 427 1750
internal_count=11450 1918 1896 9532 2091 7441 7168 6703 273 928 95 58 833 785 755 729 691 669 647 621 595 533 3022 3681 3659 3453 1732 465 427 1750
is_linear=0
shrinkage=0.05


Tree=59
num_leaves=31
num_cat=0
split_feature=0 3 0 0 3 1 5 0 0 0 0 3 3 0 0 3 1 3 3 3 1 0 5 1 0 0 4 3 1 3
split_gain=6.13144e+11 1.74929e+11 1.00041e+11 4.22186e+10 2.54738e+10 1.81457e+10 5.47224e+10 1.85649e+10 1.75991e+10 1.56954e+10 2.11687e+10 1.40273e+10 6.05512e+10 3.75311e+10 1.162e+11 3.49532e+10 2.55019e+10 2.79582e+10 3.58222e+10 2.3483e+10 1.49775e+10 1.37847e+10 2.33661e+10 2.70761e+10 2.30853e+10 2.74239e+10 3.31958e+10 1.88261e+10 3.84967e+10 1.869e+10
threshold=1856.5000000000002 4794.5000000000009 1133.5000000000002 877.50000000000011 2925.5000000000005 412792.13776554511 1.5000000000000002 3726.0000000000005 568.50000000000011 887.50000000000011 890.50000000000011 3895.0000000000005 4012.5000000000005 3497.5000000000005 3425.0000000000005 4097.0000000000009 414552.25179062638 3741.0000000000005 3637.5000000000005 3695.5000000000005 414084.51116280892 1411.0000000000002 1.5000000000000002 415018.39334739919 1503.0000000000002 1453.5000000000002 225.13986013986019 314.50000000000006 414084.51116280892 123.50000000000001
decision_type=2 2 2 2 2 2 2 2 2 2 2 2 2 2 2 2 2 2 2 2 2 2 2 2 2 2 2 2 2 2
left_child=2 4 3 8 -2 6 7 -6 -1 -5 -11 13 -13 14 -7 -14 19 18 -18 -15 -17 -4 23 24 25 26 -23 28 -26 -30
right_child=1 -3 21 9 5 11 -8 -9 -10 10 -12 12 15 16 -16 20 17 -19 -20 -21 -22 22 -24 -25 27 -27 -28 -29 29 -31
leaf_value=-875.32812350235497 721.48155124802076 5502.7220610119048 71.202855613881027 284.79958262567936 1517.0633534576934 880.0047785963967 3473.9460131168366 -132.32880859375001 -324.80382640833312 -1151.5597996132046 -127.04813260149871 3162.9546304238811 -1039.7135486421132 -1589.5577687230605 4620.0426078464679 278.58505765914919 281.10255604619567 -450.11281550480771 3174.4553198242193 374.87578125000005 2002.9641971363742 472.33589199133087 732.78833338810853 842.48435317993176 546.6008027175377 1209.475040762765 -1853.1413507370723 -26.392693633316828 -560.30528738839291 -2479.9818738460544
leaf_weight=152 803 21 1118 230 59 214 32 24 3231 51 4432 37 21 29 23 20 23 26 20 32 34 57 260 115 29 70 21 213 21 32
leaf_count=152 803 21 1118 230 59 214 32 24 3231 51 4432 37 21 29 23 20 23 26 20 32 34 57 260 115 29 70 21 213 21 32
internal_value=3.60489e-07 973.205 -137.56 -214.772 905.116 1153.36 1717.37 1040.13 -349.539 -118.036 -138.703 1017.95 1507.75 868.481 1242.96 691.18 185.772 844.225 1626.85 -559.035 1364.31 185.325 341.302 158.889 -18.568 491.016 -153.754 -274.224 -917.981 -1719.36
internal_weight=11450 1418 10032 8096 1397 594 115 83 3383 4713 4483 479 112 367 237 75 130 69 43 61 54 1936 818 558 443 148 78 295 82 53
internal_count=11450 1418 10032 8096 1397 594 115 83 3383 4713 4483 479 112 367 237 75 130 69 43 61 54 1936 818 558 443 148 78 295 82 53
is_linear=0
shrinkage=0.05


Tree=60
num_leaves=31
num_cat=0
split_feature=3 3 3 3 1 3 3 7 3 3 3 1 3 3 3 3 3 1 3 3 3 1 1 3 3 3 1 3 3 1
split_gain=5.38318e+11 1.57746e+11 5.30671e+10 2.33575e+10 1.63765e+10 1.57774e+10 2.26784e+10 1.39216e+10 4.20182e+10 1.42482e+10 1.39594e+10 1.27126e+10 1.26596e+10 5.46474e+10 3.15453e+10 2.74364e+10 6.44364e+10 3.53824e+10 3.4712e+10 2.31229e+10 1.89954e+10 1.35172e+10 1.17882e+10 1.2454e+10 2.06509e+10 1.14326e+10 1.12578e+10 2.34898e+10 2.27556e+10 1.62715e+10
threshold=1880.0000000000002 4794.5000000000009 211.50000000000003 2925.5000000000005 412792.13776554511 225.50000000000003 1272.5000000000002 1.0000000180025095e-35 104.50000000000001 61.500000000000007 167.50000000000003 414552.25179062638 3895.0000000000005 4012.5000000000005 4097.0000000000009 3479.5000000000005 3374.0000000000005 414552.25179062638 3741.0000000000005 3695.5000000000005 3637.5000000000005 414084.51116280892 414552.25179062638 219.50000000000003 217.50000000000003 238.50000000000003 414552.25179062638 2847.5000000000005 2737.5000000000005 414084.51116280892
decision_type=2 2 2 2 2 2 2 2 2 2 2 2 2 2 2 2 2 2 2 2 2 2 2 2 2 2 2 2 2 2
left_child=2 3 7 26 -5 22 25 10 9 -9 -1 -12 15 -14 -15 16 -6 19 20 -17 -19 -16 23 24 -4 -7 27 29 -28 -2
right_child=1 -3 5 4 12 6 -8 8 -10 -11 11 -13 13 14 21 17 -18 18 -20 -21 -22 -23 -24 -25 -26 -27 28 -29 -30 -31
leaf_value=-312.76635851759789 807.80302930559435 5227.586588541667 927.05301949637271 1631.4979467242699 803.6054359087484 190.16321807006116 315.43210274524489 -927.37439476013196 441.61226033986725 -147.0927739609044 -56.470899847712388 -286.5992206911979 3004.8067983266469 -987.72785528273823 264.65581550598148 -1544.6456909179688 3131.7632997349333 948.37395019531255 -427.6073392427885 356.13200683593755 3015.7325463867187 1902.8160434498507 -14.243141767713759 1278.9844102125903 -838.93307812500007 -145.078857632845 740.28189372380575 -875.20271900721968 2001.8427914574033 145.04826721191407
leaf_weight=2711 322 21 49 115 197 339 566 60 322 2349 1494 1003 37 21 20 32 35 25 26 32 20 34 72 65 25 1018 240 28 42 130
leaf_count=2711 322 21 49 115 197 339 566 60 322 2349 1494 1003 37 21 20 32 35 25 26 32 20 34 72 65 25 1018 240 28 42 130
internal_value=-1.16846e-06 927.255 -126.758 860.657 1095.69 94.5972 49.563 -186.258 -94.824 -166.527 -234.204 -148.909 967.057 1432.36 656.621 825.057 1154.84 258.324 1026.85 -594.257 1867.2 1296.09 505.027 774.002 330.436 -61.3301 677.439 530.132 928.174 617.188
internal_weight=11450 1377 10073 1356 594 2134 1923 7939 2731 2409 5208 2497 479 112 75 367 232 135 71 64 45 54 211 139 74 1357 762 480 282 452
internal_count=11450 1377 10073 1356 594 2134 1923 7939 2731 2409 5208 2497 479 112 75 367 232 135 71 64 45 54 211 139 74 1357 762 480 282 452
is_linear=0
shrinkage=0.05


Tree=61
num_leaves=31
num_cat=0
split_feature=0 2 0 0 2 2 4 2 0 2 2 0 0 2 4 0 2 0 0 2 2 2 2 2 4 0 0 0 2 2
split_gain=5.02393e+11 1.54267e+11 7.1928e+10 2.90643e+10 2.69974e+10 2.43414e+10 2.41174e+10 2.00277e+10 1.95503e+10 1.8993e+10 1.89784e+10 2.75053e+10 3.20352e+10 1.89682e+10 1.85868e+10 4.19387e+10 3.07819e+10 2.77136e+10 1.68062e+10 1.67529e+10 1.90161e+10 1.60309e+10 2.92673e+10 2.81025e+10 1.54325e+10 1.53794e+10 2.17178e+10 1.5243e+10 4.42744e+10 3.13418e+10
threshold=1665.5000000000002 561545.60000000009 941.50000000000011 2292.5000000000005 88301.810000000012 44726.935000000005 77.619937694704063 69015.050000000003 616.50000000000011 69297.510000000009 90699.235000000015 1402.0000000000002 1162.5000000000002 70220.790000000008 210.07575757575759 1503.0000000000002 122185.87000000001 1422.0000000000002 1109.5000000000002 68269.905000000013 68028.125000000015 70025.675000000003 66802.930000000008 73067.785000000018 204.00815850815852 691.50000000000011 748.50000000000011 1702.5000000000002 199235.51500000004 153951.87000000002
decision_type=2 2 2 2 2 2 2 2 2 2 2 2 2 2 2 2 2 2 2 2 2 2 2 2 2 2 2 2 2 2
left_child=2 3 5 27 6 -1 -4 18 -7 -9 11 12 -6 -11 24 17 -17 -16 19 20 -8 22 -10 -23 -12 -25 -27 29 -29 -2
right_child=1 -3 4 -5 10 8 7 9 21 13 14 -13 -14 -15 15 16 -18 -19 -20 -21 -22 23 -24 25 -26 26 -28 28 -30 -31
leaf_value=297.74032418145077 2822.0381312779018 4413.072208378233 1446.2780513286591 923.29875355874071 199.8605574174361 -667.65798765723503 83.126291893864732 -885.20300859198505 -339.80693733147109 661.39700622558598 68.707795146652927 -541.66918172200519 2032.9831533578727 -139.40255606547299 274.98036937713624 -1627.6752197265625 314.23815974135425 2152.1162123736212 1406.8865647536059 757.91900578641344 -1170.9496196746827 -592.07353266416339 13.154530684182646 414.8105152723524 -836.81682446289074 -823.98725854492193 -176.22067942072633 -426.93964767766192 622.06216473233872 482.72649685329861
leaf_weight=180 21 29 26 913 44 327 546 83 1286 76 798 30 52 2737 32 23 181 51 26 87 32 837 1081 90 50 150 942 123 552 45
leaf_count=180 21 29 26 913 44 327 546 83 1286 76 798 30 52 2737 32 23 181 51 26 87 32 837 1081 90 50 150 942 123 552 45
internal_value=3.19236e-06 797.862 -137.483 734.475 -1.53219 -272.907 -71.0525 -82.0507 -294.701 -139.762 197.656 779.833 1192.8 -117.767 133.027 480.829 95.2969 1428.4 159.818 111.061 13.6965 -266.895 -178.611 -370.397 15.316 -213.422 -265.2 501.822 430.911 1227.05
internal_weight=11450 1683 9767 1654 4874 4893 3613 3587 4713 2896 1261 126 96 2813 1135 287 204 83 691 665 578 4386 2367 2019 848 1182 1092 741 675 66
internal_count=11450 1683 9767 1654 4874 4893 3613 3587 4713 2896 1261 126 96 2813 1135 287 204 83 691 665 578 4386 2367 2019 848 1182 1092 741 675 66
is_linear=0
shrinkage=0.05


Tree=62
num_leaves=31
num_cat=0
split_feature=0 2 0 0 3 3 2 3 2 1 2 2 1 1 2 3 3 1 2 2 3 3 3 3 2 2 1 0 2 2
split_gain=4.56012e+11 1.51577e+11 4.82783e+10 4.62377e+10 3.77576e+10 5.7913e+10 2.99038e+10 3.83282e+10 3.32363e+10 1.6356e+11 2.78218e+10 2.58174e+10 2.7481e+10 2.44661e+10 4.34798e+10 2.47227e+10 8.00368e+10 4.42506e+10 3.34904e+10 2.37631e+10 5.22853e+10 3.87079e+10 5.20688e+10 2.95479e+10 2.03096e+10 3.61619e+10 2.11277e+10 2.0717e+10 1.89629e+10 3.05945e+10
threshold=1411.0000000000002 526962.25000000012 877.50000000000011 2054.5000000000005 4297.0000000000009 4097.0000000000009 259409.34 2251.0000000000005 268021.47500000003 414084.51116280892 139567.53000000003 199235.51500000004 414552.25179062638 415018.39334739919 328385.67000000004 3842.5000000000005 3895.0000000000005 414084.51116280892 465957.59000000003 439155.53999999998 3695.5000000000005 3581.5000000000005 3374.0000000000005 3479.5000000000005 136956.72000000003 124051.91000000002 414084.51116280892 1162.5000000000002 69015.050000000003 69140.264999999999
decision_type=2 2 2 2 2 2 2 2 2 2 2 2 2 2 2 2 2 2 2 2 2 2 2 2 2 2 2 2 2 2
left_child=2 3 -1 -2 5 6 11 -8 9 -9 24 -5 -13 15 -15 18 -17 -18 19 20 21 22 -10 -21 25 28 -27 -28 -4 -30
right_child=1 -3 10 4 -6 -7 7 8 13 -11 -12 12 -14 14 -16 16 17 -19 -20 23 -22 -23 -24 -25 -26 26 27 -29 29 -31
leaf_value=-305.70127871872722 345.94124449746226 3690.7985343170167 90.216395278247617 309.45972671508792 -1348.2081553649905 2907.134546360825 -139.68100620957671 2610.0663260323663 662.54761050318984 -3559.0415990656074 1337.2052720424108 1395.7172443020729 3332.3415583683891 3003.5399553571428 980.20660766601566 -2809.7620507812499 -791.35256696428576 2244.9058419363841 2576.1320421006949 924.35972949218763 3015.4542851200813 -1294.3437744140626 2327.2590525213277 -1531.7966064453126 -1111.9028003124481 -247.80507446289062 656.08804507048239 2802.2610956365415 -957.53178251773943 -109.35890867322492
leaf_weight=3383 1053 40 1251 32 20 33 122 21 413 22 35 62 26 35 110 20 21 28 27 25 27 22 53 24 47 20 23 22 109 4324
leaf_count=3383 1053 40 1251 32 20 33 122 21 413 22 35 62 26 35 110 20 21 28 27 25 27 22 53 24 47 20 23 22 109 4324
internal_value=3.19942e-07 640.536 -155.442 584.976 805.189 843.54 781.064 688.95 808.164 -546.221 -68.2647 1525.65 1967.9 880.51 1468.6 751.309 -144.294 943.652 855.871 773.519 873.628 755.126 851.882 -278.656 -76.7519 -68.2892 1104.36 1705.33 -81.6992 -130.214
internal_weight=11450 2236 9214 2196 1143 1123 1090 970 848 43 5831 120 88 805 145 660 69 49 591 564 515 488 466 49 5796 5749 65 45 5684 4433
internal_count=11450 2236 9214 2196 1143 1123 1090 970 848 43 5831 120 88 805 145 660 69 49 591 564 515 488 466 49 5796 5749 65 45 5684 4433
is_linear=0
shrinkage=0.05


Tree=63
num_leaves=31
num_cat=0
split_feature=2 3 3 2 3 2 2 2 3 3 2 2 4 2 3 3 2 3 3 3 3 4 3 2 7 4 4 3 2 2
split_gain=4.1082e+11 1.3831e+11 3.45251e+10 2.89637e+10 8.41708e+10 4.15517e+10 2.89049e+10 2.99824e+10 2.69579e+10 2.06593e+10 3.68316e+10 1.97926e+10 1.89321e+10 1.71257e+10 1.64003e+10 2.52656e+10 1.46063e+10 3.14083e+10 2.36727e+10 2.32591e+10 1.69324e+10 1.42895e+10 2.15482e+10 1.82758e+10 2.35499e+10 1.32733e+10 1.31531e+10 1.29378e+10 1.5951e+10 2.85076e+10
threshold=137994.34 4794.5000000000009 2251.0000000000005 492759.64000000001 4097.0000000000009 474569.72500000003 88301.810000000012 136956.72000000003 3960.5000000000005 3960.5000000000005 526962.25000000012 90699.235000000015 220.73892773892777 44726.935000000005 2203.5000000000005 2186.5000000000005 277531.85000000003 2557.0000000000005 2324.0000000000005 2441.5000000000005 2557.0000000000005 97.886484205449747 123.50000000000001 100267.30500000001 1.0000000180025095e-35 311.50000000000006 88.982517482517508 1458.5000000000002 124051.91000000002 130890.02500000001
decision_type=2 2 2 2 2 2 2 2 2 2 2 2 2 2 2 2 2 2 2 2 2 2 2 2 2 2 2 2 2 2
left_child=6 2 14 4 5 8 13 11 16 -5 -11 12 -8 -1 15 25 17 18 -4 -18 -21 23 -23 24 -13 -2 -26 28 -24 -30
right_child=1 -3 3 9 -6 -7 7 -9 -10 10 -12 21 -14 -15 -16 -17 19 -19 -20 20 -22 22 27 -25 26 -27 -28 -29 29 -31
leaf_value=284.3579041268062 361.33521208997456 4703.1602492559532 -431.31748535156248 -1186.7336787632535 3478.9160599247102 2875.2076171875001 1007.6540204893869 -1334.3901391601564 -852.23520605468752 1988.1587480024857 -939.31932489304313 -1871.727966702369 -669.55263793945323 -177.21054382578941 -905.17113196331525 2083.0310143512229 1957.8821604410809 -903.34064585711519 1693.8909847861844 -343.06912190755207 873.8934673832664 1237.0677787087182 -56.727014326321878 484.86468757961114 759.97778851052999 1223.8612748815658 -646.33842175801601 929.8881873390892 1279.6697252273561 -362.68581814236114
leaf_weight=206 875 21 20 28 31 24 106 35 25 22 21 31 20 8218 23 23 48 37 38 30 605 44 590 46 23 47 60 44 64 45
leaf_count=206 875 21 20 28 31 24 106 35 25 22 21 31 20 8218 23 23 48 37 38 30 605 44 590 46 23 47 60 44 64 45
internal_value=1.18588e-06 667.668 622.995 840.732 921.043 825.162 -134.346 105.732 763.89 -129.785 558.46 152.707 741.431 -165.923 414.03 446.137 815.822 234.925 961.06 896.621 816.399 74.3765 161.951 -356.379 -695.828 405.303 -256.636 98.2828 45.9357 601.633
internal_weight=11450 1918 1897 929 858 827 9532 1108 803 71 43 1073 126 8424 968 945 778 95 58 683 635 947 787 160 114 922 83 743 699 109
internal_count=11450 1918 1897 929 858 827 9532 1108 803 71 43 1073 126 8424 968 945 778 95 58 683 635 947 787 160 114 922 83 743 699 109
is_linear=0
shrinkage=0.05


Tree=64
num_leaves=31
num_cat=0
split_feature=0 0 0 0 0 0 0 1 0 0 0 0 0 0 12 0 0 5 1 0 12 0 4 0 0 1 8 4 0 0
split_gain=3.7211e+11 1.321e+11 4.30032e+10 3.94297e+10 1.54187e+10 1.25454e+10 2.00792e+10 1.24001e+10 2.36495e+10 2.15175e+10 2.82603e+10 1.92588e+10 2.04257e+10 2.033e+10 1.83255e+10 1.6512e+10 1.6357e+10 1.47229e+10 1.74687e+10 1.4427e+10 1.27178e+10 1.93273e+10 1.57549e+10 1.60434e+10 1.23176e+10 1.23428e+10 1.16831e+10 1.98875e+10 1.08887e+10 1.04933e+10
threshold=1411.0000000000002 4561.5000000000009 877.50000000000011 2292.5000000000005 521.00000000000011 887.50000000000011 890.50000000000011 414552.25179062638 1318.5000000000002 1288.5000000000002 1302.5000000000002 1388.5000000000002 1116.5000000000002 1087.5000000000002 1.0000000180025095e-35 1092.5000000000002 1017.5000000000001 1.0000000180025095e-35 414084.51116280892 979.50000000000011 1.0000000180025095e-35 1273.5000000000002 207.92890442890447 1129.5000000000002 1167.5000000000002 415018.39334739919 1.0000000180025095e-35 97.886484205449747 1288.5000000000002 1422.0000000000002
decision_type=2 2 2 2 2 2 2 2 2 2 2 2 2 2 2 2 2 2 2 2 2 2 2 2 2 2 2 2 2 2
left_child=2 3 4 29 -1 -4 -7 11 9 14 -11 12 13 16 -9 -15 19 26 20 -8 22 -22 23 -19 -16 -26 27 -14 -25 -2
right_child=1 -3 5 -5 -6 6 7 8 -10 10 -12 -13 17 15 24 -17 -18 18 -20 -21 21 -23 -24 28 25 -27 -28 -29 -30 -31
leaf_value=-1171.9841231346131 1142.7635482415922 3819.8389301915327 303.77800823709242 785.03991856894299 -269.42260960711889 -1060.5804788028493 -23.499518295941858 -210.34929535307612 583.93617958655727 -2439.0281962076824 105.83330139160158 -1202.8197759917289 1010.4880555372973 -1573.6833007812502 52.437559941989278 -341.22026975557401 185.76068515106181 -810.01032307942705 498.28012198519849 -382.75826248422555 -1408.2299084174924 378.31989237467451 -1090.8188406808038 214.22552398931785 310.10539038873492 1858.643163030798 969.16536435988348 -255.14438429002641 1442.9791439819337 329.88620104686987
leaf_weight=48 41 31 230 911 3335 51 1237 1964 104 24 20 33 52 33 134 154 696 36 173 361 41 24 28 183 31 22 103 77 20 1253
leaf_count=48 41 31 230 911 3335 51 1237 1964 104 24 20 33 52 33 134 154 696 36 173 361 41 24 28 183 31 22 103 77 20 1253
internal_value=6.82337e-07 578.617 -140.415 533.049 -282.229 -58.1388 -73.0006 -63.9255 -152.8 -187.707 -1282.27 -1.07664 11.247 -57.4102 -165.317 -558.714 -16.5454 242.371 90.8995 -104.659 -121.38 -748.581 31.3092 162.772 307.647 952.895 572.083 255.033 335.285 355.642
internal_weight=11450 2236 9214 2205 3383 5831 5601 5550 2299 2195 44 3251 3218 2481 2151 187 2294 737 505 1598 332 65 267 239 187 53 232 129 203 1294
internal_count=11450 2236 9214 2205 3383 5831 5601 5550 2299 2195 44 3251 3218 2481 2151 187 2294 737 505 1598 332 65 267 239 187 53 232 129 203 1294
is_linear=0
shrinkage=0.05


end of trees

feature_importances:
property_size=635
sqft_renovated=497
renovation_cost=494
location=176
material_grade=79
sqft_to_add=57
reno_bathroom=5
reno_full_renovation=4
reno_bedroom=3

parameters:
[boosting: gbdt]
[objective: regression]
[metric: l1,l2]
[tree_learner: serial]
[device_type: cpu]
[data_sample_strategy: bagging]
[data: ]
[valid: ]
[num_iterations: 2000]
[learning_rate: 0.05]
[num_leaves: 31]
[num_threads: 8]
[seed: 42]
[deterministic: 0]
[force_col_wise: 0]
[force_row_wise: 0]
[histogram_pool_size: -1]
[max_depth: -1]
[min_data_in_leaf: 20]
[min_sum_hessian_in_leaf: 0.001]
[bagging_fraction: 0.8]
[pos_bagging_fraction: 1]
[neg_bagging_fraction: 1]
[bagging_freq: 0]
[bagging_seed: 400]
[bagging_by_query: 0]
[feature_fraction: 0.8]
[feature_fraction_bynode: 1]
[feature_fraction_seed: 30056]
[extra_trees: 0]
[extra_seed: 12879]
[early_stopping_round: 0]
[early_stopping_min_delta: 0]
[first_metric_only: 0]
[max_delta_step: 0]
[lambda_l1: 0]
[lambda_l2: 0]
[linear_lambda: 0]
[min_gain_to_split: 0]
[drop_rate: 0.1]
[max_drop: 50]
[skip_drop: 0.5]
[xgboost_dart_mode: 0]
[uniform_drop: 0]
[drop_seed: 17869]
[top_rate: 0.2]
[other_rate: 0.1]
[min_data_per_group: 100]
[max_cat_threshold: 32]
[cat_l2: 10]
[cat_smooth: 10]
[max_cat_to_onehot: 4]
[top_k: 20]
[monotone_constraints: ]
[monotone_constraints_method: basic]
[monotone_penalty: 0]
[feature_contri: ]
[forcedsplits_filename: ]
[refit_decay_rate: 0.9]
[cegb_tradeoff: 1]
[cegb_penalty_split: 0]
[cegb_penalty_feature_lazy: ]
[cegb_penalty_feature_coupled: ]
[path_smooth: 0]
[interaction_constraints: ]
[verbosity: 1]
[saved_feature_importance_type: 0]
[use_quantized_grad: 0]
[num_grad_quant_bins: 4]
[quant_train_renew_leaf: 0]
[stochastic_rounding: 1]
[linear_tree: 0]
[max_bin: 255]
[max_bin_by_feature: ]
[min_data_in_bin: 3]
[bin_construct_sample_cnt: 200000]
[data_random_seed: 175]
[is_enable_sparse: 1]
[enable_bundle: 1]
[use_missing: 1]
[zero_as_missing: 0]
[feature_pre_filter: 1]
[pre_partition: 0]
[two_round: 0]
[header: 0]
[label_column: ]
[weight_column: ]
[group_column: ]
[ignore_column: ]
[categorical_feature: ]
[forcedbins_filename: ]
[precise_float_parser: 0]
[parser_config_file: ]
[objective_seed: 16083]
[num_class: 1]
[is_unbalance: 0]
[scale_pos_weight: 1]
[sigmoid: 1]
[boost_from_average: 1]
[reg_sqrt: 0]
[alpha: 0.9]
[fair_c: 1]
[poisson_max_delta_step: 0.7]
[tweedie_variance_power: 1.5]
[lambdarank_truncation_level: 30]
[lambdarank_norm: 1]
[label_gain: ]
[lambdarank_position_bias_regularization: 0]
[eval_at: ]
[multi_error_top_k: 1]
[auc_mu_weights: ]
[num_machines: 1]
[local_listen_port: 12400]
[time_out: 120]
[machine_list_filename: ]
[machines: ]
[gpu_platform_id: -1]
[gpu_device_id: -1]
[gpu_use_dp: 0]
[num_gpu: 1]

end of parameters

pandas_categorical:[]
