tree
version=v4
num_class=1
num_tree_per_iteration=1
label_index=0
max_feature_idx=17
objective=regression
feature_names=property_size location renovation_cost sqft_renovated sqft_to_add material_grade structural_change reno_bathroom reno_bedroom reno_kitchen reno_living_room reno_other_custom reno_full_renovation unit_type_bedroom unit_type_full_renovation unit_type_kitchen unit_type_living_room unit_type_other/custom
feature_infos=[352:27621] [380714.28571428574:1479696.6666666667] [21754.32:73802.729999999996] [63.567639257294431:6137] [0:1505] [0:2] none [0:1] [0:1] [0:1] [0:1] [0:1] [0:1] none [0:1] none [0:1] [0:1]
tree_sizes=715 728 723 729 723 722 730 724 722 721 640 725 645 724 638 640 724 725 726 719 724 642 724 723 721 722 722 804 720 806 802 805 725 722 726 722 726 725 723 723 719 806 808 724 806 725 805 724 808 722 888 800 888 804 799 803 725 805 724 806 803 890 804 723 803 802 801 724 878 883 806 801 806 802 809 805 803 804 731 805 804 652 726 654 884 733 802 734 806 804 889 725 803 808 720 884 809 726 885 889 883 803 884 648 887 805 652 882 883 654 725 808 649 728 806 812 805 727 882 810 808 812 658 804 884 809 658 814 652 813 725 659 724 659 724 814 804 657 726 813 805 656 813 877 658 724 884 809 807 729 888 812 887 731 811 805 885 886 810 807 806 811 882 884 804 656 728 882 728 882 812 805 804 808 657 803 654 888 808 807 812 813 805 653 802 811 657 805 653 808 811 804 890 657 881 808 883 653 805 892 810 886 805 890 659 884 805 802 654 806 879 652 887 803 732 882 653 804 804 651 882 800 803 804 658 799 800 888 803 804 812 804 882 800 729 801 807 884 803 815 805 728 803 731 803 808 803 654 802 889 809 726 651 727 650 886 653 724 723 726 728 879 885 651 807 809 732 729 731 726 725 724 809 808 654 809 728 653 732 724 728 653 723 809 805 810 802 804 652 882 809 730 882 728 886 806 886 804 885 805 807 887 651 731 653 653 806 654 884 885 881 806 726 887 803 802 883 802 800 653 804 800 802 806 884 803 805 730 802 804 804 809 730 802 805 733 807 809 803 801 811 805 804 733 807 652 728 813 889 729 730 801 655 650 730 805 656 808 729 654 805 888 804 807 803 805 883 732 649 731 807 806 802 731 800 806 812 803 883 654 733 809 806 729 879 803 885 651 817 655 805 804 805 807 803 881 884 650 647 884 808 799 805 647 804 886 653 726 646 725 810 807 807

Tree=0
num_leaves=7
num_cat=0
split_feature=0 0 0 1 5 11
split_gain=1.96706e+13 4.19082e+12 1.18725e+12 6.26923e+11 2.53698e+11 8.75004e+10
threshold=2262.5000000000005 1303.0000000000002 2842.0000000000005 659677.69736842124 1.0000000180025095e-35 1.0000000180025095e-35
decision_type=2 2 2 2 2 2
left_child=1 4 -2 -3 -1 -5
right_child=2 3 -4 5 -6 -7
leaf_value=651138.80000505934 675418.29330926423 662207.33816606808 689666.68137430516 670745.48104778002 659009.05084777705 667346.29275176022
leaf_weight=52 22 32 39 21 26 25
leaf_count=52 22 32 39 21 26 25
internal_value=667001 659462 685467 666161 653178 669095
internal_weight=217 156 61 78 78 46
internal_count=217 156 61 78 78 46
is_linear=0
shrinkage=1


Tree=1
num_leaves=7
num_cat=0
split_feature=0 0 0 1 5 11
split_gain=1.82942e+13 3.89397e+12 1.09647e+12 5.84538e+11 2.30696e+11 8.18603e+10
threshold=2262.5000000000005 1303.0000000000002 2842.0000000000005 659677.69736842124 1.0000000180025095e-35 1.0000000180025095e-35
decision_type=2 2 2 2 2 2
left_child=1 4 -2 -3 -1 -5
right_child=2 3 -4 5 -6 -7
leaf_value=-15278.719852501245 8138.1505230099101 -4625.795735685977 21853.548843043718 3621.2763895422354 -7719.8529930418836 333.5506754999281
leaf_weight=52 22 32 39 21 26 25
leaf_count=52 22 32 39 21 26 25
internal_value=5.34888 -7264.98 17813.5 -807.923 -13322.4 2024.97
internal_weight=217 156 61 78 78 46
internal_count=217 156 61 78 78 46
is_linear=0
shrinkage=0.04


Tree=2
num_leaves=7
num_cat=0
split_feature=0 0 0 1 5 3
split_gain=1.70142e+13 3.61816e+12 1.01259e+12 5.45019e+11 2.0969e+11 8.0284e+10
threshold=2262.5000000000005 1303.0000000000002 2842.0000000000005 659677.69736842124 1.0000000180025095e-35 507.1918393133347
decision_type=2 2 2 2 2 2
left_child=1 4 -2 -3 -1 -5
right_child=2 3 -4 5 -6 -7
leaf_value=-14716.651129589163 7868.3167788061091 -4463.7564532450269 21070.567011345858 3248.3014411834947 -7456.9688080596025 -9.6815960624328081
leaf_weight=52 22 32 39 26 26 20
leaf_count=52 22 32 39 26 26 20
internal_value=10.3181 -7001.16 17184.1 -777.083 -12840.1 1958.18
internal_weight=217 156 61 78 78 46
internal_count=217 156 61 78 78 46
is_linear=0
shrinkage=0.04


Tree=3
num_leaves=7
num_cat=0
split_feature=0 0 0 1 5 11
split_gain=1.58247e+13 3.36111e+12 9.35067e+11 5.07822e+11 1.90514e+11 7.88419e+10
threshold=2262.5000000000005 1303.0000000000002 2842.0000000000005 659677.69736842124 1.0000000180025095e-35 1.0000000180025095e-35
decision_type=2 2 2 2 2 2
left_child=1 4 -2 -3 -1 -5
right_child=2 3 -4 5 -6 -7
leaf_value=-14175.259472798623 7607.4294301273267 -4307.3933514472164 20315.638725780776 3456.5737936417654 -7203.0369222625459 247.5912829188583
leaf_weight=52 22 32 39 21 26 25
leaf_count=52 22 32 39 21 26 25
internal_value=14.4474 -6747.59 16576.9 -748.695 -12375.3 1891.49
internal_weight=217 156 61 78 78 46
internal_count=217 156 61 78 78 46
is_linear=0
shrinkage=0.04


Tree=4
num_leaves=7
num_cat=0
split_feature=0 0 0 1 5 3
split_gain=1.47176e+13 3.1271e+12 8.63435e+11 4.36729e+11 2.29254e+11 8.6022e+10
threshold=2262.5000000000005 1343.1000000000001 2842.0000000000005 659677.69736842124 1.0000000180025095e-35 507.1918393133347
decision_type=2 2 2 2 2 2
left_child=1 4 -2 -3 -1 -5
right_child=2 3 -4 5 -6 -7
leaf_value=-13653.783759537053 7355.1924657774543 -3936.7141657767975 19587.758488110496 3299.2268336939337 -6900.4666570101308 -80.202872628483604
leaf_weight=52 22 30 39 25 29 20
leaf_count=52 22 30 39 25 29 20
internal_value=18.7408 -6502.55 15991.2 -508.967 -11730.6 1927.57
internal_weight=217 156 61 75 81 45
internal_count=217 156 61 75 81 45
is_linear=0
shrinkage=0.04


Tree=5
num_leaves=7
num_cat=0
split_feature=0 0 0 1 5 3
split_gain=1.3688e+13 2.90446e+12 7.97247e+11 4.07153e+11 2.09735e+11 8.03026e+10
threshold=2262.5000000000005 1343.1000000000001 2842.0000000000005 659677.69736842124 1.0000000180025095e-35 507.1918393133347
decision_type=2 2 2 2 2 2
left_child=1 4 -2 -3 -1 -5
right_child=2 3 -4 5 -6 -7
leaf_value=-13151.492735097207 7111.3188793901627 -3799.9460993096745 18885.956740818947 3187.5423690820771 -6661.8147400979924 -77.588386850207925
leaf_weight=52 22 30 39 25 29 20
leaf_count=52 22 30 39 25 29 20
internal_value=22.6404 -6266.51 15426.2 -490.248 -11305 1862.27
internal_weight=217 156 61 75 81 45
internal_count=217 156 61 75 81 45
is_linear=0
shrinkage=0.04


Tree=6
num_leaves=7
num_cat=0
split_feature=0 0 1 1 5 11
split_gain=1.27305e+13 2.69782e+12 7.39545e+11 4.12518e+11 1.41787e+11 7.65263e+10
threshold=2262.5000000000005 1303.0000000000002 829324.87500000012 659677.69736842124 1.0000000180025095e-35 1.0000000180025095e-35
decision_type=2 2 2 2 2 2
left_child=1 4 -2 -3 -1 -5
right_child=2 3 -4 5 -6 -7
leaf_value=-12667.680580006545 9487.8533765164957 -3872.7423308898069 20758.635434002346 3254.4247912729234 -6495.9163995437975 118.74721055761013
leaf_weight=52 38 32 23 21 26 25
leaf_count=52 38 32 23 21 26 25
internal_value=26.2388 -6039.05 14881.2 -664.939 -11080.9 1714.03
internal_weight=217 156 61 78 78 46
internal_count=217 156 61 78 78 46
is_linear=0
shrinkage=0.04


Tree=7
num_leaves=7
num_cat=0
split_feature=0 0 0 1 5 3
split_gain=1.18567e+13 2.51077e+12 7.46342e+11 3.53399e+11 1.73291e+11 7.67112e+10
threshold=2262.5000000000005 1343.1000000000001 2842.0000000000005 659677.69736842124 1.0000000180025095e-35 507.1918393133347
decision_type=2 2 2 2 2 2
left_child=1 4 -2 -3 -1 -5
right_child=2 3 -4 5 -6 -7
leaf_value=-12201.665749358119 6476.0130811858362 -3533.3841317063138 17682.986985946856 3037.4060047442654 -6220.9015878561777 -140.26206276659977
leaf_weight=52 22 30 39 25 29 20
leaf_count=52 22 30 39 25 29 20
internal_value=33.8658 -5819.73 14369.8 -449.588 -10504.3 1741.7
internal_weight=217 156 61 75 81 45
internal_count=217 156 61 75 81 45
is_linear=0
shrinkage=0.04


Tree=8
num_leaves=7
num_cat=0
split_feature=0 0 1 1 5 3
split_gain=1.10272e+13 2.33402e+12 7.22247e+11 3.47013e+11 2.00527e+11 9.82181e+10
threshold=2262.5000000000005 1376.5000000000002 829324.87500000012 659677.69736842124 1.0000000180025095e-35 507.1918393133347
decision_type=2 2 2 2 2 2
left_child=1 4 -2 -3 -1 -5
right_child=2 3 -4 5 -6 -7
leaf_value=-11752.79405687422 8696.1651835120356 -3346.9424318271563 19555.872108851378 3517.5745808224601 -5943.2521744557398 -135.68956148201661
leaf_weight=52 38 29 23 23 32 20
leaf_count=52 38 29 23 23 32 20
internal_value=36.6927 -5608.51 13862 -244.475 -9957.92 1967.71
internal_weight=217 156 61 72 84 43
internal_count=217 156 61 72 84 43
is_linear=0
shrinkage=0.04


Tree=9
num_leaves=7
num_cat=0
split_feature=0 0 0 1 5 3
split_gain=1.02698e+13 2.16788e+12 6.97139e+11 3.23713e+11 1.842e+11 9.17725e+10
threshold=2262.5000000000005 1376.5000000000002 2842.0000000000005 659677.69736842124 1.0000000180025095e-35 507.1918393133347
decision_type=2 2 2 2 2 2
left_child=1 4 -2 -3 -1 -5
right_child=2 3 -4 5 -6 -7
leaf_value=-11320.43632040617 5891.1198590283493 -3231.1886859935657 16558.280303924592 3400.0693819285366 -5735.0632649177996 -131.2662091850319
leaf_weight=52 22 29 39 23 32 20
leaf_count=52 22 29 39 23 32 20
internal_value=43.9076 -5404.15 13385.8 -234.613 -9595.91 1901.93
internal_weight=217 156 61 72 84 43
internal_count=217 156 61 72 84 43
is_linear=0
shrinkage=0.04


Tree=10
num_leaves=6
num_cat=0
split_feature=0 0 1 1 4
split_gain=9.55031e+12 2.03122e+12 7.01246e+11 3.3338e+11 9.21154e+10
threshold=2262.5000000000005 1188.5000000000002 829324.87500000012 659677.69736842124 215.93356643356648
decision_type=2 2 2 2 2
left_child=1 -1 -2 -3 -5
right_child=2 3 -4 4 -6
leaf_value=-10104.689523771953 7964.3221659036135 -3620.8812651250314 18426.937835504974 2949.638510250642 -334.48039308346205
leaf_weight=69 38 38 23 20 29
leaf_count=69 38 38 23 20 29
internal_value=46.6043 -5207.23 12912.6 -1014.49 1142.45
internal_weight=217 156 61 87 49
internal_count=217 156 61 87 49
is_linear=0
shrinkage=0.04


Tree=11
num_leaves=7
num_cat=0
split_feature=0 0 1 1 5 3
split_gain=8.8885e+12 1.88567e+12 6.59891e+11 2.82817e+11 1.71555e+11 8.60881e+10
threshold=2262.5000000000005 1376.5000000000002 829324.87500000012 659677.69736842124 1.0000000180025095e-35 507.1918393133347
decision_type=2 2 2 2 2 2
left_child=1 4 -2 -3 -1 -5
right_child=2 3 -4 5 -6 -7
leaf_value=-10557.515619224467 7679.7527978574171 -2994.2107196641878 17811.383273954219 3254.7343618592454 -5279.9542170763098 -158.90692220717168
leaf_weight=52 38 29 23 23 32 20
leaf_count=52 38 29 23 23 32 20
internal_value=57.2678 -5011.51 12469.2 -191.924 -8920.89 1803.46
internal_weight=217 156 61 72 84 43
internal_count=217 156 61 72 84 43
is_linear=0
shrinkage=0.04


Tree=12
num_leaves=6
num_cat=0
split_feature=0 0 0 1 11
split_gain=8.27822e+12 1.7638e+12 6.54474e+11 2.87802e+11 8.98794e+10
threshold=2262.5000000000005 1188.5000000000002 2842.0000000000005 659677.69736842124 1.0000000180025095e-35
decision_type=2 2 2 2 2
left_child=1 -1 -2 -3 -5
right_child=2 3 -4 4 -6
leaf_value=-9392.3840727885108 5021.8942777964039 -3345.3279725077437 15063.963852842047 2739.4739815090925 -472.42894388654764
leaf_weight=69 22 38 39 22 27
leaf_count=69 22 38 39 22 27
internal_value=62.9748 -4828.86 12041.1 -923.15 1079.68
internal_weight=217 156 61 87 49
internal_count=217 156 61 87 49
is_linear=0
shrinkage=0.04


Tree=13
num_leaves=7
num_cat=0
split_feature=0 0 1 1 5 3
split_gain=7.69294e+12 1.63859e+12 6.36936e+11 2.46752e+11 1.60117e+11 8.21612e+10
threshold=2262.5000000000005 1376.5000000000002 829324.87500000012 659677.69736842124 1.0000000180025095e-35 507.1918393133347
decision_type=2 2 2 2 2 2
left_child=1 4 -2 -3 -1 -5
right_child=2 3 -4 5 -6 -7
leaf_value=-9847.0276038692227 7027.6274021046702 -2774.9585887929611 16786.102603499832 3124.4713059330102 -4854.9416251736411 -201.14882234159015
leaf_weight=52 38 29 23 23 32 20
leaf_count=52 38 29 23 23 32 20
internal_value=68.3387 -4647.55 11615.1 -156.26 -8291.79 1706.2
internal_weight=217 156 61 72 84 43
internal_count=217 156 61 72 84 43
is_linear=0
shrinkage=0.04


Tree=14
num_leaves=6
num_cat=0
split_feature=0 0 0 2 1
split_gain=7.1649e+12 1.53127e+12 6.0843e+11 2.56305e+11 3.0802e+11
threshold=2262.5000000000005 1188.5000000000002 2842.0000000000005 27598.525000000005 659677.69736842124
decision_type=2 2 2 2 2
left_child=1 -1 -2 -3 -5
right_child=2 3 -4 4 -6
leaf_value=-8730.0598965438421 4548.8362085797125 -3990.3369670450061 14111.084678962965 -2293.4892966984121 2955.512196105215
leaf_weight=69 22 24 39 29 34
leaf_count=69 22 24 39 29 34
internal_value=73.1969 -4478.11 11216.5 -840.114 547.555
internal_weight=217 156 61 87 63
internal_count=217 156 61 87 63
is_linear=0
shrinkage=0.04


Tree=15
num_leaves=6
num_cat=0
split_feature=0 0 3 2 1
split_gain=6.66057e+12 1.41668e+12 6.24867e+11 2.3916e+11 2.8685e+11
threshold=2262.5000000000005 1188.5000000000002 599.00000000000011 27598.525000000005 659677.69736842124
decision_type=2 2 2 2 2
left_child=1 -1 -2 -3 -5
right_child=2 3 -4 4 -6
leaf_value=-8402.4184385975332 13618.216131952577 -3856.1171433488607 4015.3409186519061 -2214.1692737213816 2851.2198360921625
leaf_weight=69 40 24 21 29 34
leaf_count=69 40 24 21 29 34
internal_value=75.6812 -4312.63 10819.5 -813.113 527.433
internal_weight=217 156 61 87 63
internal_count=217 156 61 87 63
is_linear=0
shrinkage=0.04


Tree=16
num_leaves=7
num_cat=0
split_feature=0 5 1 0 4 1
split_gain=6.1909e+12 1.34322e+12 6.48017e+11 3.51742e+11 2.43038e+11 5.0643e+10
threshold=2262.5000000000005 1.0000000180025095e-35 829324.87500000012 1188.5000000000002 173.03671328671331 763097.37500000012
decision_type=2 2 2 2 2 2
left_child=1 -1 -2 -3 -5 -6
right_child=2 3 -4 4 5 -7
leaf_value=-8801.385076337021 6037.9171189258659 -5179.9180061780653 15507.971845664257 3010.0786387682683 -2486.4541667011213 -40.395144512764354
leaf_weight=57 38 22 23 26 27 24
leaf_count=57 38 22 23 26 27 24
internal_value=77.5829 -4153.27 10435.6 -1208.47 151.489 -1432.78
internal_weight=217 156 61 99 77 51
internal_count=217 156 61 99 77 51
is_linear=0
shrinkage=0.04


Tree=17
num_leaves=7
num_cat=0
split_feature=0 5 1 0 4 1
split_gain=5.76679e+12 1.24382e+12 6.08621e+11 3.28809e+11 2.2674e+11 4.7233e+10
threshold=2262.5000000000005 1.0000000180025095e-35 829324.87500000012 1188.5000000000002 173.03671328671331 763097.37500000012
decision_type=2 2 2 2 2 2
left_child=1 -1 -2 -3 -5 -6
right_child=2 3 -4 4 5 -7
leaf_value=-8475.3057093953175 5822.1791208260938 -5008.1690237433559 14989.925670095194 2907.5765977315459 -2401.3142199219683 -39.036497163303636
leaf_weight=57 38 22 23 26 27 24
leaf_count=57 38 22 23 26 27 24
internal_value=81.0773 -4002.41 10077.9 -1168.37 146.505 -1383.73
internal_weight=217 156 61 99 77 51
internal_count=217 156 61 99 77 51
is_linear=0
shrinkage=0.04


Tree=18
num_leaves=7
num_cat=0
split_feature=0 5 3 0 4 1
split_gain=5.37175e+12 1.15177e+12 6.23073e+11 3.07371e+11 2.11535e+11 4.40527e+10
threshold=2262.5000000000005 1.0000000180025095e-35 599.00000000000011 1188.5000000000002 173.03671328671331 763097.37500000012
decision_type=2 2 2 2 2 2
left_child=1 -1 -2 -3 -5 -6
right_child=2 3 -4 4 5 -7
leaf_value=-8161.3066785236424 12485.387197102393 -4842.1150445880321 3201.3256551739701 2808.5650153857591 -2319.0896019293405 -37.723397152117698
leaf_weight=57 40 22 21 26 27 24
leaf_count=57 40 22 21 26 27 24
internal_value=84.2256 -3857.04 9732.45 -1129.6 141.686 -1336.36
internal_weight=217 156 61 99 77 51
internal_count=217 156 61 99 77 51
is_linear=0
shrinkage=0.04


Tree=19
num_leaves=7
num_cat=0
split_feature=0 0 0 1 0 3
split_gain=4.99447e+12 1.06925e+12 6.2323e+11 1.94853e+11 1.19794e+11 8.3361e+10
threshold=2262.5000000000005 1376.5000000000002 2842.0000000000005 659677.69736842124 1044.5000000000002 507.1918393133347
decision_type=2 2 2 2 2 2
left_child=1 4 -2 -3 -1 -5
right_child=2 3 -4 5 -6 -7
leaf_value=-7823.5557539595702 3112.674407763358 -2420.7060989208353 12232.088023656452 2991.7854874147997 -3567.9641027489379 -333.31272438832332
leaf_weight=56 22 29 39 23 28 20
leaf_count=56 22 29 39 23 28 20
internal_value=83.4269 -3716.96 9386.63 -91.1417 -6660.75 1561.11
internal_weight=217 156 61 72 84 43
internal_count=217 156 61 72 84 43
is_linear=0
shrinkage=0.04


Tree=20
num_leaves=7
num_cat=0
split_feature=0 5 1 0 4 1
split_gain=4.64335e+12 1.01373e+12 6.08553e+11 2.6632e+11 2.00359e+11 3.70531e+10
threshold=2262.5000000000005 1.0000000180025095e-35 829324.87500000012 1188.5000000000002 173.03671328671331 763097.37500000012
decision_type=2 2 2 2 2 2
left_child=1 -1 -2 -3 -5 -6
right_child=2 3 -4 4 5 -7
leaf_value=-7618.5776209592459 4972.7779909091314 -4479.8866536845135 13864.56033276553 2752.3719635310526 -2183.2309474629637 -81.545301810406258
leaf_weight=57 38 22 23 26 27 24
leaf_count=57 38 22 23 26 27 24
internal_value=83.5256 -3580.9 9053.68 -1024.02 157.852 -1281.73
internal_weight=217 156 61 99 77 51
internal_count=217 156 61 99 77 51
is_linear=0
shrinkage=0.04


Tree=21
num_leaves=6
num_cat=0
split_feature=0 0 1 3 0
split_gain=4.36804e+12 1.36265e+12 2.64736e+11 3.7276e+11 1.04788e+11
threshold=2842.0000000000005 1376.5000000000002 659677.69736842124 751.98368298368302 1044.5000000000002
decision_type=2 2 2 2 2
left_child=1 4 -3 -4 -1
right_child=-2 2 3 -5 -6
leaf_value=-7279.1572883877052 11468.625292900735 -2024.0185546017683 4234.4639330001155 -1985.4243679952187 -3310.4284643544747
leaf_weight=56 39 33 41 20 28
leaf_count=56 39 33 41 20 28
internal_value=86.1091 -2631.06 691.427 2198.89 -6193.86
internal_weight=217 178 94 61 84
internal_count=217 178 94 61 84
is_linear=0
shrinkage=0.04


Tree=22
num_leaves=7
num_cat=0
split_feature=0 0 5 1 3 1
split_gain=4.06025e+12 1.26947e+12 2.43788e+11 2.22942e+11 3.86895e+11 9.67223e+10
threshold=2842.0000000000005 1459.0000000000002 1.0000000180025095e-35 585820.83333333337 751.98368298368302 732355.23214285728
decision_type=2 2 2 2 2 2
left_child=1 2 -1 -3 5 -5
right_child=-2 3 -4 4 -6 -7
leaf_value=-7364.9135411580037 11057.7206499533 -2267.8064263886276 -2763.2173124997244 5973.1622636114598 -2153.2522545223883 1846.1742108792046
leaf_weight=54 39 21 39 20 20 24
leaf_count=54 39 21 39 20 20 24
internal_value=83.5699 -2536.13 -5653.63 988.522 2136.46 4105.35
internal_weight=217 178 93 85 64 44
internal_count=217 178 93 85 64 44
is_linear=0
shrinkage=0.04


Tree=23
num_leaves=7
num_cat=0
split_feature=5 0 0 3 0 0
split_gain=3.88593e+12 2.67073e+12 5.07289e+11 3.04585e+11 8.67606e+10 1.66498e+10
threshold=1.5000000000000002 2927.0000000000005 1459.0000000000002 450.90848806366051 2102.8500000000004 1024.5000000000002
decision_type=2 2 2 2 2 2
left_child=2 3 5 -2 -4 -1
right_child=1 -3 4 -5 -6 -7
leaf_value=-7208.0689890694839 4078.3538564946352 16203.516364016792 -61.681202643467898 -1361.7914294210602 -3068.1619461979158 -4069.3538466823952
leaf_weight=44 29 26 39 29 21 29
leaf_count=44 29 26 39 29 21 29
internal_value=83.7753 6618.22 -4125.48 1456.9 -1255.77 -6272.49
internal_weight=217 84 133 58 60 73
internal_count=217 84 133 58 60 73
is_linear=0
shrinkage=0.04


Tree=24
num_leaves=7
num_cat=0
split_feature=5 0 0 3 0 0
split_gain=3.62155e+12 2.49223e+12 4.70843e+11 2.85968e+11 8.1159e+10 1.48586e+10
threshold=1.5000000000000002 2927.0000000000005 1459.0000000000002 751.98368298368302 2102.8500000000004 1024.5000000000002
decision_type=2 2 2 2 2 2
left_child=2 3 5 -2 -4 -1
right_child=1 -3 4 -5 -6 -7
leaf_value=-6946.7170040818128 3443.6950192960339 15651.738617989815 -59.471330689094522 -1945.9042705072659 -2967.2540249009344 -3928.6157161905426
leaf_weight=44 36 26 39 22 21 29
leaf_count=44 36 26 39 22 21 29
internal_value=84.124 6392.3 -3979.49 1406.51 -1214.35 -6048.01
internal_weight=217 84 133 58 60 73
internal_count=217 84 133 58 60 73
is_linear=0
shrinkage=0.04


Tree=25
num_leaves=7
num_cat=0
split_feature=5 0 0 3 0 0
split_gain=3.37361e+12 2.33646e+12 4.37013e+11 1.60512e+11 7.5919e+10 1.32382e+10
threshold=1.5000000000000002 2532.0000000000005 1459.0000000000002 751.98368298368302 2102.8500000000004 1024.5000000000002
decision_type=2 2 2 2 2 2
left_child=2 3 5 -2 -4 -1
right_child=1 -3 4 -5 -6 -7
leaf_value=-6694.8411079881153 2082.1679907992402 13405.654123394843 -57.340520854123938 -2178.0797164641608 -2869.6647853673767 -3792.7449838976245
leaf_weight=44 29 35 39 20 21 29
leaf_count=44 29 35 39 20 21 29
internal_value=83.4214 6171.79 -3838.67 306.044 -1174.3 -5831.56
internal_weight=217 84 133 49 60 73
internal_count=217 84 133 49 60 73
is_linear=0
shrinkage=0.04


Tree=26
num_leaves=7
num_cat=0
split_feature=5 0 0 3 0 0
split_gain=3.13831e+12 2.2057e+12 4.05612e+11 2.51691e+11 7.10172e+10 1.21819e+10
threshold=1.5000000000000002 2927.0000000000005 1459.0000000000002 450.90848806366051 2102.8500000000004 1076.5000000000002
decision_type=2 2 2 2 2 2
left_child=2 3 5 -2 -4 -1
right_child=1 -3 4 -5 -6 -7
leaf_value=-6342.5786215712542 3651.663786928807 14662.248636663866 -55.286112976977122 -1289.7939725078979 -2775.2851449698637 -3478.5074531787909
leaf_weight=48 29 26 39 29 21 25
leaf_count=48 29 26 39 29 21 25
internal_value=79.9986 5952.22 -3702.84 1266.67 -1135.56 -5622.87
internal_weight=217 84 133 58 60 73
internal_count=217 84 133 58 60 73
is_linear=0
shrinkage=0.04


Tree=27
num_leaves=8
num_cat=0
split_feature=0 5 0 5 0 4 1
split_gain=2.93425e+12 1.29424e+12 1.09392e+12 3.30623e+11 1.06517e+11 7.86773e+10 6.1273e+09
threshold=1661.0000000000002 1.5000000000000002 2927.0000000000005 1.0000000180025095e-35 1188.5000000000002 212.43006993006995 714897.0238095239
decision_type=2 2 2 2 2 2 2
left_child=3 6 -3 -1 -5 -6 -2
right_child=1 2 -4 4 5 -7 -8
leaf_value=-6217.7086372751946 -908.67315337479977 3011.2278575917408 14162.955651871613 -3859.1778475550677 1139.4099253388774 -2046.8743966503625 28.33313805063932
leaf_weight=56 20 32 26 22 20 21 20
leaf_count=56 20 32 26 22 20 21 20
internal_value=80.3834 5080.66 8675.61 -4072.88 -1876.53 -533.955 -485.043
internal_weight=217 98 58 119 63 41 40
internal_count=217 98 58 119 63 41 40
is_linear=0
shrinkage=0.04


Tree=28
num_leaves=7
num_cat=0
split_feature=5 0 0 3 0 0
split_gain=2.73628e+12 1.92006e+12 3.4951e+11 1.40154e+11 6.78189e+10 1.00895e+10
threshold=1.5000000000000002 2532.0000000000005 1459.0000000000002 751.98368298368302 2102.8500000000004 1024.5000000000002
decision_type=2 2 2 2 2 2
left_child=2 3 5 -2 -4 -1
right_child=1 -3 4 -5 -6 -7
leaf_value=-6004.4578853157918 1911.9791261817254 12122.179223927371 -15.416582058664716 -2068.218775016438 -2668.7992174703086 -3408.93308367075
leaf_weight=44 29 35 39 20 21 29
leaf_count=44 29 35 39 20 21 29
internal_value=81.5209 5564.59 -3450.85 249.784 -1066.52 -5233.36
internal_weight=217 84 133 49 60 73
internal_count=217 84 133 49 60 73
is_linear=0
shrinkage=0.04


Tree=29
num_leaves=8
num_cat=0
split_feature=0 5 2 5 0 4 1
split_gain=2.57374e+12 1.11947e+12 1.06464e+12 2.82988e+11 9.82392e+10 7.41174e+10 5.79003e+09
threshold=1661.0000000000002 1.5000000000000002 43342.275000000009 1.0000000180025095e-35 1188.5000000000002 212.43006993006995 714897.0238095239
decision_type=2 2 2 2 2 2 2
left_child=3 6 -3 -1 -5 -6 -2
right_child=1 2 -4 4 5 -7 -8
leaf_value=-5797.4119309074249 -830.97518675074889 12524.572372449691 1610.9765917658535 -3678.8222612938057 1131.5156200760921 -1959.4964376486769 71.160845679015992
leaf_weight=56 20 32 26 22 20 21 20
leaf_count=56 20 32 26 22 20 21 20
internal_value=78.1522 4761.14 8104.43 -3811.67 -1775.48 -489.204 -418.636
internal_weight=217 98 58 119 63 41 40
internal_count=217 98 58 119 63 41 40
is_linear=0
shrinkage=0.04


Tree=30
num_leaves=8
num_cat=0
split_feature=0 5 2 5 0 4 1
split_gain=2.3944e+12 1.04289e+12 9.90983e+11 2.6131e+11 9.18359e+10 6.93381e+10 5.41868e+09
threshold=1661.0000000000002 1.5000000000000002 43342.275000000009 1.0000000180025095e-35 1188.5000000000002 212.43006993006995 714897.0238095239
decision_type=2 2 2 2 2 2 2
left_child=3 6 -3 -1 -5 -6 -2
right_child=1 2 -4 4 5 -7 -8
leaf_value=-5582.9082165824584 -803.88621268504312 12085.843307419886 1556.1180369527481 -3556.844747098462 1094.6294152718199 -1895.0511154071917 68.841066101093489
leaf_weight=56 20 32 26 22 20 21 20
leaf_count=56 20 32 26 22 20 21 20
internal_value=77.5442 4594.38 7821.3 -3674.35 -1716.58 -472.938 -404.989
internal_weight=217 98 58 119 63 41 40
internal_count=217 98 58 119 63 41 40
is_linear=0
shrinkage=0.04


Tree=31
num_leaves=8
num_cat=0
split_feature=0 5 0 5 0 4 1
split_gain=2.22756e+12 9.71554e+11 9.77202e+11 2.41287e+11 8.58499e+10 6.4867e+10 5.07115e+09
threshold=1661.0000000000002 1.5000000000000002 2927.0000000000005 1.0000000180025095e-35 1188.5000000000002 212.43006993006995 714897.0238095239
decision_type=2 2 2 2 2 2 2
left_child=3 6 -3 -1 -5 -6 -2
right_child=1 2 -4 4 5 -7 -8
leaf_value=-5376.3410560621614 -777.68042684486136 2295.2336569736181 12710.660460416781 -3438.9116293449997 1058.9455468496071 -1832.7252608643796 66.596978820597059
leaf_weight=56 20 32 26 22 20 21 20
leaf_count=56 20 32 26 22 20 21 20
internal_value=76.8746 4433.47 7548.07 -3541.99 -1659.63 -457.213 -391.787
internal_weight=217 98 58 119 63 41 40
internal_count=217 98 58 119 63 41 40
is_linear=0
shrinkage=0.04


Tree=32
num_leaves=7
num_cat=0
split_feature=5 0 0 3 0 5
split_gain=2.08262e+12 1.60048e+12 2.60053e+11 1.84522e+11 9.6681e+10 5.51255e+10
threshold=1.5000000000000002 2927.0000000000005 1515.0000000000002 751.98368298368302 2102.8500000000004 1.0000000180025095e-35
decision_type=2 2 2 2 2 2
left_child=2 3 5 -2 -4 -1
right_child=1 -3 4 -5 -6 -7
leaf_value=-5153.6133664116796 2533.2602702284717 12277.825136533475 705.33528233923596 -1781.0952936054273 -2542.6994704235867 -2270.9444969703104
leaf_weight=54 36 26 31 22 21 27
leaf_count=54 36 26 31 22 21 27
internal_value=77.6577 4861.06 -3004.18 886.281 -705.23 -4364.28
internal_weight=217 84 133 58 52 81
internal_count=217 84 133 58 52 81
is_linear=0
shrinkage=0.04


Tree=33
num_leaves=7
num_cat=0
split_feature=0 5 2 5 1 1
split_gain=1.95711e+12 8.4566e+11 9.07166e+11 2.01749e+11 8.94936e+10 4.7466e+09
threshold=1661.0000000000002 1.5000000000000002 43342.275000000009 1.0000000180025095e-35 659677.69736842124 714897.0238095239
decision_type=2 2 2 2 2 2
left_child=3 5 -3 -1 -5 -2
right_child=1 2 -4 4 -6 -7
leaf_value=-4994.4757399785567 -717.08658912296085 11140.246002719112 1142.4694571426392 -3290.7168474932264 -303.01174609589469 94.374013745213247
leaf_weight=56 20 32 26 24 39 20
leaf_count=56 20 32 26 24 39 20
internal_value=77.6405 4161.1 7066.82 -3314.55 -1585.9 -343.097
internal_weight=217 98 58 119 63 40
internal_count=217 98 58 119 63 40
is_linear=0
shrinkage=0.04


Tree=34
num_leaves=7
num_cat=0
split_feature=0 5 2 5 1 1
split_gain=1.82044e+12 7.87773e+11 8.44481e+11 1.86406e+11 8.36192e+10 4.44218e+09
threshold=1661.0000000000002 1.5000000000000002 43342.275000000009 1.0000000180025095e-35 659677.69736842124 714897.0238095239
decision_type=2 2 2 2 2 2
left_child=3 5 -3 -1 -5 -2
right_child=1 2 -4 4 -6 -7
leaf_value=-4809.6803907801705 -693.71034667930485 10750.009047255209 1103.5649588132808 -3180.0295294169382 -292.15528484968979 91.297514140644779
leaf_weight=56 20 32 26 24 39 20
leaf_count=56 20 32 26 24 39 20
internal_value=77.0532 4015.31 6819.82 -3194.59 -1532.13 -331.913
internal_weight=217 98 58 119 63 40
internal_count=217 98 58 119 63 40
is_linear=0
shrinkage=0.04


Tree=35
num_leaves=7
num_cat=0
split_feature=0 0 1 3 1 5
split_gain=1.70702e+12 5.31855e+11 1.52842e+11 2.8198e+11 1.1231e+11 7.2237e+10
threshold=2842.0000000000005 1459.0000000000002 585820.83333333337 751.98368298368302 732355.23214285728 1.0000000180025095e-35
decision_type=2 2 2 2 2 2
left_child=1 5 -3 4 -4 -1
right_child=-2 2 3 -5 -6 -7
leaf_value=-4601.7102114938943 7191.6221901409162 -2025.0248665876816 5239.7567320004791 -2023.3153975784014 1110.6267638898435 -1968.8507493538273
leaf_weight=54 39 21 20 20 24 39
leaf_count=54 39 21 20 20 24 39
internal_value=76.4054 -1622.66 657.926 1614.1 3302.08 -3640.66
internal_weight=217 178 85 64 44 93
internal_count=217 178 85 64 44 93
is_linear=0
shrinkage=0.04


Tree=36
num_leaves=7
num_cat=0
split_feature=5 0 0 3 0 5
split_gain=1.62429e+12 1.35668e+12 1.86923e+11 1.4257e+11 1.01944e+11 3.18949e+10
threshold=1.5000000000000002 2927.0000000000005 1515.0000000000002 751.98368298368302 2102.8500000000004 1.0000000180025095e-35
decision_type=2 2 2 2 2 2
left_child=2 3 5 -2 -4 -1
right_child=1 -3 4 -5 -6 -7
leaf_value=-4431.9188087298235 2107.7808569459344 11126.690717423236 757.40466499304512 -1678.3134787998806 -2575.6665174814398 -2080.8061564413897
leaf_weight=54 36 26 31 22 21 27
leaf_count=54 36 26 31 22 21 27
internal_value=75.7457 4299.99 -2646.08 654.091 -687.391 -3800.27
internal_weight=217 84 133 58 52 81
internal_count=217 84 133 58 52 81
is_linear=0
shrinkage=0.04


Tree=37
num_leaves=7
num_cat=0
split_feature=5 0 0 3 0 5
split_gain=1.51256e+12 1.26658e+12 1.73131e+11 1.32918e+11 9.52548e+10 2.92242e+10
threshold=1.5000000000000002 2927.0000000000005 1515.0000000000002 751.98368298368302 2102.8500000000004 1.0000000180025095e-35
decision_type=2 2 2 2 2 2
left_child=2 3 5 -2 -4 -1
right_child=1 -3 4 -5 -6 -7
leaf_value=-4268.3924655317178 2032.9127300345235 10747.794023385895 730.97907869229755 -1622.6661622991073 -2490.9561120792891 -2009.5562088733673
leaf_weight=54 36 26 31 22 21 27
leaf_count=54 36 26 31 22 21 27
internal_value=75.36 4151.69 -2551.23 629.175 -665.737 -3662.09
internal_weight=217 84 133 58 52 81
internal_count=217 84 133 58 52 81
is_linear=0
shrinkage=0.04


Tree=38
num_leaves=7
num_cat=0
split_feature=0 5 2 5 1 1
split_gain=1.41093e+12 6.29121e+11 7.4412e+11 1.29397e+11 8.28335e+10 3.94683e+09
threshold=1661.0000000000002 1.5000000000000002 43342.275000000009 1.0000000180025095e-35 659677.69736842124 714897.0238095239
decision_type=2 2 2 2 2 2
left_child=3 5 -3 -1 -5 -2
right_child=1 2 -4 4 -6 -7
leaf_value=-4156.4172260842297 -679.05654201545497 9733.2435888700456 740.17520072244156 -3044.5508808301083 -185.28101526784533 64.671621166923288
leaf_weight=56 20 32 26 24 39 20
leaf_count=56 20 32 26 24 39 20
internal_value=74.9036 3541.88 6048.3 -2805.5 -1405.98 -338.509
internal_weight=217 98 58 119 63 40
internal_count=217 98 58 119 63 40
is_linear=0
shrinkage=0.04


Tree=39
num_leaves=7
num_cat=0
split_feature=5 0 0 3 0 5
split_gain=1.31557e+12 1.15299e+12 1.50363e+11 1.1588e+11 9.04261e+10 2.25964e+10
threshold=1.5000000000000002 2927.0000000000005 1515.0000000000002 751.98368298368302 2102.8500000000004 1.0000000180025095e-35
decision_type=2 2 2 2 2 2
left_child=2 3 5 -2 -4 -1
right_child=1 -3 4 -5 -6 -7
leaf_value=-3957.5387090261743 1835.2639904832727 10168.13868234059 739.15725020792615 -1575.1486577459416 -2398.346158495061 -1905.3925690621991
leaf_weight=54 36 26 31 22 21 27
leaf_count=54 36 26 31 22 21 27
internal_value=73.9346 3875.5 -2375.73 521.218 -618.762 -3410.94
internal_weight=217 84 133 58 52 81
internal_count=217 84 133 58 52 81
is_linear=0
shrinkage=0.04


Tree=40
num_leaves=7
num_cat=0
split_feature=0 1 1 1 0 1
split_gain=1.23868e+12 5.86551e+11 1.81841e+11 1.54124e+11 1.15679e+11 4.48847e+10
threshold=1661.0000000000002 855174.75000000012 585820.83333333337 732355.23214285728 1021.5000000000001 659677.69736842124
decision_type=2 2 2 2 2 2
left_child=4 2 -2 -4 -1 -6
right_child=1 -3 3 -5 5 -7
leaf_value=-4062.2025113301302 -1490.4889896504844 8215.8946579196345 4803.553929852048 526.86317102282169 -2527.8747972493288 -484.938563681017
leaf_weight=49 22 24 22 30 29 41
leaf_count=49 22 24 22 30 29 41
internal_value=73.3598 3321.77 1351.26 2576.69 -2625.56 -1433.73
internal_weight=217 98 74 52 119 70
internal_count=217 98 74 52 119 70
is_linear=0
shrinkage=0.04


Tree=41
num_leaves=8
num_cat=0
split_feature=5 0 1 0 3 0 5
split_gain=1.17974e+12 1.0476e+12 1.3751e+11 1.79335e+11 1.10965e+11 8.72816e+10 1.68878e+10
threshold=1.5000000000000002 2927.0000000000005 554269.08076923084 1515.0000000000002 450.90848806366051 1901.5000000000002 1.0000000180025095e-35
decision_type=2 2 2 2 2 2 2
left_child=2 4 -1 6 -2 -5 -4
right_child=1 -3 3 5 -6 -7 -8
leaf_value=-4477.2429368288085 2077.488706283295 9672.3912510454666 -3246.0947383361881 2180.2770085318703 -1185.1161905254392 -1177.1885406465317 -1371.1730883521186
leaf_weight=30 29 26 40 21 29 20 22
leaf_count=30 29 26 40 21 29 20 22
internal_value=74.5089 3674.38 -2245.34 -1433.67 478.581 588.413 -2719.77
internal_weight=217 84 133 103 58 41 62
internal_count=217 84 133 103 58 41 62
is_linear=0
shrinkage=0.04


Tree=42
num_leaves=8
num_cat=0
split_feature=5 0 1 0 3 0 5
split_gain=1.09966e+12 9.77533e+11 1.28273e+11 1.67016e+11 1.0445e+11 8.16527e+10 1.55329e+10
threshold=1.5000000000000002 2927.0000000000005 554269.08076923084 1515.0000000000002 751.98368298368302 1901.5000000000002 1.0000000180025095e-35
decision_type=2 2 2 2 2 2 2
left_child=2 4 -1 6 -2 -5 -4
right_child=1 -3 3 5 -6 -7 -8
leaf_value=-4321.6961090873383 1711.2982750880992 9343.0176454173561 -3129.4877989065344 2108.5704626994884 -1525.2652529698235 -1138.8134276787991 -1325.7095729890593
leaf_weight=30 36 26 40 21 22 20 22
leaf_count=30 36 26 40 21 22 20 22
internal_value=73.5562 3549.08 -2166.21 -1382.43 462.029 568.877 -2623.58
internal_weight=217 84 133 103 58 41 62
internal_count=217 84 133 103 58 41 62
is_linear=0
shrinkage=0.04


Tree=43
num_leaves=7
num_cat=0
split_feature=0 0 0 3 2 3
split_gain=1.04532e+12 4.27089e+11 9.85668e+10 8.54502e+10 5.85911e+10 5.11906e+10
threshold=3505.0000000000005 1661.0000000000002 1021.5000000000001 751.98368298368302 41923.490000000013 443.50795755968176
decision_type=2 2 2 2 2 2
left_child=1 2 -1 4 -3 -4
right_child=-2 3 5 -5 -6 -7
leaf_value=-3706.6784012721137 7528.4571084647187 682.92521463869741 -38.18182691717049 -401.30519757200244 3508.3686212131661 -2170.6567179566114
leaf_weight=49 22 24 31 27 25 39
leaf_count=49 22 24 31 27 25 39
internal_value=72.0257 -921.384 -2382.43 1371.65 2299.76 -1286.13
internal_weight=217 195 119 76 49 70
internal_count=217 195 119 76 49 70
is_linear=0
shrinkage=0.04


Tree=44
num_leaves=8
num_cat=0
split_feature=5 0 1 0 4 0 5
split_gain=9.84874e+11 8.79114e+11 1.18783e+11 1.43665e+11 9.76444e+10 8.02557e+10 1.29147e+10
threshold=1.5000000000000002 2927.0000000000005 554269.08076923084 1515.0000000000002 173.03671328671331 1901.5000000000002 1.0000000180025095e-35
decision_type=2 2 2 2 2 2 2
left_child=2 4 -1 6 -2 -5 -4
right_child=1 -3 3 5 -6 -7 -8
leaf_value=-4118.0309448950729 2183.8302456373299 8857.1351559429695 -2910.58169187982 2045.9476246115094 -910.77405730936653 -1170.9050803436819 -1246.0335142940651
leaf_weight=30 24 26 40 21 34 20 22
leaf_count=30 24 26 40 21 34 20 22
internal_value=73.5741 3362.62 -2046.15 -1294.3 435.335 516.463 -2445.27
internal_weight=217 84 133 103 58 41 62
internal_count=217 84 133 103 58 41 62
is_linear=0
shrinkage=0.04


Tree=45
num_leaves=7
num_cat=0
split_feature=0 0 0 3 2 3
split_gain=9.28401e+11 3.74873e+11 8.78342e+10 8.31507e+10 5.12243e+10 4.63953e+10
threshold=3505.0000000000005 1661.0000000000002 1021.5000000000001 751.98368298368302 41923.490000000013 443.50795755968176
decision_type=2 2 2 2 2 2
left_child=1 2 -1 4 -3 -4
right_child=-2 3 5 -5 -6 -7
leaf_value=-3481.5807098146106 7099.8428973673608 679.41509651696344 -14.156408705383383 -455.82694074957584 3333.3523979468323 -2040.9645139277886
leaf_weight=49 22 24 31 27 25 39
leaf_count=49 22 24 31 27 25 39
internal_value=72.8698 -863.438 -2232.25 1284.86 2201.32 -1198.92
internal_weight=217 195 119 76 49 70
internal_count=217 195 119 76 49 70
is_linear=0
shrinkage=0.04


Tree=46
num_leaves=8
num_cat=0
split_feature=5 0 1 0 4 0 5
split_gain=8.8319e+11 7.90151e+11 1.10004e+11 1.23446e+11 9.43241e+10 7.86736e+10 1.06835e+10
threshold=1.5000000000000002 2927.0000000000005 554269.08076923084 1515.0000000000002 173.03671328671331 1901.5000000000002 1.0000000180025095e-35
decision_type=2 2 2 2 2 2 2
left_child=2 4 -1 6 -2 -5 -4
right_child=1 -3 3 5 -6 -7 -8
leaf_value=-3924.9757853832225 2132.6105503544468 8397.7934533709049 -2706.1133823297941 1984.8124317858244 -908.40882908087008 -1197.9558771775069 -1171.5321861920777
leaf_weight=30 24 26 40 21 34 20 22
leaf_count=30 24 26 40 21 34 20 22
internal_value=74.1526 3188.7 -1933.26 -1211.92 413.418 467.6 -2278.69
internal_weight=217 84 133 103 58 41 62
internal_count=217 84 133 103 58 41 62
is_linear=0
shrinkage=0.04


Tree=47
num_leaves=7
num_cat=0
split_feature=0 0 3 0 2 3
split_gain=8.24527e+11 3.29129e+11 8.07627e+10 7.82955e+10 4.47093e+10 4.20239e+10
threshold=3505.0000000000005 1661.0000000000002 751.98368298368302 1021.5000000000001 41923.490000000013 443.50795755968176
decision_type=2 2 2 2 2 2
left_child=1 3 4 -1 -3 -5
right_child=-2 2 -4 5 -6 -7
leaf_value=-3270.5693552780303 6695.4465086865093 675.82045534606152 -504.33713495019583 6.9819911668776431 3167.6692544401963 -1918.9760627516321
leaf_weight=49 22 24 27 31 25 39
leaf_count=49 22 24 27 31 25 39
internal_value=73.3232 -809.146 1203.82 -2091.73 2107.99 -1117.58
internal_weight=217 195 76 119 49 70
internal_count=217 195 76 119 49 70
is_linear=0
shrinkage=0.04


Tree=48
num_leaves=8
num_cat=0
split_feature=5 0 4 1 0 0 5
split_gain=7.92344e+11 7.11995e+11 1.1361e+11 1.01883e+11 1.05952e+11 7.69344e+10 8.78685e+09
threshold=1.5000000000000002 2532.0000000000005 173.03671328671331 554269.08076923084 1515.0000000000002 1901.5000000000002 1.0000000180025095e-35
decision_type=2 2 2 2 2 2 2
left_child=3 2 -2 -1 6 -6 -5
right_child=1 -3 -4 4 5 -7 -8
leaf_value=-3741.9366566958915 1762.1331487551743 7017.6288043106679 -1790.5681708777042 -2515.1471537656425 1925.145771202343 -1220.3752200261072 -1101.8559801591459
leaf_weight=30 22 35 27 40 21 20 22
leaf_count=30 22 35 27 40 21 20 22
internal_value=74.3682 3024.31 -181.311 -1827.09 -1134.92 422.055 -2123.07
internal_weight=217 84 49 133 103 41 62
internal_count=217 84 49 133 103 41 62
is_linear=0
shrinkage=0.04


Tree=49
num_leaves=7
num_cat=0
split_feature=0 0 1 3 1 0
split_gain=7.37676e+11 2.84782e+11 1.56841e+11 2.06251e+11 2.47206e+11 3.28491e+10
threshold=3505.0000000000005 1376.5000000000002 585820.83333333337 751.98368298368302 732355.23214285728 854.00000000000011
decision_type=2 2 2 2 2 2
left_child=1 5 -3 4 -4 -1
right_child=-2 2 3 -5 -6 -7
leaf_value=-3507.568401705294 6335.2767934087642 -1937.909303130657 5548.3866102269048 -1166.1481991780472 328.74726663370262 -1615.5195313711749
leaf_weight=31 22 26 23 30 32 53
leaf_count=31 22 26 23 30 32 53
internal_value=71.6681 -763.078 565.639 1390.87 2768.17 -2457.85
internal_weight=217 195 111 85 55 84
internal_count=217 195 111 85 55 84
is_linear=0
shrinkage=0.04


Tree=50
num_leaves=9
num_cat=0
split_feature=5 0 1 0 4 0 5 1
split_gain=7.16596e+11 6.4982e+11 9.16916e+10 8.91022e+10 8.68778e+10 7.65655e+10 6.67593e+09 1.3712e+09
threshold=1.5000000000000002 2927.0000000000005 554269.08076923084 1515.0000000000002 173.03671328671331 1901.5000000000002 1.0000000180025095e-35 732355.23214285728
decision_type=2 2 2 2 2 2 2 2
left_child=2 4 -1 6 -2 -5 7 -4
right_child=1 -3 3 5 -6 -7 -8 -9
leaf_value=-3552.9624154512057 2013.3568330154781 7601.2569509757141 -1411.9993618195219 1856.0257118523286 -903.98336554292769 -1279.1241326113409 -1053.5856393832287 -2831.2745158028574
leaf_weight=30 24 26 20 21 34 20 22 20
leaf_count=30 24 26 20 21 34 20 22 20
internal_value=72.0686 2877.43 -1736.24 -1079.42 361.723 351.632 -1985.19 -2337.93
internal_weight=217 84 133 103 58 41 62 40
internal_count=217 84 133 103 58 41 62 40
is_linear=0
shrinkage=0.04


Tree=51
num_leaves=8
num_cat=0
split_feature=5 3 0 1 0 0 1
split_gain=6.69029e+11 6.10697e+11 5.09115e+11 8.52357e+10 8.33467e+10 7.163e+10 6.38885e+09
threshold=1.5000000000000002 450.90848806366051 2785.5000000000005 554269.08076923084 1515.0000000000002 1901.5000000000002 732355.23214285728
decision_type=2 2 2 2 2 2 2
left_child=3 2 -2 -1 6 -6 -5
right_child=1 -3 -4 4 5 -7 -8
leaf_value=-3429.526604913216 1429.3818800904644 -869.97357013023975 9853.6649755075359 -1176.7650931006722 1794.983370164269 -1237.4260286208282 -2384.4009272247677
leaf_weight=30 25 39 20 30 21 20 32
leaf_count=30 25 39 20 30 21 20 32
internal_value=69.5447 2780.2 5733.48 -1677.72 -1044.22 339.868 -1920.24
internal_weight=217 84 45 133 103 41 62
internal_count=217 84 45 133 103 41 62
is_linear=0
shrinkage=0.04


Tree=52
num_leaves=9
num_cat=0
split_feature=5 0 4 1 0 0 5 1
split_gain=6.25209e+11 5.78519e+11 8.38169e+10 7.94504e+10 7.76628e+10 6.70126e+10 6.85775e+09 1.20069e+09
threshold=1.5000000000000002 2927.0000000000005 173.03671328671331 554269.08076923084 1515.0000000000002 1901.5000000000002 1.0000000180025095e-35 732355.23214285728
decision_type=2 2 2 2 2 2 2 2
left_child=3 2 -2 -1 6 -6 7 -5
right_child=1 -3 -4 4 5 -7 -8 -9
leaf_value=-3310.3791255679162 1942.6720171193952 7147.3158518577447 -921.70002497940084 -1327.6083193548882 1735.9486436651168 -1197.0872693453214 -957.79399837838878 -2661.248920698325
leaf_weight=30 24 26 34 20 21 20 22 20
leaf_count=30 24 26 34 20 21 20 22 20
internal_value=70.0258 2690.36 318.548 -1619.1 -1007.52 328.497 -1853.15 -2197.75
internal_weight=217 84 58 133 103 41 62 40
internal_count=217 84 58 133 103 41 62 40
is_linear=0
shrinkage=0.04


Tree=53
num_leaves=8
num_cat=0
split_feature=0 0 1 1 1 1 3
split_gain=5.94958e+11 2.28344e+11 1.27103e+11 1.23565e+11 7.64111e+10 3.0331e+10 2.10907e+10
threshold=3505.0000000000005 1188.5000000000002 554269.08076923084 732355.23214285728 659677.69736842124 787125.00000000012 461.91179225758668
decision_type=2 2 2 2 2 2 2
left_child=1 6 -3 4 -4 -5 -1
right_child=-2 2 3 5 -6 -7 -8
leaf_value=-3109.8579885770773 5692.6987597276739 -2278.6503154032916 646.57065762270395 -1442.9363199554114 3838.1942446259286 331.83998218263815 -1356.733497875261
leaf_weight=38 22 20 26 20 22 38 31
leaf_count=38 22 20 26 20 22 38 31
internal_value=67.5938 -682.133 340.135 907.548 2314.68 -340.481 -2454.62
internal_weight=217 195 126 106 48 58 69
internal_count=217 195 126 106 48 58 69
is_linear=0
shrinkage=0.04


Tree=54
num_leaves=8
num_cat=0
split_feature=5 3 0 4 1 2 1
split_gain=5.69089e+11 5.64116e+11 4.45154e+11 7.12834e+10 1.84748e+10 1.72398e+10 1.704e+10
threshold=1.5000000000000002 450.90848806366051 2532.0000000000005 235.5140186915888 554269.08076923084 38509.670000000006 732355.23214285728
decision_type=2 2 2 2 2 2 2
left_child=3 2 -2 4 -1 -5 -6
right_child=1 -3 -4 5 6 -7 -8
leaf_value=-3272.0145509779641 952.71329242217541 -931.9997110956308 8807.2148923337263 491.41587358417308 -820.45210886546613 -958.58957247433113 -2240.6326769083857
leaf_weight=21 22 39 23 24 33 20 35
leaf_count=21 22 39 23 24 33 20 35
internal_value=66.793 2566.76 5406.51 -1544.74 -2169.81 -195.693 -1645.92
internal_weight=217 84 45 133 89 44 68
internal_count=217 84 45 133 89 44 68
is_linear=0
shrinkage=0.04


Tree=55
num_leaves=8
num_cat=0
split_feature=5 3 0 1 0 0 3
split_gain=5.31696e+11 5.26663e+11 4.19027e+11 6.79127e+10 6.46132e+10 6.48206e+10 5.27043e+09
threshold=1.5000000000000002 450.90848806366051 2785.5000000000005 554269.08076923084 1515.0000000000002 1901.5000000000002 472.5361305361306
decision_type=2 2 2 2 2 2 2
left_child=3 2 -2 -1 6 -6 -5
right_child=1 -3 -4 4 5 -7 -8
leaf_value=-3055.3048131425753 1316.8591923774497 -898.60748611795134 8964.723465254152 -2044.5172515317461 1678.9638698690196 -1204.6259152803293 -949.81317339885584
leaf_weight=30 25 39 20 37 21 20 25
leaf_count=30 25 39 20 37 21 20 25
internal_value=65.7836 2482.19 5226.03 -1491.93 -926.805 292.476 -1698.04
internal_weight=217 84 45 133 103 41 62
internal_count=217 84 45 133 103 41 62
is_linear=0
shrinkage=0.04


Tree=56
num_leaves=7
num_cat=0
split_feature=0 0 1 1 0 3
split_gain=5.06286e+11 1.92429e+11 1.1108e+11 1.19902e+11 3.34984e+10 2.10053e+10
threshold=3505.0000000000005 1188.5000000000002 554269.08076923084 697870.61403508787 1515.0000000000002 461.91179225758668
decision_type=2 2 2 2 2 2
left_child=1 5 -3 -4 -5 -1
right_child=-2 2 3 4 -6 -7
leaf_value=-2890.8358511971801 5255.2214618548323 -2134.8965460886375 2797.7711054275478 -1286.5019994666186 465.57418976311158 -1200.7730421096587
leaf_weight=38 22 20 30 20 56 31
leaf_count=38 22 20 30 20 56 31
internal_value=66.2739 -625.41 313.003 843.594 -42.0339 -2252.55
internal_weight=217 195 126 106 76 69
internal_count=217 195 126 106 76 69
is_linear=0
shrinkage=0.04


Tree=57
num_leaves=8
num_cat=0
split_feature=5 3 0 4 9 3 0
split_gain=4.8231e+11 4.89642e+11 3.8024e+11 6.35934e+10 1.46211e+10 1.18349e+10 1.17663e+10
threshold=1.5000000000000002 450.90848806366051 2532.0000000000005 147.40186915887855 1.0000000180025095e-35 580.27738927738937 1661.0000000000002
decision_type=2 2 2 2 2 2 2
left_child=3 2 -2 4 5 -1 -5
right_child=1 -3 -4 6 -6 -7 -8
leaf_value=-1960.9388035844859 892.71466103937973 -891.50540353336407 8155.1796796858744 -841.56588933880948 -2935.7492253914138 -547.04712274793201 244.86506587551719
leaf_weight=28 22 39 23 31 28 20 26
leaf_count=28 22 39 23 31 28 20 26
internal_value=64.4474 2365.87 5011.89 -1419.2 -2145.08 -1470.01 -364.498
internal_weight=217 84 45 133 76 48 57
internal_count=217 84 45 133 76 48 57
is_linear=0
shrinkage=0.04


Tree=58
num_leaves=7
num_cat=0
split_feature=0 0 1 1 1 3
split_gain=4.5091e+11 1.69659e+11 1.02681e+11 1.74162e+11 3.08857e+10 1.99791e+10
threshold=3505.0000000000005 1188.5000000000002 585820.83333333337 732355.23214285728 787125.00000000012 461.91179225758668
decision_type=2 2 2 2 2 2
left_child=1 5 -3 -4 -5 -1
right_child=-2 2 3 4 -6 -7
leaf_value=-2733.5667519490967 4960.5418384372551 -1497.4743567591254 3017.1020349792716 -1509.8337179517155 284.22755904093827 -1108.5430847454213
leaf_weight=38 22 33 35 20 38 31
leaf_count=38 22 33 35 20 38 31
internal_value=63.6042 -589.179 292.024 967.157 -399.118 -2117.01
internal_weight=217 195 126 93 58 69
internal_count=217 195 126 93 58 69
is_linear=0
shrinkage=0.04


Tree=59
num_leaves=8
num_cat=0
split_feature=5 3 0 1 4 9 2
split_gain=4.39329e+11 4.52002e+11 3.49313e+11 5.78819e+10 4.77212e+10 1.68994e+10 1.70826e+10
threshold=1.5000000000000002 450.90848806366051 2785.5000000000005 554269.08076923084 235.5140186915888 1.0000000180025095e-35 32490.235000000004
decision_type=2 2 2 2 2 2 2
left_child=3 2 -2 -1 5 6 -5
right_child=1 -3 -4 4 -6 -7 -8
leaf_value=-2795.7682647173356 1226.6193412366422 -869.70544073576082 8215.6757076403392 -1438.4922680894731 340.15577890495121 -2303.6743777601278 45.808495148170167
leaf_weight=30 25 39 20 27 35 21 20
leaf_count=30 25 39 20 27 35 21 20
internal_value=62.218 2258.69 4801.17 -1353.8 -833.491 -1421.05 -858.484
internal_weight=217 84 45 133 103 68 47
internal_count=217 84 45 133 103 68 47
is_linear=0
shrinkage=0.04


Tree=60
num_leaves=8
num_cat=0
split_feature=1 1 0 3 2 4 0
split_gain=4.11131e+11 1.95482e+11 1.78461e+11 1.47376e+11 3.37841e+10 2.85222e+10 2.65007e+10
threshold=1105760.3000000003 554269.08076923084 1661.0000000000002 751.98368298368302 41923.490000000013 147.40186915887855 1303.0000000000002
decision_type=2 2 2 2 2 2 2
left_child=1 5 6 4 -4 -1 -3
right_child=-2 2 3 -5 -6 -7 -8
leaf_value=-3712.7001438974967 4737.6443780599029 -1545.1506563955345 1240.8844549435639 -825.81637286178409 3830.4667068580643 -1258.7866033140153 -48.825677829577515
leaf_weight=23 22 56 20 24 24 20 28
leaf_count=23 22 56 20 24 24 20 28
internal_value=61.7138 -561.63 134.62 1601.95 2879.57 -2800.59 -1074.46
internal_weight=217 195 152 68 44 43 84
internal_count=217 195 152 68 44 43 84
is_linear=0
shrinkage=0.04


Tree=61
num_leaves=9
num_cat=0
split_feature=5 1 1 4 9 1 2 17
split_gain=3.92854e+11 4.27076e+11 1.34646e+11 4.96447e+10 1.403e+10 9.61478e+09 9.53194e+09 7.32311e+09
threshold=1.5000000000000002 855174.75000000012 606448.75000000012 147.40186915887855 1.0000000180025095e-35 659677.69736842124 38509.670000000006 1.0000000180025095e-35
decision_type=2 2 2 2 2 2 2 2
left_child=3 2 -2 4 5 -1 -5 -4
right_child=1 -3 7 6 -6 -7 -8 -9
leaf_value=-1857.5072611953196 -2086.8209486045912 6503.1668074561821 2065.0472303573347 67.311288641418258 -2669.4174439646995 -603.53032508558033 -935.29874568438333 768.53981011079918
leaf_weight=22 20 21 22 36 28 26 21 21
leaf_count=22 20 21 22 36 28 26 21 21
internal_value=61.2274 2138.23 343.863 -1277.84 -1919.48 -1289.13 -343.826 1565.75
internal_weight=217 84 63 133 76 48 57 43
internal_count=217 84 63 133 76 48 57 43
is_linear=0
shrinkage=0.04


Tree=62
num_leaves=8
num_cat=0
split_feature=0 1 0 1 5 1 0
split_gain=3.80446e+11 1.37776e+11 1.1962e+11 1.11687e+11 1.89255e+11 2.52462e+10 2.39253e+09
threshold=3505.0000000000005 483894.81907894742 1168.0000000000002 732355.23214285728 1.5000000000000002 787125.00000000012 828.50000000000011
decision_type=2 2 2 2 2 2 2
left_child=1 -1 6 4 -4 -5 -3
right_child=-2 2 3 5 -6 -7 -8
leaf_value=-2878.2383481030056 4557.8505839832724 -2032.6389642032661 -57.383680850481618 -1544.61479500057 4491.6148399733747 91.246313571392434 -1059.7037470640635
leaf_weight=29 22 20 34 20 21 38 33
leaf_count=29 22 20 34 20 21 38 33
internal_value=59.8043 -539.836 -65.5636 667.71 1889.59 -544.033 -1558.28
internal_weight=217 195 166 113 55 58 53
internal_count=217 195 166 113 55 58 53
is_linear=0
shrinkage=0.04


Tree=63
num_leaves=7
num_cat=0
split_feature=0 1 0 1 3 0
split_gain=3.55495e+11 1.28434e+11 1.1173e+11 1.04886e+11 2.3722e+10 2.30061e+09
threshold=3505.0000000000005 483894.81907894742 1168.0000000000002 697870.61403508787 529.59501557632404 828.50000000000011
decision_type=2 2 2 2 2 2
left_child=1 -1 5 -4 -5 -3
right_child=-2 2 3 4 -6 -7
leaf_value=-2778.6948064007097 4406.7273440867684 -1966.3770570677129 2262.9811144589908 301.12670825809778 -1085.68294199869 -1022.442544859511
leaf_weight=29 22 20 37 49 27 33
leaf_count=29 22 20 37 49 27 33
internal_value=58.6977 -520.964 -63.0598 645.607 -224.987 -1505.71
internal_weight=217 195 166 113 76 53
internal_count=217 195 166 113 76 53
is_linear=0
shrinkage=0.04


Tree=64
num_leaves=8
num_cat=0
split_feature=1 1 0 3 1 4 0
split_gain=3.50491e+11 1.62135e+11 1.43671e+11 1.38298e+11 3.0146e+10 2.81999e+10 1.93396e+10
threshold=1105760.3000000003 554269.08076923084 1661.0000000000002 751.98368298368302 745597.25000000012 147.40186915887855 1303.0000000000002
decision_type=2 2 2 2 2 2 2
left_child=1 5 6 4 -4 -1 -3
right_child=-2 2 3 -5 -6 -7 -8
leaf_value=-3446.8533655692263 4373.7959004247332 -1371.7483674023463 3566.8625508980995 -905.3484972046374 1137.3464697921306 -1087.4133278091479 -85.735484497417062
leaf_weight=23 22 56 24 24 20 20 28
leaf_count=23 22 56 24 24 20 20 28
internal_value=56.4462 -519.084 115.217 1431.92 2672.23 -2558.11 -969.458
internal_weight=217 195 152 68 44 43 84
internal_count=217 195 152 68 44 43 84
is_linear=0
shrinkage=0.04


Tree=65
num_leaves=8
num_cat=0
split_feature=5 3 0 4 2 9 3
split_gain=3.30763e+11 3.97327e+11 2.95992e+11 3.94933e+10 1.70509e+10 9.23232e+09 9.6126e+09
threshold=1.5000000000000002 450.90848806366051 2785.5000000000005 235.5140186915888 38509.670000000006 1.0000000180025095e-35 599.00000000000011
decision_type=2 2 2 2 2 2 2
left_child=3 2 -2 5 -5 6 -1
right_child=1 -3 -4 4 -6 -7 -8
leaf_value=-1518.7964824993903 1070.384499696703 -957.75879233767512 7488.775931221574 514.1807596796308 -926.74267781626838 -2250.3803187271924 -352.00568947695194
leaf_weight=38 25 39 20 24 20 31 20
leaf_count=38 25 39 20 24 20 31 20
internal_value=55.9764 1961.79 4347.93 -1172.72 -166.207 -1638.1 -1171.22
internal_weight=217 84 45 133 44 89 58
internal_count=217 84 45 133 44 89 58
is_linear=0
shrinkage=0.04


Tree=66
num_leaves=8
num_cat=0
split_feature=1 1 0 3 1 4 0
split_gain=3.19391e+11 1.49987e+11 1.25459e+11 1.21579e+11 2.94358e+10 2.4019e+10 1.73093e+10
threshold=1105760.3000000003 554269.08076923084 1661.0000000000002 751.98368298368302 745597.25000000012 147.40186915887855 1303.0000000000002
decision_type=2 2 2 2 2 2 2
left_child=1 5 6 4 -4 -1 -3
right_child=-2 2 3 -5 -6 -7 -8
leaf_value=-3281.8862612308562 4177.566255766872 -1277.665848452669 3384.3433271509625 -845.05498481498921 1028.191857672133 -1071.5919742725325 -64.075002661401243
leaf_weight=23 22 56 24 24 20 20 28
leaf_count=23 22 56 24 24 20 20 28
internal_value=56.2523 -493.199 116.709 1346.91 2509.73 -2454.38 -897.167
internal_weight=217 195 152 68 44 43 84
internal_count=217 195 152 68 44 43 84
is_linear=0
shrinkage=0.04


Tree=67
num_leaves=7
num_cat=0
split_feature=0 1 0 1 0 0
split_gain=3.04069e+11 1.03736e+11 8.26883e+10 1.10744e+11 1.86746e+10 3.1081e+09
threshold=3505.0000000000005 483894.81907894742 1168.0000000000002 697870.61403508787 1515.0000000000002 828.50000000000011
decision_type=2 2 2 2 2 2
left_child=1 -1 5 -4 -5 -3
right_child=-2 2 3 4 -6 -7
leaf_value=-2509.556842050567 4076.9107313676814 -1761.56724177247 2204.8875741954548 -1267.3109683007235 52.057534084077069 -855.31616019763806
leaf_weight=29 22 20 37 20 56 33
leaf_count=29 22 20 37 20 56 33
internal_value=55.6827 -480.443 -68.5803 541.459 -347.018 -1309.32
internal_weight=217 195 166 113 76 53
internal_count=217 195 166 113 76 53
is_linear=0
shrinkage=0.04


Tree=68
num_leaves=9
num_cat=0
split_feature=1 1 0 3 1 4 3 2
split_gain=2.94499e+11 1.3558e+11 1.0954e+11 1.14127e+11 2.812e+10 2.32282e+10 1.5122e+10 6.81238e+10
threshold=1105760.3000000003 554269.08076923084 1661.0000000000002 751.98368298368302 745597.25000000012 147.40186915887855 382.10839160839163 31267.480000000003
decision_type=2 2 2 2 2 2 2 2
left_child=1 5 6 4 -4 -1 -3 -8
right_child=-2 2 3 -5 -6 -7 7 -9
leaf_value=-3146.6825300608621 4010.8724939974409 -1444.0821797443616 3233.33641783242 -862.45906399197554 953.61508091121686 -999.37437320091738 1089.2977366331006 -1635.0222455112669
leaf_weight=23 22 34 24 24 20 20 24 26
leaf_count=23 22 34 24 24 20 20 24 26
internal_value=53.4063 -474.187 105.835 1255.42 2383.24 -2338.78 -841.436 -345.529
internal_weight=217 195 152 68 44 43 84 50
internal_count=217 195 152 68 44 43 84 50
is_linear=0
shrinkage=0.04


Tree=69
num_leaves=9
num_cat=0
split_feature=5 1 1 0 0 3 4 0
split_gain=2.83569e+11 3.54186e+11 1.05805e+11 3.28616e+10 5.95387e+10 1.71618e+10 9.5577e+09 2.21756e+08
threshold=1.5000000000000002 855174.75000000012 606448.75000000012 2102.8500000000004 1638.5000000000002 461.91179225758668 140.5981308411215 2262.5000000000005
decision_type=2 2 2 2 2 2 2 2
left_child=3 2 -2 4 5 6 -1 -4
right_child=1 -3 7 -5 -6 -7 -8 -9
leaf_value=-2142.2298249030414 -1954.1352402356831 5790.8548305454115 819.68333488290693 -2412.6739513007919 931.72120197026732 -498.29156289939175 -774.49694015338366 1562.5143146025061
leaf_weight=29 20 21 23 21 23 39 21 20
leaf_count=29 20 21 23 21 23 39 21 20
internal_value=52.2534 1816.86 191.943 -1085.42 -752.258 -1211.55 -1680.09 1281.42
internal_weight=217 84 63 133 112 89 50 43
internal_count=217 84 63 133 112 89 50 43
is_linear=0
shrinkage=0.04


Tree=70
num_leaves=8
num_cat=0
split_feature=0 1 1 5 1 0 1
split_gain=2.73251e+11 8.55746e+10 8.46712e+10 1.23513e+11 3.77322e+10 2.07581e+10 1.18925e+10
threshold=3505.0000000000005 483894.81907894742 732355.23214285728 1.5000000000000002 763097.37500000012 1515.0000000000002 606448.75000000012
decision_type=2 2 2 2 2 2 2
left_child=1 -1 3 6 -4 -6 -3
right_child=-2 2 4 -5 5 -7 -8
leaf_value=-2299.9942975051126 3863.2834560641008 264.51408102498124 -2185.4386363360841 2857.9893491331918 -1086.9864117733082 305.07117980629567 -827.09206930394055
leaf_weight=29 22 29 23 26 28 33 27
leaf_count=29 22 29 23 26 28 33 27
internal_value=51.2479 -456.953 -82.3104 809.675 -949.926 -364.944 -284.355
internal_weight=217 195 166 82 84 61 56
internal_count=217 195 166 82 84 61 56
is_linear=0
shrinkage=0.04


Tree=71
num_leaves=8
num_cat=0
split_feature=0 1 1 5 1 0 1
split_gain=2.5538e+11 7.9737e+10 7.90436e+10 1.15244e+11 3.52645e+10 1.93469e+10 1.109e+10
threshold=3505.0000000000005 483894.81907894742 732355.23214285728 1.5000000000000002 763097.37500000012 1515.0000000000002 606448.75000000012
decision_type=2 2 2 2 2 2 2
left_child=1 -1 3 6 -4 -6 -3
right_child=-2 2 4 -5 5 -7 -8
leaf_value=-2220.4492306636994 3735.1899069838105 255.36588114080257 -2112.4337345460294 2760.6664926322201 -1049.5739959533071 294.34430599887315 -798.77120846076912
leaf_weight=29 22 29 23 26 28 33 27
leaf_count=29 22 29 23 26 28 33 27
internal_value=49.9288 -441.38 -79.7336 782.106 -918.016 -352.513 -274.669
internal_weight=217 195 166 82 84 61 56
internal_count=217 195 166 82 84 61 56
is_linear=0
shrinkage=0.04


Tree=72
num_leaves=8
num_cat=0
split_feature=1 1 3 5 0 4 0
split_gain=2.50561e+11 1.13302e+11 9.64072e+10 1.65018e+11 3.30931e+10 2.41584e+10 1.05701e+09
threshold=1105760.3000000003 554269.08076923084 1040.0000000000002 1.5000000000000002 1661.0000000000002 147.40186915887855 2381.3350000000005
decision_type=2 2 2 2 2 2 2
left_child=1 5 3 4 -3 -1 -5
right_child=-2 2 -4 6 -6 -7 -8
leaf_value=-2949.1201669111242 3698.9833793553771 -933.38556011544279 -2113.7555445857292 1538.4053249128667 666.78299201758443 -840.87338701163651 3013.1498791084532
leaf_weight=23 22 63 22 21 26 20 20
leaf_count=23 22 63 22 21 26 20 20
internal_value=48.6402 -437.994 92.3634 524.444 -456.245 -2142.51 2486.49
internal_weight=217 195 152 130 89 43 41
internal_count=217 195 152 130 89 43 41
is_linear=0
shrinkage=0.04


Tree=73
num_leaves=8
num_cat=0
split_feature=1 1 3 5 0 4 0
split_gain=2.34042e+11 1.06085e+11 9.02744e+10 1.54091e+11 3.07846e+10 2.25452e+10 1.00227e+09
threshold=1105760.3000000003 554269.08076923084 1040.0000000000002 1.5000000000000002 1515.0000000000002 147.40186915887855 2381.3350000000005
decision_type=2 2 2 2 2 2 2
left_child=1 5 3 4 -3 -1 -5
right_child=-2 2 -4 6 -6 -7 -8
leaf_value=-2850.6044379180594 3576.3374790893736 -980.94409723587762 -2043.6704569409342 1487.8090131290044 489.28799854671314 -813.46183318399233 2914.9243318984495
leaf_weight=23 22 56 22 21 33 20 20
leaf_count=23 22 56 22 21 33 20 20
internal_value=48.4 -421.948 91.188 509.251 -438.513 -2071.29 2405.19
internal_weight=217 195 152 130 89 43 41
internal_count=217 195 152 130 89 43 41
is_linear=0
shrinkage=0.04


Tree=74
num_leaves=8
num_cat=0
split_feature=0 0 10 1 0 0 3
split_gain=2.2701e+11 6.6234e+10 7.24587e+10 3.40486e+10 5.96606e+10 2.65226e+10 2.11871e+10
threshold=3505.0000000000005 1076.5000000000002 1.0000000180025095e-35 732355.23214285728 1973.0000000000002 1870.0000000000002 461.91179225758668
decision_type=2 2 2 2 2 2 2
left_child=1 6 3 4 -3 -5 -1
right_child=-2 2 -4 5 -6 -7 -8
leaf_value=-2019.5561066248506 3522.4543122007021 -665.32812460972423 1809.0833278039136 -119.96801293707922 1838.5014101148072 -1849.6470461288138 -386.2190050481471
leaf_weight=37 22 36 26 27 20 27 22
leaf_count=37 22 36 26 27 20 27 22
internal_value=47.923 -415.311 80.2105 -383.949 299.719 -1061.19 -1481.64
internal_weight=217 195 136 110 56 54 59
internal_count=217 195 136 110 56 54 59
is_linear=0
shrinkage=0.04


Tree=75
num_leaves=8
num_cat=0
split_feature=1 1 3 5 0 4 0
split_gain=2.17249e+11 1.00626e+11 8.53688e+10 1.41912e+11 2.67311e+10 2.04625e+10 1.06957e+08
threshold=1105760.3000000003 554269.08076923084 1040.0000000000002 1.5000000000000002 1661.0000000000002 147.40186915887855 2381.3350000000005
decision_type=2 2 2 2 2 2 2
left_child=1 5 3 4 -3 -1 -5
right_child=-2 2 -4 6 -6 -7 -8
leaf_value=-2756.8182070699613 3446.7457228923668 -838.30203187627387 -1982.0563723234111 1454.0813514163685 599.81584832230658 -803.46669151299886 2791.6868887296714
leaf_weight=23 22 63 22 21 26 20 20
leaf_count=23 22 63 22 21 26 20 20
internal_value=47.7518 -405.431 94.1752 500.572 -409.455 -2011.8 2319.86
internal_weight=217 195 152 130 89 43 41
internal_count=217 195 152 130 89 43 41
is_linear=0
shrinkage=0.04


Tree=76
num_leaves=8
num_cat=0
split_feature=0 1 1 5 1 1 1
split_gain=2.06784e+11 6.08256e+10 8.11619e+10 9.38079e+10 2.87355e+10 1.42183e+10 1.05275e+10
threshold=3505.0000000000005 483894.81907894742 732355.23214285728 1.5000000000000002 763097.37500000012 829324.87500000012 606448.75000000012
decision_type=2 2 2 2 2 2 2
left_child=1 -1 3 6 -4 -6 -3
right_child=-2 2 4 -5 5 -7 -8
leaf_value=-1948.6288901581563 3363.5066247387335 341.54359141872675 -2010.0454468305093 2578.7203288690012 336.41568903919944 -848.20091723133169 -679.88081366034294
leaf_weight=29 22 29 23 26 23 38 27
leaf_count=29 22 29 23 26 23 38 27
internal_value=47.409 -394.74 -78.6227 794.627 -928.115 -409.18 -164.985
internal_weight=217 195 166 82 84 61 56
internal_count=217 195 166 82 84 61 56
is_linear=0
shrinkage=0.04


Tree=77
num_leaves=8
num_cat=0
split_feature=1 1 3 5 0 4 0
split_gain=2.01819e+11 9.0993e+10 8.01521e+10 1.26893e+11 2.39597e+10 1.97533e+10 7.43227e+08
threshold=1105760.3000000003 554269.08076923084 1040.0000000000002 1.5000000000000002 1515.0000000000002 147.40186915887855 2381.3350000000005
decision_type=2 2 2 2 2 2 2
left_child=1 5 3 4 -3 -1 -5
right_child=-2 2 -4 6 -6 -7 -8
leaf_value=-2645.9848189755007 3322.5012935079822 -860.59624446009786 -1926.7104719679339 1362.5844651803861 436.19002172157786 -745.91325359128143 2662.7571001305787
leaf_weight=23 22 56 22 21 33 20 20
leaf_count=23 22 56 22 21 33 20 20
internal_value=46.4419 -390.36 84.8646 478.821 -381.932 -1917.88 2199.07
internal_weight=217 195 152 130 89 43 41
internal_count=217 195 152 130 89 43 41
is_linear=0
shrinkage=0.04


Tree=78
num_leaves=7
num_cat=0
split_feature=0 0 10 1 0 0
split_gain=1.88542e+11 5.61055e+10 8.45187e+10 3.56406e+10 5.64266e+10 1.97546e+10
threshold=3505.0000000000005 884.00000000000011 1.0000000180025095e-35 732355.23214285728 1973.0000000000002 1870.0000000000002
decision_type=2 2 2 2 2 2
left_child=1 -1 3 4 -3 -5
right_child=-2 2 -4 5 -6 -7
leaf_value=-1747.2715007939426 3212.346965193979 -637.89029909077965 1689.3969394397789 -462.83352667910322 1725.6430088017748 -1876.8848389398188
leaf_weight=34 22 43 31 40 20 27
leaf_count=34 22 43 31 40 20 27
internal_value=45.8999 -376.31 -46.8049 -503.866 178.007 -1115.63
internal_weight=217 195 161 130 63 67
internal_count=217 195 161 130 63 67
is_linear=0
shrinkage=0.04


Tree=79
num_leaves=8
num_cat=0
split_feature=1 1 3 5 2 0 0
split_gain=1.88088e+11 8.65096e+10 7.55273e+10 1.16795e+11 2.09779e+10 2.08573e+10 1.43524e+08
threshold=1105760.3000000003 554269.08076923084 1040.0000000000002 1.5000000000000002 29122.845000000005 1515.0000000000002 2381.3350000000005
decision_type=2 2 2 2 2 2 2
left_child=1 4 3 5 -1 -3 -5
right_child=-2 2 -4 6 -6 -7 -8
leaf_value=-761.21326286574686 3208.2560176354873 -803.33831316242754 -1865.6727889956405 1327.2293526050942 -2681.3847769096601 406.60455262230988 2552.2539207341442
leaf_weight=22 22 56 22 21 21 33 20
leaf_count=22 22 56 22 21 21 33 20
internal_value=45.6236 -376.072 87.1703 469.463 -1865.51 -356.748 2119.7
internal_weight=217 195 152 130 43 89 41
internal_count=217 195 152 130 43 89 41
is_linear=0
shrinkage=0.04


Tree=80
num_leaves=8
num_cat=0
split_feature=1 1 3 5 1 2 0
split_gain=1.75729e+11 8.10132e+10 7.06944e+10 1.0911e+11 2.03648e+10 1.9628e+10 1.43735e+08
threshold=1105760.3000000003 554269.08076923084 1040.0000000000002 1.5000000000000002 606448.75000000012 29122.845000000005 2381.3350000000005
decision_type=2 2 2 2 2 2 2
left_child=1 5 3 4 -3 -1 -5
right_child=-2 2 -4 6 -6 -7 -8
leaf_value=-735.97399441869084 3101.8809655662744 651.58162968171939 -1803.8132926924873 1283.5783660984541 -672.02991376215016 -2593.1974264818018 2469.0530543836662
leaf_weight=22 22 21 22 21 68 21 20
leaf_count=22 22 21 22 21 68 21 20
internal_value=44.9323 -362.691 85.5597 455.386 -343.248 -1804.04 2050.38
internal_weight=217 195 152 130 89 43 41
internal_count=217 195 152 130 89 43 41
is_linear=0
shrinkage=0.04


Tree=81
num_leaves=6
num_cat=0
split_feature=0 0 10 1 4
split_gain=1.69889e+11 4.99093e+10 8.14919e+10 3.86804e+10 3.93337e+10
threshold=3505.0000000000005 884.00000000000011 1.0000000180025095e-35 855174.75000000012 147.40186915887855
decision_type=2 2 2 2 2
left_child=1 -1 3 4 -3
right_child=-2 2 -4 -5 -6
leaf_value=-1649.3178064024257 3050.2466092990921 -1143.9920102741512 1659.3607709376099 -1832.1788328698933 401.61397391337312
leaf_weight=34 22 36 31 23 71
leaf_count=34 22 36 31 23 71
internal_value=44.5296 -356.27 -45.455 -494.27 -143.804
internal_weight=217 195 161 130 107
internal_count=217 195 161 130 107
is_linear=0
shrinkage=0.04


Tree=82
num_leaves=7
num_cat=0
split_feature=1 1 3 5 2 1
split_gain=1.65564e+11 7.67021e+10 6.63893e+10 9.95707e+10 1.90959e+10 1.90166e+10
threshold=1105760.3000000003 554269.08076923084 1040.0000000000002 1.5000000000000002 29122.845000000005 606448.75000000012
decision_type=2 2 2 2 2 2
left_child=1 4 3 5 -1 -3
right_child=-2 2 -4 -5 -6 -7
leaf_value=-707.30815036098647 3010.369281557912 639.19720019949136 -1747.3178044600886 1965.5941688812345 -2531.6624053347932 -639.23743017956792
leaf_weight=22 22 21 22 41 21 68
leaf_count=22 22 21 22 41 21 68
internal_value=43.1466 -352.502 83.6479 442.017 -1754.98 -321.199
internal_weight=217 195 152 130 43 89
internal_count=217 195 152 130 43 89
is_linear=0
shrinkage=0.04


Tree=83
num_leaves=6
num_cat=0
split_feature=0 0 10 1 4
split_gain=1.56869e+11 4.57363e+10 7.70812e+10 3.92291e+10 3.59069e+10
threshold=3505.0000000000005 884.00000000000011 1.0000000180025095e-35 855174.75000000012 147.40186915887855
decision_type=2 2 2 2 2
left_child=1 -1 3 4 -3
right_child=-2 2 -4 -5 -6
leaf_value=-1581.5153487253938 2929.6790083292035 -1086.0970142783697 1612.0102900352906 -1829.695563419169 390.54114628591662
leaf_weight=34 22 36 31 23 71
leaf_count=34 22 36 31 23 71
internal_value=41.4123 -343.695 -46.0821 -482.534 -130.261
internal_weight=217 195 161 130 107
internal_count=217 195 161 130 107
is_linear=0
shrinkage=0.04


Tree=84
num_leaves=9
num_cat=0
split_feature=1 1 1 0 5 1 2 0
split_gain=1.56282e+11 7.24598e+10 6.28152e+10 8.20345e+10 1.18107e+11 4.59416e+10 1.85544e+10 1.37441e+10
threshold=1105760.3000000003 554269.08076923084 732355.23214285728 1303.0000000000002 1.5000000000000002 763097.37500000012 29122.845000000005 1515.0000000000002
decision_type=2 2 2 2 2 2 2 2
left_child=1 6 3 -3 -5 -4 -1 -7
right_child=-2 2 5 4 -6 7 -8 -9
leaf_value=-680.00722111331027 2922.9973223425363 -747.63695028793757 -1957.1936058053861 -15.586072427531231 3850.6213648863813 -656.81971708445565 -2471.4381769954121 541.16216770373944
leaf_weight=22 22 28 25 26 20 23 21 30
leaf_count=22 22 28 25 26 20 23 21 30
internal_value=40.1124 -344.249 79.7125 887.339 1860.3 -693.161 -1707.38 10.4769
internal_weight=217 195 152 74 46 78 43 53
internal_count=217 195 152 74 46 78 43 53
is_linear=0
shrinkage=0.04


Tree=85
num_leaves=7
num_cat=0
split_feature=1 1 3 10 0 4
split_gain=1.46052e+11 6.7813e+10 6.35896e+10 9.33156e+10 5.91394e+10 1.83058e+10
threshold=1105760.3000000003 554269.08076923084 1040.0000000000002 1.0000000180025095e-35 1661.0000000000002 147.40186915887855
decision_type=2 2 2 2 2 2
left_child=1 5 3 4 -3 -1
right_child=-2 2 -4 -5 -6 -7
leaf_value=-2340.5053877442961 2826.0804834635819 -947.04547097490183 -1714.0986524759353 2415.1081118866432 883.60627361658453 -571.97017600075253
leaf_weight=23 22 58 22 25 47 20
leaf_count=23 22 58 22 25 47 20
internal_value=39.1523 -332.425 77.7011 428.545 -124.951 -1651.13
internal_weight=217 195 152 130 105 43
internal_count=217 195 152 130 105 43
is_linear=0
shrinkage=0.04


Tree=86
num_leaves=8
num_cat=0
split_feature=0 1 1 0 5 1 1
split_gain=1.42618e+11 3.94441e+10 8.00185e+10 7.21031e+10 1.10538e+11 2.04841e+10 1.88949e+10
threshold=3505.0000000000005 483894.81907894742 732355.23214285728 1076.5000000000002 1.5000000000000002 763097.37500000012 855174.75000000012
decision_type=2 2 2 2 2 2 2
left_child=1 -1 3 -3 -5 -4 -7
right_child=-2 2 5 4 -6 6 -8
leaf_value=-1580.518007375377 2792.0130028690555 -849.86619044579265 -1837.9207200098117 89.96919508301832 3562.9520446280972 165.90262936774351 -1174.4149421378913
leaf_weight=29 22 26 23 35 21 34 27
leaf_count=29 22 26 23 35 21 34 27
internal_value=38.0381 -329.13 -74.2536 792.715 1561.89 -917.831 -467.615
internal_weight=217 195 166 82 56 84 61
internal_count=217 195 166 82 56 84 61
is_linear=0
shrinkage=0.04


Tree=87
num_leaves=7
num_cat=0
split_feature=1 1 3 10 0 2
split_gain=1.36877e+11 6.11387e+10 6.05469e+10 8.76233e+10 5.17843e+10 1.92759e+10
threshold=1105760.3000000003 554269.08076923084 1040.0000000000002 1.0000000180025095e-35 1661.0000000000002 29122.845000000005
decision_type=2 2 2 2 2 2
left_child=1 5 3 4 -3 -1
right_child=-2 2 -4 -5 -6 -7
leaf_value=-565.47695983748861 2735.4493167537462 -895.14531395345205 -1680.7498139988736 2335.0062608936196 817.99084915938931 -2342.8000312322156
leaf_weight=22 22 58 22 25 47 21
leaf_count=22 22 58 22 25 47 21
internal_value=37.4742 -322.233 67.3705 409.946 -126.192 -1574.33
internal_weight=217 195 152 130 105 43
internal_count=217 195 152 130 105 43
is_linear=0
shrinkage=0.04


Tree=88
num_leaves=8
num_cat=0
split_feature=5 2 1 0 0 3 3
split_gain=1.32034e+11 2.78307e+11 6.00847e+10 6.00314e+10 3.2007e+10 1.53652e+10 8.76336e+09
threshold=1.5000000000000002 42300.020000000011 745597.25000000012 2102.8500000000004 1638.5000000000002 461.91179225758668 254.57400932400938
decision_type=2 2 2 2 2 2 2
left_child=3 -2 -3 4 5 6 -1
right_child=1 2 -4 -5 -6 -7 -8
leaf_value=-387.95980771972842 3743.9394510554971 665.40713965943758 -1936.4368942955541 -2494.5539121865663 889.58578207860455 -55.932684531878159 -1531.5340279635634
leaf_weight=22 35 24 25 21 23 39 28
leaf_count=22 35 24 25 21 23 39 28
internal_value=36.3067 1240.39 -713.709 -740.014 -326.662 -668.898 -1102.55
internal_weight=217 84 49 133 112 89 50
internal_count=217 84 49 133 112 89 50
is_linear=0
shrinkage=0.04


Tree=89
num_leaves=8
num_cat=0
split_feature=0 0 1 1 1 4 1
split_gain=1.31133e+11 3.71449e+10 6.97438e+10 8.04246e+10 2.12391e+10 2.3775e+10 1.32497e+10
threshold=3505.0000000000005 884.00000000000011 732355.23214285728 606448.75000000012 763097.37500000012 191.22564102564107 483894.81907894742
decision_type=2 2 2 2 2 2 2
left_child=1 -1 3 6 -4 -6 -3
right_child=-2 2 4 -5 5 -7 -8
leaf_value=-1433.6276777886264 2674.7578546397253 -988.01275141747715 -1896.7561014852317 2070.637307859939 591.21211269591413 -1002.4888446635973 233.27657922315453
leaf_weight=34 22 21 20 35 20 36 29
leaf_count=34 22 21 20 35 20 36 29
internal_value=33.9465 -318.077 -49.6334 719.942 -902.407 -431.657 -319.216
internal_weight=217 195 161 85 76 56 50
internal_count=217 195 161 85 76 56 50
is_linear=0
shrinkage=0.04


Tree=90
num_leaves=9
num_cat=0
split_feature=3 0 0 1 1 0 4 1
split_gain=1.26452e+11 3.35938e+11 6.94896e+10 4.75442e+10 1.24044e+11 3.60163e+10 1.59864e+10 1.58551e+10
threshold=689.23706293706311 2927.0000000000005 1076.5000000000002 732355.23214285728 606448.75000000012 2452.0000000000005 1.0000000180025095e-35 697870.61403508787
decision_type=2 2 2 2 2 2 2 2
left_child=1 2 6 4 -4 7 -1 -2
right_child=5 -3 3 -5 -6 -7 -8 -9
leaf_value=-517.65912697735928 141.53526547358092 4964.505512203049 -402.04695161083663 -534.75269445783761 3407.3515136698361 -2631.6649054740074 -2053.9165934104522 -1261.3037122286828
leaf_weight=27 22 20 29 35 20 20 20 24
leaf_count=27 22 20 29 35 20 20 20 24
internal_value=32.7928 669.212 -130.902 553.297 1309.92 -1372.61 -1294.74 -637.942
internal_weight=217 151 131 84 49 66 47 46
internal_count=217 151 131 84 49 66 47 46
is_linear=0
shrinkage=0.04


Tree=91
num_leaves=7
num_cat=0
split_feature=1 0 0 1 0 4
split_gain=1.23308e+11 5.76386e+10 5.65074e+10 2.74908e+10 2.12376e+10 1.72029e+10
threshold=1105760.3000000003 3112.5000000000005 1661.0000000000002 732355.23214285728 884.00000000000011 212.43006993006995
decision_type=2 2 2 2 2 2
left_child=1 2 4 -4 -1 -6
right_child=-2 -3 3 -5 5 -7
leaf_value=-1350.7923217027542 2593.2028896234137 -2124.5022115332199 1531.47326917498 -115.97626750823166 247.49605128273382 -914.02345870601118
leaf_weight=34 22 20 36 26 51 28
leaf_count=34 22 20 36 26 51 28
internal_value=32.3928 -308.955 -52.9814 879.837 -579.01 -191.486
internal_weight=217 195 175 62 113 79
internal_count=217 195 175 62 113 79
is_linear=0
shrinkage=0.04


Tree=92
num_leaves=8
num_cat=0
split_feature=0 1 1 0 5 1 1
split_gain=1.1953e+11 3.15438e+10 6.54298e+10 5.63689e+10 9.77661e+10 1.7489e+10 2.13385e+10
threshold=3505.0000000000005 483894.81907894742 732355.23214285728 1076.5000000000002 1.5000000000000002 763097.37500000012 855174.75000000012
decision_type=2 2 2 2 2 2 2
left_child=1 -1 3 -3 -5 -4 -7
right_child=-2 2 5 4 -6 6 -8
leaf_value=-1424.2210744257497 2552.2808897710961 -745.57603426249727 -1689.1102946627284 12.549449456381934 3269.0107147109948 241.70418485644532 -1176.8799948794472
leaf_weight=29 22 26 23 35 21 34 27
leaf_count=29 22 26 23 35 21 34 27
internal_value=30.9879 -305.071 -76.8428 707.396 1387.31 -839.426 -424.227
internal_weight=217 195 166 82 56 84 61
internal_count=217 195 166 82 56 84 61
is_linear=0
shrinkage=0.04


Tree=93
num_leaves=8
num_cat=0
split_feature=3 0 0 1 1 2 4
split_gain=1.20601e+11 3.08091e+11 5.90536e+10 4.46907e+10 8.8587e+10 3.38902e+10 1.56898e+10
threshold=689.23706293706311 2927.0000000000005 1076.5000000000002 659677.69736842124 745597.25000000012 48724.750000000007 1.0000000180025095e-35
decision_type=2 2 2 2 2 2 2
left_child=1 2 6 -4 -5 -2 -1
right_child=5 -3 3 4 -6 -7 -8
leaf_value=-435.67082131522557 -2076.6471040239612 4765.5145037130096 -608.10760558394929 2886.4299585310359 -251.72828350952389 -250.19078438457277 -1934.0795310595026
leaf_weight=27 37 20 32 22 30 29 20
leaf_count=27 37 20 32 22 30 29 20
internal_value=30.6008 652.152 -114.45 516.059 1201.13 -1341.88 -1187.51
internal_weight=217 151 131 84 52 66 47
internal_count=217 151 131 84 52 66 47
is_linear=0
shrinkage=0.04


Tree=94
num_leaves=7
num_cat=0
split_feature=1 0 0 1 0 4
split_gain=1.13111e+11 6.18051e+10 4.717e+10 2.3944e+10 1.85343e+10 1.64045e+10
threshold=1105760.3000000003 3112.5000000000005 1661.0000000000002 732355.23214285728 884.00000000000011 212.43006993006995
decision_type=2 2 2 2 2 2
left_child=1 2 4 -4 -1 -6
right_child=-2 -3 3 -5 5 -7
leaf_value=-1232.878030477902 2483.734593344479 -2175.7682243117756 1428.577788729041 -108.83904355692266 274.30994676564774 -858.84255997372941
leaf_weight=34 22 20 36 26 51 28
leaf_count=34 22 20 36 26 51 28
internal_value=31.0948 -295.835 -31.3935 820.423 -512.4 -152.165
internal_weight=217 195 175 62 113 79
internal_count=217 195 175 62 113 79
is_linear=0
shrinkage=0.04


Tree=95
num_leaves=9
num_cat=0
split_feature=3 0 0 1 1 0 1 4
split_gain=1.13337e+11 2.89986e+11 5.23603e+10 4.16542e+10 8.25339e+10 3.32497e+10 1.50099e+10 1.50057e+10
threshold=689.23706293706311 2927.0000000000005 1076.5000000000002 659677.69736842124 745597.25000000012 2452.0000000000005 697870.61403508787 1.0000000180025095e-35
decision_type=2 2 2 2 2 2 2 2
left_child=1 2 7 -4 -5 6 -2 -1
right_child=5 -3 3 4 -6 -7 -8 -9
leaf_value=-393.82856868262974 157.75932736499644 4622.91003708675 -601.65398275308644 2771.0898568135758 -256.3378501116083 -2509.4813063943989 -1203.9783568155121 -1849.8654387196098
leaf_weight=27 22 20 32 22 30 20 24 20
leaf_count=27 22 20 32 22 30 20 24 20
internal_value=29.6954 632.236 -111.486 482.351 1144.18 -1300.8 -597.05 -1121.8
internal_weight=217 151 131 84 52 66 46 47
internal_count=217 151 131 84 52 66 46 47
is_linear=0
shrinkage=0.04


Tree=96
num_leaves=8
num_cat=0
split_feature=3 0 0 1 1 2 4
split_gain=1.06052e+11 2.71341e+11 4.89998e+10 4.07668e+10 1.00092e+11 3.12864e+10 1.40613e+10
threshold=689.23706293706311 2927.0000000000005 1076.5000000000002 732355.23214285728 585820.83333333337 48724.750000000007 1.0000000180025095e-35
decision_type=2 2 2 2 2 2 2
left_child=1 2 6 4 -4 -2 -1
right_child=5 -3 3 -5 -6 -7 -8
leaf_value=-380.34328204944234 -1963.4641409642882 4472.2081484599921 -641.85189065207555 -536.90269678577602 2738.4347746379663 -213.81385476694714 -1789.5617524168902
leaf_weight=27 37 20 24 35 25 29 20
leaf_count=27 37 20 24 35 25 29 20
internal_value=29.1115 611.959 -107.47 466.981 1168.76 -1257.93 -1084.84
internal_weight=217 151 131 84 49 66 47
internal_count=217 151 131 84 49 66 47
is_linear=0
shrinkage=0.04


Tree=97
num_leaves=7
num_cat=0
split_feature=1 0 0 1 0 4
split_gain=1.02534e+11 6.48781e+10 3.94407e+10 2.09177e+10 1.63172e+10 1.51868e+10
threshold=1105760.3000000003 3112.5000000000005 1661.0000000000002 732355.23214285728 884.00000000000011 212.43006993006995
decision_type=2 2 2 2 2 2
left_child=1 2 4 -4 -1 -6
right_child=-2 -3 3 -5 5 -7
leaf_value=-1127.36661224152 2364.4857677805776 -2207.9984830346411 1335.3484099520103 -101.64282662800522 292.90213842883981 -796.60544852939256
leaf_weight=34 22 20 36 26 51 28
leaf_count=34 22 20 36 26 51 28
internal_value=29.3282 -281.936 -11.5399 766.925 -451.789 -115.562
internal_weight=217 195 175 62 113 79
internal_count=217 195 175 62 113 79
is_linear=0
shrinkage=0.04


Tree=98
num_leaves=9
num_cat=0
split_feature=0 11 5 5 3 1 0 3
split_gain=1.00166e+11 3.10802e+10 7.15211e+10 3.28688e+10 1.47301e+10 8.44672e+09 6.5724e+09 4.96577e+08
threshold=3505.0000000000005 1.0000000180025095e-35 1.5000000000000002 1.5000000000000002 461.91179225758668 714897.0238095239 2102.8500000000004 842.50000000000011
decision_type=2 2 2 2 2 2 2 2
left_child=1 2 4 5 -1 -3 -5 -6
right_child=-2 3 -4 6 7 -7 -8 -9
leaf_value=-1124.1691256470156 2336.0188843569281 -543.51982294340587 1743.6244595726084 -2089.5510763213415 145.24618001569823 358.09909967594456 -785.773420210057 -109.47326534301239
leaf_weight=28 22 31 29 20 20 27 20 20
leaf_count=28 22 31 29 20 20 27 20 20
internal_value=27.9576 -279.671 224.334 -766.376 -492.183 -128.274 -1584.22 19.7099
internal_weight=217 195 97 98 68 58 40 40
internal_count=217 195 97 98 68 58 40 40
is_linear=0
shrinkage=0.04


Tree=99
num_leaves=9
num_cat=0
split_feature=3 0 0 1 1 0 1 4
split_gain=1.02408e+11 2.49308e+11 4.2866e+10 3.78098e+10 9.24771e+10 3.25842e+10 1.50524e+10 1.32884e+10
threshold=689.23706293706311 2927.0000000000005 1076.5000000000002 732355.23214285728 606448.75000000012 2452.0000000000005 697870.61403508787 1.0000000180025095e-35
decision_type=2 2 2 2 2 2 2 2
left_child=1 2 7 4 -4 6 -2 -1
right_child=5 -3 3 -5 -6 -7 -8 -9
leaf_value=-329.01229906525612 201.26722306122392 4299.7147286657892 -354.71236166733826 -520.06119273233332 2933.5807080192508 -2431.6581497435059 -1155.9154717075073 -1687.6084387480166
leaf_weight=27 22 20 29 35 20 20 24 20
leaf_count=27 22 20 29 35 20 20 24 20
internal_value=26.7824 599.565 -90.4609 446.475 1122.41 -1237.91 -547.061 -1004.88
internal_weight=217 151 131 84 49 66 46 47
internal_count=217 151 131 84 49 66 46 47
is_linear=0
shrinkage=0.04


Tree=100
num_leaves=9
num_cat=0
split_feature=3 0 0 1 1 0 1 4
split_gain=9.58608e+10 2.33236e+11 4.0728e+10 3.38996e+10 6.26538e+10 3.05205e+10 1.40591e+10 1.10328e+10
threshold=689.23706293706311 2927.0000000000005 970.00000000000011 732355.23214285728 585820.83333333337 2452.0000000000005 697870.61403508787 235.5140186915888
decision_type=2 2 2 2 2 2 2 2
left_child=1 2 -1 4 -4 6 -2 -5
right_child=5 -3 3 7 -6 -7 -8 -9
leaf_value=-1171.8395270337744 194.59389541694534 4159.5483839530116 -382.82339564488177 -1065.5154489081065 2188.0501006939508 -2352.3886355826462 -1117.0348574566456 142.52434321059513
leaf_weight=35 22 20 27 20 27 20 24 22
leaf_count=35 22 20 27 20 27 20 24 22
internal_value=26.4945 580.652 -86.786 343.864 972.624 -1197.12 -528.609 -480.564
internal_weight=217 151 131 96 54 66 46 42
internal_count=217 151 131 96 54 66 46 42
is_linear=0
shrinkage=0.04


Tree=101
num_leaves=8
num_cat=0
split_feature=1 0 0 1 1 0 0
split_gain=9.32967e+10 7.02526e+10 3.31841e+10 1.9458e+10 1.51757e+10 3.20624e+10 3.04721e+10
threshold=1105760.3000000003 3112.5000000000005 1661.0000000000002 697870.61403508787 659677.69736842124 1221.2500000000002 1221.2500000000002
decision_type=2 2 2 2 2 2 2
left_child=1 2 4 -4 6 -6 -1
right_child=-2 -3 3 -5 5 -7 -8
leaf_value=-56.925010332504463 2253.4517047967797 -2275.2003547816444 1489.5464581522235 99.511238125441068 -636.66813547059098 1135.1545989934132 -1926.3004153808765
leaf_weight=33 22 20 25 37 38 22 20
leaf_count=33 22 20 25 37 38 22 20
internal_value=25.9226 -270.948 9.857 723.407 -394.47 47.1559 -858.692
internal_weight=217 195 175 62 113 60 53
internal_count=217 195 175 62 113 60 53
is_linear=0
shrinkage=0.04


Tree=102
num_leaves=9
num_cat=0
split_feature=3 0 0 1 1 0 1 4
split_gain=9.00645e+10 2.2025e+11 3.68464e+10 3.25651e+10 5.75189e+10 2.77608e+10 1.34545e+10 1.02616e+10
threshold=689.23706293706311 2927.0000000000005 970.00000000000011 732355.23214285728 585820.83333333337 2452.0000000000005 697870.61403508787 235.5140186915888
decision_type=2 2 2 2 2 2 2 2
left_child=1 2 -1 4 -4 6 -2 -5
right_child=5 -3 3 7 -6 -7 -8 -9
leaf_value=-1118.3630533570333 186.83076149570903 4039.9541815512639 -359.74817590202417 -1047.5315078736933 2104.3405108154143 -2263.9310374513207 -1096.7904238187987 120.20255594969446
leaf_weight=35 22 20 27 20 27 20 24 22
leaf_count=35 22 20 27 20 27 20 24 22
internal_value=24.9534 562.111 -86.4101 323.339 939.955 -1161.07 -521.254 -483.811
internal_weight=217 151 131 96 54 66 46 42
internal_count=217 151 131 96 54 66 46 42
is_linear=0
shrinkage=0.04


Tree=103
num_leaves=6
num_cat=0
split_feature=1 0 1 9 3
split_gain=8.93078e+10 6.64185e+10 4.22101e+10 3.21312e+10 4.418e+10
threshold=855174.75000000012 2785.5000000000005 483894.81907894742 1.0000000180025095e-35 450.90848806366051
decision_type=2 2 2 2 2
left_child=1 2 -1 4 -4
right_child=-2 -3 3 -5 -6
leaf_value=-1328.6822839538597 1699.587304937264 -2057.3156533982851 1275.6203264500671 -881.1528575109744 -359.9550477095105
leaf_weight=27 37 26 60 25 42
leaf_count=27 37 26 60 25 42
internal_value=24.4184 -353.268 -14.8891 300.645 615.51
internal_weight=217 180 154 127 102
internal_count=217 180 154 127 102
is_linear=0
shrinkage=0.04


Tree=104
num_leaves=9
num_cat=0
split_feature=0 11 5 5 0 1 1 0
split_gain=8.55634e+10 3.48626e+10 6.48527e+10 3.1556e+10 1.45367e+10 8.28635e+09 7.94495e+09 2.86338e+09
threshold=3505.0000000000005 1.0000000180025095e-35 1.5000000000000002 1.5000000000000002 1188.5000000000002 606448.75000000012 714897.0238095239 2102.8500000000004
decision_type=2 2 2 2 2 2 2 2
left_child=1 2 4 6 5 -1 -3 -5
right_child=-2 3 -4 7 -6 -7 -8 -9
leaf_value=598.98946820191918 2155.3513149217079 -552.04906602287008 1715.6161339601406 -1983.766934818583 -1042.9467259208111 -441.69644929564913 323.42313094284339 -883.18005927006425
leaf_weight=20 22 31 29 20 28 20 27 20
leaf_count=20 22 31 29 20 28 20 27 20
internal_value=22.0874 -262.158 270.481 -777.994 -414.638 86.6641 -150.609 -1579.61
internal_weight=217 195 97 98 68 40 58 40
internal_count=217 195 97 98 68 40 58 40
is_linear=0
shrinkage=0.04


Tree=105
num_leaves=8
num_cat=0
split_feature=3 2 3 3 0 0 1
split_gain=8.41147e+10 2.04473e+11 2.88341e+10 3.38018e+10 2.77571e+10 2.53965e+10 1.34449e+10
threshold=689.23706293706311 41923.490000000013 382.10839160839163 254.57400932400938 2452.0000000000005 1252.0000000000002 697870.61403508787
decision_type=2 2 2 2 2 2 2
left_child=1 2 3 -1 6 -4 -2
right_child=4 -3 5 -5 -6 -7 -8
leaf_value=45.88649257668726 213.85838884269387 2984.6097149590432 -633.23820218610149 -1940.0602492885953 -2225.8551397024162 869.28709905464973 -1065.5194084888747
leaf_weight=26 22 36 27 24 20 38 24
leaf_count=26 22 36 27 24 20 38 24
internal_value=21.1135 540.284 -309.199 -989.522 -1125.01 244.566 -489.402
internal_weight=217 151 115 50 66 65 46
internal_count=217 151 115 50 66 65 46
is_linear=0
shrinkage=0.04


Tree=106
num_leaves=6
num_cat=0
split_feature=1 0 1 9 3
split_gain=8.16525e+10 6.55557e+10 3.81938e+10 2.81735e+10 4.26673e+10
threshold=855174.75000000012 2785.5000000000005 483894.81907894742 1.0000000180025095e-35 422.33815609677686
decision_type=2 2 2 2 2
left_child=1 2 -1 4 -4
right_child=-2 -3 3 -5 -6
leaf_value=-1256.2275640525563 1620.6835499818192 -2035.1479052817665 1719.5888162712258 -813.7622143565444 20.503739586222864
leaf_weight=27 37 26 31 25 71
leaf_count=27 37 26 31 25 71
internal_value=18.8334 -342.211 -6.28944 293.636 588.172
internal_weight=217 180 154 127 102
internal_count=217 180 154 127 102
is_linear=0
shrinkage=0.04


Tree=107
num_leaves=9
num_cat=0
split_feature=0 11 5 5 3 1 0 3
split_gain=7.95409e+10 3.50038e+10 5.84935e+10 3.02864e+10 1.44506e+10 6.9096e+09 1.52278e+09 3.34058e+08
threshold=3505.0000000000005 1.0000000180025095e-35 1.5000000000000002 1.5000000000000002 461.91179225758668 714897.0238095239 2102.8500000000004 842.50000000000011
decision_type=2 2 2 2 2 2 2 2
left_child=1 2 4 5 -1 -3 -5 -6
right_child=-2 3 -4 6 7 -7 -8 -9
leaf_value=-1001.6261883199942 2074.3595944099707 -531.48746604153291 1648.9377930397739 -1918.3464498863532 220.44225221874393 285.75856374533424 -911.03837093397101 0.16700151328741236
leaf_weight=28 22 31 29 20 20 27 20 20
leaf_count=28 22 31 29 20 20 27 20 20
internal_value=17.4698 -256.512 277 -773.463 -374.682 -157.92 -1558.91 121.55
internal_weight=217 195 97 98 68 58 40 40
internal_count=217 195 97 98 68 58 40 40
is_linear=0
shrinkage=0.04


Tree=108
num_leaves=9
num_cat=0
split_feature=3 0 0 1 1 0 1 4
split_gain=8.03063e+10 1.92801e+11 3.11621e+10 3.4066e+10 4.95974e+10 2.70881e+10 1.34484e+10 9.36539e+09
threshold=689.23706293706311 2927.0000000000005 970.00000000000011 732355.23214285728 606448.75000000012 2452.0000000000005 697870.61403508787 235.5140186915888
decision_type=2 2 2 2 2 2 2 2
left_child=1 2 -1 4 -4 6 -2 -5
right_child=5 -3 3 7 -6 -7 -8 -9
leaf_value=-1031.6196739490388 225.29391867395364 3777.950901732087 -118.13889762647781 -1066.5688154734769 2204.9322352569525 -2190.2050967780106 -1052.7346348701433 58.591094306661027
leaf_weight=35 22 20 32 20 22 20 24 22
leaf_count=35 22 20 32 20 22 20 24 22
internal_value=16.6621 524.022 -82.6814 294.251 925.912 -1103.13 -476.177 -528.984
internal_weight=217 151 131 96 54 66 46 42
internal_count=217 151 131 96 54 66 46 42
is_linear=0
shrinkage=0.04


Tree=109
num_leaves=6
num_cat=0
split_feature=1 0 0 10 4
split_gain=7.55931e+10 7.43304e+10 2.63299e+10 5.22093e+10 3.34889e+10
threshold=1105760.3000000003 3112.5000000000005 884.00000000000011 1.0000000180025095e-35 402.38927738927742
decision_type=2 2 2 2 2
left_child=1 2 -1 4 -4
right_child=-2 -3 3 -5 -6
leaf_value=-892.93305299202837 2021.8604994416162 -2312.0830950512691 -500.07049081691878 1668.0046370882192 1049.8721811977503
leaf_weight=34 22 20 87 29 25
leaf_count=34 22 20 87 29 25
internal_value=16.6577 -250.431 37.7011 282.966 -126.676
internal_weight=217 195 175 141 112
internal_count=217 195 175 141 112
is_linear=0
shrinkage=0.04


Tree=110
num_leaves=7
num_cat=0
split_feature=3 0 0 0 3 2
split_gain=7.60982e+10 1.82485e+11 2.74566e+10 3.30767e+10 8.85729e+10 2.54262e+10
threshold=689.23706293706311 2927.0000000000005 970.00000000000011 1913.0000000000002 382.10839160839163 48724.750000000007
decision_type=2 2 2 2 2 2
left_child=1 2 -1 4 -4 -2
right_child=5 -3 3 -5 -6 -7
leaf_value=-970.24891324161854 -1708.5608343089666 3676.3936856980604 -804.22140921022151 -777.18345241033353 1960.1447371817339 -141.06953138612513
leaf_weight=35 37 20 30 29 37 29
leaf_count=35 37 20 30 29 37 29
internal_value=16.8396 510.715 -79.564 274.318 749.886 -1073.23
internal_weight=217 151 131 96 67 66
internal_count=217 151 131 96 67 66
is_linear=0
shrinkage=0.04


Tree=111
num_leaves=8
num_cat=0
split_feature=3 2 0 3 3 11 1
split_gain=7.09057e+10 1.74243e+11 2.50654e+10 2.30482e+10 3.17975e+10 2.24097e+10 1.3204e+10
threshold=689.23706293706311 41923.490000000013 2452.0000000000005 382.10839160839163 254.57400932400938 1.0000000180025095e-35 697870.61403508787
decision_type=2 2 2 2 2 2 2
left_child=1 3 6 4 -1 -5 -2
right_child=2 -3 -4 5 -6 -7 -8
leaf_value=97.273153616320684 254.99800805166441 2750.3516013753492 -2079.4564932041849 1003.0808112551887 -1820.4363851057892 -407.45607442566131 -1007.355007222415
leaf_weight=26 22 36 20 27 24 38 24
leaf_count=26 22 36 20 27 24 38 24
internal_value=17.1787 493.889 -1035.06 -290.121 -898.15 205.698 -434.952
internal_weight=217 151 66 115 50 65 46
internal_count=217 151 66 115 50 65 46
is_linear=0
shrinkage=0.04


Tree=112
num_leaves=6
num_cat=0
split_feature=1 0 1 9 3
split_gain=6.99659e+10 6.64593e+10 3.46934e+10 2.58902e+10 4.16124e+10
threshold=855174.75000000012 2785.5000000000005 483894.81907894742 1.0000000180025095e-35 422.33815609677686
decision_type=2 2 2 2 2
left_child=1 2 -1 4 -4
right_child=-2 -3 3 -5 -6
leaf_value=-1173.1714227030109 1498.3299975353159 -2023.2467322298969 1703.1340021131241 -759.06995194486967 24.8761902908462
leaf_weight=27 37 26 31 25 71
leaf_count=27 37 26 31 25 71
internal_value=15.5004 -318.67 18.8194 303.984 585.783
internal_weight=217 180 154 127 102
internal_count=217 180 154 127 102
is_linear=0
shrinkage=0.04


Tree=113
num_leaves=7
num_cat=0
split_feature=0 11 0 1 0 1
split_gain=6.97804e+10 3.58414e+10 5.15934e+10 2.7644e+10 6.80392e+10 1.31463e+10
threshold=3505.0000000000005 1.0000000180025095e-35 1490.2500000000002 659677.69736842124 1870.0000000000002 697870.61403508787
decision_type=2 2 2 2 2 2
left_child=1 2 5 -3 -5 -1
right_child=-2 3 -4 4 -6 -7
leaf_value=121.61035767107693 1940.8812697598603 80.971634401264396 1431.2904394167667 -34.237403598941661 -2640.1050509577549 -990.63623758260303
leaf_weight=35 22 38 35 34 26 27
leaf_count=35 22 38 35 34 26 27
internal_value=14.2826 -242.297 296.998 -765.604 -1269.74 -397.302
internal_weight=217 195 97 98 60 62
internal_count=217 195 97 98 60 62
is_linear=0
shrinkage=0.04


Tree=114
num_leaves=8
num_cat=0
split_feature=3 2 0 2 3 3 0
split_gain=6.77975e+10 1.64458e+11 2.49123e+10 3.22186e+10 2.35416e+10 2.90291e+10 2.13309e+10
threshold=689.23706293706311 41923.490000000013 1428.5000000000002 48724.750000000007 382.10839160839163 254.57400932400938 1252.0000000000002
decision_type=2 2 2 2 2 2 2
left_child=1 4 -2 -4 5 -1 -6
right_child=2 -3 3 -5 6 -7 -8
leaf_value=60.050585152267786 147.97423149876323 2672.0318314391329 -2307.7491933502624 -194.17878588090895 -585.36190976747162 -1777.4874969882771 791.44860243610992
leaf_weight=26 20 36 26 20 27 24 38
leaf_count=26 20 36 26 20 27 24 38
internal_value=13.6373 479.844 -1015.22 -1488.81 -281.834 -896.518 218.664
internal_weight=217 151 66 46 115 50 65
internal_count=217 151 66 46 115 50 65
is_linear=0
shrinkage=0.04


Tree=115
num_leaves=8
num_cat=0
split_feature=2 2 11 3 11 3 2
split_gain=6.66414e+10 2.57231e+11 3.872e+10 2.31279e+10 2.84641e+10 2.71082e+10 6.22411e+09
threshold=42300.020000000011 40812.810000000005 1.0000000180025095e-35 382.10839160839163 1.0000000180025095e-35 254.57400932400938 35319.730000000003
decision_type=2 2 2 2 2 2 2
left_child=1 3 -2 5 -5 -1 -6
right_child=2 -3 -4 4 6 -7 -8
leaf_value=58.005648026289691 -191.19507030791908 4223.5710725611389 -2166.5707179690007 939.80987063645784 75.456242688424439 -1717.699560053479 -810.88318760591267
leaf_weight=26 38 20 24 38 20 24 27
leaf_count=26 38 20 24 38 20 24 27
internal_value=12.1135 455.386 -1051.52 -222.134 181.55 -866.377 -460.298
internal_weight=217 155 62 135 85 50 47
internal_count=217 155 62 135 85 50 47
is_linear=0
shrinkage=0.04


Tree=116
num_leaves=8
num_cat=0
split_feature=3 1 0 0 0 3 1
split_gain=6.23422e+10 1.52779e+11 4.78248e+10 7.08501e+10 2.42548e+10 1.4471e+10 1.25316e+10
threshold=689.23706293706311 855174.75000000012 1913.0000000000002 1490.2500000000002 2452.0000000000005 254.57400932400938 697870.61403508787
decision_type=2 2 2 2 2 2 2
left_child=1 2 3 5 6 -1 -2
right_child=4 -3 -4 -5 -6 -7 -8
leaf_value=462.59734702633369 278.32551513258193 3223.1553892856145 -1218.4015300927745 2026.0609804551677 -1999.9321552327524 -709.54448277992697 -948.00048307378063
leaf_weight=22 22 22 38 25 20 44 24
leaf_count=22 22 22 38 25 20 44 24
internal_value=11.9656 459.045 -105.919 394.461 -974.605 -314.203 -389.184
internal_weight=217 151 129 91 66 66 46
internal_count=217 151 129 91 66 66 46
is_linear=0
shrinkage=0.04


Tree=117
num_leaves=7
num_cat=0
split_feature=0 11 0 1 0 1
split_gain=6.20828e+10 3.45675e+10 4.86497e+10 2.79626e+10 6.66271e+10 1.23265e+10
threshold=3505.0000000000005 1.0000000180025095e-35 1490.2500000000002 659677.69736842124 1870.0000000000002 697870.61403508787
decision_type=2 2 2 2 2 2
left_child=1 2 5 -3 -5 -1
right_child=-2 3 -4 4 -6 -7
leaf_value=126.4407059031509 1829.6524718128285 105.19683590280918 1400.9437053705585 -28.847627595572913 -2606.8405666319304 -949.74148892605399
leaf_weight=35 22 38 35 34 26 27
leaf_count=35 22 38 35 34 26 27
internal_value=12.4004 -229.592 299.765 -743.62 -1250.78 -375.048
internal_weight=217 195 97 98 60 62
internal_count=217 195 97 98 60 62
is_linear=0
shrinkage=0.04


Tree=118
num_leaves=9
num_cat=0
split_feature=5 1 0 1 3 0 3 0
split_gain=6.18931e+10 1.891e+11 6.56372e+10 5.90718e+10 2.07046e+10 9.2057e+09 7.36429e+09 3.45907e+09
threshold=1.5000000000000002 855174.75000000012 2102.8500000000004 732355.23214285728 443.50795755968176 1606.0000000000002 254.57400932400938 1119.0000000000002
decision_type=2 2 2 2 2 2 2 2
left_child=2 3 4 -2 6 7 -1 -6
right_child=1 -3 -4 -5 5 -7 -8 -9
leaf_value=-121.38408592531738 657.90224251806762 3742.0986367684714 -2349.6808255241604 -1675.7644562956013 327.49026003766863 960.23422411012405 -1116.414005091005 -318.31699508782992
leaf_weight=22 38 21 21 25 22 21 25 22
leaf_count=22 38 21 21 25 22 21 25 22
internal_value=11.8034 836.453 -519.447 -318.558 -98.1009 356.173 -702.382 5.01568
internal_weight=217 84 133 63 112 65 47 44
internal_count=217 84 133 63 112 65 47 44
is_linear=0
shrinkage=0.04


Tree=119
num_leaves=8
num_cat=0
split_feature=3 2 0 2 10 1 1
split_gain=6.18519e+10 1.45601e+11 2.44046e+10 2.85167e+10 2.17271e+10 1.27881e+10 2.49949e+10
threshold=689.23706293706311 41923.490000000013 1428.5000000000002 48724.750000000007 1.0000000180025095e-35 577970.68333333347 763097.37500000012
decision_type=2 2 2 2 2 2 2
left_child=1 4 -2 -4 5 -1 -7
right_child=2 -3 3 -5 -6 6 -8
leaf_value=143.49419274203763 174.42739705090727 2519.3788186394463 -2211.3389425527394 -214.24743824018535 605.24178578703186 -1547.7157416962662 56.309185593443679
leaf_weight=26 20 36 26 20 30 33 26
leaf_count=26 20 36 26 20 30 33 26
internal_value=11.4183 456.746 -971.255 -1440.3 -260.118 -580.743 -887.346
internal_weight=217 151 66 46 115 85 59
internal_count=217 151 66 46 115 85 59
is_linear=0
shrinkage=0.04


Tree=120
num_leaves=8
num_cat=0
split_feature=2 2 1 3 3 11 0
split_gain=6.19561e+10 2.27476e+11 3.6676e+10 2.25297e+10 2.47856e+10 2.45765e+10 6.45725e+09
threshold=42300.020000000011 40812.810000000005 745597.25000000012 382.10839160839163 254.57400932400938 1.0000000180025095e-35 1661.0000000000002
decision_type=2 2 2 2 2 2 2
left_child=1 3 -2 4 -1 -5 -7
right_child=2 -3 -4 5 -6 6 -8
leaf_value=49.337281134181517 -59.833367965315936 3981.4610529973761 -1946.605719387507 901.75370480894219 -1649.5903000322371 -869.68717524967735 23.027777457105181
leaf_weight=26 33 20 29 38 24 20 27
leaf_count=26 33 20 29 38 24 20 27
internal_value=10.5726 438.001 -1014.97 -199.431 -835.59 198.176 -400.002
internal_weight=217 155 62 135 50 85 47
internal_count=217 155 62 135 50 85 47
is_linear=0
shrinkage=0.04


Tree=121
num_leaves=8
num_cat=0
split_feature=2 2 11 3 3 11 0
split_gain=5.77762e+10 2.12945e+11 3.48171e+10 2.09906e+10 2.31455e+10 2.2899e+10 6.0425e+09
threshold=42300.020000000011 40812.810000000005 1.0000000180025095e-35 382.10839160839163 254.57400932400938 1.0000000180025095e-35 1661.0000000000002
decision_type=2 2 2 2 2 2 2
left_child=1 3 -2 4 -1 -5 -7
right_child=2 -3 -4 5 -6 6 -8
leaf_value=47.657210822306496 -166.04548534054547 3851.66946038488 -2036.9501041189505 869.53360677572698 -1594.1043346032673 -841.33627032918059 22.239335269751138
leaf_weight=26 38 20 24 38 24 20 27
leaf_count=26 38 20 24 38 24 20 27
internal_value=10.5021 423.254 -979.846 -193.465 -807.495 190.361 -386.986
internal_weight=217 155 62 135 50 85 47
internal_count=217 155 62 135 50 85 47
is_linear=0
shrinkage=0.04


Tree=122
num_leaves=6
num_cat=0
split_feature=7 0 10 1 4
split_gain=5.68413e+10 1.02882e+11 3.97681e+10 4.54261e+10 2.15546e+10
threshold=1.0000000180025095e-35 3249.8500000000004 1.0000000180025095e-35 855174.75000000012 147.40186915887855
decision_type=2 2 2 2 2
left_child=1 2 3 4 -1
right_child=-2 -3 -4 -5 -6
leaf_value=-664.57936480049966 -1729.081586162881 2612.3546637476311 1059.7829774947563 -1932.9804423669718 379.74686340100732
leaf_weight=51 22 21 33 21 69
leaf_count=51 22 21 33 21 69
internal_value=10.2072 241.316 -104.004 -400.946 -72.1398
internal_weight=217 195 174 141 120
internal_count=217 195 174 141 120
is_linear=0
shrinkage=0.04


Tree=123
num_leaves=8
num_cat=0
split_feature=3 1 0 0 0 3 1
split_gain=5.49061e+10 1.26597e+11 4.6513e+10 6.40838e+10 2.47374e+10 1.35341e+10 9.93035e+09
threshold=689.23706293706311 855174.75000000012 1913.0000000000002 1490.2500000000002 2452.0000000000005 254.57400932400938 697870.61403508787
decision_type=2 2 2 2 2 2 2
left_child=1 2 3 5 6 -1 -2
right_child=4 -3 -4 -5 -6 -7 -8
leaf_value=479.18842334201332 259.8610766216961 2945.2631119565872 -1183.1056978810232 1958.4206241847924 -1948.9195756756721 -652.15065995932139 -830.48100087014882
leaf_weight=22 22 22 38 25 20 44 24
leaf_count=22 22 22 38 25 20 44 24
internal_value=9.57368 429.176 -85.4789 407.316 -916.257 -268.467 -332.516
internal_weight=217 151 129 91 66 66 46
internal_count=217 151 129 91 66 66 46
is_linear=0
shrinkage=0.04


Tree=124
num_leaves=9
num_cat=0
split_feature=5 1 0 1 3 0 3 0
split_gain=5.24135e+10 1.66807e+11 6.07976e+10 5.82793e+10 1.74817e+10 8.20272e+09 5.89042e+09 2.63822e+09
threshold=1.5000000000000002 855174.75000000012 2102.8500000000004 732355.23214285728 443.50795755968176 1606.0000000000002 254.57400932400938 1119.0000000000002
decision_type=2 2 2 2 2 2 2 2
left_child=2 3 4 -2 6 7 -1 -6
right_child=1 -3 -4 -5 5 -7 -8 -9
leaf_value=-109.96304513166095 654.92797118041904 3498.1686371018591 -2240.1489076787739 -1662.980650892953 291.61141393592027 912.78850485197268 -1000.2348385259721 -272.41308833770103
leaf_weight=22 38 21 21 25 22 21 25 22
leaf_count=22 38 21 21 25 22 21 25 22
internal_value=10.0336 768.924 -478.827 -314.84 -74.1658 342.573 -629.912 10.4971
internal_weight=217 84 133 63 112 65 47 44
internal_count=217 84 133 63 112 65 47 44
is_linear=0
shrinkage=0.04


Tree=125
num_leaves=8
num_cat=0
split_feature=3 2 0 10 1 4 4
split_gain=5.26008e+10 1.19951e+11 2.35042e+10 1.88606e+10 1.22885e+10 2.37781e+10 9.61713e+09
threshold=689.23706293706311 41923.490000000013 2452.0000000000005 1.0000000180025095e-35 577970.68333333347 235.5140186915888 212.43006993006995
decision_type=2 2 2 2 2 2 2
left_child=1 3 6 4 -1 -6 -2
right_child=2 -3 -4 -5 5 -7 -8
leaf_value=175.44421816625083 180.43948937436443 2292.4777616654032 -1903.2236337823526 575.02217936339173 -1474.8017401527261 84.91636239483212 -898.27151051660201
leaf_weight=26 26 36 20 30 33 26 20
leaf_count=26 26 36 20 30 33 26 20
internal_value=9.69104 420.384 -896.501 -230.481 -529.519 -830.517 -327.131
internal_weight=217 151 66 115 85 59 46
internal_count=217 151 66 115 85 59 46
is_linear=0
shrinkage=0.04


Tree=126
num_leaves=6
num_cat=0
split_feature=7 0 10 1 4
split_gain=5.1781e+10 9.31331e+10 3.72265e+10 4.67118e+10 1.92231e+10
threshold=1.0000000180025095e-35 3249.8500000000004 1.0000000180025095e-35 855174.75000000012 147.40186915887855
decision_type=2 2 2 2 2
left_child=1 2 3 4 -1
right_child=-2 -3 -4 -5 -6
leaf_value=-613.97519063928701 -1651.5286936604541 2485.0270813784678 1026.5200838893438 -1940.1922307694633 372.13197845374424
leaf_weight=51 22 21 33 21 69
leaf_count=51 22 21 33 21 69
internal_value=8.50979 229.116 -99.4244 -386.748 -54.0687
internal_weight=217 195 174 141 120
internal_count=217 195 174 141 120
is_linear=0
shrinkage=0.04


Tree=127
num_leaves=8
num_cat=0
split_feature=2 2 11 3 3 11 2
split_gain=5.18761e+10 1.83104e+11 3.81997e+10 1.80576e+10 2.24916e+10 2.17216e+10 6.50215e+09
threshold=42300.020000000011 40812.810000000005 1.0000000180025095e-35 382.10839160839163 254.57400932400938 1.0000000180025095e-35 35319.730000000003
decision_type=2 2 2 2 2 2 2
left_child=1 3 -2 4 -1 -5 -7
right_child=2 -3 -4 5 -6 6 -8
leaf_value=92.748369411014551 -88.977447648345347 3578.1306453090192 -2036.7112099293224 844.2847571745441 -1518.4301371333161 153.47422546800058 -739.44130803835185
leaf_weight=26 38 20 24 38 24 20 27
leaf_count=26 38 20 24 38 24 20 27
internal_value=7.9054 399.056 -930.472 -173.025 -742.646 182.714 -379.431
internal_weight=217 155 62 135 50 85 47
internal_count=217 155 62 135 50 85 47
is_linear=0
shrinkage=0.04


Tree=128
num_leaves=6
num_cat=0
split_feature=7 0 10 1 4
split_gain=4.9587e+10 8.53159e+10 3.48626e+10 4.4433e+10 1.8439e+10
threshold=1.0000000180025095e-35 3249.8500000000004 1.0000000180025095e-35 855174.75000000012 147.40186915887855
decision_type=2 2 2 2 2
left_child=1 2 3 4 -1
right_child=-2 -3 -4 -5 -6
leaf_value=-593.481417951038 -1616.6559308755259 2382.846407106671 998.58832344542463 -1884.056407715058 372.24943269036027
leaf_weight=51 22 21 33 21 69
leaf_count=51 22 21 33 21 69
internal_value=7.82292 223.715 -90.8435 -369.017 -44.8599
internal_weight=217 195 174 141 120
internal_count=217 195 174 141 120
is_linear=0
shrinkage=0.04


Tree=129
num_leaves=8
num_cat=0
split_feature=2 2 11 4 9 1 1
split_gain=4.85752e+10 1.69256e+11 3.78418e+10 1.67281e+10 4.49961e+10 1.46359e+10 1.40731e+10
threshold=42300.020000000011 40812.810000000005 1.0000000180025095e-35 100.78580901856766 1.0000000180025095e-35 763097.37500000012 577970.68333333347
decision_type=2 2 2 2 2 2 2
left_child=1 3 -2 4 -1 6 -5
right_child=2 -3 -4 5 -6 -7 -8
leaf_value=1140.9308829759257 -66.057794576392538 3442.2257110430446 -2001.6769414524265 -139.40875695105817 -886.93868026959171 177.9458974116902 -1527.202488259692
leaf_weight=37 38 20 24 21 26 26 25
leaf_count=37 38 20 24 21 26 26 25
internal_value=7.23082 385.74 -900.792 -164.348 300.668 -564.936 -963.089
internal_weight=217 155 62 135 63 72 46
internal_count=217 155 62 135 63 72 46
is_linear=0
shrinkage=0.04


Tree=130
num_leaves=7
num_cat=0
split_feature=3 1 0 0 2 3
split_gain=4.74994e+10 1.07231e+11 4.60207e+10 5.67566e+10 2.57099e+10 1.35507e+10
threshold=689.23706293706311 855174.75000000012 1913.0000000000002 1490.2500000000002 48724.750000000007 254.57400932400938
decision_type=2 2 2 2 2 2
left_child=1 2 3 5 -2 -1
right_child=4 -3 -4 -5 -6 -7
leaf_value=519.67939498542501 -1492.1852798799489 2713.0112693416954 -1168.4083925008945 1872.7195215992924 51.954853135504784 -609.94737665083858
leaf_weight=22 37 22 38 25 29 44
leaf_count=22 37 22 38 25 29 44
internal_value=7.05624 397.369 -76.3671 413.507 -854.029 -224.191
internal_weight=217 151 129 91 66 66
internal_count=217 151 129 91 66 66
is_linear=0
shrinkage=0.04


Tree=131
num_leaves=6
num_cat=0
split_feature=7 0 10 1 4
split_gain=4.55964e+10 7.80657e+10 3.43646e+10 4.51227e+10 1.84431e+10
threshold=1.0000000180025095e-35 3249.8500000000004 1.0000000180025095e-35 855174.75000000012 147.40186915887855
decision_type=2 2 2 2 2
left_child=1 2 3 4 -1
right_child=-2 -3 -4 -5 -6
leaf_value=-584.57286977680428 -1549.4386473157294 2280.6705184024545 995.87361439845733 -1888.6002173381526 381.21242029052075
leaf_weight=51 22 21 33 21 69
leaf_count=51 22 21 33 21 69
internal_value=8.32087 215.327 -85.6012 -361.885 -35.5944
internal_weight=217 195 174 141 120
internal_count=217 195 174 141 120
is_linear=0
shrinkage=0.04


Tree=132
num_leaves=7
num_cat=0
split_feature=3 1 0 0 2 0
split_gain=4.40495e+10 1.01832e+11 4.41078e+10 5.22546e+10 2.47335e+10 1.32376e+10
threshold=689.23706293706311 855174.75000000012 1913.0000000000002 1490.2500000000002 48724.750000000007 906.00000000000011
decision_type=2 2 2 2 2 2
left_child=1 2 3 5 -2 -1
right_child=4 -3 -4 -5 -6 -7
leaf_value=-807.71542481783956 -1447.5438557397893 2640.1577670453862 -1147.0064866650725 1801.7697327631895 64.964000273575195 268.85812465823835
leaf_weight=28 37 22 38 25 29 38
leaf_count=28 37 22 38 25 29 38
internal_value=7.6889 383.542 -77.9922 401.706 -821.554 -210.463
internal_weight=217 151 129 91 66 66
internal_count=217 151 129 91 66 66
is_linear=0
shrinkage=0.04


Tree=133
num_leaves=6
num_cat=0
split_feature=7 0 10 1 4
split_gain=4.24563e+10 7.28054e+10 3.27511e+10 4.47378e+10 1.69302e+10
threshold=1.0000000180025095e-35 3249.8500000000004 1.0000000180025095e-35 855174.75000000012 147.40186915887855
decision_type=2 2 2 2 2
left_child=1 2 3 4 -1
right_child=-2 -3 -4 -5 -6
leaf_value=-553.72159358909312 -1494.6654188846858 2202.7933391481465 973.37111151290799 -1872.2825686322187 371.57328458208605
leaf_weight=51 22 21 33 21 69
leaf_count=51 22 21 33 21 69
internal_value=8.50738 208.249 -82.3715 -352.119 -27.5277
internal_weight=217 195 174 141 120
internal_count=217 195 174 141 120
is_linear=0
shrinkage=0.04


Tree=134
num_leaves=7
num_cat=0
split_feature=1 0 0 1 1 0
split_gain=4.27315e+10 9.6619e+10 2.83602e+10 2.33708e+10 4.54068e+10 2.33685e+10
threshold=1105760.3000000003 3112.5000000000005 2381.3350000000005 659677.69736842124 714897.0238095239 1221.2500000000002
decision_type=2 2 2 2 2 2
left_child=1 2 3 5 -5 -1
right_child=-2 -3 -4 4 -6 -7
leaf_value=159.17004422866265 1515.5685757119297 -2543.9376298537027 1244.2803998073798 1816.646194259449 -212.72940449041712 -1255.0650295662742
leaf_weight=33 22 20 26 20 60 36
leaf_count=33 22 20 26 20 60 36
internal_value=7.86136 -192.856 133.381 -91.5316 364.937 -610.626
internal_weight=217 195 175 149 80 69
internal_count=217 195 175 149 80 69
is_linear=0
shrinkage=0.04


Tree=135
num_leaves=8
num_cat=0
split_feature=2 2 11 4 9 0 1
split_gain=4.17341e+10 1.51147e+11 3.65028e+10 1.78122e+10 4.03026e+10 1.3134e+10 5.25134e+09
threshold=42300.020000000011 40812.810000000005 1.0000000180025095e-35 100.78580901856766 1.0000000180025095e-35 1188.5000000000002 763097.37500000012
decision_type=2 2 2 2 2 2 2
left_child=1 3 -2 4 -1 -5 -7
right_child=2 -3 -4 5 -6 6 -8
leaf_value=1112.3912825235327 -19.295125417276871 3247.3472393842681 -1914.597760793449 -1340.3994628522926 -808.10237171139397 -520.33587210412929 232.14046692503757
leaf_weight=37 38 20 24 20 26 29 23
leaf_count=37 38 20 24 20 26 29 23
internal_value=8.14039 358.956 -833.546 -160.698 318.763 -574.249 -195.596
internal_weight=217 155 62 135 63 72 52
internal_count=217 155 62 135 63 72 52
is_linear=0
shrinkage=0.04


Tree=136
num_leaves=8
num_cat=0
split_feature=3 2 0 0 3 1 3
split_gain=4.0827e+10 7.33475e+10 9.02285e+10 3.46658e+10 2.91294e+10 3.5902e+10 2.08077e+10
threshold=1061.0000000000002 41923.490000000013 2927.0000000000005 1913.0000000000002 382.10839160839163 659677.69736842124 254.57400932400938
decision_type=2 2 2 2 2 2 2
left_child=1 3 -3 4 6 -6 -1
right_child=-2 2 -4 -5 5 -7 -8
leaf_value=112.40042987807489 -1280.2373352354873 -71.518791337401481 3145.2040048712906 -1624.1177291615086 -290.08442709425969 1461.0585675881428 -1447.3229524641445
leaf_weight=26 29 29 22 20 37 31 23
leaf_count=26 29 29 22 20 37 31 23
internal_value=7.80587 231.999 1459.78 -257.224 28.3793 549.715 -680.37
internal_weight=217 188 51 137 117 68 49
internal_count=217 188 51 137 117 68 49
is_linear=0
shrinkage=0.04


Tree=137
num_leaves=6
num_cat=0
split_feature=7 0 10 1 4
split_gain=3.94608e+10 6.67606e+10 3.12433e+10 4.44706e+10 1.6296e+10
threshold=1.0000000180025095e-35 3249.8500000000004 1.0000000180025095e-35 855174.75000000012 402.38927738927742
decision_type=2 2 2 2 2
left_child=1 2 3 4 -1
right_child=-2 -3 -4 -5 -6
leaf_value=-257.28684029303975 -1441.6624668399963 2110.0240608814038 952.85016732504926 -1857.3456001442651 825.7477625535829
leaf_weight=96 22 21 33 21 24
leaf_count=96 22 21 33 21 24
internal_value=7.49805 200.079 -78.2321 -341.748 -18.4711
internal_weight=217 195 174 141 120
internal_count=217 195 174 141 120
is_linear=0
shrinkage=0.04


Tree=138
num_leaves=7
num_cat=0
split_feature=1 0 0 1 1 0
split_gain=3.90426e+10 9.73075e+10 2.63424e+10 2.03762e+10 4.17472e+10 2.20119e+10
threshold=1105760.3000000003 3112.5000000000005 2381.3350000000005 659677.69736842124 714897.0238095239 1221.2500000000002
decision_type=2 2 2 2 2 2
left_child=1 2 3 5 -5 -1
right_child=-2 -3 -4 4 -6 -7
leaf_value=184.26052460486218 1448.6309121148586 -2543.9180322769798 1213.3084715081641 1743.4352737728339 -202.51237211047595 -1185.2404100980282
leaf_weight=33 22 20 26 20 60 36
leaf_count=33 22 20 26 20 60 36
internal_value=7.47059 -184.386 142.791 -74.3672 351.485 -559.326
internal_weight=217 195 175 149 80 69
internal_count=217 195 175 149 80 69
is_linear=0
shrinkage=0.04


Tree=139
num_leaves=8
num_cat=0
split_feature=2 2 11 4 9 0 1
split_gain=3.8762e+10 1.34751e+11 3.73765e+10 1.62401e+10 3.66273e+10 1.31634e+10 4.71537e+09
threshold=42300.020000000011 40812.810000000005 1.0000000180025095e-35 100.78580901856766 1.0000000180025095e-35 1188.5000000000002 763097.37500000012
decision_type=2 2 2 2 2 2 2
left_child=1 3 -2 4 -1 -5 -7
right_child=2 -3 -4 5 -6 6 -8
leaf_value=1068.5749297676232 16.214179256071258 3072.9847373202642 -1897.3555494282816 -1306.1212064259996 -762.60396118876167 -472.92059345611688 238.68526766859239
leaf_weight=37 38 20 24 20 26 29 23
leaf_count=37 38 20 24 20 26 29 23
internal_value=7.71118 345.808 -803.449 -145.067 312.388 -540.126 -164.28
internal_weight=217 155 62 135 63 72 52
internal_count=217 155 62 135 63 72 52
is_linear=0
shrinkage=0.04


Tree=140
num_leaves=8
num_cat=0
split_feature=3 2 0 0 3 0 3
split_gain=3.69561e+10 6.55585e+10 8.31282e+10 3.28657e+10 2.65587e+10 3.33026e+10 1.94823e+10
threshold=1061.0000000000002 41923.490000000013 2532.0000000000005 1913.0000000000002 382.10839160839163 1376.5000000000002 254.57400932400938
decision_type=2 2 2 2 2 2 2
left_child=1 3 -3 4 6 -6 -1
right_child=-2 2 -4 -5 5 -7 -8
leaf_value=123.55560496411182 -1218.0936019418368 -445.2271878173238 2639.8139482951146 -1572.8466562224266 -255.71377995170772 1435.1360112607945 -1383.5406034689574
leaf_weight=26 29 22 29 20 38 30 23
leaf_count=26 29 22 29 20 38 30 23
internal_value=7.36786 220.67 1381.41 -241.885 35.8905 533.388 -641.198
internal_weight=217 188 51 137 117 68 49
internal_count=217 188 51 137 117 68 49
is_linear=0
shrinkage=0.04


Tree=141
num_leaves=6
num_cat=0
split_feature=7 0 10 1 4
split_gain=3.61703e+10 6.2112e+10 2.98382e+10 4.36232e+10 1.58232e+10
threshold=1.0000000180025095e-35 3249.8500000000004 1.0000000180025095e-35 855174.75000000012 147.40186915887855
decision_type=2 2 2 2 2
left_child=1 2 3 4 -1
right_child=-2 -3 -4 -5 -6
leaf_value=-524.02259783951922 -1380.8922576312107 2033.171009913036 930.17563635561339 -1836.068220321439 370.47333195649639
leaf_weight=51 22 21 33 21 69
leaf_count=51 22 21 33 21 69
internal_value=6.51818 190.908 -77.4876 -334.986 -14.9325
internal_weight=217 195 174 141 120
internal_count=217 195 174 141 120
is_linear=0
shrinkage=0.04


Tree=142
num_leaves=8
num_cat=0
split_feature=2 2 11 4 9 0 1
split_gain=3.61839e+10 1.20461e+11 3.91041e+10 1.55013e+10 3.35154e+10 1.21424e+10 4.59863e+09
threshold=42300.020000000011 40812.810000000005 1.0000000180025095e-35 100.78580901856766 1.0000000180025095e-35 1188.5000000000002 763097.37500000012
decision_type=2 2 2 2 2 2 2
left_child=1 3 -2 4 -1 -5 -7
right_child=2 -3 -4 5 -6 6 -8
leaf_value=1037.4547505898879 56.013498044827998 2911.0874233958857 -1896.7979006868472 -1253.5348602392214 -714.88598283112515 -462.01335408973983 240.39662118375193
leaf_weight=37 38 20 24 20 26 29 23
leaf_count=37 38 20 24 20 26 29 23
internal_value=5.92368 332.613 -777.765 -131.68 314.825 -517.87 -156.976
internal_weight=217 155 62 135 63 72 52
internal_count=217 155 62 135 63 72 52
is_linear=0
shrinkage=0.04


Tree=143
num_leaves=9
num_cat=0
split_feature=3 1 0 0 1 0 2 4
split_gain=3.52581e+10 8.3e+10 4.46045e+10 4.55132e+10 5.99275e+10 2.75865e+10 1.29799e+10 8.86812e+09
threshold=689.23706293706311 855174.75000000012 1913.0000000000002 1076.5000000000002 659677.69736842124 2452.0000000000005 22386.445000000003 212.43006993006995
decision_type=2 2 2 2 2 2 2 2
left_child=1 2 3 6 -5 7 -1 -2
right_child=5 -3 -4 4 -6 -7 -8 -9
leaf_value=168.0730663511678 324.55098362783315 2379.2240892845616 -1149.750829203846 -275.36906092548026 2399.1101446672074 -1820.4978969716069 -1127.7308442585459 -699.70164996301685
leaf_weight=22 26 22 38 23 25 20 21 20
leaf_count=22 26 22 38 23 25 20 21 20
internal_value=5.61925 341.906 -74.6284 407.63 1204.54 -736.247 -512.03 -143.63
internal_weight=217 151 129 91 48 66 43 46
internal_count=217 151 129 91 48 66 43 46
is_linear=0
shrinkage=0.04


Tree=144
num_leaves=6
num_cat=0
split_feature=7 0 10 1 4
split_gain=3.35263e+10 5.75285e+10 2.87827e+10 4.37002e+10 1.53503e+10
threshold=1.0000000180025095e-35 3249.8500000000004 1.0000000180025095e-35 855174.75000000012 402.38927738927742
decision_type=2 2 2 2 2
left_child=1 2 3 4 -1
right_child=-2 -3 -4 -5 -6
leaf_value=-240.16892599155562 -1330.1691218463154 1956.0848961446175 914.45767444152636 -1830.5151189719147 810.9439411077667
leaf_weight=96 22 21 33 21 24
leaf_count=96 22 21 33 21 24
internal_value=5.55675 183.094 -75.1934 -328.117 -8.04449
internal_weight=217 195 174 141 120
internal_count=217 195 174 141 120
is_linear=0
shrinkage=0.04


Tree=145
num_leaves=7
num_cat=0
split_feature=1 0 0 1 1 0
split_gain=3.40947e+10 9.90692e+10 2.55185e+10 1.72975e+10 3.9336e+10 2.17597e+10
threshold=1105760.3000000003 3112.5000000000005 2381.3350000000005 659677.69736842124 714897.0238095239 1221.2500000000002
decision_type=2 2 2 2 2 2
left_child=1 2 3 5 -5 -1
right_child=-2 -3 -4 4 -6 -7
leaf_value=228.96841774037793 1352.3410881839734 -2554.6167524401621 1209.6576464386378 1685.2789009712553 -203.32340656471447 -1128.296219724808
leaf_weight=33 22 20 26 20 60 36
leaf_count=33 22 20 26 20 60 36
internal_value=5.56453 -173.695 156.136 -58.0369 333.984 -505.112
internal_weight=217 195 175 149 80 69
internal_count=217 195 175 149 80 69
is_linear=0
shrinkage=0.04


Tree=146
num_leaves=9
num_cat=0
split_feature=3 1 0 0 1 0 2 1
split_gain=3.21394e+10 7.83004e+10 4.21253e+10 4.34949e+10 5.40331e+10 2.60747e+10 1.20215e+10 8.6477e+09
threshold=689.23706293706311 855174.75000000012 1913.0000000000002 1076.5000000000002 659677.69736842124 2452.0000000000005 22386.445000000003 697870.61403508787
decision_type=2 2 2 2 2 2 2 2
left_child=1 2 3 6 -5 7 -1 -2
right_child=5 -3 -4 4 -6 -7 -8 -9
leaf_value=149.44760823395339 403.90749629742669 2305.7135423881082 -1122.1908625131466 -238.67229507305464 2304.4498104790187 -1756.4018591161623 -1099.4449647722754 -601.6038424170896
leaf_weight=22 22 22 38 23 25 20 21 24
leaf_count=22 22 22 38 23 25 20 21 24
internal_value=5.82567 326.886 -77.5125 391.327 1170.56 -702.481 -507.231 -127.624
internal_weight=217 151 129 91 48 66 43 46
internal_count=217 151 129 91 48 66 43 46
is_linear=0
shrinkage=0.04


Tree=147
num_leaves=8
num_cat=0
split_feature=5 1 1 0 3 3 5
split_gain=3.32716e+10 1.18791e+11 6.478e+10 4.96473e+10 1.37376e+10 5.65625e+09 5.28015e+09
threshold=1.5000000000000002 855174.75000000012 732355.23214285728 2102.8500000000004 443.50795755968176 254.57400932400938 1.0000000180025095e-35
decision_type=2 2 2 2 2 2 2
left_child=3 2 -2 4 5 -1 -6
right_child=1 -3 -4 -5 6 -7 -8
leaf_value=-23.531687861488631 718.45258022489895 2914.3345448819496 -1724.3547783231579 -1975.0151103056271 -45.776353164371095 -875.71477797357488 651.50345873951574
leaf_weight=22 38 21 25 21 30 25 35
leaf_count=22 38 21 25 21 30 25 35
internal_value=5.87566 610.555 -301.672 -383.575 -19.8558 -514.036 347.706
internal_weight=217 84 63 133 112 47 65
internal_count=217 84 63 133 112 47 65
is_linear=0
shrinkage=0.04


Tree=148
num_leaves=8
num_cat=0
split_feature=5 1 1 0 3 3 5
split_gain=3.11088e+10 1.11148e+11 6.03977e+10 4.64191e+10 1.28064e+10 5.27953e+09 4.91336e+09
threshold=1.5000000000000002 855174.75000000012 732355.23214285728 2102.8500000000004 443.50795755968176 254.57400932400938 1.0000000180025095e-35
decision_type=2 2 2 2 2 2 2
left_child=3 2 -2 4 5 -1 -6
right_child=1 -3 -4 -5 6 -7 -8
leaf_value=-22.751436130361672 692.78184875628358 2818.4856307583773 -1665.9825334720674 -1910.0593795226123 -44.186024173495788 -846.0704278262948 628.43592278693836
leaf_weight=22 38 21 25 21 30 25 35
leaf_count=22 38 21 25 21 30 25 35
internal_value=5.34538 590.047 -292.31 -371.228 -19.519 -496.643 335.38
internal_weight=217 84 63 133 112 47 65
internal_count=217 84 63 133 112 47 65
is_linear=0
shrinkage=0.04


Tree=149
num_leaves=7
num_cat=0
split_feature=3 2 2 0 10 1
split_gain=3.16411e+10 7.05808e+10 2.58313e+10 1.51358e+10 4.20377e+10 1.38227e+10
threshold=689.23706293706311 41923.490000000013 48724.750000000007 787.50000000000011 1.0000000180025095e-35 606448.75000000012
decision_type=2 2 2 2 2 2
left_child=1 3 -2 -1 5 -5
right_child=2 -3 -4 4 -6 -7
leaf_value=-1039.6197019679241 -1338.9534796508606 1759.4616246287219 190.47413079987305 267.31118643357797 1425.5382919878623 -822.29981413139819
leaf_weight=21 37 36 29 27 22 45
leaf_count=21 37 36 29 27 22 45
internal_value=4.84517 323.425 -697.929 -175.873 56.105 -422.078
internal_weight=217 151 66 115 94 72
internal_count=217 151 66 115 94 72
is_linear=0
shrinkage=0.04


Tree=150
num_leaves=9
num_cat=0
split_feature=2 2 1 4 9 0 3 0
split_gain=3.17919e+10 1.02848e+11 3.87857e+10 1.40998e+10 3.0971e+10 1.12401e+10 7.23006e+09 3.42549e+09
threshold=42300.020000000011 40812.810000000005 829324.87500000012 100.78580901856766 1.0000000180025095e-35 1188.5000000000002 963.00000000000011 1661.0000000000002
decision_type=2 2 2 2 2 2 2 2
left_child=1 3 6 4 -1 -5 -2 -7
right_child=2 -3 -4 5 -6 7 -8 -9
leaf_value=1002.0744545387846 501.99708183367227 2693.7364807844087 -1992.9465333901035 -1193.8789851102429 -682.6554104125247 -412.45499001771628 -450.50912631220035 192.44135459739442
leaf_weight=37 20 20 20 20 26 28 22 24
leaf_count=37 20 20 20 20 26 28 22 24
internal_value=5.01367 311.246 -729.564 -117.884 307.638 -486.379 7.78954 -140.238
internal_weight=217 155 62 135 63 72 42 52
internal_count=217 155 62 135 63 72 42 52
is_linear=0
shrinkage=0.04


Tree=151
num_leaves=8
num_cat=0
split_feature=7 0 11 1 5 5 0
split_gain=3.02625e+10 5.29236e+10 2.81548e+10 7.16559e+10 9.36029e+10 2.73184e+10 6.6342e+09
threshold=1.0000000180025095e-35 3249.8500000000004 1.0000000180025095e-35 659677.69736842124 1.5000000000000002 1.5000000000000002 1661.0000000000002
decision_type=2 2 2 2 2 2 2
left_child=1 2 3 -1 -5 6 -4
right_child=-2 -3 5 4 -6 -7 -8
leaf_value=-895.15625205300023 -1264.496297399844 1873.7887292921885 -304.43284416138255 -183.65297275855485 3200.6436465670199 -1296.4071823305412 513.31089593358161
leaf_weight=33 22 21 33 27 20 38 23
leaf_count=33 22 21 33 27 20 38 23
internal_value=4.53256 173.221 -74.4541 463.074 1411.57 -532.183 44.7354
internal_weight=217 195 174 80 47 94 56
internal_count=217 195 174 80 47 94 56
is_linear=0
shrinkage=0.04


Tree=152
num_leaves=9
num_cat=0
split_feature=2 2 1 4 9 0 3 1
split_gain=3.14602e+10 9.55578e+10 3.75692e+10 1.34868e+10 2.77875e+10 9.95565e+09 6.8327e+09 3.04948e+09
threshold=42300.020000000011 40812.810000000005 829324.87500000012 100.78580901856766 1.0000000180025095e-35 1188.5000000000002 963.00000000000011 763097.37500000012
decision_type=2 2 2 2 2 2 2 2
left_child=1 3 6 4 -1 -5 -2 -7
right_child=2 -3 -4 5 -6 7 -8 -9
leaf_value=968.92263203368179 482.31444857152303 2606.742912125053 -1968.4602241999901 -1130.330995748137 -627.81636724077964 -385.89477859857595 -443.63756399836456 186.75013427088226
leaf_weight=37 20 20 20 20 26 29 22 23
leaf_count=37 20 20 20 20 26 29 22 23
internal_value=5.69876 310.316 -725.052 -103.649 312.046 -464.315 1.32962 -137.953
internal_weight=217 155 62 135 63 72 42 52
internal_count=217 155 62 135 63 72 42 52
is_linear=0
shrinkage=0.04


Tree=153
num_leaves=7
num_cat=0
split_feature=2 2 11 0 10 0
split_gain=2.941e+10 8.94655e+10 3.65933e+10 1.29619e+10 3.1465e+10 1.28664e+10
threshold=42300.020000000011 40812.810000000005 1.0000000180025095e-35 787.50000000000011 1.0000000180025095e-35 1303.0000000000002
decision_type=2 2 2 2 2 2
left_child=1 3 -2 -1 5 -5
right_child=2 -3 -4 4 -6 -7
leaf_value=-861.78872207168968 100.02201544299155 2521.7657812232924 -1784.1604643319306 357.4445876989713 1196.7867509665043 -627.80622496390163
leaf_weight=24 38 20 24 29 26 56
leaf_count=24 38 20 24 29 26 56
internal_value=5.2155 299.745 -701.317 -100.79 91.1522 -290.582
internal_weight=217 155 62 135 111 85
internal_count=217 155 62 135 111 85
is_linear=0
shrinkage=0.04


Tree=154
num_leaves=8
num_cat=0
split_feature=7 0 11 1 0 1 0
split_gain=2.8619e+10 4.75484e+10 2.59847e+10 6.70476e+10 9.46445e+10 2.80837e+10 6.75362e+10
threshold=1.0000000180025095e-35 3249.8500000000004 1.0000000180025095e-35 659677.69736842124 1490.2500000000002 659677.69736842124 1870.0000000000002
decision_type=2 2 2 2 2 2 2
left_child=1 2 3 -1 -5 -4 -7
right_child=-2 -3 5 4 -6 6 -8
leaf_value=-862.98101870114726 -1228.3699770740359 1781.622967839005 347.31389223601604 -283.33072518347961 3100.339728857773 196.87752386275753 -2411.4208776248015
leaf_weight=33 22 21 36 26 21 33 25
leaf_count=33 22 21 36 26 21 33 25
internal_value=5.74657 169.764 -65.1335 451.082 1368.47 -505.007 -1020.84
internal_weight=217 195 174 80 47 94 58
internal_count=217 195 174 80 47 94 58
is_linear=0
shrinkage=0.04


Tree=155
num_leaves=8
num_cat=0
split_feature=3 2 0 0 3 1 3
split_gain=2.99397e+10 4.64915e+10 6.42393e+10 2.60847e+10 2.12083e+10 2.65966e+10 1.95778e+10
threshold=1061.0000000000002 41923.490000000013 2532.0000000000005 1913.0000000000002 382.10839160839163 659677.69736842124 254.57400932400938
decision_type=2 2 2 2 2 2 2
left_child=1 3 -3 4 6 -6 -1
right_child=-2 2 -4 -5 5 -7 -8
leaf_value=203.32443176387918 -1096.9576867292221 -424.71042219052413 2282.403208708532 -1377.6845799957573 -226.56356615022958 1282.4818164944695 -1296.9597091321107
leaf_weight=26 29 22 29 20 37 31 23
leaf_count=26 29 22 29 20 37 31 23
internal_value=6.04145 198.042 1175.38 -191.818 54.7898 498.598 -551.16
internal_weight=217 188 51 137 117 68 49
internal_count=217 188 51 137 117 68 49
is_linear=0
shrinkage=0.04


Tree=156
num_leaves=9
num_cat=0
split_feature=2 2 1 4 9 0 1 3
split_gain=2.8821e+10 8.13675e+10 3.71026e+10 1.24193e+10 2.49858e+10 1.0067e+10 8.08693e+09 6.34194e+09
threshold=42300.020000000011 40812.810000000005 829324.87500000012 100.78580901856766 1.0000000180025095e-35 1661.0000000000002 697870.61403508787 963.00000000000011
decision_type=2 2 2 2 2 2 2 2
left_child=1 3 7 4 -1 6 -5 -2
right_child=2 -3 -4 5 -6 -7 -8 -9
leaf_value=935.01912156850142 486.46805881650863 2415.8253849798339 -1929.8567299041342 -1220.4879691199719 -579.90950903219323 211.82056433883639 -185.94645241046985 -405.72543355928582
leaf_weight=37 20 20 20 23 26 24 25 22
leaf_count=37 20 20 20 23 26 24 25 22
internal_value=5.26307 296.827 -694.161 -85.495 312.856 -431.934 -744.3 25.1399
internal_weight=217 155 62 135 63 72 48 42
internal_count=217 155 62 135 63 72 48 42
is_linear=0
shrinkage=0.04


Tree=157
num_leaves=9
num_cat=0
split_feature=3 1 0 0 1 0 2 1
split_gain=2.74097e+10 5.57943e+10 3.96286e+10 3.58494e+10 4.78821e+10 2.76657e+10 1.18921e+10 8.64424e+09
threshold=689.23706293706311 855174.75000000012 1913.0000000000002 1076.5000000000002 659677.69736842124 2452.0000000000005 22386.445000000003 697870.61403508787
decision_type=2 2 2 2 2 2 2 2
left_child=1 2 3 6 -5 7 -1 -2
right_child=5 -3 -4 4 -6 -7 -8 -9
leaf_value=232.00609645735398 461.04237775555231 1971.6233970720023 -1055.1084665327332 -210.41423954510418 2185.8653241851653 -1734.0703233437764 -998.70721330313086 -542.43398823467578
leaf_weight=22 22 22 38 23 25 20 21 24
leaf_count=22 22 22 38 23 25 20 21 24
internal_value=4.82892 301.337 -40.8722 412.672 1118.69 -649.275 -407.021 -64.2068
internal_weight=217 151 129 91 48 66 43 46
internal_count=217 151 129 91 48 66 43 46
is_linear=0
shrinkage=0.04


Tree=158
num_leaves=8
num_cat=0
split_feature=7 0 11 1 0 1 0
split_gain=2.6357e+10 4.19552e+10 2.58859e+10 6.19977e+10 9.2202e+10 2.92002e+10 6.19737e+10
threshold=1.0000000180025095e-35 3249.8500000000004 1.0000000180025095e-35 659677.69736842124 1490.2500000000002 659677.69736842124 1870.0000000000002
decision_type=2 2 2 2 2 2 2
left_child=1 2 3 -1 -5 -4 -7
right_child=-2 -3 5 4 -6 6 -8
leaf_value=-808.68586635417046 -1179.4379079299408 1676.3778051253094 370.06317212640118 -290.59716459598758 3047.595730547228 147.77366482771379 -2355.5182091402016
leaf_weight=33 22 21 36 26 21 33 25
leaf_count=33 22 21 36 26 21 33 25
internal_value=4.88974 162.304 -58.415 456.632 1338.02 -497.596 -1023.91
internal_weight=217 195 174 80 47 94 58
internal_count=217 195 174 80 47 94 58
is_linear=0
shrinkage=0.04


Tree=159
num_leaves=8
num_cat=0
split_feature=3 2 0 0 10 1 4
split_gain=2.7222e+10 5.30672e+10 2.75566e+10 1.29935e+10 3.62232e+10 1.44902e+10 8.8397e+09
threshold=689.23706293706311 41923.490000000013 2452.0000000000005 787.50000000000011 1.0000000180025095e-35 606448.75000000012 212.43006993006995
decision_type=2 2 2 2 2 2 2
left_child=1 3 6 -1 5 -5 -2
right_child=2 -3 -4 4 -6 -7 -8
leaf_value=-933.60867714582753 396.79778242275125 1545.671073883693 -1729.3211979439293 334.23291600556337 1350.7988921444671 -775.99483837330479 -623.32274499187838
leaf_weight=21 26 36 20 27 22 45 20
leaf_count=21 26 36 20 27 22 45 20
internal_value=5.19227 300.676 -646.676 -132.969 80.6746 -364.53 -62.8857
internal_weight=217 151 66 115 94 72 46
internal_count=217 151 66 115 94 72 46
is_linear=0
shrinkage=0.04


Tree=160
num_leaves=8
num_cat=0
split_feature=2 5 1 0 4 0 3
split_gain=2.60004e+10 7.57083e+10 3.49668e+10 2.22733e+10 1.37631e+10 1.10256e+10 5.79208e+09
threshold=42300.020000000011 1.5000000000000002 829324.87500000012 1913.0000000000002 235.5140186915888 1168.0000000000002 963.00000000000011
decision_type=2 2 2 2 2 2 2
left_child=1 3 6 4 5 -1 -2
right_child=2 -3 -4 -5 -6 -7 -8
leaf_value=116.75489872074664 477.02656012861479 1800.8547436732031 -1859.3287992429084 -1291.0815800415262 754.15682520876351 -863.31896550662896 -375.76699264950804
leaf_weight=49 20 35 20 20 27 24 22
leaf_count=49 20 35 20 20 27 24 22
internal_value=4.62814 281.565 -659.683 -211.063 51.6358 -237.147 37.2458
internal_weight=217 155 62 120 100 73 42
internal_count=217 155 62 120 100 73 42
is_linear=0
shrinkage=0.04


Tree=161
num_leaves=8
num_cat=0
split_feature=7 0 11 1 5 5 0
split_gain=2.47397e+10 3.90597e+10 2.53543e+10 5.91864e+10 9.03752e+10 2.746e+10 7.49939e+09
threshold=1.0000000180025095e-35 3249.8500000000004 1.0000000180025095e-35 659677.69736842124 1.5000000000000002 1.5000000000000002 1661.0000000000002
decision_type=2 2 2 2 2 2 2
left_child=1 2 3 -1 -5 6 -4
right_child=-2 -3 5 4 -6 -7 -8
leaf_value=-784.07508101357053 -1143.9643146840451 1616.8585158201804 -290.30949121557285 -243.91839145065433 3072.4983980336988 -1258.0723990501176 579.8496448399161
leaf_weight=33 22 21 33 27 20 38 23
leaf_count=33 22 21 33 27 20 38 23
internal_value=3.42585 155.961 -56.9904 452.718 1313.68 -491.657 83.7624
internal_weight=217 195 174 80 47 94 56
internal_count=217 195 174 80 47 94 56
is_linear=0
shrinkage=0.04


Tree=162
num_leaves=9
num_cat=0
split_feature=2 1 2 1 1 0 2 2
split_gain=2.57045e+10 7.26986e+10 9.84229e+10 6.34139e+10 3.52922e+10 3.4681e+10 3.30468e+10 1.05451e+08
threshold=42300.020000000011 763097.37500000012 36944.270000000011 732355.23214285728 483894.81907894742 2743.0000000000005 26733.170000000002 49520.505000000005
decision_type=2 2 2 2 2 2 2 2
left_child=1 3 -3 4 -1 7 -6 -2
right_child=5 2 -4 -5 6 -7 -8 -9
leaf_value=-943.11931537884664 134.75819508450891 -212.60827137134805 3215.5990572796909 -2103.8611275195399 -348.08789482699899 -1777.3583013891034 1438.3035901795104 8.8504865824598582
leaf_weight=26 20 26 22 20 26 22 35 20
leaf_count=26 20 26 22 20 26 22 35 20
internal_value=4.55864 279.916 1500.76 -306.552 190.485 -655.96 705.526 79.1244
internal_weight=217 155 48 107 87 62 61 40
internal_count=217 155 48 107 87 62 61 40
is_linear=0
shrinkage=0.04


Tree=163
num_leaves=9
num_cat=0
split_feature=3 1 0 0 1 0 2 1
split_gain=2.44453e+10 4.79511e+10 3.6545e+10 2.96599e+10 4.24262e+10 2.4567e+10 1.17473e+10 8.56322e+09
threshold=689.23706293706311 855174.75000000012 1913.0000000000002 1076.5000000000002 659677.69736842124 2452.0000000000005 22386.445000000003 697870.61403508787
decision_type=2 2 2 2 2 2 2 2
left_child=1 2 3 6 -5 7 -1 -2
right_child=5 -3 -4 4 -6 -7 -8 -9
leaf_value=281.56360701318994 460.33543036318514 1832.3516567531069 -1007.6256914097266 -206.19395199020147 2048.1320124234876 -1636.0667944572704 -935.86198511787279 -538.39679033679784
leaf_weight=22 22 22 38 23 25 20 21 24
leaf_count=22 22 22 38 23 25 20 21 24
internal_value=3.89461 283.923 -33.4749 401.869 1043.47 -613.813 -345.592 -62.2982
internal_weight=217 151 129 91 48 66 43 46
internal_count=217 151 129 91 48 66 43 46
is_linear=0
shrinkage=0.04


Tree=164
num_leaves=8
num_cat=0
split_feature=3 2 0 0 3 3 3
split_gain=2.30479e+10 4.02932e+10 5.67339e+10 2.12336e+10 1.80026e+10 2.03275e+10 1.8407e+10
threshold=1061.0000000000002 41923.490000000013 2532.0000000000005 1913.0000000000002 397.60591900311528 450.90848806366051 254.57400932400938
decision_type=2 2 2 2 2 2 2
left_child=1 3 -3 4 6 -6 -1
right_child=-2 2 -4 -5 5 -7 -8
leaf_value=245.28102004705366 -963.74922513165325 -418.07043592840864 2123.2956646632088 -1259.976290985989 1360.6168589576432 -52.89222368602568 -1167.8738805522999
leaf_weight=26 29 22 29 20 21 44 26
leaf_count=26 29 22 29 20 21 44 26
internal_value=3.98334 172.469 1082.47 -190.148 32.9687 462.803 -498.342
internal_weight=217 188 51 137 117 65 52
internal_count=217 188 51 137 117 65 52
is_linear=0
shrinkage=0.04


Tree=165
num_leaves=6
num_cat=0
split_feature=7 0 10 1 4
split_gain=2.23473e+10 3.56207e+10 2.56574e+10 5.22011e+10 1.2813e+10
threshold=1.0000000180025095e-35 3249.8500000000004 1.0000000180025095e-35 855174.75000000012 402.38927738927742
decision_type=2 2 2 2 2
left_child=1 2 3 4 -1
right_child=-2 -3 -4 -5 -6
leaf_value=-160.64831503609244 -1086.7964104880825 1543.7838991056826 879.19290773977423 -1936.0205399378617 799.96154733109711
leaf_weight=96 22 21 33 21 24
leaf_count=96 22 21 33 21 24
internal_value=3.71466 148.678 -54.6767 -293.853 53.635
internal_weight=217 195 174 141 120
internal_count=217 195 174 141 120
is_linear=0
shrinkage=0.04


Tree=166
num_leaves=7
num_cat=0
split_feature=2 5 11 0 4 0
split_gain=2.19574e+10 6.67451e+10 3.53243e+10 2.01173e+10 1.00651e+10 1.112e+10
threshold=42300.020000000011 1.5000000000000002 1.0000000180025095e-35 1913.0000000000002 235.5140186915888 1168.0000000000002
decision_type=2 2 2 2 2 2
left_child=1 3 -2 4 5 -1
right_child=2 -3 -4 -5 -6 -7
leaf_value=151.28069913868526 172.3236523322374 1684.7070317149005 -1671.7275011895763 -1230.6280762178892 646.30180472623613 -831.08834955387829
leaf_weight=49 38 35 24 20 27 24
leaf_count=49 38 35 24 20 27 24
internal_value=3.59844 258.108 -606.869 -204.237 45.5769 -201.445
internal_weight=217 155 62 120 100 73
internal_count=217 155 62 120 100 73
is_linear=0
shrinkage=0.04


Tree=167
num_leaves=9
num_cat=0
split_feature=3 1 1 0 1 2 0 1
split_gain=2.12666e+10 5.98724e+10 2.81654e+10 7.07568e+10 4.77532e+10 3.64148e+10 2.61211e+10 1.23372e+10
threshold=550.02336448598146 855174.75000000012 732355.23214285728 1725.0000000000002 483894.81907894742 27598.525000000005 2452.0000000000005 697870.61403508787
decision_type=2 2 2 2 2 2 2 2
left_child=1 2 4 -4 -1 -6 7 -2
right_child=6 -3 3 -5 5 -7 -8 -9
leaf_value=-1001.4402505959363 480.9521409803923 2097.3811343383604 643.25210707394558 -2348.2323145942264 -157.70223382854371 1880.0330323509622 -1570.170809093117 -606.02164544844209
leaf_weight=23 31 20 23 20 23 29 21 27
leaf_count=23 31 20 23 20 23 29 21 27
internal_value=2.57004 299.518 -71.63 -839.525 391.422 1038.44 -504.236 -32.3144
internal_weight=217 138 118 43 75 52 79 58
internal_count=217 138 118 43 75 52 79 58
is_linear=0
shrinkage=0.04


Tree=168
num_leaves=7
num_cat=0
split_feature=7 1 1 1 0 0
split_gain=2.10271e+10 3.48232e+10 2.05641e+10 3.4636e+10 2.61091e+10 2.26285e+10
threshold=1.0000000180025095e-35 1105760.3000000003 483894.81907894742 697870.61403508787 2635.5000000000005 1188.5000000000002
decision_type=2 2 2 2 2 2
left_child=1 2 -1 5 -5 -4
right_child=-2 -3 3 4 -6 -7
leaf_value=-1019.716572280112 -1055.7855870379744 1553.8979418224119 -160.89116059662354 95.047712872263602 -1310.397683298404 1425.2718751044124
leaf_weight=25 22 20 21 67 26 36
leaf_count=25 22 20 21 67 26 36
internal_value=1.99013 142.638 -53.8682 132.338 -340.582 872.142
internal_weight=217 195 175 150 93 57
internal_count=217 195 175 150 93 57
is_linear=0
shrinkage=0.04


Tree=169
num_leaves=9
num_cat=0
split_feature=3 1 1 0 1 2 0 1
split_gain=2.02365e+10 5.45699e+10 2.60611e+10 6.51523e+10 4.25414e+10 3.32595e+10 2.35838e+10 1.13546e+10
threshold=550.02336448598146 855174.75000000012 732355.23214285728 1725.0000000000002 483894.81907894742 27598.525000000005 2452.0000000000005 697870.61403508787
decision_type=2 2 2 2 2 2 2 2
left_child=1 2 4 -4 -1 -6 7 -2
right_child=6 -3 3 -5 5 -7 -8 -9
leaf_value=-933.81843905039318 449.895486687426 2007.5849088620616 620.26057905567939 -2249.9970123688763 -151.0021771515699 1796.4024217552221 -1505.7409600338672 -593.00663516207032
leaf_weight=23 31 20 23 20 23 29 21 27
leaf_count=23 31 20 23 20 23 29 21 27
internal_value=1.52307 291.21 -63.3111 -802.135 381.891 992.097 -492.836 -43.3996
internal_weight=217 138 118 43 75 52 79 58
internal_count=217 138 118 43 75 52 79 58
is_linear=0
shrinkage=0.04


Tree=170
num_leaves=8
num_cat=0
split_feature=7 0 11 1 0 1 5
split_gain=1.96012e+10 3.58297e+10 2.47519e+10 5.74969e+10 9.0031e+10 2.63775e+10 5.76746e+10
threshold=1.0000000180025095e-35 3249.8500000000004 1.0000000180025095e-35 659677.69736842124 1490.2500000000002 659677.69736842124 1.5000000000000002
decision_type=2 2 2 2 2 2 2
left_child=1 2 3 -1 -5 -4 -7
right_child=-2 -3 5 4 -6 6 -8
leaf_value=-781.2410784338166 -1020.2590973621699 1536.0923372883549 330.50846247620154 -318.47681749772727 2975.8850914027862 41.877057333487009 -2410.6468698070044
leaf_weight=33 22 21 36 26 21 36 22
leaf_count=33 22 21 36 26 21 36 22
internal_value=1.00356 136.818 -66.8315 437.083 1285.97 -496.073 -995.871
internal_weight=217 195 174 80 47 94 58
internal_count=217 195 174 80 47 94 58
is_linear=0
shrinkage=0.04


Tree=171
num_leaves=8
num_cat=0
split_feature=3 2 0 0 3 3 3
split_gain=2.06182e+10 3.97877e+10 4.90832e+10 1.77841e+10 1.67993e+10 1.74797e+10 1.69921e+10
threshold=1061.0000000000002 41923.490000000013 2532.0000000000005 1913.0000000000002 397.60591900311528 254.57400932400938 450.90848806366051
decision_type=2 2 2 2 2 2 2
left_child=1 3 -3 4 5 -1 -6
right_child=-2 2 -4 -5 6 -7 -8
leaf_value=220.71443041845441 -913.99843924863217 -339.06247963795352 2031.964264714564 -1178.3914756245708 1242.7343581563234 -1158.4560694810807 -49.508892774820424
leaf_weight=26 29 22 29 20 21 26 44
leaf_count=26 29 22 29 20 21 26 44
internal_value=1.25339 160.661 1065.07 -199.382 5.7414 -506.525 421.869
internal_weight=217 188 51 137 117 52 65
internal_count=217 188 51 137 117 52 65
is_linear=0
shrinkage=0.04


Tree=172
num_leaves=8
num_cat=0
split_feature=3 2 0 0 3 3 3
split_gain=1.92114e+10 3.70756e+10 4.58219e+10 1.66538e+10 1.56959e+10 1.63095e+10 1.58881e+10
threshold=1061.0000000000002 41923.490000000013 2785.5000000000005 1913.0000000000002 397.60591900311528 254.57400932400938 450.90848806366051
decision_type=2 2 2 2 2 2 2
left_child=1 3 -3 4 5 -1 -6
right_child=-2 2 -4 -5 6 -7 -8
leaf_value=213.19848797047925 -882.38791641961984 -206.36842734761765 2069.1116512048939 -1139.9771484024402 1201.8624726389039 -1119.0071934799462 -47.713793377859702
leaf_weight=26 29 25 26 20 21 26 44
leaf_count=26 29 25 26 20 21 26 44
internal_value=1.08521 154.961 1028 -192.591 5.89355 -489.276 408.111
internal_weight=217 188 51 137 117 52 65
internal_count=217 188 51 137 117 52 65
is_linear=0
shrinkage=0.04


Tree=173
num_leaves=8
num_cat=0
split_feature=2 2 0 4 9 0 1
split_gain=1.86374e+10 6.04857e+10 3.48978e+10 1.31373e+10 1.81377e+10 1.03339e+10 5.96611e+09
threshold=42300.020000000011 40812.810000000005 2743.0000000000005 100.78580901856766 1.0000000180025095e-35 1661.0000000000002 697870.61403508787
decision_type=2 2 2 2 2 2 2
left_child=1 3 -2 4 -1 6 -5
right_child=2 -3 -4 5 -6 -7 -8
leaf_value=844.65319997597078 166.90577229142292 2062.7535089655044 -1687.2607336711155 -1179.6781593077765 -448.80780547027069 204.1801643789714 -262.22786985975301
leaf_weight=37 40 20 22 23 26 24 25
leaf_count=37 40 20 22 23 26 24 25
internal_value=1.11453 235.638 -561.265 -93.3599 316.558 -449.54 -765.797
internal_weight=217 155 62 135 63 72 48
internal_count=217 155 62 135 63 72 48
is_linear=0
shrinkage=0.04


Tree=174
num_leaves=6
num_cat=0
split_feature=7 0 10 1 4
split_gain=1.793e+10 3.00877e+10 2.52438e+10 5.32779e+10 1.29843e+10
threshold=1.0000000180025095e-35 3249.8500000000004 1.0000000180025095e-35 855174.75000000012 147.40186915887855
decision_type=2 2 2 2 2
left_child=1 2 3 4 -1
right_child=-2 -3 -4 -5 -6
leaf_value=-406.12517069587352 -975.92949669048051 1412.9446797870551 870.34025325762036 -1952.2613132953552 404.43302532131554
leaf_weight=51 22 21 33 21 69
leaf_count=51 22 21 33 21 69
internal_value=0.824419 130.723 -56.0269 -293.226 57.6985
internal_weight=217 195 174 141 120
internal_count=217 195 174 141 120
is_linear=0
shrinkage=0.04


Tree=175
num_leaves=8
num_cat=0
split_feature=3 1 0 1 0 2 1
split_gain=1.75979e+10 4.91422e+10 2.65434e+10 3.12658e+10 2.39141e+10 1.28217e+10 1.0222e+10
threshold=550.02336448598146 855174.75000000012 2635.5000000000005 483894.81907894742 2452.0000000000005 27598.525000000005 697870.61403508787
decision_type=2 2 2 2 2 2 2
left_child=1 2 3 -1 6 -5 -2
right_child=4 -3 -4 5 -6 -7 -8
leaf_value=-1013.6867341892997 455.11573541124278 1899.243879506857 -1245.389422424832 62.115933782530732 -1480.5771028601414 1073.9478730855603 -534.20271593475513
leaf_weight=21 31 20 20 39 21 38 27
leaf_count=21 31 20 20 39 21 38 27
internal_value=0.261358 270.427 -65.7895 219.433 -460.721 593.459 -10.7769
internal_weight=217 138 118 98 79 77 58
internal_count=217 138 118 98 79 77 58
is_linear=0
shrinkage=0.04


Tree=176
num_leaves=6
num_cat=0
split_feature=7 1 0 1 1
split_gain=1.68038e+10 2.97455e+10 1.78791e+10 1.76822e+10 2.74602e+10
threshold=1.0000000180025095e-35 1105760.3000000003 3047.5000000000005 483894.81907894742 697870.61403508787
decision_type=2 2 2 2 2
left_child=1 2 3 -1 -5
right_child=-2 -3 -4 4 -6
leaf_value=-804.38585183969735 -945.94828002439374 1429.7455856370832 -1037.0888953120029 945.2060248469636 -198.09699213476566
leaf_weight=24 22 20 21 54 76
leaf_count=24 22 20 21 54 76
internal_value=-0.391388 125.385 -56.0737 103.572 292.686
internal_weight=217 195 175 154 130
internal_count=217 195 175 154 130
is_linear=0
shrinkage=0.04


Tree=177
num_leaves=9
num_cat=0
split_feature=3 1 1 0 1 2 0 1
split_gain=1.66436e+10 4.48741e+10 2.59607e+10 6.07518e+10 3.47598e+10 2.89838e+10 2.15687e+10 9.14913e+09
threshold=550.02336448598146 855174.75000000012 732355.23214285728 1725.0000000000002 483894.81907894742 27598.525000000005 2452.0000000000005 697870.61403508787
decision_type=2 2 2 2 2 2 2 2
left_child=1 2 4 -4 -1 -6 7 -2
right_child=6 -3 3 -5 5 -7 -8 -9
leaf_value=-808.04845590243963 420.52085332210095 1818.3406450063931 579.40046454053004 -2194.2654063339237 -133.65520469115776 1685.4968037147109 -1417.7407506868535 -515.48855831328103
leaf_weight=23 31 20 23 20 23 29 21 27
leaf_count=23 31 20 23 20 23 29 21 27
internal_value=-0.876281 261.884 -59.5241 -797.037 384.678 934.756 -449.162 -20.9985
internal_weight=217 138 118 43 75 52 79 58
internal_count=217 138 118 43 75 52 79 58
is_linear=0
shrinkage=0.04


Tree=178
num_leaves=8
num_cat=0
split_feature=5 4 0 0 3 3 5
split_gain=1.68324e+10 8.08567e+10 7.62908e+10 2.83239e+10 8.01958e+09 4.6822e+09 2.23176e+09
threshold=1.5000000000000002 173.03671328671331 2381.3350000000005 2102.8500000000004 443.50795755968176 297.75664989216398 1.0000000180025095e-35
decision_type=2 2 2 2 2 2 2
left_child=3 -2 -3 4 5 -1 -6
right_child=1 2 -4 -5 6 -7 -8
leaf_value=-15.758471471417238 1912.6422156995993 -2010.4643517191582 816.26688092034226 -1480.2266445355267 14.144273297294353 -781.84511564199056 473.88324998157856
leaf_weight=27 31 24 29 21 30 20 35
leaf_count=27 31 24 29 21 30 20 35
internal_value=-1.30481 428.896 -521.403 -278.2 -3.92841 -381.913 276.474
internal_weight=217 84 53 133 112 47 65
internal_count=217 84 53 133 112 47 65
is_linear=0
shrinkage=0.04


Tree=179
num_leaves=8
num_cat=0
split_feature=3 0 0 10 0 1 0
split_gain=1.59225e+10 4.27273e+10 2.03416e+10 1.83294e+10 1.64976e+10 8.6507e+09 7.27992e+09
threshold=550.02336448598146 2381.3350000000005 2452.0000000000005 1.0000000180025095e-35 1303.0000000000002 697870.61403508787 1661.0000000000002
decision_type=2 2 2 2 2 2 2
left_child=1 3 5 4 -1 -2 -6
right_child=2 -3 -4 -5 6 -7 -8
leaf_value=184.55550287166207 405.1643592327174 1335.9946735855699 -1381.2056378177035 767.26137303182452 -1353.873125468546 -505.0172370153328 -290.43491097984457
leaf_weight=35 31 37 21 21 24 27 21
leaf_count=35 31 37 21 21 24 27 21
internal_value=-2.13097 254.9 -440.572 -181.584 -458.488 -24.4444 -929.708
internal_weight=217 138 79 101 80 58 45
internal_count=217 138 79 101 80 58 45
is_linear=0
shrinkage=0.04


Tree=180
num_leaves=8
num_cat=0
split_feature=7 0 11 1 5 1 5
split_gain=1.56612e+10 2.95323e+10 2.40076e+10 5.63184e+10 8.84035e+10 2.56097e+10 5.62709e+10
threshold=1.0000000180025095e-35 3249.8500000000004 1.0000000180025095e-35 659677.69736842124 1.5000000000000002 659677.69736842124 1.5000000000000002
decision_type=2 2 2 2 2 2 2
left_child=1 2 3 -1 -5 -4 -7
right_child=-2 -3 5 4 -6 6 -8
leaf_value=-775.32989190653552 -915.52846600134376 1389.1527449673399 325.70803418953568 -266.20257164126218 3010.4280034008907 43.550576304414321 -2378.6808008007752
leaf_weight=33 22 21 36 27 20 36 22
leaf_count=33 22 21 36 27 20 36 22
internal_value=-2.73238 118.74 -66.0157 430.27 1270.49 -488.75 -981.221
internal_weight=217 195 174 80 47 94 58
internal_count=217 195 174 80 47 94 58
is_linear=0
shrinkage=0.04


Tree=181
num_leaves=8
num_cat=0
split_feature=2 2 11 4 10 0 1
split_gain=1.61036e+10 5.4278e+10 3.12397e+10 1.20808e+10 1.72114e+10 9.17269e+09 5.44155e+09
threshold=42300.020000000011 40812.810000000005 1.0000000180025095e-35 100.78580901856766 1.0000000180025095e-35 1661.0000000000002 697870.61403508787
decision_type=2 2 2 2 2 2 2
left_child=1 3 -2 4 -1 6 -5
right_child=2 -3 -4 5 -6 -7 -8
leaf_value=-301.59627304895395 203.43510018123146 1946.6784492416998 -1527.1278485014318 -1130.1880948640851 946.03627340580442 180.56823397340546 -253.16383596830067
leaf_weight=34 38 20 24 23 29 24 25
leaf_count=34 38 20 24 23 29 24 25
internal_value=-2.268 215.798 -524.957 -95.6299 297.702 -437.039 -734.76
internal_weight=217 155 62 135 63 72 48
internal_count=217 155 62 135 63 72 48
is_linear=0
shrinkage=0.04


Tree=182
num_leaves=8
num_cat=0
split_feature=3 1 0 1 0 2 1
split_gain=1.58976e+10 3.95107e+10 2.56473e+10 2.57936e+10 2.04322e+10 1.18534e+10 8.42941e+09
threshold=550.02336448598146 855174.75000000012 2635.5000000000005 483894.81907894742 2452.0000000000005 27598.525000000005 697870.61403508787
decision_type=2 2 2 2 2 2 2
left_child=1 2 3 -1 6 -5 -2
right_child=4 -3 -4 5 -6 -7 -8
leaf_value=-889.75963482423015 400.74993817468203 1715.1387140452205 -1207.2264334874756 60.145988867147764 -1382.9464358196935 1033.0739090899697 -497.70885355848731
leaf_weight=21 31 20 20 39 21 38 27
leaf_count=21 31 20 20 39 21 38 27
internal_value=-2.1243 254.706 -47.2067 232.507 -440.223 571.082 -23.2672
internal_weight=217 138 118 98 79 77 58
internal_count=217 138 118 98 79 77 58
is_linear=0
shrinkage=0.04


Tree=183
num_leaves=6
num_cat=0
split_feature=7 0 1 1 3
split_gain=1.52426e+10 2.76914e+10 2.38269e+10 1.48723e+10 1.57564e+10
threshold=1.0000000180025095e-35 3249.8500000000004 855174.75000000012 483894.81907894742 422.33815609677686
decision_type=2 2 2 2 2
left_child=1 2 3 -1 -5
right_child=-2 -3 -4 4 -6
leaf_value=-700.97555413984765 -903.18642121084929 1347.3305686940741 -1144.9405241935156 941.15739860590747 5.0174888142861294
leaf_weight=24 22 21 23 38 89
leaf_count=24 22 21 23 38 89
internal_value=-2.66939 117.168 -61.7894 131.801 307.941
internal_weight=217 195 174 151 127
internal_count=217 195 174 151 127
is_linear=0
shrinkage=0.04


Tree=184
num_leaves=8
num_cat=0
split_feature=5 4 0 0 3 3 0
split_gain=1.4828e+10 7.24643e+10 6.5747e+10 2.71242e+10 7.76297e+09 4.4929e+09 2.03914e+09
threshold=1.5000000000000002 173.03671328671331 2381.3350000000005 2102.8500000000004 443.50795755968176 297.75664989216398 1221.2500000000002
decision_type=2 2 2 2 2 2 2
left_child=3 -2 -3 4 5 -1 -6
right_child=1 2 -4 -5 6 -7 -8
leaf_value=-9.3532568593701555 1805.651176836089 -1880.1201899239038 744.75196330998369 -1439.0843583908445 526.73546373314252 -758.72991715432943 78.982438978902778
leaf_weight=27 31 24 29 21 26 20 39
leaf_count=27 31 24 29 21 26 20 39
internal_value=-2.93614 400.874 -498.437 -262.789 5.24328 -366.987 280.782
internal_weight=217 84 53 133 112 47 65
internal_count=217 84 53 133 112 47 65
is_linear=0
shrinkage=0.04


Tree=185
num_leaves=8
num_cat=0
split_feature=3 0 0 10 0 1 0
split_gain=1.475e+10 3.79163e+10 1.95857e+10 1.65462e+10 1.51666e+10 7.79615e+09 6.62888e+09
threshold=550.02336448598146 2381.3350000000005 2452.0000000000005 1.0000000180025095e-35 1303.0000000000002 697870.61403508787 1661.0000000000002
decision_type=2 2 2 2 2 2 2
left_child=1 3 5 4 -1 -2 -6
right_child=2 -3 -4 -5 6 -7 -8
leaf_value=184.97174566902544 389.73331145257077 1262.2000770717641 -1348.5146426086576 733.69449583687572 -1287.2531375775884 -474.29092722892494 -273.68370427547632
leaf_weight=35 31 37 21 21 24 27 21
leaf_count=35 31 37 21 21 24 27 21
internal_value=-3.58206 243.835 -425.542 -167.482 -430.742 -17.7176 -882.691
internal_weight=217 138 79 101 80 58 45
internal_count=217 138 79 101 80 58 45
is_linear=0
shrinkage=0.04


Tree=186
num_leaves=6
num_cat=0
split_feature=7 0 10 1 4
split_gain=1.43732e+10 2.53191e+10 2.20242e+10 5.18894e+10 1.54437e+10
threshold=1.0000000180025095e-35 3249.8500000000004 1.0000000180025095e-35 855174.75000000012 147.40186915887855
decision_type=2 2 2 2 2
left_child=1 2 3 4 -1
right_child=-2 -3 -4 -5 -6
leaf_value=-440.2014327977277 -878.53477595097638 1288.5817572988669 806.64633383195599 -1917.562104366893 443.82229196612934
leaf_weight=51 22 21 33 21 69
leaf_count=51 22 21 33 21 69
internal_value=-4.10546 112.295 -58.8318 -280.237 65.7609
internal_weight=217 195 174 141 120
internal_count=217 195 174 141 120
is_linear=0
shrinkage=0.04


Tree=187
num_leaves=8
num_cat=0
split_feature=2 1 2 1 0 0 0
split_gain=1.38237e+10 5.17865e+10 6.86027e+10 5.47506e+10 3.13107e+10 1.86516e+10 3.55205e+10
threshold=42300.020000000011 763097.37500000012 36944.270000000011 732355.23214285728 2743.0000000000005 906.00000000000011 1515.0000000000002
decision_type=2 2 2 2 2 2 2
left_child=1 3 -3 5 -2 -1 -7
right_child=4 2 -4 -5 -6 6 -8
leaf_value=-640.43782660464115 197.05855301349021 -198.48377052851157 2660.5371858372196 -1965.9814938615839 -1556.042797129661 1429.8506887942901 -404.47272771379494
leaf_weight=27 40 26 22 20 22 30 30
leaf_count=27 40 26 22 20 22 30 30
internal_value=-4.51286 197.577 1228.58 -296.117 -488.743 166.237 548.758
internal_weight=217 155 48 107 62 87 60
internal_count=217 155 48 107 62 87 60
is_linear=0
shrinkage=0.04


Tree=188
num_leaves=6
num_cat=0
split_feature=7 1 0 4 1
split_gain=1.32696e+10 2.52944e+10 1.76285e+10 1.84685e+10 1.77473e+10
threshold=1.0000000180025095e-35 1105760.3000000003 3047.5000000000005 402.38927738927742 659677.69736842124
decision_type=2 2 2 2 2
left_child=1 2 3 4 -1
right_child=-2 -3 -4 -5 -6
leaf_value=-607.18272319846631 -844.89693387732927 1310.013983621335 -1034.0399335821783 1001.6001376944436 305.94808721126572
leaf_weight=57 22 20 21 25 72
leaf_count=57 22 20 21 25 72
internal_value=-4.72421 107.134 -59.9925 98.6433 -104.455
internal_weight=217 195 175 154 129
internal_count=217 195 175 154 129
is_linear=0
shrinkage=0.04


Tree=189
num_leaves=8
num_cat=0
split_feature=3 2 0 0 3 3 3
split_gain=1.31654e+10 2.86969e+10 3.79768e+10 1.38819e+10 1.31638e+10 1.38905e+10 1.22381e+10
threshold=1061.0000000000002 41923.490000000013 2785.5000000000005 1913.0000000000002 397.60591900311528 254.57400932400938 450.90848806366051
decision_type=2 2 2 2 2 2 2
left_child=1 3 -3 4 5 -1 -6
right_child=-2 2 -4 -5 6 -7 -8
leaf_value=194.47789050317533 -735.68053336480523 -226.26179925700745 1839.7914402938693 -1047.3072308626249 1064.2571535901775 -1035.2345851475388 -33.232542851542711
leaf_weight=26 29 25 26 20 21 26 44
leaf_count=26 29 25 26 20 21 26 44
internal_value=-4.42746 123.062 891.32 -182.352 -0.893228 -454.138 367.68
internal_weight=217 188 51 137 117 52 65
internal_count=217 188 51 137 117 52 65
is_linear=0
shrinkage=0.04


Tree=190
num_leaves=8
num_cat=0
split_feature=2 1 2 1 11 0 0
split_gain=1.30747e+10 4.60086e+10 6.28112e+10 5.17746e+10 3.13992e+10 1.70748e+10 3.33363e+10
threshold=42300.020000000011 763097.37500000012 36048.135000000002 732355.23214285728 1.0000000180025095e-35 906.00000000000011 1515.0000000000002
decision_type=2 2 2 2 2 2 2
left_child=1 3 -3 5 -2 -1 -7
right_child=4 2 -4 -5 -6 6 -8
leaf_value=-597.24142291607654 250.34175141613855 -292.34999523985948 2435.1496334950443 -1897.3056330879035 -1480.9569809720515 1394.3805266231459 -383.35344203141671
leaf_weight=27 38 24 24 20 24 30 30
leaf_count=27 38 24 24 20 24 30 30
internal_value=-4.23331 192.302 1163.99 -273.237 -475.165 175.705 541.078
internal_weight=217 155 48 107 62 87 60
internal_count=217 155 48 107 62 87 60
is_linear=0
shrinkage=0.04


Tree=191
num_leaves=8
num_cat=0
split_feature=5 4 0 0 3 3 0
split_gain=1.26109e+10 7.04895e+10 5.63226e+10 2.38961e+10 6.46305e+09 4.72609e+09 2.6365e+09
threshold=1.5000000000000002 173.03671328671331 2381.3350000000005 2102.8500000000004 443.50795755968176 297.75664989216398 1221.2500000000002
decision_type=2 2 2 2 2 2 2
left_child=3 -2 -3 4 5 -1 -6
right_child=1 2 -4 -5 6 -7 -8
leaf_value=28.147359337356665 1754.1872022008347 -1793.7732171580794 638.77647124923612 -1348.2201665540788 537.20479942929455 -734.27172914178834 36.310455312287949
leaf_weight=27 31 24 29 21 26 20 39
leaf_count=27 31 24 29 21 26 20 39
internal_value=-4.53238 367.904 -517.382 -244.136 7.34373 -332.392 258.663
internal_weight=217 84 53 133 112 47 65
internal_count=217 84 53 133 112 47 65
is_linear=0
shrinkage=0.04


Tree=192
num_leaves=9
num_cat=0
split_feature=2 0 0 4 1 2 9 2
split_gain=1.27526e+10 4.52833e+10 3.03768e+10 1.00105e+10 1.36811e+10 1.39047e+10 1.33043e+10 3.35256e+07
threshold=42300.020000000011 2927.0000000000005 2743.0000000000005 100.78580901856766 577970.68333333347 33938.095000000008 1.0000000180025095e-35 49520.505000000005
decision_type=2 2 2 2 2 2 2 2
left_child=1 3 7 6 -5 -6 -1 -2
right_child=2 -3 -4 4 5 -7 -8 -9
leaf_value=715.80395058003899 253.23708673261001 1770.0881384845488 -1521.6347365277159 418.25665121986253 -1269.5239815435273 -0.34029266192684882 -391.52592718328322 117.61856069613511
leaf_weight=37 20 20 22 20 28 24 26 20
leaf_count=37 20 20 22 20 28 24 26 20
internal_value=-5.0739 189.043 -470.151 -95.1626 -405.753 -730.817 263.212 204.331
internal_weight=217 155 62 135 72 52 63 40
internal_count=217 155 62 135 72 52 63 40
is_linear=0
shrinkage=0.04


Tree=193
num_leaves=6
num_cat=0
split_feature=7 0 10 1 0
split_gain=1.23725e+10 2.26713e+10 2.18036e+10 5.12989e+10 1.38273e+10
threshold=1.0000000180025095e-35 3249.8500000000004 1.0000000180025095e-35 855174.75000000012 2381.3350000000005
decision_type=2 2 2 2 2
left_child=1 2 3 4 -1
right_child=-2 -3 -4 -5 -6
leaf_value=-147.89668096280158 -816.06509121172815 1216.3272452430474 802.49810472040815 -1906.9108754253234 876.90285338556851
leaf_weight=98 22 21 33 21 22
leaf_count=98 22 21 33 21 22
internal_value=-4.79552 103.22 -58.6382 -278.93 65.1045
internal_weight=217 195 174 141 120
internal_count=217 195 174 141 120
is_linear=0
shrinkage=0.04


Tree=194
num_leaves=9
num_cat=0
split_feature=2 1 2 1 0 0 0 2
split_gain=1.201e+10 4.42616e+10 5.57633e+10 4.92001e+10 2.94875e+10 1.61041e+10 3.12793e+10 1.19832e+07
threshold=42300.020000000011 763097.37500000012 36944.270000000011 732355.23214285728 2743.0000000000005 906.00000000000011 1515.0000000000002 49520.505000000005
decision_type=2 2 2 2 2 2 2 2
left_child=1 3 -3 5 7 -1 -7 -2
right_child=4 2 -4 -5 -6 6 -8 -9
leaf_value=-585.0295510931935 252.13457481059416 -153.74976548823426 2427.6293249255173 -1855.7442055612885 -1492.0513307448687 1346.9597848243127 -374.76782620399069 125.30545628225268
leaf_weight=27 20 26 22 20 22 30 30 20
leaf_count=27 20 26 22 20 22 30 30 20
internal_value=-4.58331 183.79 1136.93 -272.665 -455.923 165.259 520.295 207.959
internal_weight=217 155 48 107 62 87 60 40
internal_count=217 155 48 107 62 87 60 40
is_linear=0
shrinkage=0.04


Tree=195
num_leaves=8
num_cat=0
split_feature=5 4 0 0 3 17 0
split_gain=1.1558e+10 6.64722e+10 5.19991e+10 2.36849e+10 5.70685e+09 4.15691e+09 3.85223e+09
threshold=1.5000000000000002 173.03671328671331 2381.3350000000005 2102.8500000000004 472.5361305361306 1.0000000180025095e-35 1221.2500000000002
decision_type=2 2 2 2 2 2 2
left_child=3 -2 -3 4 5 -1 -6
right_child=1 2 -4 -5 6 -7 -8
leaf_value=-531.22873696228544 1698.260488721301 -1733.4543109682581 604.47186420493983 -1333.2389766840101 659.14642966888334 74.901913760326494 -35.504383320213819
leaf_weight=30 31 24 29 21 23 36 23
leaf_count=30 31 24 29 21 23 36 23
internal_value=-4.65357 351.903 -507.459 -234.031 15.9867 -217.072 339.836
internal_weight=217 84 53 133 112 66 46
internal_count=217 84 53 133 112 66 46
is_linear=0
shrinkage=0.04


Tree=196
num_leaves=9
num_cat=0
split_feature=2 1 0 1 1 1 3 2
split_gain=1.17069e+10 4.1492e+10 5.15547e+10 4.61611e+10 2.89509e+10 1.581e+10 2.59882e+10 4.05959e+09
threshold=42300.020000000011 763097.37500000012 1515.0000000000002 732355.23214285728 829324.87500000012 483894.81907894742 450.90848806366051 48153.595000000008
decision_type=2 2 2 2 2 2 2 2
left_child=1 3 -3 5 7 -1 -7 -2
right_child=4 2 -4 -5 -6 6 -8 -9
leaf_value=-598.04165560478395 528.98260753111788 -312.71859236817716 2170.7241871448291 -1794.4672642744188 -1543.7779500618312 1101.4071246689707 -496.21160235303768 -191.27333453970397
leaf_weight=26 20 22 26 20 20 38 23 22
leaf_count=26 20 22 26 20 20 38 23 22
internal_value=-4.95659 181.033 1103.82 -261.012 -450.556 163.031 506.382 169.853
internal_weight=217 155 48 107 62 87 61 42
internal_count=217 155 48 107 62 87 61 42
is_linear=0
shrinkage=0.04


Tree=197
num_leaves=6
num_cat=0
split_feature=7 1 0 4 1
split_gain=1.11432e+10 2.12722e+10 1.70651e+10 1.82982e+10 1.65465e+10
threshold=1.0000000180025095e-35 1105760.3000000003 3047.5000000000005 402.38927738927742 659677.69736842124
decision_type=2 2 2 2 2
left_child=1 2 3 4 -1
right_child=-2 -3 -4 -5 -6
leaf_value=-587.95797696851912 -775.58005575619063 1199.9577651828747 -1014.7838052923149 998.38660034794816 293.7634168195238
leaf_weight=57 22 20 21 25 72
leaf_count=57 22 20 21 25 72
internal_value=-5.68914 96.8426 -56.3868 99.6244 -102.579
internal_weight=217 195 175 154 129
internal_count=217 195 175 154 129
is_linear=0
shrinkage=0.04


Tree=198
num_leaves=8
num_cat=0
split_feature=4 5 0 2 0 4 1
split_gain=1.13718e+10 6.04983e+10 3.18476e+10 1.91372e+10 4.72637e+10 6.48052e+09 3.98403e+09
threshold=173.03671328671331 1.5000000000000002 1428.5000000000002 42300.020000000011 2381.3350000000005 326.36363636363643 606448.75000000012
decision_type=2 2 2 2 2 2 2
left_child=1 2 6 4 5 -2 -1
right_child=3 -3 -4 -5 -6 -7 -8
leaf_value=566.31468186978486 -917.59965550476784 1648.5148721343733 -1441.9164323745138 -1026.8962108569299 1396.3219055055195 -17.81982844062745 -84.368988099487325
leaf_weight=23 32 31 23 33 24 20 31
leaf_count=23 32 31 23 33 24 20 31
internal_value=-5.36828 279.687 -332.511 -287.698 73.068 -600.754 215.203
internal_weight=217 108 77 109 76 52 54
internal_count=217 108 77 109 76 52 54
is_linear=0
shrinkage=0.04


Tree=199
num_leaves=9
num_cat=0
split_feature=2 0 1 4 1 10 2 2
split_gain=1.07338e+10 3.81545e+10 2.74651e+10 1.03443e+10 1.33066e+10 1.21559e+10 1.09441e+10 4.10732e+09
threshold=42300.020000000011 2927.0000000000005 829324.87500000012 100.78580901856766 577970.68333333347 1.0000000180025095e-35 33938.095000000008 48153.595000000008
decision_type=2 2 2 2 2 2 2 2
left_child=1 3 7 5 -5 -1 -6 -2
right_child=2 -3 -4 4 6 -7 -8 -9
leaf_value=-229.87849665546111 533.11135788711238 1624.3200193851117 -1496.6570414366181 409.32211845904442 -1202.4613116392854 820.17413711223128 -63.760430085124966 -191.44959562900425
leaf_weight=34 20 20 20 20 28 29 24 22
leaf_count=34 20 20 20 20 28 29 24 22
internal_value=-5.05308 173.045 -431.725 -87.8174 -403.754 276.123 -724.234 171.929
internal_weight=217 155 62 135 72 63 52 42
internal_count=217 155 62 135 72 63 52 42
is_linear=0
shrinkage=0.04


Tree=200
num_leaves=8
num_cat=0
split_feature=7 0 11 1 0 1 0
split_gain=1.07553e+10 2.04158e+10 2.15192e+10 5.31165e+10 8.66244e+10 2.76317e+10 5.31982e+10
threshold=1.0000000180025095e-35 3249.8500000000004 1.0000000180025095e-35 659677.69736842124 1490.2500000000002 659677.69736842124 1870.0000000000002
decision_type=2 2 2 2 2 2 2
left_child=1 2 3 -1 -5 -4 -7
right_child=-2 -3 5 4 -6 6 -8
leaf_value=-758.2028529227498 -761.07409072496068 1152.332469889174 384.0512366325475 -341.01055972816692 2886.6035771156889 117.68287065196181 -2203.9118280155917
leaf_weight=33 22 21 36 26 21 33 25
leaf_count=33 22 21 36 26 21 33 25
internal_value=-4.68476 96.0283 -57.5207 412.2 1228.37 -457.856 -970.363
internal_weight=217 195 174 80 47 94 58
internal_count=217 195 174 80 47 94 58
is_linear=0
shrinkage=0.04


Tree=201
num_leaves=9
num_cat=0
split_feature=3 2 0 0 0 1 1 0
split_gain=1.09149e+10 2.31194e+10 3.10922e+10 1.46939e+10 1.76352e+10 2.74518e+10 3.25049e+09 1.05076e+09
threshold=1061.0000000000002 41923.490000000013 2785.5000000000005 1503.0000000000002 970.00000000000011 697870.61403508787 714897.0238095239 739.50000000000011
decision_type=2 2 2 2 2 2 2 2
left_child=1 3 -3 4 7 -6 -5 -1
right_child=-2 2 -4 6 5 -7 -8 -9
leaf_value=-610.48502571021481 -669.93084924835421 -209.01614832791552 1659.8106590318857 -943.51956107752278 1583.7699518225386 -228.53114759989461 -235.66768894413599 -167.64482479418623
leaf_weight=21 29 25 26 28 21 26 21 20
leaf_count=21 29 25 26 28 21 26 21 20
internal_value=-4.10674 111.977 801.525 -162.195 148.743 649.41 -685.869 -432.719
internal_weight=217 188 51 137 88 47 49 41
internal_count=217 188 51 137 88 47 49 41
is_linear=0
shrinkage=0.04


Tree=202
num_leaves=8
num_cat=0
split_feature=4 5 0 2 0 4 0
split_gain=1.09829e+10 5.43937e+10 3.04725e+10 1.81396e+10 4.16991e+10 5.89442e+09 1.64547e+09
threshold=173.03671328671331 1.5000000000000002 1221.2500000000002 42300.020000000011 2381.3350000000005 326.36363636363643 884.00000000000011
decision_type=2 2 2 2 2 2 2
left_child=1 2 6 4 5 -2 -1
right_child=3 -3 -4 -5 -6 -7 -8
leaf_value=82.138906537871478 -865.13618805228748 1574.0088897102719 -1234.4071369317628 -1000.9501500226821 1312.8668966820319 -8.899494054108386 546.85892956893019
leaf_weight=27 32 31 29 33 24 20 21
leaf_count=27 32 31 29 33 24 20 21
internal_value=-3.79592 276.312 -304.694 -281.285 70.0148 -562.976 315.144
internal_weight=217 108 77 109 76 52 48
internal_count=217 108 77 109 76 52 48
is_linear=0
shrinkage=0.04


Tree=203
num_leaves=9
num_cat=0
split_feature=1 2 4 5 2 0 0 1
split_gain=1.05634e+10 3.36703e+10 2.72641e+10 1.02181e+11 1.78352e+10 4.39389e+10 1.53003e+10 7.69239e+09
threshold=554269.08076923084 29122.845000000005 1.0000000180025095e-35 1.5000000000000002 42300.020000000011 2381.3350000000005 1119.0000000000002 763097.37500000012
decision_type=2 2 2 2 2 2 2 2
left_child=1 -1 3 6 5 7 -2 -4
right_child=2 -3 4 -5 -6 -7 -8 -9
leaf_value=521.92340159986099 281.69268997118172 -1534.6756754598616 -968.95013457232403 2663.4992629166322 -1040.5149831060246 1444.9147519520095 -1046.1245773394128 -33.56209037608658
leaf_weight=22 26 21 27 23 29 21 22 26
leaf_count=22 26 21 27 23 29 21 22 26
internal_value=-3.31083 -533.111 137.845 717.399 -275.076 67.7069 -364.703 -548.939
internal_weight=217 43 174 71 103 74 48 53
internal_count=217 43 174 71 103 74 48 53
is_linear=0
shrinkage=0.04


Tree=204
num_leaves=6
num_cat=0
split_feature=7 1 0 4 9
split_gain=1.04504e+10 1.78928e+10 1.96269e+10 1.77622e+10 1.52541e+10
threshold=1.0000000180025095e-35 1105760.3000000003 3047.5000000000005 402.38927738927742 1.0000000180025095e-35
decision_type=2 2 2 2 2
left_child=1 2 3 4 -1
right_child=-2 -3 -4 -5 -6
leaf_value=130.24295705096333 -748.56566723466574 1107.9473708838509 -1072.5097379409599 1007.6770870353259 -937.29214942707961
leaf_weight=107 22 20 21 25 22
leaf_count=107 22 20 21 25 22
internal_value=-2.9421 96.2993 -44.4141 122.483 -77.4968
internal_weight=217 195 175 154 129
internal_count=217 195 175 154 129
is_linear=0
shrinkage=0.04


Tree=205
num_leaves=9
num_cat=0
split_feature=2 1 1 2 1 1 2 2
split_gain=1.02801e+10 3.55261e+10 4.44843e+10 4.39409e+10 2.78736e+10 1.52431e+10 2.37296e+10 4.47717e+09
threshold=42300.020000000011 763097.37500000012 732355.23214285728 36944.270000000011 829324.87500000012 483894.81907894742 26733.170000000002 48153.595000000008
decision_type=2 2 2 2 2 2 2 2
left_child=1 2 5 -3 7 -1 -7 -2
right_child=4 3 -4 -5 -6 6 -8 -9
leaf_value=-571.17983057625918 562.84018459118522 -123.07798010039487 -1743.7727214869738 2170.418001243349 -1493.9380067966931 -369.25122636597496 1136.885550971064 -194.15402348267818
leaf_weight=26 20 26 20 22 20 26 35 22
leaf_count=26 20 26 20 22 20 26 35 22
internal_value=-3.24456 171.016 -238.133 1024.83 -420.836 177.318 513.819 186.063
internal_weight=217 155 107 48 62 87 61 42
internal_count=217 155 107 48 62 87 61 42
is_linear=0
shrinkage=0.04


Tree=206
num_leaves=8
num_cat=0
split_feature=4 5 0 2 0 4 1
split_gain=1.08531e+10 4.63511e+10 2.75731e+10 1.44715e+10 3.68686e+10 5.13066e+09 3.35598e+09
threshold=173.03671328671331 1.5000000000000002 1428.5000000000002 42300.020000000011 2381.3350000000005 326.36363636363643 606448.75000000012
decision_type=2 2 2 2 2 2 2
left_child=1 2 6 4 5 -2 -1
right_child=3 -3 -4 -5 -6 -7 -8
leaf_value=565.59572787427066 -839.73342769334374 1472.3447151842049 -1295.8341120834136 -922.09583396535379 1205.9338248491188 -34.614015745608121 -36.259025887874863
leaf_weight=23 32 31 23 33 24 20 31
leaf_count=23 32 31 23 33 24 20 31
internal_value=-3.6274 274.818 -262.445 -279.475 35.8115 -557.72 244.073
internal_weight=217 108 77 109 76 52 54
internal_count=217 108 77 109 76 52 54
is_linear=0
shrinkage=0.04


Tree=207
num_leaves=8
num_cat=0
split_feature=4 5 0 1 4 5 0
split_gain=1.00807e+10 4.31925e+10 2.58038e+10 1.35649e+10 2.94885e+10 1.80304e+10 1.6453e+09
threshold=173.03671328671331 1.5000000000000002 1221.2500000000002 829324.87500000012 402.38927738927742 1.5000000000000002 884.00000000000011
decision_type=2 2 2 2 2 2 2
left_child=1 2 6 4 5 -2 -1
right_child=3 -3 -4 -5 -6 -7 -8
leaf_value=81.952853949587848 208.237011377709 1420.9751856286664 -1109.9557543306441 -930.47932507359451 929.04936300735119 -1234.3531889423186 546.60553126109869
leaf_weight=27 24 31 29 30 30 25 21
leaf_count=27 24 31 29 30 30 25 21
internal_value=-3.38772 264.964 -253.654 -269.241 18.7884 -570.041 314.909
internal_weight=217 108 77 109 79 49 48
internal_count=217 108 77 109 79 49 48
is_linear=0
shrinkage=0.04


Tree=208
num_leaves=6
num_cat=0
split_feature=7 0 1 0 1
split_gain=9.64064e+09 1.85155e+10 2.04866e+10 1.14826e+10 1.39044e+10
threshold=1.0000000180025095e-35 3249.8500000000004 855174.75000000012 906.00000000000011 697870.61403508787
decision_type=2 2 2 2 2
left_child=1 2 3 -1 -5
right_child=-2 -3 -4 4 -6
leaf_value=-537.61644606507718 -719.46874432899597 1097.9419004311192 -1058.6509631607744 734.64342981666459 -98.826727915974573
leaf_weight=29 22 21 23 56 66
leaf_count=29 22 21 23 56 66
internal_value=-3.32434 92.0048 -54.2367 125.192 296.383
internal_weight=217 195 174 151 122
internal_count=217 195 174 151 122
is_linear=0
shrinkage=0.04


Tree=209
num_leaves=8
num_cat=0
split_feature=4 5 0 2 0 4 1
split_gain=9.89561e+09 4.00887e+10 2.50863e+10 1.32562e+10 3.3852e+10 4.16625e+09 3.13598e+09
threshold=173.03671328671331 1.5000000000000002 1428.5000000000002 42300.020000000011 2381.3350000000005 326.36363636363643 606448.75000000012
decision_type=2 2 2 2 2 2 2
left_child=1 2 6 4 5 -2 -1
right_child=3 -3 -4 -5 -6 -7 -8
leaf_value=555.29654296216836 -788.44406696889405 1375.7835908745622 -1223.7759106382662 -882.11224227229241 1155.8843764063938 -56.514599421035939 -27.463447724828256
leaf_weight=23 32 31 23 33 24 20 31
leaf_count=23 32 31 23 33 24 20 31
internal_value=-3.66849 262.215 -237.752 -267.063 34.6723 -534.079 244.568
internal_weight=217 108 77 109 76 52 54
internal_count=217 108 77 109 76 52 54
is_linear=0
shrinkage=0.04


Tree=210
num_leaves=9
num_cat=0
split_feature=1 2 4 5 2 0 0 1
split_gain=9.76117e+09 3.19054e+10 2.53183e+10 7.98443e+10 1.86804e+10 3.5543e+10 1.21733e+10 5.54014e+09
threshold=554269.08076923084 29122.845000000005 140.5981308411215 1.5000000000000002 42300.020000000011 2381.3350000000005 1221.2500000000002 763097.37500000012
decision_type=2 2 2 2 2 2 2 2
left_child=1 -1 3 6 5 7 -2 -4
right_child=2 -3 4 -5 -6 -7 -8 -9
leaf_value=513.5040693624868 218.38766225026907 -1487.9577641389496 -960.1725659565833 2274.3252362499243 -1088.99107255537 1286.6305426774491 -929.04503051157474 -101.49585608910594
leaf_weight=22 32 21 21 26 28 21 21 25
leaf_count=22 32 21 21 26 28 21 21 25
internal_value=-3.43268 -512.712 132.262 642.932 -302.357 74.6386 -273.692 -544.546
internal_weight=217 43 174 79 95 67 53 46
internal_count=217 43 174 79 95 67 53 46
is_linear=0
shrinkage=0.04


Tree=211
num_leaves=6
num_cat=0
split_feature=7 0 1 0 1
split_gain=9.32119e+09 1.70283e+10 1.96099e+10 1.16483e+10 1.3308e+10
threshold=1.0000000180025095e-35 3249.8500000000004 855174.75000000012 906.00000000000011 697870.61403508787
decision_type=2 2 2 2 2
left_child=1 2 3 -1 -5
right_child=-2 -3 -4 4 -6
leaf_value=-542.14179283589897 -707.69521532308352 1054.8966713441446 -1032.813757126672 726.52403902344281 -89.255052953926921
leaf_weight=29 22 21 23 56 66
leaf_count=29 22 21 23 56 66
internal_value=-3.52068 90.2208 -50.0728 125.397 297.834
internal_weight=217 195 174 151 122
internal_count=217 195 174 151 122
is_linear=0
shrinkage=0.04


Tree=212
num_leaves=9
num_cat=0
split_feature=1 2 4 5 2 0 0 1
split_gain=9.4461e+09 3.02217e+10 2.42333e+10 7.8558e+10 1.27233e+10 3.33013e+10 1.20129e+10 7.42013e+09
threshold=554269.08076923084 29122.845000000005 1.0000000180025095e-35 1.5000000000000002 42300.020000000011 2381.3350000000005 1221.2500000000002 763097.37500000012
decision_type=2 2 2 2 2 2 2 2
left_child=1 -1 3 6 5 7 -2 -4
right_child=2 -3 4 -5 -6 -7 -8 -9
leaf_value=494.66877218223686 272.0985747832089 -1453.7457212394327 -916.31366256657759 2381.5364731823447 -905.98072813287877 1231.723812514339 -904.57547216958949 -3.0693987813885459
leaf_weight=22 27 21 27 23 29 21 21 26
leaf_count=22 27 21 27 23 29 21 21 26
internal_value=-3.86394 -504.848 129.633 676.031 -259.651 31.3743 -276.382 -503.902
internal_weight=217 43 174 71 103 74 48 53
internal_count=217 43 174 71 103 74 48 53
is_linear=0
shrinkage=0.04


Tree=213
num_leaves=8
num_cat=0
split_feature=3 1 0 1 0 3 1
split_gain=9.07671e+09 2.399e+10 2.63783e+10 2.14659e+10 1.79752e+10 1.04703e+10 6.39399e+09
threshold=550.02336448598146 855174.75000000012 2635.5000000000005 483894.81907894742 2452.0000000000005 422.33815609677686 697870.61403508787
decision_type=2 2 2 2 2 2 2
left_child=1 2 3 -1 6 -5 -2
right_child=4 -3 -4 5 -6 -7 -8
leaf_value=-786.59430937547404 415.55713185489515 1328.5910139897092 -1220.9545789590923 950.16022754006792 -1218.9273944520344 33.040704592376251 -367.29824944337741
leaf_weight=21 31 20 20 41 21 36 27
leaf_count=21 31 20 20 41 21 36 27
internal_value=-3.54842 190.554 -44.4159 239.127 -334.542 547.094 50.9164
internal_weight=217 138 118 98 79 77 58
internal_count=217 138 118 98 79 77 58
is_linear=0
shrinkage=0.04


Tree=214
num_leaves=7
num_cat=0
split_feature=7 0 1 0 0 2
split_gain=8.94498e+09 1.63659e+10 1.90903e+10 1.13237e+10 2.31483e+10 9.24088e+09
threshold=1.0000000180025095e-35 3249.8500000000004 855174.75000000012 1168.0000000000002 1503.0000000000002 24829.710000000003
decision_type=2 2 2 2 2 2
left_child=1 2 3 5 -5 -1
right_child=-2 -3 -4 4 -6 -7
leaf_value=147.24300784872901 -693.92167262657392 1033.4610053176748 -1019.4204596889856 1336.8123411121167 0.71772954370705766 -864.80738503891189
leaf_weight=28 22 21 23 24 76 23
leaf_count=28 22 21 23 24 76 23
internal_value=-4.11682 87.727 -49.7936 123.346 365.516 -342.56
internal_weight=217 195 174 151 100 51
internal_count=217 195 174 151 100 51
is_linear=0
shrinkage=0.04


Tree=215
num_leaves=9
num_cat=0
split_feature=1 2 4 5 2 0 0 1
split_gain=8.52653e+09 2.79972e+10 2.34602e+10 7.08962e+10 1.55312e+10 3.11743e+10 1.12574e+10 5.20042e+09
threshold=554269.08076923084 29122.845000000005 140.5981308411215 1.5000000000000002 42300.020000000011 2381.3350000000005 1221.2500000000002 763097.37500000012
decision_type=2 2 2 2 2 2 2 2
left_child=1 -1 3 6 5 7 -2 -4
right_child=2 -3 4 -5 -6 -7 -8 -9
leaf_value=481.30248310472638 222.0164821430665 -1393.5479960967309 -931.77977591172782 2151.6173589431287 -1012.508566681642 1185.7047515908821 -880.53560701947845 -99.560673480913209
leaf_weight=22 32 21 21 26 28 21 21 25
leaf_count=22 32 21 21 26 28 21 21 25
internal_value=-4.00126 -479.969 122.838 614.491 -295.391 49.5428 -249.855 -529.066
internal_weight=217 43 174 79 95 67 53 46
internal_count=217 43 174 79 95 67 53 46
is_linear=0
shrinkage=0.04


Tree=216
num_leaves=6
num_cat=0
split_feature=7 1 0 4 1
split_gain=8.52156e+09 1.59767e+10 1.98249e+10 1.71609e+10 1.39391e+10
threshold=1.0000000180025095e-35 1105760.3000000003 3047.5000000000005 402.38927738927742 659677.69736842124
decision_type=2 2 2 2 2
left_child=1 2 3 4 -1
right_child=-2 -3 -4 -5 -6
leaf_value=-521.98224348611484 -677.34811452781219 1041.5644007208914 -1080.4784589100436 990.62616686918454 287.0468825600538
leaf_weight=57 22 20 21 25 72
leaf_count=57 22 20 21 25 72
internal_value=-4.06853 85.5762 -47.2581 120.546 -76.0246
internal_weight=217 195 175 154 129
internal_count=217 195 175 154 129
is_linear=0
shrinkage=0.04


Tree=217
num_leaves=8
num_cat=0
split_feature=4 5 0 1 4 5 1
split_gain=8.03159e+09 2.86492e+10 2.06557e+10 1.36453e+10 2.5786e+10 1.51965e+10 3.17416e+09
threshold=173.03671328671331 1.5000000000000002 1428.5000000000002 829324.87500000012 402.38927738927742 1.5000000000000002 606448.75000000012
decision_type=2 2 2 2 2 2 2
left_child=1 2 6 4 5 -2 -1
right_child=3 -3 -4 -5 -6 -7 -8
leaf_value=560.81463813299422 206.20910557448872 1176.7928769313867 -1083.1928848366849 -904.48167783794531 896.01361859400333 -1116.2204908715566 -25.729579891332691
leaf_weight=23 24 31 23 30 30 25 31
leaf_count=23 24 31 23 30 30 25 31
internal_value=-3.87347 235.674 -187.65 -241.156 46.2093 -505.943 248.217
internal_weight=217 108 77 109 79 49 54
internal_count=217 108 77 109 79 49 54
is_linear=0
shrinkage=0.04


Tree=218
num_leaves=8
num_cat=0
split_feature=3 1 0 1 0 0 1
split_gain=8.19788e+09 2.23844e+10 2.42983e+10 2.01817e+10 1.66053e+10 9.2871e+09 6.44835e+09
threshold=550.02336448598146 855174.75000000012 2635.5000000000005 483894.81907894742 2452.0000000000005 1188.5000000000002 697870.61403508787
decision_type=2 2 2 2 2 2 2
left_child=1 2 3 -1 6 -5 -2
right_child=4 -3 -4 5 -6 -7 -8
leaf_value=-768.18711443010443 417.91167033352878 1279.8376900576418 -1175.4095862186105 -5.6023539619122298 -1168.5475236885911 867.84874289663628 -368.27492939238516
leaf_weight=21 31 20 20 32 21 45 27
leaf_count=21 31 20 20 32 21 45 27
internal_value=-3.95611 180.523 -46.3214 225.95 -318.507 524.758 51.7619
internal_weight=217 138 118 98 79 77 58
internal_count=217 138 118 98 79 77 58
is_linear=0
shrinkage=0.04


Tree=219
num_leaves=6
num_cat=0
split_feature=7 0 3 1 1
split_gain=8.11432e+09 1.70275e+10 1.94242e+10 4.94102e+10 2.02631e+10
threshold=1.0000000180025095e-35 3249.8500000000004 892.6025641025642 829324.87500000012 554269.08076923084
decision_type=2 2 2 2 2
left_child=1 2 3 4 -1
right_child=-2 -3 -4 -5 -6
leaf_value=-782.15588346196364 -661.53611416041463 1047.6517961483455 681.9965362767565 -1839.334153286075 383.80068864383946
leaf_weight=28 22 21 39 22 85
leaf_count=28 22 21 39 22 85
internal_value=-4.55245 82.9357 -57.1784 -285.961 75.8367
internal_weight=217 195 174 135 113
internal_count=217 195 174 135 113
is_linear=0
shrinkage=0.04


Tree=220
num_leaves=9
num_cat=0
split_feature=3 1 1 0 0 1 0 3
split_gain=8.33743e+09 2.17394e+10 2.37878e+10 5.68007e+10 2.48586e+10 3.95499e+10 1.56898e+10 6.07483e+09
threshold=550.02336448598146 855174.75000000012 732355.23214285728 1725.0000000000002 1076.5000000000002 585820.83333333337 2452.0000000000005 892.6025641025642
decision_type=2 2 2 2 2 2 2 2
left_child=1 2 4 -4 -1 -6 7 -2
right_child=6 -3 3 -5 5 -7 -8 -9
leaf_value=-533.5084795540904 -368.4884323146444 1264.0835336700632 578.82057764678927 -2101.1999255879796 -253.82779524019739 1907.3403704421528 -1148.7101699394314 394.41298553692127
leaf_weight=27 27 20 23 20 24 24 21 31
leaf_count=27 27 20 23 20 24 24 21 31
internal_value=-5.32924 180.74 -42.9131 -749.332 381.756 898.206 -322.519 38.3004
internal_weight=217 138 118 43 75 48 79 58
internal_count=217 138 118 43 75 48 79 58
is_linear=0
shrinkage=0.04


Tree=221
num_leaves=8
num_cat=0
split_feature=3 1 0 0 1 0 1
split_gain=7.79676e+09 2.03544e+10 2.33166e+10 2.95938e+10 2.19797e+10 1.46694e+10 6.1323e+09
threshold=550.02336448598146 855174.75000000012 1557.5000000000002 1076.5000000000002 732355.23214285728 2452.0000000000005 697870.61403508787
decision_type=2 2 2 2 2 2 2
left_child=1 2 3 -1 -4 6 -2
right_child=5 -3 4 -5 -6 -7 -8
leaf_value=-209.5780317940937 394.7378801694577 1222.875970777613 140.47599172638385 1482.7561782143021 -1364.8818468217366 -1110.9305502619295 -371.74297941029369
leaf_weight=39 31 20 30 23 26 21 27
leaf_count=39 31 20 30 23 26 21 27
internal_value=-5.33009 174.609 -41.793 476.565 -608.389 -312.06 36.8436
internal_weight=217 138 118 62 56 79 58
internal_count=217 138 118 62 56 79 58
is_linear=0
shrinkage=0.04


Tree=222
num_leaves=8
num_cat=0
split_feature=4 1 0 0 1 4 1
split_gain=7.68446e+09 3.56413e+10 6.64076e+10 3.24099e+10 1.34845e+10 2.24855e+10 1.62537e+10
threshold=100.78580901856766 659677.69736842124 1490.2500000000002 1221.2500000000002 829324.87500000012 402.38927738927742 714897.0238095239
decision_type=2 2 2 2 2 2 2
left_child=1 3 -3 -1 5 6 -2
right_child=4 2 -4 -5 -6 -7 -8
leaf_value=511.90750280896356 -962.56847555760964 -300.20644057844089 2387.7938628541442 -1509.6817505720342 -886.56630737309592 864.06143822455397 272.48693127601655
leaf_weight=21 32 31 22 22 30 30 29
leaf_count=21 32 31 22 22 30 30 29
internal_value=-4.96628 255.723 915.945 -567.798 -213.563 39.8967 -397.211
internal_weight=217 96 53 43 121 91 61
internal_count=217 96 53 43 121 91 61
is_linear=0
shrinkage=0.04


Tree=223
num_leaves=8
num_cat=0
split_feature=3 0 4 1 0 1 1
split_gain=7.7827e+09 2.03399e+10 1.51906e+10 1.49308e+10 1.43737e+10 5.99342e+09 2.79429e+09
threshold=550.02336448598146 2381.3350000000005 100.78580901856766 659677.69736842124 2452.0000000000005 697870.61403508787 697870.61403508787
decision_type=2 2 2 2 2 2 2
left_child=1 2 3 -1 5 -2 -4
right_child=4 -3 6 -5 -6 -7 -8
leaf_value=-303.66475269024744 388.51584535198111 921.21554869154352 -826.97654982966128 1085.7081952981048 -1101.694597538537 -369.21434624442605 -244.10053440578142
leaf_weight=21 31 37 24 21 21 27 35
leaf_count=21 31 37 24 21 21 27 35
internal_value=-4.45836 175.301 -125.833 429.171 -310.928 34.583 -523.355
internal_weight=217 138 101 42 79 58 59
internal_count=217 138 101 42 79 58 59
is_linear=0
shrinkage=0.04


Tree=224
num_leaves=6
num_cat=0
split_feature=7 0 10 1 4
split_gain=7.73333e+09 1.65359e+10 1.87618e+10 4.44517e+10 1.43552e+10
threshold=1.0000000180025095e-35 3249.8500000000004 1.0000000180025095e-35 855174.75000000012 147.40186915887855
decision_type=2 2 2 2 2
left_child=1 2 3 4 -1
right_child=-2 -3 -4 -5 -6
leaf_value=-428.86757430520601 -646.01989299692389 1031.4607787759337 741.61596340503331 -1777.0015976855345 423.38844517899923
leaf_weight=51 22 21 33 21 69
leaf_count=51 22 21 33 21 69
internal_value=-4.64912 80.7646 -57.2887 -261.57 58.7493
internal_weight=217 195 174 141 120
internal_count=217 195 174 141 120
is_linear=0
shrinkage=0.04


Tree=225
num_leaves=8
num_cat=0
split_feature=4 5 0 1 4 1 3
split_gain=7.83938e+09 2.58121e+10 1.89286e+10 1.13867e+10 2.27895e+10 1.4e+10 1.45152e+09
threshold=173.03671328671331 1.5000000000000002 1221.2500000000002 829324.87500000012 402.38927738927742 714897.0238095239 482.01519508528861
decision_type=2 2 2 2 2 2 2
left_child=1 2 6 4 5 -2 -1
right_child=3 -3 -4 -5 -6 -7 -8
leaf_value=91.547450180894955 -1079.5040430135812 1124.854973303075 -905.43133084858187 -845.25348934548776 823.94289459217168 190.72076937813702 531.60120273589143
leaf_weight=27 25 31 29 30 30 24 21
leaf_count=27 25 31 29 30 30 24 21
internal_value=-5.00049 231.687 -170.514 -239.404 24.1028 -493.942 313.375
internal_weight=217 108 77 109 79 49 48
internal_count=217 108 77 109 79 49 48
is_linear=0
shrinkage=0.04


Tree=226
num_leaves=8
num_cat=0
split_feature=3 1 0 1 0 3 3
split_gain=7.4067e+09 2.06614e+10 2.36067e+10 1.7251e+10 1.34942e+10 8.58145e+09 6.29663e+09
threshold=550.02336448598146 855174.75000000012 2635.5000000000005 483894.81907894742 2452.0000000000005 422.33815609677686 892.6025641025642
decision_type=2 2 2 2 2 2 2
left_child=1 2 3 -1 6 -5 -2
right_child=4 -3 -4 5 -6 -7 -8
leaf_value=-698.90383987757514 -382.43558245022365 1226.6976542297095 -1160.1726326745552 861.88252916899989 -1069.9999807470438 31.396900555448028 394.178413285462
leaf_weight=21 27 20 20 41 21 36 31
leaf_count=21 27 20 20 41 21 36 31
internal_value=-4.85583 170.517 -47.3175 221.113 -303.821 496.974 31.1332
internal_weight=217 138 118 98 79 77 58
internal_count=217 138 118 98 79 77 58
is_linear=0
shrinkage=0.04


Tree=227
num_leaves=9
num_cat=0
split_feature=7 0 1 1 1 1 2 1
split_gain=7.31838e+09 1.67945e+10 1.89962e+10 1.44046e+10 2.42798e+10 1.46491e+10 9.84346e+09 7.73817e+09
threshold=1.0000000180025095e-35 1973.0000000000002 829324.87500000012 659677.69736842124 732355.23214285728 534071.86234817829 42300.020000000011 829324.87500000012
decision_type=2 2 2 2 2 2 2 2
left_child=1 3 6 5 -5 -1 -3 -6
right_child=-2 2 -4 4 7 -7 -8 -9
leaf_value=83.269451260191346 -629.22673192538764 -525.66863724952429 1373.4582345676579 1142.6313979105582 107.84657883757511 -1166.3465608842885 596.22696934578266 -825.49835122708009
leaf_weight=25 22 21 24 23 30 31 20 21
leaf_count=25 22 21 24 23 30 31 20 21
internal_value=-5.31532 77.7913 581.031 -184.946 179.654 -644.078 26.4792 -312.54
internal_weight=217 195 65 130 74 56 41 51
internal_count=217 195 65 130 74 56 41 51
is_linear=0
shrinkage=0.04


Tree=228
num_leaves=8
num_cat=0
split_feature=4 1 0 0 1 2 2
split_gain=7.4409e+09 3.08548e+10 6.33203e+10 2.92632e+10 1.3541e+10 1.45309e+10 3.14739e+10
threshold=100.78580901856766 659677.69736842124 1490.2500000000002 1221.2500000000002 577970.68333333347 33938.095000000008 42300.020000000011
decision_type=2 2 2 2 2 2 2
left_child=1 3 -3 -1 -2 -6 -7
right_child=4 2 -4 -5 5 6 -8
leaf_value=507.29646429672022 521.67641786373554 -318.83922897395877 2303.2448760124912 -1411.5432749730683 -1127.1335521352946 634.33557290628426 -1018.8690968222164
leaf_weight=21 27 31 22 22 28 38 28
leaf_count=21 27 31 22 22 28 38 28
internal_value=-4.97422 251.553 865.438 -515.487 -210.237 -434.818 -87.4619
internal_weight=217 96 53 43 121 94 66
internal_count=217 96 53 43 121 94 66
is_linear=0
shrinkage=0.04


Tree=229
num_leaves=8
num_cat=0
split_feature=0 1 0 3 0 1 0
split_gain=7.36264e+09 1.71289e+10 3.39706e+10 2.23312e+10 2.37962e+10 2.21434e+10 3.42414e+10
threshold=3112.5000000000005 732355.23214285728 1939.0000000000002 892.6025641025642 1725.0000000000002 659677.69736842124 1402.5000000000002
decision_type=2 2 2 2 2 2 2
left_child=1 2 5 4 -3 6 -1
right_child=-2 3 -4 -5 -6 -7 -8
leaf_value=328.28240264003762 -561.30432753473133 -86.015425850198739 1692.473906016417 679.20496098654655 -1675.8902603249608 923.81610114388559 -1496.7200724537313
leaf_weight=40 28 38 21 21 21 26 22
leaf_count=40 28 38 21 21 21 26 22
internal_value=-4.70133 88.9926 408.125 -344.392 -731.225 33.6277 -377.243
internal_weight=217 189 109 80 59 88 62
internal_count=217 189 109 80 59 88 62
is_linear=0
shrinkage=0.04


Tree=230
num_leaves=8
num_cat=0
split_feature=3 2 0 0 3 3 11
split_gain=7.27724e+09 1.60897e+10 2.95236e+10 1.39026e+10 1.17585e+10 1.20766e+10 1.17746e+10
threshold=1061.0000000000002 41923.490000000013 2785.5000000000005 1913.0000000000002 397.60591900311528 254.57400932400938 1.0000000180025095e-35
decision_type=2 2 2 2 2 2 2
left_child=1 3 -3 4 5 -1 -6
right_child=-2 2 -4 -5 6 -7 -8
leaf_value=211.98616169619538 -548.31640175565531 -304.00847492367723 1504.1871658745406 -1004.2540520157452 843.87182686769188 -931.21350047807948 -184.11285922644871
leaf_weight=26 29 25 26 20 35 26 30
leaf_count=26 29 25 26 20 35 26 30
internal_value=-4.6741 90.1388 665.427 -138.496 41.4856 -388.493 388.375
internal_weight=217 188 51 137 117 52 65
internal_count=217 188 51 137 117 52 65
is_linear=0
shrinkage=0.04


Tree=231
num_leaves=8
num_cat=0
split_feature=0 1 0 3 0 1 0
split_gain=7.29855e+09 1.59979e+10 3.22501e+10 2.10484e+10 2.23157e+10 2.08063e+10 3.16893e+10
threshold=3112.5000000000005 732355.23214285728 1939.0000000000002 892.6025641025642 1725.0000000000002 659677.69736842124 1402.5000000000002
decision_type=2 2 2 2 2 2 2
left_child=1 2 5 4 -3 6 -1
right_child=-2 3 -4 -5 -6 -7 -8
leaf_value=312.74678828331059 -558.99731726628966 -81.540818008489055 1648.2347380391184 662.96264432078806 -1620.9221031425061 894.90645167335379 -1443.1071229445224
leaf_weight=40 28 38 21 21 21 26 22
leaf_count=40 28 38 21 21 21 26 22
internal_value=-4.8248 88.4633 396.836 -330.441 -706.134 31.9856 -366.258
internal_weight=217 189 109 80 59 88 62
internal_count=217 189 109 80 59 88 62
is_linear=0
shrinkage=0.04


Tree=232
num_leaves=9
num_cat=0
split_feature=2 1 1 0 1 0 0 2
split_gain=7.51267e+09 3.25913e+10 4.12856e+10 3.54607e+10 2.20739e+10 1.35145e+10 2.09262e+10 6.21141e+09
threshold=42300.020000000011 763097.37500000012 732355.23214285728 1515.0000000000002 829324.87500000012 906.00000000000011 1515.0000000000002 48153.595000000008
decision_type=2 2 2 2 2 2 2 2
left_child=1 2 5 -3 7 -1 -7 -2
right_child=4 3 -4 -5 -6 6 -8 -9
leaf_value=-533.48620873013988 623.1921382036644 -219.55539983889773 -1697.229486682897 1846.3775388773715 -1316.9584148579615 1153.8999785303247 -258.57674215220442 -265.4129736435134
leaf_weight=27 20 22 20 26 20 30 30 22
leaf_count=27 20 22 20 26 20 30 30 22
internal_value=-4.78404 144.226 -247.018 962.349 -361.729 154.014 479.156 177.25
internal_weight=217 155 107 48 62 87 60 42
internal_count=217 155 107 48 62 87 60 42
is_linear=0
shrinkage=0.04


Tree=233
num_leaves=8
num_cat=0
split_feature=4 1 0 0 1 2 2
split_gain=7.25447e+09 2.82225e+10 6.0533e+10 2.53799e+10 1.16768e+10 1.38113e+10 3.01453e+10
threshold=100.78580901856766 659677.69736842124 1490.2500000000002 1221.2500000000002 577970.68333333347 33938.095000000008 42300.020000000011
decision_type=2 2 2 2 2 2 2
left_child=1 3 -3 -1 -2 -6 -7
right_child=4 2 -4 -5 5 6 -8
leaf_value=467.38006040007849 472.69246904332061 -321.6210080307464 2241.0909159193875 -1320.1136209055176 -1090.9159413405459 627.94860238318131 -989.8976022966217
leaf_weight=21 27 31 22 22 28 38 28
leaf_count=21 27 31 22 22 28 38 28
internal_value=-5.14013 248.158 835.051 -485.889 -207.81 -416.049 -77.949
internal_weight=217 96 53 43 121 94 66
internal_count=217 96 53 43 121 94 66
is_linear=0
shrinkage=0.04


Tree=234
num_leaves=7
num_cat=0
split_feature=7 1 0 1 0 3
split_gain=7.37245e+09 1.52382e+10 2.28906e+10 1.73918e+10 1.94925e+10 1.47354e+10
threshold=1.0000000180025095e-35 855174.75000000012 2785.5000000000005 659677.69736842124 1221.2500000000002 689.23706293706311
decision_type=2 2 2 2 2 2
left_child=1 2 3 5 -5 -1
right_child=-2 -3 -4 4 -6 -7
leaf_value=-726.86588683462344 -631.08474147085883 805.20535151372951 -1141.8705363308584 -256.84947878239063 1020.9052974956996 468.30246975707678
leaf_weight=45 22 33 23 29 44 21
leaf_count=45 22 33 23 29 44 21
internal_value=-4.86358 78.54 -87.4022 117.68 527.988 -340.919
internal_weight=217 195 162 139 73 66
internal_count=217 195 162 139 73 66
is_linear=0
shrinkage=0.04


Tree=235
num_leaves=8
num_cat=0
split_feature=4 5 0 1 4 1 1
split_gain=7.35662e+09 2.10107e+10 1.61468e+10 1.11387e+10 2.10816e+10 1.31034e+10 3.01877e+09
threshold=173.03671328671331 1.5000000000000002 1428.5000000000002 829324.87500000012 402.38927738927742 714897.0238095239 606448.75000000012
decision_type=2 2 2 2 2 2 2
left_child=1 2 6 4 5 -2 -1
right_child=3 -3 -4 -5 -6 -7 -8
leaf_value=549.17883722024726 -1036.9455684641978 1029.8241197699185 -932.0232936478684 -831.34921681118885 797.29563701023437 191.08903927404103 -23.091691584806778
leaf_weight=23 25 31 23 30 30 24 31
leaf_count=23 25 31 23 30 30 24 31
internal_value=-5.048 224.24 -139.372 -232.115 28.2601 -470.264 244.344
internal_weight=217 108 77 109 79 49 54
internal_count=217 108 77 109 79 49 54
is_linear=0
shrinkage=0.04


Tree=236
num_leaves=8
num_cat=0
split_feature=3 4 1 0 0 1 3
split_gain=7.59157e+09 1.90498e+10 2.71023e+10 1.36466e+10 1.30847e+10 1.22116e+10 6.15379e+09
threshold=550.02336448598146 1.0000000180025095e-35 659677.69736842124 2452.0000000000005 1076.5000000000002 732355.23214285728 892.6025641025642
decision_type=2 2 2 2 2 2 2
left_child=1 2 -1 6 -3 -6 -2
right_child=3 4 -4 -5 5 -7 -8
leaf_value=-204.94430684024078 -379.47217213807977 -950.91208012769448 1679.1027733055867 -1078.2080749194499 626.88240714991889 -341.82555599057173 388.26716040021188
leaf_weight=21 27 20 22 21 34 41 31
leaf_count=21 27 20 22 21 34 41 31
internal_value=-5.05598 172.495 827.294 -307.727 -148.105 108.039 29.2685
internal_weight=217 138 43 79 95 75 58
internal_count=217 138 43 79 95 75 58
is_linear=0
shrinkage=0.04


Tree=237
num_leaves=9
num_cat=0
split_feature=2 1 1 0 1 0 1 2
split_gain=7.27339e+09 2.94239e+10 3.96747e+10 3.15255e+10 2.08613e+10 1.79262e+10 1.02825e+10 5.96156e+09
threshold=42300.020000000011 763097.37500000012 697870.61403508787 1515.0000000000002 829324.87500000012 1076.5000000000002 554269.08076923084 48153.595000000008
decision_type=2 2 2 2 2 2 2 2
left_child=1 2 5 -3 7 -1 -7 -2
right_child=4 3 -4 -5 -6 6 -8 -9
leaf_value=-385.17793964252223 605.28004858358486 -197.32157087625561 -1336.5722494936704 1752.1882027361141 -1284.7970723698097 83.045093486007502 1304.3328548570814 -264.91555292499845
leaf_weight=34 20 22 31 26 20 20 22 22
leaf_count=34 20 22 31 26 20 20 22 22
internal_value=-5.06781 141.557 -230.336 918.83 -356.276 270.805 787.609 168.088
internal_weight=217 155 107 48 62 76 42 42
internal_count=217 155 107 48 62 76 42 42
is_linear=0
shrinkage=0.04


Tree=238
num_leaves=8
num_cat=0
split_feature=4 5 0 1 4 5 1
split_gain=7.22728e+09 1.95199e+10 1.55399e+10 1.01144e+10 1.94061e+10 1.2626e+10 2.8249e+09
threshold=173.03671328671331 1.5000000000000002 1428.5000000000002 829324.87500000012 402.38927738927742 1.5000000000000002 606448.75000000012
decision_type=2 2 2 2 2 2 2
left_child=1 2 6 4 5 -2 -1
right_child=3 -3 -4 -5 -6 -7 -8
leaf_value=542.56116689390615 189.83396750935015 998.99811073705803 -906.08429636159406 -800.69419643324454 757.1050803413583 -1015.3322486742455 -12.376379506526227
leaf_weight=23 24 31 23 30 30 25 31
leaf_count=23 24 31 23 30 30 25 31
internal_value=-4.63876 222.618 -128.176 -229.708 18.8568 -459.008 247.736
internal_weight=217 108 77 109 79 49 54
internal_count=217 108 77 109 79 49 54
is_linear=0
shrinkage=0.04


Tree=239
num_leaves=8
num_cat=0
split_feature=0 1 1 0 4 3 4
split_gain=7.21628e+09 2.85576e+10 8.59513e+09 2.21851e+10 2.96162e+10 2.12466e+10 1.33406e+10
threshold=3505.0000000000005 855174.75000000012 697870.61403508787 1673.0000000000002 1.0000000180025095e-35 322.67108753315654 1.0000000180025095e-35
decision_type=2 2 2 2 2 2 2
left_child=1 2 3 4 -1 -4 -7
right_child=-2 -3 5 -5 -6 6 -8
leaf_value=612.19790221704079 615.08797026052503 -1192.1516394127218 829.85290633828356 1263.1557320730114 -1045.8624477493645 -1266.1834511827601 -74.383391299416189
leaf_weight=39 22 27 20 26 24 21 38
leaf_count=39 22 27 20 26 24 21 38
internal_value=-4.65488 -86.9802 117.336 378.269 -47.2916 -181.209 -558.752
internal_weight=217 195 168 89 63 79 59
internal_count=217 195 168 89 63 79 59
is_linear=0
shrinkage=0.04


Tree=240
num_leaves=8
num_cat=0
split_feature=3 1 0 0 1 2 1
split_gain=6.92114e+09 1.92759e+10 2.17457e+10 2.46898e+10 2.01312e+10 1.25196e+10 1.80225e+10
threshold=550.02336448598146 855174.75000000012 1557.5000000000002 1076.5000000000002 732355.23214285728 48724.750000000007 697870.61403508787
decision_type=2 2 2 2 2 2 2
left_child=1 2 3 -1 -4 6 -2
right_child=5 -3 4 -5 -6 -7 -8
leaf_value=-173.32504510041321 1.4570666696906491 1184.9984089573165 125.34874956359783 1373.8912013474626 -1316.4131179930707 335.19028964488609 -1459.9064920906696
leaf_weight=39 30 20 30 23 26 29 20
leaf_count=39 30 20 30 23 26 29 20
internal_value=-4.68044 164.847 -45.5629 455.228 -592.569 -293.68 -655.965
internal_weight=217 138 118 62 56 79 50
internal_count=217 138 118 62 56 79 50
is_linear=0
shrinkage=0.04


Tree=241
num_leaves=7
num_cat=0
split_feature=0 1 3 1 1 4
split_gain=6.89883e+09 2.74666e+10 7.75e+09 1.27446e+10 3.50216e+10 2.55883e+10
threshold=3505.0000000000005 855174.75000000012 254.57400932400938 697870.61403508787 585820.83333333337 1.0000000180025095e-35
decision_type=2 2 2 2 2 2
left_child=1 2 -1 4 -4 -5
right_child=-2 -3 3 5 -6 -7
leaf_value=730.55782718413059 601.52054523111303 -1168.7900681918547 -277.18247096181608 -1349.2863492833235 1416.6725182671914 183.40769101625452
leaf_weight=23 22 27 51 23 26 45
leaf_count=23 22 27 51 23 26 45
internal_value=-4.43483 -84.9313 115.435 -1.3567 341.808 -387.012
internal_weight=217 195 168 145 77 68
internal_count=217 195 168 145 77 68
is_linear=0
shrinkage=0.04


Tree=242
num_leaves=8
num_cat=0
split_feature=4 1 0 0 1 4 1
split_gain=6.83592e+09 2.12039e+10 6.27581e+10 2.7267e+10 8.85941e+09 1.81447e+10 1.30636e+10
threshold=173.03671328671331 659677.69736842124 1490.2500000000002 1221.2500000000002 829324.87500000012 402.38927738927742 714897.0238095239
decision_type=2 2 2 2 2 2 2
left_child=1 3 -3 -1 5 6 -2
right_child=4 2 -4 -5 -6 -7 -8
leaf_value=474.42004863848808 -1017.8885688073432 -301.11072233805334 2191.114882599124 -1305.6052487482132 -757.41323044561477 724.28418174706201 206.33524431117493
leaf_weight=25 25 39 22 22 30 30 24
leaf_count=25 25 39 22 22 30 30 24
internal_value=-4.14517 216.865 687.254 -400.401 -223.043 10.0202 -451.622
internal_weight=217 108 61 47 109 79 49
internal_count=217 108 61 47 109 79 49
is_linear=0
shrinkage=0.04


Tree=243
num_leaves=7
num_cat=0
split_feature=7 1 0 1 0 3
split_gain=6.94139e+09 1.72933e+10 2.00745e+10 1.65479e+10 1.65841e+10 1.34189e+10
threshold=1.0000000180025095e-35 855174.75000000012 2785.5000000000005 659677.69736842124 1221.2500000000002 689.23706293706311
decision_type=2 2 2 2 2 2
left_child=1 2 3 5 -5 -1
right_child=-2 -3 -4 4 -6 -7
leaf_value=-720.77164646740971 -611.45917140700124 851.30471024885412 -1086.7378910373379 -230.86148589819058 948.33073324672932 421.87301544273686
leaf_weight=45 22 33 23 29 44 21
leaf_count=45 22 33 23 29 44 21
internal_value=-3.80383 77.1062 -99.5115 93.0521 493.797 -353.45
internal_weight=217 195 162 139 73 66
internal_count=217 195 162 139 73 66
is_linear=0
shrinkage=0.04


Tree=244
num_leaves=8
num_cat=0
split_feature=3 1 0 0 1 0 3
split_gain=6.96643e+09 1.83047e+10 2.05248e+10 2.27503e+10 1.99139e+10 1.22648e+10 6.23846e+09
threshold=550.02336448598146 855174.75000000012 1557.5000000000002 1076.5000000000002 732355.23214285728 2452.0000000000005 892.6025641025642
decision_type=2 2 2 2 2 2 2
left_child=1 2 3 -1 -4 6 -2
right_child=5 -3 4 -5 -6 -7 -8
leaf_value=-157.14214361975795 -385.59156002992592 1160.1495316648911 141.04951605126914 1328.821742968159 -1290.9508730597117 -1024.3845669253683 387.37722847320083
leaf_weight=39 27 20 30 23 26 21 31
leaf_count=39 27 20 30 23 26 21 31
internal_value=-4.00281 166.064 -39.1706 447.164 -570.766 -293.96 25.6766
internal_weight=217 138 118 62 56 79 58
internal_count=217 138 118 62 56 79 58
is_linear=0
shrinkage=0.04


Tree=245
num_leaves=8
num_cat=0
split_feature=0 1 1 0 4 3 0
split_gain=6.98963e+09 2.75252e+10 7.55025e+09 2.11281e+10 2.77049e+10 1.84253e+10 1.15141e+10
threshold=3505.0000000000005 855174.75000000012 697870.61403508787 1673.0000000000002 1.0000000180025095e-35 322.67108753315654 1870.0000000000002
decision_type=2 2 2 2 2 2 2
left_child=1 2 3 4 -1 -4 -7
right_child=-2 -3 5 -5 -6 6 -8
leaf_value=583.9908382615929 606.20238852024647 -1169.7692939927024 777.00268906808594 1223.8930048686013 -1019.7408976695411 16.298182484353813 -1058.3660955728294
leaf_weight=39 22 27 20 26 24 32 27
leaf_count=39 22 27 20 26 24 32 27
internal_value=-3.71208 -84.7516 115.821 360.29 -54.4373 -164.206 -515.985
internal_weight=217 195 168 89 63 79 59
internal_count=217 195 168 89 63 79 59
is_linear=0
shrinkage=0.04


Tree=246
num_leaves=8
num_cat=0
split_feature=3 1 0 0 1 2 1
split_gain=6.70306e+09 1.77851e+10 1.91972e+10 2.13364e+10 1.7804e+10 1.21626e+10 1.61886e+10
threshold=550.02336448598146 855174.75000000012 1557.5000000000002 1076.5000000000002 732355.23214285728 48724.750000000007 697870.61403508787
decision_type=2 2 2 2 2 2 2
left_child=1 2 3 -1 -4 6 -2
right_child=5 -3 4 -5 -6 -7 -8
leaf_value=-153.74391342031092 -18.969281109038132 1143.0945606543862 121.511881860611 1285.1740491910784 -1233.9192842533228 331.68224179432303 -1407.1172034623664
leaf_weight=39 30 20 30 23 26 29 20
leaf_count=39 30 20 30 23 26 29 20
internal_value=-3.59681 163.217 -39.066 431.322 -553.142 -288.027 -645.148
internal_weight=217 138 118 62 56 79 50
internal_count=217 138 118 62 56 79 50
is_linear=0
shrinkage=0.04


Tree=247
num_leaves=6
num_cat=0
split_feature=0 1 3 8 1
split_gain=6.67278e+09 2.64725e+10 7.26775e+09 1.28971e+10 2.55738e+10
threshold=3505.0000000000005 855174.75000000012 254.57400932400938 1.0000000180025095e-35 697870.61403508787
decision_type=2 2 2 2 2
left_child=1 2 -1 4 -4
right_child=-2 -3 3 -5 -6
leaf_value=709.78136273721987 592.52783129458896 -1146.6578488061721 684.10052840791741 -783.53034760434082 -438.35344507764478
leaf_weight=23 22 27 66 23 56
leaf_count=23 22 27 66 23 56
internal_value=-3.39742 -82.5834 114.104 0.934542 171.634
internal_weight=217 195 168 145 122
internal_count=217 195 168 145 122
is_linear=0
shrinkage=0.04


Tree=248
num_leaves=8
num_cat=0
split_feature=0 0 4 5 0 1 2
split_gain=6.65126e+09 1.35723e+10 1.27748e+10 2.4251e+10 1.97766e+10 1.58566e+10 9.62343e+08
threshold=3112.5000000000005 2381.3350000000005 173.03671328671331 1.5000000000000002 1490.2500000000002 577970.68333333347 27598.525000000005
decision_type=2 2 2 2 2 2 2
left_child=1 2 4 6 5 -1 -4
right_child=-2 -3 3 -5 -6 -7 -8
leaf_value=733.17269308682023 -532.6225438609564 804.50227503715098 -65.43596369786313 -1376.1351534151443 1216.6510946862063 -475.44222850131678 281.02772050833272
leaf_weight=21 28 30 23 24 20 50 21
leaf_count=21 28 30 23 24 20 50 21
internal_value=-3.57482 85.4597 -68.7787 -467.329 237.095 -95.382 110.742
internal_weight=217 189 159 68 91 71 44
internal_count=217 189 159 68 91 71 44
is_linear=0
shrinkage=0.04


Tree=249
num_leaves=9
num_cat=0
split_feature=2 1 1 2 3 3 0 10
split_gain=6.63279e+09 3.51895e+10 3.58814e+10 1.35426e+10 1.22035e+10 1.45271e+10 7.49279e+09 6.13492e+08
threshold=41923.490000000013 855174.75000000012 732355.23214285728 38509.670000000006 397.60591900311528 254.57400932400938 1490.2500000000002 1.0000000180025095e-35
decision_type=2 2 2 2 2 2 2 2
left_child=3 2 -2 4 5 -1 7 -6
right_child=1 -3 -4 -5 6 -7 -8 -9
leaf_value=214.65063360497925 581.79796092579295 1423.9152936220489 -1328.4910273496785 -948.03702008680557 155.40368664285626 -1073.1245739292347 857.08107652903232 -127.57287696732861
leaf_weight=26 31 24 24 24 20 23 25 20
leaf_count=26 31 24 24 24 20 23 25 20
internal_value=-2.95164 280.115 -289.525 -168.758 25.3309 -429.561 373.907 15.334
internal_weight=217 79 55 138 114 49 65 40
internal_count=217 79 55 138 114 49 65 40
is_linear=0
shrinkage=0.04


Tree=250
num_leaves=8
num_cat=0
split_feature=3 2 0 0 4 10 1
split_gain=6.75733e+09 1.55318e+10 2.84492e+10 1.29031e+10 1.00001e+10 8.29742e+09 6.0557e+09
threshold=1061.0000000000002 41923.490000000013 2785.5000000000005 1913.0000000000002 100.78580901856766 1.0000000180025095e-35 697870.61403508787
decision_type=2 2 2 2 2 2 2
left_child=1 3 -3 4 5 -1 -6
right_child=-2 2 -4 -5 6 -7 -8
leaf_value=-64.785824504710149 -526.92478138378817 -298.14358878482159 1476.8782863588126 -970.3664824817173 -729.16479267436375 833.87451425166341 56.805313686834381
leaf_weight=32 29 25 26 20 26 28 31
leaf_count=32 29 25 26 20 26 28 31
internal_value=-3.03387 88.2997 653.53 -136.33 37.1664 383.751 -329.055
internal_weight=217 188 51 137 117 60 57
internal_count=217 188 51 137 117 60 57
is_linear=0
shrinkage=0.04


Tree=251
num_leaves=7
num_cat=0
split_feature=0 0 4 0 5 1
split_gain=7.11893e+09 1.2469e+10 1.14171e+10 2.02047e+10 1.35554e+10 1.33406e+10
threshold=3112.5000000000005 2381.3350000000005 212.43006993006995 1459.0000000000002 1.5000000000000002 577970.68333333347
decision_type=2 2 2 2 2 2
left_child=1 2 3 5 -4 -1
right_child=-2 -3 4 -5 -6 -7
leaf_value=579.97390971287712 -550.43723136019582 778.13230507188302 -1.3208686755115959 1154.004285209473 -1193.0872757080774 -467.20993869936262
leaf_weight=25 28 30 38 22 21 53
leaf_count=25 28 30 38 22 21 53
internal_value=-3.0944 89.0048 -59.0138 199.705 -480.455 -118.133
internal_weight=217 189 159 100 59 78
internal_count=217 189 159 100 59 78
is_linear=0
shrinkage=0.04


Tree=252
num_leaves=6
num_cat=0
split_feature=7 1 4 0 1
split_gain=6.79077e+09 1.54901e+10 1.80975e+10 3.82067e+10 3.62535e+10
threshold=1.0000000180025095e-35 855174.75000000012 402.38927738927742 2452.0000000000005 659677.69736842124
decision_type=2 2 2 2 2
left_child=1 2 3 4 -1
right_child=-2 -3 -4 -5 -6
leaf_value=-690.36583589064742 -603.77097115120591 809.95340939082325 730.87707726767155 -1656.8901203925125 706.34224008094918
leaf_weight=53 22 33 30 22 57
leaf_count=53 22 33 30 22 57
internal_value=-2.72462 77.2818 -89.98 -294.64 32.6929
internal_weight=217 195 162 132 110
internal_count=217 195 162 132 110
is_linear=0
shrinkage=0.04


Tree=253
num_leaves=7
num_cat=0
split_feature=0 0 4 0 1 5
split_gain=6.68634e+09 1.23189e+10 1.12588e+10 1.91556e+10 1.33021e+10 1.24519e+10
threshold=3112.5000000000005 2381.3350000000005 212.43006993006995 1459.0000000000002 577970.68333333347 1.5000000000000002
decision_type=2 2 2 2 2 2
left_child=1 2 3 4 -1 -4
right_child=-2 -3 5 -5 -6 -7
leaf_value=583.24182324807987 -533.64114205992769 771.0592690642884 -18.194120319849826 1125.1671856483924 -462.32174487188132 -1162.4959800106246
leaf_weight=25 28 30 38 22 53 21
leaf_count=25 28 30 38 22 53 21
internal_value=-3.1927 86.0683 -60.9951 195.998 -113.556 -479.455
internal_weight=217 189 159 100 78 59
internal_count=217 189 159 100 78 59
is_linear=0
shrinkage=0.04


Tree=254
num_leaves=6
num_cat=0
split_feature=0 1 3 8 1
split_gain=6.53789e+09 2.7087e+10 6.7208e+09 1.19528e+10 2.22759e+10
threshold=3505.0000000000005 855174.75000000012 254.57400932400938 1.0000000180025095e-35 697870.61403508787
decision_type=2 2 2 2 2
left_child=1 2 -1 4 -4
right_child=-2 -3 3 -5 -6
leaf_value=690.52634859321336 587.04293660129758 -1157.593919266488 650.69962307246647 -746.81357418147161 -397.15194108869031
leaf_weight=23 22 27 66 23 56
leaf_count=23 22 27 66 23 56
internal_value=-2.81672 -81.2091 117.693 8.62107 172.727
internal_weight=217 195 168 145 122
internal_count=217 195 168 145 122
is_linear=0
shrinkage=0.04


Tree=255
num_leaves=9
num_cat=0
split_feature=1 2 4 5 8 0 2 0
split_gain=6.95655e+09 2.47113e+10 1.66872e+10 4.93692e+10 1.15004e+10 9.43334e+09 8.69258e+09 1.37989e+10
threshold=554269.08076923084 29122.845000000005 140.5981308411215 1.5000000000000002 1.0000000180025095e-35 1221.2500000000002 42300.020000000011 1661.0000000000002
decision_type=2 2 2 2 2 2 2 2
left_child=1 -1 3 5 6 -2 7 -4
right_child=2 -3 4 -5 -6 -7 -8 -9
leaf_value=467.88528305317641 232.62105911348246 -1292.0712940720634 -462.30934279132185 1808.5642190187075 -993.05784158941071 -774.74281417326131 -563.33621975508436 781.12630119119376
leaf_weight=22 32 21 20 26 20 21 24 31
leaf_count=22 32 21 20 26 20 21 24 31
internal_value=-3.01008 -432.942 111.546 526.06 -241.428 -196.162 4.25418 295.574
internal_weight=217 43 174 79 95 53 75 51
internal_count=217 43 174 79 95 53 75 51
is_linear=0
shrinkage=0.04


Tree=256
num_leaves=6
num_cat=0
split_feature=7 1 4 0 1
split_gain=6.58431e+09 1.53695e+10 1.82758e+10 3.58825e+10 3.48454e+10
threshold=1.0000000180025095e-35 855174.75000000012 402.38927738927742 2452.0000000000005 659677.69736842124
decision_type=2 2 2 2 2
left_child=1 2 3 4 -1
right_child=-2 -3 -4 -5 -6
leaf_value=-687.71736443811665 -595.36414184015564 805.08987672435092 733.61405456494435 -1617.0905521694563 681.56511270697308
leaf_weight=53 22 33 30 22 57
leaf_count=53 22 33 30 22 57
internal_value=-3.54172 75.2565 -91.3103 -296.955 20.711
internal_weight=217 195 162 132 110
internal_count=217 195 162 132 110
is_linear=0
shrinkage=0.04


Tree=257
num_leaves=7
num_cat=0
split_feature=0 0 4 0 1 5
split_gain=6.39521e+09 1.2154e+10 9.98545e+09 1.846e+10 1.28418e+10 1.16221e+10
threshold=3112.5000000000005 2381.3350000000005 212.43006993006995 1459.0000000000002 577970.68333333347 1.5000000000000002
decision_type=2 2 2 2 2 2
left_child=1 2 3 4 -1 -4
right_child=-2 -3 5 -5 -6 -7
leaf_value=561.75171055418809 -522.71339100320995 763.76549683942494 -11.727708568311517 1091.8787219922363 -465.86940718745973 -1116.5189445988276
leaf_weight=25 28 30 38 22 53 21
leaf_count=25 28 30 38 22 53 21
internal_value=-3.95749 83.3556 -62.665 179.521 -123.72 -456.645
internal_weight=217 189 159 100 78 59
internal_count=217 189 159 100 78 59
is_linear=0
shrinkage=0.04


Tree=258
num_leaves=7
num_cat=0
split_feature=0 1 0 1 1 4
split_gain=6.70215e+09 2.63248e+10 6.7936e+09 1.58784e+10 2.57568e+10 1.68308e+10
threshold=3505.0000000000005 855174.75000000012 906.00000000000011 697870.61403508787 585820.83333333337 120.57943925233646
decision_type=2 2 2 2 2 2
left_child=1 2 -1 4 -4 -5
right_child=-2 -3 3 5 -6 -7
leaf_value=-360.62116892884478 593.68558902598352 -1144.0035853215816 77.713930023254377 -979.99568749818252 1717.8225450337566 250.706432182035
leaf_weight=34 22 27 42 22 20 50
leaf_count=34 22 27 42 22 20 50
internal_value=-3.55276 -82.9099 113.241 241.354 687.901 -161.17
internal_weight=217 195 168 134 62 72
internal_count=217 195 168 134 62 72
is_linear=0
shrinkage=0.04


Tree=259
num_leaves=7
num_cat=0
split_feature=0 1 0 1 1 4
split_gain=6.26186e+09 2.45565e+10 6.32817e+09 1.48733e+10 2.41143e+10 1.57093e+10
threshold=3505.0000000000005 855174.75000000012 906.00000000000011 697870.61403508787 585820.83333333337 120.57943925233646
decision_type=2 2 2 2 2 2
left_child=1 2 -1 4 -4 -5
right_child=-2 -3 3 5 -6 -7
leaf_value=-347.89574261832723 574.0010200886303 -1104.8312044359188 74.908689628227705 -947.50231576112708 1661.8232972556486 241.51304038075301
leaf_weight=34 22 27 42 22 20 50
leaf_count=34 22 27 42 22 20 50
internal_value=-3.28331 -79.9925 109.455 233.098 665.286 -156.454
internal_weight=217 195 168 134 62 72
internal_count=217 195 168 134 62 72
is_linear=0
shrinkage=0.04


Tree=260
num_leaves=7
num_cat=0
split_feature=0 0 4 0 2 5
split_gain=6.50985e+09 1.15233e+10 9.92582e+09 1.6302e+10 1.29947e+10 1.11297e+10
threshold=3112.5000000000005 2381.3350000000005 212.43006993006995 1459.0000000000002 24266.135000000006 1.5000000000000002
decision_type=2 2 2 2 2 2
left_child=1 2 3 4 -1 -4
right_child=-2 -3 5 -5 -6 -7
leaf_value=465.55438850729581 -526.43052644700833 747.53101213168975 -14.401969432671892 1041.1851413884481 -522.17504198476036 -1095.8954348146997
leaf_weight=33 28 30 38 22 45 21
leaf_count=33 28 30 38 22 45 21
internal_value=-3.02735 85.0453 -57.2365 184.063 -101.667 -450.146
internal_weight=217 189 159 100 78 59
internal_count=217 189 159 100 78 59
is_linear=0
shrinkage=0.04


Tree=261
num_leaves=9
num_cat=0
split_feature=2 1 1 0 2 1 2 1
split_gain=6.32019e+09 3.16326e+10 3.35664e+10 1.52117e+10 1.25473e+10 1.87288e+10 1.61261e+10 1.56875e+09
threshold=41923.490000000013 855174.75000000012 732355.23214285728 1503.0000000000002 26733.170000000002 577970.68333333347 23601.090000000004 714897.0238095239
decision_type=2 2 2 2 2 2 2 2
left_child=3 2 -2 4 5 -1 -7 -5
right_child=1 -3 -4 7 -6 6 -8 -9
leaf_value=736.27535824497522 574.50358372590574 1357.7307405432891 -1272.6253410342356 -887.20838438581711 852.7786794504774 182.83895758277259 -1266.44048680533 -331.75043762915158
leaf_weight=21 31 24 24 28 24 21 22 22
leaf_count=21 31 24 24 28 24 21 22 22
internal_value=-2.82808 273.486 -267.1 -164.681 153.462 -147.903 -608.791 -690.773
internal_weight=217 79 55 138 88 64 43 50
internal_count=217 79 55 138 88 64 43 50
is_linear=0
shrinkage=0.04


Tree=262
num_leaves=9
num_cat=0
split_feature=1 2 4 5 8 0 2 0
split_gain=6.60075e+09 2.27288e+10 1.61667e+10 4.60253e+10 1.04823e+10 9.52037e+09 7.8308e+09 1.22892e+10
threshold=554269.08076923084 29122.845000000005 140.5981308411215 1.5000000000000002 1.0000000180025095e-35 1221.2500000000002 42300.020000000011 1661.0000000000002
decision_type=2 2 2 2 2 2 2 2
left_child=1 -1 3 5 6 -2 7 -4
right_child=2 -3 4 -5 -6 -7 -8 -9
leaf_value=443.18043375755565 248.11831001961502 -1245.2049613320705 -441.21774083939658 1755.0234232903238 -956.15981319638365 -763.04818013391446 -541.86409279719135 731.84613835217806
leaf_weight=22 32 21 20 26 20 21 24 31
leaf_count=22 32 21 20 26 20 21 24 31
internal_value=-2.75914 -421.556 108.826 516.841 -238.57 -181.13 -3.55339 273.359
internal_weight=217 43 174 79 95 53 75 51
internal_count=217 43 174 79 95 53 75 51
is_linear=0
shrinkage=0.04


Tree=263
num_leaves=6
num_cat=0
split_feature=7 0 3 1 1
split_gain=6.33623e+09 1.53344e+10 1.90515e+10 3.41839e+10 1.65584e+10
threshold=1.0000000180025095e-35 3249.8500000000004 892.6025641025642 829324.87500000012 554269.08076923084
decision_type=2 2 2 2 2
left_child=1 2 3 4 -1
right_child=-2 -3 -4 -5 -6
leaf_value=-756.06126975720565 -583.84953615119207 989.55999775808118 673.28084213594252 -1577.2067087773239 297.5513974176996
leaf_weight=28 22 21 39 22 85
leaf_count=28 22 21 39 22 85
internal_value=-3.27948 74.0161 -58.837 -285.364 17.3575
internal_weight=217 195 174 135 113
internal_count=217 195 174 135 113
is_linear=0
shrinkage=0.04


Tree=264
num_leaves=8
num_cat=0
split_feature=0 0 5 4 3 3 2
split_gain=6.76179e+09 1.05177e+10 9.32839e+09 1.88242e+10 4.42062e+09 3.83058e+09 2.33469e+09
threshold=3112.5000000000005 2381.3350000000005 1.5000000000000002 173.03671328671331 443.50795755968176 297.75664989216398 37676.505000000012
decision_type=2 2 2 2 2 2 2
left_child=1 2 4 -4 5 -1 -6
right_child=-2 -3 3 -5 6 -7 -8
leaf_value=159.82402199717404 -537.35171360062736 718.72335815378108 335.76538413181726 -1185.6806488870191 150.07101877655435 -511.35407528614934 645.31872965678281
leaf_weight=27 28 30 21 24 45 20 22
leaf_count=27 28 30 21 24 45 20 22
internal_value=-3.93268 85.8452 -50.2055 -509.974 143.864 -145.672 343.326
internal_weight=217 189 159 45 114 47 67
internal_count=217 189 159 45 114 47 67
is_linear=0
shrinkage=0.04


Tree=265
num_leaves=8
num_cat=0
split_feature=3 2 0 0 3 11 3
split_gain=6.83979e+09 1.37504e+10 2.55388e+10 1.20878e+10 8.87219e+09 1.0849e+10 9.83833e+09
threshold=1061.0000000000002 41923.490000000013 2785.5000000000005 1913.0000000000002 397.60591900311528 1.0000000180025095e-35 254.57400932400938
decision_type=2 2 2 2 2 2 2
left_child=1 3 -3 4 6 -6 -1
right_child=-2 2 -4 -5 5 -7 -8
leaf_value=209.74274605971007 -531.01992213568053 -282.0375293611703 1399.7946252150423 -930.85664562718262 782.98543762379745 -201.43952963838427 -820.1943142648787
leaf_weight=26 29 25 26 20 35 30 26
leaf_count=26 29 25 26 20 35 30 26
internal_value=-3.95957 87.9479 619.71 -123.537 44.0866 345.149 -329.738
internal_weight=217 188 51 137 117 65 52
internal_count=217 188 51 137 117 65 52
is_linear=0
shrinkage=0.04


Tree=266
num_leaves=7
num_cat=0
split_feature=0 0 1 10 5 0
split_gain=6.68848e+09 1.01272e+10 1.62908e+10 1.01585e+10 1.99412e+10 7.17774e+09
threshold=3112.5000000000005 1973.0000000000002 732355.23214285728 1.0000000180025095e-35 1.5000000000000002 1428.5000000000002
decision_type=2 2 2 2 2 2
left_child=1 3 -3 4 5 -1
right_child=-2 2 -4 -5 -6 -7
leaf_value=334.23928780974569 -534.62256081362227 1311.1021175007222 -145.17997659029064 451.6117095068883 -1188.1195671096439 -376.50829164382958
leaf_weight=49 28 20 23 38 24 35
leaf_count=49 28 20 23 38 24 35
internal_value=-4.10698 85.1868 592.692 -77.6525 -274.583 33.9732
internal_weight=217 189 43 146 108 84
internal_count=217 189 43 146 108 84
is_linear=0
shrinkage=0.04


Tree=267
num_leaves=7
num_cat=0
split_feature=0 0 1 10 5 0
split_gain=6.23365e+09 9.49049e+09 1.52431e+10 9.46729e+09 1.86123e+10 6.67068e+09
threshold=3112.5000000000005 1973.0000000000002 732355.23214285728 1.0000000180025095e-35 1.5000000000000002 1428.5000000000002
decision_type=2 2 2 2 2 2
left_child=1 3 -3 4 5 -1
right_child=-2 2 -4 -5 -6 -7
leaf_value=322.0035456931011 -516.2216740326719 1268.3615555780978 -140.33019863910997 435.47538281078431 -1148.1557320072013 -363.1774163352527
leaf_weight=49 28 20 23 38 24 35
leaf_count=49 28 20 23 38 24 35
internal_value=-4.06361 82.1426 573.438 -75.486 -265.585 32.5275
internal_weight=217 189 43 146 108 84
internal_count=217 189 43 146 108 84
is_linear=0
shrinkage=0.04


Tree=268
num_leaves=7
num_cat=0
split_feature=0 1 0 0 5 0
split_gain=6.32677e+09 2.26396e+10 7.15763e+09 1.40147e+10 1.25131e+10 9.31019e+09
threshold=3505.0000000000005 855174.75000000012 906.00000000000011 1503.0000000000002 1.0000000180025095e-35 1673.0000000000002
decision_type=2 2 2 2 2 2
left_child=1 2 -1 4 -4 -5
right_child=-2 -3 3 5 -6 -7
leaf_value=-384.79340493232115 576.26639138427993 -1065.0789266470147 -55.808403924577433 -726.12349326820924 1157.9202601087638 167.21512037905447
leaf_weight=34 22 27 21 22 32 59
leaf_count=34 22 27 21 22 32 59
internal_value=-4.01752 -81.109 100.897 232.704 710.555 -101.085
internal_weight=217 195 168 134 53 81
internal_count=217 195 168 134 53 81
is_linear=0
shrinkage=0.04


Tree=269
num_leaves=7
num_cat=0
split_feature=1 0 0 0 0 1
split_gain=6.36045e+09 4.60314e+10 8.13042e+09 9.97714e+09 1.29817e+10 6.59069e+09
threshold=855174.75000000012 2927.0000000000005 906.00000000000011 1503.0000000000002 1939.0000000000002 697870.61403508787
decision_type=2 2 2 2 2 2
left_child=1 2 -1 5 -5 -4
right_child=-2 -3 3 4 -6 -7
leaf_value=-371.21505802845599 443.13525206373015 -1681.9939554482908 1091.8980027192943 -465.72854389756975 554.36743715637306 193.50389999622357
leaf_weight=34 37 21 26 41 31 27
leaf_count=34 37 21 26 41 31 27
internal_value=-4.1277 -104.706 144.531 292.908 -19.6889 685.611
internal_weight=217 180 159 125 72 53
internal_count=217 180 159 125 72 53
is_linear=0
shrinkage=0.04


Tree=270
num_leaves=7
num_cat=0
split_feature=0 1 0 1 1 4
split_gain=6.43122e+09 2.16369e+10 6.2582e+09 1.2536e+10 2.12092e+10 1.57777e+10
threshold=3505.0000000000005 855174.75000000012 906.00000000000011 697870.61403508787 585820.83333333337 120.57943925233646
decision_type=2 2 2 2 2 2
left_child=1 2 -1 4 -4 -5
right_child=-2 -3 3 5 -6 -7
leaf_value=-358.11583977096802 580.90028348569967 -1043.7826513750238 63.165946046832005 -931.99092301584369 1550.5546741442727 259.06589153470657
leaf_weight=34 22 27 42 22 20 50
leaf_count=34 22 27 42 22 20 50
internal_value=-4.15611 -81.8792 96.1128 219.325 616.036 -138.567
internal_weight=217 195 168 134 62 72
internal_count=217 195 168 134 62 72
is_linear=0
shrinkage=0.04


Tree=271
num_leaves=7
num_cat=0
split_feature=1 0 0 0 0 0
split_gain=6.51857e+09 4.32861e+10 7.0865e+09 9.5456e+09 1.22272e+10 5.79013e+09
threshold=855174.75000000012 2927.0000000000005 906.00000000000011 1503.0000000000002 1939.0000000000002 1188.5000000000002
decision_type=2 2 2 2 2 2
left_child=1 2 -1 5 -5 -4
right_child=-2 -3 3 4 -6 -7
leaf_value=-345.47884526381762 448.89067230034175 -1635.1917086312023 233.1401521218859 -462.77174940907958 527.29875987674711 1083.8903558155189
leaf_weight=34 37 21 30 41 31 23
leaf_count=34 37 21 30 41 31 23
internal_value=-3.89165 -105.719 136.079 274.582 -30.4986 658.732
internal_weight=217 180 159 125 72 53
internal_count=217 180 159 125 72 53
is_linear=0
shrinkage=0.04


Tree=272
num_leaves=8
num_cat=0
split_feature=0 11 1 5 0 2 3
split_gain=6.50302e+09 2.19601e+10 3.06274e+10 5.18498e+10 2.51631e+10 1.83657e+10 8.97335e+09
threshold=3505.0000000000005 1.0000000180025095e-35 659677.69736842124 1.5000000000000002 1490.2500000000002 23601.090000000004 689.23706293706311
decision_type=2 2 2 2 2 2 2
left_child=1 4 -3 -4 5 -1 -7
right_child=-2 2 3 -5 -6 6 -8
leaf_value=714.69915497995464 584.44744095315616 369.83367383212072 -15.969422376595771 -2300.7966123624801 1126.5886096996906 -1124.5647628740044 5.5540725446661101
leaf_weight=21 22 38 36 24 35 21 20
leaf_count=21 22 38 36 24 35 21 20
internal_value=-3.85914 -82.0213 -493.275 -1027.47 336.95 -155.273 -627.699
internal_weight=217 195 98 60 97 62 41
internal_count=217 195 98 60 97 62 41
is_linear=0
shrinkage=0.04


Tree=273
num_leaves=8
num_cat=0
split_feature=3 2 0 0 3 1 3
split_gain=6.59421e+09 1.43948e+10 2.44226e+10 1.18946e+10 8.29633e+09 1.04237e+10 9.23854e+09
threshold=1061.0000000000002 41923.490000000013 2785.5000000000005 1913.0000000000002 397.60591900311528 659677.69736842124 254.57400932400938
decision_type=2 2 2 2 2 2 2
left_child=1 3 -3 4 6 -6 -1
right_child=-2 2 -4 -5 5 -7 -8
leaf_value=198.48494683874844 -521.73501580683273 -254.77948111153964 1392.4232332688146 -931.04244934161488 -129.90726078612994 836.30043085529553 -800.04425048839335
leaf_weight=26 29 25 26 20 36 29 26
leaf_count=26 29 25 26 20 36 29 26
internal_value=-4.22965 86.0197 630.154 -130.258 36.2967 327.629 -324.935
internal_weight=217 188 51 137 117 65 52
internal_count=217 188 51 137 117 65 52
is_linear=0
shrinkage=0.04


Tree=274
num_leaves=6
num_cat=0
split_feature=7 1 4 0 1
split_gain=6.32684e+09 1.62642e+10 1.88818e+10 3.46438e+10 3.46835e+10
threshold=1.0000000180025095e-35 855174.75000000012 402.38927738927742 2452.0000000000005 659677.69736842124
decision_type=2 2 2 2 2
left_child=1 2 3 4 -1
right_child=-2 -3 -4 -5 -6
leaf_value=-700.57302390271877 -584.35444721906458 823.85666102102289 740.48028043273519 -1604.2403388535627 665.50524484116818
leaf_weight=53 22 33 30 22 57
leaf_count=53 22 33 30 22 57
internal_value=-4.23287 73.0247 -98.2146 -307.113 5.62418
internal_weight=217 195 162 132 110
internal_count=217 195 162 132 110
is_linear=0
shrinkage=0.04


Tree=275
num_leaves=8
num_cat=0
split_feature=3 2 0 0 3 11 3
split_gain=6.19569e+09 1.33471e+10 2.34548e+10 1.08385e+10 7.868e+09 9.15199e+09 8.54635e+09
threshold=1061.0000000000002 41923.490000000013 2785.5000000000005 1913.0000000000002 397.60591900311528 1.0000000180025095e-35 254.57400932400938
decision_type=2 2 2 2 2 2 2
left_child=1 3 -3 4 6 -6 -1
right_child=-2 2 -4 -5 5 -7 -8
leaf_value=186.02885340962357 -506.21852782051525 -258.99322151651097 1354.105907441148 -889.77527476567991 719.54760376989827 -184.64660324547637 -774.86506079155811
leaf_weight=26 29 25 26 20 35 30 26
leaf_count=26 29 25 26 20 35 30 26
internal_value=-4.60409 82.8859 606.843 -125.374 33.6523 317.42 -318.062
internal_weight=217 188 51 137 117 65 52
internal_count=217 188 51 137 117 65 52
is_linear=0
shrinkage=0.04


Tree=276
num_leaves=7
num_cat=0
split_feature=0 0 5 4 2 0
split_gain=6.36558e+09 9.70987e+09 7.08223e+09 1.70225e+10 4.43016e+09 9.66263e+09
threshold=3112.5000000000005 2381.3350000000005 1.5000000000000002 173.03671328671331 37676.505000000012 1428.5000000000002
decision_type=2 2 2 2 2 2
left_child=1 2 4 -4 5 -1
right_child=-2 -3 3 -5 -6 -7
leaf_value=217.54582332710373 -522.24871035915157 690.50265845177898 350.48885803461735 -1092.7117394863569 527.14231385074027 -690.54521351373819
leaf_weight=66 28 30 21 24 27 21
leaf_count=66 28 30 21 24 27 21
internal_value=-4.71081 82.4151 -48.3044 -448.823 120.931 -25.0288
internal_weight=217 189 159 45 114 87
internal_count=217 189 159 45 114 87
is_linear=0
shrinkage=0.04


Tree=277
num_leaves=6
num_cat=0
split_feature=7 1 4 0 1
split_gain=6.03548e+09 1.49669e+10 1.83826e+10 3.33387e+10 3.20444e+10
threshold=1.0000000180025095e-35 855174.75000000012 402.38927738927742 2452.0000000000005 659677.69736842124
decision_type=2 2 2 2 2
left_child=1 2 3 4 -1
right_child=-2 -3 -4 -5 -6
leaf_value=-672.05989150818584 -571.53933093370154 790.7854007712267 733.65988985227216 -1572.4092881134584 641.01642996268947
leaf_weight=53 22 33 30 22 57
leaf_count=53 22 33 30 22 57
internal_value=-4.94855 70.5256 -93.7542 -299.947 6.79064
internal_weight=217 195 162 132 110
internal_count=217 195 162 132 110
is_linear=0
shrinkage=0.04


Tree=278
num_leaves=7
num_cat=0
split_feature=0 0 10 5 0 1
split_gain=5.98126e+09 9.64605e+09 7.00247e+09 1.8926e+10 8.58656e+09 3.44738e+09
threshold=3112.5000000000005 2381.3350000000005 1.0000000180025095e-35 1.5000000000000002 1119.0000000000002 763097.37500000012
decision_type=2 2 2 2 2 2
left_child=1 2 3 5 -4 -1
right_child=-2 -3 4 -5 -6 -7
leaf_value=-82.069709004250413 -506.94210127781082 685.29749456749403 -195.08643406924224 -984.47271246640207 885.78613784391678 414.85441932824654
leaf_weight=57 28 30 20 31 20 31
leaf_count=57 28 30 20 31 20 31
internal_value=-5.28395 79.1855 -51.0271 -204.752 380.556 104.749
internal_weight=217 189 159 119 40 88
internal_count=217 189 159 119 40 88
is_linear=0
shrinkage=0.04


Tree=279
num_leaves=7
num_cat=0
split_feature=0 1 0 1 1 4
split_gain=5.98946e+09 2.29688e+10 5.64985e+09 1.23358e+10 1.89043e+10 1.40754e+10
threshold=3505.0000000000005 855174.75000000012 906.00000000000011 697870.61403508787 585820.83333333337 120.57943925233646
decision_type=2 2 2 2 2 2
left_child=1 2 -1 4 -4 -5
right_child=-2 -3 3 5 -6 -7
leaf_value=-328.74502640470087 559.72971930984545 -1071.0041439226081 88.4605897802996 -884.17787046908131 1496.3175892665884 240.90937330293221
leaf_weight=34 22 27 42 22 20 50
leaf_count=34 22 27 42 22 20 50
internal_value=-4.89438 -79.883 103.398 220.227 613.725 -134.926
internal_weight=217 195 168 134 62 72
internal_count=217 195 168 134 62 72
is_linear=0
shrinkage=0.04


Tree=280
num_leaves=7
num_cat=0
split_feature=0 0 4 0 1 5
split_gain=5.83231e+09 9.06681e+09 6.87343e+09 1.61423e+10 1.31776e+10 8.57041e+09
threshold=3112.5000000000005 2381.3350000000005 212.43006993006995 1459.0000000000002 577970.68333333347 1.5000000000000002
decision_type=2 2 2 2 2 2
left_child=1 2 3 4 -1 -4
right_child=-2 -3 5 -5 -6 -7
leaf_value=565.10687934972998 -499.99905234691187 666.39733255802878 5.7011597467924711 1006.7153731602747 -475.97940695319829 -941.12226955105098
leaf_weight=25 28 30 38 22 53 21
leaf_count=25 28 30 38 22 53 21
internal_value=-4.61539 78.7835 -47.5111 153.283 -129.567 -374.474
internal_weight=217 189 159 100 78 59
internal_count=217 189 159 100 78 59
is_linear=0
shrinkage=0.04


Tree=281
num_leaves=6
num_cat=0
split_feature=0 1 3 8 1
split_gain=5.93238e+09 2.13414e+10 5.24296e+09 9.99724e+09 1.70108e+10
threshold=3505.0000000000005 855174.75000000012 254.57400932400938 1.0000000180025095e-35 697870.61403508787
decision_type=2 2 2 2 2
left_child=1 2 -1 4 -4
right_child=-2 -3 3 -5 -6
leaf_value=603.84537200291516 557.74935586244635 -1034.1499914173705 569.67341107949198 -688.94060042829733 -346.03290780961368
leaf_weight=23 22 27 66 23 56
leaf_count=23 22 27 66 23 56
internal_value=-4.16284 -78.8074 97.9045 1.75336 152.015
internal_weight=217 195 168 145 122
internal_count=217 195 168 145 122
is_linear=0
shrinkage=0.04


Tree=282
num_leaves=7
num_cat=0
split_feature=1 0 0 0 0 2
split_gain=5.78566e+09 3.9989e+10 6.44743e+09 9.09005e+09 1.2815e+10 5.93463e+09
threshold=855174.75000000012 2927.0000000000005 906.00000000000011 1503.0000000000002 1939.0000000000002 25977.695000000003
decision_type=2 2 2 2 2 2
left_child=1 2 -1 5 -5 -4
right_child=-2 -3 3 4 -6 -7
leaf_value=-327.27887753228509 422.30893986290124 -1570.2820257448702 212.86233212328702 -475.69479158637142 537.90806327269411 1068.3594438108391
leaf_weight=34 37 21 30 41 31 23
leaf_count=34 37 21 30 41 31 23
internal_value=-4.2733 -100.193 132.177 264.24 -33.2614 639.126
internal_weight=217 180 159 125 72 53
internal_count=217 180 159 125 72 53
is_linear=0
shrinkage=0.04


Tree=283
num_leaves=8
num_cat=0
split_feature=0 11 1 5 0 2 3
split_gain=6.0084e+09 2.07116e+10 3.01881e+10 4.72943e+10 2.37001e+10 1.79736e+10 8.59536e+09
threshold=3505.0000000000005 1.0000000180025095e-35 659677.69736842124 1.5000000000000002 1490.2500000000002 23601.090000000004 689.23706293706311
decision_type=2 2 2 2 2 2 2
left_child=1 4 -3 -4 5 -1 -7
right_child=-2 2 3 -5 -6 6 -8
leaf_value=710.16571829253417 561.29074093707857 377.30924501768612 -40.067215524852635 -2225.4469295410886 1093.8797795061464 -1104.0100198626149 2.6728479411523796
leaf_weight=21 22 38 36 24 35 21 20
leaf_count=21 22 38 36 24 35 21 20
internal_value=-4.21046 -79.3313 -478.728 -1009.29 327.546 -150.186 -617.724
internal_weight=217 195 98 60 97 62 41
internal_count=217 195 98 60 97 62 41
is_linear=0
shrinkage=0.04


Tree=284
num_leaves=8
num_cat=0
split_feature=3 2 0 0 3 1 3
split_gain=6.26484e+09 1.40378e+10 2.15417e+10 1.04502e+10 7.26692e+09 9.49727e+09 7.59314e+09
threshold=1061.0000000000002 41923.490000000013 2785.5000000000005 1913.0000000000002 397.60591900311528 659677.69736842124 254.57400932400938
decision_type=2 2 2 2 2 2 2
left_child=1 3 -3 4 6 -6 -1
right_child=-2 2 -4 -5 5 -7 -8
leaf_value=165.07426405769195 -508.96085833774555 -214.1145178446111 1336.0561491099472 -880.65643572547697 -136.22984718088082 784.99961376626743 -741.73435027898756
leaf_weight=26 29 25 26 20 36 29 26
leaf_count=26 29 25 26 20 36 29 26
internal_value=-4.55376 83.4215 620.788 -130.117 26.2873 299.2 -311.485
internal_weight=217 188 51 137 117 65 52
internal_count=217 188 51 137 117 65 52
is_linear=0
shrinkage=0.04


Tree=285
num_leaves=8
num_cat=0
split_feature=3 2 0 0 4 9 1
split_gain=5.8358e+09 1.31069e+10 2.01008e+10 9.77795e+09 7.18203e+09 7.28666e+09 5.51697e+09
threshold=1061.0000000000002 41923.490000000013 2785.5000000000005 1913.0000000000002 100.78580901856766 1.0000000180025095e-35 697870.61403508787
decision_type=2 2 2 2 2 2 2
left_child=1 3 -3 4 5 -1 -6
right_child=-2 2 -4 -5 6 -7 -8
leaf_value=659.88823298061163 -491.35852510002195 -206.86640190922216 1290.5595548135182 -851.94795959129112 -667.06297220008435 -185.74172830464209 80.114841793906436
leaf_weight=35 29 25 26 20 26 25 31
leaf_count=35 29 25 26 20 26 25 31
internal_value=-4.53195 80.3803 599.625 -125.95 25.3436 319.264 -284.774
internal_weight=217 188 51 137 117 60 57
internal_count=217 188 51 137 117 60 57
is_linear=0
shrinkage=0.04


Tree=286
num_leaves=8
num_cat=0
split_feature=0 0 1 1 0 0 2
split_gain=6.17091e+09 9.1824e+09 2.16792e+10 7.26223e+09 3.00868e+10 1.82818e+10 5.42339e+09
threshold=3112.5000000000005 1939.0000000000002 732355.23214285728 659677.69736842124 1221.2500000000002 1376.5000000000002 24266.135000000006
decision_type=2 2 2 2 2 2 2
left_child=1 3 -3 4 -1 6 -5
right_child=-2 2 -4 5 -6 -7 -8
leaf_value=416.46365109231266 -514.21855038995113 1368.6532956984356 -250.81065339309563 94.695016508493921 -1243.1641023402792 775.05323062665047 -740.65948296377769
leaf_weight=33 28 21 25 21 29 37 23
leaf_count=33 28 21 25 21 29 37 23
internal_value=-4.656 81.1277 545.05 -80.2876 -391.674 166.196 -370.404
internal_weight=217 189 46 143 62 81 44
internal_count=217 189 46 143 62 81 44
is_linear=0
shrinkage=0.04


Tree=287
num_leaves=8
num_cat=0
split_feature=0 0 1 1 0 0 2
split_gain=5.75226e+09 8.60063e+09 2.02698e+10 6.75606e+09 2.80329e+10 1.70273e+10 5.06781e+09
threshold=3112.5000000000005 1939.0000000000002 732355.23214285728 659677.69736842124 1221.2500000000002 1376.5000000000002 24266.135000000006
decision_type=2 2 2 2 2 2 2
left_child=1 3 -3 4 -1 6 -5
right_child=-2 2 -4 5 -6 -7 -8
leaf_value=401.82003167836564 -496.51984758665151 1323.6400513156022 -242.32029050740715 91.580609962573689 -1200.1694321249438 747.43984474359661 -715.91766190297972
leaf_weight=33 28 21 25 21 29 37 23
leaf_count=33 28 21 25 21 29 37 23
internal_value=-4.5468 78.277 527.265 -77.9348 -378.263 159.823 -358.005
internal_weight=217 189 46 143 62 81 44
internal_count=217 189 46 143 62 81 44
is_linear=0
shrinkage=0.04


Tree=288
num_leaves=6
num_cat=0
split_feature=7 1 4 0 1
split_gain=5.78384e+09 1.53101e+10 1.78453e+10 3.25851e+10 3.04606e+10
threshold=1.0000000180025095e-35 855174.75000000012 402.38927738927742 2452.0000000000005 659677.69736842124
decision_type=2 2 2 2 2
left_child=1 2 3 4 -1
right_child=-2 -3 -4 -5 -6
leaf_value=-658.09680277573773 -559.10024498686334 797.9317594456993 718.72736243569614 -1557.7224000719004 622.1180255839763
leaf_weight=53 22 33 30 22 57
leaf_count=53 22 33 30 22 57
internal_value=-4.43909 69.4367 -96.6697 -299.726 3.65136
internal_weight=217 195 162 132 110
internal_count=217 195 162 132 110
is_linear=0
shrinkage=0.04


Tree=289
num_leaves=9
num_cat=0
split_feature=2 1 1 0 1 0 1 2
split_gain=5.68122e+09 2.83849e+10 2.71201e+10 2.30588e+10 1.7693e+10 1.38064e+10 5.81033e+09 4.80267e+09
threshold=42300.020000000011 763097.37500000012 697870.61403508787 1515.0000000000002 829324.87500000012 1076.5000000000002 554269.08076923084 48153.595000000008
decision_type=2 2 2 2 2 2 2 2
left_child=1 2 5 -3 7 -1 -7 -2
right_child=4 3 -4 -5 -6 6 -8 -9
leaf_value=-394.35921181879803 558.16477135674324 -82.333862003122547 -1153.6569595959916 1600.0652892541743 -1170.5700798892713 94.647730386968476 1021.3856973081132 -223.92222862455324
leaf_weight=34 20 22 31 26 20 20 22 22
leaf_count=34 20 22 31 26 20 20 22 22
internal_value=-4.78307 124.81 -239.999 888.49 -315.174 176.707 632.371 166.622
internal_weight=217 155 107 48 62 76 42 42
internal_count=217 155 107 48 62 76 42 42
is_linear=0
shrinkage=0.04


Tree=290
num_leaves=8
num_cat=0
split_feature=0 11 0 1 5 2 3
split_gain=5.57884e+09 8.69855e+09 2.32409e+10 1.88478e+10 2.15812e+10 1.62048e+10 8.44806e+09
threshold=3112.5000000000005 1.0000000180025095e-35 1490.2500000000002 659677.69736842124 1.5000000000000002 23601.090000000004 689.23706293706311
decision_type=2 2 2 2 2 2 2
left_child=1 2 5 -3 -5 -1 -7
right_child=-2 3 -4 4 -6 6 -8
leaf_value=688.29658751469731 -488.88924060995168 477.22999129636463 1125.7015879830294 21.178400200950819 -1488.6028323310038 -1054.3670407154784 35.596831353124735
leaf_weight=21 28 37 33 35 22 21 20
leaf_count=21 28 37 33 35 22 21 20
internal_value=-4.38725 77.1767 339.394 -191.258 -628.383 -127.382 -572.141
internal_weight=217 189 95 94 57 62 41
internal_count=217 189 95 94 57 62 41
is_linear=0
shrinkage=0.04


Tree=291
num_leaves=7
num_cat=0
split_feature=0 1 0 0 5 0
split_gain=5.61544e+09 2.05692e+10 5.14704e+09 1.22345e+10 1.22571e+10 9.4191e+09
threshold=3505.0000000000005 855174.75000000012 906.00000000000011 1503.0000000000002 1.0000000180025095e-35 1673.0000000000002
decision_type=2 2 2 2 2 2
left_child=1 2 -1 4 -4 -5
right_child=-2 -3 3 5 -6 -7
leaf_value=-316.23936247577348 541.9386777218217 -1015.2806252302079 -96.082901747175356 -732.37284292776405 1097.3875887064464 166.23070035863822
leaf_weight=34 22 27 21 22 32 59
leaf_count=34 22 27 21 22 32 59
internal_value=-4.77244 -77.3812 96.1044 207.665 654.237 -103.755
internal_weight=217 195 168 134 53 81
internal_count=217 195 168 134 53 81
is_linear=0
shrinkage=0.04


Tree=292
num_leaves=9
num_cat=0
split_feature=2 1 1 2 1 0 1 2
split_gain=5.53374e+09 2.75447e+10 2.47759e+10 2.15132e+10 1.60433e+10 1.25713e+10 5.48922e+09 4.94244e+09
threshold=42300.020000000011 763097.37500000012 697870.61403508787 36048.135000000002 829324.87500000012 1076.5000000000002 554269.08076923084 48153.595000000008
decision_type=2 2 2 2 2 2 2 2
left_child=1 2 5 -3 7 -1 -7 -2
right_child=4 3 -4 -5 -6 6 -8 -9
leaf_value=-382.17942986712677 546.86024221733248 -6.167613440856436 -1109.5035535896652 1617.5544992478244 -1125.4985838307091 78.186783065325002 975.16544490495642 -245.193442829112
leaf_weight=34 20 24 31 24 20 20 22 22
leaf_count=34 20 24 31 24 20 20 22 22
internal_value=-4.87208 123.031 -236.341 875.323 -311.205 162.289 597.333 148.531
internal_weight=217 155 107 48 62 76 42 42
internal_count=217 155 107 48 62 76 42 42
is_linear=0
shrinkage=0.04


Tree=293
num_leaves=7
num_cat=0
split_feature=0 0 4 0 1 5
split_gain=5.53347e+09 8.62475e+09 7.18622e+09 1.3662e+10 1.16556e+10 6.78067e+09
threshold=3112.5000000000005 2381.3350000000005 212.43006993006995 1459.0000000000002 577970.68333333347 1.5000000000000002
decision_type=2 2 2 2 2 2
left_child=1 2 3 4 -1 -4
right_child=-2 -3 5 -5 -6 -7
leaf_value=549.78489874213415 -486.91862197237134 649.95123697391921 -37.365837217859053 943.71491886936974 -428.83648501011703 -884.88618157194753
leaf_weight=25 28 30 38 22 53 21
leaf_count=25 28 30 38 22 53 21
internal_value=-4.39089 76.8412 -46.3362 158.907 -102.186 -380.703
internal_weight=217 189 159 100 78 59
internal_count=217 189 159 100 78 59
is_linear=0
shrinkage=0.04


Tree=294
num_leaves=9
num_cat=0
split_feature=1 2 4 5 8 0 1 0
split_gain=5.61733e+09 2.14142e+10 1.46247e+10 4.18331e+10 9.1228e+09 8.73831e+09 6.20792e+09 5.97196e+08
threshold=554269.08076923084 29122.845000000005 140.5981308411215 1.5000000000000002 1.0000000180025095e-35 1221.2500000000002 732355.23214285728 2262.5000000000005
decision_type=2 2 2 2 2 2 2 2
left_child=1 -1 3 5 6 -2 -4 -8
right_child=2 -3 4 -5 -6 -7 7 -9
leaf_value=446.70817231860661 233.77213292024081 -1190.6529841160634 400.73323706887589 1667.6746268728443 -900.72654572615068 -735.19338255647642 -113.46330006767285 -426.52457669051228
leaf_weight=22 32 21 30 26 20 21 22 23
leaf_count=22 32 21 30 26 20 21 22 23
internal_value=-3.96487 -390.279 99.0013 487.149 -231.272 -177.877 -11.5233 -297.9
internal_weight=217 43 174 79 95 53 75 45
internal_count=217 43 174 79 95 53 75 45
is_linear=0
shrinkage=0.04


Tree=295
num_leaves=8
num_cat=0
split_feature=0 11 1 1 0 4 1
split_gain=5.76679e+09 1.99351e+10 2.87473e+10 2.00372e+10 4.70263e+10 1.24683e+10 6.38859e+09
threshold=3505.0000000000005 1.0000000180025095e-35 787125.00000000012 659677.69736842124 1490.2500000000002 212.43006993006995 659677.69736842124
decision_type=2 2 2 2 2 2 2
left_child=1 3 5 -1 -5 -3 -7
right_child=-2 2 -4 4 -6 6 -8
leaf_value=-355.92884901620499 549.70589588326379 -747.874945040537 -1603.3716654836837 -266.88934183510906 1894.92650019804 673.09523630495551 -157.98545880239652
leaf_weight=39 22 24 22 32 26 26 26
leaf_count=39 22 24 22 32 26 26 26
internal_value=-4.31262 -77.9038 -469.741 321.276 769.419 -69.6922 278.239
internal_weight=217 195 98 97 58 76 52
internal_count=217 195 98 97 58 76 52
is_linear=0
shrinkage=0.04


Tree=296
num_leaves=9
num_cat=0
split_feature=2 1 1 0 1 3 3 2
split_gain=6.08661e+09 2.75564e+10 2.27334e+10 1.96639e+10 1.54949e+10 1.20444e+10 2.06153e+10 4.96139e+09
threshold=42300.020000000011 763097.37500000012 697870.61403508787 1515.0000000000002 829324.87500000012 397.60591900311528 550.02336448598146 48153.595000000008
decision_type=2 2 2 2 2 2 2 2
left_child=1 2 5 -3 7 -1 -7 -2
right_child=4 3 -4 -5 -6 6 -8 -9
leaf_value=-510.08281386126316 528.39771091380692 -24.453701086499851 -1066.0450345319705 1539.1071120461263 -1125.3010457647824 1101.8544710762881 -419.86810198126062 -263.99798310496521
leaf_weight=25 20 22 31 26 20 30 21 22
leaf_count=25 20 22 31 26 20 30 21 22
internal_value=-4.15187 129.969 -229.701 882.294 -325.441 152.307 492.163 128.072
internal_weight=217 155 107 48 62 76 51 42
internal_count=217 155 107 48 62 76 51 42
is_linear=0
shrinkage=0.04


Tree=297
num_leaves=8
num_cat=0
split_feature=2 1 1 2 2 3 3
split_gain=5.68812e+09 2.57154e+10 2.11602e+10 1.84683e+10 1.55993e+10 1.12246e+10 1.92296e+10
threshold=42300.020000000011 763097.37500000012 697870.61403508787 36048.135000000002 48724.750000000007 397.60591900311528 550.02336448598146
decision_type=2 2 2 2 2 2 2
left_child=1 2 5 -3 -2 -1 -7
right_child=4 3 -4 -5 -6 6 -8
leaf_value=-492.81566706511086 -859.47673880910838 28.900111277949236 -1028.851135070415 1539.9905838069096 337.50327538793618 1063.5741579714149 -406.05919760822354
leaf_weight=25 33 24 31 24 29 30 21
leaf_count=25 33 24 31 24 29 30 21
internal_value=-4.18289 125.476 -221.969 852.239 -314.774 146.602 474.707
internal_weight=217 155 107 48 62 76 51
internal_count=217 155 107 48 62 76 51
is_linear=0
shrinkage=0.04


Tree=298
num_leaves=9
num_cat=0
split_feature=1 2 4 5 8 0 2 0
split_gain=5.58838e+09 2.05501e+10 1.43163e+10 3.75142e+10 8.83671e+09 8.7647e+09 5.84772e+09 8.69435e+09
threshold=554269.08076923084 29122.845000000005 140.5981308411215 1.5000000000000002 1.0000000180025095e-35 1221.2500000000002 42300.020000000011 1661.0000000000002
decision_type=2 2 2 2 2 2 2 2
left_child=1 -1 3 5 6 -2 7 -4
right_child=2 -3 4 -5 -6 -7 -8 -9
leaf_value=431.59879869577293 261.06591221768792 -1172.9148045213656 -372.73713059367628 1600.4858735234968 -886.84047159394891 -707.96203706924553 -476.4017241347849 613.82581080059322
leaf_weight=22 32 21 20 26 20 21 24 31
leaf_count=22 32 21 20 26 20 21 24 31
internal_value=-3.86573 -389.185 98.8329 482.85 -227.966 -148.457 -11.6703 228.095
internal_weight=217 43 174 79 95 53 75 51
internal_count=217 43 174 79 95 53 75 51
is_linear=0
shrinkage=0.04


Tree=299
num_leaves=8
num_cat=0
split_feature=3 2 0 0 2 1 1
split_gain=5.33689e+09 1.11746e+10 2.01886e+10 1.2431e+10 1.08498e+10 1.49507e+10 3.15752e+09
threshold=1061.0000000000002 41923.490000000013 2785.5000000000005 1503.0000000000002 26733.170000000002 577970.68333333347 714897.0238095239
decision_type=2 2 2 2 2 2 2
left_child=1 3 -3 4 5 -1 -5
right_child=-2 2 -4 6 -6 -7 -8
leaf_value=677.36676467831057 -469.84566014524773 -246.11512605849109 1249.7597010143552 -846.61181833232854 820.61779927324858 -523.84941177959706 -170.63575308273249
leaf_weight=21 29 25 26 28 24 43 21
leaf_count=21 29 25 26 28 24 43 21
internal_value=-4.29305 76.9076 556.315 -113.679 170.922 -110.938 -595.948
internal_weight=217 188 51 137 88 64 49
internal_count=217 188 51 137 88 64 49
is_linear=0
shrinkage=0.04


Tree=300
num_leaves=8
num_cat=0
split_feature=0 11 0 2 1 5 3
split_gain=5.65491e+09 7.52944e+09 1.94128e+10 1.49181e+10 1.48819e+10 2.14082e+10 7.40928e+09
threshold=3112.5000000000005 1.0000000180025095e-35 1490.2500000000002 23601.090000000004 659677.69736842124 1.5000000000000002 689.23706293706311
decision_type=2 2 2 2 2 2 2
left_child=1 2 3 -1 -3 -6 -5
right_child=-2 4 -4 6 5 -7 -8
leaf_value=676.15455567167874 -491.52642432746052 422.55192209214965 1040.7348178928673 -984.41176647597501 79.70856050858707 -1417.0708562316534 35.82095993387879
leaf_weight=21 28 37 33 21 35 22 20
leaf_count=21 28 37 33 21 35 22 20
internal_value=-3.71908 78.3849 322.239 -105.109 -171.555 -559.927 -532.787
internal_weight=217 189 95 62 94 57 41
internal_count=217 189 95 62 94 57 41
is_linear=0
shrinkage=0.04


Tree=301
num_leaves=9
num_cat=0
split_feature=1 2 4 5 8 0 1 0
split_gain=5.70081e+09 1.82725e+10 1.29061e+10 3.43639e+10 8.41451e+09 7.95646e+09 5.97732e+09 7.45569e+08
threshold=554269.08076923084 29122.845000000005 140.5981308411215 1.5000000000000002 1.0000000180025095e-35 1221.2500000000002 732355.23214285728 2262.5000000000005
decision_type=2 2 2 2 2 2 2 2
left_child=1 -1 3 5 6 -2 -4 -8
right_child=2 -3 4 -5 -6 -7 7 -9
leaf_value=384.01808174062643 249.85934130211533 -1131.0674967535369 403.49479982447178 1533.806622785482 -853.7582515185411 -673.35557064151305 -87.355245842144711 -423.11978717026761
leaf_weight=22 32 21 30 26 20 21 22 23
leaf_count=22 32 21 30 26 20 21 22 23
internal_value=-4.09338 -393.266 99.6371 464.152 -210.831 -140.213 -0.433584 -282.02
internal_weight=217 43 174 79 95 53 75 45
internal_count=217 43 174 79 95 53 75 45
is_linear=0
shrinkage=0.04


Tree=302
num_leaves=6
num_cat=0
split_feature=0 1 3 8 1
split_gain=5.50316e+09 1.8911e+10 5.22914e+09 9.57643e+09 1.35434e+10
threshold=3505.0000000000005 855174.75000000012 254.57400932400938 1.0000000180025095e-35 697870.61403508787
decision_type=2 2 2 2 2
left_child=1 2 -1 4 -4
right_child=-2 -3 3 -5 -6
leaf_value=595.36971062159159 536.79182859932382 -975.58033839566224 514.11036294379278 -681.48518619598042 -303.09328761228346
leaf_weight=23 22 27 66 23 56
leaf_count=23 22 27 66 23 56
internal_value=-4.4195 -76.3048 90.092 -5.69969 141.585
internal_weight=217 195 168 145 122
internal_count=217 195 168 145 122
is_linear=0
shrinkage=0.04


Tree=303
num_leaves=7
num_cat=0
split_feature=1 2 3 10 0 0
split_gain=5.74983e+09 1.72192e+10 1.26759e+10 3.06273e+10 1.66508e+10 6.37716e+09
threshold=554269.08076923084 29122.845000000005 1040.0000000000002 1.0000000180025095e-35 2102.8500000000004 1044.5000000000002
decision_type=2 2 2 2 2 2
left_child=1 -1 3 4 5 -2
right_child=2 -3 -4 -5 -6 -7
leaf_value=360.95690805551754 61.965758134266117 -1110.9541798621603 -606.33392368478303 1408.8133513312423 588.36970133013881 -645.10228908469242
leaf_weight=22 33 21 29 25 41 46
leaf_count=22 33 21 29 25 41 46
internal_value=-4.50007 -395.335 99.6833 255.01 -27.9661 -362.43
internal_weight=217 43 174 145 120 79
internal_count=217 43 174 145 120 79
is_linear=0
shrinkage=0.04


Tree=304
num_leaves=6
num_cat=0
split_feature=7 1 4 0 1
split_gain=5.74298e+09 1.51491e+10 1.77115e+10 3.01411e+10 2.99589e+10
threshold=1.0000000180025095e-35 855174.75000000012 402.38927738927742 2452.0000000000005 659677.69736842124
decision_type=2 2 2 2 2
left_child=1 2 3 4 -1
right_child=-2 -3 -4 -5 -6
leaf_value=-661.9380240202654 -556.97444524125603 793.9892648060179 716.42026867840809 -1508.1032837198788 607.69225733439964
leaf_weight=53 22 33 30 22 57
leaf_count=53 22 33 30 22 57
internal_value=-4.27274 69.3387 -95.8985 -298.201 -6.02902
internal_weight=217 195 162 132 110
internal_count=217 195 162 132 110
is_linear=0
shrinkage=0.04


Tree=305
num_leaves=6
num_cat=0
split_feature=7 1 4 0 1
split_gain=5.3592e+09 1.41177e+10 1.65193e+10 2.81737e+10 2.77864e+10
threshold=1.0000000180025095e-35 855174.75000000012 402.38927738927742 2452.0000000000005 659677.69736842124
decision_type=2 2 2 2 2
left_child=1 2 3 4 -1
right_child=-2 -3 -4 -5 -6
leaf_value=-637.54990957477264 -538.50702992637696 766.07123664000324 691.53064976053258 -1458.0996085562622 585.17803179288603
leaf_weight=53 22 33 30 22 57
leaf_count=53 22 33 30 22 57
internal_value=-4.60103 66.5179 -92.9851 -288.352 -5.8739
internal_weight=217 195 162 132 110
internal_count=217 195 162 132 110
is_linear=0
shrinkage=0.04


Tree=306
num_leaves=8
num_cat=0
split_feature=0 0 1 0 0 2 0
split_gain=5.39684e+09 8.44493e+09 1.80242e+10 8.38311e+09 1.07024e+10 2.52579e+10 6.45481e+09
threshold=3112.5000000000005 1939.0000000000002 732355.23214285728 1503.0000000000002 906.00000000000011 26733.170000000002 1661.0000000000002
decision_type=2 2 2 2 2 2 2
left_child=1 3 -3 4 -1 -6 -5
right_child=-2 2 -4 6 5 -7 -8
leaf_value=-383.58607172332376 -481.42428095448378 1270.624451779983 -208.46107754501327 -967.53673215821198 -179.37680145313826 1394.9954709524009 -37.515882346370596
leaf_weight=37 28 21 25 20 40 22 24
leaf_count=37 28 21 25 20 40 22 24
internal_value=-4.90181 75.3326 520.264 -79.3991 126.522 436.343 -511.215
internal_weight=217 189 46 143 99 62 44
internal_count=217 189 46 143 99 62 44
is_linear=0
shrinkage=0.04


Tree=307
num_leaves=6
num_cat=0
split_feature=0 1 3 8 1
split_gain=5.36344e+09 1.89603e+10 4.79991e+09 9.17536e+09 1.37034e+10
threshold=3505.0000000000005 855174.75000000012 254.57400932400938 1.0000000180025095e-35 697870.61403508787
decision_type=2 2 2 2 2
left_child=1 2 -1 4 -4
right_child=-2 -3 3 -5 -6
leaf_value=575.34127862347327 529.92524795469058 -975.79807212272169 518.04388103340591 -662.29964638644105 -303.99372295858399
leaf_weight=23 22 27 66 23 56
leaf_count=23 22 27 66 23 56
internal_value=-4.3715 -75.3382 91.2497 -0.675358 143.347
internal_weight=217 195 168 145 122
internal_count=217 195 168 145 122
is_linear=0
shrinkage=0.04


Tree=308
num_leaves=9
num_cat=0
split_feature=0 0 1 0 0 2 0 3
split_gain=5.27272e+09 8.09845e+09 1.62155e+10 7.71986e+09 1.03027e+10 1.09807e+10 6.0373e+09 4.25841e+09
threshold=3112.5000000000005 1939.0000000000002 732355.23214285728 1503.0000000000002 1076.5000000000002 24829.710000000003 1661.0000000000002 472.5361305361306
decision_type=2 2 2 2 2 2 2 2
left_child=1 3 -3 4 5 -1 -5 -6
right_child=-2 2 -4 6 7 -7 -8 -9
leaf_value=236.27011891807462 -475.47619032794699 1221.8419450509923 -182.92665193071863 -932.37792502951299 938.34582328007559 -798.80258895297447 -33.510229440394845 120.12045113777529
leaf_weight=35 28 21 25 20 20 24 24 20
leaf_count=35 28 21 25 20 20 24 24 20
internal_value=-4.45797 74.8405 510.537 -76.7123 120.913 -211.771 -491.085 583.185
internal_weight=217 189 46 143 99 59 44 40
internal_count=217 189 46 143 99 59 44 40
is_linear=0
shrinkage=0.04


Tree=309
num_leaves=9
num_cat=0
split_feature=0 11 1 0 2 0 1 3
split_gain=5.32395e+09 1.87702e+10 2.70939e+10 1.87091e+10 1.4024e+10 1.20195e+10 8.44182e+09 6.65752e+09
threshold=3505.0000000000005 1.0000000180025095e-35 787125.00000000012 1490.2500000000002 23601.090000000004 1188.5000000000002 697870.61403508787 689.23706293706311
decision_type=2 2 2 2 2 2 2 2
left_child=1 3 5 4 -1 -3 -7 -6
right_child=-2 2 -4 -5 7 6 -8 -9
leaf_value=645.05162406996567 528.12005793766843 -810.35958261112626 -1555.6807676861454 993.01608085961743 -955.37523700998599 655.08131498841271 -265.93064271631795 15.642537985049239
leaf_weight=21 22 20 22 35 21 30 26 20
leaf_count=21 22 20 22 35 21 30 26 20
internal_value=-4.203 -74.911 -455.14 312.412 -113.344 -66.8174 239.595 -527.376
internal_weight=217 195 98 97 62 76 56 41
internal_count=217 195 98 97 62 76 56 41
is_linear=0
shrinkage=0.04


Tree=310
num_leaves=9
num_cat=0
split_feature=2 1 1 0 1 0 2 1
split_gain=5.57704e+09 2.56794e+10 1.81583e+10 1.64454e+10 1.44257e+10 1.12972e+10 5.78758e+09 5.0525e+09
threshold=42300.020000000011 763097.37500000012 697870.61403508787 1515.0000000000002 829324.87500000012 1076.5000000000002 48153.595000000008 554269.08076923084
decision_type=2 2 2 2 2 2 2 2
left_child=1 2 5 -3 6 -1 -2 -7
right_child=4 3 -4 -5 -6 7 -8 -9
leaf_value=-394.79379190067868 558.44121465939247 13.440459247597717 -970.59525306870285 1450.6702317771774 -1083.9881037161772 42.626780337284309 -296.7377095881431 894.72778165701516
leaf_weight=34 20 22 31 26 20 20 22 22
leaf_count=34 20 22 31 26 20 20 22 22
internal_value=-4.65012 123.747 -223.402 850.03 -312.183 118.911 125.243 532.712
internal_weight=217 155 107 48 62 76 42 42
internal_count=217 155 107 48 62 76 42 42
is_linear=0
shrinkage=0.04


Tree=311
num_leaves=8
num_cat=0
split_feature=0 0 5 4 3 3 1
split_gain=5.34902e+09 7.3889e+09 7.11708e+09 1.08536e+10 3.09654e+09 3.47025e+09 2.38914e+09
threshold=3112.5000000000005 2381.3350000000005 1.5000000000000002 173.03671328671331 443.50795755968176 297.75664989216398 732355.23214285728
decision_type=2 2 2 2 2 2 2
left_child=1 2 4 -4 5 -1 -6
right_child=-2 -3 3 -5 6 -7 -8
leaf_value=175.76651946708523 -478.70649495578181 606.00292911818303 209.47434132405522 -951.64265237806876 107.81171152863276 -461.49068345112181 600.82745721115225
leaf_weight=27 28 30 21 24 45 20 22
leaf_count=27 28 30 21 24 45 20 22
internal_value=-4.28885 75.5773 -38.5499 -440.252 130.807 -112.173 297.557
internal_weight=217 189 159 45 114 47 67
internal_count=217 189 159 45 114 47 67
is_linear=0
shrinkage=0.04


Tree=312
num_leaves=7
num_cat=0
split_feature=1 0 0 0 0 0
split_gain=5.22107e+09 3.34527e+10 5.00529e+09 1.01744e+10 1.16333e+10 5.47579e+09
threshold=855174.75000000012 2927.0000000000005 906.00000000000011 1503.0000000000002 1939.0000000000002 1188.5000000000002
decision_type=2 2 2 2 2 2
left_child=1 2 -1 5 -5 -4
right_child=-2 -3 3 4 -6 -7
leaf_value=-287.62530123237781 400.96394935109129 -1439.9246086219655 218.29951432377061 -497.81683774435783 468.49579337516678 1043.4979627659907
leaf_weight=34 37 21 30 41 31 23
leaf_count=34 37 21 30 41 31 23
internal_value=-4.27467 -95.3899 117.239 233.584 -78.6544 630.49
internal_weight=217 180 159 125 72 53
internal_count=217 180 159 125 72 53
is_linear=0
shrinkage=0.04


Tree=313
num_leaves=9
num_cat=0
split_feature=0 11 1 0 2 4 2 3
split_gain=5.46029e+09 1.79621e+10 2.65563e+10 1.76313e+10 1.40074e+10 1.15601e+10 7.59718e+09 7.01567e+09
threshold=3505.0000000000005 1.0000000180025095e-35 787125.00000000012 1459.0000000000002 23601.090000000004 212.43006993006995 39258.010000000009 689.23706293706311
decision_type=2 2 2 2 2 2 2 2
left_child=1 3 5 4 -1 -3 -7 -6
right_child=-2 2 -4 -5 7 6 -8 -9
leaf_value=637.19794254783085 534.91377132163518 -716.59655296820324 -1537.2454918461651 950.50210687999436 -992.59656821413262 -118.9993582168325 802.44671560032589 13.640166884771354
leaf_weight=21 22 24 22 36 20 32 20 20
leaf_count=21 22 24 22 36 20 32 20 20
internal_value=-4.18084 -75.79 -447.699 303.171 -118.244 -63.4199 271.384 -539.378
internal_weight=217 195 98 97 61 76 52 40
internal_count=217 195 98 97 61 76 52 40
is_linear=0
shrinkage=0.04


Tree=314
num_leaves=8
num_cat=0
split_feature=2 1 0 0 0 3 2
split_gain=5.89479e+09 2.42932e+10 1.80124e+10 1.5836e+10 1.55635e+10 1.38931e+10 6.26435e+09
threshold=42300.020000000011 763097.37500000012 1503.0000000000002 1076.5000000000002 1515.0000000000002 892.6025641025642 23601.090000000004
decision_type=2 2 2 2 2 2 2
left_child=1 2 3 6 -3 -2 -1
right_child=5 4 -4 -5 -6 -7 -8
leaf_value=165.09815879869959 -932.32438035124915 18.853490078694705 -847.32002393476978 924.24071440491207 1418.2364095770672 204.26823798621095 -719.18579926417999
leaf_weight=24 27 22 39 24 26 35 20
leaf_count=24 27 22 39 24 26 35 20
internal_value=-4.36345 127.632 -210.253 185.291 833.912 -320.544 -266.525
internal_weight=217 155 107 68 48 62 44
internal_count=217 155 107 68 48 62 44
is_linear=0
shrinkage=0.04


Tree=315
num_leaves=8
num_cat=0
split_feature=3 2 0 0 2 1 1
split_gain=5.61945e+09 1.03977e+10 2.02787e+10 1.08806e+10 1.05157e+10 1.3261e+10 3.03047e+09
threshold=1061.0000000000002 41923.490000000013 2785.5000000000005 1503.0000000000002 26733.170000000002 577970.68333333347 714897.0238095239
decision_type=2 2 2 2 2 2 2
left_child=1 3 -3 4 5 -1 -5
right_child=-2 2 -4 6 -6 -7 -8
leaf_value=627.73067414034495 -481.72481916071644 -260.5044938389421 1237.0788275692278 -800.53415370737434 801.27909668918801 -503.84705038808141 -145.36916450140112
leaf_weight=21 29 25 26 28 24 43 21
leaf_count=21 29 25 26 28 24 43 21
internal_value=-3.99883 79.3155 541.688 -104.664 161.534 -115.56 -555.89
internal_weight=217 188 51 137 88 64 49
internal_count=217 188 51 137 88 64 49
is_linear=0
shrinkage=0.04


Tree=316
num_leaves=9
num_cat=0
split_feature=2 1 1 0 1 3 3 2
split_gain=5.50021e+09 2.25287e+10 1.66495e+10 1.41253e+10 1.37525e+10 1.14224e+10 1.68625e+10 5.49439e+09
threshold=42300.020000000011 763097.37500000012 697870.61403508787 1515.0000000000002 829324.87500000012 397.60591900311528 550.02336448598146 48153.595000000008
decision_type=2 2 2 2 2 2 2 2
left_child=1 2 5 -3 7 -1 -7 -2
right_child=4 3 -4 -5 -6 6 -8 -9
leaf_value=-517.6198288883088 540.88019098607776 25.98579212701749 -917.04585931627696 1360.8589434329022 -1062.3857022164248 1008.6599769313663 -368.78357397993017 -292.19430658810489
leaf_weight=25 20 22 31 26 20 30 21 22
leaf_count=25 20 22 31 26 20 30 21 22
internal_value=-3.45016 124.036 -201.383 804.162 -308.881 125.775 457.697 118.574
internal_weight=217 155 107 48 62 76 51 42
internal_count=217 155 107 48 62 76 51 42
is_linear=0
shrinkage=0.04


Tree=317
num_leaves=8
num_cat=0
split_feature=1 2 4 5 1 2 0
split_gain=5.61239e+09 1.53655e+10 1.25732e+10 3.12981e+10 8.33149e+09 9.26197e+09 7.7619e+09
threshold=554269.08076923084 29122.845000000005 140.5981308411215 1.5000000000000002 829324.87500000012 41923.490000000013 1221.2500000000002
decision_type=2 2 2 2 2 2 2
left_child=1 -1 3 6 5 -4 -2
right_child=2 -3 4 -5 -6 -7 -8
leaf_value=326.88387087058868 264.73839871684481 -1064.9607398489343 -322.22676639066077 1479.8150601779548 -709.34994347043232 586.79584835307583 -646.33990910983903
leaf_weight=22 32 21 39 26 30 26 21
leaf_count=22 32 21 39 26 30 26 21
internal_value=-3.49389 -389.647 99.4174 459.181 -207.054 55.9553 -118.772
internal_weight=217 43 174 79 95 65 53
internal_count=217 43 174 79 95 65 53
is_linear=0
shrinkage=0.04


Tree=318
num_leaves=8
num_cat=0
split_feature=2 1 0 0 3 0 2
split_gain=5.45556e+09 2.15355e+10 1.56341e+10 1.48864e+10 1.37566e+10 1.33005e+10 5.98621e+09
threshold=42300.020000000011 763097.37500000012 1503.0000000000002 1076.5000000000002 892.6025641025642 1515.0000000000002 23601.090000000004
decision_type=2 2 2 2 2 2 2
left_child=1 2 3 6 -2 -3 -1
right_child=4 5 -4 -5 -6 -7 -8
leaf_value=158.48223571958547 -916.68008069793336 31.930598759852543 -788.23867701519441 890.41451901740265 213.55224996315479 1328.6963515936723 -706.266601393011
leaf_weight=24 27 22 39 24 35 26 20
leaf_count=24 27 22 39 24 35 26 20
internal_value=-3.42352 123.544 -194.696 173.75 -307.612 788.47 -263.883
internal_weight=217 155 107 68 62 48 44
internal_count=217 155 107 68 62 48 44
is_linear=0
shrinkage=0.04


Tree=319
num_leaves=6
num_cat=0
split_feature=7 0 3 1 1
split_gain=5.18414e+09 1.28977e+10 1.66382e+10 2.68158e+10 1.60497e+10
threshold=1.0000000180025095e-35 3249.8500000000004 892.6025641025642 829324.87500000012 554269.08076923084
decision_type=2 2 2 2 2
left_child=1 2 3 4 -1
right_child=-2 -3 -4 -5 -6
leaf_value=-758.91186840632827 -528.25297603964577 906.47428566718145 629.17099134403782 -1410.8668364870891 278.36422035447526
leaf_weight=28 22 21 39 22 85
leaf_count=28 22 21 39 22 85
internal_value=-3.11287 66.8062 -55.0093 -266.703 1.95185
internal_weight=217 195 174 135 113
internal_count=217 195 174 135 113
is_linear=0
shrinkage=0.04


Tree=320
num_leaves=8
num_cat=0
split_feature=0 0 1 0 0 2 0
split_gain=5.58566e+09 6.91598e+09 1.52125e+10 7.73566e+09 8.80487e+09 2.14221e+10 5.28959e+09
threshold=3112.5000000000005 1939.0000000000002 732355.23214285728 1503.0000000000002 906.00000000000011 26733.170000000002 1661.0000000000002
decision_type=2 2 2 2 2 2 2
left_child=1 3 -3 4 -1 -6 -5
right_child=-2 2 -4 6 5 -7 -8
leaf_value=-328.9571705058666 -488.52416251377377 1169.7178236109623 -189.38029752058563 -890.69340499934424 -152.94694090986729 1297.9293937523516 -46.21116228763178
leaf_weight=37 28 21 25 20 40 22 24
leaf_count=37 28 21 25 20 40 22 24
internal_value=-3.71311 77.887 480.424 -62.4008 134.927 415.318 -477.478
internal_weight=217 189 46 143 99 62 44
internal_count=217 189 46 143 99 62 44
is_linear=0
shrinkage=0.04


Tree=321
num_leaves=8
num_cat=0
split_feature=2 1 1 0 3 3 3
split_gain=5.89349e+09 2.08622e+10 1.59998e+10 1.22409e+10 1.21821e+10 1.10431e+10 1.56896e+10
threshold=42300.020000000011 763097.37500000012 697870.61403508787 1515.0000000000002 892.6025641025642 397.60591900311528 550.02336448598146
decision_type=2 2 2 2 2 2 2
left_child=1 2 5 -3 -2 -1 -7
right_child=4 3 -4 -5 -6 6 -8
leaf_value=-498.14747309777232 -891.82390975848818 52.5459424913387 -886.52281065618581 1301.4200605479684 173.84061466319545 991.97234839970281 -338.61264734116003
leaf_weight=25 27 22 31 26 35 30 21
leaf_count=25 27 22 31 26 35 30 21
internal_value=-3.2605 128.698 -184.76 783.028 -319.428 135.328 461.193
internal_weight=217 155 107 48 62 76 51
internal_count=217 155 107 48 62 76 51
is_linear=0
shrinkage=0.04


Tree=322
num_leaves=8
num_cat=0
split_feature=3 2 0 0 2 1 0
split_gain=5.84477e+09 9.19471e+09 1.91726e+10 1.0762e+10 9.01356e+09 1.19609e+10 2.31284e+09
threshold=1061.0000000000002 41923.490000000013 2785.5000000000005 1503.0000000000002 26733.170000000002 577970.68333333347 1913.0000000000002
decision_type=2 2 2 2 2 2 2
left_child=1 3 -3 4 5 -1 -5
right_child=-2 2 -4 6 -6 -7 -8
leaf_value=618.911977273415 -490.43415348370144 -262.25739682510539 1192.8830656409184 -249.18161633681729 764.68220952127092 -455.19366948366144 -838.5868405035576
leaf_weight=21 29 25 26 29 24 43 20
leaf_count=21 29 25 26 29 24 43 20
internal_value=-3.2082 81.7424 516.454 -91.4609 172.808 -85.0997 -540.471
internal_weight=217 188 51 137 88 64 49
internal_count=217 188 51 137 88 64 49
is_linear=0
shrinkage=0.04


Tree=323
num_leaves=8
num_cat=0
split_feature=0 0 1 0 0 2 0
split_gain=5.61708e+09 6.60996e+09 1.45132e+10 7.33196e+09 8.39275e+09 1.92869e+10 4.98286e+09
threshold=3112.5000000000005 1939.0000000000002 732355.23214285728 1503.0000000000002 906.00000000000011 26733.170000000002 1661.0000000000002
decision_type=2 2 2 2 2 2 2
left_child=1 3 -3 4 -1 -6 -5
right_child=-2 2 -4 6 5 -7 -8
leaf_value=-319.26092257790958 -489.03937248722769 1145.6489896415651 -182.18904970458786 -863.46265013826314 -132.97674039232271 1244.6908892249598 -44.010517737804157
leaf_weight=37 28 21 25 20 40 22 24
leaf_count=37 28 21 25 20 40 22 24
internal_value=-2.84965 78.962 472.464 -58.2639 133.761 407.451 -462.417
internal_weight=217 189 46 143 99 62 44
internal_count=217 189 46 143 99 62 44
is_linear=0
shrinkage=0.04


Tree=324
num_leaves=9
num_cat=0
split_feature=2 1 1 1 0 1 3 2
split_gain=5.78674e+09 1.98912e+10 1.45164e+10 1.18507e+10 1.14073e+10 7.51704e+09 1.51668e+10 6.1537e+09
threshold=42300.020000000011 763097.37500000012 732355.23214285728 829324.87500000012 1515.0000000000002 483894.81907894742 450.90848806366051 48153.595000000008
decision_type=2 2 2 2 2 2 2 2
left_child=1 2 5 7 -3 -1 -7 -2
right_child=3 4 -4 -5 -6 6 -8 -9
leaf_value=-460.16558498596243 533.44254929335057 59.987941435981405 -1037.3841729013966 -1014.7411726288577 1267.6869497720118 757.90261416455223 -456.36812304016649 -346.58753915014756
leaf_weight=26 20 22 20 20 26 38 23 22
leaf_count=26 20 22 20 20 26 38 23 22
internal_value=-2.44103 128.301 -177.862 -315.748 767.179 61.3851 300.165 83.6338
internal_weight=217 155 107 62 48 87 61 42
internal_count=217 155 107 62 48 87 61 42
is_linear=0
shrinkage=0.04


Tree=325
num_leaves=8
num_cat=0
split_feature=2 1 0 0 3 0 2
split_gain=5.39351e+09 1.85974e+10 1.44982e+10 1.30293e+10 1.21466e+10 1.06424e+10 5.98015e+09
threshold=42300.020000000011 763097.37500000012 1503.0000000000002 1076.5000000000002 892.6025641025642 1515.0000000000002 23601.090000000004
decision_type=2 2 2 2 2 2 2
left_child=1 2 3 6 -2 -3 -1
right_child=4 5 -4 -5 -6 -7 -8
leaf_value=188.35394522004904 -877.26979758220875 57.998935589126972 -744.56047419459856 851.17388828339983 185.87590244124991 1224.5185323585129 -672.8703437600451
leaf_weight=24 27 22 39 24 35 26 20
leaf_count=24 27 22 39 24 35 26 20
internal_value=-2.91416 123.319 -172.695 181.362 -305.377 741.082 -229.435
internal_weight=217 155 107 68 62 48 44
internal_count=217 155 107 68 62 48 44
is_linear=0
shrinkage=0.04


Tree=326
num_leaves=8
num_cat=0
split_feature=0 0 1 0 0 2 0
split_gain=5.39433e+09 6.47706e+09 1.35345e+10 7.0723e+09 7.41273e+09 1.81893e+10 4.5165e+09
threshold=3112.5000000000005 1939.0000000000002 732355.23214285728 1503.0000000000002 906.00000000000011 26733.170000000002 1661.0000000000002
decision_type=2 2 2 2 2 2 2
left_child=1 3 -3 4 -1 -6 -5
right_child=-2 2 -4 6 5 -7 -8
leaf_value=-295.68360452139575 -479.07814295716435 1116.9119132624983 -166.55625810023224 -837.17300713956047 -136.63597923849463 1200.6387481001066 -54.316786657898405
leaf_weight=37 28 21 25 20 40 22 24
leaf_count=37 28 21 25 20 40 22 24
internal_value=-2.62278 77.5468 467.079 -58.2756 130.355 387.431 -455.186
internal_weight=217 189 46 143 99 62 44
internal_count=217 189 46 143 99 62 44
is_linear=0
shrinkage=0.04


Tree=327
num_leaves=7
num_cat=0
split_feature=3 1 10 0 4 0
split_gain=5.4637e+09 9.1771e+09 2.40965e+10 1.24861e+10 1.14788e+10 6.89738e+09
threshold=1061.0000000000002 554269.08076923084 1.0000000180025095e-35 2102.8500000000004 147.40186915887855 1044.5000000000002
decision_type=2 2 2 2 2 2
left_child=1 4 3 5 -1 -3
right_child=-2 2 -4 -5 -6 -7
leaf_value=-1012.1538802392059 -473.32450108420795 120.03239705732027 1210.4280399389268 505.15440817511382 236.11803580863648 -606.57744791658968
leaf_weight=20 29 33 27 41 20 47
leaf_count=20 29 33 27 41 20 47
internal_value=-2.2325 79.8846 225.681 -29.8887 -427.574 -316.502
internal_weight=217 188 148 121 40 80
internal_count=217 188 148 121 40 80
is_linear=0
shrinkage=0.04


Tree=328
num_leaves=8
num_cat=0
split_feature=2 1 1 2 3 0 2
split_gain=5.25409e+09 1.75795e+10 1.40141e+10 1.16878e+10 1.06077e+10 1.40775e+10 1.02027e+10
threshold=42300.020000000011 763097.37500000012 697870.61403508787 48724.750000000007 397.60591900311528 1490.2500000000002 36944.270000000011
decision_type=2 2 2 2 2 2 2
left_child=1 2 4 -2 -1 -6 -3
right_child=3 6 -4 -5 5 -7 -8
leaf_value=-487.20437322091084 -771.27392395308607 134.6442494140384 -822.3708560325091 266.69773433118479 -174.64628273340102 1074.6844027340344 1276.324530054464
leaf_weight=25 33 26 31 29 27 24 22
leaf_count=25 33 26 31 29 27 24 22
internal_value=-2.15984 122.417 -165.466 -300.702 133.739 453.069 722.995
internal_weight=217 155 107 62 76 51 48
internal_count=217 155 107 62 76 51 48
is_linear=0
shrinkage=0.04


Tree=329
num_leaves=8
num_cat=0
split_feature=0 11 0 2 1 5 3
split_gain=5.31682e+09 6.63798e+09 1.8633e+10 1.40822e+10 1.15227e+10 1.98855e+10 5.44849e+09
threshold=3112.5000000000005 1.0000000180025095e-35 1459.0000000000002 23601.090000000004 659677.69736842124 1.5000000000000002 689.23706293706311
decision_type=2 2 2 2 2 2 2
left_child=1 2 3 -1 -3 -6 -5
right_child=-2 4 -4 6 5 -7 -8
leaf_value=637.75972444028343 -474.70431229650944 366.2435742926362 996.11478024413213 -941.5966968679719 113.59494719570498 -1325.0187095002 -42.093053081138962
leaf_weight=21 28 37 34 20 35 22 20
leaf_count=21 28 37 34 20 35 22 20
internal_value=-1.66613 77.9065 306.803 -119.797 -156.902 -498.455 -541.986
internal_weight=217 189 95 61 94 57 40
internal_count=217 189 95 61 94 57 40
is_linear=0
shrinkage=0.04


Tree=330
num_leaves=8
num_cat=0
split_feature=3 2 0 0 2 1 0
split_gain=5.43375e+09 8.95099e+09 1.80623e+10 1.12455e+10 7.88566e+09 1.15785e+10 2.42178e+09
threshold=1061.0000000000002 41923.490000000013 2785.5000000000005 1503.0000000000002 26733.170000000002 577970.68333333347 1913.0000000000002
decision_type=2 2 2 2 2 2 2
left_child=1 3 -3 4 5 -1 -5
right_child=-2 2 -4 6 -6 -7 -8
leaf_value=627.81195655978092 -471.94901227795845 -248.09644302110297 1165.01989563149 -252.64558697385968 732.28331811205499 -428.61664198441002 -854.98963497692318
leaf_weight=21 29 25 26 29 24 43 20
leaf_count=21 29 25 26 29 24 43 20
internal_value=-2.14852 79.7416 508.664 -91.1261 178.925 -63.3491 -550.16
internal_weight=217 188 51 137 88 64 49
internal_count=217 188 51 137 88 64 49
is_linear=0
shrinkage=0.04


Tree=331
num_leaves=8
num_cat=0
split_feature=0 11 0 2 1 5 3
split_gain=5.22002e+09 6.08853e+09 1.78076e+10 1.32415e+10 1.05884e+10 1.9207e+10 5.12116e+09
threshold=3112.5000000000005 1.0000000180025095e-35 1459.0000000000002 23601.090000000004 659677.69736842124 1.5000000000000002 689.23706293706311
decision_type=2 2 2 2 2 2 2
left_child=1 2 3 -1 -3 -6 -5
right_child=-2 4 -4 6 5 -7 -8
leaf_value=614.33619879423873 -470.55055005199893 353.38607370162134 970.10835278993727 -917.23257616916965 124.56022311105836 -1287.9834860384856 -44.290520272708534
leaf_weight=21 28 37 34 20 35 22 20
leaf_count=21 28 37 34 20 35 22 20
internal_value=-1.84218 77.0066 296.188 -120.625 -147.948 -475.438 -529.772
internal_weight=217 189 95 61 94 57 40
internal_count=217 189 95 61 94 57 40
is_linear=0
shrinkage=0.04


Tree=332
num_leaves=7
num_cat=0
split_feature=3 1 10 0 4 0
split_gain=5.37764e+09 9.56853e+09 2.20967e+10 1.23237e+10 1.0641e+10 6.55092e+09
threshold=1061.0000000000002 554269.08076923084 1.0000000180025095e-35 2102.8500000000004 147.40186915887855 1044.5000000000002
decision_type=2 2 2 2 2 2
left_child=1 4 3 5 -1 -3
right_child=-2 2 -4 -5 -6 -7
leaf_value=-1000.8605283401905 -469.67315293845729 122.56251372652663 1171.0496780433923 514.00092930518963 204.22931484099368 -585.03216821462581
leaf_weight=20 29 33 27 41 20 47
leaf_count=20 29 33 27 41 20 47
internal_value=-2.3077 79.162 228.082 -17.0775 -438.922 -302.244
internal_weight=217 188 148 121 40 80
internal_count=217 188 148 121 40 80
is_linear=0
shrinkage=0.04


Tree=333
num_leaves=8
num_cat=0
split_feature=0 0 1 0 0 2 0
split_gain=5.06542e+09 5.84779e+09 1.23042e+10 7.06817e+09 7.71778e+09 1.59805e+10 4.2511e+09
threshold=3112.5000000000005 1939.0000000000002 732355.23214285728 1503.0000000000002 906.00000000000011 26733.170000000002 1661.0000000000002
decision_type=2 2 2 2 2 2 2
left_child=1 3 -3 4 -1 -6 -5
right_child=-2 2 -4 6 5 -7 -8
leaf_value=-300.07820447442771 -463.95825459114815 1065.1285084811493 -158.63622535383217 -821.28223755998783 -97.352598662383173 1158.7214287522825 -60.122177205235943
leaf_weight=37 28 21 25 20 40 22 24
leaf_count=37 28 21 25 20 40 22 24
internal_value=-2.25123 75.43 445.54 -53.674 134.745 397.007 -450.565
internal_weight=217 189 46 143 99 62 44
internal_count=217 189 46 143 99 62 44
is_linear=0
shrinkage=0.04


Tree=334
num_leaves=8
num_cat=0
split_feature=2 1 0 0 0 0 2
split_gain=5.17204e+09 1.72762e+10 1.38729e+10 1.18725e+10 1.07775e+10 9.71024e+09 5.14145e+09
threshold=42300.020000000011 763097.37500000012 1503.0000000000002 1076.5000000000002 2635.5000000000005 1515.0000000000002 23601.090000000004
decision_type=2 2 2 2 2 2 2
left_child=1 2 3 6 -2 -3 -1
right_child=4 5 -4 -5 -6 -7 -8
leaf_value=176.65259424490361 116.93103622446205 62.931978692308235 -723.20831434644299 821.45571427011271 -905.10842820689504 1178.9196512719909 -621.70857164131985
leaf_weight=24 39 22 39 24 23 26 20
leaf_count=24 39 22 39 24 23 26 20
internal_value=-1.89683 121.698 -163.702 182.374 -298.104 717.068 -210.449
internal_weight=217 155 107 68 62 48 44
internal_count=217 155 107 68 62 48 44
is_linear=0
shrinkage=0.04


Tree=335
num_leaves=7
num_cat=0
split_feature=3 1 10 0 4 0
split_gain=5.01895e+09 8.93702e+09 2.06056e+10 1.13432e+10 9.63529e+09 6.27786e+09
threshold=1061.0000000000002 554269.08076923084 1.0000000180025095e-35 2102.8500000000004 147.40186915887855 1044.5000000000002
decision_type=2 2 2 2 2 2
left_child=1 4 3 5 -1 -3
right_child=-2 2 -4 -5 -6 -7
leaf_value=-958.28495287990449 -453.25275372176736 125.73051338205492 1131.4697274097039 493.60360518728965 189.19155318695658 -566.42446622104899
leaf_weight=20 29 33 27 41 20 47
leaf_count=20 29 33 27 41 20 47
internal_value=-1.73334 76.9624 220.875 -15.8901 -423.749 -289.492
internal_weight=217 188 148 121 40 80
internal_count=217 188 148 121 40 80
is_linear=0
shrinkage=0.04


Tree=336
num_leaves=8
num_cat=0
split_feature=0 11 0 2 1 5 3
split_gain=4.83966e+09 5.71879e+09 1.75356e+10 1.24674e+10 1.00021e+10 1.84491e+10 4.837e+09
threshold=3112.5000000000005 1.0000000180025095e-35 1459.0000000000002 23601.090000000004 659677.69736842124 1.5000000000000002 689.23706293706311
decision_type=2 2 2 2 2 2 2
left_child=1 2 3 -1 -3 -6 -5
right_child=-2 4 -4 6 5 -7 -8
leaf_value=587.42354320177174 -453.00574484726661 343.47643827680753 955.50438752519051 -899.65140556779443 125.56026592930519 -1258.4867647584858 -49.601780657859145
leaf_weight=21 28 37 34 20 35 22 20
leaf_count=21 28 37 34 20 35 22 20
internal_value=-1.69516 74.225 286.653 -126.519 -143.779 -462.074 -523.012
internal_weight=217 189 95 61 94 57 40
internal_count=217 189 95 61 94 57 40
is_linear=0
shrinkage=0.04


Tree=337
num_leaves=8
num_cat=0
split_feature=3 2 0 0 4 1 9
split_gain=4.9689e+09 8.72709e+09 1.72708e+10 1.06217e+10 7.74893e+09 6.52475e+09 6.00955e+09
threshold=1061.0000000000002 41923.490000000013 2785.5000000000005 1913.0000000000002 100.78580901856766 697870.61403508787 1.0000000180025095e-35
decision_type=2 2 2 2 2 2 2
left_child=1 3 -3 4 6 -6 -1
right_child=-2 2 -4 -5 5 -7 -8
leaf_value=675.72208260778598 -451.41315997716549 -240.57941576453578 1141.4623354112798 -849.52060424773674 -676.59297860655545 131.45787482244762 -100.57337759826336
leaf_weight=35 29 25 26 20 26 31 25
leaf_count=35 29 25 26 20 26 31 25
internal_value=-2.15923 76.1519 499.708 -92.495 63.814 -259.853 367.946
internal_weight=217 188 51 137 117 57 60
internal_count=217 188 51 137 117 57 60
is_linear=0
shrinkage=0.04


Tree=338
num_leaves=8
num_cat=0
split_feature=2 1 0 0 3 0 2
split_gain=4.77205e+09 1.59349e+10 1.27422e+10 1.14188e+10 1.10068e+10 9.20721e+09 4.58549e+09
threshold=42300.020000000011 763097.37500000012 1503.0000000000002 1076.5000000000002 892.6025641025642 1515.0000000000002 23601.090000000004
decision_type=2 2 2 2 2 2 2
left_child=1 2 3 6 -2 -3 -1
right_child=4 5 -4 -5 -6 -7 -8
leaf_value=156.19968311914582 -831.38256643442833 53.004578979698302 -693.92842935212775 800.9000301939144 180.38730700248499 1137.8049508233846 -598.80036897636717
leaf_weight=24 27 22 39 24 35 26 20
leaf_count=24 27 22 39 24 35 26 20
internal_value=-2.37623 116.355 -157.725 173.989 -286.888 688.154 -210.894
internal_weight=217 155 107 68 62 48 44
internal_count=217 155 107 68 62 48 44
is_linear=0
shrinkage=0.04


Tree=339
num_leaves=8
num_cat=0
split_feature=0 0 1 1 0 0 2
split_gain=4.7852e+09 6.01193e+09 1.19015e+10 6.40165e+09 2.50472e+10 1.06435e+10 4.62082e+09
threshold=3112.5000000000005 1939.0000000000002 732355.23214285728 659677.69736842124 1221.2500000000002 1376.5000000000002 25153.695000000003
decision_type=2 2 2 2 2 2 2
left_child=1 3 -3 4 -1 6 -5
right_child=-2 2 -4 5 -6 -7 -8
leaf_value=386.53365023418934 -450.8697753924896 1057.8164105138976 -146.932252393504 160.4553437995564 -1127.3301250654872 636.38543948723623 -597.85006873001146
leaf_weight=33 28 21 25 22 29 37 22
leaf_count=33 28 21 25 22 29 37 22
internal_value=-2.11378 73.3867 448.685 -57.4319 -350.172 173.334 -239.155
internal_weight=217 189 46 143 62 81 44
internal_count=217 189 46 143 62 81 44
is_linear=0
shrinkage=0.04


Tree=340
num_leaves=8
num_cat=0
split_feature=3 2 0 0 4 9 1
split_gain=4.72528e+09 8.43759e+09 1.62727e+10 9.98093e+09 7.55685e+09 5.83585e+09 5.43777e+09
threshold=1061.0000000000002 41923.490000000013 2785.5000000000005 1913.0000000000002 100.78580901856766 1.0000000180025095e-35 697870.61403508787
decision_type=2 2 2 2 2 2 2
left_child=1 3 -3 4 5 -1 -6
right_child=-2 2 -4 -5 6 -7 -8
leaf_value=663.80078949055724 -440.19891073265757 -228.55272587967104 1113.5389818048297 -825.35267828072335 -639.40870533595114 -100.94248152487431 100.19453131110657
leaf_weight=35 29 25 26 20 26 25 31
leaf_count=35 29 25 26 20 26 25 31
internal_value=-2.0963 74.2708 490.751 -91.5389 60.0476 360.474 -259.454
internal_weight=217 188 51 137 117 60 57
internal_count=217 188 51 137 117 60 57
is_linear=0
shrinkage=0.04


Tree=341
num_leaves=8
num_cat=0
split_feature=0 0 1 0 0 2 0
split_gain=4.69847e+09 5.72537e+09 1.1317e+10 5.99341e+09 7.21882e+09 1.53612e+10 3.80636e+09
threshold=3112.5000000000005 1939.0000000000002 732355.23214285728 1503.0000000000002 906.00000000000011 26733.170000000002 1661.0000000000002
decision_type=2 2 2 2 2 2 2
left_child=1 3 -3 4 -1 -6 -5
right_child=-2 2 -4 6 5 -7 -8
leaf_value=-301.28535919556055 -446.97157741867318 1032.7090089669241 -142.22547467616729 -771.23522684357158 -110.60495852327931 1119.5693446037553 -52.067070124702909
leaf_weight=37 28 21 25 20 40 22 24
leaf_count=37 28 21 25 20 40 22 24
internal_value=-2.30506 72.5123 438.748 -55.175 118.524 372.519 -420.527
internal_weight=217 189 46 143 99 62 44
internal_count=217 189 46 143 99 62 44
is_linear=0
shrinkage=0.04


Tree=342
num_leaves=8
num_cat=0
split_feature=2 2 3 4 3 1 1
split_gain=4.74468e+09 1.46058e+10 1.07654e+10 8.52358e+09 4.74448e+09 4.41285e+09 9.37622e+09
threshold=42300.020000000011 40812.810000000005 892.6025641025642 100.78580901856766 422.33815609677686 577970.68333333347 763097.37500000012
decision_type=2 2 2 2 2 2 2
left_child=1 3 -2 4 -1 -5 -7
right_child=2 -3 -4 5 -6 6 -8
leaf_value=664.04619207992323 -824.08867567845641 1014.2798862304859 176.65743958156881 135.28024056307396 -10.545265416689544 -1008.6629271117921 28.127400465049124
leaf_weight=25 27 20 35 21 38 25 26
leaf_count=25 27 20 35 21 38 25 26
internal_value=-1.94404 116.437 -285.647 -45.253 283.796 -332.926 -521.015
internal_weight=217 155 62 135 63 72 51
internal_count=217 155 62 135 63 72 51
is_linear=0
shrinkage=0.04


Tree=343
num_leaves=7
num_cat=0
split_feature=3 1 10 0 4 0
split_gain=4.69932e+09 8.28393e+09 1.90071e+10 1.06257e+10 9.27413e+09 5.51667e+09
threshold=1061.0000000000002 554269.08076923084 1.0000000180025095e-35 2102.8500000000004 147.40186915887855 1044.5000000000002
decision_type=2 2 2 2 2 2
left_child=1 4 3 5 -1 -3
right_child=-2 2 -4 -5 -6 -7
leaf_value=-932.32712445599816 -438.62748321397964 110.73490519081544 1087.5349415419596 478.63229892405877 192.44627342802451 -538.76867774777543
leaf_weight=20 29 33 27 41 20 47
leaf_count=20 29 33 27 41 20 47
internal_value=-1.72271 74.4269 212.975 -14.4511 -407.654 -279.291
internal_weight=217 188 148 121 40 80
internal_count=217 188 148 121 40 80
is_linear=0
shrinkage=0.04


Tree=344
num_leaves=8
num_cat=0
split_feature=0 0 1 5 1 11 0
split_gain=4.6381e+09 5.22456e+09 1.08383e+10 5.87749e+09 4.68068e+09 4.49572e+09 2.0285e+09
threshold=3112.5000000000005 1939.0000000000002 732355.23214285728 1.5000000000000002 606448.75000000012 1.0000000180025095e-35 1188.5000000000002
decision_type=2 2 2 2 2 2 2
left_child=1 3 -3 4 6 -6 -1
right_child=-2 2 -4 -5 5 -7 -8
leaf_value=620.98180419590551 -443.49915143690561 1003.868233054883 -145.1661403234541 -482.56092781170628 -405.2227027923405 217.24531198936887 79.168573995454622
leaf_weight=23 28 21 25 33 35 31 21
leaf_count=23 28 21 25 33 35 31 21
internal_value=-1.68692 72.6361 422.455 -49.4313 94.4864 -117.687 393.984
internal_weight=217 189 46 143 110 66 44
internal_count=217 189 46 143 110 66 44
is_linear=0
shrinkage=0.04


Tree=345
num_leaves=6
num_cat=0
split_feature=0 1 3 8 1
split_gain=4.72494e+09 1.6088e+10 5.37235e+09 7.8692e+09 1.00887e+10
threshold=3505.0000000000005 855174.75000000012 254.57400932400938 1.0000000180025095e-35 697870.61403508787
decision_type=2 2 2 2 2
left_child=1 2 -1 4 -4
right_child=-2 -3 3 -5 -6
leaf_value=597.65908902647175 500.17219755167645 -897.39288836242929 443.79283856114972 -623.84459699803938 -261.52329818835437
leaf_weight=23 22 27 66 23 56
leaf_count=23 22 27 66 23 56
internal_value=-1.25477 -67.9204 85.4957 -11.4246 122.274
internal_weight=217 195 168 145 122
internal_count=217 195 168 145 122
is_linear=0
shrinkage=0.04


Tree=346
num_leaves=7
num_cat=0
split_feature=1 0 3 10 0 0
split_gain=4.59732e+09 1.21163e+10 1.1652e+10 2.03688e+10 8.95195e+09 5.69818e+09
threshold=554269.08076923084 1303.0000000000002 995.50000000000011 1.0000000180025095e-35 2102.8500000000004 1402.5000000000002
decision_type=2 2 2 2 2 2
left_child=1 -1 3 4 5 -2
right_child=2 -3 -4 -5 -6 -7
leaf_value=309.7325809098615 87.189048372293755 -926.66131371082452 -550.24963107032988 1187.4719617727253 459.34776597410331 -577.2454098589053
leaf_weight=21 40 22 32 25 41 36
leaf_count=21 40 22 32 25 41 36
internal_value=-1.40227 -350.93 91.7033 248.936 11.5233 -242.343
internal_weight=217 43 174 142 117 76
internal_count=217 43 174 142 117 76
is_linear=0
shrinkage=0.04


Tree=347
num_leaves=8
num_cat=0
split_feature=0 2 0 5 1 5 17
split_gain=4.61368e+09 5.18637e+09 8.4452e+09 8.02933e+09 7.2497e+09 3.98489e+09 3.85344e+09
threshold=3112.5000000000005 42300.020000000011 1939.0000000000002 1.5000000000000002 606448.75000000012 1.0000000180025095e-35 1.0000000180025095e-35
decision_type=2 2 2 2 2 2 2
left_child=1 3 -3 4 5 -1 -6
right_child=-2 2 -4 -5 6 -7 -8
leaf_value=749.8347702271584 -442.00864005617109 -170.15988432369537 815.27107410013139 -620.02656033529263 -461.53661542491943 19.061109773559338 117.87781552258747
leaf_weight=26 28 22 28 27 31 20 35
leaf_count=26 28 22 28 27 31 20 35
internal_value=-1.35472 72.7657 403.613 -55.2469 99.7581 462.365 -166.462
internal_weight=217 189 50 139 112 46 66
internal_count=217 189 50 139 112 46 66
is_linear=0
shrinkage=0.04


Tree=348
num_leaves=9
num_cat=0
split_feature=0 11 1 0 2 0 1 3
split_gain=4.63621e+09 1.48817e+10 2.82745e+10 1.85569e+10 1.07999e+10 1.07601e+10 5.68057e+09 4.80836e+09
threshold=3505.0000000000005 1.0000000180025095e-35 787125.00000000012 1459.0000000000002 23601.090000000004 1188.5000000000002 697870.61403508787 689.23706293706311
decision_type=2 2 2 2 2 2 2 2
left_child=1 3 5 4 -1 -3 -7 -6
right_child=-2 2 -4 -5 7 6 -8 -9
leaf_value=514.77024225938965 495.4036035287732 -718.47694463142921 -1529.8722891221739 942.13919337855759 -895.44443372946785 612.81907643174031 -148.99966263434834 -48.229060103298629
leaf_weight=21 22 20 22 36 20 30 26 20
leaf_count=21 22 20 22 36 20 30 26 20
internal_value=-1.2937 -67.3294 -405.879 277.565 -152.742 -12.6057 274.471 -519.938
internal_weight=217 195 98 97 61 76 56 40
internal_count=217 195 98 97 61 76 56 40
is_linear=0
shrinkage=0.04


Tree=349
num_leaves=7
num_cat=0
split_feature=1 3 10 0 0 0
split_gain=4.67579e+09 1.18187e+10 1.87763e+10 1.15714e+10 8.0677e+09 5.47319e+09
threshold=554269.08076923084 995.50000000000011 1.0000000180025095e-35 1303.0000000000002 2102.8500000000004 1402.5000000000002
decision_type=2 2 2 2 2 2
left_child=3 2 4 -1 5 -2
right_child=1 -3 -4 -5 -6 -7
leaf_value=292.79900985024727 101.97889929340477 -554.48754854355786 1151.5146225142653 -916.52210277148777 446.7735772393703 -547.91850599759812
leaf_weight=21 40 32 25 22 41 36
leaf_count=21 40 32 25 22 41 36
internal_value=-1.87806 92.0281 250.389 -354.367 22.014 -219.402
internal_weight=217 174 142 43 117 76
internal_count=217 174 142 43 117 76
is_linear=0
shrinkage=0.04


Tree=350
num_leaves=7
num_cat=0
split_feature=0 0 10 1 2 0
split_gain=4.61811e+09 5.29456e+09 1.12835e+10 9.11299e+09 9.33804e+09 6.58708e+09
threshold=3112.5000000000005 906.00000000000011 1.0000000180025095e-35 659677.69736842124 42300.020000000011 1638.5000000000002
decision_type=2 2 2 2 2 2
left_child=1 -1 3 5 -5 -3
right_child=-2 2 -4 4 -6 -7
leaf_value=-331.31527509755909 -442.68063103990471 -56.596052844132231 840.28903243520369 -537.6128697304049 293.40521509973087 909.35530408082093
leaf_weight=37 28 20 28 53 31 20
leaf_count=37 28 20 28 53 31 20
internal_value=-1.82415 72.3414 177.36 3.27127 -231.609 469.847
internal_weight=217 189 152 124 84 40
internal_count=217 189 152 124 84 40
is_linear=0
shrinkage=0.04


Tree=351
num_leaves=8
num_cat=0
split_feature=2 1 0 0 3 0 2
split_gain=4.66972e+09 1.69138e+10 1.10734e+10 1.12091e+10 1.09466e+10 8.37439e+09 3.40102e+09
threshold=42300.020000000011 763097.37500000012 1503.0000000000002 1076.5000000000002 892.6025641025642 1515.0000000000002 23601.090000000004
decision_type=2 2 2 2 2 2 2
left_child=1 2 3 6 -2 -3 -1
right_child=4 5 -4 -5 -6 -7 -8
leaf_value=88.097176671701462 -825.75811868055439 90.676857215402961 -665.50682052248635 766.2941226886677 183.00683748992628 1134.7189465224401 -567.4915286364602
leaf_weight=24 27 22 39 24 35 26 20
leaf_count=24 27 22 39 24 35 26 20
internal_value=-1.19791 116.23 -166.023 144.171 -282.665 705.391 -235.107
internal_weight=217 155 107 68 62 48 44
internal_count=217 155 107 68 62 48 44
is_linear=0
shrinkage=0.04


Tree=352
num_leaves=6
num_cat=0
split_feature=7 1 4 0 1
split_gain=4.65141e+09 1.2314e+10 1.67825e+10 2.69319e+10 2.65343e+10
threshold=1.0000000180025095e-35 855174.75000000012 402.38927738927742 2452.0000000000005 659677.69736842124
decision_type=2 2 2 2 2
left_child=1 2 3 4 -1
right_child=-2 -3 -4 -5 -6
leaf_value=-622.15397452722323 -498.44783317652917 718.50533658182042 706.53141727417676 -1424.6610733572138 572.70744327204864
leaf_weight=53 22 33 30 22 57
leaf_count=53 22 33 30 22 57
internal_value=-0.982713 65.2069 -83.8338 -280.984 -4.83982
internal_weight=217 195 162 132 110
internal_count=217 195 162 132 110
is_linear=0
shrinkage=0.04


Tree=353
num_leaves=6
num_cat=0
split_feature=0 1 3 8 1
split_gain=4.46973e+09 1.50268e+10 5.11451e+09 7.50127e+09 8.97112e+09
threshold=3505.0000000000005 855174.75000000012 254.57400932400938 1.0000000180025095e-35 697870.61403508787
decision_type=2 2 2 2 2
left_child=1 2 -1 4 -4
right_child=-2 -3 3 -5 -6
leaf_value=581.7814784043436 486.30819266009735 -867.871280601335 421.22704795195426 -610.36653187637137 -243.94409856422644
leaf_weight=23 22 27 66 23 56
leaf_count=23 22 27 66 23 56
internal_value=-1.39228 -66.229 82.0551 -12.4702 118.105
internal_weight=217 195 168 145 122
internal_count=217 195 168 145 122
is_linear=0
shrinkage=0.04


Tree=354
num_leaves=7
num_cat=0
split_feature=0 0 10 1 2 0
split_gain=4.60961e+09 4.83681e+09 1.05092e+10 8.86071e+09 9.38647e+09 6.39991e+09
threshold=3112.5000000000005 906.00000000000011 1.0000000180025095e-35 659677.69736842124 42300.020000000011 1638.5000000000002
decision_type=2 2 2 2 2 2
left_child=1 -1 3 5 -5 -3
right_child=-2 2 -4 4 -6 -7
leaf_value=-313.38071132550238 -441.98359626897337 -54.381333774712992 812.65488875039046 -533.8015625125513 299.0784468477155 898.02588640099088
leaf_weight=37 28 20 28 53 31 20
leaf_count=37 28 20 28 53 31 20
internal_value=-1.52751 72.5637 172.876 4.80584 -226.855 464.825
internal_weight=217 189 152 124 84 40
internal_count=217 189 152 124 84 40
is_linear=0
shrinkage=0.04


Tree=355
num_leaves=8
num_cat=0
split_feature=2 1 0 0 2 2 2
split_gain=4.53658e+09 1.60532e+10 1.03374e+10 1.02468e+10 1.01653e+10 7.79797e+09 3.17815e+09
threshold=42300.020000000011 763097.37500000012 1503.0000000000002 1076.5000000000002 48724.750000000007 36944.270000000011 23601.090000000004
decision_type=2 2 2 2 2 2 2
left_child=1 2 3 6 -2 -3 -1
right_child=4 5 -4 -5 -6 -7 -8
leaf_value=88.618399689385384 -717.26953829064746 164.78974986472556 -642.81719003309956 734.24208906761908 250.59408218266833 1173.8764142314633 -544.6769015352171
leaf_weight=24 33 26 39 24 29 22 20
leaf_count=24 33 26 39 24 29 22 20
internal_value=-0.920244 114.816 -160.215 139.484 -278.351 688.766 -223.267
internal_weight=217 155 107 68 62 48 44
internal_count=217 155 107 68 62 48 44
is_linear=0
shrinkage=0.04


Tree=356
num_leaves=6
num_cat=0
split_feature=7 1 4 0 1
split_gain=4.43153e+09 1.18398e+10 1.59655e+10 2.44924e+10 2.51955e+10
threshold=1.0000000180025095e-35 855174.75000000012 402.38927738927742 2452.0000000000005 659677.69736842124
decision_type=2 2 2 2 2
left_child=1 2 3 4 -1
right_child=-2 -3 -4 -5 -6
leaf_value=-612.02400410556208 -486.04209889144499 704.72169353992456 688.87751372387231 -1364.9601059999873 552.30992108813393
leaf_weight=53 22 33 30 22 57
leaf_count=53 22 33 30 22 57
internal_value=-0.467488 64.1288 -82.0185 -274.304 -10.7102
internal_weight=217 195 162 132 110
internal_count=217 195 162 132 110
is_linear=0
shrinkage=0.04


Tree=357
num_leaves=8
num_cat=0
split_feature=3 1 2 4 0 0 2
split_gain=4.44301e+09 7.80011e+09 1.68812e+10 8.78418e+09 5.43292e+09 5.15575e+09 6.84278e+09
threshold=1061.0000000000002 554269.08076923084 41923.490000000013 147.40186915887855 2785.5000000000005 1503.0000000000002 25977.695000000003
decision_type=2 2 2 2 2 2 2
left_child=1 3 5 -1 -4 6 -3
right_child=-2 2 4 -5 -6 -7 -8
leaf_value=-905.36066747766779 -425.71136572181149 -148.10601653379442 287.68219401933715 189.04702265037034 1219.0286415922826 -415.48575743187837 663.83139548694896
leaf_weight=20 29 44 22 20 22 39 21
leaf_count=20 29 44 22 20 22 39 21
internal_value=-0.872729 73.1549 207.578 -394.669 823.827 -76.6993 140.429
internal_weight=217 188 148 40 44 104 65
internal_count=217 188 148 40 44 104 65
is_linear=0
shrinkage=0.04


Tree=358
num_leaves=7
num_cat=0
split_feature=0 0 5 4 3 17
split_gain=4.62231e+09 4.72207e+09 6.94294e+09 9.20571e+09 3.18313e+09 3.64612e+09
threshold=3112.5000000000005 2381.3350000000005 1.5000000000000002 173.03671328671331 751.98368298368302 1.0000000180025095e-35
decision_type=2 2 2 2 2 2
left_child=1 2 4 -4 5 -1
right_child=-2 -3 3 -5 -6 -7
leaf_value=-200.48535007939779 -441.54056867239251 497.66632419613956 184.69767484144526 -885.78749861461836 508.72912153640652 288.67006362538569
leaf_weight=48 28 30 21 24 25 41
leaf_count=48 28 30 21 24 25 41
internal_value=-0.45667 73.715 -17.8725 -415.087 148.816 27.93
internal_weight=217 189 159 45 114 89
internal_count=217 189 159 45 114 89
is_linear=0
shrinkage=0.04


Tree=359
num_leaves=6
num_cat=0
split_feature=0 1 3 8 1
split_gain=4.42578e+09 1.49721e+10 4.84636e+09 7.15678e+09 8.84914e+09
threshold=3505.0000000000005 855174.75000000012 254.57400932400938 1.0000000180025095e-35 697870.61403508787
decision_type=2 2 2 2 2
left_child=1 2 -1 4 -4
right_child=-2 -3 3 -5 -6
leaf_value=569.41500715516577 484.80090951535959 -865.20917861773432 419.34852951382027 -593.22026132516646 -241.3092603543237
leaf_weight=23 22 27 66 23 56
leaf_count=23 22 27 66 23 56
internal_value=-0.477768 -65.0132 82.9746 -9.13182 118.318
internal_weight=217 195 168 145 122
internal_count=217 195 168 145 122
is_linear=0
shrinkage=0.04


Tree=360
num_leaves=8
num_cat=0
split_feature=0 0 1 1 0 0 2
split_gain=4.50696e+09 4.72551e+09 9.32928e+09 6.31338e+09 2.23532e+10 1.1143e+10 3.78029e+09
threshold=3112.5000000000005 1939.0000000000002 732355.23214285728 659677.69736842124 1221.2500000000002 1376.5000000000002 25153.695000000003
decision_type=2 2 2 2 2 2 2
left_child=1 3 -3 4 -1 6 -5
right_child=-2 2 -4 5 -6 -7 -8
leaf_value=361.68549746908741 -436.18544320153154 944.3967474251466 -123.16492167095247 126.87194694753772 -1068.6626399506579 658.67635684026425 -561.19374869503054
leaf_weight=33 28 21 25 22 29 37 22
leaf_count=33 28 21 25 22 29 37 22
internal_value=-0.644098 72.6001 405.261 -43.5885 -334.619 185.113 -237.475
internal_weight=217 189 46 143 62 81 44
internal_count=217 189 46 143 62 81 44
is_linear=0
shrinkage=0.04


Tree=361
num_leaves=9
num_cat=0
split_feature=0 11 1 0 0 2 1 3
split_gain=4.40036e+09 1.39912e+10 2.71455e+10 1.75031e+10 1.08475e+10 1.05689e+10 5.15711e+09 4.89286e+09
threshold=3505.0000000000005 1.0000000180025095e-35 787125.00000000012 1459.0000000000002 1188.5000000000002 23601.090000000004 697870.61403508787 689.23706293706311
decision_type=2 2 2 2 2 2 2 2
left_child=1 3 4 5 -3 -1 -6 -7
right_child=-2 2 -4 -5 6 7 -8 -9
leaf_value=511.57474030195874 483.18901610071595 -717.18194107520378 -1494.6317088170554 914.79722705473819 601.72116118189126 -890.5824316767513 -125.92162993867916 -38.51998493383546
leaf_weight=21 22 20 22 36 30 20 26 20
leaf_count=21 22 20 22 36 30 20 26 20
internal_value=-0.69832 -65.0437 -393.312 269.367 -8.21948 -148.531 279.781 -511.91
internal_weight=217 195 98 97 76 61 56 40
internal_count=217 195 98 97 76 61 56 40
is_linear=0
shrinkage=0.04


Tree=362
num_leaves=8
num_cat=0
split_feature=2 1 0 0 3 2 2
split_gain=4.61906e+09 1.49158e+10 9.78134e+09 9.86641e+09 9.76716e+09 6.96358e+09 2.95239e+09
threshold=42300.020000000011 763097.37500000012 1503.0000000000002 1076.5000000000002 892.6025641025642 36944.270000000011 23601.090000000004
decision_type=2 2 2 2 2 2 2
left_child=1 2 3 6 -2 -3 -1
right_child=4 5 -4 -5 -6 -7 -8
leaf_value=85.720676078002086 -793.86889200707139 170.41953788321302 -619.32584088585691 724.89380348313546 159.99455481041102 1127.6089626375226 -524.62795061409008
leaf_weight=24 27 26 39 24 35 22 20
leaf_count=24 27 26 39 24 35 22 20
internal_value=-1.28982 115.501 -149.767 141.448 -281.224 668.667 -214.834
internal_weight=217 155 107 68 62 48 44
internal_count=217 155 107 68 62 48 44
is_linear=0
shrinkage=0.04


Tree=363
num_leaves=8
num_cat=0
split_feature=3 1 2 4 0 2 0
split_gain=4.56196e+09 7.82823e+09 1.60877e+10 8.13366e+09 5.04361e+09 6.59641e+09 4.79604e+09
threshold=1061.0000000000002 554269.08076923084 41923.490000000013 147.40186915887855 1503.0000000000002 25977.695000000003 2785.5000000000005
decision_type=2 2 2 2 2 2 2
left_child=1 3 4 -1 5 -3 -4
right_child=-2 2 6 -5 -6 -7 -8
leaf_value=-885.60630292826556 -431.4530989968423 -138.49685725886658 298.30710317189909 169.33337023809199 -404.31713930033288 659.02887964236425 1183.5599205505928
leaf_weight=20 29 44 22 20 39 21 22
leaf_count=20 29 44 22 20 39 21 22
internal_value=-0.967019 74.0466 208.697 -394.646 -69.0518 145.373 810.243
internal_weight=217 188 148 40 104 65 44
internal_count=217 188 148 40 104 65 44
is_linear=0
shrinkage=0.04


Tree=364
num_leaves=8
num_cat=0
split_feature=0 0 1 1 0 0 2
split_gain=4.6803e+09 4.23369e+09 8.79638e+09 5.8386e+09 2.11367e+10 1.00273e+10 3.59648e+09
threshold=3112.5000000000005 1939.0000000000002 732355.23214285728 659677.69736842124 1221.2500000000002 1376.5000000000002 25153.695000000003
decision_type=2 2 2 2 2 2 2
left_child=1 3 -3 4 -1 6 -5
right_child=-2 2 -4 5 -6 -7 -8
leaf_value=360.18645892870285 -444.39914348263767 912.51605173775124 -123.57795934710329 135.7178122114365 -1030.1784502804355 632.68639350007629 -533.95562770272841
leaf_weight=33 28 21 25 22 29 37 22
leaf_count=33 28 21 25 22 29 37 22
internal_value=-0.55911 74.0784 388.908 -36.0478 -316.066 183.687 -217.745
internal_weight=217 189 46 143 62 81 44
internal_count=217 189 46 143 62 81 44
is_linear=0
shrinkage=0.04


Tree=365
num_leaves=8
num_cat=0
split_feature=2 1 1 0 1 3 0
split_gain=4.44509e+09 1.34924e+10 1.00476e+10 1.09805e+10 1.93767e+10 9.70818e+09 6.36352e+09
threshold=42300.020000000011 763097.37500000012 697870.61403508787 1490.2500000000002 577970.68333333347 892.6025641025642 1515.0000000000002
decision_type=2 2 2 2 2 2 2
left_child=1 2 3 4 -1 -2 -3
right_child=5 6 -4 -5 -6 -7 -8
leaf_value=405.51611787679155 -786.45690654545604 99.426303502680767 -694.73930002171301 701.66595379042951 -1079.3267905657187 164.15835128234085 1014.6067052320177
leaf_weight=29 27 22 31 27 20 35 26
leaf_count=29 27 22 31 27 20 35 26
internal_value=-0.611364 113.946 -138.484 114.785 -240.679 -275.237 639.992
internal_weight=217 155 107 76 49 62 48
internal_count=217 155 107 76 49 62 48
is_linear=0
shrinkage=0.04


Tree=366
num_leaves=9
num_cat=0
split_feature=4 1 0 0 1 4 1 0
split_gain=4.46028e+09 1.67144e+10 3.9874e+10 2.54554e+10 1.02665e+10 1.2077e+10 1.13619e+10 1.36219e+09
threshold=212.43006993006995 659677.69736842124 1459.0000000000002 1221.2500000000002 829324.87500000012 402.38927738927742 714897.0238095239 993.00000000000011
decision_type=2 2 2 2 2 2 2 2
left_child=1 3 7 -1 5 6 -2 -3
right_child=4 2 -4 -5 -6 -7 -8 -9
leaf_value=427.88593264938743 -932.88653691923412 43.745974752196737 1723.1230978532381 -1235.6528337194266 -795.70566659776762 630.34765723896771 265.60502786417527 -384.5343377055446
leaf_weight=28 21 20 24 23 27 30 22 22
leaf_count=28 21 20 24 23 27 30 22 22
internal_value=-0.730506 164.059 567.713 -362.023 -192.286 64.4232 -352.902 -196.221
internal_weight=217 117 66 51 100 73 43 42
internal_count=217 117 66 51 100 73 43 42
is_linear=0
shrinkage=0.04


Tree=367
num_leaves=7
num_cat=0
split_feature=3 1 10 1 4 4
split_gain=4.50351e+09 7.47879e+09 1.49286e+10 8.27062e+09 2.64373e+10 7.49863e+09
threshold=1061.0000000000002 554269.08076923084 1.0000000180025095e-35 659677.69736842124 591.53962703962713 147.40186915887855
decision_type=2 2 2 2 2 2
left_child=1 5 3 -3 -5 -1
right_child=-2 2 -4 4 -6 -7
leaf_value=-855.77929618699045 -428.63333359080661 604.55450165723732 980.26270517075056 187.87888583266201 -1311.7111943314835 157.85126342808067
leaf_weight=20 29 24 27 77 20 20
leaf_count=20 29 24 27 77 20 20
internal_value=-0.91285 73.6178 205.204 3.05792 -166.145 -384.539
internal_weight=217 188 148 121 97 40
internal_count=217 188 148 121 97 40
is_linear=0
shrinkage=0.04


Tree=368
num_leaves=6
num_cat=0
split_feature=0 1 3 8 1
split_gain=4.32887e+09 1.38473e+10 4.61589e+09 6.93728e+09 8.69999e+09
threshold=3505.0000000000005 855174.75000000012 254.57400932400938 1.0000000180025095e-35 697870.61403508787
decision_type=2 2 2 2 2
left_child=1 2 -1 4 -4
right_child=-2 -3 3 -5 -6
leaf_value=551.90271395350396 478.5332812481077 -834.7435924480535 411.55612836866521 -587.5822592874631 -243.40761076786748
leaf_weight=23 22 27 66 23 56
leaf_count=23 22 27 66 23 56
internal_value=-1.422 -65.2279 77.1571 -12.6188 112.971
internal_weight=217 195 168 145 122
internal_count=217 195 168 145 122
is_linear=0
shrinkage=0.04


Tree=369
num_leaves=7
num_cat=0
split_feature=0 0 10 1 2 0
split_gain=4.40021e+09 4.41056e+09 9.7639e+09 8.69323e+09 9.26167e+09 5.61107e+09
threshold=3112.5000000000005 906.00000000000011 1.0000000180025095e-35 659677.69736842124 42300.020000000011 1638.5000000000002
decision_type=2 2 2 2 2 2
left_child=1 -1 3 5 -5 -3
right_child=-2 2 -4 4 -6 -7
leaf_value=-297.76546011659917 -431.88306780012346 -30.316661286559075 783.27853060643815 -529.76566445592971 297.53273449853248 865.67401987565097
leaf_weight=37 28 20 28 53 31 20
leaf_count=37 28 20 28 53 31 20
internal_value=-1.54855 70.8414 166.603 4.60295 -224.852 460.259
internal_weight=217 189 152 124 84 40
internal_count=217 189 152 124 84 40
is_linear=0
shrinkage=0.04


Tree=370
num_leaves=8
num_cat=0
split_feature=0 11 1 1 0 0 1
split_gain=4.29267e+09 1.28202e+10 2.5444e+10 1.58418e+10 3.4958e+10 1.01371e+10 4.22877e+09
threshold=3505.0000000000005 1.0000000180025095e-35 787125.00000000012 659677.69736842124 1490.2500000000002 1188.5000000000002 697870.61403508787
decision_type=2 2 2 2 2 2 2
left_child=1 3 5 -1 -5 -3 -7
right_child=-2 2 -4 4 -6 6 -8
leaf_value=-344.38148974115018 476.98663081113017 -691.43604805977304 -1444.9310408586614 -237.70079757163899 1625.42766159134 563.45423696174373 -97.419321454711863
leaf_weight=39 22 20 22 32 26 30 26
leaf_count=39 22 20 22 32 26 30 26
internal_value=-0.948168 -64.4961 -378.688 255.674 654.868 -5.97793 272.327
internal_weight=217 195 98 97 58 76 56
internal_count=217 195 98 97 58 76 56
is_linear=0
shrinkage=0.04


Tree=371
num_leaves=8
num_cat=0
split_feature=3 1 2 4 0 2 0
split_gain=4.77601e+09 7.80008e+09 1.46734e+10 6.71751e+09 5.45607e+09 5.92661e+09 4.70433e+09
threshold=1061.0000000000002 554269.08076923084 41923.490000000013 147.40186915887855 1503.0000000000002 25977.695000000003 2785.5000000000005
decision_type=2 2 2 2 2 2 2
left_child=1 3 4 -1 5 -3 -4
right_child=-2 2 6 -5 -6 -7 -8
leaf_value=-837.46663572787327 -441.50238642673054 -104.6810325820361 281.58236618601995 125.64747908476186 -404.75934515588017 652.75012029554227 1153.2349368819034
leaf_weight=20 29 44 22 20 39 21 22
leaf_count=20 29 44 22 20 39 21 22
internal_value=-1.03322 75.7211 210.094 -392.192 -55.5838 166.671 784.518
internal_weight=217 188 148 40 104 65 44
internal_count=217 188 148 40 104 65 44
is_linear=0
shrinkage=0.04


Tree=372
num_leaves=8
num_cat=0
split_feature=2 1 0 0 0 2 2
split_gain=4.79479e+09 1.44569e+10 9.82858e+09 9.52715e+09 9.0915e+09 5.70801e+09 3.06514e+09
threshold=42300.020000000011 763097.37500000012 1503.0000000000002 2452.0000000000005 1076.5000000000002 36944.270000000011 23601.090000000004
decision_type=2 2 2 2 2 2 2
left_child=1 2 4 -2 6 -3 -1
right_child=3 5 -4 -5 -6 -7 -8
leaf_value=108.59576894376448 138.88448639082182 201.46970108541123 -613.8083365169183 -807.1943163460619 708.19309662220269 1080.3680947579776 -510.72735677386612
leaf_weight=24 36 26 39 26 24 22 20
leaf_count=24 36 26 39 26 24 22 20
internal_value=-0.643634 118.335 -142.975 -285.867 148.58 662.852 -194.356
internal_weight=217 155 107 62 68 48 44
internal_count=217 155 107 62 68 48 44
is_linear=0
shrinkage=0.04


Tree=373
num_leaves=7
num_cat=0
split_feature=0 0 10 1 5 0
split_gain=4.51322e+09 3.71836e+09 8.89264e+09 8.24853e+09 8.51241e+09 5.3158e+09
threshold=3112.5000000000005 906.00000000000011 1.0000000180025095e-35 659677.69736842124 1.5000000000000002 1638.5000000000002
decision_type=2 2 2 2 2 2
left_child=1 -1 3 5 -5 -3
right_child=-2 2 -4 4 -6 -7
leaf_value=-265.84269614072838 -436.21649727257778 -27.987952709978654 749.22511758353096 117.04632019495071 -665.35904566602346 844.4296291104514
leaf_weight=37 28 20 28 50 34 20
leaf_count=37 28 20 28 50 34 20
internal_value=-0.367197 72.9223 160.704 6.04031 -217.523 449.837
internal_weight=217 189 152 124 84 40
internal_count=217 189 152 124 84 40
is_linear=0
shrinkage=0.04


Tree=374
num_leaves=8
num_cat=0
split_feature=2 1 0 2 0 2 2
split_gain=4.32172e+09 1.38027e+10 9.3497e+09 9.04058e+09 8.21611e+09 5.42248e+09 2.84176e+09
threshold=42300.020000000011 763097.37500000012 1503.0000000000002 48724.750000000007 1076.5000000000002 36048.135000000002 23601.090000000004
decision_type=2 2 2 2 2 2 2
left_child=1 2 4 -2 6 -3 -1
right_child=3 5 -4 -5 -6 -7 -8
leaf_value=107.3405152968139 -684.55834698901469 166.50495753570027 -601.54492255700518 228.780392487531 674.08728622681872 1020.787541218129 -488.67526912263639
leaf_weight=24 33 24 39 29 24 24 20
leaf_count=24 33 24 39 29 24 24 20
internal_value=-0.094005 112.852 -142.384 -270.892 142.128 644.95 -183.946
internal_weight=217 155 107 62 68 48 44
internal_count=217 155 107 62 68 48 44
is_linear=0
shrinkage=0.04


Tree=375
num_leaves=8
num_cat=0
split_feature=3 1 2 4 0 2 0
split_gain=4.31183e+09 7.32391e+09 1.46123e+10 6.32371e+09 5.05716e+09 5.94863e+09 4.21878e+09
threshold=1061.0000000000002 554269.08076923084 41923.490000000013 147.40186915887855 1503.0000000000002 25977.695000000003 2785.5000000000005
decision_type=2 2 2 2 2 2 2
left_child=1 3 4 -1 5 -3 -4
right_child=-2 2 6 -5 -6 -7 -8
leaf_value=-812.27045060098351 -418.28599882932645 -117.88611027372872 292.6553437174278 122.14795013727677 -397.43945184719837 640.19170774918098 1127.7522712673533
leaf_weight=20 29 44 22 20 39 21 22
leaf_count=20 29 44 22 20 39 21 22
internal_value=0.256293 73.1605 203.372 -380.238 -61.5081 152.841 776.639
internal_weight=217 188 148 40 104 65 44
internal_count=217 188 148 40 104 65 44
is_linear=0
shrinkage=0.04


Tree=376
num_leaves=8
num_cat=0
split_feature=0 2 5 0 1 17 5
split_gain=4.44527e+09 3.75152e+09 8.00673e+09 7.35759e+09 6.1975e+09 4.54178e+09 4.21245e+09
threshold=3112.5000000000005 42300.020000000011 1.5000000000000002 1939.0000000000002 606448.75000000012 1.0000000180025095e-35 1.0000000180025095e-35
decision_type=2 2 2 2 2 2 2
left_child=1 2 4 -3 6 -6 -1
right_child=-2 3 -4 -5 5 -7 -8
leaf_value=748.48204367189294 -431.97104062994578 -177.85866966067817 -600.28252553027346 739.40656366453845 -451.0781173034315 175.05974585283153 1.3852420244509973
leaf_weight=26 28 22 27 28 31 35 20
leaf_count=26 28 22 27 28 31 35 20
internal_value=0.604203 73.3204 -35.877 354.603 118.272 -129.14 452.965
internal_weight=217 189 139 50 112 66 46
internal_count=217 189 139 50 112 66 46
is_linear=0
shrinkage=0.04


Tree=377
num_leaves=8
num_cat=0
split_feature=2 1 1 0 1 2 0
split_gain=4.32711e+09 1.29139e+10 8.9421e+09 8.88955e+09 6.27443e+09 1.62893e+10 4.98431e+09
threshold=42300.020000000011 763097.37500000012 732355.23214285728 2452.0000000000005 419467.18750000006 26733.170000000002 1515.0000000000002
decision_type=2 2 2 2 2 2 2
left_child=1 2 4 -2 -1 -6 -3
right_child=3 6 -4 -5 5 -7 -8
leaf_value=-500.75853631417385 139.34798588480481 137.75376106418807 -808.11408026843799 -774.10574761737223 -453.69106350732676 734.93447861534037 961.0111374932784
leaf_weight=20 36 22 20 26 28 39 26
leaf_count=20 36 22 20 26 28 39 26
internal_value=0.582628 113.586 -133.444 -270.398 54.0435 240.928 628.199
internal_weight=217 155 107 62 87 67 48
internal_count=217 155 107 62 87 67 48
is_linear=0
shrinkage=0.04


Tree=378
num_leaves=9
num_cat=0
split_feature=4 1 2 1 4 1 2 1
split_gain=4.46459e+09 1.56155e+10 1.42235e+10 9.7863e+09 1.17089e+10 1.11303e+10 9.77375e+09 3.85019e+09
threshold=212.43006993006995 787125.00000000012 40812.810000000005 829324.87500000012 402.38927738927742 714897.0238095239 26733.170000000002 606448.75000000012
decision_type=2 2 2 2 2 2 2 2
left_child=1 2 6 4 5 -2 7 -1
right_child=3 -3 -4 -5 -6 -7 -8 -9
leaf_value=170.15319869718664 -925.34617409828786 900.19294213870774 -937.87077504374463 -780.6649968528925 616.70321631831723 261.06239976592747 725.38930210204182 -533.60842600990804
leaf_weight=21 21 29 20 27 30 22 26 21
leaf_count=21 21 29 20 27 30 22 26 21
internal_value=0.0972357 164.95 -109.627 -191.567 59.2741 -351.387 177.431 -199.458
internal_weight=217 117 88 100 73 43 68 42
internal_count=217 117 88 100 73 43 68 42
is_linear=0
shrinkage=0.04


Tree=379
num_leaves=6
num_cat=0
split_feature=0 1 3 8 1
split_gain=4.33874e+09 1.3183e+10 5.22327e+09 6.44617e+09 7.45901e+09
threshold=3505.0000000000005 855174.75000000012 254.57400932400938 1.0000000180025095e-35 697870.61403508787
decision_type=2 2 2 2 2
left_child=1 2 -1 4 -4
right_child=-2 -3 3 -5 -6
leaf_value=579.77039048826134 480.16014393203301 -815.04503465346613 377.31920549977258 -574.58522961892027 -229.04797742300289
leaf_weight=23 22 27 66 23 56
leaf_count=23 22 27 66 23 56
internal_value=-0.319845 -64.2206 74.7211 -20.5618 100.755
internal_weight=217 195 168 145 122
internal_count=217 195 168 145 122
is_linear=0
shrinkage=0.04


Tree=380
num_leaves=7
num_cat=0
split_feature=0 0 5 4 3 17
split_gain=4.09239e+09 3.94059e+09 6.68943e+09 8.28287e+09 2.95083e+09 3.79166e+09
threshold=3112.5000000000005 2381.3350000000005 1.5000000000000002 173.03671328671331 751.98368298368302 1.0000000180025095e-35
decision_type=2 2 2 2 2 2
left_child=1 2 4 -4 5 -1
right_child=-2 -3 3 -5 -6 -7
leaf_value=-200.68350980063602 -415.48606659173464 456.61168721395137 166.14233836158002 -850.55791284175882 495.73280317427634 298.18218831176972
leaf_weight=48 28 30 21 24 25 41
leaf_count=48 28 30 21 24 25 41
internal_value=-0.455796 69.3354 -14.3845 -404.357 149.144 32.4497
internal_weight=217 189 159 45 114 89
internal_count=217 189 159 45 114 89
is_linear=0
shrinkage=0.04


Tree=381
num_leaves=8
num_cat=0
split_feature=0 11 1 1 0 0 1
split_gain=4.3029e+09 1.26084e+10 2.50803e+10 1.52711e+10 3.31855e+10 9.11617e+09 3.73394e+09
threshold=3505.0000000000005 1.0000000180025095e-35 787125.00000000012 659677.69736842124 1490.2500000000002 1188.5000000000002 697870.61403508787
decision_type=2 2 2 2 2 2 2
left_child=1 3 5 -1 -5 -3 -7
right_child=-2 2 -4 4 -6 6 -8
leaf_value=-335.90292213774615 478.01590678549309 -655.69742238143203 -1434.2900780664434 -225.14864995640463 1590.783345013047 531.76434281831655 -89.493152342903372
leaf_weight=39 22 20 22 32 26 30 26
leaf_count=39 22 20 22 32 26 30 26
internal_value=-0.478584 -64.1117 -375.694 253.406 645.284 -5.67336 258.245
internal_weight=217 195 98 97 58 76 56
internal_count=217 195 98 97 58 76 56
is_linear=0
shrinkage=0.04


Tree=382
num_leaves=8
num_cat=0
split_feature=3 1 2 4 0 2 0
split_gain=4.25104e+09 7.26081e+09 1.39502e+10 6.00379e+09 5.53576e+09 4.88973e+09 4.13232e+09
threshold=1061.0000000000002 554269.08076923084 41923.490000000013 147.40186915887855 1503.0000000000002 25977.695000000003 2785.5000000000005
decision_type=2 2 2 2 2 2 2
left_child=1 3 4 -1 5 -3 -4
right_child=-2 2 6 -5 -6 -7 -8
leaf_value=-800.32417165659069 -416.13888043961714 -81.187755977550566 284.23119796380394 111.40618448656387 -409.09051928708016 607.69242296624736 1108.6874074079747
leaf_weight=20 29 44 22 20 39 21 22
leaf_count=20 29 44 22 20 39 21 22
internal_value=-0.574197 71.8309 201.5 -379.575 -57.4173 166.521 761.609
internal_weight=217 188 148 40 104 65 44
internal_count=217 188 148 40 104 65 44
is_linear=0
shrinkage=0.04


Tree=383
num_leaves=7
num_cat=0
split_feature=0 11 1 0 5 2
split_gain=4.30985e+09 3.52582e+09 1.35015e+10 3.19348e+10 9.35114e+09 3.57752e+09
threshold=3112.5000000000005 1.0000000180025095e-35 659677.69736842124 1490.2500000000002 1.5000000000000002 35319.730000000003
decision_type=2 2 2 2 2 2
left_child=1 2 -1 -4 5 -3
right_child=-2 4 3 -5 -6 -7
leaf_value=-312.63281192059389 -426.13797646312923 459.03512276694556 -222.0922202223575 1591.3775702221367 -550.92968853296986 -155.52134917879206
leaf_weight=39 28 34 32 24 38 22
leaf_count=39 28 34 32 24 38 22
internal_value=-0.218988 71.3974 238.007 616.174 -100.193 224.046
internal_weight=217 189 95 56 94 56
internal_count=217 189 95 56 94 56
is_linear=0
shrinkage=0.04


Tree=384
num_leaves=9
num_cat=0
split_feature=2 1 0 1 0 2 2 2
split_gain=4.49196e+09 1.27997e+10 9.31736e+09 9.10203e+09 7.455e+09 7.2475e+09 4.71759e+09 3.23808e+09
threshold=42300.020000000011 763097.37500000012 1503.0000000000002 829324.87500000012 1076.5000000000002 48153.595000000008 36944.270000000011 23601.090000000004
decision_type=2 2 2 2 2 2 2 2
left_child=1 2 4 5 7 -2 -3 -1
right_child=3 6 -4 -5 -6 -7 -8 -9
leaf_value=147.04084049342168 563.36616034277438 203.49892345805628 -589.36103487942125 -888.58031443508912 658.84746047737883 -391.20795317837286 1008.1479188486787 -485.90481810246382
leaf_weight=24 20 26 39 20 24 22 22 20
leaf_count=24 20 26 39 20 24 22 22 20
internal_value=0.103847 115.249 -130.76 -275.98 152.689 73.9667 627.55 -159.202
internal_weight=217 155 107 62 68 42 48 44
internal_count=217 155 107 62 68 42 48 44
is_linear=0
shrinkage=0.04


Tree=385
num_leaves=8
num_cat=0
split_feature=2 1 3 0 0 2 2
split_gain=4.20681e+09 1.19464e+10 8.89382e+09 8.66573e+09 6.96658e+09 4.41279e+09 3.0288e+09
threshold=42300.020000000011 763097.37500000012 892.6025641025642 1503.0000000000002 1076.5000000000002 36944.270000000011 23601.090000000004
decision_type=2 2 2 2 2 2 2
left_child=1 3 -2 4 6 -3 -1
right_child=2 5 -4 -5 -6 -7 -8
leaf_value=142.09492999858881 -756.12021215595405 196.56920462950916 153.99534094558425 -568.24506925383514 636.68629410290134 974.72114368577593 -470.06483626295392
leaf_weight=24 27 26 35 39 24 22 20
leaf_count=24 27 26 35 39 24 22 20
internal_value=0.284853 111.712 -266.896 -125.968 147.383 606.637 -154.102
internal_weight=217 155 62 107 68 48 44
internal_count=217 155 62 107 68 48 44
is_linear=0
shrinkage=0.04


Tree=386
num_leaves=9
num_cat=0
split_feature=4 1 2 1 2 2 1 2
split_gain=4.13732e+09 1.45517e+10 1.37938e+10 9.63049e+09 1.13273e+10 9.22217e+09 3.9013e+09 2.74473e+09
threshold=212.43006993006995 787125.00000000012 40812.810000000005 829324.87500000012 41923.490000000013 26733.170000000002 606448.75000000012 35319.730000000003
decision_type=2 2 2 2 2 2 2 2
left_child=1 2 5 4 7 6 -1 -2
right_child=3 -3 -4 -5 -6 -7 -8 -9
leaf_value=180.87460473156636 -9.1213011288014929 868.9712611234113 -921.54423913144387 -768.44118948211224 598.93455792197221 708.86618517660918 -526.55283786795178 -628.43158109923945
leaf_weight=21 21 29 20 27 31 26 21 21
leaf_count=21 21 29 20 27 31 26 21 21
internal_value=0.527315 159.214 -105.844 -183.987 64.5211 176.734 -189.702 -349.877
internal_weight=217 117 88 100 73 68 42 42
internal_count=217 117 88 100 73 68 42 42
is_linear=0
shrinkage=0.04


Tree=387
num_leaves=6
num_cat=0
split_feature=0 1 3 8 1
split_gain=4.14927e+09 1.29474e+10 4.8809e+09 6.44987e+09 7.31894e+09
threshold=3505.0000000000005 855174.75000000012 254.57400932400938 1.0000000180025095e-35 697870.61403508787
decision_type=2 2 2 2 2
left_child=1 2 -1 4 -4
right_child=-2 -3 3 -5 -6
leaf_value=563.46657225756132 469.96268436836999 -806.50071931360333 378.15702364861176 -571.204117139657 -222.59283935102141
leaf_weight=23 22 27 66 23 56
leaf_count=23 22 27 66 23 56
internal_value=0.0992416 -62.399 75.2659 -16.9306 104.311
internal_weight=217 195 168 145 122
internal_count=217 195 168 145 122
is_linear=0
shrinkage=0.04


Tree=388
num_leaves=8
num_cat=0
split_feature=0 2 5 0 1 17 5
split_gain=3.9591e+09 3.57311e+09 7.1474e+09 6.83039e+09 5.29969e+09 4.19559e+09 4.01022e+09
threshold=3112.5000000000005 42300.020000000011 1.5000000000000002 1939.0000000000002 606448.75000000012 1.0000000180025095e-35 1.0000000180025095e-35
decision_type=2 2 2 2 2 2 2
left_child=1 2 4 -3 6 -6 -1
right_child=-2 3 -4 -5 5 -7 -8
leaf_value=705.77918243089005 -408.28252986260696 -170.11682382965338 -571.07094965566137 713.83603764818793 -430.39160695204561 171.25850282387003 -18.717929137498583
leaf_weight=26 28 22 27 28 31 35 20
leaf_count=26 28 22 27 28 31 35 20
internal_value=-0.0594495 68.5779 -37.9061 343.114 107.867 -120.848 417.399
internal_weight=217 189 139 50 112 66 46
internal_count=217 189 139 50 112 66 46
is_linear=0
shrinkage=0.04


Tree=389
num_leaves=6
num_cat=0
split_feature=0 1 3 8 1
split_gain=4.11603e+09 1.19751e+10 4.51531e+09 5.94335e+09 6.71864e+09
threshold=3505.0000000000005 855174.75000000012 254.57400932400938 1.0000000180025095e-35 697870.61403508787
decision_type=2 2 2 2 2
left_child=1 2 -1 4 -4
right_child=-2 -3 3 -5 -6
leaf_value=539.71564028771763 467.91746539419989 -777.8966279637267 360.40573258246667 -550.47616826809963 -215.13502477542053
leaf_weight=23 22 27 66 23 56
leaf_count=23 22 27 66 23 56
internal_value=-0.0633978 -62.3075 70.1428 -18.4675 97.9831
internal_weight=217 195 168 145 122
internal_count=217 195 168 145 122
is_linear=0
shrinkage=0.04


Tree=390
num_leaves=8
num_cat=0
split_feature=1 0 1 1 3 1 2
split_gain=4.13952e+09 2.27544e+10 4.55232e+09 1.53372e+10 8.88197e+09 8.16738e+09 3.12192e+09
threshold=855174.75000000012 2927.0000000000005 659677.69736842124 577970.68333333347 422.33815609677686 483894.81907894742 42300.020000000011
decision_type=2 2 2 2 2 2 2
left_child=1 2 3 5 -4 -1 -6
right_child=-2 -3 4 -5 6 -7 -8
leaf_value=-194.14597915180951 360.55403929698076 -1190.264408722727 801.77611352063184 -897.15190158446978 -255.71252905163388 751.87972644737647 305.1189422354758
leaf_weight=28 37 21 29 23 33 23 23
leaf_count=28 37 21 29 23 33 23 23
internal_value=-0.204731 -81.4076 94.0263 -131.378 286.972 259.083 -19.7626
internal_weight=217 180 159 74 85 51 56
internal_count=217 180 159 74 85 51 56
is_linear=0
shrinkage=0.04


Tree=391
num_leaves=8
num_cat=0
split_feature=0 11 1 1 0 0 1
split_gain=4.13301e+09 1.16728e+10 2.33567e+10 1.44514e+10 2.9459e+10 9.5383e+09 3.4508e+09
threshold=3505.0000000000005 1.0000000180025095e-35 787125.00000000012 659677.69736842124 1490.2500000000002 1188.5000000000002 697870.61403508787
decision_type=2 2 2 2 2 2 2
left_child=1 3 5 -1 -5 -3 -7
right_child=-2 2 -4 4 -6 6 -8
leaf_value=-330.2971544800933 468.49554875293097 -670.43643877964689 -1384.1726535015489 -197.83287050598693 1514.5750192040973 527.0903486405615 -71.954078768858253
leaf_weight=39 22 20 22 32 26 30 26
leaf_count=39 22 20 22 32 26 30 26
internal_value=-0.457177 -62.8216 -362.6 242.719 624.029 -5.51808 264.426
internal_weight=217 195 98 97 58 76 56
internal_count=217 195 98 97 58 76 56
is_linear=0
shrinkage=0.04


Tree=392
num_leaves=8
num_cat=0
split_feature=2 1 2 0 0 2 2
split_gain=4.50132e+09 1.26797e+10 8.48658e+09 7.77092e+09 6.48521e+09 4.16821e+09 2.82203e+09
threshold=42300.020000000011 763097.37500000012 48724.750000000007 1503.0000000000002 1076.5000000000002 36944.270000000011 23601.090000000004
decision_type=2 2 2 2 2 2 2
left_child=1 3 -2 4 6 -3 -1
right_child=2 5 -4 -5 -6 -7 -8
leaf_value=126.72728466803592 -677.28206070693454 219.45825579114148 208.68646938301001 -548.72796290019596 601.7795764576349 983.96915722242284 -465.14765879746113
leaf_weight=24 33 26 29 39 24 22 20
leaf_count=24 33 26 29 39 24 22 20
internal_value=-0.557386 114.721 -276.915 -130.131 129.266 624.613 -160.652
internal_weight=217 155 62 107 68 48 44
internal_count=217 155 62 107 68 48 44
is_linear=0
shrinkage=0.04


Tree=393
num_leaves=8
num_cat=0
split_feature=3 1 2 4 0 2 0
split_gain=4.29724e+09 7.46067e+09 1.34116e+10 5.73285e+09 4.6847e+09 4.95363e+09 3.92866e+09
threshold=1061.0000000000002 554269.08076923084 41923.490000000013 147.40186915887855 1503.0000000000002 25977.695000000003 2785.5000000000005
decision_type=2 2 2 2 2 2 2
left_child=1 3 4 -1 5 -3 -4
right_child=-2 2 6 -5 -6 -7 -8
leaf_value=-795.79315545103952 -417.99176611974565 -92.536484064564078 285.30395713727199 97.125083370774959 -373.65316599003734 600.13044675451079 1092.2708693957236
leaf_weight=20 29 44 22 20 39 21 22
leaf_count=20 29 44 22 20 39 21 22
internal_value=-0.166603 72.6226 204.067 -384.947 -50.0564 155.822 753.219
internal_weight=217 188 148 40 104 65 44
internal_count=217 188 148 40 104 65 44
is_linear=0
shrinkage=0.04


Tree=394
num_leaves=8
num_cat=0
split_feature=2 1 0 1 1 2 0
split_gain=4.26636e+09 1.16275e+10 8.59066e+09 7.4399e+09 5.87808e+09 1.50685e+10 3.81741e+09
threshold=42300.020000000011 763097.37500000012 2452.0000000000005 732355.23214285728 419467.18750000006 26733.170000000002 1515.0000000000002
decision_type=2 2 2 2 2 2 2
left_child=1 3 -2 4 -1 -6 -3
right_child=2 6 -4 -5 5 -7 -8
leaf_value=-487.92892771513812 134.19288764225772 161.02147689221502 -763.99763533120063 -737.57098325237837 -438.03170668119992 705.09817856540189 893.34576034300801
leaf_weight=20 36 22 26 20 28 39 26
leaf_count=20 36 22 26 20 28 39 26
internal_value=0.163777 112.379 -268.899 -122.179 48.8581 229.892 600.62
internal_weight=217 155 62 107 87 67 48
internal_count=217 155 62 107 87 67 48
is_linear=0
shrinkage=0.04


Tree=395
num_leaves=9
num_cat=0
split_feature=2 1 1 0 2 0 2 2
split_gain=3.97125e+09 1.08777e+10 8.416e+09 7.53462e+09 6.92551e+09 6.03593e+09 3.58269e+09 3.00629e+09
threshold=42300.020000000011 763097.37500000012 829324.87500000012 1503.0000000000002 48153.595000000008 1076.5000000000002 36944.270000000011 23601.090000000004
decision_type=2 2 2 2 2 2 2 2
left_child=1 3 4 5 -2 7 -3 -1
right_child=2 6 -4 -5 -6 -7 -8 -9
leaf_value=149.55310758640007 554.25750131409927 204.39665089545107 -849.0052526048089 -531.22703406313258 -378.96953991193305 591.58716010085163 913.45861353948919 -459.62877279291428
leaf_weight=24 20 26 20 39 22 24 22 20
leaf_count=24 20 26 20 39 22 24 22 20
internal_value=-0.280487 107.993 -259.862 -118.853 76.143 136.104 580.24 -144.441
internal_weight=217 155 62 107 42 68 48 44
internal_count=217 155 62 107 42 68 48 44
is_linear=0
shrinkage=0.04


Tree=396
num_leaves=9
num_cat=0
split_feature=4 1 2 1 4 1 2 1
split_gain=3.95328e+09 1.39954e+10 1.22984e+10 9.59322e+09 1.10472e+10 9.71679e+09 8.28966e+09 3.77371e+09
threshold=212.43006993006995 787125.00000000012 40812.810000000005 829324.87500000012 402.38927738927742 714897.0238095239 27598.525000000005 606448.75000000012
decision_type=2 2 2 2 2 2 2 2
left_child=1 2 6 4 5 -2 7 -1
right_child=3 -3 -4 -5 -6 -7 -8 -9
leaf_value=177.13589050224473 -868.22720979073119 851.09497337006644 -874.9449184110091 -763.81936970513436 608.38297055894702 240.64895695349489 681.10859932584776 -511.14845390196257
leaf_weight=22 21 29 20 27 30 22 25 21
leaf_count=22 21 29 20 27 30 22 25 21
internal_value=-0.109862 155.02 -104.874 -180.461 67.3948 -332.097 162.207 -175.718
internal_weight=217 117 88 100 73 43 68 43
internal_count=217 117 88 100 73 43 68 43
is_linear=0
shrinkage=0.04


Tree=397
num_leaves=6
num_cat=0
split_feature=0 1 2 1 2
split_gain=3.81451e+09 1.18936e+10 4.25688e+09 8.49163e+09 6.92394e+09
threshold=3505.0000000000005 855174.75000000012 44450.67500000001 419467.18750000006 27598.525000000005
decision_type=2 2 2 2 2
left_child=1 2 3 -1 -5
right_child=-2 -3 -4 4 -6
leaf_value=-493.48644305464734 450.04000864241249 -773.56298297923138 -344.29327133653851 -69.453708657111093 540.61218220020453
leaf_weight=22 22 27 28 48 70
leaf_count=22 22 27 28 48 70
internal_value=-0.482396 -60.3949 71.5626 162.937 299.072
internal_weight=217 195 168 140 118
internal_count=217 195 168 140 118
is_linear=0
shrinkage=0.04


Tree=398
num_leaves=6
num_cat=0
split_feature=0 3 1 0 1
split_gain=3.95352e+09 3.9524e+09 1.09893e+10 9.49144e+09 1.61946e+10
threshold=3112.5000000000005 892.6025641025642 829324.87500000012 2262.5000000000005 659677.69736842124
decision_type=2 2 2 2 2
left_child=1 2 3 4 -1
right_child=-2 -3 -4 -5 -6
leaf_value=-481.92442276654765 -408.94496429320071 403.1914600961627 -724.40122399388417 821.70669663247259 477.96415910859128
leaf_weight=56 28 39 25 21 48
leaf_count=56 28 39 25 21 48
internal_value=-1.02891 67.5796 -28.9621 130.642 -37.4373
internal_weight=217 189 150 125 104
internal_count=217 189 150 125 104
is_linear=0
shrinkage=0.04


Tree=399
num_leaves=9
num_cat=0
split_feature=4 1 0 2 1 4 1 1
split_gain=3.90214e+09 1.36142e+10 1.19314e+10 9.12977e+09 8.12578e+09 1.04883e+10 8.72906e+09 3.95233e+09
threshold=212.43006993006995 787125.00000000012 1503.0000000000002 27598.525000000005 829324.87500000012 402.38927738927742 714897.0238095239 606448.75000000012
decision_type=2 2 2 2 2 2 2 2
left_child=1 2 3 7 5 6 -2 -1
right_child=4 -3 -4 -5 -6 -7 -8 -9
leaf_value=206.51233446791667 -846.67926339814198 839.74782118431222 -786.3216804760516 771.58904762379973 -716.82527989193466 576.72124952016259 206.7697631440027 -503.26291562574312
leaf_weight=21 21 29 24 22 27 30 22 21
leaf_count=21 21 29 24 22 27 30 22 21
internal_value=-0.915941 153.223 -103.121 188.199 -180.081 48.7924 -339.435 -162.851
internal_weight=217 117 88 64 100 73 43 42
internal_count=217 117 88 64 100 73 43 42
is_linear=0
shrinkage=0.04


Tree=400
num_leaves=8
num_cat=0
split_feature=0 11 1 0 2 4 0
split_gain=3.95173e+09 1.14328e+10 2.27405e+10 1.2863e+10 1.10307e+10 8.09922e+09 6.36738e+09
threshold=3505.0000000000005 1.0000000180025095e-35 787125.00000000012 1490.2500000000002 24266.135000000006 212.43006993006995 2262.5000000000005
decision_type=2 2 2 2 2 2 2
left_child=1 3 5 4 -1 -3 -7
right_child=-2 2 -4 -5 -6 6 -8
leaf_value=523.03372140668068 457.48029919721057 -555.31268811916812 -1366.7454248085974 804.90420878594784 -501.3305818089845 -88.622036102677271 756.96407632580986
leaf_weight=23 22 24 22 35 39 32 20
leaf_count=23 22 24 22 35 39 32 20
internal_value=-1.08569 -62.0543 -358.738 240.326 -111.564 -6.34338 271.275
internal_weight=217 195 98 97 62 76 52
internal_count=217 195 98 97 62 76 52
is_linear=0
shrinkage=0.04


Tree=401
num_leaves=8
num_cat=0
split_feature=2 1 3 0 0 2 2
split_gain=3.92431e+09 1.0839e+10 8.41283e+09 7.595e+09 5.80827e+09 3.64004e+09 3.24409e+09
threshold=42300.020000000011 763097.37500000012 892.6025641025642 1503.0000000000002 1076.5000000000002 36944.270000000011 23601.090000000004
decision_type=2 2 2 2 2 2 2
left_child=1 3 -2 4 6 -3 -1
right_child=2 5 -4 -5 -6 -7 -8
leaf_value=164.92773360298995 -734.86952164221384 200.5139888278359 150.2557782044897 -533.78668145625261 582.95256140637866 913.59458709467992 -467.10777182705704
leaf_weight=24 27 26 35 39 24 22 20
leaf_count=24 27 26 35 39 24 22 20
internal_value=-1.01735 106.629 -259.045 -119.773 136.225 578.052 -139.182
internal_weight=217 155 62 107 68 48 44
internal_count=217 155 62 107 68 48 44
is_linear=0
shrinkage=0.04


Tree=402
num_leaves=8
num_cat=0
split_feature=3 1 2 4 0 0 2
split_gain=3.81053e+09 6.33734e+09 1.2845e+10 5.30301e+09 4.88277e+09 4.15951e+09 4.06098e+09
threshold=1061.0000000000002 554269.08076923084 41923.490000000013 147.40186915887855 1503.0000000000002 2785.5000000000005 25977.695000000003
decision_type=2 2 2 2 2 2 2
left_child=1 3 4 -1 6 -4 -3
right_child=-2 2 5 -5 -6 -7 -8
leaf_value=-749.43901892741565 -394.19076202721851 -74.474213029173072 256.0535516007406 107.04198017755806 -389.46447827384247 1072.5256991645056 553.28659398678349
leaf_weight=20 29 44 22 20 39 22 21
leaf_count=20 29 44 22 20 39 22 21
internal_value=-0.750011 67.8052 188.934 -353.943 -59.3442 726.43 151.225
internal_weight=217 188 148 40 104 44 65
internal_count=217 188 148 40 104 44 65
is_linear=0
shrinkage=0.04


Tree=403
num_leaves=6
num_cat=0
split_feature=0 3 1 0 1
split_gain=3.9726e+09 3.40597e+09 1.01984e+10 8.53469e+09 1.46496e+10
threshold=3112.5000000000005 892.6025641025642 829324.87500000012 2262.5000000000005 659677.69736842124
decision_type=2 2 2 2 2
left_child=1 2 3 4 -1
right_child=-2 -3 -4 -5 -6
leaf_value=-450.6298659737152 -409.31903294392464 379.86823916601242 -691.52098457940292 787.39280365590878 462.27879866501877
leaf_weight=56 28 39 25 21 48
leaf_count=56 28 39 25 21 48
internal_value=-0.407366 68.3539 -21.4212 132.14 -27.5749
internal_weight=217 189 150 125 104
internal_count=217 189 150 125 104
is_linear=0
shrinkage=0.04


Tree=404
num_leaves=8
num_cat=0
split_feature=2 1 2 1 0 1 0
split_gain=3.93967e+09 1.01626e+10 8.1779e+09 7.69374e+09 1.02429e+10 1.88949e+10 3.3017e+09
threshold=42300.020000000011 763097.37500000012 48724.750000000007 697870.61403508787 1490.2500000000002 577970.68333333347 1515.0000000000002
decision_type=2 2 2 2 2 2 2
left_child=1 3 -2 4 5 -1 -3
right_child=2 6 -4 -5 -6 -7 -8
leaf_value=403.84474616048357 -652.27158401660654 153.98338221364048 216.48604042236897 -598.78483202574068 676.20785136398104 -1062.2455693755776 836.34409058579809
leaf_weight=29 33 22 29 31 27 20 26
leaf_count=29 33 22 29 31 27 20 26
internal_value=-0.327047 107.516 -258.874 -111.853 109.324 -233.897 563.931
internal_weight=217 155 62 107 76 49 48
internal_count=217 155 62 107 76 49 48
is_linear=0
shrinkage=0.04


Tree=405
num_leaves=9
num_cat=0
split_feature=4 1 2 1 2 2 1 2
split_gain=4.05256e+09 1.20602e+10 1.18722e+10 7.58623e+09 1.01356e+10 7.01493e+09 3.73235e+09 2.69717e+09
threshold=212.43006993006995 787125.00000000012 40812.810000000005 829324.87500000012 41923.490000000013 27598.525000000005 606448.75000000012 35319.730000000003
decision_type=2 2 2 2 2 2 2 2
left_child=1 2 5 4 7 6 -1 -2
right_child=3 -3 -4 -5 -6 -7 -8 -9
leaf_value=209.65073697192994 -13.224966097986263 802.71630095332807 -842.24590322580468 -701.4769213886118 545.30928682708907 652.93767551035103 -472.08135958810976 -628.08740564826553
leaf_weight=22 21 29 20 27 31 25 21 21
leaf_count=22 21 29 20 27 31 25 21 21
internal_value=-0.335657 156.734 -85.0876 -182.933 38.7037 176.387 -136.578 -351.94
internal_weight=217 117 88 100 73 68 43 42
internal_count=217 117 88 100 73 68 43 42
is_linear=0
shrinkage=0.04


Tree=406
num_leaves=6
num_cat=0
split_feature=0 1 3 8 1
split_gain=3.80812e+09 1.08696e+10 4.80664e+09 5.51864e+09 7.62539e+09
threshold=3505.0000000000005 855174.75000000012 254.57400932400938 1.0000000180025095e-35 697870.61403508787
decision_type=2 2 2 2 2
left_child=1 2 -1 4 -4
right_child=-2 -3 3 -5 -6
leaf_value=550.19817013821114 449.46077948872642 -742.29156557945146 366.90010869144669 -538.02000967381309 -245.88222215977646
leaf_weight=23 22 27 66 23 56
leaf_count=23 22 27 66 23 56
internal_value=-0.68828 -60.5464 65.6709 -25.5578 86.893
internal_weight=217 195 168 145 122
internal_count=217 195 168 145 122
is_linear=0
shrinkage=0.04


Tree=407
num_leaves=7
num_cat=0
split_feature=1 0 3 1 2 3
split_gain=3.8566e+09 2.03111e+10 4.10198e+09 6.80786e+09 1.19745e+10 1.15067e+10
threshold=855174.75000000012 2927.0000000000005 254.57400932400938 659677.69736842124 31267.480000000003 615.63636363636374
decision_type=2 2 2 2 2 2
left_child=1 2 -1 5 -5 -4
right_child=-2 -3 3 4 -6 -7
leaf_value=531.81873679876253 347.4328111941108 -1126.7623258279064 -658.33561618109889 965.0331433230815 -92.334988117850756 383.12264984758775
leaf_weight=23 37 21 42 21 50 23
leaf_count=23 37 21 42 21 50 23
internal_value=-0.791624 -79.1585 86.6469 -3.38941 259.616 -288.866
internal_weight=217 180 159 136 71 65
internal_count=217 180 159 136 71 65
is_linear=0
shrinkage=0.04


Tree=408
num_leaves=6
num_cat=0
split_feature=0 1 2 1 2
split_gain=3.8086e+09 1.04496e+10 4.22455e+09 7.5457e+09 6.32955e+09
threshold=3505.0000000000005 855174.75000000012 44450.67500000001 419467.18750000006 27598.525000000005
decision_type=2 2 2 2 2
left_child=1 2 3 -1 -5
right_child=-2 -3 -4 4 -6
leaf_value=-464.21548422319188 449.69981424614133 -728.77098305974391 -350.4910993892849 -69.183231573858691 513.90098915557951
leaf_weight=22 22 27 28 48 70
leaf_count=22 22 27 28 48 70
internal_value=-0.47305 -60.3392 63.4389 154.635 282.939
internal_weight=217 195 168 140 118
internal_count=217 195 168 140 118
is_linear=0
shrinkage=0.04


Tree=409
num_leaves=7
num_cat=0
split_feature=1 0 3 1 2 3
split_gain=3.9106e+09 1.92528e+10 3.92502e+09 6.1857e+09 1.13989e+10 1.06555e+10
threshold=855174.75000000012 2927.0000000000005 254.57400932400938 659677.69736842124 31267.480000000003 615.63636363636374
decision_type=2 2 2 2 2 2
left_child=1 2 -1 5 -5 -4
right_child=-2 -3 3 4 -6 -7
leaf_value=517.07347070585024 349.67135327205392 -1099.8063783607381 -633.91707508993227 932.83022567966282 -98.284615627510462 368.30968561360839
leaf_weight=23 37 21 42 21 50 23
leaf_count=23 37 21 42 21 50 23
internal_value=-0.98624 -79.8961 81.6048 -6.36709 244.433 -278.39
internal_weight=217 180 159 136 71 65
internal_count=217 180 159 136 71 65
is_linear=0
shrinkage=0.04


Tree=410
num_leaves=8
num_cat=0
split_feature=0 11 1 0 2 0 1
split_gain=3.80698e+09 1.07667e+10 2.17897e+10 1.24551e+10 1.06929e+10 7.98203e+09 4.42824e+09
threshold=3505.0000000000005 1.0000000180025095e-35 787125.00000000012 1490.2500000000002 24266.135000000006 1188.5000000000002 697870.61403508787
decision_type=2 2 2 2 2 2 2
left_child=1 3 5 4 -1 -3 -7
right_child=-2 2 -4 -5 -6 6 -8
leaf_value=511.94428477757197 449.40981847354578 -611.96647371145298 -1335.1354685248414 788.53072114718395 -496.70424027418164 541.94485627970198 -130.76206030867377
leaf_weight=23 22 20 22 35 39 30 26
leaf_count=23 22 20 22 35 39 30 26
internal_value=-0.67145 -60.5209 -348.426 232.926 -113.127 -3.63156 243.234
internal_weight=217 195 98 97 62 76 56
internal_count=217 195 98 97 62 76 56
is_linear=0
shrinkage=0.04


Tree=411
num_leaves=8
num_cat=0
split_feature=3 1 0 1 0 0 4
split_gain=3.73602e+09 5.60844e+09 1.26142e+10 1.49781e+10 4.10239e+10 2.91691e+10 5.13879e+09
threshold=1061.0000000000002 554269.08076923084 3047.5000000000005 732355.23214285728 1673.0000000000002 1725.0000000000002 147.40186915887855
decision_type=2 2 2 2 2 2 2
left_child=1 6 3 4 -3 -5 -1
right_child=-2 2 -4 5 -6 -7 -8
leaf_value=-719.64675975255886 -390.44882071675966 -299.65685366139394 992.03979047771111 214.84110591487433 1707.8518912167065 -1473.3566235059789 120.95792403274585
leaf_weight=20 29 42 21 43 21 21 20
leaf_count=20 29 42 21 43 21 21 20
internal_value=-0.876385 67.008 180.896 17.1553 439.342 -400.008 -329.861
internal_weight=217 188 148 127 63 64 40
internal_count=217 188 148 127 63 64 40
is_linear=0
shrinkage=0.04


Tree=412
num_leaves=8
num_cat=0
split_feature=0 0 5 4 0 2 0
split_gain=3.95019e+09 3.33945e+09 5.76776e+09 7.21555e+09 3.10856e+09 3.90674e+09 2.78836e+09
threshold=3112.5000000000005 2381.3350000000005 1.5000000000000002 173.03671328671331 1428.5000000000002 37676.505000000012 970.00000000000011
decision_type=2 2 2 2 2 2 2
left_child=1 2 4 -4 6 -6 -1
right_child=-2 -3 3 -5 5 -7 -8
leaf_value=42.115589249341191 -408.46662765761869 424.35852436387768 160.06957927910869 -788.15153619433659 -462.27759808595999 227.49661141324484 537.50073521163245
leaf_weight=36 28 30 21 24 21 23 34
leaf_count=36 28 30 21 24 21 23 34
internal_value=-0.71623 67.8571 -9.32199 -371.535 142.412 -114.161 300.816
internal_weight=217 189 159 45 114 44 70
internal_count=217 189 159 45 114 44 70
is_linear=0
shrinkage=0.04


end of trees

feature_importances:
property_size=895
location=702
renovation_cost=312
sqft_renovated=294
sqft_to_add=179
material_grade=164
reno_other_custom=55
reno_living_room=46
reno_bathroom=45
reno_kitchen=20
reno_bedroom=18
unit_type_other/custom=7

parameters:
[boosting: gbdt]
[objective: regression]
[metric: l2]
[tree_learner: serial]
[device_type: cpu]
[data_sample_strategy: bagging]
[data: ]
[valid: ]
[num_iterations: 413]
[learning_rate: 0.04]
[num_leaves: 31]
[num_threads: 8]
[seed: 42]
[deterministic: 0]
[force_col_wise: 0]
[force_row_wise: 0]
[histogram_pool_size: -1]
[max_depth: 5]
[min_data_in_leaf: 20]
[min_sum_hessian_in_leaf: 0.001]
[bagging_fraction: 1]
[pos_bagging_fraction: 1]
[neg_bagging_fraction: 1]
[bagging_freq: 0]
[bagging_seed: 400]
[bagging_by_query: 0]
[feature_fraction: 1]
[feature_fraction_bynode: 1]
[feature_fraction_seed: 30056]
[extra_trees: 0]
[extra_seed: 12879]
[early_stopping_round: 0]
[early_stopping_min_delta: 0]
[first_metric_only: 0]
[max_delta_step: 0]
[lambda_l1: 0]
[lambda_l2: 4.54066]
[linear_lambda: 0]
[min_gain_to_split: 0]
[drop_rate: 0.1]
[max_drop: 50]
[skip_drop: 0.5]
[xgboost_dart_mode: 0]
[uniform_drop: 0]
[drop_seed: 17869]
[top_rate: 0.2]
[other_rate: 0.1]
[min_data_per_group: 100]
[max_cat_threshold: 32]
[cat_l2: 10]
[cat_smooth: 10]
[max_cat_to_onehot: 4]
[top_k: 20]
[monotone_constraints: ]
[monotone_constraints_method: basic]
[monotone_penalty: 0]
[feature_contri: ]
[forcedsplits_filename: ]
[refit_decay_rate: 0.9]
[cegb_tradeoff: 1]
[cegb_penalty_split: 0]
[cegb_penalty_feature_lazy: ]
[cegb_penalty_feature_coupled: ]
[path_smooth: 0]
[interaction_constraints: ]
[verbosity: 1]
[saved_feature_importance_type: 0]
[use_quantized_grad: 0]
[num_grad_quant_bins: 4]
[quant_train_renew_leaf: 0]
[stochastic_rounding: 1]
[linear_tree: 0]
[max_bin: 255]
[max_bin_by_feature: ]
[min_data_in_bin: 3]
[bin_construct_sample_cnt: 200000]
[data_random_seed: 175]
[is_enable_sparse: 1]
[enable_bundle: 1]
[use_missing: 1]
[zero_as_missing: 0]
[feature_pre_filter: 1]
[pre_partition: 0]
[two_round: 0]
[header: 0]
[label_column: ]
[weight_column: ]
[group_column: ]
[ignore_column: ]
[categorical_feature: ]
[forcedbins_filename: ]
[precise_float_parser: 0]
[parser_config_file: ]
[objective_seed: 16083]
[num_class: 1]
[is_unbalance: 0]
[scale_pos_weight: 1]
[sigmoid: 1]
[boost_from_average: 1]
[reg_sqrt: 0]
[alpha: 0.9]
[fair_c: 1]
[poisson_max_delta_step: 0.7]
[tweedie_variance_power: 1.5]
[lambdarank_truncation_level: 30]
[lambdarank_norm: 1]
[label_gain: ]
[lambdarank_position_bias_regularization: 0]
[eval_at: ]
[multi_error_top_k: 1]
[auc_mu_weights: ]
[num_machines: 1]
[local_listen_port: 12400]
[time_out: 120]
[machine_list_filename: ]
[machines: ]
[gpu_platform_id: -1]
[gpu_device_id: -1]
[gpu_use_dp: 0]
[num_gpu: 1]

end of parameters

pandas_categorical:[]
